Record Length,2500,Points,-11.6000001E-6,-79.999998212E-3,,Record Length,2500,Points,-11.6000001E-6,19.9999996E-3,
Sample Interval,39.99999976E-9,s,-11.5600005E-6,-39.99999911E-3,,Sample Interval,39.99999976E-9,s,-11.5600005E-6,19.9999996E-3,
Trigger Point,290.00000444,Samples,-11.5200000E-6,-19.9999996E-3,,Trigger Point,290.00000444,Samples,-11.5200000E-6,0.0,
,,,-11.4800005E-6,-59.999998659E-3,,,,,-11.4800005E-6,19.9999996E-3,
,,,-11.4400000E-6,-39.99999911E-3,,,,,-11.4400000E-6,39.99999911E-3,
,,,-11.4000004E-6,-19.9999996E-3,,,,,-11.4000004E-6,19.9999996E-3,
Source,CH1,,-11.3599999E-6,-39.99999911E-3,,Source,CH2,,-11.3599999E-6,19.9999996E-3,
Vertical Units,Volts,,-11.3200003E-6,-39.99999911E-3,,Vertical Units,Volts,,-11.3200003E-6,0.0,
Vertical Scale,499.999988824E-3,,-11.2799999E-6,-59.999998659E-3,,Vertical Scale,499.999988824E-3,,-11.2799999E-6,19.9999996E-3,
Vertical Offset,0,,-11.2400003E-6,-59.999998659E-3,,Vertical Offset,0,,-11.2400003E-6,19.9999996E-3,
Horizontal Units,s,,-11.1999998E-6,-39.99999911E-3,,Horizontal Units,s,,-11.1999998E-6,39.99999911E-3,
Horizontal Scale,9.999999939E-6,,-11.1600002E-6,-39.99999911E-3,,Horizontal Scale,9.999999939E-6,,-11.1600002E-6,39.99999911E-3,
Pt Fmt,Y,,-11.1199997E-6,-59.999998659E-3,,Pt Fmt,Y,,-11.1199997E-6,59.999998659E-3,
Yzero,1.0400000,,-11.0800001E-6,-59.999998659E-3,,Yzero,-1.2000000,,-11.0800001E-6,19.9999996E-3,
Probe Atten,1.000000,,-11.0399997E-6,-39.99999911E-3,,Probe Atten,1.000000,,-11.0399997E-6,19.9999996E-3,
,,,-11.0000001E-6,-59.999998659E-3,,,,,-11.0000001E-6,19.9999996E-3,
Note,TBS 1104 - 2:25:13 PM   2/3/2026,,-10.9600005E-6,-19.9999996E-3,,Note,TBS 1104 - 2:25:13 PM   2/3/2026,,-10.9600005E-6,19.9999996E-3,
,,,-10.9200000E-6,-59.999998659E-3,,,,,-10.9200000E-6,19.9999996E-3,
,,,-10.8800004E-6,-39.99999911E-3,,,,,-10.8800004E-6,0.0,
,,,-10.8400000E-6,-19.9999996E-3,,,,,-10.8400000E-6,39.99999911E-3,
,,,-10.8000004E-6,-19.9999996E-3,,,,,-10.8000004E-6,39.99999911E-3,
,,,-10.7599999E-6,-19.9999996E-3,,,,,-10.7599999E-6,19.9999996E-3,
,,,-10.7200003E-6,-39.99999911E-3,,,,,-10.7200003E-6,39.99999911E-3,
,,,-10.6799998E-6,-39.99999911E-3,,,,,-10.6799998E-6,19.9999996E-3,
,,,-10.6400003E-6,-19.9999996E-3,,,,,-10.6400003E-6,39.99999911E-3,
,,,-10.5999998E-6,-39.99999911E-3,,,,,-10.5999998E-6,19.9999996E-3,
,,,-10.5600002E-6,-59.999998659E-3,,,,,-10.5600002E-6,39.99999911E-3,
,,,-10.5199997E-6,-59.999998659E-3,,,,,-10.5199997E-6,39.99999911E-3,
,,,-10.4800001E-6,-79.999998212E-3,,,,,-10.4800001E-6,19.9999996E-3,
,,,-10.4400006E-6,-39.99999911E-3,,,,,-10.4400006E-6,19.9999996E-3,
,,,-10.4000001E-6,-39.99999911E-3,,,,,-10.4000001E-6,19.9999996E-3,
,,,-10.3600005E-6,-39.99999911E-3,,,,,-10.3600005E-6,39.99999911E-3,
,,,-10.3200000E-6,-19.9999996E-3,,,,,-10.3200000E-6,39.99999911E-3,
,,,-10.2800004E-6,-59.999998659E-3,,,,,-10.2800004E-6,19.9999996E-3,
,,,-10.2399999E-6,-39.99999911E-3,,,,,-10.2399999E-6,19.9999996E-3,
,,,-10.2000004E-6,-39.99999911E-3,,,,,-10.2000004E-6,39.99999911E-3,
,,,-10.1599999E-6,-39.99999911E-3,,,,,-10.1599999E-6,19.9999996E-3,
,,,-10.1200003E-6,-59.999998659E-3,,,,,-10.1200003E-6,19.9999996E-3,
,,,-10.0799998E-6,-59.999998659E-3,,,,,-10.0799998E-6,39.99999911E-3,
,,,-10.0400002E-6,-59.999998659E-3,,,,,-10.0400002E-6,19.9999996E-3,
,,,-9.999999747E-6,-39.99999911E-3,,,,,-9.999999747E-6,0.0,
,,,-9.960000170E-6,-59.999998659E-3,,,,,-9.960000170E-6,59.999998659E-3,
,,,-9.919999684E-6,-59.999998659E-3,,,,,-9.919999684E-6,0.0,
,,,-9.880000107E-6,-39.99999911E-3,,,,,-9.880000107E-6,39.99999911E-3,
,,,-9.840000530E-6,-59.999998659E-3,,,,,-9.840000530E-6,19.9999996E-3,
,,,-9.800000043E-6,-39.99999911E-3,,,,,-9.800000043E-6,19.9999996E-3,
,,,-9.760000466E-6,-19.9999996E-3,,,,,-9.760000466E-6,19.9999996E-3,
,,,-9.719999980E-6,-59.999998659E-3,,,,,-9.719999980E-6,39.99999911E-3,
,,,-9.680000403E-6,-39.99999911E-3,,,,,-9.680000403E-6,19.9999996E-3,
,,,-9.639999917E-6,0.0,,,,,-9.639999917E-6,39.99999911E-3,
,,,-9.600000340E-6,-39.99999911E-3,,,,,-9.600000340E-6,39.99999911E-3,
,,,-9.559999853E-6,-19.9999996E-3,,,,,-9.559999853E-6,39.99999911E-3,
,,,-9.520000276E-6,-39.99999911E-3,,,,,-9.520000276E-6,59.999998659E-3,
,,,-9.479999790E-6,-19.9999996E-3,,,,,-9.479999790E-6,19.9999996E-3,
,,,-9.440000213E-6,-59.999998659E-3,,,,,-9.440000213E-6,19.9999996E-3,
,,,-9.399999726E-6,-19.9999996E-3,,,,,-9.399999726E-6,19.9999996E-3,
,,,-9.360000149E-6,-39.99999911E-3,,,,,-9.360000149E-6,59.999998659E-3,
,,,-9.320000572E-6,-39.99999911E-3,,,,,-9.320000572E-6,39.99999911E-3,
,,,-9.280000086E-6,-39.99999911E-3,,,,,-9.280000086E-6,59.999998659E-3,
,,,-9.240000509E-6,-39.99999911E-3,,,,,-9.240000509E-6,59.999998659E-3,
,,,-9.200000022E-6,-39.99999911E-3,,,,,-9.200000022E-6,39.99999911E-3,
,,,-9.160000445E-6,-19.9999996E-3,,,,,-9.160000445E-6,39.99999911E-3,
,,,-9.119999959E-6,-39.99999911E-3,,,,,-9.119999959E-6,39.99999911E-3,
,,,-9.080000382E-6,-39.99999911E-3,,,,,-9.080000382E-6,19.9999996E-3,
,,,-9.039999895E-6,-19.9999996E-3,,,,,-9.039999895E-6,39.99999911E-3,
,,,-9.000000318E-6,-39.99999911E-3,,,,,-9.000000318E-6,19.9999996E-3,
,,,-8.959999832E-6,-39.99999911E-3,,,,,-8.959999832E-6,19.9999996E-3,
,,,-8.920000255E-6,-19.9999996E-3,,,,,-8.920000255E-6,59.999998659E-3,
,,,-8.879999768E-6,-39.99999911E-3,,,,,-8.879999768E-6,19.9999996E-3,
,,,-8.840000191E-6,-19.9999996E-3,,,,,-8.840000191E-6,19.9999996E-3,
,,,-8.799999705E-6,-39.99999911E-3,,,,,-8.799999705E-6,59.999998659E-3,
,,,-8.760000128E-6,-39.99999911E-3,,,,,-8.760000128E-6,19.9999996E-3,
,,,-8.720000551E-6,-59.999998659E-3,,,,,-8.720000551E-6,39.99999911E-3,
,,,-8.680000064E-6,-59.999998659E-3,,,,,-8.680000064E-6,59.999998659E-3,
,,,-8.640000488E-6,-39.99999911E-3,,,,,-8.640000488E-6,39.99999911E-3,
,,,-8.600000001E-6,-59.999998659E-3,,,,,-8.600000001E-6,19.9999996E-3,
,,,-8.560000424E-6,-39.99999911E-3,,,,,-8.560000424E-6,19.9999996E-3,
,,,-8.519999938E-6,-39.99999911E-3,,,,,-8.519999938E-6,59.999998659E-3,
,,,-8.480000361E-6,-39.99999911E-3,,,,,-8.480000361E-6,19.9999996E-3,
,,,-8.439999874E-6,-39.99999911E-3,,,,,-8.439999874E-6,59.999998659E-3,
,,,-8.400000297E-6,-19.9999996E-3,,,,,-8.400000297E-6,39.99999911E-3,
,,,-8.359999811E-6,-39.99999911E-3,,,,,-8.359999811E-6,19.9999996E-3,
,,,-8.320000234E-6,-19.9999996E-3,,,,,-8.320000234E-6,39.99999911E-3,
,,,-8.279999747E-6,-19.9999996E-3,,,,,-8.279999747E-6,19.9999996E-3,
,,,-8.240000170E-6,-19.9999996E-3,,,,,-8.240000170E-6,39.99999911E-3,
,,,-8.199999684E-6,-19.9999996E-3,,,,,-8.199999684E-6,59.999998659E-3,
,,,-8.160000107E-6,-59.999998659E-3,,,,,-8.160000107E-6,39.99999911E-3,
,,,-8.120000530E-6,-59.999998659E-3,,,,,-8.120000530E-6,19.9999996E-3,
,,,-8.080000043E-6,-39.99999911E-3,,,,,-8.080000043E-6,39.99999911E-3,
,,,-8.040000466E-6,-39.99999911E-3,,,,,-8.040000466E-6,19.9999996E-3,
,,,-7.999999980E-6,-39.99999911E-3,,,,,-7.999999980E-6,39.99999911E-3,
,,,-7.960000403E-6,-19.9999996E-3,,,,,-7.960000403E-6,59.999998659E-3,
,,,-7.919999916E-6,-79.999998212E-3,,,,,-7.919999916E-6,39.99999911E-3,
,,,-7.880000339E-6,-19.9999996E-3,,,,,-7.880000339E-6,39.99999911E-3,
,,,-7.839999853E-6,-59.999998659E-3,,,,,-7.839999853E-6,39.99999911E-3,
,,,-7.800000276E-6,-19.9999996E-3,,,,,-7.800000276E-6,39.99999911E-3,
,,,-7.759999789E-6,-39.99999911E-3,,,,,-7.759999789E-6,39.99999911E-3,
,,,-7.720000212E-6,-39.99999911E-3,,,,,-7.720000212E-6,39.99999911E-3,
,,,-7.679999726E-6,-39.99999911E-3,,,,,-7.679999726E-6,19.9999996E-3,
,,,-7.640000149E-6,-59.999998659E-3,,,,,-7.640000149E-6,39.99999911E-3,
,,,-7.600000117E-6,-39.99999911E-3,,,,,-7.600000117E-6,39.99999911E-3,
,,,-7.560000086E-6,-19.9999996E-3,,,,,-7.560000086E-6,19.9999996E-3,
,,,-7.520000054E-6,-19.9999996E-3,,,,,-7.520000054E-6,19.9999996E-3,
,,,-7.480000022E-6,-39.99999911E-3,,,,,-7.480000022E-6,39.99999911E-3,
,,,-7.439999990E-6,-39.99999911E-3,,,,,-7.439999990E-6,39.99999911E-3,
,,,-7.399999959E-6,-59.999998659E-3,,,,,-7.399999959E-6,19.9999996E-3,
,,,-7.35999993E-6,-59.999998659E-3,,,,,-7.35999993E-6,19.9999996E-3,
,,,-7.32000035E-6,-39.99999911E-3,,,,,-7.32000035E-6,59.999998659E-3,
,,,-7.28000032E-6,-39.99999911E-3,,,,,-7.28000032E-6,19.9999996E-3,
,,,-7.24000029E-6,-39.99999911E-3,,,,,-7.24000029E-6,39.99999911E-3,
,,,-7.20000025E-6,-59.999998659E-3,,,,,-7.20000025E-6,0.0,
,,,-7.16000022E-6,-39.99999911E-3,,,,,-7.16000022E-6,59.999998659E-3,
,,,-7.12000019E-6,-39.99999911E-3,,,,,-7.12000019E-6,19.9999996E-3,
,,,-7.08000016E-6,-19.9999996E-3,,,,,-7.08000016E-6,39.99999911E-3,
,,,-7.04000013E-6,-39.99999911E-3,,,,,-7.04000013E-6,39.99999911E-3,
,,,-7.00000010E-6,-39.99999911E-3,,,,,-7.00000010E-6,19.9999996E-3,
,,,-6.96000006E-6,-39.99999911E-3,,,,,-6.96000006E-6,19.9999996E-3,
,,,-6.92000003E-6,-39.99999911E-3,,,,,-6.92000003E-6,19.9999996E-3,
,,,-6.88000000E-6,-39.99999911E-3,,,,,-6.88000000E-6,39.99999911E-3,
,,,-6.83999997E-6,-19.9999996E-3,,,,,-6.83999997E-6,19.9999996E-3,
,,,-6.79999994E-6,-19.9999996E-3,,,,,-6.79999994E-6,39.99999911E-3,
,,,-6.76000036E-6,-19.9999996E-3,,,,,-6.76000036E-6,39.99999911E-3,
,,,-6.72000033E-6,-19.9999996E-3,,,,,-6.72000033E-6,19.9999996E-3,
,,,-6.68000030E-6,-19.9999996E-3,,,,,-6.68000030E-6,0.0,
,,,-6.64000027E-6,-19.9999996E-3,,,,,-6.64000027E-6,39.99999911E-3,
,,,-6.60000023E-6,-39.99999911E-3,,,,,-6.60000023E-6,59.999998659E-3,
,,,-6.56000020E-6,-19.9999996E-3,,,,,-6.56000020E-6,19.9999996E-3,
,,,-6.52000017E-6,-79.999998212E-3,,,,,-6.52000017E-6,59.999998659E-3,
,,,-6.48000014E-6,-39.99999911E-3,,,,,-6.48000014E-6,19.9999996E-3,
,,,-6.44000011E-6,-19.9999996E-3,,,,,-6.44000011E-6,79.999998212E-3,
,,,-6.40000007E-6,-39.99999911E-3,,,,,-6.40000007E-6,39.99999911E-3,
,,,-6.36000004E-6,-39.99999911E-3,,,,,-6.36000004E-6,19.9999996E-3,
,,,-6.32000001E-6,-19.9999996E-3,,,,,-6.32000001E-6,19.9999996E-3,
,,,-6.27999998E-6,-19.9999996E-3,,,,,-6.27999998E-6,59.999998659E-3,
,,,-6.23999995E-6,-19.9999996E-3,,,,,-6.23999995E-6,39.99999911E-3,
,,,-6.19999992E-6,-19.9999996E-3,,,,,-6.19999992E-6,19.9999996E-3,
,,,-6.16000034E-6,-19.9999996E-3,,,,,-6.16000034E-6,39.99999911E-3,
,,,-6.12000031E-6,-39.99999911E-3,,,,,-6.12000031E-6,19.9999996E-3,
,,,-6.08000028E-6,-59.999998659E-3,,,,,-6.08000028E-6,59.999998659E-3,
,,,-6.04000024E-6,-39.99999911E-3,,,,,-6.04000024E-6,19.9999996E-3,
,,,-6.00000021E-6,-19.9999996E-3,,,,,-6.00000021E-6,59.999998659E-3,
,,,-5.96000018E-6,-19.9999996E-3,,,,,-5.96000018E-6,19.9999996E-3,
,,,-5.92000015E-6,-39.99999911E-3,,,,,-5.92000015E-6,39.99999911E-3,
,,,-5.88000012E-6,-19.9999996E-3,,,,,-5.88000012E-6,19.9999996E-3,
,,,-5.84000009E-6,-19.9999996E-3,,,,,-5.84000009E-6,39.99999911E-3,
,,,-5.80000005E-6,-59.999998659E-3,,,,,-5.80000005E-6,19.9999996E-3,
,,,-5.76000002E-6,-39.99999911E-3,,,,,-5.76000002E-6,0.0,
,,,-5.71999999E-6,-39.99999911E-3,,,,,-5.71999999E-6,19.9999996E-3,
,,,-5.67999996E-6,-19.9999996E-3,,,,,-5.67999996E-6,0.0,
,,,-5.63999993E-6,-59.999998659E-3,,,,,-5.63999993E-6,39.99999911E-3,
,,,-5.60000035E-6,-59.999998659E-3,,,,,-5.60000035E-6,59.999998659E-3,
,,,-5.56000032E-6,-39.99999911E-3,,,,,-5.56000032E-6,59.999998659E-3,
,,,-5.52000029E-6,-39.99999911E-3,,,,,-5.52000029E-6,19.9999996E-3,
,,,-5.48000025E-6,-59.999998659E-3,,,,,-5.48000025E-6,19.9999996E-3,
,,,-5.44000022E-6,-59.999998659E-3,,,,,-5.44000022E-6,39.99999911E-3,
,,,-5.40000019E-6,-19.9999996E-3,,,,,-5.40000019E-6,59.999998659E-3,
,,,-5.36000016E-6,-39.99999911E-3,,,,,-5.36000016E-6,39.99999911E-3,
,,,-5.32000013E-6,-39.99999911E-3,,,,,-5.32000013E-6,39.99999911E-3,
,,,-5.28000010E-6,-19.9999996E-3,,,,,-5.28000010E-6,39.99999911E-3,
,,,-5.24000006E-6,-39.99999911E-3,,,,,-5.24000006E-6,39.99999911E-3,
,,,-5.20000003E-6,-39.99999911E-3,,,,,-5.20000003E-6,39.99999911E-3,
,,,-5.16000000E-6,-19.9999996E-3,,,,,-5.16000000E-6,39.99999911E-3,
,,,-5.11999997E-6,-39.99999911E-3,,,,,-5.11999997E-6,19.9999996E-3,
,,,-5.07999994E-6,-39.99999911E-3,,,,,-5.07999994E-6,0.0,
,,,-5.04000036E-6,-19.9999996E-3,,,,,-5.04000036E-6,19.9999996E-3,
,,,-5.00000033E-6,-39.99999911E-3,,,,,-5.00000033E-6,19.9999996E-3,
,,,-4.96000030E-6,-39.99999911E-3,,,,,-4.96000030E-6,39.99999911E-3,
,,,-4.92000026E-6,-59.999998659E-3,,,,,-4.92000026E-6,39.99999911E-3,
,,,-4.88000023E-6,-19.9999996E-3,,,,,-4.88000023E-6,19.9999996E-3,
,,,-4.84000020E-6,-19.9999996E-3,,,,,-4.84000020E-6,59.999998659E-3,
,,,-4.80000017E-6,-39.99999911E-3,,,,,-4.80000017E-6,59.999998659E-3,
,,,-4.76000014E-6,-39.99999911E-3,,,,,-4.76000014E-6,39.99999911E-3,
,,,-4.72000011E-6,-39.99999911E-3,,,,,-4.72000011E-6,39.99999911E-3,
,,,-4.68000007E-6,-59.999998659E-3,,,,,-4.68000007E-6,59.999998659E-3,
,,,-4.64000004E-6,-39.99999911E-3,,,,,-4.64000004E-6,39.99999911E-3,
,,,-4.60000001E-6,-19.9999996E-3,,,,,-4.60000001E-6,19.9999996E-3,
,,,-4.55999998E-6,-39.99999911E-3,,,,,-4.55999998E-6,59.999998659E-3,
,,,-4.51999995E-6,-39.99999911E-3,,,,,-4.51999995E-6,39.99999911E-3,
,,,-4.48000037E-6,-19.9999996E-3,,,,,-4.48000037E-6,39.99999911E-3,
,,,-4.44000034E-6,-39.99999911E-3,,,,,-4.44000034E-6,39.99999911E-3,
,,,-4.40000031E-6,-39.99999911E-3,,,,,-4.40000031E-6,39.99999911E-3,
,,,-4.36000028E-6,-19.9999996E-3,,,,,-4.36000028E-6,39.99999911E-3,
,,,-4.32000024E-6,-39.99999911E-3,,,,,-4.32000024E-6,19.9999996E-3,
,,,-4.28000021E-6,-19.9999996E-3,,,,,-4.28000021E-6,39.99999911E-3,
,,,-4.24000018E-6,-19.9999996E-3,,,,,-4.24000018E-6,39.99999911E-3,
,,,-4.20000015E-6,-59.999998659E-3,,,,,-4.20000015E-6,39.99999911E-3,
,,,-4.16000012E-6,-39.99999911E-3,,,,,-4.16000012E-6,39.99999911E-3,
,,,-4.12000009E-6,-19.9999996E-3,,,,,-4.12000009E-6,39.99999911E-3,
,,,-4.08000005E-6,-39.99999911E-3,,,,,-4.08000005E-6,39.99999911E-3,
,,,-4.04000002E-6,-39.99999911E-3,,,,,-4.04000002E-6,79.999998212E-3,
,,,-3.99999999E-6,-39.99999911E-3,,,,,-3.99999999E-6,39.99999911E-3,
,,,-3.95999996E-6,-59.999998659E-3,,,,,-3.95999996E-6,39.99999911E-3,
,,,-3.92000038E-6,-39.99999911E-3,,,,,-3.92000038E-6,39.99999911E-3,
,,,-3.88000035E-6,-59.999998659E-3,,,,,-3.88000035E-6,39.99999911E-3,
,,,-3.84000032E-6,-39.99999911E-3,,,,,-3.84000032E-6,59.999998659E-3,
,,,-3.80000006E-6,-39.99999911E-3,,,,,-3.80000006E-6,39.99999911E-3,
,,,-3.76000025E-6,-39.99999911E-3,,,,,-3.76000025E-6,59.999998659E-3,
,,,-3.72000022E-6,-39.99999911E-3,,,,,-3.72000022E-6,59.999998659E-3,
,,,-3.68000019E-6,-59.999998659E-3,,,,,-3.68000019E-6,39.99999911E-3,
,,,-3.64000016E-6,-59.999998659E-3,,,,,-3.64000016E-6,19.9999996E-3,
,,,-3.60000013E-6,-39.99999911E-3,,,,,-3.60000013E-6,39.99999911E-3,
,,,-3.56000010E-6,-39.99999911E-3,,,,,-3.56000010E-6,19.9999996E-3,
,,,-3.52000006E-6,-39.99999911E-3,,,,,-3.52000006E-6,39.99999911E-3,
,,,-3.48000026E-6,-39.99999911E-3,,,,,-3.48000026E-6,59.999998659E-3,
,,,-3.44000023E-6,-39.99999911E-3,,,,,-3.44000023E-6,19.9999996E-3,
,,,-3.40000020E-6,-39.99999911E-3,,,,,-3.40000020E-6,39.99999911E-3,
,,,-3.36000016E-6,-79.999998212E-3,,,,,-3.36000016E-6,19.9999996E-3,
,,,-3.32000013E-6,-59.999998659E-3,,,,,-3.32000013E-6,19.9999996E-3,
,,,-3.28000010E-6,-19.9999996E-3,,,,,-3.28000010E-6,19.9999996E-3,
,,,-3.24000007E-6,-39.99999911E-3,,,,,-3.24000007E-6,39.99999911E-3,
,,,-3.20000026E-6,-19.9999996E-3,,,,,-3.20000026E-6,59.999998659E-3,
,,,-3.16000023E-6,-19.9999996E-3,,,,,-3.16000023E-6,39.99999911E-3,
,,,-3.12000020E-6,-59.999998659E-3,,,,,-3.12000020E-6,19.9999996E-3,
,,,-3.08000017E-6,-59.999998659E-3,,,,,-3.08000017E-6,19.9999996E-3,
,,,-3.04000014E-6,-19.9999996E-3,,,,,-3.04000014E-6,19.9999996E-3,
,,,-3.00000011E-6,-39.99999911E-3,,,,,-3.00000011E-6,39.99999911E-3,
,,,-2.96000007E-6,-39.99999911E-3,,,,,-2.96000007E-6,59.999998659E-3,
,,,-2.92000027E-6,-39.99999911E-3,,,,,-2.92000027E-6,39.99999911E-3,
,,,-2.88000024E-6,-39.99999911E-3,,,,,-2.88000024E-6,19.9999996E-3,
,,,-2.84000021E-6,-39.99999911E-3,,,,,-2.84000021E-6,39.99999911E-3,
,,,-2.80000017E-6,-19.9999996E-3,,,,,-2.80000017E-6,39.99999911E-3,
,,,-2.76000014E-6,-19.9999996E-3,,,,,-2.76000014E-6,39.99999911E-3,
,,,-2.72000011E-6,-19.9999996E-3,,,,,-2.72000011E-6,19.9999996E-3,
,,,-2.6800001E-6,-39.99999911E-3,,,,,-2.6800001E-6,39.99999911E-3,
,,,-2.6400003E-6,-39.99999911E-3,,,,,-2.6400003E-6,39.99999911E-3,
,,,-2.6000002E-6,-19.9999996E-3,,,,,-2.6000002E-6,39.99999911E-3,
,,,-2.5600002E-6,-19.9999996E-3,,,,,-2.5600002E-6,19.9999996E-3,
,,,-2.5200002E-6,-39.99999911E-3,,,,,-2.5200002E-6,39.99999911E-3,
,,,-2.4800001E-6,-19.9999996E-3,,,,,-2.4800001E-6,59.999998659E-3,
,,,-2.4400001E-6,-39.99999911E-3,,,,,-2.4400001E-6,39.99999911E-3,
,,,-2.4000001E-6,-59.999998659E-3,,,,,-2.4000001E-6,39.99999911E-3,
,,,-2.3600001E-6,-39.99999911E-3,,,,,-2.3600001E-6,59.999998659E-3,
,,,-2.3200002E-6,-19.9999996E-3,,,,,-2.3200002E-6,39.99999911E-3,
,,,-2.2800002E-6,-19.9999996E-3,,,,,-2.2800002E-6,39.99999911E-3,
,,,-2.2400002E-6,-19.9999996E-3,,,,,-2.2400002E-6,19.9999996E-3,
,,,-2.2000002E-6,-39.99999911E-3,,,,,-2.2000002E-6,19.9999996E-3,
,,,-2.1600001E-6,-19.9999996E-3,,,,,-2.1600001E-6,19.9999996E-3,
,,,-2.1200001E-6,-59.999998659E-3,,,,,-2.1200001E-6,39.99999911E-3,
,,,-2.0800001E-6,0.0,,,,,-2.0800001E-6,0.0,
,,,-2.0400003E-6,-39.99999911E-3,,,,,-2.0400003E-6,19.9999996E-3,
,,,-2.0000002E-6,-19.9999996E-3,,,,,-2.0000002E-6,19.9999996E-3,
,,,-1.9600002E-6,-39.99999911E-3,,,,,-1.9600002E-6,39.99999911E-3,
,,,-1.9200002E-6,-19.9999996E-3,,,,,-1.9200002E-6,19.9999996E-3,
,,,-1.8800001E-6,-19.9999996E-3,,,,,-1.8800001E-6,59.999998659E-3,
,,,-1.8400002E-6,-19.9999996E-3,,,,,-1.8400002E-6,59.999998659E-3,
,,,-1.8000002E-6,-59.999998659E-3,,,,,-1.8000002E-6,0.0,
,,,-1.7600001E-6,-39.99999911E-3,,,,,-1.7600001E-6,19.9999996E-3,
,,,-1.7200001E-6,-19.9999996E-3,,,,,-1.7200001E-6,19.9999996E-3,
,,,-1.6800002E-6,-39.99999911E-3,,,,,-1.6800002E-6,39.99999911E-3,
,,,-1.6400002E-6,-39.99999911E-3,,,,,-1.6400002E-6,79.999998212E-3,
,,,-1.6000001E-6,-39.99999911E-3,,,,,-1.6000001E-6,59.999998659E-3,
,,,-1.5600002E-6,-39.99999911E-3,,,,,-1.5600002E-6,19.9999996E-3,
,,,-1.5200002E-6,-59.999998659E-3,,,,,-1.5200002E-6,19.9999996E-3,
,,,-1.4800002E-6,-39.99999911E-3,,,,,-1.4800002E-6,19.9999996E-3,
,,,-1.4400001E-6,-19.9999996E-3,,,,,-1.4400001E-6,39.99999911E-3,
,,,-1.4000002E-6,-19.9999996E-3,,,,,-1.4000002E-6,39.99999911E-3,
,,,-1.3600002E-6,-39.99999911E-3,,,,,-1.3600002E-6,59.999998659E-3,
,,,-1.3200001E-6,-19.9999996E-3,,,,,-1.3200001E-6,39.99999911E-3,
,,,-1.2800002E-6,-39.99999911E-3,,,,,-1.2800002E-6,59.999998659E-3,
,,,-1.2400002E-6,-39.99999911E-3,,,,,-1.2400002E-6,39.99999911E-3,
,,,-1.2000002E-6,-19.9999996E-3,,,,,-1.2000002E-6,19.9999996E-3,
,,,-1.1600001E-6,-39.99999911E-3,,,,,-1.1600001E-6,19.9999996E-3,
,,,-1.1200002E-6,-39.99999911E-3,,,,,-1.1200002E-6,59.999998659E-3,
,,,-1.0800002E-6,-39.99999911E-3,,,,,-1.0800002E-6,39.99999911E-3,
,,,-1.0400001E-6,-39.99999911E-3,,,,,-1.0400001E-6,19.9999996E-3,
,,,-1.0000002E-6,-19.9999996E-3,,,,,-1.0000002E-6,19.9999996E-3,
,,,-960.000193118E-9,-59.999998659E-3,,,,,-960.000193118E-9,39.99999911E-3,
,,,-920.000161386E-9,-39.99999911E-3,,,,,-920.000161386E-9,39.99999911E-3,
,,,-880.000186498E-9,-39.99999911E-3,,,,,-880.000186498E-9,59.999998659E-3,
,,,-840.000154767E-9,-39.99999911E-3,,,,,-840.000154767E-9,39.99999911E-3,
,,,-800.000179879E-9,-19.9999996E-3,,,,,-800.000179879E-9,39.99999911E-3,
,,,-760.000148148E-9,-39.99999911E-3,,,,,-760.000148148E-9,59.999998659E-3,
,,,-720.000173260E-9,-39.99999911E-3,,,,,-720.000173260E-9,39.99999911E-3,
,,,-680.000198372E-9,-19.9999996E-3,,,,,-680.000198372E-9,39.99999911E-3,
,,,-640.000166641E-9,-39.99999911E-3,,,,,-640.000166641E-9,59.999998659E-3,
,,,-600.000191753E-9,-19.9999996E-3,,,,,-600.000191753E-9,79.999998212E-3,
,,,-560.000160021E-9,-39.99999911E-3,,,,,-560.000160021E-9,19.9999996E-3,
,,,-520.000185134E-9,-39.99999911E-3,,,,,-520.000185134E-9,59.999998659E-3,
,,,-480.000153402E-9,-39.99999911E-3,,,,,-480.000153402E-9,39.99999911E-3,
,,,-440.000178514E-9,-19.9999996E-3,,,,,-440.000178514E-9,19.9999996E-3,
,,,-400.00017520E-9,-39.99999911E-3,,,,,-400.00017520E-9,39.99999911E-3,
,,,-360.00017190E-9,-39.99999911E-3,,,,,-360.00017190E-9,39.99999911E-3,
,,,-320.00016859E-9,-39.99999911E-3,,,,,-320.00016859E-9,39.99999911E-3,
,,,-280.00016528E-9,0.0,,,,,-280.00016528E-9,59.999998659E-3,
,,,-240.00019039E-9,-39.99999911E-3,,,,,-240.00019039E-9,19.9999996E-3,
,,,-200.00017287E-9,-39.99999911E-3,,,,,-200.00017287E-9,39.99999911E-3,
,,,-160.00018377E-9,-19.9999996E-3,,,,,-160.00018377E-9,19.9999996E-3,
,,,-120.0001805E-9,-39.99999911E-3,,,,,-120.0001805E-9,59.999998659E-3,
,,,-80.000177149E-9,-19.9999996E-3,,,,,-80.000177149E-9,39.99999911E-3,
,,,-40.00017739E-9,-19.9999996E-3,,,,,-40.00017739E-9,39.99999911E-3,
,,,-177.63568163E-15,-59.999998659E-3,,,,,-177.63568163E-15,79.999998212E-3,
,,,39.99982212E-9,-19.9999996E-3,,,,,39.99982212E-9,19.9999996E-3,
,,,79.999821878E-9,-39.99999911E-3,,,,,79.999821878E-9,0.0,
,,,119.9998252E-9,-19.9999996E-3,,,,,119.9998252E-9,39.99999911E-3,
,,,159.99981429E-9,-39.99999911E-3,,,,,159.99981429E-9,39.99999911E-3,
,,,199.99981760E-9,-19.9999996E-3,,,,,199.99981760E-9,39.99999911E-3,
,,,239.99982091E-9,39.99999911E-3,,,,,239.99982091E-9,79.999998212E-3,
,,,279.99982422E-9,219.99999881E-3,,,,,279.99982422E-9,39.99999911E-3,
,,,319.99982752E-9,179.99999225E-3,,,,,319.99982752E-9,-39.99999911E-3,
,,,359.99983083E-9,340.00000358E-3,,,,,359.99983083E-9,-79.999998212E-3,
,,,399.99980572E-9,399.99997616E-3,,,,,399.99980572E-9,-140.0000006E-3,
,,,439.999809032E-9,459.999978542E-3,,,,,439.999809032E-9,-99.999994040E-3,
,,,479.999812342E-9,560.000002384E-3,,,,,479.999812342E-9,-119.9999973E-3,
,,,519.999844073E-9,620.000004768E-3,,,,,519.999844073E-9,-119.9999973E-3,
,,,559.999818961E-9,699.999988079E-3,,,,,559.999818961E-9,-119.9999973E-3,
,,,599.999793849E-9,740.000009537E-3,,,,,599.999793849E-9,-140.0000006E-3,
,,,639.999825580E-9,799.999952316E-3,,,,,639.999825580E-9,-159.99999642E-3,
,,,679.999800468E-9,819.999992847E-3,,,,,679.999800468E-9,-159.99999642E-3,
,,,719.999832199E-9,839.999973774E-3,,,,,719.999832199E-9,-199.99998808E-3,
,,,759.999807087E-9,899.999976158E-3,,,,,759.999807087E-9,-140.0000006E-3,
,,,799.999838819E-9,899.999976158E-3,,,,,799.999838819E-9,-159.99999642E-3,
,,,839.999813707E-9,919.999957085E-3,,,,,839.999813707E-9,-179.99999225E-3,
,,,879.999788594E-9,919.999957085E-3,,,,,879.999788594E-9,-159.99999642E-3,
,,,919.999820326E-9,959.999978542E-3,,,,,919.999820326E-9,-179.99999225E-3,
,,,959.999852057E-9,939.999997616E-3,,,,,959.999852057E-9,-179.99999225E-3,
,,,999.999770102E-9,979.999959469E-3,,,,,999.999770102E-9,-159.99999642E-3,
,,,1.0399998E-6,939.999997616E-3,,,,,1.0399998E-6,-140.0000006E-3,
,,,1.0799998E-6,899.999976158E-3,,,,,1.0799998E-6,-159.99999642E-3,
,,,1.1199999E-6,899.999976158E-3,,,,,1.1199999E-6,-159.99999642E-3,
,,,1.1599998E-6,879.999995232E-3,,,,,1.1599998E-6,-140.0000006E-3,
,,,1.1999998E-6,859.999954700E-3,,,,,1.1999998E-6,-159.99999642E-3,
,,,1.2399998E-6,839.999973774E-3,,,,,1.2399998E-6,-159.99999642E-3,
,,,1.2799998E-6,819.999992847E-3,,,,,1.2799998E-6,-119.9999973E-3,
,,,1.3199998E-6,779.999971390E-3,,,,,1.3199998E-6,-119.9999973E-3,
,,,1.3599998E-6,759.999990463E-3,,,,,1.3599998E-6,-140.0000006E-3,
,,,1.3999999E-6,740.000009537E-3,,,,,1.3999999E-6,-159.99999642E-3,
,,,1.4399998E-6,740.000009537E-3,,,,,1.4399998E-6,-99.999994040E-3,
,,,1.4799998E-6,719.999969006E-3,,,,,1.4799998E-6,-99.999994040E-3,
,,,1.5199998E-6,680.000007153E-3,,,,,1.5199998E-6,-99.999994040E-3,
,,,1.5599998E-6,659.999966621E-3,,,,,1.5599998E-6,-119.9999973E-3,
,,,1.5999998E-6,659.999966621E-3,,,,,1.5999998E-6,-99.999994040E-3,
,,,1.6399998E-6,639.999985695E-3,,,,,1.6399998E-6,-99.999994040E-3,
,,,1.6799999E-6,620.000004768E-3,,,,,1.6799999E-6,-99.999994040E-3,
,,,1.7199998E-6,620.000004768E-3,,,,,1.7199998E-6,-99.999994040E-3,
,,,1.7599998E-6,620.000004768E-3,,,,,1.7599998E-6,-79.999998212E-3,
,,,1.7999998E-6,599.999964237E-3,,,,,1.7999998E-6,-79.999998212E-3,
,,,1.8399999E-6,599.999964237E-3,,,,,1.8399999E-6,-99.999994040E-3,
,,,1.8799998E-6,560.000002384E-3,,,,,1.8799998E-6,-79.999998212E-3,
,,,1.9199997E-6,539.999961853E-3,,,,,1.9199997E-6,-99.999994040E-3,
,,,1.9599997E-6,560.000002384E-3,,,,,1.9599997E-6,-79.999998212E-3,
,,,1.9999998E-6,519.999980927E-3,,,,,1.9999998E-6,-99.999994040E-3,
,,,2.0399998E-6,500.000000000E-3,,,,,2.0399998E-6,-99.999994040E-3,
,,,2.0799998E-6,539.999961853E-3,,,,,2.0799998E-6,-59.999998659E-3,
,,,2.1199999E-6,459.999978542E-3,,,,,2.1199999E-6,-79.999998212E-3,
,,,2.1599999E-6,439.999997616E-3,,,,,2.1599999E-6,-79.999998212E-3,
,,,2.1999997E-6,459.999978542E-3,,,,,2.1999997E-6,-59.999998659E-3,
,,,2.2399997E-6,439.999997616E-3,,,,,2.2399997E-6,-79.999998212E-3,
,,,2.2799998E-6,379.99999523E-3,,,,,2.2799998E-6,-59.999998659E-3,
,,,2.3199998E-6,359.99998450E-3,,,,,2.3199998E-6,-19.9999996E-3,
,,,2.3599998E-6,299.99998212E-3,,,,,2.3599998E-6,-19.9999996E-3,
,,,2.3999999E-6,299.99998212E-3,,,,,2.3999999E-6,-39.99999911E-3,
,,,2.4399999E-6,259.99999046E-3,,,,,2.4399999E-6,-39.99999911E-3,
,,,2.4799997E-6,219.99999881E-3,,,,,2.4799997E-6,-39.99999911E-3,
,,,2.5199997E-6,219.99999881E-3,,,,,2.5199997E-6,0.0,
,,,2.5599998E-6,199.99998808E-3,,,,,2.5599998E-6,-19.9999996E-3,
,,,2.5999998E-6,179.99999225E-3,,,,,2.5999998E-6,0.0,
,,,2.6399998E-6,159.99999642E-3,,,,,2.6399998E-6,0.0,
,,,2.6799999E-6,140.0000006E-3,,,,,2.6799999E-6,19.9999996E-3,
,,,2.71999988E-6,99.999994040E-3,,,,,2.71999988E-6,19.9999996E-3,
,,,2.75999992E-6,79.999998212E-3,,,,,2.75999992E-6,19.9999996E-3,
,,,2.79999972E-6,59.999998659E-3,,,,,2.79999972E-6,19.9999996E-3,
,,,2.83999975E-6,59.999998659E-3,,,,,2.83999975E-6,19.9999996E-3,
,,,2.87999978E-6,19.9999996E-3,,,,,2.87999978E-6,19.9999996E-3,
,,,2.91999982E-6,0.0,,,,,2.91999982E-6,19.9999996E-3,
,,,2.95999985E-6,-39.99999911E-3,,,,,2.95999985E-6,39.99999911E-3,
,,,2.99999988E-6,-39.99999911E-3,,,,,2.99999988E-6,19.9999996E-3,
,,,3.03999991E-6,-59.999998659E-3,,,,,3.03999991E-6,39.99999911E-3,
,,,3.07999971E-6,-79.999998212E-3,,,,,3.07999971E-6,59.999998659E-3,
,,,3.11999975E-6,-119.9999973E-3,,,,,3.11999975E-6,59.999998659E-3,
,,,3.15999978E-6,-140.0000006E-3,,,,,3.15999978E-6,79.999998212E-3,
,,,3.19999981E-6,-179.99999225E-3,,,,,3.19999981E-6,79.999998212E-3,
,,,3.23999984E-6,-159.99999642E-3,,,,,3.23999984E-6,79.999998212E-3,
,,,3.27999987E-6,-199.99998808E-3,,,,,3.27999987E-6,79.999998212E-3,
,,,3.31999991E-6,-239.99999464E-3,,,,,3.31999991E-6,79.999998212E-3,
,,,3.35999971E-6,-219.99999881E-3,,,,,3.35999971E-6,119.9999973E-3,
,,,3.39999974E-6,-219.99999881E-3,,,,,3.39999974E-6,59.999998659E-3,
,,,3.43999977E-6,-319.99999285E-3,,,,,3.43999977E-6,99.999994040E-3,
,,,3.47999980E-6,-319.99999285E-3,,,,,3.47999980E-6,79.999998212E-3,
,,,3.51999984E-6,-340.00000358E-3,,,,,3.51999984E-6,99.999994040E-3,
,,,3.55999987E-6,-319.99999285E-3,,,,,3.55999987E-6,79.999998212E-3,
,,,3.59999990E-6,-359.99998450E-3,,,,,3.59999990E-6,99.999994040E-3,
,,,3.63999970E-6,-379.99999523E-3,,,,,3.63999970E-6,99.999994040E-3,
,,,3.67999974E-6,-419.999986887E-3,,,,,3.67999974E-6,119.9999973E-3,
,,,3.71999977E-6,-439.999997616E-3,,,,,3.71999977E-6,119.9999973E-3,
,,,3.75999980E-6,-439.999997616E-3,,,,,3.75999980E-6,119.9999973E-3,
,,,3.79999983E-6,-439.999997616E-3,,,,,3.79999983E-6,119.9999973E-3,
,,,3.83999986E-6,-459.999978542E-3,,,,,3.83999986E-6,119.9999973E-3,
,,,3.87999989E-6,-479.999989271E-3,,,,,3.87999989E-6,159.99999642E-3,
,,,3.91999993E-6,-500.000000000E-3,,,,,3.91999993E-6,140.0000006E-3,
,,,3.95999996E-6,-539.999961853E-3,,,,,3.95999996E-6,159.99999642E-3,
,,,3.99999999E-6,-539.999961853E-3,,,,,3.99999999E-6,119.9999973E-3,
,,,4.04000002E-6,-579.999983311E-3,,,,,4.04000002E-6,159.99999642E-3,
,,,4.07999960E-6,-579.999983311E-3,,,,,4.07999960E-6,140.0000006E-3,
,,,4.11999963E-6,-599.999964237E-3,,,,,4.11999963E-6,159.99999642E-3,
,,,4.15999966E-6,-620.000004768E-3,,,,,4.15999966E-6,159.99999642E-3,
,,,4.19999969E-6,-620.000004768E-3,,,,,4.19999969E-6,179.99999225E-3,
,,,4.23999973E-6,-680.000007153E-3,,,,,4.23999973E-6,159.99999642E-3,
,,,4.27999976E-6,-659.999966621E-3,,,,,4.27999976E-6,159.99999642E-3,
,,,4.31999979E-6,-680.000007153E-3,,,,,4.31999979E-6,159.99999642E-3,
,,,4.35999982E-6,-680.000007153E-3,,,,,4.35999982E-6,179.99999225E-3,
,,,4.39999985E-6,-680.000007153E-3,,,,,4.39999985E-6,219.99999881E-3,
,,,4.43999988E-6,-719.999969006E-3,,,,,4.43999988E-6,199.99998808E-3,
,,,4.47999992E-6,-719.999969006E-3,,,,,4.47999992E-6,159.99999642E-3,
,,,4.51999995E-6,-719.999969006E-3,,,,,4.51999995E-6,179.99999225E-3,
,,,4.55999998E-6,-740.000009537E-3,,,,,4.55999998E-6,159.99999642E-3,
,,,4.60000001E-6,-759.999990463E-3,,,,,4.60000001E-6,179.99999225E-3,
,,,4.63999959E-6,-740.000009537E-3,,,,,4.63999959E-6,199.99998808E-3,
,,,4.67999962E-6,-740.000009537E-3,,,,,4.67999962E-6,179.99999225E-3,
,,,4.71999965E-6,-759.999990463E-3,,,,,4.71999965E-6,199.99998808E-3,
,,,4.75999968E-6,-779.999971390E-3,,,,,4.75999968E-6,199.99998808E-3,
,,,4.79999972E-6,-799.999952316E-3,,,,,4.79999972E-6,179.99999225E-3,
,,,4.83999975E-6,-779.999971390E-3,,,,,4.83999975E-6,219.99999881E-3,
,,,4.87999978E-6,-799.999952316E-3,,,,,4.87999978E-6,199.99998808E-3,
,,,4.91999981E-6,-799.999952316E-3,,,,,4.91999981E-6,219.99999881E-3,
,,,4.95999984E-6,-819.999992847E-3,,,,,4.95999984E-6,219.99999881E-3,
,,,4.99999987E-6,-799.999952316E-3,,,,,4.99999987E-6,219.99999881E-3,
,,,5.03999991E-6,-819.999992847E-3,,,,,5.03999991E-6,199.99998808E-3,
,,,5.07999994E-6,-799.999952316E-3,,,,,5.07999994E-6,199.99998808E-3,
,,,5.11999997E-6,-819.999992847E-3,,,,,5.11999997E-6,219.99999881E-3,
,,,5.16000000E-6,-799.999952316E-3,,,,,5.16000000E-6,219.99999881E-3,
,,,5.19999958E-6,-819.999992847E-3,,,,,5.19999958E-6,219.99999881E-3,
,,,5.23999961E-6,-839.999973774E-3,,,,,5.23999961E-6,199.99998808E-3,
,,,5.27999964E-6,-839.999973774E-3,,,,,5.27999964E-6,239.99999464E-3,
,,,5.31999967E-6,-839.999973774E-3,,,,,5.31999967E-6,219.99999881E-3,
,,,5.35999970E-6,-819.999992847E-3,,,,,5.35999970E-6,219.99999881E-3,
,,,5.39999974E-6,-839.999973774E-3,,,,,5.39999974E-6,219.99999881E-3,
,,,5.43999977E-6,-839.999973774E-3,,,,,5.43999977E-6,239.99999464E-3,
,,,5.47999980E-6,-839.999973774E-3,,,,,5.47999980E-6,239.99999464E-3,
,,,5.51999983E-6,-819.999992847E-3,,,,,5.51999983E-6,199.99998808E-3,
,,,5.55999986E-6,-839.999973774E-3,,,,,5.55999986E-6,239.99999464E-3,
,,,5.59999989E-6,-819.999992847E-3,,,,,5.59999989E-6,219.99999881E-3,
,,,5.63999993E-6,-799.999952316E-3,,,,,5.63999993E-6,199.99998808E-3,
,,,5.67999996E-6,-819.999992847E-3,,,,,5.67999996E-6,199.99998808E-3,
,,,5.71999999E-6,-819.999992847E-3,,,,,5.71999999E-6,199.99998808E-3,
,,,5.75999957E-6,-839.999973774E-3,,,,,5.75999957E-6,219.99999881E-3,
,,,5.79999960E-6,-799.999952316E-3,,,,,5.79999960E-6,219.99999881E-3,
,,,5.83999963E-6,-779.999971390E-3,,,,,5.83999963E-6,219.99999881E-3,
,,,5.87999966E-6,-799.999952316E-3,,,,,5.87999966E-6,199.99998808E-3,
,,,5.91999969E-6,-779.999971390E-3,,,,,5.91999969E-6,199.99998808E-3,
,,,5.95999973E-6,-779.999971390E-3,,,,,5.95999973E-6,199.99998808E-3,
,,,5.99999976E-6,-759.999990463E-3,,,,,5.99999976E-6,219.99999881E-3,
,,,6.03999979E-6,-759.999990463E-3,,,,,6.03999979E-6,199.99998808E-3,
,,,6.07999982E-6,-759.999990463E-3,,,,,6.07999982E-6,219.99999881E-3,
,,,6.11999985E-6,-740.000009537E-3,,,,,6.11999985E-6,199.99998808E-3,
,,,6.15999988E-6,-699.999988079E-3,,,,,6.15999988E-6,199.99998808E-3,
,,,6.19999992E-6,-719.999969006E-3,,,,,6.19999992E-6,179.99999225E-3,
,,,6.23999995E-6,-719.999969006E-3,,,,,6.23999995E-6,199.99998808E-3,
,,,6.27999998E-6,-699.999988079E-3,,,,,6.27999998E-6,199.99998808E-3,
,,,6.31999956E-6,-699.999988079E-3,,,,,6.31999956E-6,199.99998808E-3,
,,,6.35999959E-6,-680.000007153E-3,,,,,6.35999959E-6,179.99999225E-3,
,,,6.39999962E-6,-659.999966621E-3,,,,,6.39999962E-6,179.99999225E-3,
,,,6.43999965E-6,-659.999966621E-3,,,,,6.43999965E-6,159.99999642E-3,
,,,6.47999968E-6,-659.999966621E-3,,,,,6.47999968E-6,179.99999225E-3,
,,,6.51999972E-6,-639.999985695E-3,,,,,6.51999972E-6,159.99999642E-3,
,,,6.55999975E-6,-639.999985695E-3,,,,,6.55999975E-6,199.99998808E-3,
,,,6.59999978E-6,-599.999964237E-3,,,,,6.59999978E-6,179.99999225E-3,
,,,6.63999981E-6,-599.999964237E-3,,,,,6.63999981E-6,179.99999225E-3,
,,,6.67999984E-6,-579.999983311E-3,,,,,6.67999984E-6,140.0000006E-3,
,,,6.71999987E-6,-579.999983311E-3,,,,,6.71999987E-6,140.0000006E-3,
,,,6.75999991E-6,-579.999983311E-3,,,,,6.75999991E-6,159.99999642E-3,
,,,6.79999994E-6,-539.999961853E-3,,,,,6.79999994E-6,140.0000006E-3,
,,,6.83999997E-6,-519.999980927E-3,,,,,6.83999997E-6,140.0000006E-3,
,,,6.88000000E-6,-519.999980927E-3,,,,,6.88000000E-6,159.99999642E-3,
,,,6.91999958E-6,-519.999980927E-3,,,,,6.91999958E-6,140.0000006E-3,
,,,6.95999961E-6,-519.999980927E-3,,,,,6.95999961E-6,119.9999973E-3,
,,,6.99999964E-6,-479.999989271E-3,,,,,6.99999964E-6,159.99999642E-3,
,,,7.03999967E-6,-439.999997616E-3,,,,,7.03999967E-6,140.0000006E-3,
,,,7.07999970E-6,-419.999986887E-3,,,,,7.07999970E-6,159.99999642E-3,
,,,7.11999974E-6,-419.999986887E-3,,,,,7.11999974E-6,99.999994040E-3,
,,,7.15999977E-6,-399.99997616E-3,,,,,7.15999977E-6,140.0000006E-3,
,,,7.19999980E-6,-399.99997616E-3,,,,,7.19999980E-6,140.0000006E-3,
,,,7.23999983E-6,-379.99999523E-3,,,,,7.23999983E-6,119.9999973E-3,
,,,7.27999986E-6,-340.00000358E-3,,,,,7.27999986E-6,79.999998212E-3,
,,,7.31999990E-6,-340.00000358E-3,,,,,7.31999990E-6,119.9999973E-3,
,,,7.35999993E-6,-319.99999285E-3,,,,,7.35999993E-6,79.999998212E-3,
,,,7.399999959E-6,-299.99998212E-3,,,,,7.399999959E-6,119.9999973E-3,
,,,7.439999990E-6,-259.99999046E-3,,,,,7.439999990E-6,99.999994040E-3,
,,,7.479999567E-6,-259.99999046E-3,,,,,7.479999567E-6,99.999994040E-3,
,,,7.519999599E-6,-219.99999881E-3,,,,,7.519999599E-6,79.999998212E-3,
,,,7.559999631E-6,-239.99999464E-3,,,,,7.559999631E-6,59.999998659E-3,
,,,7.599999662E-6,-199.99998808E-3,,,,,7.599999662E-6,79.999998212E-3,
,,,7.640000149E-6,-199.99998808E-3,,,,,7.640000149E-6,99.999994040E-3,
,,,7.679999726E-6,-199.99998808E-3,,,,,7.679999726E-6,59.999998659E-3,
,,,7.720000212E-6,-179.99999225E-3,,,,,7.720000212E-6,59.999998659E-3,
,,,7.759999789E-6,-159.99999642E-3,,,,,7.759999789E-6,59.999998659E-3,
,,,7.799999366E-6,-140.0000006E-3,,,,,7.799999366E-6,39.99999911E-3,
,,,7.839999853E-6,-119.9999973E-3,,,,,7.839999853E-6,79.999998212E-3,
,,,7.879999430E-6,-79.999998212E-3,,,,,7.879999430E-6,79.999998212E-3,
,,,7.919999916E-6,-79.999998212E-3,,,,,7.919999916E-6,79.999998212E-3,
,,,7.959999493E-6,-39.99999911E-3,,,,,7.959999493E-6,39.99999911E-3,
,,,7.999999980E-6,-39.99999911E-3,,,,,7.999999980E-6,19.9999996E-3,
,,,8.039999557E-6,-19.9999996E-3,,,,,8.039999557E-6,59.999998659E-3,
,,,8.080000043E-6,0.0,,,,,8.080000043E-6,39.99999911E-3,
,,,8.119999620E-6,0.0,,,,,8.119999620E-6,19.9999996E-3,
,,,8.160000107E-6,59.999998659E-3,,,,,8.160000107E-6,39.99999911E-3,
,,,8.199999684E-6,39.99999911E-3,,,,,8.199999684E-6,19.9999996E-3,
,,,8.240000170E-6,59.999998659E-3,,,,,8.240000170E-6,0.0,
,,,8.279999747E-6,79.999998212E-3,,,,,8.279999747E-6,0.0,
,,,8.319999324E-6,79.999998212E-3,,,,,8.319999324E-6,0.0,
,,,8.359999811E-6,119.9999973E-3,,,,,8.359999811E-6,39.99999911E-3,
,,,8.399999388E-6,140.0000006E-3,,,,,8.399999388E-6,0.0,
,,,8.439999874E-6,140.0000006E-3,,,,,8.439999874E-6,0.0,
,,,8.479999451E-6,159.99999642E-3,,,,,8.479999451E-6,0.0,
,,,8.519999938E-6,199.99998808E-3,,,,,8.519999938E-6,0.0,
,,,8.559999515E-6,219.99999881E-3,,,,,8.559999515E-6,0.0,
,,,8.600000001E-6,199.99998808E-3,,,,,8.600000001E-6,-19.9999996E-3,
,,,8.639999578E-6,239.99999464E-3,,,,,8.639999578E-6,-19.9999996E-3,
,,,8.680000064E-6,239.99999464E-3,,,,,8.680000064E-6,-19.9999996E-3,
,,,8.719999641E-6,259.99999046E-3,,,,,8.719999641E-6,-39.99999911E-3,
,,,8.760000128E-6,280.00000119E-3,,,,,8.760000128E-6,-39.99999911E-3,
,,,8.799999705E-6,299.99998212E-3,,,,,8.799999705E-6,-19.9999996E-3,
,,,8.840000191E-6,299.99998212E-3,,,,,8.840000191E-6,-59.999998659E-3,
,,,8.879999768E-6,340.00000358E-3,,,,,8.879999768E-6,-39.99999911E-3,
,,,8.919999345E-6,340.00000358E-3,,,,,8.919999345E-6,-59.999998659E-3,
,,,8.959999832E-6,359.99998450E-3,,,,,8.959999832E-6,-19.9999996E-3,
,,,8.999999409E-6,359.99998450E-3,,,,,8.999999409E-6,-39.99999911E-3,
,,,9.039999895E-6,359.99998450E-3,,,,,9.039999895E-6,-59.999998659E-3,
,,,9.079999472E-6,419.999986887E-3,,,,,9.079999472E-6,-39.99999911E-3,
,,,9.119999959E-6,379.99999523E-3,,,,,9.119999959E-6,-59.999998659E-3,
,,,9.159999536E-6,419.999986887E-3,,,,,9.159999536E-6,-59.999998659E-3,
,,,9.200000022E-6,419.999986887E-3,,,,,9.200000022E-6,-79.999998212E-3,
,,,9.239999599E-6,419.999986887E-3,,,,,9.239999599E-6,-39.99999911E-3,
,,,9.280000086E-6,459.999978542E-3,,,,,9.280000086E-6,-59.999998659E-3,
,,,9.319999663E-6,459.999978542E-3,,,,,9.319999663E-6,-79.999998212E-3,
,,,9.360000149E-6,479.999989271E-3,,,,,9.360000149E-6,-59.999998659E-3,
,,,9.399999726E-6,459.999978542E-3,,,,,9.399999726E-6,-39.99999911E-3,
,,,9.440000213E-6,459.999978542E-3,,,,,9.440000213E-6,-79.999998212E-3,
,,,9.479999790E-6,519.999980927E-3,,,,,9.479999790E-6,-99.999994040E-3,
,,,9.519999367E-6,479.999989271E-3,,,,,9.519999367E-6,-59.999998659E-3,
,,,9.559999853E-6,500.000000000E-3,,,,,9.559999853E-6,-59.999998659E-3,
,,,9.599999430E-6,500.000000000E-3,,,,,9.599999430E-6,-79.999998212E-3,
,,,9.639999917E-6,519.999980927E-3,,,,,9.639999917E-6,-79.999998212E-3,
,,,9.679999494E-6,519.999980927E-3,,,,,9.679999494E-6,-79.999998212E-3,
,,,9.719999980E-6,539.999961853E-3,,,,,9.719999980E-6,-79.999998212E-3,
,,,9.759999557E-6,539.999961853E-3,,,,,9.759999557E-6,-79.999998212E-3,
,,,9.800000043E-6,519.999980927E-3,,,,,9.800000043E-6,-99.999994040E-3,
,,,9.839999620E-6,560.000002384E-3,,,,,9.839999620E-6,-99.999994040E-3,
,,,9.880000107E-6,560.000002384E-3,,,,,9.880000107E-6,-79.999998212E-3,
,,,9.919999684E-6,539.999961853E-3,,,,,9.919999684E-6,-79.999998212E-3,
,,,9.960000170E-6,579.999983311E-3,,,,,9.960000170E-6,-79.999998212E-3,
,,,9.999999747E-6,560.000002384E-3,,,,,9.999999747E-6,-59.999998659E-3,
,,,10.0399993E-6,560.000002384E-3,,,,,10.0399993E-6,-99.999994040E-3,
,,,10.0799998E-6,539.999961853E-3,,,,,10.0799998E-6,-79.999998212E-3,
,,,10.1199994E-6,579.999983311E-3,,,,,10.1199994E-6,-99.999994040E-3,
,,,10.1599999E-6,599.999964237E-3,,,,,10.1599999E-6,-119.9999973E-3,
,,,10.1999995E-6,579.999983311E-3,,,,,10.1999995E-6,-99.999994040E-3,
,,,10.2399999E-6,579.999983311E-3,,,,,10.2399999E-6,-79.999998212E-3,
,,,10.2799995E-6,560.000002384E-3,,,,,10.2799995E-6,-99.999994040E-3,
,,,10.3200000E-6,579.999983311E-3,,,,,10.3200000E-6,-79.999998212E-3,
,,,10.3599996E-6,579.999983311E-3,,,,,10.3599996E-6,-99.999994040E-3,
,,,10.4000001E-6,560.000002384E-3,,,,,10.4000001E-6,-99.999994040E-3,
,,,10.4399996E-6,579.999983311E-3,,,,,10.4399996E-6,-119.9999973E-3,
,,,10.4800001E-6,579.999983311E-3,,,,,10.4800001E-6,-79.999998212E-3,
,,,10.5199997E-6,560.000002384E-3,,,,,10.5199997E-6,-99.999994040E-3,
,,,10.5600002E-6,560.000002384E-3,,,,,10.5600002E-6,-79.999998212E-3,
,,,10.5999998E-6,560.000002384E-3,,,,,10.5999998E-6,-79.999998212E-3,
,,,10.6399993E-6,560.000002384E-3,,,,,10.6399993E-6,-119.9999973E-3,
,,,10.6799998E-6,560.000002384E-3,,,,,10.6799998E-6,-99.999994040E-3,
,,,10.7199994E-6,579.999983311E-3,,,,,10.7199994E-6,-99.999994040E-3,
,,,10.7599999E-6,519.999980927E-3,,,,,10.7599999E-6,-79.999998212E-3,
,,,10.7999995E-6,539.999961853E-3,,,,,10.7999995E-6,-99.999994040E-3,
,,,10.8400000E-6,519.999980927E-3,,,,,10.8400000E-6,-79.999998212E-3,
,,,10.8799995E-6,500.000000000E-3,,,,,10.8799995E-6,-99.999994040E-3,
,,,10.9200000E-6,500.000000000E-3,,,,,10.9200000E-6,-119.9999973E-3,
,,,10.9599996E-6,500.000000000E-3,,,,,10.9599996E-6,-99.999994040E-3,
,,,11.0000001E-6,519.999980927E-3,,,,,11.0000001E-6,-79.999998212E-3,
,,,11.0399997E-6,479.999989271E-3,,,,,11.0399997E-6,-99.999994040E-3,
,,,11.0800001E-6,500.000000000E-3,,,,,11.0800001E-6,-99.999994040E-3,
,,,11.1199997E-6,500.000000000E-3,,,,,11.1199997E-6,-59.999998659E-3,
,,,11.1599993E-6,500.000000000E-3,,,,,11.1599993E-6,-79.999998212E-3,
,,,11.1999998E-6,500.000000000E-3,,,,,11.1999998E-6,-79.999998212E-3,
,,,11.2399994E-6,479.999989271E-3,,,,,11.2399994E-6,-79.999998212E-3,
,,,11.2799999E-6,479.999989271E-3,,,,,11.2799999E-6,-59.999998659E-3,
,,,11.3199994E-6,479.999989271E-3,,,,,11.3199994E-6,-79.999998212E-3,
,,,11.3599999E-6,459.999978542E-3,,,,,11.3599999E-6,-39.99999911E-3,
,,,11.3999995E-6,439.999997616E-3,,,,,11.3999995E-6,-79.999998212E-3,
,,,11.4400000E-6,439.999997616E-3,,,,,11.4400000E-6,-59.999998659E-3,
,,,11.4799996E-6,399.99997616E-3,,,,,11.4799996E-6,-59.999998659E-3,
,,,11.5200000E-6,399.99997616E-3,,,,,11.5200000E-6,-79.999998212E-3,
,,,11.5599996E-6,379.99999523E-3,,,,,11.5599996E-6,-59.999998659E-3,
,,,11.6000001E-6,379.99999523E-3,,,,,11.6000001E-6,-39.99999911E-3,
,,,11.6399997E-6,379.99999523E-3,,,,,11.6399997E-6,-79.999998212E-3,
,,,11.6800002E-6,359.99998450E-3,,,,,11.6800002E-6,-59.999998659E-3,
,,,11.7199997E-6,340.00000358E-3,,,,,11.7199997E-6,-39.99999911E-3,
,,,11.7599993E-6,319.99999285E-3,,,,,11.7599993E-6,-59.999998659E-3,
,,,11.7999998E-6,340.00000358E-3,,,,,11.7999998E-6,-39.99999911E-3,
,,,11.8399994E-6,319.99999285E-3,,,,,11.8399994E-6,-59.999998659E-3,
,,,11.8799999E-6,280.00000119E-3,,,,,11.8799999E-6,-19.9999996E-3,
,,,11.9199995E-6,299.99998212E-3,,,,,11.9199995E-6,-59.999998659E-3,
,,,11.9599999E-6,259.99999046E-3,,,,,11.9599999E-6,-59.999998659E-3,
,,,11.9999995E-6,280.00000119E-3,,,,,11.9999995E-6,-39.99999911E-3,
,,,12.0400000E-6,259.99999046E-3,,,,,12.0400000E-6,-39.99999911E-3,
,,,12.0799996E-6,239.99999464E-3,,,,,12.0799996E-6,-39.99999911E-3,
,,,12.1200001E-6,239.99999464E-3,,,,,12.1200001E-6,-19.9999996E-3,
,,,12.1599996E-6,199.99998808E-3,,,,,12.1599996E-6,0.0,
,,,12.2000001E-6,199.99998808E-3,,,,,12.2000001E-6,-19.9999996E-3,
,,,12.2399997E-6,199.99998808E-3,,,,,12.2399997E-6,-59.999998659E-3,
,,,12.2800002E-6,179.99999225E-3,,,,,12.2800002E-6,-19.9999996E-3,
,,,12.3199998E-6,199.99998808E-3,,,,,12.3199998E-6,0.0,
,,,12.3599993E-6,140.0000006E-3,,,,,12.3599993E-6,-39.99999911E-3,
,,,12.3999998E-6,159.99999642E-3,,,,,12.3999998E-6,-19.9999996E-3,
,,,12.4399994E-6,140.0000006E-3,,,,,12.4399994E-6,-19.9999996E-3,
,,,12.4799999E-6,99.999994040E-3,,,,,12.4799999E-6,0.0,
,,,12.5199995E-6,79.999998212E-3,,,,,12.5199995E-6,-39.99999911E-3,
,,,12.5600000E-6,99.999994040E-3,,,,,12.5600000E-6,-39.99999911E-3,
,,,12.5999995E-6,79.999998212E-3,,,,,12.5999995E-6,0.0,
,,,12.6400000E-6,79.999998212E-3,,,,,12.6400000E-6,19.9999996E-3,
,,,12.6799996E-6,59.999998659E-3,,,,,12.6799996E-6,0.0,
,,,12.7200001E-6,19.9999996E-3,,,,,12.7200001E-6,0.0,
,,,12.7599997E-6,39.99999911E-3,,,,,12.7599997E-6,0.0,
,,,12.8000001E-6,0.0,,,,,12.8000001E-6,0.0,
,,,12.8399997E-6,0.0,,,,,12.8399997E-6,39.99999911E-3,
,,,12.8799993E-6,-39.99999911E-3,,,,,12.8799993E-6,19.9999996E-3,
,,,12.9199998E-6,-39.99999911E-3,,,,,12.9199998E-6,39.99999911E-3,
,,,12.9599994E-6,-59.999998659E-3,,,,,12.9599994E-6,19.9999996E-3,
,,,12.9999999E-6,-59.999998659E-3,,,,,12.9999999E-6,39.99999911E-3,
,,,13.0399994E-6,-79.999998212E-3,,,,,13.0399994E-6,39.99999911E-3,
,,,13.0799999E-6,-79.999998212E-3,,,,,13.0799999E-6,19.9999996E-3,
,,,13.1199995E-6,-99.999994040E-3,,,,,13.1199995E-6,19.9999996E-3,
,,,13.1600000E-6,-119.9999973E-3,,,,,13.1600000E-6,39.99999911E-3,
,,,13.1999996E-6,-159.99999642E-3,,,,,13.1999996E-6,59.999998659E-3,
,,,13.2400000E-6,-159.99999642E-3,,,,,13.2400000E-6,19.9999996E-3,
,,,13.2799996E-6,-159.99999642E-3,,,,,13.2799996E-6,59.999998659E-3,
,,,13.3200001E-6,-159.99999642E-3,,,,,13.3200001E-6,39.99999911E-3,
,,,13.3599997E-6,-199.99998808E-3,,,,,13.3599997E-6,99.999994040E-3,
,,,13.4000002E-6,-199.99998808E-3,,,,,13.4000002E-6,59.999998659E-3,
,,,13.4399997E-6,-179.99999225E-3,,,,,13.4399997E-6,59.999998659E-3,
,,,13.4799993E-6,-219.99999881E-3,,,,,13.4799993E-6,39.99999911E-3,
,,,13.5199998E-6,-219.99999881E-3,,,,,13.5199998E-6,59.999998659E-3,
,,,13.5599994E-6,-239.99999464E-3,,,,,13.5599994E-6,79.999998212E-3,
,,,13.5999999E-6,-219.99999881E-3,,,,,13.5999999E-6,79.999998212E-3,
,,,13.6399995E-6,-259.99999046E-3,,,,,13.6399995E-6,59.999998659E-3,
,,,13.6799999E-6,-239.99999464E-3,,,,,13.6799999E-6,59.999998659E-3,
,,,13.7199995E-6,-280.00000119E-3,,,,,13.7199995E-6,119.9999973E-3,
,,,13.7600000E-6,-280.00000119E-3,,,,,13.7600000E-6,79.999998212E-3,
,,,13.7999996E-6,-299.99998212E-3,,,,,13.7999996E-6,99.999994040E-3,
,,,13.8400001E-6,-299.99998212E-3,,,,,13.8400001E-6,79.999998212E-3,
,,,13.8799996E-6,-319.99999285E-3,,,,,13.8799996E-6,99.999994040E-3,
,,,13.9200001E-6,-319.99999285E-3,,,,,13.9200001E-6,99.999994040E-3,
,,,13.9599997E-6,-340.00000358E-3,,,,,13.9599997E-6,99.999994040E-3,
,,,13.9999993E-6,-340.00000358E-3,,,,,13.9999993E-6,79.999998212E-3,
,,,14.0399998E-6,-379.99999523E-3,,,,,14.0399998E-6,99.999994040E-3,
,,,14.0799993E-6,-399.99997616E-3,,,,,14.0799993E-6,99.999994040E-3,
,,,14.1199998E-6,-379.99999523E-3,,,,,14.1199998E-6,119.9999973E-3,
,,,14.1599994E-6,-379.99999523E-3,,,,,14.1599994E-6,99.999994040E-3,
,,,14.1999999E-6,-399.99997616E-3,,,,,14.1999999E-6,99.999994040E-3,
,,,14.2399995E-6,-379.99999523E-3,,,,,14.2399995E-6,119.9999973E-3,
,,,14.2800000E-6,-419.999986887E-3,,,,,14.2800000E-6,119.9999973E-3,
,,,14.3199995E-6,-419.999986887E-3,,,,,14.3199995E-6,119.9999973E-3,
,,,14.3600000E-6,-439.999997616E-3,,,,,14.3600000E-6,119.9999973E-3,
,,,14.3999996E-6,-439.999997616E-3,,,,,14.3999996E-6,99.999994040E-3,
,,,14.4400001E-6,-439.999997616E-3,,,,,14.4400001E-6,119.9999973E-3,
,,,14.4799997E-6,-419.999986887E-3,,,,,14.4799997E-6,159.99999642E-3,
,,,14.5200001E-6,-459.999978542E-3,,,,,14.5200001E-6,140.0000006E-3,
,,,14.5599997E-6,-439.999997616E-3,,,,,14.5599997E-6,140.0000006E-3,
,,,14.5999993E-6,-459.999978542E-3,,,,,14.5999993E-6,119.9999973E-3,
,,,14.6399998E-6,-439.999997616E-3,,,,,14.6399998E-6,119.9999973E-3,
,,,14.6799994E-6,-500.000000000E-3,,,,,14.6799994E-6,99.999994040E-3,
,,,14.7199999E-6,-479.999989271E-3,,,,,14.7199999E-6,119.9999973E-3,
,,,14.7599994E-6,-459.999978542E-3,,,,,14.7599994E-6,119.9999973E-3,
,,,14.7999999E-6,-479.999989271E-3,,,,,14.7999999E-6,159.99999642E-3,
,,,14.8399995E-6,-500.000000000E-3,,,,,14.8399995E-6,119.9999973E-3,
,,,14.8800000E-6,-519.999980927E-3,,,,,14.8800000E-6,99.999994040E-3,
,,,14.9199996E-6,-500.000000000E-3,,,,,14.9199996E-6,119.9999973E-3,
,,,14.9600000E-6,-500.000000000E-3,,,,,14.9600000E-6,140.0000006E-3,
,,,14.9999996E-6,-519.999980927E-3,,,,,14.9999996E-6,140.0000006E-3,
,,,15.0400001E-6,-500.000000000E-3,,,,,15.0400001E-6,140.0000006E-3,
,,,15.0799997E-6,-519.999980927E-3,,,,,15.0799997E-6,140.0000006E-3,
,,,15.1200002E-6,-519.999980927E-3,,,,,15.1200002E-6,119.9999973E-3,
,,,15.1599997E-6,-459.999978542E-3,,,,,15.1599997E-6,140.0000006E-3,
,,,15.1999993E-6,-519.999980927E-3,,,,,15.1999993E-6,119.9999973E-3,
,,,15.2399998E-6,-500.000000000E-3,,,,,15.2399998E-6,159.99999642E-3,
,,,15.2800003E-6,-500.000000000E-3,,,,,15.2800003E-6,119.9999973E-3,
,,,15.3199999E-6,-479.999989271E-3,,,,,15.3199999E-6,140.0000006E-3,
,,,15.3599995E-6,-519.999980927E-3,,,,,15.3599995E-6,159.99999642E-3,
,,,15.3999990E-6,-500.000000000E-3,,,,,15.3999990E-6,140.0000006E-3,
,,,15.4400004E-6,-519.999980927E-3,,,,,15.4400004E-6,140.0000006E-3,
,,,15.4800000E-6,-519.999980927E-3,,,,,15.4800000E-6,140.0000006E-3,
,,,15.5199996E-6,-479.999989271E-3,,,,,15.5199996E-6,140.0000006E-3,
,,,15.5599992E-6,-500.000000000E-3,,,,,15.5599992E-6,179.99999225E-3,
,,,15.6000006E-6,-519.999980927E-3,,,,,15.6000006E-6,99.999994040E-3,
,,,15.6400001E-6,-479.999989271E-3,,,,,15.6400001E-6,140.0000006E-3,
,,,15.6799997E-6,-479.999989271E-3,,,,,15.6799997E-6,99.999994040E-3,
,,,15.7199993E-6,-479.999989271E-3,,,,,15.7199993E-6,140.0000006E-3,
,,,15.7599989E-6,-459.999978542E-3,,,,,15.7599989E-6,159.99999642E-3,
,,,15.8000003E-6,-479.999989271E-3,,,,,15.8000003E-6,140.0000006E-3,
,,,15.8399998E-6,-479.999989271E-3,,,,,15.8399998E-6,140.0000006E-3,
,,,15.8799994E-6,-459.999978542E-3,,,,,15.8799994E-6,119.9999973E-3,
,,,15.9199990E-6,-500.000000000E-3,,,,,15.9199990E-6,140.0000006E-3,
,,,15.9600004E-6,-459.999978542E-3,,,,,15.9600004E-6,99.999994040E-3,
,,,16.0000000E-6,-439.999997616E-3,,,,,16.0000000E-6,119.9999973E-3,
,,,16.0399995E-6,-439.999997616E-3,,,,,16.0399995E-6,119.9999973E-3,
,,,16.0799991E-6,-439.999997616E-3,,,,,16.0799991E-6,119.9999973E-3,
,,,16.1200005E-6,-459.999978542E-3,,,,,16.1200005E-6,140.0000006E-3,
,,,16.1600001E-6,-439.999997616E-3,,,,,16.1600001E-6,119.9999973E-3,
,,,16.1999997E-6,-439.999997616E-3,,,,,16.1999997E-6,119.9999973E-3,
,,,16.2399992E-6,-419.999986887E-3,,,,,16.2399992E-6,119.9999973E-3,
,,,16.2799988E-6,-419.999986887E-3,,,,,16.2799988E-6,119.9999973E-3,
,,,16.3200002E-6,-419.999986887E-3,,,,,16.3200002E-6,99.999994040E-3,
,,,16.3599998E-6,-399.99997616E-3,,,,,16.3599998E-6,119.9999973E-3,
,,,16.3999994E-6,-419.999986887E-3,,,,,16.3999994E-6,119.9999973E-3,
,,,16.4399989E-6,-379.99999523E-3,,,,,16.4399989E-6,99.999994040E-3,
,,,16.4800003E-6,-399.99997616E-3,,,,,16.4800003E-6,99.999994040E-3,
,,,16.5199999E-6,-359.99998450E-3,,,,,16.5199999E-6,99.999994040E-3,
,,,16.5599995E-6,-340.00000358E-3,,,,,16.5599995E-6,79.999998212E-3,
,,,16.5999991E-6,-379.99999523E-3,,,,,16.5999991E-6,119.9999973E-3,
,,,16.6400005E-6,-340.00000358E-3,,,,,16.6400005E-6,99.999994040E-3,
,,,16.6800000E-6,-340.00000358E-3,,,,,16.6800000E-6,99.999994040E-3,
,,,16.7199996E-6,-319.99999285E-3,,,,,16.7199996E-6,79.999998212E-3,
,,,16.7599992E-6,-319.99999285E-3,,,,,16.7599992E-6,79.999998212E-3,
,,,16.8000006E-6,-319.99999285E-3,,,,,16.8000006E-6,99.999994040E-3,
,,,16.8400002E-6,-319.99999285E-3,,,,,16.8400002E-6,99.999994040E-3,
,,,16.8799997E-6,-299.99998212E-3,,,,,16.8799997E-6,99.999994040E-3,
,,,16.9199993E-6,-299.99998212E-3,,,,,16.9199993E-6,79.999998212E-3,
,,,16.9599989E-6,-299.99998212E-3,,,,,16.9599989E-6,99.999994040E-3,
,,,17.0000003E-6,-280.00000119E-3,,,,,17.0000003E-6,99.999994040E-3,
,,,17.0399999E-6,-259.99999046E-3,,,,,17.0399999E-6,79.999998212E-3,
,,,17.0799995E-6,-239.99999464E-3,,,,,17.0799995E-6,99.999994040E-3,
,,,17.1199990E-6,-259.99999046E-3,,,,,17.1199990E-6,79.999998212E-3,
,,,17.1600004E-6,-259.99999046E-3,,,,,17.1600004E-6,99.999994040E-3,
,,,17.2000000E-6,-199.99998808E-3,,,,,17.2000000E-6,79.999998212E-3,
,,,17.2399996E-6,-199.99998808E-3,,,,,17.2399996E-6,59.999998659E-3,
,,,17.2799992E-6,-219.99999881E-3,,,,,17.2799992E-6,79.999998212E-3,
,,,17.3200006E-6,-199.99998808E-3,,,,,17.3200006E-6,99.999994040E-3,
,,,17.3600001E-6,-179.99999225E-3,,,,,17.3600001E-6,99.999994040E-3,
,,,17.3999997E-6,-179.99999225E-3,,,,,17.3999997E-6,79.999998212E-3,
,,,17.4399993E-6,-159.99999642E-3,,,,,17.4399993E-6,79.999998212E-3,
,,,17.4799989E-6,-140.0000006E-3,,,,,17.4799989E-6,59.999998659E-3,
,,,17.5200003E-6,-140.0000006E-3,,,,,17.5200003E-6,59.999998659E-3,
,,,17.5599998E-6,-140.0000006E-3,,,,,17.5599998E-6,39.99999911E-3,
,,,17.5999994E-6,-119.9999973E-3,,,,,17.5999994E-6,59.999998659E-3,
,,,17.6399990E-6,-99.999994040E-3,,,,,17.6399990E-6,39.99999911E-3,
,,,17.6800004E-6,-119.9999973E-3,,,,,17.6800004E-6,59.999998659E-3,
,,,17.7200000E-6,-119.9999973E-3,,,,,17.7200000E-6,39.99999911E-3,
,,,17.7599995E-6,-79.999998212E-3,,,,,17.7599995E-6,59.999998659E-3,
,,,17.7999991E-6,-59.999998659E-3,,,,,17.7999991E-6,19.9999996E-3,
,,,17.8400005E-6,-59.999998659E-3,,,,,17.8400005E-6,39.99999911E-3,
,,,17.8800001E-6,-39.99999911E-3,,,,,17.8800001E-6,39.99999911E-3,
,,,17.9199997E-6,-39.99999911E-3,,,,,17.9199997E-6,59.999998659E-3,
,,,17.9599992E-6,-19.9999996E-3,,,,,17.9599992E-6,19.9999996E-3,
,,,17.9999988E-6,-39.99999911E-3,,,,,17.9999988E-6,39.99999911E-3,
,,,18.0400002E-6,-19.9999996E-3,,,,,18.0400002E-6,19.9999996E-3,
,,,18.0799998E-6,19.9999996E-3,,,,,18.0799998E-6,19.9999996E-3,
,,,18.1199994E-6,19.9999996E-3,,,,,18.1199994E-6,39.99999911E-3,
,,,18.1599989E-6,19.9999996E-3,,,,,18.1599989E-6,39.99999911E-3,
,,,18.2000003E-6,0.0,,,,,18.2000003E-6,19.9999996E-3,
,,,18.2399999E-6,39.99999911E-3,,,,,18.2399999E-6,0.0,
,,,18.2799995E-6,19.9999996E-3,,,,,18.2799995E-6,-19.9999996E-3,
,,,18.3199991E-6,59.999998659E-3,,,,,18.3199991E-6,19.9999996E-3,
,,,18.3600005E-6,59.999998659E-3,,,,,18.3600005E-6,19.9999996E-3,
,,,18.4000000E-6,99.999994040E-3,,,,,18.4000000E-6,0.0,
,,,18.4399996E-6,99.999994040E-3,,,,,18.4399996E-6,19.9999996E-3,
,,,18.4799992E-6,119.9999973E-3,,,,,18.4799992E-6,0.0,
,,,18.5200006E-6,119.9999973E-3,,,,,18.5200006E-6,19.9999996E-3,
,,,18.5600002E-6,99.999994040E-3,,,,,18.5600002E-6,19.9999996E-3,
,,,18.5999997E-6,99.999994040E-3,,,,,18.5999997E-6,0.0,
,,,18.6399993E-6,119.9999973E-3,,,,,18.6399993E-6,0.0,
,,,18.6799989E-6,99.999994040E-3,,,,,18.6799989E-6,19.9999996E-3,
,,,18.7200003E-6,119.9999973E-3,,,,,18.7200003E-6,0.0,
,,,18.7599999E-6,119.9999973E-3,,,,,18.7599999E-6,-19.9999996E-3,
,,,18.7999995E-6,119.9999973E-3,,,,,18.7999995E-6,0.0,
,,,18.8399990E-6,140.0000006E-3,,,,,18.8399990E-6,-39.99999911E-3,
,,,18.8800004E-6,179.99999225E-3,,,,,18.8800004E-6,0.0,
,,,18.9200000E-6,179.99999225E-3,,,,,18.9200000E-6,0.0,
,,,18.9599996E-6,199.99998808E-3,,,,,18.9599996E-6,-19.9999996E-3,
,,,18.9999992E-6,199.99998808E-3,,,,,18.9999992E-6,-19.9999996E-3,
,,,19.0400006E-6,199.99998808E-3,,,,,19.0400006E-6,-19.9999996E-3,
,,,19.0800001E-6,219.99999881E-3,,,,,19.0800001E-6,-19.9999996E-3,
,,,19.1199997E-6,239.99999464E-3,,,,,19.1199997E-6,-59.999998659E-3,
,,,19.1599993E-6,239.99999464E-3,,,,,19.1599993E-6,-19.9999996E-3,
,,,19.1999989E-6,259.99999046E-3,,,,,19.1999989E-6,-19.9999996E-3,
,,,19.2400003E-6,259.99999046E-3,,,,,19.2400003E-6,-19.9999996E-3,
,,,19.2799998E-6,259.99999046E-3,,,,,19.2799998E-6,0.0,
,,,19.3199994E-6,239.99999464E-3,,,,,19.3199994E-6,-39.99999911E-3,
,,,19.3599990E-6,280.00000119E-3,,,,,19.3599990E-6,-39.99999911E-3,
,,,19.4000004E-6,280.00000119E-3,,,,,19.4000004E-6,-59.999998659E-3,
,,,19.4400000E-6,280.00000119E-3,,,,,19.4400000E-6,-39.99999911E-3,
,,,19.4799995E-6,259.99999046E-3,,,,,19.4799995E-6,-39.99999911E-3,
,,,19.5199991E-6,299.99998212E-3,,,,,19.5199991E-6,-39.99999911E-3,
,,,19.5600005E-6,280.00000119E-3,,,,,19.5600005E-6,-59.999998659E-3,
,,,19.6000001E-6,239.99999464E-3,,,,,19.6000001E-6,-39.99999911E-3,
,,,19.6399997E-6,280.00000119E-3,,,,,19.6399997E-6,-39.99999911E-3,
,,,19.6799992E-6,280.00000119E-3,,,,,19.6799992E-6,-59.999998659E-3,
,,,19.7199988E-6,299.99998212E-3,,,,,19.7199988E-6,-19.9999996E-3,
,,,19.7600002E-6,280.00000119E-3,,,,,19.7600002E-6,-19.9999996E-3,
,,,19.7999998E-6,259.99999046E-3,,,,,19.7999998E-6,-19.9999996E-3,
,,,19.8399994E-6,259.99999046E-3,,,,,19.8399994E-6,-19.9999996E-3,
,,,19.8799989E-6,280.00000119E-3,,,,,19.8799989E-6,-19.9999996E-3,
,,,19.9200003E-6,299.99998212E-3,,,,,19.9200003E-6,-19.9999996E-3,
,,,19.9599999E-6,299.99998212E-3,,,,,19.9599999E-6,-39.99999911E-3,
,,,19.9999995E-6,299.99998212E-3,,,,,19.9999995E-6,-39.99999911E-3,
,,,20.0399991E-6,299.99998212E-3,,,,,20.0399991E-6,-39.99999911E-3,
,,,20.0800005E-6,280.00000119E-3,,,,,20.0800005E-6,-19.9999996E-3,
,,,20.12000004E-6,280.00000119E-3,,,,,20.12000004E-6,-39.99999911E-3,
,,,20.15999962E-6,319.99999285E-3,,,,,20.15999962E-6,-39.99999911E-3,
,,,20.19999920E-6,299.99998212E-3,,,,,20.19999920E-6,-39.99999911E-3,
,,,20.24000059E-6,319.99999285E-3,,,,,20.24000059E-6,-19.9999996E-3,
,,,20.28000017E-6,319.99999285E-3,,,,,20.28000017E-6,-59.999998659E-3,
,,,20.31999975E-6,319.99999285E-3,,,,,20.31999975E-6,-59.999998659E-3,
,,,20.35999933E-6,280.00000119E-3,,,,,20.35999933E-6,-39.99999911E-3,
,,,20.39999890E-6,299.99998212E-3,,,,,20.39999890E-6,-19.9999996E-3,
,,,20.44000030E-6,319.99999285E-3,,,,,20.44000030E-6,-39.99999911E-3,
,,,20.47999988E-6,299.99998212E-3,,,,,20.47999988E-6,-39.99999911E-3,
,,,20.51999945E-6,299.99998212E-3,,,,,20.51999945E-6,-39.99999911E-3,
,,,20.55999903E-6,299.99998212E-3,,,,,20.55999903E-6,-39.99999911E-3,
,,,20.60000043E-6,319.99999285E-3,,,,,20.60000043E-6,-59.999998659E-3,
,,,20.64000000E-6,299.99998212E-3,,,,,20.64000000E-6,-39.99999911E-3,
,,,20.67999958E-6,299.99998212E-3,,,,,20.67999958E-6,-39.99999911E-3,
,,,20.71999916E-6,259.99999046E-3,,,,,20.71999916E-6,-59.999998659E-3,
,,,20.76000055E-6,280.00000119E-3,,,,,20.76000055E-6,-39.99999911E-3,
,,,20.80000013E-6,259.99999046E-3,,,,,20.80000013E-6,-19.9999996E-3,
,,,20.83999971E-6,280.00000119E-3,,,,,20.83999971E-6,-39.99999911E-3,
,,,20.87999928E-6,280.00000119E-3,,,,,20.87999928E-6,-39.99999911E-3,
,,,20.91999886E-6,280.00000119E-3,,,,,20.91999886E-6,-39.99999911E-3,
,,,20.96000026E-6,259.99999046E-3,,,,,20.96000026E-6,-39.99999911E-3,
,,,20.99999983E-6,280.00000119E-3,,,,,20.99999983E-6,-39.99999911E-3,
,,,21.03999941E-6,259.99999046E-3,,,,,21.03999941E-6,-39.99999911E-3,
,,,21.07999899E-6,259.99999046E-3,,,,,21.07999899E-6,-39.99999911E-3,
,,,21.12000038E-6,219.99999881E-3,,,,,21.12000038E-6,-39.99999911E-3,
,,,21.15999996E-6,239.99999464E-3,,,,,21.15999996E-6,-39.99999911E-3,
,,,21.19999954E-6,239.99999464E-3,,,,,21.19999954E-6,-39.99999911E-3,
,,,21.23999911E-6,219.99999881E-3,,,,,21.23999911E-6,0.0,
,,,21.28000051E-6,239.99999464E-3,,,,,21.28000051E-6,0.0,
,,,21.32000009E-6,239.99999464E-3,,,,,21.32000009E-6,0.0,
,,,21.35999966E-6,239.99999464E-3,,,,,21.35999966E-6,-39.99999911E-3,
,,,21.39999924E-6,219.99999881E-3,,,,,21.39999924E-6,-19.9999996E-3,
,,,21.43999882E-6,199.99998808E-3,,,,,21.43999882E-6,-19.9999996E-3,
,,,21.48000021E-6,219.99999881E-3,,,,,21.48000021E-6,-39.99999911E-3,
,,,21.51999979E-6,179.99999225E-3,,,,,21.51999979E-6,-19.9999996E-3,
,,,21.55999937E-6,199.99998808E-3,,,,,21.55999937E-6,-39.99999911E-3,
,,,21.59999895E-6,179.99999225E-3,,,,,21.59999895E-6,-19.9999996E-3,
,,,21.64000034E-6,179.99999225E-3,,,,,21.64000034E-6,-19.9999996E-3,
,,,21.67999992E-6,159.99999642E-3,,,,,21.67999992E-6,-19.9999996E-3,
,,,21.71999949E-6,179.99999225E-3,,,,,21.71999949E-6,0.0,
,,,21.75999907E-6,159.99999642E-3,,,,,21.75999907E-6,-19.9999996E-3,
,,,21.80000047E-6,140.0000006E-3,,,,,21.80000047E-6,-19.9999996E-3,
,,,21.84000004E-6,159.99999642E-3,,,,,21.84000004E-6,-19.9999996E-3,
,,,21.87999962E-6,140.0000006E-3,,,,,21.87999962E-6,19.9999996E-3,
,,,21.91999920E-6,119.9999973E-3,,,,,21.91999920E-6,0.0,
,,,21.96000059E-6,119.9999973E-3,,,,,21.96000059E-6,0.0,
,,,22.00000017E-6,119.9999973E-3,,,,,22.00000017E-6,0.0,
,,,22.03999975E-6,140.0000006E-3,,,,,22.03999975E-6,0.0,
,,,22.07999933E-6,99.999994040E-3,,,,,22.07999933E-6,0.0,
,,,22.11999890E-6,119.9999973E-3,,,,,22.11999890E-6,39.99999911E-3,
,,,22.16000030E-6,59.999998659E-3,,,,,22.16000030E-6,0.0,
,,,22.19999988E-6,79.999998212E-3,,,,,22.19999988E-6,0.0,
,,,22.23999945E-6,79.999998212E-3,,,,,22.23999945E-6,0.0,
,,,22.27999903E-6,79.999998212E-3,,,,,22.27999903E-6,19.9999996E-3,
,,,22.32000043E-6,79.999998212E-3,,,,,22.32000043E-6,19.9999996E-3,
,,,22.36000000E-6,59.999998659E-3,,,,,22.36000000E-6,0.0,
,,,22.39999958E-6,59.999998659E-3,,,,,22.39999958E-6,39.99999911E-3,
,,,22.43999916E-6,39.99999911E-3,,,,,22.43999916E-6,39.99999911E-3,
,,,22.48000055E-6,39.99999911E-3,,,,,22.48000055E-6,39.99999911E-3,
,,,22.52000013E-6,19.9999996E-3,,,,,22.52000013E-6,0.0,
,,,22.55999971E-6,39.99999911E-3,,,,,22.55999971E-6,19.9999996E-3,
,,,22.59999928E-6,19.9999996E-3,,,,,22.59999928E-6,0.0,
,,,22.63999886E-6,0.0,,,,,22.63999886E-6,19.9999996E-3,
,,,22.68000026E-6,0.0,,,,,22.68000026E-6,39.99999911E-3,
,,,22.71999983E-6,0.0,,,,,22.71999983E-6,39.99999911E-3,
,,,22.75999941E-6,0.0,,,,,22.75999941E-6,19.9999996E-3,
,,,22.79999899E-6,-19.9999996E-3,,,,,22.79999899E-6,39.99999911E-3,
,,,22.84000038E-6,-39.99999911E-3,,,,,22.84000038E-6,39.99999911E-3,
,,,22.87999996E-6,-39.99999911E-3,,,,,22.87999996E-6,59.999998659E-3,
,,,22.91999954E-6,-59.999998659E-3,,,,,22.91999954E-6,39.99999911E-3,
,,,22.95999911E-6,-39.99999911E-3,,,,,22.95999911E-6,39.99999911E-3,
,,,23.00000051E-6,-59.999998659E-3,,,,,23.00000051E-6,39.99999911E-3,
,,,23.04000009E-6,-59.999998659E-3,,,,,23.04000009E-6,39.99999911E-3,
,,,23.07999966E-6,-79.999998212E-3,,,,,23.07999966E-6,19.9999996E-3,
,,,23.11999924E-6,-79.999998212E-3,,,,,23.11999924E-6,39.99999911E-3,
,,,23.15999882E-6,-99.999994040E-3,,,,,23.15999882E-6,59.999998659E-3,
,,,23.20000021E-6,-119.9999973E-3,,,,,23.20000021E-6,39.99999911E-3,
,,,23.23999979E-6,-140.0000006E-3,,,,,23.23999979E-6,79.999998212E-3,
,,,23.27999937E-6,-119.9999973E-3,,,,,23.27999937E-6,39.99999911E-3,
,,,23.31999895E-6,-119.9999973E-3,,,,,23.31999895E-6,39.99999911E-3,
,,,23.36000034E-6,-140.0000006E-3,,,,,23.36000034E-6,39.99999911E-3,
,,,23.39999992E-6,-140.0000006E-3,,,,,23.39999992E-6,39.99999911E-3,
,,,23.43999950E-6,-140.0000006E-3,,,,,23.43999950E-6,59.999998659E-3,
,,,23.47999907E-6,-159.99999642E-3,,,,,23.47999907E-6,59.999998659E-3,
,,,23.52000047E-6,-159.99999642E-3,,,,,23.52000047E-6,59.999998659E-3,
,,,23.56000005E-6,-140.0000006E-3,,,,,23.56000005E-6,59.999998659E-3,
,,,23.59999962E-6,-159.99999642E-3,,,,,23.59999962E-6,59.999998659E-3,
,,,23.63999920E-6,-159.99999642E-3,,,,,23.63999920E-6,59.999998659E-3,
,,,23.67999878E-6,-179.99999225E-3,,,,,23.67999878E-6,79.999998212E-3,
,,,23.72000017E-6,-199.99998808E-3,,,,,23.72000017E-6,79.999998212E-3,
,,,23.75999975E-6,-199.99998808E-3,,,,,23.75999975E-6,59.999998659E-3,
,,,23.79999933E-6,-199.99998808E-3,,,,,23.79999933E-6,59.999998659E-3,
,,,23.83999890E-6,-219.99999881E-3,,,,,23.83999890E-6,59.999998659E-3,
,,,23.88000030E-6,-179.99999225E-3,,,,,23.88000030E-6,59.999998659E-3,
,,,23.91999988E-6,-199.99998808E-3,,,,,23.91999988E-6,79.999998212E-3,
,,,23.95999945E-6,-219.99999881E-3,,,,,23.95999945E-6,79.999998212E-3,
,,,23.99999903E-6,-199.99998808E-3,,,,,23.99999903E-6,79.999998212E-3,
,,,24.04000043E-6,-259.99999046E-3,,,,,24.04000043E-6,79.999998212E-3,
,,,24.08000000E-6,-219.99999881E-3,,,,,24.08000000E-6,79.999998212E-3,
,,,24.11999958E-6,-219.99999881E-3,,,,,24.11999958E-6,59.999998659E-3,
,,,24.15999916E-6,-239.99999464E-3,,,,,24.15999916E-6,79.999998212E-3,
,,,24.20000055E-6,-259.99999046E-3,,,,,24.20000055E-6,99.999994040E-3,
,,,24.24000013E-6,-259.99999046E-3,,,,,24.24000013E-6,99.999994040E-3,
,,,24.27999971E-6,-259.99999046E-3,,,,,24.27999971E-6,79.999998212E-3,
,,,24.31999928E-6,-280.00000119E-3,,,,,24.31999928E-6,59.999998659E-3,
,,,24.35999886E-6,-280.00000119E-3,,,,,24.35999886E-6,79.999998212E-3,
,,,24.40000026E-6,-239.99999464E-3,,,,,24.40000026E-6,59.999998659E-3,
,,,24.43999983E-6,-280.00000119E-3,,,,,24.43999983E-6,79.999998212E-3,
,,,24.47999941E-6,-280.00000119E-3,,,,,24.47999941E-6,79.999998212E-3,
,,,24.51999899E-6,-299.99998212E-3,,,,,24.51999899E-6,79.999998212E-3,
,,,24.56000038E-6,-280.00000119E-3,,,,,24.56000038E-6,59.999998659E-3,
,,,24.59999996E-6,-299.99998212E-3,,,,,24.59999996E-6,99.999994040E-3,
,,,24.63999954E-6,-280.00000119E-3,,,,,24.63999954E-6,79.999998212E-3,
,,,24.67999911E-6,-280.00000119E-3,,,,,24.67999911E-6,79.999998212E-3,
,,,24.72000051E-6,-280.00000119E-3,,,,,24.72000051E-6,79.999998212E-3,
,,,24.76000009E-6,-299.99998212E-3,,,,,24.76000009E-6,119.9999973E-3,
,,,24.79999966E-6,-259.99999046E-3,,,,,24.79999966E-6,99.999994040E-3,
,,,24.83999924E-6,-299.99998212E-3,,,,,24.83999924E-6,79.999998212E-3,
,,,24.87999882E-6,-280.00000119E-3,,,,,24.87999882E-6,79.999998212E-3,
,,,24.92000021E-6,-299.99998212E-3,,,,,24.92000021E-6,79.999998212E-3,
,,,24.95999979E-6,-299.99998212E-3,,,,,24.95999979E-6,79.999998212E-3,
,,,24.99999937E-6,-319.99999285E-3,,,,,24.99999937E-6,79.999998212E-3,
,,,25.03999895E-6,-280.00000119E-3,,,,,25.03999895E-6,79.999998212E-3,
,,,25.08000034E-6,-299.99998212E-3,,,,,25.08000034E-6,99.999994040E-3,
,,,25.11999992E-6,-319.99999285E-3,,,,,25.11999992E-6,79.999998212E-3,
,,,25.15999950E-6,-299.99998212E-3,,,,,25.15999950E-6,79.999998212E-3,
,,,25.19999907E-6,-299.99998212E-3,,,,,25.19999907E-6,99.999994040E-3,
,,,25.24000047E-6,-299.99998212E-3,,,,,25.24000047E-6,99.999994040E-3,
,,,25.28000005E-6,-299.99998212E-3,,,,,25.28000005E-6,99.999994040E-3,
,,,25.31999962E-6,-299.99998212E-3,,,,,25.31999962E-6,79.999998212E-3,
,,,25.35999920E-6,-299.99998212E-3,,,,,25.35999920E-6,99.999994040E-3,
,,,25.39999878E-6,-299.99998212E-3,,,,,25.39999878E-6,99.999994040E-3,
,,,25.44000017E-6,-280.00000119E-3,,,,,25.44000017E-6,99.999994040E-3,
,,,25.47999975E-6,-280.00000119E-3,,,,,25.47999975E-6,59.999998659E-3,
,,,25.51999933E-6,-299.99998212E-3,,,,,25.51999933E-6,79.999998212E-3,
,,,25.55999890E-6,-299.99998212E-3,,,,,25.55999890E-6,79.999998212E-3,
,,,25.60000030E-6,-280.00000119E-3,,,,,25.60000030E-6,99.999994040E-3,
,,,25.63999988E-6,-280.00000119E-3,,,,,25.63999988E-6,59.999998659E-3,
,,,25.67999945E-6,-280.00000119E-3,,,,,25.67999945E-6,79.999998212E-3,
,,,25.71999903E-6,-280.00000119E-3,,,,,25.71999903E-6,79.999998212E-3,
,,,25.76000043E-6,-280.00000119E-3,,,,,25.76000043E-6,79.999998212E-3,
,,,25.80000000E-6,-280.00000119E-3,,,,,25.80000000E-6,79.999998212E-3,
,,,25.83999958E-6,-280.00000119E-3,,,,,25.83999958E-6,79.999998212E-3,
,,,25.87999916E-6,-280.00000119E-3,,,,,25.87999916E-6,79.999998212E-3,
,,,25.92000055E-6,-299.99998212E-3,,,,,25.92000055E-6,79.999998212E-3,
,,,25.96000013E-6,-259.99999046E-3,,,,,25.96000013E-6,79.999998212E-3,
,,,25.99999971E-6,-259.99999046E-3,,,,,25.99999971E-6,79.999998212E-3,
,,,26.03999928E-6,-280.00000119E-3,,,,,26.03999928E-6,59.999998659E-3,
,,,26.07999886E-6,-280.00000119E-3,,,,,26.07999886E-6,99.999994040E-3,
,,,26.12000026E-6,-259.99999046E-3,,,,,26.12000026E-6,99.999994040E-3,
,,,26.15999983E-6,-259.99999046E-3,,,,,26.15999983E-6,59.999998659E-3,
,,,26.19999941E-6,-280.00000119E-3,,,,,26.19999941E-6,79.999998212E-3,
,,,26.23999899E-6,-219.99999881E-3,,,,,26.23999899E-6,59.999998659E-3,
,,,26.28000038E-6,-239.99999464E-3,,,,,26.28000038E-6,79.999998212E-3,
,,,26.31999996E-6,-219.99999881E-3,,,,,26.31999996E-6,59.999998659E-3,
,,,26.35999954E-6,-259.99999046E-3,,,,,26.35999954E-6,79.999998212E-3,
,,,26.39999911E-6,-239.99999464E-3,,,,,26.39999911E-6,79.999998212E-3,
,,,26.44000051E-6,-239.99999464E-3,,,,,26.44000051E-6,99.999994040E-3,
,,,26.48000009E-6,-219.99999881E-3,,,,,26.48000009E-6,59.999998659E-3,
,,,26.51999966E-6,-219.99999881E-3,,,,,26.51999966E-6,79.999998212E-3,
,,,26.55999924E-6,-219.99999881E-3,,,,,26.55999924E-6,79.999998212E-3,
,,,26.59999882E-6,-199.99998808E-3,,,,,26.59999882E-6,79.999998212E-3,
,,,26.64000021E-6,-199.99998808E-3,,,,,26.64000021E-6,59.999998659E-3,
,,,26.67999979E-6,-199.99998808E-3,,,,,26.67999979E-6,79.999998212E-3,
,,,26.71999937E-6,-199.99998808E-3,,,,,26.71999937E-6,79.999998212E-3,
,,,26.75999895E-6,-199.99998808E-3,,,,,26.75999895E-6,39.99999911E-3,
,,,26.80000034E-6,-179.99999225E-3,,,,,26.80000034E-6,59.999998659E-3,
,,,26.83999992E-6,-159.99999642E-3,,,,,26.83999992E-6,79.999998212E-3,
,,,26.87999950E-6,-159.99999642E-3,,,,,26.87999950E-6,59.999998659E-3,
,,,26.91999907E-6,-159.99999642E-3,,,,,26.91999907E-6,59.999998659E-3,
,,,26.96000047E-6,-179.99999225E-3,,,,,26.96000047E-6,59.999998659E-3,
,,,27.00000005E-6,-159.99999642E-3,,,,,27.00000005E-6,59.999998659E-3,
,,,27.03999962E-6,-159.99999642E-3,,,,,27.03999962E-6,39.99999911E-3,
,,,27.07999920E-6,-140.0000006E-3,,,,,27.07999920E-6,59.999998659E-3,
,,,27.11999878E-6,-140.0000006E-3,,,,,27.11999878E-6,79.999998212E-3,
,,,27.16000017E-6,-140.0000006E-3,,,,,27.16000017E-6,59.999998659E-3,
,,,27.19999975E-6,-140.0000006E-3,,,,,27.19999975E-6,79.999998212E-3,
,,,27.23999933E-6,-119.9999973E-3,,,,,27.23999933E-6,39.99999911E-3,
,,,27.27999890E-6,-140.0000006E-3,,,,,27.27999890E-6,19.9999996E-3,
,,,27.32000030E-6,-119.9999973E-3,,,,,27.32000030E-6,39.99999911E-3,
,,,27.35999988E-6,-119.9999973E-3,,,,,27.35999988E-6,39.99999911E-3,
,,,27.39999945E-6,-119.9999973E-3,,,,,27.39999945E-6,59.999998659E-3,
,,,27.43999903E-6,-99.999994040E-3,,,,,27.43999903E-6,39.99999911E-3,
,,,27.48000043E-6,-99.999994040E-3,,,,,27.48000043E-6,79.999998212E-3,
,,,27.52000000E-6,-99.999994040E-3,,,,,27.52000000E-6,39.99999911E-3,
,,,27.55999958E-6,-79.999998212E-3,,,,,27.55999958E-6,59.999998659E-3,
,,,27.59999916E-6,-59.999998659E-3,,,,,27.59999916E-6,39.99999911E-3,
,,,27.64000055E-6,-59.999998659E-3,,,,,27.64000055E-6,59.999998659E-3,
,,,27.68000013E-6,-39.99999911E-3,,,,,27.68000013E-6,39.99999911E-3,
,,,27.71999971E-6,-79.999998212E-3,,,,,27.71999971E-6,39.99999911E-3,
,,,27.75999928E-6,-39.99999911E-3,,,,,27.75999928E-6,39.99999911E-3,
,,,27.79999886E-6,-39.99999911E-3,,,,,27.79999886E-6,19.9999996E-3,
,,,27.84000026E-6,-39.99999911E-3,,,,,27.84000026E-6,39.99999911E-3,
,,,27.87999983E-6,-39.99999911E-3,,,,,27.87999983E-6,39.99999911E-3,
,,,27.91999941E-6,-19.9999996E-3,,,,,27.91999941E-6,39.99999911E-3,
,,,27.95999899E-6,0.0,,,,,27.95999899E-6,39.99999911E-3,
,,,28.00000038E-6,-39.99999911E-3,,,,,28.00000038E-6,59.999998659E-3,
,,,28.03999996E-6,-19.9999996E-3,,,,,28.03999996E-6,19.9999996E-3,
,,,28.07999954E-6,0.0,,,,,28.07999954E-6,0.0,
,,,28.11999912E-6,0.0,,,,,28.11999912E-6,19.9999996E-3,
,,,28.16000051E-6,0.0,,,,,28.16000051E-6,59.999998659E-3,
,,,28.20000009E-6,0.0,,,,,28.20000009E-6,19.9999996E-3,
,,,28.23999966E-6,19.9999996E-3,,,,,28.23999966E-6,19.9999996E-3,
,,,28.27999924E-6,19.9999996E-3,,,,,28.27999924E-6,19.9999996E-3,
,,,28.31999882E-6,19.9999996E-3,,,,,28.31999882E-6,0.0,
,,,28.36000021E-6,0.0,,,,,28.36000021E-6,19.9999996E-3,
,,,28.39999979E-6,59.999998659E-3,,,,,28.39999979E-6,19.9999996E-3,
,,,28.43999937E-6,19.9999996E-3,,,,,28.43999937E-6,19.9999996E-3,
,,,28.47999895E-6,39.99999911E-3,,,,,28.47999895E-6,39.99999911E-3,
,,,28.52000034E-6,59.999998659E-3,,,,,28.52000034E-6,39.99999911E-3,
,,,28.55999992E-6,39.99999911E-3,,,,,28.55999992E-6,-19.9999996E-3,
,,,28.59999950E-6,59.999998659E-3,,,,,28.59999950E-6,-19.9999996E-3,
,,,28.63999907E-6,59.999998659E-3,,,,,28.63999907E-6,0.0,
,,,28.68000047E-6,79.999998212E-3,,,,,28.68000047E-6,19.9999996E-3,
,,,28.72000005E-6,119.9999973E-3,,,,,28.72000005E-6,-19.9999996E-3,
,,,28.75999962E-6,79.999998212E-3,,,,,28.75999962E-6,39.99999911E-3,
,,,28.79999920E-6,79.999998212E-3,,,,,28.79999920E-6,19.9999996E-3,
,,,28.83999878E-6,79.999998212E-3,,,,,28.83999878E-6,0.0,
,,,28.88000017E-6,99.999994040E-3,,,,,28.88000017E-6,0.0,
,,,28.91999975E-6,99.999994040E-3,,,,,28.91999975E-6,-19.9999996E-3,
,,,28.95999933E-6,99.999994040E-3,,,,,28.95999933E-6,0.0,
,,,28.99999890E-6,99.999994040E-3,,,,,28.99999890E-6,-39.99999911E-3,
,,,29.04000030E-6,79.999998212E-3,,,,,29.04000030E-6,0.0,
,,,29.07999988E-6,99.999994040E-3,,,,,29.07999988E-6,0.0,
,,,29.11999945E-6,99.999994040E-3,,,,,29.11999945E-6,-19.9999996E-3,
,,,29.15999903E-6,99.999994040E-3,,,,,29.15999903E-6,0.0,
,,,29.20000043E-6,119.9999973E-3,,,,,29.20000043E-6,19.9999996E-3,
,,,29.24000000E-6,99.999994040E-3,,,,,29.24000000E-6,0.0,
,,,29.27999958E-6,99.999994040E-3,,,,,29.27999958E-6,-19.9999996E-3,
,,,29.31999916E-6,140.0000006E-3,,,,,29.31999916E-6,0.0,
,,,29.35999873E-6,119.9999973E-3,,,,,29.35999873E-6,0.0,
,,,29.40000013E-6,140.0000006E-3,,,,,29.40000013E-6,-19.9999996E-3,
,,,29.43999971E-6,119.9999973E-3,,,,,29.43999971E-6,0.0,
,,,29.47999928E-6,159.99999642E-3,,,,,29.47999928E-6,0.0,
,,,29.51999886E-6,140.0000006E-3,,,,,29.51999886E-6,-19.9999996E-3,
,,,29.56000026E-6,119.9999973E-3,,,,,29.56000026E-6,-19.9999996E-3,
,,,29.59999983E-6,140.0000006E-3,,,,,29.59999983E-6,-19.9999996E-3,
,,,29.63999941E-6,159.99999642E-3,,,,,29.63999941E-6,-19.9999996E-3,
,,,29.67999899E-6,159.99999642E-3,,,,,29.67999899E-6,0.0,
,,,29.72000038E-6,159.99999642E-3,,,,,29.72000038E-6,0.0,
,,,29.75999996E-6,140.0000006E-3,,,,,29.75999996E-6,-19.9999996E-3,
,,,29.79999954E-6,140.0000006E-3,,,,,29.79999954E-6,0.0,
,,,29.83999912E-6,140.0000006E-3,,,,,29.83999912E-6,0.0,
,,,29.88000051E-6,140.0000006E-3,,,,,29.88000051E-6,-39.99999911E-3,
,,,29.92000009E-6,140.0000006E-3,,,,,29.92000009E-6,0.0,
,,,29.95999967E-6,159.99999642E-3,,,,,29.95999967E-6,-19.9999996E-3,
,,,29.99999924E-6,179.99999225E-3,,,,,29.99999924E-6,-19.9999996E-3,
,,,30.03999882E-6,159.99999642E-3,,,,,30.03999882E-6,19.9999996E-3,
,,,30.08000022E-6,140.0000006E-3,,,,,30.08000022E-6,0.0,
,,,30.11999979E-6,140.0000006E-3,,,,,30.11999979E-6,-19.9999996E-3,
,,,30.15999937E-6,140.0000006E-3,,,,,30.15999937E-6,-19.9999996E-3,
,,,30.19999895E-6,159.99999642E-3,,,,,30.19999895E-6,0.0,
,,,30.24000034E-6,159.99999642E-3,,,,,30.24000034E-6,0.0,
,,,30.27999992E-6,159.99999642E-3,,,,,30.27999992E-6,-19.9999996E-3,
,,,30.31999950E-6,159.99999642E-3,,,,,30.31999950E-6,19.9999996E-3,
,,,30.35999907E-6,140.0000006E-3,,,,,30.35999907E-6,0.0,
,,,30.40000047E-6,159.99999642E-3,,,,,30.40000047E-6,0.0,
,,,30.44000005E-6,159.99999642E-3,,,,,30.44000005E-6,-19.9999996E-3,
,,,30.47999962E-6,159.99999642E-3,,,,,30.47999962E-6,-19.9999996E-3,
,,,30.52000102E-6,140.0000006E-3,,,,,30.52000102E-6,0.0,
,,,30.56000060E-6,159.99999642E-3,,,,,30.56000060E-6,0.0,
,,,30.60000017E-6,140.0000006E-3,,,,,30.60000017E-6,-19.9999996E-3,
,,,30.63999975E-6,140.0000006E-3,,,,,30.63999975E-6,0.0,
,,,30.67999933E-6,140.0000006E-3,,,,,30.67999933E-6,0.0,
,,,30.71999890E-6,119.9999973E-3,,,,,30.71999890E-6,-19.9999996E-3,
,,,30.75999848E-6,140.0000006E-3,,,,,30.75999848E-6,0.0,
,,,30.79999806E-6,159.99999642E-3,,,,,30.79999806E-6,19.9999996E-3,
,,,30.84000127E-6,140.0000006E-3,,,,,30.84000127E-6,0.0,
,,,30.88000085E-6,140.0000006E-3,,,,,30.88000085E-6,0.0,
,,,30.92000043E-6,99.999994040E-3,,,,,30.92000043E-6,-19.9999996E-3,
,,,30.96000000E-6,140.0000006E-3,,,,,30.96000000E-6,0.0,
,,,30.99999958E-6,119.9999973E-3,,,,,30.99999958E-6,0.0,
,,,31.03999916E-6,140.0000006E-3,,,,,31.03999916E-6,-19.9999996E-3,
,,,31.07999873E-6,140.0000006E-3,,,,,31.07999873E-6,39.99999911E-3,
,,,31.11999831E-6,99.999994040E-3,,,,,31.11999831E-6,-19.9999996E-3,
,,,31.15999789E-6,99.999994040E-3,,,,,31.15999789E-6,19.9999996E-3,
,,,31.20000110E-6,99.999994040E-3,,,,,31.20000110E-6,-39.99999911E-3,
,,,31.24000068E-6,119.9999973E-3,,,,,31.24000068E-6,0.0,
,,,31.28000026E-6,99.999994040E-3,,,,,31.28000026E-6,-19.9999996E-3,
,,,31.31999983E-6,79.999998212E-3,,,,,31.31999983E-6,0.0,
,,,31.35999941E-6,79.999998212E-3,,,,,31.35999941E-6,-19.9999996E-3,
,,,31.39999899E-6,79.999998212E-3,,,,,31.39999899E-6,0.0,
,,,31.43999857E-6,99.999994040E-3,,,,,31.43999857E-6,0.0,
,,,31.47999814E-6,79.999998212E-3,,,,,31.47999814E-6,0.0,
,,,31.52000136E-6,99.999994040E-3,,,,,31.52000136E-6,0.0,
,,,31.56000093E-6,99.999994040E-3,,,,,31.56000093E-6,0.0,
,,,31.60000051E-6,79.999998212E-3,,,,,31.60000051E-6,19.9999996E-3,
,,,31.64000009E-6,79.999998212E-3,,,,,31.64000009E-6,19.9999996E-3,
,,,31.67999967E-6,59.999998659E-3,,,,,31.67999967E-6,19.9999996E-3,
,,,31.71999924E-6,99.999994040E-3,,,,,31.71999924E-6,19.9999996E-3,
,,,31.75999882E-6,59.999998659E-3,,,,,31.75999882E-6,-19.9999996E-3,
,,,31.79999840E-6,79.999998212E-3,,,,,31.79999840E-6,0.0,
,,,31.83999797E-6,59.999998659E-3,,,,,31.83999797E-6,0.0,
,,,31.88000119E-6,39.99999911E-3,,,,,31.88000119E-6,19.9999996E-3,
,,,31.92000077E-6,59.999998659E-3,,,,,31.92000077E-6,19.9999996E-3,
,,,31.96000034E-6,39.99999911E-3,,,,,31.96000034E-6,19.9999996E-3,
,,,31.99999992E-6,59.999998659E-3,,,,,31.99999992E-6,19.9999996E-3,
,,,32.03999950E-6,39.99999911E-3,,,,,32.03999950E-6,-19.9999996E-3,
,,,32.07999907E-6,39.99999911E-3,,,,,32.07999907E-6,0.0,
,,,32.11999865E-6,39.99999911E-3,,,,,32.11999865E-6,19.9999996E-3,
,,,32.15999823E-6,19.9999996E-3,,,,,32.15999823E-6,19.9999996E-3,
,,,32.20000144E-6,39.99999911E-3,,,,,32.20000144E-6,0.0,
,,,32.24000102E-6,-19.9999996E-3,,,,,32.24000102E-6,19.9999996E-3,
,,,32.28000060E-6,0.0,,,,,32.28000060E-6,19.9999996E-3,
,,,32.32000017E-6,19.9999996E-3,,,,,32.32000017E-6,0.0,
,,,32.35999975E-6,0.0,,,,,32.35999975E-6,19.9999996E-3,
,,,32.39999933E-6,-19.9999996E-3,,,,,32.39999933E-6,0.0,
,,,32.43999890E-6,0.0,,,,,32.43999890E-6,59.999998659E-3,
,,,32.47999848E-6,0.0,,,,,32.47999848E-6,19.9999996E-3,
,,,32.51999806E-6,0.0,,,,,32.51999806E-6,0.0,
,,,32.56000127E-6,-19.9999996E-3,,,,,32.56000127E-6,19.9999996E-3,
,,,32.60000085E-6,-19.9999996E-3,,,,,32.60000085E-6,39.99999911E-3,
,,,32.64000043E-6,-19.9999996E-3,,,,,32.64000043E-6,19.9999996E-3,
,,,32.68000000E-6,-39.99999911E-3,,,,,32.68000000E-6,19.9999996E-3,
,,,32.71999958E-6,-19.9999996E-3,,,,,32.71999958E-6,39.99999911E-3,
,,,32.75999916E-6,-39.99999911E-3,,,,,32.75999916E-6,19.9999996E-3,
,,,32.79999873E-6,-19.9999996E-3,,,,,32.79999873E-6,19.9999996E-3,
,,,32.83999831E-6,-59.999998659E-3,,,,,32.83999831E-6,0.0,
,,,32.87999789E-6,-39.99999911E-3,,,,,32.87999789E-6,0.0,
,,,32.92000110E-6,-39.99999911E-3,,,,,32.92000110E-6,19.9999996E-3,
,,,32.96000068E-6,-39.99999911E-3,,,,,32.96000068E-6,19.9999996E-3,
,,,33.00000026E-6,-59.999998659E-3,,,,,33.00000026E-6,39.99999911E-3,
,,,33.03999983E-6,-59.999998659E-3,,,,,33.03999983E-6,19.9999996E-3,
,,,33.07999941E-6,-59.999998659E-3,,,,,33.07999941E-6,39.99999911E-3,
,,,33.11999899E-6,-79.999998212E-3,,,,,33.11999899E-6,19.9999996E-3,
,,,33.15999857E-6,-79.999998212E-3,,,,,33.15999857E-6,59.999998659E-3,
,,,33.19999814E-6,-79.999998212E-3,,,,,33.19999814E-6,39.99999911E-3,
,,,33.24000136E-6,-79.999998212E-3,,,,,33.24000136E-6,19.9999996E-3,
,,,33.28000093E-6,-79.999998212E-3,,,,,33.28000093E-6,19.9999996E-3,
,,,33.32000051E-6,-79.999998212E-3,,,,,33.32000051E-6,39.99999911E-3,
,,,33.36000009E-6,-79.999998212E-3,,,,,33.36000009E-6,39.99999911E-3,
,,,33.39999967E-6,-99.999994040E-3,,,,,33.39999967E-6,19.9999996E-3,
,,,33.43999924E-6,-99.999994040E-3,,,,,33.43999924E-6,39.99999911E-3,
,,,33.47999882E-6,-79.999998212E-3,,,,,33.47999882E-6,39.99999911E-3,
,,,33.51999840E-6,-99.999994040E-3,,,,,33.51999840E-6,39.99999911E-3,
,,,33.55999797E-6,-119.9999973E-3,,,,,33.55999797E-6,19.9999996E-3,
,,,33.60000119E-6,-119.9999973E-3,,,,,33.60000119E-6,39.99999911E-3,
,,,33.64000077E-6,-99.999994040E-3,,,,,33.64000077E-6,19.9999996E-3,
,,,33.68000034E-6,-99.999994040E-3,,,,,33.68000034E-6,19.9999996E-3,
,,,33.71999992E-6,-119.9999973E-3,,,,,33.71999992E-6,39.99999911E-3,
,,,33.75999950E-6,-140.0000006E-3,,,,,33.75999950E-6,59.999998659E-3,
,,,33.79999907E-6,-159.99999642E-3,,,,,33.79999907E-6,39.99999911E-3,
,,,33.83999865E-6,-140.0000006E-3,,,,,33.83999865E-6,39.99999911E-3,
,,,33.87999823E-6,-119.9999973E-3,,,,,33.87999823E-6,39.99999911E-3,
,,,33.91999780E-6,-140.0000006E-3,,,,,33.91999780E-6,39.99999911E-3,
,,,33.96000102E-6,-140.0000006E-3,,,,,33.96000102E-6,59.999998659E-3,
,,,34.00000060E-6,-119.9999973E-3,,,,,34.00000060E-6,59.999998659E-3,
,,,34.04000017E-6,-159.99999642E-3,,,,,34.04000017E-6,59.999998659E-3,
,,,34.07999975E-6,-119.9999973E-3,,,,,34.07999975E-6,39.99999911E-3,
,,,34.11999933E-6,-159.99999642E-3,,,,,34.11999933E-6,59.999998659E-3,
,,,34.15999890E-6,-140.0000006E-3,,,,,34.15999890E-6,39.99999911E-3,
,,,34.19999848E-6,-159.99999642E-3,,,,,34.19999848E-6,59.999998659E-3,
,,,34.23999806E-6,-140.0000006E-3,,,,,34.23999806E-6,79.999998212E-3,
,,,34.28000127E-6,-159.99999642E-3,,,,,34.28000127E-6,59.999998659E-3,
,,,34.32000085E-6,-179.99999225E-3,,,,,34.32000085E-6,79.999998212E-3,
,,,34.36000043E-6,-179.99999225E-3,,,,,34.36000043E-6,59.999998659E-3,
,,,34.40000000E-6,-179.99999225E-3,,,,,34.40000000E-6,59.999998659E-3,
,,,34.43999958E-6,-159.99999642E-3,,,,,34.43999958E-6,59.999998659E-3,
,,,34.47999916E-6,-179.99999225E-3,,,,,34.47999916E-6,59.999998659E-3,
,,,34.51999874E-6,-140.0000006E-3,,,,,34.51999874E-6,79.999998212E-3,
,,,34.55999831E-6,-179.99999225E-3,,,,,34.55999831E-6,79.999998212E-3,
,,,34.59999789E-6,-199.99998808E-3,,,,,34.59999789E-6,39.99999911E-3,
,,,34.64000110E-6,-179.99999225E-3,,,,,34.64000110E-6,59.999998659E-3,
,,,34.68000068E-6,-179.99999225E-3,,,,,34.68000068E-6,59.999998659E-3,
,,,34.72000026E-6,-199.99998808E-3,,,,,34.72000026E-6,59.999998659E-3,
,,,34.75999983E-6,-179.99999225E-3,,,,,34.75999983E-6,99.999994040E-3,
,,,34.79999941E-6,-179.99999225E-3,,,,,34.79999941E-6,59.999998659E-3,
,,,34.83999899E-6,-179.99999225E-3,,,,,34.83999899E-6,59.999998659E-3,
,,,34.87999857E-6,-199.99998808E-3,,,,,34.87999857E-6,59.999998659E-3,
,,,34.91999814E-6,-179.99999225E-3,,,,,34.91999814E-6,39.99999911E-3,
,,,34.96000136E-6,-179.99999225E-3,,,,,34.96000136E-6,39.99999911E-3,
,,,35.00000093E-6,-159.99999642E-3,,,,,35.00000093E-6,59.999998659E-3,
,,,35.04000051E-6,-179.99999225E-3,,,,,35.04000051E-6,99.999994040E-3,
,,,35.08000009E-6,-159.99999642E-3,,,,,35.08000009E-6,59.999998659E-3,
,,,35.11999967E-6,-179.99999225E-3,,,,,35.11999967E-6,79.999998212E-3,
,,,35.15999924E-6,-199.99998808E-3,,,,,35.15999924E-6,59.999998659E-3,
,,,35.19999882E-6,-179.99999225E-3,,,,,35.19999882E-6,79.999998212E-3,
,,,35.23999840E-6,-179.99999225E-3,,,,,35.23999840E-6,59.999998659E-3,
,,,35.27999797E-6,-179.99999225E-3,,,,,35.27999797E-6,59.999998659E-3,
,,,35.32000119E-6,-179.99999225E-3,,,,,35.32000119E-6,79.999998212E-3,
,,,35.36000077E-6,-179.99999225E-3,,,,,35.36000077E-6,79.999998212E-3,
,,,35.40000034E-6,-179.99999225E-3,,,,,35.40000034E-6,59.999998659E-3,
,,,35.43999992E-6,-159.99999642E-3,,,,,35.43999992E-6,79.999998212E-3,
,,,35.47999950E-6,-179.99999225E-3,,,,,35.47999950E-6,59.999998659E-3,
,,,35.51999907E-6,-159.99999642E-3,,,,,35.51999907E-6,59.999998659E-3,
,,,35.55999865E-6,-159.99999642E-3,,,,,35.55999865E-6,59.999998659E-3,
,,,35.59999823E-6,-179.99999225E-3,,,,,35.59999823E-6,39.99999911E-3,
,,,35.63999780E-6,-199.99998808E-3,,,,,35.63999780E-6,79.999998212E-3,
,,,35.68000102E-6,-179.99999225E-3,,,,,35.68000102E-6,59.999998659E-3,
,,,35.72000060E-6,-179.99999225E-3,,,,,35.72000060E-6,39.99999911E-3,
,,,35.76000017E-6,-140.0000006E-3,,,,,35.76000017E-6,79.999998212E-3,
,,,35.79999975E-6,-140.0000006E-3,,,,,35.79999975E-6,59.999998659E-3,
,,,35.83999933E-6,-179.99999225E-3,,,,,35.83999933E-6,59.999998659E-3,
,,,35.87999890E-6,-159.99999642E-3,,,,,35.87999890E-6,59.999998659E-3,
,,,35.91999848E-6,-159.99999642E-3,,,,,35.91999848E-6,39.99999911E-3,
,,,35.95999806E-6,-140.0000006E-3,,,,,35.95999806E-6,39.99999911E-3,
,,,36.00000127E-6,-140.0000006E-3,,,,,36.00000127E-6,39.99999911E-3,
,,,36.04000085E-6,-159.99999642E-3,,,,,36.04000085E-6,59.999998659E-3,
,,,36.08000043E-6,-140.0000006E-3,,,,,36.08000043E-6,59.999998659E-3,
,,,36.12000000E-6,-159.99999642E-3,,,,,36.12000000E-6,59.999998659E-3,
,,,36.15999958E-6,-140.0000006E-3,,,,,36.15999958E-6,59.999998659E-3,
,,,36.19999916E-6,-140.0000006E-3,,,,,36.19999916E-6,59.999998659E-3,
,,,36.23999874E-6,-140.0000006E-3,,,,,36.23999874E-6,39.99999911E-3,
,,,36.27999831E-6,-140.0000006E-3,,,,,36.27999831E-6,39.99999911E-3,
,,,36.31999789E-6,-140.0000006E-3,,,,,36.31999789E-6,39.99999911E-3,
,,,36.36000110E-6,-140.0000006E-3,,,,,36.36000110E-6,39.99999911E-3,
,,,36.40000068E-6,-140.0000006E-3,,,,,36.40000068E-6,79.999998212E-3,
,,,36.44000026E-6,-140.0000006E-3,,,,,36.44000026E-6,79.999998212E-3,
,,,36.47999984E-6,-119.9999973E-3,,,,,36.47999984E-6,39.99999911E-3,
,,,36.51999941E-6,-140.0000006E-3,,,,,36.51999941E-6,19.9999996E-3,
,,,36.55999899E-6,-119.9999973E-3,,,,,36.55999899E-6,39.99999911E-3,
,,,36.59999857E-6,-119.9999973E-3,,,,,36.59999857E-6,39.99999911E-3,
,,,36.63999814E-6,-99.999994040E-3,,,,,36.63999814E-6,59.999998659E-3,
,,,36.68000136E-6,-119.9999973E-3,,,,,36.68000136E-6,59.999998659E-3,
,,,36.72000094E-6,-119.9999973E-3,,,,,36.72000094E-6,39.99999911E-3,
,,,36.76000051E-6,-119.9999973E-3,,,,,36.76000051E-6,39.99999911E-3,
,,,36.80000009E-6,-119.9999973E-3,,,,,36.80000009E-6,79.999998212E-3,
,,,36.83999967E-6,-99.999994040E-3,,,,,36.83999967E-6,59.999998659E-3,
,,,36.87999924E-6,-99.999994040E-3,,,,,36.87999924E-6,39.99999911E-3,
,,,36.91999882E-6,-99.999994040E-3,,,,,36.91999882E-6,39.99999911E-3,
,,,36.95999840E-6,-119.9999973E-3,,,,,36.95999840E-6,59.999998659E-3,
,,,36.99999797E-6,-119.9999973E-3,,,,,36.99999797E-6,19.9999996E-3,
,,,37.04000119E-6,-79.999998212E-3,,,,,37.04000119E-6,59.999998659E-3,
,,,37.08000077E-6,-99.999994040E-3,,,,,37.08000077E-6,39.99999911E-3,
,,,37.12000034E-6,-79.999998212E-3,,,,,37.12000034E-6,39.99999911E-3,
,,,37.15999992E-6,-79.999998212E-3,,,,,37.15999992E-6,59.999998659E-3,
,,,37.19999950E-6,-79.999998212E-3,,,,,37.19999950E-6,19.9999996E-3,
,,,37.23999907E-6,-79.999998212E-3,,,,,37.23999907E-6,39.99999911E-3,
,,,37.27999865E-6,-79.999998212E-3,,,,,37.27999865E-6,39.99999911E-3,
,,,37.31999823E-6,-59.999998659E-3,,,,,37.31999823E-6,59.999998659E-3,
,,,37.35999780E-6,-79.999998212E-3,,,,,37.35999780E-6,59.999998659E-3,
,,,37.40000102E-6,-59.999998659E-3,,,,,37.40000102E-6,19.9999996E-3,
,,,37.44000060E-6,-59.999998659E-3,,,,,37.44000060E-6,39.99999911E-3,
,,,37.48000017E-6,-59.999998659E-3,,,,,37.48000017E-6,39.99999911E-3,
,,,37.51999975E-6,-59.999998659E-3,,,,,37.51999975E-6,39.99999911E-3,
,,,37.55999933E-6,-79.999998212E-3,,,,,37.55999933E-6,39.99999911E-3,
,,,37.59999890E-6,-59.999998659E-3,,,,,37.59999890E-6,19.9999996E-3,
,,,37.63999848E-6,-59.999998659E-3,,,,,37.63999848E-6,39.99999911E-3,
,,,37.67999806E-6,-39.99999911E-3,,,,,37.67999806E-6,19.9999996E-3,
,,,37.72000127E-6,-39.99999911E-3,,,,,37.72000127E-6,59.999998659E-3,
,,,37.76000085E-6,-19.9999996E-3,,,,,37.76000085E-6,19.9999996E-3,
,,,37.80000043E-6,-39.99999911E-3,,,,,37.80000043E-6,39.99999911E-3,
,,,37.84000000E-6,-39.99999911E-3,,,,,37.84000000E-6,19.9999996E-3,
,,,37.87999958E-6,-39.99999911E-3,,,,,37.87999958E-6,19.9999996E-3,
,,,37.91999916E-6,-19.9999996E-3,,,,,37.91999916E-6,39.99999911E-3,
,,,37.95999874E-6,-19.9999996E-3,,,,,37.95999874E-6,39.99999911E-3,
,,,37.99999831E-6,-39.99999911E-3,,,,,37.99999831E-6,19.9999996E-3,
,,,38.03999789E-6,-19.9999996E-3,,,,,38.03999789E-6,39.99999911E-3,
,,,38.08000110E-6,-39.99999911E-3,,,,,38.08000110E-6,0.0,
,,,38.12000068E-6,0.0,,,,,38.12000068E-6,19.9999996E-3,
,,,38.16000026E-6,-19.9999996E-3,,,,,38.16000026E-6,19.9999996E-3,
,,,38.19999984E-6,0.0,,,,,38.19999984E-6,19.9999996E-3,
,,,38.23999941E-6,0.0,,,,,38.23999941E-6,39.99999911E-3,
,,,38.27999899E-6,0.0,,,,,38.27999899E-6,39.99999911E-3,
,,,38.31999857E-6,0.0,,,,,38.31999857E-6,39.99999911E-3,
,,,38.35999814E-6,0.0,,,,,38.35999814E-6,19.9999996E-3,
,,,38.40000136E-6,19.9999996E-3,,,,,38.40000136E-6,19.9999996E-3,
,,,38.44000094E-6,-19.9999996E-3,,,,,38.44000094E-6,39.99999911E-3,
,,,38.48000051E-6,0.0,,,,,38.48000051E-6,19.9999996E-3,
,,,38.52000009E-6,19.9999996E-3,,,,,38.52000009E-6,19.9999996E-3,
,,,38.55999967E-6,0.0,,,,,38.55999967E-6,19.9999996E-3,
,,,38.59999924E-6,19.9999996E-3,,,,,38.59999924E-6,19.9999996E-3,
,,,38.63999882E-6,0.0,,,,,38.63999882E-6,19.9999996E-3,
,,,38.67999840E-6,19.9999996E-3,,,,,38.67999840E-6,0.0,
,,,38.71999797E-6,19.9999996E-3,,,,,38.71999797E-6,19.9999996E-3,
,,,38.76000119E-6,19.9999996E-3,,,,,38.76000119E-6,0.0,
,,,38.80000077E-6,19.9999996E-3,,,,,38.80000077E-6,19.9999996E-3,
,,,38.84000034E-6,19.9999996E-3,,,,,38.84000034E-6,19.9999996E-3,
,,,38.87999992E-6,39.99999911E-3,,,,,38.87999992E-6,39.99999911E-3,
,,,38.91999950E-6,59.999998659E-3,,,,,38.91999950E-6,19.9999996E-3,
,,,38.95999907E-6,59.999998659E-3,,,,,38.95999907E-6,39.99999911E-3,
,,,38.99999865E-6,39.99999911E-3,,,,,38.99999865E-6,39.99999911E-3,
,,,39.03999823E-6,39.99999911E-3,,,,,39.03999823E-6,19.9999996E-3,
,,,39.07999780E-6,39.99999911E-3,,,,,39.07999780E-6,19.9999996E-3,
,,,39.12000102E-6,39.99999911E-3,,,,,39.12000102E-6,19.9999996E-3,
,,,39.16000060E-6,59.999998659E-3,,,,,39.16000060E-6,19.9999996E-3,
,,,39.20000017E-6,39.99999911E-3,,,,,39.20000017E-6,0.0,
,,,39.23999975E-6,39.99999911E-3,,,,,39.23999975E-6,0.0,
,,,39.27999933E-6,39.99999911E-3,,,,,39.27999933E-6,0.0,
,,,39.31999890E-6,59.999998659E-3,,,,,39.31999890E-6,0.0,
,,,39.35999848E-6,39.99999911E-3,,,,,39.35999848E-6,19.9999996E-3,
,,,39.39999806E-6,59.999998659E-3,,,,,39.39999806E-6,39.99999911E-3,
,,,39.44000127E-6,59.999998659E-3,,,,,39.44000127E-6,19.9999996E-3,
,,,39.48000085E-6,79.999998212E-3,,,,,39.48000085E-6,0.0,
,,,39.52000043E-6,59.999998659E-3,,,,,39.52000043E-6,19.9999996E-3,
,,,39.56000000E-6,79.999998212E-3,,,,,39.56000000E-6,19.9999996E-3,
,,,39.59999958E-6,39.99999911E-3,,,,,39.59999958E-6,39.99999911E-3,
,,,39.63999916E-6,39.99999911E-3,,,,,39.63999916E-6,0.0,
,,,39.67999874E-6,39.99999911E-3,,,,,39.67999874E-6,0.0,
,,,39.71999831E-6,59.999998659E-3,,,,,39.71999831E-6,19.9999996E-3,
,,,39.75999789E-6,59.999998659E-3,,,,,39.75999789E-6,19.9999996E-3,
,,,39.80000110E-6,59.999998659E-3,,,,,39.80000110E-6,19.9999996E-3,
,,,39.84000068E-6,79.999998212E-3,,,,,39.84000068E-6,0.0,
,,,39.88000026E-6,59.999998659E-3,,,,,39.88000026E-6,39.99999911E-3,
,,,39.91999984E-6,59.999998659E-3,,,,,39.91999984E-6,0.0,
,,,39.95999941E-6,39.99999911E-3,,,,,39.95999941E-6,19.9999996E-3,
,,,39.99999899E-6,19.9999996E-3,,,,,39.99999899E-6,0.0,
,,,40.03999857E-6,39.99999911E-3,,,,,40.03999857E-6,19.9999996E-3,
,,,40.07999814E-6,39.99999911E-3,,,,,40.07999814E-6,19.9999996E-3,
,,,40.12000136E-6,59.999998659E-3,,,,,40.12000136E-6,0.0,
,,,40.16000094E-6,39.99999911E-3,,,,,40.16000094E-6,19.9999996E-3,
,,,40.20000051E-6,39.99999911E-3,,,,,40.20000051E-6,19.9999996E-3,
,,,40.24000009E-6,59.999998659E-3,,,,,40.24000009E-6,-19.9999996E-3,
,,,40.27999967E-6,39.99999911E-3,,,,,40.27999967E-6,19.9999996E-3,
,,,40.31999924E-6,59.999998659E-3,,,,,40.31999924E-6,19.9999996E-3,
,,,40.35999882E-6,59.999998659E-3,,,,,40.35999882E-6,39.99999911E-3,
,,,40.39999840E-6,19.9999996E-3,,,,,40.39999840E-6,19.9999996E-3,
,,,40.43999797E-6,39.99999911E-3,,,,,40.43999797E-6,19.9999996E-3,
,,,40.48000119E-6,59.999998659E-3,,,,,40.48000119E-6,0.0,
,,,40.52000077E-6,59.999998659E-3,,,,,40.52000077E-6,0.0,
,,,40.56000034E-6,19.9999996E-3,,,,,40.56000034E-6,19.9999996E-3,
,,,40.59999992E-6,59.999998659E-3,,,,,40.59999992E-6,0.0,
,,,40.63999950E-6,59.999998659E-3,,,,,40.63999950E-6,0.0,
,,,40.67999907E-6,59.999998659E-3,,,,,40.67999907E-6,0.0,
,,,40.71999865E-6,59.999998659E-3,,,,,40.71999865E-6,0.0,
,,,40.75999823E-6,39.99999911E-3,,,,,40.75999823E-6,0.0,
,,,40.79999781E-6,39.99999911E-3,,,,,40.79999781E-6,0.0,
,,,40.84000102E-6,59.999998659E-3,,,,,40.84000102E-6,19.9999996E-3,
,,,40.88000060E-6,39.99999911E-3,,,,,40.88000060E-6,19.9999996E-3,
,,,40.92000017E-6,39.99999911E-3,,,,,40.92000017E-6,19.9999996E-3,
,,,40.95999975E-6,59.999998659E-3,,,,,40.95999975E-6,0.0,
,,,40.99999933E-6,39.99999911E-3,,,,,40.99999933E-6,0.0,
,,,41.03999891E-6,59.999998659E-3,,,,,41.03999891E-6,19.9999996E-3,
,,,41.07999848E-6,59.999998659E-3,,,,,41.07999848E-6,19.9999996E-3,
,,,41.11999806E-6,39.99999911E-3,,,,,41.11999806E-6,19.9999996E-3,
,,,41.16000127E-6,39.99999911E-3,,,,,41.16000127E-6,19.9999996E-3,
,,,41.20000085E-6,19.9999996E-3,,,,,41.20000085E-6,19.9999996E-3,
,,,41.24000043E-6,59.999998659E-3,,,,,41.24000043E-6,39.99999911E-3,
,,,41.28000000E-6,59.999998659E-3,,,,,41.28000000E-6,19.9999996E-3,
,,,41.31999958E-6,39.99999911E-3,,,,,41.31999958E-6,19.9999996E-3,
,,,41.35999916E-6,39.99999911E-3,,,,,41.35999916E-6,0.0,
,,,41.39999874E-6,19.9999996E-3,,,,,41.39999874E-6,19.9999996E-3,
,,,41.43999831E-6,19.9999996E-3,,,,,41.43999831E-6,19.9999996E-3,
,,,41.47999789E-6,39.99999911E-3,,,,,41.47999789E-6,0.0,
,,,41.52000110E-6,19.9999996E-3,,,,,41.52000110E-6,0.0,
,,,41.56000068E-6,19.9999996E-3,,,,,41.56000068E-6,0.0,
,,,41.60000026E-6,19.9999996E-3,,,,,41.60000026E-6,39.99999911E-3,
,,,41.63999984E-6,0.0,,,,,41.63999984E-6,19.9999996E-3,
,,,41.67999941E-6,39.99999911E-3,,,,,41.67999941E-6,19.9999996E-3,
,,,41.71999899E-6,0.0,,,,,41.71999899E-6,19.9999996E-3,
,,,41.75999857E-6,0.0,,,,,41.75999857E-6,19.9999996E-3,
,,,41.79999814E-6,19.9999996E-3,,,,,41.79999814E-6,19.9999996E-3,
,,,41.84000136E-6,19.9999996E-3,,,,,41.84000136E-6,0.0,
,,,41.88000094E-6,0.0,,,,,41.88000094E-6,19.9999996E-3,
,,,41.92000051E-6,19.9999996E-3,,,,,41.92000051E-6,59.999998659E-3,
,,,41.96000009E-6,0.0,,,,,41.96000009E-6,59.999998659E-3,
,,,41.99999967E-6,-19.9999996E-3,,,,,41.99999967E-6,19.9999996E-3,
,,,42.03999924E-6,-19.9999996E-3,,,,,42.03999924E-6,19.9999996E-3,
,,,42.07999882E-6,-19.9999996E-3,,,,,42.07999882E-6,19.9999996E-3,
,,,42.11999840E-6,-39.99999911E-3,,,,,42.11999840E-6,0.0,
,,,42.15999797E-6,0.0,,,,,42.15999797E-6,19.9999996E-3,
,,,42.20000119E-6,-19.9999996E-3,,,,,42.20000119E-6,39.99999911E-3,
,,,42.24000077E-6,0.0,,,,,42.24000077E-6,39.99999911E-3,
,,,42.28000034E-6,-19.9999996E-3,,,,,42.28000034E-6,39.99999911E-3,
,,,42.31999992E-6,-19.9999996E-3,,,,,42.31999992E-6,39.99999911E-3,
,,,42.35999950E-6,-19.9999996E-3,,,,,42.35999950E-6,19.9999996E-3,
,,,42.39999907E-6,-19.9999996E-3,,,,,42.39999907E-6,19.9999996E-3,
,,,42.43999865E-6,-39.99999911E-3,,,,,42.43999865E-6,59.999998659E-3,
,,,42.47999823E-6,-19.9999996E-3,,,,,42.47999823E-6,0.0,
,,,42.51999781E-6,-19.9999996E-3,,,,,42.51999781E-6,39.99999911E-3,
,,,42.56000102E-6,-39.99999911E-3,,,,,42.56000102E-6,19.9999996E-3,
,,,42.60000060E-6,-39.99999911E-3,,,,,42.60000060E-6,0.0,
,,,42.64000017E-6,-19.9999996E-3,,,,,42.64000017E-6,39.99999911E-3,
,,,42.67999975E-6,-39.99999911E-3,,,,,42.67999975E-6,19.9999996E-3,
,,,42.71999933E-6,-39.99999911E-3,,,,,42.71999933E-6,39.99999911E-3,
,,,42.75999891E-6,-19.9999996E-3,,,,,42.75999891E-6,19.9999996E-3,
,,,42.79999848E-6,-59.999998659E-3,,,,,42.79999848E-6,39.99999911E-3,
,,,42.83999806E-6,-39.99999911E-3,,,,,42.83999806E-6,19.9999996E-3,
,,,42.88000127E-6,-39.99999911E-3,,,,,42.88000127E-6,39.99999911E-3,
,,,42.92000085E-6,-59.999998659E-3,,,,,42.92000085E-6,19.9999996E-3,
,,,42.96000043E-6,-59.999998659E-3,,,,,42.96000043E-6,79.999998212E-3,
,,,43.00000001E-6,-79.999998212E-3,,,,,43.00000001E-6,19.9999996E-3,
,,,43.03999958E-6,-39.99999911E-3,,,,,43.03999958E-6,39.99999911E-3,
,,,43.07999916E-6,-79.999998212E-3,,,,,43.07999916E-6,39.99999911E-3,
,,,43.11999874E-6,-39.99999911E-3,,,,,43.11999874E-6,19.9999996E-3,
,,,43.15999831E-6,-39.99999911E-3,,,,,43.15999831E-6,39.99999911E-3,
,,,43.19999789E-6,-59.999998659E-3,,,,,43.19999789E-6,19.9999996E-3,
,,,43.24000111E-6,-79.999998212E-3,,,,,43.24000111E-6,39.99999911E-3,
,,,43.28000068E-6,-59.999998659E-3,,,,,43.28000068E-6,59.999998659E-3,
,,,43.32000026E-6,-79.999998212E-3,,,,,43.32000026E-6,39.99999911E-3,
,,,43.35999984E-6,-59.999998659E-3,,,,,43.35999984E-6,19.9999996E-3,
,,,43.39999941E-6,-59.999998659E-3,,,,,43.39999941E-6,39.99999911E-3,
,,,43.43999899E-6,-79.999998212E-3,,,,,43.43999899E-6,39.99999911E-3,
,,,43.47999857E-6,-59.999998659E-3,,,,,43.47999857E-6,59.999998659E-3,
,,,43.51999814E-6,-79.999998212E-3,,,,,43.51999814E-6,39.99999911E-3,
,,,43.56000136E-6,-99.999994040E-3,,,,,43.56000136E-6,59.999998659E-3,
,,,43.60000094E-6,-59.999998659E-3,,,,,43.60000094E-6,39.99999911E-3,
,,,43.64000051E-6,-99.999994040E-3,,,,,43.64000051E-6,39.99999911E-3,
,,,43.68000009E-6,-59.999998659E-3,,,,,43.68000009E-6,39.99999911E-3,
,,,43.71999967E-6,-79.999998212E-3,,,,,43.71999967E-6,39.99999911E-3,
,,,43.75999924E-6,-79.999998212E-3,,,,,43.75999924E-6,39.99999911E-3,
,,,43.79999882E-6,-79.999998212E-3,,,,,43.79999882E-6,39.99999911E-3,
,,,43.83999840E-6,-79.999998212E-3,,,,,43.83999840E-6,39.99999911E-3,
,,,43.87999797E-6,-79.999998212E-3,,,,,43.87999797E-6,39.99999911E-3,
,,,43.92000119E-6,-79.999998212E-3,,,,,43.92000119E-6,19.9999996E-3,
,,,43.96000077E-6,-99.999994040E-3,,,,,43.96000077E-6,39.99999911E-3,
,,,44.00000034E-6,-79.999998212E-3,,,,,44.00000034E-6,39.99999911E-3,
,,,44.03999992E-6,-79.999998212E-3,,,,,44.03999992E-6,39.99999911E-3,
,,,44.07999950E-6,-99.999994040E-3,,,,,44.07999950E-6,39.99999911E-3,
,,,44.11999907E-6,-119.9999973E-3,,,,,44.11999907E-6,39.99999911E-3,
,,,44.15999865E-6,-99.999994040E-3,,,,,44.15999865E-6,59.999998659E-3,
,,,44.19999823E-6,-99.999994040E-3,,,,,44.19999823E-6,39.99999911E-3,
,,,44.23999781E-6,-99.999994040E-3,,,,,44.23999781E-6,39.99999911E-3,
,,,44.28000102E-6,-79.999998212E-3,,,,,44.28000102E-6,39.99999911E-3,
,,,44.32000060E-6,-140.0000006E-3,,,,,44.32000060E-6,59.999998659E-3,
,,,44.36000017E-6,-119.9999973E-3,,,,,44.36000017E-6,39.99999911E-3,
,,,44.39999975E-6,-119.9999973E-3,,,,,44.39999975E-6,19.9999996E-3,
,,,44.43999933E-6,-99.999994040E-3,,,,,44.43999933E-6,39.99999911E-3,
,,,44.47999891E-6,-99.999994040E-3,,,,,44.47999891E-6,39.99999911E-3,
,,,44.51999848E-6,-119.9999973E-3,,,,,44.51999848E-6,39.99999911E-3,
,,,44.55999806E-6,-79.999998212E-3,,,,,44.55999806E-6,59.999998659E-3,
,,,44.60000127E-6,-59.999998659E-3,,,,,44.60000127E-6,59.999998659E-3,
,,,44.64000085E-6,-119.9999973E-3,,,,,44.64000085E-6,59.999998659E-3,
,,,44.68000043E-6,-99.999994040E-3,,,,,44.68000043E-6,39.99999911E-3,
,,,44.72000001E-6,-99.999994040E-3,,,,,44.72000001E-6,39.99999911E-3,
,,,44.75999958E-6,-99.999994040E-3,,,,,44.75999958E-6,19.9999996E-3,
,,,44.79999916E-6,-99.999994040E-3,,,,,44.79999916E-6,59.999998659E-3,
,,,44.83999874E-6,-99.999994040E-3,,,,,44.83999874E-6,59.999998659E-3,
,,,44.87999831E-6,-119.9999973E-3,,,,,44.87999831E-6,59.999998659E-3,
,,,44.91999789E-6,-119.9999973E-3,,,,,44.91999789E-6,59.999998659E-3,
,,,44.96000111E-6,-119.9999973E-3,,,,,44.96000111E-6,19.9999996E-3,
,,,45.00000068E-6,-119.9999973E-3,,,,,45.00000068E-6,39.99999911E-3,
,,,45.04000026E-6,-99.999994040E-3,,,,,45.04000026E-6,59.999998659E-3,
,,,45.07999984E-6,-79.999998212E-3,,,,,45.07999984E-6,59.999998659E-3,
,,,45.11999941E-6,-99.999994040E-3,,,,,45.11999941E-6,39.99999911E-3,
,,,45.15999899E-6,-99.999994040E-3,,,,,45.15999899E-6,19.9999996E-3,
,,,45.19999857E-6,-99.999994040E-3,,,,,45.19999857E-6,59.999998659E-3,
,,,45.23999814E-6,-99.999994040E-3,,,,,45.23999814E-6,39.99999911E-3,
,,,45.28000136E-6,-119.9999973E-3,,,,,45.28000136E-6,39.99999911E-3,
,,,45.32000094E-6,-99.999994040E-3,,,,,45.32000094E-6,19.9999996E-3,
,,,45.36000051E-6,-119.9999973E-3,,,,,45.36000051E-6,39.99999911E-3,
,,,45.40000009E-6,-119.9999973E-3,,,,,45.40000009E-6,59.999998659E-3,
,,,45.43999967E-6,-119.9999973E-3,,,,,45.43999967E-6,39.99999911E-3,
,,,45.47999924E-6,-119.9999973E-3,,,,,45.47999924E-6,39.99999911E-3,
,,,45.51999882E-6,-99.999994040E-3,,,,,45.51999882E-6,19.9999996E-3,
,,,45.55999840E-6,-119.9999973E-3,,,,,45.55999840E-6,79.999998212E-3,
,,,45.59999797E-6,-99.999994040E-3,,,,,45.59999797E-6,59.999998659E-3,
,,,45.64000119E-6,-119.9999973E-3,,,,,45.64000119E-6,59.999998659E-3,
,,,45.68000077E-6,-99.999994040E-3,,,,,45.68000077E-6,19.9999996E-3,
,,,45.72000034E-6,-119.9999973E-3,,,,,45.72000034E-6,39.99999911E-3,
,,,45.75999992E-6,-99.999994040E-3,,,,,45.75999992E-6,19.9999996E-3,
,,,45.79999950E-6,-79.999998212E-3,,,,,45.79999950E-6,39.99999911E-3,
,,,45.83999907E-6,-99.999994040E-3,,,,,45.83999907E-6,39.99999911E-3,
,,,45.87999865E-6,-99.999994040E-3,,,,,45.87999865E-6,59.999998659E-3,
,,,45.91999823E-6,-99.999994040E-3,,,,,45.91999823E-6,59.999998659E-3,
,,,45.95999781E-6,-119.9999973E-3,,,,,45.95999781E-6,39.99999911E-3,
,,,46.00000102E-6,-99.999994040E-3,,,,,46.00000102E-6,59.999998659E-3,
,,,46.04000060E-6,-79.999998212E-3,,,,,46.04000060E-6,19.9999996E-3,
,,,46.08000017E-6,-79.999998212E-3,,,,,46.08000017E-6,59.999998659E-3,
,,,46.11999975E-6,-79.999998212E-3,,,,,46.11999975E-6,39.99999911E-3,
,,,46.15999933E-6,-99.999994040E-3,,,,,46.15999933E-6,39.99999911E-3,
,,,46.19999891E-6,-79.999998212E-3,,,,,46.19999891E-6,39.99999911E-3,
,,,46.23999848E-6,-79.999998212E-3,,,,,46.23999848E-6,79.999998212E-3,
,,,46.27999806E-6,-79.999998212E-3,,,,,46.27999806E-6,59.999998659E-3,
,,,46.32000127E-6,-79.999998212E-3,,,,,46.32000127E-6,39.99999911E-3,
,,,46.36000085E-6,-59.999998659E-3,,,,,46.36000085E-6,19.9999996E-3,
,,,46.40000043E-6,-79.999998212E-3,,,,,46.40000043E-6,59.999998659E-3,
,,,46.44000001E-6,-79.999998212E-3,,,,,46.44000001E-6,59.999998659E-3,
,,,46.47999958E-6,-79.999998212E-3,,,,,46.47999958E-6,39.99999911E-3,
,,,46.51999916E-6,-79.999998212E-3,,,,,46.51999916E-6,39.99999911E-3,
,,,46.55999874E-6,-99.999994040E-3,,,,,46.55999874E-6,59.999998659E-3,
,,,46.59999831E-6,-79.999998212E-3,,,,,46.59999831E-6,59.999998659E-3,
,,,46.63999789E-6,-99.999994040E-3,,,,,46.63999789E-6,59.999998659E-3,
,,,46.68000111E-6,-99.999994040E-3,,,,,46.68000111E-6,39.99999911E-3,
,,,46.72000068E-6,-79.999998212E-3,,,,,46.72000068E-6,59.999998659E-3,
,,,46.76000026E-6,-79.999998212E-3,,,,,46.76000026E-6,59.999998659E-3,
,,,46.79999984E-6,-79.999998212E-3,,,,,46.79999984E-6,19.9999996E-3,
,,,46.83999941E-6,-79.999998212E-3,,,,,46.83999941E-6,39.99999911E-3,
,,,46.87999899E-6,-59.999998659E-3,,,,,46.87999899E-6,39.99999911E-3,
,,,46.91999857E-6,-59.999998659E-3,,,,,46.91999857E-6,79.999998212E-3,
,,,46.95999814E-6,-59.999998659E-3,,,,,46.95999814E-6,39.99999911E-3,
,,,46.99999772E-6,-99.999994040E-3,,,,,46.99999772E-6,59.999998659E-3,
,,,47.04000094E-6,-99.999994040E-3,,,,,47.04000094E-6,59.999998659E-3,
,,,47.08000051E-6,-79.999998212E-3,,,,,47.08000051E-6,59.999998659E-3,
,,,47.12000009E-6,-39.99999911E-3,,,,,47.12000009E-6,39.99999911E-3,
,,,47.15999967E-6,-59.999998659E-3,,,,,47.15999967E-6,39.99999911E-3,
,,,47.19999924E-6,-59.999998659E-3,,,,,47.19999924E-6,39.99999911E-3,
,,,47.23999882E-6,-59.999998659E-3,,,,,47.23999882E-6,79.999998212E-3,
,,,47.27999840E-6,-59.999998659E-3,,,,,47.27999840E-6,19.9999996E-3,
,,,47.31999798E-6,-59.999998659E-3,,,,,47.31999798E-6,39.99999911E-3,
,,,47.36000119E-6,-39.99999911E-3,,,,,47.36000119E-6,19.9999996E-3,
,,,47.40000077E-6,-59.999998659E-3,,,,,47.40000077E-6,19.9999996E-3,
,,,47.44000034E-6,-59.999998659E-3,,,,,47.44000034E-6,59.999998659E-3,
,,,47.47999992E-6,-39.99999911E-3,,,,,47.47999992E-6,19.9999996E-3,
,,,47.51999950E-6,-59.999998659E-3,,,,,47.51999950E-6,39.99999911E-3,
,,,47.55999908E-6,-59.999998659E-3,,,,,47.55999908E-6,59.999998659E-3,
,,,47.59999865E-6,-39.99999911E-3,,,,,47.59999865E-6,0.0,
,,,47.63999823E-6,-39.99999911E-3,,,,,47.63999823E-6,39.99999911E-3,
,,,47.67999781E-6,-59.999998659E-3,,,,,47.67999781E-6,39.99999911E-3,
,,,47.72000102E-6,-39.99999911E-3,,,,,47.72000102E-6,19.9999996E-3,
,,,47.76000060E-6,-39.99999911E-3,,,,,47.76000060E-6,19.9999996E-3,
,,,47.80000017E-6,-59.999998659E-3,,,,,47.80000017E-6,59.999998659E-3,
,,,47.83999975E-6,-19.9999996E-3,,,,,47.83999975E-6,19.9999996E-3,
,,,47.87999933E-6,0.0,,,,,47.87999933E-6,19.9999996E-3,
,,,47.91999891E-6,-39.99999911E-3,,,,,47.91999891E-6,39.99999911E-3,
,,,47.95999848E-6,-39.99999911E-3,,,,,47.95999848E-6,39.99999911E-3,
,,,47.99999806E-6,-39.99999911E-3,,,,,47.99999806E-6,19.9999996E-3,
,,,48.04000127E-6,-39.99999911E-3,,,,,48.04000127E-6,39.99999911E-3,
,,,48.08000085E-6,-79.999998212E-3,,,,,48.08000085E-6,19.9999996E-3,
,,,48.12000043E-6,-59.999998659E-3,,,,,48.12000043E-6,39.99999911E-3,
,,,48.16000001E-6,-39.99999911E-3,,,,,48.16000001E-6,19.9999996E-3,
,,,48.19999958E-6,-19.9999996E-3,,,,,48.19999958E-6,39.99999911E-3,
,,,48.23999916E-6,-19.9999996E-3,,,,,48.23999916E-6,19.9999996E-3,
,,,48.27999874E-6,-19.9999996E-3,,,,,48.27999874E-6,59.999998659E-3,
,,,48.31999831E-6,-19.9999996E-3,,,,,48.31999831E-6,19.9999996E-3,
,,,48.35999789E-6,-19.9999996E-3,,,,,48.35999789E-6,19.9999996E-3,
,,,48.40000111E-6,-19.9999996E-3,,,,,48.40000111E-6,19.9999996E-3,
,,,48.44000068E-6,-39.99999911E-3,,,,,48.44000068E-6,19.9999996E-3,
,,,48.48000026E-6,-19.9999996E-3,,,,,48.48000026E-6,39.99999911E-3,
,,,48.51999984E-6,0.0,,,,,48.51999984E-6,19.9999996E-3,
,,,48.55999941E-6,-19.9999996E-3,,,,,48.55999941E-6,39.99999911E-3,
,,,48.59999899E-6,-19.9999996E-3,,,,,48.59999899E-6,39.99999911E-3,
,,,48.63999857E-6,-19.9999996E-3,,,,,48.63999857E-6,19.9999996E-3,
,,,48.67999814E-6,0.0,,,,,48.67999814E-6,19.9999996E-3,
,,,48.71999772E-6,0.0,,,,,48.71999772E-6,19.9999996E-3,
,,,48.76000094E-6,19.9999996E-3,,,,,48.76000094E-6,0.0,
,,,48.80000051E-6,-19.9999996E-3,,,,,48.80000051E-6,19.9999996E-3,
,,,48.84000009E-6,-19.9999996E-3,,,,,48.84000009E-6,39.99999911E-3,
,,,48.87999967E-6,0.0,,,,,48.87999967E-6,19.9999996E-3,
,,,48.91999924E-6,-19.9999996E-3,,,,,48.91999924E-6,39.99999911E-3,
,,,48.95999882E-6,-19.9999996E-3,,,,,48.95999882E-6,39.99999911E-3,
,,,48.99999840E-6,0.0,,,,,48.99999840E-6,19.9999996E-3,
,,,49.03999798E-6,0.0,,,,,49.03999798E-6,39.99999911E-3,
,,,49.08000119E-6,19.9999996E-3,,,,,49.08000119E-6,59.999998659E-3,
,,,49.12000077E-6,0.0,,,,,49.12000077E-6,39.99999911E-3,
,,,49.16000034E-6,0.0,,,,,49.16000034E-6,19.9999996E-3,
,,,49.19999992E-6,0.0,,,,,49.19999992E-6,19.9999996E-3,
,,,49.23999950E-6,0.0,,,,,49.23999950E-6,19.9999996E-3,
,,,49.27999908E-6,0.0,,,,,49.27999908E-6,39.99999911E-3,
,,,49.31999865E-6,0.0,,,,,49.31999865E-6,39.99999911E-3,
,,,49.35999823E-6,0.0,,,,,49.35999823E-6,19.9999996E-3,
,,,49.39999781E-6,0.0,,,,,49.39999781E-6,59.999998659E-3,
,,,49.44000102E-6,0.0,,,,,49.44000102E-6,19.9999996E-3,
,,,49.48000060E-6,39.99999911E-3,,,,,49.48000060E-6,19.9999996E-3,
,,,49.52000018E-6,0.0,,,,,49.52000018E-6,19.9999996E-3,
,,,49.55999975E-6,0.0,,,,,49.55999975E-6,19.9999996E-3,
,,,49.59999933E-6,0.0,,,,,49.59999933E-6,39.99999911E-3,
,,,49.63999891E-6,0.0,,,,,49.63999891E-6,19.9999996E-3,
,,,49.67999848E-6,0.0,,,,,49.67999848E-6,0.0,
,,,49.71999806E-6,19.9999996E-3,,,,,49.71999806E-6,39.99999911E-3,
,,,49.76000127E-6,19.9999996E-3,,,,,49.76000127E-6,39.99999911E-3,
,,,49.80000085E-6,19.9999996E-3,,,,,49.80000085E-6,19.9999996E-3,
,,,49.84000043E-6,19.9999996E-3,,,,,49.84000043E-6,79.999998212E-3,
,,,49.88000001E-6,0.0,,,,,49.88000001E-6,19.9999996E-3,
,,,49.91999958E-6,19.9999996E-3,,,,,49.91999958E-6,0.0,
,,,49.95999916E-6,0.0,,,,,49.95999916E-6,19.9999996E-3,
,,,49.99999874E-6,0.0,,,,,49.99999874E-6,39.99999911E-3,
,,,50.03999831E-6,19.9999996E-3,,,,,50.03999831E-6,39.99999911E-3,
,,,50.07999789E-6,0.0,,,,,50.07999789E-6,19.9999996E-3,
,,,50.12000111E-6,0.0,,,,,50.12000111E-6,39.99999911E-3,
,,,50.16000068E-6,19.9999996E-3,,,,,50.16000068E-6,39.99999911E-3,
,,,50.20000026E-6,-19.9999996E-3,,,,,50.20000026E-6,59.999998659E-3,
,,,50.23999984E-6,0.0,,,,,50.23999984E-6,0.0,
,,,50.27999941E-6,19.9999996E-3,,,,,50.27999941E-6,39.99999911E-3,
,,,50.31999899E-6,0.0,,,,,50.31999899E-6,39.99999911E-3,
,,,50.35999857E-6,-19.9999996E-3,,,,,50.35999857E-6,19.9999996E-3,
,,,50.39999814E-6,19.9999996E-3,,,,,50.39999814E-6,39.99999911E-3,
,,,50.43999772E-6,0.0,,,,,50.43999772E-6,19.9999996E-3,
,,,50.48000094E-6,0.0,,,,,50.48000094E-6,19.9999996E-3,
,,,50.52000051E-6,0.0,,,,,50.52000051E-6,0.0,
,,,50.56000009E-6,0.0,,,,,50.56000009E-6,19.9999996E-3,
,,,50.59999967E-6,19.9999996E-3,,,,,50.59999967E-6,39.99999911E-3,
,,,50.63999924E-6,19.9999996E-3,,,,,50.63999924E-6,39.99999911E-3,
,,,50.67999882E-6,19.9999996E-3,,,,,50.67999882E-6,39.99999911E-3,
,,,50.71999840E-6,19.9999996E-3,,,,,50.71999840E-6,39.99999911E-3,
,,,50.75999798E-6,19.9999996E-3,,,,,50.75999798E-6,19.9999996E-3,
,,,50.80000119E-6,19.9999996E-3,,,,,50.80000119E-6,39.99999911E-3,
,,,50.84000077E-6,0.0,,,,,50.84000077E-6,39.99999911E-3,
,,,50.88000034E-6,-19.9999996E-3,,,,,50.88000034E-6,59.999998659E-3,
,,,50.91999992E-6,-19.9999996E-3,,,,,50.91999992E-6,19.9999996E-3,
,,,50.95999950E-6,19.9999996E-3,,,,,50.95999950E-6,19.9999996E-3,
,,,50.99999908E-6,-19.9999996E-3,,,,,50.99999908E-6,19.9999996E-3,
,,,51.03999865E-6,0.0,,,,,51.03999865E-6,39.99999911E-3,
,,,51.07999823E-6,0.0,,,,,51.07999823E-6,19.9999996E-3,
,,,51.11999781E-6,-19.9999996E-3,,,,,51.11999781E-6,19.9999996E-3,
,,,51.16000102E-6,0.0,,,,,51.16000102E-6,39.99999911E-3,
,,,51.20000060E-6,0.0,,,,,51.20000060E-6,39.99999911E-3,
,,,51.24000018E-6,-19.9999996E-3,,,,,51.24000018E-6,39.99999911E-3,
,,,51.27999975E-6,0.0,,,,,51.27999975E-6,39.99999911E-3,
,,,51.31999933E-6,0.0,,,,,51.31999933E-6,19.9999996E-3,
,,,51.35999891E-6,19.9999996E-3,,,,,51.35999891E-6,19.9999996E-3,
,,,51.39999848E-6,19.9999996E-3,,,,,51.39999848E-6,59.999998659E-3,
,,,51.43999806E-6,0.0,,,,,51.43999806E-6,19.9999996E-3,
,,,51.48000128E-6,0.0,,,,,51.48000128E-6,19.9999996E-3,
,,,51.52000085E-6,-19.9999996E-3,,,,,51.52000085E-6,59.999998659E-3,
,,,51.56000043E-6,-39.99999911E-3,,,,,51.56000043E-6,19.9999996E-3,
,,,51.60000001E-6,-19.9999996E-3,,,,,51.60000001E-6,19.9999996E-3,
,,,51.63999958E-6,19.9999996E-3,,,,,51.63999958E-6,39.99999911E-3,
,,,51.67999916E-6,-19.9999996E-3,,,,,51.67999916E-6,19.9999996E-3,
,,,51.71999874E-6,0.0,,,,,51.71999874E-6,39.99999911E-3,
,,,51.75999831E-6,-19.9999996E-3,,,,,51.75999831E-6,19.9999996E-3,
,,,51.79999789E-6,-39.99999911E-3,,,,,51.79999789E-6,59.999998659E-3,
,,,51.84000111E-6,19.9999996E-3,,,,,51.84000111E-6,19.9999996E-3,
,,,51.88000068E-6,-39.99999911E-3,,,,,51.88000068E-6,19.9999996E-3,
,,,51.92000026E-6,-19.9999996E-3,,,,,51.92000026E-6,39.99999911E-3,
,,,51.95999984E-6,0.0,,,,,51.95999984E-6,19.9999996E-3,
,,,51.99999941E-6,-19.9999996E-3,,,,,51.99999941E-6,19.9999996E-3,
,,,52.03999899E-6,-39.99999911E-3,,,,,52.03999899E-6,0.0,
,,,52.07999857E-6,-39.99999911E-3,,,,,52.07999857E-6,19.9999996E-3,
,,,52.11999814E-6,-19.9999996E-3,,,,,52.11999814E-6,19.9999996E-3,
,,,52.15999772E-6,-19.9999996E-3,,,,,52.15999772E-6,19.9999996E-3,
,,,52.20000094E-6,-19.9999996E-3,,,,,52.20000094E-6,19.9999996E-3,
,,,52.24000051E-6,0.0,,,,,52.24000051E-6,19.9999996E-3,
,,,52.28000009E-6,-19.9999996E-3,,,,,52.28000009E-6,39.99999911E-3,
,,,52.31999967E-6,0.0,,,,,52.31999967E-6,19.9999996E-3,
,,,52.35999924E-6,-19.9999996E-3,,,,,52.35999924E-6,0.0,
,,,52.39999882E-6,-19.9999996E-3,,,,,52.39999882E-6,0.0,
,,,52.43999840E-6,-39.99999911E-3,,,,,52.43999840E-6,19.9999996E-3,
,,,52.47999798E-6,0.0,,,,,52.47999798E-6,19.9999996E-3,
,,,52.52000119E-6,-39.99999911E-3,,,,,52.52000119E-6,39.99999911E-3,
,,,52.56000077E-6,0.0,,,,,52.56000077E-6,59.999998659E-3,
,,,52.60000034E-6,-39.99999911E-3,,,,,52.60000034E-6,39.99999911E-3,
,,,52.63999992E-6,-39.99999911E-3,,,,,52.63999992E-6,19.9999996E-3,
,,,52.67999950E-6,-19.9999996E-3,,,,,52.67999950E-6,0.0,
,,,52.71999908E-6,-19.9999996E-3,,,,,52.71999908E-6,19.9999996E-3,
,,,52.75999865E-6,-19.9999996E-3,,,,,52.75999865E-6,39.99999911E-3,
,,,52.79999823E-6,-59.999998659E-3,,,,,52.79999823E-6,59.999998659E-3,
,,,52.83999781E-6,0.0,,,,,52.83999781E-6,19.9999996E-3,
,,,52.88000102E-6,-39.99999911E-3,,,,,52.88000102E-6,19.9999996E-3,
,,,52.92000060E-6,-59.999998659E-3,,,,,52.92000060E-6,19.9999996E-3,
,,,52.96000018E-6,-39.99999911E-3,,,,,52.96000018E-6,19.9999996E-3,
,,,52.99999975E-6,-39.99999911E-3,,,,,52.99999975E-6,39.99999911E-3,
,,,53.03999933E-6,-19.9999996E-3,,,,,53.03999933E-6,0.0,
,,,53.07999891E-6,-59.999998659E-3,,,,,53.07999891E-6,39.99999911E-3,
,,,53.11999848E-6,-39.99999911E-3,,,,,53.11999848E-6,39.99999911E-3,
,,,53.15999806E-6,-39.99999911E-3,,,,,53.15999806E-6,19.9999996E-3,
,,,53.20000128E-6,-39.99999911E-3,,,,,53.20000128E-6,39.99999911E-3,
,,,53.24000085E-6,-39.99999911E-3,,,,,53.24000085E-6,39.99999911E-3,
,,,53.28000043E-6,-59.999998659E-3,,,,,53.28000043E-6,19.9999996E-3,
,,,53.32000001E-6,-59.999998659E-3,,,,,53.32000001E-6,59.999998659E-3,
,,,53.35999958E-6,-39.99999911E-3,,,,,53.35999958E-6,19.9999996E-3,
,,,53.39999916E-6,-59.999998659E-3,,,,,53.39999916E-6,39.99999911E-3,
,,,53.43999874E-6,-39.99999911E-3,,,,,53.43999874E-6,0.0,
,,,53.47999831E-6,-59.999998659E-3,,,,,53.47999831E-6,39.99999911E-3,
,,,53.51999789E-6,-59.999998659E-3,,,,,53.51999789E-6,19.9999996E-3,
,,,53.56000111E-6,-59.999998659E-3,,,,,53.56000111E-6,59.999998659E-3,
,,,53.60000068E-6,-59.999998659E-3,,,,,53.60000068E-6,19.9999996E-3,
,,,53.64000026E-6,-79.999998212E-3,,,,,53.64000026E-6,19.9999996E-3,
,,,53.67999984E-6,-39.99999911E-3,,,,,53.67999984E-6,39.99999911E-3,
,,,53.71999941E-6,-59.999998659E-3,,,,,53.71999941E-6,19.9999996E-3,
,,,53.75999899E-6,-79.999998212E-3,,,,,53.75999899E-6,39.99999911E-3,
,,,53.79999857E-6,-79.999998212E-3,,,,,53.79999857E-6,59.999998659E-3,
,,,53.83999815E-6,-79.999998212E-3,,,,,53.83999815E-6,59.999998659E-3,
,,,53.87999772E-6,-39.99999911E-3,,,,,53.87999772E-6,39.99999911E-3,
,,,53.92000094E-6,-79.999998212E-3,,,,,53.92000094E-6,19.9999996E-3,
,,,53.96000051E-6,-79.999998212E-3,,,,,53.96000051E-6,19.9999996E-3,
,,,54.00000009E-6,-59.999998659E-3,,,,,54.00000009E-6,39.99999911E-3,
,,,54.03999967E-6,-39.99999911E-3,,,,,54.03999967E-6,19.9999996E-3,
,,,54.07999925E-6,-39.99999911E-3,,,,,54.07999925E-6,79.999998212E-3,
,,,54.11999882E-6,-39.99999911E-3,,,,,54.11999882E-6,59.999998659E-3,
,,,54.15999840E-6,-59.999998659E-3,,,,,54.15999840E-6,39.99999911E-3,
,,,54.19999798E-6,-79.999998212E-3,,,,,54.19999798E-6,39.99999911E-3,
,,,54.24000119E-6,-39.99999911E-3,,,,,54.24000119E-6,39.99999911E-3,
,,,54.28000077E-6,-59.999998659E-3,,,,,54.28000077E-6,19.9999996E-3,
,,,54.32000034E-6,-59.999998659E-3,,,,,54.32000034E-6,39.99999911E-3,
,,,54.35999992E-6,-79.999998212E-3,,,,,54.35999992E-6,39.99999911E-3,
,,,54.39999950E-6,-39.99999911E-3,,,,,54.39999950E-6,39.99999911E-3,
,,,54.43999908E-6,-59.999998659E-3,,,,,54.43999908E-6,39.99999911E-3,
,,,54.47999865E-6,-59.999998659E-3,,,,,54.47999865E-6,39.99999911E-3,
,,,54.51999823E-6,-59.999998659E-3,,,,,54.51999823E-6,39.99999911E-3,
,,,54.55999781E-6,-59.999998659E-3,,,,,54.55999781E-6,59.999998659E-3,
,,,54.600001022E-6,-59.999998659E-3,,,,,54.600001022E-6,39.99999911E-3,
,,,54.640000599E-6,-59.999998659E-3,,,,,54.640000599E-6,39.99999911E-3,
,,,54.680000176E-6,-59.999998659E-3,,,,,54.680000176E-6,39.99999911E-3,
,,,54.719999753E-6,-59.999998659E-3,,,,,54.719999753E-6,39.99999911E-3,
,,,54.759999330E-6,-79.999998212E-3,,,,,54.759999330E-6,39.99999911E-3,
,,,54.799998907E-6,-59.999998659E-3,,,,,54.799998907E-6,59.999998659E-3,
,,,54.839998484E-6,-99.999994040E-3,,,,,54.839998484E-6,59.999998659E-3,
,,,54.879998061E-6,-59.999998659E-3,,,,,54.879998061E-6,19.9999996E-3,
,,,54.920001276E-6,-79.999998212E-3,,,,,54.920001276E-6,19.9999996E-3,
,,,54.960000853E-6,-59.999998659E-3,,,,,54.960000853E-6,39.99999911E-3,
,,,55.000000430E-6,-79.999998212E-3,,,,,55.000000430E-6,39.99999911E-3,
,,,55.040000007E-6,-59.999998659E-3,,,,,55.040000007E-6,19.9999996E-3,
,,,55.079999584E-6,-59.999998659E-3,,,,,55.079999584E-6,19.9999996E-3,
,,,55.119999161E-6,-79.999998212E-3,,,,,55.119999161E-6,39.99999911E-3,
,,,55.159998738E-6,-79.999998212E-3,,,,,55.159998738E-6,59.999998659E-3,
,,,55.199998314E-6,-59.999998659E-3,,,,,55.199998314E-6,19.9999996E-3,
,,,55.239997891E-6,-59.999998659E-3,,,,,55.239997891E-6,39.99999911E-3,
,,,55.280001106E-6,-59.999998659E-3,,,,,55.280001106E-6,39.99999911E-3,
,,,55.320000683E-6,-39.99999911E-3,,,,,55.320000683E-6,39.99999911E-3,
,,,55.360000260E-6,-19.9999996E-3,,,,,55.360000260E-6,59.999998659E-3,
,,,55.399999837E-6,-19.9999996E-3,,,,,55.399999837E-6,59.999998659E-3,
,,,55.439999414E-6,-79.999998212E-3,,,,,55.439999414E-6,59.999998659E-3,
,,,55.479998991E-6,-39.99999911E-3,,,,,55.479998991E-6,39.99999911E-3,
,,,55.519998568E-6,-59.999998659E-3,,,,,55.519998568E-6,39.99999911E-3,
,,,55.559998145E-6,-39.99999911E-3,,,,,55.559998145E-6,59.999998659E-3,
,,,55.599997722E-6,-59.999998659E-3,,,,,55.599997722E-6,39.99999911E-3,
,,,55.640000937E-6,-59.999998659E-3,,,,,55.640000937E-6,59.999998659E-3,
,,,55.680000514E-6,-39.99999911E-3,,,,,55.680000514E-6,59.999998659E-3,
,,,55.720000091E-6,-99.999994040E-3,,,,,55.720000091E-6,59.999998659E-3,
,,,55.759999668E-6,-59.999998659E-3,,,,,55.759999668E-6,39.99999911E-3,
,,,55.799999245E-6,-39.99999911E-3,,,,,55.799999245E-6,19.9999996E-3,
,,,55.839998822E-6,-39.99999911E-3,,,,,55.839998822E-6,39.99999911E-3,
,,,55.879998399E-6,-59.999998659E-3,,,,,55.879998399E-6,59.999998659E-3,
,,,55.919997976E-6,-59.999998659E-3,,,,,55.919997976E-6,59.999998659E-3,
,,,55.960001191E-6,-59.999998659E-3,,,,,55.960001191E-6,39.99999911E-3,
,,,56.000000768E-6,-99.999994040E-3,,,,,56.000000768E-6,39.99999911E-3,
,,,56.040000345E-6,-59.999998659E-3,,,,,56.040000345E-6,59.999998659E-3,
,,,56.079999922E-6,-39.99999911E-3,,,,,56.079999922E-6,39.99999911E-3,
,,,56.119999499E-6,-59.999998659E-3,,,,,56.119999499E-6,39.99999911E-3,
,,,56.159999076E-6,-39.99999911E-3,,,,,56.159999076E-6,19.9999996E-3,
,,,56.199998653E-6,-59.999998659E-3,,,,,56.199998653E-6,59.999998659E-3,
,,,56.239998230E-6,-59.999998659E-3,,,,,56.239998230E-6,59.999998659E-3,
,,,56.279997807E-6,-79.999998212E-3,,,,,56.279997807E-6,19.9999996E-3,
,,,56.320001022E-6,-39.99999911E-3,,,,,56.320001022E-6,59.999998659E-3,
,,,56.360000599E-6,-59.999998659E-3,,,,,56.360000599E-6,39.99999911E-3,
,,,56.400000176E-6,-59.999998659E-3,,,,,56.400000176E-6,19.9999996E-3,
,,,56.439999753E-6,-19.9999996E-3,,,,,56.439999753E-6,59.999998659E-3,
,,,56.479999330E-6,-19.9999996E-3,,,,,56.479999330E-6,39.99999911E-3,
,,,56.519998907E-6,-59.999998659E-3,,,,,56.519998907E-6,59.999998659E-3,
,,,56.559998484E-6,-39.99999911E-3,,,,,56.559998484E-6,19.9999996E-3,
,,,56.599998061E-6,-39.99999911E-3,,,,,56.599998061E-6,39.99999911E-3,
,,,56.640001276E-6,-59.999998659E-3,,,,,56.640001276E-6,39.99999911E-3,
,,,56.680000853E-6,-19.9999996E-3,,,,,56.680000853E-6,39.99999911E-3,
,,,56.720000430E-6,-59.999998659E-3,,,,,56.720000430E-6,39.99999911E-3,
,,,56.760000007E-6,-59.999998659E-3,,,,,56.760000007E-6,59.999998659E-3,
,,,56.799999584E-6,-39.99999911E-3,,,,,56.799999584E-6,39.99999911E-3,
,,,56.839999161E-6,-59.999998659E-3,,,,,56.839999161E-6,39.99999911E-3,
,,,56.879998738E-6,-19.9999996E-3,,,,,56.879998738E-6,39.99999911E-3,
,,,56.919998315E-6,-39.99999911E-3,,,,,56.919998315E-6,39.99999911E-3,
,,,56.959997892E-6,-59.999998659E-3,,,,,56.959997892E-6,39.99999911E-3,
,,,57.000001107E-6,-39.99999911E-3,,,,,57.000001107E-6,39.99999911E-3,
,,,57.040000684E-6,-39.99999911E-3,,,,,57.040000684E-6,39.99999911E-3,
,,,57.080000261E-6,-19.9999996E-3,,,,,57.080000261E-6,39.99999911E-3,
,,,57.119999838E-6,-19.9999996E-3,,,,,57.119999838E-6,39.99999911E-3,
,,,57.159999415E-6,-39.99999911E-3,,,,,57.159999415E-6,39.99999911E-3,
,,,57.199998992E-6,-39.99999911E-3,,,,,57.199998992E-6,19.9999996E-3,
,,,57.239998569E-6,-39.99999911E-3,,,,,57.239998569E-6,39.99999911E-3,
,,,57.279998146E-6,-39.99999911E-3,,,,,57.279998146E-6,19.9999996E-3,
,,,57.319997723E-6,-39.99999911E-3,,,,,57.319997723E-6,0.0,
,,,57.360000937E-6,-39.99999911E-3,,,,,57.360000937E-6,39.99999911E-3,
,,,57.400000514E-6,-39.99999911E-3,,,,,57.400000514E-6,39.99999911E-3,
,,,57.440000091E-6,-39.99999911E-3,,,,,57.440000091E-6,19.9999996E-3,
,,,57.479999668E-6,-59.999998659E-3,,,,,57.479999668E-6,59.999998659E-3,
,,,57.519999245E-6,-59.999998659E-3,,,,,57.519999245E-6,59.999998659E-3,
,,,57.559998822E-6,-59.999998659E-3,,,,,57.559998822E-6,19.9999996E-3,
,,,57.599998399E-6,-79.999998212E-3,,,,,57.599998399E-6,39.99999911E-3,
,,,57.639997976E-6,-39.99999911E-3,,,,,57.639997976E-6,39.99999911E-3,
,,,57.680001191E-6,-59.999998659E-3,,,,,57.680001191E-6,19.9999996E-3,
,,,57.720000768E-6,-59.999998659E-3,,,,,57.720000768E-6,39.99999911E-3,
,,,57.760000345E-6,-39.99999911E-3,,,,,57.760000345E-6,39.99999911E-3,
,,,57.799999922E-6,-39.99999911E-3,,,,,57.799999922E-6,59.999998659E-3,
,,,57.839999499E-6,-59.999998659E-3,,,,,57.839999499E-6,19.9999996E-3,
,,,57.879999076E-6,-59.999998659E-3,,,,,57.879999076E-6,19.9999996E-3,
,,,57.919998653E-6,-39.99999911E-3,,,,,57.919998653E-6,39.99999911E-3,
,,,57.959998230E-6,-39.99999911E-3,,,,,57.959998230E-6,19.9999996E-3,
,,,57.999997807E-6,-19.9999996E-3,,,,,57.999997807E-6,39.99999911E-3,
,,,58.040001022E-6,-39.99999911E-3,,,,,58.040001022E-6,59.999998659E-3,
,,,58.080000599E-6,-59.999998659E-3,,,,,58.080000599E-6,39.99999911E-3,
,,,58.120000176E-6,-39.99999911E-3,,,,,58.120000176E-6,59.999998659E-3,
,,,58.159999753E-6,-39.99999911E-3,,,,,58.159999753E-6,19.9999996E-3,
,,,58.199999330E-6,0.0,,,,,58.199999330E-6,39.99999911E-3,
,,,58.239998907E-6,-39.99999911E-3,,,,,58.239998907E-6,19.9999996E-3,
,,,58.279998484E-6,-39.99999911E-3,,,,,58.279998484E-6,39.99999911E-3,
,,,58.319998061E-6,-39.99999911E-3,,,,,58.319998061E-6,19.9999996E-3,
,,,58.360001276E-6,-19.9999996E-3,,,,,58.360001276E-6,39.99999911E-3,
,,,58.400000853E-6,-39.99999911E-3,,,,,58.400000853E-6,39.99999911E-3,
,,,58.440000430E-6,-39.99999911E-3,,,,,58.440000430E-6,19.9999996E-3,
,,,58.480000007E-6,-39.99999911E-3,,,,,58.480000007E-6,39.99999911E-3,
,,,58.519999584E-6,-39.99999911E-3,,,,,58.519999584E-6,39.99999911E-3,
,,,58.559999161E-6,-39.99999911E-3,,,,,58.559999161E-6,39.99999911E-3,
,,,58.599998738E-6,-39.99999911E-3,,,,,58.599998738E-6,39.99999911E-3,
,,,58.639998315E-6,-59.999998659E-3,,,,,58.639998315E-6,19.9999996E-3,
,,,58.679997892E-6,-19.9999996E-3,,,,,58.679997892E-6,39.99999911E-3,
,,,58.720001107E-6,-19.9999996E-3,,,,,58.720001107E-6,19.9999996E-3,
,,,58.760000684E-6,-19.9999996E-3,,,,,58.760000684E-6,39.99999911E-3,
,,,58.800000261E-6,-19.9999996E-3,,,,,58.800000261E-6,39.99999911E-3,
,,,58.839999838E-6,-39.99999911E-3,,,,,58.839999838E-6,19.9999996E-3,
,,,58.879999415E-6,-19.9999996E-3,,,,,58.879999415E-6,19.9999996E-3,
,,,58.919998992E-6,-19.9999996E-3,,,,,58.919998992E-6,19.9999996E-3,
,,,58.959998569E-6,-39.99999911E-3,,,,,58.959998569E-6,39.99999911E-3,
,,,58.999998146E-6,-19.9999996E-3,,,,,58.999998146E-6,0.0,
,,,59.039997723E-6,-39.99999911E-3,,,,,59.039997723E-6,19.9999996E-3,
,,,59.080000938E-6,-19.9999996E-3,,,,,59.080000938E-6,59.999998659E-3,
,,,59.120000515E-6,-19.9999996E-3,,,,,59.120000515E-6,39.99999911E-3,
,,,59.160000092E-6,-19.9999996E-3,,,,,59.160000092E-6,39.99999911E-3,
,,,59.199999669E-6,-19.9999996E-3,,,,,59.199999669E-6,39.99999911E-3,
,,,59.239999246E-6,-19.9999996E-3,,,,,59.239999246E-6,19.9999996E-3,
,,,59.279998823E-6,-39.99999911E-3,,,,,59.279998823E-6,39.99999911E-3,
,,,59.319998400E-6,-39.99999911E-3,,,,,59.319998400E-6,39.99999911E-3,
,,,59.359997977E-6,-19.9999996E-3,,,,,59.359997977E-6,39.99999911E-3,
,,,59.400001192E-6,-39.99999911E-3,,,,,59.400001192E-6,59.999998659E-3,
,,,59.440000769E-6,-19.9999996E-3,,,,,59.440000769E-6,19.9999996E-3,
,,,59.480000346E-6,-19.9999996E-3,,,,,59.480000346E-6,19.9999996E-3,
,,,59.519999922E-6,-19.9999996E-3,,,,,59.519999922E-6,39.99999911E-3,
,,,59.559999499E-6,-39.99999911E-3,,,,,59.559999499E-6,19.9999996E-3,
,,,59.599999076E-6,-39.99999911E-3,,,,,59.599999076E-6,19.9999996E-3,
,,,59.639998653E-6,0.0,,,,,59.639998653E-6,39.99999911E-3,
,,,59.679998230E-6,-39.99999911E-3,,,,,59.679998230E-6,39.99999911E-3,
,,,59.719997807E-6,-19.9999996E-3,,,,,59.719997807E-6,19.9999996E-3,
,,,59.760001022E-6,-19.9999996E-3,,,,,59.760001022E-6,19.9999996E-3,
,,,59.800000599E-6,-19.9999996E-3,,,,,59.800000599E-6,19.9999996E-3,
,,,59.840000176E-6,-39.99999911E-3,,,,,59.840000176E-6,39.99999911E-3,
,,,59.879999753E-6,-19.9999996E-3,,,,,59.879999753E-6,39.99999911E-3,
,,,59.919999330E-6,-19.9999996E-3,,,,,59.919999330E-6,39.99999911E-3,
,,,59.959998907E-6,-39.99999911E-3,,,,,59.959998907E-6,19.9999996E-3,
,,,59.999998484E-6,-19.9999996E-3,,,,,59.999998484E-6,39.99999911E-3,
,,,60.039998061E-6,-39.99999911E-3,,,,,60.039998061E-6,39.99999911E-3,
,,,60.079997638E-6,-19.9999996E-3,,,,,60.079997638E-6,19.9999996E-3,
,,,60.120000853E-6,-19.9999996E-3,,,,,60.120000853E-6,39.99999911E-3,
,,,60.160000430E-6,-19.9999996E-3,,,,,60.160000430E-6,19.9999996E-3,
,,,60.200000007E-6,-19.9999996E-3,,,,,60.200000007E-6,19.9999996E-3,
,,,60.239999584E-6,-19.9999996E-3,,,,,60.239999584E-6,19.9999996E-3,
,,,60.279999161E-6,-19.9999996E-3,,,,,60.279999161E-6,39.99999911E-3,
,,,60.319998738E-6,0.0,,,,,60.319998738E-6,19.9999996E-3,
,,,60.359998315E-6,0.0,,,,,60.359998315E-6,39.99999911E-3,
,,,60.399997892E-6,0.0,,,,,60.399997892E-6,19.9999996E-3,
,,,60.440001107E-6,-39.99999911E-3,,,,,60.440001107E-6,59.999998659E-3,
,,,60.480000684E-6,-19.9999996E-3,,,,,60.480000684E-6,0.0,
,,,60.520000261E-6,-39.99999911E-3,,,,,60.520000261E-6,39.99999911E-3,
,,,60.559999838E-6,-39.99999911E-3,,,,,60.559999838E-6,19.9999996E-3,
,,,60.599999415E-6,-19.9999996E-3,,,,,60.599999415E-6,19.9999996E-3,
,,,60.639998992E-6,-39.99999911E-3,,,,,60.639998992E-6,19.9999996E-3,
,,,60.679998569E-6,-39.99999911E-3,,,,,60.679998569E-6,19.9999996E-3,
,,,60.719998146E-6,-19.9999996E-3,,,,,60.719998146E-6,19.9999996E-3,
,,,60.759997723E-6,-19.9999996E-3,,,,,60.759997723E-6,19.9999996E-3,
,,,60.800000938E-6,-59.999998659E-3,,,,,60.800000938E-6,39.99999911E-3,
,,,60.840000515E-6,-59.999998659E-3,,,,,60.840000515E-6,19.9999996E-3,
,,,60.880000092E-6,-19.9999996E-3,,,,,60.880000092E-6,39.99999911E-3,
,,,60.919999669E-6,-59.999998659E-3,,,,,60.919999669E-6,59.999998659E-3,
,,,60.959999246E-6,-19.9999996E-3,,,,,60.959999246E-6,39.99999911E-3,
,,,60.999998823E-6,-39.99999911E-3,,,,,60.999998823E-6,39.99999911E-3,
,,,61.040002038E-6,-19.9999996E-3,,,,,61.040002038E-6,19.9999996E-3,
,,,61.079997977E-6,-19.9999996E-3,,,,,61.079997977E-6,39.99999911E-3,
,,,61.120001192E-6,-19.9999996E-3,,,,,61.120001192E-6,19.9999996E-3,
,,,61.159997131E-6,-19.9999996E-3,,,,,61.159997131E-6,19.9999996E-3,
,,,61.200000346E-6,-19.9999996E-3,,,,,61.200000346E-6,39.99999911E-3,
,,,61.239996285E-6,-59.999998659E-3,,,,,61.239996285E-6,39.99999911E-3,
,,,61.279999500E-6,-59.999998659E-3,,,,,61.279999500E-6,19.9999996E-3,
,,,61.320002715E-6,-39.99999911E-3,,,,,61.320002715E-6,39.99999911E-3,
,,,61.359998654E-6,-39.99999911E-3,,,,,61.359998654E-6,19.9999996E-3,
,,,61.400001869E-6,-39.99999911E-3,,,,,61.400001869E-6,59.999998659E-3,
,,,61.439997808E-6,-59.999998659E-3,,,,,61.439997808E-6,39.99999911E-3,
,,,61.480001023E-6,-39.99999911E-3,,,,,61.480001023E-6,59.999998659E-3,
,,,61.519996962E-6,-19.9999996E-3,,,,,61.519996962E-6,0.0,
,,,61.560000177E-6,-39.99999911E-3,,,,,61.560000177E-6,19.9999996E-3,
,,,61.599996116E-6,-19.9999996E-3,,,,,61.599996116E-6,19.9999996E-3,
,,,61.639999331E-6,-19.9999996E-3,,,,,61.639999331E-6,19.9999996E-3,
,,,61.680002545E-6,-19.9999996E-3,,,,,61.680002545E-6,39.99999911E-3,
,,,61.719998484E-6,-39.99999911E-3,,,,,61.719998484E-6,39.99999911E-3,
,,,61.760001699E-6,-19.9999996E-3,,,,,61.760001699E-6,39.99999911E-3,
,,,61.799997638E-6,-39.99999911E-3,,,,,61.799997638E-6,19.9999996E-3,
,,,61.840000853E-6,-39.99999911E-3,,,,,61.840000853E-6,19.9999996E-3,
,,,61.879996792E-6,-19.9999996E-3,,,,,61.879996792E-6,39.99999911E-3,
,,,61.920000007E-6,-39.99999911E-3,,,,,61.920000007E-6,19.9999996E-3,
,,,61.959995946E-6,-19.9999996E-3,,,,,61.959995946E-6,0.0,
,,,61.999999161E-6,-59.999998659E-3,,,,,61.999999161E-6,59.999998659E-3,
,,,62.040002376E-6,-39.99999911E-3,,,,,62.040002376E-6,39.99999911E-3,
,,,62.079998315E-6,-39.99999911E-3,,,,,62.079998315E-6,19.9999996E-3,
,,,62.120001530E-6,-39.99999911E-3,,,,,62.120001530E-6,39.99999911E-3,
,,,62.159997469E-6,-19.9999996E-3,,,,,62.159997469E-6,19.9999996E-3,
,,,62.200000684E-6,-19.9999996E-3,,,,,62.200000684E-6,19.9999996E-3,
,,,62.239996623E-6,-39.99999911E-3,,,,,62.239996623E-6,39.99999911E-3,
,,,62.279999838E-6,-39.99999911E-3,,,,,62.279999838E-6,19.9999996E-3,
,,,62.320003053E-6,-39.99999911E-3,,,,,62.320003053E-6,39.99999911E-3,
,,,62.359998992E-6,-39.99999911E-3,,,,,62.359998992E-6,19.9999996E-3,
,,,62.400002207E-6,-39.99999911E-3,,,,,62.400002207E-6,19.9999996E-3,
,,,62.439998146E-6,-39.99999911E-3,,,,,62.439998146E-6,19.9999996E-3,
,,,62.480001361E-6,-19.9999996E-3,,,,,62.480001361E-6,39.99999911E-3,
,,,62.519997300E-6,-19.9999996E-3,,,,,62.519997300E-6,19.9999996E-3,
,,,62.560000515E-6,-19.9999996E-3,,,,,62.560000515E-6,39.99999911E-3,
,,,62.599996454E-6,-39.99999911E-3,,,,,62.599996454E-6,39.99999911E-3,
,,,62.639999669E-6,-19.9999996E-3,,,,,62.639999669E-6,39.99999911E-3,
,,,62.680002884E-6,-19.9999996E-3,,,,,62.680002884E-6,39.99999911E-3,
,,,62.719998823E-6,-39.99999911E-3,,,,,62.719998823E-6,39.99999911E-3,
,,,62.760002038E-6,-19.9999996E-3,,,,,62.760002038E-6,59.999998659E-3,
,,,62.799997977E-6,-59.999998659E-3,,,,,62.799997977E-6,19.9999996E-3,
,,,62.840001192E-6,-39.99999911E-3,,,,,62.840001192E-6,39.99999911E-3,
,,,62.879997131E-6,-39.99999911E-3,,,,,62.879997131E-6,0.0,
,,,62.920000346E-6,-19.9999996E-3,,,,,62.920000346E-6,59.999998659E-3,
,,,62.959996285E-6,-19.9999996E-3,,,,,62.959996285E-6,39.99999911E-3,
,,,62.999999500E-6,-39.99999911E-3,,,,,62.999999500E-6,39.99999911E-3,
,,,63.040002715E-6,-39.99999911E-3,,,,,63.040002715E-6,39.99999911E-3,
,,,63.079998654E-6,-39.99999911E-3,,,,,63.079998654E-6,39.99999911E-3,
,,,63.120001869E-6,-39.99999911E-3,,,,,63.120001869E-6,39.99999911E-3,
,,,63.159997808E-6,-59.999998659E-3,,,,,63.159997808E-6,39.99999911E-3,
,,,63.200001023E-6,-39.99999911E-3,,,,,63.200001023E-6,39.99999911E-3,
,,,63.239996962E-6,-39.99999911E-3,,,,,63.239996962E-6,0.0,
,,,63.280000177E-6,-39.99999911E-3,,,,,63.280000177E-6,19.9999996E-3,
,,,63.319996116E-6,-39.99999911E-3,,,,,63.319996116E-6,19.9999996E-3,
,,,63.359999331E-6,-79.999998212E-3,,,,,63.359999331E-6,39.99999911E-3,
,,,63.400002546E-6,-39.99999911E-3,,,,,63.400002546E-6,39.99999911E-3,
,,,63.439998485E-6,-59.999998659E-3,,,,,63.439998485E-6,39.99999911E-3,
,,,63.480001700E-6,-19.9999996E-3,,,,,63.480001700E-6,39.99999911E-3,
,,,63.519997639E-6,-39.99999911E-3,,,,,63.519997639E-6,19.9999996E-3,
,,,63.560000854E-6,-39.99999911E-3,,,,,63.560000854E-6,39.99999911E-3,
,,,63.599996793E-6,-19.9999996E-3,,,,,63.599996793E-6,39.99999911E-3,
,,,63.640000008E-6,-59.999998659E-3,,,,,63.640000008E-6,19.9999996E-3,
,,,63.679995947E-6,-39.99999911E-3,,,,,63.679995947E-6,19.9999996E-3,
,,,63.719999162E-6,-39.99999911E-3,,,,,63.719999162E-6,39.99999911E-3,
,,,63.760002377E-6,-39.99999911E-3,,,,,63.760002377E-6,19.9999996E-3,
,,,63.799998316E-6,-39.99999911E-3,,,,,63.799998316E-6,59.999998659E-3,
,,,63.840001530E-6,-19.9999996E-3,,,,,63.840001530E-6,19.9999996E-3,
,,,63.879997469E-6,-39.99999911E-3,,,,,63.879997469E-6,39.99999911E-3,
,,,63.920000684E-6,-59.999998659E-3,,,,,63.920000684E-6,19.9999996E-3,
,,,63.959996623E-6,-39.99999911E-3,,,,,63.959996623E-6,59.999998659E-3,
,,,63.999999838E-6,-19.9999996E-3,,,,,63.999999838E-6,19.9999996E-3,
,,,64.040003053E-6,-39.99999911E-3,,,,,64.040003053E-6,19.9999996E-3,
,,,64.079998992E-6,-39.99999911E-3,,,,,64.079998992E-6,0.0,
,,,64.120002207E-6,-59.999998659E-3,,,,,64.120002207E-6,39.99999911E-3,
,,,64.159998146E-6,-59.999998659E-3,,,,,64.159998146E-6,19.9999996E-3,
,,,64.200001361E-6,-59.999998659E-3,,,,,64.200001361E-6,19.9999996E-3,
,,,64.239997300E-6,-19.9999996E-3,,,,,64.239997300E-6,39.99999911E-3,
,,,64.280000515E-6,-19.9999996E-3,,,,,64.280000515E-6,19.9999996E-3,
,,,64.319996454E-6,-59.999998659E-3,,,,,64.319996454E-6,39.99999911E-3,
,,,64.359999669E-6,-39.99999911E-3,,,,,64.359999669E-6,39.99999911E-3,
,,,64.400002884E-6,-59.999998659E-3,,,,,64.400002884E-6,39.99999911E-3,
,,,64.439998823E-6,-39.99999911E-3,,,,,64.439998823E-6,39.99999911E-3,
,,,64.480002038E-6,-39.99999911E-3,,,,,64.480002038E-6,39.99999911E-3,
,,,64.519997977E-6,-59.999998659E-3,,,,,64.519997977E-6,39.99999911E-3,
,,,64.560001192E-6,-59.999998659E-3,,,,,64.560001192E-6,19.9999996E-3,
,,,64.599997131E-6,-39.99999911E-3,,,,,64.599997131E-6,39.99999911E-3,
,,,64.640000346E-6,-39.99999911E-3,,,,,64.640000346E-6,39.99999911E-3,
,,,64.679996285E-6,-79.999998212E-3,,,,,64.679996285E-6,59.999998659E-3,
,,,64.719999500E-6,-39.99999911E-3,,,,,64.719999500E-6,19.9999996E-3,
,,,64.760002715E-6,-39.99999911E-3,,,,,64.760002715E-6,19.9999996E-3,
,,,64.799998654E-6,-39.99999911E-3,,,,,64.799998654E-6,39.99999911E-3,
,,,64.840001869E-6,-19.9999996E-3,,,,,64.840001869E-6,39.99999911E-3,
,,,64.879997808E-6,-59.999998659E-3,,,,,64.879997808E-6,39.99999911E-3,
,,,64.920001023E-6,-19.9999996E-3,,,,,64.920001023E-6,19.9999996E-3,
,,,64.959996962E-6,-59.999998659E-3,,,,,64.959996962E-6,39.99999911E-3,
,,,65.000000177E-6,-19.9999996E-3,,,,,65.000000177E-6,39.99999911E-3,
,,,65.039996116E-6,-19.9999996E-3,,,,,65.039996116E-6,19.9999996E-3,
,,,65.079999331E-6,-39.99999911E-3,,,,,65.079999331E-6,19.9999996E-3,
,,,65.120002546E-6,-39.99999911E-3,,,,,65.120002546E-6,39.99999911E-3,
,,,65.159998485E-6,-39.99999911E-3,,,,,65.159998485E-6,39.99999911E-3,
,,,65.200001700E-6,-59.999998659E-3,,,,,65.200001700E-6,19.9999996E-3,
,,,65.239997639E-6,-59.999998659E-3,,,,,65.239997639E-6,39.99999911E-3,
,,,65.280000854E-6,-39.99999911E-3,,,,,65.280000854E-6,39.99999911E-3,
,,,65.319996793E-6,-39.99999911E-3,,,,,65.319996793E-6,39.99999911E-3,
,,,65.360000008E-6,-39.99999911E-3,,,,,65.360000008E-6,39.99999911E-3,
,,,65.399995947E-6,-39.99999911E-3,,,,,65.399995947E-6,39.99999911E-3,
,,,65.439999162E-6,-39.99999911E-3,,,,,65.439999162E-6,59.999998659E-3,
,,,65.480002377E-6,-39.99999911E-3,,,,,65.480002377E-6,19.9999996E-3,
,,,65.519998316E-6,-39.99999911E-3,,,,,65.519998316E-6,39.99999911E-3,
,,,65.560001531E-6,-39.99999911E-3,,,,,65.560001531E-6,19.9999996E-3,
,,,65.599997470E-6,-39.99999911E-3,,,,,65.599997470E-6,19.9999996E-3,
,,,65.640000685E-6,-59.999998659E-3,,,,,65.640000685E-6,39.99999911E-3,
,,,65.679996624E-6,-39.99999911E-3,,,,,65.679996624E-6,59.999998659E-3,
,,,65.719999839E-6,-59.999998659E-3,,,,,65.719999839E-6,39.99999911E-3,
,,,65.760003054E-6,-39.99999911E-3,,,,,65.760003054E-6,19.9999996E-3,
,,,65.799998993E-6,-39.99999911E-3,,,,,65.799998993E-6,19.9999996E-3,
,,,65.840002208E-6,-39.99999911E-3,,,,,65.840002208E-6,19.9999996E-3,
,,,65.879998147E-6,-39.99999911E-3,,,,,65.879998147E-6,19.9999996E-3,
,,,65.920001362E-6,-39.99999911E-3,,,,,65.920001362E-6,39.99999911E-3,
,,,65.959997301E-6,-39.99999911E-3,,,,,65.959997301E-6,59.999998659E-3,
,,,66.000000515E-6,-39.99999911E-3,,,,,66.000000515E-6,39.99999911E-3,
,,,66.039996454E-6,-39.99999911E-3,,,,,66.039996454E-6,59.999998659E-3,
,,,66.079999669E-6,-39.99999911E-3,,,,,66.079999669E-6,39.99999911E-3,
,,,66.120002884E-6,-39.99999911E-3,,,,,66.120002884E-6,39.99999911E-3,
,,,66.159998823E-6,-59.999998659E-3,,,,,66.159998823E-6,59.999998659E-3,
,,,66.200002038E-6,-39.99999911E-3,,,,,66.200002038E-6,19.9999996E-3,
,,,66.239997977E-6,-39.99999911E-3,,,,,66.239997977E-6,19.9999996E-3,
,,,66.280001192E-6,-39.99999911E-3,,,,,66.280001192E-6,0.0,
,,,66.319997131E-6,-39.99999911E-3,,,,,66.319997131E-6,39.99999911E-3,
,,,66.360000346E-6,-19.9999996E-3,,,,,66.360000346E-6,19.9999996E-3,
,,,66.399996285E-6,-19.9999996E-3,,,,,66.399996285E-6,39.99999911E-3,
,,,66.439999500E-6,-59.999998659E-3,,,,,66.439999500E-6,79.999998212E-3,
,,,66.480002715E-6,-59.999998659E-3,,,,,66.480002715E-6,59.999998659E-3,
,,,66.519998654E-6,-19.9999996E-3,,,,,66.519998654E-6,39.99999911E-3,
,,,66.560001869E-6,-19.9999996E-3,,,,,66.560001869E-6,19.9999996E-3,
,,,66.599997808E-6,-39.99999911E-3,,,,,66.599997808E-6,39.99999911E-3,
,,,66.640001023E-6,-19.9999996E-3,,,,,66.640001023E-6,39.99999911E-3,
,,,66.679996962E-6,-39.99999911E-3,,,,,66.679996962E-6,19.9999996E-3,
,,,66.720000177E-6,-59.999998659E-3,,,,,66.720000177E-6,39.99999911E-3,
,,,66.759996116E-6,-39.99999911E-3,,,,,66.759996116E-6,0.0,
,,,66.799999331E-6,-19.9999996E-3,,,,,66.799999331E-6,39.99999911E-3,
,,,66.840002546E-6,-39.99999911E-3,,,,,66.840002546E-6,39.99999911E-3,
,,,66.879998485E-6,-19.9999996E-3,,,,,66.879998485E-6,39.99999911E-3,
,,,66.920001700E-6,-19.9999996E-3,,,,,66.920001700E-6,19.9999996E-3,
,,,66.959997639E-6,-59.999998659E-3,,,,,66.959997639E-6,39.99999911E-3,
,,,67.000000854E-6,0.0,,,,,67.000000854E-6,39.99999911E-3,
,,,67.039996793E-6,-39.99999911E-3,,,,,67.039996793E-6,59.999998659E-3,
,,,67.080000008E-6,-19.9999996E-3,,,,,67.080000008E-6,39.99999911E-3,
,,,67.119995947E-6,-59.999998659E-3,,,,,67.119995947E-6,39.99999911E-3,
,,,67.159999162E-6,-39.99999911E-3,,,,,67.159999162E-6,39.99999911E-3,
,,,67.200002377E-6,-39.99999911E-3,,,,,67.200002377E-6,39.99999911E-3,
,,,67.239998316E-6,-39.99999911E-3,,,,,67.239998316E-6,59.999998659E-3,
,,,67.280001531E-6,-59.999998659E-3,,,,,67.280001531E-6,39.99999911E-3,
,,,67.319997470E-6,-59.999998659E-3,,,,,67.319997470E-6,59.999998659E-3,
,,,67.360000685E-6,-39.99999911E-3,,,,,67.360000685E-6,19.9999996E-3,
,,,67.399996624E-6,-39.99999911E-3,,,,,67.399996624E-6,19.9999996E-3,
,,,67.439999839E-6,-39.99999911E-3,,,,,67.439999839E-6,39.99999911E-3,
,,,67.479995778E-6,-19.9999996E-3,,,,,67.479995778E-6,19.9999996E-3,
,,,67.519998993E-6,-39.99999911E-3,,,,,67.519998993E-6,19.9999996E-3,
,,,67.560002208E-6,-39.99999911E-3,,,,,67.560002208E-6,19.9999996E-3,
,,,67.599998147E-6,-59.999998659E-3,,,,,67.599998147E-6,39.99999911E-3,
,,,67.640001362E-6,-59.999998659E-3,,,,,67.640001362E-6,19.9999996E-3,
,,,67.679997301E-6,-39.99999911E-3,,,,,67.679997301E-6,0.0,
,,,67.720000516E-6,-19.9999996E-3,,,,,67.720000516E-6,39.99999911E-3,
,,,67.759996455E-6,-59.999998659E-3,,,,,67.759996455E-6,19.9999996E-3,
,,,67.799999670E-6,-39.99999911E-3,,,,,67.799999670E-6,39.99999911E-3,
,,,67.840002885E-6,-39.99999911E-3,,,,,67.840002885E-6,19.9999996E-3,
,,,67.879998824E-6,-59.999998659E-3,,,,,67.879998824E-6,0.0,
,,,67.920002039E-6,-39.99999911E-3,,,,,67.920002039E-6,39.99999911E-3,
,,,67.959997978E-6,-59.999998659E-3,,,,,67.959997978E-6,39.99999911E-3,
,,,68.000001193E-6,-39.99999911E-3,,,,,68.000001193E-6,19.9999996E-3,
,,,68.039997132E-6,-39.99999911E-3,,,,,68.039997132E-6,19.9999996E-3,
,,,68.080000347E-6,-39.99999911E-3,,,,,68.080000347E-6,39.99999911E-3,
,,,68.119996286E-6,-59.999998659E-3,,,,,68.119996286E-6,0.0,
,,,68.159999500E-6,-39.99999911E-3,,,,,68.159999500E-6,19.9999996E-3,
,,,68.200002715E-6,-39.99999911E-3,,,,,68.200002715E-6,19.9999996E-3,
,,,68.239998654E-6,-39.99999911E-3,,,,,68.239998654E-6,0.0,
,,,68.280001869E-6,-59.999998659E-3,,,,,68.280001869E-6,39.99999911E-3,
,,,68.319997808E-6,-39.99999911E-3,,,,,68.319997808E-6,39.99999911E-3,
,,,68.360001023E-6,-39.99999911E-3,,,,,68.360001023E-6,39.99999911E-3,
,,,68.399996962E-6,-39.99999911E-3,,,,,68.399996962E-6,39.99999911E-3,
,,,68.440000177E-6,-39.99999911E-3,,,,,68.440000177E-6,39.99999911E-3,
,,,68.479996116E-6,-39.99999911E-3,,,,,68.479996116E-6,19.9999996E-3,
,,,68.519999331E-6,-39.99999911E-3,,,,,68.519999331E-6,19.9999996E-3,
,,,68.560002546E-6,-39.99999911E-3,,,,,68.560002546E-6,39.99999911E-3,
,,,68.599998485E-6,-19.9999996E-3,,,,,68.599998485E-6,19.9999996E-3,
,,,68.640001700E-6,-39.99999911E-3,,,,,68.640001700E-6,59.999998659E-3,
,,,68.679997639E-6,-39.99999911E-3,,,,,68.679997639E-6,19.9999996E-3,
,,,68.720000854E-6,-59.999998659E-3,,,,,68.720000854E-6,19.9999996E-3,
,,,68.759996793E-6,-39.99999911E-3,,,,,68.759996793E-6,39.99999911E-3,
,,,68.800000008E-6,-19.9999996E-3,,,,,68.800000008E-6,19.9999996E-3,
,,,68.839995947E-6,-59.999998659E-3,,,,,68.839995947E-6,39.99999911E-3,
,,,68.879999162E-6,-19.9999996E-3,,,,,68.879999162E-6,19.9999996E-3,
,,,68.920002377E-6,-59.999998659E-3,,,,,68.920002377E-6,39.99999911E-3,
,,,68.959998316E-6,-19.9999996E-3,,,,,68.959998316E-6,59.999998659E-3,
,,,69.000001531E-6,-19.9999996E-3,,,,,69.000001531E-6,19.9999996E-3,
,,,69.039997470E-6,-19.9999996E-3,,,,,69.039997470E-6,39.99999911E-3,
,,,69.080000685E-6,-19.9999996E-3,,,,,69.080000685E-6,19.9999996E-3,
,,,69.119996624E-6,-39.99999911E-3,,,,,69.119996624E-6,39.99999911E-3,
,,,69.159999839E-6,-39.99999911E-3,,,,,69.159999839E-6,39.99999911E-3,
,,,69.199995778E-6,-39.99999911E-3,,,,,69.199995778E-6,19.9999996E-3,
,,,69.239998993E-6,-59.999998659E-3,,,,,69.239998993E-6,39.99999911E-3,
,,,69.280002208E-6,-59.999998659E-3,,,,,69.280002208E-6,19.9999996E-3,
,,,69.319998147E-6,-39.99999911E-3,,,,,69.319998147E-6,19.9999996E-3,
,,,69.360001362E-6,-39.99999911E-3,,,,,69.360001362E-6,39.99999911E-3,
,,,69.399997301E-6,-59.999998659E-3,,,,,69.399997301E-6,59.999998659E-3,
,,,69.440000516E-6,-59.999998659E-3,,,,,69.440000516E-6,39.99999911E-3,
,,,69.479996455E-6,-39.99999911E-3,,,,,69.479996455E-6,39.99999911E-3,
,,,69.519999670E-6,0.0,,,,,69.519999670E-6,19.9999996E-3,
,,,69.560002885E-6,0.0,,,,,69.560002885E-6,0.0,
,,,69.599998824E-6,-39.99999911E-3,,,,,69.599998824E-6,39.99999911E-3,
,,,69.640002039E-6,-39.99999911E-3,,,,,69.640002039E-6,79.999998212E-3,
,,,69.679997978E-6,-39.99999911E-3,,,,,69.679997978E-6,19.9999996E-3,
,,,69.720001193E-6,-39.99999911E-3,,,,,69.720001193E-6,0.0,
,,,69.759997132E-6,-39.99999911E-3,,,,,69.759997132E-6,19.9999996E-3,
,,,69.800000347E-6,-39.99999911E-3,,,,,69.800000347E-6,19.9999996E-3,
,,,69.839996286E-6,-39.99999911E-3,,,,,69.839996286E-6,19.9999996E-3,
,,,69.879999501E-6,-19.9999996E-3,,,,,69.879999501E-6,39.99999911E-3,
,,,69.920002716E-6,-59.999998659E-3,,,,,69.920002716E-6,59.999998659E-3,
,,,69.959998655E-6,-39.99999911E-3,,,,,69.959998655E-6,19.9999996E-3,
,,,70.000001870E-6,-59.999998659E-3,,,,,70.000001870E-6,39.99999911E-3,
,,,70.039997809E-6,-19.9999996E-3,,,,,70.039997809E-6,39.99999911E-3,
,,,70.080001024E-6,-39.99999911E-3,,,,,70.080001024E-6,39.99999911E-3,
,,,70.119996963E-6,-39.99999911E-3,,,,,70.119996963E-6,19.9999996E-3,
,,,70.160000178E-6,-39.99999911E-3,,,,,70.160000178E-6,39.99999911E-3,
,,,70.199996117E-6,-39.99999911E-3,,,,,70.199996117E-6,19.9999996E-3,
,,,70.239999332E-6,-39.99999911E-3,,,,,70.239999332E-6,19.9999996E-3,
,,,70.280002546E-6,-59.999998659E-3,,,,,70.280002546E-6,19.9999996E-3,
,,,70.319998486E-6,-59.999998659E-3,,,,,70.319998486E-6,39.99999911E-3,
,,,70.360001700E-6,-59.999998659E-3,,,,,70.360001700E-6,19.9999996E-3,
,,,70.399997639E-6,-39.99999911E-3,,,,,70.399997639E-6,59.999998659E-3,
,,,70.440000854E-6,-39.99999911E-3,,,,,70.440000854E-6,19.9999996E-3,
,,,70.479996793E-6,-39.99999911E-3,,,,,70.479996793E-6,59.999998659E-3,
,,,70.520000008E-6,-39.99999911E-3,,,,,70.520000008E-6,39.99999911E-3,
,,,70.559995947E-6,-39.99999911E-3,,,,,70.559995947E-6,39.99999911E-3,
,,,70.599999162E-6,-39.99999911E-3,,,,,70.599999162E-6,39.99999911E-3,
,,,70.640002377E-6,0.0,,,,,70.640002377E-6,59.999998659E-3,
,,,70.679998316E-6,-59.999998659E-3,,,,,70.679998316E-6,79.999998212E-3,
,,,70.720001531E-6,-39.99999911E-3,,,,,70.720001531E-6,19.9999996E-3,
,,,70.759997470E-6,-39.99999911E-3,,,,,70.759997470E-6,59.999998659E-3,
,,,70.800000685E-6,-19.9999996E-3,,,,,70.800000685E-6,39.99999911E-3,
,,,70.839996624E-6,-39.99999911E-3,,,,,70.839996624E-6,39.99999911E-3,
,,,70.879999839E-6,-19.9999996E-3,,,,,70.879999839E-6,39.99999911E-3,
,,,70.919995778E-6,-59.999998659E-3,,,,,70.919995778E-6,19.9999996E-3,
,,,70.959998993E-6,-39.99999911E-3,,,,,70.959998993E-6,39.99999911E-3,
,,,71.000002208E-6,-39.99999911E-3,,,,,71.000002208E-6,39.99999911E-3,
,,,71.039998147E-6,-39.99999911E-3,,,,,71.039998147E-6,39.99999911E-3,
,,,71.080001362E-6,-59.999998659E-3,,,,,71.080001362E-6,39.99999911E-3,
,,,71.119997301E-6,-39.99999911E-3,,,,,71.119997301E-6,19.9999996E-3,
,,,71.160000516E-6,-39.99999911E-3,,,,,71.160000516E-6,0.0,
,,,71.199996455E-6,-39.99999911E-3,,,,,71.199996455E-6,59.999998659E-3,
,,,71.239999670E-6,-39.99999911E-3,,,,,71.239999670E-6,39.99999911E-3,
,,,71.280002885E-6,-39.99999911E-3,,,,,71.280002885E-6,59.999998659E-3,
,,,71.319998824E-6,-39.99999911E-3,,,,,71.319998824E-6,39.99999911E-3,
,,,71.360002039E-6,-39.99999911E-3,,,,,71.360002039E-6,19.9999996E-3,
,,,71.399997978E-6,-39.99999911E-3,,,,,71.399997978E-6,19.9999996E-3,
,,,71.440001193E-6,-39.99999911E-3,,,,,71.440001193E-6,39.99999911E-3,
,,,71.479997132E-6,-59.999998659E-3,,,,,71.479997132E-6,19.9999996E-3,
,,,71.520000347E-6,-19.9999996E-3,,,,,71.520000347E-6,39.99999911E-3,
,,,71.559996286E-6,-59.999998659E-3,,,,,71.559996286E-6,19.9999996E-3,
,,,71.599999501E-6,-19.9999996E-3,,,,,71.599999501E-6,39.99999911E-3,
,,,71.640002716E-6,-19.9999996E-3,,,,,71.640002716E-6,19.9999996E-3,
,,,71.679998655E-6,-19.9999996E-3,,,,,71.679998655E-6,39.99999911E-3,
,,,71.720001870E-6,-39.99999911E-3,,,,,71.720001870E-6,19.9999996E-3,
,,,71.759997809E-6,-39.99999911E-3,,,,,71.759997809E-6,39.99999911E-3,
,,,71.800001024E-6,-59.999998659E-3,,,,,71.800001024E-6,19.9999996E-3,
,,,71.839996963E-6,-59.999998659E-3,,,,,71.839996963E-6,39.99999911E-3,
,,,71.880000178E-6,-39.99999911E-3,,,,,71.880000178E-6,39.99999911E-3,
,,,71.919996117E-6,-59.999998659E-3,,,,,71.919996117E-6,19.9999996E-3,
,,,71.959999332E-6,-59.999998659E-3,,,,,71.959999332E-6,39.99999911E-3,
,,,72.000002547E-6,-19.9999996E-3,,,,,72.000002547E-6,39.99999911E-3,
,,,72.039998486E-6,-39.99999911E-3,,,,,72.039998486E-6,59.999998659E-3,
,,,72.080001701E-6,-19.9999996E-3,,,,,72.080001701E-6,39.99999911E-3,
,,,72.119997640E-6,-19.9999996E-3,,,,,72.119997640E-6,39.99999911E-3,
,,,72.160000855E-6,-39.99999911E-3,,,,,72.160000855E-6,39.99999911E-3,
,,,72.199996794E-6,-39.99999911E-3,,,,,72.199996794E-6,19.9999996E-3,
,,,72.240000009E-6,-39.99999911E-3,,,,,72.240000009E-6,39.99999911E-3,
,,,72.279995948E-6,-39.99999911E-3,,,,,72.279995948E-6,19.9999996E-3,
,,,72.319999163E-6,0.0,,,,,72.319999163E-6,59.999998659E-3,
,,,72.360002378E-6,-59.999998659E-3,,,,,72.360002378E-6,39.99999911E-3,
,,,72.399998317E-6,-39.99999911E-3,,,,,72.399998317E-6,19.9999996E-3,
,,,72.440001532E-6,-19.9999996E-3,,,,,72.440001532E-6,19.9999996E-3,
,,,72.479997471E-6,-39.99999911E-3,,,,,72.479997471E-6,0.0,
,,,72.520000685E-6,-19.9999996E-3,,,,,72.520000685E-6,19.9999996E-3,
,,,72.559996624E-6,-19.9999996E-3,,,,,72.559996624E-6,39.99999911E-3,
,,,72.599999839E-6,-39.99999911E-3,,,,,72.599999839E-6,39.99999911E-3,
,,,72.639995778E-6,-19.9999996E-3,,,,,72.639995778E-6,19.9999996E-3,
,,,72.679998993E-6,-59.999998659E-3,,,,,72.679998993E-6,39.99999911E-3,
,,,72.720002208E-6,-39.99999911E-3,,,,,72.720002208E-6,19.9999996E-3,
,,,72.759998147E-6,-19.9999996E-3,,,,,72.759998147E-6,59.999998659E-3,
,,,72.800001362E-6,-59.999998659E-3,,,,,72.800001362E-6,19.9999996E-3,
,,,72.839997301E-6,-19.9999996E-3,,,,,72.839997301E-6,39.99999911E-3,
,,,72.880000516E-6,-39.99999911E-3,,,,,72.880000516E-6,19.9999996E-3,
,,,72.919996455E-6,-19.9999996E-3,,,,,72.919996455E-6,39.99999911E-3,
,,,72.959999670E-6,-19.9999996E-3,,,,,72.959999670E-6,19.9999996E-3,
,,,73.000002885E-6,-39.99999911E-3,,,,,73.000002885E-6,19.9999996E-3,
,,,73.039998824E-6,-19.9999996E-3,,,,,73.039998824E-6,19.9999996E-3,
,,,73.080002039E-6,-39.99999911E-3,,,,,73.080002039E-6,19.9999996E-3,
,,,73.119997978E-6,-59.999998659E-3,,,,,73.119997978E-6,19.9999996E-3,
,,,73.160001193E-6,-59.999998659E-3,,,,,73.160001193E-6,19.9999996E-3,
,,,73.199997132E-6,-39.99999911E-3,,,,,73.199997132E-6,19.9999996E-3,
,,,73.240000347E-6,-39.99999911E-3,,,,,73.240000347E-6,19.9999996E-3,
,,,73.279996286E-6,-59.999998659E-3,,,,,73.279996286E-6,39.99999911E-3,
,,,73.319999501E-6,-19.9999996E-3,,,,,73.319999501E-6,19.9999996E-3,
,,,73.360002716E-6,-19.9999996E-3,,,,,73.360002716E-6,59.999998659E-3,
,,,73.399998655E-6,-19.9999996E-3,,,,,73.399998655E-6,39.99999911E-3,
,,,73.440001870E-6,-59.999998659E-3,,,,,73.440001870E-6,39.99999911E-3,
,,,73.479997809E-6,-39.99999911E-3,,,,,73.479997809E-6,19.9999996E-3,
,,,73.520001024E-6,0.0,,,,,73.520001024E-6,39.99999911E-3,
,,,73.559996963E-6,-59.999998659E-3,,,,,73.559996963E-6,39.99999911E-3,
,,,73.600000178E-6,-39.99999911E-3,,,,,73.600000178E-6,59.999998659E-3,
,,,73.639996117E-6,-39.99999911E-3,,,,,73.639996117E-6,39.99999911E-3,
,,,73.679999332E-6,-39.99999911E-3,,,,,73.679999332E-6,39.99999911E-3,
,,,73.720002547E-6,-19.9999996E-3,,,,,73.720002547E-6,0.0,
,,,73.759998486E-6,-59.999998659E-3,,,,,73.759998486E-6,39.99999911E-3,
,,,73.800001701E-6,-39.99999911E-3,,,,,73.800001701E-6,39.99999911E-3,
,,,73.839997640E-6,-39.99999911E-3,,,,,73.839997640E-6,19.9999996E-3,
,,,73.880000855E-6,-39.99999911E-3,,,,,73.880000855E-6,59.999998659E-3,
,,,73.919996794E-6,-59.999998659E-3,,,,,73.919996794E-6,59.999998659E-3,
,,,73.960000009E-6,-59.999998659E-3,,,,,73.960000009E-6,59.999998659E-3,
,,,73.999995948E-6,-39.99999911E-3,,,,,73.999995948E-6,39.99999911E-3,
,,,74.039999163E-6,-19.9999996E-3,,,,,74.039999163E-6,19.9999996E-3,
,,,74.080002378E-6,-39.99999911E-3,,,,,74.080002378E-6,19.9999996E-3,
,,,74.119998317E-6,-39.99999911E-3,,,,,74.119998317E-6,59.999998659E-3,
,,,74.160001532E-6,-19.9999996E-3,,,,,74.160001532E-6,39.99999911E-3,
,,,74.199997471E-6,-19.9999996E-3,,,,,74.199997471E-6,39.99999911E-3,
,,,74.240000686E-6,-39.99999911E-3,,,,,74.240000686E-6,19.9999996E-3,
,,,74.279996625E-6,-59.999998659E-3,,,,,74.279996625E-6,19.9999996E-3,
,,,74.319999840E-6,-59.999998659E-3,,,,,74.319999840E-6,19.9999996E-3,
,,,74.359995779E-6,-39.99999911E-3,,,,,74.359995779E-6,39.99999911E-3,
,,,74.399998994E-6,-39.99999911E-3,,,,,74.399998994E-6,39.99999911E-3,
,,,74.440002209E-6,-19.9999996E-3,,,,,74.440002209E-6,19.9999996E-3,
,,,74.479998148E-6,-19.9999996E-3,,,,,74.479998148E-6,39.99999911E-3,
,,,74.520001363E-6,-39.99999911E-3,,,,,74.520001363E-6,19.9999996E-3,
,,,74.559997302E-6,-19.9999996E-3,,,,,74.559997302E-6,19.9999996E-3,
,,,74.600000517E-6,-39.99999911E-3,,,,,74.600000517E-6,39.99999911E-3,
,,,74.639996456E-6,-39.99999911E-3,,,,,74.639996456E-6,39.99999911E-3,
,,,74.679999670E-6,-39.99999911E-3,,,,,74.679999670E-6,39.99999911E-3,
,,,74.720002885E-6,-39.99999911E-3,,,,,74.720002885E-6,79.999998212E-3,
,,,74.759998824E-6,-59.999998659E-3,,,,,74.759998824E-6,0.0,
,,,74.800002039E-6,-39.99999911E-3,,,,,74.800002039E-6,39.99999911E-3,
,,,74.839997978E-6,0.0,,,,,74.839997978E-6,39.99999911E-3,
,,,74.880001193E-6,-59.999998659E-3,,,,,74.880001193E-6,19.9999996E-3,
,,,74.919997132E-6,-39.99999911E-3,,,,,74.919997132E-6,19.9999996E-3,
,,,74.960000347E-6,-39.99999911E-3,,,,,74.960000347E-6,59.999998659E-3,
,,,74.999996286E-6,-39.99999911E-3,,,,,74.999996286E-6,19.9999996E-3,
,,,75.039999501E-6,-19.9999996E-3,,,,,75.039999501E-6,39.99999911E-3,
,,,75.080002716E-6,-39.99999911E-3,,,,,75.080002716E-6,39.99999911E-3,
,,,75.119998655E-6,-39.99999911E-3,,,,,75.119998655E-6,19.9999996E-3,
,,,75.160001870E-6,-39.99999911E-3,,,,,75.160001870E-6,59.999998659E-3,
,,,75.199997809E-6,-39.99999911E-3,,,,,75.199997809E-6,19.9999996E-3,
,,,75.240001024E-6,-39.99999911E-3,,,,,75.240001024E-6,59.999998659E-3,
,,,75.279996963E-6,-59.999998659E-3,,,,,75.279996963E-6,19.9999996E-3,
,,,75.320000178E-6,-39.99999911E-3,,,,,75.320000178E-6,0.0,
,,,75.359996117E-6,-19.9999996E-3,,,,,75.359996117E-6,39.99999911E-3,
,,,75.399999332E-6,-19.9999996E-3,,,,,75.399999332E-6,19.9999996E-3,
,,,75.440002547E-6,-39.99999911E-3,,,,,75.440002547E-6,39.99999911E-3,
,,,75.479998486E-6,-19.9999996E-3,,,,,75.479998486E-6,39.99999911E-3,
,,,75.520001701E-6,-19.9999996E-3,,,,,75.520001701E-6,19.9999996E-3,
,,,75.559997640E-6,-39.99999911E-3,,,,,75.559997640E-6,19.9999996E-3,
,,,75.600000855E-6,-19.9999996E-3,,,,,75.600000855E-6,19.9999996E-3,
,,,75.639996794E-6,-39.99999911E-3,,,,,75.639996794E-6,19.9999996E-3,
,,,75.680000009E-6,-59.999998659E-3,,,,,75.680000009E-6,59.999998659E-3,
,,,75.719995948E-6,-39.99999911E-3,,,,,75.719995948E-6,19.9999996E-3,
,,,75.759999163E-6,-39.99999911E-3,,,,,75.759999163E-6,19.9999996E-3,
,,,75.800002378E-6,-59.999998659E-3,,,,,75.800002378E-6,19.9999996E-3,
,,,75.839998317E-6,-39.99999911E-3,,,,,75.839998317E-6,19.9999996E-3,
,,,75.880001532E-6,-59.999998659E-3,,,,,75.880001532E-6,39.99999911E-3,
,,,75.919997471E-6,-19.9999996E-3,,,,,75.919997471E-6,39.99999911E-3,
,,,75.960000686E-6,-19.9999996E-3,,,,,75.960000686E-6,19.9999996E-3,
,,,75.999996625E-6,-19.9999996E-3,,,,,75.999996625E-6,59.999998659E-3,
,,,76.039999840E-6,-19.9999996E-3,,,,,76.039999840E-6,39.99999911E-3,
,,,76.079995779E-6,-39.99999911E-3,,,,,76.079995779E-6,19.9999996E-3,
,,,76.119998994E-6,0.0,,,,,76.119998994E-6,19.9999996E-3,
,,,76.160002209E-6,-39.99999911E-3,,,,,76.160002209E-6,19.9999996E-3,
,,,76.199998148E-6,-39.99999911E-3,,,,,76.199998148E-6,19.9999996E-3,
,,,76.240001363E-6,-39.99999911E-3,,,,,76.240001363E-6,19.9999996E-3,
,,,76.279997302E-6,-19.9999996E-3,,,,,76.279997302E-6,59.999998659E-3,
,,,76.320000517E-6,-39.99999911E-3,,,,,76.320000517E-6,39.99999911E-3,
,,,76.359996456E-6,-39.99999911E-3,,,,,76.359996456E-6,39.99999911E-3,
,,,76.399999671E-6,-19.9999996E-3,,,,,76.399999671E-6,19.9999996E-3,
,,,76.440002886E-6,-39.99999911E-3,,,,,76.440002886E-6,19.9999996E-3,
,,,76.479998825E-6,-39.99999911E-3,,,,,76.479998825E-6,19.9999996E-3,
,,,76.520002040E-6,-39.99999911E-3,,,,,76.520002040E-6,39.99999911E-3,
,,,76.559997979E-6,-19.9999996E-3,,,,,76.559997979E-6,39.99999911E-3,
,,,76.600001194E-6,-39.99999911E-3,,,,,76.600001194E-6,19.9999996E-3,
,,,76.639997133E-6,-59.999998659E-3,,,,,76.639997133E-6,19.9999996E-3,
,,,76.680000348E-6,-39.99999911E-3,,,,,76.680000348E-6,19.9999996E-3,
,,,76.719996287E-6,-39.99999911E-3,,,,,76.719996287E-6,39.99999911E-3,
,,,76.759999502E-6,-39.99999911E-3,,,,,76.759999502E-6,19.9999996E-3,
,,,76.800002716E-6,-19.9999996E-3,,,,,76.800002716E-6,19.9999996E-3,
,,,76.839998655E-6,-59.999998659E-3,,,,,76.839998655E-6,39.99999911E-3,
,,,76.880001870E-6,-59.999998659E-3,,,,,76.880001870E-6,19.9999996E-3,
,,,76.919997809E-6,-19.9999996E-3,,,,,76.919997809E-6,19.9999996E-3,
,,,76.960001024E-6,-19.9999996E-3,,,,,76.960001024E-6,39.99999911E-3,
,,,76.999996963E-6,-39.99999911E-3,,,,,76.999996963E-6,39.99999911E-3,
,,,77.040000178E-6,-39.99999911E-3,,,,,77.040000178E-6,39.99999911E-3,
,,,77.079996117E-6,-39.99999911E-3,,,,,77.079996117E-6,19.9999996E-3,
,,,77.119999332E-6,-39.99999911E-3,,,,,77.119999332E-6,19.9999996E-3,
,,,77.160002547E-6,-59.999998659E-3,,,,,77.160002547E-6,39.99999911E-3,
,,,77.199998486E-6,-39.99999911E-3,,,,,77.199998486E-6,0.0,
,,,77.240001701E-6,-39.99999911E-3,,,,,77.240001701E-6,39.99999911E-3,
,,,77.279997640E-6,-39.99999911E-3,,,,,77.279997640E-6,19.9999996E-3,
,,,77.320000855E-6,-19.9999996E-3,,,,,77.320000855E-6,59.999998659E-3,
,,,77.359996794E-6,-39.99999911E-3,,,,,77.359996794E-6,0.0,
,,,77.400000009E-6,-79.999998212E-3,,,,,77.400000009E-6,19.9999996E-3,
,,,77.439995948E-6,-19.9999996E-3,,,,,77.439995948E-6,19.9999996E-3,
,,,77.479999163E-6,-39.99999911E-3,,,,,77.479999163E-6,0.0,
,,,77.520002378E-6,-59.999998659E-3,,,,,77.520002378E-6,19.9999996E-3,
,,,77.559998317E-6,-39.99999911E-3,,,,,77.559998317E-6,39.99999911E-3,
,,,77.600001532E-6,-39.99999911E-3,,,,,77.600001532E-6,39.99999911E-3,
,,,77.639997471E-6,-59.999998659E-3,,,,,77.639997471E-6,19.9999996E-3,
,,,77.680000686E-6,-59.999998659E-3,,,,,77.680000686E-6,19.9999996E-3,
,,,77.719996625E-6,-39.99999911E-3,,,,,77.719996625E-6,39.99999911E-3,
,,,77.759999840E-6,-39.99999911E-3,,,,,77.759999840E-6,19.9999996E-3,
,,,77.799995779E-6,-19.9999996E-3,,,,,77.799995779E-6,19.9999996E-3,
,,,77.839998994E-6,-39.99999911E-3,,,,,77.839998994E-6,39.99999911E-3,
,,,77.880002209E-6,-39.99999911E-3,,,,,77.880002209E-6,59.999998659E-3,
,,,77.919998148E-6,-39.99999911E-3,,,,,77.919998148E-6,39.99999911E-3,
,,,77.960001363E-6,-19.9999996E-3,,,,,77.960001363E-6,39.99999911E-3,
,,,77.999997302E-6,-19.9999996E-3,,,,,77.999997302E-6,39.99999911E-3,
,,,78.040000517E-6,-39.99999911E-3,,,,,78.040000517E-6,19.9999996E-3,
,,,78.079996456E-6,-39.99999911E-3,,,,,78.079996456E-6,39.99999911E-3,
,,,78.119999671E-6,-39.99999911E-3,,,,,78.119999671E-6,39.99999911E-3,
,,,78.160002886E-6,-19.9999996E-3,,,,,78.160002886E-6,39.99999911E-3,
,,,78.199998825E-6,-39.99999911E-3,,,,,78.199998825E-6,39.99999911E-3,
,,,78.240002040E-6,-39.99999911E-3,,,,,78.240002040E-6,19.9999996E-3,
,,,78.279997979E-6,-19.9999996E-3,,,,,78.279997979E-6,19.9999996E-3,
,,,78.320001194E-6,-39.99999911E-3,,,,,78.320001194E-6,59.999998659E-3,
,,,78.359997133E-6,-39.99999911E-3,,,,,78.359997133E-6,39.99999911E-3,
,,,78.400000348E-6,-19.9999996E-3,,,,,78.400000348E-6,59.999998659E-3,
,,,78.439996287E-6,-59.999998659E-3,,,,,78.439996287E-6,39.99999911E-3,
,,,78.479999502E-6,-59.999998659E-3,,,,,78.479999502E-6,0.0,
,,,78.520002717E-6,-19.9999996E-3,,,,,78.520002717E-6,19.9999996E-3,
,,,78.559998656E-6,-39.99999911E-3,,,,,78.559998656E-6,59.999998659E-3,
,,,78.600001871E-6,-39.99999911E-3,,,,,78.600001871E-6,59.999998659E-3,
,,,78.639997810E-6,-19.9999996E-3,,,,,78.639997810E-6,39.99999911E-3,
,,,78.680001025E-6,-39.99999911E-3,,,,,78.680001025E-6,39.99999911E-3,
,,,78.719996964E-6,-59.999998659E-3,,,,,78.719996964E-6,19.9999996E-3,
,,,78.760000179E-6,-39.99999911E-3,,,,,78.760000179E-6,19.9999996E-3,
,,,78.799996118E-6,-19.9999996E-3,,,,,78.799996118E-6,19.9999996E-3,
,,,78.839999333E-6,-59.999998659E-3,,,,,78.839999333E-6,19.9999996E-3,
,,,78.880002548E-6,-39.99999911E-3,,,,,78.880002548E-6,19.9999996E-3,
,,,78.919998487E-6,-59.999998659E-3,,,,,78.919998487E-6,39.99999911E-3,
,,,78.960001701E-6,-19.9999996E-3,,,,,78.960001701E-6,19.9999996E-3,
,,,78.999997640E-6,-59.999998659E-3,,,,,78.999997640E-6,19.9999996E-3,
,,,79.040000855E-6,-39.99999911E-3,,,,,79.040000855E-6,39.99999911E-3,
,,,79.079996794E-6,-59.999998659E-3,,,,,79.079996794E-6,0.0,
,,,79.120000009E-6,-39.99999911E-3,,,,,79.120000009E-6,39.99999911E-3,
,,,79.159995948E-6,-39.99999911E-3,,,,,79.159995948E-6,39.99999911E-3,
,,,79.199999163E-6,-59.999998659E-3,,,,,79.199999163E-6,59.999998659E-3,
,,,79.240002378E-6,-19.9999996E-3,,,,,79.240002378E-6,0.0,
,,,79.279998317E-6,-59.999998659E-3,,,,,79.279998317E-6,39.99999911E-3,
,,,79.320001532E-6,-39.99999911E-3,,,,,79.320001532E-6,19.9999996E-3,
,,,79.359997471E-6,-59.999998659E-3,,,,,79.359997471E-6,59.999998659E-3,
,,,79.400000686E-6,-39.99999911E-3,,,,,79.400000686E-6,0.0,
,,,79.439996625E-6,-19.9999996E-3,,,,,79.439996625E-6,39.99999911E-3,
,,,79.479999840E-6,-79.999998212E-3,,,,,79.479999840E-6,59.999998659E-3,
,,,79.519995779E-6,-59.999998659E-3,,,,,79.519995779E-6,39.99999911E-3,
,,,79.559998994E-6,-19.9999996E-3,,,,,79.559998994E-6,19.9999996E-3,
,,,79.600002209E-6,-59.999998659E-3,,,,,79.600002209E-6,19.9999996E-3,
,,,79.639998148E-6,-39.99999911E-3,,,,,79.639998148E-6,39.99999911E-3,
,,,79.680001363E-6,-19.9999996E-3,,,,,79.680001363E-6,59.999998659E-3,
,,,79.719997302E-6,-39.99999911E-3,,,,,79.719997302E-6,19.9999996E-3,
,,,79.760000517E-6,-59.999998659E-3,,,,,79.760000517E-6,0.0,
,,,79.799996456E-6,-59.999998659E-3,,,,,79.799996456E-6,39.99999911E-3,
,,,79.839999671E-6,-39.99999911E-3,,,,,79.839999671E-6,19.9999996E-3,
,,,79.880002886E-6,-19.9999996E-3,,,,,79.880002886E-6,19.9999996E-3,
,,,79.919998825E-6,-39.99999911E-3,,,,,79.919998825E-6,19.9999996E-3,
,,,79.960002040E-6,-39.99999911E-3,,,,,79.960002040E-6,39.99999911E-3,
,,,79.999997979E-6,-19.9999996E-3,,,,,79.999997979E-6,39.99999911E-3,
,,,80.040001194E-6,-39.99999911E-3,,,,,80.040001194E-6,19.9999996E-3,
,,,80.079997133E-6,-19.9999996E-3,,,,,80.079997133E-6,39.99999911E-3,
,,,80.120000348E-6,-19.9999996E-3,,,,,80.120000348E-6,19.9999996E-3,
,,,80.159996287E-6,-19.9999996E-3,,,,,80.159996287E-6,39.99999911E-3,
,,,80.199999502E-6,-19.9999996E-3,,,,,80.199999502E-6,39.99999911E-3,
,,,80.240002717E-6,-39.99999911E-3,,,,,80.240002717E-6,59.999998659E-3,
,,,80.279998656E-6,-39.99999911E-3,,,,,80.279998656E-6,19.9999996E-3,
,,,80.320001871E-6,-39.99999911E-3,,,,,80.320001871E-6,39.99999911E-3,
,,,80.359997810E-6,-39.99999911E-3,,,,,80.359997810E-6,19.9999996E-3,
,,,80.400001025E-6,-39.99999911E-3,,,,,80.400001025E-6,19.9999996E-3,
,,,80.439996964E-6,-19.9999996E-3,,,,,80.439996964E-6,19.9999996E-3,
,,,80.480000179E-6,0.0,,,,,80.480000179E-6,39.99999911E-3,
,,,80.519996118E-6,-59.999998659E-3,,,,,80.519996118E-6,59.999998659E-3,
,,,80.559999333E-6,-39.99999911E-3,,,,,80.559999333E-6,39.99999911E-3,
,,,80.600002548E-6,-39.99999911E-3,,,,,80.600002548E-6,39.99999911E-3,
,,,80.639998487E-6,-19.9999996E-3,,,,,80.639998487E-6,39.99999911E-3,
,,,80.680001702E-6,0.0,,,,,80.680001702E-6,39.99999911E-3,
,,,80.719997641E-6,-19.9999996E-3,,,,,80.719997641E-6,39.99999911E-3,
,,,80.760000856E-6,-19.9999996E-3,,,,,80.760000856E-6,19.9999996E-3,
,,,80.799996795E-6,-39.99999911E-3,,,,,80.799996795E-6,59.999998659E-3,
,,,80.840000010E-6,-19.9999996E-3,,,,,80.840000010E-6,39.99999911E-3,
,,,80.879995949E-6,-39.99999911E-3,,,,,80.879995949E-6,39.99999911E-3,
,,,80.919999164E-6,-39.99999911E-3,,,,,80.919999164E-6,39.99999911E-3,
,,,80.960002379E-6,-19.9999996E-3,,,,,80.960002379E-6,19.9999996E-3,
,,,80.999998318E-6,-39.99999911E-3,,,,,80.999998318E-6,19.9999996E-3,
,,,81.040001533E-6,-39.99999911E-3,,,,,81.040001533E-6,39.99999911E-3,
,,,81.079997472E-6,-39.99999911E-3,,,,,81.079997472E-6,39.99999911E-3,
,,,81.120000686E-6,-39.99999911E-3,,,,,81.120000686E-6,39.99999911E-3,
,,,81.159996626E-6,-39.99999911E-3,,,,,81.159996626E-6,0.0,
,,,81.199999840E-6,-19.9999996E-3,,,,,81.199999840E-6,39.99999911E-3,
,,,81.239995779E-6,-39.99999911E-3,,,,,81.239995779E-6,19.9999996E-3,
,,,81.279998994E-6,-59.999998659E-3,,,,,81.279998994E-6,39.99999911E-3,
,,,81.320002209E-6,-39.99999911E-3,,,,,81.320002209E-6,19.9999996E-3,
,,,81.359998148E-6,-59.999998659E-3,,,,,81.359998148E-6,19.9999996E-3,
,,,81.400001363E-6,-39.99999911E-3,,,,,81.400001363E-6,39.99999911E-3,
,,,81.439997302E-6,-19.9999996E-3,,,,,81.439997302E-6,19.9999996E-3,
,,,81.480000517E-6,-39.99999911E-3,,,,,81.480000517E-6,19.9999996E-3,
,,,81.519996456E-6,-39.99999911E-3,,,,,81.519996456E-6,59.999998659E-3,
,,,81.559999671E-6,-39.99999911E-3,,,,,81.559999671E-6,59.999998659E-3,
,,,81.600002886E-6,-39.99999911E-3,,,,,81.600002886E-6,19.9999996E-3,
,,,81.639998825E-6,-39.99999911E-3,,,,,81.639998825E-6,19.9999996E-3,
,,,81.680002040E-6,-59.999998659E-3,,,,,81.680002040E-6,19.9999996E-3,
,,,81.719997979E-6,-39.99999911E-3,,,,,81.719997979E-6,39.99999911E-3,
,,,81.760001194E-6,-19.9999996E-3,,,,,81.760001194E-6,19.9999996E-3,
,,,81.799997133E-6,-19.9999996E-3,,,,,81.799997133E-6,59.999998659E-3,
,,,81.840000348E-6,-39.99999911E-3,,,,,81.840000348E-6,59.999998659E-3,
,,,81.879996287E-6,-39.99999911E-3,,,,,81.879996287E-6,39.99999911E-3,
,,,81.919999502E-6,-39.99999911E-3,,,,,81.919999502E-6,39.99999911E-3,
,,,81.960002717E-6,-19.9999996E-3,,,,,81.960002717E-6,39.99999911E-3,
,,,81.999998656E-6,-59.999998659E-3,,,,,81.999998656E-6,19.9999996E-3,
,,,82.040001871E-6,-59.999998659E-3,,,,,82.040001871E-6,39.99999911E-3,
,,,82.079997810E-6,-19.9999996E-3,,,,,82.079997810E-6,19.9999996E-3,
,,,82.120001025E-6,-59.999998659E-3,,,,,82.120001025E-6,39.99999911E-3,
,,,82.159996964E-6,-59.999998659E-3,,,,,82.159996964E-6,39.99999911E-3,
,,,82.200000179E-6,-59.999998659E-3,,,,,82.200000179E-6,19.9999996E-3,
,,,82.239996118E-6,-39.99999911E-3,,,,,82.239996118E-6,39.99999911E-3,
,,,82.279999333E-6,-39.99999911E-3,,,,,82.279999333E-6,39.99999911E-3,
,,,82.320002548E-6,-59.999998659E-3,,,,,82.320002548E-6,39.99999911E-3,
,,,82.359998487E-6,-59.999998659E-3,,,,,82.359998487E-6,39.99999911E-3,
,,,82.400001702E-6,-59.999998659E-3,,,,,82.400001702E-6,39.99999911E-3,
,,,82.439997641E-6,-19.9999996E-3,,,,,82.439997641E-6,39.99999911E-3,
,,,82.480000856E-6,0.0,,,,,82.480000856E-6,19.9999996E-3,
,,,82.519996795E-6,-39.99999911E-3,,,,,82.519996795E-6,59.999998659E-3,
,,,82.560000010E-6,-39.99999911E-3,,,,,82.560000010E-6,59.999998659E-3,
,,,82.599995949E-6,-39.99999911E-3,,,,,82.599995949E-6,39.99999911E-3,
,,,82.639999164E-6,-19.9999996E-3,,,,,82.639999164E-6,59.999998659E-3,
,,,82.680002379E-6,-59.999998659E-3,,,,,82.680002379E-6,39.99999911E-3,
,,,82.719998318E-6,-19.9999996E-3,,,,,82.719998318E-6,39.99999911E-3,
,,,82.760001533E-6,-39.99999911E-3,,,,,82.760001533E-6,19.9999996E-3,
,,,82.799997472E-6,-39.99999911E-3,,,,,82.799997472E-6,19.9999996E-3,
,,,82.840000687E-6,-59.999998659E-3,,,,,82.840000687E-6,19.9999996E-3,
,,,82.879996626E-6,-19.9999996E-3,,,,,82.879996626E-6,19.9999996E-3,
,,,82.919999841E-6,-39.99999911E-3,,,,,82.919999841E-6,59.999998659E-3,
,,,82.959995780E-6,-59.999998659E-3,,,,,82.959995780E-6,59.999998659E-3,
,,,82.999998995E-6,-39.99999911E-3,,,,,82.999998995E-6,39.99999911E-3,
,,,83.040002210E-6,-39.99999911E-3,,,,,83.040002210E-6,0.0,
,,,83.079998149E-6,-39.99999911E-3,,,,,83.079998149E-6,39.99999911E-3,
,,,83.120001364E-6,-19.9999996E-3,,,,,83.120001364E-6,19.9999996E-3,
,,,83.159997303E-6,-59.999998659E-3,,,,,83.159997303E-6,59.999998659E-3,
,,,83.200000518E-6,-19.9999996E-3,,,,,83.200000518E-6,19.9999996E-3,
,,,83.239996457E-6,-59.999998659E-3,,,,,83.239996457E-6,19.9999996E-3,
,,,83.279999672E-6,-39.99999911E-3,,,,,83.279999672E-6,19.9999996E-3,
,,,83.320002886E-6,-19.9999996E-3,,,,,83.320002886E-6,39.99999911E-3,
,,,83.359998825E-6,-39.99999911E-3,,,,,83.359998825E-6,39.99999911E-3,
,,,83.400002040E-6,-19.9999996E-3,,,,,83.400002040E-6,59.999998659E-3,
,,,83.439997979E-6,-59.999998659E-3,,,,,83.439997979E-6,59.999998659E-3,
,,,83.480001194E-6,-39.99999911E-3,,,,,83.480001194E-6,39.99999911E-3,
,,,83.519997133E-6,0.0,,,,,83.519997133E-6,0.0,
,,,83.560000348E-6,-19.9999996E-3,,,,,83.560000348E-6,19.9999996E-3,
,,,83.599996287E-6,-39.99999911E-3,,,,,83.599996287E-6,59.999998659E-3,
,,,83.639999502E-6,-19.9999996E-3,,,,,83.639999502E-6,39.99999911E-3,
,,,83.680002717E-6,-19.9999996E-3,,,,,83.680002717E-6,39.99999911E-3,
,,,83.719998656E-6,-39.99999911E-3,,,,,83.719998656E-6,39.99999911E-3,
,,,83.760001871E-6,-59.999998659E-3,,,,,83.760001871E-6,59.999998659E-3,
,,,83.799997810E-6,-39.99999911E-3,,,,,83.799997810E-6,19.9999996E-3,
,,,83.840001025E-6,-59.999998659E-3,,,,,83.840001025E-6,0.0,
,,,83.879996964E-6,-59.999998659E-3,,,,,83.879996964E-6,19.9999996E-3,
,,,83.920000179E-6,-39.99999911E-3,,,,,83.920000179E-6,59.999998659E-3,
,,,83.959996118E-6,-39.99999911E-3,,,,,83.959996118E-6,39.99999911E-3,
,,,83.999999333E-6,-39.99999911E-3,,,,,83.999999333E-6,19.9999996E-3,
,,,84.040002548E-6,-39.99999911E-3,,,,,84.040002548E-6,19.9999996E-3,
,,,84.079998487E-6,-39.99999911E-3,,,,,84.079998487E-6,0.0,
,,,84.120001702E-6,-39.99999911E-3,,,,,84.120001702E-6,39.99999911E-3,
,,,84.159997641E-6,-19.9999996E-3,,,,,84.159997641E-6,39.99999911E-3,
,,,84.200000856E-6,-59.999998659E-3,,,,,84.200000856E-6,39.99999911E-3,
,,,84.239996795E-6,-19.9999996E-3,,,,,84.239996795E-6,59.999998659E-3,
,,,84.280000010E-6,-39.99999911E-3,,,,,84.280000010E-6,19.9999996E-3,
,,,84.319995949E-6,-39.99999911E-3,,,,,84.319995949E-6,19.9999996E-3,
,,,84.359999164E-6,-39.99999911E-3,,,,,84.359999164E-6,19.9999996E-3,
,,,84.400002379E-6,-19.9999996E-3,,,,,84.400002379E-6,0.0,
,,,84.439998318E-6,-19.9999996E-3,,,,,84.439998318E-6,39.99999911E-3,
,,,84.480001533E-6,-59.999998659E-3,,,,,84.480001533E-6,39.99999911E-3,
,,,84.519997472E-6,-19.9999996E-3,,,,,84.519997472E-6,39.99999911E-3,
,,,84.560000687E-6,-39.99999911E-3,,,,,84.560000687E-6,19.9999996E-3,
,,,84.599996626E-6,-59.999998659E-3,,,,,84.599996626E-6,19.9999996E-3,
,,,84.639999841E-6,-39.99999911E-3,,,,,84.639999841E-6,59.999998659E-3,
,,,84.679995780E-6,-39.99999911E-3,,,,,84.679995780E-6,39.99999911E-3,
,,,84.719998995E-6,-19.9999996E-3,,,,,84.719998995E-6,19.9999996E-3,
,,,84.760002210E-6,-59.999998659E-3,,,,,84.760002210E-6,39.99999911E-3,
,,,84.799998149E-6,-39.99999911E-3,,,,,84.799998149E-6,39.99999911E-3,
,,,84.840001364E-6,-39.99999911E-3,,,,,84.840001364E-6,19.9999996E-3,
,,,84.879997303E-6,-39.99999911E-3,,,,,84.879997303E-6,59.999998659E-3,
,,,84.920000518E-6,-39.99999911E-3,,,,,84.920000518E-6,39.99999911E-3,
,,,84.959996457E-6,-39.99999911E-3,,,,,84.959996457E-6,39.99999911E-3,
,,,84.999999672E-6,-39.99999911E-3,,,,,84.999999672E-6,19.9999996E-3,
,,,85.040002887E-6,-19.9999996E-3,,,,,85.040002887E-6,19.9999996E-3,
,,,85.079998826E-6,-59.999998659E-3,,,,,85.079998826E-6,39.99999911E-3,
,,,85.120002041E-6,-19.9999996E-3,,,,,85.120002041E-6,19.9999996E-3,
,,,85.159997980E-6,-39.99999911E-3,,,,,85.159997980E-6,59.999998659E-3,
,,,85.200001195E-6,-39.99999911E-3,,,,,85.200001195E-6,39.99999911E-3,
,,,85.239997134E-6,-39.99999911E-3,,,,,85.239997134E-6,59.999998659E-3,
,,,85.280000349E-6,-19.9999996E-3,,,,,85.280000349E-6,19.9999996E-3,
,,,85.319996288E-6,-59.999998659E-3,,,,,85.319996288E-6,19.9999996E-3,
,,,85.359999503E-6,-39.99999911E-3,,,,,85.359999503E-6,19.9999996E-3,
,,,85.400002718E-6,-19.9999996E-3,,,,,85.400002718E-6,0.0,
,,,85.439998657E-6,-39.99999911E-3,,,,,85.439998657E-6,39.99999911E-3,
,,,85.480001871E-6,-59.999998659E-3,,,,,85.480001871E-6,59.999998659E-3,
,,,85.519997810E-6,-39.99999911E-3,,,,,85.519997810E-6,59.999998659E-3,
,,,85.560001025E-6,-19.9999996E-3,,,,,85.560001025E-6,19.9999996E-3,
,,,85.599996964E-6,-59.999998659E-3,,,,,85.599996964E-6,19.9999996E-3,
,,,85.640000179E-6,-19.9999996E-3,,,,,85.640000179E-6,59.999998659E-3,
,,,85.679996118E-6,-39.99999911E-3,,,,,85.679996118E-6,39.99999911E-3,
,,,85.719999333E-6,-59.999998659E-3,,,,,85.719999333E-6,19.9999996E-3,
,,,85.760002548E-6,-39.99999911E-3,,,,,85.760002548E-6,59.999998659E-3,
,,,85.799998487E-6,-19.9999996E-3,,,,,85.799998487E-6,59.999998659E-3,
,,,85.840001702E-6,-39.99999911E-3,,,,,85.840001702E-6,19.9999996E-3,
,,,85.879997641E-6,-19.9999996E-3,,,,,85.879997641E-6,39.99999911E-3,
,,,85.920000856E-6,-19.9999996E-3,,,,,85.920000856E-6,19.9999996E-3,
,,,85.959996795E-6,-39.99999911E-3,,,,,85.959996795E-6,39.99999911E-3,
,,,86.000000010E-6,-59.999998659E-3,,,,,86.000000010E-6,39.99999911E-3,
,,,86.039995949E-6,-19.9999996E-3,,,,,86.039995949E-6,19.9999996E-3,
,,,86.079999164E-6,-59.999998659E-3,,,,,86.079999164E-6,19.9999996E-3,
,,,86.120002379E-6,-19.9999996E-3,,,,,86.120002379E-6,39.99999911E-3,
,,,86.159998318E-6,-39.99999911E-3,,,,,86.159998318E-6,39.99999911E-3,
,,,86.200001533E-6,-39.99999911E-3,,,,,86.200001533E-6,39.99999911E-3,
,,,86.239997472E-6,-59.999998659E-3,,,,,86.239997472E-6,59.999998659E-3,
,,,86.280000687E-6,-59.999998659E-3,,,,,86.280000687E-6,19.9999996E-3,
,,,86.319996626E-6,-39.99999911E-3,,,,,86.319996626E-6,39.99999911E-3,
,,,86.359999841E-6,-59.999998659E-3,,,,,86.359999841E-6,59.999998659E-3,
,,,86.399995780E-6,-39.99999911E-3,,,,,86.399995780E-6,39.99999911E-3,
,,,86.439998995E-6,-19.9999996E-3,,,,,86.439998995E-6,39.99999911E-3,
,,,86.480002210E-6,-39.99999911E-3,,,,,86.480002210E-6,19.9999996E-3,
,,,86.519998149E-6,-39.99999911E-3,,,,,86.519998149E-6,79.999998212E-3,
,,,86.560001364E-6,-59.999998659E-3,,,,,86.560001364E-6,19.9999996E-3,
,,,86.599997303E-6,-39.99999911E-3,,,,,86.599997303E-6,39.99999911E-3,
,,,86.640000518E-6,-39.99999911E-3,,,,,86.640000518E-6,19.9999996E-3,
,,,86.679996457E-6,-19.9999996E-3,,,,,86.679996457E-6,39.99999911E-3,
,,,86.719999672E-6,-19.9999996E-3,,,,,86.719999672E-6,39.99999911E-3,
,,,86.760002887E-6,-39.99999911E-3,,,,,86.760002887E-6,39.99999911E-3,
,,,86.799998826E-6,-19.9999996E-3,,,,,86.799998826E-6,0.0,
,,,86.840002041E-6,-59.999998659E-3,,,,,86.840002041E-6,39.99999911E-3,
,,,86.879997980E-6,-59.999998659E-3,,,,,86.879997980E-6,39.99999911E-3,
,,,86.920001195E-6,-59.999998659E-3,,,,,86.920001195E-6,19.9999996E-3,
,,,86.959997134E-6,-19.9999996E-3,,,,,86.959997134E-6,59.999998659E-3,
,,,87.000000349E-6,-39.99999911E-3,,,,,87.000000349E-6,19.9999996E-3,
,,,87.039996288E-6,-39.99999911E-3,,,,,87.039996288E-6,59.999998659E-3,
,,,87.079999503E-6,-39.99999911E-3,,,,,87.079999503E-6,39.99999911E-3,
,,,87.120002718E-6,-59.999998659E-3,,,,,87.120002718E-6,59.999998659E-3,
,,,87.159998657E-6,-39.99999911E-3,,,,,87.159998657E-6,39.99999911E-3,
,,,87.200001872E-6,-59.999998659E-3,,,,,87.200001872E-6,19.9999996E-3,
,,,87.239997811E-6,-39.99999911E-3,,,,,87.239997811E-6,19.9999996E-3,
,,,87.280001026E-6,-59.999998659E-3,,,,,87.280001026E-6,39.99999911E-3,
,,,87.319996965E-6,-59.999998659E-3,,,,,87.319996965E-6,39.99999911E-3,
,,,87.360000180E-6,-19.9999996E-3,,,,,87.360000180E-6,39.99999911E-3,
,,,87.399996119E-6,-59.999998659E-3,,,,,87.399996119E-6,59.999998659E-3,
,,,87.439999334E-6,-79.999998212E-3,,,,,87.439999334E-6,59.999998659E-3,
,,,87.480002549E-6,-39.99999911E-3,,,,,87.480002549E-6,19.9999996E-3,
,,,87.519998488E-6,-39.99999911E-3,,,,,87.519998488E-6,39.99999911E-3,
,,,87.560001703E-6,-39.99999911E-3,,,,,87.560001703E-6,39.99999911E-3,
,,,87.599997642E-6,-19.9999996E-3,,,,,87.599997642E-6,19.9999996E-3,
,,,87.640000856E-6,-59.999998659E-3,,,,,87.640000856E-6,59.999998659E-3,
,,,87.679996795E-6,-39.99999911E-3,,,,,87.679996795E-6,39.99999911E-3,
,,,87.720000010E-6,-59.999998659E-3,,,,,87.720000010E-6,19.9999996E-3,
,,,87.759995949E-6,-39.99999911E-3,,,,,87.759995949E-6,19.9999996E-3,
,,,87.799999164E-6,0.0,,,,,87.799999164E-6,39.99999911E-3,
,,,87.840002379E-6,-39.99999911E-3,,,,,87.840002379E-6,59.999998659E-3,
,,,87.879998318E-6,-59.999998659E-3,,,,,87.879998318E-6,39.99999911E-3,
,,,87.920001533E-6,-19.9999996E-3,,,,,87.920001533E-6,39.99999911E-3,
,,,87.959997472E-6,-39.99999911E-3,,,,,87.959997472E-6,0.0,
,,,88.000000687E-6,-19.9999996E-3,,,,,88.000000687E-6,19.9999996E-3,
,,,88.039996626E-6,-19.9999996E-3,,,,,88.039996626E-6,19.9999996E-3,
,,,88.079999841E-6,-19.9999996E-3,,,,,88.079999841E-6,19.9999996E-3,
,,,88.119995780E-6,-59.999998659E-3,,,,,88.119995780E-6,59.999998659E-3,
,,,88.159998995E-6,-39.99999911E-3,,,,,88.159998995E-6,39.99999911E-3,
,,,88.200002210E-6,-39.99999911E-3,,,,,88.200002210E-6,39.99999911E-3,
,,,88.239998149E-6,-19.9999996E-3,,,,,88.239998149E-6,39.99999911E-3,
,,,88.280001364E-6,-19.9999996E-3,,,,,88.280001364E-6,39.99999911E-3,
,,,88.319997303E-6,-39.99999911E-3,,,,,88.319997303E-6,0.0,
,,,88.360000518E-6,-39.99999911E-3,,,,,88.360000518E-6,39.99999911E-3,
