Record Length,2500,Points,-16.7999988E-6,-19.9999996E-3,,Record Length,2500,Points,-16.7999988E-6,-39.99999911E-3,,Record Length,2500,Points,-16.7999988E-6,0.0,
Sample Interval,39.99999976E-9,s,-16.7599992E-6,-19.9999996E-3,,Sample Interval,39.99999976E-9,s,-16.7599992E-6,-39.99999911E-3,,Sample Interval,39.99999976E-9,s,-16.7599992E-6,0.0,
Trigger Point,419.999971934,Samples,-16.7199996E-6,0.0,,Trigger Point,419.999971934,Samples,-16.7199996E-6,-19.9999996E-3,,Trigger Point,419.999971934,Samples,-16.7199996E-6,0.0,
,,,-16.6799982E-6,-19.9999996E-3,,,,,-16.6799982E-6,-19.9999996E-3,,,,,-16.6799982E-6,0.0,
,,,-16.6399986E-6,0.0,,,,,-16.6399986E-6,0.0,,,,,-16.6399986E-6,0.0,
,,,-16.5999991E-6,-19.9999996E-3,,,,,-16.5999991E-6,0.0,,,,,-16.5999991E-6,0.0,
Source,CH1,,-16.5599995E-6,-39.99999911E-3,,Source,CH2,,-16.5599995E-6,-19.9999996E-3,,Source,MATH,,-16.5599995E-6,0.0,
Vertical Units,Volts,,-16.5199981E-6,0.0,,Vertical Units,Volts,,-16.5199981E-6,0.0,,Vertical Units,Volts,,-16.5199981E-6,0.0,
Vertical Scale,499.999988824E-3,,-16.4799985E-6,0.0,,Vertical Scale,499.999988824E-3,,-16.4799985E-6,-19.9999996E-3,,Vertical Scale,20.0000003,,-16.4799985E-6,0.0,
Vertical Offset,0,,-16.4399989E-6,-39.99999911E-3,,Vertical Offset,0,,-16.4399989E-6,0.0,,Vertical Offset,0,,-16.4399989E-6,0.0,
Horizontal Units,s,,-16.3999994E-6,-19.9999996E-3,,Horizontal Units,s,,-16.3999994E-6,-19.9999996E-3,,Horizontal Units,s,,-16.3999994E-6,-800.000011921E-3,
Horizontal Scale,9.999999939E-6,,-16.3599980E-6,-39.99999911E-3,,Horizontal Scale,9.999999939E-6,,-16.3599980E-6,-39.99999911E-3,,Horizontal Scale,9.999999939E-6,,-16.3599980E-6,0.0,
Pt Fmt,Y,,-16.3199984E-6,-19.9999996E-3,,Pt Fmt,Y,,-16.3199984E-6,0.0,,Pt Fmt,Y,,-16.3199984E-6,0.0,
Yzero,-1.7200000,,-16.2799988E-6,-19.9999996E-3,,Yzero,1.3600000,,-16.2799988E-6,0.0,,Yzero,0.0,,-16.2799988E-6,0.0,
Probe Atten,1.000000,,-16.2399992E-6,19.9999996E-3,,Probe Atten,1.000000,,-16.2399992E-6,-19.9999996E-3,,,,,-16.2399992E-6,0.0,
,,,-16.1999997E-6,-39.99999911E-3,,,,,-16.1999997E-6,0.0,,,,,-16.1999997E-6,-800.000011921E-3,
Note,TBS 1104 - 2:25:22 PM   2/3/2026,,-16.1599983E-6,-19.9999996E-3,,Note,TBS 1104 - 2:25:22 PM   2/3/2026,,-16.1599983E-6,0.0,,Note,TBS 1104 - 2:25:22 PM   2/3/2026,,-16.1599983E-6,-800.000011921E-3,
,,,-16.1199987E-6,-19.9999996E-3,,,,,-16.1199987E-6,-19.9999996E-3,,,,,-16.1199987E-6,0.0,
,,,-16.0799991E-6,0.0,,,,,-16.0799991E-6,0.0,,,,,-16.0799991E-6,0.0,
,,,-16.0399995E-6,0.0,,,,,-16.0399995E-6,0.0,,,,,-16.0399995E-6,0.0,
,,,-15.9999981E-6,0.0,,,,,-15.9999981E-6,-19.9999996E-3,,,,,-15.9999981E-6,0.0,
,,,-15.9599986E-6,0.0,,,,,-15.9599986E-6,0.0,,,,,-15.9599986E-6,0.0,
,,,-15.9199990E-6,-19.9999996E-3,,,,,-15.9199990E-6,-19.9999996E-3,,,,,-15.9199990E-6,0.0,
,,,-15.8799994E-6,0.0,,,,,-15.8799994E-6,-19.9999996E-3,,,,,-15.8799994E-6,-800.000011921E-3,
,,,-15.8399980E-6,-19.9999996E-3,,,,,-15.8399980E-6,-19.9999996E-3,,,,,-15.8399980E-6,-800.000011921E-3,
,,,-15.7999984E-6,-19.9999996E-3,,,,,-15.7999984E-6,-19.9999996E-3,,,,,-15.7999984E-6,0.0,
,,,-15.7599989E-6,0.0,,,,,-15.7599989E-6,0.0,,,,,-15.7599989E-6,0.0,
,,,-15.7199993E-6,0.0,,,,,-15.7199993E-6,-19.9999996E-3,,,,,-15.7199993E-6,0.0,
,,,-15.6799979E-6,19.9999996E-3,,,,,-15.6799979E-6,0.0,,,,,-15.6799979E-6,0.0,
,,,-15.6399983E-6,-19.9999996E-3,,,,,-15.6399983E-6,-19.9999996E-3,,,,,-15.6399983E-6,0.0,
,,,-15.5999987E-6,-19.9999996E-3,,,,,-15.5999987E-6,-19.9999996E-3,,,,,-15.5999987E-6,0.0,
,,,-15.5599992E-6,-39.99999911E-3,,,,,-15.5599992E-6,0.0,,,,,-15.5599992E-6,-800.000011921E-3,
,,,-15.5199996E-6,0.0,,,,,-15.5199996E-6,-19.9999996E-3,,,,,-15.5199996E-6,0.0,
,,,-15.4799982E-6,-19.9999996E-3,,,,,-15.4799982E-6,-19.9999996E-3,,,,,-15.4799982E-6,0.0,
,,,-15.4399986E-6,-19.9999996E-3,,,,,-15.4399986E-6,0.0,,,,,-15.4399986E-6,0.0,
,,,-15.3999990E-6,-19.9999996E-3,,,,,-15.3999990E-6,0.0,,,,,-15.3999990E-6,0.0,
,,,-15.3599995E-6,-19.9999996E-3,,,,,-15.3599995E-6,19.9999996E-3,,,,,-15.3599995E-6,0.0,
,,,-15.3199981E-6,0.0,,,,,-15.3199981E-6,-19.9999996E-3,,,,,-15.3199981E-6,-800.000011921E-3,
,,,-15.2799985E-6,0.0,,,,,-15.2799985E-6,0.0,,,,,-15.2799985E-6,0.0,
,,,-15.2399989E-6,0.0,,,,,-15.2399989E-6,0.0,,,,,-15.2399989E-6,0.0,
,,,-15.1999984E-6,-19.9999996E-3,,,,,-15.1999984E-6,0.0,,,,,-15.1999984E-6,0.0,
,,,-15.1599988E-6,0.0,,,,,-15.1599988E-6,19.9999996E-3,,,,,-15.1599988E-6,0.0,
,,,-15.1199984E-6,19.9999996E-3,,,,,-15.1199984E-6,0.0,,,,,-15.1199984E-6,0.0,
,,,-15.0799988E-6,-19.9999996E-3,,,,,-15.0799988E-6,-19.9999996E-3,,,,,-15.0799988E-6,-800.000011921E-3,
,,,-15.0399992E-6,0.0,,,,,-15.0399992E-6,0.0,,,,,-15.0399992E-6,0.0,
,,,-14.9999987E-6,0.0,,,,,-14.9999987E-6,0.0,,,,,-14.9999987E-6,0.0,
,,,-14.9599991E-6,-19.9999996E-3,,,,,-14.9599991E-6,-19.9999996E-3,,,,,-14.9599991E-6,-800.000011921E-3,
,,,-14.9199986E-6,-19.9999996E-3,,,,,-14.9199986E-6,0.0,,,,,-14.9199986E-6,0.0,
,,,-14.8799991E-6,-19.9999996E-3,,,,,-14.8799991E-6,-19.9999996E-3,,,,,-14.8799991E-6,0.0,
,,,-14.8399986E-6,0.0,,,,,-14.8399986E-6,0.0,,,,,-14.8399986E-6,0.0,
,,,-14.7999990E-6,-39.99999911E-3,,,,,-14.7999990E-6,0.0,,,,,-14.7999990E-6,0.0,
,,,-14.7599985E-6,0.0,,,,,-14.7599985E-6,0.0,,,,,-14.7599985E-6,0.0,
,,,-14.7199989E-6,0.0,,,,,-14.7199989E-6,0.0,,,,,-14.7199989E-6,0.0,
,,,-14.6799985E-6,-19.9999996E-3,,,,,-14.6799985E-6,-39.99999911E-3,,,,,-14.6799985E-6,0.0,
,,,-14.6399989E-6,19.9999996E-3,,,,,-14.6399989E-6,-19.9999996E-3,,,,,-14.6399989E-6,0.0,
,,,-14.5999984E-6,0.0,,,,,-14.5999984E-6,-19.9999996E-3,,,,,-14.5999984E-6,-800.000011921E-3,
,,,-14.5599988E-6,-19.9999996E-3,,,,,-14.5599988E-6,0.0,,,,,-14.5599988E-6,-800.000011921E-3,
,,,-14.5199992E-6,0.0,,,,,-14.5199992E-6,-19.9999996E-3,,,,,-14.5199992E-6,0.0,
,,,-14.4799988E-6,-19.9999996E-3,,,,,-14.4799988E-6,-19.9999996E-3,,,,,-14.4799988E-6,0.0,
,,,-14.4399992E-6,19.9999996E-3,,,,,-14.4399992E-6,0.0,,,,,-14.4399992E-6,0.0,
,,,-14.3999987E-6,-39.99999911E-3,,,,,-14.3999987E-6,0.0,,,,,-14.3999987E-6,-800.000011921E-3,
,,,-14.3599991E-6,0.0,,,,,-14.3599991E-6,-39.99999911E-3,,,,,-14.3599991E-6,0.0,
,,,-14.3199986E-6,-19.9999996E-3,,,,,-14.3199986E-6,-39.99999911E-3,,,,,-14.3199986E-6,-800.000011921E-3,
,,,-14.2799990E-6,0.0,,,,,-14.2799990E-6,0.0,,,,,-14.2799990E-6,0.0,
,,,-14.2399986E-6,19.9999996E-3,,,,,-14.2399986E-6,0.0,,,,,-14.2399986E-6,0.0,
,,,-14.1999990E-6,0.0,,,,,-14.1999990E-6,-19.9999996E-3,,,,,-14.1999990E-6,0.0,
,,,-14.1599985E-6,0.0,,,,,-14.1599985E-6,-19.9999996E-3,,,,,-14.1599985E-6,0.0,
,,,-14.1199989E-6,0.0,,,,,-14.1199989E-6,0.0,,,,,-14.1199989E-6,0.0,
,,,-14.0799984E-6,0.0,,,,,-14.0799984E-6,19.9999996E-3,,,,,-14.0799984E-6,0.0,
,,,-14.0399989E-6,-19.9999996E-3,,,,,-14.0399989E-6,-19.9999996E-3,,,,,-14.0399989E-6,0.0,
,,,-13.9999984E-6,0.0,,,,,-13.9999984E-6,-19.9999996E-3,,,,,-13.9999984E-6,0.0,
,,,-13.9599988E-6,-19.9999996E-3,,,,,-13.9599988E-6,-19.9999996E-3,,,,,-13.9599988E-6,0.0,
,,,-13.9199992E-6,-19.9999996E-3,,,,,-13.9199992E-6,-19.9999996E-3,,,,,-13.9199992E-6,0.0,
,,,-13.8799987E-6,19.9999996E-3,,,,,-13.8799987E-6,0.0,,,,,-13.8799987E-6,0.0,
,,,-13.8399992E-6,-19.9999996E-3,,,,,-13.8399992E-6,-39.99999911E-3,,,,,-13.8399992E-6,0.0,
,,,-13.7999987E-6,0.0,,,,,-13.7999987E-6,0.0,,,,,-13.7999987E-6,0.0,
,,,-13.7599991E-6,-19.9999996E-3,,,,,-13.7599991E-6,-39.99999911E-3,,,,,-13.7599991E-6,0.0,
,,,-13.7199986E-6,-19.9999996E-3,,,,,-13.7199986E-6,0.0,,,,,-13.7199986E-6,0.0,
,,,-13.6799990E-6,0.0,,,,,-13.6799990E-6,-19.9999996E-3,,,,,-13.6799990E-6,0.0,
,,,-13.6399985E-6,-19.9999996E-3,,,,,-13.6399985E-6,0.0,,,,,-13.6399985E-6,0.0,
,,,-13.5999990E-6,0.0,,,,,-13.5999990E-6,0.0,,,,,-13.5999990E-6,0.0,
,,,-13.5599985E-6,0.0,,,,,-13.5599985E-6,-19.9999996E-3,,,,,-13.5599985E-6,0.0,
,,,-13.5199989E-6,-19.9999996E-3,,,,,-13.5199989E-6,0.0,,,,,-13.5199989E-6,0.0,
,,,-13.4799984E-6,-39.99999911E-3,,,,,-13.4799984E-6,-19.9999996E-3,,,,,-13.4799984E-6,0.0,
,,,-13.4399988E-6,0.0,,,,,-13.4399988E-6,-19.9999996E-3,,,,,-13.4399988E-6,0.0,
,,,-13.3999984E-6,-19.9999996E-3,,,,,-13.3999984E-6,-19.9999996E-3,,,,,-13.3999984E-6,0.0,
,,,-13.3599988E-6,0.0,,,,,-13.3599988E-6,0.0,,,,,-13.3599988E-6,0.0,
,,,-13.3199992E-6,-19.9999996E-3,,,,,-13.3199992E-6,0.0,,,,,-13.3199992E-6,0.0,
,,,-13.2799987E-6,0.0,,,,,-13.2799987E-6,-19.9999996E-3,,,,,-13.2799987E-6,0.0,
,,,-13.2399991E-6,0.0,,,,,-13.2399991E-6,0.0,,,,,-13.2399991E-6,0.0,
,,,-13.1999986E-6,-39.99999911E-3,,,,,-13.1999986E-6,0.0,,,,,-13.1999986E-6,0.0,
,,,-13.1599991E-6,-39.99999911E-3,,,,,-13.1599991E-6,-19.9999996E-3,,,,,-13.1599991E-6,-800.000011921E-3,
,,,-13.1199986E-6,-39.99999911E-3,,,,,-13.1199986E-6,0.0,,,,,-13.1199986E-6,0.0,
,,,-13.0799990E-6,-39.99999911E-3,,,,,-13.0799990E-6,-19.9999996E-3,,,,,-13.0799990E-6,-800.000011921E-3,
,,,-13.0399985E-6,-19.9999996E-3,,,,,-13.0399985E-6,0.0,,,,,-13.0399985E-6,0.0,
,,,-12.9999989E-6,-19.9999996E-3,,,,,-12.9999989E-6,19.9999996E-3,,,,,-12.9999989E-6,0.0,
,,,-12.9599985E-6,-19.9999996E-3,,,,,-12.9599985E-6,0.0,,,,,-12.9599985E-6,0.0,
,,,-12.9199989E-6,-19.9999996E-3,,,,,-12.9199989E-6,-19.9999996E-3,,,,,-12.9199989E-6,0.0,
,,,-12.8799984E-6,-19.9999996E-3,,,,,-12.8799984E-6,0.0,,,,,-12.8799984E-6,0.0,
,,,-12.8399988E-6,-19.9999996E-3,,,,,-12.8399988E-6,-19.9999996E-3,,,,,-12.8399988E-6,-800.000011921E-3,
,,,-12.7999992E-6,-19.9999996E-3,,,,,-12.7999992E-6,0.0,,,,,-12.7999992E-6,0.0,
,,,-12.7599988E-6,-19.9999996E-3,,,,,-12.7599988E-6,0.0,,,,,-12.7599988E-6,0.0,
,,,-12.7199992E-6,0.0,,,,,-12.7199992E-6,0.0,,,,,-12.7199992E-6,0.0,
,,,-12.6799987E-6,0.0,,,,,-12.6799987E-6,-19.9999996E-3,,,,,-12.6799987E-6,0.0,
,,,-12.6399991E-6,-19.9999996E-3,,,,,-12.6399991E-6,0.0,,,,,-12.6399991E-6,-800.000011921E-3,
,,,-12.5999986E-6,-39.99999911E-3,,,,,-12.5999986E-6,-19.9999996E-3,,,,,-12.5999986E-6,0.0,
,,,-12.5599990E-6,-19.9999996E-3,,,,,-12.5599990E-6,-19.9999996E-3,,,,,-12.5599990E-6,0.0,
,,,-12.5199986E-6,0.0,,,,,-12.5199986E-6,-19.9999996E-3,,,,,-12.5199986E-6,0.0,
,,,-12.4799990E-6,-19.9999996E-3,,,,,-12.4799990E-6,0.0,,,,,-12.4799990E-6,0.0,
,,,-12.4399985E-6,0.0,,,,,-12.4399985E-6,-19.9999996E-3,,,,,-12.4399985E-6,0.0,
,,,-12.3999989E-6,0.0,,,,,-12.3999989E-6,-19.9999996E-3,,,,,-12.3999989E-6,0.0,
,,,-12.3599984E-6,-19.9999996E-3,,,,,-12.3599984E-6,-19.9999996E-3,,,,,-12.3599984E-6,0.0,
,,,-12.3199989E-6,-19.9999996E-3,,,,,-12.3199989E-6,-19.9999996E-3,,,,,-12.3199989E-6,0.0,
,,,-12.2799984E-6,-19.9999996E-3,,,,,-12.2799984E-6,0.0,,,,,-12.2799984E-6,0.0,
,,,-12.2399988E-6,-19.9999996E-3,,,,,-12.2399988E-6,-19.9999996E-3,,,,,-12.2399988E-6,-800.000011921E-3,
,,,-12.1999992E-6,-19.9999996E-3,,,,,-12.1999992E-6,19.9999996E-3,,,,,-12.1999992E-6,0.0,
,,,-12.1599987E-6,-19.9999996E-3,,,,,-12.1599987E-6,-39.99999911E-3,,,,,-12.1599987E-6,0.0,
,,,-12.1199992E-6,-19.9999996E-3,,,,,-12.1199992E-6,-19.9999996E-3,,,,,-12.1199992E-6,0.0,
,,,-12.0799987E-6,0.0,,,,,-12.0799987E-6,-19.9999996E-3,,,,,-12.0799987E-6,0.0,
,,,-12.0399991E-6,-19.9999996E-3,,,,,-12.0399991E-6,-19.9999996E-3,,,,,-12.0399991E-6,0.0,
,,,-11.9999986E-6,-19.9999996E-3,,,,,-11.9999986E-6,-19.9999996E-3,,,,,-11.9999986E-6,0.0,
,,,-11.9599990E-6,0.0,,,,,-11.9599990E-6,-19.9999996E-3,,,,,-11.9599990E-6,0.0,
,,,-11.9199985E-6,-19.9999996E-3,,,,,-11.9199985E-6,-19.9999996E-3,,,,,-11.9199985E-6,0.0,
,,,-11.8799990E-6,-39.99999911E-3,,,,,-11.8799990E-6,-39.99999911E-3,,,,,-11.8799990E-6,0.0,
,,,-11.8399985E-6,-19.9999996E-3,,,,,-11.8399985E-6,-39.99999911E-3,,,,,-11.8399985E-6,-800.000011921E-3,
,,,-11.7999989E-6,19.9999996E-3,,,,,-11.7999989E-6,0.0,,,,,-11.7999989E-6,0.0,
,,,-11.7599984E-6,-19.9999996E-3,,,,,-11.7599984E-6,-19.9999996E-3,,,,,-11.7599984E-6,0.0,
,,,-11.7199988E-6,0.0,,,,,-11.7199988E-6,-19.9999996E-3,,,,,-11.7199988E-6,0.0,
,,,-11.6799984E-6,-19.9999996E-3,,,,,-11.6799984E-6,-19.9999996E-3,,,,,-11.6799984E-6,-800.000011921E-3,
,,,-11.6399988E-6,-19.9999996E-3,,,,,-11.6399988E-6,0.0,,,,,-11.6399988E-6,-800.000011921E-3,
,,,-11.5999992E-6,-19.9999996E-3,,,,,-11.5999992E-6,0.0,,,,,-11.5999992E-6,0.0,
,,,-11.5599987E-6,-19.9999996E-3,,,,,-11.5599987E-6,-59.999998659E-3,,,,,-11.5599987E-6,0.0,
,,,-11.5199991E-6,-19.9999996E-3,,,,,-11.5199991E-6,-39.99999911E-3,,,,,-11.5199991E-6,0.0,
,,,-11.4799986E-6,0.0,,,,,-11.4799986E-6,-19.9999996E-3,,,,,-11.4799986E-6,0.0,
,,,-11.4399991E-6,-19.9999996E-3,,,,,-11.4399991E-6,-19.9999996E-3,,,,,-11.4399991E-6,0.0,
,,,-11.3999986E-6,-39.99999911E-3,,,,,-11.3999986E-6,-19.9999996E-3,,,,,-11.3999986E-6,0.0,
,,,-11.3599990E-6,-19.9999996E-3,,,,,-11.3599990E-6,-19.9999996E-3,,,,,-11.3599990E-6,0.0,
,,,-11.3199985E-6,0.0,,,,,-11.3199985E-6,0.0,,,,,-11.3199985E-6,0.0,
,,,-11.2799989E-6,-19.9999996E-3,,,,,-11.2799989E-6,19.9999996E-3,,,,,-11.2799989E-6,0.0,
,,,-11.2399985E-6,-19.9999996E-3,,,,,-11.2399985E-6,-19.9999996E-3,,,,,-11.2399985E-6,0.0,
,,,-11.1999989E-6,19.9999996E-3,,,,,-11.1999989E-6,0.0,,,,,-11.1999989E-6,0.0,
,,,-11.1599984E-6,-19.9999996E-3,,,,,-11.1599984E-6,0.0,,,,,-11.1599984E-6,0.0,
,,,-11.1199988E-6,-39.99999911E-3,,,,,-11.1199988E-6,-19.9999996E-3,,,,,-11.1199988E-6,0.0,
,,,-11.0799992E-6,0.0,,,,,-11.0799992E-6,-19.9999996E-3,,,,,-11.0799992E-6,-800.000011921E-3,
,,,-11.0399988E-6,-19.9999996E-3,,,,,-11.0399988E-6,0.0,,,,,-11.0399988E-6,0.0,
,,,-10.9999992E-6,-19.9999996E-3,,,,,-10.9999992E-6,-19.9999996E-3,,,,,-10.9999992E-6,0.0,
,,,-10.9599987E-6,19.9999996E-3,,,,,-10.9599987E-6,-19.9999996E-3,,,,,-10.9599987E-6,0.0,
,,,-10.9199991E-6,0.0,,,,,-10.9199991E-6,0.0,,,,,-10.9199991E-6,0.0,
,,,-10.8799986E-6,-19.9999996E-3,,,,,-10.8799986E-6,-19.9999996E-3,,,,,-10.8799986E-6,0.0,
,,,-10.8399990E-6,-19.9999996E-3,,,,,-10.8399990E-6,-19.9999996E-3,,,,,-10.8399990E-6,0.0,
,,,-10.7999986E-6,-19.9999996E-3,,,,,-10.7999986E-6,-39.99999911E-3,,,,,-10.7999986E-6,0.0,
,,,-10.7599990E-6,-19.9999996E-3,,,,,-10.7599990E-6,0.0,,,,,-10.7599990E-6,0.0,
,,,-10.7199985E-6,-19.9999996E-3,,,,,-10.7199985E-6,-39.99999911E-3,,,,,-10.7199985E-6,0.0,
,,,-10.6799989E-6,0.0,,,,,-10.6799989E-6,-19.9999996E-3,,,,,-10.6799989E-6,0.0,
,,,-10.6399984E-6,0.0,,,,,-10.6399984E-6,-19.9999996E-3,,,,,-10.6399984E-6,-800.000011921E-3,
,,,-10.5999989E-6,-39.99999911E-3,,,,,-10.5999989E-6,-19.9999996E-3,,,,,-10.5999989E-6,0.0,
,,,-10.5599984E-6,0.0,,,,,-10.5599984E-6,0.0,,,,,-10.5599984E-6,0.0,
,,,-10.5199988E-6,0.0,,,,,-10.5199988E-6,0.0,,,,,-10.5199988E-6,0.0,
,,,-10.4799992E-6,0.0,,,,,-10.4799992E-6,-19.9999996E-3,,,,,-10.4799992E-6,0.0,
,,,-10.4399987E-6,0.0,,,,,-10.4399987E-6,0.0,,,,,-10.4399987E-6,0.0,
,,,-10.3999992E-6,-39.99999911E-3,,,,,-10.3999992E-6,0.0,,,,,-10.3999992E-6,0.0,
,,,-10.3599987E-6,-39.99999911E-3,,,,,-10.3599987E-6,-39.99999911E-3,,,,,-10.3599987E-6,0.0,
,,,-10.3199991E-6,0.0,,,,,-10.3199991E-6,-19.9999996E-3,,,,,-10.3199991E-6,0.0,
,,,-10.2799986E-6,-19.9999996E-3,,,,,-10.2799986E-6,19.9999996E-3,,,,,-10.2799986E-6,0.0,
,,,-10.2399990E-6,0.0,,,,,-10.2399990E-6,-19.9999996E-3,,,,,-10.2399990E-6,0.0,
,,,-10.1999985E-6,-19.9999996E-3,,,,,-10.1999985E-6,-19.9999996E-3,,,,,-10.1999985E-6,0.0,
,,,-10.1599990E-6,0.0,,,,,-10.1599990E-6,-19.9999996E-3,,,,,-10.1599990E-6,0.0,
,,,-10.1199985E-6,0.0,,,,,-10.1199985E-6,-19.9999996E-3,,,,,-10.1199985E-6,-800.000011921E-3,
,,,-10.0799989E-6,-39.99999911E-3,,,,,-10.0799989E-6,0.0,,,,,-10.0799989E-6,0.0,
,,,-10.0399984E-6,19.9999996E-3,,,,,-10.0399984E-6,-19.9999996E-3,,,,,-10.0399984E-6,-800.000011921E-3,
,,,-9.999998838E-6,-19.9999996E-3,,,,,-9.999998838E-6,19.9999996E-3,,,,,-9.999998838E-6,0.0,
,,,-9.959999261E-6,-39.99999911E-3,,,,,-9.959999261E-6,0.0,,,,,-9.959999261E-6,0.0,
,,,-9.919998774E-6,-19.9999996E-3,,,,,-9.919998774E-6,-19.9999996E-3,,,,,-9.919998774E-6,-800.000011921E-3,
,,,-9.879999197E-6,-39.99999911E-3,,,,,-9.879999197E-6,-39.99999911E-3,,,,,-9.879999197E-6,-800.000011921E-3,
,,,-9.839998711E-6,0.0,,,,,-9.839998711E-6,19.9999996E-3,,,,,-9.839998711E-6,-800.000011921E-3,
,,,-9.799999134E-6,-19.9999996E-3,,,,,-9.799999134E-6,-19.9999996E-3,,,,,-9.799999134E-6,0.0,
,,,-9.759998647E-6,-19.9999996E-3,,,,,-9.759998647E-6,-19.9999996E-3,,,,,-9.759998647E-6,0.0,
,,,-9.719999071E-6,-19.9999996E-3,,,,,-9.719999071E-6,0.0,,,,,-9.719999071E-6,0.0,
,,,-9.679998584E-6,-39.99999911E-3,,,,,-9.679998584E-6,-19.9999996E-3,,,,,-9.679998584E-6,0.0,
,,,-9.639999007E-6,0.0,,,,,-9.639999007E-6,0.0,,,,,-9.639999007E-6,0.0,
,,,-9.599998521E-6,-19.9999996E-3,,,,,-9.599998521E-6,0.0,,,,,-9.599998521E-6,0.0,
,,,-9.559998944E-6,-19.9999996E-3,,,,,-9.559998944E-6,0.0,,,,,-9.559998944E-6,0.0,
,,,-9.519998457E-6,-39.99999911E-3,,,,,-9.519998457E-6,-19.9999996E-3,,,,,-9.519998457E-6,0.0,
,,,-9.479998880E-6,-19.9999996E-3,,,,,-9.479998880E-6,-19.9999996E-3,,,,,-9.479998880E-6,-800.000011921E-3,
,,,-9.439998394E-6,-39.99999911E-3,,,,,-9.439998394E-6,-19.9999996E-3,,,,,-9.439998394E-6,0.0,
,,,-9.399998817E-6,-39.99999911E-3,,,,,-9.399998817E-6,-19.9999996E-3,,,,,-9.399998817E-6,0.0,
,,,-9.359999240E-6,-19.9999996E-3,,,,,-9.359999240E-6,-19.9999996E-3,,,,,-9.359999240E-6,0.0,
,,,-9.319998753E-6,-19.9999996E-3,,,,,-9.319998753E-6,-19.9999996E-3,,,,,-9.319998753E-6,0.0,
,,,-9.279999176E-6,0.0,,,,,-9.279999176E-6,-19.9999996E-3,,,,,-9.279999176E-6,0.0,
,,,-9.239998690E-6,-19.9999996E-3,,,,,-9.239998690E-6,-39.99999911E-3,,,,,-9.239998690E-6,0.0,
,,,-9.199999113E-6,-19.9999996E-3,,,,,-9.199999113E-6,-19.9999996E-3,,,,,-9.199999113E-6,0.0,
,,,-9.159998626E-6,-19.9999996E-3,,,,,-9.159998626E-6,0.0,,,,,-9.159998626E-6,0.0,
,,,-9.119999049E-6,-39.99999911E-3,,,,,-9.119999049E-6,0.0,,,,,-9.119999049E-6,0.0,
,,,-9.079998563E-6,-39.99999911E-3,,,,,-9.079998563E-6,-19.9999996E-3,,,,,-9.079998563E-6,0.0,
,,,-9.039998986E-6,-19.9999996E-3,,,,,-9.039998986E-6,0.0,,,,,-9.039998986E-6,0.0,
,,,-8.999998499E-6,0.0,,,,,-8.999998499E-6,-19.9999996E-3,,,,,-8.999998499E-6,-800.000011921E-3,
,,,-8.959998922E-6,0.0,,,,,-8.959998922E-6,-19.9999996E-3,,,,,-8.959998922E-6,0.0,
,,,-8.919998436E-6,-19.9999996E-3,,,,,-8.919998436E-6,0.0,,,,,-8.919998436E-6,0.0,
,,,-8.879998859E-6,-19.9999996E-3,,,,,-8.879998859E-6,-19.9999996E-3,,,,,-8.879998859E-6,0.0,
,,,-8.839998372E-6,-19.9999996E-3,,,,,-8.839998372E-6,-19.9999996E-3,,,,,-8.839998372E-6,0.0,
,,,-8.799998795E-6,-19.9999996E-3,,,,,-8.799998795E-6,-19.9999996E-3,,,,,-8.799998795E-6,0.0,
,,,-8.759999218E-6,-19.9999996E-3,,,,,-8.759999218E-6,-19.9999996E-3,,,,,-8.759999218E-6,0.0,
,,,-8.719998732E-6,-19.9999996E-3,,,,,-8.719998732E-6,-39.99999911E-3,,,,,-8.719998732E-6,0.0,
,,,-8.679999155E-6,-39.99999911E-3,,,,,-8.679999155E-6,0.0,,,,,-8.679999155E-6,-800.000011921E-3,
,,,-8.639998669E-6,-19.9999996E-3,,,,,-8.639998669E-6,-39.99999911E-3,,,,,-8.639998669E-6,-800.000011921E-3,
,,,-8.599999092E-6,-19.9999996E-3,,,,,-8.599999092E-6,0.0,,,,,-8.599999092E-6,0.0,
,,,-8.559998605E-6,-39.99999911E-3,,,,,-8.559998605E-6,-19.9999996E-3,,,,,-8.559998605E-6,0.0,
,,,-8.519999028E-6,-79.999998212E-3,,,,,-8.519999028E-6,-119.9999973E-3,,,,,-8.519999028E-6,0.0,
,,,-8.479998542E-6,-140.0000006E-3,,,,,-8.479998542E-6,0.0,,,,,-8.479998542E-6,2.4000001,
,,,-8.439998965E-6,-59.999998659E-3,,,,,-8.439998965E-6,0.0,,,,,-8.439998965E-6,4.00000000,
,,,-8.399998478E-6,19.9999996E-3,,,,,-8.399998478E-6,419.999986887E-3,,,,,-8.399998478E-6,4.80000019,
,,,-8.359998901E-6,-19.9999996E-3,,,,,-8.359998901E-6,219.99999881E-3,,,,,-8.359998901E-6,6.40000010,
,,,-8.319998415E-6,119.9999973E-3,,,,,-8.319998415E-6,639.999985695E-3,,,,,-8.319998415E-6,8.000000000,
,,,-8.279998838E-6,19.9999996E-3,,,,,-8.279998838E-6,479.999989271E-3,,,,,-8.279998838E-6,11.1999998,
,,,-8.239999261E-6,99.999994040E-3,,,,,-8.239999261E-6,639.999985695E-3,,,,,-8.239999261E-6,12.0000000,
,,,-8.199998774E-6,79.999998212E-3,,,,,-8.199998774E-6,579.999983311E-3,,,,,-8.199998774E-6,13.6000004,
,,,-8.159999197E-6,99.999994040E-3,,,,,-8.159999197E-6,699.999988079E-3,,,,,-8.159999197E-6,15.1999998,
,,,-8.119998711E-6,99.999994040E-3,,,,,-8.119998711E-6,680.000007153E-3,,,,,-8.119998711E-6,17.6000004,
,,,-8.079999134E-6,119.9999973E-3,,,,,-8.079999134E-6,699.999988079E-3,,,,,-8.079999134E-6,19.2000008,
,,,-8.039998647E-6,140.0000006E-3,,,,,-8.039998647E-6,719.999969006E-3,,,,,-8.039998647E-6,20.80000114,
,,,-7.999999070E-6,140.0000006E-3,,,,,-7.999999070E-6,740.000009537E-3,,,,,-7.999999070E-6,22.39999962,
,,,-7.959998584E-6,140.0000006E-3,,,,,-7.959998584E-6,740.000009537E-3,,,,,-7.959998584E-6,24.00000000,
,,,-7.919999007E-6,140.0000006E-3,,,,,-7.919999007E-6,779.999971390E-3,,,,,-7.919999007E-6,26.39999962,
,,,-7.879998520E-6,119.9999973E-3,,,,,-7.879998520E-6,740.000009537E-3,,,,,-7.879998520E-6,26.39999962,
,,,-7.839998943E-6,140.0000006E-3,,,,,-7.839998943E-6,759.999990463E-3,,,,,-7.839998943E-6,28.00000000,
,,,-7.799998457E-6,119.9999973E-3,,,,,-7.799998457E-6,699.999988079E-3,,,,,-7.799998457E-6,28.80000114,
,,,-7.759998880E-6,119.9999973E-3,,,,,-7.759998880E-6,740.000009537E-3,,,,,-7.759998880E-6,30.39999962,
,,,-7.719998393E-6,140.0000006E-3,,,,,-7.719998393E-6,680.000007153E-3,,,,,-7.719998393E-6,32.00000000,
,,,-7.679998816E-6,119.9999973E-3,,,,,-7.679998816E-6,699.999988079E-3,,,,,-7.679998816E-6,32.79999924,
,,,-7.639999239E-6,119.9999973E-3,,,,,-7.639999239E-6,659.999966621E-3,,,,,-7.639999239E-6,33.60000229,
,,,-7.599998753E-6,99.999994040E-3,,,,,-7.599998753E-6,620.000004768E-3,,,,,-7.599998753E-6,34.40000153,
,,,-7.559998721E-6,99.999994040E-3,,,,,-7.559998721E-6,620.000004768E-3,,,,,-7.559998721E-6,35.20000076,
,,,-7.519998690E-6,99.999994040E-3,,,,,-7.519998690E-6,599.999964237E-3,,,,,-7.519998690E-6,35.20000076,
,,,-7.479998658E-6,119.9999973E-3,,,,,-7.479998658E-6,560.000002384E-3,,,,,-7.479998658E-6,36.00000000,
,,,-7.439998626E-6,79.999998212E-3,,,,,-7.439998626E-6,560.000002384E-3,,,,,-7.439998626E-6,36.00000000,
,,,-7.399999049E-6,140.0000006E-3,,,,,-7.399999049E-6,519.999980927E-3,,,,,-7.399999049E-6,36.79999924,
,,,-7.35999902E-6,99.999994040E-3,,,,,-7.35999902E-6,519.999980927E-3,,,,,-7.35999902E-6,37.60000229,
,,,-7.31999899E-6,99.999994040E-3,,,,,-7.31999899E-6,500.000000000E-3,,,,,-7.31999899E-6,36.79999924,
,,,-7.27999895E-6,79.999998212E-3,,,,,-7.27999895E-6,479.999989271E-3,,,,,-7.27999895E-6,37.60000229,
,,,-7.23999892E-6,79.999998212E-3,,,,,-7.23999892E-6,459.999978542E-3,,,,,-7.23999892E-6,37.60000229,
,,,-7.19999889E-6,79.999998212E-3,,,,,-7.19999889E-6,439.999997616E-3,,,,,-7.19999889E-6,37.60000229,
,,,-7.15999886E-6,59.999998659E-3,,,,,-7.15999886E-6,419.999986887E-3,,,,,-7.15999886E-6,38.40000153,
,,,-7.11999883E-6,59.999998659E-3,,,,,-7.11999883E-6,419.999986887E-3,,,,,-7.11999883E-6,38.40000153,
,,,-7.07999880E-6,59.999998659E-3,,,,,-7.07999880E-6,419.999986887E-3,,,,,-7.07999880E-6,39.20000076,
,,,-7.03999876E-6,79.999998212E-3,,,,,-7.03999876E-6,359.99998450E-3,,,,,-7.03999876E-6,38.40000153,
,,,-6.99999873E-6,79.999998212E-3,,,,,-6.99999873E-6,379.99999523E-3,,,,,-6.99999873E-6,39.20000076,
,,,-6.95999870E-6,59.999998659E-3,,,,,-6.95999870E-6,379.99999523E-3,,,,,-6.95999870E-6,38.40000153,
,,,-6.91999867E-6,79.999998212E-3,,,,,-6.91999867E-6,359.99998450E-3,,,,,-6.91999867E-6,38.40000153,
,,,-6.87999864E-6,59.999998659E-3,,,,,-6.87999864E-6,379.99999523E-3,,,,,-6.87999864E-6,38.40000153,
,,,-6.83999906E-6,59.999998659E-3,,,,,-6.83999906E-6,340.00000358E-3,,,,,-6.83999906E-6,39.20000076,
,,,-6.79999903E-6,79.999998212E-3,,,,,-6.79999903E-6,340.00000358E-3,,,,,-6.79999903E-6,38.40000153,
,,,-6.75999900E-6,59.999998659E-3,,,,,-6.75999900E-6,319.99999285E-3,,,,,-6.75999900E-6,38.40000153,
,,,-6.71999896E-6,79.999998212E-3,,,,,-6.71999896E-6,299.99998212E-3,,,,,-6.71999896E-6,38.40000153,
,,,-6.67999893E-6,59.999998659E-3,,,,,-6.67999893E-6,280.00000119E-3,,,,,-6.67999893E-6,37.60000229,
,,,-6.63999890E-6,59.999998659E-3,,,,,-6.63999890E-6,280.00000119E-3,,,,,-6.63999890E-6,37.60000229,
,,,-6.59999887E-6,59.999998659E-3,,,,,-6.59999887E-6,259.99999046E-3,,,,,-6.59999887E-6,37.60000229,
,,,-6.55999884E-6,39.99999911E-3,,,,,-6.55999884E-6,219.99999881E-3,,,,,-6.55999884E-6,36.79999924,
,,,-6.51999881E-6,59.999998659E-3,,,,,-6.51999881E-6,219.99999881E-3,,,,,-6.51999881E-6,36.79999924,
,,,-6.47999877E-6,19.9999996E-3,,,,,-6.47999877E-6,179.99999225E-3,,,,,-6.47999877E-6,36.00000000,
,,,-6.43999874E-6,39.99999911E-3,,,,,-6.43999874E-6,199.99998808E-3,,,,,-6.43999874E-6,36.00000000,
,,,-6.39999871E-6,39.99999911E-3,,,,,-6.39999871E-6,159.99999642E-3,,,,,-6.39999871E-6,35.20000076,
,,,-6.35999868E-6,39.99999911E-3,,,,,-6.35999868E-6,159.99999642E-3,,,,,-6.35999868E-6,34.40000153,
,,,-6.31999865E-6,19.9999996E-3,,,,,-6.31999865E-6,140.0000006E-3,,,,,-6.31999865E-6,34.40000153,
,,,-6.27999862E-6,19.9999996E-3,,,,,-6.27999862E-6,99.999994040E-3,,,,,-6.27999862E-6,33.60000229,
,,,-6.23999904E-6,0.0,,,,,-6.23999904E-6,79.999998212E-3,,,,,-6.23999904E-6,32.00000000,
,,,-6.19999901E-6,0.0,,,,,-6.19999901E-6,39.99999911E-3,,,,,-6.19999901E-6,32.00000000,
,,,-6.15999897E-6,0.0,,,,,-6.15999897E-6,39.99999911E-3,,,,,-6.15999897E-6,30.39999962,
,,,-6.11999894E-6,0.0,,,,,-6.11999894E-6,0.0,,,,,-6.11999894E-6,29.60000038,
,,,-6.07999891E-6,19.9999996E-3,,,,,-6.07999891E-6,-19.9999996E-3,,,,,-6.07999891E-6,29.60000038,
,,,-6.03999888E-6,-19.9999996E-3,,,,,-6.03999888E-6,-39.99999911E-3,,,,,-6.03999888E-6,28.80000114,
,,,-5.99999885E-6,0.0,,,,,-5.99999885E-6,-39.99999911E-3,,,,,-5.99999885E-6,27.20000076,
,,,-5.95999882E-6,19.9999996E-3,,,,,-5.95999882E-6,-39.99999911E-3,,,,,-5.95999882E-6,26.39999962,
,,,-5.91999878E-6,-19.9999996E-3,,,,,-5.91999878E-6,-99.999994040E-3,,,,,-5.91999878E-6,25.60000038,
,,,-5.87999875E-6,-19.9999996E-3,,,,,-5.87999875E-6,-99.999994040E-3,,,,,-5.87999875E-6,24.80000114,
,,,-5.83999872E-6,-39.99999911E-3,,,,,-5.83999872E-6,-99.999994040E-3,,,,,-5.83999872E-6,24.00000000,
,,,-5.79999869E-6,-19.9999996E-3,,,,,-5.79999869E-6,-140.0000006E-3,,,,,-5.79999869E-6,22.39999962,
,,,-5.75999866E-6,-39.99999911E-3,,,,,-5.75999866E-6,-159.99999642E-3,,,,,-5.75999866E-6,22.39999962,
,,,-5.71999863E-6,-59.999998659E-3,,,,,-5.71999863E-6,-179.99999225E-3,,,,,-5.71999863E-6,20.80000114,
,,,-5.67999905E-6,-19.9999996E-3,,,,,-5.67999905E-6,-140.0000006E-3,,,,,-5.67999905E-6,19.2000008,
,,,-5.63999902E-6,-59.999998659E-3,,,,,-5.63999902E-6,-199.99998808E-3,,,,,-5.63999902E-6,18.3999996,
,,,-5.59999899E-6,-19.9999996E-3,,,,,-5.59999899E-6,-219.99999881E-3,,,,,-5.59999899E-6,17.6000004,
,,,-5.55999895E-6,-59.999998659E-3,,,,,-5.55999895E-6,-219.99999881E-3,,,,,-5.55999895E-6,16.8000011,
,,,-5.51999892E-6,-39.99999911E-3,,,,,-5.51999892E-6,-219.99999881E-3,,,,,-5.51999892E-6,15.1999998,
,,,-5.47999889E-6,-59.999998659E-3,,,,,-5.47999889E-6,-259.99999046E-3,,,,,-5.47999889E-6,14.4000006,
,,,-5.43999886E-6,-39.99999911E-3,,,,,-5.43999886E-6,-259.99999046E-3,,,,,-5.43999886E-6,12.8000002,
,,,-5.39999883E-6,-39.99999911E-3,,,,,-5.39999883E-6,-239.99999464E-3,,,,,-5.39999883E-6,12.0000000,
,,,-5.35999880E-6,-39.99999911E-3,,,,,-5.35999880E-6,-299.99998212E-3,,,,,-5.35999880E-6,11.1999998,
,,,-5.31999876E-6,-59.999998659E-3,,,,,-5.31999876E-6,-280.00000119E-3,,,,,-5.31999876E-6,9.600000381,
,,,-5.27999873E-6,-59.999998659E-3,,,,,-5.27999873E-6,-319.99999285E-3,,,,,-5.27999873E-6,8.800000191,
,,,-5.23999870E-6,-79.999998212E-3,,,,,-5.23999870E-6,-340.00000358E-3,,,,,-5.23999870E-6,7.20000029,
,,,-5.19999867E-6,-59.999998659E-3,,,,,-5.19999867E-6,-340.00000358E-3,,,,,-5.19999867E-6,6.40000010,
,,,-5.15999864E-6,-59.999998659E-3,,,,,-5.15999864E-6,-379.99999523E-3,,,,,-5.15999864E-6,5.59999990,
,,,-5.11999906E-6,-59.999998659E-3,,,,,-5.11999906E-6,-379.99999523E-3,,,,,-5.11999906E-6,4.00000000,
,,,-5.07999903E-6,-79.999998212E-3,,,,,-5.07999903E-6,-419.999986887E-3,,,,,-5.07999903E-6,2.4000001,
,,,-5.03999900E-6,-99.999994040E-3,,,,,-5.03999900E-6,-399.99997616E-3,,,,,-5.03999900E-6,1.6000000,
,,,-4.99999896E-6,-99.999994040E-3,,,,,-4.99999896E-6,-439.999997616E-3,,,,,-4.99999896E-6,0.0,
,,,-4.95999893E-6,-79.999998212E-3,,,,,-4.95999893E-6,-439.999997616E-3,,,,,-4.95999893E-6,-800.000011921E-3,
,,,-4.91999890E-6,-79.999998212E-3,,,,,-4.91999890E-6,-459.999978542E-3,,,,,-4.91999890E-6,-2.4000001,
,,,-4.87999887E-6,-99.999994040E-3,,,,,-4.87999887E-6,-479.999989271E-3,,,,,-4.87999887E-6,-3.20000005,
,,,-4.83999884E-6,-79.999998212E-3,,,,,-4.83999884E-6,-479.999989271E-3,,,,,-4.83999884E-6,-4.80000019,
,,,-4.79999881E-6,-99.999994040E-3,,,,,-4.79999881E-6,-479.999989271E-3,,,,,-4.79999881E-6,-5.59999990,
,,,-4.75999877E-6,-79.999998212E-3,,,,,-4.75999877E-6,-479.999989271E-3,,,,,-4.75999877E-6,-7.20000029,
,,,-4.71999874E-6,-119.9999973E-3,,,,,-4.71999874E-6,-500.000000000E-3,,,,,-4.71999874E-6,-8.000000000,
,,,-4.67999871E-6,-119.9999973E-3,,,,,-4.67999871E-6,-539.999961853E-3,,,,,-4.67999871E-6,-9.600000381,
,,,-4.63999868E-6,-99.999994040E-3,,,,,-4.63999868E-6,-519.999980927E-3,,,,,-4.63999868E-6,-10.4000006,
,,,-4.59999865E-6,-119.9999973E-3,,,,,-4.59999865E-6,-539.999961853E-3,,,,,-4.59999865E-6,-11.1999998,
,,,-4.55999907E-6,-140.0000006E-3,,,,,-4.55999907E-6,-539.999961853E-3,,,,,-4.55999907E-6,-12.8000002,
,,,-4.51999904E-6,-119.9999973E-3,,,,,-4.51999904E-6,-519.999980927E-3,,,,,-4.51999904E-6,-14.4000006,
,,,-4.47999901E-6,-119.9999973E-3,,,,,-4.47999901E-6,-560.000002384E-3,,,,,-4.47999901E-6,-15.1999998,
,,,-4.43999897E-6,-119.9999973E-3,,,,,-4.43999897E-6,-560.000002384E-3,,,,,-4.43999897E-6,-16.8000011,
,,,-4.39999894E-6,-119.9999973E-3,,,,,-4.39999894E-6,-579.999983311E-3,,,,,-4.39999894E-6,-17.6000004,
,,,-4.35999891E-6,-119.9999973E-3,,,,,-4.35999891E-6,-579.999983311E-3,,,,,-4.35999891E-6,-18.3999996,
,,,-4.31999888E-6,-99.999994040E-3,,,,,-4.31999888E-6,-579.999983311E-3,,,,,-4.31999888E-6,-20.0000000,
,,,-4.27999885E-6,-99.999994040E-3,,,,,-4.27999885E-6,-560.000002384E-3,,,,,-4.27999885E-6,-20.80000114,
,,,-4.23999882E-6,-140.0000006E-3,,,,,-4.23999882E-6,-599.999964237E-3,,,,,-4.23999882E-6,-22.39999962,
,,,-4.19999878E-6,-119.9999973E-3,,,,,-4.19999878E-6,-620.000004768E-3,,,,,-4.19999878E-6,-23.20000076,
,,,-4.15999875E-6,-140.0000006E-3,,,,,-4.15999875E-6,-620.000004768E-3,,,,,-4.15999875E-6,-24.00000000,
,,,-4.11999872E-6,-140.0000006E-3,,,,,-4.11999872E-6,-639.999985695E-3,,,,,-4.11999872E-6,-24.80000114,
,,,-4.07999869E-6,-99.999994040E-3,,,,,-4.07999869E-6,-639.999985695E-3,,,,,-4.07999869E-6,-25.60000038,
,,,-4.03999866E-6,-140.0000006E-3,,,,,-4.03999866E-6,-639.999985695E-3,,,,,-4.03999866E-6,-26.39999962,
,,,-3.99999863E-6,-119.9999973E-3,,,,,-3.99999863E-6,-620.000004768E-3,,,,,-3.99999863E-6,-28.00000000,
,,,-3.95999905E-6,-159.99999642E-3,,,,,-3.95999905E-6,-639.999985695E-3,,,,,-3.95999905E-6,-29.60000038,
,,,-3.91999902E-6,-140.0000006E-3,,,,,-3.91999902E-6,-639.999985695E-3,,,,,-3.91999902E-6,-30.39999962,
,,,-3.87999899E-6,-140.0000006E-3,,,,,-3.87999899E-6,-639.999985695E-3,,,,,-3.87999899E-6,-31.20000076,
,,,-3.83999895E-6,-119.9999973E-3,,,,,-3.83999895E-6,-639.999985695E-3,,,,,-3.83999895E-6,-32.00000000,
,,,-3.79999892E-6,-119.9999973E-3,,,,,-3.79999892E-6,-620.000004768E-3,,,,,-3.79999892E-6,-32.79999924,
,,,-3.75999889E-6,-140.0000006E-3,,,,,-3.75999889E-6,-659.999966621E-3,,,,,-3.75999889E-6,-33.60000229,
,,,-3.71999886E-6,-119.9999973E-3,,,,,-3.71999886E-6,-639.999985695E-3,,,,,-3.71999886E-6,-34.40000153,
,,,-3.67999883E-6,-159.99999642E-3,,,,,-3.67999883E-6,-659.999966621E-3,,,,,-3.67999883E-6,-35.20000076,
,,,-3.63999879E-6,-159.99999642E-3,,,,,-3.63999879E-6,-639.999985695E-3,,,,,-3.63999879E-6,-36.00000000,
,,,-3.59999876E-6,-119.9999973E-3,,,,,-3.59999876E-6,-639.999985695E-3,,,,,-3.59999876E-6,-36.79999924,
,,,-3.55999896E-6,-140.0000006E-3,,,,,-3.55999896E-6,-639.999985695E-3,,,,,-3.55999896E-6,-36.79999924,
,,,-3.51999893E-6,-119.9999973E-3,,,,,-3.51999893E-6,-659.999966621E-3,,,,,-3.51999893E-6,-38.40000153,
,,,-3.47999890E-6,-159.99999642E-3,,,,,-3.47999890E-6,-659.999966621E-3,,,,,-3.47999890E-6,-38.40000153,
,,,-3.43999886E-6,-119.9999973E-3,,,,,-3.43999886E-6,-620.000004768E-3,,,,,-3.43999886E-6,-39.20000076,
,,,-3.39999883E-6,-159.99999642E-3,,,,,-3.39999883E-6,-620.000004768E-3,,,,,-3.39999883E-6,-40.79999924,
,,,-3.35999880E-6,-119.9999973E-3,,,,,-3.35999880E-6,-639.999985695E-3,,,,,-3.35999880E-6,-40.79999924,
,,,-3.31999877E-6,-140.0000006E-3,,,,,-3.31999877E-6,-599.999964237E-3,,,,,-3.31999877E-6,-41.60000229,
,,,-3.27999896E-6,-140.0000006E-3,,,,,-3.27999896E-6,-620.000004768E-3,,,,,-3.27999896E-6,-41.60000229,
,,,-3.23999893E-6,-140.0000006E-3,,,,,-3.23999893E-6,-599.999964237E-3,,,,,-3.23999893E-6,-42.40000153,
,,,-3.19999890E-6,-140.0000006E-3,,,,,-3.19999890E-6,-620.000004768E-3,,,,,-3.19999890E-6,-43.20000076,
,,,-3.15999887E-6,-140.0000006E-3,,,,,-3.15999887E-6,-599.999964237E-3,,,,,-3.15999887E-6,-43.20000076,
,,,-3.11999884E-6,-119.9999973E-3,,,,,-3.11999884E-6,-579.999983311E-3,,,,,-3.11999884E-6,-44.00000000,
,,,-3.07999881E-6,-140.0000006E-3,,,,,-3.07999881E-6,-620.000004768E-3,,,,,-3.07999881E-6,-44.00000000,
,,,-3.03999877E-6,-119.9999973E-3,,,,,-3.03999877E-6,-599.999964237E-3,,,,,-3.03999877E-6,-44.79999924,
,,,-2.99999897E-6,-140.0000006E-3,,,,,-2.99999897E-6,-620.000004768E-3,,,,,-2.99999897E-6,-44.79999924,
,,,-2.95999894E-6,-140.0000006E-3,,,,,-2.95999894E-6,-579.999983311E-3,,,,,-2.95999894E-6,-44.79999924,
,,,-2.91999891E-6,-119.9999973E-3,,,,,-2.91999891E-6,-579.999983311E-3,,,,,-2.91999891E-6,-46.40000153,
,,,-2.87999887E-6,-119.9999973E-3,,,,,-2.87999887E-6,-599.999964237E-3,,,,,-2.87999887E-6,-45.60000229,
,,,-2.83999884E-6,-140.0000006E-3,,,,,-2.83999884E-6,-560.000002384E-3,,,,,-2.83999884E-6,-46.40000153,
,,,-2.79999881E-6,-119.9999973E-3,,,,,-2.79999881E-6,-560.000002384E-3,,,,,-2.79999881E-6,-46.40000153,
,,,-2.75999878E-6,-99.999994040E-3,,,,,-2.75999878E-6,-560.000002384E-3,,,,,-2.75999878E-6,-46.40000153,
,,,-2.71999897E-6,-99.999994040E-3,,,,,-2.71999897E-6,-560.000002384E-3,,,,,-2.71999897E-6,-46.40000153,
,,,-2.6799989E-6,-99.999994040E-3,,,,,-2.6799989E-6,-519.999980927E-3,,,,,-2.6799989E-6,-46.40000153,
,,,-2.6399989E-6,-119.9999973E-3,,,,,-2.6399989E-6,-519.999980927E-3,,,,,-2.6399989E-6,-47.20000076,
,,,-2.5999989E-6,-119.9999973E-3,,,,,-2.5999989E-6,-519.999980927E-3,,,,,-2.5999989E-6,-47.20000076,
,,,-2.5599988E-6,-119.9999973E-3,,,,,-2.5599988E-6,-500.000000000E-3,,,,,-2.5599988E-6,-47.20000076,
,,,-2.5199988E-6,-119.9999973E-3,,,,,-2.5199988E-6,-500.000000000E-3,,,,,-2.5199988E-6,-47.20000076,
,,,-2.4799988E-6,-99.999994040E-3,,,,,-2.4799988E-6,-479.999989271E-3,,,,,-2.4799988E-6,-47.20000076,
,,,-2.4399988E-6,-119.9999973E-3,,,,,-2.4399988E-6,-500.000000000E-3,,,,,-2.4399988E-6,-47.20000076,
,,,-2.3999989E-6,-99.999994040E-3,,,,,-2.3999989E-6,-459.999978542E-3,,,,,-2.3999989E-6,-47.20000076,
,,,-2.3599989E-6,-119.9999973E-3,,,,,-2.3599989E-6,-459.999978542E-3,,,,,-2.3599989E-6,-47.20000076,
,,,-2.3199989E-6,-79.999998212E-3,,,,,-2.3199989E-6,-439.999997616E-3,,,,,-2.3199989E-6,-46.40000153,
,,,-2.2799989E-6,-119.9999973E-3,,,,,-2.2799989E-6,-419.999986887E-3,,,,,-2.2799989E-6,-46.40000153,
,,,-2.2399988E-6,-79.999998212E-3,,,,,-2.2399988E-6,-439.999997616E-3,,,,,-2.2399988E-6,-45.60000229,
,,,-2.1999988E-6,-59.999998659E-3,,,,,-2.1999988E-6,-379.99999523E-3,,,,,-2.1999988E-6,-46.40000153,
,,,-2.1599988E-6,-99.999994040E-3,,,,,-2.1599988E-6,-399.99997616E-3,,,,,-2.1599988E-6,-45.60000229,
,,,-2.1199990E-6,-39.99999911E-3,,,,,-2.1199990E-6,-379.99999523E-3,,,,,-2.1199990E-6,-45.60000229,
,,,-2.0799989E-6,-79.999998212E-3,,,,,-2.0799989E-6,-359.99998450E-3,,,,,-2.0799989E-6,-45.60000229,
,,,-2.0399989E-6,-99.999994040E-3,,,,,-2.0399989E-6,-379.99999523E-3,,,,,-2.0399989E-6,-45.60000229,
,,,-1.9999989E-6,-59.999998659E-3,,,,,-1.9999989E-6,-359.99998450E-3,,,,,-1.9999989E-6,-44.79999924,
,,,-1.9599988E-6,-99.999994040E-3,,,,,-1.9599988E-6,-340.00000358E-3,,,,,-1.9599988E-6,-44.79999924,
,,,-1.9199988E-6,-79.999998212E-3,,,,,-1.9199988E-6,-319.99999285E-3,,,,,-1.9199988E-6,-44.00000000,
,,,-1.8799989E-6,-99.999994040E-3,,,,,-1.8799989E-6,-340.00000358E-3,,,,,-1.8799989E-6,-44.00000000,
,,,-1.8399988E-6,-99.999994040E-3,,,,,-1.8399988E-6,-299.99998212E-3,,,,,-1.8399988E-6,-43.20000076,
,,,-1.7999988E-6,-99.999994040E-3,,,,,-1.7999988E-6,-299.99998212E-3,,,,,-1.7999988E-6,-43.20000076,
,,,-1.7599989E-6,-59.999998659E-3,,,,,-1.7599989E-6,-280.00000119E-3,,,,,-1.7599989E-6,-42.40000153,
,,,-1.7199989E-6,-59.999998659E-3,,,,,-1.7199989E-6,-259.99999046E-3,,,,,-1.7199989E-6,-41.60000229,
,,,-1.6799988E-6,-19.9999996E-3,,,,,-1.6799988E-6,-280.00000119E-3,,,,,-1.6799988E-6,-41.60000229,
,,,-1.6399989E-6,-59.999998659E-3,,,,,-1.6399989E-6,-219.99999881E-3,,,,,-1.6399989E-6,-40.79999924,
,,,-1.5999989E-6,-39.99999911E-3,,,,,-1.5999989E-6,-219.99999881E-3,,,,,-1.5999989E-6,-40.79999924,
,,,-1.5599989E-6,-59.999998659E-3,,,,,-1.5599989E-6,-199.99998808E-3,,,,,-1.5599989E-6,-40.00000000,
,,,-1.5199988E-6,-79.999998212E-3,,,,,-1.5199988E-6,-199.99998808E-3,,,,,-1.5199988E-6,-39.20000076,
,,,-1.4799989E-6,-39.99999911E-3,,,,,-1.4799989E-6,-179.99999225E-3,,,,,-1.4799989E-6,-38.40000153,
,,,-1.4399989E-6,-59.999998659E-3,,,,,-1.4399989E-6,-159.99999642E-3,,,,,-1.4399989E-6,-37.60000229,
,,,-1.3999988E-6,-39.99999911E-3,,,,,-1.3999988E-6,-159.99999642E-3,,,,,-1.3999988E-6,-36.79999924,
,,,-1.3599989E-6,-39.99999911E-3,,,,,-1.3599989E-6,-140.0000006E-3,,,,,-1.3599989E-6,-36.00000000,
,,,-1.3199989E-6,-59.999998659E-3,,,,,-1.3199989E-6,-119.9999973E-3,,,,,-1.3199989E-6,-36.00000000,
,,,-1.2799989E-6,-59.999998659E-3,,,,,-1.2799989E-6,-99.999994040E-3,,,,,-1.2799989E-6,-35.20000076,
,,,-1.2399988E-6,-39.99999911E-3,,,,,-1.2399988E-6,-79.999998212E-3,,,,,-1.2399988E-6,-34.40000153,
,,,-1.1999989E-6,-19.9999996E-3,,,,,-1.1999989E-6,-79.999998212E-3,,,,,-1.1999989E-6,-33.60000229,
,,,-1.1599989E-6,-19.9999996E-3,,,,,-1.1599989E-6,-39.99999911E-3,,,,,-1.1599989E-6,-32.79999924,
,,,-1.1199988E-6,-39.99999911E-3,,,,,-1.1199988E-6,-39.99999911E-3,,,,,-1.1199988E-6,-32.00000000,
,,,-1.0799989E-6,-39.99999911E-3,,,,,-1.0799989E-6,-39.99999911E-3,,,,,-1.0799989E-6,-31.20000076,
,,,-1.0399989E-6,0.0,,,,,-1.0399989E-6,-59.999998659E-3,,,,,-1.0399989E-6,-29.60000038,
,,,-999.998860607E-9,-19.9999996E-3,,,,,-999.998860607E-9,-19.9999996E-3,,,,,-999.998860607E-9,-29.60000038,
,,,-959.998828876E-9,0.0,,,,,-959.998828876E-9,-19.9999996E-3,,,,,-959.998828876E-9,-28.80000114,
,,,-919.998853988E-9,-39.99999911E-3,,,,,-919.998853988E-9,0.0,,,,,-919.998853988E-9,-27.20000076,
,,,-879.998879100E-9,0.0,,,,,-879.998879100E-9,39.99999911E-3,,,,,-879.998879100E-9,-26.39999962,
,,,-839.998847368E-9,-19.9999996E-3,,,,,-839.998847368E-9,39.99999911E-3,,,,,-839.998847368E-9,-25.60000038,
,,,-799.998872481E-9,-19.9999996E-3,,,,,-799.998872481E-9,59.999998659E-3,,,,,-799.998872481E-9,-24.80000114,
,,,-759.998897593E-9,0.0,,,,,-759.998897593E-9,99.999994040E-3,,,,,-759.998897593E-9,-24.00000000,
,,,-719.998865861E-9,0.0,,,,,-719.998865861E-9,79.999998212E-3,,,,,-719.998865861E-9,-22.39999962,
,,,-679.998890973E-9,19.9999996E-3,,,,,-679.998890973E-9,119.9999973E-3,,,,,-679.998890973E-9,-21.60000038,
,,,-639.998859242E-9,19.9999996E-3,,,,,-639.998859242E-9,79.999998212E-3,,,,,-639.998859242E-9,-20.80000114,
,,,-599.998884354E-9,0.0,,,,,-599.998884354E-9,140.0000006E-3,,,,,-599.998884354E-9,-20.0000000,
,,,-559.998852623E-9,19.9999996E-3,,,,,-559.998852623E-9,179.99999225E-3,,,,,-559.998852623E-9,-19.2000008,
,,,-519.998877735E-9,19.9999996E-3,,,,,-519.998877735E-9,159.99999642E-3,,,,,-519.998877735E-9,-17.6000004,
,,,-479.998902847E-9,0.0,,,,,-479.998902847E-9,179.99999225E-3,,,,,-479.998902847E-9,-16.8000011,
,,,-439.998871116E-9,19.9999996E-3,,,,,-439.998871116E-9,179.99999225E-3,,,,,-439.998871116E-9,-16.0000000,
,,,-399.99886781E-9,19.9999996E-3,,,,,-399.99886781E-9,199.99998808E-3,,,,,-399.99886781E-9,-15.1999998,
,,,-359.99886450E-9,0.0,,,,,-359.99886450E-9,179.99999225E-3,,,,,-359.99886450E-9,-13.6000004,
,,,-319.99888961E-9,19.9999996E-3,,,,,-319.99888961E-9,199.99998808E-3,,,,,-319.99888961E-9,-12.8000002,
,,,-279.99888630E-9,19.9999996E-3,,,,,-279.99888630E-9,219.99999881E-3,,,,,-279.99888630E-9,-12.0000000,
,,,-239.99888299E-9,39.99999911E-3,,,,,-239.99888299E-9,239.99999464E-3,,,,,-239.99888299E-9,-10.4000006,
,,,-199.99887968E-9,19.9999996E-3,,,,,-199.99887968E-9,239.99999464E-3,,,,,-199.99887968E-9,-9.600000381,
,,,-159.99887637E-9,19.9999996E-3,,,,,-159.99887637E-9,259.99999046E-3,,,,,-159.99887637E-9,-8.800000191,
,,,-119.9988731E-9,39.99999911E-3,,,,,-119.9988731E-9,239.99999464E-3,,,,,-119.9988731E-9,-7.20000029,
,,,-79.998876856E-9,59.999998659E-3,,,,,-79.998876856E-9,280.00000119E-3,,,,,-79.998876856E-9,-6.40000010,
,,,-39.99887710E-9,19.9999996E-3,,,,,-39.99887710E-9,280.00000119E-3,,,,,-39.99887710E-9,-5.59999990,
,,,1.1226575E-12,19.9999996E-3,,,,,1.1226575E-12,299.99998212E-3,,,,,1.1226575E-12,-4.00000000,
,,,40.00112241E-9,39.99999911E-3,,,,,40.00112241E-9,280.00000119E-3,,,,,40.00112241E-9,-3.20000005,
,,,80.001122171E-9,39.99999911E-3,,,,,80.001122171E-9,319.99999285E-3,,,,,80.001122171E-9,-2.4000001,
,,,120.0011184E-9,39.99999911E-3,,,,,120.0011184E-9,340.00000358E-3,,,,,120.0011184E-9,-1.6000000,
,,,160.00112169E-9,59.999998659E-3,,,,,160.00112169E-9,359.99998450E-3,,,,,160.00112169E-9,0.0,
,,,200.00112499E-9,39.99999911E-3,,,,,200.00112499E-9,359.99998450E-3,,,,,200.00112499E-9,800.000011921E-3,
,,,240.00112830E-9,59.999998659E-3,,,,,240.00112830E-9,359.99998450E-3,,,,,240.00112830E-9,1.6000000,
,,,280.00113161E-9,39.99999911E-3,,,,,280.00113161E-9,359.99998450E-3,,,,,280.00113161E-9,2.4000001,
,,,320.00110650E-9,39.99999911E-3,,,,,320.00110650E-9,379.99999523E-3,,,,,320.00110650E-9,4.00000000,
,,,360.00110981E-9,59.999998659E-3,,,,,360.00110981E-9,379.99999523E-3,,,,,360.00110981E-9,4.80000019,
,,,400.00111312E-9,59.999998659E-3,,,,,400.00111312E-9,399.99997616E-3,,,,,400.00111312E-9,6.40000010,
,,,440.001116431E-9,39.99999911E-3,,,,,440.001116431E-9,419.999986887E-3,,,,,440.001116431E-9,7.20000029,
,,,480.001119740E-9,59.999998659E-3,,,,,480.001119740E-9,419.999986887E-3,,,,,480.001119740E-9,8.000000000,
,,,520.001094628E-9,59.999998659E-3,,,,,520.001094628E-9,399.99997616E-3,,,,,520.001094628E-9,8.800000191,
,,,560.001126360E-9,79.999998212E-3,,,,,560.001126360E-9,419.999986887E-3,,,,,560.001126360E-9,9.600000381,
,,,600.001101247E-9,79.999998212E-3,,,,,600.001101247E-9,399.99997616E-3,,,,,600.001101247E-9,10.4000006,
,,,640.001132979E-9,59.999998659E-3,,,,,640.001132979E-9,419.999986887E-3,,,,,640.001132979E-9,12.0000000,
,,,680.001107867E-9,59.999998659E-3,,,,,680.001107867E-9,439.999997616E-3,,,,,680.001107867E-9,12.0000000,
,,,720.001139598E-9,59.999998659E-3,,,,,720.001139598E-9,419.999986887E-3,,,,,720.001139598E-9,13.6000004,
,,,760.001114486E-9,59.999998659E-3,,,,,760.001114486E-9,439.999997616E-3,,,,,760.001114486E-9,14.4000006,
,,,800.001089374E-9,79.999998212E-3,,,,,800.001089374E-9,439.999997616E-3,,,,,800.001089374E-9,14.4000006,
,,,840.001121105E-9,59.999998659E-3,,,,,840.001121105E-9,439.999997616E-3,,,,,840.001121105E-9,16.0000000,
,,,880.001095993E-9,39.99999911E-3,,,,,880.001095993E-9,459.999978542E-3,,,,,880.001095993E-9,16.8000011,
,,,920.001127724E-9,59.999998659E-3,,,,,920.001127724E-9,439.999997616E-3,,,,,920.001127724E-9,17.6000004,
,,,960.001102612E-9,59.999998659E-3,,,,,960.001102612E-9,459.999978542E-3,,,,,960.001102612E-9,18.3999996,
,,,1.0000011E-6,79.999998212E-3,,,,,1.0000011E-6,439.999997616E-3,,,,,1.0000011E-6,19.2000008,
,,,1.0400012E-6,59.999998659E-3,,,,,1.0400012E-6,459.999978542E-3,,,,,1.0400012E-6,20.0000000,
,,,1.0800011E-6,79.999998212E-3,,,,,1.0800011E-6,459.999978542E-3,,,,,1.0800011E-6,20.80000114,
,,,1.1200011E-6,59.999998659E-3,,,,,1.1200011E-6,459.999978542E-3,,,,,1.1200011E-6,21.60000038,
,,,1.1600011E-6,79.999998212E-3,,,,,1.1600011E-6,439.999997616E-3,,,,,1.1600011E-6,22.39999962,
,,,1.2000011E-6,59.999998659E-3,,,,,1.2000011E-6,479.999989271E-3,,,,,1.2000011E-6,23.20000076,
,,,1.2400011E-6,99.999994040E-3,,,,,1.2400011E-6,479.999989271E-3,,,,,1.2400011E-6,24.00000000,
,,,1.2800011E-6,99.999994040E-3,,,,,1.2800011E-6,500.000000000E-3,,,,,1.2800011E-6,24.80000114,
,,,1.3200012E-6,79.999998212E-3,,,,,1.3200012E-6,459.999978542E-3,,,,,1.3200012E-6,25.60000038,
,,,1.3600011E-6,79.999998212E-3,,,,,1.3600011E-6,479.999989271E-3,,,,,1.3600011E-6,26.39999962,
,,,1.4000011E-6,79.999998212E-3,,,,,1.4000011E-6,459.999978542E-3,,,,,1.4000011E-6,26.39999962,
,,,1.4400011E-6,59.999998659E-3,,,,,1.4400011E-6,459.999978542E-3,,,,,1.4400011E-6,27.20000076,
,,,1.4800011E-6,79.999998212E-3,,,,,1.4800011E-6,479.999989271E-3,,,,,1.4800011E-6,27.20000076,
,,,1.5200011E-6,59.999998659E-3,,,,,1.5200011E-6,459.999978542E-3,,,,,1.5200011E-6,28.00000000,
,,,1.5600011E-6,99.999994040E-3,,,,,1.5600011E-6,459.999978542E-3,,,,,1.5600011E-6,28.80000114,
,,,1.6000012E-6,99.999994040E-3,,,,,1.6000012E-6,459.999978542E-3,,,,,1.6000012E-6,29.60000038,
,,,1.6400011E-6,79.999998212E-3,,,,,1.6400011E-6,459.999978542E-3,,,,,1.6400011E-6,29.60000038,
,,,1.6800011E-6,79.999998212E-3,,,,,1.6800011E-6,439.999997616E-3,,,,,1.6800011E-6,30.39999962,
,,,1.7200011E-6,39.99999911E-3,,,,,1.7200011E-6,439.999997616E-3,,,,,1.7200011E-6,30.39999962,
,,,1.7600012E-6,79.999998212E-3,,,,,1.7600012E-6,459.999978542E-3,,,,,1.7600012E-6,31.20000076,
,,,1.8000011E-6,59.999998659E-3,,,,,1.8000011E-6,439.999997616E-3,,,,,1.8000011E-6,31.20000076,
,,,1.8400011E-6,59.999998659E-3,,,,,1.8400011E-6,419.999986887E-3,,,,,1.8400011E-6,32.00000000,
,,,1.8800012E-6,119.9999973E-3,,,,,1.8800012E-6,419.999986887E-3,,,,,1.8800012E-6,32.00000000,
,,,1.9200011E-6,59.999998659E-3,,,,,1.9200011E-6,439.999997616E-3,,,,,1.9200011E-6,32.00000000,
,,,1.9600011E-6,59.999998659E-3,,,,,1.9600011E-6,419.999986887E-3,,,,,1.9600011E-6,32.79999924,
,,,2.0000011E-6,59.999998659E-3,,,,,2.0000011E-6,419.999986887E-3,,,,,2.0000011E-6,32.79999924,
,,,2.0400012E-6,59.999998659E-3,,,,,2.0400012E-6,419.999986887E-3,,,,,2.0400012E-6,32.79999924,
,,,2.0800012E-6,39.99999911E-3,,,,,2.0800012E-6,419.999986887E-3,,,,,2.0800012E-6,33.60000229,
,,,2.1200010E-6,59.999998659E-3,,,,,2.1200010E-6,359.99998450E-3,,,,,2.1200010E-6,33.60000229,
,,,2.1600010E-6,59.999998659E-3,,,,,2.1600010E-6,399.99997616E-3,,,,,2.1600010E-6,33.60000229,
,,,2.2000011E-6,59.999998659E-3,,,,,2.2000011E-6,399.99997616E-3,,,,,2.2000011E-6,34.40000153,
,,,2.2400011E-6,59.999998659E-3,,,,,2.2400011E-6,399.99997616E-3,,,,,2.2400011E-6,34.40000153,
,,,2.2800011E-6,39.99999911E-3,,,,,2.2800011E-6,379.99999523E-3,,,,,2.2800011E-6,34.40000153,
,,,2.3200012E-6,59.999998659E-3,,,,,2.3200012E-6,379.99999523E-3,,,,,2.3200012E-6,34.40000153,
,,,2.3600012E-6,39.99999911E-3,,,,,2.3600012E-6,379.99999523E-3,,,,,2.3600012E-6,34.40000153,
,,,2.4000010E-6,59.999998659E-3,,,,,2.4000010E-6,359.99998450E-3,,,,,2.4000010E-6,35.20000076,
,,,2.4400010E-6,59.999998659E-3,,,,,2.4400010E-6,359.99998450E-3,,,,,2.4400010E-6,35.20000076,
,,,2.4800011E-6,59.999998659E-3,,,,,2.4800011E-6,359.99998450E-3,,,,,2.4800011E-6,34.40000153,
,,,2.5200011E-6,39.99999911E-3,,,,,2.5200011E-6,340.00000358E-3,,,,,2.5200011E-6,34.40000153,
,,,2.5600011E-6,59.999998659E-3,,,,,2.5600011E-6,340.00000358E-3,,,,,2.5600011E-6,34.40000153,
,,,2.6000012E-6,39.99999911E-3,,,,,2.6000012E-6,319.99999285E-3,,,,,2.6000012E-6,34.40000153,
,,,2.6400012E-6,59.999998659E-3,,,,,2.6400012E-6,359.99998450E-3,,,,,2.6400012E-6,34.40000153,
,,,2.6800012E-6,39.99999911E-3,,,,,2.6800012E-6,299.99998212E-3,,,,,2.6800012E-6,34.40000153,
,,,2.72000102E-6,59.999998659E-3,,,,,2.72000102E-6,319.99999285E-3,,,,,2.72000102E-6,34.40000153,
,,,2.76000105E-6,39.99999911E-3,,,,,2.76000105E-6,299.99998212E-3,,,,,2.76000105E-6,34.40000153,
,,,2.80000108E-6,59.999998659E-3,,,,,2.80000108E-6,280.00000119E-3,,,,,2.80000108E-6,33.60000229,
,,,2.84000112E-6,59.999998659E-3,,,,,2.84000112E-6,259.99999046E-3,,,,,2.84000112E-6,33.60000229,
,,,2.88000115E-6,19.9999996E-3,,,,,2.88000115E-6,259.99999046E-3,,,,,2.88000115E-6,33.60000229,
,,,2.92000118E-6,39.99999911E-3,,,,,2.92000118E-6,239.99999464E-3,,,,,2.92000118E-6,33.60000229,
,,,2.96000121E-6,19.9999996E-3,,,,,2.96000121E-6,239.99999464E-3,,,,,2.96000121E-6,32.79999924,
,,,3.00000102E-6,59.999998659E-3,,,,,3.00000102E-6,239.99999464E-3,,,,,3.00000102E-6,32.79999924,
,,,3.04000105E-6,39.99999911E-3,,,,,3.04000105E-6,199.99998808E-3,,,,,3.04000105E-6,32.79999924,
,,,3.08000108E-6,39.99999911E-3,,,,,3.08000108E-6,219.99999881E-3,,,,,3.08000108E-6,32.00000000,
,,,3.12000111E-6,39.99999911E-3,,,,,3.12000111E-6,199.99998808E-3,,,,,3.12000111E-6,32.00000000,
,,,3.16000114E-6,39.99999911E-3,,,,,3.16000114E-6,179.99999225E-3,,,,,3.16000114E-6,32.00000000,
,,,3.20000117E-6,39.99999911E-3,,,,,3.20000117E-6,199.99998808E-3,,,,,3.20000117E-6,31.20000076,
,,,3.24000121E-6,19.9999996E-3,,,,,3.24000121E-6,159.99999642E-3,,,,,3.24000121E-6,30.39999962,
,,,3.28000101E-6,39.99999911E-3,,,,,3.28000101E-6,159.99999642E-3,,,,,3.28000101E-6,30.39999962,
,,,3.32000104E-6,0.0,,,,,3.32000104E-6,140.0000006E-3,,,,,3.32000104E-6,30.39999962,
,,,3.36000107E-6,0.0,,,,,3.36000107E-6,140.0000006E-3,,,,,3.36000107E-6,29.60000038,
,,,3.40000111E-6,19.9999996E-3,,,,,3.40000111E-6,159.99999642E-3,,,,,3.40000111E-6,28.80000114,
,,,3.44000114E-6,19.9999996E-3,,,,,3.44000114E-6,119.9999973E-3,,,,,3.44000114E-6,28.80000114,
,,,3.48000117E-6,19.9999996E-3,,,,,3.48000117E-6,140.0000006E-3,,,,,3.48000117E-6,28.00000000,
,,,3.52000120E-6,0.0,,,,,3.52000120E-6,99.999994040E-3,,,,,3.52000120E-6,28.00000000,
,,,3.56000101E-6,19.9999996E-3,,,,,3.56000101E-6,79.999998212E-3,,,,,3.56000101E-6,27.20000076,
,,,3.60000104E-6,39.99999911E-3,,,,,3.60000104E-6,79.999998212E-3,,,,,3.60000104E-6,26.39999962,
,,,3.64000107E-6,39.99999911E-3,,,,,3.64000107E-6,79.999998212E-3,,,,,3.64000107E-6,26.39999962,
,,,3.68000110E-6,0.0,,,,,3.68000110E-6,79.999998212E-3,,,,,3.68000110E-6,25.60000038,
,,,3.72000113E-6,19.9999996E-3,,,,,3.72000113E-6,39.99999911E-3,,,,,3.72000113E-6,25.60000038,
,,,3.76000116E-6,39.99999911E-3,,,,,3.76000116E-6,79.999998212E-3,,,,,3.76000116E-6,24.80000114,
,,,3.80000120E-6,-19.9999996E-3,,,,,3.80000120E-6,19.9999996E-3,,,,,3.80000120E-6,24.00000000,
,,,3.84000123E-6,19.9999996E-3,,,,,3.84000123E-6,39.99999911E-3,,,,,3.84000123E-6,23.20000076,
,,,3.88000126E-6,19.9999996E-3,,,,,3.88000126E-6,0.0,,,,,3.88000126E-6,23.20000076,
,,,3.92000129E-6,0.0,,,,,3.92000129E-6,39.99999911E-3,,,,,3.92000129E-6,22.39999962,
,,,3.96000132E-6,-19.9999996E-3,,,,,3.96000132E-6,-19.9999996E-3,,,,,3.96000132E-6,21.60000038,
,,,4.00000090E-6,-39.99999911E-3,,,,,4.00000090E-6,-39.99999911E-3,,,,,4.00000090E-6,20.80000114,
,,,4.04000093E-6,0.0,,,,,4.04000093E-6,-39.99999911E-3,,,,,4.04000093E-6,20.0000000,
,,,4.08000096E-6,-19.9999996E-3,,,,,4.08000096E-6,-59.999998659E-3,,,,,4.08000096E-6,19.2000008,
,,,4.12000099E-6,0.0,,,,,4.12000099E-6,-39.99999911E-3,,,,,4.12000099E-6,18.3999996,
,,,4.16000103E-6,-19.9999996E-3,,,,,4.16000103E-6,-59.999998659E-3,,,,,4.16000103E-6,17.6000004,
,,,4.20000106E-6,0.0,,,,,4.20000106E-6,-79.999998212E-3,,,,,4.20000106E-6,16.8000011,
,,,4.24000109E-6,-39.99999911E-3,,,,,4.24000109E-6,-99.999994040E-3,,,,,4.24000109E-6,16.8000011,
,,,4.28000112E-6,-19.9999996E-3,,,,,4.28000112E-6,-99.999994040E-3,,,,,4.28000112E-6,15.1999998,
,,,4.32000115E-6,-39.99999911E-3,,,,,4.32000115E-6,-99.999994040E-3,,,,,4.32000115E-6,15.1999998,
,,,4.36000118E-6,-39.99999911E-3,,,,,4.36000118E-6,-99.999994040E-3,,,,,4.36000118E-6,14.4000006,
,,,4.40000122E-6,-39.99999911E-3,,,,,4.40000122E-6,-119.9999973E-3,,,,,4.40000122E-6,13.6000004,
,,,4.44000125E-6,-39.99999911E-3,,,,,4.44000125E-6,-140.0000006E-3,,,,,4.44000125E-6,12.8000002,
,,,4.48000128E-6,-39.99999911E-3,,,,,4.48000128E-6,-140.0000006E-3,,,,,4.48000128E-6,12.0000000,
,,,4.52000131E-6,0.0,,,,,4.52000131E-6,-140.0000006E-3,,,,,4.52000131E-6,11.1999998,
,,,4.56000089E-6,-39.99999911E-3,,,,,4.56000089E-6,-179.99999225E-3,,,,,4.56000089E-6,10.4000006,
,,,4.60000092E-6,-39.99999911E-3,,,,,4.60000092E-6,-159.99999642E-3,,,,,4.60000092E-6,9.600000381,
,,,4.64000095E-6,-59.999998659E-3,,,,,4.64000095E-6,-159.99999642E-3,,,,,4.64000095E-6,8.800000191,
,,,4.68000098E-6,-39.99999911E-3,,,,,4.68000098E-6,-179.99999225E-3,,,,,4.68000098E-6,8.000000000,
,,,4.72000102E-6,-39.99999911E-3,,,,,4.72000102E-6,-199.99998808E-3,,,,,4.72000102E-6,7.20000029,
,,,4.76000105E-6,-19.9999996E-3,,,,,4.76000105E-6,-199.99998808E-3,,,,,4.76000105E-6,6.40000010,
,,,4.80000108E-6,-19.9999996E-3,,,,,4.80000108E-6,-219.99999881E-3,,,,,4.80000108E-6,6.40000010,
,,,4.84000111E-6,-39.99999911E-3,,,,,4.84000111E-6,-239.99999464E-3,,,,,4.84000111E-6,4.80000019,
,,,4.88000114E-6,-39.99999911E-3,,,,,4.88000114E-6,-219.99999881E-3,,,,,4.88000114E-6,4.80000019,
,,,4.92000117E-6,-39.99999911E-3,,,,,4.92000117E-6,-239.99999464E-3,,,,,4.92000117E-6,4.00000000,
,,,4.96000121E-6,-39.99999911E-3,,,,,4.96000121E-6,-239.99999464E-3,,,,,4.96000121E-6,3.20000005,
,,,5.00000124E-6,-59.999998659E-3,,,,,5.00000124E-6,-259.99999046E-3,,,,,5.00000124E-6,2.4000001,
,,,5.04000127E-6,-39.99999911E-3,,,,,5.04000127E-6,-259.99999046E-3,,,,,5.04000127E-6,1.6000000,
,,,5.08000130E-6,-59.999998659E-3,,,,,5.08000130E-6,-259.99999046E-3,,,,,5.08000130E-6,0.0,
,,,5.12000088E-6,-59.999998659E-3,,,,,5.12000088E-6,-280.00000119E-3,,,,,5.12000088E-6,0.0,
,,,5.16000091E-6,-59.999998659E-3,,,,,5.16000091E-6,-280.00000119E-3,,,,,5.16000091E-6,-800.000011921E-3,
,,,5.20000094E-6,-59.999998659E-3,,,,,5.20000094E-6,-299.99998212E-3,,,,,5.20000094E-6,-1.6000000,
,,,5.24000097E-6,-39.99999911E-3,,,,,5.24000097E-6,-280.00000119E-3,,,,,5.24000097E-6,-3.20000005,
,,,5.28000101E-6,-59.999998659E-3,,,,,5.28000101E-6,-280.00000119E-3,,,,,5.28000101E-6,-4.00000000,
,,,5.32000104E-6,-59.999998659E-3,,,,,5.32000104E-6,-299.99998212E-3,,,,,5.32000104E-6,-4.00000000,
,,,5.36000107E-6,-59.999998659E-3,,,,,5.36000107E-6,-299.99998212E-3,,,,,5.36000107E-6,-4.80000019,
,,,5.40000110E-6,-79.999998212E-3,,,,,5.40000110E-6,-299.99998212E-3,,,,,5.40000110E-6,-5.59999990,
,,,5.44000113E-6,-59.999998659E-3,,,,,5.44000113E-6,-299.99998212E-3,,,,,5.44000113E-6,-6.40000010,
,,,5.48000116E-6,-59.999998659E-3,,,,,5.48000116E-6,-340.00000358E-3,,,,,5.48000116E-6,-7.20000029,
,,,5.52000120E-6,-79.999998212E-3,,,,,5.52000120E-6,-319.99999285E-3,,,,,5.52000120E-6,-8.000000000,
,,,5.56000123E-6,-59.999998659E-3,,,,,5.56000123E-6,-319.99999285E-3,,,,,5.56000123E-6,-8.800000191,
,,,5.60000126E-6,-59.999998659E-3,,,,,5.60000126E-6,-319.99999285E-3,,,,,5.60000126E-6,-9.600000381,
,,,5.64000129E-6,-59.999998659E-3,,,,,5.64000129E-6,-340.00000358E-3,,,,,5.64000129E-6,-10.4000006,
,,,5.68000087E-6,-79.999998212E-3,,,,,5.68000087E-6,-359.99998450E-3,,,,,5.68000087E-6,-10.4000006,
,,,5.72000090E-6,-79.999998212E-3,,,,,5.72000090E-6,-340.00000358E-3,,,,,5.72000090E-6,-11.1999998,
,,,5.76000093E-6,-59.999998659E-3,,,,,5.76000093E-6,-359.99998450E-3,,,,,5.76000093E-6,-12.0000000,
,,,5.80000096E-6,-79.999998212E-3,,,,,5.80000096E-6,-359.99998450E-3,,,,,5.80000096E-6,-12.8000002,
,,,5.84000099E-6,-79.999998212E-3,,,,,5.84000099E-6,-359.99998450E-3,,,,,5.84000099E-6,-13.6000004,
,,,5.88000103E-6,-79.999998212E-3,,,,,5.88000103E-6,-379.99999523E-3,,,,,5.88000103E-6,-14.4000006,
,,,5.92000106E-6,-79.999998212E-3,,,,,5.92000106E-6,-379.99999523E-3,,,,,5.92000106E-6,-14.4000006,
,,,5.96000109E-6,-99.999994040E-3,,,,,5.96000109E-6,-379.99999523E-3,,,,,5.96000109E-6,-15.1999998,
,,,6.00000112E-6,-59.999998659E-3,,,,,6.00000112E-6,-359.99998450E-3,,,,,6.00000112E-6,-16.0000000,
,,,6.04000115E-6,-99.999994040E-3,,,,,6.04000115E-6,-379.99999523E-3,,,,,6.04000115E-6,-16.8000011,
,,,6.08000119E-6,-79.999998212E-3,,,,,6.08000119E-6,-399.99997616E-3,,,,,6.08000119E-6,-16.8000011,
,,,6.12000122E-6,-99.999994040E-3,,,,,6.12000122E-6,-379.99999523E-3,,,,,6.12000122E-6,-17.6000004,
,,,6.16000125E-6,-99.999994040E-3,,,,,6.16000125E-6,-379.99999523E-3,,,,,6.16000125E-6,-18.3999996,
,,,6.20000128E-6,-79.999998212E-3,,,,,6.20000128E-6,-359.99998450E-3,,,,,6.20000128E-6,-19.2000008,
,,,6.24000131E-6,-79.999998212E-3,,,,,6.24000131E-6,-399.99997616E-3,,,,,6.24000131E-6,-19.2000008,
,,,6.28000089E-6,-79.999998212E-3,,,,,6.28000089E-6,-379.99999523E-3,,,,,6.28000089E-6,-20.0000000,
,,,6.32000092E-6,-79.999998212E-3,,,,,6.32000092E-6,-379.99999523E-3,,,,,6.32000092E-6,-20.0000000,
,,,6.36000095E-6,-79.999998212E-3,,,,,6.36000095E-6,-379.99999523E-3,,,,,6.36000095E-6,-20.0000000,
,,,6.40000098E-6,-99.999994040E-3,,,,,6.40000098E-6,-379.99999523E-3,,,,,6.40000098E-6,-20.80000114,
,,,6.44000102E-6,-99.999994040E-3,,,,,6.44000102E-6,-359.99998450E-3,,,,,6.44000102E-6,-21.60000038,
,,,6.48000105E-6,-79.999998212E-3,,,,,6.48000105E-6,-359.99998450E-3,,,,,6.48000105E-6,-21.60000038,
,,,6.52000108E-6,-79.999998212E-3,,,,,6.52000108E-6,-359.99998450E-3,,,,,6.52000108E-6,-22.39999962,
,,,6.56000111E-6,-79.999998212E-3,,,,,6.56000111E-6,-359.99998450E-3,,,,,6.56000111E-6,-22.39999962,
,,,6.60000114E-6,-99.999994040E-3,,,,,6.60000114E-6,-359.99998450E-3,,,,,6.60000114E-6,-23.20000076,
,,,6.64000117E-6,-99.999994040E-3,,,,,6.64000117E-6,-379.99999523E-3,,,,,6.64000117E-6,-23.20000076,
,,,6.68000121E-6,-79.999998212E-3,,,,,6.68000121E-6,-359.99998450E-3,,,,,6.68000121E-6,-24.00000000,
,,,6.72000124E-6,-99.999994040E-3,,,,,6.72000124E-6,-379.99999523E-3,,,,,6.72000124E-6,-24.00000000,
,,,6.76000127E-6,-119.9999973E-3,,,,,6.76000127E-6,-359.99998450E-3,,,,,6.76000127E-6,-24.00000000,
,,,6.80000130E-6,-99.999994040E-3,,,,,6.80000130E-6,-379.99999523E-3,,,,,6.80000130E-6,-24.80000114,
,,,6.84000088E-6,-99.999994040E-3,,,,,6.84000088E-6,-359.99998450E-3,,,,,6.84000088E-6,-24.80000114,
,,,6.88000091E-6,-99.999994040E-3,,,,,6.88000091E-6,-340.00000358E-3,,,,,6.88000091E-6,-25.60000038,
,,,6.92000094E-6,-79.999998212E-3,,,,,6.92000094E-6,-340.00000358E-3,,,,,6.92000094E-6,-25.60000038,
,,,6.96000097E-6,-79.999998212E-3,,,,,6.96000097E-6,-340.00000358E-3,,,,,6.96000097E-6,-25.60000038,
,,,7.00000101E-6,-99.999994040E-3,,,,,7.00000101E-6,-359.99998450E-3,,,,,7.00000101E-6,-25.60000038,
,,,7.04000104E-6,-79.999998212E-3,,,,,7.04000104E-6,-319.99999285E-3,,,,,7.04000104E-6,-26.39999962,
,,,7.08000107E-6,-59.999998659E-3,,,,,7.08000107E-6,-340.00000358E-3,,,,,7.08000107E-6,-26.39999962,
,,,7.12000110E-6,-59.999998659E-3,,,,,7.12000110E-6,-299.99998212E-3,,,,,7.12000110E-6,-26.39999962,
,,,7.16000113E-6,-79.999998212E-3,,,,,7.16000113E-6,-280.00000119E-3,,,,,7.16000113E-6,-26.39999962,
,,,7.20000116E-6,-79.999998212E-3,,,,,7.20000116E-6,-319.99999285E-3,,,,,7.20000116E-6,-26.39999962,
,,,7.24000120E-6,-59.999998659E-3,,,,,7.24000120E-6,-299.99998212E-3,,,,,7.24000120E-6,-26.39999962,
,,,7.28000123E-6,-59.999998659E-3,,,,,7.28000123E-6,-319.99999285E-3,,,,,7.28000123E-6,-26.39999962,
,,,7.32000126E-6,-79.999998212E-3,,,,,7.32000126E-6,-299.99998212E-3,,,,,7.32000126E-6,-27.20000076,
,,,7.36000129E-6,-79.999998212E-3,,,,,7.36000129E-6,-280.00000119E-3,,,,,7.36000129E-6,-27.20000076,
,,,7.400000868E-6,-79.999998212E-3,,,,,7.400000868E-6,-299.99998212E-3,,,,,7.400000868E-6,-26.39999962,
,,,7.440000900E-6,-79.999998212E-3,,,,,7.440000900E-6,-299.99998212E-3,,,,,7.440000900E-6,-26.39999962,
,,,7.480000932E-6,-59.999998659E-3,,,,,7.480000932E-6,-299.99998212E-3,,,,,7.480000932E-6,-27.20000076,
,,,7.520000963E-6,-59.999998659E-3,,,,,7.520000963E-6,-259.99999046E-3,,,,,7.520000963E-6,-26.39999962,
,,,7.560000995E-6,-59.999998659E-3,,,,,7.560000995E-6,-299.99998212E-3,,,,,7.560000995E-6,-27.20000076,
,,,7.600001027E-6,-39.99999911E-3,,,,,7.600001027E-6,-280.00000119E-3,,,,,7.600001027E-6,-27.20000076,
,,,7.640001058E-6,-79.999998212E-3,,,,,7.640001058E-6,-259.99999046E-3,,,,,7.640001058E-6,-27.20000076,
,,,7.680000635E-6,-79.999998212E-3,,,,,7.680000635E-6,-259.99999046E-3,,,,,7.680000635E-6,-26.39999962,
,,,7.720001122E-6,-79.999998212E-3,,,,,7.720001122E-6,-239.99999464E-3,,,,,7.720001122E-6,-26.39999962,
,,,7.760000699E-6,-79.999998212E-3,,,,,7.760000699E-6,-219.99999881E-3,,,,,7.760000699E-6,-26.39999962,
,,,7.800001185E-6,-39.99999911E-3,,,,,7.800001185E-6,-239.99999464E-3,,,,,7.800001185E-6,-26.39999962,
,,,7.840000762E-6,-79.999998212E-3,,,,,7.840000762E-6,-199.99998808E-3,,,,,7.840000762E-6,-26.39999962,
,,,7.880001249E-6,-59.999998659E-3,,,,,7.880001249E-6,-199.99998808E-3,,,,,7.880001249E-6,-25.60000038,
,,,7.920000826E-6,-59.999998659E-3,,,,,7.920000826E-6,-199.99998808E-3,,,,,7.920000826E-6,-25.60000038,
,,,7.960001312E-6,-79.999998212E-3,,,,,7.960001312E-6,-199.99998808E-3,,,,,7.960001312E-6,-25.60000038,
,,,8.000000889E-6,-39.99999911E-3,,,,,8.000000889E-6,-199.99998808E-3,,,,,8.000000889E-6,-25.60000038,
,,,8.040001376E-6,-39.99999911E-3,,,,,8.040001376E-6,-179.99999225E-3,,,,,8.040001376E-6,-25.60000038,
,,,8.080000953E-6,-59.999998659E-3,,,,,8.080000953E-6,-159.99999642E-3,,,,,8.080000953E-6,-24.80000114,
,,,8.120001439E-6,-59.999998659E-3,,,,,8.120001439E-6,-159.99999642E-3,,,,,8.120001439E-6,-24.00000000,
,,,8.160001016E-6,-19.9999996E-3,,,,,8.160001016E-6,-159.99999642E-3,,,,,8.160001016E-6,-24.00000000,
,,,8.200001503E-6,-59.999998659E-3,,,,,8.200001503E-6,-140.0000006E-3,,,,,8.200001503E-6,-24.00000000,
,,,8.240001080E-6,-39.99999911E-3,,,,,8.240001080E-6,-159.99999642E-3,,,,,8.240001080E-6,-24.00000000,
,,,8.280000657E-6,-59.999998659E-3,,,,,8.280000657E-6,-140.0000006E-3,,,,,8.280000657E-6,-23.20000076,
,,,8.320001143E-6,-39.99999911E-3,,,,,8.320001143E-6,-119.9999973E-3,,,,,8.320001143E-6,-22.39999962,
,,,8.360000720E-6,-19.9999996E-3,,,,,8.360000720E-6,-119.9999973E-3,,,,,8.360000720E-6,-23.20000076,
,,,8.400001207E-6,-59.999998659E-3,,,,,8.400001207E-6,-99.999994040E-3,,,,,8.400001207E-6,-22.39999962,
,,,8.440000784E-6,-39.99999911E-3,,,,,8.440000784E-6,-99.999994040E-3,,,,,8.440000784E-6,-22.39999962,
,,,8.480001270E-6,-39.99999911E-3,,,,,8.480001270E-6,-99.999994040E-3,,,,,8.480001270E-6,-21.60000038,
,,,8.520000847E-6,-39.99999911E-3,,,,,8.520000847E-6,-79.999998212E-3,,,,,8.520000847E-6,-21.60000038,
,,,8.560001334E-6,-19.9999996E-3,,,,,8.560001334E-6,-79.999998212E-3,,,,,8.560001334E-6,-20.80000114,
,,,8.600000911E-6,-39.99999911E-3,,,,,8.600000911E-6,-79.999998212E-3,,,,,8.600000911E-6,-20.80000114,
,,,8.640001397E-6,-59.999998659E-3,,,,,8.640001397E-6,-59.999998659E-3,,,,,8.640001397E-6,-20.0000000,
,,,8.680000974E-6,-39.99999911E-3,,,,,8.680000974E-6,-59.999998659E-3,,,,,8.680000974E-6,-20.0000000,
,,,8.720001460E-6,-19.9999996E-3,,,,,8.720001460E-6,-59.999998659E-3,,,,,8.720001460E-6,-19.2000008,
,,,8.760001037E-6,-19.9999996E-3,,,,,8.760001037E-6,-39.99999911E-3,,,,,8.760001037E-6,-19.2000008,
,,,8.800001524E-6,0.0,,,,,8.800001524E-6,-19.9999996E-3,,,,,8.800001524E-6,-18.3999996,
,,,8.840001101E-6,0.0,,,,,8.840001101E-6,-19.9999996E-3,,,,,8.840001101E-6,-17.6000004,
,,,8.880000678E-6,-19.9999996E-3,,,,,8.880000678E-6,-39.99999911E-3,,,,,8.880000678E-6,-17.6000004,
,,,8.920001164E-6,-39.99999911E-3,,,,,8.920001164E-6,0.0,,,,,8.920001164E-6,-16.8000011,
,,,8.960000741E-6,-19.9999996E-3,,,,,8.960000741E-6,-19.9999996E-3,,,,,8.960000741E-6,-16.0000000,
,,,9.000001228E-6,-19.9999996E-3,,,,,9.000001228E-6,19.9999996E-3,,,,,9.000001228E-6,-16.0000000,
,,,9.040000805E-6,-19.9999996E-3,,,,,9.040000805E-6,0.0,,,,,9.040000805E-6,-15.1999998,
,,,9.080001291E-6,-39.99999911E-3,,,,,9.080001291E-6,0.0,,,,,9.080001291E-6,-15.1999998,
,,,9.120000868E-6,-19.9999996E-3,,,,,9.120000868E-6,19.9999996E-3,,,,,9.120000868E-6,-13.6000004,
,,,9.160001355E-6,-39.99999911E-3,,,,,9.160001355E-6,39.99999911E-3,,,,,9.160001355E-6,-13.6000004,
,,,9.200000932E-6,-19.9999996E-3,,,,,9.200000932E-6,39.99999911E-3,,,,,9.200000932E-6,-12.8000002,
,,,9.240001418E-6,-19.9999996E-3,,,,,9.240001418E-6,59.999998659E-3,,,,,9.240001418E-6,-12.8000002,
,,,9.280000995E-6,-19.9999996E-3,,,,,9.280000995E-6,59.999998659E-3,,,,,9.280000995E-6,-12.0000000,
,,,9.320001482E-6,-19.9999996E-3,,,,,9.320001482E-6,59.999998659E-3,,,,,9.320001482E-6,-11.1999998,
,,,9.360001059E-6,-19.9999996E-3,,,,,9.360001059E-6,79.999998212E-3,,,,,9.360001059E-6,-10.4000006,
,,,9.400000636E-6,0.0,,,,,9.400000636E-6,79.999998212E-3,,,,,9.400000636E-6,-10.4000006,
,,,9.440001122E-6,0.0,,,,,9.440001122E-6,59.999998659E-3,,,,,9.440001122E-6,-10.4000006,
,,,9.480000699E-6,-19.9999996E-3,,,,,9.480000699E-6,119.9999973E-3,,,,,9.480000699E-6,-8.800000191,
,,,9.520001186E-6,0.0,,,,,9.520001186E-6,119.9999973E-3,,,,,9.520001186E-6,-8.800000191,
,,,9.560000763E-6,0.0,,,,,9.560000763E-6,99.999994040E-3,,,,,9.560000763E-6,-8.000000000,
,,,9.600001249E-6,0.0,,,,,9.600001249E-6,119.9999973E-3,,,,,9.600001249E-6,-7.20000029,
,,,9.640000826E-6,0.0,,,,,9.640000826E-6,119.9999973E-3,,,,,9.640000826E-6,-7.20000029,
,,,9.680001313E-6,19.9999996E-3,,,,,9.680001313E-6,119.9999973E-3,,,,,9.680001313E-6,-6.40000010,
,,,9.720000890E-6,-19.9999996E-3,,,,,9.720000890E-6,140.0000006E-3,,,,,9.720000890E-6,-5.59999990,
,,,9.760001376E-6,19.9999996E-3,,,,,9.760001376E-6,140.0000006E-3,,,,,9.760001376E-6,-4.80000019,
,,,9.800000953E-6,19.9999996E-3,,,,,9.800000953E-6,140.0000006E-3,,,,,9.800000953E-6,-4.00000000,
,,,9.840001439E-6,-19.9999996E-3,,,,,9.840001439E-6,79.999998212E-3,,,,,9.840001439E-6,-4.00000000,
,,,9.880001016E-6,0.0,,,,,9.880001016E-6,179.99999225E-3,,,,,9.880001016E-6,-3.20000005,
,,,9.920001503E-6,0.0,,,,,9.920001503E-6,119.9999973E-3,,,,,9.920001503E-6,-3.20000005,
,,,9.960001080E-6,19.9999996E-3,,,,,9.960001080E-6,159.99999642E-3,,,,,9.960001080E-6,-2.4000001,
,,,10.0000007E-6,0.0,,,,,10.0000007E-6,179.99999225E-3,,,,,10.0000007E-6,-2.4000001,
,,,10.0400011E-6,0.0,,,,,10.0400011E-6,179.99999225E-3,,,,,10.0400011E-6,-1.6000000,
,,,10.0800007E-6,19.9999996E-3,,,,,10.0800007E-6,159.99999642E-3,,,,,10.0800007E-6,-800.000011921E-3,
,,,10.1200012E-6,0.0,,,,,10.1200012E-6,179.99999225E-3,,,,,10.1200012E-6,0.0,
,,,10.1600008E-6,19.9999996E-3,,,,,10.1600008E-6,199.99998808E-3,,,,,10.1600008E-6,800.000011921E-3,
,,,10.2000013E-6,19.9999996E-3,,,,,10.2000013E-6,179.99999225E-3,,,,,10.2000013E-6,1.6000000,
,,,10.2400008E-6,19.9999996E-3,,,,,10.2400008E-6,219.99999881E-3,,,,,10.2400008E-6,1.6000000,
,,,10.2800013E-6,0.0,,,,,10.2800013E-6,219.99999881E-3,,,,,10.2800013E-6,2.4000001,
,,,10.3200009E-6,19.9999996E-3,,,,,10.3200009E-6,259.99999046E-3,,,,,10.3200009E-6,3.20000005,
,,,10.3600014E-6,39.99999911E-3,,,,,10.3600014E-6,219.99999881E-3,,,,,10.3600014E-6,4.00000000,
,,,10.4000010E-6,39.99999911E-3,,,,,10.4000010E-6,259.99999046E-3,,,,,10.4000010E-6,4.80000019,
,,,10.4400015E-6,39.99999911E-3,,,,,10.4400015E-6,259.99999046E-3,,,,,10.4400015E-6,4.80000019,
,,,10.4800010E-6,59.999998659E-3,,,,,10.4800010E-6,239.99999464E-3,,,,,10.4800010E-6,5.59999990,
,,,10.5200006E-6,39.99999911E-3,,,,,10.5200006E-6,280.00000119E-3,,,,,10.5200006E-6,6.40000010,
,,,10.5600011E-6,39.99999911E-3,,,,,10.5600011E-6,239.99999464E-3,,,,,10.5600011E-6,6.40000010,
,,,10.6000007E-6,39.99999911E-3,,,,,10.6000007E-6,239.99999464E-3,,,,,10.6000007E-6,7.20000029,
,,,10.6400012E-6,39.99999911E-3,,,,,10.6400012E-6,259.99999046E-3,,,,,10.6400012E-6,8.000000000,
,,,10.6800007E-6,39.99999911E-3,,,,,10.6800007E-6,259.99999046E-3,,,,,10.6800007E-6,8.000000000,
,,,10.7200012E-6,39.99999911E-3,,,,,10.7200012E-6,239.99999464E-3,,,,,10.7200012E-6,8.800000191,
,,,10.7600008E-6,59.999998659E-3,,,,,10.7600008E-6,280.00000119E-3,,,,,10.7600008E-6,9.600000381,
,,,10.8000013E-6,19.9999996E-3,,,,,10.8000013E-6,239.99999464E-3,,,,,10.8000013E-6,9.600000381,
,,,10.8400009E-6,39.99999911E-3,,,,,10.8400009E-6,239.99999464E-3,,,,,10.8400009E-6,10.4000006,
,,,10.8800014E-6,39.99999911E-3,,,,,10.8800014E-6,239.99999464E-3,,,,,10.8800014E-6,10.4000006,
,,,10.9200009E-6,39.99999911E-3,,,,,10.9200009E-6,259.99999046E-3,,,,,10.9200009E-6,11.1999998,
,,,10.9600014E-6,39.99999911E-3,,,,,10.9600014E-6,219.99999881E-3,,,,,10.9600014E-6,11.1999998,
,,,11.0000010E-6,39.99999911E-3,,,,,11.0000010E-6,259.99999046E-3,,,,,11.0000010E-6,12.0000000,
,,,11.0400015E-6,59.999998659E-3,,,,,11.0400015E-6,259.99999046E-3,,,,,11.0400015E-6,12.0000000,
,,,11.0800011E-6,39.99999911E-3,,,,,11.0800011E-6,259.99999046E-3,,,,,11.0800011E-6,12.8000002,
,,,11.1200006E-6,19.9999996E-3,,,,,11.1200006E-6,259.99999046E-3,,,,,11.1200006E-6,12.8000002,
,,,11.1600011E-6,39.99999911E-3,,,,,11.1600011E-6,259.99999046E-3,,,,,11.1600011E-6,13.6000004,
,,,11.2000007E-6,39.99999911E-3,,,,,11.2000007E-6,259.99999046E-3,,,,,11.2000007E-6,14.4000006,
,,,11.2400012E-6,39.99999911E-3,,,,,11.2400012E-6,239.99999464E-3,,,,,11.2400012E-6,14.4000006,
,,,11.2800008E-6,39.99999911E-3,,,,,11.2800008E-6,259.99999046E-3,,,,,11.2800008E-6,14.4000006,
,,,11.3200012E-6,19.9999996E-3,,,,,11.3200012E-6,259.99999046E-3,,,,,11.3200012E-6,14.4000006,
,,,11.3600008E-6,19.9999996E-3,,,,,11.3600008E-6,280.00000119E-3,,,,,11.3600008E-6,15.1999998,
,,,11.4000013E-6,39.99999911E-3,,,,,11.4000013E-6,280.00000119E-3,,,,,11.4000013E-6,16.0000000,
,,,11.4400009E-6,39.99999911E-3,,,,,11.4400009E-6,239.99999464E-3,,,,,11.4400009E-6,16.0000000,
,,,11.4800014E-6,39.99999911E-3,,,,,11.4800014E-6,280.00000119E-3,,,,,11.4800014E-6,16.0000000,
,,,11.5200010E-6,39.99999911E-3,,,,,11.5200010E-6,259.99999046E-3,,,,,11.5200010E-6,16.0000000,
,,,11.5600014E-6,39.99999911E-3,,,,,11.5600014E-6,259.99999046E-3,,,,,11.5600014E-6,16.8000011,
,,,11.6000010E-6,19.9999996E-3,,,,,11.6000010E-6,239.99999464E-3,,,,,11.6000010E-6,16.8000011,
,,,11.6400015E-6,39.99999911E-3,,,,,11.6400015E-6,259.99999046E-3,,,,,11.6400015E-6,17.6000004,
,,,11.6800011E-6,39.99999911E-3,,,,,11.6800011E-6,259.99999046E-3,,,,,11.6800011E-6,17.6000004,
,,,11.7200007E-6,59.999998659E-3,,,,,11.7200007E-6,239.99999464E-3,,,,,11.7200007E-6,17.6000004,
,,,11.7600011E-6,59.999998659E-3,,,,,11.7600011E-6,259.99999046E-3,,,,,11.7600011E-6,17.6000004,
,,,11.8000007E-6,39.99999911E-3,,,,,11.8000007E-6,239.99999464E-3,,,,,11.8000007E-6,18.3999996,
,,,11.8400012E-6,19.9999996E-3,,,,,11.8400012E-6,239.99999464E-3,,,,,11.8400012E-6,18.3999996,
,,,11.8800008E-6,19.9999996E-3,,,,,11.8800008E-6,239.99999464E-3,,,,,11.8800008E-6,19.2000008,
,,,11.9200013E-6,39.99999911E-3,,,,,11.9200013E-6,219.99999881E-3,,,,,11.9200013E-6,18.3999996,
,,,11.9600008E-6,59.999998659E-3,,,,,11.9600008E-6,219.99999881E-3,,,,,11.9600008E-6,19.2000008,
,,,12.0000013E-6,39.99999911E-3,,,,,12.0000013E-6,239.99999464E-3,,,,,12.0000013E-6,19.2000008,
,,,12.0400009E-6,19.9999996E-3,,,,,12.0400009E-6,239.99999464E-3,,,,,12.0400009E-6,20.0000000,
,,,12.0800014E-6,19.9999996E-3,,,,,12.0800014E-6,239.99999464E-3,,,,,12.0800014E-6,19.2000008,
,,,12.1200010E-6,39.99999911E-3,,,,,12.1200010E-6,199.99998808E-3,,,,,12.1200010E-6,19.2000008,
,,,12.1600015E-6,19.9999996E-3,,,,,12.1600015E-6,239.99999464E-3,,,,,12.1600015E-6,19.2000008,
,,,12.2000010E-6,19.9999996E-3,,,,,12.2000010E-6,219.99999881E-3,,,,,12.2000010E-6,20.0000000,
,,,12.2400006E-6,19.9999996E-3,,,,,12.2400006E-6,199.99998808E-3,,,,,12.2400006E-6,20.0000000,
,,,12.2800011E-6,39.99999911E-3,,,,,12.2800011E-6,219.99999881E-3,,,,,12.2800011E-6,20.0000000,
,,,12.3200007E-6,19.9999996E-3,,,,,12.3200007E-6,199.99998808E-3,,,,,12.3200007E-6,20.0000000,
,,,12.3600012E-6,0.0,,,,,12.3600012E-6,199.99998808E-3,,,,,12.3600012E-6,20.0000000,
,,,12.4000007E-6,0.0,,,,,12.4000007E-6,199.99998808E-3,,,,,12.4000007E-6,19.2000008,
,,,12.4400012E-6,19.9999996E-3,,,,,12.4400012E-6,159.99999642E-3,,,,,12.4400012E-6,20.0000000,
,,,12.4800008E-6,19.9999996E-3,,,,,12.4800008E-6,179.99999225E-3,,,,,12.4800008E-6,20.0000000,
,,,12.5200013E-6,19.9999996E-3,,,,,12.5200013E-6,179.99999225E-3,,,,,12.5200013E-6,20.0000000,
,,,12.5600009E-6,0.0,,,,,12.5600009E-6,179.99999225E-3,,,,,12.5600009E-6,19.2000008,
,,,12.6000014E-6,19.9999996E-3,,,,,12.6000014E-6,159.99999642E-3,,,,,12.6000014E-6,19.2000008,
,,,12.6400009E-6,19.9999996E-3,,,,,12.6400009E-6,159.99999642E-3,,,,,12.6400009E-6,19.2000008,
,,,12.6800014E-6,0.0,,,,,12.6800014E-6,179.99999225E-3,,,,,12.6800014E-6,19.2000008,
,,,12.7200010E-6,19.9999996E-3,,,,,12.7200010E-6,159.99999642E-3,,,,,12.7200010E-6,19.2000008,
,,,12.7600015E-6,19.9999996E-3,,,,,12.7600015E-6,140.0000006E-3,,,,,12.7600015E-6,19.2000008,
,,,12.8000011E-6,0.0,,,,,12.8000011E-6,159.99999642E-3,,,,,12.8000011E-6,19.2000008,
,,,12.8400006E-6,19.9999996E-3,,,,,12.8400006E-6,159.99999642E-3,,,,,12.8400006E-6,19.2000008,
,,,12.8800011E-6,0.0,,,,,12.8800011E-6,140.0000006E-3,,,,,12.8800011E-6,19.2000008,
,,,12.9200007E-6,-19.9999996E-3,,,,,12.9200007E-6,119.9999973E-3,,,,,12.9200007E-6,18.3999996,
,,,12.9600012E-6,0.0,,,,,12.9600012E-6,140.0000006E-3,,,,,12.9600012E-6,18.3999996,
,,,13.0000008E-6,19.9999996E-3,,,,,13.0000008E-6,119.9999973E-3,,,,,13.0000008E-6,18.3999996,
,,,13.0400012E-6,19.9999996E-3,,,,,13.0400012E-6,99.999994040E-3,,,,,13.0400012E-6,18.3999996,
,,,13.0800008E-6,19.9999996E-3,,,,,13.0800008E-6,119.9999973E-3,,,,,13.0800008E-6,18.3999996,
,,,13.1200013E-6,0.0,,,,,13.1200013E-6,99.999994040E-3,,,,,13.1200013E-6,17.6000004,
,,,13.1600009E-6,19.9999996E-3,,,,,13.1600009E-6,79.999998212E-3,,,,,13.1600009E-6,17.6000004,
,,,13.2000014E-6,0.0,,,,,13.2000014E-6,99.999994040E-3,,,,,13.2000014E-6,17.6000004,
,,,13.2400010E-6,19.9999996E-3,,,,,13.2400010E-6,59.999998659E-3,,,,,13.2400010E-6,17.6000004,
,,,13.2800014E-6,19.9999996E-3,,,,,13.2800014E-6,59.999998659E-3,,,,,13.2800014E-6,17.6000004,
,,,13.3200010E-6,0.0,,,,,13.3200010E-6,79.999998212E-3,,,,,13.3200010E-6,16.8000011,
,,,13.3600006E-6,0.0,,,,,13.3600006E-6,79.999998212E-3,,,,,13.3600006E-6,16.8000011,
,,,13.4000011E-6,-19.9999996E-3,,,,,13.4000011E-6,59.999998659E-3,,,,,13.4000011E-6,16.0000000,
,,,13.4400007E-6,0.0,,,,,13.4400007E-6,39.99999911E-3,,,,,13.4400007E-6,16.0000000,
,,,13.4800011E-6,0.0,,,,,13.4800011E-6,59.999998659E-3,,,,,13.4800011E-6,16.0000000,
,,,13.5200007E-6,-19.9999996E-3,,,,,13.5200007E-6,59.999998659E-3,,,,,13.5200007E-6,15.1999998,
,,,13.5600012E-6,0.0,,,,,13.5600012E-6,59.999998659E-3,,,,,13.5600012E-6,15.1999998,
,,,13.6000008E-6,-19.9999996E-3,,,,,13.6000008E-6,19.9999996E-3,,,,,13.6000008E-6,14.4000006,
,,,13.6400013E-6,19.9999996E-3,,,,,13.6400013E-6,19.9999996E-3,,,,,13.6400013E-6,14.4000006,
,,,13.6800008E-6,-19.9999996E-3,,,,,13.6800008E-6,19.9999996E-3,,,,,13.6800008E-6,14.4000006,
,,,13.7200013E-6,0.0,,,,,13.7200013E-6,-19.9999996E-3,,,,,13.7200013E-6,13.6000004,
,,,13.7600009E-6,-19.9999996E-3,,,,,13.7600009E-6,0.0,,,,,13.7600009E-6,13.6000004,
,,,13.8000014E-6,0.0,,,,,13.8000014E-6,0.0,,,,,13.8000014E-6,12.8000002,
,,,13.8400010E-6,-19.9999996E-3,,,,,13.8400010E-6,0.0,,,,,13.8400010E-6,12.8000002,
,,,13.8800015E-6,-19.9999996E-3,,,,,13.8800015E-6,-39.99999911E-3,,,,,13.8800015E-6,12.0000000,
,,,13.9200010E-6,-19.9999996E-3,,,,,13.9200010E-6,-19.9999996E-3,,,,,13.9200010E-6,11.1999998,
,,,13.9600006E-6,-19.9999996E-3,,,,,13.9600006E-6,-19.9999996E-3,,,,,13.9600006E-6,11.1999998,
,,,14.0000011E-6,-39.99999911E-3,,,,,14.0000011E-6,-19.9999996E-3,,,,,14.0000011E-6,11.1999998,
,,,14.0400007E-6,-19.9999996E-3,,,,,14.0400007E-6,-39.99999911E-3,,,,,14.0400007E-6,11.1999998,
,,,14.0800012E-6,0.0,,,,,14.0800012E-6,-39.99999911E-3,,,,,14.0800012E-6,10.4000006,
,,,14.1200007E-6,0.0,,,,,14.1200007E-6,-39.99999911E-3,,,,,14.1200007E-6,9.600000381,
,,,14.1600012E-6,-19.9999996E-3,,,,,14.1600012E-6,-39.99999911E-3,,,,,14.1600012E-6,9.600000381,
,,,14.2000008E-6,-19.9999996E-3,,,,,14.2000008E-6,-59.999998659E-3,,,,,14.2000008E-6,8.800000191,
,,,14.2400013E-6,-19.9999996E-3,,,,,14.2400013E-6,-59.999998659E-3,,,,,14.2400013E-6,8.800000191,
,,,14.2800009E-6,-19.9999996E-3,,,,,14.2800009E-6,-59.999998659E-3,,,,,14.2800009E-6,8.000000000,
,,,14.3200014E-6,0.0,,,,,14.3200014E-6,-79.999998212E-3,,,,,14.3200014E-6,8.000000000,
,,,14.3600009E-6,-39.99999911E-3,,,,,14.3600009E-6,-79.999998212E-3,,,,,14.3600009E-6,7.20000029,
,,,14.4000014E-6,-19.9999996E-3,,,,,14.4000014E-6,-79.999998212E-3,,,,,14.4000014E-6,7.20000029,
,,,14.4400010E-6,-19.9999996E-3,,,,,14.4400010E-6,-79.999998212E-3,,,,,14.4400010E-6,6.40000010,
,,,14.4800015E-6,-19.9999996E-3,,,,,14.4800015E-6,-99.999994040E-3,,,,,14.4800015E-6,6.40000010,
,,,14.5200011E-6,-19.9999996E-3,,,,,14.5200011E-6,-99.999994040E-3,,,,,14.5200011E-6,5.59999990,
,,,14.5600006E-6,-39.99999911E-3,,,,,14.5600006E-6,-99.999994040E-3,,,,,14.5600006E-6,5.59999990,
,,,14.6000011E-6,-19.9999996E-3,,,,,14.6000011E-6,-99.999994040E-3,,,,,14.6000011E-6,4.80000019,
,,,14.6400007E-6,-59.999998659E-3,,,,,14.6400007E-6,-119.9999973E-3,,,,,14.6400007E-6,4.00000000,
,,,14.6800012E-6,-19.9999996E-3,,,,,14.6800012E-6,-119.9999973E-3,,,,,14.6800012E-6,4.00000000,
,,,14.7200008E-6,-39.99999911E-3,,,,,14.7200008E-6,-119.9999973E-3,,,,,14.7200008E-6,3.20000005,
,,,14.7600012E-6,-59.999998659E-3,,,,,14.7600012E-6,-119.9999973E-3,,,,,14.7600012E-6,3.20000005,
,,,14.8000008E-6,-39.99999911E-3,,,,,14.8000008E-6,-140.0000006E-3,,,,,14.8000008E-6,2.4000001,
,,,14.8400013E-6,-59.999998659E-3,,,,,14.8400013E-6,-159.99999642E-3,,,,,14.8400013E-6,2.4000001,
,,,14.8800009E-6,-39.99999911E-3,,,,,14.8800009E-6,-159.99999642E-3,,,,,14.8800009E-6,1.6000000,
,,,14.9200014E-6,-39.99999911E-3,,,,,14.9200014E-6,-159.99999642E-3,,,,,14.9200014E-6,800.000011921E-3,
,,,14.9600010E-6,-19.9999996E-3,,,,,14.9600010E-6,-119.9999973E-3,,,,,14.9600010E-6,800.000011921E-3,
,,,15.0000014E-6,-39.99999911E-3,,,,,15.0000014E-6,-159.99999642E-3,,,,,15.0000014E-6,800.000011921E-3,
,,,15.0400010E-6,-39.99999911E-3,,,,,15.0400010E-6,-159.99999642E-3,,,,,15.0400010E-6,0.0,
,,,15.0800006E-6,-39.99999911E-3,,,,,15.0800006E-6,-159.99999642E-3,,,,,15.0800006E-6,-800.000011921E-3,
,,,15.1200011E-6,-39.99999911E-3,,,,,15.1200011E-6,-179.99999225E-3,,,,,15.1200011E-6,-800.000011921E-3,
,,,15.1600007E-6,-59.999998659E-3,,,,,15.1600007E-6,-159.99999642E-3,,,,,15.1600007E-6,-1.6000000,
,,,15.2000011E-6,-39.99999911E-3,,,,,15.2000011E-6,-179.99999225E-3,,,,,15.2000011E-6,-1.6000000,
,,,15.2400007E-6,-59.999998659E-3,,,,,15.2400007E-6,-179.99999225E-3,,,,,15.2400007E-6,-2.4000001,
,,,15.2800003E-6,-39.99999911E-3,,,,,15.2800003E-6,-159.99999642E-3,,,,,15.2800003E-6,-3.20000005,
,,,15.3200017E-6,-39.99999911E-3,,,,,15.3200017E-6,-179.99999225E-3,,,,,15.3200017E-6,-3.20000005,
,,,15.3600013E-6,-59.999998659E-3,,,,,15.3600013E-6,-179.99999225E-3,,,,,15.3600013E-6,-4.00000000,
,,,15.4000008E-6,-59.999998659E-3,,,,,15.4000008E-6,-199.99998808E-3,,,,,15.4000008E-6,-4.00000000,
,,,15.4400004E-6,-39.99999911E-3,,,,,15.4400004E-6,-179.99999225E-3,,,,,15.4400004E-6,-4.00000000,
,,,15.4800018E-6,-79.999998212E-3,,,,,15.4800018E-6,-219.99999881E-3,,,,,15.4800018E-6,-4.80000019,
,,,15.5200014E-6,-19.9999996E-3,,,,,15.5200014E-6,-159.99999642E-3,,,,,15.5200014E-6,-5.59999990,
,,,15.5600010E-6,-79.999998212E-3,,,,,15.5600010E-6,-239.99999464E-3,,,,,15.5600010E-6,-5.59999990,
,,,15.6000006E-6,-59.999998659E-3,,,,,15.6000006E-6,-199.99998808E-3,,,,,15.6000006E-6,-6.40000010,
,,,15.6400001E-6,-39.99999911E-3,,,,,15.6400001E-6,-199.99998808E-3,,,,,15.6400001E-6,-6.40000010,
,,,15.6800015E-6,-39.99999911E-3,,,,,15.6800015E-6,-219.99999881E-3,,,,,15.6800015E-6,-7.20000029,
,,,15.7200011E-6,-59.999998659E-3,,,,,15.7200011E-6,-219.99999881E-3,,,,,15.7200011E-6,-7.20000029,
,,,15.7600007E-6,-59.999998659E-3,,,,,15.7600007E-6,-219.99999881E-3,,,,,15.7600007E-6,-7.20000029,
,,,15.8000003E-6,-39.99999911E-3,,,,,15.8000003E-6,-219.99999881E-3,,,,,15.8000003E-6,-8.000000000,
,,,15.8400017E-6,-59.999998659E-3,,,,,15.8400017E-6,-219.99999881E-3,,,,,15.8400017E-6,-8.000000000,
,,,15.8800012E-6,-59.999998659E-3,,,,,15.8800012E-6,-219.99999881E-3,,,,,15.8800012E-6,-8.800000191,
,,,15.9200008E-6,-39.99999911E-3,,,,,15.9200008E-6,-199.99998808E-3,,,,,15.9200008E-6,-8.800000191,
,,,15.9600004E-6,-39.99999911E-3,,,,,15.9600004E-6,-239.99999464E-3,,,,,15.9600004E-6,-8.800000191,
,,,16.0000018E-6,-19.9999996E-3,,,,,16.0000018E-6,-199.99998808E-3,,,,,16.0000018E-6,-9.600000381,
,,,16.0400014E-6,-59.999998659E-3,,,,,16.0400014E-6,-219.99999881E-3,,,,,16.0400014E-6,-10.4000006,
,,,16.0800009E-6,-39.99999911E-3,,,,,16.0800009E-6,-199.99998808E-3,,,,,16.0800009E-6,-10.4000006,
,,,16.1200005E-6,-59.999998659E-3,,,,,16.1200005E-6,-219.99999881E-3,,,,,16.1200005E-6,-11.1999998,
,,,16.1600019E-6,-39.99999911E-3,,,,,16.1600019E-6,-239.99999464E-3,,,,,16.1600019E-6,-11.1999998,
,,,16.2000015E-6,-39.99999911E-3,,,,,16.2000015E-6,-199.99998808E-3,,,,,16.2000015E-6,-11.1999998,
,,,16.2400011E-6,-39.99999911E-3,,,,,16.2400011E-6,-219.99999881E-3,,,,,16.2400011E-6,-11.1999998,
,,,16.2800006E-6,-39.99999911E-3,,,,,16.2800006E-6,-219.99999881E-3,,,,,16.2800006E-6,-12.0000000,
,,,16.3200002E-6,-39.99999911E-3,,,,,16.3200002E-6,-199.99998808E-3,,,,,16.3200002E-6,-12.0000000,
,,,16.3600016E-6,-39.99999911E-3,,,,,16.3600016E-6,-219.99999881E-3,,,,,16.3600016E-6,-12.0000000,
,,,16.4000012E-6,-39.99999911E-3,,,,,16.4000012E-6,-199.99998808E-3,,,,,16.4000012E-6,-12.0000000,
,,,16.4400008E-6,-59.999998659E-3,,,,,16.4400008E-6,-199.99998808E-3,,,,,16.4400008E-6,-12.8000002,
,,,16.4800003E-6,-59.999998659E-3,,,,,16.4800003E-6,-199.99998808E-3,,,,,16.4800003E-6,-12.8000002,
,,,16.5200017E-6,-39.99999911E-3,,,,,16.5200017E-6,-219.99999881E-3,,,,,16.5200017E-6,-12.8000002,
,,,16.5600013E-6,-39.99999911E-3,,,,,16.5600013E-6,-179.99999225E-3,,,,,16.5600013E-6,-13.6000004,
,,,16.6000009E-6,-79.999998212E-3,,,,,16.6000009E-6,-219.99999881E-3,,,,,16.6000009E-6,-13.6000004,
,,,16.6400005E-6,-59.999998659E-3,,,,,16.6400005E-6,-179.99999225E-3,,,,,16.6400005E-6,-14.4000006,
,,,16.6800019E-6,-59.999998659E-3,,,,,16.6800019E-6,-219.99999881E-3,,,,,16.6800019E-6,-14.4000006,
,,,16.7200014E-6,-59.999998659E-3,,,,,16.7200014E-6,-219.99999881E-3,,,,,16.7200014E-6,-13.6000004,
,,,16.7600010E-6,-39.99999911E-3,,,,,16.7600010E-6,-239.99999464E-3,,,,,16.7600010E-6,-14.4000006,
,,,16.8000006E-6,-59.999998659E-3,,,,,16.8000006E-6,-219.99999881E-3,,,,,16.8000006E-6,-14.4000006,
,,,16.8400002E-6,-39.99999911E-3,,,,,16.8400002E-6,-219.99999881E-3,,,,,16.8400002E-6,-14.4000006,
,,,16.8800016E-6,-39.99999911E-3,,,,,16.8800016E-6,-199.99998808E-3,,,,,16.8800016E-6,-14.4000006,
,,,16.9200011E-6,-59.999998659E-3,,,,,16.9200011E-6,-199.99998808E-3,,,,,16.9200011E-6,-14.4000006,
,,,16.9600007E-6,-39.99999911E-3,,,,,16.9600007E-6,-199.99998808E-3,,,,,16.9600007E-6,-14.4000006,
,,,17.0000003E-6,-59.999998659E-3,,,,,17.0000003E-6,-219.99999881E-3,,,,,17.0000003E-6,-14.4000006,
,,,17.0400017E-6,-19.9999996E-3,,,,,17.0400017E-6,-179.99999225E-3,,,,,17.0400017E-6,-14.4000006,
,,,17.0800013E-6,-39.99999911E-3,,,,,17.0800013E-6,-219.99999881E-3,,,,,17.0800013E-6,-15.1999998,
,,,17.1200008E-6,-19.9999996E-3,,,,,17.1200008E-6,-179.99999225E-3,,,,,17.1200008E-6,-15.1999998,
,,,17.1600004E-6,-59.999998659E-3,,,,,17.1600004E-6,-179.99999225E-3,,,,,17.1600004E-6,-15.1999998,
,,,17.2000018E-6,-79.999998212E-3,,,,,17.2000018E-6,-179.99999225E-3,,,,,17.2000018E-6,-15.1999998,
,,,17.2400014E-6,-19.9999996E-3,,,,,17.2400014E-6,-159.99999642E-3,,,,,17.2400014E-6,-15.1999998,
,,,17.2800010E-6,-39.99999911E-3,,,,,17.2800010E-6,-179.99999225E-3,,,,,17.2800010E-6,-15.1999998,
,,,17.3200006E-6,-39.99999911E-3,,,,,17.3200006E-6,-159.99999642E-3,,,,,17.3200006E-6,-15.1999998,
,,,17.3600001E-6,-59.999998659E-3,,,,,17.3600001E-6,-179.99999225E-3,,,,,17.3600001E-6,-15.1999998,
,,,17.4000015E-6,-39.99999911E-3,,,,,17.4000015E-6,-140.0000006E-3,,,,,17.4000015E-6,-15.1999998,
,,,17.4400011E-6,-39.99999911E-3,,,,,17.4400011E-6,-159.99999642E-3,,,,,17.4400011E-6,-15.1999998,
,,,17.4800007E-6,-39.99999911E-3,,,,,17.4800007E-6,-159.99999642E-3,,,,,17.4800007E-6,-15.1999998,
,,,17.5200003E-6,-59.999998659E-3,,,,,17.5200003E-6,-140.0000006E-3,,,,,17.5200003E-6,-15.1999998,
,,,17.5600017E-6,-19.9999996E-3,,,,,17.5600017E-6,-140.0000006E-3,,,,,17.5600017E-6,-15.1999998,
,,,17.6000012E-6,-39.99999911E-3,,,,,17.6000012E-6,-140.0000006E-3,,,,,17.6000012E-6,-15.1999998,
,,,17.6400008E-6,-59.999998659E-3,,,,,17.6400008E-6,-140.0000006E-3,,,,,17.6400008E-6,-15.1999998,
,,,17.6800004E-6,-19.9999996E-3,,,,,17.6800004E-6,-159.99999642E-3,,,,,17.6800004E-6,-15.1999998,
,,,17.7200018E-6,-19.9999996E-3,,,,,17.7200018E-6,-119.9999973E-3,,,,,17.7200018E-6,-15.1999998,
,,,17.7600014E-6,-39.99999911E-3,,,,,17.7600014E-6,-140.0000006E-3,,,,,17.7600014E-6,-15.1999998,
,,,17.8000009E-6,-39.99999911E-3,,,,,17.8000009E-6,-140.0000006E-3,,,,,17.8000009E-6,-15.1999998,
,,,17.8400005E-6,-39.99999911E-3,,,,,17.8400005E-6,-140.0000006E-3,,,,,17.8400005E-6,-14.4000006,
,,,17.8800019E-6,-39.99999911E-3,,,,,17.8800019E-6,-99.999994040E-3,,,,,17.8800019E-6,-14.4000006,
,,,17.9200015E-6,-39.99999911E-3,,,,,17.9200015E-6,-119.9999973E-3,,,,,17.9200015E-6,-14.4000006,
,,,17.9600011E-6,-39.99999911E-3,,,,,17.9600011E-6,-119.9999973E-3,,,,,17.9600011E-6,-14.4000006,
,,,18.0000006E-6,-19.9999996E-3,,,,,18.0000006E-6,-59.999998659E-3,,,,,18.0000006E-6,-13.6000004,
,,,18.0400002E-6,-39.99999911E-3,,,,,18.0400002E-6,-99.999994040E-3,,,,,18.0400002E-6,-13.6000004,
,,,18.0800016E-6,-59.999998659E-3,,,,,18.0800016E-6,-99.999994040E-3,,,,,18.0800016E-6,-13.6000004,
,,,18.1200012E-6,-19.9999996E-3,,,,,18.1200012E-6,-59.999998659E-3,,,,,18.1200012E-6,-13.6000004,
,,,18.1600008E-6,-39.99999911E-3,,,,,18.1600008E-6,-79.999998212E-3,,,,,18.1600008E-6,-13.6000004,
,,,18.2000003E-6,-39.99999911E-3,,,,,18.2000003E-6,-79.999998212E-3,,,,,18.2000003E-6,-13.6000004,
,,,18.2400017E-6,-39.99999911E-3,,,,,18.2400017E-6,-59.999998659E-3,,,,,18.2400017E-6,-12.8000002,
,,,18.2800013E-6,-19.9999996E-3,,,,,18.2800013E-6,-59.999998659E-3,,,,,18.2800013E-6,-13.6000004,
,,,18.3200009E-6,-19.9999996E-3,,,,,18.3200009E-6,-59.999998659E-3,,,,,18.3200009E-6,-12.8000002,
,,,18.3600005E-6,-19.9999996E-3,,,,,18.3600005E-6,-39.99999911E-3,,,,,18.3600005E-6,-12.8000002,
,,,18.4000019E-6,0.0,,,,,18.4000019E-6,-39.99999911E-3,,,,,18.4000019E-6,-12.0000000,
,,,18.4400014E-6,0.0,,,,,18.4400014E-6,-39.99999911E-3,,,,,18.4400014E-6,-12.0000000,
,,,18.4800010E-6,-19.9999996E-3,,,,,18.4800010E-6,-39.99999911E-3,,,,,18.4800010E-6,-12.0000000,
,,,18.5200006E-6,-39.99999911E-3,,,,,18.5200006E-6,-59.999998659E-3,,,,,18.5200006E-6,-12.0000000,
,,,18.5600002E-6,-39.99999911E-3,,,,,18.5600002E-6,-39.99999911E-3,,,,,18.5600002E-6,-11.1999998,
,,,18.6000016E-6,0.0,,,,,18.6000016E-6,-39.99999911E-3,,,,,18.6000016E-6,-11.1999998,
,,,18.6400011E-6,-19.9999996E-3,,,,,18.6400011E-6,-19.9999996E-3,,,,,18.6400011E-6,-11.1999998,
,,,18.6800007E-6,-39.99999911E-3,,,,,18.6800007E-6,-19.9999996E-3,,,,,18.6800007E-6,-11.1999998,
,,,18.7200003E-6,-19.9999996E-3,,,,,18.7200003E-6,-39.99999911E-3,,,,,18.7200003E-6,-11.1999998,
,,,18.7600017E-6,0.0,,,,,18.7600017E-6,0.0,,,,,18.7600017E-6,-10.4000006,
,,,18.8000013E-6,-19.9999996E-3,,,,,18.8000013E-6,-19.9999996E-3,,,,,18.8000013E-6,-9.600000381,
,,,18.8400008E-6,-19.9999996E-3,,,,,18.8400008E-6,0.0,,,,,18.8400008E-6,-9.600000381,
,,,18.8800004E-6,-39.99999911E-3,,,,,18.8800004E-6,19.9999996E-3,,,,,18.8800004E-6,-9.600000381,
,,,18.9200018E-6,0.0,,,,,18.9200018E-6,19.9999996E-3,,,,,18.9200018E-6,-9.600000381,
,,,18.9600014E-6,-19.9999996E-3,,,,,18.9600014E-6,0.0,,,,,18.9600014E-6,-8.800000191,
,,,19.0000010E-6,-19.9999996E-3,,,,,19.0000010E-6,0.0,,,,,19.0000010E-6,-8.800000191,
,,,19.0400006E-6,-19.9999996E-3,,,,,19.0400006E-6,0.0,,,,,19.0400006E-6,-8.000000000,
,,,19.0800001E-6,-19.9999996E-3,,,,,19.0800001E-6,19.9999996E-3,,,,,19.0800001E-6,-8.000000000,
,,,19.1200015E-6,19.9999996E-3,,,,,19.1200015E-6,39.99999911E-3,,,,,19.1200015E-6,-7.20000029,
,,,19.1600011E-6,-19.9999996E-3,,,,,19.1600011E-6,19.9999996E-3,,,,,19.1600011E-6,-7.20000029,
,,,19.2000007E-6,-19.9999996E-3,,,,,19.2000007E-6,19.9999996E-3,,,,,19.2000007E-6,-6.40000010,
,,,19.2400003E-6,0.0,,,,,19.2400003E-6,39.99999911E-3,,,,,19.2400003E-6,-6.40000010,
,,,19.2800017E-6,-19.9999996E-3,,,,,19.2800017E-6,39.99999911E-3,,,,,19.2800017E-6,-6.40000010,
,,,19.3200012E-6,0.0,,,,,19.3200012E-6,79.999998212E-3,,,,,19.3200012E-6,-6.40000010,
,,,19.3600008E-6,0.0,,,,,19.3600008E-6,39.99999911E-3,,,,,19.3600008E-6,-5.59999990,
,,,19.4000004E-6,0.0,,,,,19.4000004E-6,59.999998659E-3,,,,,19.4000004E-6,-4.80000019,
,,,19.4400018E-6,-19.9999996E-3,,,,,19.4400018E-6,19.9999996E-3,,,,,19.4400018E-6,-4.80000019,
,,,19.4800014E-6,0.0,,,,,19.4800014E-6,79.999998212E-3,,,,,19.4800014E-6,-4.00000000,
,,,19.5200009E-6,-19.9999996E-3,,,,,19.5200009E-6,59.999998659E-3,,,,,19.5200009E-6,-4.00000000,
,,,19.5600005E-6,-19.9999996E-3,,,,,19.5600005E-6,59.999998659E-3,,,,,19.5600005E-6,-4.00000000,
,,,19.6000019E-6,19.9999996E-3,,,,,19.6000019E-6,59.999998659E-3,,,,,19.6000019E-6,-4.00000000,
,,,19.6400015E-6,-19.9999996E-3,,,,,19.6400015E-6,79.999998212E-3,,,,,19.6400015E-6,-3.20000005,
,,,19.6800011E-6,0.0,,,,,19.6800011E-6,59.999998659E-3,,,,,19.6800011E-6,-3.20000005,
,,,19.7200006E-6,0.0,,,,,19.7200006E-6,79.999998212E-3,,,,,19.7200006E-6,-2.4000001,
,,,19.7600002E-6,-19.9999996E-3,,,,,19.7600002E-6,99.999994040E-3,,,,,19.7600002E-6,-2.4000001,
,,,19.8000016E-6,0.0,,,,,19.8000016E-6,79.999998212E-3,,,,,19.8000016E-6,-2.4000001,
,,,19.8400012E-6,-39.99999911E-3,,,,,19.8400012E-6,79.999998212E-3,,,,,19.8400012E-6,-1.6000000,
,,,19.8800008E-6,0.0,,,,,19.8800008E-6,79.999998212E-3,,,,,19.8800008E-6,-800.000011921E-3,
,,,19.9200003E-6,0.0,,,,,19.9200003E-6,79.999998212E-3,,,,,19.9200003E-6,-800.000011921E-3,
,,,19.9600017E-6,0.0,,,,,19.9600017E-6,99.999994040E-3,,,,,19.9600017E-6,-800.000011921E-3,
,,,20.0000013E-6,-19.9999996E-3,,,,,20.0000013E-6,119.9999973E-3,,,,,20.0000013E-6,0.0,
,,,20.0400009E-6,19.9999996E-3,,,,,20.0400009E-6,119.9999973E-3,,,,,20.0400009E-6,0.0,
,,,20.0800005E-6,0.0,,,,,20.0800005E-6,99.999994040E-3,,,,,20.0800005E-6,0.0,
,,,20.12000186E-6,0.0,,,,,20.12000186E-6,99.999994040E-3,,,,,20.12000186E-6,800.000011921E-3,
,,,20.16000144E-6,19.9999996E-3,,,,,20.16000144E-6,119.9999973E-3,,,,,20.16000144E-6,800.000011921E-3,
,,,20.20000102E-6,0.0,,,,,20.20000102E-6,119.9999973E-3,,,,,20.20000102E-6,800.000011921E-3,
,,,20.24000059E-6,0.0,,,,,20.24000059E-6,119.9999973E-3,,,,,20.24000059E-6,1.6000000,
,,,20.28000017E-6,-19.9999996E-3,,,,,20.28000017E-6,119.9999973E-3,,,,,20.28000017E-6,1.6000000,
,,,20.32000157E-6,0.0,,,,,20.32000157E-6,159.99999642E-3,,,,,20.32000157E-6,2.4000001,
,,,20.36000114E-6,0.0,,,,,20.36000114E-6,140.0000006E-3,,,,,20.36000114E-6,2.4000001,
,,,20.40000072E-6,0.0,,,,,20.40000072E-6,119.9999973E-3,,,,,20.40000072E-6,2.4000001,
,,,20.44000030E-6,0.0,,,,,20.44000030E-6,140.0000006E-3,,,,,20.44000030E-6,3.20000005,
,,,20.48000169E-6,0.0,,,,,20.48000169E-6,140.0000006E-3,,,,,20.48000169E-6,3.20000005,
,,,20.52000127E-6,0.0,,,,,20.52000127E-6,140.0000006E-3,,,,,20.52000127E-6,4.00000000,
,,,20.56000085E-6,0.0,,,,,20.56000085E-6,119.9999973E-3,,,,,20.56000085E-6,4.00000000,
,,,20.60000043E-6,0.0,,,,,20.60000043E-6,119.9999973E-3,,,,,20.60000043E-6,4.00000000,
,,,20.64000182E-6,19.9999996E-3,,,,,20.64000182E-6,119.9999973E-3,,,,,20.64000182E-6,4.80000019,
,,,20.68000140E-6,19.9999996E-3,,,,,20.68000140E-6,119.9999973E-3,,,,,20.68000140E-6,4.80000019,
,,,20.72000098E-6,0.0,,,,,20.72000098E-6,119.9999973E-3,,,,,20.72000098E-6,5.59999990,
,,,20.76000055E-6,19.9999996E-3,,,,,20.76000055E-6,159.99999642E-3,,,,,20.76000055E-6,5.59999990,
,,,20.80000013E-6,0.0,,,,,20.80000013E-6,140.0000006E-3,,,,,20.80000013E-6,5.59999990,
,,,20.84000153E-6,0.0,,,,,20.84000153E-6,140.0000006E-3,,,,,20.84000153E-6,6.40000010,
,,,20.88000110E-6,0.0,,,,,20.88000110E-6,140.0000006E-3,,,,,20.88000110E-6,6.40000010,
,,,20.92000068E-6,19.9999996E-3,,,,,20.92000068E-6,140.0000006E-3,,,,,20.92000068E-6,6.40000010,
,,,20.96000026E-6,0.0,,,,,20.96000026E-6,159.99999642E-3,,,,,20.96000026E-6,6.40000010,
,,,21.00000165E-6,0.0,,,,,21.00000165E-6,119.9999973E-3,,,,,21.00000165E-6,6.40000010,
,,,21.04000123E-6,39.99999911E-3,,,,,21.04000123E-6,140.0000006E-3,,,,,21.04000123E-6,7.20000029,
,,,21.08000081E-6,39.99999911E-3,,,,,21.08000081E-6,140.0000006E-3,,,,,21.08000081E-6,7.20000029,
,,,21.12000038E-6,19.9999996E-3,,,,,21.12000038E-6,159.99999642E-3,,,,,21.12000038E-6,7.20000029,
,,,21.16000178E-6,19.9999996E-3,,,,,21.16000178E-6,140.0000006E-3,,,,,21.16000178E-6,8.000000000,
,,,21.20000136E-6,19.9999996E-3,,,,,21.20000136E-6,119.9999973E-3,,,,,21.20000136E-6,8.000000000,
,,,21.24000093E-6,19.9999996E-3,,,,,21.24000093E-6,119.9999973E-3,,,,,21.24000093E-6,8.000000000,
,,,21.28000051E-6,0.0,,,,,21.28000051E-6,159.99999642E-3,,,,,21.28000051E-6,8.000000000,
,,,21.32000009E-6,0.0,,,,,21.32000009E-6,140.0000006E-3,,,,,21.32000009E-6,8.800000191,
,,,21.36000148E-6,19.9999996E-3,,,,,21.36000148E-6,140.0000006E-3,,,,,21.36000148E-6,8.800000191,
,,,21.40000106E-6,19.9999996E-3,,,,,21.40000106E-6,159.99999642E-3,,,,,21.40000106E-6,8.800000191,
,,,21.44000064E-6,0.0,,,,,21.44000064E-6,119.9999973E-3,,,,,21.44000064E-6,8.800000191,
,,,21.48000021E-6,0.0,,,,,21.48000021E-6,140.0000006E-3,,,,,21.48000021E-6,9.600000381,
,,,21.52000161E-6,-19.9999996E-3,,,,,21.52000161E-6,140.0000006E-3,,,,,21.52000161E-6,9.600000381,
,,,21.56000119E-6,39.99999911E-3,,,,,21.56000119E-6,140.0000006E-3,,,,,21.56000119E-6,9.600000381,
,,,21.60000076E-6,0.0,,,,,21.60000076E-6,159.99999642E-3,,,,,21.60000076E-6,9.600000381,
,,,21.64000034E-6,19.9999996E-3,,,,,21.64000034E-6,119.9999973E-3,,,,,21.64000034E-6,10.4000006,
,,,21.68000174E-6,0.0,,,,,21.68000174E-6,140.0000006E-3,,,,,21.68000174E-6,9.600000381,
,,,21.72000131E-6,0.0,,,,,21.72000131E-6,119.9999973E-3,,,,,21.72000131E-6,9.600000381,
,,,21.76000089E-6,19.9999996E-3,,,,,21.76000089E-6,140.0000006E-3,,,,,21.76000089E-6,10.4000006,
,,,21.80000047E-6,-19.9999996E-3,,,,,21.80000047E-6,119.9999973E-3,,,,,21.80000047E-6,10.4000006,
,,,21.84000186E-6,19.9999996E-3,,,,,21.84000186E-6,140.0000006E-3,,,,,21.84000186E-6,10.4000006,
,,,21.88000144E-6,19.9999996E-3,,,,,21.88000144E-6,119.9999973E-3,,,,,21.88000144E-6,10.4000006,
,,,21.92000102E-6,19.9999996E-3,,,,,21.92000102E-6,119.9999973E-3,,,,,21.92000102E-6,10.4000006,
,,,21.96000059E-6,19.9999996E-3,,,,,21.96000059E-6,119.9999973E-3,,,,,21.96000059E-6,10.4000006,
,,,22.00000017E-6,0.0,,,,,22.00000017E-6,99.999994040E-3,,,,,22.00000017E-6,10.4000006,
,,,22.04000157E-6,19.9999996E-3,,,,,22.04000157E-6,140.0000006E-3,,,,,22.04000157E-6,10.4000006,
,,,22.08000114E-6,0.0,,,,,22.08000114E-6,119.9999973E-3,,,,,22.08000114E-6,10.4000006,
,,,22.12000072E-6,19.9999996E-3,,,,,22.12000072E-6,119.9999973E-3,,,,,22.12000072E-6,10.4000006,
,,,22.16000030E-6,19.9999996E-3,,,,,22.16000030E-6,119.9999973E-3,,,,,22.16000030E-6,10.4000006,
,,,22.20000169E-6,0.0,,,,,22.20000169E-6,119.9999973E-3,,,,,22.20000169E-6,10.4000006,
,,,22.24000127E-6,0.0,,,,,22.24000127E-6,99.999994040E-3,,,,,22.24000127E-6,11.1999998,
,,,22.28000085E-6,0.0,,,,,22.28000085E-6,99.999994040E-3,,,,,22.28000085E-6,10.4000006,
,,,22.32000043E-6,0.0,,,,,22.32000043E-6,99.999994040E-3,,,,,22.32000043E-6,11.1999998,
,,,22.36000182E-6,19.9999996E-3,,,,,22.36000182E-6,99.999994040E-3,,,,,22.36000182E-6,10.4000006,
,,,22.40000140E-6,0.0,,,,,22.40000140E-6,79.999998212E-3,,,,,22.40000140E-6,10.4000006,
,,,22.44000098E-6,0.0,,,,,22.44000098E-6,99.999994040E-3,,,,,22.44000098E-6,10.4000006,
,,,22.48000055E-6,-19.9999996E-3,,,,,22.48000055E-6,59.999998659E-3,,,,,22.48000055E-6,10.4000006,
,,,22.52000013E-6,19.9999996E-3,,,,,22.52000013E-6,79.999998212E-3,,,,,22.52000013E-6,10.4000006,
,,,22.56000153E-6,-19.9999996E-3,,,,,22.56000153E-6,99.999994040E-3,,,,,22.56000153E-6,10.4000006,
,,,22.60000110E-6,19.9999996E-3,,,,,22.60000110E-6,79.999998212E-3,,,,,22.60000110E-6,10.4000006,
,,,22.64000068E-6,-19.9999996E-3,,,,,22.64000068E-6,59.999998659E-3,,,,,22.64000068E-6,10.4000006,
,,,22.68000026E-6,0.0,,,,,22.68000026E-6,79.999998212E-3,,,,,22.68000026E-6,10.4000006,
,,,22.72000165E-6,0.0,,,,,22.72000165E-6,59.999998659E-3,,,,,22.72000165E-6,10.4000006,
,,,22.76000123E-6,0.0,,,,,22.76000123E-6,79.999998212E-3,,,,,22.76000123E-6,10.4000006,
,,,22.80000081E-6,0.0,,,,,22.80000081E-6,79.999998212E-3,,,,,22.80000081E-6,10.4000006,
,,,22.84000038E-6,-19.9999996E-3,,,,,22.84000038E-6,59.999998659E-3,,,,,22.84000038E-6,10.4000006,
,,,22.88000178E-6,19.9999996E-3,,,,,22.88000178E-6,79.999998212E-3,,,,,22.88000178E-6,10.4000006,
,,,22.92000136E-6,0.0,,,,,22.92000136E-6,79.999998212E-3,,,,,22.92000136E-6,10.4000006,
,,,22.96000093E-6,19.9999996E-3,,,,,22.96000093E-6,79.999998212E-3,,,,,22.96000093E-6,10.4000006,
,,,23.00000051E-6,0.0,,,,,23.00000051E-6,39.99999911E-3,,,,,23.00000051E-6,9.600000381,
,,,23.04000009E-6,19.9999996E-3,,,,,23.04000009E-6,79.999998212E-3,,,,,23.04000009E-6,9.600000381,
,,,23.08000148E-6,0.0,,,,,23.08000148E-6,39.99999911E-3,,,,,23.08000148E-6,9.600000381,
,,,23.12000106E-6,0.0,,,,,23.12000106E-6,59.999998659E-3,,,,,23.12000106E-6,9.600000381,
,,,23.16000064E-6,0.0,,,,,23.16000064E-6,39.99999911E-3,,,,,23.16000064E-6,9.600000381,
,,,23.20000021E-6,-39.99999911E-3,,,,,23.20000021E-6,59.999998659E-3,,,,,23.20000021E-6,8.800000191,
,,,23.24000161E-6,0.0,,,,,23.24000161E-6,39.99999911E-3,,,,,23.24000161E-6,8.800000191,
,,,23.28000119E-6,-19.9999996E-3,,,,,23.28000119E-6,79.999998212E-3,,,,,23.28000119E-6,8.800000191,
,,,23.32000076E-6,19.9999996E-3,,,,,23.32000076E-6,39.99999911E-3,,,,,23.32000076E-6,8.800000191,
,,,23.36000034E-6,0.0,,,,,23.36000034E-6,19.9999996E-3,,,,,23.36000034E-6,8.800000191,
,,,23.40000174E-6,-19.9999996E-3,,,,,23.40000174E-6,19.9999996E-3,,,,,23.40000174E-6,8.800000191,
,,,23.44000131E-6,19.9999996E-3,,,,,23.44000131E-6,19.9999996E-3,,,,,23.44000131E-6,8.000000000,
,,,23.48000089E-6,-19.9999996E-3,,,,,23.48000089E-6,19.9999996E-3,,,,,23.48000089E-6,8.000000000,
,,,23.52000047E-6,-19.9999996E-3,,,,,23.52000047E-6,19.9999996E-3,,,,,23.52000047E-6,8.000000000,
,,,23.56000186E-6,19.9999996E-3,,,,,23.56000186E-6,0.0,,,,,23.56000186E-6,8.000000000,
,,,23.60000144E-6,-19.9999996E-3,,,,,23.60000144E-6,0.0,,,,,23.60000144E-6,7.20000029,
,,,23.64000102E-6,0.0,,,,,23.64000102E-6,0.0,,,,,23.64000102E-6,7.20000029,
,,,23.68000060E-6,-19.9999996E-3,,,,,23.68000060E-6,-19.9999996E-3,,,,,23.68000060E-6,7.20000029,
,,,23.72000017E-6,0.0,,,,,23.72000017E-6,0.0,,,,,23.72000017E-6,7.20000029,
,,,23.76000157E-6,-39.99999911E-3,,,,,23.76000157E-6,0.0,,,,,23.76000157E-6,7.20000029,
,,,23.80000114E-6,0.0,,,,,23.80000114E-6,0.0,,,,,23.80000114E-6,6.40000010,
,,,23.84000072E-6,19.9999996E-3,,,,,23.84000072E-6,-19.9999996E-3,,,,,23.84000072E-6,6.40000010,
,,,23.88000030E-6,-19.9999996E-3,,,,,23.88000030E-6,-19.9999996E-3,,,,,23.88000030E-6,5.59999990,
,,,23.92000169E-6,0.0,,,,,23.92000169E-6,19.9999996E-3,,,,,23.92000169E-6,6.40000010,
,,,23.96000127E-6,0.0,,,,,23.96000127E-6,-19.9999996E-3,,,,,23.96000127E-6,5.59999990,
,,,24.00000085E-6,-19.9999996E-3,,,,,24.00000085E-6,-39.99999911E-3,,,,,24.00000085E-6,5.59999990,
,,,24.04000043E-6,0.0,,,,,24.04000043E-6,0.0,,,,,24.04000043E-6,5.59999990,
,,,24.08000182E-6,0.0,,,,,24.08000182E-6,-59.999998659E-3,,,,,24.08000182E-6,4.80000019,
,,,24.12000140E-6,-19.9999996E-3,,,,,24.12000140E-6,-39.99999911E-3,,,,,24.12000140E-6,4.80000019,
,,,24.16000098E-6,-19.9999996E-3,,,,,24.16000098E-6,-59.999998659E-3,,,,,24.16000098E-6,4.80000019,
,,,24.20000055E-6,-19.9999996E-3,,,,,24.20000055E-6,-19.9999996E-3,,,,,24.20000055E-6,4.80000019,
,,,24.24000013E-6,-39.99999911E-3,,,,,24.24000013E-6,-39.99999911E-3,,,,,24.24000013E-6,4.80000019,
,,,24.28000153E-6,0.0,,,,,24.28000153E-6,-39.99999911E-3,,,,,24.28000153E-6,4.00000000,
,,,24.32000110E-6,-19.9999996E-3,,,,,24.32000110E-6,-79.999998212E-3,,,,,24.32000110E-6,4.00000000,
,,,24.36000068E-6,-39.99999911E-3,,,,,24.36000068E-6,-59.999998659E-3,,,,,24.36000068E-6,4.00000000,
,,,24.40000026E-6,0.0,,,,,24.40000026E-6,-39.99999911E-3,,,,,24.40000026E-6,3.20000005,
,,,24.44000165E-6,0.0,,,,,24.44000165E-6,-39.99999911E-3,,,,,24.44000165E-6,3.20000005,
,,,24.48000123E-6,-19.9999996E-3,,,,,24.48000123E-6,-39.99999911E-3,,,,,24.48000123E-6,3.20000005,
,,,24.52000081E-6,-59.999998659E-3,,,,,24.52000081E-6,-79.999998212E-3,,,,,24.52000081E-6,2.4000001,
,,,24.56000038E-6,-39.99999911E-3,,,,,24.56000038E-6,-59.999998659E-3,,,,,24.56000038E-6,2.4000001,
,,,24.60000178E-6,-39.99999911E-3,,,,,24.60000178E-6,-59.999998659E-3,,,,,24.60000178E-6,1.6000000,
,,,24.64000136E-6,-19.9999996E-3,,,,,24.64000136E-6,-79.999998212E-3,,,,,24.64000136E-6,2.4000001,
,,,24.68000093E-6,-39.99999911E-3,,,,,24.68000093E-6,-99.999994040E-3,,,,,24.68000093E-6,1.6000000,
,,,24.72000051E-6,-59.999998659E-3,,,,,24.72000051E-6,-79.999998212E-3,,,,,24.72000051E-6,1.6000000,
,,,24.76000009E-6,-19.9999996E-3,,,,,24.76000009E-6,-79.999998212E-3,,,,,24.76000009E-6,1.6000000,
,,,24.80000148E-6,-39.99999911E-3,,,,,24.80000148E-6,-79.999998212E-3,,,,,24.80000148E-6,800.000011921E-3,
,,,24.84000106E-6,-39.99999911E-3,,,,,24.84000106E-6,-99.999994040E-3,,,,,24.84000106E-6,800.000011921E-3,
,,,24.88000064E-6,-19.9999996E-3,,,,,24.88000064E-6,-99.999994040E-3,,,,,24.88000064E-6,800.000011921E-3,
,,,24.92000021E-6,-39.99999911E-3,,,,,24.92000021E-6,-99.999994040E-3,,,,,24.92000021E-6,0.0,
,,,24.96000161E-6,-19.9999996E-3,,,,,24.96000161E-6,-79.999998212E-3,,,,,24.96000161E-6,0.0,
,,,25.00000119E-6,-39.99999911E-3,,,,,25.00000119E-6,-119.9999973E-3,,,,,25.00000119E-6,0.0,
,,,25.04000076E-6,-39.99999911E-3,,,,,25.04000076E-6,-99.999994040E-3,,,,,25.04000076E-6,-800.000011921E-3,
,,,25.08000034E-6,-19.9999996E-3,,,,,25.08000034E-6,-79.999998212E-3,,,,,25.08000034E-6,-800.000011921E-3,
,,,25.12000174E-6,-19.9999996E-3,,,,,25.12000174E-6,-119.9999973E-3,,,,,25.12000174E-6,-800.000011921E-3,
,,,25.16000131E-6,-19.9999996E-3,,,,,25.16000131E-6,-99.999994040E-3,,,,,25.16000131E-6,-1.6000000,
,,,25.20000089E-6,-39.99999911E-3,,,,,25.20000089E-6,-99.999994040E-3,,,,,25.20000089E-6,-1.6000000,
,,,25.24000047E-6,-19.9999996E-3,,,,,25.24000047E-6,-79.999998212E-3,,,,,25.24000047E-6,-1.6000000,
,,,25.28000186E-6,-59.999998659E-3,,,,,25.28000186E-6,-119.9999973E-3,,,,,25.28000186E-6,-2.4000001,
,,,25.32000144E-6,-19.9999996E-3,,,,,25.32000144E-6,-99.999994040E-3,,,,,25.32000144E-6,-2.4000001,
,,,25.36000102E-6,-19.9999996E-3,,,,,25.36000102E-6,-79.999998212E-3,,,,,25.36000102E-6,-2.4000001,
,,,25.40000060E-6,-39.99999911E-3,,,,,25.40000060E-6,-119.9999973E-3,,,,,25.40000060E-6,-2.4000001,
,,,25.44000017E-6,-39.99999911E-3,,,,,25.44000017E-6,-119.9999973E-3,,,,,25.44000017E-6,-3.20000005,
,,,25.48000157E-6,-19.9999996E-3,,,,,25.48000157E-6,-119.9999973E-3,,,,,25.48000157E-6,-3.20000005,
,,,25.52000115E-6,-39.99999911E-3,,,,,25.52000115E-6,-99.999994040E-3,,,,,25.52000115E-6,-3.20000005,
,,,25.56000072E-6,-39.99999911E-3,,,,,25.56000072E-6,-79.999998212E-3,,,,,25.56000072E-6,-3.20000005,
,,,25.60000030E-6,-19.9999996E-3,,,,,25.60000030E-6,-119.9999973E-3,,,,,25.60000030E-6,-4.00000000,
,,,25.64000170E-6,-39.99999911E-3,,,,,25.64000170E-6,-119.9999973E-3,,,,,25.64000170E-6,-4.00000000,
,,,25.68000127E-6,-19.9999996E-3,,,,,25.68000127E-6,-99.999994040E-3,,,,,25.68000127E-6,-4.00000000,
,,,25.72000085E-6,-59.999998659E-3,,,,,25.72000085E-6,-119.9999973E-3,,,,,25.72000085E-6,-4.00000000,
,,,25.76000043E-6,-39.99999911E-3,,,,,25.76000043E-6,-140.0000006E-3,,,,,25.76000043E-6,-4.80000019,
,,,25.80000182E-6,-39.99999911E-3,,,,,25.80000182E-6,-119.9999973E-3,,,,,25.80000182E-6,-4.80000019,
,,,25.84000140E-6,-59.999998659E-3,,,,,25.84000140E-6,-119.9999973E-3,,,,,25.84000140E-6,-5.59999990,
,,,25.88000098E-6,-19.9999996E-3,,,,,25.88000098E-6,-140.0000006E-3,,,,,25.88000098E-6,-4.80000019,
,,,25.92000055E-6,-39.99999911E-3,,,,,25.92000055E-6,-140.0000006E-3,,,,,25.92000055E-6,-4.80000019,
,,,25.96000013E-6,-39.99999911E-3,,,,,25.96000013E-6,-140.0000006E-3,,,,,25.96000013E-6,-5.59999990,
,,,26.00000153E-6,-19.9999996E-3,,,,,26.00000153E-6,-99.999994040E-3,,,,,26.00000153E-6,-5.59999990,
,,,26.04000110E-6,-39.99999911E-3,,,,,26.04000110E-6,-140.0000006E-3,,,,,26.04000110E-6,-5.59999990,
,,,26.08000068E-6,-19.9999996E-3,,,,,26.08000068E-6,-99.999994040E-3,,,,,26.08000068E-6,-5.59999990,
,,,26.12000026E-6,-59.999998659E-3,,,,,26.12000026E-6,-119.9999973E-3,,,,,26.12000026E-6,-5.59999990,
,,,26.16000165E-6,-59.999998659E-3,,,,,26.16000165E-6,-140.0000006E-3,,,,,26.16000165E-6,-6.40000010,
,,,26.20000123E-6,-39.99999911E-3,,,,,26.20000123E-6,-119.9999973E-3,,,,,26.20000123E-6,-6.40000010,
,,,26.24000081E-6,-39.99999911E-3,,,,,26.24000081E-6,-119.9999973E-3,,,,,26.24000081E-6,-6.40000010,
,,,26.28000038E-6,-19.9999996E-3,,,,,26.28000038E-6,-140.0000006E-3,,,,,26.28000038E-6,-6.40000010,
,,,26.32000178E-6,-39.99999911E-3,,,,,26.32000178E-6,-119.9999973E-3,,,,,26.32000178E-6,-6.40000010,
,,,26.36000136E-6,-19.9999996E-3,,,,,26.36000136E-6,-119.9999973E-3,,,,,26.36000136E-6,-6.40000010,
,,,26.40000093E-6,-39.99999911E-3,,,,,26.40000093E-6,-99.999994040E-3,,,,,26.40000093E-6,-7.20000029,
,,,26.44000051E-6,-19.9999996E-3,,,,,26.44000051E-6,-99.999994040E-3,,,,,26.44000051E-6,-7.20000029,
,,,26.48000009E-6,-39.99999911E-3,,,,,26.48000009E-6,-99.999994040E-3,,,,,26.48000009E-6,-7.20000029,
,,,26.52000148E-6,-59.999998659E-3,,,,,26.52000148E-6,-119.9999973E-3,,,,,26.52000148E-6,-7.20000029,
,,,26.56000106E-6,-39.99999911E-3,,,,,26.56000106E-6,-119.9999973E-3,,,,,26.56000106E-6,-7.20000029,
,,,26.60000064E-6,-59.999998659E-3,,,,,26.60000064E-6,-99.999994040E-3,,,,,26.60000064E-6,-8.000000000,
,,,26.64000021E-6,-39.99999911E-3,,,,,26.64000021E-6,-119.9999973E-3,,,,,26.64000021E-6,-8.000000000,
,,,26.68000161E-6,-39.99999911E-3,,,,,26.68000161E-6,-119.9999973E-3,,,,,26.68000161E-6,-7.20000029,
,,,26.72000119E-6,-39.99999911E-3,,,,,26.72000119E-6,-99.999994040E-3,,,,,26.72000119E-6,-8.000000000,
,,,26.76000076E-6,-39.99999911E-3,,,,,26.76000076E-6,-99.999994040E-3,,,,,26.76000076E-6,-8.000000000,
,,,26.80000034E-6,-59.999998659E-3,,,,,26.80000034E-6,-140.0000006E-3,,,,,26.80000034E-6,-8.000000000,
,,,26.84000174E-6,-39.99999911E-3,,,,,26.84000174E-6,-119.9999973E-3,,,,,26.84000174E-6,-8.000000000,
,,,26.88000131E-6,-59.999998659E-3,,,,,26.88000131E-6,-99.999994040E-3,,,,,26.88000131E-6,-8.000000000,
,,,26.92000089E-6,-19.9999996E-3,,,,,26.92000089E-6,-99.999994040E-3,,,,,26.92000089E-6,-8.000000000,
,,,26.96000047E-6,-19.9999996E-3,,,,,26.96000047E-6,-99.999994040E-3,,,,,26.96000047E-6,-8.000000000,
,,,27.00000186E-6,-39.99999911E-3,,,,,27.00000186E-6,-99.999994040E-3,,,,,27.00000186E-6,-8.000000000,
,,,27.04000144E-6,0.0,,,,,27.04000144E-6,-99.999994040E-3,,,,,27.04000144E-6,-8.000000000,
,,,27.08000102E-6,-39.99999911E-3,,,,,27.08000102E-6,-99.999994040E-3,,,,,27.08000102E-6,-8.000000000,
,,,27.12000060E-6,-39.99999911E-3,,,,,27.12000060E-6,-99.999994040E-3,,,,,27.12000060E-6,-8.000000000,
,,,27.16000017E-6,-59.999998659E-3,,,,,27.16000017E-6,-99.999994040E-3,,,,,27.16000017E-6,-8.000000000,
,,,27.20000157E-6,-39.99999911E-3,,,,,27.20000157E-6,-59.999998659E-3,,,,,27.20000157E-6,-8.000000000,
,,,27.24000115E-6,-39.99999911E-3,,,,,27.24000115E-6,-99.999994040E-3,,,,,27.24000115E-6,-8.000000000,
,,,27.28000072E-6,-39.99999911E-3,,,,,27.28000072E-6,-119.9999973E-3,,,,,27.28000072E-6,-8.000000000,
,,,27.32000030E-6,-39.99999911E-3,,,,,27.32000030E-6,-99.999994040E-3,,,,,27.32000030E-6,-8.000000000,
,,,27.36000170E-6,-39.99999911E-3,,,,,27.36000170E-6,-99.999994040E-3,,,,,27.36000170E-6,-8.800000191,
,,,27.40000127E-6,-19.9999996E-3,,,,,27.40000127E-6,-79.999998212E-3,,,,,27.40000127E-6,-8.000000000,
,,,27.44000085E-6,-39.99999911E-3,,,,,27.44000085E-6,-119.9999973E-3,,,,,27.44000085E-6,-8.800000191,
,,,27.48000043E-6,-39.99999911E-3,,,,,27.48000043E-6,-99.999994040E-3,,,,,27.48000043E-6,-8.000000000,
,,,27.52000182E-6,-39.99999911E-3,,,,,27.52000182E-6,-79.999998212E-3,,,,,27.52000182E-6,-8.000000000,
,,,27.56000140E-6,-19.9999996E-3,,,,,27.56000140E-6,-99.999994040E-3,,,,,27.56000140E-6,-8.000000000,
,,,27.60000098E-6,-39.99999911E-3,,,,,27.60000098E-6,-79.999998212E-3,,,,,27.60000098E-6,-8.000000000,
,,,27.64000055E-6,-19.9999996E-3,,,,,27.64000055E-6,-99.999994040E-3,,,,,27.64000055E-6,-8.000000000,
,,,27.68000013E-6,-39.99999911E-3,,,,,27.68000013E-6,-59.999998659E-3,,,,,27.68000013E-6,-8.000000000,
,,,27.72000153E-6,-39.99999911E-3,,,,,27.72000153E-6,-79.999998212E-3,,,,,27.72000153E-6,-8.000000000,
,,,27.76000110E-6,-39.99999911E-3,,,,,27.76000110E-6,-59.999998659E-3,,,,,27.76000110E-6,-8.000000000,
,,,27.80000068E-6,-19.9999996E-3,,,,,27.80000068E-6,-39.99999911E-3,,,,,27.80000068E-6,-8.000000000,
,,,27.84000026E-6,-39.99999911E-3,,,,,27.84000026E-6,-59.999998659E-3,,,,,27.84000026E-6,-7.20000029,
,,,27.88000165E-6,-39.99999911E-3,,,,,27.88000165E-6,-79.999998212E-3,,,,,27.88000165E-6,-7.20000029,
,,,27.92000123E-6,0.0,,,,,27.92000123E-6,-39.99999911E-3,,,,,27.92000123E-6,-8.000000000,
,,,27.96000081E-6,-39.99999911E-3,,,,,27.96000081E-6,-59.999998659E-3,,,,,27.96000081E-6,-7.20000029,
,,,28.00000038E-6,-39.99999911E-3,,,,,28.00000038E-6,-39.99999911E-3,,,,,28.00000038E-6,-7.20000029,
,,,28.04000178E-6,0.0,,,,,28.04000178E-6,-79.999998212E-3,,,,,28.04000178E-6,-8.000000000,
,,,28.08000136E-6,0.0,,,,,28.08000136E-6,-39.99999911E-3,,,,,28.08000136E-6,-7.20000029,
,,,28.12000093E-6,0.0,,,,,28.12000093E-6,-39.99999911E-3,,,,,28.12000093E-6,-7.20000029,
,,,28.16000051E-6,0.0,,,,,28.16000051E-6,-59.999998659E-3,,,,,28.16000051E-6,-7.20000029,
,,,28.20000009E-6,-39.99999911E-3,,,,,28.20000009E-6,-39.99999911E-3,,,,,28.20000009E-6,-7.20000029,
,,,28.24000148E-6,-19.9999996E-3,,,,,28.24000148E-6,-19.9999996E-3,,,,,28.24000148E-6,-7.20000029,
,,,28.28000106E-6,-19.9999996E-3,,,,,28.28000106E-6,-39.99999911E-3,,,,,28.28000106E-6,-6.40000010,
,,,28.32000064E-6,-39.99999911E-3,,,,,28.32000064E-6,-39.99999911E-3,,,,,28.32000064E-6,-6.40000010,
,,,28.36000021E-6,0.0,,,,,28.36000021E-6,-39.99999911E-3,,,,,28.36000021E-6,-6.40000010,
,,,28.40000161E-6,-19.9999996E-3,,,,,28.40000161E-6,-19.9999996E-3,,,,,28.40000161E-6,-6.40000010,
,,,28.44000119E-6,0.0,,,,,28.44000119E-6,-19.9999996E-3,,,,,28.44000119E-6,-6.40000010,
,,,28.48000076E-6,-19.9999996E-3,,,,,28.48000076E-6,-19.9999996E-3,,,,,28.48000076E-6,-6.40000010,
,,,28.52000034E-6,-39.99999911E-3,,,,,28.52000034E-6,-19.9999996E-3,,,,,28.52000034E-6,-6.40000010,
,,,28.56000174E-6,-19.9999996E-3,,,,,28.56000174E-6,-19.9999996E-3,,,,,28.56000174E-6,-5.59999990,
,,,28.60000131E-6,-19.9999996E-3,,,,,28.60000131E-6,-19.9999996E-3,,,,,28.60000131E-6,-5.59999990,
,,,28.64000089E-6,0.0,,,,,28.64000089E-6,-19.9999996E-3,,,,,28.64000089E-6,-5.59999990,
,,,28.68000047E-6,-39.99999911E-3,,,,,28.68000047E-6,-19.9999996E-3,,,,,28.68000047E-6,-5.59999990,
,,,28.72000005E-6,-19.9999996E-3,,,,,28.72000005E-6,-19.9999996E-3,,,,,28.72000005E-6,-4.80000019,
,,,28.76000144E-6,-19.9999996E-3,,,,,28.76000144E-6,0.0,,,,,28.76000144E-6,-5.59999990,
,,,28.80000102E-6,-39.99999911E-3,,,,,28.80000102E-6,0.0,,,,,28.80000102E-6,-4.80000019,
,,,28.84000060E-6,-19.9999996E-3,,,,,28.84000060E-6,0.0,,,,,28.84000060E-6,-4.80000019,
,,,28.88000017E-6,-19.9999996E-3,,,,,28.88000017E-6,0.0,,,,,28.88000017E-6,-4.80000019,
,,,28.92000157E-6,0.0,,,,,28.92000157E-6,0.0,,,,,28.92000157E-6,-4.80000019,
,,,28.96000115E-6,0.0,,,,,28.96000115E-6,-19.9999996E-3,,,,,28.96000115E-6,-4.80000019,
,,,29.00000072E-6,-19.9999996E-3,,,,,29.00000072E-6,19.9999996E-3,,,,,29.00000072E-6,-4.80000019,
,,,29.04000030E-6,0.0,,,,,29.04000030E-6,-19.9999996E-3,,,,,29.04000030E-6,-4.00000000,
,,,29.08000170E-6,0.0,,,,,29.08000170E-6,0.0,,,,,29.08000170E-6,-4.00000000,
,,,29.12000127E-6,0.0,,,,,29.12000127E-6,0.0,,,,,29.12000127E-6,-4.00000000,
,,,29.16000085E-6,-19.9999996E-3,,,,,29.16000085E-6,0.0,,,,,29.16000085E-6,-3.20000005,
,,,29.20000043E-6,0.0,,,,,29.20000043E-6,39.99999911E-3,,,,,29.20000043E-6,-3.20000005,
,,,29.24000182E-6,-19.9999996E-3,,,,,29.24000182E-6,0.0,,,,,29.24000182E-6,-3.20000005,
,,,29.28000140E-6,-39.99999911E-3,,,,,29.28000140E-6,39.99999911E-3,,,,,29.28000140E-6,-3.20000005,
,,,29.32000098E-6,0.0,,,,,29.32000098E-6,19.9999996E-3,,,,,29.32000098E-6,-3.20000005,
,,,29.36000055E-6,0.0,,,,,29.36000055E-6,19.9999996E-3,,,,,29.36000055E-6,-2.4000001,
,,,29.40000013E-6,-19.9999996E-3,,,,,29.40000013E-6,19.9999996E-3,,,,,29.40000013E-6,-3.20000005,
,,,29.44000153E-6,0.0,,,,,29.44000153E-6,0.0,,,,,29.44000153E-6,-2.4000001,
,,,29.48000110E-6,19.9999996E-3,,,,,29.48000110E-6,19.9999996E-3,,,,,29.48000110E-6,-2.4000001,
,,,29.52000068E-6,-19.9999996E-3,,,,,29.52000068E-6,19.9999996E-3,,,,,29.52000068E-6,-2.4000001,
,,,29.56000026E-6,0.0,,,,,29.56000026E-6,39.99999911E-3,,,,,29.56000026E-6,-2.4000001,
,,,29.60000165E-6,0.0,,,,,29.60000165E-6,19.9999996E-3,,,,,29.60000165E-6,-1.6000000,
,,,29.64000123E-6,19.9999996E-3,,,,,29.64000123E-6,39.99999911E-3,,,,,29.64000123E-6,-1.6000000,
,,,29.68000081E-6,19.9999996E-3,,,,,29.68000081E-6,39.99999911E-3,,,,,29.68000081E-6,-1.6000000,
,,,29.72000038E-6,0.0,,,,,29.72000038E-6,19.9999996E-3,,,,,29.72000038E-6,-800.000011921E-3,
,,,29.76000178E-6,0.0,,,,,29.76000178E-6,39.99999911E-3,,,,,29.76000178E-6,-800.000011921E-3,
,,,29.80000136E-6,-39.99999911E-3,,,,,29.80000136E-6,19.9999996E-3,,,,,29.80000136E-6,-800.000011921E-3,
,,,29.84000093E-6,-19.9999996E-3,,,,,29.84000093E-6,59.999998659E-3,,,,,29.84000093E-6,-800.000011921E-3,
,,,29.88000051E-6,0.0,,,,,29.88000051E-6,19.9999996E-3,,,,,29.88000051E-6,-800.000011921E-3,
,,,29.92000009E-6,0.0,,,,,29.92000009E-6,39.99999911E-3,,,,,29.92000009E-6,0.0,
,,,29.96000148E-6,0.0,,,,,29.96000148E-6,59.999998659E-3,,,,,29.96000148E-6,0.0,
,,,30.00000106E-6,0.0,,,,,30.00000106E-6,59.999998659E-3,,,,,30.00000106E-6,-800.000011921E-3,
,,,30.04000064E-6,-19.9999996E-3,,,,,30.04000064E-6,59.999998659E-3,,,,,30.04000064E-6,0.0,
,,,30.08000022E-6,0.0,,,,,30.08000022E-6,59.999998659E-3,,,,,30.08000022E-6,0.0,
,,,30.12000161E-6,0.0,,,,,30.12000161E-6,59.999998659E-3,,,,,30.12000161E-6,800.000011921E-3,
,,,30.16000119E-6,0.0,,,,,30.16000119E-6,79.999998212E-3,,,,,30.16000119E-6,800.000011921E-3,
,,,30.20000077E-6,0.0,,,,,30.20000077E-6,39.99999911E-3,,,,,30.20000077E-6,800.000011921E-3,
,,,30.24000034E-6,19.9999996E-3,,,,,30.24000034E-6,59.999998659E-3,,,,,30.24000034E-6,800.000011921E-3,
,,,30.28000174E-6,0.0,,,,,30.28000174E-6,39.99999911E-3,,,,,30.28000174E-6,800.000011921E-3,
,,,30.32000131E-6,19.9999996E-3,,,,,30.32000131E-6,59.999998659E-3,,,,,30.32000131E-6,800.000011921E-3,
,,,30.36000089E-6,19.9999996E-3,,,,,30.36000089E-6,59.999998659E-3,,,,,30.36000089E-6,1.6000000,
,,,30.40000047E-6,0.0,,,,,30.40000047E-6,59.999998659E-3,,,,,30.40000047E-6,1.6000000,
,,,30.44000005E-6,0.0,,,,,30.44000005E-6,59.999998659E-3,,,,,30.44000005E-6,1.6000000,
,,,30.48000144E-6,39.99999911E-3,,,,,30.48000144E-6,39.99999911E-3,,,,,30.48000144E-6,1.6000000,
,,,30.52000102E-6,19.9999996E-3,,,,,30.52000102E-6,39.99999911E-3,,,,,30.52000102E-6,1.6000000,
,,,30.56000060E-6,0.0,,,,,30.56000060E-6,79.999998212E-3,,,,,30.56000060E-6,2.4000001,
,,,30.60000017E-6,-19.9999996E-3,,,,,30.60000017E-6,59.999998659E-3,,,,,30.60000017E-6,1.6000000,
,,,30.63999975E-6,0.0,,,,,30.63999975E-6,59.999998659E-3,,,,,30.63999975E-6,2.4000001,
,,,30.67999933E-6,-19.9999996E-3,,,,,30.67999933E-6,59.999998659E-3,,,,,30.67999933E-6,2.4000001,
,,,30.72000254E-6,-19.9999996E-3,,,,,30.72000254E-6,39.99999911E-3,,,,,30.72000254E-6,3.20000005,
,,,30.76000212E-6,0.0,,,,,30.76000212E-6,39.99999911E-3,,,,,30.76000212E-6,3.20000005,
,,,30.80000170E-6,0.0,,,,,30.80000170E-6,79.999998212E-3,,,,,30.80000170E-6,3.20000005,
,,,30.84000127E-6,19.9999996E-3,,,,,30.84000127E-6,59.999998659E-3,,,,,30.84000127E-6,3.20000005,
,,,30.88000085E-6,19.9999996E-3,,,,,30.88000085E-6,59.999998659E-3,,,,,30.88000085E-6,3.20000005,
,,,30.92000043E-6,0.0,,,,,30.92000043E-6,79.999998212E-3,,,,,30.92000043E-6,3.20000005,
,,,30.96000000E-6,-19.9999996E-3,,,,,30.96000000E-6,39.99999911E-3,,,,,30.96000000E-6,3.20000005,
,,,30.99999958E-6,0.0,,,,,30.99999958E-6,79.999998212E-3,,,,,30.99999958E-6,3.20000005,
,,,31.03999916E-6,19.9999996E-3,,,,,31.03999916E-6,59.999998659E-3,,,,,31.03999916E-6,4.00000000,
,,,31.08000237E-6,0.0,,,,,31.08000237E-6,59.999998659E-3,,,,,31.08000237E-6,4.00000000,
,,,31.12000195E-6,-19.9999996E-3,,,,,31.12000195E-6,59.999998659E-3,,,,,31.12000195E-6,4.00000000,
,,,31.16000153E-6,0.0,,,,,31.16000153E-6,59.999998659E-3,,,,,31.16000153E-6,4.00000000,
,,,31.20000110E-6,-19.9999996E-3,,,,,31.20000110E-6,79.999998212E-3,,,,,31.20000110E-6,4.00000000,
,,,31.24000068E-6,0.0,,,,,31.24000068E-6,59.999998659E-3,,,,,31.24000068E-6,4.00000000,
,,,31.28000026E-6,0.0,,,,,31.28000026E-6,79.999998212E-3,,,,,31.28000026E-6,4.80000019,
,,,31.31999983E-6,-19.9999996E-3,,,,,31.31999983E-6,59.999998659E-3,,,,,31.31999983E-6,4.00000000,
,,,31.35999941E-6,0.0,,,,,31.35999941E-6,59.999998659E-3,,,,,31.35999941E-6,4.80000019,
,,,31.40000263E-6,-19.9999996E-3,,,,,31.40000263E-6,59.999998659E-3,,,,,31.40000263E-6,4.80000019,
,,,31.44000220E-6,19.9999996E-3,,,,,31.44000220E-6,59.999998659E-3,,,,,31.44000220E-6,4.80000019,
,,,31.48000178E-6,0.0,,,,,31.48000178E-6,59.999998659E-3,,,,,31.48000178E-6,4.80000019,
,,,31.52000136E-6,0.0,,,,,31.52000136E-6,39.99999911E-3,,,,,31.52000136E-6,4.80000019,
,,,31.56000093E-6,0.0,,,,,31.56000093E-6,39.99999911E-3,,,,,31.56000093E-6,4.80000019,
,,,31.60000051E-6,19.9999996E-3,,,,,31.60000051E-6,39.99999911E-3,,,,,31.60000051E-6,4.80000019,
,,,31.64000009E-6,0.0,,,,,31.64000009E-6,59.999998659E-3,,,,,31.64000009E-6,4.80000019,
,,,31.67999967E-6,0.0,,,,,31.67999967E-6,59.999998659E-3,,,,,31.67999967E-6,4.80000019,
,,,31.71999924E-6,0.0,,,,,31.71999924E-6,59.999998659E-3,,,,,31.71999924E-6,4.80000019,
,,,31.76000246E-6,0.0,,,,,31.76000246E-6,79.999998212E-3,,,,,31.76000246E-6,4.80000019,
,,,31.80000203E-6,0.0,,,,,31.80000203E-6,39.99999911E-3,,,,,31.80000203E-6,4.80000019,
,,,31.84000161E-6,0.0,,,,,31.84000161E-6,79.999998212E-3,,,,,31.84000161E-6,5.59999990,
,,,31.88000119E-6,-19.9999996E-3,,,,,31.88000119E-6,59.999998659E-3,,,,,31.88000119E-6,4.80000019,
,,,31.92000077E-6,0.0,,,,,31.92000077E-6,59.999998659E-3,,,,,31.92000077E-6,4.80000019,
,,,31.96000034E-6,-19.9999996E-3,,,,,31.96000034E-6,39.99999911E-3,,,,,31.96000034E-6,5.59999990,
,,,31.99999992E-6,0.0,,,,,31.99999992E-6,39.99999911E-3,,,,,31.99999992E-6,4.80000019,
,,,32.03999950E-6,0.0,,,,,32.03999950E-6,59.999998659E-3,,,,,32.03999950E-6,4.80000019,
,,,32.08000271E-6,0.0,,,,,32.08000271E-6,59.999998659E-3,,,,,32.08000271E-6,5.59999990,
,,,32.12000229E-6,19.9999996E-3,,,,,32.12000229E-6,19.9999996E-3,,,,,32.12000229E-6,5.59999990,
,,,32.16000187E-6,19.9999996E-3,,,,,32.16000187E-6,79.999998212E-3,,,,,32.16000187E-6,5.59999990,
,,,32.20000144E-6,0.0,,,,,32.20000144E-6,59.999998659E-3,,,,,32.20000144E-6,5.59999990,
,,,32.24000102E-6,19.9999996E-3,,,,,32.24000102E-6,59.999998659E-3,,,,,32.24000102E-6,5.59999990,
,,,32.28000060E-6,-19.9999996E-3,,,,,32.28000060E-6,39.99999911E-3,,,,,32.28000060E-6,5.59999990,
,,,32.32000017E-6,0.0,,,,,32.32000017E-6,59.999998659E-3,,,,,32.32000017E-6,5.59999990,
,,,32.35999975E-6,0.0,,,,,32.35999975E-6,59.999998659E-3,,,,,32.35999975E-6,5.59999990,
,,,32.39999933E-6,19.9999996E-3,,,,,32.39999933E-6,59.999998659E-3,,,,,32.39999933E-6,5.59999990,
,,,32.44000254E-6,-19.9999996E-3,,,,,32.44000254E-6,39.99999911E-3,,,,,32.44000254E-6,5.59999990,
,,,32.48000212E-6,0.0,,,,,32.48000212E-6,39.99999911E-3,,,,,32.48000212E-6,5.59999990,
,,,32.52000170E-6,0.0,,,,,32.52000170E-6,59.999998659E-3,,,,,32.52000170E-6,5.59999990,
,,,32.56000127E-6,0.0,,,,,32.56000127E-6,19.9999996E-3,,,,,32.56000127E-6,5.59999990,
,,,32.60000085E-6,0.0,,,,,32.60000085E-6,39.99999911E-3,,,,,32.60000085E-6,5.59999990,
,,,32.64000043E-6,-19.9999996E-3,,,,,32.64000043E-6,39.99999911E-3,,,,,32.64000043E-6,4.80000019,
,,,32.68000000E-6,0.0,,,,,32.68000000E-6,19.9999996E-3,,,,,32.68000000E-6,5.59999990,
,,,32.71999958E-6,-19.9999996E-3,,,,,32.71999958E-6,19.9999996E-3,,,,,32.71999958E-6,5.59999990,
,,,32.75999916E-6,0.0,,,,,32.75999916E-6,19.9999996E-3,,,,,32.75999916E-6,5.59999990,
,,,32.80000237E-6,0.0,,,,,32.80000237E-6,39.99999911E-3,,,,,32.80000237E-6,5.59999990,
,,,32.84000195E-6,0.0,,,,,32.84000195E-6,0.0,,,,,32.84000195E-6,4.80000019,
,,,32.88000153E-6,0.0,,,,,32.88000153E-6,39.99999911E-3,,,,,32.88000153E-6,4.80000019,
,,,32.92000110E-6,19.9999996E-3,,,,,32.92000110E-6,0.0,,,,,32.92000110E-6,4.80000019,
,,,32.96000068E-6,19.9999996E-3,,,,,32.96000068E-6,19.9999996E-3,,,,,32.96000068E-6,4.80000019,
,,,33.00000026E-6,0.0,,,,,33.00000026E-6,19.9999996E-3,,,,,33.00000026E-6,4.80000019,
,,,33.03999983E-6,-19.9999996E-3,,,,,33.03999983E-6,19.9999996E-3,,,,,33.03999983E-6,4.80000019,
,,,33.07999941E-6,-19.9999996E-3,,,,,33.07999941E-6,19.9999996E-3,,,,,33.07999941E-6,4.80000019,
,,,33.12000263E-6,-19.9999996E-3,,,,,33.12000263E-6,0.0,,,,,33.12000263E-6,4.80000019,
,,,33.16000220E-6,0.0,,,,,33.16000220E-6,0.0,,,,,33.16000220E-6,4.80000019,
,,,33.20000178E-6,-19.9999996E-3,,,,,33.20000178E-6,0.0,,,,,33.20000178E-6,4.00000000,
,,,33.24000136E-6,0.0,,,,,33.24000136E-6,19.9999996E-3,,,,,33.24000136E-6,4.00000000,
,,,33.28000093E-6,-19.9999996E-3,,,,,33.28000093E-6,39.99999911E-3,,,,,33.28000093E-6,4.00000000,
,,,33.32000051E-6,0.0,,,,,33.32000051E-6,19.9999996E-3,,,,,33.32000051E-6,4.00000000,
,,,33.36000009E-6,0.0,,,,,33.36000009E-6,19.9999996E-3,,,,,33.36000009E-6,4.80000019,
,,,33.39999967E-6,-19.9999996E-3,,,,,33.39999967E-6,0.0,,,,,33.39999967E-6,4.00000000,
,,,33.43999924E-6,-19.9999996E-3,,,,,33.43999924E-6,0.0,,,,,33.43999924E-6,4.00000000,
,,,33.48000246E-6,0.0,,,,,33.48000246E-6,0.0,,,,,33.48000246E-6,4.00000000,
,,,33.52000203E-6,0.0,,,,,33.52000203E-6,0.0,,,,,33.52000203E-6,4.00000000,
,,,33.56000161E-6,0.0,,,,,33.56000161E-6,-19.9999996E-3,,,,,33.56000161E-6,4.00000000,
,,,33.60000119E-6,0.0,,,,,33.60000119E-6,0.0,,,,,33.60000119E-6,4.00000000,
,,,33.64000077E-6,0.0,,,,,33.64000077E-6,0.0,,,,,33.64000077E-6,3.20000005,
,,,33.68000034E-6,-39.99999911E-3,,,,,33.68000034E-6,-19.9999996E-3,,,,,33.68000034E-6,3.20000005,
,,,33.71999992E-6,0.0,,,,,33.71999992E-6,19.9999996E-3,,,,,33.71999992E-6,3.20000005,
,,,33.75999950E-6,-19.9999996E-3,,,,,33.75999950E-6,-19.9999996E-3,,,,,33.75999950E-6,3.20000005,
,,,33.80000271E-6,-19.9999996E-3,,,,,33.80000271E-6,-19.9999996E-3,,,,,33.80000271E-6,3.20000005,
,,,33.84000229E-6,-19.9999996E-3,,,,,33.84000229E-6,-39.99999911E-3,,,,,33.84000229E-6,3.20000005,
,,,33.88000187E-6,-19.9999996E-3,,,,,33.88000187E-6,-39.99999911E-3,,,,,33.88000187E-6,3.20000005,
,,,33.92000144E-6,-19.9999996E-3,,,,,33.92000144E-6,-19.9999996E-3,,,,,33.92000144E-6,3.20000005,
,,,33.96000102E-6,-19.9999996E-3,,,,,33.96000102E-6,-19.9999996E-3,,,,,33.96000102E-6,2.4000001,
,,,34.00000060E-6,0.0,,,,,34.00000060E-6,-39.99999911E-3,,,,,34.00000060E-6,2.4000001,
,,,34.04000017E-6,-59.999998659E-3,,,,,34.04000017E-6,-19.9999996E-3,,,,,34.04000017E-6,2.4000001,
,,,34.07999975E-6,-39.99999911E-3,,,,,34.07999975E-6,-19.9999996E-3,,,,,34.07999975E-6,2.4000001,
,,,34.11999933E-6,-19.9999996E-3,,,,,34.11999933E-6,-39.99999911E-3,,,,,34.11999933E-6,2.4000001,
,,,34.16000254E-6,-19.9999996E-3,,,,,34.16000254E-6,-19.9999996E-3,,,,,34.16000254E-6,1.6000000,
,,,34.20000212E-6,-19.9999996E-3,,,,,34.20000212E-6,-19.9999996E-3,,,,,34.20000212E-6,2.4000001,
,,,34.24000170E-6,0.0,,,,,34.24000170E-6,-19.9999996E-3,,,,,34.24000170E-6,2.4000001,
,,,34.28000127E-6,0.0,,,,,34.28000127E-6,-19.9999996E-3,,,,,34.28000127E-6,1.6000000,
,,,34.32000085E-6,-39.99999911E-3,,,,,34.32000085E-6,-19.9999996E-3,,,,,34.32000085E-6,1.6000000,
,,,34.36000043E-6,-39.99999911E-3,,,,,34.36000043E-6,-39.99999911E-3,,,,,34.36000043E-6,1.6000000,
,,,34.40000000E-6,-19.9999996E-3,,,,,34.40000000E-6,-39.99999911E-3,,,,,34.40000000E-6,1.6000000,
,,,34.43999958E-6,-19.9999996E-3,,,,,34.43999958E-6,-19.9999996E-3,,,,,34.43999958E-6,800.000011921E-3,
,,,34.47999916E-6,-19.9999996E-3,,,,,34.47999916E-6,-19.9999996E-3,,,,,34.47999916E-6,800.000011921E-3,
,,,34.52000237E-6,-59.999998659E-3,,,,,34.52000237E-6,-19.9999996E-3,,,,,34.52000237E-6,800.000011921E-3,
,,,34.56000195E-6,-39.99999911E-3,,,,,34.56000195E-6,-39.99999911E-3,,,,,34.56000195E-6,800.000011921E-3,
,,,34.60000153E-6,-19.9999996E-3,,,,,34.60000153E-6,-39.99999911E-3,,,,,34.60000153E-6,800.000011921E-3,
,,,34.64000110E-6,-19.9999996E-3,,,,,34.64000110E-6,-39.99999911E-3,,,,,34.64000110E-6,800.000011921E-3,
,,,34.68000068E-6,-39.99999911E-3,,,,,34.68000068E-6,-59.999998659E-3,,,,,34.68000068E-6,0.0,
,,,34.72000026E-6,-39.99999911E-3,,,,,34.72000026E-6,-59.999998659E-3,,,,,34.72000026E-6,0.0,
,,,34.75999983E-6,-19.9999996E-3,,,,,34.75999983E-6,-59.999998659E-3,,,,,34.75999983E-6,0.0,
,,,34.79999941E-6,-39.99999911E-3,,,,,34.79999941E-6,-39.99999911E-3,,,,,34.79999941E-6,800.000011921E-3,
,,,34.84000263E-6,0.0,,,,,34.84000263E-6,-39.99999911E-3,,,,,34.84000263E-6,0.0,
,,,34.88000220E-6,-19.9999996E-3,,,,,34.88000220E-6,-39.99999911E-3,,,,,34.88000220E-6,0.0,
,,,34.92000178E-6,-39.99999911E-3,,,,,34.92000178E-6,-59.999998659E-3,,,,,34.92000178E-6,0.0,
,,,34.96000136E-6,0.0,,,,,34.96000136E-6,-59.999998659E-3,,,,,34.96000136E-6,0.0,
,,,35.00000093E-6,-19.9999996E-3,,,,,35.00000093E-6,-79.999998212E-3,,,,,35.00000093E-6,0.0,
,,,35.04000051E-6,-19.9999996E-3,,,,,35.04000051E-6,-59.999998659E-3,,,,,35.04000051E-6,0.0,
,,,35.08000009E-6,-39.99999911E-3,,,,,35.08000009E-6,-59.999998659E-3,,,,,35.08000009E-6,-800.000011921E-3,
,,,35.11999967E-6,-39.99999911E-3,,,,,35.11999967E-6,-59.999998659E-3,,,,,35.11999967E-6,-800.000011921E-3,
,,,35.15999924E-6,-39.99999911E-3,,,,,35.15999924E-6,-59.999998659E-3,,,,,35.15999924E-6,-800.000011921E-3,
,,,35.20000246E-6,-39.99999911E-3,,,,,35.20000246E-6,-79.999998212E-3,,,,,35.20000246E-6,-800.000011921E-3,
,,,35.24000203E-6,-19.9999996E-3,,,,,35.24000203E-6,-59.999998659E-3,,,,,35.24000203E-6,-800.000011921E-3,
,,,35.28000161E-6,-39.99999911E-3,,,,,35.28000161E-6,-99.999994040E-3,,,,,35.28000161E-6,-1.6000000,
,,,35.32000119E-6,-19.9999996E-3,,,,,35.32000119E-6,-79.999998212E-3,,,,,35.32000119E-6,-800.000011921E-3,
,,,35.36000077E-6,-39.99999911E-3,,,,,35.36000077E-6,-79.999998212E-3,,,,,35.36000077E-6,-1.6000000,
,,,35.40000034E-6,-19.9999996E-3,,,,,35.40000034E-6,-59.999998659E-3,,,,,35.40000034E-6,-1.6000000,
,,,35.43999992E-6,-19.9999996E-3,,,,,35.43999992E-6,-79.999998212E-3,,,,,35.43999992E-6,-1.6000000,
,,,35.47999950E-6,-39.99999911E-3,,,,,35.47999950E-6,-59.999998659E-3,,,,,35.47999950E-6,-1.6000000,
,,,35.52000271E-6,-19.9999996E-3,,,,,35.52000271E-6,-59.999998659E-3,,,,,35.52000271E-6,-1.6000000,
,,,35.56000229E-6,-19.9999996E-3,,,,,35.56000229E-6,-59.999998659E-3,,,,,35.56000229E-6,-2.4000001,
,,,35.60000187E-6,-39.99999911E-3,,,,,35.60000187E-6,-79.999998212E-3,,,,,35.60000187E-6,-1.6000000,
,,,35.64000144E-6,-39.99999911E-3,,,,,35.64000144E-6,-79.999998212E-3,,,,,35.64000144E-6,-2.4000001,
,,,35.68000102E-6,-19.9999996E-3,,,,,35.68000102E-6,-79.999998212E-3,,,,,35.68000102E-6,-2.4000001,
,,,35.72000060E-6,-39.99999911E-3,,,,,35.72000060E-6,-59.999998659E-3,,,,,35.72000060E-6,-2.4000001,
,,,35.76000017E-6,-19.9999996E-3,,,,,35.76000017E-6,-79.999998212E-3,,,,,35.76000017E-6,-2.4000001,
,,,35.79999975E-6,-39.99999911E-3,,,,,35.79999975E-6,-59.999998659E-3,,,,,35.79999975E-6,-2.4000001,
,,,35.83999933E-6,-19.9999996E-3,,,,,35.83999933E-6,-79.999998212E-3,,,,,35.83999933E-6,-2.4000001,
,,,35.88000254E-6,-19.9999996E-3,,,,,35.88000254E-6,-99.999994040E-3,,,,,35.88000254E-6,-2.4000001,
,,,35.92000212E-6,-39.99999911E-3,,,,,35.92000212E-6,-79.999998212E-3,,,,,35.92000212E-6,-2.4000001,
,,,35.96000170E-6,-39.99999911E-3,,,,,35.96000170E-6,-79.999998212E-3,,,,,35.96000170E-6,-3.20000005,
,,,36.00000127E-6,-19.9999996E-3,,,,,36.00000127E-6,-59.999998659E-3,,,,,36.00000127E-6,-3.20000005,
,,,36.04000085E-6,-39.99999911E-3,,,,,36.04000085E-6,-79.999998212E-3,,,,,36.04000085E-6,-3.20000005,
,,,36.08000043E-6,-39.99999911E-3,,,,,36.08000043E-6,-59.999998659E-3,,,,,36.08000043E-6,-3.20000005,
,,,36.12000000E-6,-59.999998659E-3,,,,,36.12000000E-6,-59.999998659E-3,,,,,36.12000000E-6,-3.20000005,
,,,36.15999958E-6,-19.9999996E-3,,,,,36.15999958E-6,-59.999998659E-3,,,,,36.15999958E-6,-3.20000005,
,,,36.19999916E-6,-39.99999911E-3,,,,,36.19999916E-6,-59.999998659E-3,,,,,36.19999916E-6,-3.20000005,
,,,36.24000237E-6,0.0,,,,,36.24000237E-6,-79.999998212E-3,,,,,36.24000237E-6,-3.20000005,
,,,36.28000195E-6,-39.99999911E-3,,,,,36.28000195E-6,-79.999998212E-3,,,,,36.28000195E-6,-4.00000000,
,,,36.32000153E-6,-19.9999996E-3,,,,,36.32000153E-6,-59.999998659E-3,,,,,36.32000153E-6,-3.20000005,
,,,36.36000110E-6,-39.99999911E-3,,,,,36.36000110E-6,-39.99999911E-3,,,,,36.36000110E-6,-4.00000000,
,,,36.40000068E-6,-39.99999911E-3,,,,,36.40000068E-6,-59.999998659E-3,,,,,36.40000068E-6,-3.20000005,
,,,36.44000026E-6,-19.9999996E-3,,,,,36.44000026E-6,-59.999998659E-3,,,,,36.44000026E-6,-4.00000000,
,,,36.47999984E-6,-19.9999996E-3,,,,,36.47999984E-6,-59.999998659E-3,,,,,36.47999984E-6,-4.00000000,
,,,36.51999941E-6,-19.9999996E-3,,,,,36.51999941E-6,-79.999998212E-3,,,,,36.51999941E-6,-4.00000000,
,,,36.56000263E-6,0.0,,,,,36.56000263E-6,-59.999998659E-3,,,,,36.56000263E-6,-4.00000000,
,,,36.60000220E-6,-19.9999996E-3,,,,,36.60000220E-6,-59.999998659E-3,,,,,36.60000220E-6,-4.00000000,
,,,36.64000178E-6,-39.99999911E-3,,,,,36.64000178E-6,-39.99999911E-3,,,,,36.64000178E-6,-4.00000000,
,,,36.68000136E-6,-39.99999911E-3,,,,,36.68000136E-6,-59.999998659E-3,,,,,36.68000136E-6,-4.00000000,
,,,36.72000094E-6,-39.99999911E-3,,,,,36.72000094E-6,-59.999998659E-3,,,,,36.72000094E-6,-4.00000000,
,,,36.76000051E-6,0.0,,,,,36.76000051E-6,-59.999998659E-3,,,,,36.76000051E-6,-4.00000000,
,,,36.80000009E-6,-19.9999996E-3,,,,,36.80000009E-6,-59.999998659E-3,,,,,36.80000009E-6,-4.00000000,
,,,36.83999967E-6,0.0,,,,,36.83999967E-6,-59.999998659E-3,,,,,36.83999967E-6,-4.00000000,
,,,36.87999924E-6,0.0,,,,,36.87999924E-6,-39.99999911E-3,,,,,36.87999924E-6,-4.00000000,
,,,36.92000246E-6,-39.99999911E-3,,,,,36.92000246E-6,-39.99999911E-3,,,,,36.92000246E-6,-4.00000000,
,,,36.96000203E-6,-39.99999911E-3,,,,,36.96000203E-6,-39.99999911E-3,,,,,36.96000203E-6,-4.00000000,
,,,37.00000161E-6,-59.999998659E-3,,,,,37.00000161E-6,-39.99999911E-3,,,,,37.00000161E-6,-4.00000000,
,,,37.04000119E-6,-39.99999911E-3,,,,,37.04000119E-6,-39.99999911E-3,,,,,37.04000119E-6,-4.00000000,
,,,37.08000077E-6,-39.99999911E-3,,,,,37.08000077E-6,-59.999998659E-3,,,,,37.08000077E-6,-4.00000000,
,,,37.12000034E-6,-39.99999911E-3,,,,,37.12000034E-6,-39.99999911E-3,,,,,37.12000034E-6,-4.00000000,
,,,37.15999992E-6,-59.999998659E-3,,,,,37.15999992E-6,-59.999998659E-3,,,,,37.15999992E-6,-4.00000000,
,,,37.19999950E-6,0.0,,,,,37.19999950E-6,-19.9999996E-3,,,,,37.19999950E-6,-4.00000000,
,,,37.24000271E-6,0.0,,,,,37.24000271E-6,-39.99999911E-3,,,,,37.24000271E-6,-4.00000000,
,,,37.28000229E-6,-19.9999996E-3,,,,,37.28000229E-6,-59.999998659E-3,,,,,37.28000229E-6,-4.00000000,
,,,37.32000187E-6,-39.99999911E-3,,,,,37.32000187E-6,-39.99999911E-3,,,,,37.32000187E-6,-4.00000000,
,,,37.36000144E-6,-39.99999911E-3,,,,,37.36000144E-6,-39.99999911E-3,,,,,37.36000144E-6,-4.00000000,
,,,37.40000102E-6,-19.9999996E-3,,,,,37.40000102E-6,-39.99999911E-3,,,,,37.40000102E-6,-4.00000000,
,,,37.44000060E-6,-19.9999996E-3,,,,,37.44000060E-6,-59.999998659E-3,,,,,37.44000060E-6,-4.00000000,
,,,37.48000017E-6,-19.9999996E-3,,,,,37.48000017E-6,-59.999998659E-3,,,,,37.48000017E-6,-4.00000000,
,,,37.51999975E-6,-19.9999996E-3,,,,,37.51999975E-6,-39.99999911E-3,,,,,37.51999975E-6,-4.00000000,
,,,37.55999933E-6,-19.9999996E-3,,,,,37.55999933E-6,-19.9999996E-3,,,,,37.55999933E-6,-4.00000000,
,,,37.60000254E-6,-19.9999996E-3,,,,,37.60000254E-6,-39.99999911E-3,,,,,37.60000254E-6,-4.00000000,
,,,37.64000212E-6,-39.99999911E-3,,,,,37.64000212E-6,-59.999998659E-3,,,,,37.64000212E-6,-4.00000000,
,,,37.68000170E-6,0.0,,,,,37.68000170E-6,-19.9999996E-3,,,,,37.68000170E-6,-4.00000000,
,,,37.72000127E-6,-39.99999911E-3,,,,,37.72000127E-6,-39.99999911E-3,,,,,37.72000127E-6,-4.00000000,
,,,37.76000085E-6,-39.99999911E-3,,,,,37.76000085E-6,-19.9999996E-3,,,,,37.76000085E-6,-4.00000000,
,,,37.80000043E-6,0.0,,,,,37.80000043E-6,-39.99999911E-3,,,,,37.80000043E-6,-3.20000005,
,,,37.84000000E-6,-19.9999996E-3,,,,,37.84000000E-6,-39.99999911E-3,,,,,37.84000000E-6,-4.00000000,
,,,37.87999958E-6,0.0,,,,,37.87999958E-6,-19.9999996E-3,,,,,37.87999958E-6,-4.00000000,
,,,37.91999916E-6,-19.9999996E-3,,,,,37.91999916E-6,-39.99999911E-3,,,,,37.91999916E-6,-4.00000000,
,,,37.96000237E-6,-19.9999996E-3,,,,,37.96000237E-6,-19.9999996E-3,,,,,37.96000237E-6,-4.00000000,
,,,38.00000195E-6,-19.9999996E-3,,,,,38.00000195E-6,-19.9999996E-3,,,,,38.00000195E-6,-4.00000000,
,,,38.04000153E-6,-19.9999996E-3,,,,,38.04000153E-6,-39.99999911E-3,,,,,38.04000153E-6,-4.00000000,
,,,38.08000110E-6,-39.99999911E-3,,,,,38.08000110E-6,-19.9999996E-3,,,,,38.08000110E-6,-4.00000000,
,,,38.12000068E-6,-19.9999996E-3,,,,,38.12000068E-6,-19.9999996E-3,,,,,38.12000068E-6,-4.00000000,
,,,38.16000026E-6,-39.99999911E-3,,,,,38.16000026E-6,-19.9999996E-3,,,,,38.16000026E-6,-3.20000005,
,,,38.19999984E-6,-19.9999996E-3,,,,,38.19999984E-6,-19.9999996E-3,,,,,38.19999984E-6,-4.00000000,
,,,38.23999941E-6,-19.9999996E-3,,,,,38.23999941E-6,-19.9999996E-3,,,,,38.23999941E-6,-3.20000005,
,,,38.28000263E-6,-19.9999996E-3,,,,,38.28000263E-6,-39.99999911E-3,,,,,38.28000263E-6,-3.20000005,
,,,38.32000220E-6,-59.999998659E-3,,,,,38.32000220E-6,-39.99999911E-3,,,,,38.32000220E-6,-3.20000005,
,,,38.36000178E-6,-19.9999996E-3,,,,,38.36000178E-6,-39.99999911E-3,,,,,38.36000178E-6,-3.20000005,
,,,38.40000136E-6,-19.9999996E-3,,,,,38.40000136E-6,-19.9999996E-3,,,,,38.40000136E-6,-3.20000005,
,,,38.44000094E-6,0.0,,,,,38.44000094E-6,-19.9999996E-3,,,,,38.44000094E-6,-3.20000005,
,,,38.48000051E-6,-19.9999996E-3,,,,,38.48000051E-6,0.0,,,,,38.48000051E-6,-3.20000005,
,,,38.52000009E-6,-19.9999996E-3,,,,,38.52000009E-6,-19.9999996E-3,,,,,38.52000009E-6,-3.20000005,
,,,38.55999967E-6,-19.9999996E-3,,,,,38.55999967E-6,-19.9999996E-3,,,,,38.55999967E-6,-2.4000001,
,,,38.59999924E-6,-39.99999911E-3,,,,,38.59999924E-6,-19.9999996E-3,,,,,38.59999924E-6,-3.20000005,
,,,38.64000246E-6,-19.9999996E-3,,,,,38.64000246E-6,-39.99999911E-3,,,,,38.64000246E-6,-2.4000001,
,,,38.68000204E-6,-19.9999996E-3,,,,,38.68000204E-6,-19.9999996E-3,,,,,38.68000204E-6,-3.20000005,
,,,38.72000161E-6,-19.9999996E-3,,,,,38.72000161E-6,0.0,,,,,38.72000161E-6,-2.4000001,
,,,38.76000119E-6,-19.9999996E-3,,,,,38.76000119E-6,0.0,,,,,38.76000119E-6,-2.4000001,
,,,38.80000077E-6,-19.9999996E-3,,,,,38.80000077E-6,0.0,,,,,38.80000077E-6,-2.4000001,
,,,38.84000034E-6,-39.99999911E-3,,,,,38.84000034E-6,-19.9999996E-3,,,,,38.84000034E-6,-2.4000001,
,,,38.87999992E-6,-19.9999996E-3,,,,,38.87999992E-6,-19.9999996E-3,,,,,38.87999992E-6,-2.4000001,
,,,38.91999950E-6,0.0,,,,,38.91999950E-6,-19.9999996E-3,,,,,38.91999950E-6,-2.4000001,
,,,38.95999907E-6,-39.99999911E-3,,,,,38.95999907E-6,0.0,,,,,38.95999907E-6,-2.4000001,
,,,39.00000229E-6,-19.9999996E-3,,,,,39.00000229E-6,0.0,,,,,39.00000229E-6,-2.4000001,
,,,39.04000187E-6,-39.99999911E-3,,,,,39.04000187E-6,0.0,,,,,39.04000187E-6,-2.4000001,
,,,39.08000144E-6,-19.9999996E-3,,,,,39.08000144E-6,0.0,,,,,39.08000144E-6,-1.6000000,
,,,39.12000102E-6,-19.9999996E-3,,,,,39.12000102E-6,0.0,,,,,39.12000102E-6,-2.4000001,
,,,39.16000060E-6,-19.9999996E-3,,,,,39.16000060E-6,0.0,,,,,39.16000060E-6,-1.6000000,
,,,39.20000017E-6,0.0,,,,,39.20000017E-6,0.0,,,,,39.20000017E-6,-1.6000000,
,,,39.23999975E-6,-19.9999996E-3,,,,,39.23999975E-6,0.0,,,,,39.23999975E-6,-1.6000000,
,,,39.27999933E-6,0.0,,,,,39.27999933E-6,0.0,,,,,39.27999933E-6,-1.6000000,
,,,39.32000254E-6,-19.9999996E-3,,,,,39.32000254E-6,-19.9999996E-3,,,,,39.32000254E-6,-1.6000000,
,,,39.36000212E-6,-19.9999996E-3,,,,,39.36000212E-6,-19.9999996E-3,,,,,39.36000212E-6,-1.6000000,
,,,39.40000170E-6,0.0,,,,,39.40000170E-6,39.99999911E-3,,,,,39.40000170E-6,-1.6000000,
,,,39.44000127E-6,-19.9999996E-3,,,,,39.44000127E-6,0.0,,,,,39.44000127E-6,-1.6000000,
,,,39.48000085E-6,-19.9999996E-3,,,,,39.48000085E-6,0.0,,,,,39.48000085E-6,-800.000011921E-3,
,,,39.52000043E-6,-19.9999996E-3,,,,,39.52000043E-6,0.0,,,,,39.52000043E-6,-1.6000000,
,,,39.56000000E-6,-19.9999996E-3,,,,,39.56000000E-6,19.9999996E-3,,,,,39.56000000E-6,-800.000011921E-3,
,,,39.59999958E-6,-19.9999996E-3,,,,,39.59999958E-6,19.9999996E-3,,,,,39.59999958E-6,-800.000011921E-3,
,,,39.63999916E-6,-39.99999911E-3,,,,,39.63999916E-6,0.0,,,,,39.63999916E-6,-800.000011921E-3,
,,,39.68000237E-6,0.0,,,,,39.68000237E-6,19.9999996E-3,,,,,39.68000237E-6,-800.000011921E-3,
,,,39.72000195E-6,-19.9999996E-3,,,,,39.72000195E-6,0.0,,,,,39.72000195E-6,-800.000011921E-3,
,,,39.76000153E-6,0.0,,,,,39.76000153E-6,19.9999996E-3,,,,,39.76000153E-6,-800.000011921E-3,
,,,39.80000110E-6,0.0,,,,,39.80000110E-6,0.0,,,,,39.80000110E-6,-800.000011921E-3,
,,,39.84000068E-6,0.0,,,,,39.84000068E-6,19.9999996E-3,,,,,39.84000068E-6,-800.000011921E-3,
,,,39.88000026E-6,-19.9999996E-3,,,,,39.88000026E-6,0.0,,,,,39.88000026E-6,-800.000011921E-3,
,,,39.91999984E-6,-39.99999911E-3,,,,,39.91999984E-6,-19.9999996E-3,,,,,39.91999984E-6,-800.000011921E-3,
,,,39.95999941E-6,-19.9999996E-3,,,,,39.95999941E-6,19.9999996E-3,,,,,39.95999941E-6,0.0,
,,,40.00000263E-6,-19.9999996E-3,,,,,40.00000263E-6,0.0,,,,,40.00000263E-6,0.0,
,,,40.04000220E-6,0.0,,,,,40.04000220E-6,19.9999996E-3,,,,,40.04000220E-6,0.0,
,,,40.08000178E-6,-19.9999996E-3,,,,,40.08000178E-6,19.9999996E-3,,,,,40.08000178E-6,0.0,
,,,40.12000136E-6,-19.9999996E-3,,,,,40.12000136E-6,19.9999996E-3,,,,,40.12000136E-6,0.0,
,,,40.16000094E-6,0.0,,,,,40.16000094E-6,19.9999996E-3,,,,,40.16000094E-6,800.000011921E-3,
,,,40.20000051E-6,-19.9999996E-3,,,,,40.20000051E-6,19.9999996E-3,,,,,40.20000051E-6,0.0,
,,,40.24000009E-6,-19.9999996E-3,,,,,40.24000009E-6,19.9999996E-3,,,,,40.24000009E-6,0.0,
,,,40.27999967E-6,-19.9999996E-3,,,,,40.27999967E-6,39.99999911E-3,,,,,40.27999967E-6,0.0,
,,,40.31999924E-6,0.0,,,,,40.31999924E-6,19.9999996E-3,,,,,40.31999924E-6,0.0,
,,,40.36000246E-6,-19.9999996E-3,,,,,40.36000246E-6,0.0,,,,,40.36000246E-6,800.000011921E-3,
,,,40.40000204E-6,-19.9999996E-3,,,,,40.40000204E-6,19.9999996E-3,,,,,40.40000204E-6,0.0,
,,,40.44000161E-6,-19.9999996E-3,,,,,40.44000161E-6,39.99999911E-3,,,,,40.44000161E-6,800.000011921E-3,
,,,40.48000119E-6,0.0,,,,,40.48000119E-6,19.9999996E-3,,,,,40.48000119E-6,800.000011921E-3,
,,,40.52000077E-6,-39.99999911E-3,,,,,40.52000077E-6,39.99999911E-3,,,,,40.52000077E-6,800.000011921E-3,
,,,40.56000034E-6,19.9999996E-3,,,,,40.56000034E-6,19.9999996E-3,,,,,40.56000034E-6,800.000011921E-3,
,,,40.59999992E-6,-19.9999996E-3,,,,,40.59999992E-6,59.999998659E-3,,,,,40.59999992E-6,800.000011921E-3,
,,,40.63999950E-6,0.0,,,,,40.63999950E-6,39.99999911E-3,,,,,40.63999950E-6,800.000011921E-3,
,,,40.67999907E-6,-39.99999911E-3,,,,,40.67999907E-6,19.9999996E-3,,,,,40.67999907E-6,1.6000000,
,,,40.72000229E-6,0.0,,,,,40.72000229E-6,19.9999996E-3,,,,,40.72000229E-6,1.6000000,
,,,40.76000187E-6,0.0,,,,,40.76000187E-6,19.9999996E-3,,,,,40.76000187E-6,800.000011921E-3,
,,,40.80000144E-6,-19.9999996E-3,,,,,40.80000144E-6,39.99999911E-3,,,,,40.80000144E-6,800.000011921E-3,
,,,40.84000102E-6,0.0,,,,,40.84000102E-6,0.0,,,,,40.84000102E-6,1.6000000,
,,,40.88000060E-6,0.0,,,,,40.88000060E-6,39.99999911E-3,,,,,40.88000060E-6,800.000011921E-3,
,,,40.92000017E-6,-19.9999996E-3,,,,,40.92000017E-6,19.9999996E-3,,,,,40.92000017E-6,1.6000000,
,,,40.95999975E-6,-19.9999996E-3,,,,,40.95999975E-6,19.9999996E-3,,,,,40.95999975E-6,1.6000000,
,,,40.99999933E-6,0.0,,,,,40.99999933E-6,19.9999996E-3,,,,,40.99999933E-6,1.6000000,
,,,41.04000254E-6,-19.9999996E-3,,,,,41.04000254E-6,19.9999996E-3,,,,,41.04000254E-6,1.6000000,
,,,41.08000212E-6,-19.9999996E-3,,,,,41.08000212E-6,19.9999996E-3,,,,,41.08000212E-6,1.6000000,
,,,41.12000170E-6,-19.9999996E-3,,,,,41.12000170E-6,0.0,,,,,41.12000170E-6,1.6000000,
,,,41.16000127E-6,-19.9999996E-3,,,,,41.16000127E-6,39.99999911E-3,,,,,41.16000127E-6,1.6000000,
,,,41.20000085E-6,0.0,,,,,41.20000085E-6,39.99999911E-3,,,,,41.20000085E-6,1.6000000,
,,,41.24000043E-6,0.0,,,,,41.24000043E-6,39.99999911E-3,,,,,41.24000043E-6,1.6000000,
,,,41.28000000E-6,-19.9999996E-3,,,,,41.28000000E-6,19.9999996E-3,,,,,41.28000000E-6,1.6000000,
,,,41.31999958E-6,-19.9999996E-3,,,,,41.31999958E-6,19.9999996E-3,,,,,41.31999958E-6,2.4000001,
,,,41.35999916E-6,0.0,,,,,41.35999916E-6,39.99999911E-3,,,,,41.35999916E-6,2.4000001,
,,,41.40000237E-6,-19.9999996E-3,,,,,41.40000237E-6,19.9999996E-3,,,,,41.40000237E-6,2.4000001,
,,,41.44000195E-6,19.9999996E-3,,,,,41.44000195E-6,19.9999996E-3,,,,,41.44000195E-6,1.6000000,
,,,41.48000153E-6,0.0,,,,,41.48000153E-6,59.999998659E-3,,,,,41.48000153E-6,1.6000000,
,,,41.52000110E-6,-19.9999996E-3,,,,,41.52000110E-6,39.99999911E-3,,,,,41.52000110E-6,1.6000000,
,,,41.56000068E-6,0.0,,,,,41.56000068E-6,19.9999996E-3,,,,,41.56000068E-6,2.4000001,
,,,41.60000026E-6,-19.9999996E-3,,,,,41.60000026E-6,19.9999996E-3,,,,,41.60000026E-6,1.6000000,
,,,41.63999984E-6,0.0,,,,,41.63999984E-6,19.9999996E-3,,,,,41.63999984E-6,2.4000001,
,,,41.67999941E-6,19.9999996E-3,,,,,41.67999941E-6,0.0,,,,,41.67999941E-6,2.4000001,
,,,41.72000263E-6,-19.9999996E-3,,,,,41.72000263E-6,39.99999911E-3,,,,,41.72000263E-6,2.4000001,
,,,41.76000220E-6,-19.9999996E-3,,,,,41.76000220E-6,39.99999911E-3,,,,,41.76000220E-6,2.4000001,
,,,41.80000178E-6,-19.9999996E-3,,,,,41.80000178E-6,19.9999996E-3,,,,,41.80000178E-6,2.4000001,
,,,41.84000136E-6,-19.9999996E-3,,,,,41.84000136E-6,19.9999996E-3,,,,,41.84000136E-6,2.4000001,
,,,41.88000094E-6,-19.9999996E-3,,,,,41.88000094E-6,19.9999996E-3,,,,,41.88000094E-6,2.4000001,
,,,41.92000051E-6,0.0,,,,,41.92000051E-6,39.99999911E-3,,,,,41.92000051E-6,2.4000001,
,,,41.96000009E-6,-19.9999996E-3,,,,,41.96000009E-6,0.0,,,,,41.96000009E-6,2.4000001,
,,,41.99999967E-6,0.0,,,,,41.99999967E-6,39.99999911E-3,,,,,41.99999967E-6,2.4000001,
,,,42.03999924E-6,0.0,,,,,42.03999924E-6,0.0,,,,,42.03999924E-6,1.6000000,
,,,42.08000246E-6,0.0,,,,,42.08000246E-6,19.9999996E-3,,,,,42.08000246E-6,2.4000001,
,,,42.12000204E-6,-19.9999996E-3,,,,,42.12000204E-6,0.0,,,,,42.12000204E-6,2.4000001,
,,,42.16000161E-6,-19.9999996E-3,,,,,42.16000161E-6,19.9999996E-3,,,,,42.16000161E-6,2.4000001,
,,,42.20000119E-6,0.0,,,,,42.20000119E-6,19.9999996E-3,,,,,42.20000119E-6,2.4000001,
,,,42.24000077E-6,-19.9999996E-3,,,,,42.24000077E-6,19.9999996E-3,,,,,42.24000077E-6,2.4000001,
,,,42.28000034E-6,0.0,,,,,42.28000034E-6,0.0,,,,,42.28000034E-6,2.4000001,
,,,42.31999992E-6,0.0,,,,,42.31999992E-6,19.9999996E-3,,,,,42.31999992E-6,1.6000000,
,,,42.35999950E-6,-19.9999996E-3,,,,,42.35999950E-6,0.0,,,,,42.35999950E-6,1.6000000,
,,,42.39999907E-6,-19.9999996E-3,,,,,42.39999907E-6,19.9999996E-3,,,,,42.39999907E-6,2.4000001,
,,,42.44000229E-6,-19.9999996E-3,,,,,42.44000229E-6,0.0,,,,,42.44000229E-6,2.4000001,
,,,42.48000187E-6,0.0,,,,,42.48000187E-6,19.9999996E-3,,,,,42.48000187E-6,2.4000001,
,,,42.52000144E-6,-19.9999996E-3,,,,,42.52000144E-6,19.9999996E-3,,,,,42.52000144E-6,2.4000001,
,,,42.56000102E-6,-19.9999996E-3,,,,,42.56000102E-6,39.99999911E-3,,,,,42.56000102E-6,2.4000001,
,,,42.60000060E-6,-19.9999996E-3,,,,,42.60000060E-6,19.9999996E-3,,,,,42.60000060E-6,2.4000001,
,,,42.64000017E-6,-19.9999996E-3,,,,,42.64000017E-6,-19.9999996E-3,,,,,42.64000017E-6,2.4000001,
,,,42.67999975E-6,0.0,,,,,42.67999975E-6,19.9999996E-3,,,,,42.67999975E-6,2.4000001,
,,,42.71999933E-6,-19.9999996E-3,,,,,42.71999933E-6,0.0,,,,,42.71999933E-6,2.4000001,
,,,42.76000254E-6,-19.9999996E-3,,,,,42.76000254E-6,0.0,,,,,42.76000254E-6,2.4000001,
,,,42.80000212E-6,0.0,,,,,42.80000212E-6,0.0,,,,,42.80000212E-6,1.6000000,
,,,42.84000170E-6,-39.99999911E-3,,,,,42.84000170E-6,0.0,,,,,42.84000170E-6,2.4000001,
,,,42.88000127E-6,0.0,,,,,42.88000127E-6,0.0,,,,,42.88000127E-6,2.4000001,
,,,42.92000085E-6,0.0,,,,,42.92000085E-6,0.0,,,,,42.92000085E-6,1.6000000,
,,,42.96000043E-6,-19.9999996E-3,,,,,42.96000043E-6,0.0,,,,,42.96000043E-6,1.6000000,
,,,43.00000001E-6,-19.9999996E-3,,,,,43.00000001E-6,0.0,,,,,43.00000001E-6,1.6000000,
,,,43.03999958E-6,-19.9999996E-3,,,,,43.03999958E-6,0.0,,,,,43.03999958E-6,2.4000001,
,,,43.07999916E-6,-19.9999996E-3,,,,,43.07999916E-6,0.0,,,,,43.07999916E-6,2.4000001,
,,,43.12000237E-6,-19.9999996E-3,,,,,43.12000237E-6,0.0,,,,,43.12000237E-6,2.4000001,
,,,43.16000195E-6,0.0,,,,,43.16000195E-6,-19.9999996E-3,,,,,43.16000195E-6,2.4000001,
,,,43.20000153E-6,-19.9999996E-3,,,,,43.20000153E-6,-19.9999996E-3,,,,,43.20000153E-6,1.6000000,
,,,43.24000111E-6,0.0,,,,,43.24000111E-6,19.9999996E-3,,,,,43.24000111E-6,1.6000000,
,,,43.28000068E-6,-59.999998659E-3,,,,,43.28000068E-6,-19.9999996E-3,,,,,43.28000068E-6,1.6000000,
,,,43.32000026E-6,-39.99999911E-3,,,,,43.32000026E-6,-19.9999996E-3,,,,,43.32000026E-6,1.6000000,
,,,43.35999984E-6,-39.99999911E-3,,,,,43.35999984E-6,0.0,,,,,43.35999984E-6,1.6000000,
,,,43.39999941E-6,-19.9999996E-3,,,,,43.39999941E-6,0.0,,,,,43.39999941E-6,1.6000000,
,,,43.44000263E-6,-19.9999996E-3,,,,,43.44000263E-6,0.0,,,,,43.44000263E-6,1.6000000,
,,,43.48000220E-6,-19.9999996E-3,,,,,43.48000220E-6,-19.9999996E-3,,,,,43.48000220E-6,1.6000000,
,,,43.52000178E-6,-19.9999996E-3,,,,,43.52000178E-6,-19.9999996E-3,,,,,43.52000178E-6,1.6000000,
,,,43.56000136E-6,-19.9999996E-3,,,,,43.56000136E-6,0.0,,,,,43.56000136E-6,1.6000000,
,,,43.60000094E-6,0.0,,,,,43.60000094E-6,-19.9999996E-3,,,,,43.60000094E-6,1.6000000,
,,,43.64000051E-6,-19.9999996E-3,,,,,43.64000051E-6,0.0,,,,,43.64000051E-6,1.6000000,
,,,43.68000009E-6,-19.9999996E-3,,,,,43.68000009E-6,0.0,,,,,43.68000009E-6,800.000011921E-3,
,,,43.71999967E-6,-19.9999996E-3,,,,,43.71999967E-6,0.0,,,,,43.71999967E-6,1.6000000,
,,,43.75999924E-6,-39.99999911E-3,,,,,43.75999924E-6,0.0,,,,,43.75999924E-6,800.000011921E-3,
,,,43.80000246E-6,-19.9999996E-3,,,,,43.80000246E-6,0.0,,,,,43.80000246E-6,1.6000000,
,,,43.84000204E-6,-19.9999996E-3,,,,,43.84000204E-6,0.0,,,,,43.84000204E-6,1.6000000,
,,,43.88000161E-6,0.0,,,,,43.88000161E-6,-19.9999996E-3,,,,,43.88000161E-6,800.000011921E-3,
,,,43.92000119E-6,-19.9999996E-3,,,,,43.92000119E-6,0.0,,,,,43.92000119E-6,1.6000000,
,,,43.96000077E-6,-39.99999911E-3,,,,,43.96000077E-6,0.0,,,,,43.96000077E-6,800.000011921E-3,
,,,44.00000034E-6,-19.9999996E-3,,,,,44.00000034E-6,-19.9999996E-3,,,,,44.00000034E-6,800.000011921E-3,
,,,44.03999992E-6,-39.99999911E-3,,,,,44.03999992E-6,-19.9999996E-3,,,,,44.03999992E-6,800.000011921E-3,
,,,44.07999950E-6,-19.9999996E-3,,,,,44.07999950E-6,0.0,,,,,44.07999950E-6,800.000011921E-3,
,,,44.11999907E-6,-19.9999996E-3,,,,,44.11999907E-6,0.0,,,,,44.11999907E-6,800.000011921E-3,
,,,44.16000229E-6,0.0,,,,,44.16000229E-6,-19.9999996E-3,,,,,44.16000229E-6,800.000011921E-3,
,,,44.20000187E-6,-39.99999911E-3,,,,,44.20000187E-6,19.9999996E-3,,,,,44.20000187E-6,800.000011921E-3,
,,,44.24000144E-6,0.0,,,,,44.24000144E-6,-19.9999996E-3,,,,,44.24000144E-6,800.000011921E-3,
,,,44.28000102E-6,19.9999996E-3,,,,,44.28000102E-6,19.9999996E-3,,,,,44.28000102E-6,800.000011921E-3,
,,,44.32000060E-6,-19.9999996E-3,,,,,44.32000060E-6,-19.9999996E-3,,,,,44.32000060E-6,800.000011921E-3,
,,,44.36000017E-6,-39.99999911E-3,,,,,44.36000017E-6,-39.99999911E-3,,,,,44.36000017E-6,800.000011921E-3,
,,,44.39999975E-6,0.0,,,,,44.39999975E-6,0.0,,,,,44.39999975E-6,800.000011921E-3,
,,,44.43999933E-6,-19.9999996E-3,,,,,44.43999933E-6,-19.9999996E-3,,,,,44.43999933E-6,800.000011921E-3,
,,,44.48000254E-6,0.0,,,,,44.48000254E-6,-19.9999996E-3,,,,,44.48000254E-6,0.0,
,,,44.52000212E-6,-19.9999996E-3,,,,,44.52000212E-6,-19.9999996E-3,,,,,44.52000212E-6,0.0,
,,,44.56000170E-6,-39.99999911E-3,,,,,44.56000170E-6,-19.9999996E-3,,,,,44.56000170E-6,800.000011921E-3,
,,,44.60000127E-6,-19.9999996E-3,,,,,44.60000127E-6,-39.99999911E-3,,,,,44.60000127E-6,0.0,
,,,44.64000085E-6,-39.99999911E-3,,,,,44.64000085E-6,-39.99999911E-3,,,,,44.64000085E-6,0.0,
,,,44.68000043E-6,-19.9999996E-3,,,,,44.68000043E-6,-19.9999996E-3,,,,,44.68000043E-6,0.0,
,,,44.72000001E-6,-39.99999911E-3,,,,,44.72000001E-6,-39.99999911E-3,,,,,44.72000001E-6,0.0,
,,,44.75999958E-6,-19.9999996E-3,,,,,44.75999958E-6,-19.9999996E-3,,,,,44.75999958E-6,0.0,
,,,44.79999916E-6,-39.99999911E-3,,,,,44.79999916E-6,-19.9999996E-3,,,,,44.79999916E-6,0.0,
,,,44.84000237E-6,-19.9999996E-3,,,,,44.84000237E-6,-39.99999911E-3,,,,,44.84000237E-6,0.0,
,,,44.88000195E-6,-19.9999996E-3,,,,,44.88000195E-6,-39.99999911E-3,,,,,44.88000195E-6,0.0,
,,,44.92000153E-6,-19.9999996E-3,,,,,44.92000153E-6,-39.99999911E-3,,,,,44.92000153E-6,0.0,
,,,44.96000111E-6,-19.9999996E-3,,,,,44.96000111E-6,-19.9999996E-3,,,,,44.96000111E-6,0.0,
,,,45.00000068E-6,-39.99999911E-3,,,,,45.00000068E-6,-39.99999911E-3,,,,,45.00000068E-6,0.0,
,,,45.04000026E-6,0.0,,,,,45.04000026E-6,-19.9999996E-3,,,,,45.04000026E-6,0.0,
,,,45.07999984E-6,-39.99999911E-3,,,,,45.07999984E-6,-39.99999911E-3,,,,,45.07999984E-6,-800.000011921E-3,
,,,45.11999941E-6,-19.9999996E-3,,,,,45.11999941E-6,-19.9999996E-3,,,,,45.11999941E-6,-800.000011921E-3,
,,,45.16000263E-6,-19.9999996E-3,,,,,45.16000263E-6,-19.9999996E-3,,,,,45.16000263E-6,0.0,
,,,45.20000221E-6,-19.9999996E-3,,,,,45.20000221E-6,-39.99999911E-3,,,,,45.20000221E-6,0.0,
,,,45.24000178E-6,0.0,,,,,45.24000178E-6,0.0,,,,,45.24000178E-6,0.0,
,,,45.28000136E-6,-19.9999996E-3,,,,,45.28000136E-6,-19.9999996E-3,,,,,45.28000136E-6,-800.000011921E-3,
,,,45.32000094E-6,-19.9999996E-3,,,,,45.32000094E-6,0.0,,,,,45.32000094E-6,-800.000011921E-3,
,,,45.36000051E-6,-19.9999996E-3,,,,,45.36000051E-6,0.0,,,,,45.36000051E-6,-800.000011921E-3,
,,,45.40000009E-6,-19.9999996E-3,,,,,45.40000009E-6,-39.99999911E-3,,,,,45.40000009E-6,-800.000011921E-3,
,,,45.43999967E-6,-19.9999996E-3,,,,,45.43999967E-6,-39.99999911E-3,,,,,45.43999967E-6,-800.000011921E-3,
,,,45.47999924E-6,-19.9999996E-3,,,,,45.47999924E-6,-39.99999911E-3,,,,,45.47999924E-6,-800.000011921E-3,
,,,45.52000246E-6,-19.9999996E-3,,,,,45.52000246E-6,-39.99999911E-3,,,,,45.52000246E-6,-800.000011921E-3,
,,,45.56000204E-6,-19.9999996E-3,,,,,45.56000204E-6,-39.99999911E-3,,,,,45.56000204E-6,-800.000011921E-3,
,,,45.60000161E-6,-19.9999996E-3,,,,,45.60000161E-6,-39.99999911E-3,,,,,45.60000161E-6,-800.000011921E-3,
,,,45.64000119E-6,-39.99999911E-3,,,,,45.64000119E-6,-19.9999996E-3,,,,,45.64000119E-6,-800.000011921E-3,
,,,45.68000077E-6,-19.9999996E-3,,,,,45.68000077E-6,-39.99999911E-3,,,,,45.68000077E-6,-800.000011921E-3,
,,,45.72000034E-6,-19.9999996E-3,,,,,45.72000034E-6,-39.99999911E-3,,,,,45.72000034E-6,-1.6000000,
,,,45.75999992E-6,-19.9999996E-3,,,,,45.75999992E-6,-39.99999911E-3,,,,,45.75999992E-6,-800.000011921E-3,
,,,45.79999950E-6,-19.9999996E-3,,,,,45.79999950E-6,-19.9999996E-3,,,,,45.79999950E-6,-800.000011921E-3,
,,,45.83999907E-6,-39.99999911E-3,,,,,45.83999907E-6,-19.9999996E-3,,,,,45.83999907E-6,-800.000011921E-3,
,,,45.88000229E-6,-39.99999911E-3,,,,,45.88000229E-6,-39.99999911E-3,,,,,45.88000229E-6,-800.000011921E-3,
,,,45.92000187E-6,-39.99999911E-3,,,,,45.92000187E-6,-19.9999996E-3,,,,,45.92000187E-6,-800.000011921E-3,
,,,45.96000144E-6,0.0,,,,,45.96000144E-6,-39.99999911E-3,,,,,45.96000144E-6,-1.6000000,
,,,46.00000102E-6,-19.9999996E-3,,,,,46.00000102E-6,-39.99999911E-3,,,,,46.00000102E-6,-1.6000000,
,,,46.04000060E-6,-19.9999996E-3,,,,,46.04000060E-6,-19.9999996E-3,,,,,46.04000060E-6,-1.6000000,
,,,46.08000017E-6,-19.9999996E-3,,,,,46.08000017E-6,-19.9999996E-3,,,,,46.08000017E-6,-800.000011921E-3,
,,,46.11999975E-6,0.0,,,,,46.11999975E-6,-39.99999911E-3,,,,,46.11999975E-6,-1.6000000,
,,,46.15999933E-6,0.0,,,,,46.15999933E-6,-19.9999996E-3,,,,,46.15999933E-6,-800.000011921E-3,
,,,46.20000254E-6,0.0,,,,,46.20000254E-6,-19.9999996E-3,,,,,46.20000254E-6,-1.6000000,
,,,46.24000212E-6,-39.99999911E-3,,,,,46.24000212E-6,-39.99999911E-3,,,,,46.24000212E-6,-1.6000000,
,,,46.28000170E-6,19.9999996E-3,,,,,46.28000170E-6,-19.9999996E-3,,,,,46.28000170E-6,-1.6000000,
,,,46.32000127E-6,-19.9999996E-3,,,,,46.32000127E-6,-39.99999911E-3,,,,,46.32000127E-6,-1.6000000,
,,,46.36000085E-6,-19.9999996E-3,,,,,46.36000085E-6,-39.99999911E-3,,,,,46.36000085E-6,-1.6000000,
,,,46.40000043E-6,-39.99999911E-3,,,,,46.40000043E-6,-39.99999911E-3,,,,,46.40000043E-6,-1.6000000,
,,,46.44000001E-6,-39.99999911E-3,,,,,46.44000001E-6,-19.9999996E-3,,,,,46.44000001E-6,-1.6000000,
,,,46.47999958E-6,-19.9999996E-3,,,,,46.47999958E-6,-39.99999911E-3,,,,,46.47999958E-6,-1.6000000,
,,,46.51999916E-6,-19.9999996E-3,,,,,46.51999916E-6,-19.9999996E-3,,,,,46.51999916E-6,-1.6000000,
,,,46.56000237E-6,-19.9999996E-3,,,,,46.56000237E-6,-39.99999911E-3,,,,,46.56000237E-6,-1.6000000,
,,,46.60000195E-6,-19.9999996E-3,,,,,46.60000195E-6,-39.99999911E-3,,,,,46.60000195E-6,-1.6000000,
,,,46.64000153E-6,-19.9999996E-3,,,,,46.64000153E-6,-19.9999996E-3,,,,,46.64000153E-6,-1.6000000,
,,,46.68000111E-6,0.0,,,,,46.68000111E-6,-19.9999996E-3,,,,,46.68000111E-6,-1.6000000,
,,,46.72000068E-6,-19.9999996E-3,,,,,46.72000068E-6,-59.999998659E-3,,,,,46.72000068E-6,-1.6000000,
,,,46.76000026E-6,-39.99999911E-3,,,,,46.76000026E-6,-19.9999996E-3,,,,,46.76000026E-6,-1.6000000,
,,,46.79999984E-6,-19.9999996E-3,,,,,46.79999984E-6,-39.99999911E-3,,,,,46.79999984E-6,-1.6000000,
,,,46.83999941E-6,0.0,,,,,46.83999941E-6,-19.9999996E-3,,,,,46.83999941E-6,-1.6000000,
,,,46.88000263E-6,-19.9999996E-3,,,,,46.88000263E-6,-39.99999911E-3,,,,,46.88000263E-6,-1.6000000,
,,,46.92000221E-6,0.0,,,,,46.92000221E-6,-39.99999911E-3,,,,,46.92000221E-6,-1.6000000,
,,,46.96000178E-6,-39.99999911E-3,,,,,46.96000178E-6,-19.9999996E-3,,,,,46.96000178E-6,-1.6000000,
,,,47.00000136E-6,-39.99999911E-3,,,,,47.00000136E-6,-39.99999911E-3,,,,,47.00000136E-6,-1.6000000,
,,,47.04000094E-6,-39.99999911E-3,,,,,47.04000094E-6,-19.9999996E-3,,,,,47.04000094E-6,-1.6000000,
,,,47.08000051E-6,-19.9999996E-3,,,,,47.08000051E-6,-39.99999911E-3,,,,,47.08000051E-6,-1.6000000,
,,,47.12000009E-6,-19.9999996E-3,,,,,47.12000009E-6,-19.9999996E-3,,,,,47.12000009E-6,-1.6000000,
,,,47.15999967E-6,-19.9999996E-3,,,,,47.15999967E-6,-59.999998659E-3,,,,,47.15999967E-6,-1.6000000,
,,,47.19999924E-6,-19.9999996E-3,,,,,47.19999924E-6,-19.9999996E-3,,,,,47.19999924E-6,-1.6000000,
,,,47.24000246E-6,-19.9999996E-3,,,,,47.24000246E-6,-19.9999996E-3,,,,,47.24000246E-6,-1.6000000,
,,,47.28000204E-6,-19.9999996E-3,,,,,47.28000204E-6,-19.9999996E-3,,,,,47.28000204E-6,-1.6000000,
,,,47.32000161E-6,0.0,,,,,47.32000161E-6,0.0,,,,,47.32000161E-6,-1.6000000,
,,,47.36000119E-6,-39.99999911E-3,,,,,47.36000119E-6,-39.99999911E-3,,,,,47.36000119E-6,-1.6000000,
,,,47.40000077E-6,-39.99999911E-3,,,,,47.40000077E-6,-19.9999996E-3,,,,,47.40000077E-6,-1.6000000,
,,,47.44000034E-6,-39.99999911E-3,,,,,47.44000034E-6,-19.9999996E-3,,,,,47.44000034E-6,-1.6000000,
,,,47.47999992E-6,-19.9999996E-3,,,,,47.47999992E-6,-39.99999911E-3,,,,,47.47999992E-6,-1.6000000,
,,,47.51999950E-6,0.0,,,,,47.51999950E-6,-19.9999996E-3,,,,,47.51999950E-6,-1.6000000,
,,,47.55999908E-6,-39.99999911E-3,,,,,47.55999908E-6,-39.99999911E-3,,,,,47.55999908E-6,-1.6000000,
,,,47.60000229E-6,0.0,,,,,47.60000229E-6,0.0,,,,,47.60000229E-6,-1.6000000,
,,,47.64000187E-6,-39.99999911E-3,,,,,47.64000187E-6,-39.99999911E-3,,,,,47.64000187E-6,-1.6000000,
,,,47.68000144E-6,0.0,,,,,47.68000144E-6,-19.9999996E-3,,,,,47.68000144E-6,-1.6000000,
,,,47.72000102E-6,-19.9999996E-3,,,,,47.72000102E-6,-19.9999996E-3,,,,,47.72000102E-6,-1.6000000,
,,,47.76000060E-6,-19.9999996E-3,,,,,47.76000060E-6,-19.9999996E-3,,,,,47.76000060E-6,-1.6000000,
,,,47.80000017E-6,-39.99999911E-3,,,,,47.80000017E-6,-19.9999996E-3,,,,,47.80000017E-6,-1.6000000,
,,,47.83999975E-6,-19.9999996E-3,,,,,47.83999975E-6,-39.99999911E-3,,,,,47.83999975E-6,-1.6000000,
,,,47.87999933E-6,-39.99999911E-3,,,,,47.87999933E-6,-19.9999996E-3,,,,,47.87999933E-6,-2.4000001,
,,,47.92000254E-6,-19.9999996E-3,,,,,47.92000254E-6,-19.9999996E-3,,,,,47.92000254E-6,-1.6000000,
,,,47.96000212E-6,19.9999996E-3,,,,,47.96000212E-6,-19.9999996E-3,,,,,47.96000212E-6,-1.6000000,
,,,48.00000170E-6,-39.99999911E-3,,,,,48.00000170E-6,-19.9999996E-3,,,,,48.00000170E-6,-1.6000000,
,,,48.04000127E-6,-39.99999911E-3,,,,,48.04000127E-6,-19.9999996E-3,,,,,48.04000127E-6,-800.000011921E-3,
,,,48.08000085E-6,0.0,,,,,48.08000085E-6,0.0,,,,,48.08000085E-6,-1.6000000,
,,,48.12000043E-6,-19.9999996E-3,,,,,48.12000043E-6,0.0,,,,,48.12000043E-6,-1.6000000,
,,,48.16000001E-6,0.0,,,,,48.16000001E-6,-19.9999996E-3,,,,,48.16000001E-6,-1.6000000,
,,,48.19999958E-6,0.0,,,,,48.19999958E-6,19.9999996E-3,,,,,48.19999958E-6,-1.6000000,
,,,48.23999916E-6,-39.99999911E-3,,,,,48.23999916E-6,19.9999996E-3,,,,,48.23999916E-6,-1.6000000,
,,,48.28000237E-6,-39.99999911E-3,,,,,48.28000237E-6,-19.9999996E-3,,,,,48.28000237E-6,-1.6000000,
,,,48.32000195E-6,-39.99999911E-3,,,,,48.32000195E-6,-39.99999911E-3,,,,,48.32000195E-6,-1.6000000,
,,,48.36000153E-6,-19.9999996E-3,,,,,48.36000153E-6,-39.99999911E-3,,,,,48.36000153E-6,-1.6000000,
,,,48.40000111E-6,-19.9999996E-3,,,,,48.40000111E-6,-19.9999996E-3,,,,,48.40000111E-6,-1.6000000,
,,,48.44000068E-6,-19.9999996E-3,,,,,48.44000068E-6,-39.99999911E-3,,,,,48.44000068E-6,-1.6000000,
,,,48.48000026E-6,0.0,,,,,48.48000026E-6,-19.9999996E-3,,,,,48.48000026E-6,-1.6000000,
,,,48.51999984E-6,-19.9999996E-3,,,,,48.51999984E-6,0.0,,,,,48.51999984E-6,-1.6000000,
,,,48.55999941E-6,-39.99999911E-3,,,,,48.55999941E-6,-19.9999996E-3,,,,,48.55999941E-6,-1.6000000,
,,,48.60000263E-6,-39.99999911E-3,,,,,48.60000263E-6,-39.99999911E-3,,,,,48.60000263E-6,-800.000011921E-3,
,,,48.64000221E-6,-19.9999996E-3,,,,,48.64000221E-6,-19.9999996E-3,,,,,48.64000221E-6,-1.6000000,
,,,48.68000178E-6,-19.9999996E-3,,,,,48.68000178E-6,-39.99999911E-3,,,,,48.68000178E-6,-1.6000000,
,,,48.72000136E-6,-19.9999996E-3,,,,,48.72000136E-6,-19.9999996E-3,,,,,48.72000136E-6,-800.000011921E-3,
,,,48.76000094E-6,0.0,,,,,48.76000094E-6,-19.9999996E-3,,,,,48.76000094E-6,-1.6000000,
,,,48.80000051E-6,-19.9999996E-3,,,,,48.80000051E-6,-19.9999996E-3,,,,,48.80000051E-6,-800.000011921E-3,
,,,48.84000009E-6,-19.9999996E-3,,,,,48.84000009E-6,0.0,,,,,48.84000009E-6,-800.000011921E-3,
,,,48.87999967E-6,-19.9999996E-3,,,,,48.87999967E-6,-39.99999911E-3,,,,,48.87999967E-6,-800.000011921E-3,
,,,48.91999924E-6,-19.9999996E-3,,,,,48.91999924E-6,-39.99999911E-3,,,,,48.91999924E-6,-1.6000000,
,,,48.96000246E-6,-19.9999996E-3,,,,,48.96000246E-6,-19.9999996E-3,,,,,48.96000246E-6,-800.000011921E-3,
,,,49.00000204E-6,-19.9999996E-3,,,,,49.00000204E-6,0.0,,,,,49.00000204E-6,-1.6000000,
,,,49.04000161E-6,-19.9999996E-3,,,,,49.04000161E-6,-39.99999911E-3,,,,,49.04000161E-6,-800.000011921E-3,
,,,49.08000119E-6,-19.9999996E-3,,,,,49.08000119E-6,-19.9999996E-3,,,,,49.08000119E-6,-800.000011921E-3,
,,,49.12000077E-6,0.0,,,,,49.12000077E-6,0.0,,,,,49.12000077E-6,-800.000011921E-3,
,,,49.16000034E-6,0.0,,,,,49.16000034E-6,0.0,,,,,49.16000034E-6,-800.000011921E-3,
,,,49.19999992E-6,19.9999996E-3,,,,,49.19999992E-6,-39.99999911E-3,,,,,49.19999992E-6,-800.000011921E-3,
,,,49.23999950E-6,-39.99999911E-3,,,,,49.23999950E-6,-19.9999996E-3,,,,,49.23999950E-6,-800.000011921E-3,
,,,49.27999908E-6,0.0,,,,,49.27999908E-6,-19.9999996E-3,,,,,49.27999908E-6,-800.000011921E-3,
,,,49.32000229E-6,0.0,,,,,49.32000229E-6,-19.9999996E-3,,,,,49.32000229E-6,-800.000011921E-3,
,,,49.36000187E-6,19.9999996E-3,,,,,49.36000187E-6,-19.9999996E-3,,,,,49.36000187E-6,-800.000011921E-3,
,,,49.40000144E-6,0.0,,,,,49.40000144E-6,0.0,,,,,49.40000144E-6,-800.000011921E-3,
,,,49.44000102E-6,-19.9999996E-3,,,,,49.44000102E-6,0.0,,,,,49.44000102E-6,-800.000011921E-3,
,,,49.48000060E-6,0.0,,,,,49.48000060E-6,-19.9999996E-3,,,,,49.48000060E-6,-800.000011921E-3,
,,,49.52000018E-6,-19.9999996E-3,,,,,49.52000018E-6,-39.99999911E-3,,,,,49.52000018E-6,-800.000011921E-3,
,,,49.55999975E-6,-19.9999996E-3,,,,,49.55999975E-6,0.0,,,,,49.55999975E-6,-800.000011921E-3,
,,,49.59999933E-6,-19.9999996E-3,,,,,49.59999933E-6,-39.99999911E-3,,,,,49.59999933E-6,-800.000011921E-3,
,,,49.64000254E-6,-39.99999911E-3,,,,,49.64000254E-6,0.0,,,,,49.64000254E-6,-800.000011921E-3,
,,,49.68000212E-6,-19.9999996E-3,,,,,49.68000212E-6,19.9999996E-3,,,,,49.68000212E-6,0.0,
,,,49.72000170E-6,-39.99999911E-3,,,,,49.72000170E-6,0.0,,,,,49.72000170E-6,-800.000011921E-3,
,,,49.76000127E-6,-19.9999996E-3,,,,,49.76000127E-6,-19.9999996E-3,,,,,49.76000127E-6,-800.000011921E-3,
,,,49.80000085E-6,-19.9999996E-3,,,,,49.80000085E-6,19.9999996E-3,,,,,49.80000085E-6,0.0,
,,,49.84000043E-6,-19.9999996E-3,,,,,49.84000043E-6,-19.9999996E-3,,,,,49.84000043E-6,0.0,
,,,49.88000001E-6,-19.9999996E-3,,,,,49.88000001E-6,0.0,,,,,49.88000001E-6,-800.000011921E-3,
,,,49.91999958E-6,-39.99999911E-3,,,,,49.91999958E-6,0.0,,,,,49.91999958E-6,-800.000011921E-3,
,,,49.95999916E-6,-19.9999996E-3,,,,,49.95999916E-6,-19.9999996E-3,,,,,49.95999916E-6,0.0,
,,,50.00000237E-6,-19.9999996E-3,,,,,50.00000237E-6,0.0,,,,,50.00000237E-6,0.0,
,,,50.04000195E-6,0.0,,,,,50.04000195E-6,0.0,,,,,50.04000195E-6,0.0,
,,,50.08000153E-6,-19.9999996E-3,,,,,50.08000153E-6,19.9999996E-3,,,,,50.08000153E-6,-800.000011921E-3,
,,,50.12000111E-6,-19.9999996E-3,,,,,50.12000111E-6,0.0,,,,,50.12000111E-6,0.0,
,,,50.16000068E-6,-39.99999911E-3,,,,,50.16000068E-6,0.0,,,,,50.16000068E-6,0.0,
,,,50.20000026E-6,-19.9999996E-3,,,,,50.20000026E-6,-19.9999996E-3,,,,,50.20000026E-6,0.0,
,,,50.23999984E-6,0.0,,,,,50.23999984E-6,0.0,,,,,50.23999984E-6,0.0,
,,,50.27999941E-6,0.0,,,,,50.27999941E-6,-19.9999996E-3,,,,,50.27999941E-6,0.0,
,,,50.32000263E-6,-19.9999996E-3,,,,,50.32000263E-6,0.0,,,,,50.32000263E-6,0.0,
,,,50.36000221E-6,-19.9999996E-3,,,,,50.36000221E-6,19.9999996E-3,,,,,50.36000221E-6,0.0,
,,,50.40000178E-6,0.0,,,,,50.40000178E-6,0.0,,,,,50.40000178E-6,0.0,
,,,50.44000136E-6,-19.9999996E-3,,,,,50.44000136E-6,0.0,,,,,50.44000136E-6,0.0,
,,,50.48000094E-6,-19.9999996E-3,,,,,50.48000094E-6,0.0,,,,,50.48000094E-6,0.0,
,,,50.52000051E-6,-19.9999996E-3,,,,,50.52000051E-6,-19.9999996E-3,,,,,50.52000051E-6,0.0,
,,,50.56000009E-6,-39.99999911E-3,,,,,50.56000009E-6,0.0,,,,,50.56000009E-6,0.0,
,,,50.59999967E-6,-39.99999911E-3,,,,,50.59999967E-6,0.0,,,,,50.59999967E-6,0.0,
,,,50.63999924E-6,-19.9999996E-3,,,,,50.63999924E-6,0.0,,,,,50.63999924E-6,0.0,
,,,50.68000246E-6,-19.9999996E-3,,,,,50.68000246E-6,19.9999996E-3,,,,,50.68000246E-6,0.0,
,,,50.72000204E-6,-19.9999996E-3,,,,,50.72000204E-6,-19.9999996E-3,,,,,50.72000204E-6,0.0,
,,,50.76000161E-6,-39.99999911E-3,,,,,50.76000161E-6,-19.9999996E-3,,,,,50.76000161E-6,0.0,
,,,50.80000119E-6,0.0,,,,,50.80000119E-6,0.0,,,,,50.80000119E-6,0.0,
,,,50.84000077E-6,-19.9999996E-3,,,,,50.84000077E-6,-19.9999996E-3,,,,,50.84000077E-6,0.0,
,,,50.88000034E-6,0.0,,,,,50.88000034E-6,0.0,,,,,50.88000034E-6,0.0,
,,,50.91999992E-6,-39.99999911E-3,,,,,50.91999992E-6,0.0,,,,,50.91999992E-6,0.0,
,,,50.95999950E-6,-39.99999911E-3,,,,,50.95999950E-6,19.9999996E-3,,,,,50.95999950E-6,0.0,
,,,50.99999908E-6,-19.9999996E-3,,,,,50.99999908E-6,0.0,,,,,50.99999908E-6,0.0,
,,,51.04000229E-6,0.0,,,,,51.04000229E-6,-19.9999996E-3,,,,,51.04000229E-6,0.0,
,,,51.08000187E-6,-19.9999996E-3,,,,,51.08000187E-6,-19.9999996E-3,,,,,51.08000187E-6,0.0,
,,,51.12000144E-6,-39.99999911E-3,,,,,51.12000144E-6,-19.9999996E-3,,,,,51.12000144E-6,800.000011921E-3,
,,,51.16000102E-6,-19.9999996E-3,,,,,51.16000102E-6,19.9999996E-3,,,,,51.16000102E-6,800.000011921E-3,
,,,51.20000060E-6,-19.9999996E-3,,,,,51.20000060E-6,0.0,,,,,51.20000060E-6,0.0,
,,,51.24000018E-6,0.0,,,,,51.24000018E-6,0.0,,,,,51.24000018E-6,800.000011921E-3,
,,,51.27999975E-6,0.0,,,,,51.27999975E-6,0.0,,,,,51.27999975E-6,800.000011921E-3,
,,,51.31999933E-6,-19.9999996E-3,,,,,51.31999933E-6,0.0,,,,,51.31999933E-6,800.000011921E-3,
,,,51.36000254E-6,-19.9999996E-3,,,,,51.36000254E-6,-19.9999996E-3,,,,,51.36000254E-6,800.000011921E-3,
,,,51.40000212E-6,-19.9999996E-3,,,,,51.40000212E-6,-19.9999996E-3,,,,,51.40000212E-6,800.000011921E-3,
,,,51.44000170E-6,-19.9999996E-3,,,,,51.44000170E-6,0.0,,,,,51.44000170E-6,800.000011921E-3,
,,,51.48000128E-6,-19.9999996E-3,,,,,51.48000128E-6,0.0,,,,,51.48000128E-6,800.000011921E-3,
,,,51.52000085E-6,-19.9999996E-3,,,,,51.52000085E-6,-19.9999996E-3,,,,,51.52000085E-6,800.000011921E-3,
,,,51.56000043E-6,-19.9999996E-3,,,,,51.56000043E-6,-19.9999996E-3,,,,,51.56000043E-6,800.000011921E-3,
,,,51.60000001E-6,-19.9999996E-3,,,,,51.60000001E-6,19.9999996E-3,,,,,51.60000001E-6,800.000011921E-3,
,,,51.63999958E-6,0.0,,,,,51.63999958E-6,0.0,,,,,51.63999958E-6,800.000011921E-3,
,,,51.67999916E-6,-19.9999996E-3,,,,,51.67999916E-6,-19.9999996E-3,,,,,51.67999916E-6,800.000011921E-3,
,,,51.72000238E-6,-19.9999996E-3,,,,,51.72000238E-6,0.0,,,,,51.72000238E-6,800.000011921E-3,
,,,51.76000195E-6,-39.99999911E-3,,,,,51.76000195E-6,0.0,,,,,51.76000195E-6,0.0,
,,,51.80000153E-6,-19.9999996E-3,,,,,51.80000153E-6,-19.9999996E-3,,,,,51.80000153E-6,0.0,
,,,51.84000111E-6,0.0,,,,,51.84000111E-6,0.0,,,,,51.84000111E-6,800.000011921E-3,
,,,51.88000068E-6,0.0,,,,,51.88000068E-6,0.0,,,,,51.88000068E-6,0.0,
,,,51.92000026E-6,-19.9999996E-3,,,,,51.92000026E-6,-19.9999996E-3,,,,,51.92000026E-6,0.0,
,,,51.95999984E-6,-39.99999911E-3,,,,,51.95999984E-6,0.0,,,,,51.95999984E-6,0.0,
,,,51.99999941E-6,-19.9999996E-3,,,,,51.99999941E-6,0.0,,,,,51.99999941E-6,0.0,
,,,52.03999899E-6,-19.9999996E-3,,,,,52.03999899E-6,-19.9999996E-3,,,,,52.03999899E-6,0.0,
,,,52.08000221E-6,-19.9999996E-3,,,,,52.08000221E-6,0.0,,,,,52.08000221E-6,800.000011921E-3,
,,,52.12000178E-6,-19.9999996E-3,,,,,52.12000178E-6,-19.9999996E-3,,,,,52.12000178E-6,0.0,
,,,52.16000136E-6,-19.9999996E-3,,,,,52.16000136E-6,-19.9999996E-3,,,,,52.16000136E-6,800.000011921E-3,
,,,52.20000094E-6,-19.9999996E-3,,,,,52.20000094E-6,0.0,,,,,52.20000094E-6,0.0,
,,,52.24000051E-6,0.0,,,,,52.24000051E-6,-19.9999996E-3,,,,,52.24000051E-6,0.0,
,,,52.28000009E-6,0.0,,,,,52.28000009E-6,0.0,,,,,52.28000009E-6,800.000011921E-3,
,,,52.31999967E-6,-19.9999996E-3,,,,,52.31999967E-6,19.9999996E-3,,,,,52.31999967E-6,0.0,
,,,52.35999924E-6,-19.9999996E-3,,,,,52.35999924E-6,0.0,,,,,52.35999924E-6,800.000011921E-3,
,,,52.40000246E-6,0.0,,,,,52.40000246E-6,0.0,,,,,52.40000246E-6,0.0,
,,,52.44000204E-6,-19.9999996E-3,,,,,52.44000204E-6,19.9999996E-3,,,,,52.44000204E-6,0.0,
,,,52.48000161E-6,-19.9999996E-3,,,,,52.48000161E-6,-19.9999996E-3,,,,,52.48000161E-6,800.000011921E-3,
,,,52.52000119E-6,-19.9999996E-3,,,,,52.52000119E-6,-19.9999996E-3,,,,,52.52000119E-6,800.000011921E-3,
,,,52.56000077E-6,-39.99999911E-3,,,,,52.56000077E-6,-19.9999996E-3,,,,,52.56000077E-6,800.000011921E-3,
,,,52.60000034E-6,-19.9999996E-3,,,,,52.60000034E-6,0.0,,,,,52.60000034E-6,800.000011921E-3,
,,,52.63999992E-6,-39.99999911E-3,,,,,52.63999992E-6,0.0,,,,,52.63999992E-6,800.000011921E-3,
,,,52.67999950E-6,-19.9999996E-3,,,,,52.67999950E-6,-19.9999996E-3,,,,,52.67999950E-6,800.000011921E-3,
,,,52.71999908E-6,-19.9999996E-3,,,,,52.71999908E-6,-19.9999996E-3,,,,,52.71999908E-6,800.000011921E-3,
,,,52.76000229E-6,0.0,,,,,52.76000229E-6,0.0,,,,,52.76000229E-6,800.000011921E-3,
,,,52.80000187E-6,0.0,,,,,52.80000187E-6,0.0,,,,,52.80000187E-6,800.000011921E-3,
,,,52.84000144E-6,-19.9999996E-3,,,,,52.84000144E-6,19.9999996E-3,,,,,52.84000144E-6,800.000011921E-3,
,,,52.88000102E-6,-19.9999996E-3,,,,,52.88000102E-6,-19.9999996E-3,,,,,52.88000102E-6,800.000011921E-3,
,,,52.92000060E-6,-39.99999911E-3,,,,,52.92000060E-6,-19.9999996E-3,,,,,52.92000060E-6,800.000011921E-3,
,,,52.96000018E-6,-19.9999996E-3,,,,,52.96000018E-6,19.9999996E-3,,,,,52.96000018E-6,800.000011921E-3,
,,,52.99999975E-6,-39.99999911E-3,,,,,52.99999975E-6,-19.9999996E-3,,,,,52.99999975E-6,0.0,
,,,53.03999933E-6,0.0,,,,,53.03999933E-6,0.0,,,,,53.03999933E-6,800.000011921E-3,
,,,53.08000254E-6,0.0,,,,,53.08000254E-6,-19.9999996E-3,,,,,53.08000254E-6,800.000011921E-3,
,,,53.12000212E-6,0.0,,,,,53.12000212E-6,0.0,,,,,53.12000212E-6,0.0,
,,,53.16000170E-6,0.0,,,,,53.16000170E-6,0.0,,,,,53.16000170E-6,800.000011921E-3,
,,,53.20000128E-6,-39.99999911E-3,,,,,53.20000128E-6,0.0,,,,,53.20000128E-6,800.000011921E-3,
,,,53.24000085E-6,0.0,,,,,53.24000085E-6,-19.9999996E-3,,,,,53.24000085E-6,0.0,
,,,53.28000043E-6,-39.99999911E-3,,,,,53.28000043E-6,-19.9999996E-3,,,,,53.28000043E-6,800.000011921E-3,
,,,53.32000001E-6,0.0,,,,,53.32000001E-6,0.0,,,,,53.32000001E-6,0.0,
,,,53.35999958E-6,0.0,,,,,53.35999958E-6,0.0,,,,,53.35999958E-6,800.000011921E-3,
,,,53.39999916E-6,-19.9999996E-3,,,,,53.39999916E-6,0.0,,,,,53.39999916E-6,0.0,
,,,53.44000238E-6,-19.9999996E-3,,,,,53.44000238E-6,-19.9999996E-3,,,,,53.44000238E-6,0.0,
,,,53.48000195E-6,-19.9999996E-3,,,,,53.48000195E-6,-19.9999996E-3,,,,,53.48000195E-6,800.000011921E-3,
,,,53.52000153E-6,-19.9999996E-3,,,,,53.52000153E-6,19.9999996E-3,,,,,53.52000153E-6,0.0,
,,,53.56000111E-6,-39.99999911E-3,,,,,53.56000111E-6,-19.9999996E-3,,,,,53.56000111E-6,800.000011921E-3,
,,,53.60000068E-6,-39.99999911E-3,,,,,53.60000068E-6,-19.9999996E-3,,,,,53.60000068E-6,800.000011921E-3,
,,,53.64000026E-6,-19.9999996E-3,,,,,53.64000026E-6,-19.9999996E-3,,,,,53.64000026E-6,800.000011921E-3,
,,,53.67999984E-6,-19.9999996E-3,,,,,53.67999984E-6,-19.9999996E-3,,,,,53.67999984E-6,800.000011921E-3,
,,,53.71999941E-6,-19.9999996E-3,,,,,53.71999941E-6,0.0,,,,,53.71999941E-6,0.0,
,,,53.75999899E-6,-19.9999996E-3,,,,,53.75999899E-6,0.0,,,,,53.75999899E-6,800.000011921E-3,
,,,53.80000221E-6,-19.9999996E-3,,,,,53.80000221E-6,0.0,,,,,53.80000221E-6,0.0,
,,,53.84000178E-6,-19.9999996E-3,,,,,53.84000178E-6,-19.9999996E-3,,,,,53.84000178E-6,0.0,
,,,53.88000136E-6,-39.99999911E-3,,,,,53.88000136E-6,-19.9999996E-3,,,,,53.88000136E-6,800.000011921E-3,
,,,53.92000094E-6,0.0,,,,,53.92000094E-6,0.0,,,,,53.92000094E-6,800.000011921E-3,
,,,53.96000051E-6,-19.9999996E-3,,,,,53.96000051E-6,-19.9999996E-3,,,,,53.96000051E-6,800.000011921E-3,
,,,54.00000009E-6,0.0,,,,,54.00000009E-6,-19.9999996E-3,,,,,54.00000009E-6,0.0,
,,,54.03999967E-6,-39.99999911E-3,,,,,54.03999967E-6,-19.9999996E-3,,,,,54.03999967E-6,0.0,
,,,54.07999925E-6,0.0,,,,,54.07999925E-6,-19.9999996E-3,,,,,54.07999925E-6,0.0,
,,,54.12000246E-6,-19.9999996E-3,,,,,54.12000246E-6,0.0,,,,,54.12000246E-6,0.0,
,,,54.16000204E-6,0.0,,,,,54.16000204E-6,-19.9999996E-3,,,,,54.16000204E-6,800.000011921E-3,
,,,54.20000161E-6,0.0,,,,,54.20000161E-6,-19.9999996E-3,,,,,54.20000161E-6,0.0,
,,,54.24000119E-6,0.0,,,,,54.24000119E-6,-39.99999911E-3,,,,,54.24000119E-6,0.0,
,,,54.28000077E-6,-19.9999996E-3,,,,,54.28000077E-6,0.0,,,,,54.28000077E-6,0.0,
,,,54.32000034E-6,-19.9999996E-3,,,,,54.32000034E-6,0.0,,,,,54.32000034E-6,0.0,
,,,54.35999992E-6,-39.99999911E-3,,,,,54.35999992E-6,-19.9999996E-3,,,,,54.35999992E-6,0.0,
,,,54.39999950E-6,-39.99999911E-3,,,,,54.39999950E-6,-19.9999996E-3,,,,,54.39999950E-6,0.0,
,,,54.43999908E-6,-19.9999996E-3,,,,,54.43999908E-6,-19.9999996E-3,,,,,54.43999908E-6,0.0,
,,,54.48000229E-6,-19.9999996E-3,,,,,54.48000229E-6,-19.9999996E-3,,,,,54.48000229E-6,0.0,
,,,54.52000187E-6,-19.9999996E-3,,,,,54.52000187E-6,-19.9999996E-3,,,,,54.52000187E-6,0.0,
,,,54.56000144E-6,-19.9999996E-3,,,,,54.56000144E-6,-19.9999996E-3,,,,,54.56000144E-6,0.0,
,,,54.600001022E-6,-19.9999996E-3,,,,,54.600001022E-6,0.0,,,,,54.600001022E-6,0.0,
,,,54.640000599E-6,-19.9999996E-3,,,,,54.640000599E-6,-19.9999996E-3,,,,,54.640000599E-6,0.0,
,,,54.680000176E-6,-39.99999911E-3,,,,,54.680000176E-6,0.0,,,,,54.680000176E-6,0.0,
,,,54.719999753E-6,-39.99999911E-3,,,,,54.719999753E-6,-19.9999996E-3,,,,,54.719999753E-6,0.0,
,,,54.759999330E-6,19.9999996E-3,,,,,54.759999330E-6,0.0,,,,,54.759999330E-6,0.0,
,,,54.800002545E-6,-39.99999911E-3,,,,,54.800002545E-6,-39.99999911E-3,,,,,54.800002545E-6,0.0,
,,,54.840002122E-6,-19.9999996E-3,,,,,54.840002122E-6,19.9999996E-3,,,,,54.840002122E-6,0.0,
,,,54.880001699E-6,-39.99999911E-3,,,,,54.880001699E-6,-39.99999911E-3,,,,,54.880001699E-6,0.0,
,,,54.920001276E-6,-19.9999996E-3,,,,,54.920001276E-6,-39.99999911E-3,,,,,54.920001276E-6,0.0,
,,,54.960000853E-6,-19.9999996E-3,,,,,54.960000853E-6,0.0,,,,,54.960000853E-6,0.0,
,,,55.000000430E-6,-19.9999996E-3,,,,,55.000000430E-6,-19.9999996E-3,,,,,55.000000430E-6,0.0,
,,,55.040000007E-6,-19.9999996E-3,,,,,55.040000007E-6,-19.9999996E-3,,,,,55.040000007E-6,-800.000011921E-3,
,,,55.079999584E-6,-19.9999996E-3,,,,,55.079999584E-6,-39.99999911E-3,,,,,55.079999584E-6,0.0,
,,,55.119999161E-6,19.9999996E-3,,,,,55.119999161E-6,-19.9999996E-3,,,,,55.119999161E-6,0.0,
,,,55.160002375E-6,0.0,,,,,55.160002375E-6,-19.9999996E-3,,,,,55.160002375E-6,0.0,
,,,55.200001952E-6,-19.9999996E-3,,,,,55.200001952E-6,-19.9999996E-3,,,,,55.200001952E-6,0.0,
,,,55.240001529E-6,0.0,,,,,55.240001529E-6,0.0,,,,,55.240001529E-6,0.0,
,,,55.280001106E-6,-19.9999996E-3,,,,,55.280001106E-6,-19.9999996E-3,,,,,55.280001106E-6,0.0,
,,,55.320000683E-6,0.0,,,,,55.320000683E-6,-19.9999996E-3,,,,,55.320000683E-6,-800.000011921E-3,
,,,55.360000260E-6,-19.9999996E-3,,,,,55.360000260E-6,-19.9999996E-3,,,,,55.360000260E-6,0.0,
,,,55.399999837E-6,-19.9999996E-3,,,,,55.399999837E-6,0.0,,,,,55.399999837E-6,0.0,
,,,55.439999414E-6,0.0,,,,,55.439999414E-6,-19.9999996E-3,,,,,55.439999414E-6,0.0,
,,,55.479998991E-6,-39.99999911E-3,,,,,55.479998991E-6,-39.99999911E-3,,,,,55.479998991E-6,0.0,
,,,55.520002206E-6,0.0,,,,,55.520002206E-6,-19.9999996E-3,,,,,55.520002206E-6,0.0,
,,,55.560001783E-6,-39.99999911E-3,,,,,55.560001783E-6,-39.99999911E-3,,,,,55.560001783E-6,0.0,
,,,55.600001360E-6,-19.9999996E-3,,,,,55.600001360E-6,0.0,,,,,55.600001360E-6,0.0,
,,,55.640000937E-6,-19.9999996E-3,,,,,55.640000937E-6,0.0,,,,,55.640000937E-6,-800.000011921E-3,
,,,55.680000514E-6,0.0,,,,,55.680000514E-6,-19.9999996E-3,,,,,55.680000514E-6,0.0,
,,,55.720000091E-6,-39.99999911E-3,,,,,55.720000091E-6,-19.9999996E-3,,,,,55.720000091E-6,-800.000011921E-3,
,,,55.759999668E-6,-39.99999911E-3,,,,,55.759999668E-6,-19.9999996E-3,,,,,55.759999668E-6,-800.000011921E-3,
,,,55.799999245E-6,-19.9999996E-3,,,,,55.799999245E-6,-19.9999996E-3,,,,,55.799999245E-6,0.0,
,,,55.840002460E-6,-39.99999911E-3,,,,,55.840002460E-6,-19.9999996E-3,,,,,55.840002460E-6,-800.000011921E-3,
,,,55.880002037E-6,-19.9999996E-3,,,,,55.880002037E-6,0.0,,,,,55.880002037E-6,0.0,
,,,55.920001614E-6,0.0,,,,,55.920001614E-6,0.0,,,,,55.920001614E-6,0.0,
,,,55.960001191E-6,0.0,,,,,55.960001191E-6,-19.9999996E-3,,,,,55.960001191E-6,-800.000011921E-3,
,,,56.000000768E-6,-19.9999996E-3,,,,,56.000000768E-6,-19.9999996E-3,,,,,56.000000768E-6,0.0,
,,,56.040000345E-6,-19.9999996E-3,,,,,56.040000345E-6,-19.9999996E-3,,,,,56.040000345E-6,-800.000011921E-3,
,,,56.079999922E-6,-19.9999996E-3,,,,,56.079999922E-6,-19.9999996E-3,,,,,56.079999922E-6,0.0,
,,,56.119999499E-6,0.0,,,,,56.119999499E-6,19.9999996E-3,,,,,56.119999499E-6,-800.000011921E-3,
,,,56.159999076E-6,-19.9999996E-3,,,,,56.159999076E-6,0.0,,,,,56.159999076E-6,-800.000011921E-3,
,,,56.200002291E-6,-19.9999996E-3,,,,,56.200002291E-6,-19.9999996E-3,,,,,56.200002291E-6,-800.000011921E-3,
,,,56.240001868E-6,0.0,,,,,56.240001868E-6,-19.9999996E-3,,,,,56.240001868E-6,-800.000011921E-3,
,,,56.280001445E-6,-19.9999996E-3,,,,,56.280001445E-6,-39.99999911E-3,,,,,56.280001445E-6,-800.000011921E-3,
,,,56.320001022E-6,-19.9999996E-3,,,,,56.320001022E-6,-19.9999996E-3,,,,,56.320001022E-6,0.0,
,,,56.360000599E-6,-19.9999996E-3,,,,,56.360000599E-6,-19.9999996E-3,,,,,56.360000599E-6,-800.000011921E-3,
,,,56.400000176E-6,-19.9999996E-3,,,,,56.400000176E-6,-19.9999996E-3,,,,,56.400000176E-6,0.0,
,,,56.439999753E-6,-19.9999996E-3,,,,,56.439999753E-6,-19.9999996E-3,,,,,56.439999753E-6,-800.000011921E-3,
,,,56.479999330E-6,-19.9999996E-3,,,,,56.479999330E-6,-19.9999996E-3,,,,,56.479999330E-6,0.0,
,,,56.520002545E-6,-19.9999996E-3,,,,,56.520002545E-6,-39.99999911E-3,,,,,56.520002545E-6,0.0,
,,,56.560002122E-6,0.0,,,,,56.560002122E-6,-19.9999996E-3,,,,,56.560002122E-6,-800.000011921E-3,
,,,56.600001699E-6,-19.9999996E-3,,,,,56.600001699E-6,-39.99999911E-3,,,,,56.600001699E-6,-800.000011921E-3,
,,,56.640001276E-6,0.0,,,,,56.640001276E-6,-19.9999996E-3,,,,,56.640001276E-6,-800.000011921E-3,
,,,56.680000853E-6,-19.9999996E-3,,,,,56.680000853E-6,-39.99999911E-3,,,,,56.680000853E-6,-800.000011921E-3,
,,,56.720000430E-6,-19.9999996E-3,,,,,56.720000430E-6,-19.9999996E-3,,,,,56.720000430E-6,-800.000011921E-3,
,,,56.760000007E-6,-19.9999996E-3,,,,,56.760000007E-6,0.0,,,,,56.760000007E-6,0.0,
,,,56.799999584E-6,0.0,,,,,56.799999584E-6,-19.9999996E-3,,,,,56.799999584E-6,0.0,
,,,56.839999161E-6,-19.9999996E-3,,,,,56.839999161E-6,-19.9999996E-3,,,,,56.839999161E-6,0.0,
,,,56.880002376E-6,-19.9999996E-3,,,,,56.880002376E-6,0.0,,,,,56.880002376E-6,-800.000011921E-3,
,,,56.920001953E-6,-19.9999996E-3,,,,,56.920001953E-6,0.0,,,,,56.920001953E-6,-800.000011921E-3,
,,,56.960001530E-6,-19.9999996E-3,,,,,56.960001530E-6,-39.99999911E-3,,,,,56.960001530E-6,-800.000011921E-3,
,,,57.000001107E-6,19.9999996E-3,,,,,57.000001107E-6,0.0,,,,,57.000001107E-6,-800.000011921E-3,
,,,57.040000684E-6,0.0,,,,,57.040000684E-6,0.0,,,,,57.040000684E-6,-800.000011921E-3,
,,,57.080000261E-6,-19.9999996E-3,,,,,57.080000261E-6,-19.9999996E-3,,,,,57.080000261E-6,-800.000011921E-3,
,,,57.119999838E-6,0.0,,,,,57.119999838E-6,-19.9999996E-3,,,,,57.119999838E-6,-800.000011921E-3,
,,,57.159999415E-6,-19.9999996E-3,,,,,57.159999415E-6,-39.99999911E-3,,,,,57.159999415E-6,-800.000011921E-3,
,,,57.199998992E-6,0.0,,,,,57.199998992E-6,19.9999996E-3,,,,,57.199998992E-6,-800.000011921E-3,
,,,57.240002207E-6,0.0,,,,,57.240002207E-6,-19.9999996E-3,,,,,57.240002207E-6,0.0,
,,,57.280001784E-6,0.0,,,,,57.280001784E-6,-19.9999996E-3,,,,,57.280001784E-6,-800.000011921E-3,
,,,57.320001360E-6,-39.99999911E-3,,,,,57.320001360E-6,0.0,,,,,57.320001360E-6,0.0,
,,,57.360000937E-6,0.0,,,,,57.360000937E-6,0.0,,,,,57.360000937E-6,0.0,
,,,57.400000514E-6,0.0,,,,,57.400000514E-6,-19.9999996E-3,,,,,57.400000514E-6,-800.000011921E-3,
,,,57.440000091E-6,-39.99999911E-3,,,,,57.440000091E-6,-39.99999911E-3,,,,,57.440000091E-6,-800.000011921E-3,
,,,57.479999668E-6,19.9999996E-3,,,,,57.479999668E-6,0.0,,,,,57.479999668E-6,0.0,
,,,57.519999245E-6,0.0,,,,,57.519999245E-6,0.0,,,,,57.519999245E-6,0.0,
,,,57.560002460E-6,-19.9999996E-3,,,,,57.560002460E-6,0.0,,,,,57.560002460E-6,-800.000011921E-3,
,,,57.600002037E-6,-19.9999996E-3,,,,,57.600002037E-6,0.0,,,,,57.600002037E-6,-800.000011921E-3,
,,,57.640001614E-6,-19.9999996E-3,,,,,57.640001614E-6,0.0,,,,,57.640001614E-6,-800.000011921E-3,
,,,57.680001191E-6,-19.9999996E-3,,,,,57.680001191E-6,-19.9999996E-3,,,,,57.680001191E-6,-800.000011921E-3,
,,,57.720000768E-6,0.0,,,,,57.720000768E-6,19.9999996E-3,,,,,57.720000768E-6,0.0,
,,,57.760000345E-6,-19.9999996E-3,,,,,57.760000345E-6,0.0,,,,,57.760000345E-6,-800.000011921E-3,
,,,57.799999922E-6,0.0,,,,,57.799999922E-6,-59.999998659E-3,,,,,57.799999922E-6,-800.000011921E-3,
,,,57.839999499E-6,-19.9999996E-3,,,,,57.839999499E-6,0.0,,,,,57.839999499E-6,0.0,
,,,57.879999076E-6,0.0,,,,,57.879999076E-6,-19.9999996E-3,,,,,57.879999076E-6,0.0,
,,,57.920002291E-6,0.0,,,,,57.920002291E-6,-19.9999996E-3,,,,,57.920002291E-6,0.0,
,,,57.960001868E-6,-19.9999996E-3,,,,,57.960001868E-6,0.0,,,,,57.960001868E-6,-800.000011921E-3,
,,,58.000001445E-6,-19.9999996E-3,,,,,58.000001445E-6,0.0,,,,,58.000001445E-6,-800.000011921E-3,
,,,58.040001022E-6,0.0,,,,,58.040001022E-6,0.0,,,,,58.040001022E-6,0.0,
,,,58.080000599E-6,0.0,,,,,58.080000599E-6,0.0,,,,,58.080000599E-6,0.0,
,,,58.120000176E-6,-19.9999996E-3,,,,,58.120000176E-6,-19.9999996E-3,,,,,58.120000176E-6,-800.000011921E-3,
,,,58.159999753E-6,0.0,,,,,58.159999753E-6,0.0,,,,,58.159999753E-6,0.0,
,,,58.199999330E-6,-19.9999996E-3,,,,,58.199999330E-6,0.0,,,,,58.199999330E-6,0.0,
,,,58.240002545E-6,-39.99999911E-3,,,,,58.240002545E-6,0.0,,,,,58.240002545E-6,-800.000011921E-3,
,,,58.280002122E-6,0.0,,,,,58.280002122E-6,-19.9999996E-3,,,,,58.280002122E-6,-800.000011921E-3,
,,,58.320001699E-6,0.0,,,,,58.320001699E-6,-19.9999996E-3,,,,,58.320001699E-6,-800.000011921E-3,
,,,58.360001276E-6,0.0,,,,,58.360001276E-6,0.0,,,,,58.360001276E-6,0.0,
,,,58.400000853E-6,-19.9999996E-3,,,,,58.400000853E-6,0.0,,,,,58.400000853E-6,0.0,
,,,58.440000430E-6,0.0,,,,,58.440000430E-6,-19.9999996E-3,,,,,58.440000430E-6,0.0,
,,,58.480000007E-6,-39.99999911E-3,,,,,58.480000007E-6,0.0,,,,,58.480000007E-6,-800.000011921E-3,
,,,58.519999584E-6,0.0,,,,,58.519999584E-6,-19.9999996E-3,,,,,58.519999584E-6,0.0,
,,,58.559999161E-6,0.0,,,,,58.559999161E-6,0.0,,,,,58.559999161E-6,0.0,
,,,58.600002376E-6,0.0,,,,,58.600002376E-6,-19.9999996E-3,,,,,58.600002376E-6,-800.000011921E-3,
,,,58.640001953E-6,0.0,,,,,58.640001953E-6,0.0,,,,,58.640001953E-6,-800.000011921E-3,
,,,58.680001530E-6,-19.9999996E-3,,,,,58.680001530E-6,-19.9999996E-3,,,,,58.680001530E-6,0.0,
,,,58.720001107E-6,-19.9999996E-3,,,,,58.720001107E-6,0.0,,,,,58.720001107E-6,0.0,
,,,58.760000684E-6,0.0,,,,,58.760000684E-6,-19.9999996E-3,,,,,58.760000684E-6,0.0,
,,,58.800000261E-6,0.0,,,,,58.800000261E-6,-19.9999996E-3,,,,,58.800000261E-6,0.0,
,,,58.839999838E-6,-39.99999911E-3,,,,,58.839999838E-6,-19.9999996E-3,,,,,58.839999838E-6,-800.000011921E-3,
,,,58.879999415E-6,0.0,,,,,58.879999415E-6,-19.9999996E-3,,,,,58.879999415E-6,-800.000011921E-3,
,,,58.919998992E-6,0.0,,,,,58.919998992E-6,-19.9999996E-3,,,,,58.919998992E-6,0.0,
,,,58.960002207E-6,-19.9999996E-3,,,,,58.960002207E-6,-19.9999996E-3,,,,,58.960002207E-6,0.0,
,,,59.000001784E-6,19.9999996E-3,,,,,59.000001784E-6,-19.9999996E-3,,,,,59.000001784E-6,0.0,
,,,59.040001361E-6,0.0,,,,,59.040001361E-6,-19.9999996E-3,,,,,59.040001361E-6,0.0,
,,,59.080000938E-6,0.0,,,,,59.080000938E-6,-19.9999996E-3,,,,,59.080000938E-6,-800.000011921E-3,
,,,59.120000515E-6,-19.9999996E-3,,,,,59.120000515E-6,-19.9999996E-3,,,,,59.120000515E-6,0.0,
,,,59.160000092E-6,0.0,,,,,59.160000092E-6,-39.99999911E-3,,,,,59.160000092E-6,-800.000011921E-3,
,,,59.199999669E-6,-19.9999996E-3,,,,,59.199999669E-6,0.0,,,,,59.199999669E-6,0.0,
,,,59.239999246E-6,-19.9999996E-3,,,,,59.239999246E-6,0.0,,,,,59.239999246E-6,-800.000011921E-3,
,,,59.280002461E-6,-19.9999996E-3,,,,,59.280002461E-6,-39.99999911E-3,,,,,59.280002461E-6,0.0,
,,,59.320002038E-6,0.0,,,,,59.320002038E-6,-19.9999996E-3,,,,,59.320002038E-6,0.0,
,,,59.360001615E-6,-19.9999996E-3,,,,,59.360001615E-6,-19.9999996E-3,,,,,59.360001615E-6,0.0,
,,,59.400001192E-6,-19.9999996E-3,,,,,59.400001192E-6,0.0,,,,,59.400001192E-6,0.0,
,,,59.440000769E-6,-19.9999996E-3,,,,,59.440000769E-6,-19.9999996E-3,,,,,59.440000769E-6,0.0,
,,,59.480000346E-6,-19.9999996E-3,,,,,59.480000346E-6,-19.9999996E-3,,,,,59.480000346E-6,0.0,
,,,59.519999922E-6,-19.9999996E-3,,,,,59.519999922E-6,-19.9999996E-3,,,,,59.519999922E-6,0.0,
,,,59.559999499E-6,0.0,,,,,59.559999499E-6,0.0,,,,,59.559999499E-6,0.0,
,,,59.599999076E-6,-39.99999911E-3,,,,,59.599999076E-6,-39.99999911E-3,,,,,59.599999076E-6,-800.000011921E-3,
,,,59.640002291E-6,0.0,,,,,59.640002291E-6,0.0,,,,,59.640002291E-6,-800.000011921E-3,
,,,59.680001868E-6,-19.9999996E-3,,,,,59.680001868E-6,0.0,,,,,59.680001868E-6,-800.000011921E-3,
,,,59.720001445E-6,-19.9999996E-3,,,,,59.720001445E-6,-59.999998659E-3,,,,,59.720001445E-6,0.0,
,,,59.760001022E-6,-19.9999996E-3,,,,,59.760001022E-6,-19.9999996E-3,,,,,59.760001022E-6,-800.000011921E-3,
,,,59.800000599E-6,0.0,,,,,59.800000599E-6,-19.9999996E-3,,,,,59.800000599E-6,-800.000011921E-3,
,,,59.840000176E-6,19.9999996E-3,,,,,59.840000176E-6,-19.9999996E-3,,,,,59.840000176E-6,0.0,
,,,59.879999753E-6,-39.99999911E-3,,,,,59.879999753E-6,-19.9999996E-3,,,,,59.879999753E-6,0.0,
,,,59.919999330E-6,-39.99999911E-3,,,,,59.919999330E-6,-19.9999996E-3,,,,,59.919999330E-6,0.0,
,,,59.960002545E-6,-19.9999996E-3,,,,,59.960002545E-6,0.0,,,,,59.960002545E-6,0.0,
,,,60.000002122E-6,-19.9999996E-3,,,,,60.000002122E-6,0.0,,,,,60.000002122E-6,0.0,
,,,60.040001699E-6,-19.9999996E-3,,,,,60.040001699E-6,-19.9999996E-3,,,,,60.040001699E-6,0.0,
,,,60.080001276E-6,-19.9999996E-3,,,,,60.080001276E-6,0.0,,,,,60.080001276E-6,-800.000011921E-3,
,,,60.120000853E-6,-19.9999996E-3,,,,,60.120000853E-6,0.0,,,,,60.120000853E-6,0.0,
,,,60.160000430E-6,-39.99999911E-3,,,,,60.160000430E-6,-19.9999996E-3,,,,,60.160000430E-6,0.0,
,,,60.200000007E-6,-19.9999996E-3,,,,,60.200000007E-6,-19.9999996E-3,,,,,60.200000007E-6,-800.000011921E-3,
,,,60.239999584E-6,19.9999996E-3,,,,,60.239999584E-6,-19.9999996E-3,,,,,60.239999584E-6,0.0,
,,,60.279999161E-6,-19.9999996E-3,,,,,60.279999161E-6,0.0,,,,,60.279999161E-6,0.0,
,,,60.320002376E-6,-19.9999996E-3,,,,,60.320002376E-6,-19.9999996E-3,,,,,60.320002376E-6,-800.000011921E-3,
,,,60.360001953E-6,0.0,,,,,60.360001953E-6,-19.9999996E-3,,,,,60.360001953E-6,0.0,
,,,60.400001530E-6,-19.9999996E-3,,,,,60.400001530E-6,-19.9999996E-3,,,,,60.400001530E-6,0.0,
,,,60.440001107E-6,-39.99999911E-3,,,,,60.440001107E-6,-19.9999996E-3,,,,,60.440001107E-6,0.0,
,,,60.480000684E-6,-19.9999996E-3,,,,,60.480000684E-6,-19.9999996E-3,,,,,60.480000684E-6,0.0,
,,,60.520000261E-6,-39.99999911E-3,,,,,60.520000261E-6,-19.9999996E-3,,,,,60.520000261E-6,-800.000011921E-3,
,,,60.559999838E-6,-19.9999996E-3,,,,,60.559999838E-6,-19.9999996E-3,,,,,60.559999838E-6,0.0,
,,,60.599999415E-6,0.0,,,,,60.599999415E-6,-19.9999996E-3,,,,,60.599999415E-6,-800.000011921E-3,
,,,60.639998992E-6,0.0,,,,,60.639998992E-6,-19.9999996E-3,,,,,60.639998992E-6,-800.000011921E-3,
,,,60.680002207E-6,-19.9999996E-3,,,,,60.680002207E-6,0.0,,,,,60.680002207E-6,-800.000011921E-3,
,,,60.720001784E-6,-19.9999996E-3,,,,,60.720001784E-6,0.0,,,,,60.720001784E-6,0.0,
,,,60.760001361E-6,-19.9999996E-3,,,,,60.760001361E-6,0.0,,,,,60.760001361E-6,-800.000011921E-3,
,,,60.800000938E-6,0.0,,,,,60.800000938E-6,-19.9999996E-3,,,,,60.800000938E-6,-800.000011921E-3,
,,,60.840000515E-6,-19.9999996E-3,,,,,60.840000515E-6,-39.99999911E-3,,,,,60.840000515E-6,0.0,
,,,60.880000092E-6,0.0,,,,,60.880000092E-6,0.0,,,,,60.880000092E-6,0.0,
,,,60.919999669E-6,-19.9999996E-3,,,,,60.919999669E-6,-19.9999996E-3,,,,,60.919999669E-6,0.0,
,,,60.959999246E-6,0.0,,,,,60.959999246E-6,-19.9999996E-3,,,,,60.959999246E-6,-800.000011921E-3,
,,,61.000002461E-6,0.0,,,,,61.000002461E-6,19.9999996E-3,,,,,61.000002461E-6,-800.000011921E-3,
,,,61.040002038E-6,-19.9999996E-3,,,,,61.040002038E-6,0.0,,,,,61.040002038E-6,0.0,
,,,61.079997977E-6,-19.9999996E-3,,,,,61.079997977E-6,0.0,,,,,61.079997977E-6,0.0,
,,,61.120001192E-6,0.0,,,,,61.120001192E-6,19.9999996E-3,,,,,61.120001192E-6,0.0,
,,,61.159997131E-6,0.0,,,,,61.159997131E-6,0.0,,,,,61.159997131E-6,-800.000011921E-3,
,,,61.200000346E-6,-19.9999996E-3,,,,,61.200000346E-6,-19.9999996E-3,,,,,61.200000346E-6,0.0,
,,,61.240003561E-6,-19.9999996E-3,,,,,61.240003561E-6,-19.9999996E-3,,,,,61.240003561E-6,0.0,
,,,61.279999500E-6,0.0,,,,,61.279999500E-6,-19.9999996E-3,,,,,61.279999500E-6,0.0,
,,,61.320002715E-6,0.0,,,,,61.320002715E-6,-19.9999996E-3,,,,,61.320002715E-6,0.0,
,,,61.359998654E-6,-19.9999996E-3,,,,,61.359998654E-6,0.0,,,,,61.359998654E-6,0.0,
,,,61.400001869E-6,-19.9999996E-3,,,,,61.400001869E-6,-39.99999911E-3,,,,,61.400001869E-6,0.0,
,,,61.439997808E-6,0.0,,,,,61.439997808E-6,0.0,,,,,61.439997808E-6,0.0,
,,,61.480001023E-6,-19.9999996E-3,,,,,61.480001023E-6,0.0,,,,,61.480001023E-6,0.0,
,,,61.520004238E-6,-19.9999996E-3,,,,,61.520004238E-6,-19.9999996E-3,,,,,61.520004238E-6,-800.000011921E-3,
,,,61.560000177E-6,-19.9999996E-3,,,,,61.560000177E-6,-19.9999996E-3,,,,,61.560000177E-6,0.0,
,,,61.600003392E-6,-39.99999911E-3,,,,,61.600003392E-6,-19.9999996E-3,,,,,61.600003392E-6,0.0,
,,,61.639999331E-6,-19.9999996E-3,,,,,61.639999331E-6,0.0,,,,,61.639999331E-6,0.0,
,,,61.680002545E-6,0.0,,,,,61.680002545E-6,0.0,,,,,61.680002545E-6,0.0,
,,,61.719998484E-6,0.0,,,,,61.719998484E-6,0.0,,,,,61.719998484E-6,0.0,
,,,61.760001699E-6,-19.9999996E-3,,,,,61.760001699E-6,-19.9999996E-3,,,,,61.760001699E-6,-800.000011921E-3,
,,,61.799997638E-6,-19.9999996E-3,,,,,61.799997638E-6,-19.9999996E-3,,,,,61.799997638E-6,0.0,
,,,61.840000853E-6,0.0,,,,,61.840000853E-6,-19.9999996E-3,,,,,61.840000853E-6,-800.000011921E-3,
,,,61.880004068E-6,-39.99999911E-3,,,,,61.880004068E-6,0.0,,,,,61.880004068E-6,0.0,
,,,61.920000007E-6,-19.9999996E-3,,,,,61.920000007E-6,-19.9999996E-3,,,,,61.920000007E-6,0.0,
,,,61.960003222E-6,0.0,,,,,61.960003222E-6,0.0,,,,,61.960003222E-6,0.0,
,,,61.999999161E-6,-19.9999996E-3,,,,,61.999999161E-6,19.9999996E-3,,,,,61.999999161E-6,0.0,
,,,62.040002376E-6,0.0,,,,,62.040002376E-6,0.0,,,,,62.040002376E-6,0.0,
,,,62.079998315E-6,0.0,,,,,62.079998315E-6,-19.9999996E-3,,,,,62.079998315E-6,0.0,
,,,62.120001530E-6,0.0,,,,,62.120001530E-6,-19.9999996E-3,,,,,62.120001530E-6,0.0,
,,,62.159997469E-6,0.0,,,,,62.159997469E-6,0.0,,,,,62.159997469E-6,0.0,
,,,62.200000684E-6,0.0,,,,,62.200000684E-6,0.0,,,,,62.200000684E-6,0.0,
,,,62.240003899E-6,-39.99999911E-3,,,,,62.240003899E-6,0.0,,,,,62.240003899E-6,-800.000011921E-3,
,,,62.279999838E-6,0.0,,,,,62.279999838E-6,0.0,,,,,62.279999838E-6,-800.000011921E-3,
,,,62.320003053E-6,-39.99999911E-3,,,,,62.320003053E-6,-19.9999996E-3,,,,,62.320003053E-6,0.0,
,,,62.359998992E-6,-19.9999996E-3,,,,,62.359998992E-6,0.0,,,,,62.359998992E-6,0.0,
,,,62.400002207E-6,0.0,,,,,62.400002207E-6,-19.9999996E-3,,,,,62.400002207E-6,0.0,
,,,62.439998146E-6,-19.9999996E-3,,,,,62.439998146E-6,-39.99999911E-3,,,,,62.439998146E-6,0.0,
,,,62.480001361E-6,0.0,,,,,62.480001361E-6,-19.9999996E-3,,,,,62.480001361E-6,0.0,
,,,62.519997300E-6,0.0,,,,,62.519997300E-6,0.0,,,,,62.519997300E-6,-800.000011921E-3,
,,,62.560000515E-6,0.0,,,,,62.560000515E-6,-39.99999911E-3,,,,,62.560000515E-6,0.0,
,,,62.600003730E-6,0.0,,,,,62.600003730E-6,0.0,,,,,62.600003730E-6,0.0,
,,,62.639999669E-6,-39.99999911E-3,,,,,62.639999669E-6,-19.9999996E-3,,,,,62.639999669E-6,0.0,
,,,62.680002884E-6,0.0,,,,,62.680002884E-6,0.0,,,,,62.680002884E-6,0.0,
,,,62.719998823E-6,-19.9999996E-3,,,,,62.719998823E-6,0.0,,,,,62.719998823E-6,0.0,
,,,62.760002038E-6,0.0,,,,,62.760002038E-6,-19.9999996E-3,,,,,62.760002038E-6,0.0,
,,,62.799997977E-6,-19.9999996E-3,,,,,62.799997977E-6,-19.9999996E-3,,,,,62.799997977E-6,-800.000011921E-3,
,,,62.840001192E-6,0.0,,,,,62.840001192E-6,0.0,,,,,62.840001192E-6,0.0,
,,,62.879997131E-6,-39.99999911E-3,,,,,62.879997131E-6,-19.9999996E-3,,,,,62.879997131E-6,0.0,
,,,62.920000346E-6,-19.9999996E-3,,,,,62.920000346E-6,-19.9999996E-3,,,,,62.920000346E-6,0.0,
,,,62.960003561E-6,0.0,,,,,62.960003561E-6,-19.9999996E-3,,,,,62.960003561E-6,0.0,
,,,62.999999500E-6,0.0,,,,,62.999999500E-6,-39.99999911E-3,,,,,62.999999500E-6,0.0,
,,,63.040002715E-6,0.0,,,,,63.040002715E-6,-19.9999996E-3,,,,,63.040002715E-6,0.0,
,,,63.079998654E-6,-39.99999911E-3,,,,,63.079998654E-6,-39.99999911E-3,,,,,63.079998654E-6,-800.000011921E-3,
,,,63.120001869E-6,-19.9999996E-3,,,,,63.120001869E-6,0.0,,,,,63.120001869E-6,0.0,
,,,63.159997808E-6,0.0,,,,,63.159997808E-6,0.0,,,,,63.159997808E-6,0.0,
,,,63.200001023E-6,-19.9999996E-3,,,,,63.200001023E-6,-39.99999911E-3,,,,,63.200001023E-6,-800.000011921E-3,
,,,63.240004238E-6,0.0,,,,,63.240004238E-6,0.0,,,,,63.240004238E-6,0.0,
,,,63.280000177E-6,0.0,,,,,63.280000177E-6,0.0,,,,,63.280000177E-6,0.0,
,,,63.320003392E-6,-19.9999996E-3,,,,,63.320003392E-6,0.0,,,,,63.320003392E-6,0.0,
,,,63.359999331E-6,0.0,,,,,63.359999331E-6,0.0,,,,,63.359999331E-6,0.0,
,,,63.400002546E-6,-19.9999996E-3,,,,,63.400002546E-6,-19.9999996E-3,,,,,63.400002546E-6,0.0,
,,,63.439998485E-6,0.0,,,,,63.439998485E-6,0.0,,,,,63.439998485E-6,0.0,
,,,63.480001700E-6,0.0,,,,,63.480001700E-6,-19.9999996E-3,,,,,63.480001700E-6,0.0,
,,,63.519997639E-6,19.9999996E-3,,,,,63.519997639E-6,0.0,,,,,63.519997639E-6,0.0,
,,,63.560000854E-6,-19.9999996E-3,,,,,63.560000854E-6,-19.9999996E-3,,,,,63.560000854E-6,0.0,
,,,63.600004069E-6,-19.9999996E-3,,,,,63.600004069E-6,0.0,,,,,63.600004069E-6,0.0,
,,,63.640000008E-6,-39.99999911E-3,,,,,63.640000008E-6,0.0,,,,,63.640000008E-6,0.0,
,,,63.680003223E-6,0.0,,,,,63.680003223E-6,-19.9999996E-3,,,,,63.680003223E-6,0.0,
,,,63.719999162E-6,-19.9999996E-3,,,,,63.719999162E-6,19.9999996E-3,,,,,63.719999162E-6,0.0,
,,,63.760002377E-6,-19.9999996E-3,,,,,63.760002377E-6,0.0,,,,,63.760002377E-6,0.0,
,,,63.799998316E-6,-19.9999996E-3,,,,,63.799998316E-6,-19.9999996E-3,,,,,63.799998316E-6,0.0,
,,,63.840001530E-6,-39.99999911E-3,,,,,63.840001530E-6,0.0,,,,,63.840001530E-6,-800.000011921E-3,
,,,63.879997469E-6,0.0,,,,,63.879997469E-6,-19.9999996E-3,,,,,63.879997469E-6,0.0,
,,,63.920000684E-6,19.9999996E-3,,,,,63.920000684E-6,0.0,,,,,63.920000684E-6,0.0,
,,,63.960003899E-6,-39.99999911E-3,,,,,63.960003899E-6,0.0,,,,,63.960003899E-6,0.0,
,,,63.999999838E-6,-19.9999996E-3,,,,,63.999999838E-6,19.9999996E-3,,,,,63.999999838E-6,0.0,
,,,64.040003053E-6,-19.9999996E-3,,,,,64.040003053E-6,19.9999996E-3,,,,,64.040003053E-6,0.0,
,,,64.079998992E-6,19.9999996E-3,,,,,64.079998992E-6,-19.9999996E-3,,,,,64.079998992E-6,-800.000011921E-3,
,,,64.120002207E-6,-19.9999996E-3,,,,,64.120002207E-6,0.0,,,,,64.120002207E-6,0.0,
,,,64.159998146E-6,0.0,,,,,64.159998146E-6,0.0,,,,,64.159998146E-6,0.0,
,,,64.200001361E-6,-19.9999996E-3,,,,,64.200001361E-6,-19.9999996E-3,,,,,64.200001361E-6,0.0,
,,,64.239997300E-6,-19.9999996E-3,,,,,64.239997300E-6,-19.9999996E-3,,,,,64.239997300E-6,0.0,
,,,64.280000515E-6,-19.9999996E-3,,,,,64.280000515E-6,-39.99999911E-3,,,,,64.280000515E-6,0.0,
,,,64.320003730E-6,0.0,,,,,64.320003730E-6,0.0,,,,,64.320003730E-6,0.0,
,,,64.359999669E-6,-19.9999996E-3,,,,,64.359999669E-6,0.0,,,,,64.359999669E-6,0.0,
,,,64.400002884E-6,-19.9999996E-3,,,,,64.400002884E-6,-39.99999911E-3,,,,,64.400002884E-6,0.0,
,,,64.439998823E-6,-19.9999996E-3,,,,,64.439998823E-6,0.0,,,,,64.439998823E-6,0.0,
,,,64.480002038E-6,-19.9999996E-3,,,,,64.480002038E-6,-19.9999996E-3,,,,,64.480002038E-6,0.0,
,,,64.519997977E-6,-19.9999996E-3,,,,,64.519997977E-6,-19.9999996E-3,,,,,64.519997977E-6,0.0,
,,,64.560001192E-6,-19.9999996E-3,,,,,64.560001192E-6,0.0,,,,,64.560001192E-6,-800.000011921E-3,
,,,64.599997131E-6,0.0,,,,,64.599997131E-6,-19.9999996E-3,,,,,64.599997131E-6,-800.000011921E-3,
,,,64.640000346E-6,0.0,,,,,64.640000346E-6,0.0,,,,,64.640000346E-6,-800.000011921E-3,
,,,64.680003561E-6,-19.9999996E-3,,,,,64.680003561E-6,-19.9999996E-3,,,,,64.680003561E-6,0.0,
,,,64.719999500E-6,-39.99999911E-3,,,,,64.719999500E-6,-19.9999996E-3,,,,,64.719999500E-6,0.0,
,,,64.760002715E-6,0.0,,,,,64.760002715E-6,19.9999996E-3,,,,,64.760002715E-6,0.0,
,,,64.799998654E-6,-39.99999911E-3,,,,,64.799998654E-6,-19.9999996E-3,,,,,64.799998654E-6,0.0,
,,,64.840001869E-6,-19.9999996E-3,,,,,64.840001869E-6,0.0,,,,,64.840001869E-6,0.0,
,,,64.879997808E-6,-19.9999996E-3,,,,,64.879997808E-6,-19.9999996E-3,,,,,64.879997808E-6,-800.000011921E-3,
,,,64.920001023E-6,-19.9999996E-3,,,,,64.920001023E-6,0.0,,,,,64.920001023E-6,0.0,
,,,64.960004238E-6,0.0,,,,,64.960004238E-6,19.9999996E-3,,,,,64.960004238E-6,0.0,
,,,65.000000177E-6,-19.9999996E-3,,,,,65.000000177E-6,-19.9999996E-3,,,,,65.000000177E-6,0.0,
,,,65.040003392E-6,-19.9999996E-3,,,,,65.040003392E-6,0.0,,,,,65.040003392E-6,0.0,
,,,65.079999331E-6,-39.99999911E-3,,,,,65.079999331E-6,-19.9999996E-3,,,,,65.079999331E-6,0.0,
,,,65.120002546E-6,0.0,,,,,65.120002546E-6,19.9999996E-3,,,,,65.120002546E-6,0.0,
,,,65.159998485E-6,-19.9999996E-3,,,,,65.159998485E-6,-39.99999911E-3,,,,,65.159998485E-6,0.0,
,,,65.200001700E-6,0.0,,,,,65.200001700E-6,-19.9999996E-3,,,,,65.200001700E-6,0.0,
,,,65.239997639E-6,-19.9999996E-3,,,,,65.239997639E-6,-19.9999996E-3,,,,,65.239997639E-6,0.0,
,,,65.280000854E-6,0.0,,,,,65.280000854E-6,0.0,,,,,65.280000854E-6,0.0,
,,,65.320004069E-6,-19.9999996E-3,,,,,65.320004069E-6,19.9999996E-3,,,,,65.320004069E-6,0.0,
,,,65.360000008E-6,-19.9999996E-3,,,,,65.360000008E-6,-39.99999911E-3,,,,,65.360000008E-6,0.0,
,,,65.400003223E-6,0.0,,,,,65.400003223E-6,-19.9999996E-3,,,,,65.400003223E-6,-800.000011921E-3,
,,,65.439999162E-6,-19.9999996E-3,,,,,65.439999162E-6,-19.9999996E-3,,,,,65.439999162E-6,0.0,
,,,65.480002377E-6,-19.9999996E-3,,,,,65.480002377E-6,-19.9999996E-3,,,,,65.480002377E-6,-800.000011921E-3,
,,,65.519998316E-6,-19.9999996E-3,,,,,65.519998316E-6,-19.9999996E-3,,,,,65.519998316E-6,0.0,
,,,65.560001531E-6,0.0,,,,,65.560001531E-6,-39.99999911E-3,,,,,65.560001531E-6,0.0,
,,,65.599997470E-6,-19.9999996E-3,,,,,65.599997470E-6,-19.9999996E-3,,,,,65.599997470E-6,0.0,
,,,65.640000685E-6,0.0,,,,,65.640000685E-6,-19.9999996E-3,,,,,65.640000685E-6,0.0,
,,,65.680003900E-6,-19.9999996E-3,,,,,65.680003900E-6,-39.99999911E-3,,,,,65.680003900E-6,0.0,
,,,65.719999839E-6,-39.99999911E-3,,,,,65.719999839E-6,-19.9999996E-3,,,,,65.719999839E-6,-800.000011921E-3,
,,,65.760003054E-6,-19.9999996E-3,,,,,65.760003054E-6,0.0,,,,,65.760003054E-6,0.0,
,,,65.799998993E-6,-19.9999996E-3,,,,,65.799998993E-6,-19.9999996E-3,,,,,65.799998993E-6,0.0,
,,,65.840002208E-6,-39.99999911E-3,,,,,65.840002208E-6,0.0,,,,,65.840002208E-6,0.0,
,,,65.879998147E-6,-19.9999996E-3,,,,,65.879998147E-6,-19.9999996E-3,,,,,65.879998147E-6,0.0,
,,,65.920001362E-6,0.0,,,,,65.920001362E-6,0.0,,,,,65.920001362E-6,-800.000011921E-3,
,,,65.959997301E-6,0.0,,,,,65.959997301E-6,0.0,,,,,65.959997301E-6,0.0,
,,,66.000000515E-6,-19.9999996E-3,,,,,66.000000515E-6,0.0,,,,,66.000000515E-6,-800.000011921E-3,
,,,66.040003730E-6,0.0,,,,,66.040003730E-6,-19.9999996E-3,,,,,66.040003730E-6,0.0,
,,,66.079999669E-6,-19.9999996E-3,,,,,66.079999669E-6,0.0,,,,,66.079999669E-6,0.0,
,,,66.120002884E-6,-19.9999996E-3,,,,,66.120002884E-6,0.0,,,,,66.120002884E-6,0.0,
,,,66.159998823E-6,-19.9999996E-3,,,,,66.159998823E-6,0.0,,,,,66.159998823E-6,0.0,
,,,66.200002038E-6,0.0,,,,,66.200002038E-6,0.0,,,,,66.200002038E-6,0.0,
,,,66.239997977E-6,-39.99999911E-3,,,,,66.239997977E-6,-19.9999996E-3,,,,,66.239997977E-6,0.0,
,,,66.280001192E-6,19.9999996E-3,,,,,66.280001192E-6,-19.9999996E-3,,,,,66.280001192E-6,0.0,
,,,66.319997131E-6,-19.9999996E-3,,,,,66.319997131E-6,-39.99999911E-3,,,,,66.319997131E-6,0.0,
,,,66.360000346E-6,-19.9999996E-3,,,,,66.360000346E-6,-19.9999996E-3,,,,,66.360000346E-6,0.0,
,,,66.400003561E-6,-39.99999911E-3,,,,,66.400003561E-6,-19.9999996E-3,,,,,66.400003561E-6,0.0,
,,,66.439999500E-6,-19.9999996E-3,,,,,66.439999500E-6,19.9999996E-3,,,,,66.439999500E-6,0.0,
,,,66.480002715E-6,-19.9999996E-3,,,,,66.480002715E-6,0.0,,,,,66.480002715E-6,0.0,
,,,66.519998654E-6,0.0,,,,,66.519998654E-6,0.0,,,,,66.519998654E-6,0.0,
,,,66.560001869E-6,-19.9999996E-3,,,,,66.560001869E-6,0.0,,,,,66.560001869E-6,0.0,
,,,66.599997808E-6,-39.99999911E-3,,,,,66.599997808E-6,-19.9999996E-3,,,,,66.599997808E-6,0.0,
,,,66.640001023E-6,0.0,,,,,66.640001023E-6,0.0,,,,,66.640001023E-6,0.0,
,,,66.680004238E-6,-19.9999996E-3,,,,,66.680004238E-6,-39.99999911E-3,,,,,66.680004238E-6,0.0,
,,,66.720000177E-6,0.0,,,,,66.720000177E-6,0.0,,,,,66.720000177E-6,0.0,
,,,66.760003392E-6,0.0,,,,,66.760003392E-6,-19.9999996E-3,,,,,66.760003392E-6,0.0,
,,,66.799999331E-6,-19.9999996E-3,,,,,66.799999331E-6,-19.9999996E-3,,,,,66.799999331E-6,-800.000011921E-3,
,,,66.840002546E-6,0.0,,,,,66.840002546E-6,19.9999996E-3,,,,,66.840002546E-6,0.0,
,,,66.879998485E-6,-19.9999996E-3,,,,,66.879998485E-6,-19.9999996E-3,,,,,66.879998485E-6,0.0,
,,,66.920001700E-6,0.0,,,,,66.920001700E-6,-19.9999996E-3,,,,,66.920001700E-6,0.0,
,,,66.959997639E-6,-19.9999996E-3,,,,,66.959997639E-6,-19.9999996E-3,,,,,66.959997639E-6,-800.000011921E-3,
,,,67.000000854E-6,0.0,,,,,67.000000854E-6,0.0,,,,,67.000000854E-6,-800.000011921E-3,
,,,67.040004069E-6,-19.9999996E-3,,,,,67.040004069E-6,-19.9999996E-3,,,,,67.040004069E-6,0.0,
,,,67.080000008E-6,0.0,,,,,67.080000008E-6,-19.9999996E-3,,,,,67.080000008E-6,0.0,
,,,67.120003223E-6,-19.9999996E-3,,,,,67.120003223E-6,19.9999996E-3,,,,,67.120003223E-6,0.0,
,,,67.159999162E-6,0.0,,,,,67.159999162E-6,-19.9999996E-3,,,,,67.159999162E-6,0.0,
,,,67.200002377E-6,-19.9999996E-3,,,,,67.200002377E-6,-19.9999996E-3,,,,,67.200002377E-6,0.0,
,,,67.239998316E-6,-19.9999996E-3,,,,,67.239998316E-6,0.0,,,,,67.239998316E-6,0.0,
,,,67.280001531E-6,-19.9999996E-3,,,,,67.280001531E-6,0.0,,,,,67.280001531E-6,0.0,
,,,67.319997470E-6,-39.99999911E-3,,,,,67.319997470E-6,19.9999996E-3,,,,,67.319997470E-6,0.0,
,,,67.360000685E-6,0.0,,,,,67.360000685E-6,-19.9999996E-3,,,,,67.360000685E-6,0.0,
,,,67.400003900E-6,-39.99999911E-3,,,,,67.400003900E-6,-19.9999996E-3,,,,,67.400003900E-6,0.0,
,,,67.439999839E-6,-19.9999996E-3,,,,,67.439999839E-6,-19.9999996E-3,,,,,67.439999839E-6,0.0,
,,,67.480003054E-6,-19.9999996E-3,,,,,67.480003054E-6,0.0,,,,,67.480003054E-6,0.0,
,,,67.519998993E-6,0.0,,,,,67.519998993E-6,-19.9999996E-3,,,,,67.519998993E-6,0.0,
,,,67.560002208E-6,-19.9999996E-3,,,,,67.560002208E-6,0.0,,,,,67.560002208E-6,0.0,
,,,67.599998147E-6,-19.9999996E-3,,,,,67.599998147E-6,0.0,,,,,67.599998147E-6,0.0,
,,,67.640001362E-6,0.0,,,,,67.640001362E-6,-39.99999911E-3,,,,,67.640001362E-6,-800.000011921E-3,
,,,67.679997301E-6,0.0,,,,,67.679997301E-6,0.0,,,,,67.679997301E-6,-800.000011921E-3,
,,,67.720000516E-6,-19.9999996E-3,,,,,67.720000516E-6,-19.9999996E-3,,,,,67.720000516E-6,0.0,
,,,67.760003731E-6,0.0,,,,,67.760003731E-6,0.0,,,,,67.760003731E-6,0.0,
,,,67.799999670E-6,-19.9999996E-3,,,,,67.799999670E-6,0.0,,,,,67.799999670E-6,0.0,
,,,67.840002885E-6,0.0,,,,,67.840002885E-6,-39.99999911E-3,,,,,67.840002885E-6,-800.000011921E-3,
,,,67.879998824E-6,19.9999996E-3,,,,,67.879998824E-6,-19.9999996E-3,,,,,67.879998824E-6,0.0,
,,,67.920002039E-6,-19.9999996E-3,,,,,67.920002039E-6,0.0,,,,,67.920002039E-6,0.0,
,,,67.959997978E-6,-19.9999996E-3,,,,,67.959997978E-6,-19.9999996E-3,,,,,67.959997978E-6,-800.000011921E-3,
,,,68.000001193E-6,-19.9999996E-3,,,,,68.000001193E-6,-19.9999996E-3,,,,,68.000001193E-6,0.0,
,,,68.039997132E-6,0.0,,,,,68.039997132E-6,0.0,,,,,68.039997132E-6,0.0,
,,,68.080000347E-6,-39.99999911E-3,,,,,68.080000347E-6,0.0,,,,,68.080000347E-6,-800.000011921E-3,
,,,68.120003561E-6,0.0,,,,,68.120003561E-6,-19.9999996E-3,,,,,68.120003561E-6,0.0,
,,,68.159999500E-6,0.0,,,,,68.159999500E-6,19.9999996E-3,,,,,68.159999500E-6,0.0,
,,,68.200002715E-6,-19.9999996E-3,,,,,68.200002715E-6,-39.99999911E-3,,,,,68.200002715E-6,0.0,
,,,68.239998654E-6,-19.9999996E-3,,,,,68.239998654E-6,-19.9999996E-3,,,,,68.239998654E-6,0.0,
,,,68.280001869E-6,-19.9999996E-3,,,,,68.280001869E-6,-19.9999996E-3,,,,,68.280001869E-6,0.0,
,,,68.319997808E-6,-39.99999911E-3,,,,,68.319997808E-6,-19.9999996E-3,,,,,68.319997808E-6,0.0,
,,,68.360001023E-6,-39.99999911E-3,,,,,68.360001023E-6,-39.99999911E-3,,,,,68.360001023E-6,0.0,
,,,68.400004238E-6,-19.9999996E-3,,,,,68.400004238E-6,-39.99999911E-3,,,,,68.400004238E-6,0.0,
,,,68.440000177E-6,0.0,,,,,68.440000177E-6,-39.99999911E-3,,,,,68.440000177E-6,0.0,
,,,68.480003392E-6,-19.9999996E-3,,,,,68.480003392E-6,0.0,,,,,68.480003392E-6,0.0,
,,,68.519999331E-6,0.0,,,,,68.519999331E-6,-19.9999996E-3,,,,,68.519999331E-6,0.0,
,,,68.560002546E-6,0.0,,,,,68.560002546E-6,-39.99999911E-3,,,,,68.560002546E-6,0.0,
,,,68.599998485E-6,0.0,,,,,68.599998485E-6,0.0,,,,,68.599998485E-6,0.0,
,,,68.640001700E-6,-19.9999996E-3,,,,,68.640001700E-6,-19.9999996E-3,,,,,68.640001700E-6,0.0,
,,,68.679997639E-6,0.0,,,,,68.679997639E-6,-19.9999996E-3,,,,,68.679997639E-6,0.0,
,,,68.720000854E-6,0.0,,,,,68.720000854E-6,-39.99999911E-3,,,,,68.720000854E-6,-800.000011921E-3,
,,,68.760004069E-6,-19.9999996E-3,,,,,68.760004069E-6,0.0,,,,,68.760004069E-6,0.0,
,,,68.800000008E-6,-19.9999996E-3,,,,,68.800000008E-6,-19.9999996E-3,,,,,68.800000008E-6,0.0,
,,,68.840003223E-6,-19.9999996E-3,,,,,68.840003223E-6,-39.99999911E-3,,,,,68.840003223E-6,0.0,
,,,68.879999162E-6,-39.99999911E-3,,,,,68.879999162E-6,0.0,,,,,68.879999162E-6,0.0,
,,,68.920002377E-6,-19.9999996E-3,,,,,68.920002377E-6,0.0,,,,,68.920002377E-6,0.0,
,,,68.959998316E-6,19.9999996E-3,,,,,68.959998316E-6,-19.9999996E-3,,,,,68.959998316E-6,0.0,
,,,69.000001531E-6,-19.9999996E-3,,,,,69.000001531E-6,0.0,,,,,69.000001531E-6,0.0,
,,,69.039997470E-6,0.0,,,,,69.039997470E-6,-19.9999996E-3,,,,,69.039997470E-6,0.0,
,,,69.080000685E-6,0.0,,,,,69.080000685E-6,-19.9999996E-3,,,,,69.080000685E-6,0.0,
,,,69.120003900E-6,-19.9999996E-3,,,,,69.120003900E-6,0.0,,,,,69.120003900E-6,0.0,
,,,69.159999839E-6,0.0,,,,,69.159999839E-6,-19.9999996E-3,,,,,69.159999839E-6,0.0,
,,,69.200003054E-6,-19.9999996E-3,,,,,69.200003054E-6,-19.9999996E-3,,,,,69.200003054E-6,0.0,
,,,69.239998993E-6,-19.9999996E-3,,,,,69.239998993E-6,-39.99999911E-3,,,,,69.239998993E-6,0.0,
,,,69.280002208E-6,-19.9999996E-3,,,,,69.280002208E-6,0.0,,,,,69.280002208E-6,0.0,
,,,69.319998147E-6,-39.99999911E-3,,,,,69.319998147E-6,-39.99999911E-3,,,,,69.319998147E-6,0.0,
,,,69.360001362E-6,-39.99999911E-3,,,,,69.360001362E-6,-19.9999996E-3,,,,,69.360001362E-6,0.0,
,,,69.399997301E-6,-19.9999996E-3,,,,,69.399997301E-6,-19.9999996E-3,,,,,69.399997301E-6,0.0,
,,,69.440000516E-6,-19.9999996E-3,,,,,69.440000516E-6,-39.99999911E-3,,,,,69.440000516E-6,0.0,
,,,69.480003731E-6,-19.9999996E-3,,,,,69.480003731E-6,-19.9999996E-3,,,,,69.480003731E-6,0.0,
,,,69.519999670E-6,-19.9999996E-3,,,,,69.519999670E-6,-19.9999996E-3,,,,,69.519999670E-6,-800.000011921E-3,
,,,69.560002885E-6,-19.9999996E-3,,,,,69.560002885E-6,0.0,,,,,69.560002885E-6,0.0,
,,,69.599998824E-6,0.0,,,,,69.599998824E-6,-19.9999996E-3,,,,,69.599998824E-6,0.0,
,,,69.640002039E-6,-39.99999911E-3,,,,,69.640002039E-6,0.0,,,,,69.640002039E-6,-800.000011921E-3,
,,,69.679997978E-6,-19.9999996E-3,,,,,69.679997978E-6,-19.9999996E-3,,,,,69.679997978E-6,0.0,
,,,69.720001193E-6,-39.99999911E-3,,,,,69.720001193E-6,-19.9999996E-3,,,,,69.720001193E-6,0.0,
,,,69.759997132E-6,-39.99999911E-3,,,,,69.759997132E-6,-19.9999996E-3,,,,,69.759997132E-6,0.0,
,,,69.800000347E-6,-39.99999911E-3,,,,,69.800000347E-6,-19.9999996E-3,,,,,69.800000347E-6,0.0,
,,,69.840003562E-6,-19.9999996E-3,,,,,69.840003562E-6,-19.9999996E-3,,,,,69.840003562E-6,-800.000011921E-3,
,,,69.879999501E-6,0.0,,,,,69.879999501E-6,-19.9999996E-3,,,,,69.879999501E-6,0.0,
,,,69.920002716E-6,0.0,,,,,69.920002716E-6,-19.9999996E-3,,,,,69.920002716E-6,0.0,
,,,69.959998655E-6,-19.9999996E-3,,,,,69.959998655E-6,-19.9999996E-3,,,,,69.959998655E-6,0.0,
,,,70.000001870E-6,0.0,,,,,70.000001870E-6,-19.9999996E-3,,,,,70.000001870E-6,0.0,
,,,70.039997809E-6,-19.9999996E-3,,,,,70.039997809E-6,0.0,,,,,70.039997809E-6,0.0,
,,,70.080001024E-6,-39.99999911E-3,,,,,70.080001024E-6,-19.9999996E-3,,,,,70.080001024E-6,0.0,
,,,70.120004239E-6,-19.9999996E-3,,,,,70.120004239E-6,0.0,,,,,70.120004239E-6,0.0,
,,,70.160000178E-6,0.0,,,,,70.160000178E-6,-19.9999996E-3,,,,,70.160000178E-6,0.0,
,,,70.200003393E-6,-19.9999996E-3,,,,,70.200003393E-6,-19.9999996E-3,,,,,70.200003393E-6,0.0,
,,,70.239999332E-6,-19.9999996E-3,,,,,70.239999332E-6,-39.99999911E-3,,,,,70.239999332E-6,0.0,
,,,70.280002546E-6,-19.9999996E-3,,,,,70.280002546E-6,-19.9999996E-3,,,,,70.280002546E-6,0.0,
,,,70.319998486E-6,0.0,,,,,70.319998486E-6,-19.9999996E-3,,,,,70.319998486E-6,0.0,
,,,70.360001700E-6,-19.9999996E-3,,,,,70.360001700E-6,-19.9999996E-3,,,,,70.360001700E-6,-800.000011921E-3,
,,,70.399997639E-6,-19.9999996E-3,,,,,70.399997639E-6,-19.9999996E-3,,,,,70.399997639E-6,0.0,
,,,70.440000854E-6,19.9999996E-3,,,,,70.440000854E-6,0.0,,,,,70.440000854E-6,0.0,
,,,70.480004069E-6,0.0,,,,,70.480004069E-6,0.0,,,,,70.480004069E-6,0.0,
,,,70.520000008E-6,0.0,,,,,70.520000008E-6,-19.9999996E-3,,,,,70.520000008E-6,-800.000011921E-3,
,,,70.560003223E-6,-39.99999911E-3,,,,,70.560003223E-6,-19.9999996E-3,,,,,70.560003223E-6,0.0,
,,,70.599999162E-6,-19.9999996E-3,,,,,70.599999162E-6,19.9999996E-3,,,,,70.599999162E-6,0.0,
,,,70.640002377E-6,-19.9999996E-3,,,,,70.640002377E-6,-19.9999996E-3,,,,,70.640002377E-6,0.0,
,,,70.679998316E-6,-19.9999996E-3,,,,,70.679998316E-6,0.0,,,,,70.679998316E-6,0.0,
,,,70.720001531E-6,-39.99999911E-3,,,,,70.720001531E-6,-19.9999996E-3,,,,,70.720001531E-6,0.0,
,,,70.759997470E-6,-19.9999996E-3,,,,,70.759997470E-6,0.0,,,,,70.759997470E-6,0.0,
,,,70.800000685E-6,-19.9999996E-3,,,,,70.800000685E-6,0.0,,,,,70.800000685E-6,0.0,
,,,70.840003900E-6,-19.9999996E-3,,,,,70.840003900E-6,-19.9999996E-3,,,,,70.840003900E-6,-800.000011921E-3,
,,,70.879999839E-6,0.0,,,,,70.879999839E-6,-19.9999996E-3,,,,,70.879999839E-6,0.0,
,,,70.920003054E-6,-19.9999996E-3,,,,,70.920003054E-6,-19.9999996E-3,,,,,70.920003054E-6,0.0,
,,,70.959998993E-6,-19.9999996E-3,,,,,70.959998993E-6,0.0,,,,,70.959998993E-6,0.0,
,,,71.000002208E-6,-39.99999911E-3,,,,,71.000002208E-6,-19.9999996E-3,,,,,71.000002208E-6,-800.000011921E-3,
,,,71.039998147E-6,0.0,,,,,71.039998147E-6,-39.99999911E-3,,,,,71.039998147E-6,0.0,
,,,71.080001362E-6,-19.9999996E-3,,,,,71.080001362E-6,0.0,,,,,71.080001362E-6,0.0,
,,,71.119997301E-6,-39.99999911E-3,,,,,71.119997301E-6,-19.9999996E-3,,,,,71.119997301E-6,0.0,
,,,71.160000516E-6,0.0,,,,,71.160000516E-6,-19.9999996E-3,,,,,71.160000516E-6,0.0,
,,,71.200003731E-6,-19.9999996E-3,,,,,71.200003731E-6,-19.9999996E-3,,,,,71.200003731E-6,0.0,
,,,71.239999670E-6,0.0,,,,,71.239999670E-6,0.0,,,,,71.239999670E-6,0.0,
,,,71.280002885E-6,-39.99999911E-3,,,,,71.280002885E-6,-19.9999996E-3,,,,,71.280002885E-6,0.0,
,,,71.319998824E-6,0.0,,,,,71.319998824E-6,0.0,,,,,71.319998824E-6,0.0,
,,,71.360002039E-6,-19.9999996E-3,,,,,71.360002039E-6,-19.9999996E-3,,,,,71.360002039E-6,0.0,
,,,71.399997978E-6,0.0,,,,,71.399997978E-6,-39.99999911E-3,,,,,71.399997978E-6,0.0,
,,,71.440001193E-6,0.0,,,,,71.440001193E-6,-19.9999996E-3,,,,,71.440001193E-6,0.0,
,,,71.479997132E-6,-19.9999996E-3,,,,,71.479997132E-6,-19.9999996E-3,,,,,71.479997132E-6,0.0,
,,,71.520000347E-6,-19.9999996E-3,,,,,71.520000347E-6,-19.9999996E-3,,,,,71.520000347E-6,0.0,
,,,71.560003562E-6,-19.9999996E-3,,,,,71.560003562E-6,-19.9999996E-3,,,,,71.560003562E-6,0.0,
,,,71.599999501E-6,-19.9999996E-3,,,,,71.599999501E-6,-39.99999911E-3,,,,,71.599999501E-6,-800.000011921E-3,
,,,71.640002716E-6,-19.9999996E-3,,,,,71.640002716E-6,-19.9999996E-3,,,,,71.640002716E-6,0.0,
,,,71.679998655E-6,0.0,,,,,71.679998655E-6,-19.9999996E-3,,,,,71.679998655E-6,0.0,
,,,71.720001870E-6,-19.9999996E-3,,,,,71.720001870E-6,0.0,,,,,71.720001870E-6,0.0,
,,,71.759997809E-6,-39.99999911E-3,,,,,71.759997809E-6,-19.9999996E-3,,,,,71.759997809E-6,0.0,
,,,71.800001024E-6,-19.9999996E-3,,,,,71.800001024E-6,-19.9999996E-3,,,,,71.800001024E-6,-800.000011921E-3,
,,,71.840004239E-6,-39.99999911E-3,,,,,71.840004239E-6,0.0,,,,,71.840004239E-6,0.0,
,,,71.880000178E-6,-19.9999996E-3,,,,,71.880000178E-6,-39.99999911E-3,,,,,71.880000178E-6,0.0,
,,,71.920003393E-6,-19.9999996E-3,,,,,71.920003393E-6,-19.9999996E-3,,,,,71.920003393E-6,0.0,
,,,71.959999332E-6,-19.9999996E-3,,,,,71.959999332E-6,-19.9999996E-3,,,,,71.959999332E-6,0.0,
,,,72.000002547E-6,-19.9999996E-3,,,,,72.000002547E-6,0.0,,,,,72.000002547E-6,0.0,
,,,72.039998486E-6,-19.9999996E-3,,,,,72.039998486E-6,0.0,,,,,72.039998486E-6,0.0,
,,,72.080001701E-6,0.0,,,,,72.080001701E-6,0.0,,,,,72.080001701E-6,0.0,
,,,72.119997640E-6,-19.9999996E-3,,,,,72.119997640E-6,0.0,,,,,72.119997640E-6,0.0,
,,,72.160000855E-6,-39.99999911E-3,,,,,72.160000855E-6,-19.9999996E-3,,,,,72.160000855E-6,0.0,
,,,72.200004070E-6,0.0,,,,,72.200004070E-6,0.0,,,,,72.200004070E-6,0.0,
,,,72.240000009E-6,-19.9999996E-3,,,,,72.240000009E-6,0.0,,,,,72.240000009E-6,0.0,
,,,72.280003224E-6,-19.9999996E-3,,,,,72.280003224E-6,-39.99999911E-3,,,,,72.280003224E-6,0.0,
,,,72.319999163E-6,-19.9999996E-3,,,,,72.319999163E-6,-19.9999996E-3,,,,,72.319999163E-6,0.0,
,,,72.360002378E-6,-39.99999911E-3,,,,,72.360002378E-6,-19.9999996E-3,,,,,72.360002378E-6,0.0,
,,,72.399998317E-6,0.0,,,,,72.399998317E-6,-19.9999996E-3,,,,,72.399998317E-6,0.0,
,,,72.440001532E-6,0.0,,,,,72.440001532E-6,-19.9999996E-3,,,,,72.440001532E-6,0.0,
,,,72.479997471E-6,0.0,,,,,72.479997471E-6,-19.9999996E-3,,,,,72.479997471E-6,-800.000011921E-3,
,,,72.520000685E-6,-19.9999996E-3,,,,,72.520000685E-6,-39.99999911E-3,,,,,72.520000685E-6,0.0,
,,,72.560003900E-6,-19.9999996E-3,,,,,72.560003900E-6,0.0,,,,,72.560003900E-6,-800.000011921E-3,
,,,72.599999839E-6,-19.9999996E-3,,,,,72.599999839E-6,0.0,,,,,72.599999839E-6,0.0,
,,,72.640003054E-6,-19.9999996E-3,,,,,72.640003054E-6,-19.9999996E-3,,,,,72.640003054E-6,0.0,
,,,72.679998993E-6,0.0,,,,,72.679998993E-6,-19.9999996E-3,,,,,72.679998993E-6,0.0,
,,,72.720002208E-6,-19.9999996E-3,,,,,72.720002208E-6,0.0,,,,,72.720002208E-6,0.0,
,,,72.759998147E-6,-19.9999996E-3,,,,,72.759998147E-6,-19.9999996E-3,,,,,72.759998147E-6,0.0,
,,,72.800001362E-6,-19.9999996E-3,,,,,72.800001362E-6,-39.99999911E-3,,,,,72.800001362E-6,-800.000011921E-3,
,,,72.839997301E-6,19.9999996E-3,,,,,72.839997301E-6,0.0,,,,,72.839997301E-6,0.0,
,,,72.880000516E-6,0.0,,,,,72.880000516E-6,0.0,,,,,72.880000516E-6,0.0,
,,,72.920003731E-6,0.0,,,,,72.920003731E-6,-19.9999996E-3,,,,,72.920003731E-6,0.0,
,,,72.959999670E-6,0.0,,,,,72.959999670E-6,-19.9999996E-3,,,,,72.959999670E-6,0.0,
,,,73.000002885E-6,-19.9999996E-3,,,,,73.000002885E-6,-39.99999911E-3,,,,,73.000002885E-6,0.0,
,,,73.039998824E-6,-19.9999996E-3,,,,,73.039998824E-6,-19.9999996E-3,,,,,73.039998824E-6,0.0,
,,,73.080002039E-6,-39.99999911E-3,,,,,73.080002039E-6,-19.9999996E-3,,,,,73.080002039E-6,0.0,
,,,73.119997978E-6,-19.9999996E-3,,,,,73.119997978E-6,-39.99999911E-3,,,,,73.119997978E-6,0.0,
,,,73.160001193E-6,-39.99999911E-3,,,,,73.160001193E-6,-19.9999996E-3,,,,,73.160001193E-6,0.0,
,,,73.199997132E-6,-19.9999996E-3,,,,,73.199997132E-6,0.0,,,,,73.199997132E-6,0.0,
,,,73.240000347E-6,-19.9999996E-3,,,,,73.240000347E-6,-19.9999996E-3,,,,,73.240000347E-6,0.0,
,,,73.280003562E-6,-19.9999996E-3,,,,,73.280003562E-6,0.0,,,,,73.280003562E-6,-800.000011921E-3,
,,,73.319999501E-6,0.0,,,,,73.319999501E-6,-19.9999996E-3,,,,,73.319999501E-6,0.0,
,,,73.360002716E-6,-19.9999996E-3,,,,,73.360002716E-6,-19.9999996E-3,,,,,73.360002716E-6,0.0,
,,,73.399998655E-6,-19.9999996E-3,,,,,73.399998655E-6,0.0,,,,,73.399998655E-6,0.0,
,,,73.440001870E-6,-19.9999996E-3,,,,,73.440001870E-6,0.0,,,,,73.440001870E-6,0.0,
,,,73.479997809E-6,-19.9999996E-3,,,,,73.479997809E-6,0.0,,,,,73.479997809E-6,0.0,
,,,73.520001024E-6,-19.9999996E-3,,,,,73.520001024E-6,-19.9999996E-3,,,,,73.520001024E-6,0.0,
,,,73.560004239E-6,-19.9999996E-3,,,,,73.560004239E-6,-19.9999996E-3,,,,,73.560004239E-6,0.0,
,,,73.600000178E-6,-39.99999911E-3,,,,,73.600000178E-6,-39.99999911E-3,,,,,73.600000178E-6,-800.000011921E-3,
,,,73.640003393E-6,-39.99999911E-3,,,,,73.640003393E-6,0.0,,,,,73.640003393E-6,-800.000011921E-3,
,,,73.679999332E-6,0.0,,,,,73.679999332E-6,-19.9999996E-3,,,,,73.679999332E-6,0.0,
,,,73.720002547E-6,-19.9999996E-3,,,,,73.720002547E-6,-19.9999996E-3,,,,,73.720002547E-6,-800.000011921E-3,
,,,73.759998486E-6,-19.9999996E-3,,,,,73.759998486E-6,0.0,,,,,73.759998486E-6,-800.000011921E-3,
,,,73.800001701E-6,0.0,,,,,73.800001701E-6,0.0,,,,,73.800001701E-6,0.0,
,,,73.839997640E-6,0.0,,,,,73.839997640E-6,0.0,,,,,73.839997640E-6,-800.000011921E-3,
,,,73.880000855E-6,0.0,,,,,73.880000855E-6,0.0,,,,,73.880000855E-6,0.0,
,,,73.920004070E-6,-19.9999996E-3,,,,,73.920004070E-6,0.0,,,,,73.920004070E-6,0.0,
,,,73.960000009E-6,-19.9999996E-3,,,,,73.960000009E-6,-19.9999996E-3,,,,,73.960000009E-6,0.0,
,,,74.000003224E-6,19.9999996E-3,,,,,74.000003224E-6,19.9999996E-3,,,,,74.000003224E-6,0.0,
,,,74.039999163E-6,-19.9999996E-3,,,,,74.039999163E-6,-19.9999996E-3,,,,,74.039999163E-6,0.0,
,,,74.080002378E-6,0.0,,,,,74.080002378E-6,-19.9999996E-3,,,,,74.080002378E-6,-800.000011921E-3,
,,,74.119998317E-6,-19.9999996E-3,,,,,74.119998317E-6,0.0,,,,,74.119998317E-6,0.0,
,,,74.160001532E-6,-39.99999911E-3,,,,,74.160001532E-6,19.9999996E-3,,,,,74.160001532E-6,0.0,
,,,74.199997471E-6,-19.9999996E-3,,,,,74.199997471E-6,-39.99999911E-3,,,,,74.199997471E-6,0.0,
,,,74.240000686E-6,-19.9999996E-3,,,,,74.240000686E-6,0.0,,,,,74.240000686E-6,0.0,
,,,74.280003901E-6,-19.9999996E-3,,,,,74.280003901E-6,-19.9999996E-3,,,,,74.280003901E-6,0.0,
,,,74.319999840E-6,-39.99999911E-3,,,,,74.319999840E-6,-39.99999911E-3,,,,,74.319999840E-6,0.0,
,,,74.360003055E-6,-39.99999911E-3,,,,,74.360003055E-6,-39.99999911E-3,,,,,74.360003055E-6,0.0,
,,,74.399998994E-6,-19.9999996E-3,,,,,74.399998994E-6,0.0,,,,,74.399998994E-6,0.0,
,,,74.440002209E-6,-19.9999996E-3,,,,,74.440002209E-6,-19.9999996E-3,,,,,74.440002209E-6,0.0,
,,,74.479998148E-6,-19.9999996E-3,,,,,74.479998148E-6,-19.9999996E-3,,,,,74.479998148E-6,0.0,
,,,74.520001363E-6,-39.99999911E-3,,,,,74.520001363E-6,-19.9999996E-3,,,,,74.520001363E-6,0.0,
,,,74.559997302E-6,-19.9999996E-3,,,,,74.559997302E-6,0.0,,,,,74.559997302E-6,0.0,
,,,74.600000517E-6,-19.9999996E-3,,,,,74.600000517E-6,-19.9999996E-3,,,,,74.600000517E-6,0.0,
,,,74.640003731E-6,-19.9999996E-3,,,,,74.640003731E-6,0.0,,,,,74.640003731E-6,0.0,
,,,74.679999670E-6,0.0,,,,,74.679999670E-6,-19.9999996E-3,,,,,74.679999670E-6,0.0,
,,,74.720002885E-6,0.0,,,,,74.720002885E-6,-19.9999996E-3,,,,,74.720002885E-6,0.0,
,,,74.759998824E-6,-19.9999996E-3,,,,,74.759998824E-6,-19.9999996E-3,,,,,74.759998824E-6,0.0,
,,,74.800002039E-6,0.0,,,,,74.800002039E-6,-19.9999996E-3,,,,,74.800002039E-6,0.0,
,,,74.839997978E-6,0.0,,,,,74.839997978E-6,0.0,,,,,74.839997978E-6,0.0,
,,,74.880001193E-6,-19.9999996E-3,,,,,74.880001193E-6,-19.9999996E-3,,,,,74.880001193E-6,0.0,
,,,74.919997132E-6,0.0,,,,,74.919997132E-6,-19.9999996E-3,,,,,74.919997132E-6,0.0,
,,,74.960000347E-6,-19.9999996E-3,,,,,74.960000347E-6,-19.9999996E-3,,,,,74.960000347E-6,0.0,
,,,75.000003562E-6,-19.9999996E-3,,,,,75.000003562E-6,-19.9999996E-3,,,,,75.000003562E-6,0.0,
,,,75.039999501E-6,-19.9999996E-3,,,,,75.039999501E-6,0.0,,,,,75.039999501E-6,0.0,
,,,75.080002716E-6,0.0,,,,,75.080002716E-6,-19.9999996E-3,,,,,75.080002716E-6,0.0,
,,,75.119998655E-6,0.0,,,,,75.119998655E-6,0.0,,,,,75.119998655E-6,0.0,
,,,75.160001870E-6,0.0,,,,,75.160001870E-6,-19.9999996E-3,,,,,75.160001870E-6,0.0,
,,,75.199997809E-6,-19.9999996E-3,,,,,75.199997809E-6,-19.9999996E-3,,,,,75.199997809E-6,0.0,
,,,75.240001024E-6,-19.9999996E-3,,,,,75.240001024E-6,0.0,,,,,75.240001024E-6,0.0,
,,,75.280004239E-6,-19.9999996E-3,,,,,75.280004239E-6,-19.9999996E-3,,,,,75.280004239E-6,0.0,
,,,75.320000178E-6,-19.9999996E-3,,,,,75.320000178E-6,-19.9999996E-3,,,,,75.320000178E-6,-800.000011921E-3,
,,,75.360003393E-6,-19.9999996E-3,,,,,75.360003393E-6,-19.9999996E-3,,,,,75.360003393E-6,0.0,
,,,75.399999332E-6,0.0,,,,,75.399999332E-6,-19.9999996E-3,,,,,75.399999332E-6,0.0,
,,,75.440002547E-6,-19.9999996E-3,,,,,75.440002547E-6,0.0,,,,,75.440002547E-6,-800.000011921E-3,
,,,75.479998486E-6,-19.9999996E-3,,,,,75.479998486E-6,-19.9999996E-3,,,,,75.479998486E-6,0.0,
,,,75.520001701E-6,-19.9999996E-3,,,,,75.520001701E-6,0.0,,,,,75.520001701E-6,0.0,
,,,75.559997640E-6,-19.9999996E-3,,,,,75.559997640E-6,-19.9999996E-3,,,,,75.559997640E-6,-800.000011921E-3,
,,,75.600000855E-6,-19.9999996E-3,,,,,75.600000855E-6,0.0,,,,,75.600000855E-6,0.0,
,,,75.640004070E-6,0.0,,,,,75.640004070E-6,-19.9999996E-3,,,,,75.640004070E-6,0.0,
,,,75.680000009E-6,0.0,,,,,75.680000009E-6,0.0,,,,,75.680000009E-6,-800.000011921E-3,
,,,75.720003224E-6,-39.99999911E-3,,,,,75.720003224E-6,0.0,,,,,75.720003224E-6,-800.000011921E-3,
,,,75.759999163E-6,0.0,,,,,75.759999163E-6,-19.9999996E-3,,,,,75.759999163E-6,0.0,
,,,75.800002378E-6,-19.9999996E-3,,,,,75.800002378E-6,0.0,,,,,75.800002378E-6,0.0,
,,,75.839998317E-6,-39.99999911E-3,,,,,75.839998317E-6,-19.9999996E-3,,,,,75.839998317E-6,0.0,
,,,75.880001532E-6,-39.99999911E-3,,,,,75.880001532E-6,-19.9999996E-3,,,,,75.880001532E-6,0.0,
,,,75.919997471E-6,-19.9999996E-3,,,,,75.919997471E-6,0.0,,,,,75.919997471E-6,0.0,
,,,75.960000686E-6,-19.9999996E-3,,,,,75.960000686E-6,-19.9999996E-3,,,,,75.960000686E-6,0.0,
,,,76.000003901E-6,-39.99999911E-3,,,,,76.000003901E-6,0.0,,,,,76.000003901E-6,-800.000011921E-3,
,,,76.039999840E-6,0.0,,,,,76.039999840E-6,0.0,,,,,76.039999840E-6,0.0,
,,,76.080003055E-6,-19.9999996E-3,,,,,76.080003055E-6,19.9999996E-3,,,,,76.080003055E-6,0.0,
,,,76.119998994E-6,-19.9999996E-3,,,,,76.119998994E-6,-19.9999996E-3,,,,,76.119998994E-6,0.0,
,,,76.160002209E-6,-19.9999996E-3,,,,,76.160002209E-6,-19.9999996E-3,,,,,76.160002209E-6,0.0,
,,,76.199998148E-6,-19.9999996E-3,,,,,76.199998148E-6,0.0,,,,,76.199998148E-6,0.0,
,,,76.240001363E-6,-39.99999911E-3,,,,,76.240001363E-6,-19.9999996E-3,,,,,76.240001363E-6,0.0,
,,,76.279997302E-6,-19.9999996E-3,,,,,76.279997302E-6,0.0,,,,,76.279997302E-6,0.0,
,,,76.320000517E-6,-39.99999911E-3,,,,,76.320000517E-6,-19.9999996E-3,,,,,76.320000517E-6,0.0,
,,,76.360003732E-6,-19.9999996E-3,,,,,76.360003732E-6,-19.9999996E-3,,,,,76.360003732E-6,-800.000011921E-3,
,,,76.399999671E-6,-39.99999911E-3,,,,,76.399999671E-6,-19.9999996E-3,,,,,76.399999671E-6,0.0,
,,,76.440002886E-6,-19.9999996E-3,,,,,76.440002886E-6,0.0,,,,,76.440002886E-6,0.0,
,,,76.479998825E-6,-19.9999996E-3,,,,,76.479998825E-6,-19.9999996E-3,,,,,76.479998825E-6,-800.000011921E-3,
,,,76.520002040E-6,-19.9999996E-3,,,,,76.520002040E-6,-19.9999996E-3,,,,,76.520002040E-6,0.0,
,,,76.559997979E-6,0.0,,,,,76.559997979E-6,0.0,,,,,76.559997979E-6,0.0,
,,,76.600001194E-6,0.0,,,,,76.600001194E-6,-19.9999996E-3,,,,,76.600001194E-6,-800.000011921E-3,
,,,76.639997133E-6,-19.9999996E-3,,,,,76.639997133E-6,-19.9999996E-3,,,,,76.639997133E-6,0.0,
,,,76.680000348E-6,-19.9999996E-3,,,,,76.680000348E-6,-19.9999996E-3,,,,,76.680000348E-6,0.0,
,,,76.720003563E-6,-19.9999996E-3,,,,,76.720003563E-6,0.0,,,,,76.720003563E-6,-800.000011921E-3,
,,,76.759999502E-6,-39.99999911E-3,,,,,76.759999502E-6,-19.9999996E-3,,,,,76.759999502E-6,-800.000011921E-3,
,,,76.800002716E-6,0.0,,,,,76.800002716E-6,0.0,,,,,76.800002716E-6,0.0,
,,,76.839998655E-6,0.0,,,,,76.839998655E-6,0.0,,,,,76.839998655E-6,0.0,
,,,76.880001870E-6,-19.9999996E-3,,,,,76.880001870E-6,-19.9999996E-3,,,,,76.880001870E-6,0.0,
,,,76.919997809E-6,0.0,,,,,76.919997809E-6,0.0,,,,,76.919997809E-6,0.0,
,,,76.960001024E-6,-19.9999996E-3,,,,,76.960001024E-6,-19.9999996E-3,,,,,76.960001024E-6,0.0,
,,,77.000004239E-6,0.0,,,,,77.000004239E-6,-19.9999996E-3,,,,,77.000004239E-6,-800.000011921E-3,
,,,77.040000178E-6,-39.99999911E-3,,,,,77.040000178E-6,-19.9999996E-3,,,,,77.040000178E-6,0.0,
,,,77.080003393E-6,0.0,,,,,77.080003393E-6,-19.9999996E-3,,,,,77.080003393E-6,0.0,
,,,77.119999332E-6,-39.99999911E-3,,,,,77.119999332E-6,-19.9999996E-3,,,,,77.119999332E-6,0.0,
,,,77.160002547E-6,-19.9999996E-3,,,,,77.160002547E-6,-19.9999996E-3,,,,,77.160002547E-6,0.0,
,,,77.199998486E-6,-19.9999996E-3,,,,,77.199998486E-6,0.0,,,,,77.199998486E-6,-800.000011921E-3,
,,,77.240001701E-6,-39.99999911E-3,,,,,77.240001701E-6,-39.99999911E-3,,,,,77.240001701E-6,0.0,
,,,77.279997640E-6,0.0,,,,,77.279997640E-6,-19.9999996E-3,,,,,77.279997640E-6,0.0,
,,,77.320000855E-6,-39.99999911E-3,,,,,77.320000855E-6,-19.9999996E-3,,,,,77.320000855E-6,-800.000011921E-3,
,,,77.360004070E-6,-19.9999996E-3,,,,,77.360004070E-6,-19.9999996E-3,,,,,77.360004070E-6,-800.000011921E-3,
,,,77.400000009E-6,-39.99999911E-3,,,,,77.400000009E-6,0.0,,,,,77.400000009E-6,0.0,
,,,77.440003224E-6,-39.99999911E-3,,,,,77.440003224E-6,-19.9999996E-3,,,,,77.440003224E-6,0.0,
,,,77.479999163E-6,-19.9999996E-3,,,,,77.479999163E-6,0.0,,,,,77.479999163E-6,0.0,
,,,77.520002378E-6,-19.9999996E-3,,,,,77.520002378E-6,-19.9999996E-3,,,,,77.520002378E-6,0.0,
,,,77.559998317E-6,-19.9999996E-3,,,,,77.559998317E-6,-39.99999911E-3,,,,,77.559998317E-6,0.0,
,,,77.600001532E-6,-39.99999911E-3,,,,,77.600001532E-6,-19.9999996E-3,,,,,77.600001532E-6,0.0,
,,,77.639997471E-6,-19.9999996E-3,,,,,77.639997471E-6,-19.9999996E-3,,,,,77.639997471E-6,-800.000011921E-3,
,,,77.680000686E-6,-39.99999911E-3,,,,,77.680000686E-6,-19.9999996E-3,,,,,77.680000686E-6,0.0,
,,,77.720003901E-6,-19.9999996E-3,,,,,77.720003901E-6,0.0,,,,,77.720003901E-6,0.0,
,,,77.759999840E-6,-19.9999996E-3,,,,,77.759999840E-6,-19.9999996E-3,,,,,77.759999840E-6,0.0,
,,,77.800003055E-6,-39.99999911E-3,,,,,77.800003055E-6,0.0,,,,,77.800003055E-6,0.0,
,,,77.839998994E-6,0.0,,,,,77.839998994E-6,0.0,,,,,77.839998994E-6,0.0,
,,,77.880002209E-6,-19.9999996E-3,,,,,77.880002209E-6,0.0,,,,,77.880002209E-6,0.0,
,,,77.919998148E-6,-19.9999996E-3,,,,,77.919998148E-6,-19.9999996E-3,,,,,77.919998148E-6,0.0,
,,,77.960001363E-6,-19.9999996E-3,,,,,77.960001363E-6,-19.9999996E-3,,,,,77.960001363E-6,0.0,
,,,77.999997302E-6,-39.99999911E-3,,,,,77.999997302E-6,-19.9999996E-3,,,,,77.999997302E-6,0.0,
,,,78.040000517E-6,-19.9999996E-3,,,,,78.040000517E-6,0.0,,,,,78.040000517E-6,-800.000011921E-3,
,,,78.080003732E-6,-19.9999996E-3,,,,,78.080003732E-6,19.9999996E-3,,,,,78.080003732E-6,0.0,
,,,78.119999671E-6,-39.99999911E-3,,,,,78.119999671E-6,-39.99999911E-3,,,,,78.119999671E-6,0.0,
,,,78.160002886E-6,-39.99999911E-3,,,,,78.160002886E-6,-39.99999911E-3,,,,,78.160002886E-6,0.0,
,,,78.199998825E-6,-19.9999996E-3,,,,,78.199998825E-6,-19.9999996E-3,,,,,78.199998825E-6,0.0,
,,,78.240002040E-6,-19.9999996E-3,,,,,78.240002040E-6,0.0,,,,,78.240002040E-6,0.0,
,,,78.279997979E-6,-19.9999996E-3,,,,,78.279997979E-6,-39.99999911E-3,,,,,78.279997979E-6,0.0,
,,,78.320001194E-6,-19.9999996E-3,,,,,78.320001194E-6,-19.9999996E-3,,,,,78.320001194E-6,0.0,
,,,78.359997133E-6,-19.9999996E-3,,,,,78.359997133E-6,-19.9999996E-3,,,,,78.359997133E-6,0.0,
,,,78.400000348E-6,-19.9999996E-3,,,,,78.400000348E-6,19.9999996E-3,,,,,78.400000348E-6,-800.000011921E-3,
,,,78.440003563E-6,-19.9999996E-3,,,,,78.440003563E-6,-19.9999996E-3,,,,,78.440003563E-6,0.0,
,,,78.479999502E-6,-39.99999911E-3,,,,,78.479999502E-6,-19.9999996E-3,,,,,78.479999502E-6,0.0,
,,,78.520002717E-6,-19.9999996E-3,,,,,78.520002717E-6,0.0,,,,,78.520002717E-6,-800.000011921E-3,
,,,78.559998656E-6,-19.9999996E-3,,,,,78.559998656E-6,-19.9999996E-3,,,,,78.559998656E-6,0.0,
,,,78.600001871E-6,0.0,,,,,78.600001871E-6,-19.9999996E-3,,,,,78.600001871E-6,0.0,
,,,78.639997810E-6,-39.99999911E-3,,,,,78.639997810E-6,-19.9999996E-3,,,,,78.639997810E-6,-800.000011921E-3,
,,,78.680001025E-6,-19.9999996E-3,,,,,78.680001025E-6,-19.9999996E-3,,,,,78.680001025E-6,0.0,
,,,78.720004240E-6,-19.9999996E-3,,,,,78.720004240E-6,19.9999996E-3,,,,,78.720004240E-6,0.0,
,,,78.760000179E-6,-19.9999996E-3,,,,,78.760000179E-6,-19.9999996E-3,,,,,78.760000179E-6,0.0,
,,,78.800003394E-6,0.0,,,,,78.800003394E-6,-19.9999996E-3,,,,,78.800003394E-6,0.0,
,,,78.839999333E-6,-19.9999996E-3,,,,,78.839999333E-6,0.0,,,,,78.839999333E-6,-800.000011921E-3,
,,,78.880002548E-6,0.0,,,,,78.880002548E-6,0.0,,,,,78.880002548E-6,0.0,
,,,78.919998487E-6,-19.9999996E-3,,,,,78.919998487E-6,-19.9999996E-3,,,,,78.919998487E-6,0.0,
,,,78.960001701E-6,-39.99999911E-3,,,,,78.960001701E-6,0.0,,,,,78.960001701E-6,0.0,
,,,78.999997640E-6,0.0,,,,,78.999997640E-6,-19.9999996E-3,,,,,78.999997640E-6,0.0,
,,,79.040000855E-6,-19.9999996E-3,,,,,79.040000855E-6,-19.9999996E-3,,,,,79.040000855E-6,0.0,
,,,79.080004070E-6,0.0,,,,,79.080004070E-6,0.0,,,,,79.080004070E-6,0.0,
,,,79.120000009E-6,-39.99999911E-3,,,,,79.120000009E-6,0.0,,,,,79.120000009E-6,0.0,
,,,79.160003224E-6,-19.9999996E-3,,,,,79.160003224E-6,0.0,,,,,79.160003224E-6,0.0,
,,,79.199999163E-6,-19.9999996E-3,,,,,79.199999163E-6,0.0,,,,,79.199999163E-6,0.0,
,,,79.240002378E-6,-39.99999911E-3,,,,,79.240002378E-6,-39.99999911E-3,,,,,79.240002378E-6,0.0,
,,,79.279998317E-6,0.0,,,,,79.279998317E-6,-19.9999996E-3,,,,,79.279998317E-6,0.0,
,,,79.320001532E-6,-39.99999911E-3,,,,,79.320001532E-6,-19.9999996E-3,,,,,79.320001532E-6,-800.000011921E-3,
,,,79.359997471E-6,-19.9999996E-3,,,,,79.359997471E-6,0.0,,,,,79.359997471E-6,0.0,
,,,79.400000686E-6,-19.9999996E-3,,,,,79.400000686E-6,-19.9999996E-3,,,,,79.400000686E-6,-800.000011921E-3,
,,,79.440003901E-6,-19.9999996E-3,,,,,79.440003901E-6,-19.9999996E-3,,,,,79.440003901E-6,0.0,
,,,79.479999840E-6,-39.99999911E-3,,,,,79.479999840E-6,0.0,,,,,79.479999840E-6,0.0,
,,,79.520003055E-6,-19.9999996E-3,,,,,79.520003055E-6,-39.99999911E-3,,,,,79.520003055E-6,0.0,
,,,79.559998994E-6,-19.9999996E-3,,,,,79.559998994E-6,0.0,,,,,79.559998994E-6,-800.000011921E-3,
,,,79.600002209E-6,-19.9999996E-3,,,,,79.600002209E-6,0.0,,,,,79.600002209E-6,0.0,
,,,79.639998148E-6,-19.9999996E-3,,,,,79.639998148E-6,-19.9999996E-3,,,,,79.639998148E-6,0.0,
,,,79.680001363E-6,-39.99999911E-3,,,,,79.680001363E-6,0.0,,,,,79.680001363E-6,0.0,
,,,79.719997302E-6,-39.99999911E-3,,,,,79.719997302E-6,0.0,,,,,79.719997302E-6,0.0,
,,,79.760000517E-6,0.0,,,,,79.760000517E-6,0.0,,,,,79.760000517E-6,0.0,
,,,79.800003732E-6,0.0,,,,,79.800003732E-6,0.0,,,,,79.800003732E-6,0.0,
,,,79.839999671E-6,-19.9999996E-3,,,,,79.839999671E-6,19.9999996E-3,,,,,79.839999671E-6,0.0,
,,,79.880002886E-6,-19.9999996E-3,,,,,79.880002886E-6,0.0,,,,,79.880002886E-6,0.0,
,,,79.919998825E-6,0.0,,,,,79.919998825E-6,0.0,,,,,79.919998825E-6,0.0,
,,,79.960002040E-6,-19.9999996E-3,,,,,79.960002040E-6,0.0,,,,,79.960002040E-6,-800.000011921E-3,
,,,79.999997979E-6,-19.9999996E-3,,,,,79.999997979E-6,0.0,,,,,79.999997979E-6,0.0,
,,,80.040001194E-6,0.0,,,,,80.040001194E-6,0.0,,,,,80.040001194E-6,0.0,
,,,80.079997133E-6,-39.99999911E-3,,,,,80.079997133E-6,-19.9999996E-3,,,,,80.079997133E-6,0.0,
,,,80.120000348E-6,0.0,,,,,80.120000348E-6,-19.9999996E-3,,,,,80.120000348E-6,-800.000011921E-3,
,,,80.160003563E-6,-19.9999996E-3,,,,,80.160003563E-6,-19.9999996E-3,,,,,80.160003563E-6,0.0,
,,,80.199999502E-6,-19.9999996E-3,,,,,80.199999502E-6,0.0,,,,,80.199999502E-6,0.0,
,,,80.240002717E-6,-19.9999996E-3,,,,,80.240002717E-6,-39.99999911E-3,,,,,80.240002717E-6,0.0,
,,,80.279998656E-6,-19.9999996E-3,,,,,80.279998656E-6,-19.9999996E-3,,,,,80.279998656E-6,0.0,
,,,80.320001871E-6,-19.9999996E-3,,,,,80.320001871E-6,0.0,,,,,80.320001871E-6,0.0,
,,,80.359997810E-6,-19.9999996E-3,,,,,80.359997810E-6,0.0,,,,,80.359997810E-6,0.0,
,,,80.400001025E-6,-19.9999996E-3,,,,,80.400001025E-6,0.0,,,,,80.400001025E-6,0.0,
,,,80.440004240E-6,0.0,,,,,80.440004240E-6,-19.9999996E-3,,,,,80.440004240E-6,0.0,
,,,80.480000179E-6,-19.9999996E-3,,,,,80.480000179E-6,-19.9999996E-3,,,,,80.480000179E-6,-800.000011921E-3,
,,,80.520003394E-6,-19.9999996E-3,,,,,80.520003394E-6,0.0,,,,,80.520003394E-6,0.0,
,,,80.559999333E-6,-19.9999996E-3,,,,,80.559999333E-6,-19.9999996E-3,,,,,80.559999333E-6,0.0,
,,,80.600002548E-6,-19.9999996E-3,,,,,80.600002548E-6,0.0,,,,,80.600002548E-6,0.0,
,,,80.639998487E-6,-19.9999996E-3,,,,,80.639998487E-6,0.0,,,,,80.639998487E-6,0.0,
,,,80.680001702E-6,-19.9999996E-3,,,,,80.680001702E-6,0.0,,,,,80.680001702E-6,-800.000011921E-3,
,,,80.719997641E-6,-19.9999996E-3,,,,,80.719997641E-6,-19.9999996E-3,,,,,80.719997641E-6,-800.000011921E-3,
,,,80.760000856E-6,-19.9999996E-3,,,,,80.760000856E-6,0.0,,,,,80.760000856E-6,0.0,
,,,80.800004071E-6,-19.9999996E-3,,,,,80.800004071E-6,0.0,,,,,80.800004071E-6,0.0,
,,,80.840000010E-6,-19.9999996E-3,,,,,80.840000010E-6,-19.9999996E-3,,,,,80.840000010E-6,0.0,
,,,80.880003225E-6,-19.9999996E-3,,,,,80.880003225E-6,-19.9999996E-3,,,,,80.880003225E-6,0.0,
,,,80.919999164E-6,-39.99999911E-3,,,,,80.919999164E-6,-19.9999996E-3,,,,,80.919999164E-6,0.0,
,,,80.960002379E-6,0.0,,,,,80.960002379E-6,-19.9999996E-3,,,,,80.960002379E-6,0.0,
,,,80.999998318E-6,-39.99999911E-3,,,,,80.999998318E-6,-19.9999996E-3,,,,,80.999998318E-6,0.0,
,,,81.040001533E-6,-19.9999996E-3,,,,,81.040001533E-6,-19.9999996E-3,,,,,81.040001533E-6,0.0,
,,,81.079997472E-6,-19.9999996E-3,,,,,81.079997472E-6,0.0,,,,,81.079997472E-6,0.0,
,,,81.120000686E-6,-19.9999996E-3,,,,,81.120000686E-6,0.0,,,,,81.120000686E-6,0.0,
,,,81.160003901E-6,0.0,,,,,81.160003901E-6,-19.9999996E-3,,,,,81.160003901E-6,-800.000011921E-3,
,,,81.199999840E-6,-39.99999911E-3,,,,,81.199999840E-6,-39.99999911E-3,,,,,81.199999840E-6,0.0,
,,,81.240003055E-6,-19.9999996E-3,,,,,81.240003055E-6,0.0,,,,,81.240003055E-6,0.0,
,,,81.279998994E-6,-19.9999996E-3,,,,,81.279998994E-6,-19.9999996E-3,,,,,81.279998994E-6,0.0,
,,,81.320002209E-6,-39.99999911E-3,,,,,81.320002209E-6,-19.9999996E-3,,,,,81.320002209E-6,0.0,
,,,81.359998148E-6,-19.9999996E-3,,,,,81.359998148E-6,-39.99999911E-3,,,,,81.359998148E-6,0.0,
,,,81.400001363E-6,-39.99999911E-3,,,,,81.400001363E-6,-19.9999996E-3,,,,,81.400001363E-6,0.0,
,,,81.439997302E-6,-19.9999996E-3,,,,,81.439997302E-6,0.0,,,,,81.439997302E-6,0.0,
,,,81.480000517E-6,0.0,,,,,81.480000517E-6,-19.9999996E-3,,,,,81.480000517E-6,0.0,
,,,81.520003732E-6,-19.9999996E-3,,,,,81.520003732E-6,-19.9999996E-3,,,,,81.520003732E-6,0.0,
,,,81.559999671E-6,-39.99999911E-3,,,,,81.559999671E-6,-19.9999996E-3,,,,,81.559999671E-6,0.0,
,,,81.600002886E-6,-19.9999996E-3,,,,,81.600002886E-6,0.0,,,,,81.600002886E-6,0.0,
,,,81.639998825E-6,-19.9999996E-3,,,,,81.639998825E-6,-19.9999996E-3,,,,,81.639998825E-6,0.0,
,,,81.680002040E-6,-19.9999996E-3,,,,,81.680002040E-6,0.0,,,,,81.680002040E-6,0.0,
,,,81.719997979E-6,-19.9999996E-3,,,,,81.719997979E-6,0.0,,,,,81.719997979E-6,0.0,
,,,81.760001194E-6,-19.9999996E-3,,,,,81.760001194E-6,-19.9999996E-3,,,,,81.760001194E-6,-800.000011921E-3,
,,,81.799997133E-6,0.0,,,,,81.799997133E-6,0.0,,,,,81.799997133E-6,0.0,
,,,81.840000348E-6,0.0,,,,,81.840000348E-6,0.0,,,,,81.840000348E-6,0.0,
,,,81.880003563E-6,-19.9999996E-3,,,,,81.880003563E-6,0.0,,,,,81.880003563E-6,0.0,
,,,81.919999502E-6,0.0,,,,,81.919999502E-6,0.0,,,,,81.919999502E-6,0.0,
,,,81.960002717E-6,-19.9999996E-3,,,,,81.960002717E-6,0.0,,,,,81.960002717E-6,-800.000011921E-3,
,,,81.999998656E-6,-39.99999911E-3,,,,,81.999998656E-6,-19.9999996E-3,,,,,81.999998656E-6,0.0,
,,,82.040001871E-6,-19.9999996E-3,,,,,82.040001871E-6,19.9999996E-3,,,,,82.040001871E-6,0.0,
,,,82.079997810E-6,-39.99999911E-3,,,,,82.079997810E-6,0.0,,,,,82.079997810E-6,0.0,
,,,82.120001025E-6,0.0,,,,,82.120001025E-6,-19.9999996E-3,,,,,82.120001025E-6,0.0,
,,,82.160004240E-6,-39.99999911E-3,,,,,82.160004240E-6,-19.9999996E-3,,,,,82.160004240E-6,0.0,
,,,82.200000179E-6,-39.99999911E-3,,,,,82.200000179E-6,-19.9999996E-3,,,,,82.200000179E-6,-800.000011921E-3,
,,,82.240003394E-6,-19.9999996E-3,,,,,82.240003394E-6,-19.9999996E-3,,,,,82.240003394E-6,0.0,
,,,82.279999333E-6,-19.9999996E-3,,,,,82.279999333E-6,19.9999996E-3,,,,,82.279999333E-6,0.0,
,,,82.320002548E-6,-19.9999996E-3,,,,,82.320002548E-6,0.0,,,,,82.320002548E-6,0.0,
,,,82.359998487E-6,0.0,,,,,82.359998487E-6,-19.9999996E-3,,,,,82.359998487E-6,0.0,
,,,82.400001702E-6,0.0,,,,,82.400001702E-6,0.0,,,,,82.400001702E-6,-800.000011921E-3,
,,,82.439997641E-6,-19.9999996E-3,,,,,82.439997641E-6,-19.9999996E-3,,,,,82.439997641E-6,0.0,
,,,82.480000856E-6,-19.9999996E-3,,,,,82.480000856E-6,0.0,,,,,82.480000856E-6,0.0,
,,,82.520004071E-6,-19.9999996E-3,,,,,82.520004071E-6,-19.9999996E-3,,,,,82.520004071E-6,0.0,
,,,82.560000010E-6,-19.9999996E-3,,,,,82.560000010E-6,0.0,,,,,82.560000010E-6,-800.000011921E-3,
,,,82.600003225E-6,-39.99999911E-3,,,,,82.600003225E-6,19.9999996E-3,,,,,82.600003225E-6,0.0,
,,,82.639999164E-6,-19.9999996E-3,,,,,82.639999164E-6,-19.9999996E-3,,,,,82.639999164E-6,0.0,
,,,82.680002379E-6,0.0,,,,,82.680002379E-6,19.9999996E-3,,,,,82.680002379E-6,0.0,
,,,82.719998318E-6,0.0,,,,,82.719998318E-6,-39.99999911E-3,,,,,82.719998318E-6,0.0,
,,,82.760001533E-6,0.0,,,,,82.760001533E-6,19.9999996E-3,,,,,82.760001533E-6,0.0,
,,,82.799997472E-6,-39.99999911E-3,,,,,82.799997472E-6,-19.9999996E-3,,,,,82.799997472E-6,-800.000011921E-3,
,,,82.840000687E-6,19.9999996E-3,,,,,82.840000687E-6,-19.9999996E-3,,,,,82.840000687E-6,0.0,
,,,82.880003902E-6,-19.9999996E-3,,,,,82.880003902E-6,0.0,,,,,82.880003902E-6,0.0,
,,,82.919999841E-6,-19.9999996E-3,,,,,82.919999841E-6,0.0,,,,,82.919999841E-6,0.0,
,,,82.960003056E-6,0.0,,,,,82.960003056E-6,0.0,,,,,82.960003056E-6,0.0,
,,,82.999998995E-6,-19.9999996E-3,,,,,82.999998995E-6,-19.9999996E-3,,,,,82.999998995E-6,0.0,
,,,83.040002210E-6,-19.9999996E-3,,,,,83.040002210E-6,0.0,,,,,83.040002210E-6,0.0,
,,,83.079998149E-6,-39.99999911E-3,,,,,83.079998149E-6,-19.9999996E-3,,,,,83.079998149E-6,0.0,
,,,83.120001364E-6,-19.9999996E-3,,,,,83.120001364E-6,0.0,,,,,83.120001364E-6,-800.000011921E-3,
,,,83.159997303E-6,-39.99999911E-3,,,,,83.159997303E-6,-19.9999996E-3,,,,,83.159997303E-6,0.0,
