Record Length,2500,Points,-3.99999999E-6,2.0000001E-3,,Record Length,2500,Points,-3.99999999E-6,-4.00000019E-3,,Record Length,2500,Points,-3.99999999E-6,0.0,,Record Length,2500,Points,-3.99999999E-6,-200.00000298E-3,,Record Length,2500,Points,-3.99999999E-6,0.0,
Sample Interval,19.9999999E-9,s,-3.98000020E-6,0.0,,Sample Interval,19.9999999E-9,s,-3.98000020E-6,0.0,,Sample Interval,19.9999999E-9,s,-3.98000020E-6,0.0,,Sample Interval,19.9999999E-9,s,-3.98000020E-6,0.0,,Sample Interval,19.9999999E-9,s,-3.98000020E-6,0.0,
Trigger Point,200.00000071,Samples,-3.95999996E-6,2.0000001E-3,,Trigger Point,200.00000071,Samples,-3.95999996E-6,-4.00000019E-3,,Trigger Point,200.00000071,Samples,-3.95999996E-6,0.0,,Trigger Point,200.00000071,Samples,-3.95999996E-6,0.0,,Trigger Point,200.00000071,Samples,-3.95999996E-6,0.0,
,,,-3.94000017E-6,2.0000001E-3,,,,,-3.94000017E-6,0.0,,,,,-3.94000017E-6,0.0,,,,,-3.94000017E-6,0.0,,,,,-3.94000017E-6,0.0,
,,,-3.91999993E-6,2.0000001E-3,,,,,-3.91999993E-6,0.0,,,,,-3.91999993E-6,-200.00000298E-3,,,,,-3.91999993E-6,0.0,,,,,-3.91999993E-6,-400.00000596E-3,
,,,-3.90000014E-6,4.00000019E-3,,,,,-3.90000014E-6,0.0,,,,,-3.90000014E-6,-200.00000298E-3,,,,,-3.90000014E-6,0.0,,,,,-3.90000014E-6,-400.00000596E-3,
Source,CH1,,-3.87999989E-6,2.0000001E-3,,Source,CH2,,-3.87999989E-6,0.0,,Source,CH3,,-3.87999989E-6,0.0,,Source,CH4,,-3.87999989E-6,0.0,,Source,MATH,,-3.87999989E-6,0.0,
Vertical Units,Volts,,-3.86000011E-6,2.0000001E-3,,Vertical Units,Volts,,-3.86000011E-6,-4.00000019E-3,,Vertical Units,Volts,,-3.86000011E-6,0.0,,Vertical Units,Volts,,-3.86000011E-6,200.00000298E-3,,Vertical Units,Volts,,-3.86000011E-6,-400.00000596E-3,
Vertical Scale,50.00000237E-3,,-3.83999986E-6,2.0000001E-3,,Vertical Scale,100.0000047E-3,,-3.83999986E-6,0.0,,Vertical Scale,5.00000007,,-3.83999986E-6,0.0,,Vertical Scale,5.00000007,,-3.83999986E-6,0.0,,Vertical Scale,10.0000001,,-3.83999986E-6,0.0,
Vertical Offset,0,,-3.82000007E-6,2.0000001E-3,,Vertical Offset,0,,-3.82000007E-6,4.00000019E-3,,Vertical Offset,0,,-3.82000007E-6,-200.00000298E-3,,Vertical Offset,0,,-3.82000007E-6,0.0,,Vertical Offset,0,,-3.82000007E-6,-400.00000596E-3,
Horizontal Units,s,,-3.80000006E-6,2.0000001E-3,,Horizontal Units,s,,-3.80000006E-6,0.0,,Horizontal Units,s,,-3.80000006E-6,0.0,,Horizontal Units,s,,-3.80000006E-6,0.0,,Horizontal Units,s,,-3.80000006E-6,0.0,
Horizontal Scale,4.99999997E-6,,-3.78000004E-6,0.0,,Horizontal Scale,4.99999997E-6,,-3.78000004E-6,0.0,,Horizontal Scale,4.99999997E-6,,-3.78000004E-6,0.0,,Horizontal Scale,4.99999997E-6,,-3.78000004E-6,200.00000298E-3,,Horizontal Scale,4.99999997E-6,,-3.78000004E-6,-400.00000596E-3,
Pt Fmt,Y,,-3.76000003E-6,4.00000019E-3,,Pt Fmt,Y,,-3.76000003E-6,0.0,,Pt Fmt,Y,,-3.76000003E-6,200.00000298E-3,,Pt Fmt,Y,,-3.76000003E-6,200.00000298E-3,,Pt Fmt,Y,,-3.76000003E-6,0.0,
Yzero,0.0,,-3.74000001E-6,2.0000001E-3,,Yzero,40.00000000E-3,,-3.74000001E-6,0.0,,Yzero,40.00000000E-3,,-3.74000001E-6,200.00000298E-3,,Yzero,-120.0000000E-3,,-3.74000001E-6,0.0,,Yzero,-40.00000000E-3,,-3.74000001E-6,0.0,
Probe Atten,1.000000,,-3.72000000E-6,0.0,,Probe Atten,1.000000,,-3.72000000E-6,0.0,,Probe Atten,1.000000,,-3.72000000E-6,-200.00000298E-3,,Probe Atten,1.000000,,-3.72000000E-6,0.0,,,,,-3.72000000E-6,-400.00000596E-3,
,,,-3.69999998E-6,2.0000001E-3,,,,,-3.69999998E-6,-4.00000019E-3,,,,,-3.69999998E-6,0.0,,,,,-3.69999998E-6,0.0,,,,,-3.69999998E-6,0.0,
Note,TBS 1104 - 4:00:56 PM   1/29/2026,,-3.67999996E-6,0.0,,Note,TBS 1104 - 4:00:56 PM   1/29/2026,,-3.67999996E-6,0.0,,Note,TBS 1104 - 4:00:56 PM   1/29/2026,,-3.67999996E-6,-200.00000298E-3,,Note,TBS 1104 - 4:00:56 PM   1/29/2026,,-3.67999996E-6,0.0,,Note,TBS 1104 - 4:00:56 PM   1/29/2026,,-3.67999996E-6,-400.00000596E-3,
,,,-3.65999995E-6,0.0,,,,,-3.65999995E-6,-4.00000019E-3,,,,,-3.65999995E-6,-200.00000298E-3,,,,,-3.65999995E-6,0.0,,,,,-3.65999995E-6,-400.00000596E-3,
,,,-3.63999993E-6,2.0000001E-3,,,,,-3.63999993E-6,4.00000019E-3,,,,,-3.63999993E-6,0.0,,,,,-3.63999993E-6,0.0,,,,,-3.63999993E-6,0.0,
,,,-3.61999992E-6,2.0000001E-3,,,,,-3.61999992E-6,0.0,,,,,-3.61999992E-6,-200.00000298E-3,,,,,-3.61999992E-6,0.0,,,,,-3.61999992E-6,-400.00000596E-3,
,,,-3.59999990E-6,2.0000001E-3,,,,,-3.59999990E-6,4.00000019E-3,,,,,-3.59999990E-6,0.0,,,,,-3.59999990E-6,0.0,,,,,-3.59999990E-6,0.0,
,,,-3.57999988E-6,-2.0000001E-3,,,,,-3.57999988E-6,0.0,,,,,-3.57999988E-6,0.0,,,,,-3.57999988E-6,200.00000298E-3,,,,,-3.57999988E-6,-400.00000596E-3,
,,,-3.56000010E-6,0.0,,,,,-3.56000010E-6,-4.00000019E-3,,,,,-3.56000010E-6,0.0,,,,,-3.56000010E-6,0.0,,,,,-3.56000010E-6,0.0,
,,,-3.54000008E-6,2.0000001E-3,,,,,-3.54000008E-6,0.0,,,,,-3.54000008E-6,0.0,,,,,-3.54000008E-6,0.0,,,,,-3.54000008E-6,0.0,
,,,-3.52000006E-6,2.0000001E-3,,,,,-3.52000006E-6,0.0,,,,,-3.52000006E-6,400.00000596E-3,,,,,-3.52000006E-6,200.00000298E-3,,,,,-3.52000006E-6,0.0,
,,,-3.50000005E-6,0.0,,,,,-3.50000005E-6,0.0,,,,,-3.50000005E-6,0.0,,,,,-3.50000005E-6,0.0,,,,,-3.50000005E-6,0.0,
,,,-3.48000003E-6,2.0000001E-3,,,,,-3.48000003E-6,-4.00000019E-3,,,,,-3.48000003E-6,200.00000298E-3,,,,,-3.48000003E-6,-200.00000298E-3,,,,,-3.48000003E-6,400.00000596E-3,
,,,-3.46000002E-6,2.0000001E-3,,,,,-3.46000002E-6,0.0,,,,,-3.46000002E-6,0.0,,,,,-3.46000002E-6,0.0,,,,,-3.46000002E-6,0.0,
,,,-3.44000000E-6,2.0000001E-3,,,,,-3.44000000E-6,8.000000380E-3,,,,,-3.44000000E-6,0.0,,,,,-3.44000000E-6,200.00000298E-3,,,,,-3.44000000E-6,-400.00000596E-3,
,,,-3.41999998E-6,4.00000019E-3,,,,,-3.41999998E-6,4.00000019E-3,,,,,-3.41999998E-6,0.0,,,,,-3.41999998E-6,0.0,,,,,-3.41999998E-6,0.0,
,,,-3.39999997E-6,2.0000001E-3,,,,,-3.39999997E-6,0.0,,,,,-3.39999997E-6,0.0,,,,,-3.39999997E-6,-200.00000298E-3,,,,,-3.39999997E-6,0.0,
,,,-3.37999995E-6,-2.0000001E-3,,,,,-3.37999995E-6,0.0,,,,,-3.37999995E-6,-200.00000298E-3,,,,,-3.37999995E-6,0.0,,,,,-3.37999995E-6,-400.00000596E-3,
,,,-3.35999994E-6,4.00000019E-3,,,,,-3.35999994E-6,0.0,,,,,-3.35999994E-6,0.0,,,,,-3.35999994E-6,0.0,,,,,-3.35999994E-6,0.0,
,,,-3.33999992E-6,0.0,,,,,-3.33999992E-6,4.00000019E-3,,,,,-3.33999992E-6,200.00000298E-3,,,,,-3.33999992E-6,0.0,,,,,-3.33999992E-6,0.0,
,,,-3.31999991E-6,2.0000001E-3,,,,,-3.31999991E-6,0.0,,,,,-3.31999991E-6,-200.00000298E-3,,,,,-3.31999991E-6,0.0,,,,,-3.31999991E-6,-400.00000596E-3,
,,,-3.29999989E-6,0.0,,,,,-3.29999989E-6,0.0,,,,,-3.29999989E-6,0.0,,,,,-3.29999989E-6,0.0,,,,,-3.29999989E-6,0.0,
,,,-3.28000010E-6,2.0000001E-3,,,,,-3.28000010E-6,-4.00000019E-3,,,,,-3.28000010E-6,0.0,,,,,-3.28000010E-6,0.0,,,,,-3.28000010E-6,0.0,
,,,-3.26000008E-6,0.0,,,,,-3.26000008E-6,-4.00000019E-3,,,,,-3.26000008E-6,-200.00000298E-3,,,,,-3.26000008E-6,-200.00000298E-3,,,,,-3.26000008E-6,0.0,
,,,-3.24000007E-6,0.0,,,,,-3.24000007E-6,0.0,,,,,-3.24000007E-6,0.0,,,,,-3.24000007E-6,0.0,,,,,-3.24000007E-6,0.0,
,,,-3.22000005E-6,2.0000001E-3,,,,,-3.22000005E-6,4.00000019E-3,,,,,-3.22000005E-6,0.0,,,,,-3.22000005E-6,0.0,,,,,-3.22000005E-6,0.0,
,,,-3.20000004E-6,0.0,,,,,-3.20000004E-6,0.0,,,,,-3.20000004E-6,0.0,,,,,-3.20000004E-6,0.0,,,,,-3.20000004E-6,0.0,
,,,-3.18000002E-6,4.00000019E-3,,,,,-3.18000002E-6,0.0,,,,,-3.18000002E-6,0.0,,,,,-3.18000002E-6,0.0,,,,,-3.18000002E-6,0.0,
,,,-3.16000001E-6,4.00000019E-3,,,,,-3.16000001E-6,0.0,,,,,-3.16000001E-6,200.00000298E-3,,,,,-3.16000001E-6,0.0,,,,,-3.16000001E-6,0.0,
,,,-3.13999999E-6,0.0,,,,,-3.13999999E-6,0.0,,,,,-3.13999999E-6,0.0,,,,,-3.13999999E-6,0.0,,,,,-3.13999999E-6,0.0,
,,,-3.11999997E-6,2.0000001E-3,,,,,-3.11999997E-6,0.0,,,,,-3.11999997E-6,0.0,,,,,-3.11999997E-6,-200.00000298E-3,,,,,-3.11999997E-6,0.0,
,,,-3.09999996E-6,2.0000001E-3,,,,,-3.09999996E-6,0.0,,,,,-3.09999996E-6,0.0,,,,,-3.09999996E-6,0.0,,,,,-3.09999996E-6,0.0,
,,,-3.07999994E-6,0.0,,,,,-3.07999994E-6,4.00000019E-3,,,,,-3.07999994E-6,-200.00000298E-3,,,,,-3.07999994E-6,200.00000298E-3,,,,,-3.07999994E-6,-400.00000596E-3,
,,,-3.05999993E-6,2.0000001E-3,,,,,-3.05999993E-6,4.00000019E-3,,,,,-3.05999993E-6,0.0,,,,,-3.05999993E-6,-200.00000298E-3,,,,,-3.05999993E-6,0.0,
,,,-3.03999991E-6,4.00000019E-3,,,,,-3.03999991E-6,-4.00000019E-3,,,,,-3.03999991E-6,0.0,,,,,-3.03999991E-6,0.0,,,,,-3.03999991E-6,0.0,
,,,-3.01999989E-6,2.0000001E-3,,,,,-3.01999989E-6,0.0,,,,,-3.01999989E-6,200.00000298E-3,,,,,-3.01999989E-6,0.0,,,,,-3.01999989E-6,0.0,
,,,-3.00000011E-6,0.0,,,,,-3.00000011E-6,0.0,,,,,-3.00000011E-6,0.0,,,,,-3.00000011E-6,0.0,,,,,-3.00000011E-6,0.0,
,,,-2.98000009E-6,2.0000001E-3,,,,,-2.98000009E-6,0.0,,,,,-2.98000009E-6,0.0,,,,,-2.98000009E-6,0.0,,,,,-2.98000009E-6,0.0,
,,,-2.96000007E-6,2.0000001E-3,,,,,-2.96000007E-6,0.0,,,,,-2.96000007E-6,0.0,,,,,-2.96000007E-6,0.0,,,,,-2.96000007E-6,0.0,
,,,-2.94000006E-6,2.0000001E-3,,,,,-2.94000006E-6,0.0,,,,,-2.94000006E-6,0.0,,,,,-2.94000006E-6,200.00000298E-3,,,,,-2.94000006E-6,-400.00000596E-3,
,,,-2.92000004E-6,2.0000001E-3,,,,,-2.92000004E-6,-4.00000019E-3,,,,,-2.92000004E-6,0.0,,,,,-2.92000004E-6,200.00000298E-3,,,,,-2.92000004E-6,-400.00000596E-3,
,,,-2.90000003E-6,2.0000001E-3,,,,,-2.90000003E-6,0.0,,,,,-2.90000003E-6,200.00000298E-3,,,,,-2.90000003E-6,0.0,,,,,-2.90000003E-6,0.0,
,,,-2.88000001E-6,6.00000005E-3,,,,,-2.88000001E-6,4.00000019E-3,,,,,-2.88000001E-6,0.0,,,,,-2.88000001E-6,-200.00000298E-3,,,,,-2.88000001E-6,0.0,
,,,-2.86000000E-6,6.00000005E-3,,,,,-2.86000000E-6,-4.00000019E-3,,,,,-2.86000000E-6,0.0,,,,,-2.86000000E-6,0.0,,,,,-2.86000000E-6,0.0,
,,,-2.83999998E-6,6.00000005E-3,,,,,-2.83999998E-6,0.0,,,,,-2.83999998E-6,0.0,,,,,-2.83999998E-6,0.0,,,,,-2.83999998E-6,0.0,
,,,-2.81999996E-6,2.0000001E-3,,,,,-2.81999996E-6,0.0,,,,,-2.81999996E-6,0.0,,,,,-2.81999996E-6,0.0,,,,,-2.81999996E-6,0.0,
,,,-2.79999995E-6,-2.0000001E-3,,,,,-2.79999995E-6,-4.00000019E-3,,,,,-2.79999995E-6,200.00000298E-3,,,,,-2.79999995E-6,200.00000298E-3,,,,,-2.79999995E-6,0.0,
,,,-2.77999993E-6,0.0,,,,,-2.77999993E-6,0.0,,,,,-2.77999993E-6,-200.00000298E-3,,,,,-2.77999993E-6,0.0,,,,,-2.77999993E-6,-400.00000596E-3,
,,,-2.75999992E-6,2.0000001E-3,,,,,-2.75999992E-6,-4.00000019E-3,,,,,-2.75999992E-6,0.0,,,,,-2.75999992E-6,0.0,,,,,-2.75999992E-6,0.0,
,,,-2.73999990E-6,4.00000019E-3,,,,,-2.73999990E-6,0.0,,,,,-2.73999990E-6,0.0,,,,,-2.73999990E-6,200.00000298E-3,,,,,-2.73999990E-6,-400.00000596E-3,
,,,-2.71999988E-6,2.0000001E-3,,,,,-2.71999988E-6,0.0,,,,,-2.71999988E-6,200.00000298E-3,,,,,-2.71999988E-6,200.00000298E-3,,,,,-2.71999988E-6,0.0,
,,,-2.7000001E-6,2.0000001E-3,,,,,-2.7000001E-6,0.0,,,,,-2.7000001E-6,0.0,,,,,-2.7000001E-6,-200.00000298E-3,,,,,-2.7000001E-6,0.0,
,,,-2.6800001E-6,0.0,,,,,-2.6800001E-6,0.0,,,,,-2.6800001E-6,-200.00000298E-3,,,,,-2.6800001E-6,0.0,,,,,-2.6800001E-6,-400.00000596E-3,
,,,-2.6600001E-6,0.0,,,,,-2.6600001E-6,0.0,,,,,-2.6600001E-6,0.0,,,,,-2.6600001E-6,0.0,,,,,-2.6600001E-6,0.0,
,,,-2.6400000E-6,2.0000001E-3,,,,,-2.6400000E-6,0.0,,,,,-2.6400000E-6,200.00000298E-3,,,,,-2.6400000E-6,0.0,,,,,-2.6400000E-6,0.0,
,,,-2.6200000E-6,-2.0000001E-3,,,,,-2.6200000E-6,0.0,,,,,-2.6200000E-6,0.0,,,,,-2.6200000E-6,0.0,,,,,-2.6200000E-6,0.0,
,,,-2.6000000E-6,2.0000001E-3,,,,,-2.6000000E-6,0.0,,,,,-2.6000000E-6,-200.00000298E-3,,,,,-2.6000000E-6,0.0,,,,,-2.6000000E-6,-400.00000596E-3,
,,,-2.5800000E-6,2.0000001E-3,,,,,-2.5800000E-6,0.0,,,,,-2.5800000E-6,200.00000298E-3,,,,,-2.5800000E-6,0.0,,,,,-2.5800000E-6,0.0,
,,,-2.5600000E-6,4.00000019E-3,,,,,-2.5600000E-6,-4.00000019E-3,,,,,-2.5600000E-6,0.0,,,,,-2.5600000E-6,200.00000298E-3,,,,,-2.5600000E-6,-400.00000596E-3,
,,,-2.5400000E-6,2.0000001E-3,,,,,-2.5400000E-6,0.0,,,,,-2.5400000E-6,0.0,,,,,-2.5400000E-6,200.00000298E-3,,,,,-2.5400000E-6,-400.00000596E-3,
,,,-2.5200000E-6,2.0000001E-3,,,,,-2.5200000E-6,-4.00000019E-3,,,,,-2.5200000E-6,0.0,,,,,-2.5200000E-6,0.0,,,,,-2.5200000E-6,0.0,
,,,-2.4999999E-6,4.00000019E-3,,,,,-2.4999999E-6,0.0,,,,,-2.4999999E-6,-200.00000298E-3,,,,,-2.4999999E-6,0.0,,,,,-2.4999999E-6,-400.00000596E-3,
,,,-2.4799999E-6,2.0000001E-3,,,,,-2.4799999E-6,4.00000019E-3,,,,,-2.4799999E-6,-200.00000298E-3,,,,,-2.4799999E-6,200.00000298E-3,,,,,-2.4799999E-6,-400.00000596E-3,
,,,-2.4599999E-6,2.0000001E-3,,,,,-2.4599999E-6,0.0,,,,,-2.4599999E-6,0.0,,,,,-2.4599999E-6,0.0,,,,,-2.4599999E-6,0.0,
,,,-2.4399999E-6,0.0,,,,,-2.4399999E-6,0.0,,,,,-2.4399999E-6,-200.00000298E-3,,,,,-2.4399999E-6,0.0,,,,,-2.4399999E-6,-400.00000596E-3,
,,,-2.4200001E-6,2.0000001E-3,,,,,-2.4200001E-6,0.0,,,,,-2.4200001E-6,0.0,,,,,-2.4200001E-6,200.00000298E-3,,,,,-2.4200001E-6,-400.00000596E-3,
,,,-2.4000001E-6,2.0000001E-3,,,,,-2.4000001E-6,4.00000019E-3,,,,,-2.4000001E-6,0.0,,,,,-2.4000001E-6,0.0,,,,,-2.4000001E-6,0.0,
,,,-2.3800001E-6,0.0,,,,,-2.3800001E-6,4.00000019E-3,,,,,-2.3800001E-6,-200.00000298E-3,,,,,-2.3800001E-6,0.0,,,,,-2.3800001E-6,-400.00000596E-3,
,,,-2.3600001E-6,2.0000001E-3,,,,,-2.3600001E-6,0.0,,,,,-2.3600001E-6,0.0,,,,,-2.3600001E-6,-200.00000298E-3,,,,,-2.3600001E-6,0.0,
,,,-2.3400000E-6,0.0,,,,,-2.3400000E-6,0.0,,,,,-2.3400000E-6,200.00000298E-3,,,,,-2.3400000E-6,0.0,,,,,-2.3400000E-6,0.0,
,,,-2.3200000E-6,0.0,,,,,-2.3200000E-6,0.0,,,,,-2.3200000E-6,0.0,,,,,-2.3200000E-6,0.0,,,,,-2.3200000E-6,0.0,
,,,-2.3000000E-6,4.00000019E-3,,,,,-2.3000000E-6,0.0,,,,,-2.3000000E-6,-200.00000298E-3,,,,,-2.3000000E-6,-200.00000298E-3,,,,,-2.3000000E-6,0.0,
,,,-2.2800000E-6,2.0000001E-3,,,,,-2.2800000E-6,0.0,,,,,-2.2800000E-6,0.0,,,,,-2.2800000E-6,-200.00000298E-3,,,,,-2.2800000E-6,0.0,
,,,-2.2600000E-6,4.00000019E-3,,,,,-2.2600000E-6,0.0,,,,,-2.2600000E-6,200.00000298E-3,,,,,-2.2600000E-6,-200.00000298E-3,,,,,-2.2600000E-6,400.00000596E-3,
,,,-2.2400000E-6,2.0000001E-3,,,,,-2.2400000E-6,-4.00000019E-3,,,,,-2.2400000E-6,-200.00000298E-3,,,,,-2.2400000E-6,0.0,,,,,-2.2400000E-6,-400.00000596E-3,
,,,-2.2199999E-6,4.00000019E-3,,,,,-2.2199999E-6,0.0,,,,,-2.2199999E-6,0.0,,,,,-2.2199999E-6,-200.00000298E-3,,,,,-2.2199999E-6,0.0,
,,,-2.1999999E-6,2.0000001E-3,,,,,-2.1999999E-6,0.0,,,,,-2.1999999E-6,-200.00000298E-3,,,,,-2.1999999E-6,0.0,,,,,-2.1999999E-6,-400.00000596E-3,
,,,-2.1799999E-6,0.0,,,,,-2.1799999E-6,0.0,,,,,-2.1799999E-6,0.0,,,,,-2.1799999E-6,0.0,,,,,-2.1799999E-6,0.0,
,,,-2.1599999E-6,0.0,,,,,-2.1599999E-6,-4.00000019E-3,,,,,-2.1599999E-6,200.00000298E-3,,,,,-2.1599999E-6,0.0,,,,,-2.1599999E-6,0.0,
,,,-2.1400001E-6,6.00000005E-3,,,,,-2.1400001E-6,0.0,,,,,-2.1400001E-6,0.0,,,,,-2.1400001E-6,0.0,,,,,-2.1400001E-6,0.0,
,,,-2.1200001E-6,0.0,,,,,-2.1200001E-6,-4.00000019E-3,,,,,-2.1200001E-6,0.0,,,,,-2.1200001E-6,200.00000298E-3,,,,,-2.1200001E-6,-400.00000596E-3,
,,,-2.1000001E-6,2.0000001E-3,,,,,-2.1000001E-6,0.0,,,,,-2.1000001E-6,0.0,,,,,-2.1000001E-6,0.0,,,,,-2.1000001E-6,0.0,
,,,-2.0800001E-6,0.0,,,,,-2.0800001E-6,0.0,,,,,-2.0800001E-6,200.00000298E-3,,,,,-2.0800001E-6,200.00000298E-3,,,,,-2.0800001E-6,0.0,
,,,-2.0600000E-6,0.0,,,,,-2.0600000E-6,0.0,,,,,-2.0600000E-6,200.00000298E-3,,,,,-2.0600000E-6,0.0,,,,,-2.0600000E-6,0.0,
,,,-2.0400000E-6,4.00000019E-3,,,,,-2.0400000E-6,0.0,,,,,-2.0400000E-6,-200.00000298E-3,,,,,-2.0400000E-6,-200.00000298E-3,,,,,-2.0400000E-6,0.0,
,,,-2.0200000E-6,2.0000001E-3,,,,,-2.0200000E-6,0.0,,,,,-2.0200000E-6,0.0,,,,,-2.0200000E-6,200.00000298E-3,,,,,-2.0200000E-6,-400.00000596E-3,
,,,-2.0000000E-6,-20.0000014E-3,,,,,-2.0000000E-6,-8.000000380E-3,,,,,-2.0000000E-6,0.0,,,,,-2.0000000E-6,0.0,,,,,-2.0000000E-6,0.0,
,,,-1.9800000E-6,8.000000380E-3,,,,,-1.9800000E-6,32.00000152E-3,,,,,-1.9800000E-6,-200.00000298E-3,,,,,-1.9800000E-6,200.00000298E-3,,,,,-1.9800000E-6,-400.00000596E-3,
,,,-1.9600000E-6,-20.0000014E-3,,,,,-1.9600000E-6,52.00000107E-3,,,,,-1.9600000E-6,-200.00000298E-3,,,,,-1.9600000E-6,400.00000596E-3,,,,,-1.9600000E-6,-800.000011921E-3,
,,,-1.9399999E-6,-36.00000218E-3,,,,,-1.9399999E-6,56.000001729E-3,,,,,-1.9399999E-6,-400.00000596E-3,,,,,-1.9399999E-6,200.00000298E-3,,,,,-1.9399999E-6,-800.000011921E-3,
,,,-1.9199999E-6,-42.00000316E-3,,,,,-1.9199999E-6,76.000005007E-3,,,,,-1.9199999E-6,-800.000011921E-3,,,,,-1.9199999E-6,800.000011921E-3,,,,,-1.9199999E-6,-1.6000000,
,,,-1.9000000E-6,6.00000005E-3,,,,,-1.9000000E-6,120.0000048E-3,,,,,-1.9000000E-6,-600.000023842E-3,,,,,-1.9000000E-6,800.000011921E-3,,,,,-1.9000000E-6,-1.6000000,
,,,-1.8800000E-6,-12.0000001E-3,,,,,-1.8800000E-6,76.000005007E-3,,,,,-1.8800000E-6,-1.000000,,,,,-1.8800000E-6,800.000011921E-3,,,,,-1.8800000E-6,-2.0000000,
,,,-1.8600000E-6,-36.00000218E-3,,,,,-1.8600000E-6,80.000005662E-3,,,,,-1.8600000E-6,-1.2000000,,,,,-1.8600000E-6,600.000023842E-3,,,,,-1.8600000E-6,-2.0000000,
,,,-1.8400000E-6,-10.0000007E-3,,,,,-1.8400000E-6,112.0000035E-3,,,,,-1.8400000E-6,-1.000000,,,,,-1.8400000E-6,800.000011921E-3,,,,,-1.8400000E-6,-2.0000000,
,,,-1.8200000E-6,-10.0000007E-3,,,,,-1.8200000E-6,88.000006974E-3,,,,,-1.8200000E-6,-1.000000,,,,,-1.8200000E-6,800.000011921E-3,,,,,-1.8200000E-6,-2.0000000,
,,,-1.7999999E-6,-30.00000119E-3,,,,,-1.7999999E-6,68.000003695E-3,,,,,-1.7999999E-6,-1.2000000,,,,,-1.7999999E-6,600.000023842E-3,,,,,-1.7999999E-6,-2.0000000,
,,,-1.7800000E-6,-24.00000021E-3,,,,,-1.7800000E-6,108.0000028E-3,,,,,-1.7800000E-6,-1.2000000,,,,,-1.7800000E-6,1.000000,,,,,-1.7800000E-6,-2.4000001,
,,,-1.7600000E-6,-24.00000021E-3,,,,,-1.7600000E-6,84.000006318E-3,,,,,-1.7600000E-6,-1.2000000,,,,,-1.7600000E-6,800.000011921E-3,,,,,-1.7600000E-6,-2.0000000,
,,,-1.7400000E-6,-18.0000011E-3,,,,,-1.7400000E-6,44.00000349E-3,,,,,-1.7400000E-6,-1.2000000,,,,,-1.7400000E-6,1.000000,,,,,-1.7400000E-6,-2.4000001,
,,,-1.7200000E-6,-14.0000004E-3,,,,,-1.7200000E-6,64.000003040E-3,,,,,-1.7200000E-6,-1.2000000,,,,,-1.7200000E-6,1.2000000,,,,,-1.7200000E-6,-2.4000001,
,,,-1.7000000E-6,-12.0000001E-3,,,,,-1.7000000E-6,56.000001729E-3,,,,,-1.7000000E-6,-1.000000,,,,,-1.7000000E-6,1.000000,,,,,-1.7000000E-6,-2.0000000,
,,,-1.6800000E-6,-12.0000001E-3,,,,,-1.6800000E-6,28.00000086E-3,,,,,-1.6800000E-6,-1.000000,,,,,-1.6800000E-6,1.000000,,,,,-1.6800000E-6,-2.0000000,
,,,-1.6600000E-6,-8.000000380E-3,,,,,-1.6600000E-6,40.00000283E-3,,,,,-1.6600000E-6,-1.000000,,,,,-1.6600000E-6,1.000000,,,,,-1.6600000E-6,-2.0000000,
,,,-1.6400001E-6,-6.00000005E-3,,,,,-1.6400001E-6,28.00000086E-3,,,,,-1.6400001E-6,-1.000000,,,,,-1.6400001E-6,600.000023842E-3,,,,,-1.6400001E-6,-1.6000000,
,,,-1.6200000E-6,2.0000001E-3,,,,,-1.6200000E-6,4.00000019E-3,,,,,-1.6200000E-6,-1.000000,,,,,-1.6200000E-6,800.000011921E-3,,,,,-1.6200000E-6,-2.0000000,
,,,-1.6000000E-6,2.0000001E-3,,,,,-1.6000000E-6,-12.0000001E-3,,,,,-1.6000000E-6,-800.000011921E-3,,,,,-1.6000000E-6,800.000011921E-3,,,,,-1.6000000E-6,-1.6000000,
,,,-1.5800000E-6,2.0000001E-3,,,,,-1.5800000E-6,-12.0000001E-3,,,,,-1.5800000E-6,-1.000000,,,,,-1.5800000E-6,600.000023842E-3,,,,,-1.5800000E-6,-1.6000000,
,,,-1.5600000E-6,8.000000380E-3,,,,,-1.5600000E-6,-8.000000380E-3,,,,,-1.5600000E-6,-800.000011921E-3,,,,,-1.5600000E-6,800.000011921E-3,,,,,-1.5600000E-6,-1.6000000,
,,,-1.5400000E-6,8.000000380E-3,,,,,-1.5400000E-6,-24.00000021E-3,,,,,-1.5400000E-6,-600.000023842E-3,,,,,-1.5400000E-6,800.000011921E-3,,,,,-1.5400000E-6,-1.6000000,
,,,-1.5200000E-6,12.0000001E-3,,,,,-1.5200000E-6,-44.00000349E-3,,,,,-1.5200000E-6,-400.00000596E-3,,,,,-1.5200000E-6,600.000023842E-3,,,,,-1.5200000E-6,-1.2000000,
,,,-1.5000001E-6,14.0000004E-3,,,,,-1.5000001E-6,-52.00000107E-3,,,,,-1.5000001E-6,-400.00000596E-3,,,,,-1.5000001E-6,600.000023842E-3,,,,,-1.5000001E-6,-1.2000000,
,,,-1.4800000E-6,18.0000011E-3,,,,,-1.4800000E-6,-48.00000042E-3,,,,,-1.4800000E-6,-200.00000298E-3,,,,,-1.4800000E-6,400.00000596E-3,,,,,-1.4800000E-6,-800.000011921E-3,
,,,-1.4600000E-6,18.0000011E-3,,,,,-1.4600000E-6,-56.000001729E-3,,,,,-1.4600000E-6,0.0,,,,,-1.4600000E-6,400.00000596E-3,,,,,-1.4600000E-6,-400.00000596E-3,
,,,-1.4400000E-6,22.00000174E-3,,,,,-1.4400000E-6,-72.000004351E-3,,,,,-1.4400000E-6,200.00000298E-3,,,,,-1.4400000E-6,200.00000298E-3,,,,,-1.4400000E-6,0.0,
,,,-1.4200000E-6,22.00000174E-3,,,,,-1.4200000E-6,-76.000005007E-3,,,,,-1.4200000E-6,0.0,,,,,-1.4200000E-6,200.00000298E-3,,,,,-1.4200000E-6,-400.00000596E-3,
,,,-1.4000000E-6,20.0000014E-3,,,,,-1.4000000E-6,-72.000004351E-3,,,,,-1.4000000E-6,200.00000298E-3,,,,,-1.4000000E-6,0.0,,,,,-1.4000000E-6,0.0,
,,,-1.3800000E-6,26.00000054E-3,,,,,-1.3800000E-6,-80.000005662E-3,,,,,-1.3800000E-6,200.00000298E-3,,,,,-1.3800000E-6,200.00000298E-3,,,,,-1.3800000E-6,0.0,
,,,-1.3600001E-6,26.00000054E-3,,,,,-1.3600001E-6,-80.000005662E-3,,,,,-1.3600001E-6,400.00000596E-3,,,,,-1.3600001E-6,-200.00000298E-3,,,,,-1.3600001E-6,400.00000596E-3,
,,,-1.3400000E-6,26.00000054E-3,,,,,-1.3400000E-6,-84.000006318E-3,,,,,-1.3400000E-6,200.00000298E-3,,,,,-1.3400000E-6,0.0,,,,,-1.3400000E-6,0.0,
,,,-1.3200000E-6,26.00000054E-3,,,,,-1.3200000E-6,-88.000006974E-3,,,,,-1.3200000E-6,600.000023842E-3,,,,,-1.3200000E-6,0.0,,,,,-1.3200000E-6,400.00000596E-3,
,,,-1.3000000E-6,24.00000021E-3,,,,,-1.3000000E-6,-88.000006974E-3,,,,,-1.3000000E-6,800.000011921E-3,,,,,-1.3000000E-6,-200.00000298E-3,,,,,-1.3000000E-6,800.000011921E-3,
,,,-1.2800000E-6,26.00000054E-3,,,,,-1.2800000E-6,-88.000006974E-3,,,,,-1.2800000E-6,600.000023842E-3,,,,,-1.2800000E-6,-400.00000596E-3,,,,,-1.2800000E-6,800.000011921E-3,
,,,-1.2600000E-6,24.00000021E-3,,,,,-1.2600000E-6,-84.000006318E-3,,,,,-1.2600000E-6,600.000023842E-3,,,,,-1.2600000E-6,-400.00000596E-3,,,,,-1.2600000E-6,800.000011921E-3,
,,,-1.2400000E-6,24.00000021E-3,,,,,-1.2400000E-6,-84.000006318E-3,,,,,-1.2400000E-6,600.000023842E-3,,,,,-1.2400000E-6,-600.000023842E-3,,,,,-1.2400000E-6,1.2000000,
,,,-1.2200001E-6,22.00000174E-3,,,,,-1.2200001E-6,-80.000005662E-3,,,,,-1.2200001E-6,800.000011921E-3,,,,,-1.2200001E-6,-200.00000298E-3,,,,,-1.2200001E-6,800.000011921E-3,
,,,-1.2000000E-6,26.00000054E-3,,,,,-1.2000000E-6,-84.000006318E-3,,,,,-1.2000000E-6,800.000011921E-3,,,,,-1.2000000E-6,-600.000023842E-3,,,,,-1.2000000E-6,1.2000000,
,,,-1.1800000E-6,24.00000021E-3,,,,,-1.1800000E-6,-76.000005007E-3,,,,,-1.1800000E-6,800.000011921E-3,,,,,-1.1800000E-6,-600.000023842E-3,,,,,-1.1800000E-6,1.2000000,
,,,-1.1600000E-6,20.0000014E-3,,,,,-1.1600000E-6,-68.000003695E-3,,,,,-1.1600000E-6,800.000011921E-3,,,,,-1.1600000E-6,-600.000023842E-3,,,,,-1.1600000E-6,1.2000000,
,,,-1.1400000E-6,18.0000011E-3,,,,,-1.1400000E-6,-68.000003695E-3,,,,,-1.1400000E-6,1.000000,,,,,-1.1400000E-6,-600.000023842E-3,,,,,-1.1400000E-6,1.6000000,
,,,-1.1200000E-6,18.0000011E-3,,,,,-1.1200000E-6,-60.000002384E-3,,,,,-1.1200000E-6,1.000000,,,,,-1.1200000E-6,-600.000023842E-3,,,,,-1.1200000E-6,1.6000000,
,,,-1.1000000E-6,20.0000014E-3,,,,,-1.1000000E-6,-56.000001729E-3,,,,,-1.1000000E-6,800.000011921E-3,,,,,-1.1000000E-6,-600.000023842E-3,,,,,-1.1000000E-6,1.2000000,
,,,-1.0800001E-6,16.0000008E-3,,,,,-1.0800001E-6,-52.00000107E-3,,,,,-1.0800001E-6,1.000000,,,,,-1.0800001E-6,-800.000011921E-3,,,,,-1.0800001E-6,1.6000000,
,,,-1.0600000E-6,14.0000004E-3,,,,,-1.0600000E-6,-40.00000283E-3,,,,,-1.0600000E-6,1.000000,,,,,-1.0600000E-6,-800.000011921E-3,,,,,-1.0600000E-6,1.6000000,
,,,-1.0400000E-6,10.0000007E-3,,,,,-1.0400000E-6,-40.00000283E-3,,,,,-1.0400000E-6,800.000011921E-3,,,,,-1.0400000E-6,-800.000011921E-3,,,,,-1.0400000E-6,1.6000000,
,,,-1.0200000E-6,12.0000001E-3,,,,,-1.0200000E-6,-36.00000218E-3,,,,,-1.0200000E-6,1.000000,,,,,-1.0200000E-6,-800.000011921E-3,,,,,-1.0200000E-6,1.6000000,
,,,-1.000000E-6,10.0000007E-3,,,,,-1.000000E-6,-28.00000086E-3,,,,,-1.000000E-6,600.000023842E-3,,,,,-1.000000E-6,-800.000011921E-3,,,,,-1.000000E-6,1.2000000,
,,,-979.999981610E-9,8.000000380E-3,,,,,-979.999981610E-9,-20.0000014E-3,,,,,-979.999981610E-9,1.000000,,,,,-979.999981610E-9,-600.000023842E-3,,,,,-979.999981610E-9,1.6000000,
,,,-959.999965744E-9,6.00000005E-3,,,,,-959.999965744E-9,-16.0000008E-3,,,,,-959.999965744E-9,800.000011921E-3,,,,,-959.999965744E-9,-600.000023842E-3,,,,,-959.999965744E-9,1.2000000,
,,,-940.000006722E-9,2.0000001E-3,,,,,-940.000006722E-9,-8.000000380E-3,,,,,-940.000006722E-9,800.000011921E-3,,,,,-940.000006722E-9,-600.000023842E-3,,,,,-940.000006722E-9,1.2000000,
,,,-919.999990856E-9,2.0000001E-3,,,,,-919.999990856E-9,-4.00000019E-3,,,,,-919.999990856E-9,600.000023842E-3,,,,,-919.999990856E-9,-400.00000596E-3,,,,,-919.999990856E-9,800.000011921E-3,
,,,-900.000031834E-9,4.00000019E-3,,,,,-900.000031834E-9,8.000000380E-3,,,,,-900.000031834E-9,600.000023842E-3,,,,,-900.000031834E-9,-600.000023842E-3,,,,,-900.000031834E-9,1.2000000,
,,,-880.000015968E-9,-2.0000001E-3,,,,,-880.000015968E-9,8.000000380E-3,,,,,-880.000015968E-9,600.000023842E-3,,,,,-880.000015968E-9,-600.000023842E-3,,,,,-880.000015968E-9,1.2000000,
,,,-860.000000102E-9,-4.00000019E-3,,,,,-860.000000102E-9,16.0000008E-3,,,,,-860.000000102E-9,800.000011921E-3,,,,,-860.000000102E-9,-600.000023842E-3,,,,,-860.000000102E-9,1.2000000,
,,,-839.999984237E-9,-2.0000001E-3,,,,,-839.999984237E-9,24.00000021E-3,,,,,-839.999984237E-9,400.00000596E-3,,,,,-839.999984237E-9,-400.00000596E-3,,,,,-839.999984237E-9,800.000011921E-3,
,,,-820.000025215E-9,-4.00000019E-3,,,,,-820.000025215E-9,24.00000021E-3,,,,,-820.000025215E-9,200.00000298E-3,,,,,-820.000025215E-9,-400.00000596E-3,,,,,-820.000025215E-9,400.00000596E-3,
,,,-800.000009349E-9,-6.00000005E-3,,,,,-800.000009349E-9,32.00000152E-3,,,,,-800.000009349E-9,200.00000298E-3,,,,,-800.000009349E-9,-400.00000596E-3,,,,,-800.000009349E-9,400.00000596E-3,
,,,-779.999993483E-9,-8.000000380E-3,,,,,-779.999993483E-9,36.00000218E-3,,,,,-779.999993483E-9,400.00000596E-3,,,,,-779.999993483E-9,-200.00000298E-3,,,,,-779.999993483E-9,400.00000596E-3,
,,,-760.000034461E-9,-8.000000380E-3,,,,,-760.000034461E-9,32.00000152E-3,,,,,-760.000034461E-9,200.00000298E-3,,,,,-760.000034461E-9,-400.00000596E-3,,,,,-760.000034461E-9,400.00000596E-3,
,,,-740.000018595E-9,-10.0000007E-3,,,,,-740.000018595E-9,40.00000283E-3,,,,,-740.000018595E-9,200.00000298E-3,,,,,-740.000018595E-9,-400.00000596E-3,,,,,-740.000018595E-9,400.00000596E-3,
,,,-720.000002730E-9,-10.0000007E-3,,,,,-720.000002730E-9,40.00000283E-3,,,,,-720.000002730E-9,200.00000298E-3,,,,,-720.000002730E-9,-400.00000596E-3,,,,,-720.000002730E-9,400.00000596E-3,
,,,-699.999986864E-9,-12.0000001E-3,,,,,-699.999986864E-9,44.00000349E-3,,,,,-699.999986864E-9,0.0,,,,,-699.999986864E-9,-200.00000298E-3,,,,,-699.999986864E-9,0.0,
,,,-680.000027842E-9,-12.0000001E-3,,,,,-680.000027842E-9,44.00000349E-3,,,,,-680.000027842E-9,0.0,,,,,-680.000027842E-9,-200.00000298E-3,,,,,-680.000027842E-9,0.0,
,,,-660.000011976E-9,-14.0000004E-3,,,,,-660.000011976E-9,44.00000349E-3,,,,,-660.000011976E-9,0.0,,,,,-660.000011976E-9,0.0,,,,,-660.000011976E-9,0.0,
,,,-639.999996110E-9,-14.0000004E-3,,,,,-639.999996110E-9,48.00000042E-3,,,,,-639.999996110E-9,-200.00000298E-3,,,,,-639.999996110E-9,-200.00000298E-3,,,,,-639.999996110E-9,0.0,
,,,-620.000037088E-9,-14.0000004E-3,,,,,-620.000037088E-9,44.00000349E-3,,,,,-620.000037088E-9,0.0,,,,,-620.000037088E-9,0.0,,,,,-620.000037088E-9,0.0,
,,,-600.000021223E-9,-10.0000007E-3,,,,,-600.000021223E-9,48.00000042E-3,,,,,-600.000021223E-9,0.0,,,,,-600.000021223E-9,0.0,,,,,-600.000021223E-9,0.0,
,,,-580.000005357E-9,-12.0000001E-3,,,,,-580.000005357E-9,44.00000349E-3,,,,,-580.000005357E-9,-200.00000298E-3,,,,,-580.000005357E-9,0.0,,,,,-580.000005357E-9,-400.00000596E-3,
,,,-559.999989491E-9,-10.0000007E-3,,,,,-559.999989491E-9,44.00000349E-3,,,,,-559.999989491E-9,-200.00000298E-3,,,,,-559.999989491E-9,200.00000298E-3,,,,,-559.999989491E-9,-400.00000596E-3,
,,,-540.000030469E-9,-10.0000007E-3,,,,,-540.000030469E-9,44.00000349E-3,,,,,-540.000030469E-9,-200.00000298E-3,,,,,-540.000030469E-9,0.0,,,,,-540.000030469E-9,-400.00000596E-3,
,,,-520.000014603E-9,-8.000000380E-3,,,,,-520.000014603E-9,40.00000283E-3,,,,,-520.000014603E-9,-400.00000596E-3,,,,,-520.000014603E-9,200.00000298E-3,,,,,-520.000014603E-9,-800.000011921E-3,
,,,-499.999998738E-9,-10.0000007E-3,,,,,-499.999998738E-9,40.00000283E-3,,,,,-499.999998738E-9,-200.00000298E-3,,,,,-499.999998738E-9,200.00000298E-3,,,,,-499.999998738E-9,-400.00000596E-3,
,,,-480.000039715E-9,-8.000000380E-3,,,,,-480.000039715E-9,36.00000218E-3,,,,,-480.000039715E-9,-200.00000298E-3,,,,,-480.000039715E-9,400.00000596E-3,,,,,-480.000039715E-9,-800.000011921E-3,
,,,-460.000023850E-9,-8.000000380E-3,,,,,-460.000023850E-9,32.00000152E-3,,,,,-460.000023850E-9,-400.00000596E-3,,,,,-460.000023850E-9,200.00000298E-3,,,,,-460.000023850E-9,-800.000011921E-3,
,,,-440.000007984E-9,-4.00000019E-3,,,,,-440.000007984E-9,32.00000152E-3,,,,,-440.000007984E-9,-400.00000596E-3,,,,,-440.000007984E-9,200.00000298E-3,,,,,-440.000007984E-9,-800.000011921E-3,
,,,-420.000020540E-9,-8.000000380E-3,,,,,-420.000020540E-9,36.00000218E-3,,,,,-420.000020540E-9,-200.00000298E-3,,,,,-420.000020540E-9,400.00000596E-3,,,,,-420.000020540E-9,-800.000011921E-3,
,,,-400.00000467E-9,-8.000000380E-3,,,,,-400.00000467E-9,28.00000086E-3,,,,,-400.00000467E-9,-400.00000596E-3,,,,,-400.00000467E-9,200.00000298E-3,,,,,-400.00000467E-9,-800.000011921E-3,
,,,-380.00001723E-9,-6.00000005E-3,,,,,-380.00001723E-9,20.0000014E-3,,,,,-380.00001723E-9,-200.00000298E-3,,,,,-380.00001723E-9,400.00000596E-3,,,,,-380.00001723E-9,-800.000011921E-3,
,,,-360.00000136E-9,-2.0000001E-3,,,,,-360.00000136E-9,16.0000008E-3,,,,,-360.00000136E-9,-400.00000596E-3,,,,,-360.00000136E-9,200.00000298E-3,,,,,-360.00000136E-9,-800.000011921E-3,
,,,-340.00001392E-9,-4.00000019E-3,,,,,-340.00001392E-9,12.0000001E-3,,,,,-340.00001392E-9,-400.00000596E-3,,,,,-340.00001392E-9,200.00000298E-3,,,,,-340.00001392E-9,-800.000011921E-3,
,,,-320.00002648E-9,-4.00000019E-3,,,,,-320.00002648E-9,12.0000001E-3,,,,,-320.00002648E-9,-400.00000596E-3,,,,,-320.00002648E-9,200.00000298E-3,,,,,-320.00002648E-9,-800.000011921E-3,
,,,-300.00001061E-9,-2.0000001E-3,,,,,-300.00001061E-9,8.000000380E-3,,,,,-300.00001061E-9,-200.00000298E-3,,,,,-300.00001061E-9,0.0,,,,,-300.00001061E-9,-400.00000596E-3,
,,,-280.00002317E-9,2.0000001E-3,,,,,-280.00002317E-9,4.00000019E-3,,,,,-280.00002317E-9,-200.00000298E-3,,,,,-280.00002317E-9,400.00000596E-3,,,,,-280.00002317E-9,-800.000011921E-3,
,,,-260.00000730E-9,0.0,,,,,-260.00000730E-9,4.00000019E-3,,,,,-260.00000730E-9,-400.00000596E-3,,,,,-260.00000730E-9,400.00000596E-3,,,,,-260.00000730E-9,-800.000011921E-3,
,,,-240.00001986E-9,2.0000001E-3,,,,,-240.00001986E-9,0.0,,,,,-240.00001986E-9,-400.00000596E-3,,,,,-240.00001986E-9,200.00000298E-3,,,,,-240.00001986E-9,-800.000011921E-3,
,,,-220.00001820E-9,4.00000019E-3,,,,,-220.00001820E-9,0.0,,,,,-220.00001820E-9,-400.00000596E-3,,,,,-220.00001820E-9,200.00000298E-3,,,,,-220.00001820E-9,-800.000011921E-3,
,,,-200.00001655E-9,4.00000019E-3,,,,,-200.00001655E-9,-8.000000380E-3,,,,,-200.00001655E-9,-200.00000298E-3,,,,,-200.00001655E-9,200.00000298E-3,,,,,-200.00001655E-9,-400.00000596E-3,
,,,-180.00001489E-9,6.00000005E-3,,,,,-180.00001489E-9,-12.0000001E-3,,,,,-180.00001489E-9,0.0,,,,,-180.00001489E-9,200.00000298E-3,,,,,-180.00001489E-9,-400.00000596E-3,
,,,-160.00001324E-9,6.00000005E-3,,,,,-160.00001324E-9,-16.0000008E-3,,,,,-160.00001324E-9,0.0,,,,,-160.00001324E-9,200.00000298E-3,,,,,-160.00001324E-9,-400.00000596E-3,
,,,-140.0000116E-9,6.00000005E-3,,,,,-140.0000116E-9,-16.0000008E-3,,,,,-140.0000116E-9,0.0,,,,,-140.0000116E-9,200.00000298E-3,,,,,-140.0000116E-9,-400.00000596E-3,
,,,-120.0000099E-9,6.00000005E-3,,,,,-120.0000099E-9,-16.0000008E-3,,,,,-120.0000099E-9,-200.00000298E-3,,,,,-120.0000099E-9,0.0,,,,,-120.0000099E-9,-400.00000596E-3,
,,,-100.0000154E-9,6.00000005E-3,,,,,-100.0000154E-9,-20.0000014E-3,,,,,-100.0000154E-9,0.0,,,,,-100.0000154E-9,200.00000298E-3,,,,,-100.0000154E-9,-400.00000596E-3,
,,,-80.000013725E-9,8.000000380E-3,,,,,-80.000013725E-9,-20.0000014E-3,,,,,-80.000013725E-9,200.00000298E-3,,,,,-80.000013725E-9,0.0,,,,,-80.000013725E-9,0.0,
,,,-60.000012070E-9,10.0000007E-3,,,,,-60.000012070E-9,-24.00000021E-3,,,,,-60.000012070E-9,0.0,,,,,-60.000012070E-9,-200.00000298E-3,,,,,-60.000012070E-9,0.0,
,,,-40.00001397E-9,8.000000380E-3,,,,,-40.00001397E-9,-24.00000021E-3,,,,,-40.00001397E-9,0.0,,,,,-40.00001397E-9,0.0,,,,,-40.00001397E-9,0.0,
,,,-20.0000141E-9,8.000000380E-3,,,,,-20.0000141E-9,-20.0000014E-3,,,,,-20.0000141E-9,200.00000298E-3,,,,,-20.0000141E-9,0.0,,,,,-20.0000141E-9,0.0,
,,,-14.2108545E-15,6.00000005E-3,,,,,-14.2108545E-15,-28.00000086E-3,,,,,-14.2108545E-15,200.00000298E-3,,,,,-14.2108545E-15,0.0,,,,,-14.2108545E-15,0.0,
,,,19.9999857E-9,8.000000380E-3,,,,,19.9999857E-9,-28.00000086E-3,,,,,19.9999857E-9,200.00000298E-3,,,,,19.9999857E-9,0.0,,,,,19.9999857E-9,0.0,
,,,39.99998555E-9,8.000000380E-3,,,,,39.99998555E-9,-28.00000086E-3,,,,,39.99998555E-9,0.0,,,,,39.99998555E-9,-200.00000298E-3,,,,,39.99998555E-9,0.0,
,,,59.999983648E-9,12.0000001E-3,,,,,59.999983648E-9,-104.0000021E-3,,,,,59.999983648E-9,400.00000596E-3,,,,,59.999983648E-9,-200.00000298E-3,,,,,59.999983648E-9,400.00000596E-3,
,,,79.999985303E-9,42.00000316E-3,,,,,79.999985303E-9,-196.00000978E-3,,,,,79.999985303E-9,800.000011921E-3,,,,,79.999985303E-9,-600.000023842E-3,,,,,79.999985303E-9,1.2000000,
,,,99.999986958E-9,88.000006974E-3,,,,,99.999986958E-9,-156.00000322E-3,,,,,99.999986958E-9,1.6000000,,,,,99.999986958E-9,-400.00000596E-3,,,,,99.999986958E-9,2.0000000,
,,,119.9999815E-9,0.0,,,,,119.9999815E-9,-332.00001717E-3,,,,,119.9999815E-9,1.6000000,,,,,119.9999815E-9,-1.2000000,,,,,119.9999815E-9,2.79999995,
,,,139.9999832E-9,136.0000074E-3,,,,,139.9999832E-9,-148.0000019E-3,,,,,139.9999832E-9,2.6000001,,,,,139.9999832E-9,-1.8000001,,,,,139.9999832E-9,4.40000010,
,,,159.99998482E-9,62.000002712E-3,,,,,159.99998482E-9,-288.00001740E-3,,,,,159.99998482E-9,2.79999995,,,,,159.99998482E-9,-1.8000001,,,,,159.99998482E-9,4.40000010,
,,,179.99998647E-9,62.000002712E-3,,,,,179.99998647E-9,-356.00000620E-3,,,,,179.99998647E-9,3.20000005,,,,,179.99998647E-9,-2.4000001,,,,,179.99998647E-9,5.59999990,
,,,199.99998813E-9,148.0000019E-3,,,,,199.99998813E-9,-276.00002289E-3,,,,,199.99998813E-9,3.40000010,,,,,199.99998813E-9,-2.4000001,,,,,199.99998813E-9,5.59999990,
,,,219.99998978E-9,88.000006974E-3,,,,,219.99998978E-9,-368.00003052E-3,,,,,219.99998978E-9,3.79999995,,,,,219.99998978E-9,-2.4000001,,,,,219.99998978E-9,6.00000000,
,,,239.99999144E-9,70.000000298E-3,,,,,239.99999144E-9,-400.00000596E-3,,,,,239.99999144E-9,4.00000000,,,,,239.99999144E-9,-3.00000000,,,,,239.99999144E-9,6.80000019,
,,,259.99997888E-9,158.00000727E-3,,,,,259.99997888E-9,-336.00002527E-3,,,,,259.99997888E-9,4.40000010,,,,,259.99997888E-9,-3.20000005,,,,,259.99997888E-9,7.599999905,
,,,279.99999475E-9,112.0000035E-3,,,,,279.99999475E-9,-424.000024796E-3,,,,,279.99999475E-9,5.00000000,,,,,279.99999475E-9,-3.60000014,,,,,279.99999475E-9,8.400000572,
,,,299.99998219E-9,112.0000035E-3,,,,,299.99998219E-9,-400.00000596E-3,,,,,299.99998219E-9,5.80000019,,,,,299.99998219E-9,-4.00000000,,,,,299.99998219E-9,9.600000381,
,,,319.99996963E-9,140.0000006E-3,,,,,319.99996963E-9,-400.00000596E-3,,,,,319.99996963E-9,6.00000000,,,,,319.99996963E-9,-4.59999990,,,,,319.99996963E-9,10.4000006,
,,,339.99998550E-9,122.0000088E-3,,,,,339.99998550E-9,-440.000027418E-3,,,,,339.99998550E-9,6.20000029,,,,,339.99998550E-9,-4.80000019,,,,,339.99998550E-9,10.8000002,
,,,359.99997294E-9,122.0000088E-3,,,,,359.99997294E-9,-432.000011206E-3,,,,,359.99997294E-9,6.40000010,,,,,359.99997294E-9,-5.00000000,,,,,359.99997294E-9,11.1999998,
,,,379.99998881E-9,150.00000596E-3,,,,,379.99998881E-9,-408.000022173E-3,,,,,379.99998881E-9,6.59999990,,,,,379.99998881E-9,-5.00000000,,,,,379.99998881E-9,11.6000004,
,,,399.99997625E-9,124.0000054E-3,,,,,399.99997625E-9,-464.000016451E-3,,,,,399.99997625E-9,7.00000000,,,,,399.99997625E-9,-5.40000010,,,,,399.99997625E-9,12.4000006,
,,,419.999992118E-9,126.0000020E-3,,,,,419.999992118E-9,-452.000021935E-3,,,,,419.999992118E-9,7.400000095,,,,,419.999992118E-9,-5.80000019,,,,,419.999992118E-9,13.1999998,
,,,439.999979562E-9,146.0000128E-3,,,,,439.999979562E-9,-432.000011206E-3,,,,,439.999979562E-9,7.599999905,,,,,439.999979562E-9,-6.00000000,,,,,439.999979562E-9,13.6000004,
,,,459.999995428E-9,138.0000114E-3,,,,,459.999995428E-9,-468.000024557E-3,,,,,459.999995428E-9,8.199999809,,,,,459.999995428E-9,-6.40000010,,,,,459.999995428E-9,14.4000006,
,,,479.999982872E-9,142.0000046E-3,,,,,479.999982872E-9,-464.000016451E-3,,,,,479.999982872E-9,8.800000191,,,,,479.999982872E-9,-6.80000019,,,,,479.999982872E-9,15.6000004,
,,,499.999998738E-9,142.0000046E-3,,,,,499.999998738E-9,-468.000024557E-3,,,,,499.999998738E-9,9.000000000,,,,,499.999998738E-9,-7.20000029,,,,,499.999998738E-9,16.0000000,
,,,519.999957760E-9,136.0000074E-3,,,,,519.999957760E-9,-460.000008345E-3,,,,,519.999957760E-9,9.199999809,,,,,519.999957760E-9,-7.400000095,,,,,519.999957760E-9,16.3999996,
,,,539.999973626E-9,144.0000087E-3,,,,,539.999973626E-9,-444.000035524E-3,,,,,539.999973626E-9,9.600000381,,,,,539.999973626E-9,-7.599999905,,,,,539.999973626E-9,17.2000008,
,,,559.999989491E-9,142.0000046E-3,,,,,559.999989491E-9,-456.000030041E-3,,,,,559.999989491E-9,9.800000191,,,,,559.999989491E-9,-7.800000191,,,,,559.999989491E-9,17.6000004,
,,,580.000005357E-9,146.0000128E-3,,,,,580.000005357E-9,-460.000008345E-3,,,,,580.000005357E-9,9.800000191,,,,,580.000005357E-9,-7.800000191,,,,,580.000005357E-9,17.6000004,
,,,599.999964379E-9,146.0000128E-3,,,,,599.999964379E-9,-456.000030041E-3,,,,,599.999964379E-9,10.0000000,,,,,599.999964379E-9,-8.199999809,,,,,599.999964379E-9,18.0000000,
,,,619.999980245E-9,142.0000046E-3,,,,,619.999980245E-9,-456.000030041E-3,,,,,619.999980245E-9,10.4000006,,,,,619.999980245E-9,-8.600000381,,,,,619.999980245E-9,18.8000011,
,,,639.999996110E-9,150.00000596E-3,,,,,639.999996110E-9,-468.000024557E-3,,,,,639.999996110E-9,10.8000002,,,,,639.999996110E-9,-9.000000000,,,,,639.999996110E-9,19.6000004,
,,,659.999955133E-9,148.0000019E-3,,,,,659.999955133E-9,-464.000016451E-3,,,,,659.999955133E-9,11.4000006,,,,,659.999955133E-9,-9.199999809,,,,,659.999955133E-9,20.39999962,
,,,679.999970998E-9,144.0000087E-3,,,,,679.999970998E-9,-448.000013828E-3,,,,,679.999970998E-9,11.6000004,,,,,679.999970998E-9,-9.600000381,,,,,679.999970998E-9,21.20000076,
,,,699.999986864E-9,146.0000128E-3,,,,,699.999986864E-9,-448.000013828E-3,,,,,699.999986864E-9,11.6000004,,,,,699.999986864E-9,-9.800000191,,,,,699.999986864E-9,21.20000076,
,,,720.000002730E-9,146.0000128E-3,,,,,720.000002730E-9,-452.000021935E-3,,,,,720.000002730E-9,11.8000002,,,,,720.000002730E-9,-10.0000000,,,,,720.000002730E-9,21.60000038,
,,,739.999961752E-9,142.0000046E-3,,,,,739.999961752E-9,-452.000021935E-3,,,,,739.999961752E-9,12.1999998,,,,,739.999961752E-9,-10.1999998,,,,,739.999961752E-9,22.39999962,
,,,759.999977618E-9,140.0000006E-3,,,,,759.999977618E-9,-444.000035524E-3,,,,,759.999977618E-9,12.4000006,,,,,759.999977618E-9,-10.0000000,,,,,759.999977618E-9,22.39999962,
,,,779.999993483E-9,148.0000019E-3,,,,,779.999993483E-9,-436.000019312E-3,,,,,779.999993483E-9,12.1999998,,,,,779.999993483E-9,-10.4000006,,,,,779.999993483E-9,22.39999962,
,,,799.999952505E-9,140.0000006E-3,,,,,799.999952505E-9,-440.000027418E-3,,,,,799.999952505E-9,12.6000004,,,,,799.999952505E-9,-10.8000002,,,,,799.999952505E-9,23.20000076,
,,,819.999968371E-9,140.0000006E-3,,,,,819.999968371E-9,-440.000027418E-3,,,,,819.999968371E-9,13.0000000,,,,,819.999968371E-9,-10.8000002,,,,,819.999968371E-9,23.60000038,
,,,839.999984237E-9,140.0000006E-3,,,,,839.999984237E-9,-428.000032902E-3,,,,,839.999984237E-9,13.4000006,,,,,839.999984237E-9,-11.1999998,,,,,839.999984237E-9,24.39999962,
,,,860.000000102E-9,138.0000114E-3,,,,,860.000000102E-9,-420.000016689E-3,,,,,860.000000102E-9,13.8000002,,,,,860.000000102E-9,-11.4000006,,,,,860.000000102E-9,25.20000076,
,,,879.999959125E-9,142.0000046E-3,,,,,879.999959125E-9,-424.000024796E-3,,,,,879.999959125E-9,13.4000006,,,,,879.999959125E-9,-11.6000004,,,,,879.999959125E-9,24.80000114,
,,,899.999974990E-9,138.0000114E-3,,,,,899.999974990E-9,-420.000016689E-3,,,,,899.999974990E-9,13.8000002,,,,,899.999974990E-9,-11.8000002,,,,,899.999974990E-9,25.60000038,
,,,919.999990856E-9,136.0000074E-3,,,,,919.999990856E-9,-412.000030279E-3,,,,,919.999990856E-9,14.1999998,,,,,919.999990856E-9,-11.8000002,,,,,919.999990856E-9,26.00000000,
,,,940.000006722E-9,136.0000074E-3,,,,,940.000006722E-9,-412.000030279E-3,,,,,940.000006722E-9,14.0000000,,,,,940.000006722E-9,-12.1999998,,,,,940.000006722E-9,26.00000000,
,,,959.999965744E-9,140.0000006E-3,,,,,959.999965744E-9,-404.000014067E-3,,,,,959.999965744E-9,14.4000006,,,,,959.999965744E-9,-12.1999998,,,,,959.999965744E-9,26.39999962,
,,,979.999981610E-9,131.9999993E-3,,,,,979.999981610E-9,-404.000014067E-3,,,,,979.999981610E-9,14.4000006,,,,,979.999981610E-9,-12.4000006,,,,,979.999981610E-9,26.80000114,
,,,1.000000E-6,134.0000033E-3,,,,,1.000000E-6,-392.00001955E-3,,,,,1.000000E-6,14.6000004,,,,,1.000000E-6,-12.8000002,,,,,1.000000E-6,27.20000076,
,,,1.0200000E-6,131.9999993E-3,,,,,1.0200000E-6,-392.00001955E-3,,,,,1.0200000E-6,15.0000000,,,,,1.0200000E-6,-12.8000002,,,,,1.0200000E-6,27.60000038,
,,,1.0400000E-6,130.0000101E-3,,,,,1.0400000E-6,-388.00001144E-3,,,,,1.0400000E-6,15.0000000,,,,,1.0400000E-6,-13.1999998,,,,,1.0400000E-6,28.00000000,
,,,1.0599999E-6,126.0000020E-3,,,,,1.0599999E-6,-384.00000334E-3,,,,,1.0599999E-6,15.0000000,,,,,1.0599999E-6,-13.1999998,,,,,1.0599999E-6,28.00000000,
,,,1.0799999E-6,126.0000020E-3,,,,,1.0799999E-6,-376.00001693E-3,,,,,1.0799999E-6,15.0000000,,,,,1.0799999E-6,-13.1999998,,,,,1.0799999E-6,28.00000000,
,,,1.1000000E-6,126.0000020E-3,,,,,1.1000000E-6,-372.00000882E-3,,,,,1.1000000E-6,15.4000006,,,,,1.1000000E-6,-13.1999998,,,,,1.1000000E-6,28.39999962,
,,,1.1200000E-6,126.0000020E-3,,,,,1.1200000E-6,-364.00002241E-3,,,,,1.1200000E-6,15.1999998,,,,,1.1200000E-6,-13.1999998,,,,,1.1200000E-6,28.39999962,
,,,1.1400000E-6,124.0000054E-3,,,,,1.1400000E-6,-360.00001431E-3,,,,,1.1400000E-6,15.4000006,,,,,1.1400000E-6,-13.6000004,,,,,1.1400000E-6,28.80000114,
,,,1.1600000E-6,126.0000020E-3,,,,,1.1600000E-6,-352.00002789E-3,,,,,1.1600000E-6,15.4000006,,,,,1.1600000E-6,-13.8000002,,,,,1.1600000E-6,29.20000076,
,,,1.1800000E-6,120.0000048E-3,,,,,1.1800000E-6,-352.00002789E-3,,,,,1.1800000E-6,15.8000002,,,,,1.1800000E-6,-13.8000002,,,,,1.1800000E-6,29.60000038,
,,,1.1999999E-6,118.0000082E-3,,,,,1.1999999E-6,-348.00001979E-3,,,,,1.1999999E-6,15.8000002,,,,,1.1999999E-6,-14.0000000,,,,,1.1999999E-6,29.60000038,
,,,1.2199999E-6,120.0000048E-3,,,,,1.2199999E-6,-344.00001168E-3,,,,,1.2199999E-6,16.0000000,,,,,1.2199999E-6,-14.0000000,,,,,1.2199999E-6,30.00000000,
,,,1.2400000E-6,116.0000041E-3,,,,,1.2400000E-6,-336.00002527E-3,,,,,1.2400000E-6,16.0000000,,,,,1.2400000E-6,-14.1999998,,,,,1.2400000E-6,30.00000000,
,,,1.2600000E-6,116.0000041E-3,,,,,1.2600000E-6,-328.00000906E-3,,,,,1.2600000E-6,16.2000008,,,,,1.2600000E-6,-14.1999998,,,,,1.2600000E-6,30.39999962,
,,,1.2800000E-6,116.0000041E-3,,,,,1.2800000E-6,-324.00000095E-3,,,,,1.2800000E-6,16.0000000,,,,,1.2800000E-6,-14.1999998,,,,,1.2800000E-6,30.00000000,
,,,1.3000000E-6,112.0000035E-3,,,,,1.3000000E-6,-320.00002265E-3,,,,,1.3000000E-6,15.8000002,,,,,1.3000000E-6,-14.4000006,,,,,1.3000000E-6,30.00000000,
,,,1.3200000E-6,110.0000069E-3,,,,,1.3200000E-6,-316.00001454E-3,,,,,1.3200000E-6,16.3999996,,,,,1.3200000E-6,-14.4000006,,,,,1.3200000E-6,30.80000114,
,,,1.3399999E-6,114.0000075E-3,,,,,1.3399999E-6,-312.00000644E-3,,,,,1.3399999E-6,16.2000008,,,,,1.3399999E-6,-14.8000002,,,,,1.3399999E-6,30.80000114,
,,,1.3599999E-6,110.0000069E-3,,,,,1.3599999E-6,-308.00002813E-3,,,,,1.3599999E-6,16.0000000,,,,,1.3599999E-6,-15.0000000,,,,,1.3599999E-6,30.80000114,
,,,1.3800000E-6,106.0000062E-3,,,,,1.3800000E-6,-304.00002003E-3,,,,,1.3800000E-6,16.2000008,,,,,1.3800000E-6,-14.6000004,,,,,1.3800000E-6,30.80000114,
,,,1.4000000E-6,108.0000028E-3,,,,,1.4000000E-6,-300.00001192E-3,,,,,1.4000000E-6,16.2000008,,,,,1.4000000E-6,-14.6000004,,,,,1.4000000E-6,30.80000114,
,,,1.4200000E-6,106.0000062E-3,,,,,1.4200000E-6,-296.00000381E-3,,,,,1.4200000E-6,16.3999996,,,,,1.4200000E-6,-14.4000006,,,,,1.4200000E-6,30.80000114,
,,,1.4400000E-6,106.0000062E-3,,,,,1.4400000E-6,-288.00001740E-3,,,,,1.4400000E-6,16.2000008,,,,,1.4400000E-6,-14.8000002,,,,,1.4400000E-6,30.80000114,
,,,1.4600000E-6,102.0000055E-3,,,,,1.4600000E-6,-280.00000119E-3,,,,,1.4600000E-6,16.3999996,,,,,1.4600000E-6,-14.6000004,,,,,1.4600000E-6,30.80000114,
,,,1.4799999E-6,104.0000021E-3,,,,,1.4799999E-6,-280.00000119E-3,,,,,1.4799999E-6,16.3999996,,,,,1.4799999E-6,-14.6000004,,,,,1.4799999E-6,30.80000114,
,,,1.4999999E-6,100.0000015E-3,,,,,1.4999999E-6,-276.00002289E-3,,,,,1.4999999E-6,16.6000004,,,,,1.4999999E-6,-14.8000002,,,,,1.4999999E-6,31.20000076,
,,,1.5200000E-6,98.000004888E-3,,,,,1.5200000E-6,-268.00000668E-3,,,,,1.5200000E-6,16.6000004,,,,,1.5200000E-6,-14.8000002,,,,,1.5200000E-6,31.20000076,
,,,1.5400000E-6,96.000000834E-3,,,,,1.5400000E-6,-263.99999857E-3,,,,,1.5400000E-6,16.2000008,,,,,1.5400000E-6,-15.0000000,,,,,1.5400000E-6,31.20000076,
,,,1.5600000E-6,96.000000834E-3,,,,,1.5600000E-6,-263.99999857E-3,,,,,1.5600000E-6,16.6000004,,,,,1.5600000E-6,-15.0000000,,,,,1.5600000E-6,31.60000038,
,,,1.5800000E-6,98.000004888E-3,,,,,1.5800000E-6,-263.99999857E-3,,,,,1.5800000E-6,16.6000004,,,,,1.5800000E-6,-14.8000002,,,,,1.5800000E-6,31.20000076,
,,,1.6000000E-6,94.000004232E-3,,,,,1.6000000E-6,-260.00002027E-3,,,,,1.6000000E-6,16.6000004,,,,,1.6000000E-6,-15.0000000,,,,,1.6000000E-6,31.60000038,
,,,1.6199999E-6,92.000007629E-3,,,,,1.6199999E-6,-248.00001085E-3,,,,,1.6199999E-6,16.8000011,,,,,1.6199999E-6,-14.8000002,,,,,1.6199999E-6,31.60000038,
,,,1.6399999E-6,94.000004232E-3,,,,,1.6399999E-6,-248.00001085E-3,,,,,1.6399999E-6,16.3999996,,,,,1.6399999E-6,-15.0000000,,,,,1.6399999E-6,31.20000076,
,,,1.6600000E-6,92.000007629E-3,,,,,1.6600000E-6,-244.00001764E-3,,,,,1.6600000E-6,16.3999996,,,,,1.6600000E-6,-15.0000000,,,,,1.6600000E-6,31.20000076,
,,,1.6800000E-6,88.000006974E-3,,,,,1.6800000E-6,-240.00000954E-3,,,,,1.6800000E-6,16.3999996,,,,,1.6800000E-6,-15.0000000,,,,,1.6800000E-6,31.20000076,
,,,1.7000000E-6,88.000006974E-3,,,,,1.7000000E-6,-236.00001633E-3,,,,,1.7000000E-6,16.3999996,,,,,1.7000000E-6,-15.0000000,,,,,1.7000000E-6,31.20000076,
,,,1.7200000E-6,84.000006318E-3,,,,,1.7200000E-6,-224.00000691E-3,,,,,1.7200000E-6,16.3999996,,,,,1.7200000E-6,-15.0000000,,,,,1.7200000E-6,31.20000076,
,,,1.7400000E-6,82.000002265E-3,,,,,1.7400000E-6,-228.00001502E-3,,,,,1.7400000E-6,16.2000008,,,,,1.7400000E-6,-14.8000002,,,,,1.7400000E-6,30.80000114,
,,,1.7600000E-6,84.000006318E-3,,,,,1.7600000E-6,-224.00000691E-3,,,,,1.7600000E-6,16.3999996,,,,,1.7600000E-6,-15.0000000,,,,,1.7600000E-6,31.20000076,
,,,1.7799999E-6,80.000005662E-3,,,,,1.7799999E-6,-220.00001371E-3,,,,,1.7799999E-6,16.2000008,,,,,1.7799999E-6,-15.0000000,,,,,1.7799999E-6,31.20000076,
,,,1.7999999E-6,78.000001609E-3,,,,,1.7999999E-6,-216.00000560E-3,,,,,1.7999999E-6,16.3999996,,,,,1.7999999E-6,-14.8000002,,,,,1.7999999E-6,31.20000076,
,,,1.8200000E-6,78.000001609E-3,,,,,1.8200000E-6,-204.00001109E-3,,,,,1.8200000E-6,16.0000000,,,,,1.8200000E-6,-15.0000000,,,,,1.8200000E-6,30.80000114,
,,,1.8400000E-6,74.000000954E-3,,,,,1.8400000E-6,-200.00000298E-3,,,,,1.8400000E-6,16.0000000,,,,,1.8400000E-6,-14.8000002,,,,,1.8400000E-6,30.80000114,
,,,1.8600000E-6,74.000000954E-3,,,,,1.8600000E-6,-192.00000167E-3,,,,,1.8600000E-6,16.0000000,,,,,1.8600000E-6,-14.8000002,,,,,1.8600000E-6,30.80000114,
,,,1.8800000E-6,72.000004351E-3,,,,,1.8800000E-6,-192.00000167E-3,,,,,1.8800000E-6,16.0000000,,,,,1.8800000E-6,-14.6000004,,,,,1.8800000E-6,30.39999962,
,,,1.9000000E-6,70.000000298E-3,,,,,1.9000000E-6,-184.00001526E-3,,,,,1.9000000E-6,15.8000002,,,,,1.9000000E-6,-14.6000004,,,,,1.9000000E-6,30.39999962,
,,,1.9199999E-6,68.000003695E-3,,,,,1.9199999E-6,-172.00000584E-3,,,,,1.9199999E-6,15.8000002,,,,,1.9199999E-6,-14.6000004,,,,,1.9199999E-6,30.39999962,
,,,1.9399999E-6,68.000003695E-3,,,,,1.9399999E-6,-168.00001264E-3,,,,,1.9399999E-6,15.8000002,,,,,1.9399999E-6,-14.6000004,,,,,1.9399999E-6,30.39999962,
,,,1.9600000E-6,65.999999642E-3,,,,,1.9600000E-6,-168.00001264E-3,,,,,1.9600000E-6,15.6000004,,,,,1.9600000E-6,-14.4000006,,,,,1.9600000E-6,30.00000000,
,,,1.9800000E-6,64.000003040E-3,,,,,1.9800000E-6,-164.00000453E-3,,,,,1.9800000E-6,15.6000004,,,,,1.9800000E-6,-14.4000006,,,,,1.9800000E-6,30.00000000,
,,,2.0000000E-6,62.000002712E-3,,,,,2.0000000E-6,-156.00000322E-3,,,,,2.0000000E-6,15.6000004,,,,,2.0000000E-6,-14.4000006,,,,,2.0000000E-6,30.00000000,
,,,2.0200000E-6,62.000002712E-3,,,,,2.0200000E-6,-152.00001001E-3,,,,,2.0200000E-6,15.1999998,,,,,2.0200000E-6,-14.6000004,,,,,2.0200000E-6,29.60000038,
,,,2.0400000E-6,60.000002384E-3,,,,,2.0400000E-6,-144.0000087E-3,,,,,2.0400000E-6,15.4000006,,,,,2.0400000E-6,-14.1999998,,,,,2.0400000E-6,29.60000038,
,,,2.0600000E-6,58.000002056E-3,,,,,2.0600000E-6,-144.0000087E-3,,,,,2.0600000E-6,15.1999998,,,,,2.0600000E-6,-14.0000000,,,,,2.0600000E-6,29.20000076,
,,,2.0800001E-6,54.00000140E-3,,,,,2.0800001E-6,-136.0000074E-3,,,,,2.0800001E-6,15.0000000,,,,,2.0800001E-6,-14.1999998,,,,,2.0800001E-6,29.20000076,
,,,2.1000001E-6,56.000001729E-3,,,,,2.1000001E-6,-128.0000061E-3,,,,,2.1000001E-6,15.0000000,,,,,2.1000001E-6,-14.0000000,,,,,2.1000001E-6,28.80000114,
,,,2.1199999E-6,54.00000140E-3,,,,,2.1199999E-6,-128.0000061E-3,,,,,2.1199999E-6,14.8000002,,,,,2.1199999E-6,-13.8000002,,,,,2.1199999E-6,28.39999962,
,,,2.1399999E-6,50.00000075E-3,,,,,2.1399999E-6,-116.0000041E-3,,,,,2.1399999E-6,14.6000004,,,,,2.1399999E-6,-13.8000002,,,,,2.1399999E-6,28.39999962,
,,,2.1599999E-6,50.00000075E-3,,,,,2.1599999E-6,-116.0000041E-3,,,,,2.1599999E-6,14.6000004,,,,,2.1599999E-6,-13.4000006,,,,,2.1599999E-6,28.00000000,
,,,2.1799999E-6,46.00000381E-3,,,,,2.1799999E-6,-112.0000035E-3,,,,,2.1799999E-6,14.6000004,,,,,2.1799999E-6,-13.6000004,,,,,2.1799999E-6,28.00000000,
,,,2.1999999E-6,46.00000381E-3,,,,,2.1999999E-6,-104.0000021E-3,,,,,2.1999999E-6,14.1999998,,,,,2.1999999E-6,-13.6000004,,,,,2.1999999E-6,27.60000038,
,,,2.2199999E-6,44.00000349E-3,,,,,2.2199999E-6,-100.0000015E-3,,,,,2.2199999E-6,14.1999998,,,,,2.2199999E-6,-13.6000004,,,,,2.2199999E-6,27.60000038,
,,,2.2400000E-6,40.00000283E-3,,,,,2.2400000E-6,-92.000007629E-3,,,,,2.2400000E-6,14.1999998,,,,,2.2400000E-6,-13.4000006,,,,,2.2400000E-6,27.60000038,
,,,2.2600000E-6,38.00000250E-3,,,,,2.2600000E-6,-88.000006974E-3,,,,,2.2600000E-6,13.8000002,,,,,2.2600000E-6,-13.1999998,,,,,2.2600000E-6,26.80000114,
,,,2.2800000E-6,36.00000218E-3,,,,,2.2800000E-6,-80.000005662E-3,,,,,2.2800000E-6,13.8000002,,,,,2.2800000E-6,-13.1999998,,,,,2.2800000E-6,26.80000114,
,,,2.3000000E-6,34.00000185E-3,,,,,2.3000000E-6,-76.000005007E-3,,,,,2.3000000E-6,13.4000006,,,,,2.3000000E-6,-13.0000000,,,,,2.3000000E-6,26.39999962,
,,,2.3200000E-6,32.00000152E-3,,,,,2.3200000E-6,-72.000004351E-3,,,,,2.3200000E-6,13.6000004,,,,,2.3200000E-6,-12.8000002,,,,,2.3200000E-6,26.39999962,
,,,2.3400000E-6,32.00000152E-3,,,,,2.3400000E-6,-64.000003040E-3,,,,,2.3400000E-6,13.4000006,,,,,2.3400000E-6,-12.6000004,,,,,2.3400000E-6,26.00000000,
,,,2.3600001E-6,28.00000086E-3,,,,,2.3600001E-6,-60.000002384E-3,,,,,2.3600001E-6,13.1999998,,,,,2.3600001E-6,-12.1999998,,,,,2.3600001E-6,25.20000076,
,,,2.3800001E-6,28.00000086E-3,,,,,2.3800001E-6,-52.00000107E-3,,,,,2.3800001E-6,13.0000000,,,,,2.3800001E-6,-12.4000006,,,,,2.3800001E-6,25.20000076,
,,,2.4000001E-6,28.00000086E-3,,,,,2.4000001E-6,-48.00000042E-3,,,,,2.4000001E-6,13.0000000,,,,,2.4000001E-6,-12.4000006,,,,,2.4000001E-6,25.20000076,
,,,2.4199999E-6,24.00000021E-3,,,,,2.4199999E-6,-44.00000349E-3,,,,,2.4199999E-6,12.6000004,,,,,2.4199999E-6,-12.0000000,,,,,2.4199999E-6,24.39999962,
,,,2.4399999E-6,20.0000014E-3,,,,,2.4399999E-6,-36.00000218E-3,,,,,2.4399999E-6,12.6000004,,,,,2.4399999E-6,-12.0000000,,,,,2.4399999E-6,24.39999962,
,,,2.4599999E-6,20.0000014E-3,,,,,2.4599999E-6,-28.00000086E-3,,,,,2.4599999E-6,12.4000006,,,,,2.4599999E-6,-12.0000000,,,,,2.4599999E-6,24.39999962,
,,,2.4799999E-6,20.0000014E-3,,,,,2.4799999E-6,-28.00000086E-3,,,,,2.4799999E-6,12.0000000,,,,,2.4799999E-6,-11.8000002,,,,,2.4799999E-6,23.60000038,
,,,2.4999999E-6,18.0000011E-3,,,,,2.4999999E-6,-20.0000014E-3,,,,,2.4999999E-6,12.0000000,,,,,2.4999999E-6,-11.6000004,,,,,2.4999999E-6,23.60000038,
,,,2.5200000E-6,16.0000008E-3,,,,,2.5200000E-6,-16.0000008E-3,,,,,2.5200000E-6,11.8000002,,,,,2.5200000E-6,-11.4000006,,,,,2.5200000E-6,23.20000076,
,,,2.5400000E-6,10.0000007E-3,,,,,2.5400000E-6,-12.0000001E-3,,,,,2.5400000E-6,11.6000004,,,,,2.5400000E-6,-11.4000006,,,,,2.5400000E-6,22.80000114,
,,,2.5600000E-6,10.0000007E-3,,,,,2.5600000E-6,-4.00000019E-3,,,,,2.5600000E-6,11.6000004,,,,,2.5600000E-6,-11.1999998,,,,,2.5600000E-6,22.80000114,
,,,2.5800000E-6,10.0000007E-3,,,,,2.5800000E-6,4.00000019E-3,,,,,2.5800000E-6,10.8000002,,,,,2.5800000E-6,-11.0000000,,,,,2.5800000E-6,21.60000038,
,,,2.6000000E-6,8.000000380E-3,,,,,2.6000000E-6,4.00000019E-3,,,,,2.6000000E-6,11.0000000,,,,,2.6000000E-6,-10.8000002,,,,,2.6000000E-6,21.60000038,
,,,2.6200000E-6,4.00000019E-3,,,,,2.6200000E-6,8.000000380E-3,,,,,2.6200000E-6,10.6000004,,,,,2.6200000E-6,-10.6000004,,,,,2.6200000E-6,21.20000076,
,,,2.6400000E-6,4.00000019E-3,,,,,2.6400000E-6,16.0000008E-3,,,,,2.6400000E-6,10.6000004,,,,,2.6400000E-6,-10.1999998,,,,,2.6400000E-6,20.80000114,
,,,2.6600001E-6,2.0000001E-3,,,,,2.6600001E-6,24.00000021E-3,,,,,2.6600001E-6,10.4000006,,,,,2.6600001E-6,-10.1999998,,,,,2.6600001E-6,20.39999962,
,,,2.6800001E-6,2.0000001E-3,,,,,2.6800001E-6,24.00000021E-3,,,,,2.6800001E-6,10.1999998,,,,,2.6800001E-6,-10.1999998,,,,,2.6800001E-6,20.39999962,
,,,2.6999999E-6,-2.0000001E-3,,,,,2.6999999E-6,32.00000152E-3,,,,,2.6999999E-6,10.0000000,,,,,2.6999999E-6,-10.0000000,,,,,2.6999999E-6,20.0000000,
,,,2.71999988E-6,-2.0000001E-3,,,,,2.71999988E-6,36.00000218E-3,,,,,2.71999988E-6,9.800000191,,,,,2.71999988E-6,-9.600000381,,,,,2.71999988E-6,19.2000008,
,,,2.73999990E-6,-6.00000005E-3,,,,,2.73999990E-6,40.00000283E-3,,,,,2.73999990E-6,9.600000381,,,,,2.73999990E-6,-9.600000381,,,,,2.73999990E-6,19.2000008,
,,,2.75999992E-6,-4.00000019E-3,,,,,2.75999992E-6,44.00000349E-3,,,,,2.75999992E-6,9.199999809,,,,,2.75999992E-6,-9.400000572,,,,,2.75999992E-6,18.3999996,
,,,2.77999993E-6,-10.0000007E-3,,,,,2.77999993E-6,52.00000107E-3,,,,,2.77999993E-6,9.199999809,,,,,2.77999993E-6,-9.000000000,,,,,2.77999993E-6,18.0000000,
,,,2.79999995E-6,-10.0000007E-3,,,,,2.79999995E-6,56.000001729E-3,,,,,2.79999995E-6,9.000000000,,,,,2.79999995E-6,-8.800000191,,,,,2.79999995E-6,17.6000004,
,,,2.81999996E-6,-12.0000001E-3,,,,,2.81999996E-6,64.000003040E-3,,,,,2.81999996E-6,8.800000191,,,,,2.81999996E-6,-9.000000000,,,,,2.81999996E-6,17.6000004,
,,,2.83999998E-6,-14.0000004E-3,,,,,2.83999998E-6,64.000003040E-3,,,,,2.83999998E-6,8.600000381,,,,,2.83999998E-6,-8.600000381,,,,,2.83999998E-6,17.2000008,
,,,2.86000000E-6,-14.0000004E-3,,,,,2.86000000E-6,72.000004351E-3,,,,,2.86000000E-6,8.400000572,,,,,2.86000000E-6,-8.400000572,,,,,2.86000000E-6,16.8000011,
,,,2.88000001E-6,-16.0000008E-3,,,,,2.88000001E-6,76.000005007E-3,,,,,2.88000001E-6,8.000000000,,,,,2.88000001E-6,-8.199999809,,,,,2.88000001E-6,16.0000000,
,,,2.90000003E-6,-18.0000011E-3,,,,,2.90000003E-6,84.000006318E-3,,,,,2.90000003E-6,8.000000000,,,,,2.90000003E-6,-8.000000000,,,,,2.90000003E-6,16.0000000,
,,,2.92000004E-6,-22.00000174E-3,,,,,2.92000004E-6,84.000006318E-3,,,,,2.92000004E-6,7.599999905,,,,,2.92000004E-6,-7.800000191,,,,,2.92000004E-6,15.1999998,
,,,2.94000006E-6,-18.0000011E-3,,,,,2.94000006E-6,88.000006974E-3,,,,,2.94000006E-6,7.400000095,,,,,2.94000006E-6,-7.599999905,,,,,2.94000006E-6,14.8000002,
,,,2.96000007E-6,-22.00000174E-3,,,,,2.96000007E-6,96.000000834E-3,,,,,2.96000007E-6,7.400000095,,,,,2.96000007E-6,-7.400000095,,,,,2.96000007E-6,14.8000002,
,,,2.97999986E-6,-26.00000054E-3,,,,,2.97999986E-6,100.0000015E-3,,,,,2.97999986E-6,6.80000019,,,,,2.97999986E-6,-7.20000029,,,,,2.97999986E-6,14.0000000,
,,,2.99999988E-6,-26.00000054E-3,,,,,2.99999988E-6,108.0000028E-3,,,,,2.99999988E-6,6.59999990,,,,,2.99999988E-6,-7.00000000,,,,,2.99999988E-6,13.6000004,
,,,3.01999989E-6,-26.00000054E-3,,,,,3.01999989E-6,108.0000028E-3,,,,,3.01999989E-6,6.59999990,,,,,3.01999989E-6,-6.80000019,,,,,3.01999989E-6,13.1999998,
,,,3.03999991E-6,-32.00000152E-3,,,,,3.03999991E-6,116.0000041E-3,,,,,3.03999991E-6,6.00000000,,,,,3.03999991E-6,-6.59999990,,,,,3.03999991E-6,12.4000006,
,,,3.05999993E-6,-30.00000119E-3,,,,,3.05999993E-6,120.0000048E-3,,,,,3.05999993E-6,6.00000000,,,,,3.05999993E-6,-6.40000010,,,,,3.05999993E-6,12.4000006,
,,,3.07999994E-6,-34.00000185E-3,,,,,3.07999994E-6,124.0000054E-3,,,,,3.07999994E-6,5.80000019,,,,,3.07999994E-6,-6.20000029,,,,,3.07999994E-6,12.0000000,
,,,3.09999996E-6,-34.00000185E-3,,,,,3.09999996E-6,128.0000061E-3,,,,,3.09999996E-6,5.59999990,,,,,3.09999996E-6,-6.00000000,,,,,3.09999996E-6,11.6000004,
,,,3.11999997E-6,-36.00000218E-3,,,,,3.11999997E-6,131.9999993E-3,,,,,3.11999997E-6,5.40000010,,,,,3.11999997E-6,-5.80000019,,,,,3.11999997E-6,11.1999998,
,,,3.13999999E-6,-38.00000250E-3,,,,,3.13999999E-6,136.0000074E-3,,,,,3.13999999E-6,5.20000029,,,,,3.13999999E-6,-5.40000010,,,,,3.13999999E-6,10.4000006,
,,,3.16000001E-6,-36.00000218E-3,,,,,3.16000001E-6,144.0000087E-3,,,,,3.16000001E-6,5.00000000,,,,,3.16000001E-6,-5.20000029,,,,,3.16000001E-6,10.0000000,
,,,3.18000002E-6,-42.00000316E-3,,,,,3.18000002E-6,144.0000087E-3,,,,,3.18000002E-6,4.59999990,,,,,3.18000002E-6,-5.20000029,,,,,3.18000002E-6,9.600000381,
,,,3.20000004E-6,-42.00000316E-3,,,,,3.20000004E-6,152.00001001E-3,,,,,3.20000004E-6,4.40000010,,,,,3.20000004E-6,-5.00000000,,,,,3.20000004E-6,9.199999809,
,,,3.22000005E-6,-46.00000381E-3,,,,,3.22000005E-6,152.00001001E-3,,,,,3.22000005E-6,4.20000029,,,,,3.22000005E-6,-4.80000019,,,,,3.22000005E-6,8.800000191,
,,,3.24000007E-6,-44.00000349E-3,,,,,3.24000007E-6,156.00000322E-3,,,,,3.24000007E-6,4.00000000,,,,,3.24000007E-6,-4.40000010,,,,,3.24000007E-6,8.400000572,
,,,3.25999986E-6,-46.00000381E-3,,,,,3.25999986E-6,168.00001264E-3,,,,,3.25999986E-6,3.60000014,,,,,3.25999986E-6,-4.40000010,,,,,3.25999986E-6,8.000000000,
,,,3.27999987E-6,-50.00000075E-3,,,,,3.27999987E-6,168.00001264E-3,,,,,3.27999987E-6,3.40000010,,,,,3.27999987E-6,-4.00000000,,,,,3.27999987E-6,7.20000029,
,,,3.29999989E-6,-52.00000107E-3,,,,,3.29999989E-6,168.00001264E-3,,,,,3.29999989E-6,3.40000010,,,,,3.29999989E-6,-3.79999995,,,,,3.29999989E-6,7.20000029,
,,,3.31999991E-6,-52.00000107E-3,,,,,3.31999991E-6,176.00001395E-3,,,,,3.31999991E-6,3.00000000,,,,,3.31999991E-6,-3.79999995,,,,,3.31999991E-6,6.80000019,
,,,3.33999992E-6,-52.00000107E-3,,,,,3.33999992E-6,180.00000715E-3,,,,,3.33999992E-6,2.6000001,,,,,3.33999992E-6,-3.40000010,,,,,3.33999992E-6,6.00000000,
,,,3.35999994E-6,-56.000001729E-3,,,,,3.35999994E-6,184.00001526E-3,,,,,3.35999994E-6,2.6000001,,,,,3.35999994E-6,-3.20000005,,,,,3.35999994E-6,5.59999990,
,,,3.37999995E-6,-56.000001729E-3,,,,,3.37999995E-6,188.00000846E-3,,,,,3.37999995E-6,2.4000001,,,,,3.37999995E-6,-3.00000000,,,,,3.37999995E-6,5.20000029,
,,,3.39999997E-6,-58.000002056E-3,,,,,3.39999997E-6,196.00000978E-3,,,,,3.39999997E-6,2.2000000,,,,,3.39999997E-6,-2.79999995,,,,,3.39999997E-6,4.80000019,
,,,3.41999998E-6,-60.000002384E-3,,,,,3.41999998E-6,200.00000298E-3,,,,,3.41999998E-6,1.8000001,,,,,3.41999998E-6,-2.4000001,,,,,3.41999998E-6,4.00000000,
,,,3.44000000E-6,-62.000002712E-3,,,,,3.44000000E-6,200.00000298E-3,,,,,3.44000000E-6,1.6000000,,,,,3.44000000E-6,-2.4000001,,,,,3.44000000E-6,4.00000000,
,,,3.46000002E-6,-62.000002712E-3,,,,,3.46000002E-6,212.00001240E-3,,,,,3.46000002E-6,1.2000000,,,,,3.46000002E-6,-2.0000000,,,,,3.46000002E-6,3.20000005,
,,,3.48000003E-6,-65.999999642E-3,,,,,3.48000003E-6,212.00001240E-3,,,,,3.48000003E-6,1.000000,,,,,3.48000003E-6,-1.8000001,,,,,3.48000003E-6,2.79999995,
,,,3.50000005E-6,-65.999999642E-3,,,,,3.50000005E-6,212.00001240E-3,,,,,3.50000005E-6,800.000011921E-3,,,,,3.50000005E-6,-1.6000000,,,,,3.50000005E-6,2.4000001,
,,,3.52000006E-6,-68.000003695E-3,,,,,3.52000006E-6,220.00001371E-3,,,,,3.52000006E-6,400.00000596E-3,,,,,3.52000006E-6,-1.4000000,,,,,3.52000006E-6,1.6000000,
,,,3.53999985E-6,-70.000000298E-3,,,,,3.53999985E-6,224.00000691E-3,,,,,3.53999985E-6,400.00000596E-3,,,,,3.53999985E-6,-1.000000,,,,,3.53999985E-6,1.2000000,
,,,3.55999987E-6,-68.000003695E-3,,,,,3.55999987E-6,228.00001502E-3,,,,,3.55999987E-6,-200.00000298E-3,,,,,3.55999987E-6,-1.000000,,,,,3.55999987E-6,800.000011921E-3,
,,,3.57999988E-6,-70.000000298E-3,,,,,3.57999988E-6,232.00000823E-3,,,,,3.57999988E-6,0.0,,,,,3.57999988E-6,-800.000011921E-3,,,,,3.57999988E-6,800.000011921E-3,
,,,3.59999990E-6,-72.000004351E-3,,,,,3.59999990E-6,236.00001633E-3,,,,,3.59999990E-6,-600.000023842E-3,,,,,3.59999990E-6,-600.000023842E-3,,,,,3.59999990E-6,0.0,
,,,3.61999992E-6,-72.000004351E-3,,,,,3.61999992E-6,236.00001633E-3,,,,,3.61999992E-6,-800.000011921E-3,,,,,3.61999992E-6,-400.00000596E-3,,,,,3.61999992E-6,-400.00000596E-3,
,,,3.63999993E-6,-74.000000954E-3,,,,,3.63999993E-6,240.00000954E-3,,,,,3.63999993E-6,-1.000000,,,,,3.63999993E-6,0.0,,,,,3.63999993E-6,-1.2000000,
,,,3.65999995E-6,-76.000005007E-3,,,,,3.65999995E-6,248.00001085E-3,,,,,3.65999995E-6,-1.2000000,,,,,3.65999995E-6,200.00000298E-3,,,,,3.65999995E-6,-1.6000000,
,,,3.67999996E-6,-80.000005662E-3,,,,,3.67999996E-6,248.00001085E-3,,,,,3.67999996E-6,-1.8000001,,,,,3.67999996E-6,400.00000596E-3,,,,,3.67999996E-6,-2.4000001,
,,,3.69999998E-6,-80.000005662E-3,,,,,3.69999998E-6,256.00001216E-3,,,,,3.69999998E-6,-1.6000000,,,,,3.69999998E-6,600.000023842E-3,,,,,3.69999998E-6,-2.4000001,
,,,3.72000000E-6,-80.000005662E-3,,,,,3.72000000E-6,252.00000405E-3,,,,,3.72000000E-6,-2.0000000,,,,,3.72000000E-6,1.000000,,,,,3.72000000E-6,-3.20000005,
,,,3.74000001E-6,-82.000002265E-3,,,,,3.74000001E-6,263.99999857E-3,,,,,3.74000001E-6,-2.2000000,,,,,3.74000001E-6,1.2000000,,,,,3.74000001E-6,-3.60000014,
,,,3.76000003E-6,-84.000006318E-3,,,,,3.76000003E-6,268.00000668E-3,,,,,3.76000003E-6,-2.6000001,,,,,3.76000003E-6,1.4000000,,,,,3.76000003E-6,-4.00000000,
,,,3.78000004E-6,-84.000006318E-3,,,,,3.78000004E-6,260.00002027E-3,,,,,3.78000004E-6,-2.6000001,,,,,3.78000004E-6,1.6000000,,,,,3.78000004E-6,-4.40000010,
,,,3.80000006E-6,-88.000006974E-3,,,,,3.80000006E-6,268.00000668E-3,,,,,3.80000006E-6,-3.00000000,,,,,3.80000006E-6,1.8000001,,,,,3.80000006E-6,-4.80000019,
,,,3.82000007E-6,-88.000006974E-3,,,,,3.82000007E-6,268.00000668E-3,,,,,3.82000007E-6,-3.20000005,,,,,3.82000007E-6,2.2000000,,,,,3.82000007E-6,-5.59999990,
,,,3.83999986E-6,-88.000006974E-3,,,,,3.83999986E-6,272.00001478E-3,,,,,3.83999986E-6,-3.60000014,,,,,3.83999986E-6,2.4000001,,,,,3.83999986E-6,-6.00000000,
,,,3.86000011E-6,-88.000006974E-3,,,,,3.86000011E-6,280.00000119E-3,,,,,3.86000011E-6,-3.79999995,,,,,3.86000011E-6,2.6000001,,,,,3.86000011E-6,-6.40000010,
,,,3.87999989E-6,-92.000007629E-3,,,,,3.87999989E-6,280.00000119E-3,,,,,3.87999989E-6,-4.00000000,,,,,3.87999989E-6,2.79999995,,,,,3.87999989E-6,-6.80000019,
,,,3.90000014E-6,-92.000007629E-3,,,,,3.90000014E-6,284.00000930E-3,,,,,3.90000014E-6,-4.20000029,,,,,3.90000014E-6,3.00000000,,,,,3.90000014E-6,-7.20000029,
,,,3.91999993E-6,-92.000007629E-3,,,,,3.91999993E-6,288.00001740E-3,,,,,3.91999993E-6,-4.40000010,,,,,3.91999993E-6,3.40000010,,,,,3.91999993E-6,-8.000000000,
,,,3.94000017E-6,-98.000004888E-3,,,,,3.94000017E-6,288.00001740E-3,,,,,3.94000017E-6,-4.59999990,,,,,3.94000017E-6,3.40000010,,,,,3.94000017E-6,-8.000000000,
,,,3.95999996E-6,-96.000000834E-3,,,,,3.95999996E-6,288.00001740E-3,,,,,3.95999996E-6,-5.00000000,,,,,3.95999996E-6,3.60000014,,,,,3.95999996E-6,-8.800000191,
,,,3.97999975E-6,-96.000000834E-3,,,,,3.97999975E-6,292.00002551E-3,,,,,3.97999975E-6,-5.00000000,,,,,3.97999975E-6,3.79999995,,,,,3.97999975E-6,-8.800000191,
,,,3.99999999E-6,-98.000004888E-3,,,,,3.99999999E-6,300.00001192E-3,,,,,3.99999999E-6,-5.40000010,,,,,3.99999999E-6,4.00000000,,,,,3.99999999E-6,-9.600000381,
,,,4.01999978E-6,-96.000000834E-3,,,,,4.01999978E-6,300.00001192E-3,,,,,4.01999978E-6,-5.80000019,,,,,4.01999978E-6,4.40000010,,,,,4.01999978E-6,-10.4000006,
,,,4.04000002E-6,-100.0000015E-3,,,,,4.04000002E-6,304.00002003E-3,,,,,4.04000002E-6,-6.00000000,,,,,4.04000002E-6,4.59999990,,,,,4.04000002E-6,-10.8000002,
,,,4.05999981E-6,-100.0000015E-3,,,,,4.05999981E-6,300.00001192E-3,,,,,4.05999981E-6,-6.20000029,,,,,4.05999981E-6,5.00000000,,,,,4.05999981E-6,-11.1999998,
,,,4.08000005E-6,-98.000004888E-3,,,,,4.08000005E-6,308.00002813E-3,,,,,4.08000005E-6,-6.40000010,,,,,4.08000005E-6,5.00000000,,,,,4.08000005E-6,-11.6000004,
,,,4.09999984E-6,-102.0000055E-3,,,,,4.09999984E-6,312.00000644E-3,,,,,4.09999984E-6,-6.59999990,,,,,4.09999984E-6,5.00000000,,,,,4.09999984E-6,-11.6000004,
,,,4.12000009E-6,-102.0000055E-3,,,,,4.12000009E-6,316.00001454E-3,,,,,4.12000009E-6,-7.00000000,,,,,4.12000009E-6,5.40000010,,,,,4.12000009E-6,-12.4000006,
,,,4.13999987E-6,-102.0000055E-3,,,,,4.13999987E-6,316.00001454E-3,,,,,4.13999987E-6,-7.00000000,,,,,4.13999987E-6,5.59999990,,,,,4.13999987E-6,-12.8000002,
,,,4.16000012E-6,-106.0000062E-3,,,,,4.16000012E-6,316.00001454E-3,,,,,4.16000012E-6,-7.400000095,,,,,4.16000012E-6,6.00000000,,,,,4.16000012E-6,-13.6000004,
,,,4.17999991E-6,-106.0000062E-3,,,,,4.17999991E-6,320.00002265E-3,,,,,4.17999991E-6,-7.400000095,,,,,4.17999991E-6,6.00000000,,,,,4.17999991E-6,-13.6000004,
,,,4.20000015E-6,-108.0000028E-3,,,,,4.20000015E-6,328.00000906E-3,,,,,4.20000015E-6,-7.800000191,,,,,4.20000015E-6,6.20000029,,,,,4.20000015E-6,-14.0000000,
,,,4.21999994E-6,-106.0000062E-3,,,,,4.21999994E-6,320.00002265E-3,,,,,4.21999994E-6,-7.800000191,,,,,4.21999994E-6,6.59999990,,,,,4.21999994E-6,-14.4000006,
,,,4.24000018E-6,-108.0000028E-3,,,,,4.24000018E-6,324.00000095E-3,,,,,4.24000018E-6,-8.400000572,,,,,4.24000018E-6,6.59999990,,,,,4.24000018E-6,-15.1999998,
,,,4.25999997E-6,-110.0000069E-3,,,,,4.25999997E-6,324.00000095E-3,,,,,4.25999997E-6,-8.400000572,,,,,4.25999997E-6,6.80000019,,,,,4.25999997E-6,-15.1999998,
,,,4.27999976E-6,-110.0000069E-3,,,,,4.27999976E-6,332.00001717E-3,,,,,4.27999976E-6,-8.600000381,,,,,4.27999976E-6,7.00000000,,,,,4.27999976E-6,-15.6000004,
,,,4.30000000E-6,-112.0000035E-3,,,,,4.30000000E-6,332.00001717E-3,,,,,4.30000000E-6,-8.800000191,,,,,4.30000000E-6,7.400000095,,,,,4.30000000E-6,-16.3999996,
,,,4.31999979E-6,-112.0000035E-3,,,,,4.31999979E-6,336.00002527E-3,,,,,4.31999979E-6,-9.000000000,,,,,4.31999979E-6,7.599999905,,,,,4.31999979E-6,-16.8000011,
,,,4.34000003E-6,-112.0000035E-3,,,,,4.34000003E-6,328.00000906E-3,,,,,4.34000003E-6,-9.400000572,,,,,4.34000003E-6,7.800000191,,,,,4.34000003E-6,-17.2000008,
,,,4.35999982E-6,-116.0000041E-3,,,,,4.35999982E-6,332.00001717E-3,,,,,4.35999982E-6,-9.600000381,,,,,4.35999982E-6,8.000000000,,,,,4.35999982E-6,-17.6000004,
,,,4.38000006E-6,-112.0000035E-3,,,,,4.38000006E-6,336.00002527E-3,,,,,4.38000006E-6,-9.800000191,,,,,4.38000006E-6,8.199999809,,,,,4.38000006E-6,-18.0000000,
,,,4.39999985E-6,-114.0000075E-3,,,,,4.39999985E-6,336.00002527E-3,,,,,4.39999985E-6,-10.0000000,,,,,4.39999985E-6,8.400000572,,,,,4.39999985E-6,-18.3999996,
,,,4.42000010E-6,-118.0000082E-3,,,,,4.42000010E-6,344.00001168E-3,,,,,4.42000010E-6,-10.1999998,,,,,4.42000010E-6,8.600000381,,,,,4.42000010E-6,-18.8000011,
,,,4.43999988E-6,-116.0000041E-3,,,,,4.43999988E-6,340.00000358E-3,,,,,4.43999988E-6,-10.4000006,,,,,4.43999988E-6,8.800000191,,,,,4.43999988E-6,-19.2000008,
,,,4.46000013E-6,-114.0000075E-3,,,,,4.46000013E-6,344.00001168E-3,,,,,4.46000013E-6,-10.6000004,,,,,4.46000013E-6,9.000000000,,,,,4.46000013E-6,-19.6000004,
,,,4.47999992E-6,-118.0000082E-3,,,,,4.47999992E-6,348.00001979E-3,,,,,4.47999992E-6,-10.8000002,,,,,4.47999992E-6,9.199999809,,,,,4.47999992E-6,-20.0000000,
,,,4.50000016E-6,-118.0000082E-3,,,,,4.50000016E-6,344.00001168E-3,,,,,4.50000016E-6,-10.8000002,,,,,4.50000016E-6,9.400000572,,,,,4.50000016E-6,-20.39999962,
,,,4.51999995E-6,-118.0000082E-3,,,,,4.51999995E-6,352.00002789E-3,,,,,4.51999995E-6,-11.1999998,,,,,4.51999995E-6,9.600000381,,,,,4.51999995E-6,-20.80000114,
,,,4.53999974E-6,-118.0000082E-3,,,,,4.53999974E-6,344.00001168E-3,,,,,4.53999974E-6,-11.1999998,,,,,4.53999974E-6,10.0000000,,,,,4.53999974E-6,-21.20000076,
,,,4.55999998E-6,-118.0000082E-3,,,,,4.55999998E-6,348.00001979E-3,,,,,4.55999998E-6,-11.6000004,,,,,4.55999998E-6,9.800000191,,,,,4.55999998E-6,-21.60000038,
,,,4.57999977E-6,-120.0000048E-3,,,,,4.57999977E-6,352.00002789E-3,,,,,4.57999977E-6,-11.6000004,,,,,4.57999977E-6,10.1999998,,,,,4.57999977E-6,-22.00000000,
,,,4.60000001E-6,-120.0000048E-3,,,,,4.60000001E-6,348.00001979E-3,,,,,4.60000001E-6,-12.0000000,,,,,4.60000001E-6,10.4000006,,,,,4.60000001E-6,-22.39999962,
,,,4.61999980E-6,-122.0000088E-3,,,,,4.61999980E-6,348.00001979E-3,,,,,4.61999980E-6,-12.1999998,,,,,4.61999980E-6,10.6000004,,,,,4.61999980E-6,-22.80000114,
,,,4.64000004E-6,-120.0000048E-3,,,,,4.64000004E-6,352.00002789E-3,,,,,4.64000004E-6,-12.1999998,,,,,4.64000004E-6,10.8000002,,,,,4.64000004E-6,-23.20000076,
,,,4.65999983E-6,-124.0000054E-3,,,,,4.65999983E-6,348.00001979E-3,,,,,4.65999983E-6,-12.8000002,,,,,4.65999983E-6,10.6000004,,,,,4.65999983E-6,-23.60000038,
,,,4.68000007E-6,-122.0000088E-3,,,,,4.68000007E-6,352.00002789E-3,,,,,4.68000007E-6,-12.8000002,,,,,4.68000007E-6,11.0000000,,,,,4.68000007E-6,-24.00000000,
,,,4.69999986E-6,-122.0000088E-3,,,,,4.69999986E-6,356.00000620E-3,,,,,4.69999986E-6,-13.0000000,,,,,4.69999986E-6,11.1999998,,,,,4.69999986E-6,-24.39999962,
,,,4.72000011E-6,-124.0000054E-3,,,,,4.72000011E-6,352.00002789E-3,,,,,4.72000011E-6,-13.1999998,,,,,4.72000011E-6,11.4000006,,,,,4.72000011E-6,-24.80000114,
,,,4.73999989E-6,-122.0000088E-3,,,,,4.73999989E-6,352.00002789E-3,,,,,4.73999989E-6,-13.1999998,,,,,4.73999989E-6,11.8000002,,,,,4.73999989E-6,-25.20000076,
,,,4.76000014E-6,-126.0000020E-3,,,,,4.76000014E-6,352.00002789E-3,,,,,4.76000014E-6,-13.1999998,,,,,4.76000014E-6,11.6000004,,,,,4.76000014E-6,-24.80000114,
,,,4.77999993E-6,-124.0000054E-3,,,,,4.77999993E-6,352.00002789E-3,,,,,4.77999993E-6,-13.4000006,,,,,4.77999993E-6,12.0000000,,,,,4.77999993E-6,-25.60000038,
,,,4.80000017E-6,-122.0000088E-3,,,,,4.80000017E-6,356.00000620E-3,,,,,4.80000017E-6,-13.8000002,,,,,4.80000017E-6,12.1999998,,,,,4.80000017E-6,-26.00000000,
,,,4.81999996E-6,-124.0000054E-3,,,,,4.81999996E-6,352.00002789E-3,,,,,4.81999996E-6,-14.0000000,,,,,4.81999996E-6,12.1999998,,,,,4.81999996E-6,-26.39999962,
,,,4.83999975E-6,-124.0000054E-3,,,,,4.83999975E-6,360.00001431E-3,,,,,4.83999975E-6,-14.1999998,,,,,4.83999975E-6,12.6000004,,,,,4.83999975E-6,-26.80000114,
,,,4.85999999E-6,-124.0000054E-3,,,,,4.85999999E-6,356.00000620E-3,,,,,4.85999999E-6,-14.4000006,,,,,4.85999999E-6,12.6000004,,,,,4.85999999E-6,-27.20000076,
,,,4.87999978E-6,-126.0000020E-3,,,,,4.87999978E-6,356.00000620E-3,,,,,4.87999978E-6,-14.4000006,,,,,4.87999978E-6,12.8000002,,,,,4.87999978E-6,-27.20000076,
,,,4.90000002E-6,-126.0000020E-3,,,,,4.90000002E-6,352.00002789E-3,,,,,4.90000002E-6,-14.6000004,,,,,4.90000002E-6,12.8000002,,,,,4.90000002E-6,-27.60000038,
,,,4.91999981E-6,-126.0000020E-3,,,,,4.91999981E-6,352.00002789E-3,,,,,4.91999981E-6,-15.0000000,,,,,4.91999981E-6,13.1999998,,,,,4.91999981E-6,-28.39999962,
,,,4.94000005E-6,-126.0000020E-3,,,,,4.94000005E-6,360.00001431E-3,,,,,4.94000005E-6,-14.8000002,,,,,4.94000005E-6,13.0000000,,,,,4.94000005E-6,-28.00000000,
,,,4.95999984E-6,-126.0000020E-3,,,,,4.95999984E-6,356.00000620E-3,,,,,4.95999984E-6,-15.0000000,,,,,4.95999984E-6,13.4000006,,,,,4.95999984E-6,-28.39999962,
,,,4.98000009E-6,-126.0000020E-3,,,,,4.98000009E-6,352.00002789E-3,,,,,4.98000009E-6,-15.1999998,,,,,4.98000009E-6,13.6000004,,,,,4.98000009E-6,-28.80000114,
,,,4.99999987E-6,-124.0000054E-3,,,,,4.99999987E-6,356.00000620E-3,,,,,4.99999987E-6,-15.6000004,,,,,4.99999987E-6,13.8000002,,,,,4.99999987E-6,-29.60000038,
,,,5.02000012E-6,-128.0000061E-3,,,,,5.02000012E-6,352.00002789E-3,,,,,5.02000012E-6,-15.6000004,,,,,5.02000012E-6,14.0000000,,,,,5.02000012E-6,-29.60000038,
,,,5.03999991E-6,-128.0000061E-3,,,,,5.03999991E-6,356.00000620E-3,,,,,5.03999991E-6,-15.8000002,,,,,5.03999991E-6,14.0000000,,,,,5.03999991E-6,-30.00000000,
,,,5.06000015E-6,-128.0000061E-3,,,,,5.06000015E-6,352.00002789E-3,,,,,5.06000015E-6,-15.8000002,,,,,5.06000015E-6,14.1999998,,,,,5.06000015E-6,-30.00000000,
,,,5.07999994E-6,-124.0000054E-3,,,,,5.07999994E-6,356.00000620E-3,,,,,5.07999994E-6,-16.0000000,,,,,5.07999994E-6,14.4000006,,,,,5.07999994E-6,-30.39999962,
,,,5.10000018E-6,-126.0000020E-3,,,,,5.10000018E-6,352.00002789E-3,,,,,5.10000018E-6,-16.0000000,,,,,5.10000018E-6,14.1999998,,,,,5.10000018E-6,-30.39999962,
,,,5.11999997E-6,-124.0000054E-3,,,,,5.11999997E-6,352.00002789E-3,,,,,5.11999997E-6,-16.2000008,,,,,5.11999997E-6,14.6000004,,,,,5.11999997E-6,-30.80000114,
,,,5.13999976E-6,-126.0000020E-3,,,,,5.13999976E-6,348.00001979E-3,,,,,5.13999976E-6,-16.3999996,,,,,5.13999976E-6,14.8000002,,,,,5.13999976E-6,-31.20000076,
,,,5.16000000E-6,-124.0000054E-3,,,,,5.16000000E-6,352.00002789E-3,,,,,5.16000000E-6,-16.3999996,,,,,5.16000000E-6,14.8000002,,,,,5.16000000E-6,-31.20000076,
,,,5.17999979E-6,-126.0000020E-3,,,,,5.17999979E-6,352.00002789E-3,,,,,5.17999979E-6,-16.3999996,,,,,5.17999979E-6,14.8000002,,,,,5.17999979E-6,-31.20000076,
,,,5.20000003E-6,-124.0000054E-3,,,,,5.20000003E-6,348.00001979E-3,,,,,5.20000003E-6,-16.8000011,,,,,5.20000003E-6,15.0000000,,,,,5.20000003E-6,-32.00000000,
,,,5.21999982E-6,-124.0000054E-3,,,,,5.21999982E-6,344.00001168E-3,,,,,5.21999982E-6,-16.8000011,,,,,5.21999982E-6,15.1999998,,,,,5.21999982E-6,-32.00000000,
,,,5.24000006E-6,-126.0000020E-3,,,,,5.24000006E-6,348.00001979E-3,,,,,5.24000006E-6,-17.2000008,,,,,5.24000006E-6,15.4000006,,,,,5.24000006E-6,-32.79999924,
,,,5.25999985E-6,-126.0000020E-3,,,,,5.25999985E-6,344.00001168E-3,,,,,5.25999985E-6,-17.2000008,,,,,5.25999985E-6,15.4000006,,,,,5.25999985E-6,-32.79999924,
,,,5.28000010E-6,-124.0000054E-3,,,,,5.28000010E-6,340.00000358E-3,,,,,5.28000010E-6,-17.2000008,,,,,5.28000010E-6,15.6000004,,,,,5.28000010E-6,-32.79999924,
,,,5.29999988E-6,-126.0000020E-3,,,,,5.29999988E-6,344.00001168E-3,,,,,5.29999988E-6,-17.3999996,,,,,5.29999988E-6,15.8000002,,,,,5.29999988E-6,-33.20000076,
,,,5.32000013E-6,-122.0000088E-3,,,,,5.32000013E-6,336.00002527E-3,,,,,5.32000013E-6,-17.3999996,,,,,5.32000013E-6,15.6000004,,,,,5.32000013E-6,-33.20000076,
,,,5.33999992E-6,-122.0000088E-3,,,,,5.33999992E-6,340.00000358E-3,,,,,5.33999992E-6,-17.6000004,,,,,5.33999992E-6,15.8000002,,,,,5.33999992E-6,-33.60000229,
,,,5.36000016E-6,-122.0000088E-3,,,,,5.36000016E-6,336.00002527E-3,,,,,5.36000016E-6,-17.3999996,,,,,5.36000016E-6,15.8000002,,,,,5.36000016E-6,-33.20000076,
,,,5.37999995E-6,-122.0000088E-3,,,,,5.37999995E-6,340.00000358E-3,,,,,5.37999995E-6,-17.8000011,,,,,5.37999995E-6,16.2000008,,,,,5.37999995E-6,-34.00000000,
,,,5.39999974E-6,-118.0000082E-3,,,,,5.39999974E-6,340.00000358E-3,,,,,5.39999974E-6,-17.6000004,,,,,5.39999974E-6,16.2000008,,,,,5.39999974E-6,-34.00000000,
,,,5.41999998E-6,-122.0000088E-3,,,,,5.41999998E-6,332.00001717E-3,,,,,5.41999998E-6,-17.8000011,,,,,5.41999998E-6,16.2000008,,,,,5.41999998E-6,-34.00000000,
,,,5.43999977E-6,-120.0000048E-3,,,,,5.43999977E-6,332.00001717E-3,,,,,5.43999977E-6,-18.0000000,,,,,5.43999977E-6,16.3999996,,,,,5.43999977E-6,-34.40000153,
,,,5.46000001E-6,-124.0000054E-3,,,,,5.46000001E-6,332.00001717E-3,,,,,5.46000001E-6,-18.0000000,,,,,5.46000001E-6,16.3999996,,,,,5.46000001E-6,-34.40000153,
,,,5.47999980E-6,-122.0000088E-3,,,,,5.47999980E-6,324.00000095E-3,,,,,5.47999980E-6,-18.2000008,,,,,5.47999980E-6,16.3999996,,,,,5.47999980E-6,-34.79999924,
,,,5.50000004E-6,-118.0000082E-3,,,,,5.50000004E-6,328.00000906E-3,,,,,5.50000004E-6,-18.3999996,,,,,5.50000004E-6,16.6000004,,,,,5.50000004E-6,-35.20000076,
,,,5.51999983E-6,-120.0000048E-3,,,,,5.51999983E-6,328.00000906E-3,,,,,5.51999983E-6,-18.2000008,,,,,5.51999983E-6,16.6000004,,,,,5.51999983E-6,-34.79999924,
,,,5.54000007E-6,-120.0000048E-3,,,,,5.54000007E-6,324.00000095E-3,,,,,5.54000007E-6,-18.2000008,,,,,5.54000007E-6,16.8000011,,,,,5.54000007E-6,-35.20000076,
,,,5.55999986E-6,-118.0000082E-3,,,,,5.55999986E-6,324.00000095E-3,,,,,5.55999986E-6,-18.3999996,,,,,5.55999986E-6,16.6000004,,,,,5.55999986E-6,-35.20000076,
,,,5.58000011E-6,-116.0000041E-3,,,,,5.58000011E-6,320.00002265E-3,,,,,5.58000011E-6,-18.6000004,,,,,5.58000011E-6,17.0000000,,,,,5.58000011E-6,-35.60000229,
,,,5.59999989E-6,-116.0000041E-3,,,,,5.59999989E-6,316.00001454E-3,,,,,5.59999989E-6,-18.3999996,,,,,5.59999989E-6,16.6000004,,,,,5.59999989E-6,-35.20000076,
,,,5.62000014E-6,-118.0000082E-3,,,,,5.62000014E-6,316.00001454E-3,,,,,5.62000014E-6,-18.6000004,,,,,5.62000014E-6,17.0000000,,,,,5.62000014E-6,-35.60000229,
,,,5.63999993E-6,-118.0000082E-3,,,,,5.63999993E-6,316.00001454E-3,,,,,5.63999993E-6,-18.8000011,,,,,5.63999993E-6,17.0000000,,,,,5.63999993E-6,-36.00000000,
,,,5.66000017E-6,-116.0000041E-3,,,,,5.66000017E-6,308.00002813E-3,,,,,5.66000017E-6,-18.8000011,,,,,5.66000017E-6,17.0000000,,,,,5.66000017E-6,-36.00000000,
,,,5.67999996E-6,-114.0000075E-3,,,,,5.67999996E-6,312.00000644E-3,,,,,5.67999996E-6,-18.8000011,,,,,5.67999996E-6,17.3999996,,,,,5.67999996E-6,-36.40000153,
,,,5.69999975E-6,-116.0000041E-3,,,,,5.69999975E-6,308.00002813E-3,,,,,5.69999975E-6,-18.8000011,,,,,5.69999975E-6,17.2000008,,,,,5.69999975E-6,-36.00000000,
,,,5.71999999E-6,-116.0000041E-3,,,,,5.71999999E-6,308.00002813E-3,,,,,5.71999999E-6,-18.8000011,,,,,5.71999999E-6,17.3999996,,,,,5.71999999E-6,-36.40000153,
,,,5.73999978E-6,-114.0000075E-3,,,,,5.73999978E-6,308.00002813E-3,,,,,5.73999978E-6,-18.8000011,,,,,5.73999978E-6,17.2000008,,,,,5.73999978E-6,-36.00000000,
,,,5.76000002E-6,-112.0000035E-3,,,,,5.76000002E-6,304.00002003E-3,,,,,5.76000002E-6,-19.2000008,,,,,5.76000002E-6,17.2000008,,,,,5.76000002E-6,-36.40000153,
,,,5.77999981E-6,-112.0000035E-3,,,,,5.77999981E-6,300.00001192E-3,,,,,5.77999981E-6,-19.0000000,,,,,5.77999981E-6,17.6000004,,,,,5.77999981E-6,-36.79999924,
,,,5.80000005E-6,-114.0000075E-3,,,,,5.80000005E-6,300.00001192E-3,,,,,5.80000005E-6,-19.0000000,,,,,5.80000005E-6,17.3999996,,,,,5.80000005E-6,-36.40000153,
,,,5.81999984E-6,-108.0000028E-3,,,,,5.81999984E-6,300.00001192E-3,,,,,5.81999984E-6,-18.8000011,,,,,5.81999984E-6,17.6000004,,,,,5.81999984E-6,-36.40000153,
,,,5.84000009E-6,-110.0000069E-3,,,,,5.84000009E-6,292.00002551E-3,,,,,5.84000009E-6,-19.0000000,,,,,5.84000009E-6,17.6000004,,,,,5.84000009E-6,-36.79999924,
,,,5.85999987E-6,-110.0000069E-3,,,,,5.85999987E-6,288.00001740E-3,,,,,5.85999987E-6,-19.0000000,,,,,5.85999987E-6,17.8000011,,,,,5.85999987E-6,-36.79999924,
,,,5.88000012E-6,-110.0000069E-3,,,,,5.88000012E-6,292.00002551E-3,,,,,5.88000012E-6,-19.2000008,,,,,5.88000012E-6,17.6000004,,,,,5.88000012E-6,-36.79999924,
,,,5.89999991E-6,-106.0000062E-3,,,,,5.89999991E-6,284.00000930E-3,,,,,5.89999991E-6,-19.3999996,,,,,5.89999991E-6,17.3999996,,,,,5.89999991E-6,-36.79999924,
,,,5.92000015E-6,-106.0000062E-3,,,,,5.92000015E-6,284.00000930E-3,,,,,5.92000015E-6,-19.0000000,,,,,5.92000015E-6,17.3999996,,,,,5.92000015E-6,-36.40000153,
,,,5.93999994E-6,-106.0000062E-3,,,,,5.93999994E-6,280.00000119E-3,,,,,5.93999994E-6,-19.3999996,,,,,5.93999994E-6,17.6000004,,,,,5.93999994E-6,-37.20000076,
,,,5.95999973E-6,-102.0000055E-3,,,,,5.95999973E-6,276.00002289E-3,,,,,5.95999973E-6,-19.2000008,,,,,5.95999973E-6,17.6000004,,,,,5.95999973E-6,-36.79999924,
,,,5.97999997E-6,-106.0000062E-3,,,,,5.97999997E-6,276.00002289E-3,,,,,5.97999997E-6,-19.3999996,,,,,5.97999997E-6,17.6000004,,,,,5.97999997E-6,-37.20000076,
,,,5.99999976E-6,-106.0000062E-3,,,,,5.99999976E-6,276.00002289E-3,,,,,5.99999976E-6,-19.0000000,,,,,5.99999976E-6,17.6000004,,,,,5.99999976E-6,-36.79999924,
,,,6.02000000E-6,-104.0000021E-3,,,,,6.02000000E-6,272.00001478E-3,,,,,6.02000000E-6,-19.0000000,,,,,6.02000000E-6,17.6000004,,,,,6.02000000E-6,-36.79999924,
,,,6.03999979E-6,-102.0000055E-3,,,,,6.03999979E-6,268.00000668E-3,,,,,6.03999979E-6,-19.2000008,,,,,6.03999979E-6,17.8000011,,,,,6.03999979E-6,-37.20000076,
,,,6.06000003E-6,-100.0000015E-3,,,,,6.06000003E-6,268.00000668E-3,,,,,6.06000003E-6,-19.2000008,,,,,6.06000003E-6,17.8000011,,,,,6.06000003E-6,-37.20000076,
,,,6.07999982E-6,-100.0000015E-3,,,,,6.07999982E-6,263.99999857E-3,,,,,6.07999982E-6,-19.2000008,,,,,6.07999982E-6,17.6000004,,,,,6.07999982E-6,-36.79999924,
,,,6.10000006E-6,-100.0000015E-3,,,,,6.10000006E-6,263.99999857E-3,,,,,6.10000006E-6,-19.3999996,,,,,6.10000006E-6,17.6000004,,,,,6.10000006E-6,-37.20000076,
,,,6.11999985E-6,-100.0000015E-3,,,,,6.11999985E-6,260.00002027E-3,,,,,6.11999985E-6,-19.2000008,,,,,6.11999985E-6,17.8000011,,,,,6.11999985E-6,-37.20000076,
,,,6.14000010E-6,-98.000004888E-3,,,,,6.14000010E-6,256.00001216E-3,,,,,6.14000010E-6,-19.2000008,,,,,6.14000010E-6,17.8000011,,,,,6.14000010E-6,-37.20000076,
,,,6.15999988E-6,-94.000004232E-3,,,,,6.15999988E-6,252.00000405E-3,,,,,6.15999988E-6,-19.2000008,,,,,6.15999988E-6,18.2000008,,,,,6.15999988E-6,-37.60000229,
,,,6.18000013E-6,-96.000000834E-3,,,,,6.18000013E-6,252.00000405E-3,,,,,6.18000013E-6,-19.2000008,,,,,6.18000013E-6,17.6000004,,,,,6.18000013E-6,-36.79999924,
,,,6.19999992E-6,-94.000004232E-3,,,,,6.19999992E-6,248.00001085E-3,,,,,6.19999992E-6,-19.2000008,,,,,6.19999992E-6,17.8000011,,,,,6.19999992E-6,-37.20000076,
,,,6.22000016E-6,-94.000004232E-3,,,,,6.22000016E-6,240.00000954E-3,,,,,6.22000016E-6,-18.8000011,,,,,6.22000016E-6,17.8000011,,,,,6.22000016E-6,-36.79999924,
,,,6.23999995E-6,-94.000004232E-3,,,,,6.23999995E-6,244.00001764E-3,,,,,6.23999995E-6,-19.2000008,,,,,6.23999995E-6,17.6000004,,,,,6.23999995E-6,-36.79999924,
,,,6.25999974E-6,-90.000003576E-3,,,,,6.25999974E-6,240.00000954E-3,,,,,6.25999974E-6,-19.0000000,,,,,6.25999974E-6,17.3999996,,,,,6.25999974E-6,-36.40000153,
,,,6.27999998E-6,-90.000003576E-3,,,,,6.27999998E-6,240.00000954E-3,,,,,6.27999998E-6,-19.0000000,,,,,6.27999998E-6,17.6000004,,,,,6.27999998E-6,-36.79999924,
,,,6.29999977E-6,-90.000003576E-3,,,,,6.29999977E-6,232.00000823E-3,,,,,6.29999977E-6,-19.0000000,,,,,6.29999977E-6,17.6000004,,,,,6.29999977E-6,-36.79999924,
,,,6.32000001E-6,-88.000006974E-3,,,,,6.32000001E-6,228.00001502E-3,,,,,6.32000001E-6,-18.8000011,,,,,6.32000001E-6,17.6000004,,,,,6.32000001E-6,-36.40000153,
,,,6.33999980E-6,-88.000006974E-3,,,,,6.33999980E-6,220.00001371E-3,,,,,6.33999980E-6,-19.0000000,,,,,6.33999980E-6,17.8000011,,,,,6.33999980E-6,-36.79999924,
,,,6.36000004E-6,-82.000002265E-3,,,,,6.36000004E-6,224.00000691E-3,,,,,6.36000004E-6,-18.8000011,,,,,6.36000004E-6,17.6000004,,,,,6.36000004E-6,-36.40000153,
,,,6.37999983E-6,-84.000006318E-3,,,,,6.37999983E-6,224.00000691E-3,,,,,6.37999983E-6,-18.6000004,,,,,6.37999983E-6,17.6000004,,,,,6.37999983E-6,-36.40000153,
,,,6.40000007E-6,-82.000002265E-3,,,,,6.40000007E-6,216.00000560E-3,,,,,6.40000007E-6,-18.6000004,,,,,6.40000007E-6,17.6000004,,,,,6.40000007E-6,-36.40000153,
,,,6.41999986E-6,-84.000006318E-3,,,,,6.41999986E-6,208.00000429E-3,,,,,6.41999986E-6,-19.0000000,,,,,6.41999986E-6,17.6000004,,,,,6.41999986E-6,-36.79999924,
,,,6.44000011E-6,-82.000002265E-3,,,,,6.44000011E-6,208.00000429E-3,,,,,6.44000011E-6,-18.6000004,,,,,6.44000011E-6,17.6000004,,,,,6.44000011E-6,-36.40000153,
,,,6.45999990E-6,-78.000001609E-3,,,,,6.45999990E-6,208.00000429E-3,,,,,6.45999990E-6,-18.3999996,,,,,6.45999990E-6,17.3999996,,,,,6.45999990E-6,-36.00000000,
,,,6.48000014E-6,-78.000001609E-3,,,,,6.48000014E-6,204.00001109E-3,,,,,6.48000014E-6,-18.3999996,,,,,6.48000014E-6,17.2000008,,,,,6.48000014E-6,-35.60000229,
,,,6.49999993E-6,-80.000005662E-3,,,,,6.49999993E-6,208.00000429E-3,,,,,6.49999993E-6,-18.6000004,,,,,6.49999993E-6,17.2000008,,,,,6.49999993E-6,-36.00000000,
,,,6.52000017E-6,-76.000005007E-3,,,,,6.52000017E-6,196.00000978E-3,,,,,6.52000017E-6,-18.2000008,,,,,6.52000017E-6,17.2000008,,,,,6.52000017E-6,-35.60000229,
,,,6.53999996E-6,-76.000005007E-3,,,,,6.53999996E-6,196.00000978E-3,,,,,6.53999996E-6,-18.3999996,,,,,6.53999996E-6,17.2000008,,,,,6.53999996E-6,-35.60000229,
,,,6.55999975E-6,-74.000000954E-3,,,,,6.55999975E-6,192.00000167E-3,,,,,6.55999975E-6,-17.8000011,,,,,6.55999975E-6,17.0000000,,,,,6.55999975E-6,-34.79999924,
,,,6.57999999E-6,-76.000005007E-3,,,,,6.57999999E-6,188.00000846E-3,,,,,6.57999999E-6,-18.2000008,,,,,6.57999999E-6,16.8000011,,,,,6.57999999E-6,-35.20000076,
,,,6.59999978E-6,-74.000000954E-3,,,,,6.59999978E-6,180.00000715E-3,,,,,6.59999978E-6,-18.0000000,,,,,6.59999978E-6,16.8000011,,,,,6.59999978E-6,-34.79999924,
,,,6.62000002E-6,-70.000000298E-3,,,,,6.62000002E-6,184.00001526E-3,,,,,6.62000002E-6,-17.8000011,,,,,6.62000002E-6,17.0000000,,,,,6.62000002E-6,-34.79999924,
,,,6.63999981E-6,-70.000000298E-3,,,,,6.63999981E-6,176.00001395E-3,,,,,6.63999981E-6,-18.0000000,,,,,6.63999981E-6,16.6000004,,,,,6.63999981E-6,-34.79999924,
,,,6.66000005E-6,-72.000004351E-3,,,,,6.66000005E-6,176.00001395E-3,,,,,6.66000005E-6,-17.8000011,,,,,6.66000005E-6,16.6000004,,,,,6.66000005E-6,-34.40000153,
,,,6.67999984E-6,-72.000004351E-3,,,,,6.67999984E-6,172.00000584E-3,,,,,6.67999984E-6,-17.8000011,,,,,6.67999984E-6,16.6000004,,,,,6.67999984E-6,-34.40000153,
,,,6.70000009E-6,-65.999999642E-3,,,,,6.70000009E-6,168.00001264E-3,,,,,6.70000009E-6,-17.3999996,,,,,6.70000009E-6,16.6000004,,,,,6.70000009E-6,-34.00000000,
,,,6.71999987E-6,-64.000003040E-3,,,,,6.71999987E-6,160.00001132E-3,,,,,6.71999987E-6,-17.6000004,,,,,6.71999987E-6,16.6000004,,,,,6.71999987E-6,-34.40000153,
,,,6.74000012E-6,-64.000003040E-3,,,,,6.74000012E-6,156.00000322E-3,,,,,6.74000012E-6,-17.2000008,,,,,6.74000012E-6,16.3999996,,,,,6.74000012E-6,-33.60000229,
,,,6.75999991E-6,-64.000003040E-3,,,,,6.75999991E-6,156.00000322E-3,,,,,6.75999991E-6,-17.3999996,,,,,6.75999991E-6,16.3999996,,,,,6.75999991E-6,-34.00000000,
,,,6.78000015E-6,-62.000002712E-3,,,,,6.78000015E-6,152.00001001E-3,,,,,6.78000015E-6,-17.2000008,,,,,6.78000015E-6,16.2000008,,,,,6.78000015E-6,-33.60000229,
,,,6.79999994E-6,-60.000002384E-3,,,,,6.79999994E-6,144.0000087E-3,,,,,6.79999994E-6,-17.2000008,,,,,6.79999994E-6,16.2000008,,,,,6.79999994E-6,-33.60000229,
,,,6.81999973E-6,-60.000002384E-3,,,,,6.81999973E-6,148.0000019E-3,,,,,6.81999973E-6,-16.8000011,,,,,6.81999973E-6,16.2000008,,,,,6.81999973E-6,-33.20000076,
,,,6.83999997E-6,-60.000002384E-3,,,,,6.83999997E-6,140.0000006E-3,,,,,6.83999997E-6,-16.8000011,,,,,6.83999997E-6,16.0000000,,,,,6.83999997E-6,-32.79999924,
,,,6.85999976E-6,-58.000002056E-3,,,,,6.85999976E-6,136.0000074E-3,,,,,6.85999976E-6,-16.6000004,,,,,6.85999976E-6,16.0000000,,,,,6.85999976E-6,-32.79999924,
,,,6.88000000E-6,-56.000001729E-3,,,,,6.88000000E-6,131.9999993E-3,,,,,6.88000000E-6,-16.6000004,,,,,6.88000000E-6,16.0000000,,,,,6.88000000E-6,-32.79999924,
,,,6.89999979E-6,-52.00000107E-3,,,,,6.89999979E-6,131.9999993E-3,,,,,6.89999979E-6,-16.6000004,,,,,6.89999979E-6,15.6000004,,,,,6.89999979E-6,-32.40000153,
,,,6.92000003E-6,-52.00000107E-3,,,,,6.92000003E-6,128.0000061E-3,,,,,6.92000003E-6,-16.2000008,,,,,6.92000003E-6,15.6000004,,,,,6.92000003E-6,-32.00000000,
,,,6.93999982E-6,-52.00000107E-3,,,,,6.93999982E-6,124.0000054E-3,,,,,6.93999982E-6,-16.3999996,,,,,6.93999982E-6,15.4000006,,,,,6.93999982E-6,-32.00000000,
,,,6.96000006E-6,-52.00000107E-3,,,,,6.96000006E-6,116.0000041E-3,,,,,6.96000006E-6,-16.0000000,,,,,6.96000006E-6,15.6000004,,,,,6.96000006E-6,-31.60000038,
,,,6.97999985E-6,-48.00000042E-3,,,,,6.97999985E-6,116.0000041E-3,,,,,6.97999985E-6,-16.0000000,,,,,6.97999985E-6,15.4000006,,,,,6.97999985E-6,-31.60000038,
,,,7.00000010E-6,-46.00000381E-3,,,,,7.00000010E-6,112.0000035E-3,,,,,7.00000010E-6,-16.0000000,,,,,7.00000010E-6,15.6000004,,,,,7.00000010E-6,-31.60000038,
,,,7.01999988E-6,-44.00000349E-3,,,,,7.01999988E-6,112.0000035E-3,,,,,7.01999988E-6,-15.8000002,,,,,7.01999988E-6,15.0000000,,,,,7.01999988E-6,-30.80000114,
,,,7.04000013E-6,-44.00000349E-3,,,,,7.04000013E-6,100.0000015E-3,,,,,7.04000013E-6,-15.6000004,,,,,7.04000013E-6,15.0000000,,,,,7.04000013E-6,-30.80000114,
,,,7.05999992E-6,-42.00000316E-3,,,,,7.05999992E-6,100.0000015E-3,,,,,7.05999992E-6,-15.6000004,,,,,7.05999992E-6,14.8000002,,,,,7.05999992E-6,-30.39999962,
,,,7.08000016E-6,-42.00000316E-3,,,,,7.08000016E-6,96.000000834E-3,,,,,7.08000016E-6,-15.4000006,,,,,7.08000016E-6,14.8000002,,,,,7.08000016E-6,-30.39999962,
,,,7.09999995E-6,-42.00000316E-3,,,,,7.09999995E-6,96.000000834E-3,,,,,7.09999995E-6,-15.1999998,,,,,7.09999995E-6,14.8000002,,,,,7.09999995E-6,-30.00000000,
,,,7.11999974E-6,-50.00000075E-3,,,,,7.11999974E-6,80.000005662E-3,,,,,7.11999974E-6,-15.1999998,,,,,7.11999974E-6,14.6000004,,,,,7.11999974E-6,-30.00000000,
,,,7.13999998E-6,-40.00000283E-3,,,,,7.13999998E-6,84.000006318E-3,,,,,7.13999998E-6,-15.0000000,,,,,7.13999998E-6,14.4000006,,,,,7.13999998E-6,-29.60000038,
,,,7.15999977E-6,-56.000001729E-3,,,,,7.15999977E-6,104.0000021E-3,,,,,7.15999977E-6,-14.8000002,,,,,7.15999977E-6,14.1999998,,,,,7.15999977E-6,-29.20000076,
,,,7.18000001E-6,-36.00000218E-3,,,,,7.18000001E-6,96.000000834E-3,,,,,7.18000001E-6,-14.8000002,,,,,7.18000001E-6,14.1999998,,,,,7.18000001E-6,-29.20000076,
,,,7.19999980E-6,-30.00000119E-3,,,,,7.19999980E-6,92.000007629E-3,,,,,7.19999980E-6,-14.8000002,,,,,7.19999980E-6,14.0000000,,,,,7.19999980E-6,-28.80000114,
,,,7.22000004E-6,-32.00000152E-3,,,,,7.22000004E-6,76.000005007E-3,,,,,7.22000004E-6,-14.6000004,,,,,7.22000004E-6,14.1999998,,,,,7.22000004E-6,-28.80000114,
,,,7.23999983E-6,-24.00000021E-3,,,,,7.23999983E-6,80.000005662E-3,,,,,7.23999983E-6,-14.4000006,,,,,7.23999983E-6,14.0000000,,,,,7.23999983E-6,-28.39999962,
,,,7.26000007E-6,-30.00000119E-3,,,,,7.26000007E-6,92.000007629E-3,,,,,7.26000007E-6,-14.0000000,,,,,7.26000007E-6,13.8000002,,,,,7.26000007E-6,-28.00000000,
,,,7.27999986E-6,-36.00000218E-3,,,,,7.27999986E-6,88.000006974E-3,,,,,7.27999986E-6,-14.1999998,,,,,7.27999986E-6,13.8000002,,,,,7.27999986E-6,-28.00000000,
,,,7.30000011E-6,-28.00000086E-3,,,,,7.30000011E-6,68.000003695E-3,,,,,7.30000011E-6,-14.1999998,,,,,7.30000011E-6,13.6000004,,,,,7.30000011E-6,-28.00000000,
,,,7.31999990E-6,-22.00000174E-3,,,,,7.31999990E-6,56.000001729E-3,,,,,7.31999990E-6,-13.8000002,,,,,7.31999990E-6,13.4000006,,,,,7.31999990E-6,-27.20000076,
,,,7.34000014E-6,-26.00000054E-3,,,,,7.34000014E-6,60.000002384E-3,,,,,7.34000014E-6,-13.6000004,,,,,7.34000014E-6,13.4000006,,,,,7.34000014E-6,-27.20000076,
,,,7.35999993E-6,-28.00000086E-3,,,,,7.35999993E-6,68.000003695E-3,,,,,7.35999993E-6,-13.4000006,,,,,7.35999993E-6,13.0000000,,,,,7.35999993E-6,-26.39999962,
,,,7.37999972E-6,-22.00000174E-3,,,,,7.37999972E-6,52.00000107E-3,,,,,7.37999972E-6,-13.4000006,,,,,7.37999972E-6,13.0000000,,,,,7.37999972E-6,-26.39999962,
,,,7.399999959E-6,-22.00000174E-3,,,,,7.399999959E-6,28.00000086E-3,,,,,7.399999959E-6,-13.1999998,,,,,7.399999959E-6,12.8000002,,,,,7.399999959E-6,-26.00000000,
,,,7.419999747E-6,-22.00000174E-3,,,,,7.419999747E-6,36.00000218E-3,,,,,7.419999747E-6,-13.0000000,,,,,7.419999747E-6,12.8000002,,,,,7.419999747E-6,-26.00000000,
,,,7.439999990E-6,-20.0000014E-3,,,,,7.439999990E-6,48.00000042E-3,,,,,7.439999990E-6,-12.8000002,,,,,7.439999990E-6,12.4000006,,,,,7.439999990E-6,-25.20000076,
,,,7.459999779E-6,-18.0000011E-3,,,,,7.459999779E-6,36.00000218E-3,,,,,7.459999779E-6,-12.6000004,,,,,7.459999779E-6,12.1999998,,,,,7.459999779E-6,-24.80000114,
,,,7.480000022E-6,-12.0000001E-3,,,,,7.480000022E-6,12.0000001E-3,,,,,7.480000022E-6,-12.6000004,,,,,7.480000022E-6,12.1999998,,,,,7.480000022E-6,-24.80000114,
,,,7.499999811E-6,-10.0000007E-3,,,,,7.499999811E-6,4.00000019E-3,,,,,7.499999811E-6,-12.1999998,,,,,7.499999811E-6,12.0000000,,,,,7.499999811E-6,-24.39999962,
,,,7.520000054E-6,-12.0000001E-3,,,,,7.520000054E-6,16.0000008E-3,,,,,7.520000054E-6,-12.0000000,,,,,7.520000054E-6,11.8000002,,,,,7.520000054E-6,-24.00000000,
,,,7.539999842E-6,-10.0000007E-3,,,,,7.539999842E-6,16.0000008E-3,,,,,7.539999842E-6,-12.0000000,,,,,7.539999842E-6,11.6000004,,,,,7.539999842E-6,-23.60000038,
,,,7.560000086E-6,-8.000000380E-3,,,,,7.560000086E-6,-4.00000019E-3,,,,,7.560000086E-6,-11.8000002,,,,,7.560000086E-6,11.6000004,,,,,7.560000086E-6,-23.60000038,
,,,7.579999874E-6,-4.00000019E-3,,,,,7.579999874E-6,-16.0000008E-3,,,,,7.579999874E-6,-11.6000004,,,,,7.579999874E-6,11.1999998,,,,,7.579999874E-6,-22.80000114,
,,,7.600000117E-6,-4.00000019E-3,,,,,7.600000117E-6,-8.000000380E-3,,,,,7.600000117E-6,-11.1999998,,,,,7.600000117E-6,11.1999998,,,,,7.600000117E-6,-22.39999962,
,,,7.619999906E-6,-2.0000001E-3,,,,,7.619999906E-6,-8.000000380E-3,,,,,7.619999906E-6,-11.4000006,,,,,7.619999906E-6,11.0000000,,,,,7.619999906E-6,-22.39999962,
,,,7.640000149E-6,-2.0000001E-3,,,,,7.640000149E-6,-16.0000008E-3,,,,,7.640000149E-6,-11.0000000,,,,,7.640000149E-6,10.8000002,,,,,7.640000149E-6,-22.00000000,
,,,7.659999937E-6,2.0000001E-3,,,,,7.659999937E-6,-28.00000086E-3,,,,,7.659999937E-6,-10.8000002,,,,,7.659999937E-6,10.6000004,,,,,7.659999937E-6,-21.60000038,
,,,7.679999726E-6,2.0000001E-3,,,,,7.679999726E-6,-32.00000152E-3,,,,,7.679999726E-6,-10.8000002,,,,,7.679999726E-6,10.4000006,,,,,7.679999726E-6,-21.20000076,
,,,7.699999514E-6,6.00000005E-3,,,,,7.699999514E-6,-24.00000021E-3,,,,,7.699999514E-6,-10.4000006,,,,,7.699999514E-6,10.4000006,,,,,7.699999514E-6,-20.80000114,
,,,7.720000212E-6,6.00000005E-3,,,,,7.720000212E-6,-32.00000152E-3,,,,,7.720000212E-6,-10.1999998,,,,,7.720000212E-6,10.1999998,,,,,7.720000212E-6,-20.39999962,
,,,7.740000001E-6,6.00000005E-3,,,,,7.740000001E-6,-44.00000349E-3,,,,,7.740000001E-6,-10.0000000,,,,,7.740000001E-6,10.0000000,,,,,7.740000001E-6,-20.0000000,
,,,7.759999789E-6,10.0000007E-3,,,,,7.759999789E-6,-52.00000107E-3,,,,,7.759999789E-6,-9.600000381,,,,,7.759999789E-6,10.0000000,,,,,7.759999789E-6,-19.6000004,
,,,7.779999578E-6,8.000000380E-3,,,,,7.779999578E-6,-44.00000349E-3,,,,,7.779999578E-6,-9.600000381,,,,,7.779999578E-6,9.600000381,,,,,7.779999578E-6,-19.2000008,
,,,7.800000276E-6,14.0000004E-3,,,,,7.800000276E-6,-48.00000042E-3,,,,,7.800000276E-6,-9.400000572,,,,,7.800000276E-6,9.600000381,,,,,7.800000276E-6,-19.2000008,
,,,7.820000064E-6,12.0000001E-3,,,,,7.820000064E-6,-60.000002384E-3,,,,,7.820000064E-6,-9.000000000,,,,,7.820000064E-6,9.199999809,,,,,7.820000064E-6,-18.3999996,
,,,7.839999853E-6,14.0000004E-3,,,,,7.839999853E-6,-64.000003040E-3,,,,,7.839999853E-6,-9.000000000,,,,,7.839999853E-6,9.000000000,,,,,7.839999853E-6,-18.0000000,
,,,7.859999641E-6,14.0000004E-3,,,,,7.859999641E-6,-64.000003040E-3,,,,,7.859999641E-6,-8.800000191,,,,,7.859999641E-6,9.199999809,,,,,7.859999641E-6,-18.0000000,
,,,7.880000339E-6,18.0000011E-3,,,,,7.880000339E-6,-64.000003040E-3,,,,,7.880000339E-6,-8.400000572,,,,,7.880000339E-6,8.600000381,,,,,7.880000339E-6,-17.2000008,
,,,7.900000128E-6,18.0000011E-3,,,,,7.900000128E-6,-68.000003695E-3,,,,,7.900000128E-6,-8.400000572,,,,,7.900000128E-6,8.600000381,,,,,7.900000128E-6,-17.2000008,
,,,7.919999916E-6,18.0000011E-3,,,,,7.919999916E-6,-80.000005662E-3,,,,,7.919999916E-6,-8.199999809,,,,,7.919999916E-6,8.199999809,,,,,7.919999916E-6,-16.3999996,
,,,7.939999705E-6,22.00000174E-3,,,,,7.939999705E-6,-84.000006318E-3,,,,,7.939999705E-6,-8.000000000,,,,,7.939999705E-6,8.000000000,,,,,7.939999705E-6,-16.0000000,
,,,7.959999493E-6,20.0000014E-3,,,,,7.959999493E-6,-80.000005662E-3,,,,,7.959999493E-6,-7.800000191,,,,,7.959999493E-6,7.800000191,,,,,7.959999493E-6,-15.6000004,
,,,7.980000191E-6,26.00000054E-3,,,,,7.980000191E-6,-76.000005007E-3,,,,,7.980000191E-6,-7.400000095,,,,,7.980000191E-6,7.800000191,,,,,7.980000191E-6,-15.1999998,
,,,7.999999980E-6,24.00000021E-3,,,,,7.999999980E-6,-84.000006318E-3,,,,,7.999999980E-6,-7.400000095,,,,,7.999999980E-6,7.599999905,,,,,7.999999980E-6,-15.1999998,
,,,8.019999768E-6,24.00000021E-3,,,,,8.019999768E-6,-92.000007629E-3,,,,,8.019999768E-6,-7.20000029,,,,,8.019999768E-6,7.400000095,,,,,8.019999768E-6,-14.8000002,
,,,8.039999557E-6,24.00000021E-3,,,,,8.039999557E-6,-92.000007629E-3,,,,,8.039999557E-6,-6.80000019,,,,,8.039999557E-6,7.20000029,,,,,8.039999557E-6,-14.0000000,
,,,8.060000255E-6,28.00000086E-3,,,,,8.060000255E-6,-88.000006974E-3,,,,,8.060000255E-6,-6.80000019,,,,,8.060000255E-6,7.00000000,,,,,8.060000255E-6,-14.0000000,
,,,8.080000043E-6,28.00000086E-3,,,,,8.080000043E-6,-92.000007629E-3,,,,,8.080000043E-6,-6.59999990,,,,,8.080000043E-6,7.00000000,,,,,8.080000043E-6,-13.6000004,
,,,8.099999832E-6,30.00000119E-3,,,,,8.099999832E-6,-100.0000015E-3,,,,,8.099999832E-6,-6.40000010,,,,,8.099999832E-6,6.40000010,,,,,8.099999832E-6,-12.8000002,
,,,8.119999620E-6,30.00000119E-3,,,,,8.119999620E-6,-104.0000021E-3,,,,,8.119999620E-6,-6.20000029,,,,,8.119999620E-6,6.40000010,,,,,8.119999620E-6,-12.8000002,
,,,8.140000318E-6,30.00000119E-3,,,,,8.140000318E-6,-104.0000021E-3,,,,,8.140000318E-6,-6.00000000,,,,,8.140000318E-6,6.40000010,,,,,8.140000318E-6,-12.4000006,
,,,8.160000107E-6,30.00000119E-3,,,,,8.160000107E-6,-108.0000028E-3,,,,,8.160000107E-6,-5.80000019,,,,,8.160000107E-6,6.20000029,,,,,8.160000107E-6,-12.0000000,
,,,8.179999895E-6,32.00000152E-3,,,,,8.179999895E-6,-104.0000021E-3,,,,,8.179999895E-6,-5.40000010,,,,,8.179999895E-6,6.20000029,,,,,8.179999895E-6,-11.6000004,
,,,8.199999684E-6,34.00000185E-3,,,,,8.199999684E-6,-112.0000035E-3,,,,,8.199999684E-6,-5.40000010,,,,,8.199999684E-6,5.80000019,,,,,8.199999684E-6,-11.1999998,
,,,8.220000382E-6,34.00000185E-3,,,,,8.220000382E-6,-116.0000041E-3,,,,,8.220000382E-6,-5.20000029,,,,,8.220000382E-6,5.59999990,,,,,8.220000382E-6,-10.8000002,
,,,8.240000170E-6,36.00000218E-3,,,,,8.240000170E-6,-116.0000041E-3,,,,,8.240000170E-6,-5.00000000,,,,,8.240000170E-6,5.20000029,,,,,8.240000170E-6,-10.4000006,
,,,8.259999959E-6,40.00000283E-3,,,,,8.259999959E-6,-116.0000041E-3,,,,,8.259999959E-6,-4.80000019,,,,,8.259999959E-6,5.00000000,,,,,8.259999959E-6,-10.0000000,
,,,8.279999747E-6,40.00000283E-3,,,,,8.279999747E-6,-128.0000061E-3,,,,,8.279999747E-6,-4.59999990,,,,,8.279999747E-6,5.20000029,,,,,8.279999747E-6,-10.0000000,
,,,8.299999536E-6,36.00000218E-3,,,,,8.299999536E-6,-124.0000054E-3,,,,,8.299999536E-6,-4.40000010,,,,,8.299999536E-6,4.80000019,,,,,8.299999536E-6,-9.199999809,
,,,8.320000234E-6,40.00000283E-3,,,,,8.320000234E-6,-128.0000061E-3,,,,,8.320000234E-6,-4.20000029,,,,,8.320000234E-6,4.59999990,,,,,8.320000234E-6,-8.800000191,
,,,8.340000022E-6,46.00000381E-3,,,,,8.340000022E-6,-131.9999993E-3,,,,,8.340000022E-6,-4.00000000,,,,,8.340000022E-6,4.59999990,,,,,8.340000022E-6,-8.800000191,
,,,8.359999811E-6,38.00000250E-3,,,,,8.359999811E-6,-140.0000006E-3,,,,,8.359999811E-6,-3.79999995,,,,,8.359999811E-6,4.20000029,,,,,8.359999811E-6,-8.000000000,
,,,8.379999599E-6,46.00000381E-3,,,,,8.379999599E-6,-136.0000074E-3,,,,,8.379999599E-6,-3.20000005,,,,,8.379999599E-6,4.00000000,,,,,8.379999599E-6,-7.20000029,
,,,8.400000297E-6,46.00000381E-3,,,,,8.400000297E-6,-136.0000074E-3,,,,,8.400000297E-6,-3.20000005,,,,,8.400000297E-6,3.79999995,,,,,8.400000297E-6,-7.20000029,
,,,8.420000086E-6,46.00000381E-3,,,,,8.420000086E-6,-144.0000087E-3,,,,,8.420000086E-6,-3.20000005,,,,,8.420000086E-6,3.79999995,,,,,8.420000086E-6,-7.20000029,
,,,8.439999874E-6,46.00000381E-3,,,,,8.439999874E-6,-144.0000087E-3,,,,,8.439999874E-6,-2.79999995,,,,,8.439999874E-6,3.60000014,,,,,8.439999874E-6,-6.40000010,
,,,8.459999663E-6,50.00000075E-3,,,,,8.459999663E-6,-152.00001001E-3,,,,,8.459999663E-6,-2.4000001,,,,,8.459999663E-6,3.20000005,,,,,8.459999663E-6,-5.59999990,
,,,8.480000361E-6,48.00000042E-3,,,,,8.480000361E-6,-156.00000322E-3,,,,,8.480000361E-6,-2.4000001,,,,,8.480000361E-6,3.20000005,,,,,8.480000361E-6,-5.59999990,
,,,8.500000149E-6,50.00000075E-3,,,,,8.500000149E-6,-152.00001001E-3,,,,,8.500000149E-6,-2.4000001,,,,,8.500000149E-6,2.6000001,,,,,8.500000149E-6,-5.20000029,
,,,8.519999938E-6,54.00000140E-3,,,,,8.519999938E-6,-164.00000453E-3,,,,,8.519999938E-6,-2.0000000,,,,,8.519999938E-6,2.6000001,,,,,8.519999938E-6,-4.80000019,
,,,8.539999726E-6,52.00000107E-3,,,,,8.539999726E-6,-164.00000453E-3,,,,,8.539999726E-6,-1.8000001,,,,,8.539999726E-6,2.4000001,,,,,8.539999726E-6,-4.40000010,
,,,8.559999515E-6,52.00000107E-3,,,,,8.559999515E-6,-164.00000453E-3,,,,,8.559999515E-6,-1.6000000,,,,,8.559999515E-6,2.4000001,,,,,8.559999515E-6,-4.00000000,
,,,8.580000213E-6,54.00000140E-3,,,,,8.580000213E-6,-168.00001264E-3,,,,,8.580000213E-6,-1.4000000,,,,,8.580000213E-6,2.2000000,,,,,8.580000213E-6,-3.60000014,
,,,8.600000001E-6,56.000001729E-3,,,,,8.600000001E-6,-176.00001395E-3,,,,,8.600000001E-6,-1.000000,,,,,8.600000001E-6,2.0000000,,,,,8.600000001E-6,-3.20000005,
,,,8.619999790E-6,56.000001729E-3,,,,,8.619999790E-6,-180.00000715E-3,,,,,8.619999790E-6,-800.000011921E-3,,,,,8.619999790E-6,1.6000000,,,,,8.619999790E-6,-2.4000001,
,,,8.639999578E-6,58.000002056E-3,,,,,8.639999578E-6,-180.00000715E-3,,,,,8.639999578E-6,-600.000023842E-3,,,,,8.639999578E-6,1.4000000,,,,,8.639999578E-6,-2.0000000,
,,,8.660000276E-6,60.000002384E-3,,,,,8.660000276E-6,-180.00000715E-3,,,,,8.660000276E-6,-600.000023842E-3,,,,,8.660000276E-6,1.000000,,,,,8.660000276E-6,-1.6000000,
,,,8.680000064E-6,58.000002056E-3,,,,,8.680000064E-6,-188.00000846E-3,,,,,8.680000064E-6,-600.000023842E-3,,,,,8.680000064E-6,1.2000000,,,,,8.680000064E-6,-2.0000000,
,,,8.699999853E-6,62.000002712E-3,,,,,8.699999853E-6,-192.00000167E-3,,,,,8.699999853E-6,0.0,,,,,8.699999853E-6,1.000000,,,,,8.699999853E-6,-1.2000000,
,,,8.719999641E-6,62.000002712E-3,,,,,8.719999641E-6,-192.00000167E-3,,,,,8.719999641E-6,200.00000298E-3,,,,,8.719999641E-6,800.000011921E-3,,,,,8.719999641E-6,-800.000011921E-3,
,,,8.740000339E-6,64.000003040E-3,,,,,8.740000339E-6,-196.00000978E-3,,,,,8.740000339E-6,400.00000596E-3,,,,,8.740000339E-6,600.000023842E-3,,,,,8.740000339E-6,-400.00000596E-3,
,,,8.760000128E-6,64.000003040E-3,,,,,8.760000128E-6,-196.00000978E-3,,,,,8.760000128E-6,600.000023842E-3,,,,,8.760000128E-6,400.00000596E-3,,,,,8.760000128E-6,0.0,
,,,8.779999916E-6,65.999999642E-3,,,,,8.779999916E-6,-196.00000978E-3,,,,,8.779999916E-6,600.000023842E-3,,,,,8.779999916E-6,0.0,,,,,8.779999916E-6,400.00000596E-3,
,,,8.799999705E-6,65.999999642E-3,,,,,8.799999705E-6,-204.00001109E-3,,,,,8.799999705E-6,1.000000,,,,,8.799999705E-6,0.0,,,,,8.799999705E-6,800.000011921E-3,
,,,8.819999493E-6,68.000003695E-3,,,,,8.819999493E-6,-204.00001109E-3,,,,,8.819999493E-6,1.000000,,,,,8.819999493E-6,-400.00000596E-3,,,,,8.819999493E-6,1.2000000,
,,,8.840000191E-6,68.000003695E-3,,,,,8.840000191E-6,-204.00001109E-3,,,,,8.840000191E-6,1.6000000,,,,,8.840000191E-6,-400.00000596E-3,,,,,8.840000191E-6,2.0000000,
,,,8.859999980E-6,70.000000298E-3,,,,,8.859999980E-6,-212.00001240E-3,,,,,8.859999980E-6,1.6000000,,,,,8.859999980E-6,-600.000023842E-3,,,,,8.859999980E-6,2.0000000,
,,,8.879999768E-6,72.000004351E-3,,,,,8.879999768E-6,-216.00000560E-3,,,,,8.879999768E-6,2.0000000,,,,,8.879999768E-6,-600.000023842E-3,,,,,8.879999768E-6,2.4000001,
,,,8.899999557E-6,72.000004351E-3,,,,,8.899999557E-6,-216.00000560E-3,,,,,8.899999557E-6,2.0000000,,,,,8.899999557E-6,-1.000000,,,,,8.899999557E-6,2.79999995,
,,,8.920000255E-6,72.000004351E-3,,,,,8.920000255E-6,-216.00000560E-3,,,,,8.920000255E-6,2.4000001,,,,,8.920000255E-6,-1.000000,,,,,8.920000255E-6,3.20000005,
,,,8.940000043E-6,74.000000954E-3,,,,,8.940000043E-6,-224.00000691E-3,,,,,8.940000043E-6,2.2000000,,,,,8.940000043E-6,-1.4000000,,,,,8.940000043E-6,3.60000014,
,,,8.959999832E-6,74.000000954E-3,,,,,8.959999832E-6,-224.00000691E-3,,,,,8.959999832E-6,2.79999995,,,,,8.959999832E-6,-1.6000000,,,,,8.959999832E-6,4.40000010,
,,,8.979999620E-6,74.000000954E-3,,,,,8.979999620E-6,-228.00001502E-3,,,,,8.979999620E-6,2.6000001,,,,,8.979999620E-6,-1.8000001,,,,,8.979999620E-6,4.40000010,
,,,9.000000318E-6,76.000005007E-3,,,,,9.000000318E-6,-224.00000691E-3,,,,,9.000000318E-6,3.00000000,,,,,9.000000318E-6,-2.0000000,,,,,9.000000318E-6,4.80000019,
,,,9.020000107E-6,78.000001609E-3,,,,,9.020000107E-6,-228.00001502E-3,,,,,9.020000107E-6,3.20000005,,,,,9.020000107E-6,-2.0000000,,,,,9.020000107E-6,5.20000029,
,,,9.039999895E-6,82.000002265E-3,,,,,9.039999895E-6,-232.00000823E-3,,,,,9.039999895E-6,3.20000005,,,,,9.039999895E-6,-2.4000001,,,,,9.039999895E-6,5.59999990,
,,,9.059999684E-6,78.000001609E-3,,,,,9.059999684E-6,-232.00000823E-3,,,,,9.059999684E-6,3.60000014,,,,,9.059999684E-6,-2.4000001,,,,,9.059999684E-6,6.00000000,
,,,9.080000382E-6,78.000001609E-3,,,,,9.080000382E-6,-232.00000823E-3,,,,,9.080000382E-6,3.60000014,,,,,9.080000382E-6,-2.79999995,,,,,9.080000382E-6,6.40000010,
,,,9.100000170E-6,82.000002265E-3,,,,,9.100000170E-6,-232.00000823E-3,,,,,9.100000170E-6,3.79999995,,,,,9.100000170E-6,-2.79999995,,,,,9.100000170E-6,6.40000010,
,,,9.119999959E-6,80.000005662E-3,,,,,9.119999959E-6,-236.00001633E-3,,,,,9.119999959E-6,4.20000029,,,,,9.119999959E-6,-3.20000005,,,,,9.119999959E-6,7.20000029,
,,,9.139999747E-6,82.000002265E-3,,,,,9.139999747E-6,-244.00001764E-3,,,,,9.139999747E-6,4.40000010,,,,,9.139999747E-6,-3.00000000,,,,,9.139999747E-6,7.20000029,
,,,9.159999536E-6,82.000002265E-3,,,,,9.159999536E-6,-240.00000954E-3,,,,,9.159999536E-6,4.59999990,,,,,9.159999536E-6,-3.40000010,,,,,9.159999536E-6,8.000000000,
,,,9.180000234E-6,84.000006318E-3,,,,,9.180000234E-6,-236.00001633E-3,,,,,9.180000234E-6,4.80000019,,,,,9.180000234E-6,-3.79999995,,,,,9.180000234E-6,8.400000572,
,,,9.200000022E-6,82.000002265E-3,,,,,9.200000022E-6,-244.00001764E-3,,,,,9.200000022E-6,4.80000019,,,,,9.200000022E-6,-3.79999995,,,,,9.200000022E-6,8.400000572,
,,,9.219999811E-6,82.000002265E-3,,,,,9.219999811E-6,-244.00001764E-3,,,,,9.219999811E-6,5.20000029,,,,,9.219999811E-6,-3.79999995,,,,,9.219999811E-6,8.800000191,
,,,9.239999599E-6,86.000002921E-3,,,,,9.239999599E-6,-244.00001764E-3,,,,,9.239999599E-6,5.40000010,,,,,9.239999599E-6,-4.00000000,,,,,9.239999599E-6,9.199999809,
,,,9.260000297E-6,84.000006318E-3,,,,,9.260000297E-6,-248.00001085E-3,,,,,9.260000297E-6,5.59999990,,,,,9.260000297E-6,-4.40000010,,,,,9.260000297E-6,10.0000000,
,,,9.280000086E-6,82.000002265E-3,,,,,9.280000086E-6,-248.00001085E-3,,,,,9.280000086E-6,5.59999990,,,,,9.280000086E-6,-4.40000010,,,,,9.280000086E-6,10.0000000,
,,,9.299999874E-6,88.000006974E-3,,,,,9.299999874E-6,-248.00001085E-3,,,,,9.299999874E-6,5.80000019,,,,,9.299999874E-6,-4.59999990,,,,,9.299999874E-6,10.4000006,
,,,9.319999663E-6,84.000006318E-3,,,,,9.319999663E-6,-248.00001085E-3,,,,,9.319999663E-6,6.20000029,,,,,9.319999663E-6,-4.80000019,,,,,9.319999663E-6,10.8000002,
,,,9.340000361E-6,86.000002921E-3,,,,,9.340000361E-6,-248.00001085E-3,,,,,9.340000361E-6,6.20000029,,,,,9.340000361E-6,-5.20000029,,,,,9.340000361E-6,11.1999998,
,,,9.360000149E-6,84.000006318E-3,,,,,9.360000149E-6,-252.00000405E-3,,,,,9.360000149E-6,6.40000010,,,,,9.360000149E-6,-5.20000029,,,,,9.360000149E-6,11.6000004,
,,,9.379999938E-6,86.000002921E-3,,,,,9.379999938E-6,-252.00000405E-3,,,,,9.379999938E-6,6.40000010,,,,,9.379999938E-6,-5.40000010,,,,,9.379999938E-6,11.6000004,
,,,9.399999726E-6,88.000006974E-3,,,,,9.399999726E-6,-252.00000405E-3,,,,,9.399999726E-6,6.80000019,,,,,9.399999726E-6,-5.59999990,,,,,9.399999726E-6,12.4000006,
,,,9.419999515E-6,90.000003576E-3,,,,,9.419999515E-6,-256.00001216E-3,,,,,9.419999515E-6,6.80000019,,,,,9.419999515E-6,-5.59999990,,,,,9.419999515E-6,12.4000006,
,,,9.440000213E-6,88.000006974E-3,,,,,9.440000213E-6,-256.00001216E-3,,,,,9.440000213E-6,7.00000000,,,,,9.440000213E-6,-5.80000019,,,,,9.440000213E-6,12.8000002,
,,,9.460000001E-6,90.000003576E-3,,,,,9.460000001E-6,-260.00002027E-3,,,,,9.460000001E-6,7.20000029,,,,,9.460000001E-6,-5.80000019,,,,,9.460000001E-6,12.8000002,
,,,9.479999790E-6,92.000007629E-3,,,,,9.479999790E-6,-263.99999857E-3,,,,,9.479999790E-6,7.400000095,,,,,9.479999790E-6,-6.20000029,,,,,9.479999790E-6,13.6000004,
,,,9.499999578E-6,90.000003576E-3,,,,,9.499999578E-6,-263.99999857E-3,,,,,9.499999578E-6,7.599999905,,,,,9.499999578E-6,-6.20000029,,,,,9.499999578E-6,13.6000004,
,,,9.520000276E-6,92.000007629E-3,,,,,9.520000276E-6,-263.99999857E-3,,,,,9.520000276E-6,7.599999905,,,,,9.520000276E-6,-6.59999990,,,,,9.520000276E-6,14.0000000,
,,,9.540000065E-6,90.000003576E-3,,,,,9.540000065E-6,-256.00001216E-3,,,,,9.540000065E-6,7.800000191,,,,,9.540000065E-6,-6.59999990,,,,,9.540000065E-6,14.4000006,
,,,9.559999853E-6,94.000004232E-3,,,,,9.559999853E-6,-260.00002027E-3,,,,,9.559999853E-6,8.000000000,,,,,9.559999853E-6,-6.59999990,,,,,9.559999853E-6,14.4000006,
,,,9.579999642E-6,94.000004232E-3,,,,,9.579999642E-6,-260.00002027E-3,,,,,9.579999642E-6,8.000000000,,,,,9.579999642E-6,-7.00000000,,,,,9.579999642E-6,14.8000002,
,,,9.600000340E-6,94.000004232E-3,,,,,9.600000340E-6,-260.00002027E-3,,,,,9.600000340E-6,8.400000572,,,,,9.600000340E-6,-7.20000029,,,,,9.600000340E-6,15.6000004,
,,,9.620000128E-6,92.000007629E-3,,,,,9.620000128E-6,-260.00002027E-3,,,,,9.620000128E-6,8.600000381,,,,,9.620000128E-6,-7.00000000,,,,,9.620000128E-6,15.6000004,
,,,9.639999917E-6,94.000004232E-3,,,,,9.639999917E-6,-260.00002027E-3,,,,,9.639999917E-6,8.600000381,,,,,9.639999917E-6,-7.400000095,,,,,9.639999917E-6,16.0000000,
,,,9.659999705E-6,94.000004232E-3,,,,,9.659999705E-6,-260.00002027E-3,,,,,9.659999705E-6,8.600000381,,,,,9.659999705E-6,-7.800000191,,,,,9.659999705E-6,16.3999996,
,,,9.679999494E-6,94.000004232E-3,,,,,9.679999494E-6,-260.00002027E-3,,,,,9.679999494E-6,9.000000000,,,,,9.679999494E-6,-7.599999905,,,,,9.679999494E-6,16.3999996,
,,,9.700000192E-6,94.000004232E-3,,,,,9.700000192E-6,-268.00000668E-3,,,,,9.700000192E-6,9.000000000,,,,,9.700000192E-6,-7.800000191,,,,,9.700000192E-6,16.8000011,
,,,9.719999980E-6,96.000000834E-3,,,,,9.719999980E-6,-268.00000668E-3,,,,,9.719999980E-6,9.600000381,,,,,9.719999980E-6,-7.800000191,,,,,9.719999980E-6,17.2000008,
,,,9.739999768E-6,96.000000834E-3,,,,,9.739999768E-6,-263.99999857E-3,,,,,9.739999768E-6,9.600000381,,,,,9.739999768E-6,-8.000000000,,,,,9.739999768E-6,17.6000004,
,,,9.759999557E-6,96.000000834E-3,,,,,9.759999557E-6,-263.99999857E-3,,,,,9.759999557E-6,9.600000381,,,,,9.759999557E-6,-8.000000000,,,,,9.759999557E-6,17.6000004,
,,,9.780000255E-6,96.000000834E-3,,,,,9.780000255E-6,-263.99999857E-3,,,,,9.780000255E-6,9.400000572,,,,,9.780000255E-6,-8.199999809,,,,,9.780000255E-6,17.6000004,
,,,9.800000043E-6,94.000004232E-3,,,,,9.800000043E-6,-263.99999857E-3,,,,,9.800000043E-6,9.800000191,,,,,9.800000043E-6,-8.400000572,,,,,9.800000043E-6,18.0000000,
,,,9.819999832E-6,96.000000834E-3,,,,,9.819999832E-6,-260.00002027E-3,,,,,9.819999832E-6,10.0000000,,,,,9.819999832E-6,-8.800000191,,,,,9.819999832E-6,18.8000011,
,,,9.839999620E-6,94.000004232E-3,,,,,9.839999620E-6,-260.00002027E-3,,,,,9.839999620E-6,10.0000000,,,,,9.839999620E-6,-8.600000381,,,,,9.839999620E-6,18.3999996,
,,,9.860000318E-6,98.000004888E-3,,,,,9.860000318E-6,-260.00002027E-3,,,,,9.860000318E-6,10.1999998,,,,,9.860000318E-6,-8.800000191,,,,,9.860000318E-6,18.8000011,
,,,9.880000107E-6,96.000000834E-3,,,,,9.880000107E-6,-260.00002027E-3,,,,,9.880000107E-6,10.1999998,,,,,9.880000107E-6,-8.800000191,,,,,9.880000107E-6,18.8000011,
,,,9.899999895E-6,94.000004232E-3,,,,,9.899999895E-6,-268.00000668E-3,,,,,9.899999895E-6,10.4000006,,,,,9.899999895E-6,-9.000000000,,,,,9.899999895E-6,19.2000008,
,,,9.919999684E-6,96.000000834E-3,,,,,9.919999684E-6,-263.99999857E-3,,,,,9.919999684E-6,10.6000004,,,,,9.919999684E-6,-9.400000572,,,,,9.919999684E-6,20.0000000,
,,,9.939999472E-6,98.000004888E-3,,,,,9.939999472E-6,-268.00000668E-3,,,,,9.939999472E-6,10.8000002,,,,,9.939999472E-6,-9.400000572,,,,,9.939999472E-6,20.0000000,
,,,9.960000170E-6,96.000000834E-3,,,,,9.960000170E-6,-260.00002027E-3,,,,,9.960000170E-6,10.8000002,,,,,9.960000170E-6,-9.199999809,,,,,9.960000170E-6,20.0000000,
,,,9.979999959E-6,96.000000834E-3,,,,,9.979999959E-6,-263.99999857E-3,,,,,9.979999959E-6,11.0000000,,,,,9.979999959E-6,-9.400000572,,,,,9.979999959E-6,20.39999962,
,,,9.999999747E-6,96.000000834E-3,,,,,9.999999747E-6,-260.00002027E-3,,,,,9.999999747E-6,11.1999998,,,,,9.999999747E-6,-9.600000381,,,,,9.999999747E-6,20.80000114,
,,,10.0199995E-6,98.000004888E-3,,,,,10.0199995E-6,-263.99999857E-3,,,,,10.0199995E-6,11.1999998,,,,,10.0199995E-6,-10.1999998,,,,,10.0199995E-6,21.20000076,
,,,10.0400002E-6,98.000004888E-3,,,,,10.0400002E-6,-268.00000668E-3,,,,,10.0400002E-6,11.1999998,,,,,10.0400002E-6,-9.600000381,,,,,10.0400002E-6,20.80000114,
,,,10.0600000E-6,96.000000834E-3,,,,,10.0600000E-6,-260.00002027E-3,,,,,10.0600000E-6,11.6000004,,,,,10.0600000E-6,-9.800000191,,,,,10.0600000E-6,21.20000076,
,,,10.0799998E-6,96.000000834E-3,,,,,10.0799998E-6,-260.00002027E-3,,,,,10.0799998E-6,11.6000004,,,,,10.0799998E-6,-10.1999998,,,,,10.0799998E-6,21.60000038,
,,,10.0999996E-6,96.000000834E-3,,,,,10.0999996E-6,-260.00002027E-3,,,,,10.0999996E-6,11.8000002,,,,,10.0999996E-6,-10.1999998,,,,,10.0999996E-6,22.00000000,
,,,10.1200003E-6,94.000004232E-3,,,,,10.1200003E-6,-260.00002027E-3,,,,,10.1200003E-6,11.4000006,,,,,10.1200003E-6,-10.6000004,,,,,10.1200003E-6,22.00000000,
,,,10.1400001E-6,96.000000834E-3,,,,,10.1400001E-6,-256.00001216E-3,,,,,10.1400001E-6,11.8000002,,,,,10.1400001E-6,-10.6000004,,,,,10.1400001E-6,22.39999962,
,,,10.1599999E-6,98.000004888E-3,,,,,10.1599999E-6,-260.00002027E-3,,,,,10.1599999E-6,12.0000000,,,,,10.1599999E-6,-10.6000004,,,,,10.1599999E-6,22.39999962,
,,,10.1799997E-6,94.000004232E-3,,,,,10.1799997E-6,-256.00001216E-3,,,,,10.1799997E-6,12.0000000,,,,,10.1799997E-6,-10.8000002,,,,,10.1799997E-6,22.80000114,
,,,10.2000004E-6,96.000000834E-3,,,,,10.2000004E-6,-256.00001216E-3,,,,,10.2000004E-6,12.0000000,,,,,10.2000004E-6,-11.0000000,,,,,10.2000004E-6,22.80000114,
,,,10.2200001E-6,96.000000834E-3,,,,,10.2200001E-6,-256.00001216E-3,,,,,10.2200001E-6,12.0000000,,,,,10.2200001E-6,-10.8000002,,,,,10.2200001E-6,22.80000114,
,,,10.2399999E-6,96.000000834E-3,,,,,10.2399999E-6,-252.00000405E-3,,,,,10.2399999E-6,12.4000006,,,,,10.2399999E-6,-10.8000002,,,,,10.2399999E-6,23.20000076,
,,,10.2599997E-6,96.000000834E-3,,,,,10.2599997E-6,-256.00001216E-3,,,,,10.2599997E-6,12.4000006,,,,,10.2599997E-6,-11.0000000,,,,,10.2599997E-6,23.20000076,
,,,10.2799995E-6,90.000003576E-3,,,,,10.2799995E-6,-248.00001085E-3,,,,,10.2799995E-6,12.6000004,,,,,10.2799995E-6,-11.0000000,,,,,10.2799995E-6,23.60000038,
,,,10.3000002E-6,92.000007629E-3,,,,,10.3000002E-6,-252.00000405E-3,,,,,10.3000002E-6,12.6000004,,,,,10.3000002E-6,-11.1999998,,,,,10.3000002E-6,23.60000038,
,,,10.3200000E-6,92.000007629E-3,,,,,10.3200000E-6,-248.00001085E-3,,,,,10.3200000E-6,12.6000004,,,,,10.3200000E-6,-11.0000000,,,,,10.3200000E-6,23.60000038,
,,,10.3399998E-6,94.000004232E-3,,,,,10.3399998E-6,-248.00001085E-3,,,,,10.3399998E-6,12.8000002,,,,,10.3399998E-6,-11.1999998,,,,,10.3399998E-6,24.00000000,
,,,10.3599996E-6,90.000003576E-3,,,,,10.3599996E-6,-248.00001085E-3,,,,,10.3599996E-6,12.8000002,,,,,10.3599996E-6,-11.4000006,,,,,10.3599996E-6,24.00000000,
,,,10.3800003E-6,92.000007629E-3,,,,,10.3800003E-6,-240.00000954E-3,,,,,10.3800003E-6,13.0000000,,,,,10.3800003E-6,-11.8000002,,,,,10.3800003E-6,24.80000114,
,,,10.4000001E-6,92.000007629E-3,,,,,10.4000001E-6,-244.00001764E-3,,,,,10.4000001E-6,13.0000000,,,,,10.4000001E-6,-11.8000002,,,,,10.4000001E-6,24.80000114,
,,,10.4199999E-6,92.000007629E-3,,,,,10.4199999E-6,-244.00001764E-3,,,,,10.4199999E-6,13.0000000,,,,,10.4199999E-6,-11.8000002,,,,,10.4199999E-6,24.80000114,
,,,10.4399996E-6,92.000007629E-3,,,,,10.4399996E-6,-240.00000954E-3,,,,,10.4399996E-6,13.1999998,,,,,10.4399996E-6,-11.6000004,,,,,10.4399996E-6,24.80000114,
,,,10.4600003E-6,90.000003576E-3,,,,,10.4600003E-6,-244.00001764E-3,,,,,10.4600003E-6,13.1999998,,,,,10.4600003E-6,-11.6000004,,,,,10.4600003E-6,24.80000114,
,,,10.4800001E-6,92.000007629E-3,,,,,10.4800001E-6,-240.00000954E-3,,,,,10.4800001E-6,13.1999998,,,,,10.4800001E-6,-11.8000002,,,,,10.4800001E-6,24.80000114,
,,,10.4999999E-6,88.000006974E-3,,,,,10.4999999E-6,-236.00001633E-3,,,,,10.4999999E-6,13.4000006,,,,,10.4999999E-6,-11.8000002,,,,,10.4999999E-6,25.20000076,
,,,10.5199997E-6,90.000003576E-3,,,,,10.5199997E-6,-236.00001633E-3,,,,,10.5199997E-6,13.4000006,,,,,10.5199997E-6,-11.8000002,,,,,10.5199997E-6,25.20000076,
,,,10.5399995E-6,90.000003576E-3,,,,,10.5399995E-6,-236.00001633E-3,,,,,10.5399995E-6,13.1999998,,,,,10.5399995E-6,-12.0000000,,,,,10.5399995E-6,25.20000076,
,,,10.5600002E-6,90.000003576E-3,,,,,10.5600002E-6,-236.00001633E-3,,,,,10.5600002E-6,13.6000004,,,,,10.5600002E-6,-12.0000000,,,,,10.5600002E-6,25.60000038,
,,,10.5800000E-6,88.000006974E-3,,,,,10.5800000E-6,-228.00001502E-3,,,,,10.5800000E-6,13.6000004,,,,,10.5800000E-6,-12.1999998,,,,,10.5800000E-6,25.60000038,
,,,10.5999998E-6,90.000003576E-3,,,,,10.5999998E-6,-228.00001502E-3,,,,,10.5999998E-6,13.4000006,,,,,10.5999998E-6,-12.1999998,,,,,10.5999998E-6,25.60000038,
,,,10.6199996E-6,88.000006974E-3,,,,,10.6199996E-6,-232.00000823E-3,,,,,10.6199996E-6,13.6000004,,,,,10.6199996E-6,-12.4000006,,,,,10.6199996E-6,26.00000000,
,,,10.6400003E-6,88.000006974E-3,,,,,10.6400003E-6,-232.00000823E-3,,,,,10.6400003E-6,13.6000004,,,,,10.6400003E-6,-12.1999998,,,,,10.6400003E-6,25.60000038,
,,,10.6600000E-6,88.000006974E-3,,,,,10.6600000E-6,-228.00001502E-3,,,,,10.6600000E-6,13.8000002,,,,,10.6600000E-6,-12.4000006,,,,,10.6600000E-6,26.00000000,
,,,10.6799998E-6,86.000002921E-3,,,,,10.6799998E-6,-228.00001502E-3,,,,,10.6799998E-6,13.8000002,,,,,10.6799998E-6,-12.6000004,,,,,10.6799998E-6,26.39999962,
,,,10.6999996E-6,86.000002921E-3,,,,,10.6999996E-6,-224.00000691E-3,,,,,10.6999996E-6,13.8000002,,,,,10.6999996E-6,-12.4000006,,,,,10.6999996E-6,26.00000000,
,,,10.7200003E-6,84.000006318E-3,,,,,10.7200003E-6,-220.00001371E-3,,,,,10.7200003E-6,14.0000000,,,,,10.7200003E-6,-12.1999998,,,,,10.7200003E-6,26.00000000,
,,,10.7400001E-6,84.000006318E-3,,,,,10.7400001E-6,-224.00000691E-3,,,,,10.7400001E-6,13.8000002,,,,,10.7400001E-6,-12.4000006,,,,,10.7400001E-6,26.00000000,
,,,10.7599999E-6,84.000006318E-3,,,,,10.7599999E-6,-216.00000560E-3,,,,,10.7599999E-6,14.0000000,,,,,10.7599999E-6,-12.4000006,,,,,10.7599999E-6,26.39999962,
,,,10.7799997E-6,84.000006318E-3,,,,,10.7799997E-6,-212.00001240E-3,,,,,10.7799997E-6,13.6000004,,,,,10.7799997E-6,-12.6000004,,,,,10.7799997E-6,26.00000000,
,,,10.7999995E-6,84.000006318E-3,,,,,10.7999995E-6,-216.00000560E-3,,,,,10.7999995E-6,14.0000000,,,,,10.7999995E-6,-12.6000004,,,,,10.7999995E-6,26.39999962,
,,,10.8200002E-6,84.000006318E-3,,,,,10.8200002E-6,-216.00000560E-3,,,,,10.8200002E-6,13.8000002,,,,,10.8200002E-6,-12.6000004,,,,,10.8200002E-6,26.39999962,
,,,10.8400000E-6,82.000002265E-3,,,,,10.8400000E-6,-212.00001240E-3,,,,,10.8400000E-6,14.0000000,,,,,10.8400000E-6,-12.8000002,,,,,10.8400000E-6,26.80000114,
,,,10.8599997E-6,82.000002265E-3,,,,,10.8599997E-6,-216.00000560E-3,,,,,10.8599997E-6,14.0000000,,,,,10.8599997E-6,-12.8000002,,,,,10.8599997E-6,26.80000114,
,,,10.8799995E-6,82.000002265E-3,,,,,10.8799995E-6,-204.00001109E-3,,,,,10.8799995E-6,13.8000002,,,,,10.8799995E-6,-12.6000004,,,,,10.8799995E-6,26.39999962,
,,,10.9000002E-6,82.000002265E-3,,,,,10.9000002E-6,-204.00001109E-3,,,,,10.9000002E-6,14.0000000,,,,,10.9000002E-6,-12.8000002,,,,,10.9000002E-6,26.80000114,
,,,10.9200000E-6,82.000002265E-3,,,,,10.9200000E-6,-208.00000429E-3,,,,,10.9200000E-6,14.1999998,,,,,10.9200000E-6,-12.8000002,,,,,10.9200000E-6,26.80000114,
,,,10.9399998E-6,78.000001609E-3,,,,,10.9399998E-6,-204.00001109E-3,,,,,10.9399998E-6,14.0000000,,,,,10.9399998E-6,-12.6000004,,,,,10.9399998E-6,26.39999962,
,,,10.9599996E-6,78.000001609E-3,,,,,10.9599996E-6,-200.00000298E-3,,,,,10.9599996E-6,14.0000000,,,,,10.9599996E-6,-12.8000002,,,,,10.9599996E-6,26.80000114,
,,,10.9800003E-6,78.000001609E-3,,,,,10.9800003E-6,-196.00000978E-3,,,,,10.9800003E-6,14.0000000,,,,,10.9800003E-6,-12.8000002,,,,,10.9800003E-6,26.80000114,
,,,11.0000001E-6,78.000001609E-3,,,,,11.0000001E-6,-196.00000978E-3,,,,,11.0000001E-6,14.0000000,,,,,11.0000001E-6,-12.6000004,,,,,11.0000001E-6,26.39999962,
,,,11.0199999E-6,78.000001609E-3,,,,,11.0199999E-6,-196.00000978E-3,,,,,11.0199999E-6,14.1999998,,,,,11.0199999E-6,-13.0000000,,,,,11.0199999E-6,27.20000076,
,,,11.0399997E-6,74.000000954E-3,,,,,11.0399997E-6,-192.00000167E-3,,,,,11.0399997E-6,13.8000002,,,,,11.0399997E-6,-13.0000000,,,,,11.0399997E-6,26.80000114,
,,,11.0600004E-6,76.000005007E-3,,,,,11.0600004E-6,-192.00000167E-3,,,,,11.0600004E-6,14.0000000,,,,,11.0600004E-6,-13.0000000,,,,,11.0600004E-6,26.80000114,
,,,11.0800001E-6,76.000005007E-3,,,,,11.0800001E-6,-192.00000167E-3,,,,,11.0800001E-6,14.0000000,,,,,11.0800001E-6,-12.6000004,,,,,11.0800001E-6,26.39999962,
,,,11.0999999E-6,76.000005007E-3,,,,,11.0999999E-6,-188.00000846E-3,,,,,11.0999999E-6,14.1999998,,,,,11.0999999E-6,-13.0000000,,,,,11.0999999E-6,27.20000076,
,,,11.1199997E-6,74.000000954E-3,,,,,11.1199997E-6,-184.00001526E-3,,,,,11.1199997E-6,14.0000000,,,,,11.1199997E-6,-12.6000004,,,,,11.1199997E-6,26.39999962,
,,,11.1399995E-6,72.000004351E-3,,,,,11.1399995E-6,-184.00001526E-3,,,,,11.1399995E-6,14.0000000,,,,,11.1399995E-6,-12.8000002,,,,,11.1399995E-6,26.80000114,
,,,11.1600002E-6,72.000004351E-3,,,,,11.1600002E-6,-180.00000715E-3,,,,,11.1600002E-6,14.0000000,,,,,11.1600002E-6,-12.8000002,,,,,11.1600002E-6,26.80000114,
,,,11.1800000E-6,72.000004351E-3,,,,,11.1800000E-6,-180.00000715E-3,,,,,11.1800000E-6,14.1999998,,,,,11.1800000E-6,-12.8000002,,,,,11.1800000E-6,26.80000114,
,,,11.1999998E-6,68.000003695E-3,,,,,11.1999998E-6,-176.00001395E-3,,,,,11.1999998E-6,14.0000000,,,,,11.1999998E-6,-12.8000002,,,,,11.1999998E-6,26.80000114,
,,,11.2199996E-6,68.000003695E-3,,,,,11.2199996E-6,-176.00001395E-3,,,,,11.2199996E-6,14.0000000,,,,,11.2199996E-6,-12.8000002,,,,,11.2199996E-6,26.80000114,
,,,11.2400003E-6,68.000003695E-3,,,,,11.2400003E-6,-168.00001264E-3,,,,,11.2400003E-6,13.8000002,,,,,11.2400003E-6,-13.0000000,,,,,11.2400003E-6,26.80000114,
,,,11.2600001E-6,68.000003695E-3,,,,,11.2600001E-6,-168.00001264E-3,,,,,11.2600001E-6,13.6000004,,,,,11.2600001E-6,-13.0000000,,,,,11.2600001E-6,26.39999962,
,,,11.2799999E-6,70.000000298E-3,,,,,11.2799999E-6,-172.00000584E-3,,,,,11.2799999E-6,13.8000002,,,,,11.2799999E-6,-12.6000004,,,,,11.2799999E-6,26.39999962,
,,,11.2999996E-6,68.000003695E-3,,,,,11.2999996E-6,-164.00000453E-3,,,,,11.2999996E-6,13.8000002,,,,,11.2999996E-6,-12.8000002,,,,,11.2999996E-6,26.39999962,
,,,11.3200003E-6,64.000003040E-3,,,,,11.3200003E-6,-160.00001132E-3,,,,,11.3200003E-6,13.8000002,,,,,11.3200003E-6,-12.8000002,,,,,11.3200003E-6,26.39999962,
,,,11.3400001E-6,65.999999642E-3,,,,,11.3400001E-6,-156.00000322E-3,,,,,11.3400001E-6,13.6000004,,,,,11.3400001E-6,-12.6000004,,,,,11.3400001E-6,26.00000000,
,,,11.3599999E-6,70.000000298E-3,,,,,11.3599999E-6,-160.00001132E-3,,,,,11.3599999E-6,13.8000002,,,,,11.3599999E-6,-12.6000004,,,,,11.3599999E-6,26.39999962,
,,,11.3799997E-6,65.999999642E-3,,,,,11.3799997E-6,-156.00000322E-3,,,,,11.3799997E-6,13.6000004,,,,,11.3799997E-6,-12.6000004,,,,,11.3799997E-6,26.00000000,
,,,11.3999995E-6,58.000002056E-3,,,,,11.3999995E-6,-152.00001001E-3,,,,,11.3999995E-6,13.8000002,,,,,11.3999995E-6,-12.8000002,,,,,11.3999995E-6,26.39999962,
,,,11.4200002E-6,62.000002712E-3,,,,,11.4200002E-6,-152.00001001E-3,,,,,11.4200002E-6,13.6000004,,,,,11.4200002E-6,-12.6000004,,,,,11.4200002E-6,26.00000000,
,,,11.4400000E-6,62.000002712E-3,,,,,11.4400000E-6,-148.0000019E-3,,,,,11.4400000E-6,13.6000004,,,,,11.4400000E-6,-12.6000004,,,,,11.4400000E-6,26.00000000,
,,,11.4599998E-6,62.000002712E-3,,,,,11.4599998E-6,-136.0000074E-3,,,,,11.4599998E-6,13.6000004,,,,,11.4599998E-6,-12.8000002,,,,,11.4599998E-6,26.39999962,
,,,11.4799996E-6,62.000002712E-3,,,,,11.4799996E-6,-144.0000087E-3,,,,,11.4799996E-6,13.6000004,,,,,11.4799996E-6,-12.8000002,,,,,11.4799996E-6,26.39999962,
,,,11.5000003E-6,60.000002384E-3,,,,,11.5000003E-6,-140.0000006E-3,,,,,11.5000003E-6,13.1999998,,,,,11.5000003E-6,-12.4000006,,,,,11.5000003E-6,25.60000038,
,,,11.5200000E-6,60.000002384E-3,,,,,11.5200000E-6,-136.0000074E-3,,,,,11.5200000E-6,13.4000006,,,,,11.5200000E-6,-12.4000006,,,,,11.5200000E-6,25.60000038,
,,,11.5399998E-6,58.000002056E-3,,,,,11.5399998E-6,-136.0000074E-3,,,,,11.5399998E-6,13.1999998,,,,,11.5399998E-6,-12.4000006,,,,,11.5399998E-6,25.60000038,
,,,11.5599996E-6,56.000001729E-3,,,,,11.5599996E-6,-131.9999993E-3,,,,,11.5599996E-6,13.1999998,,,,,11.5599996E-6,-12.4000006,,,,,11.5599996E-6,25.60000038,
,,,11.5800003E-6,54.00000140E-3,,,,,11.5800003E-6,-124.0000054E-3,,,,,11.5800003E-6,13.4000006,,,,,11.5800003E-6,-12.1999998,,,,,11.5800003E-6,25.60000038,
,,,11.6000001E-6,52.00000107E-3,,,,,11.6000001E-6,-124.0000054E-3,,,,,11.6000001E-6,13.1999998,,,,,11.6000001E-6,-12.4000006,,,,,11.6000001E-6,25.60000038,
,,,11.6199999E-6,50.00000075E-3,,,,,11.6199999E-6,-124.0000054E-3,,,,,11.6199999E-6,13.0000000,,,,,11.6199999E-6,-12.0000000,,,,,11.6199999E-6,24.80000114,
,,,11.6399997E-6,52.00000107E-3,,,,,11.6399997E-6,-120.0000048E-3,,,,,11.6399997E-6,13.0000000,,,,,11.6399997E-6,-12.1999998,,,,,11.6399997E-6,25.20000076,
,,,11.6599995E-6,52.00000107E-3,,,,,11.6599995E-6,-120.0000048E-3,,,,,11.6599995E-6,12.8000002,,,,,11.6599995E-6,-12.0000000,,,,,11.6599995E-6,24.80000114,
,,,11.6800002E-6,50.00000075E-3,,,,,11.6800002E-6,-120.0000048E-3,,,,,11.6800002E-6,12.8000002,,,,,11.6800002E-6,-12.0000000,,,,,11.6800002E-6,24.80000114,
,,,11.7000000E-6,48.00000042E-3,,,,,11.7000000E-6,-116.0000041E-3,,,,,11.7000000E-6,12.8000002,,,,,11.7000000E-6,-11.8000002,,,,,11.7000000E-6,24.39999962,
,,,11.7199997E-6,48.00000042E-3,,,,,11.7199997E-6,-108.0000028E-3,,,,,11.7199997E-6,12.8000002,,,,,11.7199997E-6,-12.0000000,,,,,11.7199997E-6,24.80000114,
,,,11.7399995E-6,48.00000042E-3,,,,,11.7399995E-6,-108.0000028E-3,,,,,11.7399995E-6,12.6000004,,,,,11.7399995E-6,-11.6000004,,,,,11.7399995E-6,24.00000000,
,,,11.7600002E-6,48.00000042E-3,,,,,11.7600002E-6,-100.0000015E-3,,,,,11.7600002E-6,12.6000004,,,,,11.7600002E-6,-11.6000004,,,,,11.7600002E-6,24.00000000,
,,,11.7800000E-6,46.00000381E-3,,,,,11.7800000E-6,-104.0000021E-3,,,,,11.7800000E-6,12.4000006,,,,,11.7800000E-6,-11.8000002,,,,,11.7800000E-6,24.00000000,
,,,11.7999998E-6,46.00000381E-3,,,,,11.7999998E-6,-100.0000015E-3,,,,,11.7999998E-6,12.6000004,,,,,11.7999998E-6,-11.8000002,,,,,11.7999998E-6,24.39999962,
,,,11.8199996E-6,46.00000381E-3,,,,,11.8199996E-6,-96.000000834E-3,,,,,11.8199996E-6,12.1999998,,,,,11.8199996E-6,-11.6000004,,,,,11.8199996E-6,23.60000038,
,,,11.8400003E-6,46.00000381E-3,,,,,11.8400003E-6,-96.000000834E-3,,,,,11.8400003E-6,12.4000006,,,,,11.8400003E-6,-11.4000006,,,,,11.8400003E-6,23.60000038,
,,,11.8600001E-6,42.00000316E-3,,,,,11.8600001E-6,-96.000000834E-3,,,,,11.8600001E-6,12.1999998,,,,,11.8600001E-6,-11.4000006,,,,,11.8600001E-6,23.60000038,
,,,11.8799999E-6,38.00000250E-3,,,,,11.8799999E-6,-92.000007629E-3,,,,,11.8799999E-6,12.1999998,,,,,11.8799999E-6,-11.6000004,,,,,11.8799999E-6,23.60000038,
,,,11.8999997E-6,40.00000283E-3,,,,,11.8999997E-6,-88.000006974E-3,,,,,11.8999997E-6,12.0000000,,,,,11.8999997E-6,-11.4000006,,,,,11.8999997E-6,23.20000076,
,,,11.9200004E-6,38.00000250E-3,,,,,11.9200004E-6,-84.000006318E-3,,,,,11.9200004E-6,12.0000000,,,,,11.9200004E-6,-11.1999998,,,,,11.9200004E-6,23.20000076,
,,,11.9400001E-6,38.00000250E-3,,,,,11.9400001E-6,-72.000004351E-3,,,,,11.9400001E-6,11.6000004,,,,,11.9400001E-6,-11.1999998,,,,,11.9400001E-6,22.80000114,
,,,11.9599999E-6,36.00000218E-3,,,,,11.9599999E-6,-80.000005662E-3,,,,,11.9599999E-6,11.8000002,,,,,11.9599999E-6,-10.8000002,,,,,11.9599999E-6,22.39999962,
,,,11.9799997E-6,34.00000185E-3,,,,,11.9799997E-6,-72.000004351E-3,,,,,11.9799997E-6,11.6000004,,,,,11.9799997E-6,-10.8000002,,,,,11.9799997E-6,22.39999962,
,,,11.9999995E-6,36.00000218E-3,,,,,11.9999995E-6,-68.000003695E-3,,,,,11.9999995E-6,11.6000004,,,,,11.9999995E-6,-11.1999998,,,,,11.9999995E-6,22.80000114,
,,,12.0200002E-6,36.00000218E-3,,,,,12.0200002E-6,-72.000004351E-3,,,,,12.0200002E-6,11.1999998,,,,,12.0200002E-6,-10.6000004,,,,,12.0200002E-6,21.60000038,
,,,12.0400000E-6,34.00000185E-3,,,,,12.0400000E-6,-64.000003040E-3,,,,,12.0400000E-6,11.1999998,,,,,12.0400000E-6,-10.8000002,,,,,12.0400000E-6,22.00000000,
,,,12.0599998E-6,32.00000152E-3,,,,,12.0599998E-6,-64.000003040E-3,,,,,12.0599998E-6,11.0000000,,,,,12.0599998E-6,-10.6000004,,,,,12.0599998E-6,21.60000038,
,,,12.0799996E-6,28.00000086E-3,,,,,12.0799996E-6,-64.000003040E-3,,,,,12.0799996E-6,11.1999998,,,,,12.0799996E-6,-10.6000004,,,,,12.0799996E-6,21.60000038,
,,,12.1000003E-6,30.00000119E-3,,,,,12.1000003E-6,-60.000002384E-3,,,,,12.1000003E-6,11.0000000,,,,,12.1000003E-6,-10.6000004,,,,,12.1000003E-6,21.60000038,
,,,12.1200001E-6,30.00000119E-3,,,,,12.1200001E-6,-52.00000107E-3,,,,,12.1200001E-6,11.0000000,,,,,12.1200001E-6,-10.4000006,,,,,12.1200001E-6,21.20000076,
,,,12.1399999E-6,30.00000119E-3,,,,,12.1399999E-6,-52.00000107E-3,,,,,12.1399999E-6,10.6000004,,,,,12.1399999E-6,-10.1999998,,,,,12.1399999E-6,20.80000114,
,,,12.1599996E-6,26.00000054E-3,,,,,12.1599996E-6,-52.00000107E-3,,,,,12.1599996E-6,10.8000002,,,,,12.1599996E-6,-10.4000006,,,,,12.1599996E-6,21.20000076,
,,,12.1800003E-6,24.00000021E-3,,,,,12.1800003E-6,-48.00000042E-3,,,,,12.1800003E-6,10.8000002,,,,,12.1800003E-6,-10.1999998,,,,,12.1800003E-6,20.80000114,
,,,12.2000001E-6,24.00000021E-3,,,,,12.2000001E-6,-44.00000349E-3,,,,,12.2000001E-6,10.4000006,,,,,12.2000001E-6,-10.0000000,,,,,12.2000001E-6,20.39999962,
,,,12.2199999E-6,34.00000185E-3,,,,,12.2199999E-6,-48.00000042E-3,,,,,12.2199999E-6,10.0000000,,,,,12.2199999E-6,-9.800000191,,,,,12.2199999E-6,19.6000004,
,,,12.2399997E-6,36.00000218E-3,,,,,12.2399997E-6,-60.000002384E-3,,,,,12.2399997E-6,10.0000000,,,,,12.2399997E-6,-10.0000000,,,,,12.2399997E-6,20.0000000,
,,,12.2599995E-6,26.00000054E-3,,,,,12.2599995E-6,-12.0000001E-3,,,,,12.2599995E-6,10.4000006,,,,,12.2599995E-6,-9.800000191,,,,,12.2599995E-6,20.0000000,
,,,12.2800002E-6,16.0000008E-3,,,,,12.2800002E-6,-24.00000021E-3,,,,,12.2800002E-6,10.1999998,,,,,12.2800002E-6,-10.0000000,,,,,12.2800002E-6,20.0000000,
,,,12.3000000E-6,28.00000086E-3,,,,,12.3000000E-6,-24.00000021E-3,,,,,12.3000000E-6,10.0000000,,,,,12.3000000E-6,-9.800000191,,,,,12.3000000E-6,19.6000004,
,,,12.3199998E-6,38.00000250E-3,,,,,12.3199998E-6,-60.000002384E-3,,,,,12.3199998E-6,10.0000000,,,,,12.3199998E-6,-9.400000572,,,,,12.3199998E-6,19.2000008,
,,,12.3399996E-6,12.0000001E-3,,,,,12.3399996E-6,-48.00000042E-3,,,,,12.3399996E-6,9.800000191,,,,,12.3399996E-6,-9.400000572,,,,,12.3399996E-6,19.2000008,
,,,12.3600003E-6,20.0000014E-3,,,,,12.3600003E-6,-24.00000021E-3,,,,,12.3600003E-6,10.0000000,,,,,12.3600003E-6,-9.400000572,,,,,12.3600003E-6,19.2000008,
,,,12.3800000E-6,20.0000014E-3,,,,,12.3800000E-6,-16.0000008E-3,,,,,12.3800000E-6,9.400000572,,,,,12.3800000E-6,-9.199999809,,,,,12.3800000E-6,18.3999996,
,,,12.3999998E-6,14.0000004E-3,,,,,12.3999998E-6,-20.0000014E-3,,,,,12.3999998E-6,9.400000572,,,,,12.3999998E-6,-9.199999809,,,,,12.3999998E-6,18.3999996,
,,,12.4199996E-6,22.00000174E-3,,,,,12.4199996E-6,-20.0000014E-3,,,,,12.4199996E-6,9.400000572,,,,,12.4199996E-6,-9.000000000,,,,,12.4199996E-6,18.3999996,
,,,12.4400003E-6,14.0000004E-3,,,,,12.4400003E-6,-24.00000021E-3,,,,,12.4400003E-6,9.000000000,,,,,12.4400003E-6,-8.800000191,,,,,12.4400003E-6,17.6000004,
,,,12.4600001E-6,14.0000004E-3,,,,,12.4600001E-6,0.0,,,,,12.4600001E-6,8.800000191,,,,,12.4600001E-6,-8.600000381,,,,,12.4600001E-6,17.2000008,
,,,12.4799999E-6,12.0000001E-3,,,,,12.4799999E-6,0.0,,,,,12.4799999E-6,8.600000381,,,,,12.4799999E-6,-8.600000381,,,,,12.4799999E-6,17.2000008,
,,,12.4999997E-6,14.0000004E-3,,,,,12.4999997E-6,-24.00000021E-3,,,,,12.4999997E-6,8.800000191,,,,,12.4999997E-6,-8.400000572,,,,,12.4999997E-6,17.2000008,
,,,12.5199995E-6,10.0000007E-3,,,,,12.5199995E-6,-16.0000008E-3,,,,,12.5199995E-6,8.600000381,,,,,12.5199995E-6,-8.400000572,,,,,12.5199995E-6,16.8000011,
,,,12.5400002E-6,10.0000007E-3,,,,,12.5400002E-6,8.000000380E-3,,,,,12.5400002E-6,8.600000381,,,,,12.5400002E-6,-8.400000572,,,,,12.5400002E-6,16.8000011,
,,,12.5600000E-6,4.00000019E-3,,,,,12.5600000E-6,16.0000008E-3,,,,,12.5600000E-6,8.199999809,,,,,12.5600000E-6,-8.400000572,,,,,12.5600000E-6,16.3999996,
,,,12.5799997E-6,8.000000380E-3,,,,,12.5799997E-6,4.00000019E-3,,,,,12.5799997E-6,8.199999809,,,,,12.5799997E-6,-8.199999809,,,,,12.5799997E-6,16.3999996,
,,,12.5999995E-6,8.000000380E-3,,,,,12.5999995E-6,8.000000380E-3,,,,,12.5999995E-6,8.000000000,,,,,12.5999995E-6,-7.800000191,,,,,12.5999995E-6,15.6000004,
,,,12.6200002E-6,2.0000001E-3,,,,,12.6200002E-6,20.0000014E-3,,,,,12.6200002E-6,7.800000191,,,,,12.6200002E-6,-8.000000000,,,,,12.6200002E-6,15.6000004,
,,,12.6400000E-6,0.0,,,,,12.6400000E-6,28.00000086E-3,,,,,12.6400000E-6,7.800000191,,,,,12.6400000E-6,-7.800000191,,,,,12.6400000E-6,15.6000004,
,,,12.6599998E-6,2.0000001E-3,,,,,12.6599998E-6,24.00000021E-3,,,,,12.6599998E-6,7.599999905,,,,,12.6599998E-6,-7.800000191,,,,,12.6599998E-6,15.1999998,
,,,12.6799996E-6,0.0,,,,,12.6799996E-6,24.00000021E-3,,,,,12.6799996E-6,7.400000095,,,,,12.6799996E-6,-7.599999905,,,,,12.6799996E-6,14.8000002,
,,,12.7000003E-6,2.0000001E-3,,,,,12.7000003E-6,28.00000086E-3,,,,,12.7000003E-6,7.20000029,,,,,12.7000003E-6,-7.400000095,,,,,12.7000003E-6,14.4000006,
,,,12.7200001E-6,-4.00000019E-3,,,,,12.7200001E-6,44.00000349E-3,,,,,12.7200001E-6,7.20000029,,,,,12.7200001E-6,-7.00000000,,,,,12.7200001E-6,14.0000000,
,,,12.7399999E-6,-6.00000005E-3,,,,,12.7399999E-6,44.00000349E-3,,,,,12.7399999E-6,7.00000000,,,,,12.7399999E-6,-7.00000000,,,,,12.7399999E-6,14.0000000,
,,,12.7599997E-6,-8.000000380E-3,,,,,12.7599997E-6,44.00000349E-3,,,,,12.7599997E-6,6.59999990,,,,,12.7599997E-6,-7.00000000,,,,,12.7599997E-6,13.6000004,
,,,12.7800004E-6,-8.000000380E-3,,,,,12.7800004E-6,48.00000042E-3,,,,,12.7800004E-6,6.80000019,,,,,12.7800004E-6,-6.80000019,,,,,12.7800004E-6,13.6000004,
,,,12.8000001E-6,-6.00000005E-3,,,,,12.8000001E-6,52.00000107E-3,,,,,12.8000001E-6,6.59999990,,,,,12.8000001E-6,-6.59999990,,,,,12.8000001E-6,13.1999998,
,,,12.8199999E-6,-12.0000001E-3,,,,,12.8199999E-6,56.000001729E-3,,,,,12.8199999E-6,6.20000029,,,,,12.8199999E-6,-6.40000010,,,,,12.8199999E-6,12.4000006,
,,,12.8399997E-6,-10.0000007E-3,,,,,12.8399997E-6,56.000001729E-3,,,,,12.8399997E-6,6.40000010,,,,,12.8399997E-6,-6.20000029,,,,,12.8399997E-6,12.4000006,
,,,12.8599995E-6,-14.0000004E-3,,,,,12.8599995E-6,56.000001729E-3,,,,,12.8599995E-6,6.00000000,,,,,12.8599995E-6,-6.20000029,,,,,12.8599995E-6,12.0000000,
,,,12.8800002E-6,-12.0000001E-3,,,,,12.8800002E-6,64.000003040E-3,,,,,12.8800002E-6,6.00000000,,,,,12.8800002E-6,-6.00000000,,,,,12.8800002E-6,12.0000000,
,,,12.9000000E-6,-18.0000011E-3,,,,,12.9000000E-6,68.000003695E-3,,,,,12.9000000E-6,6.00000000,,,,,12.9000000E-6,-5.80000019,,,,,12.9000000E-6,11.6000004,
,,,12.9199998E-6,-14.0000004E-3,,,,,12.9199998E-6,68.000003695E-3,,,,,12.9199998E-6,5.80000019,,,,,12.9199998E-6,-5.59999990,,,,,12.9199998E-6,11.1999998,
,,,12.9399996E-6,-16.0000008E-3,,,,,12.9399996E-6,68.000003695E-3,,,,,12.9399996E-6,5.40000010,,,,,12.9399996E-6,-5.59999990,,,,,12.9399996E-6,10.8000002,
,,,12.9600003E-6,-16.0000008E-3,,,,,12.9600003E-6,68.000003695E-3,,,,,12.9600003E-6,5.20000029,,,,,12.9600003E-6,-5.59999990,,,,,12.9600003E-6,10.8000002,
,,,12.9800001E-6,-18.0000011E-3,,,,,12.9800001E-6,76.000005007E-3,,,,,12.9800001E-6,5.20000029,,,,,12.9800001E-6,-5.40000010,,,,,12.9800001E-6,10.4000006,
,,,12.9999999E-6,-16.0000008E-3,,,,,12.9999999E-6,80.000005662E-3,,,,,12.9999999E-6,5.00000000,,,,,12.9999999E-6,-5.20000029,,,,,12.9999999E-6,10.0000000,
,,,13.0199996E-6,-18.0000011E-3,,,,,13.0199996E-6,76.000005007E-3,,,,,13.0199996E-6,4.80000019,,,,,13.0199996E-6,-5.20000029,,,,,13.0199996E-6,10.0000000,
,,,13.0400003E-6,-20.0000014E-3,,,,,13.0400003E-6,76.000005007E-3,,,,,13.0400003E-6,4.80000019,,,,,13.0400003E-6,-4.80000019,,,,,13.0400003E-6,9.600000381,
,,,13.0600001E-6,-20.0000014E-3,,,,,13.0600001E-6,84.000006318E-3,,,,,13.0600001E-6,4.40000010,,,,,13.0600001E-6,-4.80000019,,,,,13.0600001E-6,9.199999809,
,,,13.0799999E-6,-20.0000014E-3,,,,,13.0799999E-6,92.000007629E-3,,,,,13.0799999E-6,4.40000010,,,,,13.0799999E-6,-4.80000019,,,,,13.0799999E-6,9.199999809,
,,,13.0999997E-6,-20.0000014E-3,,,,,13.0999997E-6,88.000006974E-3,,,,,13.0999997E-6,4.40000010,,,,,13.0999997E-6,-4.40000010,,,,,13.0999997E-6,8.800000191,
,,,13.1199995E-6,-20.0000014E-3,,,,,13.1199995E-6,84.000006318E-3,,,,,13.1199995E-6,4.00000000,,,,,13.1199995E-6,-4.40000010,,,,,13.1199995E-6,8.400000572,
,,,13.1400002E-6,-24.00000021E-3,,,,,13.1400002E-6,88.000006974E-3,,,,,13.1400002E-6,4.00000000,,,,,13.1400002E-6,-4.20000029,,,,,13.1400002E-6,8.000000000,
,,,13.1600000E-6,-22.00000174E-3,,,,,13.1600000E-6,92.000007629E-3,,,,,13.1600000E-6,4.00000000,,,,,13.1600000E-6,-4.00000000,,,,,13.1600000E-6,8.000000000,
,,,13.1799998E-6,-26.00000054E-3,,,,,13.1799998E-6,96.000000834E-3,,,,,13.1799998E-6,3.60000014,,,,,13.1799998E-6,-3.79999995,,,,,13.1799998E-6,7.20000029,
,,,13.1999996E-6,-26.00000054E-3,,,,,13.1999996E-6,100.0000015E-3,,,,,13.1999996E-6,3.79999995,,,,,13.1999996E-6,-3.79999995,,,,,13.1999996E-6,7.599999905,
,,,13.2200003E-6,-26.00000054E-3,,,,,13.2200003E-6,100.0000015E-3,,,,,13.2200003E-6,3.20000005,,,,,13.2200003E-6,-3.60000014,,,,,13.2200003E-6,6.80000019,
,,,13.2400000E-6,-24.00000021E-3,,,,,13.2400000E-6,100.0000015E-3,,,,,13.2400000E-6,3.00000000,,,,,13.2400000E-6,-3.40000010,,,,,13.2400000E-6,6.40000010,
,,,13.2599998E-6,-26.00000054E-3,,,,,13.2599998E-6,96.000000834E-3,,,,,13.2599998E-6,3.20000005,,,,,13.2599998E-6,-3.40000010,,,,,13.2599998E-6,6.40000010,
,,,13.2799996E-6,-28.00000086E-3,,,,,13.2799996E-6,108.0000028E-3,,,,,13.2799996E-6,3.00000000,,,,,13.2799996E-6,-3.20000005,,,,,13.2799996E-6,6.00000000,
,,,13.3000003E-6,-30.00000119E-3,,,,,13.3000003E-6,108.0000028E-3,,,,,13.3000003E-6,2.79999995,,,,,13.3000003E-6,-3.00000000,,,,,13.3000003E-6,5.59999990,
,,,13.3200001E-6,-30.00000119E-3,,,,,13.3200001E-6,108.0000028E-3,,,,,13.3200001E-6,2.6000001,,,,,13.3200001E-6,-3.00000000,,,,,13.3200001E-6,5.59999990,
,,,13.3399999E-6,-30.00000119E-3,,,,,13.3399999E-6,108.0000028E-3,,,,,13.3399999E-6,2.4000001,,,,,13.3399999E-6,-2.79999995,,,,,13.3399999E-6,5.20000029,
,,,13.3599997E-6,-32.00000152E-3,,,,,13.3599997E-6,112.0000035E-3,,,,,13.3599997E-6,2.2000000,,,,,13.3599997E-6,-2.6000001,,,,,13.3599997E-6,4.80000019,
,,,13.3799995E-6,-30.00000119E-3,,,,,13.3799995E-6,116.0000041E-3,,,,,13.3799995E-6,2.2000000,,,,,13.3799995E-6,-2.6000001,,,,,13.3799995E-6,4.80000019,
,,,13.4000002E-6,-32.00000152E-3,,,,,13.4000002E-6,116.0000041E-3,,,,,13.4000002E-6,2.2000000,,,,,13.4000002E-6,-2.4000001,,,,,13.4000002E-6,4.40000010,
,,,13.4200000E-6,-30.00000119E-3,,,,,13.4200000E-6,120.0000048E-3,,,,,13.4200000E-6,1.6000000,,,,,13.4200000E-6,-2.4000001,,,,,13.4200000E-6,4.00000000,
,,,13.4399997E-6,-34.00000185E-3,,,,,13.4399997E-6,124.0000054E-3,,,,,13.4399997E-6,1.8000001,,,,,13.4399997E-6,-2.0000000,,,,,13.4399997E-6,3.60000014,
,,,13.4599995E-6,-30.00000119E-3,,,,,13.4599995E-6,128.0000061E-3,,,,,13.4599995E-6,1.6000000,,,,,13.4599995E-6,-2.0000000,,,,,13.4599995E-6,3.60000014,
,,,13.4800002E-6,-38.00000250E-3,,,,,13.4800002E-6,124.0000054E-3,,,,,13.4800002E-6,1.4000000,,,,,13.4800002E-6,-1.8000001,,,,,13.4800002E-6,3.20000005,
,,,13.5000000E-6,-36.00000218E-3,,,,,13.5000000E-6,124.0000054E-3,,,,,13.5000000E-6,1.4000000,,,,,13.5000000E-6,-1.8000001,,,,,13.5000000E-6,3.20000005,
,,,13.5199998E-6,-38.00000250E-3,,,,,13.5199998E-6,131.9999993E-3,,,,,13.5199998E-6,1.2000000,,,,,13.5199998E-6,-1.6000000,,,,,13.5199998E-6,2.79999995,
,,,13.5399996E-6,-40.00000283E-3,,,,,13.5399996E-6,131.9999993E-3,,,,,13.5399996E-6,1.000000,,,,,13.5399996E-6,-1.6000000,,,,,13.5399996E-6,2.4000001,
,,,13.5600003E-6,-40.00000283E-3,,,,,13.5600003E-6,131.9999993E-3,,,,,13.5600003E-6,800.000011921E-3,,,,,13.5600003E-6,-1.6000000,,,,,13.5600003E-6,2.4000001,
,,,13.5800001E-6,-38.00000250E-3,,,,,13.5800001E-6,128.0000061E-3,,,,,13.5800001E-6,600.000023842E-3,,,,,13.5800001E-6,-1.000000,,,,,13.5800001E-6,1.6000000,
,,,13.5999999E-6,-44.00000349E-3,,,,,13.5999999E-6,131.9999993E-3,,,,,13.5999999E-6,400.00000596E-3,,,,,13.5999999E-6,-800.000011921E-3,,,,,13.5999999E-6,1.2000000,
,,,13.6199997E-6,-40.00000283E-3,,,,,13.6199997E-6,144.0000087E-3,,,,,13.6199997E-6,400.00000596E-3,,,,,13.6199997E-6,-1.000000,,,,,13.6199997E-6,1.2000000,
,,,13.6399995E-6,-40.00000283E-3,,,,,13.6399995E-6,144.0000087E-3,,,,,13.6399995E-6,0.0,,,,,13.6399995E-6,-600.000023842E-3,,,,,13.6399995E-6,400.00000596E-3,
,,,13.6600001E-6,-44.00000349E-3,,,,,13.6600001E-6,144.0000087E-3,,,,,13.6600001E-6,0.0,,,,,13.6600001E-6,-800.000011921E-3,,,,,13.6600001E-6,800.000011921E-3,
,,,13.6799999E-6,-44.00000349E-3,,,,,13.6799999E-6,140.0000006E-3,,,,,13.6799999E-6,0.0,,,,,13.6799999E-6,-200.00000298E-3,,,,,13.6799999E-6,0.0,
,,,13.6999997E-6,-44.00000349E-3,,,,,13.6999997E-6,148.0000019E-3,,,,,13.6999997E-6,-200.00000298E-3,,,,,13.6999997E-6,-200.00000298E-3,,,,,13.6999997E-6,0.0,
,,,13.7199995E-6,-46.00000381E-3,,,,,13.7199995E-6,152.00001001E-3,,,,,13.7199995E-6,-400.00000596E-3,,,,,13.7199995E-6,-200.00000298E-3,,,,,13.7199995E-6,-400.00000596E-3,
,,,13.7400002E-6,-46.00000381E-3,,,,,13.7400002E-6,148.0000019E-3,,,,,13.7400002E-6,-600.000023842E-3,,,,,13.7400002E-6,0.0,,,,,13.7400002E-6,-800.000011921E-3,
,,,13.7600000E-6,-50.00000075E-3,,,,,13.7600000E-6,148.0000019E-3,,,,,13.7600000E-6,-600.000023842E-3,,,,,13.7600000E-6,0.0,,,,,13.7600000E-6,-800.000011921E-3,
,,,13.7799998E-6,-46.00000381E-3,,,,,13.7799998E-6,156.00000322E-3,,,,,13.7799998E-6,-800.000011921E-3,,,,,13.7799998E-6,200.00000298E-3,,,,,13.7799998E-6,-1.2000000,
,,,13.7999996E-6,-50.00000075E-3,,,,,13.7999996E-6,156.00000322E-3,,,,,13.7999996E-6,-1.000000,,,,,13.7999996E-6,200.00000298E-3,,,,,13.7999996E-6,-1.2000000,
,,,13.8200003E-6,-48.00000042E-3,,,,,13.8200003E-6,160.00001132E-3,,,,,13.8200003E-6,-1.000000,,,,,13.8200003E-6,600.000023842E-3,,,,,13.8200003E-6,-1.6000000,
,,,13.8400001E-6,-50.00000075E-3,,,,,13.8400001E-6,164.00000453E-3,,,,,13.8400001E-6,-1.4000000,,,,,13.8400001E-6,600.000023842E-3,,,,,13.8400001E-6,-2.0000000,
,,,13.8599999E-6,-50.00000075E-3,,,,,13.8599999E-6,160.00001132E-3,,,,,13.8599999E-6,-1.4000000,,,,,13.8599999E-6,800.000011921E-3,,,,,13.8599999E-6,-2.4000001,
,,,13.8799996E-6,-52.00000107E-3,,,,,13.8799996E-6,168.00001264E-3,,,,,13.8799996E-6,-1.6000000,,,,,13.8799996E-6,1.000000,,,,,13.8799996E-6,-2.79999995,
,,,13.9000003E-6,-52.00000107E-3,,,,,13.9000003E-6,168.00001264E-3,,,,,13.9000003E-6,-2.0000000,,,,,13.9000003E-6,1.000000,,,,,13.9000003E-6,-3.20000005,
,,,13.9200001E-6,-54.00000140E-3,,,,,13.9200001E-6,172.00000584E-3,,,,,13.9200001E-6,-2.0000000,,,,,13.9200001E-6,1.2000000,,,,,13.9200001E-6,-3.20000005,
,,,13.9399999E-6,-54.00000140E-3,,,,,13.9399999E-6,168.00001264E-3,,,,,13.9399999E-6,-2.0000000,,,,,13.9399999E-6,1.4000000,,,,,13.9399999E-6,-3.60000014,
,,,13.9599997E-6,-52.00000107E-3,,,,,13.9599997E-6,168.00001264E-3,,,,,13.9599997E-6,-2.2000000,,,,,13.9599997E-6,1.6000000,,,,,13.9599997E-6,-4.00000000,
,,,13.9799995E-6,-54.00000140E-3,,,,,13.9799995E-6,172.00000584E-3,,,,,13.9799995E-6,-2.6000001,,,,,13.9799995E-6,1.6000000,,,,,13.9799995E-6,-4.40000010,
,,,14.0000002E-6,-54.00000140E-3,,,,,14.0000002E-6,180.00000715E-3,,,,,14.0000002E-6,-2.4000001,,,,,14.0000002E-6,1.6000000,,,,,14.0000002E-6,-4.00000000,
,,,14.0200000E-6,-56.000001729E-3,,,,,14.0200000E-6,180.00000715E-3,,,,,14.0200000E-6,-2.79999995,,,,,14.0200000E-6,2.0000000,,,,,14.0200000E-6,-4.80000019,
,,,14.0399998E-6,-56.000001729E-3,,,,,14.0399998E-6,180.00000715E-3,,,,,14.0399998E-6,-2.79999995,,,,,14.0399998E-6,2.2000000,,,,,14.0399998E-6,-5.20000029,
,,,14.0599996E-6,-58.000002056E-3,,,,,14.0599996E-6,180.00000715E-3,,,,,14.0599996E-6,-3.00000000,,,,,14.0599996E-6,2.2000000,,,,,14.0599996E-6,-5.20000029,
,,,14.0800003E-6,-58.000002056E-3,,,,,14.0800003E-6,180.00000715E-3,,,,,14.0800003E-6,-3.00000000,,,,,14.0800003E-6,2.2000000,,,,,14.0800003E-6,-5.20000029,
,,,14.1000000E-6,-58.000002056E-3,,,,,14.1000000E-6,184.00001526E-3,,,,,14.1000000E-6,-3.20000005,,,,,14.1000000E-6,2.4000001,,,,,14.1000000E-6,-5.59999990,
,,,14.1199998E-6,-58.000002056E-3,,,,,14.1199998E-6,184.00001526E-3,,,,,14.1199998E-6,-3.40000010,,,,,14.1199998E-6,2.79999995,,,,,14.1199998E-6,-6.40000010,
,,,14.1399996E-6,-60.000002384E-3,,,,,14.1399996E-6,180.00000715E-3,,,,,14.1399996E-6,-3.40000010,,,,,14.1399996E-6,2.79999995,,,,,14.1399996E-6,-6.40000010,
,,,14.1600003E-6,-58.000002056E-3,,,,,14.1600003E-6,188.00000846E-3,,,,,14.1600003E-6,-3.79999995,,,,,14.1600003E-6,2.79999995,,,,,14.1600003E-6,-6.80000019,
,,,14.1800001E-6,-62.000002712E-3,,,,,14.1800001E-6,188.00000846E-3,,,,,14.1800001E-6,-3.79999995,,,,,14.1800001E-6,2.79999995,,,,,14.1800001E-6,-6.80000019,
,,,14.1999999E-6,-62.000002712E-3,,,,,14.1999999E-6,184.00001526E-3,,,,,14.1999999E-6,-4.00000000,,,,,14.1999999E-6,2.79999995,,,,,14.1999999E-6,-6.80000019,
,,,14.2199997E-6,-60.000002384E-3,,,,,14.2199997E-6,192.00000167E-3,,,,,14.2199997E-6,-4.20000029,,,,,14.2199997E-6,3.20000005,,,,,14.2199997E-6,-7.599999905,
,,,14.2399995E-6,-62.000002712E-3,,,,,14.2399995E-6,188.00000846E-3,,,,,14.2399995E-6,-4.20000029,,,,,14.2399995E-6,3.40000010,,,,,14.2399995E-6,-7.599999905,
,,,14.2600002E-6,-60.000002384E-3,,,,,14.2600002E-6,188.00000846E-3,,,,,14.2600002E-6,-4.40000010,,,,,14.2600002E-6,3.60000014,,,,,14.2600002E-6,-8.000000000,
,,,14.2800000E-6,-62.000002712E-3,,,,,14.2800000E-6,192.00000167E-3,,,,,14.2800000E-6,-4.59999990,,,,,14.2800000E-6,3.60000014,,,,,14.2800000E-6,-8.400000572,
,,,14.2999997E-6,-62.000002712E-3,,,,,14.2999997E-6,192.00000167E-3,,,,,14.2999997E-6,-4.80000019,,,,,14.2999997E-6,3.79999995,,,,,14.2999997E-6,-8.800000191,
,,,14.3199995E-6,-62.000002712E-3,,,,,14.3199995E-6,192.00000167E-3,,,,,14.3199995E-6,-4.59999990,,,,,14.3199995E-6,4.00000000,,,,,14.3199995E-6,-8.800000191,
,,,14.3400002E-6,-62.000002712E-3,,,,,14.3400002E-6,192.00000167E-3,,,,,14.3400002E-6,-5.00000000,,,,,14.3400002E-6,3.79999995,,,,,14.3400002E-6,-8.800000191,
,,,14.3600000E-6,-64.000003040E-3,,,,,14.3600000E-6,192.00000167E-3,,,,,14.3600000E-6,-5.00000000,,,,,14.3600000E-6,4.20000029,,,,,14.3600000E-6,-9.199999809,
,,,14.3799998E-6,-62.000002712E-3,,,,,14.3799998E-6,192.00000167E-3,,,,,14.3799998E-6,-5.20000029,,,,,14.3799998E-6,4.20000029,,,,,14.3799998E-6,-9.600000381,
,,,14.3999996E-6,-64.000003040E-3,,,,,14.3999996E-6,200.00000298E-3,,,,,14.3999996E-6,-5.20000029,,,,,14.3999996E-6,4.40000010,,,,,14.3999996E-6,-9.600000381,
,,,14.4200003E-6,-65.999999642E-3,,,,,14.4200003E-6,200.00000298E-3,,,,,14.4200003E-6,-5.20000029,,,,,14.4200003E-6,4.40000010,,,,,14.4200003E-6,-9.600000381,
,,,14.4400001E-6,-64.000003040E-3,,,,,14.4400001E-6,200.00000298E-3,,,,,14.4400001E-6,-5.40000010,,,,,14.4400001E-6,4.59999990,,,,,14.4400001E-6,-10.0000000,
,,,14.4599999E-6,-65.999999642E-3,,,,,14.4599999E-6,196.00000978E-3,,,,,14.4599999E-6,-5.80000019,,,,,14.4599999E-6,4.80000019,,,,,14.4599999E-6,-10.8000002,
,,,14.4799997E-6,-65.999999642E-3,,,,,14.4799997E-6,200.00000298E-3,,,,,14.4799997E-6,-6.00000000,,,,,14.4799997E-6,5.00000000,,,,,14.4799997E-6,-11.1999998,
,,,14.4999995E-6,-68.000003695E-3,,,,,14.4999995E-6,196.00000978E-3,,,,,14.4999995E-6,-6.20000029,,,,,14.4999995E-6,5.00000000,,,,,14.4999995E-6,-11.1999998,
,,,14.5200001E-6,-68.000003695E-3,,,,,14.5200001E-6,200.00000298E-3,,,,,14.5200001E-6,-6.00000000,,,,,14.5200001E-6,5.20000029,,,,,14.5200001E-6,-11.1999998,
,,,14.5399999E-6,-65.999999642E-3,,,,,14.5399999E-6,196.00000978E-3,,,,,14.5399999E-6,-6.00000000,,,,,14.5399999E-6,5.20000029,,,,,14.5399999E-6,-11.1999998,
,,,14.5599997E-6,-65.999999642E-3,,,,,14.5599997E-6,200.00000298E-3,,,,,14.5599997E-6,-6.20000029,,,,,14.5599997E-6,5.20000029,,,,,14.5599997E-6,-11.6000004,
,,,14.5799995E-6,-68.000003695E-3,,,,,14.5799995E-6,200.00000298E-3,,,,,14.5799995E-6,-6.20000029,,,,,14.5799995E-6,5.40000010,,,,,14.5799995E-6,-11.6000004,
,,,14.6000002E-6,-68.000003695E-3,,,,,14.6000002E-6,200.00000298E-3,,,,,14.6000002E-6,-6.40000010,,,,,14.6000002E-6,5.40000010,,,,,14.6000002E-6,-12.0000000,
,,,14.6200000E-6,-68.000003695E-3,,,,,14.6200000E-6,200.00000298E-3,,,,,14.6200000E-6,-6.59999990,,,,,14.6200000E-6,5.80000019,,,,,14.6200000E-6,-12.4000006,
,,,14.6399998E-6,-65.999999642E-3,,,,,14.6399998E-6,200.00000298E-3,,,,,14.6399998E-6,-6.59999990,,,,,14.6399998E-6,5.59999990,,,,,14.6399998E-6,-12.4000006,
,,,14.6599996E-6,-68.000003695E-3,,,,,14.6599996E-6,200.00000298E-3,,,,,14.6599996E-6,-6.59999990,,,,,14.6599996E-6,5.80000019,,,,,14.6599996E-6,-12.4000006,
,,,14.6800003E-6,-68.000003695E-3,,,,,14.6800003E-6,208.00000429E-3,,,,,14.6800003E-6,-6.80000019,,,,,14.6800003E-6,6.00000000,,,,,14.6800003E-6,-12.8000002,
,,,14.7000001E-6,-65.999999642E-3,,,,,14.7000001E-6,196.00000978E-3,,,,,14.7000001E-6,-7.00000000,,,,,14.7000001E-6,6.00000000,,,,,14.7000001E-6,-13.1999998,
,,,14.7199999E-6,-65.999999642E-3,,,,,14.7199999E-6,200.00000298E-3,,,,,14.7199999E-6,-7.00000000,,,,,14.7199999E-6,6.00000000,,,,,14.7199999E-6,-13.1999998,
,,,14.7399996E-6,-70.000000298E-3,,,,,14.7399996E-6,200.00000298E-3,,,,,14.7399996E-6,-7.400000095,,,,,14.7399996E-6,6.40000010,,,,,14.7399996E-6,-14.0000000,
,,,14.7600003E-6,-65.999999642E-3,,,,,14.7600003E-6,204.00001109E-3,,,,,14.7600003E-6,-7.400000095,,,,,14.7600003E-6,6.40000010,,,,,14.7600003E-6,-14.0000000,
,,,14.7800001E-6,-70.000000298E-3,,,,,14.7800001E-6,204.00001109E-3,,,,,14.7800001E-6,-7.400000095,,,,,14.7800001E-6,6.59999990,,,,,14.7800001E-6,-14.0000000,
,,,14.7999999E-6,-70.000000298E-3,,,,,14.7999999E-6,204.00001109E-3,,,,,14.7999999E-6,-7.599999905,,,,,14.7999999E-6,6.40000010,,,,,14.7999999E-6,-14.0000000,
,,,14.8199997E-6,-68.000003695E-3,,,,,14.8199997E-6,200.00000298E-3,,,,,14.8199997E-6,-7.800000191,,,,,14.8199997E-6,6.80000019,,,,,14.8199997E-6,-14.8000002,
,,,14.8399995E-6,-70.000000298E-3,,,,,14.8399995E-6,204.00001109E-3,,,,,14.8399995E-6,-7.800000191,,,,,14.8399995E-6,6.80000019,,,,,14.8399995E-6,-14.8000002,
,,,14.8600002E-6,-70.000000298E-3,,,,,14.8600002E-6,204.00001109E-3,,,,,14.8600002E-6,-7.800000191,,,,,14.8600002E-6,7.20000029,,,,,14.8600002E-6,-15.1999998,
,,,14.8800000E-6,-70.000000298E-3,,,,,14.8800000E-6,200.00000298E-3,,,,,14.8800000E-6,-7.800000191,,,,,14.8800000E-6,7.00000000,,,,,14.8800000E-6,-14.8000002,
,,,14.8999998E-6,-70.000000298E-3,,,,,14.8999998E-6,200.00000298E-3,,,,,14.8999998E-6,-8.000000000,,,,,14.8999998E-6,7.00000000,,,,,14.8999998E-6,-15.1999998,
,,,14.9199996E-6,-70.000000298E-3,,,,,14.9199996E-6,204.00001109E-3,,,,,14.9199996E-6,-8.199999809,,,,,14.9199996E-6,7.20000029,,,,,14.9199996E-6,-15.6000004,
,,,14.9400003E-6,-68.000003695E-3,,,,,14.9400003E-6,200.00000298E-3,,,,,14.9400003E-6,-8.000000000,,,,,14.9400003E-6,7.20000029,,,,,14.9400003E-6,-15.1999998,
,,,14.9600000E-6,-68.000003695E-3,,,,,14.9600000E-6,200.00000298E-3,,,,,14.9600000E-6,-8.400000572,,,,,14.9600000E-6,7.400000095,,,,,14.9600000E-6,-16.0000000,
,,,14.9799998E-6,-68.000003695E-3,,,,,14.9799998E-6,200.00000298E-3,,,,,14.9799998E-6,-8.400000572,,,,,14.9799998E-6,7.599999905,,,,,14.9799998E-6,-16.0000000,
,,,14.9999996E-6,-68.000003695E-3,,,,,14.9999996E-6,204.00001109E-3,,,,,14.9999996E-6,-8.600000381,,,,,14.9999996E-6,7.400000095,,,,,14.9999996E-6,-16.0000000,
,,,15.0200003E-6,-65.999999642E-3,,,,,15.0200003E-6,204.00001109E-3,,,,,15.0200003E-6,-8.400000572,,,,,15.0200003E-6,7.599999905,,,,,15.0200003E-6,-16.0000000,
,,,15.0400001E-6,-68.000003695E-3,,,,,15.0400001E-6,196.00000978E-3,,,,,15.0400001E-6,-8.600000381,,,,,15.0400001E-6,7.400000095,,,,,15.0400001E-6,-16.0000000,
,,,15.0599999E-6,-70.000000298E-3,,,,,15.0599999E-6,200.00000298E-3,,,,,15.0599999E-6,-8.600000381,,,,,15.0599999E-6,7.599999905,,,,,15.0599999E-6,-16.3999996,
,,,15.0799997E-6,-68.000003695E-3,,,,,15.0799997E-6,200.00000298E-3,,,,,15.0799997E-6,-8.800000191,,,,,15.0799997E-6,7.599999905,,,,,15.0799997E-6,-16.3999996,
,,,15.0999995E-6,-68.000003695E-3,,,,,15.0999995E-6,196.00000978E-3,,,,,15.0999995E-6,-8.800000191,,,,,15.0999995E-6,8.000000000,,,,,15.0999995E-6,-16.8000011,
,,,15.1200002E-6,-65.999999642E-3,,,,,15.1200002E-6,200.00000298E-3,,,,,15.1200002E-6,-8.800000191,,,,,15.1200002E-6,8.000000000,,,,,15.1200002E-6,-16.8000011,
,,,15.1400000E-6,-68.000003695E-3,,,,,15.1400000E-6,200.00000298E-3,,,,,15.1400000E-6,-9.199999809,,,,,15.1400000E-6,8.000000000,,,,,15.1400000E-6,-17.2000008,
,,,15.1599997E-6,-68.000003695E-3,,,,,15.1599997E-6,192.00000167E-3,,,,,15.1599997E-6,-9.000000000,,,,,15.1599997E-6,8.199999809,,,,,15.1599997E-6,-17.2000008,
,,,15.1799995E-6,-70.000000298E-3,,,,,15.1799995E-6,196.00000978E-3,,,,,15.1799995E-6,-9.000000000,,,,,15.1799995E-6,8.199999809,,,,,15.1799995E-6,-17.2000008,
,,,15.2000002E-6,-68.000003695E-3,,,,,15.2000002E-6,196.00000978E-3,,,,,15.2000002E-6,-9.199999809,,,,,15.2000002E-6,8.400000572,,,,,15.2000002E-6,-17.6000004,
,,,15.2200000E-6,-65.999999642E-3,,,,,15.2200000E-6,196.00000978E-3,,,,,15.2200000E-6,-9.199999809,,,,,15.2200000E-6,8.199999809,,,,,15.2200000E-6,-17.6000004,
,,,15.2399998E-6,-68.000003695E-3,,,,,15.2399998E-6,192.00000167E-3,,,,,15.2399998E-6,-9.199999809,,,,,15.2399998E-6,8.400000572,,,,,15.2399998E-6,-17.6000004,
,,,15.2600005E-6,-68.000003695E-3,,,,,15.2600005E-6,192.00000167E-3,,,,,15.2600005E-6,-9.400000572,,,,,15.2600005E-6,8.400000572,,,,,15.2600005E-6,-18.0000000,
,,,15.2800003E-6,-68.000003695E-3,,,,,15.2800003E-6,188.00000846E-3,,,,,15.2800003E-6,-9.600000381,,,,,15.2800003E-6,8.600000381,,,,,15.2800003E-6,-18.3999996,
,,,15.3000001E-6,-65.999999642E-3,,,,,15.3000001E-6,192.00000167E-3,,,,,15.3000001E-6,-9.400000572,,,,,15.3000001E-6,8.600000381,,,,,15.3000001E-6,-18.0000000,
,,,15.3199999E-6,-65.999999642E-3,,,,,15.3199999E-6,192.00000167E-3,,,,,15.3199999E-6,-9.400000572,,,,,15.3199999E-6,8.199999809,,,,,15.3199999E-6,-17.6000004,
,,,15.3399997E-6,-65.999999642E-3,,,,,15.3399997E-6,192.00000167E-3,,,,,15.3399997E-6,-9.600000381,,,,,15.3399997E-6,8.600000381,,,,,15.3399997E-6,-18.3999996,
,,,15.3599995E-6,-65.999999642E-3,,,,,15.3599995E-6,188.00000846E-3,,,,,15.3599995E-6,-9.600000381,,,,,15.3599995E-6,8.600000381,,,,,15.3599995E-6,-18.3999996,
,,,15.3799992E-6,-65.999999642E-3,,,,,15.3799992E-6,188.00000846E-3,,,,,15.3799992E-6,-9.600000381,,,,,15.3799992E-6,8.600000381,,,,,15.3799992E-6,-18.3999996,
,,,15.3999990E-6,-64.000003040E-3,,,,,15.3999990E-6,184.00001526E-3,,,,,15.3999990E-6,-9.800000191,,,,,15.3999990E-6,8.800000191,,,,,15.3999990E-6,-18.8000011,
,,,15.4200006E-6,-64.000003040E-3,,,,,15.4200006E-6,188.00000846E-3,,,,,15.4200006E-6,-9.800000191,,,,,15.4200006E-6,8.800000191,,,,,15.4200006E-6,-18.8000011,
,,,15.4400004E-6,-65.999999642E-3,,,,,15.4400004E-6,184.00001526E-3,,,,,15.4400004E-6,-9.800000191,,,,,15.4400004E-6,9.000000000,,,,,15.4400004E-6,-18.8000011,
,,,15.4600002E-6,-62.000002712E-3,,,,,15.4600002E-6,180.00000715E-3,,,,,15.4600002E-6,-9.800000191,,,,,15.4600002E-6,8.800000191,,,,,15.4600002E-6,-18.8000011,
,,,15.4800000E-6,-65.999999642E-3,,,,,15.4800000E-6,180.00000715E-3,,,,,15.4800000E-6,-10.0000000,,,,,15.4800000E-6,9.000000000,,,,,15.4800000E-6,-19.2000008,
,,,15.4999998E-6,-64.000003040E-3,,,,,15.4999998E-6,180.00000715E-3,,,,,15.4999998E-6,-10.0000000,,,,,15.4999998E-6,8.800000191,,,,,15.4999998E-6,-18.8000011,
,,,15.5199996E-6,-64.000003040E-3,,,,,15.5199996E-6,180.00000715E-3,,,,,15.5199996E-6,-10.0000000,,,,,15.5199996E-6,9.199999809,,,,,15.5199996E-6,-19.2000008,
,,,15.5399994E-6,-64.000003040E-3,,,,,15.5399994E-6,176.00001395E-3,,,,,15.5399994E-6,-10.0000000,,,,,15.5399994E-6,9.199999809,,,,,15.5399994E-6,-19.2000008,
,,,15.5599992E-6,-64.000003040E-3,,,,,15.5599992E-6,176.00001395E-3,,,,,15.5599992E-6,-10.1999998,,,,,15.5599992E-6,9.400000572,,,,,15.5599992E-6,-19.6000004,
,,,15.5800008E-6,-64.000003040E-3,,,,,15.5800008E-6,180.00000715E-3,,,,,15.5800008E-6,-10.0000000,,,,,15.5800008E-6,9.199999809,,,,,15.5800008E-6,-19.2000008,
,,,15.6000006E-6,-64.000003040E-3,,,,,15.6000006E-6,176.00001395E-3,,,,,15.6000006E-6,-10.1999998,,,,,15.6000006E-6,9.000000000,,,,,15.6000006E-6,-19.2000008,
,,,15.6200003E-6,-62.000002712E-3,,,,,15.6200003E-6,176.00001395E-3,,,,,15.6200003E-6,-10.1999998,,,,,15.6200003E-6,9.199999809,,,,,15.6200003E-6,-19.6000004,
,,,15.6400001E-6,-65.999999642E-3,,,,,15.6400001E-6,176.00001395E-3,,,,,15.6400001E-6,-10.0000000,,,,,15.6400001E-6,9.400000572,,,,,15.6400001E-6,-19.6000004,
,,,15.6599999E-6,-64.000003040E-3,,,,,15.6599999E-6,172.00000584E-3,,,,,15.6599999E-6,-10.1999998,,,,,15.6599999E-6,9.400000572,,,,,15.6599999E-6,-19.6000004,
,,,15.6799997E-6,-64.000003040E-3,,,,,15.6799997E-6,172.00000584E-3,,,,,15.6799997E-6,-10.1999998,,,,,15.6799997E-6,9.400000572,,,,,15.6799997E-6,-19.6000004,
,,,15.6999995E-6,-62.000002712E-3,,,,,15.6999995E-6,164.00000453E-3,,,,,15.6999995E-6,-10.4000006,,,,,15.6999995E-6,9.600000381,,,,,15.6999995E-6,-20.0000000,
,,,15.7199993E-6,-60.000002384E-3,,,,,15.7199993E-6,168.00001264E-3,,,,,15.7199993E-6,-10.4000006,,,,,15.7199993E-6,9.400000572,,,,,15.7199993E-6,-20.0000000,
,,,15.7399991E-6,-62.000002712E-3,,,,,15.7399991E-6,168.00001264E-3,,,,,15.7399991E-6,-10.1999998,,,,,15.7399991E-6,9.400000572,,,,,15.7399991E-6,-19.6000004,
,,,15.7600007E-6,-60.000002384E-3,,,,,15.7600007E-6,164.00000453E-3,,,,,15.7600007E-6,-10.4000006,,,,,15.7600007E-6,9.400000572,,,,,15.7600007E-6,-20.0000000,
,,,15.7800005E-6,-60.000002384E-3,,,,,15.7800005E-6,164.00000453E-3,,,,,15.7800005E-6,-10.4000006,,,,,15.7800005E-6,9.400000572,,,,,15.7800005E-6,-20.0000000,
,,,15.8000003E-6,-56.000001729E-3,,,,,15.8000003E-6,164.00000453E-3,,,,,15.8000003E-6,-10.4000006,,,,,15.8000003E-6,9.600000381,,,,,15.8000003E-6,-20.0000000,
,,,15.8200000E-6,-60.000002384E-3,,,,,15.8200000E-6,160.00001132E-3,,,,,15.8200000E-6,-10.4000006,,,,,15.8200000E-6,9.800000191,,,,,15.8200000E-6,-20.39999962,
,,,15.8399998E-6,-60.000002384E-3,,,,,15.8399998E-6,156.00000322E-3,,,,,15.8399998E-6,-10.6000004,,,,,15.8399998E-6,9.600000381,,,,,15.8399998E-6,-20.39999962,
,,,15.8599996E-6,-58.000002056E-3,,,,,15.8599996E-6,156.00000322E-3,,,,,15.8599996E-6,-10.4000006,,,,,15.8599996E-6,9.600000381,,,,,15.8599996E-6,-20.0000000,
,,,15.8799994E-6,-56.000001729E-3,,,,,15.8799994E-6,156.00000322E-3,,,,,15.8799994E-6,-10.4000006,,,,,15.8799994E-6,9.600000381,,,,,15.8799994E-6,-20.0000000,
,,,15.8999992E-6,-56.000001729E-3,,,,,15.8999992E-6,156.00000322E-3,,,,,15.8999992E-6,-10.6000004,,,,,15.8999992E-6,9.600000381,,,,,15.8999992E-6,-20.39999962,
,,,15.9199990E-6,-60.000002384E-3,,,,,15.9199990E-6,152.00001001E-3,,,,,15.9199990E-6,-10.4000006,,,,,15.9199990E-6,9.800000191,,,,,15.9199990E-6,-20.39999962,
,,,15.9400006E-6,-56.000001729E-3,,,,,15.9400006E-6,148.0000019E-3,,,,,15.9400006E-6,-10.6000004,,,,,15.9400006E-6,9.600000381,,,,,15.9400006E-6,-20.39999962,
,,,15.9600004E-6,-56.000001729E-3,,,,,15.9600004E-6,148.0000019E-3,,,,,15.9600004E-6,-10.6000004,,,,,15.9600004E-6,9.600000381,,,,,15.9600004E-6,-20.39999962,
,,,15.9800002E-6,-54.00000140E-3,,,,,15.9800002E-6,152.00001001E-3,,,,,15.9800002E-6,-10.6000004,,,,,15.9800002E-6,9.600000381,,,,,15.9800002E-6,-20.39999962,
,,,16.0000000E-6,-54.00000140E-3,,,,,16.0000000E-6,148.0000019E-3,,,,,16.0000000E-6,-10.4000006,,,,,16.0000000E-6,9.800000191,,,,,16.0000000E-6,-20.39999962,
,,,16.0199997E-6,-52.00000107E-3,,,,,16.0199997E-6,148.0000019E-3,,,,,16.0199997E-6,-10.4000006,,,,,16.0199997E-6,9.600000381,,,,,16.0199997E-6,-20.0000000,
,,,16.0399995E-6,-54.00000140E-3,,,,,16.0399995E-6,144.0000087E-3,,,,,16.0399995E-6,-10.4000006,,,,,16.0399995E-6,9.600000381,,,,,16.0399995E-6,-20.0000000,
,,,16.0599993E-6,-54.00000140E-3,,,,,16.0599993E-6,144.0000087E-3,,,,,16.0599993E-6,-10.4000006,,,,,16.0599993E-6,9.800000191,,,,,16.0599993E-6,-20.39999962,
,,,16.0799991E-6,-54.00000140E-3,,,,,16.0799991E-6,144.0000087E-3,,,,,16.0799991E-6,-10.4000006,,,,,16.0799991E-6,9.600000381,,,,,16.0799991E-6,-20.0000000,
,,,16.1000007E-6,-52.00000107E-3,,,,,16.1000007E-6,140.0000006E-3,,,,,16.1000007E-6,-10.4000006,,,,,16.1000007E-6,9.800000191,,,,,16.1000007E-6,-20.39999962,
,,,16.1200005E-6,-52.00000107E-3,,,,,16.1200005E-6,140.0000006E-3,,,,,16.1200005E-6,-10.6000004,,,,,16.1200005E-6,9.800000191,,,,,16.1200005E-6,-20.39999962,
,,,16.1400003E-6,-52.00000107E-3,,,,,16.1400003E-6,136.0000074E-3,,,,,16.1400003E-6,-10.4000006,,,,,16.1400003E-6,9.600000381,,,,,16.1400003E-6,-20.0000000,
,,,16.1600001E-6,-50.00000075E-3,,,,,16.1600001E-6,136.0000074E-3,,,,,16.1600001E-6,-10.1999998,,,,,16.1600001E-6,9.600000381,,,,,16.1600001E-6,-20.0000000,
,,,16.1799999E-6,-50.00000075E-3,,,,,16.1799999E-6,136.0000074E-3,,,,,16.1799999E-6,-10.4000006,,,,,16.1799999E-6,9.400000572,,,,,16.1799999E-6,-20.0000000,
,,,16.1999997E-6,-50.00000075E-3,,,,,16.1999997E-6,136.0000074E-3,,,,,16.1999997E-6,-10.4000006,,,,,16.1999997E-6,9.600000381,,,,,16.1999997E-6,-20.0000000,
,,,16.2199995E-6,-48.00000042E-3,,,,,16.2199995E-6,131.9999993E-3,,,,,16.2199995E-6,-10.4000006,,,,,16.2199995E-6,9.800000191,,,,,16.2199995E-6,-20.39999962,
,,,16.2399992E-6,-48.00000042E-3,,,,,16.2399992E-6,131.9999993E-3,,,,,16.2399992E-6,-10.4000006,,,,,16.2399992E-6,9.600000381,,,,,16.2399992E-6,-20.0000000,
,,,16.2599990E-6,-48.00000042E-3,,,,,16.2599990E-6,128.0000061E-3,,,,,16.2599990E-6,-10.1999998,,,,,16.2599990E-6,9.600000381,,,,,16.2599990E-6,-20.0000000,
,,,16.2800006E-6,-46.00000381E-3,,,,,16.2800006E-6,128.0000061E-3,,,,,16.2800006E-6,-10.4000006,,,,,16.2800006E-6,9.600000381,,,,,16.2800006E-6,-20.0000000,
,,,16.3000004E-6,-46.00000381E-3,,,,,16.3000004E-6,124.0000054E-3,,,,,16.3000004E-6,-10.1999998,,,,,16.3000004E-6,9.600000381,,,,,16.3000004E-6,-20.0000000,
,,,16.3200002E-6,-46.00000381E-3,,,,,16.3200002E-6,120.0000048E-3,,,,,16.3200002E-6,-10.1999998,,,,,16.3200002E-6,9.600000381,,,,,16.3200002E-6,-20.0000000,
,,,16.3400000E-6,-46.00000381E-3,,,,,16.3400000E-6,116.0000041E-3,,,,,16.3400000E-6,-10.4000006,,,,,16.3400000E-6,9.800000191,,,,,16.3400000E-6,-20.39999962,
,,,16.3599998E-6,-46.00000381E-3,,,,,16.3599998E-6,120.0000048E-3,,,,,16.3599998E-6,-10.1999998,,,,,16.3599998E-6,9.400000572,,,,,16.3599998E-6,-19.6000004,
,,,16.3799996E-6,-44.00000349E-3,,,,,16.3799996E-6,120.0000048E-3,,,,,16.3799996E-6,-10.1999998,,,,,16.3799996E-6,9.600000381,,,,,16.3799996E-6,-20.0000000,
,,,16.3999994E-6,-42.00000316E-3,,,,,16.3999994E-6,116.0000041E-3,,,,,16.3999994E-6,-10.1999998,,,,,16.3999994E-6,9.400000572,,,,,16.3999994E-6,-19.6000004,
,,,16.4199992E-6,-42.00000316E-3,,,,,16.4199992E-6,112.0000035E-3,,,,,16.4199992E-6,-10.1999998,,,,,16.4199992E-6,9.400000572,,,,,16.4199992E-6,-19.6000004,
,,,16.4400008E-6,-42.00000316E-3,,,,,16.4400008E-6,108.0000028E-3,,,,,16.4400008E-6,-10.0000000,,,,,16.4400008E-6,9.199999809,,,,,16.4400008E-6,-19.2000008,
,,,16.4600006E-6,-40.00000283E-3,,,,,16.4600006E-6,112.0000035E-3,,,,,16.4600006E-6,-10.0000000,,,,,16.4600006E-6,9.400000572,,,,,16.4600006E-6,-19.6000004,
,,,16.4800003E-6,-42.00000316E-3,,,,,16.4800003E-6,108.0000028E-3,,,,,16.4800003E-6,-10.0000000,,,,,16.4800003E-6,9.199999809,,,,,16.4800003E-6,-19.2000008,
,,,16.5000001E-6,-42.00000316E-3,,,,,16.5000001E-6,108.0000028E-3,,,,,16.5000001E-6,-9.800000191,,,,,16.5000001E-6,9.199999809,,,,,16.5000001E-6,-19.2000008,
,,,16.5199999E-6,-40.00000283E-3,,,,,16.5199999E-6,104.0000021E-3,,,,,16.5199999E-6,-10.0000000,,,,,16.5199999E-6,9.199999809,,,,,16.5199999E-6,-19.2000008,
,,,16.5399997E-6,-38.00000250E-3,,,,,16.5399997E-6,104.0000021E-3,,,,,16.5399997E-6,-9.800000191,,,,,16.5399997E-6,9.000000000,,,,,16.5399997E-6,-18.8000011,
,,,16.5599995E-6,-38.00000250E-3,,,,,16.5599995E-6,100.0000015E-3,,,,,16.5599995E-6,-9.600000381,,,,,16.5599995E-6,9.000000000,,,,,16.5599995E-6,-18.8000011,
,,,16.5799993E-6,-36.00000218E-3,,,,,16.5799993E-6,104.0000021E-3,,,,,16.5799993E-6,-9.800000191,,,,,16.5799993E-6,9.199999809,,,,,16.5799993E-6,-19.2000008,
,,,16.5999991E-6,-36.00000218E-3,,,,,16.5999991E-6,92.000007629E-3,,,,,16.5999991E-6,-9.800000191,,,,,16.5999991E-6,9.199999809,,,,,16.5999991E-6,-19.2000008,
,,,16.6200007E-6,-36.00000218E-3,,,,,16.6200007E-6,96.000000834E-3,,,,,16.6200007E-6,-9.600000381,,,,,16.6200007E-6,9.199999809,,,,,16.6200007E-6,-18.8000011,
,,,16.6400005E-6,-32.00000152E-3,,,,,16.6400005E-6,92.000007629E-3,,,,,16.6400005E-6,-9.600000381,,,,,16.6400005E-6,9.199999809,,,,,16.6400005E-6,-18.8000011,
,,,16.6600003E-6,-36.00000218E-3,,,,,16.6600003E-6,92.000007629E-3,,,,,16.6600003E-6,-9.600000381,,,,,16.6600003E-6,9.000000000,,,,,16.6600003E-6,-18.8000011,
,,,16.6800000E-6,-32.00000152E-3,,,,,16.6800000E-6,88.000006974E-3,,,,,16.6800000E-6,-9.600000381,,,,,16.6800000E-6,8.800000191,,,,,16.6800000E-6,-18.3999996,
,,,16.6999998E-6,-32.00000152E-3,,,,,16.6999998E-6,88.000006974E-3,,,,,16.6999998E-6,-9.600000381,,,,,16.6999998E-6,8.800000191,,,,,16.6999998E-6,-18.3999996,
,,,16.7199996E-6,-34.00000185E-3,,,,,16.7199996E-6,84.000006318E-3,,,,,16.7199996E-6,-9.400000572,,,,,16.7199996E-6,8.800000191,,,,,16.7199996E-6,-18.3999996,
,,,16.7399994E-6,-32.00000152E-3,,,,,16.7399994E-6,80.000005662E-3,,,,,16.7399994E-6,-9.199999809,,,,,16.7399994E-6,8.600000381,,,,,16.7399994E-6,-18.0000000,
,,,16.7599992E-6,-32.00000152E-3,,,,,16.7599992E-6,80.000005662E-3,,,,,16.7599992E-6,-9.199999809,,,,,16.7599992E-6,9.000000000,,,,,16.7599992E-6,-18.3999996,
,,,16.7799990E-6,-30.00000119E-3,,,,,16.7799990E-6,80.000005662E-3,,,,,16.7799990E-6,-9.199999809,,,,,16.7799990E-6,8.600000381,,,,,16.7799990E-6,-18.0000000,
,,,16.8000006E-6,-26.00000054E-3,,,,,16.8000006E-6,76.000005007E-3,,,,,16.8000006E-6,-9.400000572,,,,,16.8000006E-6,8.600000381,,,,,16.8000006E-6,-18.0000000,
,,,16.8200004E-6,-28.00000086E-3,,,,,16.8200004E-6,68.000003695E-3,,,,,16.8200004E-6,-9.000000000,,,,,16.8200004E-6,8.600000381,,,,,16.8200004E-6,-17.6000004,
,,,16.8400002E-6,-30.00000119E-3,,,,,16.8400002E-6,76.000005007E-3,,,,,16.8400002E-6,-9.000000000,,,,,16.8400002E-6,8.600000381,,,,,16.8400002E-6,-17.6000004,
,,,16.8600000E-6,-28.00000086E-3,,,,,16.8600000E-6,72.000004351E-3,,,,,16.8600000E-6,-9.000000000,,,,,16.8600000E-6,8.400000572,,,,,16.8600000E-6,-17.6000004,
,,,16.8799997E-6,-26.00000054E-3,,,,,16.8799997E-6,68.000003695E-3,,,,,16.8799997E-6,-8.600000381,,,,,16.8799997E-6,8.400000572,,,,,16.8799997E-6,-17.2000008,
,,,16.8999995E-6,-24.00000021E-3,,,,,16.8999995E-6,64.000003040E-3,,,,,16.8999995E-6,-9.000000000,,,,,16.8999995E-6,8.400000572,,,,,16.8999995E-6,-17.6000004,
,,,16.9199993E-6,-24.00000021E-3,,,,,16.9199993E-6,60.000002384E-3,,,,,16.9199993E-6,-8.600000381,,,,,16.9199993E-6,8.400000572,,,,,16.9199993E-6,-17.2000008,
,,,16.9399991E-6,-26.00000054E-3,,,,,16.9399991E-6,56.000001729E-3,,,,,16.9399991E-6,-8.800000191,,,,,16.9399991E-6,8.199999809,,,,,16.9399991E-6,-17.2000008,
,,,16.9600007E-6,-24.00000021E-3,,,,,16.9600007E-6,56.000001729E-3,,,,,16.9600007E-6,-8.600000381,,,,,16.9600007E-6,8.199999809,,,,,16.9600007E-6,-16.8000011,
,,,16.9800005E-6,-24.00000021E-3,,,,,16.9800005E-6,56.000001729E-3,,,,,16.9800005E-6,-8.600000381,,,,,16.9800005E-6,8.199999809,,,,,16.9800005E-6,-16.8000011,
,,,17.0000003E-6,-22.00000174E-3,,,,,17.0000003E-6,52.00000107E-3,,,,,17.0000003E-6,-8.600000381,,,,,17.0000003E-6,8.199999809,,,,,17.0000003E-6,-16.8000011,
,,,17.0200001E-6,-20.0000014E-3,,,,,17.0200001E-6,52.00000107E-3,,,,,17.0200001E-6,-8.199999809,,,,,17.0200001E-6,8.000000000,,,,,17.0200001E-6,-16.3999996,
,,,17.0399999E-6,-20.0000014E-3,,,,,17.0399999E-6,48.00000042E-3,,,,,17.0399999E-6,-8.400000572,,,,,17.0399999E-6,7.800000191,,,,,17.0399999E-6,-16.3999996,
,,,17.0599997E-6,-18.0000011E-3,,,,,17.0599997E-6,48.00000042E-3,,,,,17.0599997E-6,-8.199999809,,,,,17.0599997E-6,7.800000191,,,,,17.0599997E-6,-16.0000000,
,,,17.0799995E-6,-18.0000011E-3,,,,,17.0799995E-6,48.00000042E-3,,,,,17.0799995E-6,-8.000000000,,,,,17.0799995E-6,7.800000191,,,,,17.0799995E-6,-16.0000000,
,,,17.0999992E-6,-16.0000008E-3,,,,,17.0999992E-6,44.00000349E-3,,,,,17.0999992E-6,-8.000000000,,,,,17.0999992E-6,7.800000191,,,,,17.0999992E-6,-16.0000000,
,,,17.1199990E-6,-16.0000008E-3,,,,,17.1199990E-6,44.00000349E-3,,,,,17.1199990E-6,-7.800000191,,,,,17.1199990E-6,7.599999905,,,,,17.1199990E-6,-15.6000004,
,,,17.1400006E-6,-18.0000011E-3,,,,,17.1400006E-6,36.00000218E-3,,,,,17.1400006E-6,-7.800000191,,,,,17.1400006E-6,7.599999905,,,,,17.1400006E-6,-15.6000004,
,,,17.1600004E-6,-16.0000008E-3,,,,,17.1600004E-6,40.00000283E-3,,,,,17.1600004E-6,-7.800000191,,,,,17.1600004E-6,7.599999905,,,,,17.1600004E-6,-15.6000004,
,,,17.1800002E-6,-16.0000008E-3,,,,,17.1800002E-6,32.00000152E-3,,,,,17.1800002E-6,-7.800000191,,,,,17.1800002E-6,7.400000095,,,,,17.1800002E-6,-15.1999998,
,,,17.2000000E-6,-14.0000004E-3,,,,,17.2000000E-6,36.00000218E-3,,,,,17.2000000E-6,-7.599999905,,,,,17.2000000E-6,7.400000095,,,,,17.2000000E-6,-15.1999998,
,,,17.2199998E-6,-14.0000004E-3,,,,,17.2199998E-6,32.00000152E-3,,,,,17.2199998E-6,-7.400000095,,,,,17.2199998E-6,7.20000029,,,,,17.2199998E-6,-14.8000002,
,,,17.2399996E-6,-12.0000001E-3,,,,,17.2399996E-6,32.00000152E-3,,,,,17.2399996E-6,-7.400000095,,,,,17.2399996E-6,7.20000029,,,,,17.2399996E-6,-14.8000002,
,,,17.2599994E-6,-10.0000007E-3,,,,,17.2599994E-6,28.00000086E-3,,,,,17.2599994E-6,-7.20000029,,,,,17.2599994E-6,7.00000000,,,,,17.2599994E-6,-14.4000006,
,,,17.2799992E-6,-12.0000001E-3,,,,,17.2799992E-6,20.0000014E-3,,,,,17.2799992E-6,-7.20000029,,,,,17.2799992E-6,7.00000000,,,,,17.2799992E-6,-14.4000006,
,,,17.3000008E-6,-10.0000007E-3,,,,,17.3000008E-6,24.00000021E-3,,,,,17.3000008E-6,-7.400000095,,,,,17.3000008E-6,6.80000019,,,,,17.3000008E-6,-14.4000006,
,,,17.3200006E-6,-14.0000004E-3,,,,,17.3200006E-6,20.0000014E-3,,,,,17.3200006E-6,-7.20000029,,,,,17.3200006E-6,7.00000000,,,,,17.3200006E-6,-14.4000006,
,,,17.3400003E-6,-6.00000005E-3,,,,,17.3400003E-6,20.0000014E-3,,,,,17.3400003E-6,-6.80000019,,,,,17.3400003E-6,7.00000000,,,,,17.3400003E-6,-14.0000000,
,,,17.3600001E-6,-10.0000007E-3,,,,,17.3600001E-6,16.0000008E-3,,,,,17.3600001E-6,-7.00000000,,,,,17.3600001E-6,6.80000019,,,,,17.3600001E-6,-14.0000000,
,,,17.3799999E-6,-6.00000005E-3,,,,,17.3799999E-6,12.0000001E-3,,,,,17.3799999E-6,-7.00000000,,,,,17.3799999E-6,7.00000000,,,,,17.3799999E-6,-14.0000000,
,,,17.3999997E-6,-8.000000380E-3,,,,,17.3999997E-6,12.0000001E-3,,,,,17.3999997E-6,-6.80000019,,,,,17.3999997E-6,6.40000010,,,,,17.3999997E-6,-13.1999998,
,,,17.4199995E-6,-6.00000005E-3,,,,,17.4199995E-6,8.000000380E-3,,,,,17.4199995E-6,-6.59999990,,,,,17.4199995E-6,6.59999990,,,,,17.4199995E-6,-13.1999998,
,,,17.4399993E-6,-6.00000005E-3,,,,,17.4399993E-6,8.000000380E-3,,,,,17.4399993E-6,-6.59999990,,,,,17.4399993E-6,6.40000010,,,,,17.4399993E-6,-13.1999998,
,,,17.4599991E-6,-6.00000005E-3,,,,,17.4599991E-6,4.00000019E-3,,,,,17.4599991E-6,-6.59999990,,,,,17.4599991E-6,6.40000010,,,,,17.4599991E-6,-13.1999998,
,,,17.4800007E-6,-2.0000001E-3,,,,,17.4800007E-6,0.0,,,,,17.4800007E-6,-6.59999990,,,,,17.4800007E-6,6.20000029,,,,,17.4800007E-6,-12.8000002,
,,,17.5000005E-6,-2.0000001E-3,,,,,17.5000005E-6,-4.00000019E-3,,,,,17.5000005E-6,-6.40000010,,,,,17.5000005E-6,6.00000000,,,,,17.5000005E-6,-12.4000006,
,,,17.5200003E-6,-2.0000001E-3,,,,,17.5200003E-6,-8.000000380E-3,,,,,17.5200003E-6,-6.20000029,,,,,17.5200003E-6,6.00000000,,,,,17.5200003E-6,-12.4000006,
,,,17.5400000E-6,-4.00000019E-3,,,,,17.5400000E-6,-4.00000019E-3,,,,,17.5400000E-6,-6.00000000,,,,,17.5400000E-6,6.00000000,,,,,17.5400000E-6,-12.0000000,
,,,17.5599998E-6,0.0,,,,,17.5599998E-6,-8.000000380E-3,,,,,17.5599998E-6,-6.00000000,,,,,17.5599998E-6,6.00000000,,,,,17.5599998E-6,-12.0000000,
,,,17.5799996E-6,2.0000001E-3,,,,,17.5799996E-6,-8.000000380E-3,,,,,17.5799996E-6,-6.00000000,,,,,17.5799996E-6,5.80000019,,,,,17.5799996E-6,-12.0000000,
,,,17.5999994E-6,0.0,,,,,17.5999994E-6,-12.0000001E-3,,,,,17.5999994E-6,-5.80000019,,,,,17.5999994E-6,5.80000019,,,,,17.5999994E-6,-11.6000004,
,,,17.6199992E-6,2.0000001E-3,,,,,17.6199992E-6,-12.0000001E-3,,,,,17.6199992E-6,-5.80000019,,,,,17.6199992E-6,5.80000019,,,,,17.6199992E-6,-11.6000004,
,,,17.6399990E-6,2.0000001E-3,,,,,17.6399990E-6,-20.0000014E-3,,,,,17.6399990E-6,-5.59999990,,,,,17.6399990E-6,5.59999990,,,,,17.6399990E-6,-11.1999998,
,,,17.6600006E-6,2.0000001E-3,,,,,17.6600006E-6,-20.0000014E-3,,,,,17.6600006E-6,-5.59999990,,,,,17.6600006E-6,5.59999990,,,,,17.6600006E-6,-11.1999998,
,,,17.6800004E-6,2.0000001E-3,,,,,17.6800004E-6,-20.0000014E-3,,,,,17.6800004E-6,-5.40000010,,,,,17.6800004E-6,5.40000010,,,,,17.6800004E-6,-10.8000002,
,,,17.7000002E-6,6.00000005E-3,,,,,17.7000002E-6,-28.00000086E-3,,,,,17.7000002E-6,-5.20000029,,,,,17.7000002E-6,5.20000029,,,,,17.7000002E-6,-10.4000006,
,,,17.7200000E-6,6.00000005E-3,,,,,17.7200000E-6,-20.0000014E-3,,,,,17.7200000E-6,-5.20000029,,,,,17.7200000E-6,5.20000029,,,,,17.7200000E-6,-10.4000006,
,,,17.7399997E-6,4.00000019E-3,,,,,17.7399997E-6,-24.00000021E-3,,,,,17.7399997E-6,-5.00000000,,,,,17.7399997E-6,5.20000029,,,,,17.7399997E-6,-10.4000006,
,,,17.7599995E-6,6.00000005E-3,,,,,17.7599995E-6,-28.00000086E-3,,,,,17.7599995E-6,-5.00000000,,,,,17.7599995E-6,4.80000019,,,,,17.7599995E-6,-10.0000000,
,,,17.7799993E-6,8.000000380E-3,,,,,17.7799993E-6,-32.00000152E-3,,,,,17.7799993E-6,-4.80000019,,,,,17.7799993E-6,5.00000000,,,,,17.7799993E-6,-10.0000000,
,,,17.7999991E-6,10.0000007E-3,,,,,17.7999991E-6,-36.00000218E-3,,,,,17.7999991E-6,-4.80000019,,,,,17.7999991E-6,4.59999990,,,,,17.7999991E-6,-9.600000381,
,,,17.8200007E-6,6.00000005E-3,,,,,17.8200007E-6,-44.00000349E-3,,,,,17.8200007E-6,-4.59999990,,,,,17.8200007E-6,4.59999990,,,,,17.8200007E-6,-9.199999809,
,,,17.8400005E-6,10.0000007E-3,,,,,17.8400005E-6,-36.00000218E-3,,,,,17.8400005E-6,-4.40000010,,,,,17.8400005E-6,4.59999990,,,,,17.8400005E-6,-9.199999809,
,,,17.8600003E-6,12.0000001E-3,,,,,17.8600003E-6,-40.00000283E-3,,,,,17.8600003E-6,-4.40000010,,,,,17.8600003E-6,4.40000010,,,,,17.8600003E-6,-8.800000191,
,,,17.8800001E-6,10.0000007E-3,,,,,17.8800001E-6,-44.00000349E-3,,,,,17.8800001E-6,-4.40000010,,,,,17.8800001E-6,4.40000010,,,,,17.8800001E-6,-8.800000191,
,,,17.8999999E-6,14.0000004E-3,,,,,17.8999999E-6,-48.00000042E-3,,,,,17.8999999E-6,-4.00000000,,,,,17.8999999E-6,4.40000010,,,,,17.8999999E-6,-8.400000572,
,,,17.9199997E-6,14.0000004E-3,,,,,17.9199997E-6,-44.00000349E-3,,,,,17.9199997E-6,-4.00000000,,,,,17.9199997E-6,4.00000000,,,,,17.9199997E-6,-8.000000000,
,,,17.9399995E-6,14.0000004E-3,,,,,17.9399995E-6,-48.00000042E-3,,,,,17.9399995E-6,-3.79999995,,,,,17.9399995E-6,4.00000000,,,,,17.9399995E-6,-8.000000000,
,,,17.9599992E-6,16.0000008E-3,,,,,17.9599992E-6,-52.00000107E-3,,,,,17.9599992E-6,-3.79999995,,,,,17.9599992E-6,4.00000000,,,,,17.9599992E-6,-8.000000000,
,,,17.9799990E-6,14.0000004E-3,,,,,17.9799990E-6,-48.00000042E-3,,,,,17.9799990E-6,-3.79999995,,,,,17.9799990E-6,3.79999995,,,,,17.9799990E-6,-7.599999905,
,,,18.0000006E-6,14.0000004E-3,,,,,18.0000006E-6,-52.00000107E-3,,,,,18.0000006E-6,-3.40000010,,,,,18.0000006E-6,3.79999995,,,,,18.0000006E-6,-7.20000029,
,,,18.0200004E-6,16.0000008E-3,,,,,18.0200004E-6,-56.000001729E-3,,,,,18.0200004E-6,-3.60000014,,,,,18.0200004E-6,3.60000014,,,,,18.0200004E-6,-7.20000029,
,,,18.0400002E-6,18.0000011E-3,,,,,18.0400002E-6,-56.000001729E-3,,,,,18.0400002E-6,-3.60000014,,,,,18.0400002E-6,3.40000010,,,,,18.0400002E-6,-7.20000029,
,,,18.0600000E-6,18.0000011E-3,,,,,18.0600000E-6,-56.000001729E-3,,,,,18.0600000E-6,-3.20000005,,,,,18.0600000E-6,3.40000010,,,,,18.0600000E-6,-6.80000019,
,,,18.0799998E-6,18.0000011E-3,,,,,18.0799998E-6,-60.000002384E-3,,,,,18.0799998E-6,-3.00000000,,,,,18.0799998E-6,3.40000010,,,,,18.0799998E-6,-6.40000010,
,,,18.0999996E-6,20.0000014E-3,,,,,18.0999996E-6,-64.000003040E-3,,,,,18.0999996E-6,-3.00000000,,,,,18.0999996E-6,3.20000005,,,,,18.0999996E-6,-6.40000010,
,,,18.1199994E-6,18.0000011E-3,,,,,18.1199994E-6,-68.000003695E-3,,,,,18.1199994E-6,-3.00000000,,,,,18.1199994E-6,3.00000000,,,,,18.1199994E-6,-6.00000000,
,,,18.1399992E-6,20.0000014E-3,,,,,18.1399992E-6,-64.000003040E-3,,,,,18.1399992E-6,-2.6000001,,,,,18.1399992E-6,3.00000000,,,,,18.1399992E-6,-5.59999990,
,,,18.1600008E-6,22.00000174E-3,,,,,18.1600008E-6,-68.000003695E-3,,,,,18.1600008E-6,-2.6000001,,,,,18.1600008E-6,2.79999995,,,,,18.1600008E-6,-5.59999990,
,,,18.1800006E-6,22.00000174E-3,,,,,18.1800006E-6,-72.000004351E-3,,,,,18.1800006E-6,-2.6000001,,,,,18.1800006E-6,2.6000001,,,,,18.1800006E-6,-5.20000029,
,,,18.2000003E-6,22.00000174E-3,,,,,18.2000003E-6,-68.000003695E-3,,,,,18.2000003E-6,-2.2000000,,,,,18.2000003E-6,2.79999995,,,,,18.2000003E-6,-5.20000029,
,,,18.2200001E-6,22.00000174E-3,,,,,18.2200001E-6,-76.000005007E-3,,,,,18.2200001E-6,-2.4000001,,,,,18.2200001E-6,2.6000001,,,,,18.2200001E-6,-5.20000029,
,,,18.2399999E-6,24.00000021E-3,,,,,18.2399999E-6,-72.000004351E-3,,,,,18.2399999E-6,-2.2000000,,,,,18.2399999E-6,2.6000001,,,,,18.2399999E-6,-4.80000019,
,,,18.2599997E-6,22.00000174E-3,,,,,18.2599997E-6,-76.000005007E-3,,,,,18.2599997E-6,-2.0000000,,,,,18.2599997E-6,2.4000001,,,,,18.2599997E-6,-4.40000010,
,,,18.2799995E-6,24.00000021E-3,,,,,18.2799995E-6,-80.000005662E-3,,,,,18.2799995E-6,-1.8000001,,,,,18.2799995E-6,2.4000001,,,,,18.2799995E-6,-4.40000010,
,,,18.2999993E-6,26.00000054E-3,,,,,18.2999993E-6,-84.000006318E-3,,,,,18.2999993E-6,-1.8000001,,,,,18.2999993E-6,2.0000000,,,,,18.2999993E-6,-4.00000000,
,,,18.3199991E-6,22.00000174E-3,,,,,18.3199991E-6,-84.000006318E-3,,,,,18.3199991E-6,-1.6000000,,,,,18.3199991E-6,2.0000000,,,,,18.3199991E-6,-3.60000014,
,,,18.3400007E-6,26.00000054E-3,,,,,18.3400007E-6,-84.000006318E-3,,,,,18.3400007E-6,-1.6000000,,,,,18.3400007E-6,2.0000000,,,,,18.3400007E-6,-3.60000014,
,,,18.3600005E-6,34.00000185E-3,,,,,18.3600005E-6,-84.000006318E-3,,,,,18.3600005E-6,-1.4000000,,,,,18.3600005E-6,2.0000000,,,,,18.3600005E-6,-3.60000014,
,,,18.3800003E-6,28.00000086E-3,,,,,18.3800003E-6,-92.000007629E-3,,,,,18.3800003E-6,-1.6000000,,,,,18.3800003E-6,1.8000001,,,,,18.3800003E-6,-3.60000014,
,,,18.4000000E-6,28.00000086E-3,,,,,18.4000000E-6,-88.000006974E-3,,,,,18.4000000E-6,-1.4000000,,,,,18.4000000E-6,1.6000000,,,,,18.4000000E-6,-3.20000005,
,,,18.4199998E-6,30.00000119E-3,,,,,18.4199998E-6,-92.000007629E-3,,,,,18.4199998E-6,-1.2000000,,,,,18.4199998E-6,1.4000000,,,,,18.4199998E-6,-2.79999995,
,,,18.4399996E-6,30.00000119E-3,,,,,18.4399996E-6,-96.000000834E-3,,,,,18.4399996E-6,-1.000000,,,,,18.4399996E-6,1.4000000,,,,,18.4399996E-6,-2.4000001,
,,,18.4599994E-6,30.00000119E-3,,,,,18.4599994E-6,-96.000000834E-3,,,,,18.4599994E-6,-1.000000,,,,,18.4599994E-6,1.2000000,,,,,18.4599994E-6,-2.4000001,
,,,18.4799992E-6,32.00000152E-3,,,,,18.4799992E-6,-96.000000834E-3,,,,,18.4799992E-6,-800.000011921E-3,,,,,18.4799992E-6,1.2000000,,,,,18.4799992E-6,-2.0000000,
,,,18.4999990E-6,30.00000119E-3,,,,,18.4999990E-6,-100.0000015E-3,,,,,18.4999990E-6,-600.000023842E-3,,,,,18.4999990E-6,1.2000000,,,,,18.4999990E-6,-2.0000000,
,,,18.5200006E-6,34.00000185E-3,,,,,18.5200006E-6,-100.0000015E-3,,,,,18.5200006E-6,-600.000023842E-3,,,,,18.5200006E-6,800.000011921E-3,,,,,18.5200006E-6,-1.6000000,
,,,18.5400004E-6,12.0000001E-3,,,,,18.5400004E-6,-108.0000028E-3,,,,,18.5400004E-6,-400.00000596E-3,,,,,18.5400004E-6,1.000000,,,,,18.5400004E-6,-1.6000000,
,,,18.5600002E-6,34.00000185E-3,,,,,18.5600002E-6,-72.000004351E-3,,,,,18.5600002E-6,-400.00000596E-3,,,,,18.5600002E-6,600.000023842E-3,,,,,18.5600002E-6,-1.2000000,
,,,18.5800000E-6,56.000001729E-3,,,,,18.5800000E-6,-76.000005007E-3,,,,,18.5800000E-6,-200.00000298E-3,,,,,18.5800000E-6,600.000023842E-3,,,,,18.5800000E-6,-800.000011921E-3,
,,,18.5999997E-6,38.00000250E-3,,,,,18.5999997E-6,-88.000006974E-3,,,,,18.5999997E-6,-200.00000298E-3,,,,,18.5999997E-6,600.000023842E-3,,,,,18.5999997E-6,-800.000011921E-3,
,,,18.6199995E-6,40.00000283E-3,,,,,18.6199995E-6,-68.000003695E-3,,,,,18.6199995E-6,-200.00000298E-3,,,,,18.6199995E-6,800.000011921E-3,,,,,18.6199995E-6,-1.2000000,
,,,18.6399993E-6,22.00000174E-3,,,,,18.6399993E-6,-84.000006318E-3,,,,,18.6399993E-6,-200.00000298E-3,,,,,18.6399993E-6,600.000023842E-3,,,,,18.6399993E-6,-800.000011921E-3,
,,,18.6599991E-6,38.00000250E-3,,,,,18.6599991E-6,-124.0000054E-3,,,,,18.6599991E-6,-200.00000298E-3,,,,,18.6599991E-6,200.00000298E-3,,,,,18.6599991E-6,-400.00000596E-3,
,,,18.6800007E-6,30.00000119E-3,,,,,18.6800007E-6,-104.0000021E-3,,,,,18.6800007E-6,400.00000596E-3,,,,,18.6800007E-6,400.00000596E-3,,,,,18.6800007E-6,0.0,
,,,18.7000005E-6,26.00000054E-3,,,,,18.7000005E-6,-80.000005662E-3,,,,,18.7000005E-6,400.00000596E-3,,,,,18.7000005E-6,200.00000298E-3,,,,,18.7000005E-6,0.0,
,,,18.7200003E-6,28.00000086E-3,,,,,18.7200003E-6,-88.000006974E-3,,,,,18.7200003E-6,200.00000298E-3,,,,,18.7200003E-6,-200.00000298E-3,,,,,18.7200003E-6,400.00000596E-3,
,,,18.7400001E-6,42.00000316E-3,,,,,18.7400001E-6,-100.0000015E-3,,,,,18.7400001E-6,400.00000596E-3,,,,,18.7400001E-6,0.0,,,,,18.7400001E-6,400.00000596E-3,
,,,18.7599999E-6,30.00000119E-3,,,,,18.7599999E-6,-128.0000061E-3,,,,,18.7599999E-6,600.000023842E-3,,,,,18.7599999E-6,-200.00000298E-3,,,,,18.7599999E-6,800.000011921E-3,
,,,18.7799997E-6,36.00000218E-3,,,,,18.7799997E-6,-100.0000015E-3,,,,,18.7799997E-6,1.000000,,,,,18.7799997E-6,-200.00000298E-3,,,,,18.7799997E-6,1.2000000,
,,,18.7999995E-6,34.00000185E-3,,,,,18.7999995E-6,-92.000007629E-3,,,,,18.7999995E-6,1.000000,,,,,18.7999995E-6,-200.00000298E-3,,,,,18.7999995E-6,1.2000000,
,,,18.8199992E-6,40.00000283E-3,,,,,18.8199992E-6,-112.0000035E-3,,,,,18.8199992E-6,1.000000,,,,,18.8199992E-6,-400.00000596E-3,,,,,18.8199992E-6,1.2000000,
,,,18.8399990E-6,40.00000283E-3,,,,,18.8399990E-6,-131.9999993E-3,,,,,18.8399990E-6,1.000000,,,,,18.8399990E-6,-600.000023842E-3,,,,,18.8399990E-6,1.6000000,
,,,18.8600006E-6,38.00000250E-3,,,,,18.8600006E-6,-120.0000048E-3,,,,,18.8600006E-6,1.4000000,,,,,18.8600006E-6,-600.000023842E-3,,,,,18.8600006E-6,2.0000000,
,,,18.8800004E-6,38.00000250E-3,,,,,18.8800004E-6,-104.0000021E-3,,,,,18.8800004E-6,1.2000000,,,,,18.8800004E-6,-800.000011921E-3,,,,,18.8800004E-6,2.0000000,
,,,18.9000002E-6,40.00000283E-3,,,,,18.9000002E-6,-120.0000048E-3,,,,,18.9000002E-6,1.4000000,,,,,18.9000002E-6,-1.000000,,,,,18.9000002E-6,2.4000001,
,,,18.9200000E-6,44.00000349E-3,,,,,18.9200000E-6,-140.0000006E-3,,,,,18.9200000E-6,1.6000000,,,,,18.9200000E-6,-1.000000,,,,,18.9200000E-6,2.4000001,
,,,18.9399998E-6,46.00000381E-3,,,,,18.9399998E-6,-136.0000074E-3,,,,,18.9399998E-6,1.6000000,,,,,18.9399998E-6,-800.000011921E-3,,,,,18.9399998E-6,2.4000001,
,,,18.9599996E-6,42.00000316E-3,,,,,18.9599996E-6,-124.0000054E-3,,,,,18.9599996E-6,1.8000001,,,,,18.9599996E-6,-1.2000000,,,,,18.9599996E-6,2.79999995,
,,,18.9799994E-6,46.00000381E-3,,,,,18.9799994E-6,-128.0000061E-3,,,,,18.9799994E-6,1.8000001,,,,,18.9799994E-6,-1.4000000,,,,,18.9799994E-6,3.20000005,
,,,18.9999992E-6,46.00000381E-3,,,,,18.9999992E-6,-140.0000006E-3,,,,,18.9999992E-6,2.0000000,,,,,18.9999992E-6,-1.6000000,,,,,18.9999992E-6,3.60000014,
,,,19.0200008E-6,48.00000042E-3,,,,,19.0200008E-6,-144.0000087E-3,,,,,19.0200008E-6,2.4000001,,,,,19.0200008E-6,-1.6000000,,,,,19.0200008E-6,4.00000000,
,,,19.0400006E-6,46.00000381E-3,,,,,19.0400006E-6,-136.0000074E-3,,,,,19.0400006E-6,2.4000001,,,,,19.0400006E-6,-1.6000000,,,,,19.0400006E-6,4.00000000,
,,,19.0600003E-6,46.00000381E-3,,,,,19.0600003E-6,-136.0000074E-3,,,,,19.0600003E-6,2.4000001,,,,,19.0600003E-6,-1.8000001,,,,,19.0600003E-6,4.00000000,
,,,19.0800001E-6,50.00000075E-3,,,,,19.0800001E-6,-148.0000019E-3,,,,,19.0800001E-6,2.4000001,,,,,19.0800001E-6,-2.0000000,,,,,19.0800001E-6,4.40000010,
,,,19.0999999E-6,48.00000042E-3,,,,,19.0999999E-6,-148.0000019E-3,,,,,19.0999999E-6,2.6000001,,,,,19.0999999E-6,-2.0000000,,,,,19.0999999E-6,4.40000010,
,,,19.1199997E-6,48.00000042E-3,,,,,19.1199997E-6,-148.0000019E-3,,,,,19.1199997E-6,2.79999995,,,,,19.1199997E-6,-2.0000000,,,,,19.1199997E-6,4.80000019,
,,,19.1399995E-6,50.00000075E-3,,,,,19.1399995E-6,-140.0000006E-3,,,,,19.1399995E-6,3.00000000,,,,,19.1399995E-6,-2.2000000,,,,,19.1399995E-6,5.20000029,
,,,19.1599993E-6,52.00000107E-3,,,,,19.1599993E-6,-148.0000019E-3,,,,,19.1599993E-6,3.00000000,,,,,19.1599993E-6,-2.4000001,,,,,19.1599993E-6,5.20000029,
,,,19.1799991E-6,52.00000107E-3,,,,,19.1799991E-6,-156.00000322E-3,,,,,19.1799991E-6,3.00000000,,,,,19.1799991E-6,-2.6000001,,,,,19.1799991E-6,5.59999990,
,,,19.2000007E-6,52.00000107E-3,,,,,19.2000007E-6,-156.00000322E-3,,,,,19.2000007E-6,3.20000005,,,,,19.2000007E-6,-2.4000001,,,,,19.2000007E-6,5.59999990,
,,,19.2200005E-6,48.00000042E-3,,,,,19.2200005E-6,-148.0000019E-3,,,,,19.2200005E-6,3.20000005,,,,,19.2200005E-6,-2.79999995,,,,,19.2200005E-6,6.00000000,
,,,19.2400003E-6,50.00000075E-3,,,,,19.2400003E-6,-148.0000019E-3,,,,,19.2400003E-6,3.40000010,,,,,19.2400003E-6,-2.6000001,,,,,19.2400003E-6,6.00000000,
,,,19.2600000E-6,52.00000107E-3,,,,,19.2600000E-6,-152.00001001E-3,,,,,19.2600000E-6,3.60000014,,,,,19.2600000E-6,-2.79999995,,,,,19.2600000E-6,6.40000010,
,,,19.2799998E-6,52.00000107E-3,,,,,19.2799998E-6,-156.00000322E-3,,,,,19.2799998E-6,3.60000014,,,,,19.2799998E-6,-3.00000000,,,,,19.2799998E-6,6.40000010,
,,,19.2999996E-6,52.00000107E-3,,,,,19.2999996E-6,-152.00001001E-3,,,,,19.2999996E-6,4.00000000,,,,,19.2999996E-6,-3.00000000,,,,,19.2999996E-6,6.80000019,
,,,19.3199994E-6,52.00000107E-3,,,,,19.3199994E-6,-144.0000087E-3,,,,,19.3199994E-6,3.60000014,,,,,19.3199994E-6,-3.20000005,,,,,19.3199994E-6,6.80000019,
,,,19.3399992E-6,50.00000075E-3,,,,,19.3399992E-6,-148.0000019E-3,,,,,19.3399992E-6,4.00000000,,,,,19.3399992E-6,-3.20000005,,,,,19.3399992E-6,7.20000029,
,,,19.3599990E-6,54.00000140E-3,,,,,19.3599990E-6,-152.00001001E-3,,,,,19.3599990E-6,4.00000000,,,,,19.3599990E-6,-3.20000005,,,,,19.3599990E-6,7.20000029,
,,,19.3800006E-6,52.00000107E-3,,,,,19.3800006E-6,-152.00001001E-3,,,,,19.3800006E-6,4.20000029,,,,,19.3800006E-6,-3.40000010,,,,,19.3800006E-6,7.599999905,
,,,19.4000004E-6,52.00000107E-3,,,,,19.4000004E-6,-148.0000019E-3,,,,,19.4000004E-6,4.20000029,,,,,19.4000004E-6,-3.60000014,,,,,19.4000004E-6,7.599999905,
,,,19.4200002E-6,52.00000107E-3,,,,,19.4200002E-6,-148.0000019E-3,,,,,19.4200002E-6,4.20000029,,,,,19.4200002E-6,-3.60000014,,,,,19.4200002E-6,7.599999905,
,,,19.4400000E-6,48.00000042E-3,,,,,19.4400000E-6,-152.00001001E-3,,,,,19.4400000E-6,4.40000010,,,,,19.4400000E-6,-3.60000014,,,,,19.4400000E-6,8.000000000,
,,,19.4599997E-6,52.00000107E-3,,,,,19.4599997E-6,-152.00001001E-3,,,,,19.4599997E-6,4.20000029,,,,,19.4599997E-6,-3.79999995,,,,,19.4599997E-6,8.000000000,
,,,19.4799995E-6,52.00000107E-3,,,,,19.4799995E-6,-148.0000019E-3,,,,,19.4799995E-6,4.40000010,,,,,19.4799995E-6,-4.00000000,,,,,19.4799995E-6,8.400000572,
,,,19.4999993E-6,50.00000075E-3,,,,,19.4999993E-6,-148.0000019E-3,,,,,19.4999993E-6,4.80000019,,,,,19.4999993E-6,-4.00000000,,,,,19.4999993E-6,8.800000191,
,,,19.5199991E-6,50.00000075E-3,,,,,19.5199991E-6,-144.0000087E-3,,,,,19.5199991E-6,4.59999990,,,,,19.5199991E-6,-4.00000000,,,,,19.5199991E-6,8.400000572,
,,,19.5400007E-6,52.00000107E-3,,,,,19.5400007E-6,-148.0000019E-3,,,,,19.5400007E-6,4.59999990,,,,,19.5400007E-6,-4.20000029,,,,,19.5400007E-6,8.800000191,
,,,19.5600005E-6,50.00000075E-3,,,,,19.5600005E-6,-148.0000019E-3,,,,,19.5600005E-6,4.80000019,,,,,19.5600005E-6,-4.00000000,,,,,19.5600005E-6,8.800000191,
,,,19.5800003E-6,52.00000107E-3,,,,,19.5800003E-6,-144.0000087E-3,,,,,19.5800003E-6,5.00000000,,,,,19.5800003E-6,-4.40000010,,,,,19.5800003E-6,9.199999809,
,,,19.6000001E-6,52.00000107E-3,,,,,19.6000001E-6,-148.0000019E-3,,,,,19.6000001E-6,5.20000029,,,,,19.6000001E-6,-4.20000029,,,,,19.6000001E-6,9.199999809,
,,,19.6199999E-6,52.00000107E-3,,,,,19.6199999E-6,-148.0000019E-3,,,,,19.6199999E-6,4.80000019,,,,,19.6199999E-6,-4.40000010,,,,,19.6199999E-6,9.199999809,
,,,19.6399997E-6,50.00000075E-3,,,,,19.6399997E-6,-144.0000087E-3,,,,,19.6399997E-6,5.00000000,,,,,19.6399997E-6,-4.40000010,,,,,19.6399997E-6,9.199999809,
,,,19.6599995E-6,50.00000075E-3,,,,,19.6599995E-6,-144.0000087E-3,,,,,19.6599995E-6,5.20000029,,,,,19.6599995E-6,-4.40000010,,,,,19.6599995E-6,9.600000381,
,,,19.6799992E-6,50.00000075E-3,,,,,19.6799992E-6,-144.0000087E-3,,,,,19.6799992E-6,5.40000010,,,,,19.6799992E-6,-4.40000010,,,,,19.6799992E-6,9.600000381,
,,,19.6999990E-6,50.00000075E-3,,,,,19.6999990E-6,-144.0000087E-3,,,,,19.6999990E-6,5.40000010,,,,,19.6999990E-6,-4.80000019,,,,,19.6999990E-6,10.0000000,
,,,19.7200006E-6,52.00000107E-3,,,,,19.7200006E-6,-140.0000006E-3,,,,,19.7200006E-6,5.59999990,,,,,19.7200006E-6,-4.80000019,,,,,19.7200006E-6,10.4000006,
,,,19.7400004E-6,48.00000042E-3,,,,,19.7400004E-6,-140.0000006E-3,,,,,19.7400004E-6,5.40000010,,,,,19.7400004E-6,-4.80000019,,,,,19.7400004E-6,10.0000000,
,,,19.7600002E-6,52.00000107E-3,,,,,19.7600002E-6,-144.0000087E-3,,,,,19.7600002E-6,5.40000010,,,,,19.7600002E-6,-4.80000019,,,,,19.7600002E-6,10.0000000,
,,,19.7800000E-6,52.00000107E-3,,,,,19.7800000E-6,-144.0000087E-3,,,,,19.7800000E-6,5.59999990,,,,,19.7800000E-6,-4.59999990,,,,,19.7800000E-6,10.0000000,
,,,19.7999998E-6,48.00000042E-3,,,,,19.7999998E-6,-148.0000019E-3,,,,,19.7999998E-6,5.59999990,,,,,19.7999998E-6,-5.00000000,,,,,19.7999998E-6,10.4000006,
,,,19.8199996E-6,50.00000075E-3,,,,,19.8199996E-6,-140.0000006E-3,,,,,19.8199996E-6,5.59999990,,,,,19.8199996E-6,-5.00000000,,,,,19.8199996E-6,10.4000006,
,,,19.8399994E-6,52.00000107E-3,,,,,19.8399994E-6,-144.0000087E-3,,,,,19.8399994E-6,5.80000019,,,,,19.8399994E-6,-5.20000029,,,,,19.8399994E-6,10.8000002,
,,,19.8599992E-6,50.00000075E-3,,,,,19.8599992E-6,-140.0000006E-3,,,,,19.8599992E-6,5.80000019,,,,,19.8599992E-6,-5.00000000,,,,,19.8599992E-6,10.8000002,
,,,19.8800008E-6,50.00000075E-3,,,,,19.8800008E-6,-140.0000006E-3,,,,,19.8800008E-6,5.80000019,,,,,19.8800008E-6,-5.20000029,,,,,19.8800008E-6,10.8000002,
,,,19.9000006E-6,50.00000075E-3,,,,,19.9000006E-6,-148.0000019E-3,,,,,19.9000006E-6,6.00000000,,,,,19.9000006E-6,-5.40000010,,,,,19.9000006E-6,11.1999998,
,,,19.9200003E-6,54.00000140E-3,,,,,19.9200003E-6,-148.0000019E-3,,,,,19.9200003E-6,6.00000000,,,,,19.9200003E-6,-5.40000010,,,,,19.9200003E-6,11.1999998,
,,,19.9400001E-6,52.00000107E-3,,,,,19.9400001E-6,-144.0000087E-3,,,,,19.9400001E-6,6.20000029,,,,,19.9400001E-6,-5.40000010,,,,,19.9400001E-6,11.6000004,
,,,19.9599999E-6,54.00000140E-3,,,,,19.9599999E-6,-144.0000087E-3,,,,,19.9599999E-6,6.20000029,,,,,19.9599999E-6,-5.40000010,,,,,19.9599999E-6,11.6000004,
,,,19.9799997E-6,54.00000140E-3,,,,,19.9799997E-6,-140.0000006E-3,,,,,19.9799997E-6,6.00000000,,,,,19.9799997E-6,-5.40000010,,,,,19.9799997E-6,11.1999998,
,,,19.9999995E-6,52.00000107E-3,,,,,19.9999995E-6,-144.0000087E-3,,,,,19.9999995E-6,6.40000010,,,,,19.9999995E-6,-5.80000019,,,,,19.9999995E-6,12.0000000,
,,,20.0199993E-6,52.00000107E-3,,,,,20.0199993E-6,-144.0000087E-3,,,,,20.0199993E-6,6.40000010,,,,,20.0199993E-6,-5.59999990,,,,,20.0199993E-6,12.0000000,
,,,20.0399991E-6,50.00000075E-3,,,,,20.0399991E-6,-136.0000074E-3,,,,,20.0399991E-6,6.59999990,,,,,20.0399991E-6,-5.80000019,,,,,20.0399991E-6,12.4000006,
,,,20.0600007E-6,50.00000075E-3,,,,,20.0600007E-6,-144.0000087E-3,,,,,20.0600007E-6,6.40000010,,,,,20.0600007E-6,-5.80000019,,,,,20.0600007E-6,12.0000000,
,,,20.0800005E-6,50.00000075E-3,,,,,20.0800005E-6,-148.0000019E-3,,,,,20.0800005E-6,6.40000010,,,,,20.0800005E-6,-5.80000019,,,,,20.0800005E-6,12.0000000,
,,,20.10000026E-6,52.00000107E-3,,,,,20.10000026E-6,-144.0000087E-3,,,,,20.10000026E-6,6.80000019,,,,,20.10000026E-6,-6.00000000,,,,,20.10000026E-6,12.8000002,
,,,20.12000004E-6,54.00000140E-3,,,,,20.12000004E-6,-140.0000006E-3,,,,,20.12000004E-6,6.59999990,,,,,20.12000004E-6,-6.00000000,,,,,20.12000004E-6,12.4000006,
,,,20.13999983E-6,54.00000140E-3,,,,,20.13999983E-6,-136.0000074E-3,,,,,20.13999983E-6,6.80000019,,,,,20.13999983E-6,-6.00000000,,,,,20.13999983E-6,12.8000002,
,,,20.15999962E-6,52.00000107E-3,,,,,20.15999962E-6,-144.0000087E-3,,,,,20.15999962E-6,6.59999990,,,,,20.15999962E-6,-6.00000000,,,,,20.15999962E-6,12.4000006,
,,,20.17999941E-6,48.00000042E-3,,,,,20.17999941E-6,-140.0000006E-3,,,,,20.17999941E-6,7.20000029,,,,,20.17999941E-6,-6.00000000,,,,,20.17999941E-6,13.1999998,
,,,20.19999920E-6,54.00000140E-3,,,,,20.19999920E-6,-144.0000087E-3,,,,,20.19999920E-6,6.80000019,,,,,20.19999920E-6,-6.20000029,,,,,20.19999920E-6,12.8000002,
,,,20.21999899E-6,52.00000107E-3,,,,,20.21999899E-6,-140.0000006E-3,,,,,20.21999899E-6,7.00000000,,,,,20.21999899E-6,-6.00000000,,,,,20.21999899E-6,12.8000002,
,,,20.24000059E-6,52.00000107E-3,,,,,20.24000059E-6,-140.0000006E-3,,,,,20.24000059E-6,7.00000000,,,,,20.24000059E-6,-6.20000029,,,,,20.24000059E-6,13.1999998,
,,,20.26000038E-6,50.00000075E-3,,,,,20.26000038E-6,-144.0000087E-3,,,,,20.26000038E-6,7.00000000,,,,,20.26000038E-6,-6.20000029,,,,,20.26000038E-6,13.1999998,
,,,20.28000017E-6,52.00000107E-3,,,,,20.28000017E-6,-140.0000006E-3,,,,,20.28000017E-6,7.20000029,,,,,20.28000017E-6,-6.40000010,,,,,20.28000017E-6,13.6000004,
,,,20.29999996E-6,52.00000107E-3,,,,,20.29999996E-6,-140.0000006E-3,,,,,20.29999996E-6,6.80000019,,,,,20.29999996E-6,-6.20000029,,,,,20.29999996E-6,12.8000002,
,,,20.31999975E-6,52.00000107E-3,,,,,20.31999975E-6,-136.0000074E-3,,,,,20.31999975E-6,7.20000029,,,,,20.31999975E-6,-6.40000010,,,,,20.31999975E-6,13.6000004,
,,,20.33999954E-6,52.00000107E-3,,,,,20.33999954E-6,-140.0000006E-3,,,,,20.33999954E-6,7.00000000,,,,,20.33999954E-6,-6.40000010,,,,,20.33999954E-6,13.1999998,
,,,20.35999933E-6,52.00000107E-3,,,,,20.35999933E-6,-140.0000006E-3,,,,,20.35999933E-6,7.00000000,,,,,20.35999933E-6,-6.59999990,,,,,20.35999933E-6,13.6000004,
,,,20.37999911E-6,52.00000107E-3,,,,,20.37999911E-6,-131.9999993E-3,,,,,20.37999911E-6,7.20000029,,,,,20.37999911E-6,-6.20000029,,,,,20.37999911E-6,13.1999998,
,,,20.40000072E-6,52.00000107E-3,,,,,20.40000072E-6,-136.0000074E-3,,,,,20.40000072E-6,7.00000000,,,,,20.40000072E-6,-6.59999990,,,,,20.40000072E-6,13.6000004,
,,,20.42000051E-6,50.00000075E-3,,,,,20.42000051E-6,-136.0000074E-3,,,,,20.42000051E-6,7.20000029,,,,,20.42000051E-6,-6.59999990,,,,,20.42000051E-6,13.6000004,
,,,20.44000030E-6,52.00000107E-3,,,,,20.44000030E-6,-136.0000074E-3,,,,,20.44000030E-6,7.20000029,,,,,20.44000030E-6,-6.59999990,,,,,20.44000030E-6,13.6000004,
,,,20.46000009E-6,50.00000075E-3,,,,,20.46000009E-6,-136.0000074E-3,,,,,20.46000009E-6,7.400000095,,,,,20.46000009E-6,-6.59999990,,,,,20.46000009E-6,14.0000000,
,,,20.47999988E-6,50.00000075E-3,,,,,20.47999988E-6,-128.0000061E-3,,,,,20.47999988E-6,7.599999905,,,,,20.47999988E-6,-6.59999990,,,,,20.47999988E-6,14.0000000,
,,,20.49999966E-6,48.00000042E-3,,,,,20.49999966E-6,-131.9999993E-3,,,,,20.49999966E-6,7.400000095,,,,,20.49999966E-6,-7.00000000,,,,,20.49999966E-6,14.4000006,
,,,20.51999945E-6,48.00000042E-3,,,,,20.51999945E-6,-131.9999993E-3,,,,,20.51999945E-6,7.400000095,,,,,20.51999945E-6,-6.80000019,,,,,20.51999945E-6,14.0000000,
,,,20.53999924E-6,46.00000381E-3,,,,,20.53999924E-6,-128.0000061E-3,,,,,20.53999924E-6,7.20000029,,,,,20.53999924E-6,-6.40000010,,,,,20.53999924E-6,13.6000004,
,,,20.55999903E-6,48.00000042E-3,,,,,20.55999903E-6,-131.9999993E-3,,,,,20.55999903E-6,7.599999905,,,,,20.55999903E-6,-6.80000019,,,,,20.55999903E-6,14.4000006,
,,,20.58000064E-6,52.00000107E-3,,,,,20.58000064E-6,-128.0000061E-3,,,,,20.58000064E-6,7.599999905,,,,,20.58000064E-6,-6.59999990,,,,,20.58000064E-6,14.0000000,
,,,20.60000043E-6,52.00000107E-3,,,,,20.60000043E-6,-124.0000054E-3,,,,,20.60000043E-6,7.599999905,,,,,20.60000043E-6,-6.80000019,,,,,20.60000043E-6,14.4000006,
,,,20.62000021E-6,50.00000075E-3,,,,,20.62000021E-6,-128.0000061E-3,,,,,20.62000021E-6,7.599999905,,,,,20.62000021E-6,-7.00000000,,,,,20.62000021E-6,14.4000006,
,,,20.64000000E-6,46.00000381E-3,,,,,20.64000000E-6,-131.9999993E-3,,,,,20.64000000E-6,7.599999905,,,,,20.64000000E-6,-6.59999990,,,,,20.64000000E-6,14.0000000,
,,,20.65999979E-6,48.00000042E-3,,,,,20.65999979E-6,-124.0000054E-3,,,,,20.65999979E-6,7.599999905,,,,,20.65999979E-6,-6.80000019,,,,,20.65999979E-6,14.4000006,
,,,20.67999958E-6,46.00000381E-3,,,,,20.67999958E-6,-120.0000048E-3,,,,,20.67999958E-6,7.400000095,,,,,20.67999958E-6,-6.80000019,,,,,20.67999958E-6,14.0000000,
,,,20.69999937E-6,50.00000075E-3,,,,,20.69999937E-6,-120.0000048E-3,,,,,20.69999937E-6,7.599999905,,,,,20.69999937E-6,-6.80000019,,,,,20.69999937E-6,14.4000006,
,,,20.71999916E-6,48.00000042E-3,,,,,20.71999916E-6,-120.0000048E-3,,,,,20.71999916E-6,7.599999905,,,,,20.71999916E-6,-6.80000019,,,,,20.71999916E-6,14.4000006,
,,,20.74000076E-6,46.00000381E-3,,,,,20.74000076E-6,-120.0000048E-3,,,,,20.74000076E-6,7.599999905,,,,,20.74000076E-6,-7.00000000,,,,,20.74000076E-6,14.4000006,
,,,20.76000055E-6,48.00000042E-3,,,,,20.76000055E-6,-120.0000048E-3,,,,,20.76000055E-6,7.599999905,,,,,20.76000055E-6,-7.20000029,,,,,20.76000055E-6,14.8000002,
,,,20.78000034E-6,44.00000349E-3,,,,,20.78000034E-6,-120.0000048E-3,,,,,20.78000034E-6,7.599999905,,,,,20.78000034E-6,-7.00000000,,,,,20.78000034E-6,14.4000006,
,,,20.80000013E-6,46.00000381E-3,,,,,20.80000013E-6,-120.0000048E-3,,,,,20.80000013E-6,7.800000191,,,,,20.80000013E-6,-7.20000029,,,,,20.80000013E-6,14.8000002,
,,,20.81999992E-6,46.00000381E-3,,,,,20.81999992E-6,-116.0000041E-3,,,,,20.81999992E-6,7.599999905,,,,,20.81999992E-6,-6.80000019,,,,,20.81999992E-6,14.4000006,
,,,20.83999971E-6,46.00000381E-3,,,,,20.83999971E-6,-112.0000035E-3,,,,,20.83999971E-6,7.599999905,,,,,20.83999971E-6,-7.00000000,,,,,20.83999971E-6,14.4000006,
,,,20.85999949E-6,42.00000316E-3,,,,,20.85999949E-6,-120.0000048E-3,,,,,20.85999949E-6,7.599999905,,,,,20.85999949E-6,-7.00000000,,,,,20.85999949E-6,14.4000006,
,,,20.87999928E-6,42.00000316E-3,,,,,20.87999928E-6,-112.0000035E-3,,,,,20.87999928E-6,7.599999905,,,,,20.87999928E-6,-7.00000000,,,,,20.87999928E-6,14.4000006,
,,,20.89999907E-6,44.00000349E-3,,,,,20.89999907E-6,-112.0000035E-3,,,,,20.89999907E-6,7.599999905,,,,,20.89999907E-6,-7.00000000,,,,,20.89999907E-6,14.4000006,
,,,20.92000068E-6,42.00000316E-3,,,,,20.92000068E-6,-108.0000028E-3,,,,,20.92000068E-6,7.800000191,,,,,20.92000068E-6,-7.20000029,,,,,20.92000068E-6,14.8000002,
,,,20.94000047E-6,40.00000283E-3,,,,,20.94000047E-6,-108.0000028E-3,,,,,20.94000047E-6,8.000000000,,,,,20.94000047E-6,-7.00000000,,,,,20.94000047E-6,14.8000002,
,,,20.96000026E-6,44.00000349E-3,,,,,20.96000026E-6,-108.0000028E-3,,,,,20.96000026E-6,7.800000191,,,,,20.96000026E-6,-7.00000000,,,,,20.96000026E-6,14.8000002,
,,,20.98000004E-6,44.00000349E-3,,,,,20.98000004E-6,-108.0000028E-3,,,,,20.98000004E-6,7.599999905,,,,,20.98000004E-6,-7.00000000,,,,,20.98000004E-6,14.4000006,
,,,20.99999983E-6,38.00000250E-3,,,,,20.99999983E-6,-100.0000015E-3,,,,,20.99999983E-6,7.599999905,,,,,20.99999983E-6,-7.00000000,,,,,20.99999983E-6,14.4000006,
,,,21.01999962E-6,40.00000283E-3,,,,,21.01999962E-6,-104.0000021E-3,,,,,21.01999962E-6,7.800000191,,,,,21.01999962E-6,-7.00000000,,,,,21.01999962E-6,14.8000002,
,,,21.03999941E-6,40.00000283E-3,,,,,21.03999941E-6,-104.0000021E-3,,,,,21.03999941E-6,7.800000191,,,,,21.03999941E-6,-7.20000029,,,,,21.03999941E-6,14.8000002,
,,,21.05999920E-6,40.00000283E-3,,,,,21.05999920E-6,-108.0000028E-3,,,,,21.05999920E-6,7.800000191,,,,,21.05999920E-6,-7.20000029,,,,,21.05999920E-6,14.8000002,
,,,21.07999899E-6,40.00000283E-3,,,,,21.07999899E-6,-100.0000015E-3,,,,,21.07999899E-6,7.800000191,,,,,21.07999899E-6,-6.80000019,,,,,21.07999899E-6,14.4000006,
,,,21.10000059E-6,38.00000250E-3,,,,,21.10000059E-6,-100.0000015E-3,,,,,21.10000059E-6,7.599999905,,,,,21.10000059E-6,-7.00000000,,,,,21.10000059E-6,14.4000006,
,,,21.12000038E-6,38.00000250E-3,,,,,21.12000038E-6,-100.0000015E-3,,,,,21.12000038E-6,7.800000191,,,,,21.12000038E-6,-7.00000000,,,,,21.12000038E-6,14.8000002,
,,,21.14000017E-6,38.00000250E-3,,,,,21.14000017E-6,-96.000000834E-3,,,,,21.14000017E-6,7.800000191,,,,,21.14000017E-6,-6.80000019,,,,,21.14000017E-6,14.4000006,
,,,21.15999996E-6,40.00000283E-3,,,,,21.15999996E-6,-96.000000834E-3,,,,,21.15999996E-6,7.599999905,,,,,21.15999996E-6,-7.00000000,,,,,21.15999996E-6,14.4000006,
,,,21.17999975E-6,38.00000250E-3,,,,,21.17999975E-6,-96.000000834E-3,,,,,21.17999975E-6,7.599999905,,,,,21.17999975E-6,-7.00000000,,,,,21.17999975E-6,14.4000006,
,,,21.19999954E-6,38.00000250E-3,,,,,21.19999954E-6,-92.000007629E-3,,,,,21.19999954E-6,7.599999905,,,,,21.19999954E-6,-6.80000019,,,,,21.19999954E-6,14.4000006,
,,,21.21999933E-6,40.00000283E-3,,,,,21.21999933E-6,-92.000007629E-3,,,,,21.21999933E-6,7.400000095,,,,,21.21999933E-6,-7.00000000,,,,,21.21999933E-6,14.4000006,
,,,21.23999911E-6,36.00000218E-3,,,,,21.23999911E-6,-88.000006974E-3,,,,,21.23999911E-6,7.599999905,,,,,21.23999911E-6,-7.00000000,,,,,21.23999911E-6,14.4000006,
,,,21.26000072E-6,38.00000250E-3,,,,,21.26000072E-6,-88.000006974E-3,,,,,21.26000072E-6,7.599999905,,,,,21.26000072E-6,-7.00000000,,,,,21.26000072E-6,14.4000006,
,,,21.28000051E-6,36.00000218E-3,,,,,21.28000051E-6,-88.000006974E-3,,,,,21.28000051E-6,7.599999905,,,,,21.28000051E-6,-6.80000019,,,,,21.28000051E-6,14.4000006,
,,,21.30000030E-6,36.00000218E-3,,,,,21.30000030E-6,-88.000006974E-3,,,,,21.30000030E-6,7.599999905,,,,,21.30000030E-6,-7.00000000,,,,,21.30000030E-6,14.4000006,
,,,21.32000009E-6,34.00000185E-3,,,,,21.32000009E-6,-84.000006318E-3,,,,,21.32000009E-6,7.599999905,,,,,21.32000009E-6,-7.00000000,,,,,21.32000009E-6,14.4000006,
,,,21.33999988E-6,36.00000218E-3,,,,,21.33999988E-6,-80.000005662E-3,,,,,21.33999988E-6,7.400000095,,,,,21.33999988E-6,-7.00000000,,,,,21.33999988E-6,14.4000006,
,,,21.35999966E-6,36.00000218E-3,,,,,21.35999966E-6,-88.000006974E-3,,,,,21.35999966E-6,7.400000095,,,,,21.35999966E-6,-7.00000000,,,,,21.35999966E-6,14.4000006,
,,,21.37999945E-6,30.00000119E-3,,,,,21.37999945E-6,-80.000005662E-3,,,,,21.37999945E-6,7.400000095,,,,,21.37999945E-6,-6.80000019,,,,,21.37999945E-6,14.0000000,
,,,21.39999924E-6,32.00000152E-3,,,,,21.39999924E-6,-84.000006318E-3,,,,,21.39999924E-6,7.00000000,,,,,21.39999924E-6,-6.80000019,,,,,21.39999924E-6,13.6000004,
,,,21.41999903E-6,32.00000152E-3,,,,,21.41999903E-6,-80.000005662E-3,,,,,21.41999903E-6,7.20000029,,,,,21.41999903E-6,-6.80000019,,,,,21.41999903E-6,14.0000000,
,,,21.44000064E-6,36.00000218E-3,,,,,21.44000064E-6,-80.000005662E-3,,,,,21.44000064E-6,7.400000095,,,,,21.44000064E-6,-6.80000019,,,,,21.44000064E-6,14.0000000,
,,,21.46000043E-6,32.00000152E-3,,,,,21.46000043E-6,-80.000005662E-3,,,,,21.46000043E-6,7.400000095,,,,,21.46000043E-6,-6.80000019,,,,,21.46000043E-6,14.0000000,
,,,21.48000021E-6,32.00000152E-3,,,,,21.48000021E-6,-68.000003695E-3,,,,,21.48000021E-6,7.00000000,,,,,21.48000021E-6,-6.80000019,,,,,21.48000021E-6,13.6000004,
,,,21.50000000E-6,28.00000086E-3,,,,,21.50000000E-6,-76.000005007E-3,,,,,21.50000000E-6,7.400000095,,,,,21.50000000E-6,-6.59999990,,,,,21.50000000E-6,14.0000000,
,,,21.51999979E-6,30.00000119E-3,,,,,21.51999979E-6,-72.000004351E-3,,,,,21.51999979E-6,7.400000095,,,,,21.51999979E-6,-6.59999990,,,,,21.51999979E-6,14.0000000,
,,,21.53999958E-6,30.00000119E-3,,,,,21.53999958E-6,-72.000004351E-3,,,,,21.53999958E-6,7.20000029,,,,,21.53999958E-6,-6.59999990,,,,,21.53999958E-6,13.6000004,
,,,21.55999937E-6,28.00000086E-3,,,,,21.55999937E-6,-68.000003695E-3,,,,,21.55999937E-6,7.20000029,,,,,21.55999937E-6,-6.59999990,,,,,21.55999937E-6,13.6000004,
,,,21.57999916E-6,28.00000086E-3,,,,,21.57999916E-6,-68.000003695E-3,,,,,21.57999916E-6,7.00000000,,,,,21.57999916E-6,-6.59999990,,,,,21.57999916E-6,13.6000004,
,,,21.60000076E-6,28.00000086E-3,,,,,21.60000076E-6,-72.000004351E-3,,,,,21.60000076E-6,7.20000029,,,,,21.60000076E-6,-6.40000010,,,,,21.60000076E-6,13.6000004,
,,,21.62000055E-6,28.00000086E-3,,,,,21.62000055E-6,-64.000003040E-3,,,,,21.62000055E-6,7.20000029,,,,,21.62000055E-6,-6.59999990,,,,,21.62000055E-6,13.6000004,
,,,21.64000034E-6,28.00000086E-3,,,,,21.64000034E-6,-64.000003040E-3,,,,,21.64000034E-6,6.80000019,,,,,21.64000034E-6,-6.40000010,,,,,21.64000034E-6,13.1999998,
,,,21.66000013E-6,26.00000054E-3,,,,,21.66000013E-6,-64.000003040E-3,,,,,21.66000013E-6,7.00000000,,,,,21.66000013E-6,-6.40000010,,,,,21.66000013E-6,13.1999998,
,,,21.67999992E-6,24.00000021E-3,,,,,21.67999992E-6,-60.000002384E-3,,,,,21.67999992E-6,7.20000029,,,,,21.67999992E-6,-6.59999990,,,,,21.67999992E-6,13.6000004,
,,,21.69999971E-6,28.00000086E-3,,,,,21.69999971E-6,-60.000002384E-3,,,,,21.69999971E-6,6.80000019,,,,,21.69999971E-6,-6.40000010,,,,,21.69999971E-6,13.1999998,
,,,21.71999949E-6,26.00000054E-3,,,,,21.71999949E-6,-60.000002384E-3,,,,,21.71999949E-6,6.80000019,,,,,21.71999949E-6,-6.59999990,,,,,21.71999949E-6,13.1999998,
,,,21.73999928E-6,26.00000054E-3,,,,,21.73999928E-6,-56.000001729E-3,,,,,21.73999928E-6,6.59999990,,,,,21.73999928E-6,-6.20000029,,,,,21.73999928E-6,12.8000002,
,,,21.75999907E-6,24.00000021E-3,,,,,21.75999907E-6,-52.00000107E-3,,,,,21.75999907E-6,6.80000019,,,,,21.75999907E-6,-6.20000029,,,,,21.75999907E-6,12.8000002,
,,,21.78000068E-6,22.00000174E-3,,,,,21.78000068E-6,-56.000001729E-3,,,,,21.78000068E-6,6.80000019,,,,,21.78000068E-6,-6.40000010,,,,,21.78000068E-6,13.1999998,
,,,21.80000047E-6,22.00000174E-3,,,,,21.80000047E-6,-48.00000042E-3,,,,,21.80000047E-6,6.80000019,,,,,21.80000047E-6,-6.20000029,,,,,21.80000047E-6,12.8000002,
,,,21.82000026E-6,22.00000174E-3,,,,,21.82000026E-6,-48.00000042E-3,,,,,21.82000026E-6,6.59999990,,,,,21.82000026E-6,-6.20000029,,,,,21.82000026E-6,12.8000002,
,,,21.84000004E-6,22.00000174E-3,,,,,21.84000004E-6,-44.00000349E-3,,,,,21.84000004E-6,6.40000010,,,,,21.84000004E-6,-6.20000029,,,,,21.84000004E-6,12.4000006,
,,,21.85999983E-6,22.00000174E-3,,,,,21.85999983E-6,-48.00000042E-3,,,,,21.85999983E-6,6.59999990,,,,,21.85999983E-6,-6.00000000,,,,,21.85999983E-6,12.4000006,
,,,21.87999962E-6,20.0000014E-3,,,,,21.87999962E-6,-44.00000349E-3,,,,,21.87999962E-6,6.59999990,,,,,21.87999962E-6,-6.20000029,,,,,21.87999962E-6,12.8000002,
,,,21.89999941E-6,20.0000014E-3,,,,,21.89999941E-6,-44.00000349E-3,,,,,21.89999941E-6,6.20000029,,,,,21.89999941E-6,-6.00000000,,,,,21.89999941E-6,12.0000000,
,,,21.91999920E-6,18.0000011E-3,,,,,21.91999920E-6,-36.00000218E-3,,,,,21.91999920E-6,6.40000010,,,,,21.91999920E-6,-6.00000000,,,,,21.91999920E-6,12.4000006,
,,,21.93999899E-6,20.0000014E-3,,,,,21.93999899E-6,-40.00000283E-3,,,,,21.93999899E-6,6.40000010,,,,,21.93999899E-6,-6.00000000,,,,,21.93999899E-6,12.4000006,
,,,21.96000059E-6,18.0000011E-3,,,,,21.96000059E-6,-40.00000283E-3,,,,,21.96000059E-6,6.20000029,,,,,21.96000059E-6,-5.80000019,,,,,21.96000059E-6,12.0000000,
,,,21.98000038E-6,20.0000014E-3,,,,,21.98000038E-6,-40.00000283E-3,,,,,21.98000038E-6,6.20000029,,,,,21.98000038E-6,-6.00000000,,,,,21.98000038E-6,12.0000000,
,,,22.00000017E-6,18.0000011E-3,,,,,22.00000017E-6,-36.00000218E-3,,,,,22.00000017E-6,6.00000000,,,,,22.00000017E-6,-5.80000019,,,,,22.00000017E-6,11.6000004,
,,,22.01999996E-6,14.0000004E-3,,,,,22.01999996E-6,-32.00000152E-3,,,,,22.01999996E-6,6.20000029,,,,,22.01999996E-6,-5.59999990,,,,,22.01999996E-6,11.6000004,
,,,22.03999975E-6,18.0000011E-3,,,,,22.03999975E-6,-32.00000152E-3,,,,,22.03999975E-6,6.00000000,,,,,22.03999975E-6,-5.59999990,,,,,22.03999975E-6,11.6000004,
,,,22.05999954E-6,16.0000008E-3,,,,,22.05999954E-6,-32.00000152E-3,,,,,22.05999954E-6,6.00000000,,,,,22.05999954E-6,-5.59999990,,,,,22.05999954E-6,11.6000004,
,,,22.07999933E-6,16.0000008E-3,,,,,22.07999933E-6,-28.00000086E-3,,,,,22.07999933E-6,6.00000000,,,,,22.07999933E-6,-5.59999990,,,,,22.07999933E-6,11.6000004,
,,,22.09999911E-6,14.0000004E-3,,,,,22.09999911E-6,-24.00000021E-3,,,,,22.09999911E-6,6.00000000,,,,,22.09999911E-6,-5.80000019,,,,,22.09999911E-6,11.6000004,
,,,22.12000072E-6,14.0000004E-3,,,,,22.12000072E-6,-24.00000021E-3,,,,,22.12000072E-6,5.80000019,,,,,22.12000072E-6,-5.59999990,,,,,22.12000072E-6,11.1999998,
,,,22.14000051E-6,14.0000004E-3,,,,,22.14000051E-6,-24.00000021E-3,,,,,22.14000051E-6,5.59999990,,,,,22.14000051E-6,-5.59999990,,,,,22.14000051E-6,11.1999998,
,,,22.16000030E-6,12.0000001E-3,,,,,22.16000030E-6,-20.0000014E-3,,,,,22.16000030E-6,5.80000019,,,,,22.16000030E-6,-5.40000010,,,,,22.16000030E-6,11.1999998,
,,,22.18000009E-6,14.0000004E-3,,,,,22.18000009E-6,-20.0000014E-3,,,,,22.18000009E-6,5.40000010,,,,,22.18000009E-6,-5.59999990,,,,,22.18000009E-6,10.8000002,
,,,22.19999988E-6,14.0000004E-3,,,,,22.19999988E-6,-20.0000014E-3,,,,,22.19999988E-6,5.59999990,,,,,22.19999988E-6,-5.20000029,,,,,22.19999988E-6,10.8000002,
,,,22.21999966E-6,12.0000001E-3,,,,,22.21999966E-6,-16.0000008E-3,,,,,22.21999966E-6,5.59999990,,,,,22.21999966E-6,-5.20000029,,,,,22.21999966E-6,10.8000002,
,,,22.23999945E-6,10.0000007E-3,,,,,22.23999945E-6,-16.0000008E-3,,,,,22.23999945E-6,5.59999990,,,,,22.23999945E-6,-5.20000029,,,,,22.23999945E-6,10.8000002,
,,,22.25999924E-6,10.0000007E-3,,,,,22.25999924E-6,-20.0000014E-3,,,,,22.25999924E-6,5.40000010,,,,,22.25999924E-6,-5.00000000,,,,,22.25999924E-6,10.4000006,
,,,22.27999903E-6,10.0000007E-3,,,,,22.27999903E-6,-12.0000001E-3,,,,,22.27999903E-6,5.40000010,,,,,22.27999903E-6,-5.20000029,,,,,22.27999903E-6,10.4000006,
,,,22.30000064E-6,10.0000007E-3,,,,,22.30000064E-6,-12.0000001E-3,,,,,22.30000064E-6,5.40000010,,,,,22.30000064E-6,-5.20000029,,,,,22.30000064E-6,10.4000006,
,,,22.32000043E-6,10.0000007E-3,,,,,22.32000043E-6,-12.0000001E-3,,,,,22.32000043E-6,5.20000029,,,,,22.32000043E-6,-5.00000000,,,,,22.32000043E-6,10.0000000,
,,,22.34000021E-6,6.00000005E-3,,,,,22.34000021E-6,-8.000000380E-3,,,,,22.34000021E-6,5.00000000,,,,,22.34000021E-6,-5.20000029,,,,,22.34000021E-6,10.0000000,
,,,22.36000000E-6,8.000000380E-3,,,,,22.36000000E-6,-8.000000380E-3,,,,,22.36000000E-6,5.00000000,,,,,22.36000000E-6,-4.80000019,,,,,22.36000000E-6,9.600000381,
,,,22.37999979E-6,6.00000005E-3,,,,,22.37999979E-6,0.0,,,,,22.37999979E-6,4.80000019,,,,,22.37999979E-6,-4.80000019,,,,,22.37999979E-6,9.600000381,
,,,22.39999958E-6,8.000000380E-3,,,,,22.39999958E-6,-4.00000019E-3,,,,,22.39999958E-6,4.80000019,,,,,22.39999958E-6,-4.59999990,,,,,22.39999958E-6,9.199999809,
,,,22.41999937E-6,6.00000005E-3,,,,,22.41999937E-6,-8.000000380E-3,,,,,22.41999937E-6,4.59999990,,,,,22.41999937E-6,-4.80000019,,,,,22.41999937E-6,9.199999809,
,,,22.43999916E-6,6.00000005E-3,,,,,22.43999916E-6,-4.00000019E-3,,,,,22.43999916E-6,4.59999990,,,,,22.43999916E-6,-4.40000010,,,,,22.43999916E-6,8.800000191,
,,,22.45999895E-6,4.00000019E-3,,,,,22.45999895E-6,0.0,,,,,22.45999895E-6,4.59999990,,,,,22.45999895E-6,-4.40000010,,,,,22.45999895E-6,8.800000191,
,,,22.48000055E-6,6.00000005E-3,,,,,22.48000055E-6,4.00000019E-3,,,,,22.48000055E-6,4.59999990,,,,,22.48000055E-6,-4.59999990,,,,,22.48000055E-6,9.199999809,
,,,22.50000034E-6,4.00000019E-3,,,,,22.50000034E-6,0.0,,,,,22.50000034E-6,4.40000010,,,,,22.50000034E-6,-4.40000010,,,,,22.50000034E-6,8.800000191,
,,,22.52000013E-6,4.00000019E-3,,,,,22.52000013E-6,4.00000019E-3,,,,,22.52000013E-6,4.40000010,,,,,22.52000013E-6,-4.20000029,,,,,22.52000013E-6,8.400000572,
,,,22.53999992E-6,2.0000001E-3,,,,,22.53999992E-6,12.0000001E-3,,,,,22.53999992E-6,4.59999990,,,,,22.53999992E-6,-4.20000029,,,,,22.53999992E-6,8.800000191,
,,,22.55999971E-6,2.0000001E-3,,,,,22.55999971E-6,4.00000019E-3,,,,,22.55999971E-6,4.20000029,,,,,22.55999971E-6,-4.20000029,,,,,22.55999971E-6,8.400000572,
,,,22.57999950E-6,2.0000001E-3,,,,,22.57999950E-6,12.0000001E-3,,,,,22.57999950E-6,4.20000029,,,,,22.57999950E-6,-4.00000000,,,,,22.57999950E-6,8.000000000,
,,,22.59999928E-6,2.0000001E-3,,,,,22.59999928E-6,12.0000001E-3,,,,,22.59999928E-6,4.20000029,,,,,22.59999928E-6,-4.20000029,,,,,22.59999928E-6,8.400000572,
,,,22.61999907E-6,-2.0000001E-3,,,,,22.61999907E-6,12.0000001E-3,,,,,22.61999907E-6,4.00000000,,,,,22.61999907E-6,-4.00000000,,,,,22.61999907E-6,8.000000000,
,,,22.64000068E-6,0.0,,,,,22.64000068E-6,16.0000008E-3,,,,,22.64000068E-6,3.79999995,,,,,22.64000068E-6,-4.00000000,,,,,22.64000068E-6,7.599999905,
,,,22.66000047E-6,0.0,,,,,22.66000047E-6,16.0000008E-3,,,,,22.66000047E-6,3.60000014,,,,,22.66000047E-6,-3.79999995,,,,,22.66000047E-6,7.20000029,
,,,22.68000026E-6,-2.0000001E-3,,,,,22.68000026E-6,20.0000014E-3,,,,,22.68000026E-6,3.79999995,,,,,22.68000026E-6,-3.79999995,,,,,22.68000026E-6,7.599999905,
,,,22.70000005E-6,-2.0000001E-3,,,,,22.70000005E-6,20.0000014E-3,,,,,22.70000005E-6,3.79999995,,,,,22.70000005E-6,-3.60000014,,,,,22.70000005E-6,7.20000029,
,,,22.71999983E-6,-4.00000019E-3,,,,,22.71999983E-6,16.0000008E-3,,,,,22.71999983E-6,3.40000010,,,,,22.71999983E-6,-3.79999995,,,,,22.71999983E-6,7.20000029,
,,,22.73999962E-6,-2.0000001E-3,,,,,22.73999962E-6,20.0000014E-3,,,,,22.73999962E-6,3.60000014,,,,,22.73999962E-6,-3.40000010,,,,,22.73999962E-6,6.80000019,
,,,22.75999941E-6,-2.0000001E-3,,,,,22.75999941E-6,24.00000021E-3,,,,,22.75999941E-6,3.60000014,,,,,22.75999941E-6,-3.20000005,,,,,22.75999941E-6,6.80000019,
,,,22.77999920E-6,-2.0000001E-3,,,,,22.77999920E-6,28.00000086E-3,,,,,22.77999920E-6,3.60000014,,,,,22.77999920E-6,-3.60000014,,,,,22.77999920E-6,7.20000029,
,,,22.79999899E-6,-6.00000005E-3,,,,,22.79999899E-6,28.00000086E-3,,,,,22.79999899E-6,3.20000005,,,,,22.79999899E-6,-3.20000005,,,,,22.79999899E-6,6.40000010,
,,,22.82000059E-6,-4.00000019E-3,,,,,22.82000059E-6,28.00000086E-3,,,,,22.82000059E-6,3.40000010,,,,,22.82000059E-6,-3.40000010,,,,,22.82000059E-6,6.80000019,
,,,22.84000038E-6,-6.00000005E-3,,,,,22.84000038E-6,32.00000152E-3,,,,,22.84000038E-6,3.00000000,,,,,22.84000038E-6,-3.20000005,,,,,22.84000038E-6,6.00000000,
,,,22.86000017E-6,-6.00000005E-3,,,,,22.86000017E-6,36.00000218E-3,,,,,22.86000017E-6,3.20000005,,,,,22.86000017E-6,-3.20000005,,,,,22.86000017E-6,6.40000010,
,,,22.87999996E-6,-6.00000005E-3,,,,,22.87999996E-6,36.00000218E-3,,,,,22.87999996E-6,3.00000000,,,,,22.87999996E-6,-3.00000000,,,,,22.87999996E-6,6.00000000,
,,,22.89999975E-6,-8.000000380E-3,,,,,22.89999975E-6,36.00000218E-3,,,,,22.89999975E-6,2.79999995,,,,,22.89999975E-6,-2.79999995,,,,,22.89999975E-6,5.59999990,
,,,22.91999954E-6,-6.00000005E-3,,,,,22.91999954E-6,36.00000218E-3,,,,,22.91999954E-6,3.00000000,,,,,22.91999954E-6,-2.79999995,,,,,22.91999954E-6,5.59999990,
,,,22.93999933E-6,-8.000000380E-3,,,,,22.93999933E-6,40.00000283E-3,,,,,22.93999933E-6,2.79999995,,,,,22.93999933E-6,-2.79999995,,,,,22.93999933E-6,5.59999990,
,,,22.95999911E-6,-6.00000005E-3,,,,,22.95999911E-6,44.00000349E-3,,,,,22.95999911E-6,2.79999995,,,,,22.95999911E-6,-2.79999995,,,,,22.95999911E-6,5.59999990,
,,,22.98000072E-6,-10.0000007E-3,,,,,22.98000072E-6,40.00000283E-3,,,,,22.98000072E-6,2.6000001,,,,,22.98000072E-6,-2.6000001,,,,,22.98000072E-6,5.20000029,
,,,23.00000051E-6,-10.0000007E-3,,,,,23.00000051E-6,44.00000349E-3,,,,,23.00000051E-6,2.6000001,,,,,23.00000051E-6,-2.79999995,,,,,23.00000051E-6,5.20000029,
,,,23.02000030E-6,-8.000000380E-3,,,,,23.02000030E-6,44.00000349E-3,,,,,23.02000030E-6,2.2000000,,,,,23.02000030E-6,-2.79999995,,,,,23.02000030E-6,4.80000019,
,,,23.04000009E-6,-12.0000001E-3,,,,,23.04000009E-6,44.00000349E-3,,,,,23.04000009E-6,2.2000000,,,,,23.04000009E-6,-2.4000001,,,,,23.04000009E-6,4.40000010,
,,,23.05999988E-6,-10.0000007E-3,,,,,23.05999988E-6,48.00000042E-3,,,,,23.05999988E-6,2.0000000,,,,,23.05999988E-6,-2.2000000,,,,,23.05999988E-6,4.00000000,
,,,23.07999966E-6,-12.0000001E-3,,,,,23.07999966E-6,44.00000349E-3,,,,,23.07999966E-6,2.0000000,,,,,23.07999966E-6,-2.2000000,,,,,23.07999966E-6,4.00000000,
,,,23.09999945E-6,-12.0000001E-3,,,,,23.09999945E-6,52.00000107E-3,,,,,23.09999945E-6,2.0000000,,,,,23.09999945E-6,-2.0000000,,,,,23.09999945E-6,4.00000000,
,,,23.11999924E-6,-14.0000004E-3,,,,,23.11999924E-6,52.00000107E-3,,,,,23.11999924E-6,2.0000000,,,,,23.11999924E-6,-2.2000000,,,,,23.11999924E-6,4.00000000,
,,,23.13999903E-6,-12.0000001E-3,,,,,23.13999903E-6,52.00000107E-3,,,,,23.13999903E-6,1.8000001,,,,,23.13999903E-6,-2.2000000,,,,,23.13999903E-6,4.00000000,
,,,23.16000064E-6,-12.0000001E-3,,,,,23.16000064E-6,52.00000107E-3,,,,,23.16000064E-6,1.8000001,,,,,23.16000064E-6,-2.2000000,,,,,23.16000064E-6,4.00000000,
,,,23.18000043E-6,-14.0000004E-3,,,,,23.18000043E-6,56.000001729E-3,,,,,23.18000043E-6,2.0000000,,,,,23.18000043E-6,-2.0000000,,,,,23.18000043E-6,4.00000000,
,,,23.20000021E-6,-14.0000004E-3,,,,,23.20000021E-6,56.000001729E-3,,,,,23.20000021E-6,1.8000001,,,,,23.20000021E-6,-1.8000001,,,,,23.20000021E-6,3.60000014,
,,,23.22000000E-6,-14.0000004E-3,,,,,23.22000000E-6,56.000001729E-3,,,,,23.22000000E-6,1.6000000,,,,,23.22000000E-6,-1.8000001,,,,,23.22000000E-6,3.20000005,
,,,23.23999979E-6,-14.0000004E-3,,,,,23.23999979E-6,56.000001729E-3,,,,,23.23999979E-6,1.4000000,,,,,23.23999979E-6,-1.8000001,,,,,23.23999979E-6,3.20000005,
,,,23.25999958E-6,-14.0000004E-3,,,,,23.25999958E-6,56.000001729E-3,,,,,23.25999958E-6,1.4000000,,,,,23.25999958E-6,-1.6000000,,,,,23.25999958E-6,2.79999995,
,,,23.27999937E-6,-16.0000008E-3,,,,,23.27999937E-6,64.000003040E-3,,,,,23.27999937E-6,1.4000000,,,,,23.27999937E-6,-1.6000000,,,,,23.27999937E-6,2.79999995,
,,,23.29999916E-6,-18.0000011E-3,,,,,23.29999916E-6,68.000003695E-3,,,,,23.29999916E-6,1.4000000,,,,,23.29999916E-6,-1.4000000,,,,,23.29999916E-6,2.79999995,
,,,23.31999895E-6,-18.0000011E-3,,,,,23.31999895E-6,64.000003040E-3,,,,,23.31999895E-6,1.000000,,,,,23.31999895E-6,-1.4000000,,,,,23.31999895E-6,2.4000001,
,,,23.34000055E-6,-20.0000014E-3,,,,,23.34000055E-6,64.000003040E-3,,,,,23.34000055E-6,1.000000,,,,,23.34000055E-6,-1.4000000,,,,,23.34000055E-6,2.4000001,
,,,23.36000034E-6,-20.0000014E-3,,,,,23.36000034E-6,64.000003040E-3,,,,,23.36000034E-6,1.000000,,,,,23.36000034E-6,-1.4000000,,,,,23.36000034E-6,2.4000001,
,,,23.38000013E-6,-20.0000014E-3,,,,,23.38000013E-6,64.000003040E-3,,,,,23.38000013E-6,800.000011921E-3,,,,,23.38000013E-6,-1.4000000,,,,,23.38000013E-6,2.0000000,
,,,23.39999992E-6,-18.0000011E-3,,,,,23.39999992E-6,68.000003695E-3,,,,,23.39999992E-6,800.000011921E-3,,,,,23.39999992E-6,-1.000000,,,,,23.39999992E-6,1.6000000,
,,,23.41999971E-6,-20.0000014E-3,,,,,23.41999971E-6,72.000004351E-3,,,,,23.41999971E-6,800.000011921E-3,,,,,23.41999971E-6,-1.000000,,,,,23.41999971E-6,1.6000000,
,,,23.43999950E-6,-20.0000014E-3,,,,,23.43999950E-6,72.000004351E-3,,,,,23.43999950E-6,600.000023842E-3,,,,,23.43999950E-6,-1.000000,,,,,23.43999950E-6,1.6000000,
,,,23.45999928E-6,-22.00000174E-3,,,,,23.45999928E-6,68.000003695E-3,,,,,23.45999928E-6,400.00000596E-3,,,,,23.45999928E-6,-1.000000,,,,,23.45999928E-6,1.2000000,
,,,23.47999907E-6,-20.0000014E-3,,,,,23.47999907E-6,72.000004351E-3,,,,,23.47999907E-6,400.00000596E-3,,,,,23.47999907E-6,-800.000011921E-3,,,,,23.47999907E-6,1.2000000,
,,,23.50000068E-6,-22.00000174E-3,,,,,23.50000068E-6,76.000005007E-3,,,,,23.50000068E-6,400.00000596E-3,,,,,23.50000068E-6,-600.000023842E-3,,,,,23.50000068E-6,800.000011921E-3,
,,,23.52000047E-6,-22.00000174E-3,,,,,23.52000047E-6,72.000004351E-3,,,,,23.52000047E-6,200.00000298E-3,,,,,23.52000047E-6,-800.000011921E-3,,,,,23.52000047E-6,800.000011921E-3,
,,,23.54000026E-6,-20.0000014E-3,,,,,23.54000026E-6,80.000005662E-3,,,,,23.54000026E-6,0.0,,,,,23.54000026E-6,-600.000023842E-3,,,,,23.54000026E-6,400.00000596E-3,
,,,23.56000005E-6,-22.00000174E-3,,,,,23.56000005E-6,80.000005662E-3,,,,,23.56000005E-6,200.00000298E-3,,,,,23.56000005E-6,-400.00000596E-3,,,,,23.56000005E-6,400.00000596E-3,
,,,23.57999983E-6,-22.00000174E-3,,,,,23.57999983E-6,80.000005662E-3,,,,,23.57999983E-6,200.00000298E-3,,,,,23.57999983E-6,-400.00000596E-3,,,,,23.57999983E-6,400.00000596E-3,
,,,23.59999962E-6,-24.00000021E-3,,,,,23.59999962E-6,76.000005007E-3,,,,,23.59999962E-6,-200.00000298E-3,,,,,23.59999962E-6,-200.00000298E-3,,,,,23.59999962E-6,0.0,
,,,23.61999941E-6,-24.00000021E-3,,,,,23.61999941E-6,80.000005662E-3,,,,,23.61999941E-6,0.0,,,,,23.61999941E-6,-400.00000596E-3,,,,,23.61999941E-6,400.00000596E-3,
,,,23.63999920E-6,-24.00000021E-3,,,,,23.63999920E-6,80.000005662E-3,,,,,23.63999920E-6,-200.00000298E-3,,,,,23.63999920E-6,-200.00000298E-3,,,,,23.63999920E-6,0.0,
,,,23.65999899E-6,-26.00000054E-3,,,,,23.65999899E-6,80.000005662E-3,,,,,23.65999899E-6,-200.00000298E-3,,,,,23.65999899E-6,0.0,,,,,23.65999899E-6,-400.00000596E-3,
,,,23.68000060E-6,-28.00000086E-3,,,,,23.68000060E-6,84.000006318E-3,,,,,23.68000060E-6,-200.00000298E-3,,,,,23.68000060E-6,-200.00000298E-3,,,,,23.68000060E-6,0.0,
,,,23.70000038E-6,-24.00000021E-3,,,,,23.70000038E-6,80.000005662E-3,,,,,23.70000038E-6,-400.00000596E-3,,,,,23.70000038E-6,200.00000298E-3,,,,,23.70000038E-6,-800.000011921E-3,
,,,23.72000017E-6,-26.00000054E-3,,,,,23.72000017E-6,84.000006318E-3,,,,,23.72000017E-6,-600.000023842E-3,,,,,23.72000017E-6,0.0,,,,,23.72000017E-6,-800.000011921E-3,
,,,23.73999996E-6,-24.00000021E-3,,,,,23.73999996E-6,88.000006974E-3,,,,,23.73999996E-6,-600.000023842E-3,,,,,23.73999996E-6,200.00000298E-3,,,,,23.73999996E-6,-800.000011921E-3,
,,,23.75999975E-6,-28.00000086E-3,,,,,23.75999975E-6,92.000007629E-3,,,,,23.75999975E-6,-600.000023842E-3,,,,,23.75999975E-6,200.00000298E-3,,,,,23.75999975E-6,-800.000011921E-3,
,,,23.77999954E-6,-28.00000086E-3,,,,,23.77999954E-6,92.000007629E-3,,,,,23.77999954E-6,-800.000011921E-3,,,,,23.77999954E-6,400.00000596E-3,,,,,23.77999954E-6,-1.2000000,
,,,23.79999933E-6,-26.00000054E-3,,,,,23.79999933E-6,92.000007629E-3,,,,,23.79999933E-6,-800.000011921E-3,,,,,23.79999933E-6,400.00000596E-3,,,,,23.79999933E-6,-1.2000000,
,,,23.81999911E-6,-26.00000054E-3,,,,,23.81999911E-6,88.000006974E-3,,,,,23.81999911E-6,-1.000000,,,,,23.81999911E-6,600.000023842E-3,,,,,23.81999911E-6,-1.6000000,
,,,23.84000072E-6,-28.00000086E-3,,,,,23.84000072E-6,88.000006974E-3,,,,,23.84000072E-6,-1.000000,,,,,23.84000072E-6,600.000023842E-3,,,,,23.84000072E-6,-1.6000000,
,,,23.86000051E-6,-28.00000086E-3,,,,,23.86000051E-6,88.000006974E-3,,,,,23.86000051E-6,-1.000000,,,,,23.86000051E-6,800.000011921E-3,,,,,23.86000051E-6,-2.0000000,
,,,23.88000030E-6,-28.00000086E-3,,,,,23.88000030E-6,88.000006974E-3,,,,,23.88000030E-6,-1.2000000,,,,,23.88000030E-6,800.000011921E-3,,,,,23.88000030E-6,-2.0000000,
,,,23.90000009E-6,-30.00000119E-3,,,,,23.90000009E-6,92.000007629E-3,,,,,23.90000009E-6,-1.2000000,,,,,23.90000009E-6,1.000000,,,,,23.90000009E-6,-2.4000001,
,,,23.91999988E-6,-26.00000054E-3,,,,,23.91999988E-6,96.000000834E-3,,,,,23.91999988E-6,-1.4000000,,,,,23.91999988E-6,1.000000,,,,,23.91999988E-6,-2.4000001,
,,,23.93999966E-6,-30.00000119E-3,,,,,23.93999966E-6,92.000007629E-3,,,,,23.93999966E-6,-1.4000000,,,,,23.93999966E-6,800.000011921E-3,,,,,23.93999966E-6,-2.4000001,
,,,23.95999945E-6,-32.00000152E-3,,,,,23.95999945E-6,96.000000834E-3,,,,,23.95999945E-6,-1.4000000,,,,,23.95999945E-6,1.2000000,,,,,23.95999945E-6,-2.79999995,
,,,23.97999924E-6,-28.00000086E-3,,,,,23.97999924E-6,92.000007629E-3,,,,,23.97999924E-6,-1.4000000,,,,,23.97999924E-6,1.2000000,,,,,23.97999924E-6,-2.79999995,
,,,23.99999903E-6,-30.00000119E-3,,,,,23.99999903E-6,100.0000015E-3,,,,,23.99999903E-6,-1.6000000,,,,,23.99999903E-6,1.2000000,,,,,23.99999903E-6,-2.79999995,
,,,24.02000064E-6,-30.00000119E-3,,,,,24.02000064E-6,100.0000015E-3,,,,,24.02000064E-6,-1.8000001,,,,,24.02000064E-6,1.4000000,,,,,24.02000064E-6,-3.20000005,
,,,24.04000043E-6,-32.00000152E-3,,,,,24.04000043E-6,96.000000834E-3,,,,,24.04000043E-6,-1.6000000,,,,,24.04000043E-6,1.4000000,,,,,24.04000043E-6,-3.20000005,
,,,24.06000021E-6,-32.00000152E-3,,,,,24.06000021E-6,96.000000834E-3,,,,,24.06000021E-6,-1.6000000,,,,,24.06000021E-6,1.2000000,,,,,24.06000021E-6,-2.79999995,
,,,24.08000000E-6,-32.00000152E-3,,,,,24.08000000E-6,100.0000015E-3,,,,,24.08000000E-6,-2.0000000,,,,,24.08000000E-6,1.4000000,,,,,24.08000000E-6,-3.60000014,
,,,24.09999979E-6,-30.00000119E-3,,,,,24.09999979E-6,100.0000015E-3,,,,,24.09999979E-6,-2.0000000,,,,,24.09999979E-6,1.6000000,,,,,24.09999979E-6,-3.60000014,
,,,24.11999958E-6,-32.00000152E-3,,,,,24.11999958E-6,100.0000015E-3,,,,,24.11999958E-6,-2.0000000,,,,,24.11999958E-6,1.6000000,,,,,24.11999958E-6,-3.60000014,
,,,24.13999937E-6,-34.00000185E-3,,,,,24.13999937E-6,100.0000015E-3,,,,,24.13999937E-6,-2.0000000,,,,,24.13999937E-6,1.8000001,,,,,24.13999937E-6,-4.00000000,
,,,24.15999916E-6,-32.00000152E-3,,,,,24.15999916E-6,100.0000015E-3,,,,,24.15999916E-6,-2.4000001,,,,,24.15999916E-6,1.8000001,,,,,24.15999916E-6,-4.40000010,
,,,24.17999895E-6,-32.00000152E-3,,,,,24.17999895E-6,104.0000021E-3,,,,,24.17999895E-6,-2.2000000,,,,,24.17999895E-6,2.0000000,,,,,24.17999895E-6,-4.40000010,
,,,24.20000055E-6,-32.00000152E-3,,,,,24.20000055E-6,108.0000028E-3,,,,,24.20000055E-6,-2.4000001,,,,,24.20000055E-6,1.8000001,,,,,24.20000055E-6,-4.40000010,
,,,24.22000034E-6,-32.00000152E-3,,,,,24.22000034E-6,100.0000015E-3,,,,,24.22000034E-6,-2.2000000,,,,,24.22000034E-6,2.0000000,,,,,24.22000034E-6,-4.40000010,
,,,24.24000013E-6,-34.00000185E-3,,,,,24.24000013E-6,100.0000015E-3,,,,,24.24000013E-6,-2.6000001,,,,,24.24000013E-6,1.8000001,,,,,24.24000013E-6,-4.40000010,
,,,24.25999992E-6,-34.00000185E-3,,,,,24.25999992E-6,104.0000021E-3,,,,,24.25999992E-6,-2.79999995,,,,,24.25999992E-6,2.0000000,,,,,24.25999992E-6,-4.80000019,
,,,24.27999971E-6,-32.00000152E-3,,,,,24.27999971E-6,104.0000021E-3,,,,,24.27999971E-6,-2.6000001,,,,,24.27999971E-6,2.4000001,,,,,24.27999971E-6,-5.20000029,
,,,24.29999950E-6,-36.00000218E-3,,,,,24.29999950E-6,104.0000021E-3,,,,,24.29999950E-6,-3.00000000,,,,,24.29999950E-6,2.2000000,,,,,24.29999950E-6,-5.20000029,
,,,24.31999928E-6,-34.00000185E-3,,,,,24.31999928E-6,104.0000021E-3,,,,,24.31999928E-6,-2.79999995,,,,,24.31999928E-6,2.4000001,,,,,24.31999928E-6,-5.20000029,
,,,24.33999907E-6,-36.00000218E-3,,,,,24.33999907E-6,108.0000028E-3,,,,,24.33999907E-6,-2.79999995,,,,,24.33999907E-6,2.6000001,,,,,24.33999907E-6,-5.59999990,
,,,24.36000068E-6,-34.00000185E-3,,,,,24.36000068E-6,108.0000028E-3,,,,,24.36000068E-6,-3.00000000,,,,,24.36000068E-6,2.6000001,,,,,24.36000068E-6,-5.59999990,
,,,24.38000047E-6,-34.00000185E-3,,,,,24.38000047E-6,112.0000035E-3,,,,,24.38000047E-6,-2.6000001,,,,,24.38000047E-6,2.6000001,,,,,24.38000047E-6,-5.20000029,
,,,24.40000026E-6,-36.00000218E-3,,,,,24.40000026E-6,104.0000021E-3,,,,,24.40000026E-6,-3.20000005,,,,,24.40000026E-6,2.4000001,,,,,24.40000026E-6,-5.59999990,
,,,24.42000005E-6,-34.00000185E-3,,,,,24.42000005E-6,108.0000028E-3,,,,,24.42000005E-6,-3.00000000,,,,,24.42000005E-6,2.6000001,,,,,24.42000005E-6,-5.59999990,
,,,24.43999983E-6,-36.00000218E-3,,,,,24.43999983E-6,108.0000028E-3,,,,,24.43999983E-6,-3.20000005,,,,,24.43999983E-6,3.00000000,,,,,24.43999983E-6,-6.40000010,
,,,24.45999962E-6,-38.00000250E-3,,,,,24.45999962E-6,108.0000028E-3,,,,,24.45999962E-6,-3.40000010,,,,,24.45999962E-6,2.79999995,,,,,24.45999962E-6,-6.40000010,
,,,24.47999941E-6,-26.00000054E-3,,,,,24.47999941E-6,116.0000041E-3,,,,,24.47999941E-6,-3.40000010,,,,,24.47999941E-6,2.79999995,,,,,24.47999941E-6,-6.40000010,
,,,24.49999920E-6,-40.00000283E-3,,,,,24.49999920E-6,104.0000021E-3,,,,,24.49999920E-6,-3.40000010,,,,,24.49999920E-6,2.79999995,,,,,24.49999920E-6,-6.40000010,
,,,24.51999899E-6,-38.00000250E-3,,,,,24.51999899E-6,112.0000035E-3,,,,,24.51999899E-6,-3.40000010,,,,,24.51999899E-6,2.79999995,,,,,24.51999899E-6,-6.40000010,
,,,24.54000060E-6,-36.00000218E-3,,,,,24.54000060E-6,108.0000028E-3,,,,,24.54000060E-6,-3.60000014,,,,,24.54000060E-6,3.00000000,,,,,24.54000060E-6,-6.80000019,
,,,24.56000038E-6,-36.00000218E-3,,,,,24.56000038E-6,104.0000021E-3,,,,,24.56000038E-6,-3.40000010,,,,,24.56000038E-6,3.00000000,,,,,24.56000038E-6,-6.40000010,
,,,24.58000017E-6,-36.00000218E-3,,,,,24.58000017E-6,108.0000028E-3,,,,,24.58000017E-6,-3.60000014,,,,,24.58000017E-6,3.00000000,,,,,24.58000017E-6,-6.80000019,
,,,24.59999996E-6,-34.00000185E-3,,,,,24.59999996E-6,108.0000028E-3,,,,,24.59999996E-6,-3.79999995,,,,,24.59999996E-6,3.20000005,,,,,24.59999996E-6,-7.20000029,
,,,24.61999975E-6,-40.00000283E-3,,,,,24.61999975E-6,104.0000021E-3,,,,,24.61999975E-6,-3.79999995,,,,,24.61999975E-6,3.20000005,,,,,24.61999975E-6,-7.20000029,
,,,24.63999954E-6,-36.00000218E-3,,,,,24.63999954E-6,112.0000035E-3,,,,,24.63999954E-6,-3.79999995,,,,,24.63999954E-6,3.40000010,,,,,24.63999954E-6,-7.20000029,
,,,24.65999933E-6,-38.00000250E-3,,,,,24.65999933E-6,108.0000028E-3,,,,,24.65999933E-6,-4.00000000,,,,,24.65999933E-6,3.40000010,,,,,24.65999933E-6,-7.599999905,
,,,24.67999911E-6,-36.00000218E-3,,,,,24.67999911E-6,112.0000035E-3,,,,,24.67999911E-6,-3.79999995,,,,,24.67999911E-6,3.40000010,,,,,24.67999911E-6,-7.20000029,
,,,24.70000072E-6,-38.00000250E-3,,,,,24.70000072E-6,112.0000035E-3,,,,,24.70000072E-6,-4.00000000,,,,,24.70000072E-6,3.40000010,,,,,24.70000072E-6,-7.599999905,
,,,24.72000051E-6,-36.00000218E-3,,,,,24.72000051E-6,104.0000021E-3,,,,,24.72000051E-6,-4.00000000,,,,,24.72000051E-6,3.40000010,,,,,24.72000051E-6,-7.599999905,
,,,24.74000030E-6,-38.00000250E-3,,,,,24.74000030E-6,108.0000028E-3,,,,,24.74000030E-6,-4.00000000,,,,,24.74000030E-6,3.79999995,,,,,24.74000030E-6,-8.000000000,
,,,24.76000009E-6,-36.00000218E-3,,,,,24.76000009E-6,108.0000028E-3,,,,,24.76000009E-6,-4.20000029,,,,,24.76000009E-6,3.60000014,,,,,24.76000009E-6,-8.000000000,
,,,24.77999988E-6,-38.00000250E-3,,,,,24.77999988E-6,112.0000035E-3,,,,,24.77999988E-6,-4.20000029,,,,,24.77999988E-6,3.60000014,,,,,24.77999988E-6,-8.000000000,
,,,24.79999966E-6,-36.00000218E-3,,,,,24.79999966E-6,108.0000028E-3,,,,,24.79999966E-6,-4.40000010,,,,,24.79999966E-6,3.60000014,,,,,24.79999966E-6,-8.000000000,
,,,24.81999945E-6,-38.00000250E-3,,,,,24.81999945E-6,108.0000028E-3,,,,,24.81999945E-6,-4.40000010,,,,,24.81999945E-6,4.00000000,,,,,24.81999945E-6,-8.400000572,
,,,24.83999924E-6,-38.00000250E-3,,,,,24.83999924E-6,108.0000028E-3,,,,,24.83999924E-6,-4.40000010,,,,,24.83999924E-6,3.79999995,,,,,24.83999924E-6,-8.400000572,
,,,24.85999903E-6,-36.00000218E-3,,,,,24.85999903E-6,108.0000028E-3,,,,,24.85999903E-6,-4.40000010,,,,,24.85999903E-6,3.79999995,,,,,24.85999903E-6,-8.400000572,
,,,24.88000064E-6,-36.00000218E-3,,,,,24.88000064E-6,108.0000028E-3,,,,,24.88000064E-6,-4.40000010,,,,,24.88000064E-6,4.00000000,,,,,24.88000064E-6,-8.400000572,
,,,24.90000043E-6,-36.00000218E-3,,,,,24.90000043E-6,108.0000028E-3,,,,,24.90000043E-6,-4.59999990,,,,,24.90000043E-6,3.79999995,,,,,24.90000043E-6,-8.400000572,
,,,24.92000021E-6,-36.00000218E-3,,,,,24.92000021E-6,108.0000028E-3,,,,,24.92000021E-6,-4.59999990,,,,,24.92000021E-6,4.20000029,,,,,24.92000021E-6,-8.800000191,
,,,24.94000000E-6,-38.00000250E-3,,,,,24.94000000E-6,112.0000035E-3,,,,,24.94000000E-6,-4.59999990,,,,,24.94000000E-6,4.00000000,,,,,24.94000000E-6,-8.800000191,
,,,24.95999979E-6,-38.00000250E-3,,,,,24.95999979E-6,104.0000021E-3,,,,,24.95999979E-6,-4.80000019,,,,,24.95999979E-6,4.00000000,,,,,24.95999979E-6,-8.800000191,
,,,24.97999958E-6,-36.00000218E-3,,,,,24.97999958E-6,108.0000028E-3,,,,,24.97999958E-6,-4.59999990,,,,,24.97999958E-6,4.00000000,,,,,24.97999958E-6,-8.800000191,
,,,24.99999937E-6,-36.00000218E-3,,,,,24.99999937E-6,108.0000028E-3,,,,,24.99999937E-6,-4.80000019,,,,,24.99999937E-6,4.20000029,,,,,24.99999937E-6,-9.199999809,
,,,25.01999916E-6,-34.00000185E-3,,,,,25.01999916E-6,104.0000021E-3,,,,,25.01999916E-6,-4.80000019,,,,,25.01999916E-6,4.20000029,,,,,25.01999916E-6,-9.199999809,
,,,25.03999895E-6,-38.00000250E-3,,,,,25.03999895E-6,108.0000028E-3,,,,,25.03999895E-6,-4.80000019,,,,,25.03999895E-6,4.40000010,,,,,25.03999895E-6,-9.199999809,
,,,25.06000055E-6,-36.00000218E-3,,,,,25.06000055E-6,108.0000028E-3,,,,,25.06000055E-6,-4.80000019,,,,,25.06000055E-6,4.20000029,,,,,25.06000055E-6,-9.199999809,
,,,25.08000034E-6,-40.00000283E-3,,,,,25.08000034E-6,104.0000021E-3,,,,,25.08000034E-6,-5.00000000,,,,,25.08000034E-6,4.40000010,,,,,25.08000034E-6,-9.600000381,
,,,25.10000013E-6,-36.00000218E-3,,,,,25.10000013E-6,108.0000028E-3,,,,,25.10000013E-6,-5.00000000,,,,,25.10000013E-6,4.40000010,,,,,25.10000013E-6,-9.600000381,
,,,25.11999992E-6,-36.00000218E-3,,,,,25.11999992E-6,104.0000021E-3,,,,,25.11999992E-6,-5.00000000,,,,,25.11999992E-6,4.20000029,,,,,25.11999992E-6,-9.199999809,
,,,25.13999971E-6,-36.00000218E-3,,,,,25.13999971E-6,96.000000834E-3,,,,,25.13999971E-6,-5.00000000,,,,,25.13999971E-6,4.40000010,,,,,25.13999971E-6,-9.600000381,
,,,25.15999950E-6,-36.00000218E-3,,,,,25.15999950E-6,108.0000028E-3,,,,,25.15999950E-6,-5.00000000,,,,,25.15999950E-6,4.59999990,,,,,25.15999950E-6,-9.600000381,
,,,25.17999928E-6,-36.00000218E-3,,,,,25.17999928E-6,108.0000028E-3,,,,,25.17999928E-6,-5.20000029,,,,,25.17999928E-6,4.59999990,,,,,25.17999928E-6,-10.0000000,
,,,25.19999907E-6,-36.00000218E-3,,,,,25.19999907E-6,100.0000015E-3,,,,,25.19999907E-6,-4.80000019,,,,,25.19999907E-6,4.80000019,,,,,25.19999907E-6,-9.600000381,
,,,25.22000068E-6,-36.00000218E-3,,,,,25.22000068E-6,104.0000021E-3,,,,,25.22000068E-6,-5.20000029,,,,,25.22000068E-6,4.59999990,,,,,25.22000068E-6,-10.0000000,
,,,25.24000047E-6,-36.00000218E-3,,,,,25.24000047E-6,108.0000028E-3,,,,,25.24000047E-6,-5.20000029,,,,,25.24000047E-6,4.40000010,,,,,25.24000047E-6,-9.600000381,
,,,25.26000026E-6,-34.00000185E-3,,,,,25.26000026E-6,104.0000021E-3,,,,,25.26000026E-6,-5.40000010,,,,,25.26000026E-6,4.59999990,,,,,25.26000026E-6,-10.0000000,
,,,25.28000005E-6,-36.00000218E-3,,,,,25.28000005E-6,104.0000021E-3,,,,,25.28000005E-6,-5.00000000,,,,,25.28000005E-6,4.59999990,,,,,25.28000005E-6,-9.600000381,
,,,25.29999983E-6,-34.00000185E-3,,,,,25.29999983E-6,96.000000834E-3,,,,,25.29999983E-6,-5.20000029,,,,,25.29999983E-6,4.80000019,,,,,25.29999983E-6,-10.0000000,
,,,25.31999962E-6,-38.00000250E-3,,,,,25.31999962E-6,100.0000015E-3,,,,,25.31999962E-6,-5.40000010,,,,,25.31999962E-6,4.59999990,,,,,25.31999962E-6,-10.0000000,
,,,25.33999941E-6,-34.00000185E-3,,,,,25.33999941E-6,100.0000015E-3,,,,,25.33999941E-6,-5.40000010,,,,,25.33999941E-6,5.00000000,,,,,25.33999941E-6,-10.4000006,
,,,25.35999920E-6,-34.00000185E-3,,,,,25.35999920E-6,100.0000015E-3,,,,,25.35999920E-6,-5.40000010,,,,,25.35999920E-6,4.80000019,,,,,25.35999920E-6,-10.4000006,
,,,25.37999899E-6,-36.00000218E-3,,,,,25.37999899E-6,96.000000834E-3,,,,,25.37999899E-6,-5.20000029,,,,,25.37999899E-6,4.80000019,,,,,25.37999899E-6,-10.0000000,
,,,25.40000060E-6,-36.00000218E-3,,,,,25.40000060E-6,100.0000015E-3,,,,,25.40000060E-6,-5.40000010,,,,,25.40000060E-6,4.80000019,,,,,25.40000060E-6,-10.4000006,
,,,25.42000038E-6,-34.00000185E-3,,,,,25.42000038E-6,96.000000834E-3,,,,,25.42000038E-6,-5.20000029,,,,,25.42000038E-6,5.00000000,,,,,25.42000038E-6,-10.4000006,
,,,25.44000017E-6,-36.00000218E-3,,,,,25.44000017E-6,96.000000834E-3,,,,,25.44000017E-6,-5.40000010,,,,,25.44000017E-6,4.80000019,,,,,25.44000017E-6,-10.4000006,
,,,25.45999996E-6,-34.00000185E-3,,,,,25.45999996E-6,92.000007629E-3,,,,,25.45999996E-6,-5.59999990,,,,,25.45999996E-6,4.80000019,,,,,25.45999996E-6,-10.4000006,
,,,25.47999975E-6,-34.00000185E-3,,,,,25.47999975E-6,96.000000834E-3,,,,,25.47999975E-6,-5.40000010,,,,,25.47999975E-6,5.00000000,,,,,25.47999975E-6,-10.4000006,
,,,25.49999954E-6,-34.00000185E-3,,,,,25.49999954E-6,96.000000834E-3,,,,,25.49999954E-6,-5.59999990,,,,,25.49999954E-6,4.80000019,,,,,25.49999954E-6,-10.4000006,
,,,25.51999933E-6,-32.00000152E-3,,,,,25.51999933E-6,96.000000834E-3,,,,,25.51999933E-6,-5.59999990,,,,,25.51999933E-6,5.20000029,,,,,25.51999933E-6,-10.8000002,
,,,25.53999911E-6,-32.00000152E-3,,,,,25.53999911E-6,96.000000834E-3,,,,,25.53999911E-6,-5.59999990,,,,,25.53999911E-6,5.00000000,,,,,25.53999911E-6,-10.8000002,
,,,25.56000072E-6,-34.00000185E-3,,,,,25.56000072E-6,88.000006974E-3,,,,,25.56000072E-6,-5.40000010,,,,,25.56000072E-6,5.20000029,,,,,25.56000072E-6,-10.8000002,
,,,25.58000051E-6,-32.00000152E-3,,,,,25.58000051E-6,92.000007629E-3,,,,,25.58000051E-6,-5.59999990,,,,,25.58000051E-6,5.40000010,,,,,25.58000051E-6,-11.1999998,
,,,25.60000030E-6,-30.00000119E-3,,,,,25.60000030E-6,92.000007629E-3,,,,,25.60000030E-6,-5.40000010,,,,,25.60000030E-6,5.00000000,,,,,25.60000030E-6,-10.4000006,
,,,25.62000009E-6,-32.00000152E-3,,,,,25.62000009E-6,88.000006974E-3,,,,,25.62000009E-6,-5.59999990,,,,,25.62000009E-6,5.00000000,,,,,25.62000009E-6,-10.8000002,
,,,25.63999988E-6,-32.00000152E-3,,,,,25.63999988E-6,88.000006974E-3,,,,,25.63999988E-6,-5.59999990,,,,,25.63999988E-6,4.80000019,,,,,25.63999988E-6,-10.4000006,
,,,25.65999966E-6,-32.00000152E-3,,,,,25.65999966E-6,88.000006974E-3,,,,,25.65999966E-6,-5.59999990,,,,,25.65999966E-6,5.00000000,,,,,25.65999966E-6,-10.8000002,
,,,25.67999945E-6,-30.00000119E-3,,,,,25.67999945E-6,88.000006974E-3,,,,,25.67999945E-6,-5.59999990,,,,,25.67999945E-6,5.20000029,,,,,25.67999945E-6,-10.8000002,
,,,25.69999924E-6,-32.00000152E-3,,,,,25.69999924E-6,88.000006974E-3,,,,,25.69999924E-6,-5.59999990,,,,,25.69999924E-6,5.20000029,,,,,25.69999924E-6,-10.8000002,
,,,25.71999903E-6,-32.00000152E-3,,,,,25.71999903E-6,88.000006974E-3,,,,,25.71999903E-6,-5.40000010,,,,,25.71999903E-6,5.00000000,,,,,25.71999903E-6,-10.4000006,
,,,25.74000064E-6,-30.00000119E-3,,,,,25.74000064E-6,80.000005662E-3,,,,,25.74000064E-6,-5.59999990,,,,,25.74000064E-6,5.00000000,,,,,25.74000064E-6,-10.8000002,
,,,25.76000043E-6,-30.00000119E-3,,,,,25.76000043E-6,84.000006318E-3,,,,,25.76000043E-6,-5.59999990,,,,,25.76000043E-6,5.20000029,,,,,25.76000043E-6,-10.8000002,
,,,25.78000021E-6,-30.00000119E-3,,,,,25.78000021E-6,84.000006318E-3,,,,,25.78000021E-6,-5.59999990,,,,,25.78000021E-6,5.20000029,,,,,25.78000021E-6,-10.8000002,
,,,25.80000000E-6,-30.00000119E-3,,,,,25.80000000E-6,88.000006974E-3,,,,,25.80000000E-6,-5.80000019,,,,,25.80000000E-6,5.20000029,,,,,25.80000000E-6,-11.1999998,
,,,25.81999979E-6,-28.00000086E-3,,,,,25.81999979E-6,80.000005662E-3,,,,,25.81999979E-6,-5.59999990,,,,,25.81999979E-6,5.00000000,,,,,25.81999979E-6,-10.8000002,
,,,25.83999958E-6,-30.00000119E-3,,,,,25.83999958E-6,80.000005662E-3,,,,,25.83999958E-6,-5.59999990,,,,,25.83999958E-6,5.20000029,,,,,25.83999958E-6,-10.8000002,
,,,25.85999937E-6,-26.00000054E-3,,,,,25.85999937E-6,80.000005662E-3,,,,,25.85999937E-6,-5.59999990,,,,,25.85999937E-6,5.20000029,,,,,25.85999937E-6,-10.8000002,
,,,25.87999916E-6,-30.00000119E-3,,,,,25.87999916E-6,80.000005662E-3,,,,,25.87999916E-6,-5.59999990,,,,,25.87999916E-6,5.00000000,,,,,25.87999916E-6,-10.8000002,
,,,25.89999895E-6,-28.00000086E-3,,,,,25.89999895E-6,80.000005662E-3,,,,,25.89999895E-6,-5.59999990,,,,,25.89999895E-6,5.20000029,,,,,25.89999895E-6,-10.8000002,
,,,25.92000055E-6,-28.00000086E-3,,,,,25.92000055E-6,80.000005662E-3,,,,,25.92000055E-6,-5.59999990,,,,,25.92000055E-6,5.40000010,,,,,25.92000055E-6,-11.1999998,
,,,25.94000034E-6,-28.00000086E-3,,,,,25.94000034E-6,84.000006318E-3,,,,,25.94000034E-6,-5.59999990,,,,,25.94000034E-6,5.20000029,,,,,25.94000034E-6,-10.8000002,
,,,25.96000013E-6,-26.00000054E-3,,,,,25.96000013E-6,76.000005007E-3,,,,,25.96000013E-6,-5.59999990,,,,,25.96000013E-6,5.20000029,,,,,25.96000013E-6,-10.8000002,
,,,25.97999992E-6,-28.00000086E-3,,,,,25.97999992E-6,76.000005007E-3,,,,,25.97999992E-6,-5.59999990,,,,,25.97999992E-6,5.00000000,,,,,25.97999992E-6,-10.8000002,
,,,25.99999971E-6,-26.00000054E-3,,,,,25.99999971E-6,76.000005007E-3,,,,,25.99999971E-6,-5.40000010,,,,,25.99999971E-6,5.20000029,,,,,25.99999971E-6,-10.8000002,
,,,26.01999950E-6,-28.00000086E-3,,,,,26.01999950E-6,76.000005007E-3,,,,,26.01999950E-6,-5.80000019,,,,,26.01999950E-6,5.20000029,,,,,26.01999950E-6,-11.1999998,
,,,26.03999928E-6,-26.00000054E-3,,,,,26.03999928E-6,72.000004351E-3,,,,,26.03999928E-6,-5.59999990,,,,,26.03999928E-6,5.20000029,,,,,26.03999928E-6,-10.8000002,
,,,26.05999907E-6,-26.00000054E-3,,,,,26.05999907E-6,80.000005662E-3,,,,,26.05999907E-6,-5.59999990,,,,,26.05999907E-6,5.00000000,,,,,26.05999907E-6,-10.8000002,
,,,26.08000068E-6,-24.00000021E-3,,,,,26.08000068E-6,72.000004351E-3,,,,,26.08000068E-6,-5.59999990,,,,,26.08000068E-6,5.00000000,,,,,26.08000068E-6,-10.8000002,
,,,26.10000047E-6,-26.00000054E-3,,,,,26.10000047E-6,72.000004351E-3,,,,,26.10000047E-6,-5.59999990,,,,,26.10000047E-6,5.00000000,,,,,26.10000047E-6,-10.8000002,
,,,26.12000026E-6,-26.00000054E-3,,,,,26.12000026E-6,72.000004351E-3,,,,,26.12000026E-6,-5.59999990,,,,,26.12000026E-6,5.40000010,,,,,26.12000026E-6,-11.1999998,
,,,26.14000005E-6,-28.00000086E-3,,,,,26.14000005E-6,68.000003695E-3,,,,,26.14000005E-6,-5.40000010,,,,,26.14000005E-6,5.20000029,,,,,26.14000005E-6,-10.8000002,
,,,26.15999983E-6,-22.00000174E-3,,,,,26.15999983E-6,72.000004351E-3,,,,,26.15999983E-6,-5.59999990,,,,,26.15999983E-6,5.00000000,,,,,26.15999983E-6,-10.8000002,
,,,26.17999962E-6,-30.00000119E-3,,,,,26.17999962E-6,68.000003695E-3,,,,,26.17999962E-6,-5.40000010,,,,,26.17999962E-6,5.20000029,,,,,26.17999962E-6,-10.8000002,
,,,26.19999941E-6,-28.00000086E-3,,,,,26.19999941E-6,72.000004351E-3,,,,,26.19999941E-6,-5.59999990,,,,,26.19999941E-6,5.00000000,,,,,26.19999941E-6,-10.8000002,
,,,26.21999920E-6,-22.00000174E-3,,,,,26.21999920E-6,68.000003695E-3,,,,,26.21999920E-6,-5.40000010,,,,,26.21999920E-6,5.00000000,,,,,26.21999920E-6,-10.4000006,
,,,26.23999899E-6,-24.00000021E-3,,,,,26.23999899E-6,68.000003695E-3,,,,,26.23999899E-6,-5.40000010,,,,,26.23999899E-6,5.00000000,,,,,26.23999899E-6,-10.4000006,
,,,26.26000060E-6,-18.0000011E-3,,,,,26.26000060E-6,72.000004351E-3,,,,,26.26000060E-6,-5.59999990,,,,,26.26000060E-6,5.00000000,,,,,26.26000060E-6,-10.8000002,
,,,26.28000038E-6,-24.00000021E-3,,,,,26.28000038E-6,64.000003040E-3,,,,,26.28000038E-6,-5.40000010,,,,,26.28000038E-6,5.00000000,,,,,26.28000038E-6,-10.4000006,
,,,26.30000017E-6,-24.00000021E-3,,,,,26.30000017E-6,64.000003040E-3,,,,,26.30000017E-6,-5.40000010,,,,,26.30000017E-6,5.00000000,,,,,26.30000017E-6,-10.4000006,
,,,26.31999996E-6,-20.0000014E-3,,,,,26.31999996E-6,60.000002384E-3,,,,,26.31999996E-6,-5.40000010,,,,,26.31999996E-6,5.20000029,,,,,26.31999996E-6,-10.8000002,
,,,26.33999975E-6,-20.0000014E-3,,,,,26.33999975E-6,56.000001729E-3,,,,,26.33999975E-6,-5.40000010,,,,,26.33999975E-6,5.00000000,,,,,26.33999975E-6,-10.4000006,
,,,26.35999954E-6,-22.00000174E-3,,,,,26.35999954E-6,56.000001729E-3,,,,,26.35999954E-6,-5.40000010,,,,,26.35999954E-6,5.00000000,,,,,26.35999954E-6,-10.4000006,
,,,26.37999933E-6,-20.0000014E-3,,,,,26.37999933E-6,56.000001729E-3,,,,,26.37999933E-6,-5.20000029,,,,,26.37999933E-6,5.20000029,,,,,26.37999933E-6,-10.4000006,
,,,26.39999911E-6,-24.00000021E-3,,,,,26.39999911E-6,60.000002384E-3,,,,,26.39999911E-6,-5.20000029,,,,,26.39999911E-6,4.80000019,,,,,26.39999911E-6,-10.0000000,
,,,26.42000072E-6,-22.00000174E-3,,,,,26.42000072E-6,56.000001729E-3,,,,,26.42000072E-6,-5.40000010,,,,,26.42000072E-6,4.80000019,,,,,26.42000072E-6,-10.4000006,
,,,26.44000051E-6,-20.0000014E-3,,,,,26.44000051E-6,56.000001729E-3,,,,,26.44000051E-6,-5.20000029,,,,,26.44000051E-6,4.80000019,,,,,26.44000051E-6,-10.0000000,
,,,26.46000030E-6,-20.0000014E-3,,,,,26.46000030E-6,56.000001729E-3,,,,,26.46000030E-6,-5.59999990,,,,,26.46000030E-6,4.80000019,,,,,26.46000030E-6,-10.4000006,
,,,26.48000009E-6,-20.0000014E-3,,,,,26.48000009E-6,56.000001729E-3,,,,,26.48000009E-6,-5.40000010,,,,,26.48000009E-6,4.80000019,,,,,26.48000009E-6,-10.4000006,
,,,26.49999988E-6,-18.0000011E-3,,,,,26.49999988E-6,52.00000107E-3,,,,,26.49999988E-6,-5.20000029,,,,,26.49999988E-6,5.00000000,,,,,26.49999988E-6,-10.4000006,
,,,26.51999966E-6,-18.0000011E-3,,,,,26.51999966E-6,48.00000042E-3,,,,,26.51999966E-6,-5.20000029,,,,,26.51999966E-6,4.80000019,,,,,26.51999966E-6,-10.0000000,
,,,26.53999945E-6,-16.0000008E-3,,,,,26.53999945E-6,52.00000107E-3,,,,,26.53999945E-6,-5.00000000,,,,,26.53999945E-6,4.80000019,,,,,26.53999945E-6,-10.0000000,
,,,26.55999924E-6,-18.0000011E-3,,,,,26.55999924E-6,44.00000349E-3,,,,,26.55999924E-6,-5.00000000,,,,,26.55999924E-6,4.80000019,,,,,26.55999924E-6,-10.0000000,
,,,26.57999903E-6,-18.0000011E-3,,,,,26.57999903E-6,48.00000042E-3,,,,,26.57999903E-6,-5.00000000,,,,,26.57999903E-6,4.59999990,,,,,26.57999903E-6,-9.600000381,
,,,26.60000064E-6,-18.0000011E-3,,,,,26.60000064E-6,48.00000042E-3,,,,,26.60000064E-6,-5.20000029,,,,,26.60000064E-6,4.80000019,,,,,26.60000064E-6,-10.0000000,
,,,26.62000043E-6,-18.0000011E-3,,,,,26.62000043E-6,48.00000042E-3,,,,,26.62000043E-6,-5.20000029,,,,,26.62000043E-6,4.80000019,,,,,26.62000043E-6,-10.0000000,
,,,26.64000021E-6,-16.0000008E-3,,,,,26.64000021E-6,44.00000349E-3,,,,,26.64000021E-6,-5.00000000,,,,,26.64000021E-6,4.80000019,,,,,26.64000021E-6,-10.0000000,
,,,26.66000000E-6,-18.0000011E-3,,,,,26.66000000E-6,48.00000042E-3,,,,,26.66000000E-6,-5.00000000,,,,,26.66000000E-6,4.80000019,,,,,26.66000000E-6,-10.0000000,
,,,26.67999979E-6,-16.0000008E-3,,,,,26.67999979E-6,40.00000283E-3,,,,,26.67999979E-6,-5.00000000,,,,,26.67999979E-6,4.40000010,,,,,26.67999979E-6,-9.600000381,
,,,26.69999958E-6,-14.0000004E-3,,,,,26.69999958E-6,40.00000283E-3,,,,,26.69999958E-6,-5.20000029,,,,,26.69999958E-6,4.59999990,,,,,26.69999958E-6,-10.0000000,
,,,26.71999937E-6,-14.0000004E-3,,,,,26.71999937E-6,40.00000283E-3,,,,,26.71999937E-6,-5.00000000,,,,,26.71999937E-6,4.59999990,,,,,26.71999937E-6,-9.600000381,
,,,26.73999916E-6,-14.0000004E-3,,,,,26.73999916E-6,40.00000283E-3,,,,,26.73999916E-6,-4.80000019,,,,,26.73999916E-6,4.59999990,,,,,26.73999916E-6,-9.600000381,
,,,26.75999895E-6,-14.0000004E-3,,,,,26.75999895E-6,36.00000218E-3,,,,,26.75999895E-6,-5.00000000,,,,,26.75999895E-6,4.40000010,,,,,26.75999895E-6,-9.600000381,
,,,26.78000055E-6,-16.0000008E-3,,,,,26.78000055E-6,36.00000218E-3,,,,,26.78000055E-6,-4.80000019,,,,,26.78000055E-6,4.59999990,,,,,26.78000055E-6,-9.600000381,
,,,26.80000034E-6,-14.0000004E-3,,,,,26.80000034E-6,40.00000283E-3,,,,,26.80000034E-6,-4.80000019,,,,,26.80000034E-6,4.59999990,,,,,26.80000034E-6,-9.600000381,
,,,26.82000013E-6,-14.0000004E-3,,,,,26.82000013E-6,36.00000218E-3,,,,,26.82000013E-6,-4.59999990,,,,,26.82000013E-6,4.40000010,,,,,26.82000013E-6,-9.199999809,
,,,26.83999992E-6,-14.0000004E-3,,,,,26.83999992E-6,32.00000152E-3,,,,,26.83999992E-6,-4.59999990,,,,,26.83999992E-6,4.40000010,,,,,26.83999992E-6,-9.199999809,
,,,26.85999971E-6,-10.0000007E-3,,,,,26.85999971E-6,32.00000152E-3,,,,,26.85999971E-6,-4.59999990,,,,,26.85999971E-6,4.20000029,,,,,26.85999971E-6,-8.800000191,
,,,26.87999950E-6,-12.0000001E-3,,,,,26.87999950E-6,28.00000086E-3,,,,,26.87999950E-6,-4.59999990,,,,,26.87999950E-6,4.40000010,,,,,26.87999950E-6,-9.199999809,
,,,26.89999928E-6,-14.0000004E-3,,,,,26.89999928E-6,28.00000086E-3,,,,,26.89999928E-6,-4.80000019,,,,,26.89999928E-6,4.40000010,,,,,26.89999928E-6,-9.199999809,
,,,26.91999907E-6,-10.0000007E-3,,,,,26.91999907E-6,28.00000086E-3,,,,,26.91999907E-6,-4.20000029,,,,,26.91999907E-6,4.40000010,,,,,26.91999907E-6,-8.800000191,
,,,26.94000068E-6,-10.0000007E-3,,,,,26.94000068E-6,28.00000086E-3,,,,,26.94000068E-6,-4.40000010,,,,,26.94000068E-6,4.20000029,,,,,26.94000068E-6,-8.800000191,
,,,26.96000047E-6,-12.0000001E-3,,,,,26.96000047E-6,24.00000021E-3,,,,,26.96000047E-6,-4.40000010,,,,,26.96000047E-6,4.20000029,,,,,26.96000047E-6,-8.800000191,
,,,26.98000026E-6,-12.0000001E-3,,,,,26.98000026E-6,24.00000021E-3,,,,,26.98000026E-6,-4.40000010,,,,,26.98000026E-6,4.00000000,,,,,26.98000026E-6,-8.400000572,
,,,27.00000005E-6,-10.0000007E-3,,,,,27.00000005E-6,20.0000014E-3,,,,,27.00000005E-6,-4.20000029,,,,,27.00000005E-6,4.20000029,,,,,27.00000005E-6,-8.400000572,
,,,27.01999983E-6,-10.0000007E-3,,,,,27.01999983E-6,28.00000086E-3,,,,,27.01999983E-6,-4.59999990,,,,,27.01999983E-6,4.40000010,,,,,27.01999983E-6,-9.199999809,
,,,27.03999962E-6,-10.0000007E-3,,,,,27.03999962E-6,24.00000021E-3,,,,,27.03999962E-6,-4.20000029,,,,,27.03999962E-6,4.00000000,,,,,27.03999962E-6,-8.400000572,
,,,27.05999941E-6,-10.0000007E-3,,,,,27.05999941E-6,20.0000014E-3,,,,,27.05999941E-6,-4.00000000,,,,,27.05999941E-6,4.20000029,,,,,27.05999941E-6,-8.400000572,
,,,27.07999920E-6,-8.000000380E-3,,,,,27.07999920E-6,20.0000014E-3,,,,,27.07999920E-6,-4.20000029,,,,,27.07999920E-6,4.00000000,,,,,27.07999920E-6,-8.400000572,
,,,27.09999899E-6,-4.00000019E-3,,,,,27.09999899E-6,20.0000014E-3,,,,,27.09999899E-6,-4.00000000,,,,,27.09999899E-6,4.00000000,,,,,27.09999899E-6,-8.000000000,
,,,27.12000060E-6,-6.00000005E-3,,,,,27.12000060E-6,16.0000008E-3,,,,,27.12000060E-6,-4.20000029,,,,,27.12000060E-6,4.00000000,,,,,27.12000060E-6,-8.400000572,
,,,27.14000038E-6,-8.000000380E-3,,,,,27.14000038E-6,12.0000001E-3,,,,,27.14000038E-6,-4.00000000,,,,,27.14000038E-6,3.79999995,,,,,27.14000038E-6,-8.000000000,
,,,27.16000017E-6,-6.00000005E-3,,,,,27.16000017E-6,16.0000008E-3,,,,,27.16000017E-6,-3.79999995,,,,,27.16000017E-6,3.79999995,,,,,27.16000017E-6,-7.599999905,
,,,27.17999996E-6,-6.00000005E-3,,,,,27.17999996E-6,12.0000001E-3,,,,,27.17999996E-6,-4.00000000,,,,,27.17999996E-6,4.00000000,,,,,27.17999996E-6,-8.000000000,
,,,27.19999975E-6,-4.00000019E-3,,,,,27.19999975E-6,8.000000380E-3,,,,,27.19999975E-6,-4.00000000,,,,,27.19999975E-6,3.60000014,,,,,27.19999975E-6,-7.599999905,
,,,27.21999954E-6,-6.00000005E-3,,,,,27.21999954E-6,8.000000380E-3,,,,,27.21999954E-6,-3.79999995,,,,,27.21999954E-6,3.79999995,,,,,27.21999954E-6,-7.599999905,
,,,27.23999933E-6,-4.00000019E-3,,,,,27.23999933E-6,8.000000380E-3,,,,,27.23999933E-6,-3.79999995,,,,,27.23999933E-6,3.60000014,,,,,27.23999933E-6,-7.599999905,
,,,27.25999911E-6,-6.00000005E-3,,,,,27.25999911E-6,8.000000380E-3,,,,,27.25999911E-6,-3.60000014,,,,,27.25999911E-6,3.60000014,,,,,27.25999911E-6,-7.20000029,
,,,27.28000072E-6,-4.00000019E-3,,,,,27.28000072E-6,4.00000019E-3,,,,,27.28000072E-6,-3.60000014,,,,,27.28000072E-6,3.60000014,,,,,27.28000072E-6,-7.20000029,
,,,27.30000051E-6,0.0,,,,,27.30000051E-6,8.000000380E-3,,,,,27.30000051E-6,-3.60000014,,,,,27.30000051E-6,3.60000014,,,,,27.30000051E-6,-7.20000029,
,,,27.32000030E-6,-2.0000001E-3,,,,,27.32000030E-6,4.00000019E-3,,,,,27.32000030E-6,-3.60000014,,,,,27.32000030E-6,3.40000010,,,,,27.32000030E-6,-7.20000029,
,,,27.34000009E-6,-2.0000001E-3,,,,,27.34000009E-6,8.000000380E-3,,,,,27.34000009E-6,-3.60000014,,,,,27.34000009E-6,3.40000010,,,,,27.34000009E-6,-7.20000029,
,,,27.35999988E-6,-2.0000001E-3,,,,,27.35999988E-6,4.00000019E-3,,,,,27.35999988E-6,-3.40000010,,,,,27.35999988E-6,3.20000005,,,,,27.35999988E-6,-6.80000019,
,,,27.37999966E-6,-4.00000019E-3,,,,,27.37999966E-6,8.000000380E-3,,,,,27.37999966E-6,-3.40000010,,,,,27.37999966E-6,3.40000010,,,,,27.37999966E-6,-6.80000019,
,,,27.39999945E-6,-2.0000001E-3,,,,,27.39999945E-6,0.0,,,,,27.39999945E-6,-3.40000010,,,,,27.39999945E-6,3.60000014,,,,,27.39999945E-6,-7.20000029,
,,,27.41999924E-6,-2.0000001E-3,,,,,27.41999924E-6,-4.00000019E-3,,,,,27.41999924E-6,-3.40000010,,,,,27.41999924E-6,3.60000014,,,,,27.41999924E-6,-7.20000029,
,,,27.43999903E-6,-4.00000019E-3,,,,,27.43999903E-6,0.0,,,,,27.43999903E-6,-3.40000010,,,,,27.43999903E-6,3.20000005,,,,,27.43999903E-6,-6.80000019,
,,,27.46000064E-6,0.0,,,,,27.46000064E-6,-4.00000019E-3,,,,,27.46000064E-6,-3.60000014,,,,,27.46000064E-6,3.20000005,,,,,27.46000064E-6,-6.80000019,
,,,27.48000043E-6,0.0,,,,,27.48000043E-6,-8.000000380E-3,,,,,27.48000043E-6,-3.40000010,,,,,27.48000043E-6,3.00000000,,,,,27.48000043E-6,-6.40000010,
,,,27.50000021E-6,0.0,,,,,27.50000021E-6,-4.00000019E-3,,,,,27.50000021E-6,-3.20000005,,,,,27.50000021E-6,3.00000000,,,,,27.50000021E-6,-6.40000010,
,,,27.52000000E-6,4.00000019E-3,,,,,27.52000000E-6,-8.000000380E-3,,,,,27.52000000E-6,-3.20000005,,,,,27.52000000E-6,3.00000000,,,,,27.52000000E-6,-6.40000010,
,,,27.53999979E-6,2.0000001E-3,,,,,27.53999979E-6,-12.0000001E-3,,,,,27.53999979E-6,-3.00000000,,,,,27.53999979E-6,3.00000000,,,,,27.53999979E-6,-6.00000000,
,,,27.55999958E-6,2.0000001E-3,,,,,27.55999958E-6,-8.000000380E-3,,,,,27.55999958E-6,-3.00000000,,,,,27.55999958E-6,3.00000000,,,,,27.55999958E-6,-6.00000000,
,,,27.57999937E-6,2.0000001E-3,,,,,27.57999937E-6,-12.0000001E-3,,,,,27.57999937E-6,-2.79999995,,,,,27.57999937E-6,3.20000005,,,,,27.57999937E-6,-6.00000000,
,,,27.59999916E-6,2.0000001E-3,,,,,27.59999916E-6,-12.0000001E-3,,,,,27.59999916E-6,-2.79999995,,,,,27.59999916E-6,2.79999995,,,,,27.59999916E-6,-5.59999990,
,,,27.61999895E-6,0.0,,,,,27.61999895E-6,-12.0000001E-3,,,,,27.61999895E-6,-3.00000000,,,,,27.61999895E-6,3.00000000,,,,,27.61999895E-6,-6.00000000,
,,,27.64000055E-6,2.0000001E-3,,,,,27.64000055E-6,-12.0000001E-3,,,,,27.64000055E-6,-2.79999995,,,,,27.64000055E-6,2.6000001,,,,,27.64000055E-6,-5.59999990,
,,,27.66000034E-6,4.00000019E-3,,,,,27.66000034E-6,-12.0000001E-3,,,,,27.66000034E-6,-2.79999995,,,,,27.66000034E-6,2.79999995,,,,,27.66000034E-6,-5.59999990,
,,,27.68000013E-6,4.00000019E-3,,,,,27.68000013E-6,-16.0000008E-3,,,,,27.68000013E-6,-2.79999995,,,,,27.68000013E-6,2.79999995,,,,,27.68000013E-6,-5.59999990,
,,,27.69999992E-6,4.00000019E-3,,,,,27.69999992E-6,-16.0000008E-3,,,,,27.69999992E-6,-2.6000001,,,,,27.69999992E-6,2.6000001,,,,,27.69999992E-6,-5.20000029,
,,,27.71999971E-6,6.00000005E-3,,,,,27.71999971E-6,-24.00000021E-3,,,,,27.71999971E-6,-2.79999995,,,,,27.71999971E-6,2.6000001,,,,,27.71999971E-6,-5.59999990,
,,,27.73999950E-6,6.00000005E-3,,,,,27.73999950E-6,-16.0000008E-3,,,,,27.73999950E-6,-2.4000001,,,,,27.73999950E-6,2.6000001,,,,,27.73999950E-6,-5.20000029,
,,,27.75999928E-6,4.00000019E-3,,,,,27.75999928E-6,-20.0000014E-3,,,,,27.75999928E-6,-2.4000001,,,,,27.75999928E-6,2.4000001,,,,,27.75999928E-6,-4.80000019,
,,,27.77999907E-6,6.00000005E-3,,,,,27.77999907E-6,-20.0000014E-3,,,,,27.77999907E-6,-2.4000001,,,,,27.77999907E-6,2.4000001,,,,,27.77999907E-6,-4.80000019,
,,,27.80000068E-6,8.000000380E-3,,,,,27.80000068E-6,-20.0000014E-3,,,,,27.80000068E-6,-2.2000000,,,,,27.80000068E-6,2.4000001,,,,,27.80000068E-6,-4.80000019,
,,,27.82000047E-6,6.00000005E-3,,,,,27.82000047E-6,-24.00000021E-3,,,,,27.82000047E-6,-2.0000000,,,,,27.82000047E-6,2.4000001,,,,,27.82000047E-6,-4.40000010,
,,,27.84000026E-6,8.000000380E-3,,,,,27.84000026E-6,-20.0000014E-3,,,,,27.84000026E-6,-2.2000000,,,,,27.84000026E-6,2.2000000,,,,,27.84000026E-6,-4.40000010,
,,,27.86000005E-6,8.000000380E-3,,,,,27.86000005E-6,-24.00000021E-3,,,,,27.86000005E-6,-2.2000000,,,,,27.86000005E-6,2.0000000,,,,,27.86000005E-6,-4.40000010,
,,,27.87999983E-6,8.000000380E-3,,,,,27.87999983E-6,-24.00000021E-3,,,,,27.87999983E-6,-2.0000000,,,,,27.87999983E-6,2.2000000,,,,,27.87999983E-6,-4.40000010,
,,,27.89999962E-6,8.000000380E-3,,,,,27.89999962E-6,-28.00000086E-3,,,,,27.89999962E-6,-2.0000000,,,,,27.89999962E-6,2.0000000,,,,,27.89999962E-6,-4.00000000,
,,,27.91999941E-6,10.0000007E-3,,,,,27.91999941E-6,-28.00000086E-3,,,,,27.91999941E-6,-2.0000000,,,,,27.91999941E-6,2.2000000,,,,,27.91999941E-6,-4.40000010,
,,,27.93999920E-6,8.000000380E-3,,,,,27.93999920E-6,-32.00000152E-3,,,,,27.93999920E-6,-2.0000000,,,,,27.93999920E-6,2.2000000,,,,,27.93999920E-6,-4.40000010,
,,,27.95999899E-6,10.0000007E-3,,,,,27.95999899E-6,-32.00000152E-3,,,,,27.95999899E-6,-1.8000001,,,,,27.95999899E-6,2.0000000,,,,,27.95999899E-6,-4.00000000,
,,,27.98000060E-6,14.0000004E-3,,,,,27.98000060E-6,-20.0000014E-3,,,,,27.98000060E-6,-1.8000001,,,,,27.98000060E-6,2.0000000,,,,,27.98000060E-6,-4.00000000,
,,,28.00000038E-6,8.000000380E-3,,,,,28.00000038E-6,-28.00000086E-3,,,,,28.00000038E-6,-1.6000000,,,,,28.00000038E-6,1.8000001,,,,,28.00000038E-6,-3.60000014,
,,,28.02000017E-6,14.0000004E-3,,,,,28.02000017E-6,-36.00000218E-3,,,,,28.02000017E-6,-1.6000000,,,,,28.02000017E-6,1.8000001,,,,,28.02000017E-6,-3.60000014,
,,,28.03999996E-6,10.0000007E-3,,,,,28.03999996E-6,-48.00000042E-3,,,,,28.03999996E-6,-1.4000000,,,,,28.03999996E-6,1.6000000,,,,,28.03999996E-6,-3.20000005,
,,,28.05999975E-6,2.0000001E-3,,,,,28.05999975E-6,-16.0000008E-3,,,,,28.05999975E-6,-1.6000000,,,,,28.05999975E-6,1.8000001,,,,,28.05999975E-6,-3.60000014,
,,,28.07999954E-6,8.000000380E-3,,,,,28.07999954E-6,-20.0000014E-3,,,,,28.07999954E-6,-1.4000000,,,,,28.07999954E-6,1.6000000,,,,,28.07999954E-6,-3.20000005,
,,,28.09999933E-6,14.0000004E-3,,,,,28.09999933E-6,-32.00000152E-3,,,,,28.09999933E-6,-1.4000000,,,,,28.09999933E-6,1.6000000,,,,,28.09999933E-6,-3.20000005,
,,,28.11999912E-6,8.000000380E-3,,,,,28.11999912E-6,-32.00000152E-3,,,,,28.11999912E-6,-1.6000000,,,,,28.11999912E-6,1.6000000,,,,,28.11999912E-6,-3.20000005,
,,,28.14000072E-6,10.0000007E-3,,,,,28.14000072E-6,-36.00000218E-3,,,,,28.14000072E-6,-1.2000000,,,,,28.14000072E-6,1.6000000,,,,,28.14000072E-6,-2.79999995,
,,,28.16000051E-6,10.0000007E-3,,,,,28.16000051E-6,-32.00000152E-3,,,,,28.16000051E-6,-1.2000000,,,,,28.16000051E-6,1.6000000,,,,,28.16000051E-6,-2.79999995,
,,,28.18000030E-6,12.0000001E-3,,,,,28.18000030E-6,-32.00000152E-3,,,,,28.18000030E-6,-1.4000000,,,,,28.18000030E-6,1.4000000,,,,,28.18000030E-6,-2.79999995,
,,,28.20000009E-6,10.0000007E-3,,,,,28.20000009E-6,-40.00000283E-3,,,,,28.20000009E-6,-1.2000000,,,,,28.20000009E-6,1.2000000,,,,,28.20000009E-6,-2.4000001,
,,,28.21999988E-6,12.0000001E-3,,,,,28.21999988E-6,-44.00000349E-3,,,,,28.21999988E-6,-800.000011921E-3,,,,,28.21999988E-6,1.2000000,,,,,28.21999988E-6,-2.0000000,
,,,28.23999966E-6,14.0000004E-3,,,,,28.23999966E-6,-36.00000218E-3,,,,,28.23999966E-6,-1.000000,,,,,28.23999966E-6,1.2000000,,,,,28.23999966E-6,-2.4000001,
,,,28.25999945E-6,16.0000008E-3,,,,,28.25999945E-6,-36.00000218E-3,,,,,28.25999945E-6,-1.000000,,,,,28.25999945E-6,1.000000,,,,,28.25999945E-6,-2.0000000,
,,,28.27999924E-6,12.0000001E-3,,,,,28.27999924E-6,-48.00000042E-3,,,,,28.27999924E-6,-1.000000,,,,,28.27999924E-6,1.000000,,,,,28.27999924E-6,-2.0000000,
,,,28.29999903E-6,16.0000008E-3,,,,,28.29999903E-6,-52.00000107E-3,,,,,28.29999903E-6,-800.000011921E-3,,,,,28.29999903E-6,800.000011921E-3,,,,,28.29999903E-6,-1.6000000,
,,,28.32000064E-6,16.0000008E-3,,,,,28.32000064E-6,-44.00000349E-3,,,,,28.32000064E-6,-600.000023842E-3,,,,,28.32000064E-6,1.000000,,,,,28.32000064E-6,-1.6000000,
,,,28.34000043E-6,14.0000004E-3,,,,,28.34000043E-6,-44.00000349E-3,,,,,28.34000043E-6,-600.000023842E-3,,,,,28.34000043E-6,800.000011921E-3,,,,,28.34000043E-6,-1.6000000,
,,,28.36000021E-6,16.0000008E-3,,,,,28.36000021E-6,-52.00000107E-3,,,,,28.36000021E-6,-600.000023842E-3,,,,,28.36000021E-6,800.000011921E-3,,,,,28.36000021E-6,-1.6000000,
,,,28.38000000E-6,18.0000011E-3,,,,,28.38000000E-6,-52.00000107E-3,,,,,28.38000000E-6,-400.00000596E-3,,,,,28.38000000E-6,800.000011921E-3,,,,,28.38000000E-6,-1.2000000,
,,,28.39999979E-6,16.0000008E-3,,,,,28.39999979E-6,-52.00000107E-3,,,,,28.39999979E-6,-400.00000596E-3,,,,,28.39999979E-6,600.000023842E-3,,,,,28.39999979E-6,-1.2000000,
,,,28.41999958E-6,18.0000011E-3,,,,,28.41999958E-6,-52.00000107E-3,,,,,28.41999958E-6,-400.00000596E-3,,,,,28.41999958E-6,600.000023842E-3,,,,,28.41999958E-6,-1.2000000,
,,,28.43999937E-6,16.0000008E-3,,,,,28.43999937E-6,-52.00000107E-3,,,,,28.43999937E-6,-600.000023842E-3,,,,,28.43999937E-6,600.000023842E-3,,,,,28.43999937E-6,-1.2000000,
,,,28.45999916E-6,18.0000011E-3,,,,,28.45999916E-6,-56.000001729E-3,,,,,28.45999916E-6,-400.00000596E-3,,,,,28.45999916E-6,400.00000596E-3,,,,,28.45999916E-6,-800.000011921E-3,
,,,28.47999895E-6,20.0000014E-3,,,,,28.47999895E-6,-56.000001729E-3,,,,,28.47999895E-6,-400.00000596E-3,,,,,28.47999895E-6,600.000023842E-3,,,,,28.47999895E-6,-1.2000000,
,,,28.50000055E-6,20.0000014E-3,,,,,28.50000055E-6,-60.000002384E-3,,,,,28.50000055E-6,-400.00000596E-3,,,,,28.50000055E-6,400.00000596E-3,,,,,28.50000055E-6,-800.000011921E-3,
,,,28.52000034E-6,20.0000014E-3,,,,,28.52000034E-6,-60.000002384E-3,,,,,28.52000034E-6,0.0,,,,,28.52000034E-6,400.00000596E-3,,,,,28.52000034E-6,-400.00000596E-3,
,,,28.54000013E-6,20.0000014E-3,,,,,28.54000013E-6,-60.000002384E-3,,,,,28.54000013E-6,0.0,,,,,28.54000013E-6,200.00000298E-3,,,,,28.54000013E-6,-400.00000596E-3,
,,,28.55999992E-6,20.0000014E-3,,,,,28.55999992E-6,-68.000003695E-3,,,,,28.55999992E-6,0.0,,,,,28.55999992E-6,200.00000298E-3,,,,,28.55999992E-6,-400.00000596E-3,
,,,28.57999971E-6,20.0000014E-3,,,,,28.57999971E-6,-60.000002384E-3,,,,,28.57999971E-6,0.0,,,,,28.57999971E-6,200.00000298E-3,,,,,28.57999971E-6,-400.00000596E-3,
,,,28.59999950E-6,20.0000014E-3,,,,,28.59999950E-6,-60.000002384E-3,,,,,28.59999950E-6,200.00000298E-3,,,,,28.59999950E-6,200.00000298E-3,,,,,28.59999950E-6,0.0,
,,,28.61999928E-6,22.00000174E-3,,,,,28.61999928E-6,-64.000003040E-3,,,,,28.61999928E-6,0.0,,,,,28.61999928E-6,200.00000298E-3,,,,,28.61999928E-6,-400.00000596E-3,
,,,28.63999907E-6,20.0000014E-3,,,,,28.63999907E-6,-64.000003040E-3,,,,,28.63999907E-6,600.000023842E-3,,,,,28.63999907E-6,0.0,,,,,28.63999907E-6,400.00000596E-3,
,,,28.66000068E-6,22.00000174E-3,,,,,28.66000068E-6,-64.000003040E-3,,,,,28.66000068E-6,400.00000596E-3,,,,,28.66000068E-6,-200.00000298E-3,,,,,28.66000068E-6,400.00000596E-3,
,,,28.68000047E-6,20.0000014E-3,,,,,28.68000047E-6,-64.000003040E-3,,,,,28.68000047E-6,400.00000596E-3,,,,,28.68000047E-6,-200.00000298E-3,,,,,28.68000047E-6,400.00000596E-3,
,,,28.70000026E-6,22.00000174E-3,,,,,28.70000026E-6,-64.000003040E-3,,,,,28.70000026E-6,400.00000596E-3,,,,,28.70000026E-6,-200.00000298E-3,,,,,28.70000026E-6,400.00000596E-3,
,,,28.72000005E-6,20.0000014E-3,,,,,28.72000005E-6,-64.000003040E-3,,,,,28.72000005E-6,600.000023842E-3,,,,,28.72000005E-6,-200.00000298E-3,,,,,28.72000005E-6,800.000011921E-3,
,,,28.73999983E-6,20.0000014E-3,,,,,28.73999983E-6,-72.000004351E-3,,,,,28.73999983E-6,400.00000596E-3,,,,,28.73999983E-6,-200.00000298E-3,,,,,28.73999983E-6,400.00000596E-3,
,,,28.75999962E-6,22.00000174E-3,,,,,28.75999962E-6,-64.000003040E-3,,,,,28.75999962E-6,800.000011921E-3,,,,,28.75999962E-6,-400.00000596E-3,,,,,28.75999962E-6,1.2000000,
,,,28.77999941E-6,20.0000014E-3,,,,,28.77999941E-6,-68.000003695E-3,,,,,28.77999941E-6,600.000023842E-3,,,,,28.77999941E-6,-400.00000596E-3,,,,,28.77999941E-6,800.000011921E-3,
,,,28.79999920E-6,24.00000021E-3,,,,,28.79999920E-6,-68.000003695E-3,,,,,28.79999920E-6,600.000023842E-3,,,,,28.79999920E-6,-600.000023842E-3,,,,,28.79999920E-6,1.2000000,
,,,28.81999899E-6,26.00000054E-3,,,,,28.81999899E-6,-68.000003695E-3,,,,,28.81999899E-6,800.000011921E-3,,,,,28.81999899E-6,-400.00000596E-3,,,,,28.81999899E-6,1.2000000,
,,,28.84000060E-6,24.00000021E-3,,,,,28.84000060E-6,-68.000003695E-3,,,,,28.84000060E-6,1.000000,,,,,28.84000060E-6,-600.000023842E-3,,,,,28.84000060E-6,1.6000000,
,,,28.86000038E-6,22.00000174E-3,,,,,28.86000038E-6,-64.000003040E-3,,,,,28.86000038E-6,800.000011921E-3,,,,,28.86000038E-6,-600.000023842E-3,,,,,28.86000038E-6,1.2000000,
,,,28.88000017E-6,24.00000021E-3,,,,,28.88000017E-6,-68.000003695E-3,,,,,28.88000017E-6,1.000000,,,,,28.88000017E-6,-800.000011921E-3,,,,,28.88000017E-6,1.6000000,
,,,28.89999996E-6,22.00000174E-3,,,,,28.89999996E-6,-68.000003695E-3,,,,,28.89999996E-6,1.000000,,,,,28.89999996E-6,-600.000023842E-3,,,,,28.89999996E-6,1.6000000,
,,,28.91999975E-6,22.00000174E-3,,,,,28.91999975E-6,-68.000003695E-3,,,,,28.91999975E-6,1.000000,,,,,28.91999975E-6,-1.000000,,,,,28.91999975E-6,2.0000000,
,,,28.93999954E-6,22.00000174E-3,,,,,28.93999954E-6,-72.000004351E-3,,,,,28.93999954E-6,1.2000000,,,,,28.93999954E-6,-600.000023842E-3,,,,,28.93999954E-6,1.6000000,
,,,28.95999933E-6,24.00000021E-3,,,,,28.95999933E-6,-72.000004351E-3,,,,,28.95999933E-6,1.2000000,,,,,28.95999933E-6,-800.000011921E-3,,,,,28.95999933E-6,2.0000000,
,,,28.97999912E-6,24.00000021E-3,,,,,28.97999912E-6,-72.000004351E-3,,,,,28.97999912E-6,1.4000000,,,,,28.97999912E-6,-1.2000000,,,,,28.97999912E-6,2.4000001,
,,,28.99999890E-6,22.00000174E-3,,,,,28.99999890E-6,-64.000003040E-3,,,,,28.99999890E-6,1.4000000,,,,,28.99999890E-6,-800.000011921E-3,,,,,28.99999890E-6,2.0000000,
,,,29.02000051E-6,24.00000021E-3,,,,,29.02000051E-6,-72.000004351E-3,,,,,29.02000051E-6,1.2000000,,,,,29.02000051E-6,-1.000000,,,,,29.02000051E-6,2.0000000,
,,,29.04000030E-6,26.00000054E-3,,,,,29.04000030E-6,-68.000003695E-3,,,,,29.04000030E-6,1.4000000,,,,,29.04000030E-6,-1.2000000,,,,,29.04000030E-6,2.4000001,
,,,29.06000009E-6,24.00000021E-3,,,,,29.06000009E-6,-68.000003695E-3,,,,,29.06000009E-6,1.6000000,,,,,29.06000009E-6,-1.000000,,,,,29.06000009E-6,2.4000001,
,,,29.07999988E-6,24.00000021E-3,,,,,29.07999988E-6,-68.000003695E-3,,,,,29.07999988E-6,1.6000000,,,,,29.07999988E-6,-1.2000000,,,,,29.07999988E-6,2.79999995,
,,,29.09999967E-6,24.00000021E-3,,,,,29.09999967E-6,-72.000004351E-3,,,,,29.09999967E-6,1.4000000,,,,,29.09999967E-6,-1.2000000,,,,,29.09999967E-6,2.4000001,
,,,29.11999945E-6,26.00000054E-3,,,,,29.11999945E-6,-68.000003695E-3,,,,,29.11999945E-6,1.6000000,,,,,29.11999945E-6,-1.2000000,,,,,29.11999945E-6,2.79999995,
,,,29.13999924E-6,26.00000054E-3,,,,,29.13999924E-6,-68.000003695E-3,,,,,29.13999924E-6,1.6000000,,,,,29.13999924E-6,-1.4000000,,,,,29.13999924E-6,2.79999995,
,,,29.15999903E-6,24.00000021E-3,,,,,29.15999903E-6,-68.000003695E-3,,,,,29.15999903E-6,1.6000000,,,,,29.15999903E-6,-1.4000000,,,,,29.15999903E-6,2.79999995,
,,,29.18000064E-6,24.00000021E-3,,,,,29.18000064E-6,-72.000004351E-3,,,,,29.18000064E-6,1.8000001,,,,,29.18000064E-6,-1.4000000,,,,,29.18000064E-6,3.20000005,
,,,29.20000043E-6,24.00000021E-3,,,,,29.20000043E-6,-68.000003695E-3,,,,,29.20000043E-6,2.0000000,,,,,29.20000043E-6,-1.4000000,,,,,29.20000043E-6,3.20000005,
,,,29.22000021E-6,22.00000174E-3,,,,,29.22000021E-6,-72.000004351E-3,,,,,29.22000021E-6,2.0000000,,,,,29.22000021E-6,-1.4000000,,,,,29.22000021E-6,3.20000005,
,,,29.24000000E-6,28.00000086E-3,,,,,29.24000000E-6,-72.000004351E-3,,,,,29.24000000E-6,2.0000000,,,,,29.24000000E-6,-1.4000000,,,,,29.24000000E-6,3.20000005,
,,,29.25999979E-6,26.00000054E-3,,,,,29.25999979E-6,-76.000005007E-3,,,,,29.25999979E-6,2.0000000,,,,,29.25999979E-6,-1.6000000,,,,,29.25999979E-6,3.60000014,
,,,29.27999958E-6,28.00000086E-3,,,,,29.27999958E-6,-72.000004351E-3,,,,,29.27999958E-6,2.2000000,,,,,29.27999958E-6,-1.6000000,,,,,29.27999958E-6,3.60000014,
,,,29.29999937E-6,26.00000054E-3,,,,,29.29999937E-6,-76.000005007E-3,,,,,29.29999937E-6,2.0000000,,,,,29.29999937E-6,-1.6000000,,,,,29.29999937E-6,3.60000014,
,,,29.31999916E-6,26.00000054E-3,,,,,29.31999916E-6,-76.000005007E-3,,,,,29.31999916E-6,1.8000001,,,,,29.31999916E-6,-1.8000001,,,,,29.31999916E-6,3.60000014,
,,,29.33999895E-6,26.00000054E-3,,,,,29.33999895E-6,-72.000004351E-3,,,,,29.33999895E-6,2.0000000,,,,,29.33999895E-6,-2.0000000,,,,,29.33999895E-6,4.00000000,
,,,29.36000055E-6,28.00000086E-3,,,,,29.36000055E-6,-72.000004351E-3,,,,,29.36000055E-6,2.2000000,,,,,29.36000055E-6,-1.8000001,,,,,29.36000055E-6,4.00000000,
,,,29.38000034E-6,28.00000086E-3,,,,,29.38000034E-6,-76.000005007E-3,,,,,29.38000034E-6,2.4000001,,,,,29.38000034E-6,-1.8000001,,,,,29.38000034E-6,4.00000000,
,,,29.40000013E-6,26.00000054E-3,,,,,29.40000013E-6,-80.000005662E-3,,,,,29.40000013E-6,2.4000001,,,,,29.40000013E-6,-2.2000000,,,,,29.40000013E-6,4.40000010,
,,,29.41999992E-6,28.00000086E-3,,,,,29.41999992E-6,-76.000005007E-3,,,,,29.41999992E-6,2.4000001,,,,,29.41999992E-6,-2.0000000,,,,,29.41999992E-6,4.40000010,
,,,29.43999971E-6,30.00000119E-3,,,,,29.43999971E-6,-76.000005007E-3,,,,,29.43999971E-6,2.4000001,,,,,29.43999971E-6,-2.0000000,,,,,29.43999971E-6,4.40000010,
,,,29.45999950E-6,28.00000086E-3,,,,,29.45999950E-6,-76.000005007E-3,,,,,29.45999950E-6,2.2000000,,,,,29.45999950E-6,-2.2000000,,,,,29.45999950E-6,4.40000010,
,,,29.47999928E-6,28.00000086E-3,,,,,29.47999928E-6,-76.000005007E-3,,,,,29.47999928E-6,2.4000001,,,,,29.47999928E-6,-2.2000000,,,,,29.47999928E-6,4.40000010,
,,,29.49999907E-6,24.00000021E-3,,,,,29.49999907E-6,-80.000005662E-3,,,,,29.49999907E-6,2.6000001,,,,,29.49999907E-6,-2.0000000,,,,,29.49999907E-6,4.40000010,
,,,29.52000068E-6,28.00000086E-3,,,,,29.52000068E-6,-76.000005007E-3,,,,,29.52000068E-6,2.6000001,,,,,29.52000068E-6,-2.0000000,,,,,29.52000068E-6,4.40000010,
,,,29.54000047E-6,30.00000119E-3,,,,,29.54000047E-6,-76.000005007E-3,,,,,29.54000047E-6,2.79999995,,,,,29.54000047E-6,-2.2000000,,,,,29.54000047E-6,4.80000019,
,,,29.56000026E-6,26.00000054E-3,,,,,29.56000026E-6,-76.000005007E-3,,,,,29.56000026E-6,2.6000001,,,,,29.56000026E-6,-2.2000000,,,,,29.56000026E-6,4.80000019,
,,,29.58000005E-6,30.00000119E-3,,,,,29.58000005E-6,-84.000006318E-3,,,,,29.58000005E-6,2.6000001,,,,,29.58000005E-6,-2.2000000,,,,,29.58000005E-6,4.80000019,
,,,29.59999983E-6,28.00000086E-3,,,,,29.59999983E-6,-76.000005007E-3,,,,,29.59999983E-6,2.79999995,,,,,29.59999983E-6,-2.2000000,,,,,29.59999983E-6,4.80000019,
,,,29.61999962E-6,28.00000086E-3,,,,,29.61999962E-6,-72.000004351E-3,,,,,29.61999962E-6,2.79999995,,,,,29.61999962E-6,-2.4000001,,,,,29.61999962E-6,5.20000029,
,,,29.63999941E-6,28.00000086E-3,,,,,29.63999941E-6,-80.000005662E-3,,,,,29.63999941E-6,2.79999995,,,,,29.63999941E-6,-2.4000001,,,,,29.63999941E-6,5.20000029,
,,,29.65999920E-6,30.00000119E-3,,,,,29.65999920E-6,-80.000005662E-3,,,,,29.65999920E-6,2.6000001,,,,,29.65999920E-6,-2.6000001,,,,,29.65999920E-6,5.20000029,
,,,29.67999899E-6,28.00000086E-3,,,,,29.67999899E-6,-80.000005662E-3,,,,,29.67999899E-6,3.00000000,,,,,29.67999899E-6,-2.6000001,,,,,29.67999899E-6,5.59999990,
,,,29.70000060E-6,28.00000086E-3,,,,,29.70000060E-6,-80.000005662E-3,,,,,29.70000060E-6,3.00000000,,,,,29.70000060E-6,-2.4000001,,,,,29.70000060E-6,5.20000029,
,,,29.72000038E-6,26.00000054E-3,,,,,29.72000038E-6,-80.000005662E-3,,,,,29.72000038E-6,3.20000005,,,,,29.72000038E-6,-2.4000001,,,,,29.72000038E-6,5.59999990,
,,,29.74000017E-6,28.00000086E-3,,,,,29.74000017E-6,-76.000005007E-3,,,,,29.74000017E-6,3.00000000,,,,,29.74000017E-6,-2.79999995,,,,,29.74000017E-6,5.59999990,
,,,29.75999996E-6,28.00000086E-3,,,,,29.75999996E-6,-80.000005662E-3,,,,,29.75999996E-6,3.00000000,,,,,29.75999996E-6,-2.6000001,,,,,29.75999996E-6,5.59999990,
,,,29.77999975E-6,30.00000119E-3,,,,,29.77999975E-6,-80.000005662E-3,,,,,29.77999975E-6,3.00000000,,,,,29.77999975E-6,-2.79999995,,,,,29.77999975E-6,5.59999990,
,,,29.79999954E-6,30.00000119E-3,,,,,29.79999954E-6,-80.000005662E-3,,,,,29.79999954E-6,3.20000005,,,,,29.79999954E-6,-2.79999995,,,,,29.79999954E-6,6.00000000,
,,,29.81999933E-6,30.00000119E-3,,,,,29.81999933E-6,-80.000005662E-3,,,,,29.81999933E-6,3.20000005,,,,,29.81999933E-6,-2.79999995,,,,,29.81999933E-6,6.00000000,
,,,29.83999912E-6,30.00000119E-3,,,,,29.83999912E-6,-76.000005007E-3,,,,,29.83999912E-6,3.40000010,,,,,29.83999912E-6,-2.79999995,,,,,29.83999912E-6,6.00000000,
,,,29.85999890E-6,30.00000119E-3,,,,,29.85999890E-6,-80.000005662E-3,,,,,29.85999890E-6,3.40000010,,,,,29.85999890E-6,-2.79999995,,,,,29.85999890E-6,6.00000000,
,,,29.88000051E-6,28.00000086E-3,,,,,29.88000051E-6,-80.000005662E-3,,,,,29.88000051E-6,3.00000000,,,,,29.88000051E-6,-2.79999995,,,,,29.88000051E-6,5.59999990,
,,,29.90000030E-6,30.00000119E-3,,,,,29.90000030E-6,-80.000005662E-3,,,,,29.90000030E-6,3.40000010,,,,,29.90000030E-6,-3.20000005,,,,,29.90000030E-6,6.40000010,
,,,29.92000009E-6,26.00000054E-3,,,,,29.92000009E-6,-76.000005007E-3,,,,,29.92000009E-6,3.40000010,,,,,29.92000009E-6,-2.79999995,,,,,29.92000009E-6,6.00000000,
,,,29.93999988E-6,28.00000086E-3,,,,,29.93999988E-6,-76.000005007E-3,,,,,29.93999988E-6,3.40000010,,,,,29.93999988E-6,-3.20000005,,,,,29.93999988E-6,6.40000010,
,,,29.95999967E-6,28.00000086E-3,,,,,29.95999967E-6,-76.000005007E-3,,,,,29.95999967E-6,3.40000010,,,,,29.95999967E-6,-3.00000000,,,,,29.95999967E-6,6.40000010,
,,,29.97999945E-6,28.00000086E-3,,,,,29.97999945E-6,-80.000005662E-3,,,,,29.97999945E-6,3.40000010,,,,,29.97999945E-6,-3.20000005,,,,,29.97999945E-6,6.40000010,
,,,29.99999924E-6,28.00000086E-3,,,,,29.99999924E-6,-76.000005007E-3,,,,,29.99999924E-6,3.79999995,,,,,29.99999924E-6,-3.20000005,,,,,29.99999924E-6,6.80000019,
,,,30.01999903E-6,28.00000086E-3,,,,,30.01999903E-6,-76.000005007E-3,,,,,30.01999903E-6,3.60000014,,,,,30.01999903E-6,-3.20000005,,,,,30.01999903E-6,6.80000019,
,,,30.04000064E-6,26.00000054E-3,,,,,30.04000064E-6,-76.000005007E-3,,,,,30.04000064E-6,3.40000010,,,,,30.04000064E-6,-3.20000005,,,,,30.04000064E-6,6.40000010,
,,,30.06000043E-6,28.00000086E-3,,,,,30.06000043E-6,-76.000005007E-3,,,,,30.06000043E-6,3.40000010,,,,,30.06000043E-6,-3.40000010,,,,,30.06000043E-6,6.80000019,
,,,30.08000022E-6,22.00000174E-3,,,,,30.08000022E-6,-72.000004351E-3,,,,,30.08000022E-6,3.60000014,,,,,30.08000022E-6,-3.00000000,,,,,30.08000022E-6,6.40000010,
,,,30.10000000E-6,28.00000086E-3,,,,,30.10000000E-6,-72.000004351E-3,,,,,30.10000000E-6,3.40000010,,,,,30.10000000E-6,-3.00000000,,,,,30.10000000E-6,6.40000010,
,,,30.11999979E-6,28.00000086E-3,,,,,30.11999979E-6,-72.000004351E-3,,,,,30.11999979E-6,3.60000014,,,,,30.11999979E-6,-3.20000005,,,,,30.11999979E-6,6.80000019,
,,,30.13999958E-6,30.00000119E-3,,,,,30.13999958E-6,-72.000004351E-3,,,,,30.13999958E-6,3.79999995,,,,,30.13999958E-6,-3.20000005,,,,,30.13999958E-6,6.80000019,
,,,30.15999937E-6,26.00000054E-3,,,,,30.15999937E-6,-76.000005007E-3,,,,,30.15999937E-6,3.60000014,,,,,30.15999937E-6,-3.20000005,,,,,30.15999937E-6,6.80000019,
,,,30.17999916E-6,26.00000054E-3,,,,,30.17999916E-6,-76.000005007E-3,,,,,30.17999916E-6,3.60000014,,,,,30.17999916E-6,-3.20000005,,,,,30.17999916E-6,6.80000019,
,,,30.19999895E-6,28.00000086E-3,,,,,30.19999895E-6,-72.000004351E-3,,,,,30.19999895E-6,3.60000014,,,,,30.19999895E-6,-3.40000010,,,,,30.19999895E-6,6.80000019,
,,,30.22000055E-6,26.00000054E-3,,,,,30.22000055E-6,-68.000003695E-3,,,,,30.22000055E-6,3.60000014,,,,,30.22000055E-6,-3.40000010,,,,,30.22000055E-6,6.80000019,
,,,30.24000034E-6,30.00000119E-3,,,,,30.24000034E-6,-72.000004351E-3,,,,,30.24000034E-6,3.79999995,,,,,30.24000034E-6,-3.20000005,,,,,30.24000034E-6,6.80000019,
,,,30.26000013E-6,28.00000086E-3,,,,,30.26000013E-6,-72.000004351E-3,,,,,30.26000013E-6,3.79999995,,,,,30.26000013E-6,-3.20000005,,,,,30.26000013E-6,6.80000019,
,,,30.27999992E-6,28.00000086E-3,,,,,30.27999992E-6,-68.000003695E-3,,,,,30.27999992E-6,3.60000014,,,,,30.27999992E-6,-3.20000005,,,,,30.27999992E-6,6.80000019,
,,,30.29999971E-6,28.00000086E-3,,,,,30.29999971E-6,-68.000003695E-3,,,,,30.29999971E-6,3.60000014,,,,,30.29999971E-6,-3.20000005,,,,,30.29999971E-6,6.80000019,
,,,30.31999950E-6,28.00000086E-3,,,,,30.31999950E-6,-76.000005007E-3,,,,,30.31999950E-6,3.79999995,,,,,30.31999950E-6,-3.40000010,,,,,30.31999950E-6,7.20000029,
,,,30.33999928E-6,22.00000174E-3,,,,,30.33999928E-6,-72.000004351E-3,,,,,30.33999928E-6,3.60000014,,,,,30.33999928E-6,-3.40000010,,,,,30.33999928E-6,6.80000019,
,,,30.35999907E-6,26.00000054E-3,,,,,30.35999907E-6,-72.000004351E-3,,,,,30.35999907E-6,3.79999995,,,,,30.35999907E-6,-3.20000005,,,,,30.35999907E-6,6.80000019,
,,,30.38000068E-6,26.00000054E-3,,,,,30.38000068E-6,-72.000004351E-3,,,,,30.38000068E-6,3.79999995,,,,,30.38000068E-6,-3.40000010,,,,,30.38000068E-6,7.20000029,
,,,30.40000047E-6,26.00000054E-3,,,,,30.40000047E-6,-68.000003695E-3,,,,,30.40000047E-6,3.79999995,,,,,30.40000047E-6,-3.40000010,,,,,30.40000047E-6,7.20000029,
,,,30.42000026E-6,28.00000086E-3,,,,,30.42000026E-6,-68.000003695E-3,,,,,30.42000026E-6,3.60000014,,,,,30.42000026E-6,-3.79999995,,,,,30.42000026E-6,7.20000029,
,,,30.44000005E-6,26.00000054E-3,,,,,30.44000005E-6,-64.000003040E-3,,,,,30.44000005E-6,3.79999995,,,,,30.44000005E-6,-3.40000010,,,,,30.44000005E-6,7.20000029,
,,,30.45999983E-6,26.00000054E-3,,,,,30.45999983E-6,-68.000003695E-3,,,,,30.45999983E-6,4.00000000,,,,,30.45999983E-6,-3.20000005,,,,,30.45999983E-6,7.20000029,
,,,30.47999962E-6,26.00000054E-3,,,,,30.47999962E-6,-68.000003695E-3,,,,,30.47999962E-6,3.79999995,,,,,30.47999962E-6,-3.60000014,,,,,30.47999962E-6,7.20000029,
,,,30.49999941E-6,26.00000054E-3,,,,,30.49999941E-6,-64.000003040E-3,,,,,30.49999941E-6,4.00000000,,,,,30.49999941E-6,-3.60000014,,,,,30.49999941E-6,7.599999905,
,,,30.52000102E-6,26.00000054E-3,,,,,30.52000102E-6,-68.000003695E-3,,,,,30.52000102E-6,3.79999995,,,,,30.52000102E-6,-3.40000010,,,,,30.52000102E-6,7.20000029,
,,,30.53999899E-6,26.00000054E-3,,,,,30.53999899E-6,-64.000003040E-3,,,,,30.53999899E-6,4.20000029,,,,,30.53999899E-6,-3.40000010,,,,,30.53999899E-6,7.599999905,
,,,30.56000060E-6,26.00000054E-3,,,,,30.56000060E-6,-64.000003040E-3,,,,,30.56000060E-6,4.00000000,,,,,30.56000060E-6,-3.60000014,,,,,30.56000060E-6,7.599999905,
,,,30.57999857E-6,24.00000021E-3,,,,,30.57999857E-6,-64.000003040E-3,,,,,30.57999857E-6,3.79999995,,,,,30.57999857E-6,-3.40000010,,,,,30.57999857E-6,7.20000029,
,,,30.60000017E-6,28.00000086E-3,,,,,30.60000017E-6,-60.000002384E-3,,,,,30.60000017E-6,4.00000000,,,,,30.60000017E-6,-3.60000014,,,,,30.60000017E-6,7.599999905,
,,,30.61999814E-6,24.00000021E-3,,,,,30.61999814E-6,-64.000003040E-3,,,,,30.61999814E-6,3.79999995,,,,,30.61999814E-6,-3.60000014,,,,,30.61999814E-6,7.20000029,
,,,30.63999975E-6,24.00000021E-3,,,,,30.63999975E-6,-64.000003040E-3,,,,,30.63999975E-6,3.79999995,,,,,30.63999975E-6,-3.40000010,,,,,30.63999975E-6,7.20000029,
,,,30.66000136E-6,24.00000021E-3,,,,,30.66000136E-6,-64.000003040E-3,,,,,30.66000136E-6,4.00000000,,,,,30.66000136E-6,-3.60000014,,,,,30.66000136E-6,7.599999905,
,,,30.67999933E-6,24.00000021E-3,,,,,30.67999933E-6,-68.000003695E-3,,,,,30.67999933E-6,4.00000000,,,,,30.67999933E-6,-3.79999995,,,,,30.67999933E-6,7.599999905,
,,,30.70000093E-6,26.00000054E-3,,,,,30.70000093E-6,-56.000001729E-3,,,,,30.70000093E-6,4.00000000,,,,,30.70000093E-6,-3.79999995,,,,,30.70000093E-6,7.599999905,
,,,30.71999890E-6,24.00000021E-3,,,,,30.71999890E-6,-64.000003040E-3,,,,,30.71999890E-6,4.20000029,,,,,30.71999890E-6,-3.60000014,,,,,30.71999890E-6,7.599999905,
,,,30.74000051E-6,24.00000021E-3,,,,,30.74000051E-6,-60.000002384E-3,,,,,30.74000051E-6,4.00000000,,,,,30.74000051E-6,-3.60000014,,,,,30.74000051E-6,7.599999905,
,,,30.75999848E-6,26.00000054E-3,,,,,30.75999848E-6,-60.000002384E-3,,,,,30.75999848E-6,3.79999995,,,,,30.75999848E-6,-3.60000014,,,,,30.75999848E-6,7.20000029,
,,,30.78000009E-6,26.00000054E-3,,,,,30.78000009E-6,-56.000001729E-3,,,,,30.78000009E-6,3.79999995,,,,,30.78000009E-6,-3.60000014,,,,,30.78000009E-6,7.20000029,
,,,30.79999806E-6,24.00000021E-3,,,,,30.79999806E-6,-60.000002384E-3,,,,,30.79999806E-6,4.00000000,,,,,30.79999806E-6,-3.60000014,,,,,30.79999806E-6,7.599999905,
,,,30.81999967E-6,22.00000174E-3,,,,,30.81999967E-6,-56.000001729E-3,,,,,30.81999967E-6,4.00000000,,,,,30.81999967E-6,-3.60000014,,,,,30.81999967E-6,7.599999905,
,,,30.84000127E-6,20.0000014E-3,,,,,30.84000127E-6,-56.000001729E-3,,,,,30.84000127E-6,4.00000000,,,,,30.84000127E-6,-3.60000014,,,,,30.84000127E-6,7.599999905,
,,,30.85999924E-6,22.00000174E-3,,,,,30.85999924E-6,-60.000002384E-3,,,,,30.85999924E-6,4.00000000,,,,,30.85999924E-6,-3.60000014,,,,,30.85999924E-6,7.599999905,
,,,30.88000085E-6,26.00000054E-3,,,,,30.88000085E-6,-56.000001729E-3,,,,,30.88000085E-6,4.00000000,,,,,30.88000085E-6,-3.60000014,,,,,30.88000085E-6,7.599999905,
,,,30.89999882E-6,20.0000014E-3,,,,,30.89999882E-6,-56.000001729E-3,,,,,30.89999882E-6,4.00000000,,,,,30.89999882E-6,-3.60000014,,,,,30.89999882E-6,7.599999905,
,,,30.92000043E-6,20.0000014E-3,,,,,30.92000043E-6,-60.000002384E-3,,,,,30.92000043E-6,3.79999995,,,,,30.92000043E-6,-3.60000014,,,,,30.92000043E-6,7.20000029,
,,,30.93999840E-6,22.00000174E-3,,,,,30.93999840E-6,-52.00000107E-3,,,,,30.93999840E-6,4.00000000,,,,,30.93999840E-6,-3.79999995,,,,,30.93999840E-6,7.599999905,
,,,30.96000000E-6,22.00000174E-3,,,,,30.96000000E-6,-52.00000107E-3,,,,,30.96000000E-6,4.00000000,,,,,30.96000000E-6,-3.60000014,,,,,30.96000000E-6,7.599999905,
,,,30.98000161E-6,22.00000174E-3,,,,,30.98000161E-6,-56.000001729E-3,,,,,30.98000161E-6,4.00000000,,,,,30.98000161E-6,-3.60000014,,,,,30.98000161E-6,7.599999905,
,,,30.99999958E-6,20.0000014E-3,,,,,30.99999958E-6,-48.00000042E-3,,,,,30.99999958E-6,4.00000000,,,,,30.99999958E-6,-3.60000014,,,,,30.99999958E-6,7.599999905,
,,,31.02000119E-6,18.0000011E-3,,,,,31.02000119E-6,-52.00000107E-3,,,,,31.02000119E-6,4.20000029,,,,,31.02000119E-6,-3.60000014,,,,,31.02000119E-6,7.599999905,
,,,31.03999916E-6,20.0000014E-3,,,,,31.03999916E-6,-52.00000107E-3,,,,,31.03999916E-6,3.79999995,,,,,31.03999916E-6,-3.79999995,,,,,31.03999916E-6,7.599999905,
,,,31.06000077E-6,22.00000174E-3,,,,,31.06000077E-6,-48.00000042E-3,,,,,31.06000077E-6,4.20000029,,,,,31.06000077E-6,-3.60000014,,,,,31.06000077E-6,7.599999905,
,,,31.07999873E-6,20.0000014E-3,,,,,31.07999873E-6,-52.00000107E-3,,,,,31.07999873E-6,3.79999995,,,,,31.07999873E-6,-3.79999995,,,,,31.07999873E-6,7.599999905,
,,,31.10000034E-6,18.0000011E-3,,,,,31.10000034E-6,-48.00000042E-3,,,,,31.10000034E-6,4.00000000,,,,,31.10000034E-6,-3.60000014,,,,,31.10000034E-6,7.599999905,
,,,31.11999831E-6,18.0000011E-3,,,,,31.11999831E-6,-48.00000042E-3,,,,,31.11999831E-6,4.00000000,,,,,31.11999831E-6,-3.79999995,,,,,31.11999831E-6,7.599999905,
,,,31.13999992E-6,20.0000014E-3,,,,,31.13999992E-6,-48.00000042E-3,,,,,31.13999992E-6,3.79999995,,,,,31.13999992E-6,-3.79999995,,,,,31.13999992E-6,7.599999905,
,,,31.16000153E-6,22.00000174E-3,,,,,31.16000153E-6,-48.00000042E-3,,,,,31.16000153E-6,4.00000000,,,,,31.16000153E-6,-3.79999995,,,,,31.16000153E-6,7.599999905,
,,,31.17999950E-6,20.0000014E-3,,,,,31.17999950E-6,-52.00000107E-3,,,,,31.17999950E-6,4.00000000,,,,,31.17999950E-6,-3.40000010,,,,,31.17999950E-6,7.20000029,
,,,31.20000110E-6,18.0000011E-3,,,,,31.20000110E-6,-52.00000107E-3,,,,,31.20000110E-6,4.20000029,,,,,31.20000110E-6,-3.60000014,,,,,31.20000110E-6,7.599999905,
,,,31.21999907E-6,20.0000014E-3,,,,,31.21999907E-6,-48.00000042E-3,,,,,31.21999907E-6,4.00000000,,,,,31.21999907E-6,-3.60000014,,,,,31.21999907E-6,7.599999905,
,,,31.24000068E-6,22.00000174E-3,,,,,31.24000068E-6,-44.00000349E-3,,,,,31.24000068E-6,3.79999995,,,,,31.24000068E-6,-3.60000014,,,,,31.24000068E-6,7.20000029,
,,,31.25999865E-6,18.0000011E-3,,,,,31.25999865E-6,-40.00000283E-3,,,,,31.25999865E-6,4.00000000,,,,,31.25999865E-6,-3.79999995,,,,,31.25999865E-6,7.599999905,
,,,31.28000026E-6,18.0000011E-3,,,,,31.28000026E-6,-44.00000349E-3,,,,,31.28000026E-6,3.79999995,,,,,31.28000026E-6,-3.79999995,,,,,31.28000026E-6,7.599999905,
,,,31.29999823E-6,18.0000011E-3,,,,,31.29999823E-6,-44.00000349E-3,,,,,31.29999823E-6,3.79999995,,,,,31.29999823E-6,-3.40000010,,,,,31.29999823E-6,7.20000029,
,,,31.31999983E-6,16.0000008E-3,,,,,31.31999983E-6,-40.00000283E-3,,,,,31.31999983E-6,3.79999995,,,,,31.31999983E-6,-3.40000010,,,,,31.31999983E-6,7.20000029,
,,,31.34000144E-6,18.0000011E-3,,,,,31.34000144E-6,-40.00000283E-3,,,,,31.34000144E-6,3.60000014,,,,,31.34000144E-6,-3.40000010,,,,,31.34000144E-6,6.80000019,
,,,31.35999941E-6,16.0000008E-3,,,,,31.35999941E-6,-44.00000349E-3,,,,,31.35999941E-6,3.60000014,,,,,31.35999941E-6,-3.60000014,,,,,31.35999941E-6,7.20000029,
,,,31.38000102E-6,18.0000011E-3,,,,,31.38000102E-6,-44.00000349E-3,,,,,31.38000102E-6,3.79999995,,,,,31.38000102E-6,-3.40000010,,,,,31.38000102E-6,7.20000029,
,,,31.39999899E-6,16.0000008E-3,,,,,31.39999899E-6,-40.00000283E-3,,,,,31.39999899E-6,3.79999995,,,,,31.39999899E-6,-3.40000010,,,,,31.39999899E-6,7.20000029,
,,,31.42000060E-6,18.0000011E-3,,,,,31.42000060E-6,-40.00000283E-3,,,,,31.42000060E-6,3.79999995,,,,,31.42000060E-6,-3.40000010,,,,,31.42000060E-6,7.20000029,
,,,31.43999857E-6,18.0000011E-3,,,,,31.43999857E-6,-40.00000283E-3,,,,,31.43999857E-6,3.79999995,,,,,31.43999857E-6,-3.60000014,,,,,31.43999857E-6,7.20000029,
,,,31.46000017E-6,18.0000011E-3,,,,,31.46000017E-6,-32.00000152E-3,,,,,31.46000017E-6,3.60000014,,,,,31.46000017E-6,-3.40000010,,,,,31.46000017E-6,6.80000019,
,,,31.47999814E-6,16.0000008E-3,,,,,31.47999814E-6,-32.00000152E-3,,,,,31.47999814E-6,3.79999995,,,,,31.47999814E-6,-3.40000010,,,,,31.47999814E-6,7.20000029,
,,,31.49999975E-6,16.0000008E-3,,,,,31.49999975E-6,-32.00000152E-3,,,,,31.49999975E-6,3.79999995,,,,,31.49999975E-6,-3.40000010,,,,,31.49999975E-6,7.20000029,
,,,31.52000136E-6,14.0000004E-3,,,,,31.52000136E-6,-36.00000218E-3,,,,,31.52000136E-6,3.79999995,,,,,31.52000136E-6,-3.60000014,,,,,31.52000136E-6,7.20000029,
,,,31.53999933E-6,14.0000004E-3,,,,,31.53999933E-6,-32.00000152E-3,,,,,31.53999933E-6,3.60000014,,,,,31.53999933E-6,-3.40000010,,,,,31.53999933E-6,6.80000019,
,,,31.56000093E-6,18.0000011E-3,,,,,31.56000093E-6,-32.00000152E-3,,,,,31.56000093E-6,3.40000010,,,,,31.56000093E-6,-3.20000005,,,,,31.56000093E-6,6.40000010,
,,,31.57999890E-6,14.0000004E-3,,,,,31.57999890E-6,-32.00000152E-3,,,,,31.57999890E-6,3.60000014,,,,,31.57999890E-6,-3.40000010,,,,,31.57999890E-6,6.80000019,
,,,31.60000051E-6,14.0000004E-3,,,,,31.60000051E-6,-32.00000152E-3,,,,,31.60000051E-6,3.40000010,,,,,31.60000051E-6,-3.40000010,,,,,31.60000051E-6,6.80000019,
,,,31.61999848E-6,14.0000004E-3,,,,,31.61999848E-6,-28.00000086E-3,,,,,31.61999848E-6,3.60000014,,,,,31.61999848E-6,-3.40000010,,,,,31.61999848E-6,6.80000019,
,,,31.64000009E-6,12.0000001E-3,,,,,31.64000009E-6,-24.00000021E-3,,,,,31.64000009E-6,3.60000014,,,,,31.64000009E-6,-3.40000010,,,,,31.64000009E-6,6.80000019,
,,,31.65999806E-6,16.0000008E-3,,,,,31.65999806E-6,-28.00000086E-3,,,,,31.65999806E-6,3.60000014,,,,,31.65999806E-6,-3.20000005,,,,,31.65999806E-6,6.80000019,
,,,31.67999967E-6,20.0000014E-3,,,,,31.67999967E-6,-36.00000218E-3,,,,,31.67999967E-6,3.60000014,,,,,31.67999967E-6,-3.20000005,,,,,31.67999967E-6,6.80000019,
,,,31.70000127E-6,18.0000011E-3,,,,,31.70000127E-6,-44.00000349E-3,,,,,31.70000127E-6,3.60000014,,,,,31.70000127E-6,-3.20000005,,,,,31.70000127E-6,6.80000019,
,,,31.71999924E-6,6.00000005E-3,,,,,31.71999924E-6,-24.00000021E-3,,,,,31.71999924E-6,3.20000005,,,,,31.71999924E-6,-3.40000010,,,,,31.71999924E-6,6.40000010,
,,,31.74000085E-6,12.0000001E-3,,,,,31.74000085E-6,-24.00000021E-3,,,,,31.74000085E-6,3.40000010,,,,,31.74000085E-6,-3.20000005,,,,,31.74000085E-6,6.40000010,
,,,31.75999882E-6,16.0000008E-3,,,,,31.75999882E-6,-28.00000086E-3,,,,,31.75999882E-6,3.40000010,,,,,31.75999882E-6,-3.20000005,,,,,31.75999882E-6,6.40000010,
,,,31.78000043E-6,14.0000004E-3,,,,,31.78000043E-6,-24.00000021E-3,,,,,31.78000043E-6,3.40000010,,,,,31.78000043E-6,-3.20000005,,,,,31.78000043E-6,6.40000010,
,,,31.79999840E-6,12.0000001E-3,,,,,31.79999840E-6,-28.00000086E-3,,,,,31.79999840E-6,3.20000005,,,,,31.79999840E-6,-3.20000005,,,,,31.79999840E-6,6.40000010,
,,,31.82000000E-6,14.0000004E-3,,,,,31.82000000E-6,-32.00000152E-3,,,,,31.82000000E-6,3.40000010,,,,,31.82000000E-6,-3.00000000,,,,,31.82000000E-6,6.40000010,
,,,31.83999797E-6,14.0000004E-3,,,,,31.83999797E-6,-24.00000021E-3,,,,,31.83999797E-6,3.20000005,,,,,31.83999797E-6,-3.00000000,,,,,31.83999797E-6,6.00000000,
,,,31.85999958E-6,10.0000007E-3,,,,,31.85999958E-6,-24.00000021E-3,,,,,31.85999958E-6,3.00000000,,,,,31.85999958E-6,-3.00000000,,,,,31.85999958E-6,6.00000000,
,,,31.88000119E-6,10.0000007E-3,,,,,31.88000119E-6,-24.00000021E-3,,,,,31.88000119E-6,3.20000005,,,,,31.88000119E-6,-3.00000000,,,,,31.88000119E-6,6.00000000,
,,,31.89999916E-6,12.0000001E-3,,,,,31.89999916E-6,-24.00000021E-3,,,,,31.89999916E-6,3.20000005,,,,,31.89999916E-6,-3.00000000,,,,,31.89999916E-6,6.00000000,
,,,31.92000077E-6,8.000000380E-3,,,,,31.92000077E-6,-16.0000008E-3,,,,,31.92000077E-6,3.20000005,,,,,31.92000077E-6,-3.40000010,,,,,31.92000077E-6,6.40000010,
,,,31.93999873E-6,12.0000001E-3,,,,,31.93999873E-6,-16.0000008E-3,,,,,31.93999873E-6,3.40000010,,,,,31.93999873E-6,-3.00000000,,,,,31.93999873E-6,6.40000010,
,,,31.96000034E-6,8.000000380E-3,,,,,31.96000034E-6,-16.0000008E-3,,,,,31.96000034E-6,3.20000005,,,,,31.96000034E-6,-3.00000000,,,,,31.96000034E-6,6.00000000,
,,,31.97999831E-6,8.000000380E-3,,,,,31.97999831E-6,-20.0000014E-3,,,,,31.97999831E-6,3.40000010,,,,,31.97999831E-6,-3.20000005,,,,,31.97999831E-6,6.40000010,
,,,31.99999992E-6,10.0000007E-3,,,,,31.99999992E-6,-20.0000014E-3,,,,,31.99999992E-6,3.00000000,,,,,31.99999992E-6,-3.20000005,,,,,31.99999992E-6,6.00000000,
,,,32.02000153E-6,8.000000380E-3,,,,,32.02000153E-6,-16.0000008E-3,,,,,32.02000153E-6,3.00000000,,,,,32.02000153E-6,-3.00000000,,,,,32.02000153E-6,6.00000000,
,,,32.03999950E-6,8.000000380E-3,,,,,32.03999950E-6,-16.0000008E-3,,,,,32.03999950E-6,3.20000005,,,,,32.03999950E-6,-3.00000000,,,,,32.03999950E-6,6.00000000,
,,,32.06000110E-6,6.00000005E-3,,,,,32.06000110E-6,-16.0000008E-3,,,,,32.06000110E-6,3.00000000,,,,,32.06000110E-6,-2.79999995,,,,,32.06000110E-6,5.59999990,
,,,32.07999907E-6,6.00000005E-3,,,,,32.07999907E-6,-12.0000001E-3,,,,,32.07999907E-6,3.00000000,,,,,32.07999907E-6,-2.79999995,,,,,32.07999907E-6,5.59999990,
,,,32.10000068E-6,8.000000380E-3,,,,,32.10000068E-6,-8.000000380E-3,,,,,32.10000068E-6,2.79999995,,,,,32.10000068E-6,-2.6000001,,,,,32.10000068E-6,5.20000029,
,,,32.11999865E-6,8.000000380E-3,,,,,32.11999865E-6,-4.00000019E-3,,,,,32.11999865E-6,3.00000000,,,,,32.11999865E-6,-2.79999995,,,,,32.11999865E-6,5.59999990,
,,,32.14000026E-6,2.0000001E-3,,,,,32.14000026E-6,-12.0000001E-3,,,,,32.14000026E-6,3.00000000,,,,,32.14000026E-6,-2.79999995,,,,,32.14000026E-6,5.59999990,
,,,32.15999823E-6,4.00000019E-3,,,,,32.15999823E-6,-8.000000380E-3,,,,,32.15999823E-6,2.79999995,,,,,32.15999823E-6,-2.79999995,,,,,32.15999823E-6,5.59999990,
,,,32.17999983E-6,6.00000005E-3,,,,,32.17999983E-6,-4.00000019E-3,,,,,32.17999983E-6,2.79999995,,,,,32.17999983E-6,-2.6000001,,,,,32.17999983E-6,5.20000029,
,,,32.20000144E-6,6.00000005E-3,,,,,32.20000144E-6,-4.00000019E-3,,,,,32.20000144E-6,2.79999995,,,,,32.20000144E-6,-2.79999995,,,,,32.20000144E-6,5.59999990,
,,,32.21999941E-6,4.00000019E-3,,,,,32.21999941E-6,-4.00000019E-3,,,,,32.21999941E-6,2.6000001,,,,,32.21999941E-6,-2.6000001,,,,,32.21999941E-6,5.20000029,
,,,32.24000102E-6,4.00000019E-3,,,,,32.24000102E-6,-4.00000019E-3,,,,,32.24000102E-6,2.6000001,,,,,32.24000102E-6,-2.4000001,,,,,32.24000102E-6,4.80000019,
,,,32.25999899E-6,4.00000019E-3,,,,,32.25999899E-6,-4.00000019E-3,,,,,32.25999899E-6,2.6000001,,,,,32.25999899E-6,-2.6000001,,,,,32.25999899E-6,5.20000029,
,,,32.28000060E-6,4.00000019E-3,,,,,32.28000060E-6,0.0,,,,,32.28000060E-6,2.6000001,,,,,32.28000060E-6,-2.6000001,,,,,32.28000060E-6,5.20000029,
,,,32.29999857E-6,6.00000005E-3,,,,,32.29999857E-6,0.0,,,,,32.29999857E-6,2.6000001,,,,,32.29999857E-6,-2.6000001,,,,,32.29999857E-6,5.20000029,
,,,32.32000017E-6,4.00000019E-3,,,,,32.32000017E-6,-4.00000019E-3,,,,,32.32000017E-6,2.4000001,,,,,32.32000017E-6,-2.2000000,,,,,32.32000017E-6,4.40000010,
,,,32.33999814E-6,4.00000019E-3,,,,,32.33999814E-6,-4.00000019E-3,,,,,32.33999814E-6,2.4000001,,,,,32.33999814E-6,-2.4000001,,,,,32.33999814E-6,4.80000019,
,,,32.35999975E-6,2.0000001E-3,,,,,32.35999975E-6,0.0,,,,,32.35999975E-6,2.4000001,,,,,32.35999975E-6,-2.4000001,,,,,32.35999975E-6,4.80000019,
,,,32.38000136E-6,6.00000005E-3,,,,,32.38000136E-6,0.0,,,,,32.38000136E-6,2.4000001,,,,,32.38000136E-6,-2.6000001,,,,,32.38000136E-6,4.80000019,
,,,32.39999933E-6,0.0,,,,,32.39999933E-6,-4.00000019E-3,,,,,32.39999933E-6,2.4000001,,,,,32.39999933E-6,-2.4000001,,,,,32.39999933E-6,4.80000019,
,,,32.42000093E-6,0.0,,,,,32.42000093E-6,4.00000019E-3,,,,,32.42000093E-6,2.2000000,,,,,32.42000093E-6,-2.4000001,,,,,32.42000093E-6,4.40000010,
,,,32.43999890E-6,4.00000019E-3,,,,,32.43999890E-6,4.00000019E-3,,,,,32.43999890E-6,2.4000001,,,,,32.43999890E-6,-2.4000001,,,,,32.43999890E-6,4.80000019,
,,,32.46000051E-6,2.0000001E-3,,,,,32.46000051E-6,0.0,,,,,32.46000051E-6,2.4000001,,,,,32.46000051E-6,-2.2000000,,,,,32.46000051E-6,4.40000010,
,,,32.47999848E-6,0.0,,,,,32.47999848E-6,8.000000380E-3,,,,,32.47999848E-6,2.4000001,,,,,32.47999848E-6,-2.2000000,,,,,32.47999848E-6,4.40000010,
,,,32.50000009E-6,0.0,,,,,32.50000009E-6,4.00000019E-3,,,,,32.50000009E-6,2.2000000,,,,,32.50000009E-6,-2.2000000,,,,,32.50000009E-6,4.40000010,
,,,32.51999806E-6,2.0000001E-3,,,,,32.51999806E-6,8.000000380E-3,,,,,32.51999806E-6,2.2000000,,,,,32.51999806E-6,-2.2000000,,,,,32.51999806E-6,4.40000010,
,,,32.53999967E-6,0.0,,,,,32.53999967E-6,4.00000019E-3,,,,,32.53999967E-6,2.2000000,,,,,32.53999967E-6,-2.0000000,,,,,32.53999967E-6,4.00000000,
,,,32.56000127E-6,0.0,,,,,32.56000127E-6,8.000000380E-3,,,,,32.56000127E-6,2.0000000,,,,,32.56000127E-6,-2.0000000,,,,,32.56000127E-6,4.00000000,
,,,32.57999924E-6,0.0,,,,,32.57999924E-6,8.000000380E-3,,,,,32.57999924E-6,2.0000000,,,,,32.57999924E-6,-2.2000000,,,,,32.57999924E-6,4.00000000,
,,,32.60000085E-6,0.0,,,,,32.60000085E-6,8.000000380E-3,,,,,32.60000085E-6,2.0000000,,,,,32.60000085E-6,-2.0000000,,,,,32.60000085E-6,4.00000000,
,,,32.61999882E-6,0.0,,,,,32.61999882E-6,8.000000380E-3,,,,,32.61999882E-6,1.8000001,,,,,32.61999882E-6,-2.0000000,,,,,32.61999882E-6,3.60000014,
,,,32.64000043E-6,0.0,,,,,32.64000043E-6,8.000000380E-3,,,,,32.64000043E-6,2.0000000,,,,,32.64000043E-6,-2.0000000,,,,,32.64000043E-6,4.00000000,
,,,32.65999840E-6,0.0,,,,,32.65999840E-6,16.0000008E-3,,,,,32.65999840E-6,1.8000001,,,,,32.65999840E-6,-2.0000000,,,,,32.65999840E-6,3.60000014,
,,,32.68000000E-6,0.0,,,,,32.68000000E-6,12.0000001E-3,,,,,32.68000000E-6,1.8000001,,,,,32.68000000E-6,-1.8000001,,,,,32.68000000E-6,3.60000014,
,,,32.69999797E-6,-2.0000001E-3,,,,,32.69999797E-6,12.0000001E-3,,,,,32.69999797E-6,2.0000000,,,,,32.69999797E-6,-1.8000001,,,,,32.69999797E-6,3.60000014,
,,,32.71999958E-6,-2.0000001E-3,,,,,32.71999958E-6,12.0000001E-3,,,,,32.71999958E-6,1.8000001,,,,,32.71999958E-6,-1.8000001,,,,,32.71999958E-6,3.60000014,
,,,32.74000119E-6,0.0,,,,,32.74000119E-6,12.0000001E-3,,,,,32.74000119E-6,1.8000001,,,,,32.74000119E-6,-1.6000000,,,,,32.74000119E-6,3.20000005,
,,,32.75999916E-6,-2.0000001E-3,,,,,32.75999916E-6,16.0000008E-3,,,,,32.75999916E-6,1.8000001,,,,,32.75999916E-6,-1.4000000,,,,,32.75999916E-6,3.20000005,
,,,32.78000077E-6,-2.0000001E-3,,,,,32.78000077E-6,16.0000008E-3,,,,,32.78000077E-6,1.6000000,,,,,32.78000077E-6,-1.8000001,,,,,32.78000077E-6,3.20000005,
,,,32.79999873E-6,0.0,,,,,32.79999873E-6,16.0000008E-3,,,,,32.79999873E-6,1.4000000,,,,,32.79999873E-6,-1.6000000,,,,,32.79999873E-6,2.79999995,
,,,32.82000034E-6,-4.00000019E-3,,,,,32.82000034E-6,16.0000008E-3,,,,,32.82000034E-6,1.6000000,,,,,32.82000034E-6,-1.6000000,,,,,32.82000034E-6,3.20000005,
,,,32.83999831E-6,0.0,,,,,32.83999831E-6,12.0000001E-3,,,,,32.83999831E-6,1.6000000,,,,,32.83999831E-6,-1.8000001,,,,,32.83999831E-6,3.20000005,
,,,32.85999992E-6,-2.0000001E-3,,,,,32.85999992E-6,16.0000008E-3,,,,,32.85999992E-6,1.4000000,,,,,32.85999992E-6,-1.2000000,,,,,32.85999992E-6,2.4000001,
,,,32.88000153E-6,-4.00000019E-3,,,,,32.88000153E-6,24.00000021E-3,,,,,32.88000153E-6,1.4000000,,,,,32.88000153E-6,-1.6000000,,,,,32.88000153E-6,2.79999995,
,,,32.89999950E-6,-2.0000001E-3,,,,,32.89999950E-6,20.0000014E-3,,,,,32.89999950E-6,1.2000000,,,,,32.89999950E-6,-1.2000000,,,,,32.89999950E-6,2.4000001,
,,,32.92000110E-6,-4.00000019E-3,,,,,32.92000110E-6,20.0000014E-3,,,,,32.92000110E-6,1.4000000,,,,,32.92000110E-6,-1.6000000,,,,,32.92000110E-6,2.79999995,
,,,32.93999907E-6,-4.00000019E-3,,,,,32.93999907E-6,20.0000014E-3,,,,,32.93999907E-6,1.4000000,,,,,32.93999907E-6,-1.4000000,,,,,32.93999907E-6,2.79999995,
,,,32.96000068E-6,-4.00000019E-3,,,,,32.96000068E-6,24.00000021E-3,,,,,32.96000068E-6,1.2000000,,,,,32.96000068E-6,-1.4000000,,,,,32.96000068E-6,2.4000001,
,,,32.97999865E-6,-6.00000005E-3,,,,,32.97999865E-6,24.00000021E-3,,,,,32.97999865E-6,1.2000000,,,,,32.97999865E-6,-1.4000000,,,,,32.97999865E-6,2.4000001,
,,,33.00000026E-6,-4.00000019E-3,,,,,33.00000026E-6,24.00000021E-3,,,,,33.00000026E-6,1.2000000,,,,,33.00000026E-6,-1.2000000,,,,,33.00000026E-6,2.4000001,
,,,33.01999823E-6,-8.000000380E-3,,,,,33.01999823E-6,24.00000021E-3,,,,,33.01999823E-6,1.4000000,,,,,33.01999823E-6,-1.4000000,,,,,33.01999823E-6,2.79999995,
,,,33.03999983E-6,-6.00000005E-3,,,,,33.03999983E-6,28.00000086E-3,,,,,33.03999983E-6,1.000000,,,,,33.03999983E-6,-1.000000,,,,,33.03999983E-6,2.0000000,
,,,33.06000144E-6,-6.00000005E-3,,,,,33.06000144E-6,24.00000021E-3,,,,,33.06000144E-6,1.000000,,,,,33.06000144E-6,-1.000000,,,,,33.06000144E-6,2.0000000,
,,,33.07999941E-6,-10.0000007E-3,,,,,33.07999941E-6,28.00000086E-3,,,,,33.07999941E-6,1.000000,,,,,33.07999941E-6,-1.000000,,,,,33.07999941E-6,2.0000000,
,,,33.10000102E-6,-6.00000005E-3,,,,,33.10000102E-6,24.00000021E-3,,,,,33.10000102E-6,1.000000,,,,,33.10000102E-6,-1.000000,,,,,33.10000102E-6,2.0000000,
,,,33.11999899E-6,-6.00000005E-3,,,,,33.11999899E-6,28.00000086E-3,,,,,33.11999899E-6,800.000011921E-3,,,,,33.11999899E-6,-1.000000,,,,,33.11999899E-6,1.6000000,
,,,33.14000060E-6,-6.00000005E-3,,,,,33.14000060E-6,28.00000086E-3,,,,,33.14000060E-6,800.000011921E-3,,,,,33.14000060E-6,-1.000000,,,,,33.14000060E-6,1.6000000,
,,,33.15999857E-6,-10.0000007E-3,,,,,33.15999857E-6,28.00000086E-3,,,,,33.15999857E-6,800.000011921E-3,,,,,33.15999857E-6,-1.2000000,,,,,33.15999857E-6,2.0000000,
,,,33.18000017E-6,-6.00000005E-3,,,,,33.18000017E-6,24.00000021E-3,,,,,33.18000017E-6,600.000023842E-3,,,,,33.18000017E-6,-1.000000,,,,,33.18000017E-6,1.6000000,
,,,33.19999814E-6,-6.00000005E-3,,,,,33.19999814E-6,28.00000086E-3,,,,,33.19999814E-6,800.000011921E-3,,,,,33.19999814E-6,-800.000011921E-3,,,,,33.19999814E-6,1.6000000,
,,,33.21999975E-6,-6.00000005E-3,,,,,33.21999975E-6,32.00000152E-3,,,,,33.21999975E-6,800.000011921E-3,,,,,33.21999975E-6,-600.000023842E-3,,,,,33.21999975E-6,1.2000000,
,,,33.24000136E-6,-8.000000380E-3,,,,,33.24000136E-6,28.00000086E-3,,,,,33.24000136E-6,800.000011921E-3,,,,,33.24000136E-6,-800.000011921E-3,,,,,33.24000136E-6,1.6000000,
,,,33.25999933E-6,-8.000000380E-3,,,,,33.25999933E-6,32.00000152E-3,,,,,33.25999933E-6,600.000023842E-3,,,,,33.25999933E-6,-600.000023842E-3,,,,,33.25999933E-6,1.2000000,
,,,33.28000093E-6,-8.000000380E-3,,,,,33.28000093E-6,32.00000152E-3,,,,,33.28000093E-6,400.00000596E-3,,,,,33.28000093E-6,-600.000023842E-3,,,,,33.28000093E-6,800.000011921E-3,
,,,33.29999890E-6,-8.000000380E-3,,,,,33.29999890E-6,32.00000152E-3,,,,,33.29999890E-6,400.00000596E-3,,,,,33.29999890E-6,-800.000011921E-3,,,,,33.29999890E-6,1.2000000,
,,,33.32000051E-6,-10.0000007E-3,,,,,33.32000051E-6,36.00000218E-3,,,,,33.32000051E-6,600.000023842E-3,,,,,33.32000051E-6,-800.000011921E-3,,,,,33.32000051E-6,1.2000000,
,,,33.33999848E-6,-8.000000380E-3,,,,,33.33999848E-6,32.00000152E-3,,,,,33.33999848E-6,400.00000596E-3,,,,,33.33999848E-6,-600.000023842E-3,,,,,33.33999848E-6,800.000011921E-3,
,,,33.36000009E-6,-12.0000001E-3,,,,,33.36000009E-6,32.00000152E-3,,,,,33.36000009E-6,400.00000596E-3,,,,,33.36000009E-6,-600.000023842E-3,,,,,33.36000009E-6,800.000011921E-3,
,,,33.37999806E-6,-10.0000007E-3,,,,,33.37999806E-6,32.00000152E-3,,,,,33.37999806E-6,400.00000596E-3,,,,,33.37999806E-6,-400.00000596E-3,,,,,33.37999806E-6,800.000011921E-3,
,,,33.39999967E-6,-10.0000007E-3,,,,,33.39999967E-6,36.00000218E-3,,,,,33.39999967E-6,400.00000596E-3,,,,,33.39999967E-6,-200.00000298E-3,,,,,33.39999967E-6,400.00000596E-3,
,,,33.42000127E-6,-10.0000007E-3,,,,,33.42000127E-6,36.00000218E-3,,,,,33.42000127E-6,0.0,,,,,33.42000127E-6,-400.00000596E-3,,,,,33.42000127E-6,400.00000596E-3,
,,,33.43999924E-6,-12.0000001E-3,,,,,33.43999924E-6,36.00000218E-3,,,,,33.43999924E-6,200.00000298E-3,,,,,33.43999924E-6,-200.00000298E-3,,,,,33.43999924E-6,400.00000596E-3,
,,,33.46000085E-6,-12.0000001E-3,,,,,33.46000085E-6,40.00000283E-3,,,,,33.46000085E-6,0.0,,,,,33.46000085E-6,-400.00000596E-3,,,,,33.46000085E-6,400.00000596E-3,
,,,33.47999882E-6,-10.0000007E-3,,,,,33.47999882E-6,32.00000152E-3,,,,,33.47999882E-6,200.00000298E-3,,,,,33.47999882E-6,-200.00000298E-3,,,,,33.47999882E-6,400.00000596E-3,
,,,33.50000043E-6,-10.0000007E-3,,,,,33.50000043E-6,40.00000283E-3,,,,,33.50000043E-6,0.0,,,,,33.50000043E-6,-400.00000596E-3,,,,,33.50000043E-6,400.00000596E-3,
,,,33.51999840E-6,-12.0000001E-3,,,,,33.51999840E-6,36.00000218E-3,,,,,33.51999840E-6,0.0,,,,,33.51999840E-6,-200.00000298E-3,,,,,33.51999840E-6,0.0,
,,,33.54000000E-6,-10.0000007E-3,,,,,33.54000000E-6,40.00000283E-3,,,,,33.54000000E-6,200.00000298E-3,,,,,33.54000000E-6,-200.00000298E-3,,,,,33.54000000E-6,400.00000596E-3,
,,,33.55999797E-6,-12.0000001E-3,,,,,33.55999797E-6,36.00000218E-3,,,,,33.55999797E-6,200.00000298E-3,,,,,33.55999797E-6,0.0,,,,,33.55999797E-6,0.0,
,,,33.57999958E-6,-10.0000007E-3,,,,,33.57999958E-6,44.00000349E-3,,,,,33.57999958E-6,0.0,,,,,33.57999958E-6,-200.00000298E-3,,,,,33.57999958E-6,0.0,
,,,33.60000119E-6,-10.0000007E-3,,,,,33.60000119E-6,40.00000283E-3,,,,,33.60000119E-6,-400.00000596E-3,,,,,33.60000119E-6,0.0,,,,,33.60000119E-6,-400.00000596E-3,
,,,33.61999916E-6,-12.0000001E-3,,,,,33.61999916E-6,44.00000349E-3,,,,,33.61999916E-6,-200.00000298E-3,,,,,33.61999916E-6,0.0,,,,,33.61999916E-6,-400.00000596E-3,
,,,33.64000077E-6,-12.0000001E-3,,,,,33.64000077E-6,44.00000349E-3,,,,,33.64000077E-6,-200.00000298E-3,,,,,33.64000077E-6,0.0,,,,,33.64000077E-6,-400.00000596E-3,
,,,33.65999873E-6,-12.0000001E-3,,,,,33.65999873E-6,40.00000283E-3,,,,,33.65999873E-6,-400.00000596E-3,,,,,33.65999873E-6,200.00000298E-3,,,,,33.65999873E-6,-800.000011921E-3,
,,,33.68000034E-6,-10.0000007E-3,,,,,33.68000034E-6,44.00000349E-3,,,,,33.68000034E-6,-200.00000298E-3,,,,,33.68000034E-6,400.00000596E-3,,,,,33.68000034E-6,-800.000011921E-3,
,,,33.69999831E-6,-12.0000001E-3,,,,,33.69999831E-6,48.00000042E-3,,,,,33.69999831E-6,-400.00000596E-3,,,,,33.69999831E-6,0.0,,,,,33.69999831E-6,-400.00000596E-3,
,,,33.71999992E-6,-14.0000004E-3,,,,,33.71999992E-6,44.00000349E-3,,,,,33.71999992E-6,-200.00000298E-3,,,,,33.71999992E-6,200.00000298E-3,,,,,33.71999992E-6,-400.00000596E-3,
,,,33.74000153E-6,-14.0000004E-3,,,,,33.74000153E-6,48.00000042E-3,,,,,33.74000153E-6,-400.00000596E-3,,,,,33.74000153E-6,400.00000596E-3,,,,,33.74000153E-6,-800.000011921E-3,
,,,33.75999950E-6,-12.0000001E-3,,,,,33.75999950E-6,44.00000349E-3,,,,,33.75999950E-6,-400.00000596E-3,,,,,33.75999950E-6,200.00000298E-3,,,,,33.75999950E-6,-800.000011921E-3,
,,,33.78000110E-6,-12.0000001E-3,,,,,33.78000110E-6,44.00000349E-3,,,,,33.78000110E-6,-400.00000596E-3,,,,,33.78000110E-6,200.00000298E-3,,,,,33.78000110E-6,-800.000011921E-3,
,,,33.79999907E-6,-14.0000004E-3,,,,,33.79999907E-6,48.00000042E-3,,,,,33.79999907E-6,-600.000023842E-3,,,,,33.79999907E-6,200.00000298E-3,,,,,33.79999907E-6,-800.000011921E-3,
,,,33.82000068E-6,-12.0000001E-3,,,,,33.82000068E-6,44.00000349E-3,,,,,33.82000068E-6,-600.000023842E-3,,,,,33.82000068E-6,400.00000596E-3,,,,,33.82000068E-6,-1.2000000,
,,,33.83999865E-6,-10.0000007E-3,,,,,33.83999865E-6,48.00000042E-3,,,,,33.83999865E-6,-800.000011921E-3,,,,,33.83999865E-6,400.00000596E-3,,,,,33.83999865E-6,-1.2000000,
,,,33.86000026E-6,-14.0000004E-3,,,,,33.86000026E-6,44.00000349E-3,,,,,33.86000026E-6,-800.000011921E-3,,,,,33.86000026E-6,400.00000596E-3,,,,,33.86000026E-6,-1.2000000,
,,,33.87999823E-6,-14.0000004E-3,,,,,33.87999823E-6,48.00000042E-3,,,,,33.87999823E-6,-600.000023842E-3,,,,,33.87999823E-6,600.000023842E-3,,,,,33.87999823E-6,-1.2000000,
,,,33.89999983E-6,-12.0000001E-3,,,,,33.89999983E-6,48.00000042E-3,,,,,33.89999983E-6,-600.000023842E-3,,,,,33.89999983E-6,400.00000596E-3,,,,,33.89999983E-6,-1.2000000,
,,,33.92000144E-6,-12.0000001E-3,,,,,33.92000144E-6,48.00000042E-3,,,,,33.92000144E-6,-600.000023842E-3,,,,,33.92000144E-6,600.000023842E-3,,,,,33.92000144E-6,-1.2000000,
,,,33.93999941E-6,-14.0000004E-3,,,,,33.93999941E-6,44.00000349E-3,,,,,33.93999941E-6,-800.000011921E-3,,,,,33.93999941E-6,600.000023842E-3,,,,,33.93999941E-6,-1.6000000,
,,,33.96000102E-6,-16.0000008E-3,,,,,33.96000102E-6,44.00000349E-3,,,,,33.96000102E-6,-600.000023842E-3,,,,,33.96000102E-6,800.000011921E-3,,,,,33.96000102E-6,-1.6000000,
,,,33.97999899E-6,-14.0000004E-3,,,,,33.97999899E-6,48.00000042E-3,,,,,33.97999899E-6,-800.000011921E-3,,,,,33.97999899E-6,800.000011921E-3,,,,,33.97999899E-6,-1.6000000,
,,,34.00000060E-6,-14.0000004E-3,,,,,34.00000060E-6,52.00000107E-3,,,,,34.00000060E-6,-800.000011921E-3,,,,,34.00000060E-6,800.000011921E-3,,,,,34.00000060E-6,-1.6000000,
,,,34.01999857E-6,-14.0000004E-3,,,,,34.01999857E-6,48.00000042E-3,,,,,34.01999857E-6,-800.000011921E-3,,,,,34.01999857E-6,600.000023842E-3,,,,,34.01999857E-6,-1.6000000,
,,,34.04000017E-6,-14.0000004E-3,,,,,34.04000017E-6,44.00000349E-3,,,,,34.04000017E-6,-800.000011921E-3,,,,,34.04000017E-6,1.000000,,,,,34.04000017E-6,-2.0000000,
,,,34.05999814E-6,-16.0000008E-3,,,,,34.05999814E-6,52.00000107E-3,,,,,34.05999814E-6,-1.000000,,,,,34.05999814E-6,800.000011921E-3,,,,,34.05999814E-6,-2.0000000,
,,,34.07999975E-6,-16.0000008E-3,,,,,34.07999975E-6,56.000001729E-3,,,,,34.07999975E-6,-1.000000,,,,,34.07999975E-6,800.000011921E-3,,,,,34.07999975E-6,-2.0000000,
,,,34.10000136E-6,-14.0000004E-3,,,,,34.10000136E-6,48.00000042E-3,,,,,34.10000136E-6,-1.000000,,,,,34.10000136E-6,1.000000,,,,,34.10000136E-6,-2.0000000,
,,,34.11999933E-6,-14.0000004E-3,,,,,34.11999933E-6,52.00000107E-3,,,,,34.11999933E-6,-1.2000000,,,,,34.11999933E-6,1.000000,,,,,34.11999933E-6,-2.4000001,
,,,34.14000093E-6,-14.0000004E-3,,,,,34.14000093E-6,52.00000107E-3,,,,,34.14000093E-6,-1.2000000,,,,,34.14000093E-6,1.000000,,,,,34.14000093E-6,-2.4000001,
,,,34.15999890E-6,-16.0000008E-3,,,,,34.15999890E-6,52.00000107E-3,,,,,34.15999890E-6,-1.2000000,,,,,34.15999890E-6,1.000000,,,,,34.15999890E-6,-2.4000001,
,,,34.18000051E-6,-16.0000008E-3,,,,,34.18000051E-6,52.00000107E-3,,,,,34.18000051E-6,-1.2000000,,,,,34.18000051E-6,1.000000,,,,,34.18000051E-6,-2.4000001,
,,,34.19999848E-6,-14.0000004E-3,,,,,34.19999848E-6,52.00000107E-3,,,,,34.19999848E-6,-1.000000,,,,,34.19999848E-6,1.2000000,,,,,34.19999848E-6,-2.4000001,
,,,34.22000009E-6,-18.0000011E-3,,,,,34.22000009E-6,52.00000107E-3,,,,,34.22000009E-6,-1.4000000,,,,,34.22000009E-6,1.000000,,,,,34.22000009E-6,-2.4000001,
,,,34.23999806E-6,-18.0000011E-3,,,,,34.23999806E-6,56.000001729E-3,,,,,34.23999806E-6,-1.4000000,,,,,34.23999806E-6,1.2000000,,,,,34.23999806E-6,-2.79999995,
,,,34.25999967E-6,-16.0000008E-3,,,,,34.25999967E-6,52.00000107E-3,,,,,34.25999967E-6,-1.4000000,,,,,34.25999967E-6,1.2000000,,,,,34.25999967E-6,-2.79999995,
,,,34.28000127E-6,-18.0000011E-3,,,,,34.28000127E-6,52.00000107E-3,,,,,34.28000127E-6,-1.2000000,,,,,34.28000127E-6,1.2000000,,,,,34.28000127E-6,-2.4000001,
,,,34.29999924E-6,-18.0000011E-3,,,,,34.29999924E-6,52.00000107E-3,,,,,34.29999924E-6,-1.4000000,,,,,34.29999924E-6,1.2000000,,,,,34.29999924E-6,-2.79999995,
,,,34.32000085E-6,-18.0000011E-3,,,,,34.32000085E-6,52.00000107E-3,,,,,34.32000085E-6,-1.4000000,,,,,34.32000085E-6,1.4000000,,,,,34.32000085E-6,-2.79999995,
,,,34.33999882E-6,-20.0000014E-3,,,,,34.33999882E-6,52.00000107E-3,,,,,34.33999882E-6,-1.4000000,,,,,34.33999882E-6,1.2000000,,,,,34.33999882E-6,-2.79999995,
,,,34.36000043E-6,-16.0000008E-3,,,,,34.36000043E-6,56.000001729E-3,,,,,34.36000043E-6,-1.6000000,,,,,34.36000043E-6,1.2000000,,,,,34.36000043E-6,-2.79999995,
,,,34.37999840E-6,-18.0000011E-3,,,,,34.37999840E-6,56.000001729E-3,,,,,34.37999840E-6,-1.6000000,,,,,34.37999840E-6,1.4000000,,,,,34.37999840E-6,-3.20000005,
,,,34.40000000E-6,-16.0000008E-3,,,,,34.40000000E-6,56.000001729E-3,,,,,34.40000000E-6,-2.0000000,,,,,34.40000000E-6,1.4000000,,,,,34.40000000E-6,-3.60000014,
,,,34.41999797E-6,-16.0000008E-3,,,,,34.41999797E-6,60.000002384E-3,,,,,34.41999797E-6,-1.6000000,,,,,34.41999797E-6,1.4000000,,,,,34.41999797E-6,-3.20000005,
,,,34.43999958E-6,-18.0000011E-3,,,,,34.43999958E-6,52.00000107E-3,,,,,34.43999958E-6,-1.8000001,,,,,34.43999958E-6,1.6000000,,,,,34.43999958E-6,-3.60000014,
,,,34.46000119E-6,-14.0000004E-3,,,,,34.46000119E-6,56.000001729E-3,,,,,34.46000119E-6,-1.6000000,,,,,34.46000119E-6,1.4000000,,,,,34.46000119E-6,-3.20000005,
,,,34.47999916E-6,-16.0000008E-3,,,,,34.47999916E-6,56.000001729E-3,,,,,34.47999916E-6,-1.8000001,,,,,34.47999916E-6,1.6000000,,,,,34.47999916E-6,-3.60000014,
,,,34.50000077E-6,-20.0000014E-3,,,,,34.50000077E-6,52.00000107E-3,,,,,34.50000077E-6,-1.8000001,,,,,34.50000077E-6,1.4000000,,,,,34.50000077E-6,-3.20000005,
,,,34.51999874E-6,-16.0000008E-3,,,,,34.51999874E-6,56.000001729E-3,,,,,34.51999874E-6,-1.8000001,,,,,34.51999874E-6,1.6000000,,,,,34.51999874E-6,-3.60000014,
,,,34.54000034E-6,-14.0000004E-3,,,,,34.54000034E-6,60.000002384E-3,,,,,34.54000034E-6,-1.8000001,,,,,34.54000034E-6,1.6000000,,,,,34.54000034E-6,-3.60000014,
,,,34.55999831E-6,-18.0000011E-3,,,,,34.55999831E-6,56.000001729E-3,,,,,34.55999831E-6,-1.8000001,,,,,34.55999831E-6,1.6000000,,,,,34.55999831E-6,-3.60000014,
,,,34.57999992E-6,-18.0000011E-3,,,,,34.57999992E-6,60.000002384E-3,,,,,34.57999992E-6,-2.0000000,,,,,34.57999992E-6,1.6000000,,,,,34.57999992E-6,-3.60000014,
,,,34.60000153E-6,-18.0000011E-3,,,,,34.60000153E-6,52.00000107E-3,,,,,34.60000153E-6,-2.0000000,,,,,34.60000153E-6,1.6000000,,,,,34.60000153E-6,-3.60000014,
,,,34.61999950E-6,-20.0000014E-3,,,,,34.61999950E-6,52.00000107E-3,,,,,34.61999950E-6,-2.2000000,,,,,34.61999950E-6,1.6000000,,,,,34.61999950E-6,-4.00000000,
,,,34.64000110E-6,-16.0000008E-3,,,,,34.64000110E-6,60.000002384E-3,,,,,34.64000110E-6,-2.2000000,,,,,34.64000110E-6,1.8000001,,,,,34.64000110E-6,-4.00000000,
,,,34.65999907E-6,-16.0000008E-3,,,,,34.65999907E-6,56.000001729E-3,,,,,34.65999907E-6,-2.0000000,,,,,34.65999907E-6,1.8000001,,,,,34.65999907E-6,-4.00000000,
,,,34.68000068E-6,-20.0000014E-3,,,,,34.68000068E-6,56.000001729E-3,,,,,34.68000068E-6,-2.0000000,,,,,34.68000068E-6,1.8000001,,,,,34.68000068E-6,-4.00000000,
,,,34.69999865E-6,-16.0000008E-3,,,,,34.69999865E-6,52.00000107E-3,,,,,34.69999865E-6,-2.0000000,,,,,34.69999865E-6,1.8000001,,,,,34.69999865E-6,-4.00000000,
,,,34.72000026E-6,-18.0000011E-3,,,,,34.72000026E-6,56.000001729E-3,,,,,34.72000026E-6,-2.2000000,,,,,34.72000026E-6,1.8000001,,,,,34.72000026E-6,-4.00000000,
,,,34.73999823E-6,-18.0000011E-3,,,,,34.73999823E-6,56.000001729E-3,,,,,34.73999823E-6,-2.2000000,,,,,34.73999823E-6,2.0000000,,,,,34.73999823E-6,-4.40000010,
,,,34.75999983E-6,-16.0000008E-3,,,,,34.75999983E-6,56.000001729E-3,,,,,34.75999983E-6,-2.0000000,,,,,34.75999983E-6,1.8000001,,,,,34.75999983E-6,-4.00000000,
,,,34.78000144E-6,-16.0000008E-3,,,,,34.78000144E-6,52.00000107E-3,,,,,34.78000144E-6,-2.0000000,,,,,34.78000144E-6,2.0000000,,,,,34.78000144E-6,-4.00000000,
,,,34.79999941E-6,-20.0000014E-3,,,,,34.79999941E-6,60.000002384E-3,,,,,34.79999941E-6,-2.4000001,,,,,34.79999941E-6,2.0000000,,,,,34.79999941E-6,-4.40000010,
,,,34.82000102E-6,-16.0000008E-3,,,,,34.82000102E-6,56.000001729E-3,,,,,34.82000102E-6,-2.4000001,,,,,34.82000102E-6,2.0000000,,,,,34.82000102E-6,-4.40000010,
,,,34.83999899E-6,-16.0000008E-3,,,,,34.83999899E-6,52.00000107E-3,,,,,34.83999899E-6,-2.2000000,,,,,34.83999899E-6,2.0000000,,,,,34.83999899E-6,-4.40000010,
,,,34.86000060E-6,-20.0000014E-3,,,,,34.86000060E-6,52.00000107E-3,,,,,34.86000060E-6,-2.2000000,,,,,34.86000060E-6,2.2000000,,,,,34.86000060E-6,-4.40000010,
,,,34.87999857E-6,-18.0000011E-3,,,,,34.87999857E-6,52.00000107E-3,,,,,34.87999857E-6,-2.2000000,,,,,34.87999857E-6,2.0000000,,,,,34.87999857E-6,-4.40000010,
,,,34.90000017E-6,-18.0000011E-3,,,,,34.90000017E-6,52.00000107E-3,,,,,34.90000017E-6,-2.4000001,,,,,34.90000017E-6,2.2000000,,,,,34.90000017E-6,-4.80000019,
,,,34.91999814E-6,-18.0000011E-3,,,,,34.91999814E-6,56.000001729E-3,,,,,34.91999814E-6,-2.4000001,,,,,34.91999814E-6,2.0000000,,,,,34.91999814E-6,-4.40000010,
,,,34.93999975E-6,-16.0000008E-3,,,,,34.93999975E-6,60.000002384E-3,,,,,34.93999975E-6,-2.4000001,,,,,34.93999975E-6,2.2000000,,,,,34.93999975E-6,-4.80000019,
,,,34.96000136E-6,-18.0000011E-3,,,,,34.96000136E-6,56.000001729E-3,,,,,34.96000136E-6,-2.2000000,,,,,34.96000136E-6,2.0000000,,,,,34.96000136E-6,-4.40000010,
,,,34.97999933E-6,-20.0000014E-3,,,,,34.97999933E-6,52.00000107E-3,,,,,34.97999933E-6,-2.2000000,,,,,34.97999933E-6,2.0000000,,,,,34.97999933E-6,-4.40000010,
,,,35.00000093E-6,-16.0000008E-3,,,,,35.00000093E-6,52.00000107E-3,,,,,35.00000093E-6,-2.4000001,,,,,35.00000093E-6,2.0000000,,,,,35.00000093E-6,-4.40000010,
,,,35.01999890E-6,-18.0000011E-3,,,,,35.01999890E-6,48.00000042E-3,,,,,35.01999890E-6,-2.4000001,,,,,35.01999890E-6,2.2000000,,,,,35.01999890E-6,-4.80000019,
,,,35.04000051E-6,-18.0000011E-3,,,,,35.04000051E-6,52.00000107E-3,,,,,35.04000051E-6,-2.6000001,,,,,35.04000051E-6,2.4000001,,,,,35.04000051E-6,-5.20000029,
,,,35.05999848E-6,-16.0000008E-3,,,,,35.05999848E-6,52.00000107E-3,,,,,35.05999848E-6,-2.6000001,,,,,35.05999848E-6,2.2000000,,,,,35.05999848E-6,-4.80000019,
,,,35.08000009E-6,-16.0000008E-3,,,,,35.08000009E-6,48.00000042E-3,,,,,35.08000009E-6,-2.4000001,,,,,35.08000009E-6,2.2000000,,,,,35.08000009E-6,-4.80000019,
,,,35.09999806E-6,-16.0000008E-3,,,,,35.09999806E-6,52.00000107E-3,,,,,35.09999806E-6,-2.6000001,,,,,35.09999806E-6,2.4000001,,,,,35.09999806E-6,-5.20000029,
,,,35.11999967E-6,-18.0000011E-3,,,,,35.11999967E-6,48.00000042E-3,,,,,35.11999967E-6,-2.6000001,,,,,35.11999967E-6,2.4000001,,,,,35.11999967E-6,-5.20000029,
,,,35.14000127E-6,-14.0000004E-3,,,,,35.14000127E-6,48.00000042E-3,,,,,35.14000127E-6,-2.4000001,,,,,35.14000127E-6,2.4000001,,,,,35.14000127E-6,-4.80000019,
,,,35.15999924E-6,-18.0000011E-3,,,,,35.15999924E-6,52.00000107E-3,,,,,35.15999924E-6,-2.4000001,,,,,35.15999924E-6,2.2000000,,,,,35.15999924E-6,-4.80000019,
,,,35.18000085E-6,-16.0000008E-3,,,,,35.18000085E-6,52.00000107E-3,,,,,35.18000085E-6,-2.4000001,,,,,35.18000085E-6,2.4000001,,,,,35.18000085E-6,-4.80000019,
,,,35.19999882E-6,-16.0000008E-3,,,,,35.19999882E-6,52.00000107E-3,,,,,35.19999882E-6,-2.6000001,,,,,35.19999882E-6,2.2000000,,,,,35.19999882E-6,-4.80000019,
,,,35.22000043E-6,-14.0000004E-3,,,,,35.22000043E-6,48.00000042E-3,,,,,35.22000043E-6,-2.6000001,,,,,35.22000043E-6,2.2000000,,,,,35.22000043E-6,-4.80000019,
,,,35.23999840E-6,-14.0000004E-3,,,,,35.23999840E-6,48.00000042E-3,,,,,35.23999840E-6,-2.6000001,,,,,35.23999840E-6,2.2000000,,,,,35.23999840E-6,-4.80000019,
,,,35.26000000E-6,-18.0000011E-3,,,,,35.26000000E-6,52.00000107E-3,,,,,35.26000000E-6,-2.6000001,,,,,35.26000000E-6,2.2000000,,,,,35.26000000E-6,-4.80000019,
,,,35.27999797E-6,-12.0000001E-3,,,,,35.27999797E-6,48.00000042E-3,,,,,35.27999797E-6,-2.6000001,,,,,35.27999797E-6,2.4000001,,,,,35.27999797E-6,-5.20000029,
,,,35.29999958E-6,-14.0000004E-3,,,,,35.29999958E-6,48.00000042E-3,,,,,35.29999958E-6,-2.4000001,,,,,35.29999958E-6,2.2000000,,,,,35.29999958E-6,-4.80000019,
,,,35.32000119E-6,-16.0000008E-3,,,,,35.32000119E-6,48.00000042E-3,,,,,35.32000119E-6,-2.79999995,,,,,35.32000119E-6,2.6000001,,,,,35.32000119E-6,-5.59999990,
,,,35.33999916E-6,-18.0000011E-3,,,,,35.33999916E-6,44.00000349E-3,,,,,35.33999916E-6,-2.4000001,,,,,35.33999916E-6,2.4000001,,,,,35.33999916E-6,-4.80000019,
,,,35.36000077E-6,-14.0000004E-3,,,,,35.36000077E-6,44.00000349E-3,,,,,35.36000077E-6,-2.6000001,,,,,35.36000077E-6,2.6000001,,,,,35.36000077E-6,-5.20000029,
,,,35.37999874E-6,-16.0000008E-3,,,,,35.37999874E-6,48.00000042E-3,,,,,35.37999874E-6,-2.6000001,,,,,35.37999874E-6,2.6000001,,,,,35.37999874E-6,-5.20000029,
,,,35.40000034E-6,-14.0000004E-3,,,,,35.40000034E-6,44.00000349E-3,,,,,35.40000034E-6,-2.79999995,,,,,35.40000034E-6,2.4000001,,,,,35.40000034E-6,-5.20000029,
,,,35.41999831E-6,-16.0000008E-3,,,,,35.41999831E-6,48.00000042E-3,,,,,35.41999831E-6,-2.79999995,,,,,35.41999831E-6,2.4000001,,,,,35.41999831E-6,-5.20000029,
,,,35.43999992E-6,-14.0000004E-3,,,,,35.43999992E-6,52.00000107E-3,,,,,35.43999992E-6,-2.79999995,,,,,35.43999992E-6,2.6000001,,,,,35.43999992E-6,-5.59999990,
,,,35.46000153E-6,-14.0000004E-3,,,,,35.46000153E-6,48.00000042E-3,,,,,35.46000153E-6,-2.6000001,,,,,35.46000153E-6,2.6000001,,,,,35.46000153E-6,-5.20000029,
,,,35.47999950E-6,-14.0000004E-3,,,,,35.47999950E-6,44.00000349E-3,,,,,35.47999950E-6,-2.79999995,,,,,35.47999950E-6,2.6000001,,,,,35.47999950E-6,-5.59999990,
,,,35.50000110E-6,-16.0000008E-3,,,,,35.50000110E-6,44.00000349E-3,,,,,35.50000110E-6,-2.6000001,,,,,35.50000110E-6,2.4000001,,,,,35.50000110E-6,-5.20000029,
,,,35.51999907E-6,-16.0000008E-3,,,,,35.51999907E-6,44.00000349E-3,,,,,35.51999907E-6,-2.6000001,,,,,35.51999907E-6,2.6000001,,,,,35.51999907E-6,-5.20000029,
,,,35.54000068E-6,-14.0000004E-3,,,,,35.54000068E-6,40.00000283E-3,,,,,35.54000068E-6,-2.6000001,,,,,35.54000068E-6,2.4000001,,,,,35.54000068E-6,-5.20000029,
,,,35.55999865E-6,-16.0000008E-3,,,,,35.55999865E-6,44.00000349E-3,,,,,35.55999865E-6,-2.6000001,,,,,35.55999865E-6,2.6000001,,,,,35.55999865E-6,-5.20000029,
,,,35.58000026E-6,-16.0000008E-3,,,,,35.58000026E-6,44.00000349E-3,,,,,35.58000026E-6,-2.79999995,,,,,35.58000026E-6,2.6000001,,,,,35.58000026E-6,-5.59999990,
,,,35.59999823E-6,-14.0000004E-3,,,,,35.59999823E-6,44.00000349E-3,,,,,35.59999823E-6,-2.6000001,,,,,35.59999823E-6,2.6000001,,,,,35.59999823E-6,-5.20000029,
,,,35.61999984E-6,-12.0000001E-3,,,,,35.61999984E-6,48.00000042E-3,,,,,35.61999984E-6,-2.6000001,,,,,35.61999984E-6,2.6000001,,,,,35.61999984E-6,-5.20000029,
,,,35.64000144E-6,-16.0000008E-3,,,,,35.64000144E-6,36.00000218E-3,,,,,35.64000144E-6,-2.79999995,,,,,35.64000144E-6,2.4000001,,,,,35.64000144E-6,-5.20000029,
,,,35.65999941E-6,-16.0000008E-3,,,,,35.65999941E-6,40.00000283E-3,,,,,35.65999941E-6,-2.6000001,,,,,35.65999941E-6,2.6000001,,,,,35.65999941E-6,-5.20000029,
,,,35.68000102E-6,-16.0000008E-3,,,,,35.68000102E-6,44.00000349E-3,,,,,35.68000102E-6,-2.79999995,,,,,35.68000102E-6,2.4000001,,,,,35.68000102E-6,-5.20000029,
,,,35.69999899E-6,-16.0000008E-3,,,,,35.69999899E-6,44.00000349E-3,,,,,35.69999899E-6,-2.79999995,,,,,35.69999899E-6,2.6000001,,,,,35.69999899E-6,-5.59999990,
,,,35.72000060E-6,-12.0000001E-3,,,,,35.72000060E-6,40.00000283E-3,,,,,35.72000060E-6,-2.79999995,,,,,35.72000060E-6,2.6000001,,,,,35.72000060E-6,-5.59999990,
,,,35.73999857E-6,-14.0000004E-3,,,,,35.73999857E-6,40.00000283E-3,,,,,35.73999857E-6,-3.00000000,,,,,35.73999857E-6,2.6000001,,,,,35.73999857E-6,-5.59999990,
,,,35.76000017E-6,-16.0000008E-3,,,,,35.76000017E-6,40.00000283E-3,,,,,35.76000017E-6,-2.79999995,,,,,35.76000017E-6,2.6000001,,,,,35.76000017E-6,-5.59999990,
,,,35.77999814E-6,-12.0000001E-3,,,,,35.77999814E-6,40.00000283E-3,,,,,35.77999814E-6,-3.00000000,,,,,35.77999814E-6,2.4000001,,,,,35.77999814E-6,-5.59999990,
,,,35.79999975E-6,-12.0000001E-3,,,,,35.79999975E-6,36.00000218E-3,,,,,35.79999975E-6,-2.79999995,,,,,35.79999975E-6,2.79999995,,,,,35.79999975E-6,-5.59999990,
,,,35.82000136E-6,-12.0000001E-3,,,,,35.82000136E-6,36.00000218E-3,,,,,35.82000136E-6,-2.79999995,,,,,35.82000136E-6,2.6000001,,,,,35.82000136E-6,-5.59999990,
,,,35.83999933E-6,-16.0000008E-3,,,,,35.83999933E-6,40.00000283E-3,,,,,35.83999933E-6,-2.6000001,,,,,35.83999933E-6,2.6000001,,,,,35.83999933E-6,-5.20000029,
,,,35.86000093E-6,-14.0000004E-3,,,,,35.86000093E-6,40.00000283E-3,,,,,35.86000093E-6,-3.00000000,,,,,35.86000093E-6,2.6000001,,,,,35.86000093E-6,-5.59999990,
,,,35.87999890E-6,-14.0000004E-3,,,,,35.87999890E-6,40.00000283E-3,,,,,35.87999890E-6,-2.79999995,,,,,35.87999890E-6,2.4000001,,,,,35.87999890E-6,-5.20000029,
,,,35.90000051E-6,-14.0000004E-3,,,,,35.90000051E-6,40.00000283E-3,,,,,35.90000051E-6,-2.6000001,,,,,35.90000051E-6,2.79999995,,,,,35.90000051E-6,-5.59999990,
,,,35.91999848E-6,-14.0000004E-3,,,,,35.91999848E-6,40.00000283E-3,,,,,35.91999848E-6,-3.00000000,,,,,35.91999848E-6,2.6000001,,,,,35.91999848E-6,-5.59999990,
,,,35.94000009E-6,-14.0000004E-3,,,,,35.94000009E-6,36.00000218E-3,,,,,35.94000009E-6,-2.79999995,,,,,35.94000009E-6,2.79999995,,,,,35.94000009E-6,-5.59999990,
,,,35.95999806E-6,-12.0000001E-3,,,,,35.95999806E-6,36.00000218E-3,,,,,35.95999806E-6,-2.79999995,,,,,35.95999806E-6,2.6000001,,,,,35.95999806E-6,-5.59999990,
,,,35.97999967E-6,-12.0000001E-3,,,,,35.97999967E-6,40.00000283E-3,,,,,35.97999967E-6,-2.6000001,,,,,35.97999967E-6,2.6000001,,,,,35.97999967E-6,-5.20000029,
,,,36.00000127E-6,-12.0000001E-3,,,,,36.00000127E-6,28.00000086E-3,,,,,36.00000127E-6,-2.6000001,,,,,36.00000127E-6,2.6000001,,,,,36.00000127E-6,-5.20000029,
,,,36.01999924E-6,-12.0000001E-3,,,,,36.01999924E-6,32.00000152E-3,,,,,36.01999924E-6,-2.4000001,,,,,36.01999924E-6,2.6000001,,,,,36.01999924E-6,-5.20000029,
,,,36.04000085E-6,-12.0000001E-3,,,,,36.04000085E-6,32.00000152E-3,,,,,36.04000085E-6,-2.79999995,,,,,36.04000085E-6,2.6000001,,,,,36.04000085E-6,-5.59999990,
,,,36.05999882E-6,-12.0000001E-3,,,,,36.05999882E-6,36.00000218E-3,,,,,36.05999882E-6,-2.79999995,,,,,36.05999882E-6,2.6000001,,,,,36.05999882E-6,-5.59999990,
,,,36.08000043E-6,-12.0000001E-3,,,,,36.08000043E-6,32.00000152E-3,,,,,36.08000043E-6,-2.79999995,,,,,36.08000043E-6,2.79999995,,,,,36.08000043E-6,-5.59999990,
,,,36.09999840E-6,-12.0000001E-3,,,,,36.09999840E-6,32.00000152E-3,,,,,36.09999840E-6,-2.6000001,,,,,36.09999840E-6,2.6000001,,,,,36.09999840E-6,-5.20000029,
,,,36.12000000E-6,-12.0000001E-3,,,,,36.12000000E-6,28.00000086E-3,,,,,36.12000000E-6,-2.6000001,,,,,36.12000000E-6,2.6000001,,,,,36.12000000E-6,-5.20000029,
,,,36.13999797E-6,-10.0000007E-3,,,,,36.13999797E-6,36.00000218E-3,,,,,36.13999797E-6,-2.6000001,,,,,36.13999797E-6,2.4000001,,,,,36.13999797E-6,-5.20000029,
,,,36.15999958E-6,-10.0000007E-3,,,,,36.15999958E-6,32.00000152E-3,,,,,36.15999958E-6,-2.79999995,,,,,36.15999958E-6,2.4000001,,,,,36.15999958E-6,-5.20000029,
,,,36.18000119E-6,-12.0000001E-3,,,,,36.18000119E-6,32.00000152E-3,,,,,36.18000119E-6,-2.6000001,,,,,36.18000119E-6,2.4000001,,,,,36.18000119E-6,-5.20000029,
,,,36.19999916E-6,-10.0000007E-3,,,,,36.19999916E-6,36.00000218E-3,,,,,36.19999916E-6,-2.79999995,,,,,36.19999916E-6,2.6000001,,,,,36.19999916E-6,-5.59999990,
,,,36.22000077E-6,-10.0000007E-3,,,,,36.22000077E-6,28.00000086E-3,,,,,36.22000077E-6,-2.79999995,,,,,36.22000077E-6,2.4000001,,,,,36.22000077E-6,-5.20000029,
,,,36.23999874E-6,-8.000000380E-3,,,,,36.23999874E-6,32.00000152E-3,,,,,36.23999874E-6,-2.6000001,,,,,36.23999874E-6,2.4000001,,,,,36.23999874E-6,-5.20000029,
,,,36.26000034E-6,-14.0000004E-3,,,,,36.26000034E-6,28.00000086E-3,,,,,36.26000034E-6,-2.79999995,,,,,36.26000034E-6,2.6000001,,,,,36.26000034E-6,-5.59999990,
,,,36.27999831E-6,-12.0000001E-3,,,,,36.27999831E-6,24.00000021E-3,,,,,36.27999831E-6,-2.4000001,,,,,36.27999831E-6,2.4000001,,,,,36.27999831E-6,-4.80000019,
,,,36.29999992E-6,-10.0000007E-3,,,,,36.29999992E-6,32.00000152E-3,,,,,36.29999992E-6,-2.6000001,,,,,36.29999992E-6,2.4000001,,,,,36.29999992E-6,-5.20000029,
,,,36.32000153E-6,-10.0000007E-3,,,,,36.32000153E-6,28.00000086E-3,,,,,36.32000153E-6,-2.4000001,,,,,36.32000153E-6,2.6000001,,,,,36.32000153E-6,-5.20000029,
,,,36.33999950E-6,-8.000000380E-3,,,,,36.33999950E-6,32.00000152E-3,,,,,36.33999950E-6,-2.6000001,,,,,36.33999950E-6,2.4000001,,,,,36.33999950E-6,-5.20000029,
,,,36.36000110E-6,-10.0000007E-3,,,,,36.36000110E-6,28.00000086E-3,,,,,36.36000110E-6,-2.6000001,,,,,36.36000110E-6,2.2000000,,,,,36.36000110E-6,-4.80000019,
,,,36.37999907E-6,-10.0000007E-3,,,,,36.37999907E-6,28.00000086E-3,,,,,36.37999907E-6,-2.6000001,,,,,36.37999907E-6,2.4000001,,,,,36.37999907E-6,-5.20000029,
,,,36.40000068E-6,-10.0000007E-3,,,,,36.40000068E-6,28.00000086E-3,,,,,36.40000068E-6,-2.6000001,,,,,36.40000068E-6,2.6000001,,,,,36.40000068E-6,-5.20000029,
,,,36.41999865E-6,-8.000000380E-3,,,,,36.41999865E-6,28.00000086E-3,,,,,36.41999865E-6,-2.6000001,,,,,36.41999865E-6,2.6000001,,,,,36.41999865E-6,-5.20000029,
,,,36.44000026E-6,-14.0000004E-3,,,,,36.44000026E-6,28.00000086E-3,,,,,36.44000026E-6,-2.4000001,,,,,36.44000026E-6,2.4000001,,,,,36.44000026E-6,-4.80000019,
,,,36.45999823E-6,-6.00000005E-3,,,,,36.45999823E-6,28.00000086E-3,,,,,36.45999823E-6,-2.4000001,,,,,36.45999823E-6,2.4000001,,,,,36.45999823E-6,-4.80000019,
,,,36.47999984E-6,-12.0000001E-3,,,,,36.47999984E-6,24.00000021E-3,,,,,36.47999984E-6,-2.4000001,,,,,36.47999984E-6,2.4000001,,,,,36.47999984E-6,-4.80000019,
,,,36.50000144E-6,-14.0000004E-3,,,,,36.50000144E-6,24.00000021E-3,,,,,36.50000144E-6,-2.6000001,,,,,36.50000144E-6,2.6000001,,,,,36.50000144E-6,-5.20000029,
,,,36.51999941E-6,-6.00000005E-3,,,,,36.51999941E-6,28.00000086E-3,,,,,36.51999941E-6,-2.6000001,,,,,36.51999941E-6,2.4000001,,,,,36.51999941E-6,-5.20000029,
,,,36.54000102E-6,-4.00000019E-3,,,,,36.54000102E-6,24.00000021E-3,,,,,36.54000102E-6,-2.6000001,,,,,36.54000102E-6,2.4000001,,,,,36.54000102E-6,-5.20000029,
,,,36.55999899E-6,-10.0000007E-3,,,,,36.55999899E-6,24.00000021E-3,,,,,36.55999899E-6,-2.2000000,,,,,36.55999899E-6,2.4000001,,,,,36.55999899E-6,-4.80000019,
,,,36.58000060E-6,-10.0000007E-3,,,,,36.58000060E-6,24.00000021E-3,,,,,36.58000060E-6,-2.4000001,,,,,36.58000060E-6,2.4000001,,,,,36.58000060E-6,-4.80000019,
,,,36.59999857E-6,-8.000000380E-3,,,,,36.59999857E-6,24.00000021E-3,,,,,36.59999857E-6,-2.6000001,,,,,36.59999857E-6,2.4000001,,,,,36.59999857E-6,-5.20000029,
,,,36.62000017E-6,-6.00000005E-3,,,,,36.62000017E-6,20.0000014E-3,,,,,36.62000017E-6,-2.4000001,,,,,36.62000017E-6,2.2000000,,,,,36.62000017E-6,-4.80000019,
,,,36.63999814E-6,-6.00000005E-3,,,,,36.63999814E-6,24.00000021E-3,,,,,36.63999814E-6,-2.6000001,,,,,36.63999814E-6,2.2000000,,,,,36.63999814E-6,-4.80000019,
,,,36.65999975E-6,-6.00000005E-3,,,,,36.65999975E-6,20.0000014E-3,,,,,36.65999975E-6,-2.4000001,,,,,36.65999975E-6,2.2000000,,,,,36.65999975E-6,-4.80000019,
,,,36.68000136E-6,-8.000000380E-3,,,,,36.68000136E-6,20.0000014E-3,,,,,36.68000136E-6,-2.4000001,,,,,36.68000136E-6,2.4000001,,,,,36.68000136E-6,-4.80000019,
,,,36.69999933E-6,-6.00000005E-3,,,,,36.69999933E-6,24.00000021E-3,,,,,36.69999933E-6,-2.4000001,,,,,36.69999933E-6,2.4000001,,,,,36.69999933E-6,-4.80000019,
,,,36.72000094E-6,-6.00000005E-3,,,,,36.72000094E-6,24.00000021E-3,,,,,36.72000094E-6,-2.2000000,,,,,36.72000094E-6,2.4000001,,,,,36.72000094E-6,-4.80000019,
,,,36.73999890E-6,-4.00000019E-3,,,,,36.73999890E-6,20.0000014E-3,,,,,36.73999890E-6,-2.2000000,,,,,36.73999890E-6,2.4000001,,,,,36.73999890E-6,-4.80000019,
,,,36.76000051E-6,-6.00000005E-3,,,,,36.76000051E-6,20.0000014E-3,,,,,36.76000051E-6,-2.4000001,,,,,36.76000051E-6,2.2000000,,,,,36.76000051E-6,-4.80000019,
,,,36.77999848E-6,-6.00000005E-3,,,,,36.77999848E-6,16.0000008E-3,,,,,36.77999848E-6,-2.4000001,,,,,36.77999848E-6,2.2000000,,,,,36.77999848E-6,-4.80000019,
,,,36.80000009E-6,-4.00000019E-3,,,,,36.80000009E-6,16.0000008E-3,,,,,36.80000009E-6,-2.4000001,,,,,36.80000009E-6,2.2000000,,,,,36.80000009E-6,-4.80000019,
,,,36.81999806E-6,-8.000000380E-3,,,,,36.81999806E-6,16.0000008E-3,,,,,36.81999806E-6,-2.2000000,,,,,36.81999806E-6,2.0000000,,,,,36.81999806E-6,-4.40000010,
,,,36.83999967E-6,-6.00000005E-3,,,,,36.83999967E-6,20.0000014E-3,,,,,36.83999967E-6,-2.2000000,,,,,36.83999967E-6,2.0000000,,,,,36.83999967E-6,-4.40000010,
,,,36.86000127E-6,-4.00000019E-3,,,,,36.86000127E-6,16.0000008E-3,,,,,36.86000127E-6,-2.4000001,,,,,36.86000127E-6,2.2000000,,,,,36.86000127E-6,-4.80000019,
,,,36.87999924E-6,-6.00000005E-3,,,,,36.87999924E-6,16.0000008E-3,,,,,36.87999924E-6,-2.2000000,,,,,36.87999924E-6,2.0000000,,,,,36.87999924E-6,-4.40000010,
,,,36.90000085E-6,-2.0000001E-3,,,,,36.90000085E-6,12.0000001E-3,,,,,36.90000085E-6,-2.2000000,,,,,36.90000085E-6,2.2000000,,,,,36.90000085E-6,-4.40000010,
,,,36.91999882E-6,-2.0000001E-3,,,,,36.91999882E-6,12.0000001E-3,,,,,36.91999882E-6,-2.2000000,,,,,36.91999882E-6,2.2000000,,,,,36.91999882E-6,-4.40000010,
,,,36.94000043E-6,-4.00000019E-3,,,,,36.94000043E-6,8.000000380E-3,,,,,36.94000043E-6,-2.2000000,,,,,36.94000043E-6,2.0000000,,,,,36.94000043E-6,-4.40000010,
,,,36.95999840E-6,-2.0000001E-3,,,,,36.95999840E-6,12.0000001E-3,,,,,36.95999840E-6,-2.2000000,,,,,36.95999840E-6,2.2000000,,,,,36.95999840E-6,-4.40000010,
,,,36.98000000E-6,-4.00000019E-3,,,,,36.98000000E-6,12.0000001E-3,,,,,36.98000000E-6,-2.0000000,,,,,36.98000000E-6,2.0000000,,,,,36.98000000E-6,-4.00000000,
,,,36.99999797E-6,-2.0000001E-3,,,,,36.99999797E-6,8.000000380E-3,,,,,36.99999797E-6,-1.8000001,,,,,36.99999797E-6,2.0000000,,,,,36.99999797E-6,-4.00000000,
,,,37.01999958E-6,-2.0000001E-3,,,,,37.01999958E-6,8.000000380E-3,,,,,37.01999958E-6,-2.4000001,,,,,37.01999958E-6,2.0000000,,,,,37.01999958E-6,-4.40000010,
,,,37.04000119E-6,-4.00000019E-3,,,,,37.04000119E-6,8.000000380E-3,,,,,37.04000119E-6,-2.0000000,,,,,37.04000119E-6,2.0000000,,,,,37.04000119E-6,-4.00000000,
,,,37.05999916E-6,-2.0000001E-3,,,,,37.05999916E-6,4.00000019E-3,,,,,37.05999916E-6,-2.0000000,,,,,37.05999916E-6,2.0000000,,,,,37.05999916E-6,-4.00000000,
,,,37.08000077E-6,0.0,,,,,37.08000077E-6,8.000000380E-3,,,,,37.08000077E-6,-1.8000001,,,,,37.08000077E-6,1.8000001,,,,,37.08000077E-6,-3.60000014,
,,,37.09999874E-6,-2.0000001E-3,,,,,37.09999874E-6,4.00000019E-3,,,,,37.09999874E-6,-2.0000000,,,,,37.09999874E-6,1.8000001,,,,,37.09999874E-6,-4.00000000,
,,,37.12000034E-6,-2.0000001E-3,,,,,37.12000034E-6,4.00000019E-3,,,,,37.12000034E-6,-2.0000000,,,,,37.12000034E-6,2.0000000,,,,,37.12000034E-6,-4.00000000,
,,,37.13999831E-6,-2.0000001E-3,,,,,37.13999831E-6,4.00000019E-3,,,,,37.13999831E-6,-1.8000001,,,,,37.13999831E-6,1.8000001,,,,,37.13999831E-6,-3.60000014,
,,,37.15999992E-6,-2.0000001E-3,,,,,37.15999992E-6,4.00000019E-3,,,,,37.15999992E-6,-1.8000001,,,,,37.15999992E-6,2.0000000,,,,,37.15999992E-6,-4.00000000,
,,,37.18000153E-6,0.0,,,,,37.18000153E-6,4.00000019E-3,,,,,37.18000153E-6,-2.0000000,,,,,37.18000153E-6,1.8000001,,,,,37.18000153E-6,-4.00000000,
,,,37.19999950E-6,0.0,,,,,37.19999950E-6,8.000000380E-3,,,,,37.19999950E-6,-1.8000001,,,,,37.19999950E-6,1.8000001,,,,,37.19999950E-6,-3.60000014,
,,,37.22000110E-6,-2.0000001E-3,,,,,37.22000110E-6,4.00000019E-3,,,,,37.22000110E-6,-1.8000001,,,,,37.22000110E-6,2.0000000,,,,,37.22000110E-6,-4.00000000,
,,,37.23999907E-6,-2.0000001E-3,,,,,37.23999907E-6,0.0,,,,,37.23999907E-6,-1.8000001,,,,,37.23999907E-6,1.8000001,,,,,37.23999907E-6,-3.60000014,
,,,37.26000068E-6,0.0,,,,,37.26000068E-6,0.0,,,,,37.26000068E-6,-1.8000001,,,,,37.26000068E-6,1.8000001,,,,,37.26000068E-6,-3.60000014,
,,,37.27999865E-6,0.0,,,,,37.27999865E-6,4.00000019E-3,,,,,37.27999865E-6,-1.8000001,,,,,37.27999865E-6,1.8000001,,,,,37.27999865E-6,-3.60000014,
,,,37.30000026E-6,2.0000001E-3,,,,,37.30000026E-6,0.0,,,,,37.30000026E-6,-1.6000000,,,,,37.30000026E-6,1.8000001,,,,,37.30000026E-6,-3.60000014,
,,,37.31999823E-6,-2.0000001E-3,,,,,37.31999823E-6,-4.00000019E-3,,,,,37.31999823E-6,-1.8000001,,,,,37.31999823E-6,1.8000001,,,,,37.31999823E-6,-3.60000014,
,,,37.33999984E-6,-2.0000001E-3,,,,,37.33999984E-6,-4.00000019E-3,,,,,37.33999984E-6,-1.8000001,,,,,37.33999984E-6,1.8000001,,,,,37.33999984E-6,-3.60000014,
,,,37.36000144E-6,0.0,,,,,37.36000144E-6,0.0,,,,,37.36000144E-6,-1.8000001,,,,,37.36000144E-6,1.8000001,,,,,37.36000144E-6,-3.60000014,
,,,37.37999941E-6,0.0,,,,,37.37999941E-6,0.0,,,,,37.37999941E-6,-1.6000000,,,,,37.37999941E-6,1.4000000,,,,,37.37999941E-6,-3.20000005,
,,,37.40000102E-6,0.0,,,,,37.40000102E-6,0.0,,,,,37.40000102E-6,-1.6000000,,,,,37.40000102E-6,1.6000000,,,,,37.40000102E-6,-3.20000005,
,,,37.41999899E-6,-2.0000001E-3,,,,,37.41999899E-6,-4.00000019E-3,,,,,37.41999899E-6,-1.4000000,,,,,37.41999899E-6,1.6000000,,,,,37.41999899E-6,-3.20000005,
,,,37.44000060E-6,0.0,,,,,37.44000060E-6,-4.00000019E-3,,,,,37.44000060E-6,-1.6000000,,,,,37.44000060E-6,1.8000001,,,,,37.44000060E-6,-3.60000014,
,,,37.45999857E-6,2.0000001E-3,,,,,37.45999857E-6,0.0,,,,,37.45999857E-6,-1.6000000,,,,,37.45999857E-6,1.6000000,,,,,37.45999857E-6,-3.20000005,
,,,37.48000017E-6,0.0,,,,,37.48000017E-6,-4.00000019E-3,,,,,37.48000017E-6,-1.6000000,,,,,37.48000017E-6,1.6000000,,,,,37.48000017E-6,-3.20000005,
,,,37.49999814E-6,2.0000001E-3,,,,,37.49999814E-6,-4.00000019E-3,,,,,37.49999814E-6,-1.6000000,,,,,37.49999814E-6,1.6000000,,,,,37.49999814E-6,-3.20000005,
,,,37.51999975E-6,2.0000001E-3,,,,,37.51999975E-6,-8.000000380E-3,,,,,37.51999975E-6,-1.2000000,,,,,37.51999975E-6,1.4000000,,,,,37.51999975E-6,-2.79999995,
,,,37.54000136E-6,0.0,,,,,37.54000136E-6,0.0,,,,,37.54000136E-6,-1.4000000,,,,,37.54000136E-6,1.4000000,,,,,37.54000136E-6,-2.79999995,
,,,37.55999933E-6,4.00000019E-3,,,,,37.55999933E-6,-8.000000380E-3,,,,,37.55999933E-6,-1.4000000,,,,,37.55999933E-6,1.4000000,,,,,37.55999933E-6,-2.79999995,
,,,37.58000094E-6,2.0000001E-3,,,,,37.58000094E-6,-4.00000019E-3,,,,,37.58000094E-6,-1.2000000,,,,,37.58000094E-6,1.4000000,,,,,37.58000094E-6,-2.79999995,
,,,37.59999890E-6,0.0,,,,,37.59999890E-6,-8.000000380E-3,,,,,37.59999890E-6,-1.2000000,,,,,37.59999890E-6,1.4000000,,,,,37.59999890E-6,-2.79999995,
,,,37.62000051E-6,2.0000001E-3,,,,,37.62000051E-6,-12.0000001E-3,,,,,37.62000051E-6,-1.4000000,,,,,37.62000051E-6,1.4000000,,,,,37.62000051E-6,-2.79999995,
,,,37.63999848E-6,0.0,,,,,37.63999848E-6,-4.00000019E-3,,,,,37.63999848E-6,-1.4000000,,,,,37.63999848E-6,1.4000000,,,,,37.63999848E-6,-2.79999995,
,,,37.66000009E-6,2.0000001E-3,,,,,37.66000009E-6,-8.000000380E-3,,,,,37.66000009E-6,-1.4000000,,,,,37.66000009E-6,1.2000000,,,,,37.66000009E-6,-2.79999995,
,,,37.67999806E-6,4.00000019E-3,,,,,37.67999806E-6,-8.000000380E-3,,,,,37.67999806E-6,-1.2000000,,,,,37.67999806E-6,1.2000000,,,,,37.67999806E-6,-2.4000001,
,,,37.69999967E-6,4.00000019E-3,,,,,37.69999967E-6,-8.000000380E-3,,,,,37.69999967E-6,-1.4000000,,,,,37.69999967E-6,1.4000000,,,,,37.69999967E-6,-2.79999995,
,,,37.72000127E-6,2.0000001E-3,,,,,37.72000127E-6,-8.000000380E-3,,,,,37.72000127E-6,-1.2000000,,,,,37.72000127E-6,1.2000000,,,,,37.72000127E-6,-2.4000001,
,,,37.73999924E-6,4.00000019E-3,,,,,37.73999924E-6,-8.000000380E-3,,,,,37.73999924E-6,-1.2000000,,,,,37.73999924E-6,1.2000000,,,,,37.73999924E-6,-2.4000001,
,,,37.76000085E-6,2.0000001E-3,,,,,37.76000085E-6,-8.000000380E-3,,,,,37.76000085E-6,-1.2000000,,,,,37.76000085E-6,1.2000000,,,,,37.76000085E-6,-2.4000001,
,,,37.77999882E-6,4.00000019E-3,,,,,37.77999882E-6,-8.000000380E-3,,,,,37.77999882E-6,-1.000000,,,,,37.77999882E-6,1.2000000,,,,,37.77999882E-6,-2.4000001,
,,,37.80000043E-6,4.00000019E-3,,,,,37.80000043E-6,-8.000000380E-3,,,,,37.80000043E-6,-1.000000,,,,,37.80000043E-6,1.2000000,,,,,37.80000043E-6,-2.4000001,
,,,37.81999840E-6,6.00000005E-3,,,,,37.81999840E-6,-12.0000001E-3,,,,,37.81999840E-6,-1.000000,,,,,37.81999840E-6,1.2000000,,,,,37.81999840E-6,-2.4000001,
,,,37.84000000E-6,6.00000005E-3,,,,,37.84000000E-6,-12.0000001E-3,,,,,37.84000000E-6,-1.000000,,,,,37.84000000E-6,1.2000000,,,,,37.84000000E-6,-2.4000001,
,,,37.85999797E-6,2.0000001E-3,,,,,37.85999797E-6,-12.0000001E-3,,,,,37.85999797E-6,-1.000000,,,,,37.85999797E-6,1.000000,,,,,37.85999797E-6,-2.0000000,
,,,37.87999958E-6,4.00000019E-3,,,,,37.87999958E-6,-16.0000008E-3,,,,,37.87999958E-6,-1.000000,,,,,37.87999958E-6,1.000000,,,,,37.87999958E-6,-2.0000000,
,,,37.90000119E-6,4.00000019E-3,,,,,37.90000119E-6,-16.0000008E-3,,,,,37.90000119E-6,-800.000011921E-3,,,,,37.90000119E-6,800.000011921E-3,,,,,37.90000119E-6,-1.6000000,
,,,37.91999916E-6,4.00000019E-3,,,,,37.91999916E-6,-16.0000008E-3,,,,,37.91999916E-6,-800.000011921E-3,,,,,37.91999916E-6,1.000000,,,,,37.91999916E-6,-2.0000000,
,,,37.94000077E-6,6.00000005E-3,,,,,37.94000077E-6,-16.0000008E-3,,,,,37.94000077E-6,-800.000011921E-3,,,,,37.94000077E-6,1.000000,,,,,37.94000077E-6,-2.0000000,
,,,37.95999874E-6,6.00000005E-3,,,,,37.95999874E-6,-16.0000008E-3,,,,,37.95999874E-6,-800.000011921E-3,,,,,37.95999874E-6,800.000011921E-3,,,,,37.95999874E-6,-1.6000000,
,,,37.98000034E-6,6.00000005E-3,,,,,37.98000034E-6,-16.0000008E-3,,,,,37.98000034E-6,-800.000011921E-3,,,,,37.98000034E-6,1.000000,,,,,37.98000034E-6,-2.0000000,
,,,37.99999831E-6,6.00000005E-3,,,,,37.99999831E-6,-12.0000001E-3,,,,,37.99999831E-6,-800.000011921E-3,,,,,37.99999831E-6,800.000011921E-3,,,,,37.99999831E-6,-1.6000000,
,,,38.01999992E-6,6.00000005E-3,,,,,38.01999992E-6,-16.0000008E-3,,,,,38.01999992E-6,-600.000023842E-3,,,,,38.01999992E-6,1.000000,,,,,38.01999992E-6,-1.6000000,
,,,38.04000153E-6,8.000000380E-3,,,,,38.04000153E-6,-16.0000008E-3,,,,,38.04000153E-6,-600.000023842E-3,,,,,38.04000153E-6,1.000000,,,,,38.04000153E-6,-1.6000000,
,,,38.05999950E-6,6.00000005E-3,,,,,38.05999950E-6,-16.0000008E-3,,,,,38.05999950E-6,-800.000011921E-3,,,,,38.05999950E-6,800.000011921E-3,,,,,38.05999950E-6,-1.6000000,
,,,38.08000110E-6,6.00000005E-3,,,,,38.08000110E-6,-20.0000014E-3,,,,,38.08000110E-6,-400.00000596E-3,,,,,38.08000110E-6,800.000011921E-3,,,,,38.08000110E-6,-1.2000000,
,,,38.09999907E-6,6.00000005E-3,,,,,38.09999907E-6,-20.0000014E-3,,,,,38.09999907E-6,-600.000023842E-3,,,,,38.09999907E-6,800.000011921E-3,,,,,38.09999907E-6,-1.6000000,
,,,38.12000068E-6,8.000000380E-3,,,,,38.12000068E-6,-20.0000014E-3,,,,,38.12000068E-6,-600.000023842E-3,,,,,38.12000068E-6,800.000011921E-3,,,,,38.12000068E-6,-1.6000000,
,,,38.13999865E-6,8.000000380E-3,,,,,38.13999865E-6,-20.0000014E-3,,,,,38.13999865E-6,-600.000023842E-3,,,,,38.13999865E-6,600.000023842E-3,,,,,38.13999865E-6,-1.2000000,
,,,38.16000026E-6,8.000000380E-3,,,,,38.16000026E-6,-20.0000014E-3,,,,,38.16000026E-6,-400.00000596E-3,,,,,38.16000026E-6,800.000011921E-3,,,,,38.16000026E-6,-1.2000000,
,,,38.17999823E-6,6.00000005E-3,,,,,38.17999823E-6,-24.00000021E-3,,,,,38.17999823E-6,-400.00000596E-3,,,,,38.17999823E-6,600.000023842E-3,,,,,38.17999823E-6,-1.2000000,
,,,38.19999984E-6,8.000000380E-3,,,,,38.19999984E-6,-16.0000008E-3,,,,,38.19999984E-6,-400.00000596E-3,,,,,38.19999984E-6,600.000023842E-3,,,,,38.19999984E-6,-1.2000000,
,,,38.22000144E-6,6.00000005E-3,,,,,38.22000144E-6,-20.0000014E-3,,,,,38.22000144E-6,-400.00000596E-3,,,,,38.22000144E-6,600.000023842E-3,,,,,38.22000144E-6,-1.2000000,
,,,38.23999941E-6,8.000000380E-3,,,,,38.23999941E-6,-20.0000014E-3,,,,,38.23999941E-6,-400.00000596E-3,,,,,38.23999941E-6,400.00000596E-3,,,,,38.23999941E-6,-800.000011921E-3,
,,,38.26000102E-6,8.000000380E-3,,,,,38.26000102E-6,-24.00000021E-3,,,,,38.26000102E-6,-600.000023842E-3,,,,,38.26000102E-6,400.00000596E-3,,,,,38.26000102E-6,-1.2000000,
,,,38.27999899E-6,8.000000380E-3,,,,,38.27999899E-6,-24.00000021E-3,,,,,38.27999899E-6,-400.00000596E-3,,,,,38.27999899E-6,600.000023842E-3,,,,,38.27999899E-6,-1.2000000,
,,,38.30000060E-6,8.000000380E-3,,,,,38.30000060E-6,-24.00000021E-3,,,,,38.30000060E-6,-200.00000298E-3,,,,,38.30000060E-6,600.000023842E-3,,,,,38.30000060E-6,-800.000011921E-3,
,,,38.31999857E-6,8.000000380E-3,,,,,38.31999857E-6,-20.0000014E-3,,,,,38.31999857E-6,-400.00000596E-3,,,,,38.31999857E-6,400.00000596E-3,,,,,38.31999857E-6,-800.000011921E-3,
,,,38.34000017E-6,8.000000380E-3,,,,,38.34000017E-6,-20.0000014E-3,,,,,38.34000017E-6,-200.00000298E-3,,,,,38.34000017E-6,200.00000298E-3,,,,,38.34000017E-6,-400.00000596E-3,
,,,38.35999814E-6,8.000000380E-3,,,,,38.35999814E-6,-24.00000021E-3,,,,,38.35999814E-6,-200.00000298E-3,,,,,38.35999814E-6,400.00000596E-3,,,,,38.35999814E-6,-800.000011921E-3,
,,,38.37999975E-6,6.00000005E-3,,,,,38.37999975E-6,-24.00000021E-3,,,,,38.37999975E-6,0.0,,,,,38.37999975E-6,400.00000596E-3,,,,,38.37999975E-6,-400.00000596E-3,
,,,38.40000136E-6,10.0000007E-3,,,,,38.40000136E-6,-20.0000014E-3,,,,,38.40000136E-6,-200.00000298E-3,,,,,38.40000136E-6,200.00000298E-3,,,,,38.40000136E-6,-400.00000596E-3,
,,,38.41999933E-6,10.0000007E-3,,,,,38.41999933E-6,-24.00000021E-3,,,,,38.41999933E-6,-200.00000298E-3,,,,,38.41999933E-6,400.00000596E-3,,,,,38.41999933E-6,-800.000011921E-3,
,,,38.44000094E-6,10.0000007E-3,,,,,38.44000094E-6,-24.00000021E-3,,,,,38.44000094E-6,0.0,,,,,38.44000094E-6,200.00000298E-3,,,,,38.44000094E-6,-400.00000596E-3,
,,,38.45999890E-6,10.0000007E-3,,,,,38.45999890E-6,-20.0000014E-3,,,,,38.45999890E-6,-200.00000298E-3,,,,,38.45999890E-6,0.0,,,,,38.45999890E-6,-400.00000596E-3,
,,,38.48000051E-6,8.000000380E-3,,,,,38.48000051E-6,-20.0000014E-3,,,,,38.48000051E-6,0.0,,,,,38.48000051E-6,200.00000298E-3,,,,,38.48000051E-6,-400.00000596E-3,
,,,38.49999848E-6,10.0000007E-3,,,,,38.49999848E-6,-28.00000086E-3,,,,,38.49999848E-6,0.0,,,,,38.49999848E-6,200.00000298E-3,,,,,38.49999848E-6,-400.00000596E-3,
,,,38.52000009E-6,10.0000007E-3,,,,,38.52000009E-6,-32.00000152E-3,,,,,38.52000009E-6,-200.00000298E-3,,,,,38.52000009E-6,200.00000298E-3,,,,,38.52000009E-6,-400.00000596E-3,
,,,38.53999806E-6,10.0000007E-3,,,,,38.53999806E-6,-28.00000086E-3,,,,,38.53999806E-6,-200.00000298E-3,,,,,38.53999806E-6,400.00000596E-3,,,,,38.53999806E-6,-800.000011921E-3,
,,,38.55999967E-6,6.00000005E-3,,,,,38.55999967E-6,-32.00000152E-3,,,,,38.55999967E-6,0.0,,,,,38.55999967E-6,0.0,,,,,38.55999967E-6,0.0,
,,,38.58000127E-6,8.000000380E-3,,,,,38.58000127E-6,-28.00000086E-3,,,,,38.58000127E-6,0.0,,,,,38.58000127E-6,-200.00000298E-3,,,,,38.58000127E-6,0.0,
,,,38.59999924E-6,12.0000001E-3,,,,,38.59999924E-6,-28.00000086E-3,,,,,38.59999924E-6,200.00000298E-3,,,,,38.59999924E-6,200.00000298E-3,,,,,38.59999924E-6,0.0,
,,,38.62000085E-6,12.0000001E-3,,,,,38.62000085E-6,-28.00000086E-3,,,,,38.62000085E-6,200.00000298E-3,,,,,38.62000085E-6,200.00000298E-3,,,,,38.62000085E-6,0.0,
,,,38.63999882E-6,12.0000001E-3,,,,,38.63999882E-6,-28.00000086E-3,,,,,38.63999882E-6,200.00000298E-3,,,,,38.63999882E-6,0.0,,,,,38.63999882E-6,0.0,
,,,38.66000043E-6,12.0000001E-3,,,,,38.66000043E-6,-32.00000152E-3,,,,,38.66000043E-6,200.00000298E-3,,,,,38.66000043E-6,0.0,,,,,38.66000043E-6,0.0,
,,,38.67999840E-6,12.0000001E-3,,,,,38.67999840E-6,-32.00000152E-3,,,,,38.67999840E-6,200.00000298E-3,,,,,38.67999840E-6,0.0,,,,,38.67999840E-6,0.0,
,,,38.70000000E-6,10.0000007E-3,,,,,38.70000000E-6,-28.00000086E-3,,,,,38.70000000E-6,0.0,,,,,38.70000000E-6,0.0,,,,,38.70000000E-6,0.0,
,,,38.71999797E-6,10.0000007E-3,,,,,38.71999797E-6,-32.00000152E-3,,,,,38.71999797E-6,0.0,,,,,38.71999797E-6,0.0,,,,,38.71999797E-6,0.0,
,,,38.73999958E-6,12.0000001E-3,,,,,38.73999958E-6,-28.00000086E-3,,,,,38.73999958E-6,200.00000298E-3,,,,,38.73999958E-6,0.0,,,,,38.73999958E-6,0.0,
,,,38.76000119E-6,12.0000001E-3,,,,,38.76000119E-6,-32.00000152E-3,,,,,38.76000119E-6,400.00000596E-3,,,,,38.76000119E-6,-200.00000298E-3,,,,,38.76000119E-6,400.00000596E-3,
,,,38.77999916E-6,14.0000004E-3,,,,,38.77999916E-6,-28.00000086E-3,,,,,38.77999916E-6,400.00000596E-3,,,,,38.77999916E-6,-200.00000298E-3,,,,,38.77999916E-6,400.00000596E-3,
,,,38.80000077E-6,10.0000007E-3,,,,,38.80000077E-6,-32.00000152E-3,,,,,38.80000077E-6,400.00000596E-3,,,,,38.80000077E-6,-200.00000298E-3,,,,,38.80000077E-6,400.00000596E-3,
,,,38.81999874E-6,12.0000001E-3,,,,,38.81999874E-6,-32.00000152E-3,,,,,38.81999874E-6,400.00000596E-3,,,,,38.81999874E-6,-200.00000298E-3,,,,,38.81999874E-6,400.00000596E-3,
,,,38.84000034E-6,12.0000001E-3,,,,,38.84000034E-6,-32.00000152E-3,,,,,38.84000034E-6,400.00000596E-3,,,,,38.84000034E-6,-400.00000596E-3,,,,,38.84000034E-6,800.000011921E-3,
,,,38.85999831E-6,10.0000007E-3,,,,,38.85999831E-6,-36.00000218E-3,,,,,38.85999831E-6,400.00000596E-3,,,,,38.85999831E-6,-200.00000298E-3,,,,,38.85999831E-6,400.00000596E-3,
,,,38.87999992E-6,10.0000007E-3,,,,,38.87999992E-6,-32.00000152E-3,,,,,38.87999992E-6,800.000011921E-3,,,,,38.87999992E-6,-200.00000298E-3,,,,,38.87999992E-6,800.000011921E-3,
,,,38.90000153E-6,10.0000007E-3,,,,,38.90000153E-6,-32.00000152E-3,,,,,38.90000153E-6,600.000023842E-3,,,,,38.90000153E-6,-200.00000298E-3,,,,,38.90000153E-6,800.000011921E-3,
,,,38.91999950E-6,14.0000004E-3,,,,,38.91999950E-6,-32.00000152E-3,,,,,38.91999950E-6,600.000023842E-3,,,,,38.91999950E-6,-400.00000596E-3,,,,,38.91999950E-6,800.000011921E-3,
,,,38.94000110E-6,10.0000007E-3,,,,,38.94000110E-6,-36.00000218E-3,,,,,38.94000110E-6,800.000011921E-3,,,,,38.94000110E-6,-400.00000596E-3,,,,,38.94000110E-6,1.2000000,
,,,38.95999907E-6,14.0000004E-3,,,,,38.95999907E-6,-36.00000218E-3,,,,,38.95999907E-6,600.000023842E-3,,,,,38.95999907E-6,-600.000023842E-3,,,,,38.95999907E-6,1.2000000,
,,,38.98000068E-6,12.0000001E-3,,,,,38.98000068E-6,-36.00000218E-3,,,,,38.98000068E-6,600.000023842E-3,,,,,38.98000068E-6,-400.00000596E-3,,,,,38.98000068E-6,800.000011921E-3,
,,,38.99999865E-6,12.0000001E-3,,,,,38.99999865E-6,-36.00000218E-3,,,,,38.99999865E-6,600.000023842E-3,,,,,38.99999865E-6,-600.000023842E-3,,,,,38.99999865E-6,1.2000000,
,,,39.02000026E-6,14.0000004E-3,,,,,39.02000026E-6,-32.00000152E-3,,,,,39.02000026E-6,600.000023842E-3,,,,,39.02000026E-6,-400.00000596E-3,,,,,39.02000026E-6,800.000011921E-3,
,,,39.03999823E-6,14.0000004E-3,,,,,39.03999823E-6,-32.00000152E-3,,,,,39.03999823E-6,800.000011921E-3,,,,,39.03999823E-6,-400.00000596E-3,,,,,39.03999823E-6,1.2000000,
,,,39.05999984E-6,12.0000001E-3,,,,,39.05999984E-6,-36.00000218E-3,,,,,39.05999984E-6,800.000011921E-3,,,,,39.05999984E-6,-400.00000596E-3,,,,,39.05999984E-6,1.2000000,
,,,39.08000144E-6,16.0000008E-3,,,,,39.08000144E-6,-32.00000152E-3,,,,,39.08000144E-6,800.000011921E-3,,,,,39.08000144E-6,-800.000011921E-3,,,,,39.08000144E-6,1.6000000,
,,,39.09999941E-6,16.0000008E-3,,,,,39.09999941E-6,-36.00000218E-3,,,,,39.09999941E-6,800.000011921E-3,,,,,39.09999941E-6,-400.00000596E-3,,,,,39.09999941E-6,1.2000000,
,,,39.12000102E-6,12.0000001E-3,,,,,39.12000102E-6,-36.00000218E-3,,,,,39.12000102E-6,600.000023842E-3,,,,,39.12000102E-6,-600.000023842E-3,,,,,39.12000102E-6,1.2000000,
,,,39.13999899E-6,14.0000004E-3,,,,,39.13999899E-6,-36.00000218E-3,,,,,39.13999899E-6,1.000000,,,,,39.13999899E-6,-800.000011921E-3,,,,,39.13999899E-6,1.6000000,
,,,39.16000060E-6,14.0000004E-3,,,,,39.16000060E-6,-32.00000152E-3,,,,,39.16000060E-6,800.000011921E-3,,,,,39.16000060E-6,-600.000023842E-3,,,,,39.16000060E-6,1.2000000,
,,,39.17999857E-6,14.0000004E-3,,,,,39.17999857E-6,-32.00000152E-3,,,,,39.17999857E-6,1.000000,,,,,39.17999857E-6,-800.000011921E-3,,,,,39.17999857E-6,1.6000000,
,,,39.20000017E-6,14.0000004E-3,,,,,39.20000017E-6,-32.00000152E-3,,,,,39.20000017E-6,1.000000,,,,,39.20000017E-6,-800.000011921E-3,,,,,39.20000017E-6,1.6000000,
,,,39.21999814E-6,14.0000004E-3,,,,,39.21999814E-6,-32.00000152E-3,,,,,39.21999814E-6,800.000011921E-3,,,,,39.21999814E-6,-800.000011921E-3,,,,,39.21999814E-6,1.6000000,
,,,39.23999975E-6,14.0000004E-3,,,,,39.23999975E-6,-36.00000218E-3,,,,,39.23999975E-6,1.000000,,,,,39.23999975E-6,-600.000023842E-3,,,,,39.23999975E-6,1.6000000,
,,,39.26000136E-6,16.0000008E-3,,,,,39.26000136E-6,-32.00000152E-3,,,,,39.26000136E-6,1.000000,,,,,39.26000136E-6,-800.000011921E-3,,,,,39.26000136E-6,1.6000000,
,,,39.27999933E-6,14.0000004E-3,,,,,39.27999933E-6,-36.00000218E-3,,,,,39.27999933E-6,1.000000,,,,,39.27999933E-6,-800.000011921E-3,,,,,39.27999933E-6,1.6000000,
,,,39.30000094E-6,16.0000008E-3,,,,,39.30000094E-6,-36.00000218E-3,,,,,39.30000094E-6,1.000000,,,,,39.30000094E-6,-1.000000,,,,,39.30000094E-6,2.0000000,
,,,39.31999890E-6,14.0000004E-3,,,,,39.31999890E-6,-32.00000152E-3,,,,,39.31999890E-6,1.2000000,,,,,39.31999890E-6,-600.000023842E-3,,,,,39.31999890E-6,1.6000000,
,,,39.34000051E-6,10.0000007E-3,,,,,39.34000051E-6,-36.00000218E-3,,,,,39.34000051E-6,1.000000,,,,,39.34000051E-6,-800.000011921E-3,,,,,39.34000051E-6,1.6000000,
,,,39.35999848E-6,14.0000004E-3,,,,,39.35999848E-6,-40.00000283E-3,,,,,39.35999848E-6,1.2000000,,,,,39.35999848E-6,-800.000011921E-3,,,,,39.35999848E-6,2.0000000,
,,,39.38000009E-6,14.0000004E-3,,,,,39.38000009E-6,-36.00000218E-3,,,,,39.38000009E-6,1.000000,,,,,39.38000009E-6,-800.000011921E-3,,,,,39.38000009E-6,1.6000000,
,,,39.39999806E-6,14.0000004E-3,,,,,39.39999806E-6,-36.00000218E-3,,,,,39.39999806E-6,1.2000000,,,,,39.39999806E-6,-1.000000,,,,,39.39999806E-6,2.0000000,
,,,39.41999967E-6,14.0000004E-3,,,,,39.41999967E-6,-40.00000283E-3,,,,,39.41999967E-6,1.2000000,,,,,39.41999967E-6,-800.000011921E-3,,,,,39.41999967E-6,2.0000000,
,,,39.44000127E-6,14.0000004E-3,,,,,39.44000127E-6,-36.00000218E-3,,,,,39.44000127E-6,1.2000000,,,,,39.44000127E-6,-800.000011921E-3,,,,,39.44000127E-6,2.0000000,
,,,39.45999924E-6,12.0000001E-3,,,,,39.45999924E-6,-36.00000218E-3,,,,,39.45999924E-6,1.000000,,,,,39.45999924E-6,-1.000000,,,,,39.45999924E-6,2.0000000,
,,,39.48000085E-6,16.0000008E-3,,,,,39.48000085E-6,-36.00000218E-3,,,,,39.48000085E-6,1.000000,,,,,39.48000085E-6,-1.000000,,,,,39.48000085E-6,2.0000000,
,,,39.49999882E-6,14.0000004E-3,,,,,39.49999882E-6,-36.00000218E-3,,,,,39.49999882E-6,1.2000000,,,,,39.49999882E-6,-1.000000,,,,,39.49999882E-6,2.0000000,
,,,39.52000043E-6,12.0000001E-3,,,,,39.52000043E-6,-40.00000283E-3,,,,,39.52000043E-6,1.6000000,,,,,39.52000043E-6,-1.2000000,,,,,39.52000043E-6,2.79999995,
,,,39.53999840E-6,16.0000008E-3,,,,,39.53999840E-6,-36.00000218E-3,,,,,39.53999840E-6,1.2000000,,,,,39.53999840E-6,-1.4000000,,,,,39.53999840E-6,2.4000001,
,,,39.56000000E-6,14.0000004E-3,,,,,39.56000000E-6,-36.00000218E-3,,,,,39.56000000E-6,1.4000000,,,,,39.56000000E-6,-1.000000,,,,,39.56000000E-6,2.4000001,
,,,39.57999797E-6,14.0000004E-3,,,,,39.57999797E-6,-36.00000218E-3,,,,,39.57999797E-6,1.4000000,,,,,39.57999797E-6,-1.000000,,,,,39.57999797E-6,2.4000001,
,,,39.59999958E-6,14.0000004E-3,,,,,39.59999958E-6,-40.00000283E-3,,,,,39.59999958E-6,1.2000000,,,,,39.59999958E-6,-1.2000000,,,,,39.59999958E-6,2.4000001,
,,,39.62000119E-6,14.0000004E-3,,,,,39.62000119E-6,-40.00000283E-3,,,,,39.62000119E-6,1.6000000,,,,,39.62000119E-6,-1.000000,,,,,39.62000119E-6,2.4000001,
,,,39.63999916E-6,14.0000004E-3,,,,,39.63999916E-6,-32.00000152E-3,,,,,39.63999916E-6,1.4000000,,,,,39.63999916E-6,-1.2000000,,,,,39.63999916E-6,2.4000001,
,,,39.66000077E-6,16.0000008E-3,,,,,39.66000077E-6,-36.00000218E-3,,,,,39.66000077E-6,1.4000000,,,,,39.66000077E-6,-1.2000000,,,,,39.66000077E-6,2.4000001,
,,,39.67999874E-6,14.0000004E-3,,,,,39.67999874E-6,-40.00000283E-3,,,,,39.67999874E-6,1.4000000,,,,,39.67999874E-6,-1.000000,,,,,39.67999874E-6,2.4000001,
,,,39.70000034E-6,12.0000001E-3,,,,,39.70000034E-6,-44.00000349E-3,,,,,39.70000034E-6,1.6000000,,,,,39.70000034E-6,-1.000000,,,,,39.70000034E-6,2.4000001,
,,,39.71999831E-6,14.0000004E-3,,,,,39.71999831E-6,-36.00000218E-3,,,,,39.71999831E-6,1.4000000,,,,,39.71999831E-6,-1.2000000,,,,,39.71999831E-6,2.4000001,
,,,39.73999992E-6,16.0000008E-3,,,,,39.73999992E-6,-36.00000218E-3,,,,,39.73999992E-6,1.2000000,,,,,39.73999992E-6,-1.2000000,,,,,39.73999992E-6,2.4000001,
,,,39.76000153E-6,14.0000004E-3,,,,,39.76000153E-6,-36.00000218E-3,,,,,39.76000153E-6,1.4000000,,,,,39.76000153E-6,-1.4000000,,,,,39.76000153E-6,2.79999995,
,,,39.77999950E-6,14.0000004E-3,,,,,39.77999950E-6,-36.00000218E-3,,,,,39.77999950E-6,1.4000000,,,,,39.77999950E-6,-1.4000000,,,,,39.77999950E-6,2.79999995,
,,,39.80000110E-6,14.0000004E-3,,,,,39.80000110E-6,-40.00000283E-3,,,,,39.80000110E-6,1.6000000,,,,,39.80000110E-6,-1.2000000,,,,,39.80000110E-6,2.79999995,
,,,39.81999907E-6,12.0000001E-3,,,,,39.81999907E-6,-32.00000152E-3,,,,,39.81999907E-6,1.2000000,,,,,39.81999907E-6,-1.4000000,,,,,39.81999907E-6,2.4000001,
,,,39.84000068E-6,14.0000004E-3,,,,,39.84000068E-6,-36.00000218E-3,,,,,39.84000068E-6,1.6000000,,,,,39.84000068E-6,-1.4000000,,,,,39.84000068E-6,2.79999995,
,,,39.85999865E-6,14.0000004E-3,,,,,39.85999865E-6,-36.00000218E-3,,,,,39.85999865E-6,1.6000000,,,,,39.85999865E-6,-1.2000000,,,,,39.85999865E-6,2.79999995,
,,,39.88000026E-6,16.0000008E-3,,,,,39.88000026E-6,-40.00000283E-3,,,,,39.88000026E-6,1.8000001,,,,,39.88000026E-6,-1.2000000,,,,,39.88000026E-6,2.79999995,
,,,39.89999823E-6,12.0000001E-3,,,,,39.89999823E-6,-40.00000283E-3,,,,,39.89999823E-6,1.6000000,,,,,39.89999823E-6,-1.4000000,,,,,39.89999823E-6,2.79999995,
,,,39.91999984E-6,12.0000001E-3,,,,,39.91999984E-6,-36.00000218E-3,,,,,39.91999984E-6,1.6000000,,,,,39.91999984E-6,-1.4000000,,,,,39.91999984E-6,2.79999995,
,,,39.94000144E-6,16.0000008E-3,,,,,39.94000144E-6,-40.00000283E-3,,,,,39.94000144E-6,1.4000000,,,,,39.94000144E-6,-1.6000000,,,,,39.94000144E-6,2.79999995,
,,,39.95999941E-6,14.0000004E-3,,,,,39.95999941E-6,-36.00000218E-3,,,,,39.95999941E-6,1.6000000,,,,,39.95999941E-6,-1.6000000,,,,,39.95999941E-6,3.20000005,
,,,39.98000102E-6,14.0000004E-3,,,,,39.98000102E-6,-32.00000152E-3,,,,,39.98000102E-6,1.8000001,,,,,39.98000102E-6,-1.4000000,,,,,39.98000102E-6,3.20000005,
,,,39.99999899E-6,10.0000007E-3,,,,,39.99999899E-6,-36.00000218E-3,,,,,39.99999899E-6,1.4000000,,,,,39.99999899E-6,-1.4000000,,,,,39.99999899E-6,2.79999995,
,,,40.02000060E-6,14.0000004E-3,,,,,40.02000060E-6,-32.00000152E-3,,,,,40.02000060E-6,1.6000000,,,,,40.02000060E-6,-1.6000000,,,,,40.02000060E-6,3.20000005,
,,,40.03999857E-6,14.0000004E-3,,,,,40.03999857E-6,-36.00000218E-3,,,,,40.03999857E-6,1.6000000,,,,,40.03999857E-6,-1.4000000,,,,,40.03999857E-6,2.79999995,
,,,40.06000017E-6,14.0000004E-3,,,,,40.06000017E-6,-32.00000152E-3,,,,,40.06000017E-6,1.6000000,,,,,40.06000017E-6,-1.4000000,,,,,40.06000017E-6,2.79999995,
,,,40.07999814E-6,14.0000004E-3,,,,,40.07999814E-6,-36.00000218E-3,,,,,40.07999814E-6,1.8000001,,,,,40.07999814E-6,-1.8000001,,,,,40.07999814E-6,3.60000014,
,,,40.09999975E-6,14.0000004E-3,,,,,40.09999975E-6,-32.00000152E-3,,,,,40.09999975E-6,1.6000000,,,,,40.09999975E-6,-1.4000000,,,,,40.09999975E-6,2.79999995,
,,,40.12000136E-6,12.0000001E-3,,,,,40.12000136E-6,-36.00000218E-3,,,,,40.12000136E-6,1.8000001,,,,,40.12000136E-6,-1.8000001,,,,,40.12000136E-6,3.60000014,
,,,40.13999933E-6,14.0000004E-3,,,,,40.13999933E-6,-36.00000218E-3,,,,,40.13999933E-6,1.6000000,,,,,40.13999933E-6,-1.4000000,,,,,40.13999933E-6,2.79999995,
,,,40.16000094E-6,12.0000001E-3,,,,,40.16000094E-6,-36.00000218E-3,,,,,40.16000094E-6,1.8000001,,,,,40.16000094E-6,-1.6000000,,,,,40.16000094E-6,3.20000005,
,,,40.17999890E-6,12.0000001E-3,,,,,40.17999890E-6,-32.00000152E-3,,,,,40.17999890E-6,1.8000001,,,,,40.17999890E-6,-1.6000000,,,,,40.17999890E-6,3.20000005,
,,,40.20000051E-6,14.0000004E-3,,,,,40.20000051E-6,-32.00000152E-3,,,,,40.20000051E-6,1.6000000,,,,,40.20000051E-6,-1.6000000,,,,,40.20000051E-6,3.20000005,
,,,40.21999848E-6,16.0000008E-3,,,,,40.21999848E-6,-36.00000218E-3,,,,,40.21999848E-6,2.0000000,,,,,40.21999848E-6,-1.4000000,,,,,40.21999848E-6,3.20000005,
,,,40.24000009E-6,12.0000001E-3,,,,,40.24000009E-6,-32.00000152E-3,,,,,40.24000009E-6,1.6000000,,,,,40.24000009E-6,-1.6000000,,,,,40.24000009E-6,3.20000005,
,,,40.25999806E-6,10.0000007E-3,,,,,40.25999806E-6,-28.00000086E-3,,,,,40.25999806E-6,1.8000001,,,,,40.25999806E-6,-1.6000000,,,,,40.25999806E-6,3.20000005,
,,,40.27999967E-6,12.0000001E-3,,,,,40.27999967E-6,-32.00000152E-3,,,,,40.27999967E-6,1.8000001,,,,,40.27999967E-6,-1.4000000,,,,,40.27999967E-6,3.20000005,
,,,40.30000127E-6,12.0000001E-3,,,,,40.30000127E-6,-28.00000086E-3,,,,,40.30000127E-6,1.8000001,,,,,40.30000127E-6,-1.6000000,,,,,40.30000127E-6,3.20000005,
,,,40.31999924E-6,12.0000001E-3,,,,,40.31999924E-6,-32.00000152E-3,,,,,40.31999924E-6,1.8000001,,,,,40.31999924E-6,-1.6000000,,,,,40.31999924E-6,3.20000005,
,,,40.34000085E-6,14.0000004E-3,,,,,40.34000085E-6,-28.00000086E-3,,,,,40.34000085E-6,1.6000000,,,,,40.34000085E-6,-1.6000000,,,,,40.34000085E-6,3.20000005,
,,,40.35999882E-6,12.0000001E-3,,,,,40.35999882E-6,-28.00000086E-3,,,,,40.35999882E-6,1.8000001,,,,,40.35999882E-6,-1.6000000,,,,,40.35999882E-6,3.20000005,
,,,40.38000043E-6,14.0000004E-3,,,,,40.38000043E-6,-36.00000218E-3,,,,,40.38000043E-6,1.6000000,,,,,40.38000043E-6,-1.6000000,,,,,40.38000043E-6,3.20000005,
,,,40.39999840E-6,12.0000001E-3,,,,,40.39999840E-6,-32.00000152E-3,,,,,40.39999840E-6,1.8000001,,,,,40.39999840E-6,-1.6000000,,,,,40.39999840E-6,3.20000005,
,,,40.42000000E-6,14.0000004E-3,,,,,40.42000000E-6,-32.00000152E-3,,,,,40.42000000E-6,1.8000001,,,,,40.42000000E-6,-1.6000000,,,,,40.42000000E-6,3.20000005,
,,,40.43999797E-6,12.0000001E-3,,,,,40.43999797E-6,-28.00000086E-3,,,,,40.43999797E-6,1.8000001,,,,,40.43999797E-6,-1.6000000,,,,,40.43999797E-6,3.20000005,
,,,40.45999958E-6,12.0000001E-3,,,,,40.45999958E-6,-28.00000086E-3,,,,,40.45999958E-6,1.8000001,,,,,40.45999958E-6,-1.6000000,,,,,40.45999958E-6,3.20000005,
,,,40.48000119E-6,12.0000001E-3,,,,,40.48000119E-6,-28.00000086E-3,,,,,40.48000119E-6,1.6000000,,,,,40.48000119E-6,-1.6000000,,,,,40.48000119E-6,3.20000005,
,,,40.49999916E-6,12.0000001E-3,,,,,40.49999916E-6,-28.00000086E-3,,,,,40.49999916E-6,1.8000001,,,,,40.49999916E-6,-1.6000000,,,,,40.49999916E-6,3.20000005,
,,,40.52000077E-6,12.0000001E-3,,,,,40.52000077E-6,-32.00000152E-3,,,,,40.52000077E-6,1.8000001,,,,,40.52000077E-6,-1.4000000,,,,,40.52000077E-6,3.20000005,
,,,40.53999874E-6,12.0000001E-3,,,,,40.53999874E-6,-32.00000152E-3,,,,,40.53999874E-6,1.8000001,,,,,40.53999874E-6,-1.8000001,,,,,40.53999874E-6,3.60000014,
,,,40.56000034E-6,12.0000001E-3,,,,,40.56000034E-6,-28.00000086E-3,,,,,40.56000034E-6,1.8000001,,,,,40.56000034E-6,-1.6000000,,,,,40.56000034E-6,3.20000005,
,,,40.57999831E-6,14.0000004E-3,,,,,40.57999831E-6,-28.00000086E-3,,,,,40.57999831E-6,1.8000001,,,,,40.57999831E-6,-1.6000000,,,,,40.57999831E-6,3.20000005,
,,,40.59999992E-6,12.0000001E-3,,,,,40.59999992E-6,-28.00000086E-3,,,,,40.59999992E-6,1.8000001,,,,,40.59999992E-6,-1.4000000,,,,,40.59999992E-6,3.20000005,
,,,40.62000153E-6,14.0000004E-3,,,,,40.62000153E-6,-28.00000086E-3,,,,,40.62000153E-6,1.8000001,,,,,40.62000153E-6,-1.8000001,,,,,40.62000153E-6,3.60000014,
,,,40.63999950E-6,12.0000001E-3,,,,,40.63999950E-6,-28.00000086E-3,,,,,40.63999950E-6,2.0000000,,,,,40.63999950E-6,-1.6000000,,,,,40.63999950E-6,3.60000014,
,,,40.66000110E-6,10.0000007E-3,,,,,40.66000110E-6,-32.00000152E-3,,,,,40.66000110E-6,1.8000001,,,,,40.66000110E-6,-1.8000001,,,,,40.66000110E-6,3.60000014,
,,,40.67999907E-6,10.0000007E-3,,,,,40.67999907E-6,-28.00000086E-3,,,,,40.67999907E-6,1.8000001,,,,,40.67999907E-6,-1.8000001,,,,,40.67999907E-6,3.60000014,
,,,40.70000068E-6,12.0000001E-3,,,,,40.70000068E-6,-24.00000021E-3,,,,,40.70000068E-6,1.8000001,,,,,40.70000068E-6,-1.6000000,,,,,40.70000068E-6,3.20000005,
,,,40.71999865E-6,12.0000001E-3,,,,,40.71999865E-6,-28.00000086E-3,,,,,40.71999865E-6,1.8000001,,,,,40.71999865E-6,-1.6000000,,,,,40.71999865E-6,3.20000005,
,,,40.74000026E-6,10.0000007E-3,,,,,40.74000026E-6,-24.00000021E-3,,,,,40.74000026E-6,2.0000000,,,,,40.74000026E-6,-2.0000000,,,,,40.74000026E-6,4.00000000,
,,,40.75999823E-6,12.0000001E-3,,,,,40.75999823E-6,-28.00000086E-3,,,,,40.75999823E-6,1.8000001,,,,,40.75999823E-6,-1.6000000,,,,,40.75999823E-6,3.20000005,
,,,40.77999984E-6,12.0000001E-3,,,,,40.77999984E-6,-24.00000021E-3,,,,,40.77999984E-6,1.8000001,,,,,40.77999984E-6,-1.6000000,,,,,40.77999984E-6,3.20000005,
,,,40.80000144E-6,12.0000001E-3,,,,,40.80000144E-6,-28.00000086E-3,,,,,40.80000144E-6,1.8000001,,,,,40.80000144E-6,-1.6000000,,,,,40.80000144E-6,3.20000005,
,,,40.81999941E-6,12.0000001E-3,,,,,40.81999941E-6,-24.00000021E-3,,,,,40.81999941E-6,2.0000000,,,,,40.81999941E-6,-1.6000000,,,,,40.81999941E-6,3.60000014,
,,,40.84000102E-6,10.0000007E-3,,,,,40.84000102E-6,-28.00000086E-3,,,,,40.84000102E-6,1.8000001,,,,,40.84000102E-6,-1.8000001,,,,,40.84000102E-6,3.60000014,
,,,40.85999899E-6,10.0000007E-3,,,,,40.85999899E-6,-24.00000021E-3,,,,,40.85999899E-6,2.0000000,,,,,40.85999899E-6,-1.8000001,,,,,40.85999899E-6,3.60000014,
,,,40.88000060E-6,10.0000007E-3,,,,,40.88000060E-6,-20.0000014E-3,,,,,40.88000060E-6,1.8000001,,,,,40.88000060E-6,-1.6000000,,,,,40.88000060E-6,3.20000005,
,,,40.89999857E-6,10.0000007E-3,,,,,40.89999857E-6,-28.00000086E-3,,,,,40.89999857E-6,1.8000001,,,,,40.89999857E-6,-1.8000001,,,,,40.89999857E-6,3.60000014,
,,,40.92000017E-6,10.0000007E-3,,,,,40.92000017E-6,-24.00000021E-3,,,,,40.92000017E-6,2.0000000,,,,,40.92000017E-6,-1.6000000,,,,,40.92000017E-6,3.60000014,
,,,40.93999814E-6,10.0000007E-3,,,,,40.93999814E-6,-24.00000021E-3,,,,,40.93999814E-6,2.0000000,,,,,40.93999814E-6,-1.6000000,,,,,40.93999814E-6,3.60000014,
,,,40.95999975E-6,10.0000007E-3,,,,,40.95999975E-6,-24.00000021E-3,,,,,40.95999975E-6,1.8000001,,,,,40.95999975E-6,-1.6000000,,,,,40.95999975E-6,3.20000005,
,,,40.98000136E-6,12.0000001E-3,,,,,40.98000136E-6,-24.00000021E-3,,,,,40.98000136E-6,1.8000001,,,,,40.98000136E-6,-1.6000000,,,,,40.98000136E-6,3.20000005,
,,,40.99999933E-6,10.0000007E-3,,,,,40.99999933E-6,-24.00000021E-3,,,,,40.99999933E-6,1.8000001,,,,,40.99999933E-6,-1.6000000,,,,,40.99999933E-6,3.20000005,
,,,41.02000094E-6,10.0000007E-3,,,,,41.02000094E-6,-24.00000021E-3,,,,,41.02000094E-6,1.8000001,,,,,41.02000094E-6,-1.8000001,,,,,41.02000094E-6,3.60000014,
,,,41.03999891E-6,10.0000007E-3,,,,,41.03999891E-6,-24.00000021E-3,,,,,41.03999891E-6,1.8000001,,,,,41.03999891E-6,-1.6000000,,,,,41.03999891E-6,3.20000005,
,,,41.06000051E-6,10.0000007E-3,,,,,41.06000051E-6,-20.0000014E-3,,,,,41.06000051E-6,1.8000001,,,,,41.06000051E-6,-1.8000001,,,,,41.06000051E-6,3.60000014,
,,,41.07999848E-6,12.0000001E-3,,,,,41.07999848E-6,-20.0000014E-3,,,,,41.07999848E-6,2.0000000,,,,,41.07999848E-6,-1.4000000,,,,,41.07999848E-6,3.20000005,
,,,41.10000009E-6,8.000000380E-3,,,,,41.10000009E-6,-24.00000021E-3,,,,,41.10000009E-6,1.8000001,,,,,41.10000009E-6,-1.8000001,,,,,41.10000009E-6,3.60000014,
,,,41.11999806E-6,10.0000007E-3,,,,,41.11999806E-6,-24.00000021E-3,,,,,41.11999806E-6,2.0000000,,,,,41.11999806E-6,-2.0000000,,,,,41.11999806E-6,4.00000000,
,,,41.13999967E-6,10.0000007E-3,,,,,41.13999967E-6,-20.0000014E-3,,,,,41.13999967E-6,2.0000000,,,,,41.13999967E-6,-1.4000000,,,,,41.13999967E-6,3.20000005,
,,,41.16000127E-6,8.000000380E-3,,,,,41.16000127E-6,-24.00000021E-3,,,,,41.16000127E-6,2.0000000,,,,,41.16000127E-6,-1.6000000,,,,,41.16000127E-6,3.60000014,
,,,41.17999924E-6,8.000000380E-3,,,,,41.17999924E-6,-20.0000014E-3,,,,,41.17999924E-6,1.8000001,,,,,41.17999924E-6,-1.6000000,,,,,41.17999924E-6,3.20000005,
,,,41.20000085E-6,8.000000380E-3,,,,,41.20000085E-6,-24.00000021E-3,,,,,41.20000085E-6,1.8000001,,,,,41.20000085E-6,-1.4000000,,,,,41.20000085E-6,3.20000005,
,,,41.21999882E-6,8.000000380E-3,,,,,41.21999882E-6,-24.00000021E-3,,,,,41.21999882E-6,1.8000001,,,,,41.21999882E-6,-1.8000001,,,,,41.21999882E-6,3.60000014,
,,,41.24000043E-6,8.000000380E-3,,,,,41.24000043E-6,-24.00000021E-3,,,,,41.24000043E-6,1.8000001,,,,,41.24000043E-6,-1.6000000,,,,,41.24000043E-6,3.20000005,
,,,41.25999840E-6,10.0000007E-3,,,,,41.25999840E-6,-20.0000014E-3,,,,,41.25999840E-6,1.8000001,,,,,41.25999840E-6,-1.6000000,,,,,41.25999840E-6,3.20000005,
,,,41.28000000E-6,8.000000380E-3,,,,,41.28000000E-6,-20.0000014E-3,,,,,41.28000000E-6,1.8000001,,,,,41.28000000E-6,-1.8000001,,,,,41.28000000E-6,3.60000014,
,,,41.29999797E-6,10.0000007E-3,,,,,41.29999797E-6,-20.0000014E-3,,,,,41.29999797E-6,1.8000001,,,,,41.29999797E-6,-1.6000000,,,,,41.29999797E-6,3.20000005,
,,,41.31999958E-6,8.000000380E-3,,,,,41.31999958E-6,-16.0000008E-3,,,,,41.31999958E-6,1.8000001,,,,,41.31999958E-6,-1.6000000,,,,,41.31999958E-6,3.20000005,
,,,41.34000119E-6,6.00000005E-3,,,,,41.34000119E-6,-20.0000014E-3,,,,,41.34000119E-6,1.6000000,,,,,41.34000119E-6,-1.6000000,,,,,41.34000119E-6,3.20000005,
,,,41.35999916E-6,10.0000007E-3,,,,,41.35999916E-6,-16.0000008E-3,,,,,41.35999916E-6,1.6000000,,,,,41.35999916E-6,-1.6000000,,,,,41.35999916E-6,3.20000005,
,,,41.38000077E-6,8.000000380E-3,,,,,41.38000077E-6,-16.0000008E-3,,,,,41.38000077E-6,1.8000001,,,,,41.38000077E-6,-1.6000000,,,,,41.38000077E-6,3.20000005,
,,,41.39999874E-6,8.000000380E-3,,,,,41.39999874E-6,-20.0000014E-3,,,,,41.39999874E-6,1.8000001,,,,,41.39999874E-6,-1.6000000,,,,,41.39999874E-6,3.20000005,
,,,41.42000034E-6,10.0000007E-3,,,,,41.42000034E-6,-16.0000008E-3,,,,,41.42000034E-6,1.6000000,,,,,41.42000034E-6,-1.8000001,,,,,41.42000034E-6,3.20000005,
,,,41.43999831E-6,8.000000380E-3,,,,,41.43999831E-6,-16.0000008E-3,,,,,41.43999831E-6,1.6000000,,,,,41.43999831E-6,-1.6000000,,,,,41.43999831E-6,3.20000005,
,,,41.45999992E-6,10.0000007E-3,,,,,41.45999992E-6,-16.0000008E-3,,,,,41.45999992E-6,1.8000001,,,,,41.45999992E-6,-1.6000000,,,,,41.45999992E-6,3.20000005,
,,,41.48000153E-6,8.000000380E-3,,,,,41.48000153E-6,-16.0000008E-3,,,,,41.48000153E-6,1.8000001,,,,,41.48000153E-6,-1.4000000,,,,,41.48000153E-6,3.20000005,
,,,41.49999950E-6,8.000000380E-3,,,,,41.49999950E-6,-16.0000008E-3,,,,,41.49999950E-6,1.6000000,,,,,41.49999950E-6,-1.6000000,,,,,41.49999950E-6,3.20000005,
,,,41.52000110E-6,8.000000380E-3,,,,,41.52000110E-6,-20.0000014E-3,,,,,41.52000110E-6,1.6000000,,,,,41.52000110E-6,-1.6000000,,,,,41.52000110E-6,3.20000005,
,,,41.53999907E-6,6.00000005E-3,,,,,41.53999907E-6,-12.0000001E-3,,,,,41.53999907E-6,1.8000001,,,,,41.53999907E-6,-1.4000000,,,,,41.53999907E-6,3.20000005,
,,,41.56000068E-6,6.00000005E-3,,,,,41.56000068E-6,-20.0000014E-3,,,,,41.56000068E-6,1.8000001,,,,,41.56000068E-6,-1.4000000,,,,,41.56000068E-6,3.20000005,
,,,41.57999865E-6,8.000000380E-3,,,,,41.57999865E-6,-16.0000008E-3,,,,,41.57999865E-6,1.8000001,,,,,41.57999865E-6,-1.6000000,,,,,41.57999865E-6,3.20000005,
,,,41.60000026E-6,6.00000005E-3,,,,,41.60000026E-6,-12.0000001E-3,,,,,41.60000026E-6,1.6000000,,,,,41.60000026E-6,-1.4000000,,,,,41.60000026E-6,2.79999995,
,,,41.61999823E-6,6.00000005E-3,,,,,41.61999823E-6,-16.0000008E-3,,,,,41.61999823E-6,1.6000000,,,,,41.61999823E-6,-1.6000000,,,,,41.61999823E-6,3.20000005,
,,,41.63999984E-6,6.00000005E-3,,,,,41.63999984E-6,-12.0000001E-3,,,,,41.63999984E-6,1.6000000,,,,,41.63999984E-6,-1.4000000,,,,,41.63999984E-6,2.79999995,
,,,41.66000144E-6,8.000000380E-3,,,,,41.66000144E-6,-12.0000001E-3,,,,,41.66000144E-6,1.6000000,,,,,41.66000144E-6,-1.6000000,,,,,41.66000144E-6,3.20000005,
,,,41.67999941E-6,6.00000005E-3,,,,,41.67999941E-6,-16.0000008E-3,,,,,41.67999941E-6,1.6000000,,,,,41.67999941E-6,-1.6000000,,,,,41.67999941E-6,3.20000005,
,,,41.70000102E-6,6.00000005E-3,,,,,41.70000102E-6,-12.0000001E-3,,,,,41.70000102E-6,1.6000000,,,,,41.70000102E-6,-1.6000000,,,,,41.70000102E-6,3.20000005,
,,,41.71999899E-6,4.00000019E-3,,,,,41.71999899E-6,-8.000000380E-3,,,,,41.71999899E-6,1.4000000,,,,,41.71999899E-6,-1.4000000,,,,,41.71999899E-6,2.79999995,
,,,41.74000060E-6,6.00000005E-3,,,,,41.74000060E-6,-8.000000380E-3,,,,,41.74000060E-6,1.4000000,,,,,41.74000060E-6,-1.4000000,,,,,41.74000060E-6,2.79999995,
,,,41.75999857E-6,8.000000380E-3,,,,,41.75999857E-6,-16.0000008E-3,,,,,41.75999857E-6,1.6000000,,,,,41.75999857E-6,-1.4000000,,,,,41.75999857E-6,2.79999995,
,,,41.78000017E-6,6.00000005E-3,,,,,41.78000017E-6,-12.0000001E-3,,,,,41.78000017E-6,1.4000000,,,,,41.78000017E-6,-1.4000000,,,,,41.78000017E-6,2.79999995,
,,,41.79999814E-6,6.00000005E-3,,,,,41.79999814E-6,-12.0000001E-3,,,,,41.79999814E-6,1.4000000,,,,,41.79999814E-6,-1.4000000,,,,,41.79999814E-6,2.79999995,
,,,41.81999975E-6,6.00000005E-3,,,,,41.81999975E-6,-4.00000019E-3,,,,,41.81999975E-6,1.6000000,,,,,41.81999975E-6,-1.6000000,,,,,41.81999975E-6,3.20000005,
,,,41.84000136E-6,8.000000380E-3,,,,,41.84000136E-6,-8.000000380E-3,,,,,41.84000136E-6,1.2000000,,,,,41.84000136E-6,-1.4000000,,,,,41.84000136E-6,2.4000001,
,,,41.85999933E-6,4.00000019E-3,,,,,41.85999933E-6,-12.0000001E-3,,,,,41.85999933E-6,1.4000000,,,,,41.85999933E-6,-1.4000000,,,,,41.85999933E-6,2.79999995,
,,,41.88000094E-6,4.00000019E-3,,,,,41.88000094E-6,-12.0000001E-3,,,,,41.88000094E-6,1.6000000,,,,,41.88000094E-6,-1.6000000,,,,,41.88000094E-6,3.20000005,
,,,41.89999891E-6,4.00000019E-3,,,,,41.89999891E-6,-8.000000380E-3,,,,,41.89999891E-6,1.6000000,,,,,41.89999891E-6,-1.4000000,,,,,41.89999891E-6,2.79999995,
,,,41.92000051E-6,4.00000019E-3,,,,,41.92000051E-6,-8.000000380E-3,,,,,41.92000051E-6,1.4000000,,,,,41.92000051E-6,-1.4000000,,,,,41.92000051E-6,2.79999995,
,,,41.93999848E-6,4.00000019E-3,,,,,41.93999848E-6,-8.000000380E-3,,,,,41.93999848E-6,1.4000000,,,,,41.93999848E-6,-1.4000000,,,,,41.93999848E-6,2.79999995,
,,,41.96000009E-6,2.0000001E-3,,,,,41.96000009E-6,-8.000000380E-3,,,,,41.96000009E-6,1.6000000,,,,,41.96000009E-6,-1.4000000,,,,,41.96000009E-6,2.79999995,
,,,41.97999806E-6,4.00000019E-3,,,,,41.97999806E-6,-12.0000001E-3,,,,,41.97999806E-6,1.2000000,,,,,41.97999806E-6,-1.4000000,,,,,41.97999806E-6,2.4000001,
,,,41.99999967E-6,6.00000005E-3,,,,,41.99999967E-6,-8.000000380E-3,,,,,41.99999967E-6,1.4000000,,,,,41.99999967E-6,-1.2000000,,,,,41.99999967E-6,2.4000001,
,,,42.02000127E-6,6.00000005E-3,,,,,42.02000127E-6,-4.00000019E-3,,,,,42.02000127E-6,1.4000000,,,,,42.02000127E-6,-1.2000000,,,,,42.02000127E-6,2.4000001,
,,,42.03999924E-6,4.00000019E-3,,,,,42.03999924E-6,-8.000000380E-3,,,,,42.03999924E-6,1.4000000,,,,,42.03999924E-6,-1.2000000,,,,,42.03999924E-6,2.4000001,
,,,42.06000085E-6,4.00000019E-3,,,,,42.06000085E-6,-8.000000380E-3,,,,,42.06000085E-6,1.4000000,,,,,42.06000085E-6,-1.4000000,,,,,42.06000085E-6,2.79999995,
,,,42.07999882E-6,4.00000019E-3,,,,,42.07999882E-6,-4.00000019E-3,,,,,42.07999882E-6,1.4000000,,,,,42.07999882E-6,-1.000000,,,,,42.07999882E-6,2.4000001,
,,,42.10000043E-6,6.00000005E-3,,,,,42.10000043E-6,-8.000000380E-3,,,,,42.10000043E-6,1.000000,,,,,42.10000043E-6,-1.4000000,,,,,42.10000043E-6,2.4000001,
,,,42.11999840E-6,4.00000019E-3,,,,,42.11999840E-6,-4.00000019E-3,,,,,42.11999840E-6,1.2000000,,,,,42.11999840E-6,-1.2000000,,,,,42.11999840E-6,2.4000001,
,,,42.14000001E-6,2.0000001E-3,,,,,42.14000001E-6,-8.000000380E-3,,,,,42.14000001E-6,1.4000000,,,,,42.14000001E-6,-1.2000000,,,,,42.14000001E-6,2.4000001,
,,,42.15999797E-6,4.00000019E-3,,,,,42.15999797E-6,-4.00000019E-3,,,,,42.15999797E-6,1.2000000,,,,,42.15999797E-6,-1.2000000,,,,,42.15999797E-6,2.4000001,
,,,42.17999958E-6,4.00000019E-3,,,,,42.17999958E-6,-4.00000019E-3,,,,,42.17999958E-6,1.2000000,,,,,42.17999958E-6,-1.4000000,,,,,42.17999958E-6,2.4000001,
,,,42.20000119E-6,6.00000005E-3,,,,,42.20000119E-6,-8.000000380E-3,,,,,42.20000119E-6,1.4000000,,,,,42.20000119E-6,-1.2000000,,,,,42.20000119E-6,2.4000001,
,,,42.21999916E-6,2.0000001E-3,,,,,42.21999916E-6,-4.00000019E-3,,,,,42.21999916E-6,1.4000000,,,,,42.21999916E-6,-1.2000000,,,,,42.21999916E-6,2.4000001,
,,,42.24000077E-6,4.00000019E-3,,,,,42.24000077E-6,-8.000000380E-3,,,,,42.24000077E-6,1.4000000,,,,,42.24000077E-6,-1.2000000,,,,,42.24000077E-6,2.4000001,
,,,42.25999874E-6,6.00000005E-3,,,,,42.25999874E-6,-4.00000019E-3,,,,,42.25999874E-6,1.2000000,,,,,42.25999874E-6,-1.000000,,,,,42.25999874E-6,2.0000000,
,,,42.28000034E-6,2.0000001E-3,,,,,42.28000034E-6,0.0,,,,,42.28000034E-6,1.000000,,,,,42.28000034E-6,-1.4000000,,,,,42.28000034E-6,2.4000001,
,,,42.29999831E-6,4.00000019E-3,,,,,42.29999831E-6,-4.00000019E-3,,,,,42.29999831E-6,1.2000000,,,,,42.29999831E-6,-1.000000,,,,,42.29999831E-6,2.0000000,
,,,42.31999992E-6,4.00000019E-3,,,,,42.31999992E-6,-4.00000019E-3,,,,,42.31999992E-6,1.000000,,,,,42.31999992E-6,-1.2000000,,,,,42.31999992E-6,2.0000000,
,,,42.34000153E-6,2.0000001E-3,,,,,42.34000153E-6,0.0,,,,,42.34000153E-6,1.2000000,,,,,42.34000153E-6,-1.2000000,,,,,42.34000153E-6,2.4000001,
,,,42.35999950E-6,2.0000001E-3,,,,,42.35999950E-6,-4.00000019E-3,,,,,42.35999950E-6,1.2000000,,,,,42.35999950E-6,-1.000000,,,,,42.35999950E-6,2.0000000,
,,,42.38000110E-6,6.00000005E-3,,,,,42.38000110E-6,0.0,,,,,42.38000110E-6,1.000000,,,,,42.38000110E-6,-1.2000000,,,,,42.38000110E-6,2.0000000,
,,,42.39999907E-6,2.0000001E-3,,,,,42.39999907E-6,0.0,,,,,42.39999907E-6,1.000000,,,,,42.39999907E-6,-1.000000,,,,,42.39999907E-6,2.0000000,
,,,42.42000068E-6,4.00000019E-3,,,,,42.42000068E-6,4.00000019E-3,,,,,42.42000068E-6,1.000000,,,,,42.42000068E-6,-1.2000000,,,,,42.42000068E-6,2.0000000,
,,,42.43999865E-6,4.00000019E-3,,,,,42.43999865E-6,4.00000019E-3,,,,,42.43999865E-6,1.000000,,,,,42.43999865E-6,-1.2000000,,,,,42.43999865E-6,2.0000000,
,,,42.46000026E-6,4.00000019E-3,,,,,42.46000026E-6,4.00000019E-3,,,,,42.46000026E-6,1.000000,,,,,42.46000026E-6,-1.000000,,,,,42.46000026E-6,2.0000000,
,,,42.47999823E-6,2.0000001E-3,,,,,42.47999823E-6,0.0,,,,,42.47999823E-6,1.000000,,,,,42.47999823E-6,-1.000000,,,,,42.47999823E-6,2.0000000,
,,,42.49999984E-6,2.0000001E-3,,,,,42.49999984E-6,4.00000019E-3,,,,,42.49999984E-6,1.000000,,,,,42.49999984E-6,-1.000000,,,,,42.49999984E-6,2.0000000,
,,,42.52000144E-6,2.0000001E-3,,,,,42.52000144E-6,4.00000019E-3,,,,,42.52000144E-6,800.000011921E-3,,,,,42.52000144E-6,-1.000000,,,,,42.52000144E-6,1.6000000,
,,,42.53999941E-6,0.0,,,,,42.53999941E-6,4.00000019E-3,,,,,42.53999941E-6,1.000000,,,,,42.53999941E-6,-1.000000,,,,,42.53999941E-6,2.0000000,
,,,42.56000102E-6,4.00000019E-3,,,,,42.56000102E-6,0.0,,,,,42.56000102E-6,1.000000,,,,,42.56000102E-6,-1.000000,,,,,42.56000102E-6,2.0000000,
,,,42.57999899E-6,0.0,,,,,42.57999899E-6,4.00000019E-3,,,,,42.57999899E-6,1.000000,,,,,42.57999899E-6,-800.000011921E-3,,,,,42.57999899E-6,1.6000000,
,,,42.60000060E-6,2.0000001E-3,,,,,42.60000060E-6,4.00000019E-3,,,,,42.60000060E-6,1.000000,,,,,42.60000060E-6,-800.000011921E-3,,,,,42.60000060E-6,1.6000000,
,,,42.61999857E-6,2.0000001E-3,,,,,42.61999857E-6,4.00000019E-3,,,,,42.61999857E-6,800.000011921E-3,,,,,42.61999857E-6,-1.000000,,,,,42.61999857E-6,1.6000000,
,,,42.64000017E-6,0.0,,,,,42.64000017E-6,4.00000019E-3,,,,,42.64000017E-6,1.000000,,,,,42.64000017E-6,-800.000011921E-3,,,,,42.64000017E-6,1.6000000,
,,,42.65999814E-6,2.0000001E-3,,,,,42.65999814E-6,8.000000380E-3,,,,,42.65999814E-6,800.000011921E-3,,,,,42.65999814E-6,-800.000011921E-3,,,,,42.65999814E-6,1.6000000,
,,,42.67999975E-6,0.0,,,,,42.67999975E-6,8.000000380E-3,,,,,42.67999975E-6,1.000000,,,,,42.67999975E-6,-1.000000,,,,,42.67999975E-6,2.0000000,
,,,42.70000136E-6,2.0000001E-3,,,,,42.70000136E-6,4.00000019E-3,,,,,42.70000136E-6,600.000023842E-3,,,,,42.70000136E-6,-800.000011921E-3,,,,,42.70000136E-6,1.2000000,
,,,42.71999933E-6,0.0,,,,,42.71999933E-6,8.000000380E-3,,,,,42.71999933E-6,600.000023842E-3,,,,,42.71999933E-6,-1.000000,,,,,42.71999933E-6,1.6000000,
,,,42.74000094E-6,0.0,,,,,42.74000094E-6,4.00000019E-3,,,,,42.74000094E-6,800.000011921E-3,,,,,42.74000094E-6,-800.000011921E-3,,,,,42.74000094E-6,1.6000000,
,,,42.75999891E-6,0.0,,,,,42.75999891E-6,12.0000001E-3,,,,,42.75999891E-6,800.000011921E-3,,,,,42.75999891E-6,-600.000023842E-3,,,,,42.75999891E-6,1.2000000,
,,,42.78000051E-6,-2.0000001E-3,,,,,42.78000051E-6,8.000000380E-3,,,,,42.78000051E-6,600.000023842E-3,,,,,42.78000051E-6,-800.000011921E-3,,,,,42.78000051E-6,1.2000000,
,,,42.79999848E-6,-2.0000001E-3,,,,,42.79999848E-6,8.000000380E-3,,,,,42.79999848E-6,600.000023842E-3,,,,,42.79999848E-6,-800.000011921E-3,,,,,42.79999848E-6,1.2000000,
,,,42.82000009E-6,0.0,,,,,42.82000009E-6,8.000000380E-3,,,,,42.82000009E-6,600.000023842E-3,,,,,42.82000009E-6,-800.000011921E-3,,,,,42.82000009E-6,1.2000000,
,,,42.83999806E-6,0.0,,,,,42.83999806E-6,8.000000380E-3,,,,,42.83999806E-6,400.00000596E-3,,,,,42.83999806E-6,-800.000011921E-3,,,,,42.83999806E-6,1.2000000,
,,,42.85999967E-6,-2.0000001E-3,,,,,42.85999967E-6,8.000000380E-3,,,,,42.85999967E-6,400.00000596E-3,,,,,42.85999967E-6,-600.000023842E-3,,,,,42.85999967E-6,800.000011921E-3,
,,,42.88000127E-6,-2.0000001E-3,,,,,42.88000127E-6,8.000000380E-3,,,,,42.88000127E-6,600.000023842E-3,,,,,42.88000127E-6,-600.000023842E-3,,,,,42.88000127E-6,1.2000000,
,,,42.89999924E-6,0.0,,,,,42.89999924E-6,12.0000001E-3,,,,,42.89999924E-6,600.000023842E-3,,,,,42.89999924E-6,-800.000011921E-3,,,,,42.89999924E-6,1.2000000,
,,,42.92000085E-6,-2.0000001E-3,,,,,42.92000085E-6,8.000000380E-3,,,,,42.92000085E-6,800.000011921E-3,,,,,42.92000085E-6,-600.000023842E-3,,,,,42.92000085E-6,1.2000000,
,,,42.93999882E-6,-2.0000001E-3,,,,,42.93999882E-6,8.000000380E-3,,,,,42.93999882E-6,600.000023842E-3,,,,,42.93999882E-6,-400.00000596E-3,,,,,42.93999882E-6,800.000011921E-3,
,,,42.96000043E-6,-2.0000001E-3,,,,,42.96000043E-6,12.0000001E-3,,,,,42.96000043E-6,600.000023842E-3,,,,,42.96000043E-6,-600.000023842E-3,,,,,42.96000043E-6,1.2000000,
,,,42.97999840E-6,-4.00000019E-3,,,,,42.97999840E-6,12.0000001E-3,,,,,42.97999840E-6,600.000023842E-3,,,,,42.97999840E-6,-600.000023842E-3,,,,,42.97999840E-6,1.2000000,
,,,43.00000001E-6,-2.0000001E-3,,,,,43.00000001E-6,8.000000380E-3,,,,,43.00000001E-6,600.000023842E-3,,,,,43.00000001E-6,-600.000023842E-3,,,,,43.00000001E-6,1.2000000,
,,,43.01999797E-6,0.0,,,,,43.01999797E-6,12.0000001E-3,,,,,43.01999797E-6,600.000023842E-3,,,,,43.01999797E-6,-400.00000596E-3,,,,,43.01999797E-6,800.000011921E-3,
,,,43.03999958E-6,-2.0000001E-3,,,,,43.03999958E-6,16.0000008E-3,,,,,43.03999958E-6,600.000023842E-3,,,,,43.03999958E-6,-600.000023842E-3,,,,,43.03999958E-6,1.2000000,
,,,43.06000119E-6,-2.0000001E-3,,,,,43.06000119E-6,16.0000008E-3,,,,,43.06000119E-6,400.00000596E-3,,,,,43.06000119E-6,-600.000023842E-3,,,,,43.06000119E-6,800.000011921E-3,
,,,43.07999916E-6,-2.0000001E-3,,,,,43.07999916E-6,8.000000380E-3,,,,,43.07999916E-6,600.000023842E-3,,,,,43.07999916E-6,-600.000023842E-3,,,,,43.07999916E-6,1.2000000,
,,,43.10000077E-6,-4.00000019E-3,,,,,43.10000077E-6,8.000000380E-3,,,,,43.10000077E-6,400.00000596E-3,,,,,43.10000077E-6,-400.00000596E-3,,,,,43.10000077E-6,800.000011921E-3,
,,,43.11999874E-6,-2.0000001E-3,,,,,43.11999874E-6,12.0000001E-3,,,,,43.11999874E-6,200.00000298E-3,,,,,43.11999874E-6,-400.00000596E-3,,,,,43.11999874E-6,400.00000596E-3,
,,,43.14000034E-6,0.0,,,,,43.14000034E-6,16.0000008E-3,,,,,43.14000034E-6,600.000023842E-3,,,,,43.14000034E-6,-600.000023842E-3,,,,,43.14000034E-6,1.2000000,
,,,43.15999831E-6,-2.0000001E-3,,,,,43.15999831E-6,12.0000001E-3,,,,,43.15999831E-6,600.000023842E-3,,,,,43.15999831E-6,-600.000023842E-3,,,,,43.15999831E-6,1.2000000,
,,,43.17999992E-6,0.0,,,,,43.17999992E-6,12.0000001E-3,,,,,43.17999992E-6,400.00000596E-3,,,,,43.17999992E-6,-600.000023842E-3,,,,,43.17999992E-6,800.000011921E-3,
,,,43.20000153E-6,-2.0000001E-3,,,,,43.20000153E-6,12.0000001E-3,,,,,43.20000153E-6,200.00000298E-3,,,,,43.20000153E-6,-600.000023842E-3,,,,,43.20000153E-6,800.000011921E-3,
,,,43.21999950E-6,-4.00000019E-3,,,,,43.21999950E-6,16.0000008E-3,,,,,43.21999950E-6,400.00000596E-3,,,,,43.21999950E-6,-200.00000298E-3,,,,,43.21999950E-6,400.00000596E-3,
,,,43.24000111E-6,-2.0000001E-3,,,,,43.24000111E-6,12.0000001E-3,,,,,43.24000111E-6,0.0,,,,,43.24000111E-6,-200.00000298E-3,,,,,43.24000111E-6,0.0,
,,,43.25999907E-6,-2.0000001E-3,,,,,43.25999907E-6,12.0000001E-3,,,,,43.25999907E-6,200.00000298E-3,,,,,43.25999907E-6,-200.00000298E-3,,,,,43.25999907E-6,400.00000596E-3,
,,,43.28000068E-6,-2.0000001E-3,,,,,43.28000068E-6,12.0000001E-3,,,,,43.28000068E-6,400.00000596E-3,,,,,43.28000068E-6,-400.00000596E-3,,,,,43.28000068E-6,800.000011921E-3,
,,,43.29999865E-6,-4.00000019E-3,,,,,43.29999865E-6,12.0000001E-3,,,,,43.29999865E-6,400.00000596E-3,,,,,43.29999865E-6,-200.00000298E-3,,,,,43.29999865E-6,400.00000596E-3,
,,,43.32000026E-6,-2.0000001E-3,,,,,43.32000026E-6,12.0000001E-3,,,,,43.32000026E-6,200.00000298E-3,,,,,43.32000026E-6,-400.00000596E-3,,,,,43.32000026E-6,400.00000596E-3,
,,,43.33999823E-6,-2.0000001E-3,,,,,43.33999823E-6,16.0000008E-3,,,,,43.33999823E-6,200.00000298E-3,,,,,43.33999823E-6,-400.00000596E-3,,,,,43.33999823E-6,400.00000596E-3,
,,,43.35999984E-6,-2.0000001E-3,,,,,43.35999984E-6,16.0000008E-3,,,,,43.35999984E-6,0.0,,,,,43.35999984E-6,-200.00000298E-3,,,,,43.35999984E-6,0.0,
,,,43.38000144E-6,-4.00000019E-3,,,,,43.38000144E-6,12.0000001E-3,,,,,43.38000144E-6,200.00000298E-3,,,,,43.38000144E-6,0.0,,,,,43.38000144E-6,0.0,
,,,43.39999941E-6,-2.0000001E-3,,,,,43.39999941E-6,16.0000008E-3,,,,,43.39999941E-6,200.00000298E-3,,,,,43.39999941E-6,-200.00000298E-3,,,,,43.39999941E-6,400.00000596E-3,
,,,43.42000102E-6,-4.00000019E-3,,,,,43.42000102E-6,20.0000014E-3,,,,,43.42000102E-6,0.0,,,,,43.42000102E-6,-200.00000298E-3,,,,,43.42000102E-6,0.0,
,,,43.43999899E-6,-2.0000001E-3,,,,,43.43999899E-6,16.0000008E-3,,,,,43.43999899E-6,200.00000298E-3,,,,,43.43999899E-6,-200.00000298E-3,,,,,43.43999899E-6,400.00000596E-3,
,,,43.46000060E-6,-6.00000005E-3,,,,,43.46000060E-6,12.0000001E-3,,,,,43.46000060E-6,400.00000596E-3,,,,,43.46000060E-6,-200.00000298E-3,,,,,43.46000060E-6,400.00000596E-3,
,,,43.47999857E-6,-4.00000019E-3,,,,,43.47999857E-6,16.0000008E-3,,,,,43.47999857E-6,200.00000298E-3,,,,,43.47999857E-6,-200.00000298E-3,,,,,43.47999857E-6,400.00000596E-3,
,,,43.50000017E-6,-4.00000019E-3,,,,,43.50000017E-6,16.0000008E-3,,,,,43.50000017E-6,0.0,,,,,43.50000017E-6,-400.00000596E-3,,,,,43.50000017E-6,400.00000596E-3,
,,,43.51999814E-6,-4.00000019E-3,,,,,43.51999814E-6,16.0000008E-3,,,,,43.51999814E-6,200.00000298E-3,,,,,43.51999814E-6,0.0,,,,,43.51999814E-6,0.0,
,,,43.53999975E-6,-4.00000019E-3,,,,,43.53999975E-6,20.0000014E-3,,,,,43.53999975E-6,0.0,,,,,43.53999975E-6,-200.00000298E-3,,,,,43.53999975E-6,0.0,
,,,43.56000136E-6,-4.00000019E-3,,,,,43.56000136E-6,16.0000008E-3,,,,,43.56000136E-6,-200.00000298E-3,,,,,43.56000136E-6,-200.00000298E-3,,,,,43.56000136E-6,0.0,
,,,43.57999933E-6,-6.00000005E-3,,,,,43.57999933E-6,16.0000008E-3,,,,,43.57999933E-6,200.00000298E-3,,,,,43.57999933E-6,0.0,,,,,43.57999933E-6,0.0,
,,,43.60000094E-6,-4.00000019E-3,,,,,43.60000094E-6,16.0000008E-3,,,,,43.60000094E-6,-200.00000298E-3,,,,,43.60000094E-6,0.0,,,,,43.60000094E-6,-400.00000596E-3,
,,,43.61999891E-6,-4.00000019E-3,,,,,43.61999891E-6,16.0000008E-3,,,,,43.61999891E-6,200.00000298E-3,,,,,43.61999891E-6,0.0,,,,,43.61999891E-6,0.0,
,,,43.64000051E-6,-4.00000019E-3,,,,,43.64000051E-6,20.0000014E-3,,,,,43.64000051E-6,0.0,,,,,43.64000051E-6,0.0,,,,,43.64000051E-6,0.0,
,,,43.65999848E-6,-4.00000019E-3,,,,,43.65999848E-6,20.0000014E-3,,,,,43.65999848E-6,0.0,,,,,43.65999848E-6,0.0,,,,,43.65999848E-6,0.0,
,,,43.68000009E-6,-6.00000005E-3,,,,,43.68000009E-6,20.0000014E-3,,,,,43.68000009E-6,-200.00000298E-3,,,,,43.68000009E-6,0.0,,,,,43.68000009E-6,-400.00000596E-3,
,,,43.69999806E-6,-4.00000019E-3,,,,,43.69999806E-6,20.0000014E-3,,,,,43.69999806E-6,-200.00000298E-3,,,,,43.69999806E-6,0.0,,,,,43.69999806E-6,-400.00000596E-3,
,,,43.71999967E-6,-4.00000019E-3,,,,,43.71999967E-6,16.0000008E-3,,,,,43.71999967E-6,-200.00000298E-3,,,,,43.71999967E-6,0.0,,,,,43.71999967E-6,-400.00000596E-3,
,,,43.74000127E-6,-4.00000019E-3,,,,,43.74000127E-6,20.0000014E-3,,,,,43.74000127E-6,-200.00000298E-3,,,,,43.74000127E-6,200.00000298E-3,,,,,43.74000127E-6,-400.00000596E-3,
,,,43.75999924E-6,-6.00000005E-3,,,,,43.75999924E-6,20.0000014E-3,,,,,43.75999924E-6,0.0,,,,,43.75999924E-6,200.00000298E-3,,,,,43.75999924E-6,-400.00000596E-3,
,,,43.78000085E-6,-6.00000005E-3,,,,,43.78000085E-6,20.0000014E-3,,,,,43.78000085E-6,-200.00000298E-3,,,,,43.78000085E-6,0.0,,,,,43.78000085E-6,-400.00000596E-3,
,,,43.79999882E-6,-4.00000019E-3,,,,,43.79999882E-6,20.0000014E-3,,,,,43.79999882E-6,-200.00000298E-3,,,,,43.79999882E-6,0.0,,,,,43.79999882E-6,-400.00000596E-3,
,,,43.82000043E-6,-6.00000005E-3,,,,,43.82000043E-6,20.0000014E-3,,,,,43.82000043E-6,-400.00000596E-3,,,,,43.82000043E-6,200.00000298E-3,,,,,43.82000043E-6,-800.000011921E-3,
,,,43.83999840E-6,-4.00000019E-3,,,,,43.83999840E-6,20.0000014E-3,,,,,43.83999840E-6,-400.00000596E-3,,,,,43.83999840E-6,200.00000298E-3,,,,,43.83999840E-6,-800.000011921E-3,
,,,43.86000001E-6,-6.00000005E-3,,,,,43.86000001E-6,16.0000008E-3,,,,,43.86000001E-6,0.0,,,,,43.86000001E-6,200.00000298E-3,,,,,43.86000001E-6,-400.00000596E-3,
,,,43.87999797E-6,-6.00000005E-3,,,,,43.87999797E-6,20.0000014E-3,,,,,43.87999797E-6,-200.00000298E-3,,,,,43.87999797E-6,200.00000298E-3,,,,,43.87999797E-6,-400.00000596E-3,
,,,43.89999958E-6,-6.00000005E-3,,,,,43.89999958E-6,20.0000014E-3,,,,,43.89999958E-6,-400.00000596E-3,,,,,43.89999958E-6,200.00000298E-3,,,,,43.89999958E-6,-800.000011921E-3,
,,,43.92000119E-6,-6.00000005E-3,,,,,43.92000119E-6,20.0000014E-3,,,,,43.92000119E-6,-400.00000596E-3,,,,,43.92000119E-6,200.00000298E-3,,,,,43.92000119E-6,-800.000011921E-3,
,,,43.93999916E-6,-8.000000380E-3,,,,,43.93999916E-6,20.0000014E-3,,,,,43.93999916E-6,-400.00000596E-3,,,,,43.93999916E-6,600.000023842E-3,,,,,43.93999916E-6,-1.2000000,
,,,43.96000077E-6,-4.00000019E-3,,,,,43.96000077E-6,20.0000014E-3,,,,,43.96000077E-6,-400.00000596E-3,,,,,43.96000077E-6,200.00000298E-3,,,,,43.96000077E-6,-800.000011921E-3,
,,,43.97999874E-6,-4.00000019E-3,,,,,43.97999874E-6,24.00000021E-3,,,,,43.97999874E-6,-400.00000596E-3,,,,,43.97999874E-6,200.00000298E-3,,,,,43.97999874E-6,-800.000011921E-3,
,,,44.00000034E-6,-6.00000005E-3,,,,,44.00000034E-6,24.00000021E-3,,,,,44.00000034E-6,-400.00000596E-3,,,,,44.00000034E-6,400.00000596E-3,,,,,44.00000034E-6,-800.000011921E-3,
,,,44.01999831E-6,-8.000000380E-3,,,,,44.01999831E-6,24.00000021E-3,,,,,44.01999831E-6,-400.00000596E-3,,,,,44.01999831E-6,400.00000596E-3,,,,,44.01999831E-6,-800.000011921E-3,
,,,44.03999992E-6,-6.00000005E-3,,,,,44.03999992E-6,20.0000014E-3,,,,,44.03999992E-6,-400.00000596E-3,,,,,44.03999992E-6,400.00000596E-3,,,,,44.03999992E-6,-800.000011921E-3,
,,,44.06000153E-6,-6.00000005E-3,,,,,44.06000153E-6,20.0000014E-3,,,,,44.06000153E-6,-200.00000298E-3,,,,,44.06000153E-6,200.00000298E-3,,,,,44.06000153E-6,-400.00000596E-3,
,,,44.07999950E-6,-6.00000005E-3,,,,,44.07999950E-6,20.0000014E-3,,,,,44.07999950E-6,-400.00000596E-3,,,,,44.07999950E-6,400.00000596E-3,,,,,44.07999950E-6,-800.000011921E-3,
,,,44.10000111E-6,-8.000000380E-3,,,,,44.10000111E-6,28.00000086E-3,,,,,44.10000111E-6,-400.00000596E-3,,,,,44.10000111E-6,400.00000596E-3,,,,,44.10000111E-6,-800.000011921E-3,
,,,44.11999907E-6,-8.000000380E-3,,,,,44.11999907E-6,24.00000021E-3,,,,,44.11999907E-6,-400.00000596E-3,,,,,44.11999907E-6,200.00000298E-3,,,,,44.11999907E-6,-800.000011921E-3,
,,,44.14000068E-6,-4.00000019E-3,,,,,44.14000068E-6,24.00000021E-3,,,,,44.14000068E-6,-600.000023842E-3,,,,,44.14000068E-6,200.00000298E-3,,,,,44.14000068E-6,-800.000011921E-3,
,,,44.15999865E-6,-4.00000019E-3,,,,,44.15999865E-6,20.0000014E-3,,,,,44.15999865E-6,-600.000023842E-3,,,,,44.15999865E-6,400.00000596E-3,,,,,44.15999865E-6,-1.2000000,
,,,44.18000026E-6,-6.00000005E-3,,,,,44.18000026E-6,24.00000021E-3,,,,,44.18000026E-6,-400.00000596E-3,,,,,44.18000026E-6,400.00000596E-3,,,,,44.18000026E-6,-800.000011921E-3,
,,,44.19999823E-6,-10.0000007E-3,,,,,44.19999823E-6,20.0000014E-3,,,,,44.19999823E-6,-800.000011921E-3,,,,,44.19999823E-6,400.00000596E-3,,,,,44.19999823E-6,-1.2000000,
,,,44.21999984E-6,-8.000000380E-3,,,,,44.21999984E-6,20.0000014E-3,,,,,44.21999984E-6,-400.00000596E-3,,,,,44.21999984E-6,600.000023842E-3,,,,,44.21999984E-6,-1.2000000,
,,,44.24000144E-6,-6.00000005E-3,,,,,44.24000144E-6,20.0000014E-3,,,,,44.24000144E-6,-200.00000298E-3,,,,,44.24000144E-6,600.000023842E-3,,,,,44.24000144E-6,-800.000011921E-3,
,,,44.25999941E-6,-4.00000019E-3,,,,,44.25999941E-6,20.0000014E-3,,,,,44.25999941E-6,-400.00000596E-3,,,,,44.25999941E-6,400.00000596E-3,,,,,44.25999941E-6,-800.000011921E-3,
,,,44.28000102E-6,-6.00000005E-3,,,,,44.28000102E-6,24.00000021E-3,,,,,44.28000102E-6,-400.00000596E-3,,,,,44.28000102E-6,400.00000596E-3,,,,,44.28000102E-6,-800.000011921E-3,
,,,44.29999899E-6,-6.00000005E-3,,,,,44.29999899E-6,20.0000014E-3,,,,,44.29999899E-6,-600.000023842E-3,,,,,44.29999899E-6,600.000023842E-3,,,,,44.29999899E-6,-1.2000000,
,,,44.32000060E-6,-6.00000005E-3,,,,,44.32000060E-6,20.0000014E-3,,,,,44.32000060E-6,-800.000011921E-3,,,,,44.32000060E-6,600.000023842E-3,,,,,44.32000060E-6,-1.6000000,
,,,44.33999857E-6,-4.00000019E-3,,,,,44.33999857E-6,20.0000014E-3,,,,,44.33999857E-6,-600.000023842E-3,,,,,44.33999857E-6,600.000023842E-3,,,,,44.33999857E-6,-1.2000000,
,,,44.36000017E-6,-6.00000005E-3,,,,,44.36000017E-6,24.00000021E-3,,,,,44.36000017E-6,-400.00000596E-3,,,,,44.36000017E-6,600.000023842E-3,,,,,44.36000017E-6,-1.2000000,
,,,44.37999814E-6,-8.000000380E-3,,,,,44.37999814E-6,28.00000086E-3,,,,,44.37999814E-6,-800.000011921E-3,,,,,44.37999814E-6,800.000011921E-3,,,,,44.37999814E-6,-1.6000000,
,,,44.39999975E-6,-8.000000380E-3,,,,,44.39999975E-6,24.00000021E-3,,,,,44.39999975E-6,-1.000000,,,,,44.39999975E-6,600.000023842E-3,,,,,44.39999975E-6,-1.6000000,
,,,44.42000136E-6,-6.00000005E-3,,,,,44.42000136E-6,24.00000021E-3,,,,,44.42000136E-6,-800.000011921E-3,,,,,44.42000136E-6,400.00000596E-3,,,,,44.42000136E-6,-1.2000000,
,,,44.43999933E-6,-8.000000380E-3,,,,,44.43999933E-6,24.00000021E-3,,,,,44.43999933E-6,-800.000011921E-3,,,,,44.43999933E-6,600.000023842E-3,,,,,44.43999933E-6,-1.6000000,
,,,44.46000094E-6,-8.000000380E-3,,,,,44.46000094E-6,24.00000021E-3,,,,,44.46000094E-6,-800.000011921E-3,,,,,44.46000094E-6,600.000023842E-3,,,,,44.46000094E-6,-1.6000000,
,,,44.47999891E-6,-4.00000019E-3,,,,,44.47999891E-6,24.00000021E-3,,,,,44.47999891E-6,-800.000011921E-3,,,,,44.47999891E-6,800.000011921E-3,,,,,44.47999891E-6,-1.6000000,
,,,44.50000051E-6,-8.000000380E-3,,,,,44.50000051E-6,20.0000014E-3,,,,,44.50000051E-6,-600.000023842E-3,,,,,44.50000051E-6,600.000023842E-3,,,,,44.50000051E-6,-1.2000000,
,,,44.51999848E-6,-6.00000005E-3,,,,,44.51999848E-6,24.00000021E-3,,,,,44.51999848E-6,-800.000011921E-3,,,,,44.51999848E-6,800.000011921E-3,,,,,44.51999848E-6,-1.6000000,
,,,44.54000009E-6,-6.00000005E-3,,,,,44.54000009E-6,28.00000086E-3,,,,,44.54000009E-6,-800.000011921E-3,,,,,44.54000009E-6,800.000011921E-3,,,,,44.54000009E-6,-1.6000000,
,,,44.55999806E-6,-8.000000380E-3,,,,,44.55999806E-6,20.0000014E-3,,,,,44.55999806E-6,-600.000023842E-3,,,,,44.55999806E-6,600.000023842E-3,,,,,44.55999806E-6,-1.2000000,
,,,44.57999967E-6,-6.00000005E-3,,,,,44.57999967E-6,24.00000021E-3,,,,,44.57999967E-6,-800.000011921E-3,,,,,44.57999967E-6,1.000000,,,,,44.57999967E-6,-2.0000000,
,,,44.60000127E-6,-8.000000380E-3,,,,,44.60000127E-6,20.0000014E-3,,,,,44.60000127E-6,-600.000023842E-3,,,,,44.60000127E-6,800.000011921E-3,,,,,44.60000127E-6,-1.6000000,
,,,44.61999924E-6,-6.00000005E-3,,,,,44.61999924E-6,20.0000014E-3,,,,,44.61999924E-6,-800.000011921E-3,,,,,44.61999924E-6,800.000011921E-3,,,,,44.61999924E-6,-1.6000000,
,,,44.64000085E-6,-8.000000380E-3,,,,,44.64000085E-6,28.00000086E-3,,,,,44.64000085E-6,-600.000023842E-3,,,,,44.64000085E-6,600.000023842E-3,,,,,44.64000085E-6,-1.2000000,
,,,44.65999882E-6,-6.00000005E-3,,,,,44.65999882E-6,24.00000021E-3,,,,,44.65999882E-6,-800.000011921E-3,,,,,44.65999882E-6,800.000011921E-3,,,,,44.65999882E-6,-1.6000000,
,,,44.68000043E-6,-8.000000380E-3,,,,,44.68000043E-6,20.0000014E-3,,,,,44.68000043E-6,-600.000023842E-3,,,,,44.68000043E-6,1.000000,,,,,44.68000043E-6,-1.6000000,
,,,44.69999840E-6,-6.00000005E-3,,,,,44.69999840E-6,24.00000021E-3,,,,,44.69999840E-6,-800.000011921E-3,,,,,44.69999840E-6,800.000011921E-3,,,,,44.69999840E-6,-1.6000000,
,,,44.72000001E-6,-10.0000007E-3,,,,,44.72000001E-6,28.00000086E-3,,,,,44.72000001E-6,-800.000011921E-3,,,,,44.72000001E-6,1.000000,,,,,44.72000001E-6,-2.0000000,
,,,44.73999797E-6,-8.000000380E-3,,,,,44.73999797E-6,24.00000021E-3,,,,,44.73999797E-6,-600.000023842E-3,,,,,44.73999797E-6,800.000011921E-3,,,,,44.73999797E-6,-1.6000000,
,,,44.75999958E-6,-6.00000005E-3,,,,,44.75999958E-6,24.00000021E-3,,,,,44.75999958E-6,-1.000000,,,,,44.75999958E-6,800.000011921E-3,,,,,44.75999958E-6,-2.0000000,
,,,44.78000119E-6,-6.00000005E-3,,,,,44.78000119E-6,24.00000021E-3,,,,,44.78000119E-6,-800.000011921E-3,,,,,44.78000119E-6,800.000011921E-3,,,,,44.78000119E-6,-1.6000000,
,,,44.79999916E-6,-6.00000005E-3,,,,,44.79999916E-6,20.0000014E-3,,,,,44.79999916E-6,-800.000011921E-3,,,,,44.79999916E-6,800.000011921E-3,,,,,44.79999916E-6,-1.6000000,
,,,44.82000077E-6,-8.000000380E-3,,,,,44.82000077E-6,24.00000021E-3,,,,,44.82000077E-6,-1.000000,,,,,44.82000077E-6,800.000011921E-3,,,,,44.82000077E-6,-2.0000000,
,,,44.83999874E-6,-6.00000005E-3,,,,,44.83999874E-6,24.00000021E-3,,,,,44.83999874E-6,-1.000000,,,,,44.83999874E-6,800.000011921E-3,,,,,44.83999874E-6,-2.0000000,
,,,44.86000034E-6,-8.000000380E-3,,,,,44.86000034E-6,20.0000014E-3,,,,,44.86000034E-6,-1.000000,,,,,44.86000034E-6,1.000000,,,,,44.86000034E-6,-2.0000000,
,,,44.87999831E-6,-6.00000005E-3,,,,,44.87999831E-6,24.00000021E-3,,,,,44.87999831E-6,-1.000000,,,,,44.87999831E-6,800.000011921E-3,,,,,44.87999831E-6,-2.0000000,
,,,44.89999992E-6,-6.00000005E-3,,,,,44.89999992E-6,20.0000014E-3,,,,,44.89999992E-6,-1.000000,,,,,44.89999992E-6,800.000011921E-3,,,,,44.89999992E-6,-2.0000000,
,,,44.92000153E-6,-8.000000380E-3,,,,,44.92000153E-6,20.0000014E-3,,,,,44.92000153E-6,-1.000000,,,,,44.92000153E-6,800.000011921E-3,,,,,44.92000153E-6,-2.0000000,
,,,44.93999950E-6,-8.000000380E-3,,,,,44.93999950E-6,24.00000021E-3,,,,,44.93999950E-6,-1.000000,,,,,44.93999950E-6,1.000000,,,,,44.93999950E-6,-2.0000000,
,,,44.96000111E-6,-8.000000380E-3,,,,,44.96000111E-6,24.00000021E-3,,,,,44.96000111E-6,-1.000000,,,,,44.96000111E-6,800.000011921E-3,,,,,44.96000111E-6,-2.0000000,
,,,44.97999907E-6,-4.00000019E-3,,,,,44.97999907E-6,24.00000021E-3,,,,,44.97999907E-6,-1.000000,,,,,44.97999907E-6,1.000000,,,,,44.97999907E-6,-2.0000000,
,,,45.00000068E-6,-8.000000380E-3,,,,,45.00000068E-6,24.00000021E-3,,,,,45.00000068E-6,-800.000011921E-3,,,,,45.00000068E-6,1.000000,,,,,45.00000068E-6,-2.0000000,
,,,45.01999865E-6,-4.00000019E-3,,,,,45.01999865E-6,20.0000014E-3,,,,,45.01999865E-6,-1.000000,,,,,45.01999865E-6,800.000011921E-3,,,,,45.01999865E-6,-2.0000000,
,,,45.04000026E-6,-6.00000005E-3,,,,,45.04000026E-6,24.00000021E-3,,,,,45.04000026E-6,-1.2000000,,,,,45.04000026E-6,1.000000,,,,,45.04000026E-6,-2.4000001,
,,,45.05999823E-6,-4.00000019E-3,,,,,45.05999823E-6,20.0000014E-3,,,,,45.05999823E-6,-1.000000,,,,,45.05999823E-6,1.000000,,,,,45.05999823E-6,-2.0000000,
,,,45.07999984E-6,-6.00000005E-3,,,,,45.07999984E-6,20.0000014E-3,,,,,45.07999984E-6,-800.000011921E-3,,,,,45.07999984E-6,1.000000,,,,,45.07999984E-6,-2.0000000,
,,,45.10000144E-6,-4.00000019E-3,,,,,45.10000144E-6,20.0000014E-3,,,,,45.10000144E-6,-1.2000000,,,,,45.10000144E-6,1.2000000,,,,,45.10000144E-6,-2.4000001,
,,,45.11999941E-6,-6.00000005E-3,,,,,45.11999941E-6,20.0000014E-3,,,,,45.11999941E-6,-1.2000000,,,,,45.11999941E-6,800.000011921E-3,,,,,45.11999941E-6,-2.0000000,
,,,45.14000102E-6,-6.00000005E-3,,,,,45.14000102E-6,24.00000021E-3,,,,,45.14000102E-6,-1.000000,,,,,45.14000102E-6,1.2000000,,,,,45.14000102E-6,-2.4000001,
,,,45.15999899E-6,-6.00000005E-3,,,,,45.15999899E-6,20.0000014E-3,,,,,45.15999899E-6,-1.2000000,,,,,45.15999899E-6,1.000000,,,,,45.15999899E-6,-2.4000001,
,,,45.18000060E-6,-6.00000005E-3,,,,,45.18000060E-6,20.0000014E-3,,,,,45.18000060E-6,-1.000000,,,,,45.18000060E-6,800.000011921E-3,,,,,45.18000060E-6,-2.0000000,
,,,45.19999857E-6,-6.00000005E-3,,,,,45.19999857E-6,20.0000014E-3,,,,,45.19999857E-6,-1.2000000,,,,,45.19999857E-6,1.000000,,,,,45.19999857E-6,-2.4000001,
,,,45.22000017E-6,-4.00000019E-3,,,,,45.22000017E-6,16.0000008E-3,,,,,45.22000017E-6,-1.000000,,,,,45.22000017E-6,1.000000,,,,,45.22000017E-6,-2.0000000,
,,,45.23999814E-6,-6.00000005E-3,,,,,45.23999814E-6,20.0000014E-3,,,,,45.23999814E-6,-1.000000,,,,,45.23999814E-6,1.000000,,,,,45.23999814E-6,-2.0000000,
,,,45.25999975E-6,-8.000000380E-3,,,,,45.25999975E-6,20.0000014E-3,,,,,45.25999975E-6,-1.2000000,,,,,45.25999975E-6,1.000000,,,,,45.25999975E-6,-2.4000001,
,,,45.28000136E-6,-6.00000005E-3,,,,,45.28000136E-6,20.0000014E-3,,,,,45.28000136E-6,-1.000000,,,,,45.28000136E-6,1.000000,,,,,45.28000136E-6,-2.0000000,
,,,45.29999933E-6,-6.00000005E-3,,,,,45.29999933E-6,20.0000014E-3,,,,,45.29999933E-6,-1.4000000,,,,,45.29999933E-6,1.000000,,,,,45.29999933E-6,-2.4000001,
,,,45.32000094E-6,-2.0000001E-3,,,,,45.32000094E-6,16.0000008E-3,,,,,45.32000094E-6,-800.000011921E-3,,,,,45.32000094E-6,1.000000,,,,,45.32000094E-6,-2.0000000,
,,,45.33999891E-6,-6.00000005E-3,,,,,45.33999891E-6,20.0000014E-3,,,,,45.33999891E-6,-1.2000000,,,,,45.33999891E-6,1.2000000,,,,,45.33999891E-6,-2.4000001,
,,,45.36000051E-6,-6.00000005E-3,,,,,45.36000051E-6,20.0000014E-3,,,,,45.36000051E-6,-1.4000000,,,,,45.36000051E-6,1.2000000,,,,,45.36000051E-6,-2.79999995,
,,,45.37999848E-6,-4.00000019E-3,,,,,45.37999848E-6,16.0000008E-3,,,,,45.37999848E-6,-1.2000000,,,,,45.37999848E-6,1.000000,,,,,45.37999848E-6,-2.4000001,
,,,45.40000009E-6,-4.00000019E-3,,,,,45.40000009E-6,16.0000008E-3,,,,,45.40000009E-6,-1.000000,,,,,45.40000009E-6,1.2000000,,,,,45.40000009E-6,-2.4000001,
,,,45.41999806E-6,-8.000000380E-3,,,,,45.41999806E-6,16.0000008E-3,,,,,45.41999806E-6,-1.2000000,,,,,45.41999806E-6,1.2000000,,,,,45.41999806E-6,-2.4000001,
,,,45.43999967E-6,-4.00000019E-3,,,,,45.43999967E-6,16.0000008E-3,,,,,45.43999967E-6,-1.000000,,,,,45.43999967E-6,1.2000000,,,,,45.43999967E-6,-2.4000001,
,,,45.46000127E-6,-6.00000005E-3,,,,,45.46000127E-6,20.0000014E-3,,,,,45.46000127E-6,-1.2000000,,,,,45.46000127E-6,1.000000,,,,,45.46000127E-6,-2.4000001,
,,,45.47999924E-6,-6.00000005E-3,,,,,45.47999924E-6,16.0000008E-3,,,,,45.47999924E-6,-1.2000000,,,,,45.47999924E-6,1.000000,,,,,45.47999924E-6,-2.4000001,
,,,45.50000085E-6,-4.00000019E-3,,,,,45.50000085E-6,20.0000014E-3,,,,,45.50000085E-6,-1.000000,,,,,45.50000085E-6,1.000000,,,,,45.50000085E-6,-2.0000000,
,,,45.51999882E-6,-4.00000019E-3,,,,,45.51999882E-6,16.0000008E-3,,,,,45.51999882E-6,-1.2000000,,,,,45.51999882E-6,1.000000,,,,,45.51999882E-6,-2.4000001,
,,,45.54000043E-6,-8.000000380E-3,,,,,45.54000043E-6,16.0000008E-3,,,,,45.54000043E-6,-1.000000,,,,,45.54000043E-6,1.000000,,,,,45.54000043E-6,-2.0000000,
,,,45.55999840E-6,-8.000000380E-3,,,,,45.55999840E-6,12.0000001E-3,,,,,45.55999840E-6,-1.2000000,,,,,45.55999840E-6,1.2000000,,,,,45.55999840E-6,-2.4000001,
,,,45.58000001E-6,-6.00000005E-3,,,,,45.58000001E-6,20.0000014E-3,,,,,45.58000001E-6,-1.2000000,,,,,45.58000001E-6,1.000000,,,,,45.58000001E-6,-2.4000001,
,,,45.59999797E-6,-6.00000005E-3,,,,,45.59999797E-6,16.0000008E-3,,,,,45.59999797E-6,-1.000000,,,,,45.59999797E-6,1.000000,,,,,45.59999797E-6,-2.0000000,
,,,45.61999958E-6,-6.00000005E-3,,,,,45.61999958E-6,16.0000008E-3,,,,,45.61999958E-6,-1.2000000,,,,,45.61999958E-6,1.2000000,,,,,45.61999958E-6,-2.4000001,
,,,45.64000119E-6,-4.00000019E-3,,,,,45.64000119E-6,16.0000008E-3,,,,,45.64000119E-6,-1.000000,,,,,45.64000119E-6,1.2000000,,,,,45.64000119E-6,-2.4000001,
,,,45.65999916E-6,-4.00000019E-3,,,,,45.65999916E-6,20.0000014E-3,,,,,45.65999916E-6,-1.2000000,,,,,45.65999916E-6,1.000000,,,,,45.65999916E-6,-2.4000001,
,,,45.68000077E-6,-4.00000019E-3,,,,,45.68000077E-6,16.0000008E-3,,,,,45.68000077E-6,-1.000000,,,,,45.68000077E-6,1.000000,,,,,45.68000077E-6,-2.0000000,
,,,45.69999874E-6,-4.00000019E-3,,,,,45.69999874E-6,20.0000014E-3,,,,,45.69999874E-6,-1.2000000,,,,,45.69999874E-6,1.000000,,,,,45.69999874E-6,-2.4000001,
,,,45.72000034E-6,-4.00000019E-3,,,,,45.72000034E-6,20.0000014E-3,,,,,45.72000034E-6,-1.000000,,,,,45.72000034E-6,1.2000000,,,,,45.72000034E-6,-2.4000001,
,,,45.73999831E-6,-6.00000005E-3,,,,,45.73999831E-6,16.0000008E-3,,,,,45.73999831E-6,-1.2000000,,,,,45.73999831E-6,1.000000,,,,,45.73999831E-6,-2.4000001,
,,,45.75999992E-6,-4.00000019E-3,,,,,45.75999992E-6,16.0000008E-3,,,,,45.75999992E-6,-1.000000,,,,,45.75999992E-6,1.2000000,,,,,45.75999992E-6,-2.4000001,
,,,45.77999789E-6,-4.00000019E-3,,,,,45.77999789E-6,16.0000008E-3,,,,,45.77999789E-6,-1.2000000,,,,,45.77999789E-6,1.000000,,,,,45.77999789E-6,-2.4000001,
,,,45.79999950E-6,-6.00000005E-3,,,,,45.79999950E-6,16.0000008E-3,,,,,45.79999950E-6,-1.2000000,,,,,45.79999950E-6,1.000000,,,,,45.79999950E-6,-2.4000001,
,,,45.82000111E-6,-6.00000005E-3,,,,,45.82000111E-6,16.0000008E-3,,,,,45.82000111E-6,-1.000000,,,,,45.82000111E-6,1.000000,,,,,45.82000111E-6,-2.0000000,
,,,45.83999907E-6,-4.00000019E-3,,,,,45.83999907E-6,12.0000001E-3,,,,,45.83999907E-6,-1.2000000,,,,,45.83999907E-6,1.2000000,,,,,45.83999907E-6,-2.4000001,
,,,45.86000068E-6,-2.0000001E-3,,,,,45.86000068E-6,16.0000008E-3,,,,,45.86000068E-6,-1.000000,,,,,45.86000068E-6,1.000000,,,,,45.86000068E-6,-2.0000000,
,,,45.87999865E-6,-4.00000019E-3,,,,,45.87999865E-6,16.0000008E-3,,,,,45.87999865E-6,-1.2000000,,,,,45.87999865E-6,800.000011921E-3,,,,,45.87999865E-6,-2.0000000,
,,,45.90000026E-6,0.0,,,,,45.90000026E-6,12.0000001E-3,,,,,45.90000026E-6,-1.000000,,,,,45.90000026E-6,1.000000,,,,,45.90000026E-6,-2.0000000,
,,,45.91999823E-6,-8.000000380E-3,,,,,45.91999823E-6,12.0000001E-3,,,,,45.91999823E-6,-1.000000,,,,,45.91999823E-6,1.000000,,,,,45.91999823E-6,-2.0000000,
,,,45.93999984E-6,-2.0000001E-3,,,,,45.93999984E-6,16.0000008E-3,,,,,45.93999984E-6,-1.000000,,,,,45.93999984E-6,1.000000,,,,,45.93999984E-6,-2.0000000,
,,,45.96000144E-6,-4.00000019E-3,,,,,45.96000144E-6,16.0000008E-3,,,,,45.96000144E-6,-1.2000000,,,,,45.96000144E-6,1.000000,,,,,45.96000144E-6,-2.4000001,
,,,45.97999941E-6,-6.00000005E-3,,,,,45.97999941E-6,16.0000008E-3,,,,,45.97999941E-6,-1.2000000,,,,,45.97999941E-6,1.000000,,,,,45.97999941E-6,-2.4000001,
