Time,Voltage,fs
-1.519999849271999e-06,0.0,250002498.4999831
-1.5159998892475993e-06,0.0,250002498.4999831
-1.511999849223199e-06,0.0,250002498.4999831
-1.5079998891987994e-06,0.0,250002498.4999831
-1.5039998391743989e-06,0.0,250002498.4999831
-1.499999879149999e-06,0.0,250002498.4999831
-1.4959999191255995e-06,0.0,250002498.4999831
-1.4919998691011992e-06,0.0,250002498.4999831
-1.4879999190767994e-06,0.0,250002498.4999831
-1.483999869052399e-06,-0.03999999999605,250002498.4999831
-1.4799999090279993e-06,0.0,250002498.4999831
-1.4759998590035992e-06,0.0,250002498.4999831
-1.4719998989791994e-06,0.0,250002498.4999831
-1.4679998589547991e-06,0.0,250002498.4999831
-1.4639998989303993e-06,0.0,250002498.4999831
-1.459999848905999e-06,-0.03999999999605,250002498.4999831
-1.4559998888815992e-06,0.0,250002498.4999831
-1.451999838857199e-06,0.0,250002498.4999831
-1.4479998888327992e-06,0.0,250002498.4999831
-1.4439999288083994e-06,-0.03999999999605,250002498.4999831
-1.4399998787839993e-06,0.0,250002498.4999831
-1.4359999187595995e-06,0.0,250002498.4999831
-1.4319998687351991e-06,0.0,250002498.4999831
-1.4279999087107994e-06,0.0,250002498.4999831
-1.423999868686399e-06,0.0,250002498.4999831
-1.4199999086619995e-06,0.0,250002498.4999831
-1.415999858637599e-06,-0.03999999999605,250002498.4999831
-1.4119998986131992e-06,0.0,250002498.4999831
-1.407999848588799e-06,0.0,250002498.4999831
-1.4039998985643993e-06,0.0,250002498.4999831
-1.3999998485399992e-06,-0.03999999999605,250002498.4999831
-1.3959998885155992e-06,0.0,250002498.4999831
-1.3919998384911989e-06,0.0,250002498.4999831
-1.3879998784667993e-06,0.0,250002498.4999831
-1.3839999284423995e-06,-0.03999999999605,250002498.4999831
-1.3799998784179992e-06,0.0,250002498.4999831
-1.3759999183935994e-06,0.0,250002498.4999831
-1.3719998683691991e-06,0.0,250002498.4999831
-1.3679999083447993e-06,0.0,250002498.4999831
-1.3639998583203992e-06,0.0,250002498.4999831
-1.3599999082959995e-06,-0.03999999999605,250002498.4999831
-1.3559998582715991e-06,0.0,250002498.4999831
-1.3519998982471993e-06,0.0,250002498.4999831
-1.347999848222799e-06,0.0,250002498.4999831
-1.3439998881983995e-06,0.0,250002498.4999831
-1.339999848173999e-06,-0.03999999999605,250002498.4999831
-1.3359998881495992e-06,0.0,250002498.4999831
-1.3319999281251996e-06,0.0,250002498.4999831
-1.3279998781007993e-06,0.0,250002498.4999831
-1.3239999180763995e-06,0.0,250002498.4999831
-1.3199998680519992e-06,0.0,250002498.4999831
-1.3159999180275994e-06,0.0,250002498.4999831
-1.3119998680031993e-06,0.0,250002498.4999831
-1.3079999079787995e-06,-0.03999999999605,250002498.4999831
-1.303999857954399e-06,0.0,250002498.4999831
-1.2999998979299994e-06,0.0,250002498.4999831
-1.295999857905599e-06,0.0,250002498.4999831
-1.2919998978811993e-06,0.0,250002498.4999831
-1.287999847856799e-06,0.0,250002498.4999831
-1.2839998878323992e-06,0.0,250002498.4999831
-1.279999837807999e-06,0.0,250002498.4999831
-1.2759998877835993e-06,-0.03999999999605,250002498.4999831
-1.2719999277591996e-06,0.0,250002498.4999831
-1.2679998777347992e-06,0.0,250002498.4999831
-1.2639999177103994e-06,0.0,250002498.4999831
-1.2599998676859991e-06,0.0,250002498.4999831
-1.2559999076615995e-06,0.0,250002498.4999831
-1.251999867637199e-06,0.0,250002498.4999831
-1.2479999076127995e-06,0.0,250002498.4999831
-1.2439998575883991e-06,0.0,250002498.4999831
-1.2399998975639994e-06,0.0,250002498.4999831
-1.235999847539599e-06,0.0,250002498.4999831
-1.2319998975151993e-06,0.0,250002498.4999831
-1.227999847490799e-06,0.0,250002498.4999831
-1.2239998874663994e-06,0.0,250002498.4999831
-1.2199998374419988e-06,0.0,250002498.4999831
-1.2159998774175993e-06,0.0,250002498.4999831
-1.2119999273931995e-06,0.0,250002498.4999831
-1.2079998773687992e-06,0.0,250002498.4999831
-1.2039999173443994e-06,-0.03999999999605,250002498.4999831
-1.199999867319999e-06,0.0,250002498.4999831
-1.1959999072955993e-06,0.0,250002498.4999831
-1.1919998572711992e-06,0.0,250002498.4999831
-1.1879999072467994e-06,0.0,250002498.4999831
-1.1839998572223991e-06,-0.03999999999605,250002498.4999831
-1.1799998971979993e-06,0.0,250002498.4999831
-1.175999847173599e-06,-0.03999999999605,250002498.4999831
-1.1719998871491992e-06,0.0,250002498.4999831
-1.167999847124799e-06,0.0,250002498.4999831
-1.1639998871003991e-06,0.0,250002498.4999831
-1.1599999270759996e-06,0.0,250002498.4999831
-1.1559998770515992e-06,0.0,250002498.4999831
-1.1519999170271995e-06,0.0,250002498.4999831
-1.1479998670027991e-06,0.0,250002498.4999831
-1.1439999169783994e-06,0.0,250002498.4999831
-1.1399998669539993e-06,0.0,250002498.4999831
-1.1359999069295995e-06,0.0,250002498.4999831
-1.131999856905199e-06,0.0,250002498.4999831
-1.1279998968807994e-06,-0.03999999999605,250002498.4999831
-1.123999856856399e-06,0.0,250002498.4999831
-1.1199998968319993e-06,0.0,250002498.4999831
-1.115999846807599e-06,0.0,250002498.4999831
-1.1119998867831992e-06,0.0,250002498.4999831
-1.107999836758799e-06,0.0,250002498.4999831
-1.1039998867343993e-06,0.0,250002498.4999831
-1.0999999267099995e-06,0.0,250002498.4999831
-1.0959998766855992e-06,0.0,250002498.4999831
-1.0919999166611994e-06,0.0,250002498.4999831
-1.087999866636799e-06,0.0,250002498.4999831
-1.0839999066123993e-06,0.0,250002498.4999831
-1.0799998665879992e-06,0.0,250002498.4999831
-1.0759999065635992e-06,0.0,250002498.4999831
-1.0719998565391991e-06,0.0,250002498.4999831
-1.0679998965147993e-06,0.0,250002498.4999831
-1.063999846490399e-06,0.0,250002498.4999831
-1.0599998964659995e-06,0.0,250002498.4999831
-1.055999846441599e-06,0.0,250002498.4999831
-1.0519998864171994e-06,0.0,250002498.4999831
-1.047999836392799e-06,0.0,250002498.4999831
-1.0439998763683993e-06,0.0,250002498.4999831
-1.0399999263439995e-06,0.0,250002498.4999831
-1.0359998763195992e-06,0.0,250002498.4999831
-1.0319999162951994e-06,0.0,250002498.4999831
-1.0279998662707993e-06,0.0,250002498.4999831
-1.0239999062463995e-06,0.0,250002498.4999831
-1.0199998562219992e-06,0.0,250002498.4999831
-1.0159999061975994e-06,0.0,250002498.4999831
-1.011999856173199e-06,0.0,250002498.4999831
-1.0079998961487995e-06,0.0,250002498.4999831
-1.003999846124399e-06,0.0,250002498.4999831
-9.999998898999993e-07,0.0,250002498.4999831
-9.95999841175599e-07,0.0,250002498.4999831
-9.919998834511993e-07,-0.03999999999605,250002498.4999831
-9.879999257267995e-07,-0.03999999999605,250002498.4999831
-9.839998771023992e-07,-0.03999999999605,250002498.4999831
-9.799999193779996e-07,0.0,250002498.4999831
-9.759998706535992e-07,0.0,250002498.4999831
-9.719999130291995e-07,0.0,250002498.4999831
-9.679998643047991e-07,-0.03999999999605,250002498.4999831
-9.639999065803993e-07,0.0,250002498.4999831
-9.599998579559992e-07,0.0,250002498.4999831
-9.559999002315992e-07,0.0,250002498.4999831
-9.51999851507199e-07,0.0,250002498.4999831
-9.479998937827994e-07,-0.03999999999605,250002498.4999831
-9.43999845158399e-07,0.0,250002498.4999831
-9.399998874339992e-07,0.0,250002498.4999831
-9.359998387095991e-07,0.0,250002498.4999831
-9.319998809851992e-07,0.0,250002498.4999831
-9.279999232607995e-07,0.0,250002498.4999831
-9.239998746363993e-07,0.0,250002498.4999831
-9.199999169119994e-07,0.0,250002498.4999831
-9.159998681875991e-07,-0.03999999999605,250002498.4999831
-9.119999104631994e-07,0.0,250002498.4999831
-9.079998618387992e-07,0.0,250002498.4999831
-9.039999041143993e-07,0.0,250002498.4999831
-8.999998553899991e-07,0.0,250002498.4999831
-8.959998976655994e-07,-0.03999999999605,250002498.4999831
-8.91999849041199e-07,0.0,250002498.4999831
-8.879998913167994e-07,0.0,250002498.4999831
-8.83999842592399e-07,0.0,250002498.4999831
-8.799998848679992e-07,-0.03999999999605,250002498.4999831
-8.759999271435995e-07,0.0,250002498.4999831
-8.719998785191993e-07,0.0,250002498.4999831
-8.679999207947994e-07,0.0,250002498.4999831
-8.639998721703992e-07,0.0,250002498.4999831
-8.599999144459995e-07,0.0,250002498.4999831
-8.559998657215992e-07,0.0,250002498.4999831
-8.519999079971993e-07,0.0,250002498.4999831
-8.479998593727991e-07,0.03999999999605,250002498.4999831
-8.439999016483994e-07,0.19999999700000004,250002498.4999831
-8.39999852923999e-07,0.24000000589999992,250002498.4999831
-8.359998951995994e-07,0.36000000909999985,250002498.4999831
-8.319998465751991e-07,0.3999999940000001,250002498.4999831
-8.279998888507992e-07,0.5599999816000003,250002498.4999831
-8.239998401263989e-07,0.5999999910000001,250002498.4999831
-8.199998824019993e-07,0.6800000097999999,250002498.4999831
-8.159999246775994e-07,0.7599999786000003,250002498.4999831
-8.119998760531992e-07,0.8800000067999999,250002498.4999831
-8.079999183287995e-07,0.9999999850000002,250002498.4999831
-8.039998696043992e-07,1.0400000413999992,250002498.4999831
-7.999999118799995e-07,1.1199999642000005,250002498.4999831
-7.959998632555992e-07,1.1999999820000002,250002498.4999831
-7.919999055311994e-07,1.3199999612000006,250002498.4999831
-7.879998568067991e-07,1.3600000175999998,250002498.4999831
-7.839998990823995e-07,1.3999999790000004,250002498.4999831
-7.799998504579991e-07,1.4799999968000002,250002498.4999831
-7.759998927335992e-07,1.5600000146,250002498.4999831
-7.719998440091989e-07,1.639999937400001,250002498.4999831
-7.679998862847993e-07,1.6800000892999987,250002498.4999831
-7.63999837660399e-07,1.6800000892999987,250002498.4999831
-7.599998799359993e-07,1.720000050699999,250002498.4999831
-7.559998767115993e-07,1.7999999730000005,250002498.4999831
-7.519998735871993e-07,1.7999999730000005,250002498.4999831
-7.479998703627993e-07,1.8800000862999986,250002498.4999831
-7.439998671383992e-07,1.8800000862999986,250002498.4999831
-7.399998639139992e-07,1.8800000862999986,250002498.4999831
-7.359998604895991e-07,1.9200000476999992,250002498.4999831
-7.319999034651994e-07,1.9200000476999992,250002498.4999831
-7.279998994407995e-07,1.9600000086,250002498.4999831
-7.239998964163993e-07,1.9600000086,250002498.4999831
-7.199998933919992e-07,1.9600000086,250002498.4999831
-7.159998903675993e-07,1.9999999700000004,250002498.4999831
-7.119998873431993e-07,1.9999999700000004,250002498.4999831
-7.079998843187992e-07,1.9999999700000004,250002498.4999831
-7.039998802943993e-07,1.9999999700000004,250002498.4999831
-6.999998772699992e-07,1.9999999700000004,250002498.4999831
-6.959998742455993e-07,1.9999999700000004,250002498.4999831
-6.919998712211992e-07,2.039999931400001,250002498.4999831
-6.879998681967992e-07,1.9999999700000004,250002498.4999831
-6.839998641723991e-07,1.9999999700000004,250002498.4999831
-6.799998611479991e-07,1.9600000086,250002498.4999831
-6.759999041235994e-07,1.9600000086,250002498.4999831
-6.719999000991994e-07,1.9600000086,250002498.4999831
-6.679998970747993e-07,1.9600000086,250002498.4999831
-6.639998940503994e-07,1.9600000086,250002498.4999831
-6.599998910259993e-07,1.9200000476999992,250002498.4999831
-6.559998880015993e-07,1.9200000476999992,250002498.4999831
-6.519998849771993e-07,1.8800000862999986,250002498.4999831
-6.479998809527993e-07,1.8800000862999986,250002498.4999831
-6.439998779283992e-07,1.8800000862999986,250002498.4999831
-6.399998749039993e-07,1.7999999730000005,250002498.4999831
-6.359998718795992e-07,1.7999999730000005,250002498.4999831
-6.319998688551992e-07,1.7600000115999999,250002498.4999831
-6.279998658307991e-07,1.720000050699999,250002498.4999831
-6.239998618063991e-07,1.720000050699999,250002498.4999831
-6.199999047819994e-07,1.6800000892999987,250002498.4999831
-6.159999007575994e-07,1.5999999760000003,250002498.4999831
-6.119998977331993e-07,1.5600000146,250002498.4999831
-6.079998947087994e-07,1.5199999582000006,250002498.4999831
-6.039998916843993e-07,1.4799999968000002,250002498.4999831
-5.999998886599993e-07,1.4400000353999993,250002498.4999831
-5.959998856355993e-07,1.3600000175999998,250002498.4999831
-5.919998816111993e-07,1.3199999612000006,250002498.4999831
-5.879998785867992e-07,1.2799999998,250002498.4999831
-5.839998755623992e-07,1.2400000383999994,250002498.4999831
-5.799998725379991e-07,1.1999999820000002,250002498.4999831
-5.759998695135992e-07,1.1600000205999998,250002498.4999831
-5.719998664891991e-07,1.0800000028,250002498.4999831
-5.679998624647992e-07,1.0400000413999992,250002498.4999831
-5.639999054403993e-07,0.9999999850000002,250002498.4999831
-5.599999024159994e-07,0.9199999662000006,250002498.4999831
-5.559998983915993e-07,0.8800000067999999,250002498.4999831
-5.519998953671994e-07,0.7999999880000002,250002498.4999831
-5.479998923427993e-07,0.7599999786000003,250002498.4999831
-5.439998893183993e-07,0.7200000191999997,250002498.4999831
-5.399998862939993e-07,0.6400000003999999,250002498.4999831
-5.359998832695993e-07,0.5999999910000001,250002498.4999831
-5.319998792451992e-07,0.5200000221999996,250002498.4999831
-5.279998762207992e-07,0.4800000118499998,250002498.4999831
-5.239998731963991e-07,0.3999999940000001,250002498.4999831
-5.199998701719992e-07,0.36000000909999985,250002498.4999831
-5.159998671475992e-07,0.27999999080000015,250002498.4999831
-5.119998631231992e-07,0.24000000589999992,250002498.4999831
-5.079998600987992e-07,0.16000000009999998,250002498.4999831
-5.039999030743994e-07,0.07999999880000003,250002498.4999831
-4.999998990499993e-07,0.03999999999605,250002498.4999831
-4.959998960255994e-07,-0.03999999999605,250002498.4999831
-4.919998930011993e-07,-0.07999999880000003,250002498.4999831
-4.879998899767993e-07,-0.12000000319999996,250002498.4999831
-4.839998869523993e-07,-0.24000000589999992,250002498.4999831
-4.799998839279993e-07,-0.27999999080000015,250002498.4999831
-4.7599987990359925e-07,-0.32000000019999997,250002498.4999831
-4.719998768791992e-07,-0.3999999940000001,250002498.4999831
-4.679998738547992e-07,-0.4800000118499998,250002498.4999831
-4.639998708303992e-07,-0.5200000221999996,250002498.4999831
-4.5999986780599916e-07,-0.5999999910000001,250002498.4999831
-4.5599986478159917e-07,-0.6400000003999999,250002498.4999831
-4.5199986075719917e-07,-0.7200000191999997,250002498.4999831
-4.479999037327994e-07,-0.7599999786000003,250002498.4999831
-4.439998997083994e-07,-0.8400000423999994,250002498.4999831
-4.399998966839994e-07,-0.8800000067999999,250002498.4999831
-4.3599989365959935e-07,-0.9600000255999996,250002498.4999831
-4.3199989063519935e-07,-0.9999999850000002,250002498.4999831
-4.2799988761079936e-07,-1.0400000413999992,250002498.4999831
-4.2399988458639926e-07,-1.1199999642000005,250002498.4999831
-4.1999988056199926e-07,-1.1600000205999998,250002498.4999831
-4.159998775375992e-07,-1.1999999820000002,250002498.4999831
-4.119998745131992e-07,-1.2799999998,250002498.4999831
-4.079998714887992e-07,-1.3199999612000006,250002498.4999831
-4.0399986846439917e-07,-1.3600000175999998,250002498.4999831
-3.999998654399992e-07,-1.4400000353999993,250002498.4999831
-3.959998614155992e-07,-1.4799999968000002,250002498.4999831
-3.919999043911994e-07,-1.5199999582000006,250002498.4999831
-3.879999013667994e-07,-1.5600000146,250002498.4999831
-3.839998973423994e-07,-1.639999937400001,250002498.4999831
-3.799998713179992e-07,-1.6800000892999987,250002498.4999831
-3.759998912935993e-07,-1.720000050699999,250002498.4999831
-3.719998882691993e-07,-1.7600000115999999,250002498.4999831
-3.679998852447993e-07,-1.7999999730000005,250002498.4999831
-3.6399988122039927e-07,-1.8399999344000009,250002498.4999831
-3.5999987819599927e-07,-1.8800000862999986,250002498.4999831
-3.559998751715992e-07,-1.9200000476999992,250002498.4999831
-3.519998721471992e-07,-1.9600000086,250002498.4999831
-3.479998921227993e-07,-1.9600000086,250002498.4999831
-3.439998880983993e-07,-2.039999931400001,250002498.4999831
-3.3999988507399927e-07,-2.039999931400001,250002498.4999831
-3.3599988204959927e-07,-2.0800000832999985,250002498.4999831
-3.319998790251992e-07,-2.1200000446999994,250002498.4999831
-3.2799987600079923e-07,-2.1600000056,250002498.4999831
-3.239998719763992e-07,-2.1600000056,250002498.4999831
-3.199998919519993e-07,-2.1999999670000006,250002498.4999831
-3.159998889275993e-07,-2.239999928400001,250002498.4999831
-3.1199988590319927e-07,-2.239999928400001,250002498.4999831
-3.079998828787993e-07,-2.280000080299999,250002498.4999831
-3.039998788543993e-07,-2.280000080299999,250002498.4999831
-2.9999987582999923e-07,-2.3200000416999993,250002498.4999831
-2.959998728055992e-07,-2.3200000416999993,250002498.4999831
-2.919998927811993e-07,-2.3600000026,250002498.4999831
-2.879998887567993e-07,-2.3600000026,250002498.4999831
-2.839998857323993e-07,-2.3600000026,250002498.4999831
-2.799998827079993e-07,-2.3999999640000005,250002498.4999831
-2.759998796835993e-07,-2.3999999640000005,250002498.4999831
-2.7199987665919924e-07,-2.3999999640000005,250002498.4999831
-2.6799987163479923e-07,-2.3999999640000005,250002498.4999831
-2.639998916103993e-07,-2.3999999640000005,250002498.4999831
-2.5999989158599934e-07,-2.439999925400001,250002498.4999831
-2.5599988156159926e-07,-2.439999925400001,250002498.4999831
-2.519998815371993e-07,-2.439999925400001,250002498.4999831
-2.4799988151279924e-07,-2.439999925400001,250002498.4999831
-2.4399988148839926e-07,-2.439999925400001,250002498.4999831
-2.399998714639992e-07,-2.3999999640000005,250002498.4999831
-2.3599989143959935e-07,-2.3999999640000005,250002498.4999831
-2.3199989141519934e-07,-2.439999925400001,250002498.4999831
-2.2799989139079933e-07,-2.3999999640000005,250002498.4999831
-2.2399988136639928e-07,-2.3999999640000005,250002498.4999831
-2.1999988134199927e-07,-2.3999999640000005,250002498.4999831
-2.1599988131759926e-07,-2.3600000026,250002498.4999831
-2.119998712931992e-07,-2.3600000026,250002498.4999831
-2.079998912687993e-07,-2.3600000026,250002498.4999831
-2.0399989124439934e-07,-2.3600000026,250002498.4999831
-1.9999989121999936e-07,-2.3200000416999993,250002498.4999831
-1.9599988119559928e-07,-2.3200000416999993,250002498.4999831
-1.9199988117119927e-07,-2.3200000416999993,250002498.4999831
-1.879998811467993e-07,-2.280000080299999,250002498.4999831
-1.8399988112239928e-07,-2.239999928400001,250002498.4999831
-1.7999988109799927e-07,-2.1999999670000006,250002498.4999831
-1.7599988107359925e-07,-2.1999999670000006,250002498.4999831
-1.7199989104919933e-07,-2.1999999670000006,250002498.4999831
-1.6799988102479929e-07,-2.1600000056,250002498.4999831
-1.6399988100039927e-07,-2.1200000446999994,250002498.4999831
-1.5999988097599926e-07,-2.0800000832999985,250002498.4999831
-1.5599989095159932e-07,-2.039999931400001,250002498.4999831
-1.5199988092719927e-07,-1.9999999700000004,250002498.4999831
-1.4799988090279926e-07,-1.9999999700000004,250002498.4999831
-1.4399989087839934e-07,-1.9600000086,250002498.4999831
-1.3999988085399926e-07,-1.9200000476999992,250002498.4999831
-1.3599988082959928e-07,-1.8800000862999986,250002498.4999831
-1.3199988080519927e-07,-1.8399999344000009,250002498.4999831
-1.2799989078079934e-07,-1.7999999730000005,250002498.4999831
-1.2399988075639927e-07,-1.7999999730000005,250002498.4999831
-1.1999988073199929e-07,-1.720000050699999,250002498.4999831
-1.1599989070759932e-07,-1.6800000892999987,250002498.4999831
-1.1199988068319926e-07,-1.639999937400001,250002498.4999831
-1.0799988065879927e-07,-1.5999999760000003,250002498.4999831
-1.0399988063439928e-07,-1.5600000146,250002498.4999831
-9.99998866706993e-08,-1.5199999582000006,250002498.4999831
-9.59998834731993e-08,-1.4799999968000002,250002498.4999831
-9.199988027559927e-08,-1.4400000353999993,250002498.4999831
-8.799988276239928e-08,-1.3999999790000004,250002498.4999831
-8.39998852491993e-08,-1.3600000175999998,250002498.4999831
-7.999988205169928e-08,-1.3199999612000006,250002498.4999831
-7.599988453849929e-08,-1.2400000383999994,250002498.4999831
-7.199988134099928e-08,-1.1999999820000002,250002498.4999831
-6.799988382779929e-08,-1.1600000205999998,250002498.4999831
-6.399988063029927e-08,-1.1199999642000005,250002498.4999831
-5.999988311709928e-08,-1.0400000413999992,250002498.4999831
-5.5999885603899305e-08,-0.9999999850000002,250002498.4999831
-5.199988240629929e-08,-0.9600000255999996,250002498.4999831
-4.7999884893199296e-08,-0.9199999662000006,250002498.4999831
-4.399988169559928e-08,-0.8400000423999994,250002498.4999831
-3.999988418199929e-08,-0.7999999880000002,250002498.4999831
-3.599988382659929e-08,-0.7200000191999997,250002498.4999831
-3.199988347219929e-08,-0.6800000097999999,250002498.4999831
-2.7999883116799284e-08,-0.5999999910000001,250002498.4999831
-2.3999882761399285e-08,-0.5599999816000003,250002498.4999831
-1.9999882405999282e-08,-0.5200000221999996,250002498.4999831
-1.599988205059928e-08,-0.44000000294999997,250002498.4999831
-1.1999883113199285e-08,-0.3999999940000001,250002498.4999831
-7.999882760599284e-09,-0.32000000019999997,250002498.4999831
-3.999882760399285e-09,-0.27999999080000015,250002498.4999831
1.1723955071516126e-13,-0.24000000589999992,250002498.4999831
4.000117239400716e-09,-0.16000000009999998,250002498.4999831
8.000117239700715e-09,-0.12000000319999996,250002498.4999831
1.2000117593200717e-08,-0.07999999880000003,250002498.4999831
1.600011795060072e-08,-0.03999999999605,250002498.4999831
2.000011688500071e-08,0.03999999999605,250002498.4999831
2.4000115819400704e-08,0.07999999880000003,250002498.4999831
2.800011617480071e-08,0.12000000319999996,250002498.4999831
3.200011653020071e-08,0.19999999700000004,250002498.4999831
3.6000116884600713e-08,0.24000000589999992,250002498.4999831
4.000011724000072e-08,0.27999999080000015,250002498.4999831
4.4000117595800716e-08,0.32000000019999997,250002498.4999831
4.8000117951200716e-08,0.3999999940000001,250002498.4999831
5.2000115464400705e-08,0.44000000294999997,250002498.4999831
5.6000118661900724e-08,0.4800000118499998,250002498.4999831
6.000011617510071e-08,0.5200000221999996,250002498.4999831
6.400011937260073e-08,0.5599999816000003,250002498.4999831
6.800011688580072e-08,0.6400000003999999,250002498.4999831
7.200011439900069e-08,0.6800000097999999,250002498.4999831
7.600011759650071e-08,0.7200000191999997,250002498.4999831
8.00001151097007e-08,0.7599999786000003,250002498.4999831
8.400011830730072e-08,0.7999999880000002,250002498.4999831
8.800011582040071e-08,0.8400000423999994,250002498.4999831
9.200011901800072e-08,0.9199999662000006,250002498.4999831
9.600012221550074e-08,0.9600000255999996,250002498.4999831
1.0000011061000066e-07,0.9999999850000002,250002498.4999831
1.0400012063440072e-07,1.0400000413999992,250002498.4999831
1.0800012065880073e-07,1.0800000028,250002498.4999831
1.1200011068320068e-07,1.1199999642000005,250002498.4999831
1.1600011070760068e-07,1.1600000205999998,250002498.4999831
1.2000012073200074e-07,1.1999999820000002,250002498.4999831
1.2400012075640075e-07,1.1999999820000002,250002498.4999831
1.2800011078080067e-07,1.2799999998,250002498.4999831
1.3200012080520072e-07,1.2799999998,250002498.4999831
1.3600012082960073e-07,1.3199999612000006,250002498.4999831
1.4000011085400065e-07,1.3199999612000006,250002498.4999831
1.4400011087840066e-07,1.3999999790000004,250002498.4999831
1.4800012090280074e-07,1.3999999790000004,250002498.4999831
1.5200012092720072e-07,1.4400000353999993,250002498.4999831
1.5600011095160067e-07,1.4799999968000002,250002498.4999831
1.6000012097600074e-07,1.5199999582000006,250002498.4999831
1.6400012100040075e-07,1.5199999582000006,250002498.4999831
1.6800011102480068e-07,1.5600000146,250002498.4999831
1.720001110492007e-07,1.5999999760000003,250002498.4999831
1.7600012107360073e-07,1.5999999760000003,250002498.4999831
1.8000012109800075e-07,1.5999999760000003,250002498.4999831
1.8400011112240067e-07,1.639999937400001,250002498.4999831
1.8800012114680071e-07,1.639999937400001,250002498.4999831
1.9200011117120066e-07,1.6800000892999987,250002498.4999831
1.9600011119560067e-07,1.720000050699999,250002498.4999831
2.0000011122000068e-07,1.720000050699999,250002498.4999831
2.0400012124440073e-07,1.720000050699999,250002498.4999831
2.0800012126880074e-07,1.720000050699999,250002498.4999831
2.1200012129320075e-07,1.720000050699999,250002498.4999831
2.160001313176008e-07,1.720000050699999,250002498.4999831
2.2000011134200066e-07,1.7600000115999999,250002498.4999831
2.2400011136640067e-07,1.7600000115999999,250002498.4999831
2.2800011139080066e-07,1.7600000115999999,250002498.4999831
2.3200012141520073e-07,1.7999999730000005,250002498.4999831
2.3600012143960074e-07,1.7600000115999999,250002498.4999831
2.400001214640007e-07,1.7999999730000005,250002498.4999831
2.440001314884008e-07,1.7600000115999999,250002498.4999831
2.480001115128007e-07,1.7600000115999999,250002498.4999831
2.520001115372007e-07,1.7999999730000005,250002498.4999831
2.560001115616007e-07,1.7999999730000005,250002498.4999831
2.600001215860007e-07,1.7999999730000005,250002498.4999831
2.6400012161040074e-07,1.7999999730000005,250002498.4999831
2.680001216348007e-07,1.7999999730000005,250002498.4999831
2.720001266592008e-07,1.7999999730000005,250002498.4999831
2.7600010668360064e-07,1.7600000115999999,250002498.4999831
2.800001097080007e-07,1.7999999730000005,250002498.4999831
2.840001137324007e-07,1.7600000115999999,250002498.4999831
2.8800011675680073e-07,1.7600000115999999,250002498.4999831
2.9200011978120073e-07,1.720000050699999,250002498.4999831
2.960001228056007e-07,1.720000050699999,250002498.4999831
3.0000012583000077e-07,1.720000050699999,250002498.4999831
3.0400010685440063e-07,1.6800000892999987,250002498.4999831
3.0800010987880063e-07,1.6800000892999987,250002498.4999831
3.120001129032007e-07,1.6800000892999987,250002498.4999831
3.1600011592760073e-07,1.639999937400001,250002498.4999831
3.200001189520007e-07,1.5999999760000003,250002498.4999831
3.240001229764007e-07,1.5999999760000003,250002498.4999831
3.2800012600080077e-07,1.5600000146,250002498.4999831
3.3200010602520063e-07,1.5600000146,250002498.4999831
3.360001090496006e-07,1.5199999582000006,250002498.4999831
3.400001130740007e-07,1.5199999582000006,250002498.4999831
3.440001160984007e-07,1.5199999582000006,250002498.4999831
3.480001191228007e-07,1.4799999968000002,250002498.4999831
3.520001221472007e-07,1.4400000353999993,250002498.4999831
3.560001251716007e-07,1.3999999790000004,250002498.4999831
3.600001061960006e-07,1.3600000175999998,250002498.4999831
3.640001092204007e-07,1.3600000175999998,250002498.4999831
3.6800011224480067e-07,1.3199999612000006,250002498.4999831
3.720001152692007e-07,1.3199999612000006,250002498.4999831
3.760001182936007e-07,1.2799999998,250002498.4999831
3.8000012231800077e-07,1.2400000383999994,250002498.4999831
3.8400012534240076e-07,1.1999999820000002,250002498.4999831
3.8800012836680076e-07,1.1999999820000002,250002498.4999831
3.920001313912008e-07,1.1600000205999998,250002498.4999831
3.960001344156008e-07,1.1199999642000005,250002498.4999831
4.000001374400008e-07,1.0800000028,250002498.4999831
4.040000954644006e-07,1.0400000413999992,250002498.4999831
4.0800009848880057e-07,0.9999999850000002,250002498.4999831
4.120001015132006e-07,0.9600000255999996,250002498.4999831
4.160001055376006e-07,0.9199999662000006,250002498.4999831
4.200001085620006e-07,0.9199999662000006,250002498.4999831
4.240001115864007e-07,0.8400000423999994,250002498.4999831
4.280001146108007e-07,0.8400000423999994,250002498.4999831
4.3200011763520076e-07,0.7999999880000002,250002498.4999831
4.3600012065960075e-07,0.7599999786000003,250002498.4999831
4.4000012468400075e-07,0.7200000191999997,250002498.4999831
4.4400012770840075e-07,0.6400000003999999,250002498.4999831
4.480001307328008e-07,0.6400000003999999,250002498.4999831
4.520001337572008e-07,0.5999999910000001,250002498.4999831
4.560001367816008e-07,0.5599999816000003,250002498.4999831
4.6000009480600057e-07,0.5200000221999996,250002498.4999831
4.6400009783040056e-07,0.4800000118499998,250002498.4999831
4.680001008548006e-07,0.44000000294999997,250002498.4999831
4.720001048792006e-07,0.3999999940000001,250002498.4999831
4.7600010790360066e-07,0.36000000909999985,250002498.4999831
4.800001109280007e-07,0.32000000019999997,250002498.4999831
4.840001139524007e-07,0.27999999080000015,250002498.4999831
4.880001169768008e-07,0.24000000589999992,250002498.4999831
4.920001200012007e-07,0.19999999700000004,250002498.4999831
4.960001240256007e-07,0.16000000009999998,250002498.4999831
5.000001270500008e-07,0.12000000319999996,250002498.4999831
5.040001300744007e-07,0.07999999880000003,250002498.4999831
5.080001330988008e-07,0.03999999999605,250002498.4999831
5.120001361232008e-07,0.0,250002498.4999831
5.160001391476009e-07,-0.03999999999605,250002498.4999831
5.200000971720006e-07,-0.07999999880000003,250002498.4999831
5.240001001964006e-07,-0.12000000319999996,250002498.4999831
5.280001042208007e-07,-0.16000000009999998,250002498.4999831
5.320001072452007e-07,-0.19999999700000004,250002498.4999831
5.360001102696006e-07,-0.24000000589999992,250002498.4999831
5.400001132940007e-07,-0.27999999080000015,250002498.4999831
5.440001163184007e-07,-0.32000000019999997,250002498.4999831
5.480001193428007e-07,-0.36000000909999985,250002498.4999831
5.520001233672007e-07,-0.3999999940000001,250002498.4999831
5.560001263916007e-07,-0.44000000294999997,250002498.4999831
5.600001294160007e-07,-0.4800000118499998,250002498.4999831
5.640001324404008e-07,-0.5200000221999996,250002498.4999831
5.680001354648008e-07,-0.5599999816000003,250002498.4999831
5.720001384892009e-07,-0.5599999816000003,250002498.4999831
5.760000965136005e-07,-0.5999999910000001,250002498.4999831
5.800000995380006e-07,-0.6400000003999999,250002498.4999831
5.840001025624006e-07,-0.6800000097999999,250002498.4999831
5.880001065868007e-07,-0.7200000191999997,250002498.4999831
5.920001096112006e-07,-0.7200000191999997,250002498.4999831
5.960001126356007e-07,-0.7599999786000003,250002498.4999831
6.000001156600007e-07,-0.7999999880000002,250002498.4999831
6.040001186844007e-07,-0.8400000423999994,250002498.4999831
6.080001227088007e-07,-0.8800000067999999,250002498.4999831
6.120001257332007e-07,-0.8800000067999999,250002498.4999831
6.160001287576008e-07,-0.9199999662000006,250002498.4999831
6.200001317820009e-07,-0.9600000255999996,250002498.4999831
6.240001348064008e-07,-0.9999999850000002,250002498.4999831
6.280001378308009e-07,-0.9999999850000002,250002498.4999831
6.320000958552005e-07,-1.0400000413999992,250002498.4999831
6.360000988796006e-07,-1.0400000413999992,250002498.4999831
6.400001019040006e-07,-1.0800000028,250002498.4999831
6.440001059284007e-07,-1.1199999642000005,250002498.4999831
6.480001089528006e-07,-1.1199999642000005,250002498.4999831
6.520001119772007e-07,-1.1600000205999998,250002498.4999831
6.560001150016006e-07,-1.1600000205999998,250002498.4999831
6.600001180260007e-07,-1.1999999820000002,250002498.4999831
6.640001210504007e-07,-1.1999999820000002,250002498.4999831
6.680001250748008e-07,-1.2400000383999994,250002498.4999831
6.720001280992008e-07,-1.2400000383999994,250002498.4999831
6.760001311236008e-07,-1.2799999998,250002498.4999831
6.800001341480008e-07,-1.2799999998,250002498.4999831
6.840001371724009e-07,-1.2799999998,250002498.4999831
6.880000951968006e-07,-1.3199999612000006,250002498.4999831
6.920000982212006e-07,-1.3199999612000006,250002498.4999831
6.960001012456006e-07,-1.3199999612000006,250002498.4999831
7.000001052700006e-07,-1.3199999612000006,250002498.4999831
7.040001082944006e-07,-1.3600000175999998,250002498.4999831
7.080001113188007e-07,-1.3600000175999998,250002498.4999831
7.120001143432006e-07,-1.3600000175999998,250002498.4999831
7.160001173676007e-07,-1.3600000175999998,250002498.4999831
7.200001203920007e-07,-1.3600000175999998,250002498.4999831
7.240001244164008e-07,-1.3999999790000004,250002498.4999831
7.280001274408008e-07,-1.3600000175999998,250002498.4999831
7.320001304652008e-07,-1.3999999790000004,250002498.4999831
7.360001334896008e-07,-1.3600000175999998,250002498.4999831
7.400001368140009e-07,-1.3999999790000004,250002498.4999831
7.440001400384008e-07,-1.3600000175999998,250002498.4999831
7.480000977628006e-07,-1.3999999790000004,250002498.4999831
7.520001008872006e-07,-1.3999999790000004,250002498.4999831
7.560001041116006e-07,-1.3600000175999998,250002498.4999831
7.600001073360006e-07,-1.3999999790000004,250002498.4999831
7.640001104604007e-07,-1.3600000175999998,250002498.4999831
7.680001591848009e-07,-1.3600000175999998,250002498.4999831
7.720001169092007e-07,-1.3600000175999998,250002498.4999831
7.760000746336004e-07,-1.3600000175999998,250002498.4999831
7.800001232580007e-07,-1.3600000175999998,250002498.4999831
7.840000809824005e-07,-1.3600000175999998,250002498.4999831
7.880001297068008e-07,-1.3600000175999998,250002498.4999831
7.920000874312005e-07,-1.3199999612000006,250002498.4999831
7.960001360556008e-07,-1.3199999612000006,250002498.4999831
8.000000937800006e-07,-1.3199999612000006,250002498.4999831
8.040001425044007e-07,-1.2799999998,250002498.4999831
8.080001002288006e-07,-1.2799999998,250002498.4999831
8.120001488532009e-07,-1.2799999998,250002498.4999831
8.160001065776005e-07,-1.2799999998,250002498.4999831
8.200001553020008e-07,-1.2400000383999994,250002498.4999831
8.240001130264007e-07,-1.2400000383999994,250002498.4999831
8.28000161650801e-07,-1.1999999820000002,250002498.4999831
8.320001193752007e-07,-1.1999999820000002,250002498.4999831
8.360000770996005e-07,-1.1999999820000002,250002498.4999831
8.400001258240008e-07,-1.1600000205999998,250002498.4999831
8.440000835484004e-07,-1.1199999642000005,250002498.4999831
8.480001321728008e-07,-1.1199999642000005,250002498.4999831
8.520000898972007e-07,-1.1199999642000005,250002498.4999831
8.560001386216008e-07,-1.0800000028,250002498.4999831
8.600000963460006e-07,-1.0800000028,250002498.4999831
8.640001449704009e-07,-1.0400000413999992,250002498.4999831
8.680001026948005e-07,-0.9999999850000002,250002498.4999831
8.720001513192009e-07,-0.9999999850000002,250002498.4999831
8.760001090436006e-07,-0.9600000255999996,250002498.4999831
8.800001577680009e-07,-0.9600000255999996,250002498.4999831
8.840001154924006e-07,-0.9199999662000006,250002498.4999831
8.880000732168005e-07,-0.8800000067999999,250002498.4999831
8.920001218412008e-07,-0.8800000067999999,250002498.4999831
8.960000795656005e-07,-0.8400000423999994,250002498.4999831
9.000001282900008e-07,-0.8400000423999994,250002498.4999831
9.040000860144004e-07,-0.7999999880000002,250002498.4999831
9.080001346388007e-07,-0.7599999786000003,250002498.4999831
9.120000923632006e-07,-0.7200000191999997,250002498.4999831
9.160001410876009e-07,-0.7200000191999997,250002498.4999831
9.200000988120005e-07,-0.6800000097999999,250002498.4999831
9.240001474364009e-07,-0.6800000097999999,250002498.4999831
9.280001051608006e-07,-0.6400000003999999,250002498.4999831
9.320001538852009e-07,-0.5999999910000001,250002498.4999831
9.360001116096006e-07,-0.5599999816000003,250002498.4999831
9.40000160234001e-07,-0.5200000221999996,250002498.4999831
9.440001179584007e-07,-0.5200000221999996,250002498.4999831
9.480000756828005e-07,-0.4800000118499998,250002498.4999831
9.520001244072008e-07,-0.44000000294999997,250002498.4999831
9.560000821316005e-07,-0.3999999940000001,250002498.4999831
9.600001307560008e-07,-0.3999999940000001,250002498.4999831
9.640000884804006e-07,-0.36000000909999985,250002498.4999831
9.680001372048008e-07,-0.36000000909999985,250002498.4999831
9.720000949292005e-07,-0.32000000019999997,250002498.4999831
9.760001435536009e-07,-0.27999999080000015,250002498.4999831
9.800001012780006e-07,-0.24000000589999992,250002498.4999831
9.84000149902401e-07,-0.24000000589999992,250002498.4999831
9.880001076268005e-07,-0.19999999700000004,250002498.4999831
9.92000156351201e-07,-0.16000000009999998,250002498.4999831
9.960001140756005e-07,-0.12000000319999996,250002498.4999831
1.000000166100001e-06,-0.07999999880000003,250002498.4999831
1.0040001161244006e-06,-0.07999999880000003,250002498.4999831
1.0080000761488004e-06,-0.03999999999605,250002498.4999831
1.0120001261732007e-06,0.0,250002498.4999831
1.0160000861976005e-06,0.03999999999605,250002498.4999831
1.0200001362220008e-06,0.07999999880000003,250002498.4999831
1.0240000862464006e-06,0.07999999880000003,250002498.4999831
1.0280001362708009e-06,0.12000000319999996,250002498.4999831
1.0320000962952007e-06,0.16000000009999998,250002498.4999831
1.0360001463196008e-06,0.19999999700000004,250002498.4999831
1.0400001063440006e-06,0.24000000589999992,250002498.4999831
1.044000156368401e-06,0.24000000589999992,250002498.4999831
1.0480001063928007e-06,0.27999999080000015,250002498.4999831
1.052000156417201e-06,0.32000000019999997,250002498.4999831
1.0560001164416008e-06,0.36000000909999985,250002498.4999831
1.0600000764660003e-06,0.36000000909999985,250002498.4999831
1.0640001264904009e-06,0.3999999940000001,250002498.4999831
1.0680000765148004e-06,0.3999999940000001,250002498.4999831
1.0720001265392007e-06,0.44000000294999997,250002498.4999831
1.0760000865636005e-06,0.44000000294999997,250002498.4999831
1.0800001365880008e-06,0.4800000118499998,250002498.4999831
1.0840000966124006e-06,0.5200000221999996,250002498.4999831
1.088000146636801e-06,0.5200000221999996,250002498.4999831
1.0920000966612005e-06,0.5599999816000003,250002498.4999831
1.0960001466856008e-06,0.5599999816000003,250002498.4999831
1.1000001067100006e-06,0.5999999910000001,250002498.4999831
1.104000156734401e-06,0.6400000003999999,250002498.4999831
1.1080001167588007e-06,0.6400000003999999,250002498.4999831
1.1120001567832008e-06,0.6800000097999999,250002498.4999831
1.1160001168076006e-06,0.6800000097999999,250002498.4999831
1.1200000768320006e-06,0.7200000191999997,250002498.4999831
1.1240001268564007e-06,0.7200000191999997,250002498.4999831
1.1280000868808005e-06,0.7599999786000003,250002498.4999831
1.1320001269052008e-06,0.7599999786000003,250002498.4999831
1.1360000869296003e-06,0.7999999880000002,250002498.4999831
1.1400001369540009e-06,0.7999999880000002,250002498.4999831
1.1440000969784007e-06,0.8400000423999994,250002498.4999831
1.1480001470028008e-06,0.8400000423999994,250002498.4999831
1.1520001070272006e-06,0.8400000423999994,250002498.4999831
1.1560001470516009e-06,0.8800000067999999,250002498.4999831
1.1600001070760006e-06,0.8800000067999999,250002498.4999831
1.164000157100401e-06,0.8800000067999999,250002498.4999831
1.1680001171248005e-06,0.9199999662000006,250002498.4999831
1.1720000771492003e-06,0.9199999662000006,250002498.4999831
1.1760001171736006e-06,0.9600000255999996,250002498.4999831
1.1800000771980004e-06,0.9600000255999996,250002498.4999831
1.1840001272224007e-06,0.9600000255999996,250002498.4999831
1.1880000872468005e-06,0.9600000255999996,250002498.4999831
1.1920001372712008e-06,0.9600000255999996,250002498.4999831
1.1960000872956006e-06,0.9600000255999996,250002498.4999831
1.2000001373200007e-06,0.9999999850000002,250002498.4999831
1.2040000973444005e-06,0.9999999850000002,250002498.4999831
1.2080001473688008e-06,0.9999999850000002,250002498.4999831
1.2120001073932006e-06,0.9999999850000002,250002498.4999831
1.216000157417601e-06,0.9999999850000002,250002498.4999831
1.2200001074420005e-06,0.9999999850000002,250002498.4999831
1.224000157466401e-06,1.0400000413999992,250002498.4999831
1.2280001174908008e-06,0.9999999850000002,250002498.4999831
1.2320000775152004e-06,1.0400000413999992,250002498.4999831
1.2360001275396007e-06,0.9999999850000002,250002498.4999831
1.2400000775640004e-06,1.0400000413999992,250002498.4999831
1.2440001275884008e-06,0.9999999850000002,250002498.4999831
1.2480000876128005e-06,0.9999999850000002,250002498.4999831
1.2520001376372009e-06,0.9999999850000002,250002498.4999831
1.2560000976616004e-06,1.0400000413999992,250002498.4999831
1.260000147686001e-06,1.0400000413999992,250002498.4999831
1.2640000977104005e-06,0.9999999850000002,250002498.4999831
1.2680001477348008e-06,0.9999999850000002,250002498.4999831
1.2720001077592006e-06,0.9999999850000002,250002498.4999831
1.276000157783601e-06,0.9999999850000002,250002498.4999831
1.2800001178080007e-06,0.9999999850000002,250002498.4999831
1.2840001578324008e-06,0.9999999850000002,250002498.4999831
1.2880001178568006e-06,0.9999999850000002,250002498.4999831
1.2920000778812004e-06,0.9999999850000002,250002498.4999831
1.2960001279056007e-06,0.9600000255999996,250002498.4999831
1.3000000879300005e-06,0.9600000255999996,250002498.4999831
1.3040001279544008e-06,0.9600000255999996,250002498.4999831
1.3080000879788004e-06,0.9600000255999996,250002498.4999831
1.312000138003201e-06,0.9199999662000006,250002498.4999831
1.3160000980276007e-06,0.9199999662000006,250002498.4999831
1.3200001480520008e-06,0.8800000067999999,250002498.4999831
1.3240001080764006e-06,0.9199999662000006,250002498.4999831
1.3280001481008009e-06,0.8800000067999999,250002498.4999831
1.3320001081252007e-06,0.8800000067999999,250002498.4999831
1.336000158149601e-06,0.8800000067999999,250002498.4999831
1.3400001181740006e-06,0.8400000423999994,250002498.4999831
1.3440000781984004e-06,0.8400000423999994,250002498.4999831
1.3480001182228009e-06,0.7999999880000002,250002498.4999831
1.3520000782472004e-06,0.7999999880000002,250002498.4999831
1.3560001282716008e-06,0.7999999880000002,250002498.4999831
1.3600000882960005e-06,0.7599999786000003,250002498.4999831
1.3640001383204009e-06,0.7599999786000003,250002498.4999831
1.3680000883448006e-06,0.7200000191999997,250002498.4999831
1.3720001383692007e-06,0.7200000191999997,250002498.4999831
1.3760000983936005e-06,0.6800000097999999,250002498.4999831
1.3800001484180008e-06,0.6800000097999999,250002498.4999831
1.3840001084424006e-06,0.6800000097999999,250002498.4999831
1.388000158466801e-06,0.6400000003999999,250002498.4999831
1.3920001084912007e-06,0.6400000003999999,250002498.4999831
1.3960001585156008e-06,0.5999999910000001,250002498.4999831
1.4000001185400008e-06,0.5599999816000003,250002498.4999831
1.4040000785644006e-06,0.5599999816000003,250002498.4999831
1.4080001285888007e-06,0.5200000221999996,250002498.4999831
1.4120000786132005e-06,0.5200000221999996,250002498.4999831
1.4160001286376006e-06,0.5200000221999996,250002498.4999831
1.4200000886620006e-06,0.4800000118499998,250002498.4999831
1.424000138686401e-06,0.44000000294999997,250002498.4999831
1.4280000987108005e-06,0.44000000294999997,250002498.4999831
1.4320001487352008e-06,0.3999999940000001,250002498.4999831
1.4360000987596005e-06,0.36000000909999985,250002498.4999831
1.4400001487840009e-06,0.36000000909999985,250002498.4999831
1.4440001088084007e-06,0.36000000909999985,250002498.4999831
1.4480001588328008e-06,0.32000000019999997,250002498.4999831
1.4520001188572006e-06,0.27999999080000015,250002498.4999831
1.4560000688816005e-06,0.27999999080000015,250002498.4999831
1.4600001189060006e-06,0.24000000589999992,250002498.4999831
1.4640000789304004e-06,0.24000000589999992,250002498.4999831
1.4680001289548007e-06,0.19999999700000004,250002498.4999831
1.4720000889792003e-06,0.19999999700000004,250002498.4999831
1.4760001290036008e-06,0.16000000009999998,250002498.4999831
1.4800000890280006e-06,0.12000000319999996,250002498.4999831
1.4840001390524007e-06,0.12000000319999996,250002498.4999831
1.4880000990768005e-06,0.07999999880000003,250002498.4999831
1.4920001491012008e-06,0.07999999880000003,250002498.4999831
1.4960001091256006e-06,0.03999999999605,250002498.4999831
1.500000149150001e-06,0.03999999999605,250002498.4999831
1.5040001091744005e-06,0.0,250002498.4999831
1.508000159198801e-06,0.0,250002498.4999831
1.5120001192232008e-06,-0.03999999999605,250002498.4999831
1.5160000792476004e-06,-0.07999999880000003,250002498.4999831
1.5200001192720007e-06,-0.07999999880000003,250002498.4999831
1.5240000792964004e-06,-0.12000000319999996,250002498.4999831
1.5280000393208002e-06,-0.12000000319999996,250002498.4999831
1.532000179345201e-06,-0.16000000009999998,250002498.4999831
1.5360001393696007e-06,-0.19999999700000004,250002498.4999831
1.5400000893940006e-06,-0.19999999700000004,250002498.4999831
1.5440000494184004e-06,-0.24000000589999992,250002498.4999831
1.548000189442801e-06,-0.24000000589999992,250002498.4999831
1.5520001494672009e-06,-0.27999999080000015,250002498.4999831
1.5560001094916006e-06,-0.27999999080000015,250002498.4999831
1.5600000695160002e-06,-0.32000000019999997,250002498.4999831
1.5640001995404013e-06,-0.32000000019999997,250002498.4999831
1.5680001595648008e-06,-0.36000000909999985,250002498.4999831
1.5720001195892006e-06,-0.3999999940000001,250002498.4999831
1.5760000796136004e-06,-0.36000000909999985,250002498.4999831
1.5800000396380002e-06,-0.3999999940000001,250002498.4999831
1.5840001796624013e-06,-0.44000000294999997,250002498.4999831
1.5880001296868008e-06,-0.44000000294999997,250002498.4999831
1.5920000897112004e-06,-0.4800000118499998,250002498.4999831
1.5960000497356002e-06,-0.4800000118499998,250002498.4999831
1.6000001897600012e-06,-0.5200000221999996,250002498.4999831
1.604000149784401e-06,-0.5200000221999996,250002498.4999831
1.6080000998088006e-06,-0.5200000221999996,250002498.4999831
1.6120000598332004e-06,-0.5200000221999996,250002498.4999831
1.6160001998576014e-06,-0.5599999816000003,250002498.4999831
1.620000159882001e-06,-0.5999999910000001,250002498.4999831
1.6240001199064008e-06,-0.5999999910000001,250002498.4999831
1.6280000699308003e-06,-0.5999999910000001,250002498.4999831
1.6320000299552001e-06,-0.5999999910000001,250002498.4999831
1.6360001699796012e-06,-0.6400000003999999,250002498.4999831
1.640000130004001e-06,-0.6400000003999999,250002498.4999831
1.6440000900284006e-06,-0.6400000003999999,250002498.4999831
1.6480000400528e-06,-0.6800000097999999,250002498.4999831
1.652000180077201e-06,-0.6800000097999999,250002498.4999831
1.656000140101601e-06,-0.6800000097999999,250002498.4999831
1.6600001001260007e-06,-0.6800000097999999,250002498.4999831
1.6640000601504005e-06,-0.7200000191999997,250002498.4999831
1.6680002001748012e-06,-0.7200000191999997,250002498.4999831
1.6720001501992007e-06,-0.7200000191999997,250002498.4999831
1.6760001102236007e-06,-0.7200000191999997,250002498.4999831
1.6800000702480005e-06,-0.7200000191999997,250002498.4999831
1.6840000302724003e-06,-0.7599999786000003,250002498.4999831
1.688000170296801e-06,-0.7599999786000003,250002498.4999831
1.692000120321201e-06,-0.7599999786000003,250002498.4999831
1.6960000803456007e-06,-0.7599999786000003,250002498.4999831
1.7000000403700003e-06,-0.7599999786000003,250002498.4999831
1.7040001803944011e-06,-0.7999999880000002,250002498.4999831
1.708000140418801e-06,-0.7599999786000003,250002498.4999831
1.7120000904432007e-06,-0.7599999786000003,250002498.4999831
1.7160000504676004e-06,-0.7999999880000002,250002498.4999831
1.720000190492001e-06,-0.7999999880000002,250002498.4999831
1.7240001505164009e-06,-0.7999999880000002,250002498.4999831
1.7280001105408007e-06,-0.7999999880000002,250002498.4999831
1.7320000705652005e-06,-0.7999999880000002,250002498.4999831
1.7360002005896013e-06,-0.7999999880000002,250002498.4999831
1.7400001606140009e-06,-0.7599999786000003,250002498.4999831
1.7440001206384006e-06,-0.7999999880000002,250002498.4999831
1.7480000806628004e-06,-0.7999999880000002,250002498.4999831
1.7520000406872002e-06,-0.7999999880000002,250002498.4999831
1.7560001807116009e-06,-0.7999999880000002,250002498.4999831
1.7600001307360008e-06,-0.7999999880000002,250002498.4999831
1.7640000907604004e-06,-0.7999999880000002,250002498.4999831
1.7680000507848002e-06,-0.7599999786000003,250002498.4999831
1.772000190809201e-06,-0.7599999786000003,250002498.4999831
1.7760001508336006e-06,-0.7599999786000003,250002498.4999831
1.7800001008580006e-06,-0.7599999786000003,250002498.4999831
1.7840000608824004e-06,-0.7599999786000003,250002498.4999831
1.788000200906801e-06,-0.7599999786000003,250002498.4999831
1.7920001609312008e-06,-0.7200000191999997,250002498.4999831
1.7960001209556006e-06,-0.7200000191999997,250002498.4999831
1.8000000709800004e-06,-0.7200000191999997,250002498.4999831
1.8040000310044001e-06,-0.7200000191999997,250002498.4999831
1.8080001710288008e-06,-0.7200000191999997,250002498.4999831
1.8120001310532006e-06,-0.6800000097999999,250002498.4999831
1.8160000910776004e-06,-0.6800000097999999,250002498.4999831
1.8200000411020001e-06,-0.6800000097999999,250002498.4999831
1.824000181126401e-06,-0.6800000097999999,250002498.4999831
1.8280001411508008e-06,-0.6800000097999999,250002498.4999831
1.8320001011752003e-06,-0.6800000097999999,250002498.4999831
1.8360000611996001e-06,-0.6400000003999999,250002498.4999831
1.8400002012240012e-06,-0.6400000003999999,250002498.4999831
1.8440001512484007e-06,-0.6400000003999999,250002498.4999831
1.8480001112728005e-06,-0.5999999910000001,250002498.4999831
1.8520000712972003e-06,-0.5999999910000001,250002498.4999831
1.8560000313215999e-06,-0.5999999910000001,250002498.4999831
1.860000171346001e-06,-0.5999999910000001,250002498.4999831
1.8640001213704005e-06,-0.5599999816000003,250002498.4999831
1.8680000813948003e-06,-0.5599999816000003,250002498.4999831
1.8720000414192e-06,-0.5599999816000003,250002498.4999831
1.8760001814436011e-06,-0.5200000221999996,250002498.4999831
1.880000141468001e-06,-0.5200000221999996,250002498.4999831
1.8840000914924005e-06,-0.5200000221999996,250002498.4999831
1.8880000515168e-06,-0.4800000118499998,250002498.4999831
1.8920001915412011e-06,-0.4800000118499998,250002498.4999831
1.896000151565601e-06,-0.44000000294999997,250002498.4999831
1.9000001115900007e-06,-0.44000000294999997,250002498.4999831
1.9040000716144005e-06,-0.44000000294999997,250002498.4999831
1.9080002016388013e-06,-0.3999999940000001,250002498.4999831
1.912000161663201e-06,-0.3999999940000001,250002498.4999831
1.916000121687601e-06,-0.36000000909999985,250002498.4999831
1.9200000817120007e-06,-0.36000000909999985,250002498.4999831
1.9240000417364e-06,-0.36000000909999985,250002498.4999831
1.928000181760801e-06,-0.32000000019999997,250002498.4999831
1.932000131785201e-06,-0.32000000019999997,250002498.4999831
1.9360000918096006e-06,-0.32000000019999997,250002498.4999831
1.9400000518340004e-06,-0.27999999080000015,250002498.4999831
1.944000191858401e-06,-0.27999999080000015,250002498.4999831
1.9480001518828007e-06,-0.24000000589999992,250002498.4999831
1.9520001019072006e-06,-0.19999999700000004,250002498.4999831
1.9560000619316004e-06,-0.19999999700000004,250002498.4999831
1.9600002019560013e-06,-0.19999999700000004,250002498.4999831
1.964000161980401e-06,-0.16000000009999998,250002498.4999831
1.9680001220048004e-06,-0.16000000009999998,250002498.4999831
1.9720000720292004e-06,-0.16000000009999998,250002498.4999831
1.9760000320536e-06,-0.12000000319999996,250002498.4999831
1.980000172078001e-06,-0.07999999880000003,250002498.4999831
1.984000132102401e-06,-0.07999999880000003,250002498.4999831
1.9880000921268006e-06,-0.07999999880000003,250002498.4999831
1.9920000421512e-06,-0.03999999999605,250002498.4999831
1.996000182175601e-06,-0.03999999999605,250002498.4999831
2.0000001422000008e-06,0.0,250002498.4999831
2.0040001022244006e-06,0.0,250002498.4999831
2.0080000622488004e-06,0.0,250002498.4999831
2.0120001982732008e-06,0.0,250002498.4999831
2.0160001562976008e-06,0.03999999999605,250002498.4999831
2.0200001143220003e-06,0.07999999880000003,250002498.4999831
2.0240000713464004e-06,0.07999999880000003,250002498.4999831
2.0280000293708e-06,0.07999999880000003,250002498.4999831
2.0320001693952013e-06,0.12000000319999996,250002498.4999831
2.0360001264196005e-06,0.12000000319999996,250002498.4999831
2.0400000844440005e-06,0.12000000319999996,250002498.4999831
2.0440000424684e-06,0.16000000009999998,250002498.4999831
2.048000181492801e-06,0.16000000009999998,250002498.4999831
2.052000139517201e-06,0.19999999700000004,250002498.4999831
2.0560000975416006e-06,0.19999999700000004,250002498.4999831
2.060000055566e-06,0.19999999700000004,250002498.4999831
2.064000194590401e-06,0.24000000589999992,250002498.4999831
2.068000152614801e-06,0.24000000589999992,250002498.4999831
2.0720001106392007e-06,0.27999999080000015,250002498.4999831
2.0760000676636004e-06,0.27999999080000015,250002498.4999831
2.0800002076880012e-06,0.32000000019999997,250002498.4999831
2.084000165712401e-06,0.32000000019999997,250002498.4999831
2.088000122736801e-06,0.32000000019999997,250002498.4999831
2.0920000807612005e-06,0.32000000019999997,250002498.4999831
2.0960000387856005e-06,0.32000000019999997,250002498.4999831
2.100000177810001e-06,0.36000000909999985,250002498.4999831
2.104000135834401e-06,0.36000000909999985,250002498.4999831
2.1080000938588006e-06,0.3999999940000001,250002498.4999831
2.1120000508832002e-06,0.3999999940000001,250002498.4999831
2.116000190907601e-06,0.3999999940000001,250002498.4999831
2.1200001489320007e-06,0.3999999940000001,250002498.4999831
2.1240001059564008e-06,0.44000000294999997,250002498.4999831
2.1280000639808003e-06,0.44000000294999997,250002498.4999831
2.132000204005201e-06,0.44000000294999997,250002498.4999831
2.136000161029601e-06,0.44000000294999997,250002498.4999831
2.140000119054001e-06,0.44000000294999997,250002498.4999831
2.1440000770784004e-06,0.44000000294999997,250002498.4999831
2.1480000341028e-06,0.4800000118499998,250002498.4999831
2.152000174127201e-06,0.5200000221999996,250002498.4999831
2.1560001321516005e-06,0.4800000118499998,250002498.4999831
2.1600000891760006e-06,0.5200000221999996,250002498.4999831
2.1640000472004e-06,0.5200000221999996,250002498.4999831
2.168000187224801e-06,0.5200000221999996,250002498.4999831
2.1720001442492007e-06,0.5200000221999996,250002498.4999831
2.1760001022736007e-06,0.5200000221999996,250002498.4999831
2.1800000602980003e-06,0.5200000221999996,250002498.4999831
2.1840001993224012e-06,0.5200000221999996,250002498.4999831
2.188000157346801e-06,0.5200000221999996,250002498.4999831
2.1920001153712004e-06,0.5200000221999996,250002498.4999831
2.1960000723956005e-06,0.5599999816000003,250002498.4999831
2.20000003042e-06,0.5599999816000003,250002498.4999831
2.204000170444401e-06,0.5599999816000003,250002498.4999831
2.2080001274688006e-06,0.5599999816000003,250002498.4999831
2.2120000854932005e-06,0.5599999816000003,250002498.4999831
2.2160000435176e-06,0.5599999816000003,250002498.4999831
2.220000182542001e-06,0.5599999816000003,250002498.4999831
2.2240001405664006e-06,0.5599999816000003,250002498.4999831
2.2280000985908002e-06,0.5599999816000003,250002498.4999831
2.2320000566152e-06,0.5599999816000003,250002498.4999831
2.236000195639601e-06,0.5599999816000003,250002498.4999831
2.240000153664001e-06,0.5599999816000003,250002498.4999831
2.2440001116884003e-06,0.5599999816000003,250002498.4999831
2.2480000687128004e-06,0.5599999816000003,250002498.4999831
2.2520000267372e-06,0.5599999816000003,250002498.4999831
2.2560001667616013e-06,0.5599999816000003,250002498.4999831
2.260000123786001e-06,0.5599999816000003,250002498.4999831
2.2640000818104e-06,0.5599999816000003,250002498.4999831
2.2680000398348e-06,0.5599999816000003,250002498.4999831
2.272000178859201e-06,0.5599999816000003,250002498.4999831
2.276000136883601e-06,0.5599999816000003,250002498.4999831
2.2800000949080006e-06,0.5599999816000003,250002498.4999831
2.2840000519324003e-06,0.5200000221999996,250002498.4999831
2.288000191956801e-06,0.5200000221999996,250002498.4999831
2.292000149981201e-06,0.5200000221999996,250002498.4999831
2.2960001070056008e-06,0.5200000221999996,250002498.4999831
2.3000000650300003e-06,0.5200000221999996,250002498.4999831
2.304000205054401e-06,0.5200000221999996,250002498.4999831
2.308000162078801e-06,0.5200000221999996,250002498.4999831
2.312000120103201e-06,0.4800000118499998,250002498.4999831
2.3160000781276004e-06,0.4800000118499998,250002498.4999831
2.320000035152e-06,0.4800000118499998,250002498.4999831
2.324000175176401e-06,0.4800000118499998,250002498.4999831
2.328000133200801e-06,0.4800000118499998,250002498.4999831
2.3320000902252006e-06,0.44000000294999997,250002498.4999831
2.3360000482496e-06,0.44000000294999997,250002498.4999831
2.340000188274001e-06,0.44000000294999997,250002498.4999831
2.3440001452984007e-06,0.44000000294999997,250002498.4999831
2.3480001033228007e-06,0.44000000294999997,250002498.4999831
2.3520000613472003e-06,0.3999999940000001,250002498.4999831
2.3560002003716013e-06,0.3999999940000001,250002498.4999831
2.360000158396001e-06,0.3999999940000001,250002498.4999831
2.364000116420401e-06,0.3999999940000001,250002498.4999831
2.3680000744448004e-06,0.36000000909999985,250002498.4999831
2.3720000314692e-06,0.36000000909999985,250002498.4999831
2.376000171493601e-06,0.36000000909999985,250002498.4999831
2.3800001285180006e-06,0.36000000909999985,250002498.4999831
2.3840000865424006e-06,0.32000000019999997,250002498.4999831
2.3880000445668e-06,0.32000000019999997,250002498.4999831
2.392000183591201e-06,0.32000000019999997,250002498.4999831
2.3960001416156007e-06,0.32000000019999997,250002498.4999831
2.4000000996400007e-06,0.27999999080000015,250002498.4999831
2.4040000576644002e-06,0.27999999080000015,250002498.4999831
2.4080001966888008e-06,0.27999999080000015,250002498.4999831
2.4120001547132008e-06,0.24000000589999992,250002498.4999831
2.4160001127376003e-06,0.24000000589999992,250002498.4999831
2.4200000697620004e-06,0.24000000589999992,250002498.4999831
2.4240000277864e-06,0.19999999700000004,250002498.4999831
2.4280001678108013e-06,0.19999999700000004,250002498.4999831
2.4320001248352005e-06,0.19999999700000004,250002498.4999831
2.4360000828596005e-06,0.19999999700000004,250002498.4999831
2.440000040884e-06,0.19999999700000004,250002498.4999831
2.444000179908401e-06,0.16000000009999998,250002498.4999831
2.448000137932801e-06,0.16000000009999998,250002498.4999831
2.4520000959572e-06,0.12000000319999996,250002498.4999831
2.4560000529816003e-06,0.12000000319999996,250002498.4999831
2.460000193006001e-06,0.12000000319999996,250002498.4999831
2.464000151030401e-06,0.07999999880000003,250002498.4999831
2.468000108054801e-06,0.07999999880000003,250002498.4999831
2.4720000660792004e-06,0.07999999880000003,250002498.4999831
2.4760002061036012e-06,0.07999999880000003,250002498.4999831
2.480000163128001e-06,0.03999999999605,250002498.4999831
2.484000121152401e-06,0.03999999999605,250002498.4999831
2.4880000791768005e-06,0.03999999999605,250002498.4999831
2.4920000362012e-06,0.0,250002498.4999831
2.496000176225601e-06,0.0,250002498.4999831
2.500000134250001e-06,0.0,250002498.4999831
2.5040000912744007e-06,-0.03999999999605,250002498.4999831
2.5080000492988002e-06,-0.03999999999605,250002498.4999831
2.512000189323201e-06,-0.03999999999605,250002498.4999831
2.5160001463476008e-06,-0.03999999999605,250002498.4999831
2.5200001043720007e-06,-0.07999999880000003,250002498.4999831
2.5240000623964003e-06,-0.07999999880000003,250002498.4999831
2.5280002014208013e-06,-0.12000000319999996,250002498.4999831
2.532000159445201e-06,-0.12000000319999996,250002498.4999831
2.536000117469601e-06,-0.12000000319999996,250002498.4999831
2.5400000754940004e-06,-0.12000000319999996,250002498.4999831
2.5440000325184e-06,-0.16000000009999998,250002498.4999831
2.548000172542801e-06,-0.16000000009999998,250002498.4999831
2.5520001305672005e-06,-0.16000000009999998,250002498.4999831
2.5560000875916006e-06,-0.19999999700000004,250002498.4999831
2.560000045616e-06,-0.16000000009999998,250002498.4999831
2.564000185640401e-06,-0.19999999700000004,250002498.4999831
2.5680001426648007e-06,-0.19999999700000004,250002498.4999831
2.5720001006892007e-06,-0.24000000589999992,250002498.4999831
2.5760000587136003e-06,-0.24000000589999992,250002498.4999831
2.5800001977380012e-06,-0.24000000589999992,250002498.4999831
2.5840001557624008e-06,-0.24000000589999992,250002498.4999831
2.5880001137868004e-06,-0.24000000589999992,250002498.4999831
2.5920000708112004e-06,-0.27999999080000015,250002498.4999831
2.5960000288356e-06,-0.27999999080000015,250002498.4999831
2.600000168860001e-06,-0.32000000019999997,250002498.4999831
2.6040001258844005e-06,-0.32000000019999997,250002498.4999831
2.6080000839088005e-06,-0.32000000019999997,250002498.4999831
2.6120000419332e-06,-0.32000000019999997,250002498.4999831
2.616000180957601e-06,-0.32000000019999997,250002498.4999831
2.6200001389820006e-06,-0.32000000019999997,250002498.4999831
2.6240000970064e-06,-0.32000000019999997,250002498.4999831
2.6280000540308003e-06,-0.36000000909999985,250002498.4999831
2.632000194055201e-06,-0.36000000909999985,250002498.4999831
2.636000152079601e-06,-0.36000000909999985,250002498.4999831
2.6400001091040004e-06,-0.36000000909999985,250002498.4999831
2.6440000671284004e-06,-0.36000000909999985,250002498.4999831
2.6480002071528013e-06,-0.36000000909999985,250002498.4999831
2.652000164177201e-06,-0.36000000909999985,250002498.4999831
2.656000122201601e-06,-0.3999999940000001,250002498.4999831
2.660000080226e-06,-0.3999999940000001,250002498.4999831
2.6640000372504e-06,-0.3999999940000001,250002498.4999831
2.668000177274801e-06,-0.3999999940000001,250002498.4999831
2.672000135299201e-06,-0.3999999940000001,250002498.4999831
2.6760000923236007e-06,-0.3999999940000001,250002498.4999831
2.6800000503480002e-06,-0.3999999940000001,250002498.4999831
2.684000190372401e-06,-0.3999999940000001,250002498.4999831
2.6880001473968008e-06,-0.3999999940000001,250002498.4999831
2.6920001054212008e-06,-0.3999999940000001,250002498.4999831
2.6960000634456003e-06,-0.3999999940000001,250002498.4999831
2.7000002024700013e-06,-0.3999999940000001,250002498.4999831
2.704000160494401e-06,-0.44000000294999997,250002498.4999831
2.708000118518801e-06,-0.3999999940000001,250002498.4999831
2.7120000765432004e-06,-0.44000000294999997,250002498.4999831
2.7160000335676e-06,-0.44000000294999997,250002498.4999831
2.720000173592001e-06,-0.44000000294999997,250002498.4999831
2.724000131616401e-06,-0.44000000294999997,250002498.4999831
2.7280000886408006e-06,-0.44000000294999997,250002498.4999831
2.7320000466652e-06,-0.44000000294999997,250002498.4999831
2.736000186689601e-06,-0.44000000294999997,250002498.4999831
2.7400001437140007e-06,-0.44000000294999997,250002498.4999831
2.7440001017384007e-06,-0.44000000294999997,250002498.4999831
2.7480000597628003e-06,-0.3999999940000001,250002498.4999831
2.7520001987872012e-06,-0.3999999940000001,250002498.4999831
2.756000156811601e-06,-0.44000000294999997,250002498.4999831
2.760000114836001e-06,-0.3999999940000001,250002498.4999831
2.7640000718604005e-06,-0.3999999940000001,250002498.4999831
2.7680000298848e-06,-0.3999999940000001,250002498.4999831
2.772000169909201e-06,-0.3999999940000001,250002498.4999831
2.7760001269336006e-06,-0.3999999940000001,250002498.4999831
2.7800000849580006e-06,-0.3999999940000001,250002498.4999831
2.7840000429824e-06,-0.3999999940000001,250002498.4999831
2.788000182006801e-06,-0.3999999940000001,250002498.4999831
2.7920001400312007e-06,-0.3999999940000001,250002498.4999831
2.7960000980556007e-06,-0.3999999940000001,250002498.4999831
2.8000000550800003e-06,-0.3999999940000001,250002498.4999831
2.8040001951044008e-06,-0.3999999940000001,250002498.4999831
2.8080001531288008e-06,-0.36000000909999985,250002498.4999831
2.8120001101532004e-06,-0.3999999940000001,250002498.4999831
2.8160000681776004e-06,-0.36000000909999985,250002498.4999831
2.8200002082020013e-06,-0.36000000909999985,250002498.4999831
2.824000165226401e-06,-0.36000000909999985,250002498.4999831
2.8280001232508005e-06,-0.36000000909999985,250002498.4999831
2.8320000812752005e-06,-0.36000000909999985,250002498.4999831
2.8360000382996e-06,-0.32000000019999997,250002498.4999831
2.840000178324001e-06,-0.32000000019999997,250002498.4999831
2.844000136348401e-06,-0.32000000019999997,250002498.4999831
2.8480000933728003e-06,-0.32000000019999997,250002498.4999831
2.8520000513972003e-06,-0.32000000019999997,250002498.4999831
2.856000191421601e-06,-0.32000000019999997,250002498.4999831
2.860000148446001e-06,-0.27999999080000015,250002498.4999831
2.864000106470401e-06,-0.32000000019999997,250002498.4999831
2.8680000644948004e-06,-0.27999999080000015,250002498.4999831
2.8720002035192013e-06,-0.27999999080000015,250002498.4999831
2.876000161543601e-06,-0.27999999080000015,250002498.4999831
2.880000119568001e-06,-0.27999999080000015,250002498.4999831
2.8840000775924004e-06,-0.27999999080000015,250002498.4999831
2.8880000346168e-06,-0.24000000589999992,250002498.4999831
2.892000174641201e-06,-0.24000000589999992,250002498.4999831
2.896000132665601e-06,-0.24000000589999992,250002498.4999831
2.9000000896900006e-06,-0.24000000589999992,250002498.4999831
2.9040000477144e-06,-0.24000000589999992,250002498.4999831
2.908000187738801e-06,-0.19999999700000004,250002498.4999831
2.9120001447632007e-06,-0.19999999700000004,250002498.4999831
2.9160001027876007e-06,-0.19999999700000004,250002498.4999831
2.9200000608120003e-06,-0.19999999700000004,250002498.4999831
2.9240001998364013e-06,-0.16000000009999998,250002498.4999831
2.928000157860801e-06,-0.16000000009999998,250002498.4999831
2.932000115885201e-06,-0.16000000009999998,250002498.4999831
2.9360000729096005e-06,-0.16000000009999998,250002498.4999831
2.940000030934e-06,-0.16000000009999998,250002498.4999831
2.944000170958401e-06,-0.12000000319999996,250002498.4999831
2.9480001279828006e-06,-0.16000000009999998,250002498.4999831
2.9520000860072006e-06,-0.12000000319999996,250002498.4999831
2.9560000440316e-06,-0.12000000319999996,250002498.4999831
2.960000183056001e-06,-0.07999999880000003,250002498.4999831
2.9640001410804007e-06,-0.07999999880000003,250002498.4999831
2.9680000991048007e-06,-0.07999999880000003,250002498.4999831
2.9720000561292003e-06,-0.07999999880000003,250002498.4999831
2.976000196153601e-06,-0.07999999880000003,250002498.4999831
2.9800001541780008e-06,-0.03999999999605,250002498.4999831
2.9840001112024004e-06,-0.03999999999605,250002498.4999831
2.9880000692268004e-06,-0.03999999999605,250002498.4999831
2.9920000272512e-06,0.0,250002498.4999831
2.996000166275601e-06,-0.03999999999605,250002498.4999831
3.0000001243000005e-06,0.0,250002498.4999831
3.0040000823244005e-06,0.0,250002498.4999831
3.0080000403488e-06,0.0,250002498.4999831
3.012000179373201e-06,0.03999999999605,250002498.4999831
3.0160001373976006e-06,0.03999999999605,250002498.4999831
3.020000095422e-06,0.03999999999605,250002498.4999831
3.0240000524464003e-06,0.03999999999605,250002498.4999831
3.028000192470801e-06,0.03999999999605,250002498.4999831
3.032000149495201e-06,0.07999999880000003,250002498.4999831
3.0360001075196004e-06,0.07999999880000003,250002498.4999831
3.0400000655440004e-06,0.07999999880000003,250002498.4999831
3.0440002045684013e-06,0.07999999880000003,250002498.4999831
3.048000162592801e-06,0.07999999880000003,250002498.4999831
3.052000120617201e-06,0.12000000319999996,250002498.4999831
3.0560000786416005e-06,0.12000000319999996,250002498.4999831
3.060000035666e-06,0.12000000319999996,250002498.4999831
3.0639999936903997e-06,0.12000000319999996,250002498.4999831
3.0679999517147997e-06,0.12000000319999996,250002498.4999831
3.0720002727392015e-06,0.12000000319999996,250002498.4999831
3.0760002307636015e-06,0.16000000009999998,250002498.4999831
3.080000188788001e-06,0.12000000319999996,250002498.4999831
3.0840001458124008e-06,0.16000000009999998,250002498.4999831
3.0880001038368003e-06,0.16000000009999998,250002498.4999831
3.0920000618612e-06,0.19999999700000004,250002498.4999831
3.0960000188856e-06,0.19999999700000004,250002498.4999831
3.09999997691e-06,0.16000000009999998,250002498.4999831
3.1040002989344017e-06,0.19999999700000004,250002498.4999831
3.108000255958802e-06,0.19999999700000004,250002498.4999831
3.1120002139832014e-06,0.19999999700000004,250002498.4999831
3.1160001720076005e-06,0.19999999700000004,250002498.4999831
3.1200001290320006e-06,0.24000000589999992,250002498.4999831
3.1240000870564006e-06,0.24000000589999992,250002498.4999831
3.1280000450808e-06,0.24000000589999992,250002498.4999831
3.1320000021052e-06,0.24000000589999992,250002498.4999831
3.1359999601295994e-06,0.24000000589999992,250002498.4999831
3.140000282154002e-06,0.24000000589999992,250002498.4999831
3.1440002391784012e-06,0.24000000589999992,250002498.4999831
3.1480001972028012e-06,0.24000000589999992,250002498.4999831
3.152000155227201e-06,0.24000000589999992,250002498.4999831
3.156000112251601e-06,0.24000000589999992,250002498.4999831
3.160000070276e-06,0.24000000589999992,250002498.4999831
3.1640000283003996e-06,0.24000000589999992,250002498.4999831
3.1679999863247996e-06,0.27999999080000015,250002498.4999831
3.1719999433491997e-06,0.24000000589999992,250002498.4999831
3.1760002653736014e-06,0.27999999080000015,250002498.4999831
3.1800002223980015e-06,0.27999999080000015,250002498.4999831
3.184000180422401e-06,0.27999999080000015,250002498.4999831
3.188000138446801e-06,0.24000000589999992,250002498.4999831
3.1920000964712006e-06,0.27999999080000015,250002498.4999831
3.1960000534956003e-06,0.27999999080000015,250002498.4999831
3.20000001152e-06,0.27999999080000015,250002498.4999831
3.2039999695444e-06,0.27999999080000015,250002498.4999831
3.2080002905688017e-06,0.27999999080000015,250002498.4999831
3.2120002485932017e-06,0.27999999080000015,250002498.4999831
3.2160002066176013e-06,0.27999999080000015,250002498.4999831
3.220000163642001e-06,0.27999999080000015,250002498.4999831
3.2240001216664005e-06,0.27999999080000015,250002498.4999831
3.2280000796908005e-06,0.27999999080000015,250002498.4999831
3.2320000367152006e-06,0.27999999080000015,250002498.4999831
3.2359999947396e-06,0.27999999080000015,250002498.4999831
3.2399999527639997e-06,0.27999999080000015,250002498.4999831
3.244000273788401e-06,0.27999999080000015,250002498.4999831
3.248000231812801e-06,0.27999999080000015,250002498.4999831
3.2520001898372007e-06,0.27999999080000015,250002498.4999831
3.256000146861601e-06,0.27999999080000015,250002498.4999831
3.2600001048860008e-06,0.27999999080000015,250002498.4999831
3.2640000629104003e-06,0.27999999080000015,250002498.4999831
3.2680000199348e-06,0.27999999080000015,250002498.4999831
3.2719999779591996e-06,0.27999999080000015,250002498.4999831
3.2759999359835996e-06,0.27999999080000015,250002498.4999831
3.2800002570080014e-06,0.27999999080000015,250002498.4999831
3.2840002150324014e-06,0.27999999080000015,250002498.4999831
3.288000173056801e-06,0.24000000589999992,250002498.4999831
3.2920001300812006e-06,0.24000000589999992,250002498.4999831
3.2960000881056e-06,0.24000000589999992,250002498.4999831
3.3000000461299998e-06,0.27999999080000015,250002498.4999831
3.3040000031544003e-06,0.24000000589999992,250002498.4999831
3.3079999611788e-06,0.24000000589999992,250002498.4999831
3.3120002832032016e-06,0.24000000589999992,250002498.4999831
3.3160002402276017e-06,0.24000000589999992,250002498.4999831
3.3200001982520013e-06,0.24000000589999992,250002498.4999831
3.3240001562764004e-06,0.24000000589999992,250002498.4999831
3.3280001133008005e-06,0.24000000589999992,250002498.4999831
3.3320000713252005e-06,0.19999999700000004,250002498.4999831
3.3360000293496e-06,0.24000000589999992,250002498.4999831
3.339999987374e-06,0.19999999700000004,250002498.4999831
3.3439999443983993e-06,0.19999999700000004,250002498.4999831
3.348000266422802e-06,0.19999999700000004,250002498.4999831
3.352000223447201e-06,0.19999999700000004,250002498.4999831
3.356000181471601e-06,0.19999999700000004,250002498.4999831
3.3600001394960007e-06,0.19999999700000004,250002498.4999831
3.3640000975204007e-06,0.19999999700000004,250002498.4999831
3.3680000545448e-06,0.19999999700000004,250002498.4999831
3.3720000125691995e-06,0.19999999700000004,250002498.4999831
3.3759999705935995e-06,0.16000000009999998,250002498.4999831
3.3800002916180013e-06,0.16000000009999998,250002498.4999831
3.3840002496424013e-06,0.16000000009999998,250002498.4999831
3.388000207666801e-06,0.16000000009999998,250002498.4999831
3.392000164691201e-06,0.16000000009999998,250002498.4999831
3.396000122715601e-06,0.12000000319999996,250002498.4999831
3.4000000807400005e-06,0.16000000009999998,250002498.4999831
3.4040000377644e-06,0.12000000319999996,250002498.4999831
3.4079999957887998e-06,0.12000000319999996,250002498.4999831
3.4119999538131997e-06,0.12000000319999996,250002498.4999831
3.4160002748376016e-06,0.12000000319999996,250002498.4999831
3.4200002328620016e-06,0.12000000319999996,250002498.4999831
3.424000190886401e-06,0.07999999880000003,250002498.4999831
3.428000147910801e-06,0.12000000319999996,250002498.4999831
3.4320001059352004e-06,0.07999999880000003,250002498.4999831
3.4360000639596004e-06,0.07999999880000003,250002498.4999831
3.4400000209840005e-06,0.07999999880000003,250002498.4999831
3.4439999790084e-06,0.07999999880000003,250002498.4999831
3.4479999370328e-06,0.07999999880000003,250002498.4999831
3.452000258057201e-06,0.03999999999605,250002498.4999831
3.456000216081601e-06,0.03999999999605,250002498.4999831
3.4600001741060006e-06,0.03999999999605,250002498.4999831
3.4640001311304007e-06,0.03999999999605,250002498.4999831
3.4680000891548007e-06,0.03999999999605,250002498.4999831
3.4720000471792002e-06,0.03999999999605,250002498.4999831
3.4760000042036e-06,0.0,250002498.4999831
3.4799999622279995e-06,0.0,250002498.4999831
3.484000284252402e-06,0.0,250002498.4999831
3.4880002412768013e-06,0.0,250002498.4999831
3.4920001993012013e-06,0.0,250002498.4999831
3.496000157325601e-06,0.0,250002498.4999831
3.5000001143500005e-06,0.0,250002498.4999831
3.5040000723744e-06,0.0,250002498.4999831
3.5080000303988e-06,-0.03999999999605,250002498.4999831
3.5119999884231996e-06,-0.03999999999605,250002498.4999831
3.5159999454475997e-06,-0.03999999999605,250002498.4999831
3.5200002674720015e-06,-0.03999999999605,250002498.4999831
3.5240002244964016e-06,-0.03999999999605,250002498.4999831
3.528000182520801e-06,-0.03999999999605,250002498.4999831
3.5320001405452003e-06,-0.07999999880000003,250002498.4999831
3.5360000985696003e-06,-0.07999999880000003,250002498.4999831
3.5400000555940004e-06,-0.07999999880000003,250002498.4999831
3.5440000136184e-06,-0.07999999880000003,250002498.4999831
3.5479999716428e-06,-0.07999999880000003,250002498.4999831
3.5520002926672018e-06,-0.07999999880000003,250002498.4999831
3.5560002506916017e-06,-0.12000000319999996,250002498.4999831
3.5600002087160013e-06,-0.12000000319999996,250002498.4999831
3.564000165740401e-06,-0.12000000319999996,250002498.4999831
3.5680001237648006e-06,-0.12000000319999996,250002498.4999831
3.5720000817892005e-06,-0.12000000319999996,250002498.4999831
3.5760000388135998e-06,-0.12000000319999996,250002498.4999831
3.5799999968379998e-06,-0.12000000319999996,250002498.4999831
3.5839999548623993e-06,-0.12000000319999996,250002498.4999831
3.5880002758868016e-06,-0.16000000009999998,250002498.4999831
3.592000233911201e-06,-0.16000000009999998,250002498.4999831
3.5960001919356007e-06,-0.16000000009999998,250002498.4999831
3.600000148960001e-06,-0.16000000009999998,250002498.4999831
3.604000106984401e-06,-0.16000000009999998,250002498.4999831
3.6080000650088004e-06,-0.16000000009999998,250002498.4999831
3.6120000220332e-06,-0.16000000009999998,250002498.4999831
3.6159999800575996e-06,-0.19999999700000004,250002498.4999831
3.6199999380819996e-06,-0.16000000009999998,250002498.4999831
3.6240002591064015e-06,-0.19999999700000004,250002498.4999831
3.6280002171308014e-06,-0.19999999700000004,250002498.4999831
3.632000175155201e-06,-0.19999999700000004,250002498.4999831
3.6360001321796007e-06,-0.19999999700000004,250002498.4999831
3.6400000902040003e-06,-0.19999999700000004,250002498.4999831
3.6440000482284002e-06,-0.19999999700000004,250002498.4999831
3.6480000062528e-06,-0.19999999700000004,250002498.4999831
3.6519999632772e-06,-0.19999999700000004,250002498.4999831
3.6560002853016016e-06,-0.19999999700000004,250002498.4999831
3.660000242326001e-06,-0.19999999700000004,250002498.4999831
3.664000200350401e-06,-0.19999999700000004,250002498.4999831
3.6680001583748004e-06,-0.19999999700000004,250002498.4999831
3.6720001163992004e-06,-0.19999999700000004,250002498.4999831
3.6760000734236005e-06,-0.19999999700000004,250002498.4999831
3.680000031448e-06,-0.19999999700000004,250002498.4999831
3.6839999894724e-06,-0.19999999700000004,250002498.4999831
3.6879999464967993e-06,-0.19999999700000004,250002498.4999831
3.692000268521202e-06,-0.24000000589999992,250002498.4999831
3.696000225545601e-06,-0.19999999700000004,250002498.4999831
3.700000183570001e-06,-0.19999999700000004,250002498.4999831
3.7040001415944007e-06,-0.19999999700000004,250002498.4999831
3.7080000996188007e-06,-0.19999999700000004,250002498.4999831
3.7120000566432e-06,-0.24000000589999992,250002498.4999831
3.7160000146676e-06,-0.19999999700000004,250002498.4999831
3.7199999726919995e-06,-0.24000000589999992,250002498.4999831
3.7240002937164018e-06,-0.24000000589999992,250002498.4999831
3.7280002517408013e-06,-0.19999999700000004,250002498.4999831
3.7320002097652013e-06,-0.19999999700000004,250002498.4999831
3.7360001667896014e-06,-0.19999999700000004,250002498.4999831
3.740000124814e-06,-0.19999999700000004,250002498.4999831
3.7440000828384e-06,-0.24000000589999992,250002498.4999831
3.7480000398628002e-06,-0.19999999700000004,250002498.4999831
3.7519999978872e-06,-0.24000000589999992,250002498.4999831
3.7559999559116e-06,-0.19999999700000004,250002498.4999831
3.7600002769360016e-06,-0.19999999700000004,250002498.4999831
3.7640002349604016e-06,-0.19999999700000004,250002498.4999831
3.768000192984801e-06,-0.24000000589999992,250002498.4999831
3.772000150009201e-06,-0.19999999700000004,250002498.4999831
3.7760001080336004e-06,-0.19999999700000004,250002498.4999831
3.7800000660580004e-06,-0.19999999700000004,250002498.4999831
3.7840000230823997e-06,-0.19999999700000004,250002498.4999831
3.7879999811067997e-06,-0.19999999700000004,250002498.4999831
3.7919999391311992e-06,-0.19999999700000004,250002498.4999831
3.7960002601556015e-06,-0.19999999700000004,250002498.4999831
3.800000218180001e-06,-0.19999999700000004,250002498.4999831
3.8040001762044006e-06,-0.19999999700000004,250002498.4999831
3.808000133228801e-06,-0.19999999700000004,250002498.4999831
3.8120000912532007e-06,-0.19999999700000004,250002498.4999831
3.816000049277601e-06,-0.19999999700000004,250002498.4999831
3.820000007302e-06,-0.19999999700000004,250002498.4999831
3.8239999643263995e-06,-0.16000000009999998,250002498.4999831
3.828000286350801e-06,-0.16000000009999998,250002498.4999831
3.832000243375202e-06,-0.16000000009999998,250002498.4999831
3.836000201399601e-06,-0.16000000009999998,250002498.4999831
3.840000159424001e-06,-0.16000000009999998,250002498.4999831
3.844000117448401e-06,-0.16000000009999998,250002498.4999831
3.8480000744728006e-06,-0.16000000009999998,250002498.4999831
3.8520000324972e-06,-0.16000000009999998,250002498.4999831
3.8559999905216e-06,-0.16000000009999998,250002498.4999831
3.859999947546e-06,-0.16000000009999998,250002498.4999831
3.864000269570402e-06,-0.16000000009999998,250002498.4999831
3.868000227594801e-06,-0.12000000319999996,250002498.4999831
3.872000184619201e-06,-0.16000000009999998,250002498.4999831
3.876000142643601e-06,-0.12000000319999996,250002498.4999831
3.880000100668e-06,-0.12000000319999996,250002498.4999831
3.8840000576924e-06,-0.12000000319999996,250002498.4999831
3.8880000157168e-06,-0.12000000319999996,250002498.4999831
3.8919999737411995e-06,-0.12000000319999996,250002498.4999831
3.896000294765602e-06,-0.12000000319999996,250002498.4999831
3.900000252790002e-06,-0.07999999880000003,250002498.4999831
3.904000210814402e-06,-0.12000000319999996,250002498.4999831
3.908000167838801e-06,-0.12000000319999996,250002498.4999831
3.912000125863201e-06,-0.07999999880000003,250002498.4999831
3.916000083887601e-06,-0.07999999880000003,250002498.4999831
3.920000040912e-06,-0.07999999880000003,250002498.4999831
3.923999998936399e-06,-0.07999999880000003,250002498.4999831
3.927999956960799e-06,-0.07999999880000003,250002498.4999831
3.932000277985202e-06,-0.07999999880000003,250002498.4999831
3.936000236009602e-06,-0.07999999880000003,250002498.4999831
3.940000194034001e-06,-0.07999999880000003,250002498.4999831
3.944000151058401e-06,-0.07999999880000003,250002498.4999831
3.9480001090828004e-06,-0.03999999999605,250002498.4999831
3.9520000671072e-06,-0.07999999880000003,250002498.4999831
3.9560000241316e-06,-0.03999999999605,250002498.4999831
3.959999982156e-06,-0.03999999999605,250002498.4999831
3.963999940180399e-06,-0.03999999999605,250002498.4999831
3.9680002612048015e-06,-0.03999999999605,250002498.4999831
3.9720002192292015e-06,-0.03999999999605,250002498.4999831
3.9760001772536015e-06,-0.03999999999605,250002498.4999831
3.980000134278e-06,-0.03999999999605,250002498.4999831
3.9840000923024e-06,0.0,250002498.4999831
3.9880000503268e-06,0.0,250002498.4999831
3.9920000083512e-06,-0.03999999999605,250002498.4999831
3.995999965375599e-06,-0.03999999999605,250002498.4999831
4.000000287400002e-06,0.0,250002498.4999831
4.004000244424401e-06,0.0,250002498.4999831
4.008000202448801e-06,0.0,250002498.4999831
4.0120001604732005e-06,0.0,250002498.4999831
4.0160001184976005e-06,0.0,250002498.4999831
4.020000075522001e-06,0.0,250002498.4999831
4.0240000335464e-06,0.0,250002498.4999831
4.0279999915708e-06,0.0,250002498.4999831
4.0319999485952e-06,0.03999999999605,250002498.4999831
4.0360002706196015e-06,0.03999999999605,250002498.4999831
4.040000228644001e-06,0.03999999999605,250002498.4999831
4.044000185668401e-06,0.03999999999605,250002498.4999831
4.048000143692801e-06,0.03999999999605,250002498.4999831
4.0520001017172e-06,0.03999999999605,250002498.4999831
4.0560000587416e-06,0.03999999999605,250002498.4999831
4.060000016766e-06,0.03999999999605,250002498.4999831
4.0639999747904e-06,0.03999999999605,250002498.4999831
4.068000295814801e-06,0.07999999880000003,250002498.4999831
4.072000253839201e-06,0.07999999880000003,250002498.4999831
4.076000211863601e-06,0.07999999880000003,250002498.4999831
4.080000168888001e-06,0.03999999999605,250002498.4999831
4.0840001269124e-06,0.07999999880000003,250002498.4999831
4.0880000849368e-06,0.07999999880000003,250002498.4999831
4.092000041961201e-06,0.07999999880000003,250002498.4999831
4.0959999999856e-06,0.07999999880000003,250002498.4999831
4.09999995801e-06,0.07999999880000003,250002498.4999831
4.104000279034402e-06,0.07999999880000003,250002498.4999831
4.108000237058801e-06,0.07999999880000003,250002498.4999831
4.112000195083201e-06,0.07999999880000003,250002498.4999831
4.116000152107601e-06,0.07999999880000003,250002498.4999831
4.120000110132001e-06,0.07999999880000003,250002498.4999831
4.1240000681564e-06,0.07999999880000003,250002498.4999831
4.1280000251808e-06,0.07999999880000003,250002498.4999831
4.1319999832052e-06,0.07999999880000003,250002498.4999831
4.1359999412296e-06,0.12000000319999996,250002498.4999831
4.140000262254001e-06,0.07999999880000003,250002498.4999831
4.144000220278401e-06,0.12000000319999996,250002498.4999831
4.148000178302801e-06,0.12000000319999996,250002498.4999831
4.152000135327201e-06,0.12000000319999996,250002498.4999831
4.1560000933516e-06,0.12000000319999996,250002498.4999831
4.160000051376e-06,0.12000000319999996,250002498.4999831
4.1640000094004e-06,0.12000000319999996,250002498.4999831
4.1679999664247996e-06,0.12000000319999996,250002498.4999831
4.172000288449201e-06,0.12000000319999996,250002498.4999831
4.176000245473602e-06,0.12000000319999996,250002498.4999831
4.180000203498001e-06,0.12000000319999996,250002498.4999831
4.184000161522401e-06,0.12000000319999996,250002498.4999831
4.188000119546801e-06,0.12000000319999996,250002498.4999831
4.192000076571201e-06,0.12000000319999996,250002498.4999831
4.1960000345956e-06,0.12000000319999996,250002498.4999831
4.19999999262e-06,0.12000000319999996,250002498.4999831
4.203999949644399e-06,0.12000000319999996,250002498.4999831
4.208000271668802e-06,0.12000000319999996,250002498.4999831
4.212000229693201e-06,0.12000000319999996,250002498.4999831
4.216000186717601e-06,0.12000000319999996,250002498.4999831
4.220000144742001e-06,0.12000000319999996,250002498.4999831
4.224000102766401e-06,0.12000000319999996,250002498.4999831
4.2280000597908005e-06,0.12000000319999996,250002498.4999831
4.2320000178152004e-06,0.12000000319999996,250002498.4999831
4.2359999758396004e-06,0.12000000319999996,250002498.4999831
4.240000296864001e-06,0.12000000319999996,250002498.4999831
4.244000254888401e-06,0.12000000319999996,250002498.4999831
4.248000212912801e-06,0.12000000319999996,250002498.4999831
4.252000169937201e-06,0.12000000319999996,250002498.4999831
4.256000127961601e-06,0.12000000319999996,250002498.4999831
4.260000085986001e-06,0.12000000319999996,250002498.4999831
4.2640000430104e-06,0.12000000319999996,250002498.4999831
4.2680000010347994e-06,0.12000000319999996,250002498.4999831
4.2719999590591994e-06,0.12000000319999996,250002498.4999831
4.276000280083602e-06,0.12000000319999996,250002498.4999831
4.280000238108002e-06,0.12000000319999996,250002498.4999831
4.284000196132401e-06,0.12000000319999996,250002498.4999831
4.2880001531568005e-06,0.12000000319999996,250002498.4999831
4.2920001111812005e-06,0.12000000319999996,250002498.4999831
4.2960000692056005e-06,0.12000000319999996,250002498.4999831
4.30000002723e-06,0.12000000319999996,250002498.4999831
4.3039999842544e-06,0.12000000319999996,250002498.4999831
4.3079999422788e-06,0.12000000319999996,250002498.4999831
4.3120002633032016e-06,0.12000000319999996,250002498.4999831
4.3160002213276015e-06,0.07999999880000003,250002498.4999831
4.3200001793520015e-06,0.07999999880000003,250002498.4999831
4.324000137376401e-06,0.07999999880000003,250002498.4999831
4.3280000944008e-06,0.07999999880000003,250002498.4999831
4.3320000524252e-06,0.07999999880000003,250002498.4999831
4.3360000104496e-06,0.07999999880000003,250002498.4999831
4.339999967473999e-06,0.07999999880000003,250002498.4999831
4.344000289498402e-06,0.12000000319999996,250002498.4999831
4.348000246522801e-06,0.07999999880000003,250002498.4999831
4.352000204547201e-06,0.07999999880000003,250002498.4999831
4.3560001625716005e-06,0.07999999880000003,250002498.4999831
4.3600001205960005e-06,0.07999999880000003,250002498.4999831
4.3640000776204e-06,0.07999999880000003,250002498.4999831
4.3680000356448e-06,0.07999999880000003,250002498.4999831
4.371999993669199e-06,0.07999999880000003,250002498.4999831
4.3759999506936e-06,0.07999999880000003,250002498.4999831
4.380000272718002e-06,0.07999999880000003,250002498.4999831
4.384000230742401e-06,0.03999999999605,250002498.4999831
4.388000187766801e-06,0.07999999880000003,250002498.4999831
4.392000145791201e-06,0.03999999999605,250002498.4999831
4.3960001038156e-06,0.03999999999605,250002498.4999831
4.40000006084e-06,0.03999999999605,250002498.4999831
4.4040000188644e-06,0.03999999999605,250002498.4999831
4.4079999768888e-06,0.03999999999605,250002498.4999831
4.4120002979132014e-06,0.03999999999605,250002498.4999831
4.4160002559376014e-06,0.03999999999605,250002498.4999831
4.4200002139620014e-06,0.03999999999605,250002498.4999831
4.424000170986401e-06,0.03999999999605,250002498.4999831
4.4280001290108e-06,0.03999999999605,250002498.4999831
4.4320000870352e-06,0.03999999999605,250002498.4999831
4.436000044059601e-06,0.03999999999605,250002498.4999831
4.440000002084e-06,0.0,250002498.4999831
4.4439999601084e-06,0.0,250002498.4999831
4.448000281132801e-06,0.03999999999605,250002498.4999831
4.452000239157201e-06,0.0,250002498.4999831
4.4560001971816004e-06,0.0,250002498.4999831
4.460000154206001e-06,0.0,250002498.4999831
4.464000112230401e-06,0.03999999999605,250002498.4999831
4.4680000702548e-06,0.0,250002498.4999831
4.4720000282792e-06,0.0,250002498.4999831
4.4759999853036e-06,0.0,250002498.4999831
4.479999943328e-06,0.0,250002498.4999831
4.484000264352401e-06,0.0,250002498.4999831
4.488000222376801e-06,0.0,250002498.4999831
4.492000180401201e-06,0.0,250002498.4999831
4.496000138425601e-06,0.0,250002498.4999831
4.50000009545e-06,0.0,250002498.4999831
4.5040000534744e-06,0.0,250002498.4999831
4.5080000114988e-06,-0.03999999999605,250002498.4999831
4.5119999685232e-06,-0.03999999999605,250002498.4999831
4.516000290547601e-06,-0.03999999999605,250002498.4999831
4.520000248572001e-06,-0.03999999999605,250002498.4999831
4.524000205596402e-06,-0.03999999999605,250002498.4999831
4.5280001636208e-06,-0.03999999999605,250002498.4999831
4.5320001216452e-06,-0.03999999999605,250002498.4999831
4.536000078669601e-06,-0.03999999999605,250002498.4999831
4.540000036694e-06,-0.03999999999605,250002498.4999831
4.5439999947184e-06,-0.03999999999605,250002498.4999831
4.5479999517427995e-06,-0.03999999999605,250002498.4999831
4.552000273767202e-06,-0.03999999999605,250002498.4999831
4.556000231791601e-06,-0.03999999999605,250002498.4999831
4.560000188816001e-06,-0.03999999999605,250002498.4999831
4.564000146840401e-06,-0.03999999999605,250002498.4999831
4.568000104864801e-06,-0.03999999999605,250002498.4999831
4.5720000618892e-06,-0.03999999999605,250002498.4999831
4.5760000199136e-06,-0.07999999880000003,250002498.4999831
4.579999977938e-06,-0.07999999880000003,250002498.4999831
4.584000298962402e-06,-0.03999999999605,250002498.4999831
4.588000256986801e-06,-0.07999999880000003,250002498.4999831
4.592000215011201e-06,-0.07999999880000003,250002498.4999831
4.5960001720356015e-06,-0.03999999999605,250002498.4999831
4.600000130060001e-06,-0.07999999880000003,250002498.4999831
4.604000088084401e-06,-0.07999999880000003,250002498.4999831
4.6080000451088e-06,-0.07999999880000003,250002498.4999831
4.6120000031331995e-06,-0.07999999880000003,250002498.4999831
4.6159999611575995e-06,-0.07999999880000003,250002498.4999831
4.620000282182002e-06,-0.07999999880000003,250002498.4999831
4.624000240206402e-06,-0.07999999880000003,250002498.4999831
4.628000198230801e-06,-0.07999999880000003,250002498.4999831
4.6320001552552006e-06,-0.07999999880000003,250002498.4999831
4.6360001132796005e-06,-0.07999999880000003,250002498.4999831
4.6400000713040005e-06,-0.07999999880000003,250002498.4999831
4.6440000293284e-06,-0.07999999880000003,250002498.4999831
4.6479999863528e-06,-0.07999999880000003,250002498.4999831
4.6519999443772e-06,-0.07999999880000003,250002498.4999831
4.656000265401602e-06,-0.07999999880000003,250002498.4999831
4.660000223426001e-06,-0.07999999880000003,250002498.4999831
4.664000181450401e-06,-0.07999999880000003,250002498.4999831
4.668000139474801e-06,-0.07999999880000003,250002498.4999831
4.6720000964992e-06,-0.07999999880000003,250002498.4999831
4.6760000545236e-06,-0.07999999880000003,250002498.4999831
4.680000012548e-06,-0.07999999880000003,250002498.4999831
4.683999969572399e-06,-0.12000000319999996,250002498.4999831
4.688000291596802e-06,-0.07999999880000003,250002498.4999831
4.692000249621202e-06,-0.07999999880000003,250002498.4999831
4.6960002066456014e-06,-0.07999999880000003,250002498.4999831
4.700000164670001e-06,-0.07999999880000003,250002498.4999831
4.7040001226944006e-06,-0.07999999880000003,250002498.4999831
4.7080000797188e-06,-0.07999999880000003,250002498.4999831
4.7120000377432e-06,-0.07999999880000003,250002498.4999831
4.715999995767599e-06,-0.12000000319999996,250002498.4999831
4.719999952792e-06,-0.07999999880000003,250002498.4999831
4.724000274816402e-06,-0.07999999880000003,250002498.4999831
4.728000232840802e-06,-0.07999999880000003,250002498.4999831
4.732000189865201e-06,-0.07999999880000003,250002498.4999831
4.7360001478896004e-06,-0.07999999880000003,250002498.4999831
4.7400001059140004e-06,-0.07999999880000003,250002498.4999831
4.7440000629384e-06,-0.07999999880000003,250002498.4999831
4.7480000209628e-06,-0.07999999880000003,250002498.4999831
4.7519999789872e-06,-0.07999999880000003,250002498.4999831
4.755999937011599e-06,-0.07999999880000003,250002498.4999831
4.7600002580360015e-06,-0.07999999880000003,250002498.4999831
4.7640002160604015e-06,-0.07999999880000003,250002498.4999831
4.768000173084801e-06,-0.07999999880000003,250002498.4999831
4.7720001311092e-06,-0.07999999880000003,250002498.4999831
4.7760000891336e-06,-0.07999999880000003,250002498.4999831
4.780000046158e-06,-0.07999999880000003,250002498.4999831
4.7840000041824e-06,-0.07999999880000003,250002498.4999831
4.787999962206799e-06,-0.07999999880000003,250002498.4999831
4.792000283231201e-06,-0.07999999880000003,250002498.4999831
4.796000241255601e-06,-0.07999999880000003,250002498.4999831
4.800000199280001e-06,-0.07999999880000003,250002498.4999831
4.804000156304401e-06,-0.07999999880000003,250002498.4999831
4.808000114328801e-06,-0.07999999880000003,250002498.4999831
4.812000072353201e-06,-0.07999999880000003,250002498.4999831
4.8160000303776e-06,-0.07999999880000003,250002498.4999831
4.819999987402e-06,-0.07999999880000003,250002498.4999831
4.8239999454264e-06,-0.07999999880000003,250002498.4999831
4.828000266450801e-06,-0.07999999880000003,250002498.4999831
4.832000224475201e-06,-0.07999999880000003,250002498.4999831
4.836000182499601e-06,-0.07999999880000003,250002498.4999831
4.840000140524001e-06,-0.07999999880000003,250002498.4999831
4.8440000975484e-06,-0.07999999880000003,250002498.4999831
4.8480000555728e-06,-0.07999999880000003,250002498.4999831
4.8520000135972e-06,-0.03999999999605,250002498.4999831
4.8559999706216e-06,-0.07999999880000003,250002498.4999831
4.860000292646001e-06,-0.03999999999605,250002498.4999831
4.864000250670401e-06,-0.07999999880000003,250002498.4999831
4.868000207694801e-06,-0.03999999999605,250002498.4999831
4.872000165719201e-06,-0.07999999880000003,250002498.4999831
4.8760001237436e-06,-0.03999999999605,250002498.4999831
4.880000080768001e-06,-0.07999999880000003,250002498.4999831
4.884000038792401e-06,-0.07999999880000003,250002498.4999831
4.8879999968168e-06,-0.07999999880000003,250002498.4999831
4.8919999538411995e-06,-0.03999999999605,250002498.4999831
4.896000275865602e-06,-0.07999999880000003,250002498.4999831
4.900000233890001e-06,-0.07999999880000003,250002498.4999831
4.904000190914401e-06,-0.03999999999605,250002498.4999831
4.908000148938801e-06,-0.03999999999605,250002498.4999831
4.912000106963201e-06,-0.03999999999605,250002498.4999831
4.9160000639876e-06,-0.03999999999605,250002498.4999831
4.920000022012e-06,-0.03999999999605,250002498.4999831
4.9239999800364e-06,-0.03999999999605,250002498.4999831
4.9279999380608e-06,-0.03999999999605,250002498.4999831
4.932000259085201e-06,-0.03999999999605,250002498.4999831
4.936000217109601e-06,-0.03999999999605,250002498.4999831
4.940000174134002e-06,-0.03999999999605,250002498.4999831
4.944000132158401e-06,-0.03999999999605,250002498.4999831
4.9480000901828e-06,-0.03999999999605,250002498.4999831
4.9520000482072e-06,-0.03999999999605,250002498.4999831
4.9560000052316e-06,-0.03999999999605,250002498.4999831
4.9599999632559995e-06,-0.03999999999605,250002498.4999831
4.964000284280402e-06,-0.03999999999605,250002498.4999831
4.968000242304802e-06,-0.03999999999605,250002498.4999831
4.972000200329201e-06,0.0,250002498.4999831
4.976000157353601e-06,-0.03999999999605,250002498.4999831
4.980000115378001e-06,-0.03999999999605,250002498.4999831
4.984000073402401e-06,0.0,250002498.4999831
4.9880000314268e-06,-0.03999999999605,250002498.4999831
4.991999988451199e-06,0.0,250002498.4999831
4.995999946475599e-06,0.0,250002498.4999831
5.000000267500002e-06,0.0,250002498.4999831
5.004000225524401e-06,0.0,250002498.4999831
5.008000183548801e-06,0.0,250002498.4999831
5.012000141573201e-06,0.0,250002498.4999831
5.0160000985976004e-06,0.0,250002498.4999831
5.0200000566220004e-06,0.0,250002498.4999831
5.0240000146464e-06,0.0,250002498.4999831
5.0279999716708e-06,-0.03999999999605,250002498.4999831
5.032000293695201e-06,0.0,250002498.4999831
5.036000251719601e-06,0.0,250002498.4999831
5.0400002087440015e-06,0.0,250002498.4999831
5.044000166768401e-06,0.0,250002498.4999831
5.048000124792801e-06,0.0,250002498.4999831
5.0520000818172e-06,0.0,250002498.4999831
5.0560000398416e-06,0.0,250002498.4999831
5.0599999978659994e-06,0.0,250002498.4999831
5.0639999548904e-06,0.03999999999605,250002498.4999831
5.068000276914802e-06,0.0,250002498.4999831
5.072000234939202e-06,0.0,250002498.4999831
5.0760001919636005e-06,0.0,250002498.4999831
5.0800001499880005e-06,0.0,250002498.4999831
5.0840001080124005e-06,0.0,250002498.4999831
5.0880000650368e-06,0.0,250002498.4999831
5.0920000230612e-06,0.03999999999605,250002498.4999831
5.0959999810856e-06,0.0,250002498.4999831
5.09999993911e-06,0.03999999999605,250002498.4999831
5.1040002601344015e-06,0.0,250002498.4999831
5.1080002181588015e-06,0.0,250002498.4999831
5.112000175183201e-06,0.03999999999605,250002498.4999831
5.1160001332076e-06,0.03999999999605,250002498.4999831
5.120000091232e-06,0.0,250002498.4999831
5.1240000492564e-06,0.03999999999605,250002498.4999831
5.1280000062808e-06,0.03999999999605,250002498.4999831
5.131999964305199e-06,0.03999999999605,250002498.4999831
5.136000285329601e-06,0.03999999999605,250002498.4999831
5.140000243354001e-06,0.03999999999605,250002498.4999831
5.144000201378401e-06,0.03999999999605,250002498.4999831
5.1480001594028005e-06,0.0,250002498.4999831
5.1520001164272e-06,0.03999999999605,250002498.4999831
5.1560000744516e-06,0.03999999999605,250002498.4999831
5.160000032476e-06,0.03999999999605,250002498.4999831
5.1639999895004e-06,0.03999999999605,250002498.4999831
5.1679999475248e-06,0.03999999999605,250002498.4999831
5.1720002695492016e-06,0.03999999999605,250002498.4999831
5.176000226573601e-06,0.0,250002498.4999831
5.180000184598001e-06,0.03999999999605,250002498.4999831
5.184000142622401e-06,0.03999999999605,250002498.4999831
5.1880000996468e-06,0.0,250002498.4999831
5.1920000576712e-06,0.03999999999605,250002498.4999831
5.1960000156956e-06,0.03999999999605,250002498.4999831
5.19999997272e-06,0.03999999999605,250002498.4999831
5.2040002947444014e-06,0.03999999999605,250002498.4999831
5.208000252768801e-06,0.03999999999605,250002498.4999831
5.212000209793201e-06,0.03999999999605,250002498.4999831
5.216000167817601e-06,0.0,250002498.4999831
5.220000125842e-06,0.0,250002498.4999831
5.224000082866401e-06,0.03999999999605,250002498.4999831
5.228000040890801e-06,0.03999999999605,250002498.4999831
5.2319999989152e-06,0.0,250002498.4999831
5.2359999559395995e-06,0.03999999999605,250002498.4999831
5.240000277964001e-06,0.03999999999605,250002498.4999831
5.244000235988401e-06,0.03999999999605,250002498.4999831
5.248000193012801e-06,0.03999999999605,250002498.4999831
5.252000151037201e-06,0.03999999999605,250002498.4999831
5.256000109061601e-06,0.03999999999605,250002498.4999831
5.260000066086e-06,0.0,250002498.4999831
5.2640000241104e-06,0.0,250002498.4999831
5.2679999821348e-06,0.03999999999605,250002498.4999831
5.2719999401592e-06,0.03999999999605,250002498.4999831
5.276000261183601e-06,0.0,250002498.4999831
5.280000219208001e-06,0.0,250002498.4999831
5.284000176232401e-06,0.0,250002498.4999831
5.288000134256801e-06,0.0,250002498.4999831
5.2920000922812e-06,0.0,250002498.4999831
5.2960000503056e-06,0.03999999999605,250002498.4999831
5.3000000073300004e-06,0.0,250002498.4999831
5.3039999653544e-06,0.03999999999605,250002498.4999831
5.308000286378802e-06,0.0,250002498.4999831
5.312000244403202e-06,0.0,250002498.4999831
5.316000202427602e-06,0.03999999999605,250002498.4999831
5.320000160452e-06,0.03999999999605,250002498.4999831
5.324000117476401e-06,0.0,250002498.4999831
5.328000075500801e-06,0.0,250002498.4999831
5.3320000335252e-06,0.03999999999605,250002498.4999831
5.3359999905495994e-06,0.03999999999605,250002498.4999831
5.3399999485739994e-06,0.0,250002498.4999831
5.344000270598402e-06,0.0,250002498.4999831
5.348000227622801e-06,0.0,250002498.4999831
5.352000185647201e-06,0.0,250002498.4999831
5.356000143671601e-06,0.0,250002498.4999831
5.3600001006960005e-06,0.0,250002498.4999831
5.3640000587204e-06,0.0,250002498.4999831
5.3680000167448e-06,0.0,250002498.4999831
5.3719999737692e-06,0.0,250002498.4999831
5.376000295793602e-06,0.0,250002498.4999831
5.380000253818001e-06,0.0,250002498.4999831
5.3840002108424015e-06,0.0,250002498.4999831
5.3880001688668015e-06,0.0,250002498.4999831
5.392000126891201e-06,0.03999999999605,250002498.4999831
5.3960000839156e-06,0.0,250002498.4999831
5.40000004194e-06,0.0,250002498.4999831
5.4039999999643995e-06,0.0,250002498.4999831
5.4079999579887995e-06,0.0,250002498.4999831
5.412000279013202e-06,0.0,250002498.4999831
5.416000237037602e-06,0.0,250002498.4999831
5.4200001940620005e-06,0.0,250002498.4999831
5.4240001520864005e-06,0.0,250002498.4999831
5.4280001101108005e-06,0.0,250002498.4999831
5.4320000671352e-06,0.0,250002498.4999831
5.4360000251596e-06,0.0,250002498.4999831
5.439999983184e-06,0.0,250002498.4999831
5.4439999412084e-06,0.0,250002498.4999831
5.448000262232802e-06,0.0,250002498.4999831
5.452000220257201e-06,0.0,250002498.4999831
5.456000177281601e-06,0.0,250002498.4999831
5.460000135506001e-06,0.0,250002498.4999831
5.4640000932304005e-06,0.0,250002498.4999831
5.4680000509548e-06,0.0,250002498.4999831
5.4720000086792e-06,0.0,250002498.4999831
5.475999966403599e-06,-0.03999999999605,250002498.4999831
5.480000287928002e-06,0.0,250002498.4999831
5.484000245652401e-06,0.0,250002498.4999831
5.488000203376801e-06,0.0,250002498.4999831
5.492000161101201e-06,-0.03999999999605,250002498.4999831
5.496000118825601e-06,0.0,250002498.4999831
5.50000007655e-06,0.0,250002498.4999831
5.5040000342744e-06,0.0,250002498.4999831
5.5079999919988e-06,0.0,250002498.4999831
5.5119999497232e-06,0.0,250002498.4999831
5.5160002711476015e-06,-0.03999999999605,250002498.4999831
5.520000228872001e-06,0.0,250002498.4999831
5.524000186596401e-06,0.0,250002498.4999831
5.528000144320801e-06,-0.03999999999605,250002498.4999831
5.5320001020452005e-06,0.0,250002498.4999831
5.5360000597696e-06,-0.03999999999605,250002498.4999831
5.540000017494e-06,0.0,250002498.4999831
5.5439999752184e-06,-0.03999999999605,250002498.4999831
5.548000296742802e-06,-0.03999999999605,250002498.4999831
5.552000254467201e-06,-0.03999999999605,250002498.4999831
5.5560002121916016e-06,0.0,250002498.4999831
5.560000169916001e-06,-0.03999999999605,250002498.4999831
5.564000127640401e-06,-0.03999999999605,250002498.4999831
5.5680000853648e-06,0.0,250002498.4999831
5.5720000430892e-06,-0.03999999999605,250002498.4999831
5.5760000008136e-06,0.0,250002498.4999831
5.579999958538e-06,-0.03999999999605,250002498.4999831
5.584000280062401e-06,0.0,250002498.4999831
5.588000237786801e-06,0.0,250002498.4999831
5.5920001955112004e-06,-0.03999999999605,250002498.4999831
5.596000153235601e-06,-0.03999999999605,250002498.4999831
5.60000011096e-06,0.0,250002498.4999831
5.604000068684401e-06,0.0,250002498.4999831
5.6080000264088e-06,-0.03999999999605,250002498.4999831
5.6119999841332e-06,-0.03999999999605,250002498.4999831
5.6159999418575995e-06,-0.03999999999605,250002498.4999831
5.620000263382002e-06,0.0,250002498.4999831
5.6240002211064014e-06,-0.03999999999605,250002498.4999831
5.628000178830801e-06,0.0,250002498.4999831
5.6320001365552006e-06,-0.03999999999605,250002498.4999831
5.6360000942796e-06,0.0,250002498.4999831
5.640000052004e-06,-0.03999999999605,250002498.4999831
5.644000009728399e-06,-0.03999999999605,250002498.4999831
5.6479999674528e-06,-0.03999999999605,250002498.4999831
5.652000288977201e-06,0.0,250002498.4999831
5.656000246701601e-06,-0.03999999999605,250002498.4999831
5.660000204426001e-06,-0.03999999999605,250002498.4999831
5.6640001621504016e-06,-0.03999999999605,250002498.4999831
5.668000119874801e-06,-0.03999999999605,250002498.4999831
5.672000077599201e-06,-0.03999999999605,250002498.4999831
5.6760000353236e-06,-0.03999999999605,250002498.4999831
5.679999993048e-06,-0.03999999999605,250002498.4999831
5.683999950772399e-06,-0.03999999999605,250002498.4999831
5.688000272296802e-06,-0.03999999999605,250002498.4999831
5.692000230021201e-06,0.0,250002498.4999831
5.696000187745601e-06,-0.03999999999605,250002498.4999831
5.7000001454700004e-06,-0.03999999999605,250002498.4999831
5.7040001031944e-06,-0.03999999999605,250002498.4999831
5.7080000609188e-06,-0.03999999999605,250002498.4999831
5.7120000186432e-06,-0.03999999999605,250002498.4999831
5.7159999763675995e-06,-0.03999999999605,250002498.4999831
5.720000297892002e-06,0.0,250002498.4999831
5.7240002556164015e-06,-0.03999999999605,250002498.4999831
5.728000213340801e-06,0.0,250002498.4999831
5.7320001709652016e-06,-0.03999999999605,250002498.4999831
5.736000128689601e-06,0.0,250002498.4999831
5.740000086414001e-06,-0.03999999999605,250002498.4999831
5.7440000441384e-06,-0.03999999999605,250002498.4999831
5.7480000018628e-06,0.0,250002498.4999831
5.751999959587199e-06,0.0,250002498.4999831
5.756000281111602e-06,-0.03999999999605,250002498.4999831
5.760000238836001e-06,-0.03999999999605,250002498.4999831
5.764000196560401e-06,-0.03999999999605,250002498.4999831
5.7680001542848004e-06,0.0,250002498.4999831
5.772000112009201e-06,0.0,250002498.4999831
5.7760000697336e-06,-0.03999999999605,250002498.4999831
5.780000027458e-06,-0.03999999999605,250002498.4999831
5.7839999851823995e-06,0.0,250002498.4999831
5.7879999429068e-06,-0.03999999999605,250002498.4999831
5.7920002644312015e-06,0.0,250002498.4999831
5.796000222155601e-06,-0.03999999999605,250002498.4999831
5.800000179880001e-06,0.0,250002498.4999831
5.804000137604401e-06,-0.03999999999605,250002498.4999831
5.8080000953288006e-06,-0.03999999999605,250002498.4999831
5.8120000530532e-06,-0.03999999999605,250002498.4999831
5.8160000107776e-06,-0.03999999999605,250002498.4999831
5.819999968501999e-06,-0.03999999999605,250002498.4999831
5.824000290026402e-06,0.0,250002498.4999831
5.828000247750801e-06,0.0,250002498.4999831
5.832000205475202e-06,-0.03999999999605,250002498.4999831
5.836000163199601e-06,-0.03999999999605,250002498.4999831
5.840000120924001e-06,-0.03999999999605,250002498.4999831
5.8440000786484e-06,0.0,250002498.4999831
5.8480000363728e-06,0.0,250002498.4999831
5.851999994097199e-06,0.0,250002498.4999831
5.8559999518216e-06,0.0,250002498.4999831
5.860000273346001e-06,0.0,250002498.4999831
5.864000231070401e-06,0.0,250002498.4999831
5.8680001887948005e-06,-0.03999999999605,250002498.4999831
5.8720001465192e-06,-0.03999999999605,250002498.4999831
5.8760001042436004e-06,-0.03999999999605,250002498.4999831
5.880000061968001e-06,0.0,250002498.4999831
5.8840000196924e-06,-0.03999999999605,250002498.4999831
5.8879999774168e-06,0.0,250002498.4999831
5.892000298941202e-06,-0.03999999999605,250002498.4999831
5.896000256665602e-06,-0.03999999999605,250002498.4999831
5.9000002143900015e-06,0.0,250002498.4999831
5.904000172114401e-06,0.0,250002498.4999831
5.908000129838801e-06,0.0,250002498.4999831
5.9120000875632e-06,0.0,250002498.4999831
5.9160000452876e-06,0.0,250002498.4999831
5.920000003011999e-06,0.0,250002498.4999831
5.9239999607364e-06,-0.03999999999605,250002498.4999831
5.928000282260801e-06,0.0,250002498.4999831
5.932000239985201e-06,0.0,250002498.4999831
5.936000197709601e-06,0.0,250002498.4999831
5.940000155434001e-06,0.0,250002498.4999831
5.944000113158401e-06,-0.03999999999605,250002498.4999831
5.948000070882801e-06,0.0,250002498.4999831
5.9520000285072e-06,-0.03999999999605,250002498.4999831
5.9559999862316e-06,0.0,250002498.4999831
5.9599999439559995e-06,0.0,250002498.4999831
5.964000265480402e-06,-0.03999999999605,250002498.4999831
5.9680002232048015e-06,-0.03999999999605,250002498.4999831
5.972000180929201e-06,-0.03999999999605,250002498.4999831
5.976000138653601e-06,-0.03999999999605,250002498.4999831
5.980000096378e-06,-0.03999999999605,250002498.4999831
5.9840000541024e-06,0.0,250002498.4999831
5.988000011826799e-06,0.0,250002498.4999831
5.9919999695512e-06,0.0,250002498.4999831
5.996000291075601e-06,0.0,250002498.4999831
6.000000248800002e-06,0.0,250002498.4999831
6.004000206524401e-06,0.0,250002498.4999831
6.008000164248801e-06,0.0,250002498.4999831
6.012000121973201e-06,0.0,250002498.4999831
6.016000079697601e-06,0.0,250002498.4999831
6.020000037422e-06,0.0,250002498.4999831
6.0239999951464e-06,0.0,250002498.4999831
6.027999952870799e-06,0.0,250002498.4999831
6.032000274395202e-06,0.0,250002498.4999831
6.036000232119601e-06,0.0,250002498.4999831
6.040000189844001e-06,0.0,250002498.4999831
6.0440001475684005e-06,0.0,250002498.4999831
6.048000105292801e-06,0.0,250002498.4999831
6.0520000630172004e-06,0.0,250002498.4999831
6.0560000207416e-06,-0.03999999999605,250002498.4999831
6.0599999784659995e-06,-0.03999999999605,250002498.4999831
6.063999936190399e-06,0.0,250002498.4999831
6.0680002577148015e-06,-0.03999999999605,250002498.4999831
6.072000215439201e-06,0.0,250002498.4999831
6.076000173163601e-06,0.0,250002498.4999831
6.080000130888e-06,0.0,250002498.4999831
6.084000088612401e-06,0.0,250002498.4999831
6.0880000463368e-06,-0.03999999999605,250002498.4999831
6.0920000040612e-06,0.0,250002498.4999831
6.095999961785599e-06,0.0,250002498.4999831
6.100000283310002e-06,0.0,250002498.4999831
6.104000241034401e-06,0.0,250002498.4999831
6.1079998349588e-06,0.0,250002498.4999831
6.112000156483201e-06,0.0,250002498.4999831
6.116000478007603e-06,0.0,250002498.4999831
6.120000071932e-06,0.0,250002498.4999831
6.124000393456402e-06,0.0,250002498.4999831
6.127999987380799e-06,0.0,250002498.4999831
6.132000308905201e-06,0.0,250002498.4999831
6.1359999028295985e-06,0.0,250002498.4999831
6.140000224354002e-06,0.0,250002498.4999831
6.1439998182783985e-06,0.0,250002498.4999831
6.148000139802801e-06,0.0,250002498.4999831
6.1520004613272025e-06,0.0,250002498.4999831
6.1560000552516e-06,0.0,250002498.4999831
6.160000376776002e-06,0.0,250002498.4999831
6.1639999707004e-06,-0.03999999999605,250002498.4999831
6.168000292124802e-06,0.0,250002498.4999831
6.171999886049199e-06,0.0,250002498.4999831
6.176000207573601e-06,0.0,250002498.4999831
6.179999801497998e-06,0.0,250002498.4999831
6.1840001230224e-06,0.0,250002498.4999831
6.188000444546803e-06,0.0,250002498.4999831
6.192000038471201e-06,0.0,250002498.4999831
6.196000359995602e-06,0.0,250002498.4999831
6.19999995392e-06,0.0,250002498.4999831
6.204000275444401e-06,0.0,250002498.4999831
6.207999869368799e-06,0.0,250002498.4999831
6.2120001908932005e-06,0.0,250002498.4999831
6.215999784817599e-06,0.0,250002498.4999831
6.2200001063420005e-06,0.0,250002498.4999831
6.224000427866403e-06,0.0,250002498.4999831
6.2280000217908e-06,0.0,250002498.4999831
6.232000343315202e-06,0.0,250002498.4999831
6.235999937239599e-06,0.0,250002498.4999831
6.240000258764002e-06,0.0,250002498.4999831
6.2439998526883995e-06,0.0,250002498.4999831
6.248000174212801e-06,0.0,250002498.4999831
6.251999768137199e-06,0.0,250002498.4999831
6.2560000896616e-06,-0.03999999999605,250002498.4999831
6.260000411186002e-06,0.0,250002498.4999831
6.264000005110399e-06,0.0,250002498.4999831
6.268000326634801e-06,0.0,250002498.4999831
6.271999920559199e-06,0.0,250002498.4999831
6.276000242083602e-06,0.0,250002498.4999831
6.279999836007998e-06,0.0,250002498.4999831
6.284000157532402e-06,0.0,250002498.4999831
6.288000479056803e-06,0.0,250002498.4999831
6.292000072981201e-06,0.0,250002498.4999831
6.296000394505602e-06,0.0,250002498.4999831
6.29999998843e-06,0.0,250002498.4999831
6.3040003099544014e-06,-0.03999999999605,250002498.4999831
6.307999903878799e-06,0.0,250002498.4999831
6.3120002254032006e-06,0.0,250002498.4999831
6.315999819327599e-06,0.0,250002498.4999831
6.3200001408520005e-06,0.0,250002498.4999831
6.324000462376403e-06,0.0,250002498.4999831
6.3280000563008005e-06,0.0,250002498.4999831
6.332000377825202e-06,0.0,250002498.4999831
6.3359999717496004e-06,0.0,250002498.4999831
6.340000293274002e-06,-0.03999999999605,250002498.4999831
6.3439998871983995e-06,0.0,250002498.4999831
6.348000208722801e-06,0.0,250002498.4999831
6.351999802647199e-06,0.0,250002498.4999831
6.3560001241716e-06,0.0,250002498.4999831
6.360000445696002e-06,0.0,250002498.4999831
6.364000039620399e-06,0.0,250002498.4999831
6.368000361144803e-06,0.0,250002498.4999831
6.371999955069199e-06,0.0,250002498.4999831
6.376000276593602e-06,0.0,250002498.4999831
6.379999870517998e-06,0.0,250002498.4999831
6.384000191942401e-06,0.0,250002498.4999831
6.387999785866799e-06,0.0,250002498.4999831
6.392000107391201e-06,0.0,250002498.4999831
6.3960004289156025e-06,0.0,250002498.4999831
6.40000002284e-06,0.0,250002498.4999831
6.404000344364402e-06,0.0,250002498.4999831
6.407999938288799e-06,0.0,250002498.4999831
6.412000259813201e-06,0.0,250002498.4999831
6.415999853737598e-06,-0.03999999999605,250002498.4999831
6.4200001752620015e-06,0.0,250002498.4999831
6.423999769186398e-06,0.0,250002498.4999831
6.428000090710801e-06,0.0,250002498.4999831
6.432000412235202e-06,0.0,250002498.4999831
6.4360000061596e-06,-0.03999999999605,250002498.4999831
6.440000327684001e-06,0.0,250002498.4999831
6.4439999216084e-06,0.0,250002498.4999831
6.448000243132801e-06,0.0,250002498.4999831
6.451999837057199e-06,0.0,250002498.4999831
6.4560001585816e-06,0.0,250002498.4999831
6.460000480106003e-06,-0.03999999999605,250002498.4999831
6.4640000740303995e-06,0.0,250002498.4999831
6.468000395554803e-06,0.0,250002498.4999831
6.4719999894792e-06,-0.03999999999605,250002498.4999831
6.476000311003602e-06,-0.03999999999605,250002498.4999831
6.479999904927999e-06,0.0,250002498.4999831
6.484000226452401e-06,0.0,250002498.4999831
6.487999820376799e-06,-0.03999999999605,250002498.4999831
6.4920001419012e-06,0.0,250002498.4999831
6.496000463425602e-06,0.0,250002498.4999831
6.50000005735e-06,0.0,250002498.4999831
6.5040003788744025e-06,-0.03999999999605,250002498.4999831
6.507999972798799e-06,0.0,250002498.4999831
6.5120002943232024e-06,0.0,250002498.4999831
6.515999888247598e-06,0.0,250002498.4999831
6.5200002097720016e-06,0.0,250002498.4999831
6.523999803696399e-06,-0.03999999999605,250002498.4999831
6.528000125220801e-06,0.0,250002498.4999831
6.532000446745202e-06,0.0,250002498.4999831
6.5360000406696e-06,0.0,250002498.4999831
6.540000362194001e-06,0.0,250002498.4999831
6.5439999561184e-06,0.0,250002498.4999831
6.548000277642801e-06,0.0,250002498.4999831
6.551999871567199e-06,0.0,250002498.4999831
6.556000193091601e-06,0.0,250002498.4999831
6.559999787015998e-06,-0.03999999999605,250002498.4999831
6.564000108540401e-06,0.0,250002498.4999831
6.568000430064803e-06,0.0,250002498.4999831
6.5720000239892e-06,-0.03999999999605,250002498.4999831
6.576000345513602e-06,0.0,250002498.4999831
6.5799999394379995e-06,0.0,250002498.4999831
6.584000260962401e-06,0.0,250002498.4999831
6.5879998548867986e-06,-0.03999999999605,250002498.4999831
6.5920001764112e-06,0.0,250002498.4999831
6.5959997703355985e-06,0.0,250002498.4999831
6.600000091759999e-06,-0.03999999999605,250002498.4999831
6.604000413284403e-06,-0.03999999999605,250002498.4999831
6.6080000072088e-06,0.0,250002498.4999831
6.612000328733202e-06,0.0,250002498.4999831
6.6159999226576e-06,-0.03999999999605,250002498.4999831
6.620000244182002e-06,0.0,250002498.4999831
6.623999838106399e-06,-0.03999999999605,250002498.4999831
6.628000159630801e-06,0.0,250002498.4999831
6.632000481155202e-06,0.0,250002498.4999831
6.6360000750796e-06,0.0,250002498.4999831
6.6400003966040015e-06,0.0,250002498.4999831
6.643999990528399e-06,-0.03999999999605,250002498.4999831
6.648000312052802e-06,0.0,250002498.4999831
6.651999905977199e-06,0.0,250002498.4999831
6.6560002275016014e-06,0.0,250002498.4999831
6.659999821425999e-06,0.0,250002498.4999831
6.6640001429504006e-06,0.0,250002498.4999831
6.668000464474802e-06,0.0,250002498.4999831
6.6720000583992005e-06,0.0,250002498.4999831
6.676000379923602e-06,0.0,250002498.4999831
6.679999973848e-06,0.0,250002498.4999831
6.684000295372401e-06,0.0,250002498.4999831
6.687999889296799e-06,0.0,250002498.4999831
6.6920002108212e-06,0.0,250002498.4999831
6.695999804745598e-06,0.0,250002498.4999831
6.700000126270001e-06,0.0,250002498.4999831
6.704000447794403e-06,-0.03999999999605,250002498.4999831
6.7080000417188e-06,0.0,250002498.4999831
6.712000363243202e-06,0.0,250002498.4999831
6.7159999571676e-06,0.0,250002498.4999831
6.720000278692001e-06,0.0,250002498.4999831
6.723999872616399e-06,0.0,250002498.4999831
6.728000194140801e-06,0.0,250002498.4999831
6.731999788065198e-06,0.0,250002498.4999831
6.7360001095896e-06,0.0,250002498.4999831
6.740000431114003e-06,0.0,250002498.4999831
6.744000025038399e-06,0.0,250002498.4999831
6.748000346562802e-06,0.0,250002498.4999831
6.7519999404872e-06,-0.03999999999605,250002498.4999831
6.7560002620116015e-06,0.0,250002498.4999831
6.759999855935999e-06,0.0,250002498.4999831
6.764000177460401e-06,0.0,250002498.4999831
6.767999771384799e-06,0.0,250002498.4999831
6.7720000929092005e-06,0.0,250002498.4999831
6.776000414433602e-06,0.0,250002498.4999831
6.780000008358e-06,0.0,250002498.4999831
6.784000329882402e-06,0.0,250002498.4999831
6.787999923806799e-06,0.0,250002498.4999831
6.792000245331202e-06,0.0,250002498.4999831
6.795999839255598e-06,0.0,250002498.4999831
6.800000160780001e-06,0.0,250002498.4999831
6.803999754704399e-06,0.0,250002498.4999831
6.8080000762288e-06,0.0,250002498.4999831
6.812000397653202e-06,0.0,250002498.4999831
6.8159999915775995e-06,0.0,250002498.4999831
6.820000313102001e-06,-0.03999999999605,250002498.4999831
6.8239999070263995e-06,0.0,250002498.4999831
6.8280002285508e-06,0.0,250002498.4999831
6.831999822475199e-06,0.0,250002498.4999831
6.836000143999601e-06,0.0,250002498.4999831
6.8400004655240026e-06,0.0,250002498.4999831
6.844000059448401e-06,0.0,250002498.4999831
6.8480003809728025e-06,0.0,250002498.4999831
6.8519999748972e-06,0.0,250002498.4999831
6.856000296421602e-06,0.0,250002498.4999831
6.859999890345999e-06,0.0,250002498.4999831
6.864000211870401e-06,0.0,250002498.4999831
6.867999805794798e-06,-0.03999999999605,250002498.4999831
6.8720001273192e-06,-0.03999999999605,250002498.4999831
6.876000448843603e-06,0.0,250002498.4999831
6.880000042768e-06,0.0,250002498.4999831
6.884000364292402e-06,-0.03999999999605,250002498.4999831
6.8879999582168e-06,0.0,250002498.4999831
6.892000279741201e-06,-0.03999999999605,250002498.4999831
6.8959998736656e-06,0.0,250002498.4999831
6.900000195190001e-06,0.0,250002498.4999831
6.903999789114399e-06,0.0,250002498.4999831
6.9080001106388004e-06,0.0,250002498.4999831
6.912000432163202e-06,0.0,250002498.4999831
6.9160000260875995e-06,0.0,250002498.4999831
6.920000347612001e-06,0.0,250002498.4999831
6.923999941536399e-06,-0.03999999999605,250002498.4999831
6.928000263060802e-06,-0.03999999999605,250002498.4999831
6.931999856985199e-06,0.0,250002498.4999831
6.936000178509601e-06,0.0,250002498.4999831
6.939999772433999e-06,0.0,250002498.4999831
6.944000093958401e-06,0.0,250002498.4999831
6.9480004154828026e-06,0.0,250002498.4999831
6.9520000094072e-06,-0.03999999999605,250002498.4999831
6.956000330931602e-06,0.0,250002498.4999831
6.959999924855999e-06,0.0,250002498.4999831
6.964000246380401e-06,-0.03999999999605,250002498.4999831
6.967999840304798e-06,0.0,250002498.4999831
6.9720001618292e-06,0.0,250002498.4999831
6.975999755753598e-06,0.0,250002498.4999831
6.980000077278001e-06,0.0,250002498.4999831
6.984000398802402e-06,-0.03999999999605,250002498.4999831
6.9879999927268e-06,0.0,250002498.4999831
6.992000314251201e-06,0.0,250002498.4999831
6.9959999081756e-06,0.0,250002498.4999831
7.000000229700001e-06,-0.03999999999605,250002498.4999831
7.003999823624399e-06,0.0,250002498.4999831
7.0080001451488005e-06,0.0,250002498.4999831
7.012000466673203e-06,0.0,250002498.4999831
7.0160000605975996e-06,0.0,250002498.4999831
7.020000382122003e-06,0.0,250002498.4999831
7.023999976046399e-06,0.0,250002498.4999831
7.028000297470802e-06,0.0,250002498.4999831
7.0319998914951995e-06,0.0,250002498.4999831
7.036000212919601e-06,0.0,250002498.4999831
7.039999806843999e-06,0.0,250002498.4999831
7.0440001283684e-06,0.0,250002498.4999831
7.048000449892802e-06,0.0,250002498.4999831
7.0520000438172e-06,0.0,250002498.4999831
7.056000365341601e-06,0.0,250002498.4999831
7.059999959265999e-06,0.0,250002498.4999831
7.064000280790402e-06,0.0,250002498.4999831
7.0679998747147985e-06,0.0,250002498.4999831
7.072000196239202e-06,0.0,250002498.4999831
7.075999790163598e-06,-0.03999999999605,250002498.4999831
7.080000111688001e-06,0.0,250002498.4999831
7.0840004332124025e-06,0.0,250002498.4999831
7.0880000271368e-06,0.0,250002498.4999831
7.0920003486612016e-06,0.0,250002498.4999831
7.095999942585599e-06,0.0,250002498.4999831
7.100000264110001e-06,-0.03999999999605,250002498.4999831
7.103999858034399e-06,0.0,250002498.4999831
7.108000179558801e-06,0.0,250002498.4999831
7.111999773483198e-06,0.0,250002498.4999831
7.116000095007601e-06,0.0,250002498.4999831
7.120000416532002e-06,0.0,250002498.4999831
7.1240000104564006e-06,0.0,250002498.4999831
7.128000331980802e-06,0.0,250002498.4999831
7.1319999259052e-06,0.0,250002498.4999831
7.136000247429601e-06,0.0,250002498.4999831
7.139999841353999e-06,0.0,250002498.4999831
7.1440001628784e-06,-0.03999999999605,250002498.4999831
7.147999756802799e-06,-0.03999999999605,250002498.4999831
7.1520000783271995e-06,0.0,250002498.4999831
7.156000399851603e-06,0.0,250002498.4999831
7.159999993775999e-06,0.0,250002498.4999831
7.164000315300402e-06,0.0,250002498.4999831
7.1679999092248e-06,0.0,250002498.4999831
7.172000230749202e-06,0.0,250002498.4999831
7.175999824673599e-06,0.0,250002498.4999831
7.180000146198001e-06,-0.03999999999605,250002498.4999831
7.1840004677224025e-06,0.0,250002498.4999831
7.1880000616468e-06,0.0,250002498.4999831
7.192000383171202e-06,0.0,250002498.4999831
7.195999977095599e-06,0.0,250002498.4999831
7.200000298620001e-06,0.0,250002498.4999831
7.203999892544399e-06,0.0,250002498.4999831
7.2080002140688015e-06,0.0,250002498.4999831
7.211999807993198e-06,0.0,250002498.4999831
7.216000129517601e-06,0.0,250002498.4999831
7.220000451042002e-06,0.0,250002498.4999831
7.224000044966401e-06,0.0,250002498.4999831
7.228000366490802e-06,0.0,250002498.4999831
7.2319999604152e-06,-0.03999999999605,250002498.4999831
7.236000281939601e-06,0.0,250002498.4999831
7.239999875863999e-06,0.0,250002498.4999831
7.2440001973884e-06,0.0,250002498.4999831
7.247999791312798e-06,0.0,250002498.4999831
7.2520001127372e-06,0.0,250002498.4999831
7.256000434261603e-06,0.0,250002498.4999831
7.2600000281860004e-06,0.0,250002498.4999831
7.264000349710402e-06,0.0,250002498.4999831
7.2679999436347995e-06,-0.03999999999605,250002498.4999831
7.272000265159201e-06,-0.03999999999605,250002498.4999831
7.2759998590835995e-06,-0.03999999999605,250002498.4999831
7.280000180608001e-06,0.0,250002498.4999831
7.283999774532399e-06,0.0,250002498.4999831
7.2880000960568e-06,0.0,250002498.4999831
7.292000417581203e-06,0.0,250002498.4999831
7.296000011505599e-06,0.0,250002498.4999831
7.3000003330300026e-06,-0.03999999999605,250002498.4999831
7.303999926954398e-06,0.0,250002498.4999831
7.308000248478802e-06,0.0,250002498.4999831
7.311999842403199e-06,0.0,250002498.4999831
7.316000163927601e-06,0.0,250002498.4999831
7.319999757851998e-06,0.0,250002498.4999831
7.3240000793764e-06,0.0,250002498.4999831
7.3280004009008015e-06,0.0,250002498.4999831
7.3319999948252e-06,0.0,250002498.4999831
7.3360003163496014e-06,0.0,250002498.4999831
7.339999910273999e-06,0.0,250002498.4999831
7.344000231798401e-06,0.0,250002498.4999831
7.347999825722798e-06,0.0,250002498.4999831
7.352000147247201e-06,0.0,250002498.4999831
7.356000468771603e-06,0.0,250002498.4999831
7.3600000626960005e-06,0.0,250002498.4999831
7.364000384220402e-06,0.0,250002498.4999831
7.3679999781448e-06,-0.03999999999605,250002498.4999831
7.372000299669201e-06,0.0,250002498.4999831
7.3759998935935995e-06,0.0,250002498.4999831
7.380000215118e-06,0.0,250002498.4999831
7.383999809042399e-06,0.0,250002498.4999831
7.3880001305668e-06,0.0,250002498.4999831
7.392000452091203e-06,-0.03999999999605,250002498.4999831
7.396000046015601e-06,0.0,250002498.4999831
7.400000367540003e-06,0.0,250002498.4999831
7.4039999614644e-06,0.0,250002498.4999831
7.408000282988802e-06,0.0,250002498.4999831
7.411999876913199e-06,0.0,250002498.4999831
7.416000198437601e-06,-0.03999999999605,250002498.4999831
7.419999792361998e-06,0.0,250002498.4999831
7.4240001138864e-06,0.0,250002498.4999831
7.428000435410803e-06,0.0,250002498.4999831
7.4320000293352e-06,0.0,250002498.4999831
7.436000350859602e-06,-0.03999999999605,250002498.4999831
7.439999944783999e-06,0.0,250002498.4999831
7.4440002663084014e-06,0.0,250002498.4999831
7.4479998602328e-06,0.0,250002498.4999831
7.452000181757201e-06,0.0,250002498.4999831
7.455999775681599e-06,0.0,250002498.4999831
7.4600000972060005e-06,0.0,250002498.4999831
7.464000418630402e-06,0.0,250002498.4999831
7.4680000125548e-06,0.0,250002498.4999831
7.472000334079201e-06,0.0,250002498.4999831
7.475999928003599e-06,-0.03999999999605,250002498.4999831
7.480000249528002e-06,0.0,250002498.4999831
7.483999843452399e-06,0.0,250002498.4999831
7.488000164976801e-06,0.0,250002498.4999831
7.491999758901198e-06,0.0,250002498.4999831
7.4960000804256e-06,-0.03999999999605,250002498.4999831
7.500000401950002e-06,0.0,250002498.4999831
7.5039999958744e-06,0.0,250002498.4999831
7.508000317398802e-06,0.0,250002498.4999831
7.5119999113231994e-06,0.0,250002498.4999831
7.516000232847601e-06,0.0,250002498.4999831
7.5199998267719985e-06,-0.03999999999605,250002498.4999831
7.5240001482964e-06,0.0,250002498.4999831
7.528000469820803e-06,0.0,250002498.4999831
7.532000063745199e-06,0.0,250002498.4999831
7.5360003852696025e-06,0.0,250002498.4999831
7.539999979194e-06,0.0,250002498.4999831
7.544000300718402e-06,-0.03999999999605,250002498.4999831
7.547999894642799e-06,0.0,250002498.4999831
7.552000216167201e-06,0.0,250002498.4999831
7.555999810091599e-06,0.0,250002498.4999831
7.560000131616001e-06,0.0,250002498.4999831
7.564000453140402e-06,0.0,250002498.4999831
7.5680000470648e-06,0.0,250002498.4999831
7.572000368589202e-06,0.0,250002498.4999831
7.575999962513599e-06,0.0,250002498.4999831
7.580000284038002e-06,0.0,250002498.4999831
7.583999877962398e-06,0.0,250002498.4999831
7.588000199486801e-06,0.0,250002498.4999831
7.591999793411199e-06,0.0,250002498.4999831
7.5960001149356e-06,-0.03999999999605,250002498.4999831
7.600000436460002e-06,0.0,250002498.4999831
7.6040000303844e-06,-0.03999999999605,250002498.4999831
7.608000351908801e-06,-0.03999999999605,250002498.4999831
7.6119999458331995e-06,0.0,250002498.4999831
7.616000267357601e-06,0.0,250002498.4999831
7.6199998612819986e-06,0.0,250002498.4999831
7.624000182806402e-06,0.0,250002498.4999831
7.627999776730798e-06,0.0,250002498.4999831
7.632000098255201e-06,0.0,250002498.4999831
7.636000419779603e-06,0.0,250002498.4999831
7.640000013704e-06,-0.03999999999605,250002498.4999831
7.644000335228402e-06,0.0,250002498.4999831
7.6479999291528e-06,0.0,250002498.4999831
7.6520002506772e-06,0.0,250002498.4999831
7.655999844601598e-06,0.0,250002498.4999831
7.660000166126e-06,0.0,250002498.4999831
7.663999760050397e-06,-0.03999999999605,250002498.4999831
7.668000081574799e-06,0.0,250002498.4999831
7.672000403099202e-06,0.0,250002498.4999831
7.6759999970236e-06,0.0,250002498.4999831
7.680000318448002e-06,0.0,250002498.4999831
7.6839999123724e-06,0.0,250002498.4999831
7.688000233896801e-06,0.0,250002498.4999831
7.691999827821199e-06,0.0,250002498.4999831
7.6960001493456e-06,0.0,250002498.4999831
7.700000470870002e-06,0.0,250002498.4999831
7.7040000647944e-06,0.0,250002498.4999831
7.708000386318803e-06,0.0,250002498.4999831
7.711999980243199e-06,0.0,250002498.4999831
7.716000301767602e-06,0.0,250002498.4999831
7.719999895691998e-06,0.0,250002498.4999831
7.724000217216401e-06,0.0,250002498.4999831
7.727999811140799e-06,0.0,250002498.4999831
7.7320001326652e-06,0.0,250002498.4999831
7.736000454189602e-06,0.0,250002498.4999831
7.740000048114e-06,0.0,250002498.4999831
7.744000369638401e-06,0.0,250002498.4999831
7.7479999635628e-06,-0.03999999999605,250002498.4999831
7.752000285087202e-06,0.0,250002498.4999831
7.7559998790116e-06,0.0,250002498.4999831
7.760000200536001e-06,0.0,250002498.4999831
7.763999794460398e-06,0.0,250002498.4999831
7.768000115984802e-06,0.0,250002498.4999831
7.772000437509203e-06,0.0,250002498.4999831
7.7760000314336e-06,0.0,250002498.4999831
7.780000352958002e-06,-0.03999999999605,250002498.4999831
7.7839999468824e-06,0.0,250002498.4999831
7.788000268406801e-06,-0.03999999999605,250002498.4999831
7.791999862331199e-06,0.0,250002498.4999831
7.7960001838556e-06,0.0,250002498.4999831
7.799999777779998e-06,0.0,250002498.4999831
7.8040000993044e-06,0.0,250002498.4999831
7.808000420828803e-06,0.0,250002498.4999831
7.812000014753199e-06,0.0,250002498.4999831
7.816000336277602e-06,-0.03999999999605,250002498.4999831
7.819999930202e-06,0.0,250002498.4999831
7.824000251726401e-06,0.0,250002498.4999831
7.827999845650799e-06,0.0,250002498.4999831
7.8320001671752e-06,0.0,250002498.4999831
7.835999761099598e-06,0.0,250002498.4999831
7.840000082624e-06,-0.03999999999605,250002498.4999831
7.844000404148401e-06,0.0,250002498.4999831
7.8479999980728e-06,0.0,250002498.4999831
7.852000319597202e-06,-0.03999999999605,250002498.4999831
7.8559999135216e-06,-0.03999999999605,250002498.4999831
7.860000235046001e-06,0.0,250002498.4999831
7.863999828970398e-06,0.0,250002498.4999831
7.868000150494802e-06,0.0,250002498.4999831
7.872000472019203e-06,0.0,250002498.4999831
7.8760000659436e-06,0.0,250002498.4999831
7.880000387468002e-06,-0.03999999999605,250002498.4999831
7.8839999813924e-06,-0.03999999999605,250002498.4999831
7.888000302916802e-06,0.0,250002498.4999831
7.891999896841199e-06,-0.03999999999605,250002498.4999831
7.8960002182656e-06,-0.03999999999605,250002498.4999831
7.899999812189997e-06,0.0,250002498.4999831
7.9040001337144e-06,0.0,250002498.4999831
7.908000455238802e-06,0.0,250002498.4999831
7.9120000491632e-06,0.0,250002498.4999831
7.916000370687601e-06,-0.03999999999605,250002498.4999831
7.919999964612e-06,-0.03999999999605,250002498.4999831
7.924000286136402e-06,0.0,250002498.4999831
7.9279998800608e-06,0.0,250002498.4999831
7.932000201585201e-06,0.0,250002498.4999831
7.935999795509599e-06,0.0,250002498.4999831
7.940000117034e-06,-0.03999999999605,250002498.4999831
7.944000438558404e-06,0.0,250002498.4999831
7.9480000324828e-06,0.0,250002498.4999831
7.952000354007203e-06,-0.03999999999605,250002498.4999831
7.9559999479316e-06,0.0,250002498.4999831
7.960000269456002e-06,0.0,250002498.4999831
7.9639998633804e-06,0.0,250002498.4999831
7.968000184904801e-06,0.0,250002498.4999831
7.971999778829199e-06,0.0,250002498.4999831
7.9760001003536e-06,0.0,250002498.4999831
7.980000421878002e-06,0.0,250002498.4999831
7.9840000158024e-06,-0.03999999999605,250002498.4999831
7.988000337326803e-06,0.0,250002498.4999831
7.991999931251198e-06,-0.03999999999605,250002498.4999831
7.996000252775602e-06,0.0,250002498.4999831
7.999999846699997e-06,-0.03999999999605,250002498.4999831
8.0040001682244e-06,0.0,250002498.4999831
8.007999762148798e-06,-0.03999999999605,250002498.4999831
8.0120000836732e-06,0.0,250002498.4999831
8.016000405197601e-06,0.0,250002498.4999831
8.019999999121999e-06,0.0,250002498.4999831
8.0240003206464e-06,0.0,250002498.4999831
8.0279999145708e-06,0.0,250002498.4999831
8.032000236095201e-06,-0.03999999999605,250002498.4999831
8.035999830019599e-06,0.0,250002498.4999831
8.040000151544002e-06,0.0,250002498.4999831
8.044000473068404e-06,0.0,250002498.4999831
8.048000066992801e-06,-0.03999999999605,250002498.4999831
8.052000388517203e-06,0.0,250002498.4999831
8.0559999824416e-06,0.0,250002498.4999831
8.060000303966002e-06,0.0,250002498.4999831
8.0639998978904e-06,-0.03999999999605,250002498.4999831
8.068000219414801e-06,0.0,250002498.4999831
8.071999813339199e-06,0.0,250002498.4999831
8.0760001348636e-06,0.0,250002498.4999831
8.080000456388003e-06,0.0,250002498.4999831
8.0840000503124e-06,0.0,250002498.4999831
8.088000371836803e-06,0.0,250002498.4999831
8.091999965761198e-06,0.0,250002498.4999831
8.096000287285602e-06,0.0,250002498.4999831
8.09999988121e-06,0.0,250002498.4999831
8.1040002027344e-06,0.0,250002498.4999831
8.107999796658798e-06,0.0,250002498.4999831
8.112000118083201e-06,0.0,250002498.4999831
8.116000439607602e-06,0.0,250002498.4999831
8.120000033532e-06,-0.03999999999605,250002498.4999831
8.124000355056402e-06,0.0,250002498.4999831
8.127999948980799e-06,-0.03999999999605,250002498.4999831
8.132000270505202e-06,0.0,250002498.4999831
8.135999864429598e-06,0.0,250002498.4999831
8.140000185954001e-06,0.0,250002498.4999831
8.143999779878397e-06,0.0,250002498.4999831
8.1480001014028e-06,-0.03999999999605,250002498.4999831
8.152000422927202e-06,0.0,250002498.4999831
8.1560000168516e-06,0.0,250002498.4999831
8.160000338376001e-06,0.0,250002498.4999831
8.163999932300399e-06,-0.03999999999605,250002498.4999831
8.1680002538248e-06,0.0,250002498.4999831
8.171999847749198e-06,-0.03999999999605,250002498.4999831
8.1760001692736e-06,-0.03999999999605,250002498.4999831
8.179999763197999e-06,0.0,250002498.4999831
8.1840000847224e-06,0.0,250002498.4999831
8.188000406246802e-06,-0.03999999999605,250002498.4999831
8.1920000001712e-06,0.0,250002498.4999831
8.196000321695601e-06,-0.03999999999605,250002498.4999831
8.19999991562e-06,-0.03999999999605,250002498.4999831
8.204000237144402e-06,0.0,250002498.4999831
8.2079998310688e-06,-0.03999999999605,250002498.4999831
8.212000152593201e-06,-0.03999999999605,250002498.4999831
8.216000474117602e-06,0.0,250002498.4999831
8.220000068042e-06,0.0,250002498.4999831
8.224000389566403e-06,0.0,250002498.4999831
8.227999983490799e-06,0.0,250002498.4999831
8.232000305015202e-06,0.0,250002498.4999831
8.2359998989396e-06,-0.03999999999605,250002498.4999831
8.240000220464002e-06,0.0,250002498.4999831
8.243999814388399e-06,0.0,250002498.4999831
8.2480001359128e-06,-0.03999999999605,250002498.4999831
8.252000457437202e-06,0.0,250002498.4999831
8.2560000513616e-06,0.0,250002498.4999831
8.260000372886001e-06,0.0,250002498.4999831
8.263999966810399e-06,0.0,250002498.4999831
8.268000288334802e-06,0.0,250002498.4999831
8.271999882259198e-06,0.0,250002498.4999831
8.276000203783601e-06,0.0,250002498.4999831
8.279999797707999e-06,0.0,250002498.4999831
8.2840001192324e-06,0.0,250002498.4999831
8.288000440756802e-06,-0.03999999999605,250002498.4999831
8.2920000346812e-06,0.0,250002498.4999831
8.296000356205601e-06,0.0,250002498.4999831
8.29999995013e-06,0.0,250002498.4999831
8.304000271654402e-06,0.0,250002498.4999831
8.3079998655788e-06,0.0,250002498.4999831
8.312000187103201e-06,0.0,250002498.4999831
8.315999781027598e-06,0.0,250002498.4999831
8.320000102552e-06,0.0,250002498.4999831
8.324000423976403e-06,0.0,250002498.4999831
8.328000018000801e-06,0.0,250002498.4999831
8.332000339425202e-06,0.0,250002498.4999831
8.3359999333496e-06,-0.03999999999605,250002498.4999831
8.340000254874e-06,-0.03999999999605,250002498.4999831
8.343999848798398e-06,-0.03999999999605,250002498.4999831
8.3480001703228e-06,0.0,250002498.4999831
8.3519997642472e-06,0.0,250002498.4999831
8.356000085771599e-06,0.0,250002498.4999831
8.360000407296002e-06,0.0,250002498.4999831
8.3640000012204e-06,0.0,250002498.4999831
8.368000322744801e-06,0.0,250002498.4999831
8.3719999166692e-06,0.0,250002498.4999831
8.376000238193602e-06,0.0,250002498.4999831
8.379999832118e-06,0.0,250002498.4999831
8.384000153642401e-06,0.0,250002498.4999831
8.388000475166803e-06,0.0,250002498.4999831
8.3920000690912e-06,0.0,250002498.4999831
8.396000390615602e-06,-0.03999999999605,250002498.4999831
8.39999998454e-06,-0.03999999999605,250002498.4999831
8.404000306064401e-06,0.0,250002498.4999831
8.407999899988799e-06,0.0,250002498.4999831
8.412000221513202e-06,0.0,250002498.4999831
8.415999815437598e-06,0.0,250002498.4999831
8.420000136962001e-06,0.0,250002498.4999831
8.424000458486403e-06,0.0,250002498.4999831
8.4280000524108e-06,0.0,250002498.4999831
8.432000373935202e-06,0.0,250002498.4999831
8.4359999678596e-06,0.0,250002498.4999831
