Record Length,2500,Points,-403.999990795E-9,-79.999998212E-3,,Record Length,2500,Points,-403.999990795E-9,0.0,,Record Length,2500,Points,-403.999990795E-9,400.00000596E-3,
Sample Interval,400.00000370E-12,s,-403.599983656E-9,-79.999998212E-3,,Sample Interval,400.00000370E-12,s,-403.599983656E-9,0.0,,Sample Interval,400.00000370E-12,s,-403.599983656E-9,0.0,
Trigger Point,1.0100000E3,Samples,-403.20000494E-9,-79.999998212E-3,,Trigger Point,1.0100000E3,Samples,-403.20000494E-9,0.0,,Trigger Point,1.0100000E3,Samples,-403.20000494E-9,0.0,
,,,-402.79999780E-9,-119.9999973E-3,,,,,-402.79999780E-9,0.0,,,,,-402.79999780E-9,0.0,
,,,-402.39999066E-9,-119.9999973E-3,,,,,-402.39999066E-9,0.0,,,,,-402.39999066E-9,-400.00000596E-3,
,,,-401.99998352E-9,-119.9999973E-3,,,,,-401.99998352E-9,0.0,,,,,-401.99998352E-9,-400.00000596E-3,
Source,CH1,,-401.60000481E-9,-119.9999973E-3,,Source,CH2,,-401.60000481E-9,0.0,,Source,MATH,,-401.60000481E-9,0.0,
Vertical Units,Volts,,-401.19999767E-9,-119.9999973E-3,,Vertical Units,Volts,,-401.19999767E-9,0.0,,Vertical Units,Volts,,-401.19999767E-9,0.0,
Vertical Scale,999.999977648E-3,,-400.79999053E-9,-79.999998212E-3,,Vertical Scale,999.999977648E-3,,-400.79999053E-9,39.99999911E-3,,Vertical Scale,10.0000001,,-400.79999053E-9,400.00000596E-3,
Vertical Offset,0,,-400.39998339E-9,-39.99999911E-3,,Vertical Offset,0,,-400.39998339E-9,0.0,,Vertical Offset,0,,-400.39998339E-9,400.00000596E-3,
Horizontal Units,s,,-400.00000467E-9,0.0,,Horizontal Units,s,,-400.00000467E-9,0.0,,Horizontal Units,s,,-400.00000467E-9,400.00000596E-3,
Horizontal Scale,100.0000013E-9,,-399.59999754E-9,0.0,,Horizontal Scale,100.0000013E-9,,-399.59999754E-9,-39.99999911E-3,,Horizontal Scale,100.0000013E-9,,-399.59999754E-9,400.00000596E-3,
Pt Fmt,Y,,-399.19999040E-9,0.0,,Pt Fmt,Y,,-399.19999040E-9,-39.99999911E-3,,Pt Fmt,Y,,-399.19999040E-9,400.00000596E-3,
Yzero,-1.7200000,,-398.79998326E-9,-39.99999911E-3,,Yzero,-1.5600000,,-398.79998326E-9,-39.99999911E-3,,Yzero,0.0,,-398.79998326E-9,400.00000596E-3,
Probe Atten,1.000000,,-398.40000454E-9,-39.99999911E-3,,Probe Atten,1.000000,,-398.40000454E-9,-39.99999911E-3,,,,,-398.40000454E-9,0.0,
,,,-397.99999740E-9,-39.99999911E-3,,,,,-397.99999740E-9,0.0,,,,,-397.99999740E-9,0.0,
Note,TBS 1104 - 1:48:27 PM   2/5/2026,,-397.59999027E-9,-79.999998212E-3,,Note,TBS 1104 - 1:48:27 PM   2/5/2026,,-397.59999027E-9,-39.99999911E-3,,Note,TBS 1104 - 1:48:27 PM   2/5/2026,,-397.59999027E-9,0.0,
,,,-397.19998313E-9,-39.99999911E-3,,,,,-397.19998313E-9,-39.99999911E-3,,,,,-397.19998313E-9,0.0,
,,,-396.80000441E-9,-39.99999911E-3,,,,,-396.80000441E-9,-39.99999911E-3,,,,,-396.80000441E-9,0.0,
,,,-396.39999727E-9,-39.99999911E-3,,,,,-396.39999727E-9,-39.99999911E-3,,,,,-396.39999727E-9,0.0,
,,,-395.99999013E-9,0.0,,,,,-395.99999013E-9,0.0,,,,,-395.99999013E-9,0.0,
,,,-395.59998299E-9,0.0,,,,,-395.59998299E-9,0.0,,,,,-395.59998299E-9,0.0,
,,,-395.20000428E-9,0.0,,,,,-395.20000428E-9,0.0,,,,,-395.20000428E-9,0.0,
,,,-394.79999714E-9,-39.99999911E-3,,,,,-394.79999714E-9,-39.99999911E-3,,,,,-394.79999714E-9,0.0,
,,,-394.39999000E-9,-79.999998212E-3,,,,,-394.39999000E-9,-39.99999911E-3,,,,,-394.39999000E-9,0.0,
,,,-393.99998286E-9,-79.999998212E-3,,,,,-393.99998286E-9,-39.99999911E-3,,,,,-393.99998286E-9,0.0,
,,,-393.60000414E-9,-79.999998212E-3,,,,,-393.60000414E-9,-39.99999911E-3,,,,,-393.60000414E-9,0.0,
,,,-393.19999701E-9,-79.999998212E-3,,,,,-393.19999701E-9,-39.99999911E-3,,,,,-393.19999701E-9,0.0,
,,,-392.79998987E-9,-39.99999911E-3,,,,,-392.79998987E-9,-39.99999911E-3,,,,,-392.79998987E-9,0.0,
,,,-392.39998273E-9,-39.99999911E-3,,,,,-392.39998273E-9,-39.99999911E-3,,,,,-392.39998273E-9,0.0,
,,,-392.00000401E-9,0.0,,,,,-392.00000401E-9,-39.99999911E-3,,,,,-392.00000401E-9,0.0,
,,,-391.59999687E-9,-39.99999911E-3,,,,,-391.59999687E-9,-39.99999911E-3,,,,,-391.59999687E-9,0.0,
,,,-391.19998974E-9,-39.99999911E-3,,,,,-391.19998974E-9,-39.99999911E-3,,,,,-391.19998974E-9,0.0,
,,,-390.79998260E-9,-39.99999911E-3,,,,,-390.79998260E-9,0.0,,,,,-390.79998260E-9,0.0,
,,,-390.40000388E-9,-39.99999911E-3,,,,,-390.40000388E-9,0.0,,,,,-390.40000388E-9,0.0,
,,,-389.99999674E-9,-39.99999911E-3,,,,,-389.99999674E-9,0.0,,,,,-389.99999674E-9,0.0,
,,,-389.59998960E-9,-39.99999911E-3,,,,,-389.59998960E-9,-39.99999911E-3,,,,,-389.59998960E-9,0.0,
,,,-389.19998246E-9,-39.99999911E-3,,,,,-389.19998246E-9,-39.99999911E-3,,,,,-389.19998246E-9,400.00000596E-3,
,,,-388.80000375E-9,-79.999998212E-3,,,,,-388.80000375E-9,-39.99999911E-3,,,,,-388.80000375E-9,400.00000596E-3,
,,,-388.39999661E-9,-79.999998212E-3,,,,,-388.39999661E-9,-39.99999911E-3,,,,,-388.39999661E-9,400.00000596E-3,
,,,-387.99998947E-9,-79.999998212E-3,,,,,-387.99998947E-9,0.0,,,,,-387.99998947E-9,400.00000596E-3,
,,,-387.59998233E-9,-79.999998212E-3,,,,,-387.59998233E-9,-39.99999911E-3,,,,,-387.59998233E-9,400.00000596E-3,
,,,-387.20000362E-9,-79.999998212E-3,,,,,-387.20000362E-9,-39.99999911E-3,,,,,-387.20000362E-9,400.00000596E-3,
,,,-386.79999648E-9,-79.999998212E-3,,,,,-386.79999648E-9,-39.99999911E-3,,,,,-386.79999648E-9,400.00000596E-3,
,,,-386.39998934E-9,-79.999998212E-3,,,,,-386.39998934E-9,-39.99999911E-3,,,,,-386.39998934E-9,400.00000596E-3,
,,,-385.99998220E-9,-79.999998212E-3,,,,,-385.99998220E-9,0.0,,,,,-385.99998220E-9,0.0,
,,,-385.60000348E-9,-79.999998212E-3,,,,,-385.60000348E-9,-39.99999911E-3,,,,,-385.60000348E-9,0.0,
,,,-385.19999634E-9,-79.999998212E-3,,,,,-385.19999634E-9,-39.99999911E-3,,,,,-385.19999634E-9,0.0,
,,,-384.79998921E-9,-79.999998212E-3,,,,,-384.79998921E-9,-39.99999911E-3,,,,,-384.79998921E-9,0.0,
,,,-384.39998207E-9,-79.999998212E-3,,,,,-384.39998207E-9,-79.999998212E-3,,,,,-384.39998207E-9,0.0,
,,,-384.00000335E-9,-79.999998212E-3,,,,,-384.00000335E-9,-39.99999911E-3,,,,,-384.00000335E-9,0.0,
,,,-383.59999621E-9,-119.9999973E-3,,,,,-383.59999621E-9,-39.99999911E-3,,,,,-383.59999621E-9,400.00000596E-3,
,,,-383.19998907E-9,-119.9999973E-3,,,,,-383.19998907E-9,-39.99999911E-3,,,,,-383.19998907E-9,400.00000596E-3,
,,,-382.79998194E-9,-79.999998212E-3,,,,,-382.79998194E-9,-39.99999911E-3,,,,,-382.79998194E-9,400.00000596E-3,
,,,-382.40000322E-9,-39.99999911E-3,,,,,-382.40000322E-9,-39.99999911E-3,,,,,-382.40000322E-9,400.00000596E-3,
,,,-381.99999608E-9,0.0,,,,,-381.99999608E-9,-39.99999911E-3,,,,,-381.99999608E-9,400.00000596E-3,
,,,-381.59998894E-9,-39.99999911E-3,,,,,-381.59998894E-9,-79.999998212E-3,,,,,-381.59998894E-9,400.00000596E-3,
,,,-381.19998180E-9,-39.99999911E-3,,,,,-381.19998180E-9,-79.999998212E-3,,,,,-381.19998180E-9,400.00000596E-3,
,,,-380.80000309E-9,-39.99999911E-3,,,,,-380.80000309E-9,-39.99999911E-3,,,,,-380.80000309E-9,0.0,
,,,-380.39999595E-9,-79.999998212E-3,,,,,-380.39999595E-9,0.0,,,,,-380.39999595E-9,400.00000596E-3,
,,,-379.99998881E-9,-39.99999911E-3,,,,,-379.99998881E-9,39.99999911E-3,,,,,-379.99998881E-9,400.00000596E-3,
,,,-379.59998167E-9,-39.99999911E-3,,,,,-379.59998167E-9,39.99999911E-3,,,,,-379.59998167E-9,400.00000596E-3,
,,,-379.20000295E-9,-39.99999911E-3,,,,,-379.20000295E-9,39.99999911E-3,,,,,-379.20000295E-9,400.00000596E-3,
,,,-378.79999581E-9,0.0,,,,,-378.79999581E-9,0.0,,,,,-378.79999581E-9,400.00000596E-3,
,,,-378.39998868E-9,0.0,,,,,-378.39998868E-9,0.0,,,,,-378.39998868E-9,0.0,
,,,-377.99998154E-9,0.0,,,,,-377.99998154E-9,0.0,,,,,-377.99998154E-9,0.0,
,,,-377.60000282E-9,0.0,,,,,-377.60000282E-9,0.0,,,,,-377.60000282E-9,-400.00000596E-3,
,,,-377.19999568E-9,0.0,,,,,-377.19999568E-9,0.0,,,,,-377.19999568E-9,-400.00000596E-3,
,,,-376.79998854E-9,0.0,,,,,-376.79998854E-9,39.99999911E-3,,,,,-376.79998854E-9,-400.00000596E-3,
,,,-376.39998141E-9,0.0,,,,,-376.39998141E-9,39.99999911E-3,,,,,-376.39998141E-9,-400.00000596E-3,
,,,-376.00000269E-9,0.0,,,,,-376.00000269E-9,39.99999911E-3,,,,,-376.00000269E-9,-400.00000596E-3,
,,,-375.59999555E-9,0.0,,,,,-375.59999555E-9,0.0,,,,,-375.59999555E-9,-400.00000596E-3,
,,,-375.19998841E-9,0.0,,,,,-375.19998841E-9,0.0,,,,,-375.19998841E-9,-400.00000596E-3,
,,,-374.79998127E-9,0.0,,,,,-374.79998127E-9,0.0,,,,,-374.79998127E-9,-400.00000596E-3,
,,,-374.40000256E-9,0.0,,,,,-374.40000256E-9,-39.99999911E-3,,,,,-374.40000256E-9,0.0,
,,,-373.99999542E-9,0.0,,,,,-373.99999542E-9,0.0,,,,,-373.99999542E-9,0.0,
,,,-373.59998828E-9,0.0,,,,,-373.59998828E-9,0.0,,,,,-373.59998828E-9,0.0,
,,,-373.19998114E-9,0.0,,,,,-373.19998114E-9,0.0,,,,,-373.19998114E-9,400.00000596E-3,
,,,-372.80000242E-9,0.0,,,,,-372.80000242E-9,39.99999911E-3,,,,,-372.80000242E-9,400.00000596E-3,
,,,-372.39999529E-9,0.0,,,,,-372.39999529E-9,39.99999911E-3,,,,,-372.39999529E-9,0.0,
,,,-371.99998815E-9,39.99999911E-3,,,,,-371.99998815E-9,39.99999911E-3,,,,,-371.99998815E-9,0.0,
,,,-371.59998101E-9,0.0,,,,,-371.59998101E-9,39.99999911E-3,,,,,-371.59998101E-9,0.0,
,,,-371.20000229E-9,-39.99999911E-3,,,,,-371.20000229E-9,39.99999911E-3,,,,,-371.20000229E-9,-400.00000596E-3,
,,,-370.79999515E-9,-79.999998212E-3,,,,,-370.79999515E-9,79.999998212E-3,,,,,-370.79999515E-9,0.0,
,,,-370.39998801E-9,-79.999998212E-3,,,,,-370.39998801E-9,79.999998212E-3,,,,,-370.39998801E-9,0.0,
,,,-369.99998088E-9,-79.999998212E-3,,,,,-369.99998088E-9,79.999998212E-3,,,,,-369.99998088E-9,0.0,
,,,-369.60000216E-9,-79.999998212E-3,,,,,-369.60000216E-9,39.99999911E-3,,,,,-369.60000216E-9,0.0,
,,,-369.19999502E-9,-79.999998212E-3,,,,,-369.19999502E-9,39.99999911E-3,,,,,-369.19999502E-9,-400.00000596E-3,
,,,-368.79998788E-9,-39.99999911E-3,,,,,-368.79998788E-9,39.99999911E-3,,,,,-368.79998788E-9,-400.00000596E-3,
,,,-368.39998074E-9,-39.99999911E-3,,,,,-368.39998074E-9,0.0,,,,,-368.39998074E-9,-400.00000596E-3,
,,,-368.00000203E-9,-39.99999911E-3,,,,,-368.00000203E-9,39.99999911E-3,,,,,-368.00000203E-9,0.0,
,,,-367.59999489E-9,-39.99999911E-3,,,,,-367.59999489E-9,39.99999911E-3,,,,,-367.59999489E-9,0.0,
,,,-367.19998775E-9,-39.99999911E-3,,,,,-367.19998775E-9,39.99999911E-3,,,,,-367.19998775E-9,0.0,
,,,-366.79998061E-9,-39.99999911E-3,,,,,-366.79998061E-9,79.999998212E-3,,,,,-366.79998061E-9,0.0,
,,,-366.40000189E-9,-39.99999911E-3,,,,,-366.40000189E-9,79.999998212E-3,,,,,-366.40000189E-9,0.0,
,,,-365.99999476E-9,-39.99999911E-3,,,,,-365.99999476E-9,119.9999973E-3,,,,,-365.99999476E-9,0.0,
,,,-365.59998762E-9,-39.99999911E-3,,,,,-365.59998762E-9,79.999998212E-3,,,,,-365.59998762E-9,0.0,
,,,-365.19998048E-9,-39.99999911E-3,,,,,-365.19998048E-9,79.999998212E-3,,,,,-365.19998048E-9,0.0,
,,,-364.80000176E-9,0.0,,,,,-364.80000176E-9,79.999998212E-3,,,,,-364.80000176E-9,0.0,
,,,-364.39999462E-9,0.0,,,,,-364.39999462E-9,79.999998212E-3,,,,,-364.39999462E-9,0.0,
,,,-363.99998748E-9,0.0,,,,,-363.99998748E-9,119.9999973E-3,,,,,-363.99998748E-9,0.0,
,,,-363.59998035E-9,0.0,,,,,-363.59998035E-9,119.9999973E-3,,,,,-363.59998035E-9,-400.00000596E-3,
,,,-363.20000163E-9,0.0,,,,,-363.20000163E-9,119.9999973E-3,,,,,-363.20000163E-9,0.0,
,,,-362.79999449E-9,0.0,,,,,-362.79999449E-9,159.99999642E-3,,,,,-362.79999449E-9,0.0,
,,,-362.39998735E-9,0.0,,,,,-362.39998735E-9,159.99999642E-3,,,,,-362.39998735E-9,0.0,
,,,-361.99998021E-9,0.0,,,,,-361.99998021E-9,159.99999642E-3,,,,,-361.99998021E-9,0.0,
,,,-361.60000150E-9,0.0,,,,,-361.60000150E-9,159.99999642E-3,,,,,-361.60000150E-9,-400.00000596E-3,
,,,-361.19999436E-9,0.0,,,,,-361.19999436E-9,159.99999642E-3,,,,,-361.19999436E-9,-400.00000596E-3,
,,,-360.79998722E-9,0.0,,,,,-360.79998722E-9,119.9999973E-3,,,,,-360.79998722E-9,-400.00000596E-3,
,,,-360.39998008E-9,0.0,,,,,-360.39998008E-9,119.9999973E-3,,,,,-360.39998008E-9,-400.00000596E-3,
,,,-360.00000136E-9,0.0,,,,,-360.00000136E-9,119.9999973E-3,,,,,-360.00000136E-9,-400.00000596E-3,
,,,-359.59999423E-9,0.0,,,,,-359.59999423E-9,119.9999973E-3,,,,,-359.59999423E-9,-400.00000596E-3,
,,,-359.19998709E-9,0.0,,,,,-359.19998709E-9,119.9999973E-3,,,,,-359.19998709E-9,0.0,
,,,-358.79997995E-9,0.0,,,,,-358.79997995E-9,119.9999973E-3,,,,,-358.79997995E-9,0.0,
,,,-358.40000123E-9,0.0,,,,,-358.40000123E-9,119.9999973E-3,,,,,-358.40000123E-9,0.0,
,,,-357.99999409E-9,0.0,,,,,-357.99999409E-9,119.9999973E-3,,,,,-357.99999409E-9,-400.00000596E-3,
,,,-357.59998696E-9,-39.99999911E-3,,,,,-357.59998696E-9,119.9999973E-3,,,,,-357.59998696E-9,-400.00000596E-3,
,,,-357.19997982E-9,-39.99999911E-3,,,,,-357.19997982E-9,119.9999973E-3,,,,,-357.19997982E-9,-400.00000596E-3,
,,,-356.80000110E-9,-39.99999911E-3,,,,,-356.80000110E-9,119.9999973E-3,,,,,-356.80000110E-9,-400.00000596E-3,
,,,-356.39999396E-9,-39.99999911E-3,,,,,-356.39999396E-9,119.9999973E-3,,,,,-356.39999396E-9,-800.000011921E-3,
,,,-355.99998682E-9,0.0,,,,,-355.99998682E-9,119.9999973E-3,,,,,-355.99998682E-9,-800.000011921E-3,
,,,-355.59997968E-9,0.0,,,,,-355.59997968E-9,79.999998212E-3,,,,,-355.59997968E-9,-1.2000000,
,,,-355.20000097E-9,0.0,,,,,-355.20000097E-9,119.9999973E-3,,,,,-355.20000097E-9,-1.2000000,
,,,-354.79999383E-9,-39.99999911E-3,,,,,-354.79999383E-9,119.9999973E-3,,,,,-354.79999383E-9,-1.2000000,
,,,-354.39998669E-9,-39.99999911E-3,,,,,-354.39998669E-9,119.9999973E-3,,,,,-354.39998669E-9,-1.2000000,
,,,-353.99997955E-9,-39.99999911E-3,,,,,-353.99997955E-9,159.99999642E-3,,,,,-353.99997955E-9,-800.000011921E-3,
,,,-353.60000084E-9,-39.99999911E-3,,,,,-353.60000084E-9,159.99999642E-3,,,,,-353.60000084E-9,-800.000011921E-3,
,,,-353.19999370E-9,-39.99999911E-3,,,,,-353.19999370E-9,159.99999642E-3,,,,,-353.19999370E-9,-800.000011921E-3,
,,,-352.79998656E-9,0.0,,,,,-352.79998656E-9,199.99998808E-3,,,,,-352.79998656E-9,-800.000011921E-3,
,,,-352.39997942E-9,0.0,,,,,-352.39997942E-9,199.99998808E-3,,,,,-352.39997942E-9,-800.000011921E-3,
,,,-352.00000070E-9,0.0,,,,,-352.00000070E-9,239.99999464E-3,,,,,-352.00000070E-9,-800.000011921E-3,
,,,-351.59999356E-9,0.0,,,,,-351.59999356E-9,199.99998808E-3,,,,,-351.59999356E-9,-800.000011921E-3,
,,,-351.19998643E-9,0.0,,,,,-351.19998643E-9,199.99998808E-3,,,,,-351.19998643E-9,-1.2000000,
,,,-350.79997929E-9,0.0,,,,,-350.79997929E-9,199.99998808E-3,,,,,-350.79997929E-9,-1.2000000,
,,,-350.40000057E-9,0.0,,,,,-350.40000057E-9,199.99998808E-3,,,,,-350.40000057E-9,-1.2000000,
,,,-349.99999343E-9,0.0,,,,,-349.99999343E-9,199.99998808E-3,,,,,-349.99999343E-9,-1.2000000,
,,,-349.59998629E-9,0.0,,,,,-349.59998629E-9,199.99998808E-3,,,,,-349.59998629E-9,-1.2000000,
,,,-349.19997915E-9,0.0,,,,,-349.19997915E-9,199.99998808E-3,,,,,-349.19997915E-9,-800.000011921E-3,
,,,-348.80000044E-9,0.0,,,,,-348.80000044E-9,199.99998808E-3,,,,,-348.80000044E-9,-800.000011921E-3,
,,,-348.39999330E-9,0.0,,,,,-348.39999330E-9,199.99998808E-3,,,,,-348.39999330E-9,-800.000011921E-3,
,,,-347.99998616E-9,0.0,,,,,-347.99998616E-9,199.99998808E-3,,,,,-347.99998616E-9,-800.000011921E-3,
,,,-347.59997902E-9,0.0,,,,,-347.59997902E-9,199.99998808E-3,,,,,-347.59997902E-9,-800.000011921E-3,
,,,-347.20000031E-9,0.0,,,,,-347.20000031E-9,199.99998808E-3,,,,,-347.20000031E-9,-800.000011921E-3,
,,,-346.79999317E-9,0.0,,,,,-346.79999317E-9,199.99998808E-3,,,,,-346.79999317E-9,-1.2000000,
,,,-346.39998603E-9,0.0,,,,,-346.39998603E-9,199.99998808E-3,,,,,-346.39998603E-9,-800.000011921E-3,
,,,-345.99997889E-9,0.0,,,,,-345.99997889E-9,199.99998808E-3,,,,,-345.99997889E-9,-800.000011921E-3,
,,,-345.60000017E-9,0.0,,,,,-345.60000017E-9,199.99998808E-3,,,,,-345.60000017E-9,-800.000011921E-3,
,,,-345.19999303E-9,0.0,,,,,-345.19999303E-9,199.99998808E-3,,,,,-345.19999303E-9,-800.000011921E-3,
,,,-344.79998590E-9,0.0,,,,,-344.79998590E-9,199.99998808E-3,,,,,-344.79998590E-9,-800.000011921E-3,
,,,-344.39997876E-9,0.0,,,,,-344.39997876E-9,199.99998808E-3,,,,,-344.39997876E-9,-800.000011921E-3,
,,,-344.00000004E-9,0.0,,,,,-344.00000004E-9,239.99999464E-3,,,,,-344.00000004E-9,-800.000011921E-3,
,,,-343.59999290E-9,0.0,,,,,-343.59999290E-9,239.99999464E-3,,,,,-343.59999290E-9,-800.000011921E-3,
,,,-343.19998576E-9,0.0,,,,,-343.19998576E-9,280.00000119E-3,,,,,-343.19998576E-9,-800.000011921E-3,
,,,-342.79997863E-9,0.0,,,,,-342.79997863E-9,239.99999464E-3,,,,,-342.79997863E-9,-800.000011921E-3,
,,,-342.39999991E-9,0.0,,,,,-342.39999991E-9,239.99999464E-3,,,,,-342.39999991E-9,-800.000011921E-3,
,,,-341.99999277E-9,0.0,,,,,-341.99999277E-9,239.99999464E-3,,,,,-341.99999277E-9,-800.000011921E-3,
,,,-341.59998563E-9,0.0,,,,,-341.59998563E-9,199.99998808E-3,,,,,-341.59998563E-9,-400.00000596E-3,
,,,-341.19997849E-9,0.0,,,,,-341.19997849E-9,239.99999464E-3,,,,,-341.19997849E-9,-800.000011921E-3,
,,,-340.79999978E-9,39.99999911E-3,,,,,-340.79999978E-9,239.99999464E-3,,,,,-340.79999978E-9,-800.000011921E-3,
,,,-340.39999264E-9,39.99999911E-3,,,,,-340.39999264E-9,239.99999464E-3,,,,,-340.39999264E-9,-800.000011921E-3,
,,,-339.99998550E-9,79.999998212E-3,,,,,-339.99998550E-9,280.00000119E-3,,,,,-339.99998550E-9,-800.000011921E-3,
,,,-339.59997836E-9,39.99999911E-3,,,,,-339.59997836E-9,239.99999464E-3,,,,,-339.59997836E-9,-1.2000000,
,,,-339.19999964E-9,39.99999911E-3,,,,,-339.19999964E-9,239.99999464E-3,,,,,-339.19999964E-9,-800.000011921E-3,
,,,-338.79999251E-9,39.99999911E-3,,,,,-338.79999251E-9,239.99999464E-3,,,,,-338.79999251E-9,-800.000011921E-3,
,,,-338.39998537E-9,39.99999911E-3,,,,,-338.39998537E-9,239.99999464E-3,,,,,-338.39998537E-9,-800.000011921E-3,
,,,-337.99997823E-9,39.99999911E-3,,,,,-337.99997823E-9,239.99999464E-3,,,,,-337.99997823E-9,-800.000011921E-3,
,,,-337.59999951E-9,0.0,,,,,-337.59999951E-9,239.99999464E-3,,,,,-337.59999951E-9,-800.000011921E-3,
,,,-337.19999237E-9,0.0,,,,,-337.19999237E-9,239.99999464E-3,,,,,-337.19999237E-9,-1.2000000,
,,,-336.79998523E-9,0.0,,,,,-336.79998523E-9,239.99999464E-3,,,,,-336.79998523E-9,-1.2000000,
,,,-336.39997810E-9,0.0,,,,,-336.39997810E-9,239.99999464E-3,,,,,-336.39997810E-9,-1.6000000,
,,,-335.99999938E-9,0.0,,,,,-335.99999938E-9,239.99999464E-3,,,,,-335.99999938E-9,-1.6000000,
,,,-335.59999224E-9,0.0,,,,,-335.59999224E-9,199.99998808E-3,,,,,-335.59999224E-9,-1.6000000,
,,,-335.19998510E-9,0.0,,,,,-335.19998510E-9,159.99999642E-3,,,,,-335.19998510E-9,-1.2000000,
,,,-334.79997796E-9,-39.99999911E-3,,,,,-334.79997796E-9,159.99999642E-3,,,,,-334.79997796E-9,-1.2000000,
,,,-334.39999925E-9,-39.99999911E-3,,,,,-334.39999925E-9,159.99999642E-3,,,,,-334.39999925E-9,-1.2000000,
,,,-333.99999211E-9,-39.99999911E-3,,,,,-333.99999211E-9,159.99999642E-3,,,,,-333.99999211E-9,-1.2000000,
,,,-333.59998497E-9,-39.99999911E-3,,,,,-333.59998497E-9,159.99999642E-3,,,,,-333.59998497E-9,-1.2000000,
,,,-333.19997783E-9,-39.99999911E-3,,,,,-333.19997783E-9,159.99999642E-3,,,,,-333.19997783E-9,-1.2000000,
,,,-332.79999911E-9,-39.99999911E-3,,,,,-332.79999911E-9,159.99999642E-3,,,,,-332.79999911E-9,-1.2000000,
,,,-332.39999198E-9,-79.999998212E-3,,,,,-332.39999198E-9,159.99999642E-3,,,,,-332.39999198E-9,-1.2000000,
,,,-331.99998484E-9,-39.99999911E-3,,,,,-331.99998484E-9,159.99999642E-3,,,,,-331.99998484E-9,-1.6000000,
,,,-331.59997770E-9,-39.99999911E-3,,,,,-331.59997770E-9,159.99999642E-3,,,,,-331.59997770E-9,-1.6000000,
,,,-331.19999898E-9,0.0,,,,,-331.19999898E-9,159.99999642E-3,,,,,-331.19999898E-9,-1.6000000,
,,,-330.79999184E-9,39.99999911E-3,,,,,-330.79999184E-9,159.99999642E-3,,,,,-330.79999184E-9,-1.6000000,
,,,-330.39998470E-9,39.99999911E-3,,,,,-330.39998470E-9,159.99999642E-3,,,,,-330.39998470E-9,-1.2000000,
,,,-329.99997757E-9,39.99999911E-3,,,,,-329.99997757E-9,159.99999642E-3,,,,,-329.99997757E-9,-1.2000000,
,,,-329.59999885E-9,39.99999911E-3,,,,,-329.59999885E-9,119.9999973E-3,,,,,-329.59999885E-9,-1.2000000,
,,,-329.19999171E-9,39.99999911E-3,,,,,-329.19999171E-9,159.99999642E-3,,,,,-329.19999171E-9,-1.2000000,
,,,-328.79998457E-9,39.99999911E-3,,,,,-328.79998457E-9,159.99999642E-3,,,,,-328.79998457E-9,-1.2000000,
,,,-328.39997743E-9,39.99999911E-3,,,,,-328.39997743E-9,159.99999642E-3,,,,,-328.39997743E-9,-1.2000000,
,,,-327.99999872E-9,39.99999911E-3,,,,,-327.99999872E-9,199.99998808E-3,,,,,-327.99999872E-9,-1.2000000,
,,,-327.59999158E-9,39.99999911E-3,,,,,-327.59999158E-9,159.99999642E-3,,,,,-327.59999158E-9,-1.2000000,
,,,-327.19998444E-9,39.99999911E-3,,,,,-327.19998444E-9,159.99999642E-3,,,,,-327.19998444E-9,-1.2000000,
,,,-326.79997730E-9,39.99999911E-3,,,,,-326.79997730E-9,159.99999642E-3,,,,,-326.79997730E-9,-1.2000000,
,,,-326.39999858E-9,39.99999911E-3,,,,,-326.39999858E-9,119.9999973E-3,,,,,-326.39999858E-9,-800.000011921E-3,
,,,-325.99999145E-9,39.99999911E-3,,,,,-325.99999145E-9,159.99999642E-3,,,,,-325.99999145E-9,-800.000011921E-3,
,,,-325.59998431E-9,0.0,,,,,-325.59998431E-9,159.99999642E-3,,,,,-325.59998431E-9,-800.000011921E-3,
,,,-325.19997717E-9,0.0,,,,,-325.19997717E-9,159.99999642E-3,,,,,-325.19997717E-9,-800.000011921E-3,
,,,-324.79999845E-9,0.0,,,,,-324.79999845E-9,199.99998808E-3,,,,,-324.79999845E-9,-400.00000596E-3,
,,,-324.39999131E-9,0.0,,,,,-324.39999131E-9,159.99999642E-3,,,,,-324.39999131E-9,-400.00000596E-3,
,,,-323.99998418E-9,0.0,,,,,-323.99998418E-9,159.99999642E-3,,,,,-323.99998418E-9,-400.00000596E-3,
,,,-323.59997704E-9,0.0,,,,,-323.59997704E-9,119.9999973E-3,,,,,-323.59997704E-9,-400.00000596E-3,
,,,-323.19999832E-9,0.0,,,,,-323.19999832E-9,119.9999973E-3,,,,,-323.19999832E-9,-400.00000596E-3,
,,,-322.79999118E-9,0.0,,,,,-322.79999118E-9,119.9999973E-3,,,,,-322.79999118E-9,-400.00000596E-3,
,,,-322.39998404E-9,0.0,,,,,-322.39998404E-9,119.9999973E-3,,,,,-322.39998404E-9,0.0,
,,,-321.99997690E-9,0.0,,,,,-321.99997690E-9,119.9999973E-3,,,,,-321.99997690E-9,0.0,
,,,-321.59999819E-9,-39.99999911E-3,,,,,-321.59999819E-9,119.9999973E-3,,,,,-321.59999819E-9,400.00000596E-3,
,,,-321.19999105E-9,-79.999998212E-3,,,,,-321.19999105E-9,119.9999973E-3,,,,,-321.19999105E-9,400.00000596E-3,
,,,-320.79998391E-9,-79.999998212E-3,,,,,-320.79998391E-9,119.9999973E-3,,,,,-320.79998391E-9,400.00000596E-3,
,,,-320.39997677E-9,-79.999998212E-3,,,,,-320.39997677E-9,119.9999973E-3,,,,,-320.39997677E-9,400.00000596E-3,
,,,-319.99999806E-9,-39.99999911E-3,,,,,-319.99999806E-9,159.99999642E-3,,,,,-319.99999806E-9,400.00000596E-3,
,,,-319.59999092E-9,-39.99999911E-3,,,,,-319.59999092E-9,159.99999642E-3,,,,,-319.59999092E-9,400.00000596E-3,
,,,-319.19998378E-9,-39.99999911E-3,,,,,-319.19998378E-9,159.99999642E-3,,,,,-319.19998378E-9,400.00000596E-3,
,,,-318.79997664E-9,-39.99999911E-3,,,,,-318.79997664E-9,199.99998808E-3,,,,,-318.79997664E-9,400.00000596E-3,
,,,-318.39999792E-9,-39.99999911E-3,,,,,-318.39999792E-9,199.99998808E-3,,,,,-318.39999792E-9,800.000011921E-3,
,,,-317.99999078E-9,0.0,,,,,-317.99999078E-9,199.99998808E-3,,,,,-317.99999078E-9,800.000011921E-3,
,,,-317.59998365E-9,0.0,,,,,-317.59998365E-9,199.99998808E-3,,,,,-317.59998365E-9,1.2000000,
,,,-317.19997651E-9,39.99999911E-3,,,,,-317.19997651E-9,199.99998808E-3,,,,,-317.19997651E-9,1.2000000,
,,,-316.79999779E-9,39.99999911E-3,,,,,-316.79999779E-9,239.99999464E-3,,,,,-316.79999779E-9,1.6000000,
,,,-316.39999065E-9,0.0,,,,,-316.39999065E-9,280.00000119E-3,,,,,-316.39999065E-9,1.2000000,
,,,-315.99998351E-9,0.0,,,,,-315.99998351E-9,319.99999285E-3,,,,,-315.99998351E-9,1.2000000,
,,,-315.59997637E-9,-39.99999911E-3,,,,,-315.59997637E-9,280.00000119E-3,,,,,-315.59997637E-9,1.2000000,
,,,-315.19999766E-9,-39.99999911E-3,,,,,-315.19999766E-9,280.00000119E-3,,,,,-315.19999766E-9,1.2000000,
,,,-314.79999052E-9,-39.99999911E-3,,,,,-314.79999052E-9,239.99999464E-3,,,,,-314.79999052E-9,1.6000000,
,,,-314.39998338E-9,-39.99999911E-3,,,,,-314.39998338E-9,239.99999464E-3,,,,,-314.39998338E-9,2.0000000,
,,,-313.99997624E-9,0.0,,,,,-313.99997624E-9,239.99999464E-3,,,,,-313.99997624E-9,2.0000000,
,,,-313.59999753E-9,0.0,,,,,-313.59999753E-9,239.99999464E-3,,,,,-313.59999753E-9,2.4000001,
,,,-313.19999039E-9,0.0,,,,,-313.19999039E-9,239.99999464E-3,,,,,-313.19999039E-9,2.4000001,
,,,-312.79998325E-9,0.0,,,,,-312.79998325E-9,239.99999464E-3,,,,,-312.79998325E-9,2.4000001,
,,,-312.39997611E-9,0.0,,,,,-312.39997611E-9,239.99999464E-3,,,,,-312.39997611E-9,2.0000000,
,,,-311.99999739E-9,39.99999911E-3,,,,,-311.99999739E-9,239.99999464E-3,,,,,-311.99999739E-9,2.0000000,
,,,-311.59999025E-9,0.0,,,,,-311.59999025E-9,239.99999464E-3,,,,,-311.59999025E-9,2.0000000,
,,,-311.19998312E-9,0.0,,,,,-311.19998312E-9,239.99999464E-3,,,,,-311.19998312E-9,2.0000000,
,,,-310.79997598E-9,-39.99999911E-3,,,,,-310.79997598E-9,280.00000119E-3,,,,,-310.79997598E-9,2.0000000,
,,,-310.39999726E-9,-39.99999911E-3,,,,,-310.39999726E-9,280.00000119E-3,,,,,-310.39999726E-9,2.4000001,
,,,-309.99999012E-9,-39.99999911E-3,,,,,-309.99999012E-9,280.00000119E-3,,,,,-309.99999012E-9,2.4000001,
,,,-309.59998298E-9,-39.99999911E-3,,,,,-309.59998298E-9,239.99999464E-3,,,,,-309.59998298E-9,2.79999995,
,,,-309.19997585E-9,-39.99999911E-3,,,,,-309.19997585E-9,239.99999464E-3,,,,,-309.19997585E-9,2.79999995,
,,,-308.79999713E-9,0.0,,,,,-308.79999713E-9,239.99999464E-3,,,,,-308.79999713E-9,2.79999995,
,,,-308.39998999E-9,0.0,,,,,-308.39998999E-9,239.99999464E-3,,,,,-308.39998999E-9,2.79999995,
,,,-307.99998285E-9,0.0,,,,,-307.99998285E-9,280.00000119E-3,,,,,-307.99998285E-9,2.79999995,
,,,-307.59997571E-9,0.0,,,,,-307.59997571E-9,280.00000119E-3,,,,,-307.59997571E-9,3.20000005,
,,,-307.19999700E-9,0.0,,,,,-307.19999700E-9,280.00000119E-3,,,,,-307.19999700E-9,3.20000005,
,,,-306.79998986E-9,-39.99999911E-3,,,,,-306.79998986E-9,319.99999285E-3,,,,,-306.79998986E-9,3.20000005,
,,,-306.39998272E-9,-39.99999911E-3,,,,,-306.39998272E-9,319.99999285E-3,,,,,-306.39998272E-9,3.60000014,
,,,-305.99997558E-9,-39.99999911E-3,,,,,-305.99997558E-9,319.99999285E-3,,,,,-305.99997558E-9,3.60000014,
,,,-305.59999686E-9,-39.99999911E-3,,,,,-305.59999686E-9,319.99999285E-3,,,,,-305.59999686E-9,3.60000014,
,,,-305.19998973E-9,-39.99999911E-3,,,,,-305.19998973E-9,319.99999285E-3,,,,,-305.19998973E-9,3.60000014,
,,,-304.79998259E-9,-79.999998212E-3,,,,,-304.79998259E-9,319.99999285E-3,,,,,-304.79998259E-9,4.00000000,
,,,-304.39997545E-9,-79.999998212E-3,,,,,-304.39997545E-9,319.99999285E-3,,,,,-304.39997545E-9,4.00000000,
,,,-303.99999673E-9,-79.999998212E-3,,,,,-303.99999673E-9,319.99999285E-3,,,,,-303.99999673E-9,4.00000000,
,,,-303.59998959E-9,-79.999998212E-3,,,,,-303.59998959E-9,280.00000119E-3,,,,,-303.59998959E-9,4.00000000,
,,,-303.19998245E-9,-79.999998212E-3,,,,,-303.19998245E-9,280.00000119E-3,,,,,-303.19998245E-9,4.40000010,
,,,-302.79997532E-9,-79.999998212E-3,,,,,-302.79997532E-9,280.00000119E-3,,,,,-302.79997532E-9,4.40000010,
,,,-302.39999660E-9,-79.999998212E-3,,,,,-302.39999660E-9,280.00000119E-3,,,,,-302.39999660E-9,4.40000010,
,,,-301.99998946E-9,-79.999998212E-3,,,,,-301.99998946E-9,280.00000119E-3,,,,,-301.99998946E-9,4.80000019,
,,,-301.59998232E-9,-79.999998212E-3,,,,,-301.59998232E-9,239.99999464E-3,,,,,-301.59998232E-9,4.80000019,
,,,-301.20000361E-9,-79.999998212E-3,,,,,-301.20000361E-9,239.99999464E-3,,,,,-301.20000361E-9,5.20000029,
,,,-300.79999647E-9,-39.99999911E-3,,,,,-300.79999647E-9,239.99999464E-3,,,,,-300.79999647E-9,5.20000029,
,,,-300.39998933E-9,-39.99999911E-3,,,,,-300.39998933E-9,239.99999464E-3,,,,,-300.39998933E-9,5.59999990,
,,,-299.99998219E-9,-39.99999911E-3,,,,,-299.99998219E-9,280.00000119E-3,,,,,-299.99998219E-9,5.59999990,
,,,-299.60000347E-9,-39.99999911E-3,,,,,-299.60000347E-9,280.00000119E-3,,,,,-299.60000347E-9,5.59999990,
,,,-299.19999633E-9,-39.99999911E-3,,,,,-299.19999633E-9,280.00000119E-3,,,,,-299.19999633E-9,5.59999990,
,,,-298.79998920E-9,-39.99999911E-3,,,,,-298.79998920E-9,280.00000119E-3,,,,,-298.79998920E-9,5.59999990,
,,,-298.39998206E-9,-39.99999911E-3,,,,,-298.39998206E-9,280.00000119E-3,,,,,-298.39998206E-9,5.59999990,
,,,-298.00000334E-9,-39.99999911E-3,,,,,-298.00000334E-9,280.00000119E-3,,,,,-298.00000334E-9,6.00000000,
,,,-297.59999620E-9,-39.99999911E-3,,,,,-297.59999620E-9,280.00000119E-3,,,,,-297.59999620E-9,6.00000000,
,,,-297.19998906E-9,-39.99999911E-3,,,,,-297.19998906E-9,280.00000119E-3,,,,,-297.19998906E-9,6.40000010,
,,,-296.79998192E-9,0.0,,,,,-296.79998192E-9,319.99999285E-3,,,,,-296.79998192E-9,6.40000010,
,,,-296.40000321E-9,0.0,,,,,-296.40000321E-9,319.99999285E-3,,,,,-296.40000321E-9,6.40000010,
,,,-295.99999607E-9,0.0,,,,,-295.99999607E-9,319.99999285E-3,,,,,-295.99999607E-9,6.40000010,
,,,-295.59998893E-9,-39.99999911E-3,,,,,-295.59998893E-9,280.00000119E-3,,,,,-295.59998893E-9,6.40000010,
,,,-295.19998179E-9,-39.99999911E-3,,,,,-295.19998179E-9,239.99999464E-3,,,,,-295.19998179E-9,6.80000019,
,,,-294.80000308E-9,-39.99999911E-3,,,,,-294.80000308E-9,239.99999464E-3,,,,,-294.80000308E-9,6.80000019,
,,,-294.39999594E-9,-39.99999911E-3,,,,,-294.39999594E-9,239.99999464E-3,,,,,-294.39999594E-9,6.80000019,
,,,-293.99998880E-9,-39.99999911E-3,,,,,-293.99998880E-9,280.00000119E-3,,,,,-293.99998880E-9,6.80000019,
,,,-293.59998166E-9,-39.99999911E-3,,,,,-293.59998166E-9,280.00000119E-3,,,,,-293.59998166E-9,6.80000019,
,,,-293.20000294E-9,-39.99999911E-3,,,,,-293.20000294E-9,280.00000119E-3,,,,,-293.20000294E-9,6.80000019,
,,,-292.79999580E-9,-39.99999911E-3,,,,,-292.79999580E-9,280.00000119E-3,,,,,-292.79999580E-9,6.80000019,
,,,-292.39998867E-9,-79.999998212E-3,,,,,-292.39998867E-9,280.00000119E-3,,,,,-292.39998867E-9,6.80000019,
,,,-291.99998153E-9,-39.99999911E-3,,,,,-291.99998153E-9,280.00000119E-3,,,,,-291.99998153E-9,6.80000019,
,,,-291.60000281E-9,-39.99999911E-3,,,,,-291.60000281E-9,239.99999464E-3,,,,,-291.60000281E-9,7.20000029,
,,,-291.19999567E-9,0.0,,,,,-291.19999567E-9,280.00000119E-3,,,,,-291.19999567E-9,7.20000029,
,,,-290.79998853E-9,39.99999911E-3,,,,,-290.79998853E-9,280.00000119E-3,,,,,-290.79998853E-9,7.20000029,
,,,-290.39998140E-9,39.99999911E-3,,,,,-290.39998140E-9,319.99999285E-3,,,,,-290.39998140E-9,7.20000029,
,,,-290.00000268E-9,39.99999911E-3,,,,,-290.00000268E-9,359.99998450E-3,,,,,-290.00000268E-9,7.20000029,
,,,-289.59999554E-9,0.0,,,,,-289.59999554E-9,359.99998450E-3,,,,,-289.59999554E-9,7.20000029,
,,,-289.19998840E-9,0.0,,,,,-289.19998840E-9,359.99998450E-3,,,,,-289.19998840E-9,7.20000029,
,,,-288.79998126E-9,0.0,,,,,-288.79998126E-9,319.99999285E-3,,,,,-288.79998126E-9,7.20000029,
,,,-288.40000255E-9,0.0,,,,,-288.40000255E-9,319.99999285E-3,,,,,-288.40000255E-9,7.20000029,
,,,-287.99999541E-9,39.99999911E-3,,,,,-287.99999541E-9,319.99999285E-3,,,,,-287.99999541E-9,6.80000019,
,,,-287.59998827E-9,0.0,,,,,-287.59998827E-9,319.99999285E-3,,,,,-287.59998827E-9,6.80000019,
,,,-287.19998113E-9,0.0,,,,,-287.19998113E-9,319.99999285E-3,,,,,-287.19998113E-9,6.80000019,
,,,-286.80000241E-9,0.0,,,,,-286.80000241E-9,280.00000119E-3,,,,,-286.80000241E-9,6.80000019,
,,,-286.39999528E-9,-39.99999911E-3,,,,,-286.39999528E-9,280.00000119E-3,,,,,-286.39999528E-9,6.80000019,
,,,-285.99998814E-9,0.0,,,,,-285.99998814E-9,280.00000119E-3,,,,,-285.99998814E-9,6.80000019,
,,,-285.59998100E-9,0.0,,,,,-285.59998100E-9,239.99999464E-3,,,,,-285.59998100E-9,6.80000019,
,,,-285.20000228E-9,0.0,,,,,-285.20000228E-9,280.00000119E-3,,,,,-285.20000228E-9,6.80000019,
,,,-284.79999514E-9,39.99999911E-3,,,,,-284.79999514E-9,280.00000119E-3,,,,,-284.79999514E-9,6.80000019,
,,,-284.39998800E-9,0.0,,,,,-284.39998800E-9,280.00000119E-3,,,,,-284.39998800E-9,6.40000010,
,,,-283.99998087E-9,0.0,,,,,-283.99998087E-9,319.99999285E-3,,,,,-283.99998087E-9,6.40000010,
,,,-283.60000215E-9,-39.99999911E-3,,,,,-283.60000215E-9,280.00000119E-3,,,,,-283.60000215E-9,6.80000019,
,,,-283.19999501E-9,-39.99999911E-3,,,,,-283.19999501E-9,280.00000119E-3,,,,,-283.19999501E-9,6.80000019,
,,,-282.79998787E-9,-39.99999911E-3,,,,,-282.79998787E-9,280.00000119E-3,,,,,-282.79998787E-9,6.80000019,
,,,-282.39998073E-9,-79.999998212E-3,,,,,-282.39998073E-9,280.00000119E-3,,,,,-282.39998073E-9,7.20000029,
,,,-282.00000202E-9,-39.99999911E-3,,,,,-282.00000202E-9,280.00000119E-3,,,,,-282.00000202E-9,6.80000019,
,,,-281.59999488E-9,-39.99999911E-3,,,,,-281.59999488E-9,239.99999464E-3,,,,,-281.59999488E-9,6.80000019,
,,,-281.19998774E-9,-39.99999911E-3,,,,,-281.19998774E-9,280.00000119E-3,,,,,-281.19998774E-9,6.80000019,
,,,-280.79998060E-9,-39.99999911E-3,,,,,-280.79998060E-9,280.00000119E-3,,,,,-280.79998060E-9,6.80000019,
,,,-280.40000188E-9,-39.99999911E-3,,,,,-280.40000188E-9,319.99999285E-3,,,,,-280.40000188E-9,6.80000019,
,,,-279.99999475E-9,-39.99999911E-3,,,,,-279.99999475E-9,359.99998450E-3,,,,,-279.99999475E-9,6.80000019,
,,,-279.59998761E-9,-79.999998212E-3,,,,,-279.59998761E-9,359.99998450E-3,,,,,-279.59998761E-9,6.80000019,
,,,-279.19998047E-9,-79.999998212E-3,,,,,-279.19998047E-9,359.99998450E-3,,,,,-279.19998047E-9,6.80000019,
,,,-278.80000175E-9,-39.99999911E-3,,,,,-278.80000175E-9,359.99998450E-3,,,,,-278.80000175E-9,6.40000010,
,,,-278.39999461E-9,0.0,,,,,-278.39999461E-9,359.99998450E-3,,,,,-278.39999461E-9,6.40000010,
,,,-277.99998747E-9,39.99999911E-3,,,,,-277.99998747E-9,359.99998450E-3,,,,,-277.99998747E-9,6.40000010,
,,,-277.59998034E-9,39.99999911E-3,,,,,-277.59998034E-9,359.99998450E-3,,,,,-277.59998034E-9,6.40000010,
,,,-277.20000162E-9,39.99999911E-3,,,,,-277.20000162E-9,359.99998450E-3,,,,,-277.20000162E-9,6.40000010,
,,,-276.79999448E-9,39.99999911E-3,,,,,-276.79999448E-9,399.99997616E-3,,,,,-276.79999448E-9,6.40000010,
,,,-276.39998734E-9,39.99999911E-3,,,,,-276.39998734E-9,399.99997616E-3,,,,,-276.39998734E-9,6.00000000,
,,,-275.99998020E-9,39.99999911E-3,,,,,-275.99998020E-9,399.99997616E-3,,,,,-275.99998020E-9,6.00000000,
,,,-275.60000149E-9,0.0,,,,,-275.60000149E-9,359.99998450E-3,,,,,-275.60000149E-9,6.00000000,
,,,-275.19999435E-9,-39.99999911E-3,,,,,-275.19999435E-9,359.99998450E-3,,,,,-275.19999435E-9,6.00000000,
,,,-274.79998721E-9,-79.999998212E-3,,,,,-274.79998721E-9,319.99999285E-3,,,,,-274.79998721E-9,6.40000010,
,,,-274.39998007E-9,-79.999998212E-3,,,,,-274.39998007E-9,319.99999285E-3,,,,,-274.39998007E-9,6.40000010,
,,,-274.00000135E-9,-79.999998212E-3,,,,,-274.00000135E-9,319.99999285E-3,,,,,-274.00000135E-9,6.40000010,
,,,-273.59999422E-9,-79.999998212E-3,,,,,-273.59999422E-9,280.00000119E-3,,,,,-273.59999422E-9,6.40000010,
,,,-273.19998708E-9,-79.999998212E-3,,,,,-273.19998708E-9,280.00000119E-3,,,,,-273.19998708E-9,6.40000010,
,,,-272.79997994E-9,-79.999998212E-3,,,,,-272.79997994E-9,239.99999464E-3,,,,,-272.79997994E-9,6.40000010,
,,,-272.40000122E-9,-79.999998212E-3,,,,,-272.40000122E-9,239.99999464E-3,,,,,-272.40000122E-9,6.40000010,
,,,-271.99999408E-9,-79.999998212E-3,,,,,-271.99999408E-9,239.99999464E-3,,,,,-271.99999408E-9,6.40000010,
,,,-271.59998695E-9,-79.999998212E-3,,,,,-271.59998695E-9,199.99998808E-3,,,,,-271.59998695E-9,6.40000010,
,,,-271.19997981E-9,-79.999998212E-3,,,,,-271.19997981E-9,199.99998808E-3,,,,,-271.19997981E-9,6.40000010,
,,,-270.80000109E-9,-79.999998212E-3,,,,,-270.80000109E-9,239.99999464E-3,,,,,-270.80000109E-9,6.00000000,
,,,-270.39999395E-9,-79.999998212E-3,,,,,-270.39999395E-9,280.00000119E-3,,,,,-270.39999395E-9,6.00000000,
,,,-269.99998681E-9,-79.999998212E-3,,,,,-269.99998681E-9,319.99999285E-3,,,,,-269.99998681E-9,6.00000000,
,,,-269.59997967E-9,-79.999998212E-3,,,,,-269.59997967E-9,319.99999285E-3,,,,,-269.59997967E-9,6.00000000,
,,,-269.20000096E-9,-79.999998212E-3,,,,,-269.20000096E-9,319.99999285E-3,,,,,-269.20000096E-9,6.00000000,
,,,-268.79999382E-9,-39.99999911E-3,,,,,-268.79999382E-9,319.99999285E-3,,,,,-268.79999382E-9,6.00000000,
,,,-268.39998668E-9,-39.99999911E-3,,,,,-268.39998668E-9,319.99999285E-3,,,,,-268.39998668E-9,6.00000000,
,,,-267.99997954E-9,0.0,,,,,-267.99997954E-9,359.99998450E-3,,,,,-267.99997954E-9,6.00000000,
,,,-267.60000083E-9,0.0,,,,,-267.60000083E-9,359.99998450E-3,,,,,-267.60000083E-9,6.00000000,
,,,-267.19999369E-9,39.99999911E-3,,,,,-267.19999369E-9,359.99998450E-3,,,,,-267.19999369E-9,6.00000000,
,,,-266.79998655E-9,0.0,,,,,-266.79998655E-9,399.99997616E-3,,,,,-266.79998655E-9,5.59999990,
,,,-266.39997941E-9,0.0,,,,,-266.39997941E-9,399.99997616E-3,,,,,-266.39997941E-9,5.59999990,
,,,-266.00000069E-9,0.0,,,,,-266.00000069E-9,399.99997616E-3,,,,,-266.00000069E-9,6.00000000,
,,,-265.59999355E-9,0.0,,,,,-265.59999355E-9,399.99997616E-3,,,,,-265.59999355E-9,6.00000000,
,,,-265.19998642E-9,0.0,,,,,-265.19998642E-9,399.99997616E-3,,,,,-265.19998642E-9,6.00000000,
,,,-264.79997928E-9,0.0,,,,,-264.79997928E-9,439.999997616E-3,,,,,-264.79997928E-9,6.00000000,
,,,-264.40000056E-9,0.0,,,,,-264.40000056E-9,439.999997616E-3,,,,,-264.40000056E-9,6.00000000,
,,,-263.99999342E-9,0.0,,,,,-263.99999342E-9,439.999997616E-3,,,,,-263.99999342E-9,6.00000000,
,,,-263.59998628E-9,0.0,,,,,-263.59998628E-9,399.99997616E-3,,,,,-263.59998628E-9,5.59999990,
,,,-263.19997914E-9,0.0,,,,,-263.19997914E-9,359.99998450E-3,,,,,-263.19997914E-9,5.59999990,
,,,-262.80000043E-9,-39.99999911E-3,,,,,-262.80000043E-9,359.99998450E-3,,,,,-262.80000043E-9,5.59999990,
,,,-262.39999329E-9,-39.99999911E-3,,,,,-262.39999329E-9,359.99998450E-3,,,,,-262.39999329E-9,6.00000000,
,,,-261.99998615E-9,-39.99999911E-3,,,,,-261.99998615E-9,359.99998450E-3,,,,,-261.99998615E-9,6.00000000,
,,,-261.59997901E-9,-79.999998212E-3,,,,,-261.59997901E-9,319.99999285E-3,,,,,-261.59997901E-9,6.00000000,
,,,-261.20000030E-9,-39.99999911E-3,,,,,-261.20000030E-9,319.99999285E-3,,,,,-261.20000030E-9,6.00000000,
,,,-260.79999316E-9,-39.99999911E-3,,,,,-260.79999316E-9,280.00000119E-3,,,,,-260.79999316E-9,6.00000000,
,,,-260.39998602E-9,-39.99999911E-3,,,,,-260.39998602E-9,280.00000119E-3,,,,,-260.39998602E-9,6.00000000,
,,,-259.99997888E-9,0.0,,,,,-259.99997888E-9,280.00000119E-3,,,,,-259.99997888E-9,6.00000000,
,,,-259.60000016E-9,0.0,,,,,-259.60000016E-9,280.00000119E-3,,,,,-259.60000016E-9,6.00000000,
,,,-259.19999302E-9,0.0,,,,,-259.19999302E-9,319.99999285E-3,,,,,-259.19999302E-9,6.00000000,
,,,-258.79998589E-9,0.0,,,,,-258.79998589E-9,359.99998450E-3,,,,,-258.79998589E-9,6.00000000,
,,,-258.39997875E-9,0.0,,,,,-258.39997875E-9,359.99998450E-3,,,,,-258.39997875E-9,6.00000000,
,,,-258.00000003E-9,39.99999911E-3,,,,,-258.00000003E-9,399.99997616E-3,,,,,-258.00000003E-9,6.00000000,
,,,-257.59999289E-9,79.999998212E-3,,,,,-257.59999289E-9,399.99997616E-3,,,,,-257.59999289E-9,6.00000000,
,,,-257.19998575E-9,79.999998212E-3,,,,,-257.19998575E-9,399.99997616E-3,,,,,-257.19998575E-9,6.00000000,
,,,-256.79997862E-9,119.9999973E-3,,,,,-256.79997862E-9,439.999997616E-3,,,,,-256.79997862E-9,6.00000000,
,,,-256.39999990E-9,79.999998212E-3,,,,,-256.39999990E-9,439.999997616E-3,,,,,-256.39999990E-9,6.40000010,
,,,-255.99999276E-9,79.999998212E-3,,,,,-255.99999276E-9,479.999989271E-3,,,,,-255.99999276E-9,6.80000019,
,,,-255.59998562E-9,79.999998212E-3,,,,,-255.59998562E-9,479.999989271E-3,,,,,-255.59998562E-9,6.80000019,
,,,-255.19997848E-9,79.999998212E-3,,,,,-255.19997848E-9,479.999989271E-3,,,,,-255.19997848E-9,6.80000019,
,,,-254.79999977E-9,119.9999973E-3,,,,,-254.79999977E-9,439.999997616E-3,,,,,-254.79999977E-9,6.80000019,
,,,-254.39999263E-9,79.999998212E-3,,,,,-254.39999263E-9,439.999997616E-3,,,,,-254.39999263E-9,6.80000019,
,,,-253.99998549E-9,79.999998212E-3,,,,,-253.99998549E-9,439.999997616E-3,,,,,-253.99998549E-9,6.80000019,
,,,-253.59997835E-9,39.99999911E-3,,,,,-253.59997835E-9,439.999997616E-3,,,,,-253.59997835E-9,6.80000019,
,,,-253.19999963E-9,0.0,,,,,-253.19999963E-9,439.999997616E-3,,,,,-253.19999963E-9,6.80000019,
,,,-252.79999250E-9,0.0,,,,,-252.79999250E-9,439.999997616E-3,,,,,-252.79999250E-9,7.20000029,
,,,-252.39998536E-9,0.0,,,,,-252.39998536E-9,439.999997616E-3,,,,,-252.39998536E-9,7.20000029,
,,,-251.99997822E-9,0.0,,,,,-251.99997822E-9,439.999997616E-3,,,,,-251.99997822E-9,7.20000029,
,,,-251.59999950E-9,0.0,,,,,-251.59999950E-9,399.99997616E-3,,,,,-251.59999950E-9,7.20000029,
,,,-251.19999236E-9,0.0,,,,,-251.19999236E-9,399.99997616E-3,,,,,-251.19999236E-9,7.20000029,
,,,-250.79998522E-9,0.0,,,,,-250.79998522E-9,359.99998450E-3,,,,,-250.79998522E-9,7.20000029,
,,,-250.39997809E-9,0.0,,,,,-250.39997809E-9,359.99998450E-3,,,,,-250.39997809E-9,7.20000029,
,,,-249.99999937E-9,0.0,,,,,-249.99999937E-9,359.99998450E-3,,,,,-249.99999937E-9,7.599999905,
,,,-249.59999223E-9,0.0,,,,,-249.59999223E-9,359.99998450E-3,,,,,-249.59999223E-9,7.599999905,
,,,-249.19998509E-9,0.0,,,,,-249.19998509E-9,359.99998450E-3,,,,,-249.19998509E-9,7.599999905,
,,,-248.79997795E-9,0.0,,,,,-248.79997795E-9,399.99997616E-3,,,,,-248.79997795E-9,7.599999905,
,,,-248.39999924E-9,0.0,,,,,-248.39999924E-9,399.99997616E-3,,,,,-248.39999924E-9,7.599999905,
,,,-247.99999210E-9,0.0,,,,,-247.99999210E-9,399.99997616E-3,,,,,-247.99999210E-9,7.599999905,
,,,-247.59998496E-9,0.0,,,,,-247.59998496E-9,399.99997616E-3,,,,,-247.59998496E-9,7.599999905,
,,,-247.19997782E-9,0.0,,,,,-247.19997782E-9,399.99997616E-3,,,,,-247.19997782E-9,7.599999905,
,,,-246.79999910E-9,39.99999911E-3,,,,,-246.79999910E-9,439.999997616E-3,,,,,-246.79999910E-9,7.599999905,
,,,-246.39999197E-9,39.99999911E-3,,,,,-246.39999197E-9,439.999997616E-3,,,,,-246.39999197E-9,7.599999905,
,,,-245.99998483E-9,39.99999911E-3,,,,,-245.99998483E-9,479.999989271E-3,,,,,-245.99998483E-9,7.599999905,
,,,-245.59997769E-9,39.99999911E-3,,,,,-245.59997769E-9,479.999989271E-3,,,,,-245.59997769E-9,7.599999905,
,,,-245.19999897E-9,39.99999911E-3,,,,,-245.19999897E-9,519.999980927E-3,,,,,-245.19999897E-9,8.000000000,
,,,-244.79999183E-9,39.99999911E-3,,,,,-244.79999183E-9,479.999989271E-3,,,,,-244.79999183E-9,8.000000000,
,,,-244.39998469E-9,39.99999911E-3,,,,,-244.39998469E-9,479.999989271E-3,,,,,-244.39998469E-9,8.000000000,
,,,-243.99997756E-9,79.999998212E-3,,,,,-243.99997756E-9,479.999989271E-3,,,,,-243.99997756E-9,8.000000000,
,,,-243.59999884E-9,39.99999911E-3,,,,,-243.59999884E-9,479.999989271E-3,,,,,-243.59999884E-9,8.000000000,
,,,-243.19999170E-9,39.99999911E-3,,,,,-243.19999170E-9,479.999989271E-3,,,,,-243.19999170E-9,8.400000572,
,,,-242.79998456E-9,39.99999911E-3,,,,,-242.79998456E-9,479.999989271E-3,,,,,-242.79998456E-9,8.400000572,
,,,-242.39997742E-9,39.99999911E-3,,,,,-242.39997742E-9,479.999989271E-3,,,,,-242.39997742E-9,8.400000572,
,,,-241.99999871E-9,79.999998212E-3,,,,,-241.99999871E-9,479.999989271E-3,,,,,-241.99999871E-9,8.400000572,
,,,-241.59999157E-9,79.999998212E-3,,,,,-241.59999157E-9,479.999989271E-3,,,,,-241.59999157E-9,8.400000572,
,,,-241.19998443E-9,79.999998212E-3,,,,,-241.19998443E-9,479.999989271E-3,,,,,-241.19998443E-9,8.400000572,
,,,-240.79997729E-9,39.99999911E-3,,,,,-240.79997729E-9,479.999989271E-3,,,,,-240.79997729E-9,8.400000572,
,,,-240.39999857E-9,0.0,,,,,-240.39999857E-9,479.999989271E-3,,,,,-240.39999857E-9,8.400000572,
,,,-239.99999144E-9,0.0,,,,,-239.99999144E-9,479.999989271E-3,,,,,-239.99999144E-9,8.400000572,
,,,-239.59998430E-9,-39.99999911E-3,,,,,-239.59998430E-9,479.999989271E-3,,,,,-239.59998430E-9,8.400000572,
,,,-239.19997716E-9,-39.99999911E-3,,,,,-239.19997716E-9,479.999989271E-3,,,,,-239.19997716E-9,8.400000572,
,,,-238.79999844E-9,-39.99999911E-3,,,,,-238.79999844E-9,439.999997616E-3,,,,,-238.79999844E-9,8.800000191,
,,,-238.39999130E-9,-39.99999911E-3,,,,,-238.39999130E-9,439.999997616E-3,,,,,-238.39999130E-9,8.800000191,
,,,-237.99998417E-9,-39.99999911E-3,,,,,-237.99998417E-9,439.999997616E-3,,,,,-237.99998417E-9,8.800000191,
,,,-237.59999124E-9,-39.99999911E-3,,,,,-237.59999124E-9,399.99997616E-3,,,,,-237.59999124E-9,8.800000191,
,,,-237.19998410E-9,-39.99999911E-3,,,,,-237.19998410E-9,439.999997616E-3,,,,,-237.19998410E-9,8.800000191,
,,,-236.79999117E-9,-39.99999911E-3,,,,,-236.79999117E-9,439.999997616E-3,,,,,-236.79999117E-9,8.800000191,
,,,-236.39998403E-9,-39.99999911E-3,,,,,-236.39998403E-9,439.999997616E-3,,,,,-236.39998403E-9,8.800000191,
,,,-235.99999111E-9,0.0,,,,,-235.99999111E-9,479.999989271E-3,,,,,-235.99999111E-9,8.800000191,
,,,-235.59998397E-9,0.0,,,,,-235.59998397E-9,479.999989271E-3,,,,,-235.59998397E-9,8.800000191,
,,,-235.19999104E-9,0.0,,,,,-235.19999104E-9,479.999989271E-3,,,,,-235.19999104E-9,8.800000191,
,,,-234.79998390E-9,0.0,,,,,-234.79998390E-9,479.999989271E-3,,,,,-234.79998390E-9,8.800000191,
,,,-234.39999097E-9,0.0,,,,,-234.39999097E-9,479.999989271E-3,,,,,-234.39999097E-9,8.800000191,
,,,-233.99998383E-9,39.99999911E-3,,,,,-233.99998383E-9,519.999980927E-3,,,,,-233.99998383E-9,8.800000191,
,,,-233.59999091E-9,39.99999911E-3,,,,,-233.59999091E-9,519.999980927E-3,,,,,-233.59999091E-9,8.800000191,
,,,-233.19998377E-9,39.99999911E-3,,,,,-233.19998377E-9,519.999980927E-3,,,,,-233.19998377E-9,8.400000572,
,,,-232.79999084E-9,79.999998212E-3,,,,,-232.79999084E-9,519.999980927E-3,,,,,-232.79999084E-9,8.800000191,
,,,-232.39998370E-9,79.999998212E-3,,,,,-232.39998370E-9,519.999980927E-3,,,,,-232.39998370E-9,8.800000191,
,,,-231.99999077E-9,79.999998212E-3,,,,,-231.99999077E-9,560.000002384E-3,,,,,-231.99999077E-9,8.800000191,
,,,-231.59998364E-9,79.999998212E-3,,,,,-231.59998364E-9,519.999980927E-3,,,,,-231.59998364E-9,8.800000191,
,,,-231.19999071E-9,79.999998212E-3,,,,,-231.19999071E-9,519.999980927E-3,,,,,-231.19999071E-9,8.800000191,
,,,-230.79998357E-9,39.99999911E-3,,,,,-230.79998357E-9,479.999989271E-3,,,,,-230.79998357E-9,8.800000191,
,,,-230.39999064E-9,0.0,,,,,-230.39999064E-9,479.999989271E-3,,,,,-230.39999064E-9,8.400000572,
,,,-229.99998350E-9,0.0,,,,,-229.99998350E-9,479.999989271E-3,,,,,-229.99998350E-9,8.400000572,
,,,-229.59999058E-9,-39.99999911E-3,,,,,-229.59999058E-9,479.999989271E-3,,,,,-229.59999058E-9,8.400000572,
,,,-229.19998344E-9,0.0,,,,,-229.19998344E-9,479.999989271E-3,,,,,-229.19998344E-9,8.400000572,
,,,-228.79999051E-9,0.0,,,,,-228.79999051E-9,479.999989271E-3,,,,,-228.79999051E-9,8.400000572,
,,,-228.39998337E-9,0.0,,,,,-228.39998337E-9,479.999989271E-3,,,,,-228.39998337E-9,8.400000572,
,,,-227.99999044E-9,0.0,,,,,-227.99999044E-9,479.999989271E-3,,,,,-227.99999044E-9,8.400000572,
,,,-227.59998330E-9,0.0,,,,,-227.59998330E-9,479.999989271E-3,,,,,-227.59998330E-9,8.400000572,
,,,-227.19999038E-9,0.0,,,,,-227.19999038E-9,479.999989271E-3,,,,,-227.19999038E-9,8.400000572,
,,,-226.79998324E-9,39.99999911E-3,,,,,-226.79998324E-9,479.999989271E-3,,,,,-226.79998324E-9,8.400000572,
,,,-226.39999031E-9,39.99999911E-3,,,,,-226.39999031E-9,479.999989271E-3,,,,,-226.39999031E-9,8.000000000,
,,,-225.99998317E-9,79.999998212E-3,,,,,-225.99998317E-9,479.999989271E-3,,,,,-225.99998317E-9,8.400000572,
,,,-225.59999024E-9,39.99999911E-3,,,,,-225.59999024E-9,439.999997616E-3,,,,,-225.59999024E-9,8.400000572,
,,,-225.19998311E-9,39.99999911E-3,,,,,-225.19998311E-9,399.99997616E-3,,,,,-225.19998311E-9,8.400000572,
,,,-224.79999018E-9,0.0,,,,,-224.79999018E-9,359.99998450E-3,,,,,-224.79999018E-9,8.400000572,
,,,-224.39998304E-9,0.0,,,,,-224.39998304E-9,359.99998450E-3,,,,,-224.39998304E-9,8.800000191,
,,,-223.99999011E-9,39.99999911E-3,,,,,-223.99999011E-9,399.99997616E-3,,,,,-223.99999011E-9,8.400000572,
,,,-223.59998297E-9,39.99999911E-3,,,,,-223.59998297E-9,399.99997616E-3,,,,,-223.59998297E-9,8.400000572,
,,,-223.19999005E-9,79.999998212E-3,,,,,-223.19999005E-9,439.999997616E-3,,,,,-223.19999005E-9,8.400000572,
,,,-222.79998291E-9,119.9999973E-3,,,,,-222.79998291E-9,479.999989271E-3,,,,,-222.79998291E-9,8.400000572,
,,,-222.39998998E-9,119.9999973E-3,,,,,-222.39998998E-9,479.999989271E-3,,,,,-222.39998998E-9,8.400000572,
,,,-221.99998284E-9,119.9999973E-3,,,,,-221.99998284E-9,479.999989271E-3,,,,,-221.99998284E-9,8.400000572,
,,,-221.59998991E-9,79.999998212E-3,,,,,-221.59998991E-9,479.999989271E-3,,,,,-221.59998991E-9,8.400000572,
,,,-221.19998278E-9,39.99999911E-3,,,,,-221.19998278E-9,479.999989271E-3,,,,,-221.19998278E-9,8.400000572,
,,,-220.79998985E-9,39.99999911E-3,,,,,-220.79998985E-9,439.999997616E-3,,,,,-220.79998985E-9,8.400000572,
,,,-220.39998271E-9,39.99999911E-3,,,,,-220.39998271E-9,399.99997616E-3,,,,,-220.39998271E-9,8.000000000,
,,,-219.99998978E-9,39.99999911E-3,,,,,-219.99998978E-9,399.99997616E-3,,,,,-219.99998978E-9,8.000000000,
,,,-219.59998264E-9,39.99999911E-3,,,,,-219.59998264E-9,359.99998450E-3,,,,,-219.59998264E-9,8.000000000,
,,,-219.19998971E-9,39.99999911E-3,,,,,-219.19998971E-9,399.99997616E-3,,,,,-219.19998971E-9,8.000000000,
,,,-218.79998258E-9,39.99999911E-3,,,,,-218.79998258E-9,399.99997616E-3,,,,,-218.79998258E-9,8.000000000,
,,,-218.39998965E-9,39.99999911E-3,,,,,-218.39998965E-9,399.99997616E-3,,,,,-218.39998965E-9,8.000000000,
,,,-217.99998251E-9,39.99999911E-3,,,,,-217.99998251E-9,399.99997616E-3,,,,,-217.99998251E-9,8.000000000,
,,,-217.59998958E-9,39.99999911E-3,,,,,-217.59998958E-9,399.99997616E-3,,,,,-217.59998958E-9,8.400000572,
,,,-217.19998244E-9,39.99999911E-3,,,,,-217.19998244E-9,399.99997616E-3,,,,,-217.19998244E-9,8.000000000,
,,,-216.79998952E-9,39.99999911E-3,,,,,-216.79998952E-9,439.999997616E-3,,,,,-216.79998952E-9,8.000000000,
,,,-216.39998238E-9,39.99999911E-3,,,,,-216.39998238E-9,439.999997616E-3,,,,,-216.39998238E-9,8.000000000,
,,,-215.99998945E-9,39.99999911E-3,,,,,-215.99998945E-9,439.999997616E-3,,,,,-215.99998945E-9,7.599999905,
,,,-215.59998231E-9,39.99999911E-3,,,,,-215.59998231E-9,439.999997616E-3,,,,,-215.59998231E-9,7.599999905,
,,,-215.19998938E-9,39.99999911E-3,,,,,-215.19998938E-9,439.999997616E-3,,,,,-215.19998938E-9,7.599999905,
,,,-214.79998225E-9,39.99999911E-3,,,,,-214.79998225E-9,439.999997616E-3,,,,,-214.79998225E-9,7.599999905,
,,,-214.39998932E-9,39.99999911E-3,,,,,-214.39998932E-9,439.999997616E-3,,,,,-214.39998932E-9,7.599999905,
,,,-213.99998218E-9,79.999998212E-3,,,,,-213.99998218E-9,439.999997616E-3,,,,,-213.99998218E-9,7.599999905,
,,,-213.59998925E-9,79.999998212E-3,,,,,-213.59998925E-9,439.999997616E-3,,,,,-213.59998925E-9,7.599999905,
,,,-213.19998211E-9,79.999998212E-3,,,,,-213.19998211E-9,439.999997616E-3,,,,,-213.19998211E-9,7.599999905,
,,,-212.79998919E-9,79.999998212E-3,,,,,-212.79998919E-9,479.999989271E-3,,,,,-212.79998919E-9,7.599999905,
,,,-212.39998205E-9,79.999998212E-3,,,,,-212.39998205E-9,479.999989271E-3,,,,,-212.39998205E-9,7.599999905,
,,,-211.99998912E-9,79.999998212E-3,,,,,-211.99998912E-9,519.999980927E-3,,,,,-211.99998912E-9,7.599999905,
,,,-211.59998198E-9,79.999998212E-3,,,,,-211.59998198E-9,479.999989271E-3,,,,,-211.59998198E-9,7.599999905,
,,,-211.19998905E-9,79.999998212E-3,,,,,-211.19998905E-9,479.999989271E-3,,,,,-211.19998905E-9,7.599999905,
,,,-210.79998191E-9,79.999998212E-3,,,,,-210.79998191E-9,479.999989271E-3,,,,,-210.79998191E-9,7.599999905,
,,,-210.39998899E-9,79.999998212E-3,,,,,-210.39998899E-9,479.999989271E-3,,,,,-210.39998899E-9,7.599999905,
,,,-209.99998185E-9,79.999998212E-3,,,,,-209.99998185E-9,519.999980927E-3,,,,,-209.99998185E-9,7.599999905,
,,,-209.59998892E-9,79.999998212E-3,,,,,-209.59998892E-9,479.999989271E-3,,,,,-209.59998892E-9,7.599999905,
,,,-209.19998178E-9,79.999998212E-3,,,,,-209.19998178E-9,479.999989271E-3,,,,,-209.19998178E-9,7.599999905,
,,,-208.79998885E-9,79.999998212E-3,,,,,-208.79998885E-9,479.999989271E-3,,,,,-208.79998885E-9,7.599999905,
,,,-208.39998172E-9,79.999998212E-3,,,,,-208.39998172E-9,479.999989271E-3,,,,,-208.39998172E-9,7.599999905,
,,,-207.99998879E-9,79.999998212E-3,,,,,-207.99998879E-9,479.999989271E-3,,,,,-207.99998879E-9,7.599999905,
,,,-207.59998165E-9,79.999998212E-3,,,,,-207.59998165E-9,479.999989271E-3,,,,,-207.59998165E-9,7.599999905,
,,,-207.19998872E-9,79.999998212E-3,,,,,-207.19998872E-9,479.999989271E-3,,,,,-207.19998872E-9,7.599999905,
,,,-206.79998158E-9,79.999998212E-3,,,,,-206.79998158E-9,479.999989271E-3,,,,,-206.79998158E-9,7.20000029,
,,,-206.39998866E-9,79.999998212E-3,,,,,-206.39998866E-9,479.999989271E-3,,,,,-206.39998866E-9,7.599999905,
,,,-205.99998152E-9,79.999998212E-3,,,,,-205.99998152E-9,479.999989271E-3,,,,,-205.99998152E-9,7.599999905,
,,,-205.59998859E-9,39.99999911E-3,,,,,-205.59998859E-9,479.999989271E-3,,,,,-205.59998859E-9,7.599999905,
,,,-205.19998145E-9,39.99999911E-3,,,,,-205.19998145E-9,479.999989271E-3,,,,,-205.19998145E-9,7.20000029,
,,,-204.79998852E-9,39.99999911E-3,,,,,-204.79998852E-9,479.999989271E-3,,,,,-204.79998852E-9,7.20000029,
,,,-204.39998138E-9,39.99999911E-3,,,,,-204.39998138E-9,479.999989271E-3,,,,,-204.39998138E-9,7.20000029,
,,,-203.99998846E-9,79.999998212E-3,,,,,-203.99998846E-9,479.999989271E-3,,,,,-203.99998846E-9,6.80000019,
,,,-203.59998132E-9,79.999998212E-3,,,,,-203.59998132E-9,479.999989271E-3,,,,,-203.59998132E-9,7.20000029,
,,,-203.19998839E-9,79.999998212E-3,,,,,-203.19998839E-9,479.999989271E-3,,,,,-203.19998839E-9,7.20000029,
,,,-202.79998125E-9,39.99999911E-3,,,,,-202.79998125E-9,479.999989271E-3,,,,,-202.79998125E-9,7.599999905,
,,,-202.39998832E-9,39.99999911E-3,,,,,-202.39998832E-9,479.999989271E-3,,,,,-202.39998832E-9,7.599999905,
,,,-201.99998119E-9,39.99999911E-3,,,,,-201.99998119E-9,479.999989271E-3,,,,,-201.99998119E-9,7.599999905,
,,,-201.59998826E-9,39.99999911E-3,,,,,-201.59998826E-9,439.999997616E-3,,,,,-201.59998826E-9,7.599999905,
,,,-201.19998112E-9,39.99999911E-3,,,,,-201.19998112E-9,439.999997616E-3,,,,,-201.19998112E-9,7.599999905,
,,,-200.79998819E-9,39.99999911E-3,,,,,-200.79998819E-9,439.999997616E-3,,,,,-200.79998819E-9,7.599999905,
,,,-200.39998105E-9,39.99999911E-3,,,,,-200.39998105E-9,439.999997616E-3,,,,,-200.39998105E-9,7.20000029,
,,,-199.99998813E-9,39.99999911E-3,,,,,-199.99998813E-9,439.999997616E-3,,,,,-199.99998813E-9,7.599999905,
,,,-199.59998099E-9,0.0,,,,,-199.59998099E-9,439.999997616E-3,,,,,-199.59998099E-9,7.599999905,
,,,-199.19998806E-9,39.99999911E-3,,,,,-199.19998806E-9,439.999997616E-3,,,,,-199.19998806E-9,7.599999905,
,,,-198.79999513E-9,39.99999911E-3,,,,,-198.79999513E-9,439.999997616E-3,,,,,-198.79999513E-9,8.000000000,
,,,-198.39998799E-9,39.99999911E-3,,,,,-198.39998799E-9,439.999997616E-3,,,,,-198.39998799E-9,8.000000000,
,,,-197.99999507E-9,79.999998212E-3,,,,,-197.99999507E-9,479.999989271E-3,,,,,-197.99999507E-9,8.000000000,
,,,-197.59998793E-9,119.9999973E-3,,,,,-197.59998793E-9,479.999989271E-3,,,,,-197.59998793E-9,8.000000000,
,,,-197.19999500E-9,119.9999973E-3,,,,,-197.19999500E-9,479.999989271E-3,,,,,-197.19999500E-9,7.599999905,
,,,-196.79998786E-9,159.99999642E-3,,,,,-196.79998786E-9,479.999989271E-3,,,,,-196.79998786E-9,7.599999905,
,,,-196.39999493E-9,119.9999973E-3,,,,,-196.39999493E-9,479.999989271E-3,,,,,-196.39999493E-9,7.599999905,
,,,-195.99998780E-9,119.9999973E-3,,,,,-195.99998780E-9,519.999980927E-3,,,,,-195.99998780E-9,7.599999905,
,,,-195.59999487E-9,119.9999973E-3,,,,,-195.59999487E-9,519.999980927E-3,,,,,-195.59999487E-9,8.000000000,
,,,-195.19998773E-9,119.9999973E-3,,,,,-195.19998773E-9,519.999980927E-3,,,,,-195.19998773E-9,8.000000000,
,,,-194.79999480E-9,119.9999973E-3,,,,,-194.79999480E-9,519.999980927E-3,,,,,-194.79999480E-9,8.000000000,
,,,-194.39998766E-9,119.9999973E-3,,,,,-194.39998766E-9,519.999980927E-3,,,,,-194.39998766E-9,8.000000000,
,,,-193.99999474E-9,119.9999973E-3,,,,,-193.99999474E-9,519.999980927E-3,,,,,-193.99999474E-9,8.000000000,
,,,-193.59998760E-9,79.999998212E-3,,,,,-193.59998760E-9,519.999980927E-3,,,,,-193.59998760E-9,8.000000000,
,,,-193.19999467E-9,79.999998212E-3,,,,,-193.19999467E-9,519.999980927E-3,,,,,-193.19999467E-9,8.400000572,
,,,-192.79998753E-9,39.99999911E-3,,,,,-192.79998753E-9,479.999989271E-3,,,,,-192.79998753E-9,8.400000572,
,,,-192.39999460E-9,39.99999911E-3,,,,,-192.39999460E-9,439.999997616E-3,,,,,-192.39999460E-9,8.400000572,
,,,-191.99998746E-9,39.99999911E-3,,,,,-191.99998746E-9,439.999997616E-3,,,,,-191.99998746E-9,8.800000191,
,,,-191.59999454E-9,39.99999911E-3,,,,,-191.59999454E-9,399.99997616E-3,,,,,-191.59999454E-9,8.800000191,
,,,-191.19998740E-9,39.99999911E-3,,,,,-191.19998740E-9,399.99997616E-3,,,,,-191.19998740E-9,8.800000191,
,,,-190.79999447E-9,39.99999911E-3,,,,,-190.79999447E-9,399.99997616E-3,,,,,-190.79999447E-9,8.800000191,
,,,-190.39998733E-9,39.99999911E-3,,,,,-190.39998733E-9,399.99997616E-3,,,,,-190.39998733E-9,8.400000572,
,,,-189.99999440E-9,39.99999911E-3,,,,,-189.99999440E-9,439.999997616E-3,,,,,-189.99999440E-9,8.400000572,
,,,-189.59998727E-9,39.99999911E-3,,,,,-189.59998727E-9,439.999997616E-3,,,,,-189.59998727E-9,8.400000572,
,,,-189.19999434E-9,39.99999911E-3,,,,,-189.19999434E-9,479.999989271E-3,,,,,-189.19999434E-9,8.400000572,
,,,-188.79998720E-9,39.99999911E-3,,,,,-188.79998720E-9,439.999997616E-3,,,,,-188.79998720E-9,8.800000191,
,,,-188.39999427E-9,39.99999911E-3,,,,,-188.39999427E-9,439.999997616E-3,,,,,-188.39999427E-9,8.800000191,
,,,-187.99998713E-9,39.99999911E-3,,,,,-187.99998713E-9,439.999997616E-3,,,,,-187.99998713E-9,8.800000191,
,,,-187.59999421E-9,39.99999911E-3,,,,,-187.59999421E-9,399.99997616E-3,,,,,-187.59999421E-9,8.800000191,
,,,-187.19998707E-9,39.99999911E-3,,,,,-187.19998707E-9,399.99997616E-3,,,,,-187.19998707E-9,8.800000191,
,,,-186.79999414E-9,79.999998212E-3,,,,,-186.79999414E-9,439.999997616E-3,,,,,-186.79999414E-9,8.800000191,
,,,-186.39998700E-9,79.999998212E-3,,,,,-186.39998700E-9,479.999989271E-3,,,,,-186.39998700E-9,8.800000191,
,,,-185.99999407E-9,119.9999973E-3,,,,,-185.99999407E-9,519.999980927E-3,,,,,-185.99999407E-9,8.400000572,
,,,-185.59998693E-9,79.999998212E-3,,,,,-185.59998693E-9,519.999980927E-3,,,,,-185.59998693E-9,8.400000572,
,,,-185.19999401E-9,79.999998212E-3,,,,,-185.19999401E-9,560.000002384E-3,,,,,-185.19999401E-9,8.400000572,
,,,-184.79998687E-9,79.999998212E-3,,,,,-184.79998687E-9,560.000002384E-3,,,,,-184.79998687E-9,8.400000572,
,,,-184.39999394E-9,79.999998212E-3,,,,,-184.39999394E-9,560.000002384E-3,,,,,-184.39999394E-9,8.800000191,
,,,-183.99998680E-9,79.999998212E-3,,,,,-183.99998680E-9,560.000002384E-3,,,,,-183.99998680E-9,8.800000191,
,,,-183.59999387E-9,79.999998212E-3,,,,,-183.59999387E-9,519.999980927E-3,,,,,-183.59999387E-9,8.800000191,
,,,-183.19998674E-9,79.999998212E-3,,,,,-183.19998674E-9,519.999980927E-3,,,,,-183.19998674E-9,8.800000191,
,,,-182.79999381E-9,79.999998212E-3,,,,,-182.79999381E-9,519.999980927E-3,,,,,-182.79999381E-9,8.800000191,
,,,-182.39998667E-9,79.999998212E-3,,,,,-182.39998667E-9,519.999980927E-3,,,,,-182.39998667E-9,8.800000191,
,,,-181.99999374E-9,119.9999973E-3,,,,,-181.99999374E-9,519.999980927E-3,,,,,-181.99999374E-9,8.800000191,
,,,-181.59998660E-9,119.9999973E-3,,,,,-181.59998660E-9,519.999980927E-3,,,,,-181.59998660E-9,8.800000191,
,,,-181.19999368E-9,119.9999973E-3,,,,,-181.19999368E-9,519.999980927E-3,,,,,-181.19999368E-9,8.800000191,
,,,-180.79998654E-9,79.999998212E-3,,,,,-180.79998654E-9,479.999989271E-3,,,,,-180.79998654E-9,8.800000191,
,,,-180.39999361E-9,79.999998212E-3,,,,,-180.39999361E-9,479.999989271E-3,,,,,-180.39999361E-9,8.800000191,
,,,-179.99998647E-9,79.999998212E-3,,,,,-179.99998647E-9,479.999989271E-3,,,,,-179.99998647E-9,8.800000191,
,,,-179.59999354E-9,79.999998212E-3,,,,,-179.59999354E-9,439.999997616E-3,,,,,-179.59999354E-9,8.800000191,
,,,-179.19998641E-9,79.999998212E-3,,,,,-179.19998641E-9,479.999989271E-3,,,,,-179.19998641E-9,8.800000191,
,,,-178.79999348E-9,39.99999911E-3,,,,,-178.79999348E-9,479.999989271E-3,,,,,-178.79999348E-9,8.800000191,
,,,-178.39998634E-9,39.99999911E-3,,,,,-178.39998634E-9,479.999989271E-3,,,,,-178.39998634E-9,8.800000191,
,,,-177.99999341E-9,39.99999911E-3,,,,,-177.99999341E-9,519.999980927E-3,,,,,-177.99999341E-9,8.800000191,
,,,-177.59998627E-9,0.0,,,,,-177.59998627E-9,519.999980927E-3,,,,,-177.59998627E-9,8.800000191,
,,,-177.19999335E-9,39.99999911E-3,,,,,-177.19999335E-9,519.999980927E-3,,,,,-177.19999335E-9,8.800000191,
,,,-176.79998621E-9,39.99999911E-3,,,,,-176.79998621E-9,519.999980927E-3,,,,,-176.79998621E-9,9.199999809,
,,,-176.39999328E-9,39.99999911E-3,,,,,-176.39999328E-9,519.999980927E-3,,,,,-176.39999328E-9,9.600000381,
,,,-175.99998614E-9,79.999998212E-3,,,,,-175.99998614E-9,560.000002384E-3,,,,,-175.99998614E-9,9.600000381,
,,,-175.59999321E-9,39.99999911E-3,,,,,-175.59999321E-9,560.000002384E-3,,,,,-175.59999321E-9,9.600000381,
,,,-175.19998607E-9,39.99999911E-3,,,,,-175.19998607E-9,560.000002384E-3,,,,,-175.19998607E-9,9.600000381,
,,,-174.79999315E-9,39.99999911E-3,,,,,-174.79999315E-9,560.000002384E-3,,,,,-174.79999315E-9,9.199999809,
,,,-174.39998601E-9,39.99999911E-3,,,,,-174.39998601E-9,560.000002384E-3,,,,,-174.39998601E-9,9.600000381,
,,,-173.99999308E-9,79.999998212E-3,,,,,-173.99999308E-9,599.999964237E-3,,,,,-173.99999308E-9,9.600000381,
,,,-173.59998594E-9,79.999998212E-3,,,,,-173.59998594E-9,560.000002384E-3,,,,,-173.59998594E-9,9.600000381,
,,,-173.19999301E-9,79.999998212E-3,,,,,-173.19999301E-9,560.000002384E-3,,,,,-173.19999301E-9,9.600000381,
,,,-172.79998588E-9,79.999998212E-3,,,,,-172.79998588E-9,519.999980927E-3,,,,,-172.79998588E-9,9.600000381,
,,,-172.39999295E-9,79.999998212E-3,,,,,-172.39999295E-9,519.999980927E-3,,,,,-172.39999295E-9,9.600000381,
,,,-171.99998581E-9,79.999998212E-3,,,,,-171.99998581E-9,519.999980927E-3,,,,,-171.99998581E-9,9.600000381,
,,,-171.59999288E-9,79.999998212E-3,,,,,-171.59999288E-9,519.999980927E-3,,,,,-171.59999288E-9,9.600000381,
,,,-171.19998574E-9,79.999998212E-3,,,,,-171.19998574E-9,519.999980927E-3,,,,,-171.19998574E-9,9.600000381,
,,,-170.79999282E-9,39.99999911E-3,,,,,-170.79999282E-9,519.999980927E-3,,,,,-170.79999282E-9,9.199999809,
,,,-170.39998568E-9,0.0,,,,,-170.39998568E-9,519.999980927E-3,,,,,-170.39998568E-9,9.600000381,
,,,-169.99999275E-9,0.0,,,,,-169.99999275E-9,519.999980927E-3,,,,,-169.99999275E-9,9.600000381,
,,,-169.59998561E-9,0.0,,,,,-169.59998561E-9,519.999980927E-3,,,,,-169.59998561E-9,9.600000381,
,,,-169.19999268E-9,0.0,,,,,-169.19999268E-9,519.999980927E-3,,,,,-169.19999268E-9,9.600000381,
,,,-168.79998554E-9,-39.99999911E-3,,,,,-168.79998554E-9,479.999989271E-3,,,,,-168.79998554E-9,9.600000381,
,,,-168.39999262E-9,-39.99999911E-3,,,,,-168.39999262E-9,479.999989271E-3,,,,,-168.39999262E-9,9.199999809,
,,,-167.99998548E-9,-39.99999911E-3,,,,,-167.99998548E-9,479.999989271E-3,,,,,-167.99998548E-9,9.199999809,
,,,-167.59999255E-9,-79.999998212E-3,,,,,-167.59999255E-9,479.999989271E-3,,,,,-167.59999255E-9,9.199999809,
,,,-167.19998541E-9,-79.999998212E-3,,,,,-167.19998541E-9,479.999989271E-3,,,,,-167.19998541E-9,9.600000381,
,,,-166.79999248E-9,-39.99999911E-3,,,,,-166.79999248E-9,519.999980927E-3,,,,,-166.79999248E-9,9.600000381,
,,,-166.39998535E-9,0.0,,,,,-166.39998535E-9,519.999980927E-3,,,,,-166.39998535E-9,9.600000381,
,,,-165.99999242E-9,39.99999911E-3,,,,,-165.99999242E-9,519.999980927E-3,,,,,-165.99999242E-9,9.199999809,
,,,-165.59998528E-9,0.0,,,,,-165.59998528E-9,519.999980927E-3,,,,,-165.59998528E-9,9.199999809,
,,,-165.19999235E-9,0.0,,,,,-165.19999235E-9,519.999980927E-3,,,,,-165.19999235E-9,9.199999809,
,,,-164.79998521E-9,-39.99999911E-3,,,,,-164.79998521E-9,560.000002384E-3,,,,,-164.79998521E-9,9.199999809,
,,,-164.39999229E-9,-39.99999911E-3,,,,,-164.39999229E-9,560.000002384E-3,,,,,-164.39999229E-9,9.199999809,
,,,-163.99998515E-9,0.0,,,,,-163.99998515E-9,599.999964237E-3,,,,,-163.99998515E-9,9.199999809,
,,,-163.59999222E-9,0.0,,,,,-163.59999222E-9,599.999964237E-3,,,,,-163.59999222E-9,9.199999809,
,,,-163.19998508E-9,39.99999911E-3,,,,,-163.19998508E-9,599.999964237E-3,,,,,-163.19998508E-9,9.199999809,
,,,-162.79999215E-9,79.999998212E-3,,,,,-162.79999215E-9,599.999964237E-3,,,,,-162.79999215E-9,9.199999809,
,,,-162.39998502E-9,79.999998212E-3,,,,,-162.39998502E-9,599.999964237E-3,,,,,-162.39998502E-9,9.199999809,
,,,-161.99999209E-9,79.999998212E-3,,,,,-161.99999209E-9,639.999985695E-3,,,,,-161.99999209E-9,9.199999809,
,,,-161.59998495E-9,39.99999911E-3,,,,,-161.59998495E-9,599.999964237E-3,,,,,-161.59998495E-9,9.199999809,
,,,-161.19999202E-9,39.99999911E-3,,,,,-161.19999202E-9,599.999964237E-3,,,,,-161.19999202E-9,9.199999809,
,,,-160.79998488E-9,39.99999911E-3,,,,,-160.79998488E-9,599.999964237E-3,,,,,-160.79998488E-9,9.199999809,
,,,-160.39999196E-9,39.99999911E-3,,,,,-160.39999196E-9,599.999964237E-3,,,,,-160.39999196E-9,9.199999809,
,,,-159.99998482E-9,39.99999911E-3,,,,,-159.99998482E-9,599.999964237E-3,,,,,-159.99998482E-9,9.199999809,
,,,-159.59999189E-9,39.99999911E-3,,,,,-159.59999189E-9,599.999964237E-3,,,,,-159.59999189E-9,9.199999809,
,,,-159.19998475E-9,39.99999911E-3,,,,,-159.19998475E-9,599.999964237E-3,,,,,-159.19998475E-9,9.199999809,
,,,-158.79999182E-9,39.99999911E-3,,,,,-158.79999182E-9,599.999964237E-3,,,,,-158.79999182E-9,9.199999809,
,,,-158.39998468E-9,39.99999911E-3,,,,,-158.39998468E-9,599.999964237E-3,,,,,-158.39998468E-9,9.199999809,
,,,-157.99999176E-9,39.99999911E-3,,,,,-157.99999176E-9,599.999964237E-3,,,,,-157.99999176E-9,9.199999809,
,,,-157.59998462E-9,39.99999911E-3,,,,,-157.59998462E-9,560.000002384E-3,,,,,-157.59998462E-9,9.199999809,
,,,-157.19999169E-9,39.99999911E-3,,,,,-157.19999169E-9,560.000002384E-3,,,,,-157.19999169E-9,9.199999809,
,,,-156.79998455E-9,39.99999911E-3,,,,,-156.79998455E-9,560.000002384E-3,,,,,-156.79998455E-9,9.199999809,
,,,-156.39999162E-9,39.99999911E-3,,,,,-156.39999162E-9,560.000002384E-3,,,,,-156.39999162E-9,9.199999809,
,,,-155.99998449E-9,79.999998212E-3,,,,,-155.99998449E-9,599.999964237E-3,,,,,-155.99998449E-9,9.199999809,
,,,-155.59999156E-9,39.99999911E-3,,,,,-155.59999156E-9,560.000002384E-3,,,,,-155.59999156E-9,9.199999809,
,,,-155.19998442E-9,39.99999911E-3,,,,,-155.19998442E-9,560.000002384E-3,,,,,-155.19998442E-9,9.199999809,
,,,-154.79999149E-9,0.0,,,,,-154.79999149E-9,560.000002384E-3,,,,,-154.79999149E-9,9.199999809,
,,,-154.39998435E-9,0.0,,,,,-154.39998435E-9,560.000002384E-3,,,,,-154.39998435E-9,9.600000381,
,,,-153.99999143E-9,0.0,,,,,-153.99999143E-9,560.000002384E-3,,,,,-153.99999143E-9,9.600000381,
,,,-153.59998429E-9,0.0,,,,,-153.59998429E-9,519.999980927E-3,,,,,-153.59998429E-9,10.0000000,
,,,-153.19999136E-9,39.99999911E-3,,,,,-153.19999136E-9,519.999980927E-3,,,,,-153.19999136E-9,9.600000381,
,,,-152.79998422E-9,79.999998212E-3,,,,,-152.79998422E-9,519.999980927E-3,,,,,-152.79998422E-9,9.600000381,
,,,-152.39999129E-9,39.99999911E-3,,,,,-152.39999129E-9,519.999980927E-3,,,,,-152.39999129E-9,9.600000381,
,,,-151.99998415E-9,39.99999911E-3,,,,,-151.99998415E-9,560.000002384E-3,,,,,-151.99998415E-9,9.600000381,
,,,-151.59999123E-9,39.99999911E-3,,,,,-151.59999123E-9,560.000002384E-3,,,,,-151.59999123E-9,9.600000381,
,,,-151.19998409E-9,39.99999911E-3,,,,,-151.19998409E-9,560.000002384E-3,,,,,-151.19998409E-9,10.0000000,
,,,-150.79999116E-9,39.99999911E-3,,,,,-150.79999116E-9,519.999980927E-3,,,,,-150.79999116E-9,10.0000000,
,,,-150.39998402E-9,39.99999911E-3,,,,,-150.39998402E-9,519.999980927E-3,,,,,-150.39998402E-9,10.0000000,
,,,-149.99999109E-9,39.99999911E-3,,,,,-149.99999109E-9,519.999980927E-3,,,,,-149.99999109E-9,10.0000000,
,,,-149.59998396E-9,39.99999911E-3,,,,,-149.59998396E-9,519.999980927E-3,,,,,-149.59998396E-9,10.0000000,
,,,-149.19999103E-9,39.99999911E-3,,,,,-149.19999103E-9,519.999980927E-3,,,,,-149.19999103E-9,10.0000000,
,,,-148.79998389E-9,39.99999911E-3,,,,,-148.79998389E-9,560.000002384E-3,,,,,-148.79998389E-9,10.0000000,
,,,-148.3999910E-9,39.99999911E-3,,,,,-148.3999910E-9,560.000002384E-3,,,,,-148.3999910E-9,9.600000381,
,,,-147.9999838E-9,79.999998212E-3,,,,,-147.9999838E-9,599.999964237E-3,,,,,-147.9999838E-9,9.600000381,
,,,-147.5999909E-9,79.999998212E-3,,,,,-147.5999909E-9,560.000002384E-3,,,,,-147.5999909E-9,9.600000381,
,,,-147.1999838E-9,79.999998212E-3,,,,,-147.1999838E-9,560.000002384E-3,,,,,-147.1999838E-9,9.600000381,
,,,-146.7999908E-9,79.999998212E-3,,,,,-146.7999908E-9,560.000002384E-3,,,,,-146.7999908E-9,10.0000000,
,,,-146.3999837E-9,79.999998212E-3,,,,,-146.3999837E-9,560.000002384E-3,,,,,-146.3999837E-9,10.0000000,
,,,-145.9999908E-9,119.9999973E-3,,,,,-145.9999908E-9,599.999964237E-3,,,,,-145.9999908E-9,10.0000000,
,,,-145.5999836E-9,79.999998212E-3,,,,,-145.5999836E-9,560.000002384E-3,,,,,-145.5999836E-9,10.4000006,
,,,-145.1999907E-9,79.999998212E-3,,,,,-145.1999907E-9,560.000002384E-3,,,,,-145.1999907E-9,10.4000006,
,,,-144.7999836E-9,79.999998212E-3,,,,,-144.7999836E-9,560.000002384E-3,,,,,-144.7999836E-9,10.4000006,
,,,-144.3999906E-9,79.999998212E-3,,,,,-144.3999906E-9,560.000002384E-3,,,,,-144.3999906E-9,10.4000006,
,,,-143.9999835E-9,79.999998212E-3,,,,,-143.9999835E-9,599.999964237E-3,,,,,-143.9999835E-9,10.4000006,
,,,-143.5999906E-9,79.999998212E-3,,,,,-143.5999906E-9,560.000002384E-3,,,,,-143.5999906E-9,10.4000006,
,,,-143.1999834E-9,79.999998212E-3,,,,,-143.1999834E-9,560.000002384E-3,,,,,-143.1999834E-9,10.4000006,
,,,-142.7999905E-9,39.99999911E-3,,,,,-142.7999905E-9,560.000002384E-3,,,,,-142.7999905E-9,10.4000006,
,,,-142.3999834E-9,39.99999911E-3,,,,,-142.3999834E-9,560.000002384E-3,,,,,-142.3999834E-9,10.4000006,
,,,-141.9999904E-9,39.99999911E-3,,,,,-141.9999904E-9,560.000002384E-3,,,,,-141.9999904E-9,10.4000006,
,,,-141.5999833E-9,0.0,,,,,-141.5999833E-9,519.999980927E-3,,,,,-141.5999833E-9,10.4000006,
,,,-141.1999904E-9,0.0,,,,,-141.1999904E-9,519.999980927E-3,,,,,-141.1999904E-9,10.4000006,
,,,-140.7999832E-9,0.0,,,,,-140.7999832E-9,519.999980927E-3,,,,,-140.7999832E-9,10.8000002,
,,,-140.3999903E-9,0.0,,,,,-140.3999903E-9,519.999980927E-3,,,,,-140.3999903E-9,10.8000002,
,,,-139.9999832E-9,0.0,,,,,-139.9999832E-9,560.000002384E-3,,,,,-139.9999832E-9,10.8000002,
,,,-139.5999902E-9,-39.99999911E-3,,,,,-139.5999902E-9,519.999980927E-3,,,,,-139.5999902E-9,10.8000002,
,,,-139.1999831E-9,0.0,,,,,-139.1999831E-9,519.999980927E-3,,,,,-139.1999831E-9,10.8000002,
,,,-138.7999902E-9,0.0,,,,,-138.7999902E-9,519.999980927E-3,,,,,-138.7999902E-9,10.8000002,
,,,-138.3999830E-9,39.99999911E-3,,,,,-138.3999830E-9,479.999989271E-3,,,,,-138.3999830E-9,10.8000002,
,,,-137.9999901E-9,79.999998212E-3,,,,,-137.9999901E-9,519.999980927E-3,,,,,-137.9999901E-9,10.8000002,
,,,-137.5999830E-9,79.999998212E-3,,,,,-137.5999830E-9,519.999980927E-3,,,,,-137.5999830E-9,10.8000002,
,,,-137.1999900E-9,79.999998212E-3,,,,,-137.1999900E-9,519.999980927E-3,,,,,-137.1999900E-9,10.8000002,
,,,-136.7999829E-9,79.999998212E-3,,,,,-136.7999829E-9,519.999980927E-3,,,,,-136.7999829E-9,10.8000002,
,,,-136.3999900E-9,79.999998212E-3,,,,,-136.3999900E-9,519.999980927E-3,,,,,-136.3999900E-9,10.8000002,
,,,-135.9999828E-9,79.999998212E-3,,,,,-135.9999828E-9,519.999980927E-3,,,,,-135.9999828E-9,10.8000002,
,,,-135.5999899E-9,79.999998212E-3,,,,,-135.5999899E-9,519.999980927E-3,,,,,-135.5999899E-9,11.1999998,
,,,-135.1999828E-9,79.999998212E-3,,,,,-135.1999828E-9,519.999980927E-3,,,,,-135.1999828E-9,11.1999998,
,,,-134.7999898E-9,79.999998212E-3,,,,,-134.7999898E-9,560.000002384E-3,,,,,-134.7999898E-9,11.6000004,
,,,-134.3999827E-9,79.999998212E-3,,,,,-134.3999827E-9,560.000002384E-3,,,,,-134.3999827E-9,11.6000004,
,,,-133.9999898E-9,79.999998212E-3,,,,,-133.9999898E-9,599.999964237E-3,,,,,-133.9999898E-9,11.6000004,
,,,-133.5999826E-9,79.999998212E-3,,,,,-133.5999826E-9,599.999964237E-3,,,,,-133.5999826E-9,11.6000004,
,,,-133.1999897E-9,79.999998212E-3,,,,,-133.1999897E-9,599.999964237E-3,,,,,-133.1999897E-9,11.1999998,
,,,-132.7999826E-9,119.9999973E-3,,,,,-132.7999826E-9,560.000002384E-3,,,,,-132.7999826E-9,11.6000004,
,,,-132.3999896E-9,119.9999973E-3,,,,,-132.3999896E-9,560.000002384E-3,,,,,-132.3999896E-9,11.6000004,
,,,-131.9999825E-9,119.9999973E-3,,,,,-131.9999825E-9,560.000002384E-3,,,,,-131.9999825E-9,11.6000004,
,,,-131.5999896E-9,119.9999973E-3,,,,,-131.5999896E-9,560.000002384E-3,,,,,-131.5999896E-9,11.6000004,
,,,-131.1999824E-9,119.9999973E-3,,,,,-131.1999824E-9,560.000002384E-3,,,,,-131.1999824E-9,12.0000000,
,,,-130.7999895E-9,79.999998212E-3,,,,,-130.7999895E-9,519.999980927E-3,,,,,-130.7999895E-9,12.0000000,
,,,-130.3999824E-9,79.999998212E-3,,,,,-130.3999824E-9,519.999980927E-3,,,,,-130.3999824E-9,12.0000000,
,,,-129.9999894E-9,79.999998212E-3,,,,,-129.9999894E-9,519.999980927E-3,,,,,-129.9999894E-9,12.4000006,
,,,-129.5999823E-9,79.999998212E-3,,,,,-129.5999823E-9,519.999980927E-3,,,,,-129.5999823E-9,12.4000006,
,,,-129.1999894E-9,79.999998212E-3,,,,,-129.1999894E-9,519.999980927E-3,,,,,-129.1999894E-9,12.4000006,
,,,-128.7999822E-9,79.999998212E-3,,,,,-128.7999822E-9,519.999980927E-3,,,,,-128.7999822E-9,12.4000006,
,,,-128.3999893E-9,79.999998212E-3,,,,,-128.3999893E-9,519.999980927E-3,,,,,-128.3999893E-9,12.4000006,
,,,-127.9999822E-9,79.999998212E-3,,,,,-127.9999822E-9,519.999980927E-3,,,,,-127.9999822E-9,12.4000006,
,,,-127.5999892E-9,39.99999911E-3,,,,,-127.5999892E-9,519.999980927E-3,,,,,-127.5999892E-9,12.4000006,
,,,-127.1999821E-9,39.99999911E-3,,,,,-127.1999821E-9,519.999980927E-3,,,,,-127.1999821E-9,12.4000006,
,,,-126.7999892E-9,39.99999911E-3,,,,,-126.7999892E-9,560.000002384E-3,,,,,-126.7999892E-9,12.4000006,
,,,-126.3999820E-9,0.0,,,,,-126.3999820E-9,560.000002384E-3,,,,,-126.3999820E-9,12.8000002,
,,,-125.9999891E-9,39.99999911E-3,,,,,-125.9999891E-9,599.999964237E-3,,,,,-125.9999891E-9,12.8000002,
,,,-125.5999820E-9,39.99999911E-3,,,,,-125.5999820E-9,560.000002384E-3,,,,,-125.5999820E-9,12.8000002,
,,,-125.1999890E-9,39.99999911E-3,,,,,-125.1999890E-9,560.000002384E-3,,,,,-125.1999890E-9,12.8000002,
,,,-124.7999819E-9,79.999998212E-3,,,,,-124.7999819E-9,560.000002384E-3,,,,,-124.7999819E-9,12.8000002,
,,,-124.3999890E-9,79.999998212E-3,,,,,-124.3999890E-9,560.000002384E-3,,,,,-124.3999890E-9,13.1999998,
,,,-123.9999818E-9,79.999998212E-3,,,,,-123.9999818E-9,599.999964237E-3,,,,,-123.9999818E-9,13.1999998,
,,,-123.5999889E-9,79.999998212E-3,,,,,-123.5999889E-9,599.999964237E-3,,,,,-123.5999889E-9,13.1999998,
,,,-123.1999818E-9,79.999998212E-3,,,,,-123.1999818E-9,599.999964237E-3,,,,,-123.1999818E-9,12.8000002,
,,,-122.7999888E-9,79.999998212E-3,,,,,-122.7999888E-9,560.000002384E-3,,,,,-122.7999888E-9,12.8000002,
,,,-122.3999817E-9,79.999998212E-3,,,,,-122.3999817E-9,560.000002384E-3,,,,,-122.3999817E-9,12.4000006,
,,,-121.9999888E-9,119.9999973E-3,,,,,-121.9999888E-9,560.000002384E-3,,,,,-121.9999888E-9,12.4000006,
,,,-121.5999816E-9,119.9999973E-3,,,,,-121.5999816E-9,519.999980927E-3,,,,,-121.5999816E-9,12.8000002,
,,,-121.1999887E-9,119.9999973E-3,,,,,-121.1999887E-9,519.999980927E-3,,,,,-121.1999887E-9,12.8000002,
,,,-120.7999816E-9,79.999998212E-3,,,,,-120.7999816E-9,519.999980927E-3,,,,,-120.7999816E-9,13.1999998,
,,,-120.3999886E-9,39.99999911E-3,,,,,-120.3999886E-9,519.999980927E-3,,,,,-120.3999886E-9,13.1999998,
,,,-119.9999815E-9,39.99999911E-3,,,,,-119.9999815E-9,519.999980927E-3,,,,,-119.9999815E-9,13.1999998,
,,,-119.5999886E-9,39.99999911E-3,,,,,-119.5999886E-9,479.999989271E-3,,,,,-119.5999886E-9,13.1999998,
,,,-119.1999885E-9,39.99999911E-3,,,,,-119.1999885E-9,479.999989271E-3,,,,,-119.1999885E-9,13.1999998,
,,,-118.7999885E-9,0.0,,,,,-118.7999885E-9,479.999989271E-3,,,,,-118.7999885E-9,13.1999998,
,,,-118.3999885E-9,0.0,,,,,-118.3999885E-9,479.999989271E-3,,,,,-118.3999885E-9,13.6000004,
,,,-117.9999884E-9,0.0,,,,,-117.9999884E-9,519.999980927E-3,,,,,-117.9999884E-9,13.6000004,
,,,-117.5999884E-9,0.0,,,,,-117.5999884E-9,519.999980927E-3,,,,,-117.5999884E-9,13.6000004,
,,,-117.1999884E-9,0.0,,,,,-117.1999884E-9,519.999980927E-3,,,,,-117.1999884E-9,13.6000004,
,,,-116.7999883E-9,39.99999911E-3,,,,,-116.7999883E-9,519.999980927E-3,,,,,-116.7999883E-9,13.6000004,
,,,-116.3999883E-9,39.99999911E-3,,,,,-116.3999883E-9,519.999980927E-3,,,,,-116.3999883E-9,13.6000004,
,,,-115.9999883E-9,79.999998212E-3,,,,,-115.9999883E-9,519.999980927E-3,,,,,-115.9999883E-9,13.6000004,
,,,-115.5999882E-9,79.999998212E-3,,,,,-115.5999882E-9,519.999980927E-3,,,,,-115.5999882E-9,13.6000004,
,,,-115.1999882E-9,119.9999973E-3,,,,,-115.1999882E-9,519.999980927E-3,,,,,-115.1999882E-9,13.6000004,
,,,-114.7999882E-9,79.999998212E-3,,,,,-114.7999882E-9,560.000002384E-3,,,,,-114.7999882E-9,13.6000004,
,,,-114.3999881E-9,79.999998212E-3,,,,,-114.3999881E-9,560.000002384E-3,,,,,-114.3999881E-9,13.6000004,
,,,-113.9999881E-9,79.999998212E-3,,,,,-113.9999881E-9,560.000002384E-3,,,,,-113.9999881E-9,13.1999998,
,,,-113.5999881E-9,79.999998212E-3,,,,,-113.5999881E-9,519.999980927E-3,,,,,-113.5999881E-9,13.1999998,
,,,-113.1999880E-9,79.999998212E-3,,,,,-113.1999880E-9,519.999980927E-3,,,,,-113.1999880E-9,13.6000004,
,,,-112.7999880E-9,39.99999911E-3,,,,,-112.7999880E-9,519.999980927E-3,,,,,-112.7999880E-9,13.6000004,
,,,-112.3999880E-9,39.99999911E-3,,,,,-112.3999880E-9,519.999980927E-3,,,,,-112.3999880E-9,13.6000004,
,,,-111.9999880E-9,39.99999911E-3,,,,,-111.9999880E-9,560.000002384E-3,,,,,-111.9999880E-9,13.6000004,
,,,-111.5999879E-9,39.99999911E-3,,,,,-111.5999879E-9,560.000002384E-3,,,,,-111.5999879E-9,14.0000000,
,,,-111.1999879E-9,39.99999911E-3,,,,,-111.1999879E-9,560.000002384E-3,,,,,-111.1999879E-9,14.0000000,
,,,-110.7999879E-9,39.99999911E-3,,,,,-110.7999879E-9,560.000002384E-3,,,,,-110.7999879E-9,14.0000000,
,,,-110.3999878E-9,39.99999911E-3,,,,,-110.3999878E-9,560.000002384E-3,,,,,-110.3999878E-9,14.0000000,
,,,-109.9999878E-9,39.99999911E-3,,,,,-109.9999878E-9,560.000002384E-3,,,,,-109.9999878E-9,14.0000000,
,,,-109.5999878E-9,39.99999911E-3,,,,,-109.5999878E-9,560.000002384E-3,,,,,-109.5999878E-9,14.0000000,
,,,-109.1999877E-9,39.99999911E-3,,,,,-109.1999877E-9,560.000002384E-3,,,,,-109.1999877E-9,14.0000000,
,,,-108.7999877E-9,0.0,,,,,-108.7999877E-9,560.000002384E-3,,,,,-108.7999877E-9,14.0000000,
,,,-108.3999877E-9,0.0,,,,,-108.3999877E-9,560.000002384E-3,,,,,-108.3999877E-9,14.0000000,
,,,-107.9999876E-9,0.0,,,,,-107.9999876E-9,560.000002384E-3,,,,,-107.9999876E-9,14.0000000,
,,,-107.5999876E-9,-39.99999911E-3,,,,,-107.5999876E-9,560.000002384E-3,,,,,-107.5999876E-9,14.0000000,
,,,-107.1999876E-9,-39.99999911E-3,,,,,-107.1999876E-9,560.000002384E-3,,,,,-107.1999876E-9,14.0000000,
,,,-106.7999875E-9,-39.99999911E-3,,,,,-106.7999875E-9,560.000002384E-3,,,,,-106.7999875E-9,14.0000000,
,,,-106.3999875E-9,0.0,,,,,-106.3999875E-9,560.000002384E-3,,,,,-106.3999875E-9,14.0000000,
,,,-105.9999875E-9,39.99999911E-3,,,,,-105.9999875E-9,560.000002384E-3,,,,,-105.9999875E-9,14.0000000,
,,,-105.5999874E-9,39.99999911E-3,,,,,-105.5999874E-9,560.000002384E-3,,,,,-105.5999874E-9,14.0000000,
,,,-105.1999874E-9,39.99999911E-3,,,,,-105.1999874E-9,560.000002384E-3,,,,,-105.1999874E-9,14.0000000,
,,,-104.7999874E-9,39.99999911E-3,,,,,-104.7999874E-9,560.000002384E-3,,,,,-104.7999874E-9,14.0000000,
,,,-104.3999873E-9,39.99999911E-3,,,,,-104.3999873E-9,560.000002384E-3,,,,,-104.3999873E-9,14.0000000,
,,,-103.9999873E-9,79.999998212E-3,,,,,-103.9999873E-9,599.999964237E-3,,,,,-103.9999873E-9,14.0000000,
,,,-103.5999873E-9,79.999998212E-3,,,,,-103.5999873E-9,599.999964237E-3,,,,,-103.5999873E-9,14.4000006,
,,,-103.1999872E-9,79.999998212E-3,,,,,-103.1999872E-9,599.999964237E-3,,,,,-103.1999872E-9,14.4000006,
,,,-102.7999872E-9,79.999998212E-3,,,,,-102.7999872E-9,599.999964237E-3,,,,,-102.7999872E-9,14.4000006,
,,,-102.3999872E-9,79.999998212E-3,,,,,-102.3999872E-9,599.999964237E-3,,,,,-102.3999872E-9,14.0000000,
,,,-101.9999871E-9,119.9999973E-3,,,,,-101.9999871E-9,639.999985695E-3,,,,,-101.9999871E-9,14.0000000,
,,,-101.5999871E-9,79.999998212E-3,,,,,-101.5999871E-9,639.999985695E-3,,,,,-101.5999871E-9,14.0000000,
,,,-101.1999871E-9,79.999998212E-3,,,,,-101.1999871E-9,639.999985695E-3,,,,,-101.1999871E-9,14.0000000,
,,,-100.7999870E-9,39.99999911E-3,,,,,-100.7999870E-9,599.999964237E-3,,,,,-100.7999870E-9,14.0000000,
,,,-100.3999870E-9,0.0,,,,,-100.3999870E-9,599.999964237E-3,,,,,-100.3999870E-9,14.0000000,
,,,-99.999986958E-9,0.0,,,,,-99.999986958E-9,599.999964237E-3,,,,,-99.999986958E-9,14.0000000,
,,,-99.599986925E-9,0.0,,,,,-99.599986925E-9,560.000002384E-3,,,,,-99.599986925E-9,13.6000004,
,,,-99.199986892E-9,0.0,,,,,-99.199986892E-9,560.000002384E-3,,,,,-99.199986892E-9,13.6000004,
,,,-98.799986858E-9,39.99999911E-3,,,,,-98.799986858E-9,560.000002384E-3,,,,,-98.799986858E-9,13.6000004,
,,,-98.399986825E-9,39.99999911E-3,,,,,-98.399986825E-9,560.000002384E-3,,,,,-98.399986825E-9,14.0000000,
,,,-97.999986792E-9,39.99999911E-3,,,,,-97.999986792E-9,599.999964237E-3,,,,,-97.999986792E-9,14.0000000,
,,,-97.599986759E-9,0.0,,,,,-97.599986759E-9,560.000002384E-3,,,,,-97.599986759E-9,14.0000000,
,,,-97.199986726E-9,-39.99999911E-3,,,,,-97.199986726E-9,560.000002384E-3,,,,,-97.199986726E-9,14.0000000,
,,,-96.799986693E-9,-39.99999911E-3,,,,,-96.799986693E-9,560.000002384E-3,,,,,-96.799986693E-9,14.0000000,
,,,-96.399986660E-9,-39.99999911E-3,,,,,-96.399986660E-9,560.000002384E-3,,,,,-96.399986660E-9,14.0000000,
,,,-95.999986627E-9,0.0,,,,,-95.999986627E-9,560.000002384E-3,,,,,-95.999986627E-9,14.4000006,
,,,-95.599986594E-9,0.0,,,,,-95.599986594E-9,519.999980927E-3,,,,,-95.599986594E-9,14.4000006,
,,,-95.199986561E-9,0.0,,,,,-95.199986561E-9,519.999980927E-3,,,,,-95.199986561E-9,14.4000006,
,,,-94.799986528E-9,0.0,,,,,-94.799986528E-9,479.999989271E-3,,,,,-94.799986528E-9,14.4000006,
,,,-94.399986494E-9,0.0,,,,,-94.399986494E-9,479.999989271E-3,,,,,-94.399986494E-9,14.4000006,
,,,-93.999986461E-9,39.99999911E-3,,,,,-93.999986461E-9,519.999980927E-3,,,,,-93.999986461E-9,14.4000006,
,,,-93.599986428E-9,39.99999911E-3,,,,,-93.599986428E-9,519.999980927E-3,,,,,-93.599986428E-9,14.4000006,
,,,-93.199986395E-9,39.99999911E-3,,,,,-93.199986395E-9,560.000002384E-3,,,,,-93.199986395E-9,14.4000006,
,,,-92.799986362E-9,39.99999911E-3,,,,,-92.799986362E-9,599.999964237E-3,,,,,-92.799986362E-9,14.4000006,
,,,-92.399986329E-9,39.99999911E-3,,,,,-92.399986329E-9,599.999964237E-3,,,,,-92.399986329E-9,14.0000000,
,,,-91.999986296E-9,39.99999911E-3,,,,,-91.999986296E-9,639.999985695E-3,,,,,-91.999986296E-9,14.0000000,
,,,-91.599986263E-9,0.0,,,,,-91.599986263E-9,599.999964237E-3,,,,,-91.599986263E-9,14.0000000,
,,,-91.199986230E-9,0.0,,,,,-91.199986230E-9,599.999964237E-3,,,,,-91.199986230E-9,14.0000000,
,,,-90.799986197E-9,0.0,,,,,-90.799986197E-9,599.999964237E-3,,,,,-90.799986197E-9,14.4000006,
,,,-90.399986163E-9,-39.99999911E-3,,,,,-90.399986163E-9,560.000002384E-3,,,,,-90.399986163E-9,14.4000006,
,,,-89.999986130E-9,0.0,,,,,-89.999986130E-9,599.999964237E-3,,,,,-89.999986130E-9,14.4000006,
,,,-89.599986097E-9,0.0,,,,,-89.599986097E-9,599.999964237E-3,,,,,-89.599986097E-9,14.4000006,
,,,-89.199986064E-9,0.0,,,,,-89.199986064E-9,599.999964237E-3,,,,,-89.199986064E-9,14.4000006,
,,,-88.799986031E-9,39.99999911E-3,,,,,-88.799986031E-9,639.999985695E-3,,,,,-88.799986031E-9,14.4000006,
,,,-88.399985998E-9,39.99999911E-3,,,,,-88.399985998E-9,599.999964237E-3,,,,,-88.399985998E-9,14.4000006,
,,,-87.999985965E-9,79.999998212E-3,,,,,-87.999985965E-9,599.999964237E-3,,,,,-87.999985965E-9,14.8000002,
,,,-87.599985932E-9,79.999998212E-3,,,,,-87.599985932E-9,560.000002384E-3,,,,,-87.599985932E-9,14.8000002,
,,,-87.199985899E-9,79.999998212E-3,,,,,-87.199985899E-9,560.000002384E-3,,,,,-87.199985899E-9,14.8000002,
,,,-86.799985866E-9,39.99999911E-3,,,,,-86.799985866E-9,560.000002384E-3,,,,,-86.799985866E-9,14.8000002,
,,,-86.399985832E-9,39.99999911E-3,,,,,-86.399985832E-9,560.000002384E-3,,,,,-86.399985832E-9,14.8000002,
,,,-85.999985799E-9,39.99999911E-3,,,,,-85.999985799E-9,599.999964237E-3,,,,,-85.999985799E-9,14.8000002,
,,,-85.599985766E-9,0.0,,,,,-85.599985766E-9,560.000002384E-3,,,,,-85.599985766E-9,14.4000006,
,,,-85.199985733E-9,39.99999911E-3,,,,,-85.199985733E-9,560.000002384E-3,,,,,-85.199985733E-9,14.4000006,
,,,-84.799985700E-9,39.99999911E-3,,,,,-84.799985700E-9,519.999980927E-3,,,,,-84.799985700E-9,14.4000006,
,,,-84.399985667E-9,39.99999911E-3,,,,,-84.399985667E-9,519.999980927E-3,,,,,-84.399985667E-9,14.4000006,
,,,-83.999985634E-9,79.999998212E-3,,,,,-83.999985634E-9,519.999980927E-3,,,,,-83.999985634E-9,14.8000002,
,,,-83.599985601E-9,79.999998212E-3,,,,,-83.599985601E-9,519.999980927E-3,,,,,-83.599985601E-9,14.8000002,
,,,-83.199985568E-9,79.999998212E-3,,,,,-83.199985568E-9,519.999980927E-3,,,,,-83.199985568E-9,14.8000002,
,,,-82.799985535E-9,79.999998212E-3,,,,,-82.799985535E-9,560.000002384E-3,,,,,-82.799985535E-9,14.8000002,
,,,-82.399985502E-9,79.999998212E-3,,,,,-82.399985502E-9,560.000002384E-3,,,,,-82.399985502E-9,14.8000002,
,,,-81.999985468E-9,79.999998212E-3,,,,,-81.999985468E-9,560.000002384E-3,,,,,-81.999985468E-9,14.8000002,
,,,-81.599985435E-9,39.99999911E-3,,,,,-81.599985435E-9,560.000002384E-3,,,,,-81.599985435E-9,14.8000002,
,,,-81.199985402E-9,39.99999911E-3,,,,,-81.199985402E-9,599.999964237E-3,,,,,-81.199985402E-9,14.8000002,
,,,-80.799985369E-9,39.99999911E-3,,,,,-80.799985369E-9,639.999985695E-3,,,,,-80.799985369E-9,14.8000002,
,,,-80.399985336E-9,39.99999911E-3,,,,,-80.399985336E-9,639.999985695E-3,,,,,-80.399985336E-9,15.1999998,
,,,-79.999985303E-9,79.999998212E-3,,,,,-79.999985303E-9,639.999985695E-3,,,,,-79.999985303E-9,15.1999998,
,,,-79.599985270E-9,79.999998212E-3,,,,,-79.599985270E-9,639.999985695E-3,,,,,-79.599985270E-9,15.1999998,
,,,-79.199985237E-9,79.999998212E-3,,,,,-79.199985237E-9,639.999985695E-3,,,,,-79.199985237E-9,14.8000002,
,,,-78.799985204E-9,79.999998212E-3,,,,,-78.799985204E-9,680.000007153E-3,,,,,-78.799985204E-9,14.8000002,
,,,-78.399985171E-9,79.999998212E-3,,,,,-78.399985171E-9,680.000007153E-3,,,,,-78.399985171E-9,14.8000002,
,,,-77.999985137E-9,119.9999973E-3,,,,,-77.999985137E-9,680.000007153E-3,,,,,-77.999985137E-9,14.8000002,
,,,-77.599985104E-9,119.9999973E-3,,,,,-77.599985104E-9,680.000007153E-3,,,,,-77.599985104E-9,14.8000002,
,,,-77.199985071E-9,119.9999973E-3,,,,,-77.199985071E-9,680.000007153E-3,,,,,-77.199985071E-9,14.8000002,
,,,-76.799985038E-9,79.999998212E-3,,,,,-76.799985038E-9,680.000007153E-3,,,,,-76.799985038E-9,14.8000002,
,,,-76.399985005E-9,79.999998212E-3,,,,,-76.399985005E-9,680.000007153E-3,,,,,-76.399985005E-9,14.8000002,
,,,-75.999984972E-9,79.999998212E-3,,,,,-75.999984972E-9,680.000007153E-3,,,,,-75.999984972E-9,14.8000002,
,,,-75.599984939E-9,79.999998212E-3,,,,,-75.599984939E-9,680.000007153E-3,,,,,-75.599984939E-9,14.8000002,
,,,-75.199984906E-9,79.999998212E-3,,,,,-75.199984906E-9,680.000007153E-3,,,,,-75.199984906E-9,14.8000002,
,,,-74.799984873E-9,119.9999973E-3,,,,,-74.799984873E-9,639.999985695E-3,,,,,-74.799984873E-9,14.8000002,
,,,-74.399984840E-9,119.9999973E-3,,,,,-74.399984840E-9,639.999985695E-3,,,,,-74.399984840E-9,14.8000002,
,,,-73.999984807E-9,119.9999973E-3,,,,,-73.999984807E-9,639.999985695E-3,,,,,-73.999984807E-9,14.8000002,
,,,-73.599984773E-9,79.999998212E-3,,,,,-73.599984773E-9,599.999964237E-3,,,,,-73.599984773E-9,14.8000002,
,,,-73.199984740E-9,39.99999911E-3,,,,,-73.199984740E-9,639.999985695E-3,,,,,-73.199984740E-9,15.1999998,
,,,-72.799984707E-9,39.99999911E-3,,,,,-72.799984707E-9,639.999985695E-3,,,,,-72.799984707E-9,15.1999998,
,,,-72.399984674E-9,39.99999911E-3,,,,,-72.399984674E-9,639.999985695E-3,,,,,-72.399984674E-9,15.6000004,
,,,-71.999984641E-9,79.999998212E-3,,,,,-71.999984641E-9,680.000007153E-3,,,,,-71.999984641E-9,15.6000004,
,,,-71.599984608E-9,39.99999911E-3,,,,,-71.599984608E-9,639.999985695E-3,,,,,-71.599984608E-9,15.6000004,
,,,-71.199984575E-9,39.99999911E-3,,,,,-71.199984575E-9,599.999964237E-3,,,,,-71.199984575E-9,15.6000004,
,,,-70.799984542E-9,39.99999911E-3,,,,,-70.799984542E-9,599.999964237E-3,,,,,-70.799984542E-9,15.6000004,
,,,-70.399984509E-9,39.99999911E-3,,,,,-70.399984509E-9,599.999964237E-3,,,,,-70.399984509E-9,15.1999998,
,,,-69.999984476E-9,79.999998212E-3,,,,,-69.999984476E-9,639.999985695E-3,,,,,-69.999984476E-9,14.8000002,
,,,-69.599984442E-9,79.999998212E-3,,,,,-69.599984442E-9,639.999985695E-3,,,,,-69.599984442E-9,14.8000002,
,,,-69.199984409E-9,119.9999973E-3,,,,,-69.199984409E-9,680.000007153E-3,,,,,-69.199984409E-9,14.8000002,
,,,-68.799984376E-9,79.999998212E-3,,,,,-68.799984376E-9,680.000007153E-3,,,,,-68.799984376E-9,14.8000002,
,,,-68.399984343E-9,39.99999911E-3,,,,,-68.399984343E-9,639.999985695E-3,,,,,-68.399984343E-9,14.8000002,
,,,-67.999984310E-9,39.99999911E-3,,,,,-67.999984310E-9,639.999985695E-3,,,,,-67.999984310E-9,14.8000002,
,,,-67.599984277E-9,39.99999911E-3,,,,,-67.599984277E-9,599.999964237E-3,,,,,-67.599984277E-9,14.8000002,
,,,-67.199984244E-9,39.99999911E-3,,,,,-67.199984244E-9,599.999964237E-3,,,,,-67.199984244E-9,15.1999998,
,,,-66.799984211E-9,39.99999911E-3,,,,,-66.799984211E-9,599.999964237E-3,,,,,-66.799984211E-9,15.1999998,
,,,-66.399984178E-9,39.99999911E-3,,,,,-66.399984178E-9,599.999964237E-3,,,,,-66.399984178E-9,15.6000004,
,,,-65.999984145E-9,39.99999911E-3,,,,,-65.999984145E-9,639.999985695E-3,,,,,-65.999984145E-9,15.6000004,
,,,-65.599984111E-9,0.0,,,,,-65.599984111E-9,639.999985695E-3,,,,,-65.599984111E-9,15.1999998,
,,,-65.199984078E-9,0.0,,,,,-65.199984078E-9,680.000007153E-3,,,,,-65.199984078E-9,15.1999998,
,,,-64.799984045E-9,39.99999911E-3,,,,,-64.799984045E-9,639.999985695E-3,,,,,-64.799984045E-9,15.1999998,
,,,-64.399984012E-9,79.999998212E-3,,,,,-64.399984012E-9,639.999985695E-3,,,,,-64.399984012E-9,14.8000002,
,,,-63.999983979E-9,119.9999973E-3,,,,,-63.999983979E-9,639.999985695E-3,,,,,-63.999983979E-9,14.8000002,
,,,-63.599983946E-9,119.9999973E-3,,,,,-63.599983946E-9,639.999985695E-3,,,,,-63.599983946E-9,14.8000002,
,,,-63.199983913E-9,119.9999973E-3,,,,,-63.199983913E-9,639.999985695E-3,,,,,-63.199983913E-9,14.8000002,
,,,-62.799983880E-9,79.999998212E-3,,,,,-62.799983880E-9,599.999964237E-3,,,,,-62.799983880E-9,14.8000002,
,,,-62.399983847E-9,39.99999911E-3,,,,,-62.399983847E-9,599.999964237E-3,,,,,-62.399983847E-9,15.1999998,
,,,-61.999983814E-9,39.99999911E-3,,,,,-61.999983814E-9,599.999964237E-3,,,,,-61.999983814E-9,15.1999998,
,,,-61.599983781E-9,0.0,,,,,-61.599983781E-9,560.000002384E-3,,,,,-61.599983781E-9,15.1999998,
,,,-61.199983747E-9,39.99999911E-3,,,,,-61.199983747E-9,560.000002384E-3,,,,,-61.199983747E-9,15.6000004,
,,,-60.799983714E-9,39.99999911E-3,,,,,-60.799983714E-9,560.000002384E-3,,,,,-60.799983714E-9,15.1999998,
,,,-60.399983681E-9,39.99999911E-3,,,,,-60.399983681E-9,599.999964237E-3,,,,,-60.399983681E-9,15.1999998,
,,,-59.999983648E-9,39.99999911E-3,,,,,-59.999983648E-9,639.999985695E-3,,,,,-59.999983648E-9,15.1999998,
,,,-59.599987168E-9,39.99999911E-3,,,,,-59.599987168E-9,599.999964237E-3,,,,,-59.599987168E-9,14.8000002,
,,,-59.199987135E-9,39.99999911E-3,,,,,-59.199987135E-9,599.999964237E-3,,,,,-59.199987135E-9,14.8000002,
,,,-58.799987102E-9,79.999998212E-3,,,,,-58.799987102E-9,599.999964237E-3,,,,,-58.799987102E-9,14.8000002,
,,,-58.399987068E-9,79.999998212E-3,,,,,-58.399987068E-9,560.000002384E-3,,,,,-58.399987068E-9,14.8000002,
,,,-57.999987035E-9,79.999998212E-3,,,,,-57.999987035E-9,599.999964237E-3,,,,,-57.999987035E-9,14.8000002,
,,,-57.599987002E-9,79.999998212E-3,,,,,-57.599987002E-9,599.999964237E-3,,,,,-57.599987002E-9,15.1999998,
,,,-57.199986969E-9,79.999998212E-3,,,,,-57.199986969E-9,599.999964237E-3,,,,,-57.199986969E-9,15.1999998,
,,,-56.799986936E-9,79.999998212E-3,,,,,-56.799986936E-9,639.999985695E-3,,,,,-56.799986936E-9,14.8000002,
,,,-56.399986903E-9,79.999998212E-3,,,,,-56.399986903E-9,639.999985695E-3,,,,,-56.399986903E-9,14.8000002,
,,,-55.999986870E-9,79.999998212E-3,,,,,-55.999986870E-9,639.999985695E-3,,,,,-55.999986870E-9,14.8000002,
,,,-55.599986837E-9,79.999998212E-3,,,,,-55.599986837E-9,639.999985695E-3,,,,,-55.599986837E-9,14.8000002,
,,,-55.199986804E-9,79.999998212E-3,,,,,-55.199986804E-9,639.999985695E-3,,,,,-55.199986804E-9,15.1999998,
,,,-54.799986771E-9,39.99999911E-3,,,,,-54.799986771E-9,639.999985695E-3,,,,,-54.799986771E-9,15.1999998,
,,,-54.39998674E-9,39.99999911E-3,,,,,-54.39998674E-9,639.999985695E-3,,,,,-54.39998674E-9,15.1999998,
,,,-53.99998670E-9,39.99999911E-3,,,,,-53.99998670E-9,639.999985695E-3,,,,,-53.99998670E-9,15.1999998,
,,,-53.59998667E-9,0.0,,,,,-53.59998667E-9,599.999964237E-3,,,,,-53.59998667E-9,15.1999998,
,,,-53.19998664E-9,39.99999911E-3,,,,,-53.19998664E-9,599.999964237E-3,,,,,-53.19998664E-9,15.1999998,
,,,-52.79998661E-9,39.99999911E-3,,,,,-52.79998661E-9,560.000002384E-3,,,,,-52.79998661E-9,15.1999998,
,,,-52.39998657E-9,39.99999911E-3,,,,,-52.39998657E-9,560.000002384E-3,,,,,-52.39998657E-9,15.1999998,
,,,-51.99998654E-9,79.999998212E-3,,,,,-51.99998654E-9,560.000002384E-3,,,,,-51.99998654E-9,15.1999998,
,,,-51.59998651E-9,79.999998212E-3,,,,,-51.59998651E-9,519.999980927E-3,,,,,-51.59998651E-9,15.1999998,
,,,-51.19998647E-9,79.999998212E-3,,,,,-51.19998647E-9,519.999980927E-3,,,,,-51.19998647E-9,14.8000002,
,,,-50.79998644E-9,79.999998212E-3,,,,,-50.79998644E-9,560.000002384E-3,,,,,-50.79998644E-9,14.8000002,
,,,-50.39998641E-9,79.999998212E-3,,,,,-50.39998641E-9,599.999964237E-3,,,,,-50.39998641E-9,14.8000002,
,,,-49.99998637E-9,79.999998212E-3,,,,,-49.99998637E-9,639.999985695E-3,,,,,-49.99998637E-9,14.8000002,
,,,-49.59998634E-9,79.999998212E-3,,,,,-49.59998634E-9,639.999985695E-3,,,,,-49.59998634E-9,14.4000006,
,,,-49.19998631E-9,79.999998212E-3,,,,,-49.19998631E-9,639.999985695E-3,,,,,-49.19998631E-9,14.8000002,
,,,-48.79998627E-9,39.99999911E-3,,,,,-48.79998627E-9,639.999985695E-3,,,,,-48.79998627E-9,14.8000002,
,,,-48.39998624E-9,39.99999911E-3,,,,,-48.39998624E-9,639.999985695E-3,,,,,-48.39998624E-9,15.1999998,
,,,-47.99998621E-9,39.99999911E-3,,,,,-47.99998621E-9,680.000007153E-3,,,,,-47.99998621E-9,15.1999998,
,,,-47.59998617E-9,0.0,,,,,-47.59998617E-9,680.000007153E-3,,,,,-47.59998617E-9,15.1999998,
,,,-47.19998614E-9,39.99999911E-3,,,,,-47.19998614E-9,680.000007153E-3,,,,,-47.19998614E-9,14.8000002,
,,,-46.79998611E-9,39.99999911E-3,,,,,-46.79998611E-9,639.999985695E-3,,,,,-46.79998611E-9,14.8000002,
,,,-46.39998608E-9,39.99999911E-3,,,,,-46.39998608E-9,599.999964237E-3,,,,,-46.39998608E-9,14.8000002,
,,,-45.99998604E-9,79.999998212E-3,,,,,-45.99998604E-9,599.999964237E-3,,,,,-45.99998604E-9,14.8000002,
,,,-45.59998601E-9,79.999998212E-3,,,,,-45.59998601E-9,599.999964237E-3,,,,,-45.59998601E-9,14.8000002,
,,,-45.19998598E-9,79.999998212E-3,,,,,-45.19998598E-9,599.999964237E-3,,,,,-45.19998598E-9,14.8000002,
,,,-44.79998594E-9,79.999998212E-3,,,,,-44.79998594E-9,639.999985695E-3,,,,,-44.79998594E-9,14.8000002,
,,,-44.39998591E-9,79.999998212E-3,,,,,-44.39998591E-9,639.999985695E-3,,,,,-44.39998591E-9,15.1999998,
,,,-43.99998588E-9,119.9999973E-3,,,,,-43.99998588E-9,680.000007153E-3,,,,,-43.99998588E-9,15.1999998,
,,,-43.59998584E-9,79.999998212E-3,,,,,-43.59998584E-9,639.999985695E-3,,,,,-43.59998584E-9,15.1999998,
,,,-43.19998581E-9,79.999998212E-3,,,,,-43.19998581E-9,639.999985695E-3,,,,,-43.19998581E-9,14.8000002,
,,,-42.79998578E-9,79.999998212E-3,,,,,-42.79998578E-9,639.999985695E-3,,,,,-42.79998578E-9,14.8000002,
,,,-42.39998574E-9,79.999998212E-3,,,,,-42.39998574E-9,639.999985695E-3,,,,,-42.39998574E-9,14.8000002,
,,,-41.99998571E-9,79.999998212E-3,,,,,-41.99998571E-9,639.999985695E-3,,,,,-41.99998571E-9,14.8000002,
,,,-41.59998568E-9,79.999998212E-3,,,,,-41.59998568E-9,639.999985695E-3,,,,,-41.59998568E-9,14.4000006,
,,,-41.19998565E-9,79.999998212E-3,,,,,-41.19998565E-9,639.999985695E-3,,,,,-41.19998565E-9,14.4000006,
,,,-40.79998561E-9,79.999998212E-3,,,,,-40.79998561E-9,599.999964237E-3,,,,,-40.79998561E-9,14.4000006,
,,,-40.39998558E-9,39.99999911E-3,,,,,-40.39998558E-9,560.000002384E-3,,,,,-40.39998558E-9,14.4000006,
,,,-39.99998555E-9,39.99999911E-3,,,,,-39.99998555E-9,560.000002384E-3,,,,,-39.99998555E-9,14.8000002,
,,,-39.59998551E-9,0.0,,,,,-39.59998551E-9,519.999980927E-3,,,,,-39.59998551E-9,14.8000002,
,,,-39.19998548E-9,-39.99999911E-3,,,,,-39.19998548E-9,519.999980927E-3,,,,,-39.19998548E-9,14.8000002,
,,,-38.79998545E-9,-79.999998212E-3,,,,,-38.79998545E-9,560.000002384E-3,,,,,-38.79998545E-9,14.8000002,
,,,-38.39998541E-9,-79.999998212E-3,,,,,-38.39998541E-9,599.999964237E-3,,,,,-38.39998541E-9,14.8000002,
,,,-37.99998538E-9,-39.99999911E-3,,,,,-37.99998538E-9,639.999985695E-3,,,,,-37.99998538E-9,15.1999998,
,,,-37.59998535E-9,0.0,,,,,-37.59998535E-9,639.999985695E-3,,,,,-37.59998535E-9,15.1999998,
,,,-37.19998531E-9,39.99999911E-3,,,,,-37.19998531E-9,639.999985695E-3,,,,,-37.19998531E-9,15.6000004,
,,,-36.79998528E-9,79.999998212E-3,,,,,-36.79998528E-9,680.000007153E-3,,,,,-36.79998528E-9,15.6000004,
,,,-36.39998525E-9,79.999998212E-3,,,,,-36.39998525E-9,680.000007153E-3,,,,,-36.39998525E-9,15.1999998,
,,,-35.99998522E-9,119.9999973E-3,,,,,-35.99998522E-9,719.999969006E-3,,,,,-35.99998522E-9,15.1999998,
,,,-35.59998518E-9,119.9999973E-3,,,,,-35.59998518E-9,719.999969006E-3,,,,,-35.59998518E-9,14.8000002,
,,,-35.19998515E-9,119.9999973E-3,,,,,-35.19998515E-9,719.999969006E-3,,,,,-35.19998515E-9,14.4000006,
,,,-34.79998512E-9,119.9999973E-3,,,,,-34.79998512E-9,680.000007153E-3,,,,,-34.79998512E-9,14.4000006,
,,,-34.39998508E-9,119.9999973E-3,,,,,-34.39998508E-9,639.999985695E-3,,,,,-34.39998508E-9,14.0000000,
,,,-33.99998505E-9,119.9999973E-3,,,,,-33.99998505E-9,639.999985695E-3,,,,,-33.99998505E-9,14.0000000,
,,,-33.59998502E-9,79.999998212E-3,,,,,-33.59998502E-9,599.999964237E-3,,,,,-33.59998502E-9,13.6000004,
,,,-33.19998498E-9,39.99999911E-3,,,,,-33.19998498E-9,599.999964237E-3,,,,,-33.19998498E-9,14.0000000,
,,,-32.79998495E-9,0.0,,,,,-32.79998495E-9,599.999964237E-3,,,,,-32.79998495E-9,14.0000000,
,,,-32.39998492E-9,-39.99999911E-3,,,,,-32.39998492E-9,599.999964237E-3,,,,,-32.39998492E-9,14.4000006,
,,,-31.99998488E-9,-79.999998212E-3,,,,,-31.99998488E-9,639.999985695E-3,,,,,-31.99998488E-9,14.8000002,
,,,-31.59998485E-9,-119.9999973E-3,,,,,-31.59998485E-9,639.999985695E-3,,,,,-31.59998485E-9,15.1999998,
,,,-31.19998482E-9,-119.9999973E-3,,,,,-31.19998482E-9,639.999985695E-3,,,,,-31.19998482E-9,16.0000000,
,,,-30.79998478E-9,-79.999998212E-3,,,,,-30.79998478E-9,680.000007153E-3,,,,,-30.79998478E-9,16.3999996,
,,,-30.39998475E-9,-39.99999911E-3,,,,,-30.39998475E-9,719.999969006E-3,,,,,-30.39998475E-9,16.8000011,
,,,-29.99998472E-9,0.0,,,,,-29.99998472E-9,799.999952316E-3,,,,,-29.99998472E-9,16.8000011,
,,,-29.59998646E-9,39.99999911E-3,,,,,-29.59998646E-9,799.999952316E-3,,,,,-29.59998646E-9,16.3999996,
,,,-29.19998643E-9,79.999998212E-3,,,,,-29.19998643E-9,839.999973774E-3,,,,,-29.19998643E-9,16.3999996,
,,,-28.79998640E-9,119.9999973E-3,,,,,-28.79998640E-9,799.999952316E-3,,,,,-28.79998640E-9,16.0000000,
,,,-28.39998636E-9,199.99998808E-3,,,,,-28.39998636E-9,759.999990463E-3,,,,,-28.39998636E-9,15.6000004,
,,,-27.99998633E-9,239.99999464E-3,,,,,-27.99998633E-9,680.000007153E-3,,,,,-27.99998633E-9,15.1999998,
,,,-27.59998630E-9,199.99998808E-3,,,,,-27.59998630E-9,599.999964237E-3,,,,,-27.59998630E-9,14.8000002,
,,,-27.19998626E-9,159.99999642E-3,,,,,-27.19998626E-9,519.999980927E-3,,,,,-27.19998626E-9,14.4000006,
,,,-26.79998623E-9,119.9999973E-3,,,,,-26.79998623E-9,479.999989271E-3,,,,,-26.79998623E-9,14.4000006,
,,,-26.39998620E-9,39.99999911E-3,,,,,-26.39998620E-9,479.999989271E-3,,,,,-26.39998620E-9,14.4000006,
,,,-25.99998616E-9,-39.99999911E-3,,,,,-25.99998616E-9,519.999980927E-3,,,,,-25.99998616E-9,14.4000006,
,,,-25.59998613E-9,-79.999998212E-3,,,,,-25.59998613E-9,560.000002384E-3,,,,,-25.59998613E-9,14.8000002,
,,,-25.19998610E-9,-119.9999973E-3,,,,,-25.19998610E-9,639.999985695E-3,,,,,-25.19998610E-9,15.6000004,
,,,-24.79998606E-9,-159.99999642E-3,,,,,-24.79998606E-9,719.999969006E-3,,,,,-24.79998606E-9,16.0000000,
,,,-24.39998603E-9,-159.99999642E-3,,,,,-24.39998603E-9,839.999973774E-3,,,,,-24.39998603E-9,16.8000011,
,,,-23.99998600E-9,-159.99999642E-3,,,,,-23.99998600E-9,919.999957085E-3,,,,,-23.99998600E-9,17.2000008,
,,,-23.59998597E-9,-119.9999973E-3,,,,,-23.59998597E-9,919.999957085E-3,,,,,-23.59998597E-9,17.6000004,
,,,-23.19998593E-9,-39.99999911E-3,,,,,-23.19998593E-9,919.999957085E-3,,,,,-23.19998593E-9,18.0000000,
,,,-22.79998590E-9,39.99999911E-3,,,,,-22.79998590E-9,919.999957085E-3,,,,,-22.79998590E-9,18.0000000,
,,,-22.39998587E-9,119.9999973E-3,,,,,-22.39998587E-9,879.999995232E-3,,,,,-22.39998587E-9,17.6000004,
,,,-21.99998583E-9,239.99999464E-3,,,,,-21.99998583E-9,879.999995232E-3,,,,,-21.99998583E-9,16.8000011,
,,,-21.59998580E-9,280.00000119E-3,,,,,-21.59998580E-9,839.999973774E-3,,,,,-21.59998580E-9,16.0000000,
,,,-21.19998577E-9,319.99999285E-3,,,,,-21.19998577E-9,799.999952316E-3,,,,,-21.19998577E-9,15.6000004,
,,,-20.79998573E-9,359.99998450E-3,,,,,-20.79998573E-9,719.999969006E-3,,,,,-20.79998573E-9,14.8000002,
,,,-20.39998570E-9,319.99999285E-3,,,,,-20.39998570E-9,599.999964237E-3,,,,,-20.39998570E-9,14.4000006,
,,,-19.9999857E-9,239.99999464E-3,,,,,-19.9999857E-9,519.999980927E-3,,,,,-19.9999857E-9,14.4000006,
,,,-19.5999856E-9,119.9999973E-3,,,,,-19.5999856E-9,439.999997616E-3,,,,,-19.5999856E-9,14.4000006,
,,,-19.1999856E-9,-39.99999911E-3,,,,,-19.1999856E-9,439.999997616E-3,,,,,-19.1999856E-9,14.8000002,
,,,-18.7999856E-9,-159.99999642E-3,,,,,-18.7999856E-9,519.999980927E-3,,,,,-18.7999856E-9,15.1999998,
,,,-18.3999855E-9,-199.99998808E-3,,,,,-18.3999855E-9,599.999964237E-3,,,,,-18.3999855E-9,15.6000004,
,,,-17.9999855E-9,-239.99999464E-3,,,,,-17.9999855E-9,759.999990463E-3,,,,,-17.9999855E-9,16.3999996,
,,,-17.5999855E-9,-239.99999464E-3,,,,,-17.5999855E-9,839.999973774E-3,,,,,-17.5999855E-9,16.8000011,
,,,-17.1999854E-9,-199.99998808E-3,,,,,-17.1999854E-9,959.999978542E-3,,,,,-17.1999854E-9,17.2000008,
,,,-16.7999854E-9,-159.99999642E-3,,,,,-16.7999854E-9,1.000000,,,,,-16.7999854E-9,17.6000004,
,,,-16.3999854E-9,-79.999998212E-3,,,,,-16.3999854E-9,1.0799999,,,,,-16.3999854E-9,18.0000000,
,,,-15.9999853E-9,39.99999911E-3,,,,,-15.9999853E-9,1.0799999,,,,,-15.9999853E-9,18.0000000,
,,,-15.5999853E-9,159.99999642E-3,,,,,-15.5999853E-9,1.0400000,,,,,-15.5999853E-9,17.6000004,
,,,-15.1999853E-9,280.00000119E-3,,,,,-15.1999853E-9,959.999978542E-3,,,,,-15.1999853E-9,16.8000011,
,,,-14.7999852E-9,399.99997616E-3,,,,,-14.7999852E-9,839.999973774E-3,,,,,-14.7999852E-9,16.0000000,
,,,-14.3999852E-9,439.999997616E-3,,,,,-14.3999852E-9,759.999990463E-3,,,,,-14.3999852E-9,15.1999998,
,,,-13.9999852E-9,479.999989271E-3,,,,,-13.9999852E-9,680.000007153E-3,,,,,-13.9999852E-9,14.4000006,
,,,-13.5999851E-9,399.99997616E-3,,,,,-13.5999851E-9,599.999964237E-3,,,,,-13.5999851E-9,14.0000000,
,,,-13.1999860E-9,319.99999285E-3,,,,,-13.1999860E-9,599.999964237E-3,,,,,-13.1999860E-9,14.0000000,
,,,-12.7999860E-9,199.99998808E-3,,,,,-12.7999860E-9,599.999964237E-3,,,,,-12.7999860E-9,14.4000006,
,,,-12.3999859E-9,39.99999911E-3,,,,,-12.3999859E-9,639.999985695E-3,,,,,-12.3999859E-9,14.8000002,
,,,-11.9999859E-9,-79.999998212E-3,,,,,-11.9999859E-9,719.999969006E-3,,,,,-11.9999859E-9,16.0000000,
,,,-11.5999859E-9,-199.99998808E-3,,,,,-11.5999859E-9,799.999952316E-3,,,,,-11.5999859E-9,16.8000011,
,,,-11.1999858E-9,-239.99999464E-3,,,,,-11.1999858E-9,919.999957085E-3,,,,,-11.1999858E-9,17.2000008,
,,,-10.7999858E-9,-239.99999464E-3,,,,,-10.7999858E-9,1.0400000,,,,,-10.7999858E-9,17.6000004,
,,,-10.3999858E-9,-239.99999464E-3,,,,,-10.3999858E-9,1.1200000,,,,,-10.3999858E-9,18.0000000,
,,,-9.999985728E-9,-159.99999642E-3,,,,,-9.999985728E-9,1.1999999,,,,,-9.999985728E-9,18.3999996,
,,,-9.599985695E-9,-79.999998212E-3,,,,,-9.599985695E-9,1.1999999,,,,,-9.599985695E-9,18.3999996,
,,,-9.199985662E-9,39.99999911E-3,,,,,-9.199985662E-9,1.1600000,,,,,-9.199985662E-9,18.0000000,
,,,-8.799985629E-9,159.99999642E-3,,,,,-8.799985629E-9,1.0799999,,,,,-8.799985629E-9,17.6000004,
,,,-8.399985596E-9,239.99999464E-3,,,,,-8.399985596E-9,959.999978542E-3,,,,,-8.399985596E-9,16.8000011,
,,,-7.999985563E-9,319.99999285E-3,,,,,-7.999985563E-9,839.999973774E-3,,,,,-7.999985563E-9,15.6000004,
,,,-7.599985530E-9,319.99999285E-3,,,,,-7.599985530E-9,680.000007153E-3,,,,,-7.599985530E-9,14.4000006,
,,,-7.19998550E-9,280.00000119E-3,,,,,-7.19998550E-9,599.999964237E-3,,,,,-7.19998550E-9,14.0000000,
,,,-6.79998546E-9,239.99999464E-3,,,,,-6.79998546E-9,519.999980927E-3,,,,,-6.79998546E-9,14.0000000,
,,,-6.39998543E-9,119.9999973E-3,,,,,-6.39998543E-9,560.000002384E-3,,,,,-6.39998543E-9,14.8000002,
,,,-5.99998540E-9,39.99999911E-3,,,,,-5.99998540E-9,639.999985695E-3,,,,,-5.99998540E-9,15.6000004,
,,,-5.59998536E-9,-79.999998212E-3,,,,,-5.59998536E-9,719.999969006E-3,,,,,-5.59998536E-9,16.8000011,
,,,-5.19998533E-9,-159.99999642E-3,,,,,-5.19998533E-9,879.999995232E-3,,,,,-5.19998533E-9,17.6000004,
,,,-4.79998530E-9,-239.99999464E-3,,,,,-4.79998530E-9,1.0400000,,,,,-4.79998530E-9,18.0000000,
,,,-4.39998527E-9,-280.00000119E-3,,,,,-4.39998527E-9,1.1999999,,,,,-4.39998527E-9,18.3999996,
,,,-3.99998523E-9,-239.99999464E-3,,,,,-3.99998523E-9,1.3199999,,,,,-3.99998523E-9,18.3999996,
,,,-3.59998542E-9,-199.99998808E-3,,,,,-3.59998542E-9,1.3600000,,,,,-3.59998542E-9,18.3999996,
,,,-3.19998539E-9,-119.9999973E-3,,,,,-3.19998539E-9,1.3600000,,,,,-3.19998539E-9,18.3999996,
,,,-2.79998535E-9,39.99999911E-3,,,,,-2.79998535E-9,1.2800000,,,,,-2.79998535E-9,18.3999996,
,,,-2.3999855E-9,199.99998808E-3,,,,,-2.3999855E-9,1.1600000,,,,,-2.3999855E-9,18.0000000,
,,,-1.9999855E-9,359.99998450E-3,,,,,-1.9999855E-9,1.0400000,,,,,-1.9999855E-9,17.2000008,
,,,-1.5999855E-9,439.999997616E-3,,,,,-1.5999855E-9,879.999995232E-3,,,,,-1.5999855E-9,16.3999996,
,,,-1.1999854E-9,479.999989271E-3,,,,,-1.1999854E-9,759.999990463E-3,,,,,-1.1999854E-9,15.1999998,
,,,-799.985407972E-12,439.999997616E-3,,,,,-799.985407972E-12,680.000007153E-3,,,,,-799.985407972E-12,14.4000006,
,,,-399.98540427E-12,359.99998450E-3,,,,,-399.98540427E-12,639.999985695E-3,,,,,-399.98540427E-12,14.4000006,
,,,14.5994326E-15,280.00000119E-3,,,,,14.5994326E-15,639.999985695E-3,,,,,14.5994326E-15,14.4000006,
,,,400.01460313E-12,159.99999642E-3,,,,,400.01460313E-12,639.999985695E-3,,,,,400.01460313E-12,15.1999998,
,,,800.014606837E-12,0.0,,,,,800.014606837E-12,719.999969006E-3,,,,,800.014606837E-12,16.3999996,
,,,1.2000146E-9,-119.9999973E-3,,,,,1.2000146E-9,799.999952316E-3,,,,,1.2000146E-9,17.6000004,
,,,1.6000146E-9,-239.99999464E-3,,,,,1.6000146E-9,919.999957085E-3,,,,,1.6000146E-9,18.8000011,
,,,2.0000146E-9,-280.00000119E-3,,,,,2.0000146E-9,1.0400000,,,,,2.0000146E-9,19.2000008,
,,,2.4000146E-9,-319.99999285E-3,,,,,2.4000146E-9,1.1600000,,,,,2.4000146E-9,19.2000008,
,,,2.80001466E-9,-239.99999464E-3,,,,,2.80001466E-9,1.2400000,,,,,2.80001466E-9,19.2000008,
,,,3.20001470E-9,-159.99999642E-3,,,,,3.20001470E-9,1.2800000,,,,,3.20001470E-9,18.8000011,
,,,3.60001473E-9,0.0,,,,,3.60001473E-9,1.2400000,,,,,3.60001473E-9,18.3999996,
,,,4.00001454E-9,199.99998808E-3,,,,,4.00001454E-9,1.1600000,,,,,4.00001454E-9,18.0000000,
,,,4.40001457E-9,319.99999285E-3,,,,,4.40001457E-9,1.000000,,,,,4.40001457E-9,17.6000004,
,,,4.80001461E-9,439.999997616E-3,,,,,4.80001461E-9,879.999995232E-3,,,,,4.80001461E-9,16.8000011,
,,,5.20001464E-9,479.999989271E-3,,,,,5.20001464E-9,719.999969006E-3,,,,,5.20001464E-9,15.6000004,
,,,5.60001467E-9,439.999997616E-3,,,,,5.60001467E-9,599.999964237E-3,,,,,5.60001467E-9,14.8000002,
,,,6.00001471E-9,399.99997616E-3,,,,,6.00001471E-9,519.999980927E-3,,,,,6.00001471E-9,14.4000006,
,,,6.40001474E-9,280.00000119E-3,,,,,6.40001474E-9,519.999980927E-3,,,,,6.40001474E-9,14.4000006,
,,,6.80001477E-9,159.99999642E-3,,,,,6.80001477E-9,560.000002384E-3,,,,,6.80001477E-9,14.8000002,
,,,7.20001481E-9,39.99999911E-3,,,,,7.20001481E-9,680.000007153E-3,,,,,7.20001481E-9,16.3999996,
,,,7.600014840E-9,-39.99999911E-3,,,,,7.600014840E-9,799.999952316E-3,,,,,7.600014840E-9,17.6000004,
,,,8.000014873E-9,-119.9999973E-3,,,,,8.000014873E-9,959.999978542E-3,,,,,8.000014873E-9,18.8000011,
,,,8.400014906E-9,-199.99998808E-3,,,,,8.400014906E-9,1.0400000,,,,,8.400014906E-9,20.0000000,
,,,8.800014939E-9,-239.99999464E-3,,,,,8.800014939E-9,1.1200000,,,,,8.800014939E-9,20.0000000,
,,,9.200014972E-9,-159.99999642E-3,,,,,9.200014972E-9,1.1600000,,,,,9.200014972E-9,20.0000000,
,,,9.600015005E-9,-79.999998212E-3,,,,,9.600015005E-9,1.1600000,,,,,9.600015005E-9,19.6000004,
,,,10.0000150E-9,79.999998212E-3,,,,,10.0000150E-9,1.1200000,,,,,10.0000150E-9,18.8000011,
,,,10.4000151E-9,199.99998808E-3,,,,,10.4000151E-9,1.0400000,,,,,10.4000151E-9,18.0000000,
,,,10.8000151E-9,319.99999285E-3,,,,,10.8000151E-9,919.999957085E-3,,,,,10.8000151E-9,17.2000008,
,,,11.2000151E-9,359.99998450E-3,,,,,11.2000151E-9,799.999952316E-3,,,,,11.2000151E-9,16.3999996,
,,,11.6000152E-9,359.99998450E-3,,,,,11.6000152E-9,719.999969006E-3,,,,,11.6000152E-9,15.6000004,
,,,12.0000152E-9,359.99998450E-3,,,,,12.0000152E-9,639.999985695E-3,,,,,12.0000152E-9,15.1999998,
,,,12.4000143E-9,280.00000119E-3,,,,,12.4000143E-9,519.999980927E-3,,,,,12.4000143E-9,14.8000002,
,,,12.8000144E-9,159.99999642E-3,,,,,12.8000144E-9,479.999989271E-3,,,,,12.8000144E-9,14.8000002,
,,,13.2000144E-9,39.99999911E-3,,,,,13.2000144E-9,479.999989271E-3,,,,,13.2000144E-9,15.1999998,
,,,13.6000144E-9,-39.99999911E-3,,,,,13.6000144E-9,519.999980927E-3,,,,,13.6000144E-9,16.3999996,
,,,14.0000145E-9,-119.9999973E-3,,,,,14.0000145E-9,599.999964237E-3,,,,,14.0000145E-9,17.6000004,
,,,14.4000145E-9,-199.99998808E-3,,,,,14.4000145E-9,719.999969006E-3,,,,,14.4000145E-9,19.2000008,
,,,14.8000145E-9,-239.99999464E-3,,,,,14.8000145E-9,839.999973774E-3,,,,,14.8000145E-9,20.0000000,
,,,15.2000155E-9,-239.99999464E-3,,,,,15.2000155E-9,959.999978542E-3,,,,,15.2000155E-9,20.39999962,
,,,15.6000155E-9,-199.99998808E-3,,,,,15.6000155E-9,1.0400000,,,,,15.6000155E-9,20.39999962,
,,,16.0000155E-9,-79.999998212E-3,,,,,16.0000155E-9,1.1200000,,,,,16.0000155E-9,20.0000000,
,,,16.4000156E-9,39.99999911E-3,,,,,16.4000156E-9,1.0799999,,,,,16.4000156E-9,19.6000004,
,,,16.8000156E-9,199.99998808E-3,,,,,16.8000156E-9,1.000000,,,,,16.8000156E-9,18.8000011,
,,,17.2000156E-9,319.99999285E-3,,,,,17.2000156E-9,879.999995232E-3,,,,,17.2000156E-9,17.6000004,
,,,17.6000157E-9,399.99997616E-3,,,,,17.6000157E-9,719.999969006E-3,,,,,17.6000157E-9,16.8000011,
,,,18.0000157E-9,439.999997616E-3,,,,,18.0000157E-9,599.999964237E-3,,,,,18.0000157E-9,16.3999996,
,,,18.4000157E-9,399.99997616E-3,,,,,18.4000157E-9,560.000002384E-3,,,,,18.4000157E-9,16.0000000,
,,,18.8000140E-9,359.99998450E-3,,,,,18.8000140E-9,560.000002384E-3,,,,,18.8000140E-9,16.0000000,
,,,19.2000140E-9,239.99999464E-3,,,,,19.2000140E-9,599.999964237E-3,,,,,19.2000140E-9,16.3999996,
,,,19.6000141E-9,159.99999642E-3,,,,,19.6000141E-9,680.000007153E-3,,,,,19.6000141E-9,16.8000011,
,,,20.0000141E-9,39.99999911E-3,,,,,20.0000141E-9,759.999990463E-3,,,,,20.0000141E-9,17.2000008,
,,,20.40001412E-9,-79.999998212E-3,,,,,20.40001412E-9,799.999952316E-3,,,,,20.40001412E-9,18.0000000,
,,,20.80001416E-9,-159.99999642E-3,,,,,20.80001416E-9,839.999973774E-3,,,,,20.80001416E-9,18.8000011,
,,,21.20001419E-9,-199.99998808E-3,,,,,21.20001419E-9,879.999995232E-3,,,,,21.20001419E-9,19.6000004,
,,,21.60001422E-9,-199.99998808E-3,,,,,21.60001422E-9,879.999995232E-3,,,,,21.60001422E-9,20.39999962,
,,,22.00001425E-9,-159.99999642E-3,,,,,22.00001425E-9,919.999957085E-3,,,,,22.00001425E-9,20.39999962,
,,,22.40001429E-9,-79.999998212E-3,,,,,22.40001429E-9,879.999995232E-3,,,,,22.40001429E-9,20.39999962,
,,,22.80001432E-9,39.99999911E-3,,,,,22.80001432E-9,879.999995232E-3,,,,,22.80001432E-9,20.0000000,
,,,23.20001435E-9,159.99999642E-3,,,,,23.20001435E-9,879.999995232E-3,,,,,23.20001435E-9,19.2000008,
,,,23.60001439E-9,239.99999464E-3,,,,,23.60001439E-9,839.999973774E-3,,,,,23.60001439E-9,18.3999996,
,,,24.00001442E-9,319.99999285E-3,,,,,24.00001442E-9,839.999973774E-3,,,,,24.00001442E-9,17.6000004,
,,,24.40001445E-9,319.99999285E-3,,,,,24.40001445E-9,719.999969006E-3,,,,,24.40001445E-9,17.2000008,
,,,24.80001449E-9,280.00000119E-3,,,,,24.80001449E-9,639.999985695E-3,,,,,24.80001449E-9,17.2000008,
,,,25.20001452E-9,199.99998808E-3,,,,,25.20001452E-9,639.999985695E-3,,,,,25.20001452E-9,17.2000008,
,,,25.60001455E-9,79.999998212E-3,,,,,25.60001455E-9,680.000007153E-3,,,,,25.60001455E-9,17.6000004,
,,,26.00001459E-9,0.0,,,,,26.00001459E-9,759.999990463E-3,,,,,26.00001459E-9,18.0000000,
,,,26.40001462E-9,-79.999998212E-3,,,,,26.40001462E-9,879.999995232E-3,,,,,26.40001462E-9,18.3999996,
,,,26.80001465E-9,-159.99999642E-3,,,,,26.80001465E-9,959.999978542E-3,,,,,26.80001465E-9,18.8000011,
,,,27.20001469E-9,-199.99998808E-3,,,,,27.20001469E-9,959.999978542E-3,,,,,27.20001469E-9,19.6000004,
,,,27.60001472E-9,-159.99999642E-3,,,,,27.60001472E-9,879.999995232E-3,,,,,27.60001472E-9,20.0000000,
,,,28.00001475E-9,-119.9999973E-3,,,,,28.00001475E-9,799.999952316E-3,,,,,28.00001475E-9,20.39999962,
,,,28.40001478E-9,-79.999998212E-3,,,,,28.40001478E-9,719.999969006E-3,,,,,28.40001478E-9,20.39999962,
,,,28.80001482E-9,0.0,,,,,28.80001482E-9,639.999985695E-3,,,,,28.80001482E-9,20.39999962,
,,,29.20001485E-9,79.999998212E-3,,,,,29.20001485E-9,599.999964237E-3,,,,,29.20001485E-9,20.0000000,
,,,29.60001488E-9,159.99999642E-3,,,,,29.60001488E-9,639.999985695E-3,,,,,29.60001488E-9,19.6000004,
,,,30.00001669E-9,239.99999464E-3,,,,,30.00001669E-9,680.000007153E-3,,,,,30.00001669E-9,19.2000008,
,,,30.40001673E-9,239.99999464E-3,,,,,30.40001673E-9,719.999969006E-3,,,,,30.40001673E-9,18.8000011,
,,,30.80001676E-9,239.99999464E-3,,,,,30.80001676E-9,799.999952316E-3,,,,,30.80001676E-9,18.3999996,
,,,31.20001679E-9,199.99998808E-3,,,,,31.20001679E-9,879.999995232E-3,,,,,31.20001679E-9,18.3999996,
,,,31.60001327E-9,79.999998212E-3,,,,,31.60001327E-9,959.999978542E-3,,,,,31.60001327E-9,18.3999996,
,,,32.00001331E-9,0.0,,,,,32.00001331E-9,1.0400000,,,,,32.00001331E-9,18.8000011,
,,,32.40001334E-9,-79.999998212E-3,,,,,32.40001334E-9,1.0400000,,,,,32.40001334E-9,19.2000008,
,,,32.80001337E-9,-119.9999973E-3,,,,,32.80001337E-9,1.0400000,,,,,32.80001337E-9,19.6000004,
,,,33.20001341E-9,-119.9999973E-3,,,,,33.20001341E-9,1.000000,,,,,33.20001341E-9,20.0000000,
,,,33.60001344E-9,-119.9999973E-3,,,,,33.60001344E-9,879.999995232E-3,,,,,33.60001344E-9,20.39999962,
,,,34.00001347E-9,-39.99999911E-3,,,,,34.00001347E-9,799.999952316E-3,,,,,34.00001347E-9,20.39999962,
,,,34.40001350E-9,0.0,,,,,34.40001350E-9,719.999969006E-3,,,,,34.40001350E-9,20.39999962,
,,,34.80001354E-9,39.99999911E-3,,,,,34.80001354E-9,719.999969006E-3,,,,,34.80001354E-9,20.0000000,
,,,35.20001357E-9,119.9999973E-3,,,,,35.20001357E-9,719.999969006E-3,,,,,35.20001357E-9,19.6000004,
,,,35.60001360E-9,159.99999642E-3,,,,,35.60001360E-9,759.999990463E-3,,,,,35.60001360E-9,19.6000004,
,,,36.00001364E-9,239.99999464E-3,,,,,36.00001364E-9,799.999952316E-3,,,,,36.00001364E-9,19.6000004,
,,,36.40001367E-9,239.99999464E-3,,,,,36.40001367E-9,759.999990463E-3,,,,,36.40001367E-9,19.2000008,
,,,36.80001370E-9,239.99999464E-3,,,,,36.80001370E-9,799.999952316E-3,,,,,36.80001370E-9,19.2000008,
,,,37.20001374E-9,199.99998808E-3,,,,,37.20001374E-9,799.999952316E-3,,,,,37.20001374E-9,19.2000008,
,,,37.60001377E-9,119.9999973E-3,,,,,37.60001377E-9,879.999995232E-3,,,,,37.60001377E-9,19.2000008,
,,,38.00001380E-9,79.999998212E-3,,,,,38.00001380E-9,959.999978542E-3,,,,,38.00001380E-9,19.2000008,
,,,38.40001384E-9,0.0,,,,,38.40001384E-9,1.0400000,,,,,38.40001384E-9,19.6000004,
,,,38.80001387E-9,-39.99999911E-3,,,,,38.80001387E-9,1.0799999,,,,,38.80001387E-9,20.39999962,
,,,39.20001390E-9,-79.999998212E-3,,,,,39.20001390E-9,1.0799999,,,,,39.20001390E-9,20.80000114,
,,,39.60001393E-9,-79.999998212E-3,,,,,39.60001393E-9,1.0400000,,,,,39.60001393E-9,21.20000076,
,,,40.00001397E-9,-39.99999911E-3,,,,,40.00001397E-9,919.999957085E-3,,,,,40.00001397E-9,21.60000038,
,,,40.40001400E-9,-39.99999911E-3,,,,,40.40001400E-9,719.999969006E-3,,,,,40.40001400E-9,21.60000038,
,,,40.80001403E-9,0.0,,,,,40.80001403E-9,560.000002384E-3,,,,,40.80001403E-9,21.20000076,
,,,41.20001407E-9,39.99999911E-3,,,,,41.20001407E-9,479.999989271E-3,,,,,41.20001407E-9,20.80000114,
,,,41.60001410E-9,119.9999973E-3,,,,,41.60001410E-9,479.999989271E-3,,,,,41.60001410E-9,20.39999962,
,,,42.00001413E-9,159.99999642E-3,,,,,42.00001413E-9,560.000002384E-3,,,,,42.00001413E-9,20.0000000,
,,,42.40001417E-9,159.99999642E-3,,,,,42.40001417E-9,639.999985695E-3,,,,,42.40001417E-9,19.6000004,
,,,42.80001420E-9,199.99998808E-3,,,,,42.80001420E-9,759.999990463E-3,,,,,42.80001420E-9,19.6000004,
,,,43.20001423E-9,159.99999642E-3,,,,,43.20001423E-9,879.999995232E-3,,,,,43.20001423E-9,19.6000004,
,,,43.60001427E-9,79.999998212E-3,,,,,43.60001427E-9,959.999978542E-3,,,,,43.60001427E-9,20.0000000,
,,,44.00001430E-9,39.99999911E-3,,,,,44.00001430E-9,1.0400000,,,,,44.00001430E-9,20.0000000,
,,,44.40001433E-9,-39.99999911E-3,,,,,44.40001433E-9,1.0400000,,,,,44.40001433E-9,20.39999962,
,,,44.80001436E-9,-39.99999911E-3,,,,,44.80001436E-9,1.0400000,,,,,44.80001436E-9,20.80000114,
,,,45.20001440E-9,-39.99999911E-3,,,,,45.20001440E-9,1.000000,,,,,45.20001440E-9,21.60000038,
,,,45.60001443E-9,0.0,,,,,45.60001443E-9,959.999978542E-3,,,,,45.60001443E-9,21.60000038,
,,,46.00001446E-9,39.99999911E-3,,,,,46.00001446E-9,879.999995232E-3,,,,,46.00001446E-9,21.60000038,
,,,46.40001450E-9,39.99999911E-3,,,,,46.40001450E-9,799.999952316E-3,,,,,46.40001450E-9,21.60000038,
,,,46.80001453E-9,79.999998212E-3,,,,,46.80001453E-9,719.999969006E-3,,,,,46.80001453E-9,21.20000076,
,,,47.20001456E-9,79.999998212E-3,,,,,47.20001456E-9,639.999985695E-3,,,,,47.20001456E-9,21.20000076,
,,,47.60001460E-9,79.999998212E-3,,,,,47.60001460E-9,560.000002384E-3,,,,,47.60001460E-9,20.80000114,
,,,48.00001463E-9,79.999998212E-3,,,,,48.00001463E-9,560.000002384E-3,,,,,48.00001463E-9,20.80000114,
,,,48.40001466E-9,79.999998212E-3,,,,,48.40001466E-9,599.999964237E-3,,,,,48.40001466E-9,20.39999962,
,,,48.80001470E-9,79.999998212E-3,,,,,48.80001470E-9,639.999985695E-3,,,,,48.80001470E-9,20.0000000,
,,,49.20001473E-9,119.9999973E-3,,,,,49.20001473E-9,759.999990463E-3,,,,,49.20001473E-9,19.6000004,
,,,49.60001476E-9,119.9999973E-3,,,,,49.60001476E-9,839.999973774E-3,,,,,49.60001476E-9,19.6000004,
,,,50.00001480E-9,159.99999642E-3,,,,,50.00001480E-9,959.999978542E-3,,,,,50.00001480E-9,20.0000000,
,,,50.40001483E-9,119.9999973E-3,,,,,50.40001483E-9,1.0400000,,,,,50.40001483E-9,20.39999962,
,,,50.80001486E-9,79.999998212E-3,,,,,50.80001486E-9,1.0799999,,,,,50.80001486E-9,20.80000114,
,,,51.20001489E-9,39.99999911E-3,,,,,51.20001489E-9,1.0400000,,,,,51.20001489E-9,21.60000038,
,,,51.60001493E-9,39.99999911E-3,,,,,51.60001493E-9,959.999978542E-3,,,,,51.60001493E-9,21.60000038,
,,,52.00001496E-9,39.99999911E-3,,,,,52.00001496E-9,879.999995232E-3,,,,,52.00001496E-9,21.60000038,
,,,52.40001499E-9,0.0,,,,,52.40001499E-9,799.999952316E-3,,,,,52.40001499E-9,21.20000076,
,,,52.80001503E-9,0.0,,,,,52.80001503E-9,759.999990463E-3,,,,,52.80001503E-9,21.20000076,
,,,53.20001506E-9,0.0,,,,,53.20001506E-9,719.999969006E-3,,,,,53.20001506E-9,21.20000076,
,,,53.60001509E-9,-39.99999911E-3,,,,,53.60001509E-9,719.999969006E-3,,,,,53.60001509E-9,20.80000114,
,,,54.00001513E-9,0.0,,,,,54.00001513E-9,759.999990463E-3,,,,,54.00001513E-9,20.80000114,
,,,54.40001516E-9,0.0,,,,,54.40001516E-9,799.999952316E-3,,,,,54.40001516E-9,20.80000114,
,,,54.800015192E-9,0.0,,,,,54.800015192E-9,839.999973774E-3,,,,,54.800015192E-9,20.39999962,
,,,55.200015225E-9,39.99999911E-3,,,,,55.200015225E-9,879.999995232E-3,,,,,55.200015225E-9,20.39999962,
,,,55.600015259E-9,79.999998212E-3,,,,,55.600015259E-9,959.999978542E-3,,,,,55.600015259E-9,20.39999962,
,,,56.000015292E-9,159.99999642E-3,,,,,56.000015292E-9,1.0400000,,,,,56.000015292E-9,20.80000114,
,,,56.400015325E-9,159.99999642E-3,,,,,56.400015325E-9,1.0799999,,,,,56.400015325E-9,20.80000114,
,,,56.800015358E-9,199.99998808E-3,,,,,56.800015358E-9,1.0799999,,,,,56.800015358E-9,21.20000076,
,,,57.200015391E-9,199.99998808E-3,,,,,57.200015391E-9,1.0400000,,,,,57.200015391E-9,21.60000038,
,,,57.600015424E-9,159.99999642E-3,,,,,57.600015424E-9,1.000000,,,,,57.600015424E-9,21.60000038,
,,,58.000015457E-9,159.99999642E-3,,,,,58.000015457E-9,919.999957085E-3,,,,,58.000015457E-9,21.60000038,
,,,58.400015490E-9,79.999998212E-3,,,,,58.400015490E-9,799.999952316E-3,,,,,58.400015490E-9,21.60000038,
,,,58.800015523E-9,39.99999911E-3,,,,,58.800015523E-9,719.999969006E-3,,,,,58.800015523E-9,21.20000076,
,,,59.200015556E-9,0.0,,,,,59.200015556E-9,680.000007153E-3,,,,,59.200015556E-9,21.20000076,
,,,59.600015589E-9,-39.99999911E-3,,,,,59.600015589E-9,719.999969006E-3,,,,,59.600015589E-9,20.80000114,
,,,60.000012070E-9,-39.99999911E-3,,,,,60.000012070E-9,759.999990463E-3,,,,,60.000012070E-9,20.39999962,
,,,60.400012103E-9,-39.99999911E-3,,,,,60.400012103E-9,799.999952316E-3,,,,,60.400012103E-9,20.39999962,
,,,60.800012136E-9,-39.99999911E-3,,,,,60.800012136E-9,879.999995232E-3,,,,,60.800012136E-9,20.39999962,
,,,61.200012169E-9,0.0,,,,,61.200012169E-9,919.999957085E-3,,,,,61.200012169E-9,20.0000000,
,,,61.600012202E-9,39.99999911E-3,,,,,61.600012202E-9,959.999978542E-3,,,,,61.600012202E-9,20.39999962,
,,,62.000012235E-9,119.9999973E-3,,,,,62.000012235E-9,1.000000,,,,,62.000012235E-9,20.80000114,
,,,62.400012268E-9,159.99999642E-3,,,,,62.400012268E-9,1.000000,,,,,62.400012268E-9,21.20000076,
,,,62.800012302E-9,159.99999642E-3,,,,,62.800012302E-9,1.000000,,,,,62.800012302E-9,21.60000038,
,,,63.200012335E-9,199.99998808E-3,,,,,63.200012335E-9,959.999978542E-3,,,,,63.200012335E-9,22.00000000,
,,,63.600012368E-9,199.99998808E-3,,,,,63.600012368E-9,919.999957085E-3,,,,,63.600012368E-9,22.39999962,
,,,64.000012401E-9,199.99998808E-3,,,,,64.000012401E-9,879.999995232E-3,,,,,64.000012401E-9,22.39999962,
,,,64.400012434E-9,159.99999642E-3,,,,,64.400012434E-9,799.999952316E-3,,,,,64.400012434E-9,22.39999962,
,,,64.800012467E-9,119.9999973E-3,,,,,64.800012467E-9,759.999990463E-3,,,,,64.800012467E-9,22.00000000,
,,,65.200012500E-9,79.999998212E-3,,,,,65.200012500E-9,719.999969006E-3,,,,,65.200012500E-9,21.60000038,
,,,65.600012533E-9,79.999998212E-3,,,,,65.600012533E-9,719.999969006E-3,,,,,65.600012533E-9,21.20000076,
,,,66.000012566E-9,79.999998212E-3,,,,,66.000012566E-9,759.999990463E-3,,,,,66.000012566E-9,21.20000076,
,,,66.400012599E-9,39.99999911E-3,,,,,66.400012599E-9,879.999995232E-3,,,,,66.400012599E-9,20.80000114,
,,,66.800012632E-9,79.999998212E-3,,,,,66.800012632E-9,1.000000,,,,,66.800012632E-9,20.80000114,
,,,67.200012666E-9,79.999998212E-3,,,,,67.200012666E-9,1.1200000,,,,,67.200012666E-9,20.39999962,
,,,67.600012699E-9,79.999998212E-3,,,,,67.600012699E-9,1.1999999,,,,,67.600012699E-9,20.39999962,
,,,68.000012732E-9,119.9999973E-3,,,,,68.000012732E-9,1.2400000,,,,,68.000012732E-9,20.39999962,
,,,68.400012765E-9,159.99999642E-3,,,,,68.400012765E-9,1.1999999,,,,,68.400012765E-9,20.80000114,
,,,68.800012798E-9,199.99998808E-3,,,,,68.800012798E-9,1.1200000,,,,,68.800012798E-9,21.20000076,
,,,69.200012831E-9,239.99999464E-3,,,,,69.200012831E-9,1.0799999,,,,,69.200012831E-9,21.60000038,
,,,69.600012864E-9,280.00000119E-3,,,,,69.600012864E-9,1.0400000,,,,,69.600012864E-9,22.00000000,
,,,70.000012897E-9,280.00000119E-3,,,,,70.000012897E-9,1.000000,,,,,70.000012897E-9,22.00000000,
,,,70.400012930E-9,239.99999464E-3,,,,,70.400012930E-9,919.999957085E-3,,,,,70.400012930E-9,22.00000000,
,,,70.800012963E-9,159.99999642E-3,,,,,70.800012963E-9,839.999973774E-3,,,,,70.800012963E-9,22.00000000,
,,,71.200012997E-9,119.9999973E-3,,,,,71.200012997E-9,759.999990463E-3,,,,,71.200012997E-9,22.00000000,
,,,71.600013030E-9,39.99999911E-3,,,,,71.600013030E-9,680.000007153E-3,,,,,71.600013030E-9,22.00000000,
,,,72.000013063E-9,0.0,,,,,72.000013063E-9,680.000007153E-3,,,,,72.000013063E-9,22.00000000,
,,,72.400013096E-9,-39.99999911E-3,,,,,72.400013096E-9,759.999990463E-3,,,,,72.400013096E-9,21.60000038,
,,,72.800013129E-9,0.0,,,,,72.800013129E-9,839.999973774E-3,,,,,72.800013129E-9,21.60000038,
,,,73.200013162E-9,39.99999911E-3,,,,,73.200013162E-9,959.999978542E-3,,,,,73.200013162E-9,21.20000076,
,,,73.600013195E-9,119.9999973E-3,,,,,73.600013195E-9,1.0400000,,,,,73.600013195E-9,21.20000076,
,,,74.000013228E-9,199.99998808E-3,,,,,74.000013228E-9,1.0799999,,,,,74.000013228E-9,20.80000114,
,,,74.400013261E-9,239.99999464E-3,,,,,74.400013261E-9,1.0400000,,,,,74.400013261E-9,21.20000076,
,,,74.800013294E-9,239.99999464E-3,,,,,74.800013294E-9,959.999978542E-3,,,,,74.800013294E-9,21.20000076,
,,,75.200013328E-9,280.00000119E-3,,,,,75.200013328E-9,959.999978542E-3,,,,,75.200013328E-9,21.60000038,
,,,75.600013361E-9,239.99999464E-3,,,,,75.600013361E-9,1.000000,,,,,75.600013361E-9,21.60000038,
,,,76.000013394E-9,239.99999464E-3,,,,,76.000013394E-9,1.0400000,,,,,76.000013394E-9,21.60000038,
,,,76.400013427E-9,159.99999642E-3,,,,,76.400013427E-9,1.000000,,,,,76.400013427E-9,22.00000000,
,,,76.800013460E-9,79.999998212E-3,,,,,76.800013460E-9,959.999978542E-3,,,,,76.800013460E-9,22.00000000,
,,,77.200013493E-9,39.99999911E-3,,,,,77.200013493E-9,839.999973774E-3,,,,,77.200013493E-9,22.39999962,
,,,77.600013526E-9,0.0,,,,,77.600013526E-9,759.999990463E-3,,,,,77.600013526E-9,22.80000114,
,,,78.000013559E-9,0.0,,,,,78.000013559E-9,680.000007153E-3,,,,,78.000013559E-9,22.80000114,
,,,78.400013592E-9,-39.99999911E-3,,,,,78.400013592E-9,680.000007153E-3,,,,,78.400013592E-9,22.80000114,
,,,78.800013625E-9,-39.99999911E-3,,,,,78.800013625E-9,759.999990463E-3,,,,,78.800013625E-9,22.80000114,
,,,79.200013658E-9,0.0,,,,,79.200013658E-9,839.999973774E-3,,,,,79.200013658E-9,22.39999962,
,,,79.600013692E-9,79.999998212E-3,,,,,79.600013692E-9,919.999957085E-3,,,,,79.600013692E-9,22.39999962,
,,,80.000013725E-9,159.99999642E-3,,,,,80.000013725E-9,1.000000,,,,,80.000013725E-9,22.00000000,
,,,80.400013758E-9,199.99998808E-3,,,,,80.400013758E-9,1.000000,,,,,80.400013758E-9,22.00000000,
,,,80.800013791E-9,239.99999464E-3,,,,,80.800013791E-9,1.000000,,,,,80.800013791E-9,22.00000000,
,,,81.200013824E-9,280.00000119E-3,,,,,81.200013824E-9,1.000000,,,,,81.200013824E-9,22.39999962,
,,,81.600013857E-9,239.99999464E-3,,,,,81.600013857E-9,1.0400000,,,,,81.600013857E-9,22.00000000,
,,,82.000013890E-9,239.99999464E-3,,,,,82.000013890E-9,1.0799999,,,,,82.000013890E-9,22.00000000,
,,,82.400013923E-9,159.99999642E-3,,,,,82.400013923E-9,1.0400000,,,,,82.400013923E-9,22.00000000,
,,,82.800013956E-9,119.9999973E-3,,,,,82.800013956E-9,1.000000,,,,,82.800013956E-9,22.00000000,
,,,83.200013989E-9,39.99999911E-3,,,,,83.200013989E-9,919.999957085E-3,,,,,83.200013989E-9,22.39999962,
,,,83.600014023E-9,-39.99999911E-3,,,,,83.600014023E-9,799.999952316E-3,,,,,83.600014023E-9,22.39999962,
,,,84.000014056E-9,-79.999998212E-3,,,,,84.000014056E-9,719.999969006E-3,,,,,84.000014056E-9,22.39999962,
,,,84.400014089E-9,-79.999998212E-3,,,,,84.400014089E-9,680.000007153E-3,,,,,84.400014089E-9,22.39999962,
,,,84.800014122E-9,-79.999998212E-3,,,,,84.800014122E-9,639.999985695E-3,,,,,84.800014122E-9,22.00000000,
,,,85.200014155E-9,-39.99999911E-3,,,,,85.200014155E-9,680.000007153E-3,,,,,85.200014155E-9,21.60000038,
,,,85.600014188E-9,0.0,,,,,85.600014188E-9,719.999969006E-3,,,,,85.600014188E-9,21.60000038,
,,,86.000014221E-9,79.999998212E-3,,,,,86.000014221E-9,799.999952316E-3,,,,,86.000014221E-9,21.60000038,
,,,86.400014254E-9,119.9999973E-3,,,,,86.400014254E-9,839.999973774E-3,,,,,86.400014254E-9,21.60000038,
,,,86.800014287E-9,199.99998808E-3,,,,,86.800014287E-9,919.999957085E-3,,,,,86.800014287E-9,21.60000038,
,,,87.200014320E-9,239.99999464E-3,,,,,87.200014320E-9,1.000000,,,,,87.200014320E-9,21.60000038,
,,,87.600014353E-9,239.99999464E-3,,,,,87.600014353E-9,1.0400000,,,,,87.600014353E-9,21.60000038,
,,,88.000014387E-9,239.99999464E-3,,,,,88.000014387E-9,1.0799999,,,,,88.000014387E-9,22.00000000,
,,,88.400014420E-9,199.99998808E-3,,,,,88.400014420E-9,1.0400000,,,,,88.400014420E-9,22.00000000,
,,,88.800014453E-9,119.9999973E-3,,,,,88.800014453E-9,1.000000,,,,,88.800014453E-9,22.00000000,
,,,89.200014486E-9,79.999998212E-3,,,,,89.200014486E-9,879.999995232E-3,,,,,89.200014486E-9,22.00000000,
,,,89.600014519E-9,39.99999911E-3,,,,,89.600014519E-9,759.999990463E-3,,,,,89.600014519E-9,22.00000000,
,,,90.000014552E-9,0.0,,,,,90.000014552E-9,680.000007153E-3,,,,,90.000014552E-9,22.00000000,
,,,90.400014585E-9,-39.99999911E-3,,,,,90.400014585E-9,639.999985695E-3,,,,,90.400014585E-9,22.00000000,
,,,90.800014618E-9,-39.99999911E-3,,,,,90.800014618E-9,639.999985695E-3,,,,,90.800014618E-9,22.00000000,
,,,91.200014651E-9,-39.99999911E-3,,,,,91.200014651E-9,680.000007153E-3,,,,,91.200014651E-9,22.00000000,
,,,91.600014684E-9,0.0,,,,,91.600014684E-9,680.000007153E-3,,,,,91.600014684E-9,22.00000000,
,,,92.000014718E-9,79.999998212E-3,,,,,92.000014718E-9,759.999990463E-3,,,,,92.000014718E-9,22.39999962,
,,,92.400014751E-9,119.9999973E-3,,,,,92.400014751E-9,799.999952316E-3,,,,,92.400014751E-9,22.39999962,
,,,92.800014784E-9,159.99999642E-3,,,,,92.800014784E-9,919.999957085E-3,,,,,92.800014784E-9,22.39999962,
,,,93.200014817E-9,199.99998808E-3,,,,,93.200014817E-9,1.000000,,,,,93.200014817E-9,22.39999962,
,,,93.600014850E-9,199.99998808E-3,,,,,93.600014850E-9,1.0799999,,,,,93.600014850E-9,22.00000000,
,,,94.000014883E-9,199.99998808E-3,,,,,94.000014883E-9,1.1200000,,,,,94.000014883E-9,22.00000000,
,,,94.400014916E-9,119.9999973E-3,,,,,94.400014916E-9,1.0400000,,,,,94.400014916E-9,22.00000000,
,,,94.800014949E-9,39.99999911E-3,,,,,94.800014949E-9,959.999978542E-3,,,,,94.800014949E-9,22.00000000,
,,,95.200014982E-9,0.0,,,,,95.200014982E-9,839.999973774E-3,,,,,95.200014982E-9,22.39999962,
,,,95.600015015E-9,0.0,,,,,95.600015015E-9,719.999969006E-3,,,,,95.600015015E-9,22.39999962,
,,,96.000015049E-9,0.0,,,,,96.000015049E-9,639.999985695E-3,,,,,96.000015049E-9,22.39999962,
,,,96.400015082E-9,-39.99999911E-3,,,,,96.400015082E-9,599.999964237E-3,,,,,96.400015082E-9,22.39999962,
,,,96.800015115E-9,0.0,,,,,96.800015115E-9,599.999964237E-3,,,,,96.800015115E-9,22.39999962,
,,,97.200015148E-9,0.0,,,,,97.200015148E-9,639.999985695E-3,,,,,97.200015148E-9,22.00000000,
,,,97.600015181E-9,0.0,,,,,97.600015181E-9,680.000007153E-3,,,,,97.600015181E-9,22.00000000,
,,,98.000015214E-9,39.99999911E-3,,,,,98.000015214E-9,719.999969006E-3,,,,,98.000015214E-9,22.39999962,
,,,98.400015247E-9,39.99999911E-3,,,,,98.400015247E-9,759.999990463E-3,,,,,98.400015247E-9,22.39999962,
,,,98.800015280E-9,79.999998212E-3,,,,,98.800015280E-9,799.999952316E-3,,,,,98.800015280E-9,22.39999962,
,,,99.200015313E-9,39.99999911E-3,,,,,99.200015313E-9,839.999973774E-3,,,,,99.200015313E-9,22.39999962,
,,,99.600015346E-9,39.99999911E-3,,,,,99.600015346E-9,879.999995232E-3,,,,,99.600015346E-9,22.39999962,
,,,100.0000154E-9,39.99999911E-3,,,,,100.0000154E-9,919.999957085E-3,,,,,100.0000154E-9,22.39999962,
,,,100.4000154E-9,0.0,,,,,100.4000154E-9,879.999995232E-3,,,,,100.4000154E-9,22.39999962,
,,,100.8000154E-9,0.0,,,,,100.8000154E-9,839.999973774E-3,,,,,100.8000154E-9,22.39999962,
,,,101.2000155E-9,39.99999911E-3,,,,,101.2000155E-9,799.999952316E-3,,,,,101.2000155E-9,22.39999962,
,,,101.6000155E-9,79.999998212E-3,,,,,101.6000155E-9,719.999969006E-3,,,,,101.6000155E-9,22.80000114,
,,,102.0000155E-9,119.9999973E-3,,,,,102.0000155E-9,680.000007153E-3,,,,,102.0000155E-9,22.80000114,
,,,102.4000156E-9,119.9999973E-3,,,,,102.4000156E-9,599.999964237E-3,,,,,102.4000156E-9,22.80000114,
,,,102.8000156E-9,119.9999973E-3,,,,,102.8000156E-9,560.000002384E-3,,,,,102.8000156E-9,22.80000114,
,,,103.2000156E-9,79.999998212E-3,,,,,103.2000156E-9,560.000002384E-3,,,,,103.2000156E-9,22.80000114,
,,,103.6000157E-9,79.999998212E-3,,,,,103.6000157E-9,599.999964237E-3,,,,,103.6000157E-9,22.39999962,
,,,104.0000157E-9,79.999998212E-3,,,,,104.0000157E-9,719.999969006E-3,,,,,104.0000157E-9,22.80000114,
,,,104.4000157E-9,39.99999911E-3,,,,,104.4000157E-9,799.999952316E-3,,,,,104.4000157E-9,22.80000114,
,,,104.8000158E-9,39.99999911E-3,,,,,104.8000158E-9,919.999957085E-3,,,,,104.8000158E-9,22.80000114,
,,,105.2000158E-9,39.99999911E-3,,,,,105.2000158E-9,959.999978542E-3,,,,,105.2000158E-9,22.39999962,
,,,105.6000158E-9,39.99999911E-3,,,,,105.6000158E-9,959.999978542E-3,,,,,105.6000158E-9,22.39999962,
,,,106.0000159E-9,39.99999911E-3,,,,,106.0000159E-9,919.999957085E-3,,,,,106.0000159E-9,22.39999962,
,,,106.4000159E-9,0.0,,,,,106.4000159E-9,839.999973774E-3,,,,,106.4000159E-9,22.39999962,
,,,106.8000159E-9,39.99999911E-3,,,,,106.8000159E-9,759.999990463E-3,,,,,106.8000159E-9,22.39999962,
,,,107.2000160E-9,39.99999911E-3,,,,,107.2000160E-9,719.999969006E-3,,,,,107.2000160E-9,22.39999962,
,,,107.6000160E-9,79.999998212E-3,,,,,107.6000160E-9,680.000007153E-3,,,,,107.6000160E-9,22.39999962,
,,,108.0000160E-9,119.9999973E-3,,,,,108.0000160E-9,639.999985695E-3,,,,,108.0000160E-9,22.00000000,
,,,108.4000161E-9,119.9999973E-3,,,,,108.4000161E-9,560.000002384E-3,,,,,108.4000161E-9,22.00000000,
,,,108.8000161E-9,159.99999642E-3,,,,,108.8000161E-9,519.999980927E-3,,,,,108.8000161E-9,22.00000000,
,,,109.2000161E-9,159.99999642E-3,,,,,109.2000161E-9,519.999980927E-3,,,,,109.2000161E-9,22.00000000,
,,,109.6000162E-9,119.9999973E-3,,,,,109.6000162E-9,599.999964237E-3,,,,,109.6000162E-9,22.00000000,
,,,110.0000162E-9,119.9999973E-3,,,,,110.0000162E-9,719.999969006E-3,,,,,110.0000162E-9,22.00000000,
,,,110.4000162E-9,39.99999911E-3,,,,,110.4000162E-9,839.999973774E-3,,,,,110.4000162E-9,22.00000000,
,,,110.8000163E-9,0.0,,,,,110.8000163E-9,959.999978542E-3,,,,,110.8000163E-9,22.00000000,
,,,111.2000163E-9,-39.99999911E-3,,,,,111.2000163E-9,1.000000,,,,,111.2000163E-9,21.60000038,
,,,111.6000163E-9,-39.99999911E-3,,,,,111.6000163E-9,959.999978542E-3,,,,,111.6000163E-9,21.60000038,
,,,112.0000164E-9,-39.99999911E-3,,,,,112.0000164E-9,919.999957085E-3,,,,,112.0000164E-9,21.60000038,
,,,112.4000164E-9,-79.999998212E-3,,,,,112.4000164E-9,879.999995232E-3,,,,,112.4000164E-9,21.60000038,
,,,112.8000164E-9,-79.999998212E-3,,,,,112.8000164E-9,879.999995232E-3,,,,,112.8000164E-9,22.00000000,
,,,113.2000165E-9,-39.99999911E-3,,,,,113.2000165E-9,839.999973774E-3,,,,,113.2000165E-9,22.00000000,
,,,113.6000165E-9,0.0,,,,,113.6000165E-9,799.999952316E-3,,,,,113.6000165E-9,22.39999962,
,,,114.0000165E-9,79.999998212E-3,,,,,114.0000165E-9,759.999990463E-3,,,,,114.0000165E-9,22.00000000,
,,,114.4000166E-9,119.9999973E-3,,,,,114.4000166E-9,639.999985695E-3,,,,,114.4000166E-9,22.00000000,
,,,114.8000166E-9,199.99998808E-3,,,,,114.8000166E-9,519.999980927E-3,,,,,114.8000166E-9,22.00000000,
,,,115.2000166E-9,239.99999464E-3,,,,,115.2000166E-9,519.999980927E-3,,,,,115.2000166E-9,21.60000038,
,,,115.6000167E-9,239.99999464E-3,,,,,115.6000167E-9,560.000002384E-3,,,,,115.6000167E-9,22.00000000,
,,,116.0000167E-9,199.99998808E-3,,,,,116.0000167E-9,680.000007153E-3,,,,,116.0000167E-9,22.00000000,
,,,116.4000167E-9,119.9999973E-3,,,,,116.4000167E-9,799.999952316E-3,,,,,116.4000167E-9,22.00000000,
,,,116.8000168E-9,39.99999911E-3,,,,,116.8000168E-9,919.999957085E-3,,,,,116.8000168E-9,22.00000000,
,,,117.2000168E-9,0.0,,,,,117.2000168E-9,1.000000,,,,,117.2000168E-9,22.00000000,
,,,117.6000168E-9,-39.99999911E-3,,,,,117.6000168E-9,1.000000,,,,,117.6000168E-9,22.00000000,
,,,118.0000169E-9,-79.999998212E-3,,,,,118.0000169E-9,1.000000,,,,,118.0000169E-9,22.00000000,
,,,118.4000169E-9,-119.9999973E-3,,,,,118.4000169E-9,919.999957085E-3,,,,,118.4000169E-9,22.00000000,
,,,118.8000169E-9,-119.9999973E-3,,,,,118.8000169E-9,879.999995232E-3,,,,,118.8000169E-9,22.00000000,
,,,119.2000170E-9,-119.9999973E-3,,,,,119.2000170E-9,799.999952316E-3,,,,,119.2000170E-9,22.39999962,
,,,119.6000170E-9,-79.999998212E-3,,,,,119.6000170E-9,719.999969006E-3,,,,,119.6000170E-9,22.80000114,
,,,120.0000099E-9,-39.99999911E-3,,,,,120.0000099E-9,639.999985695E-3,,,,,120.0000099E-9,22.80000114,
,,,120.4000171E-9,0.0,,,,,120.4000171E-9,519.999980927E-3,,,,,120.4000171E-9,22.80000114,
,,,120.8000100E-9,39.99999911E-3,,,,,120.8000100E-9,439.999997616E-3,,,,,120.8000100E-9,22.80000114,
,,,121.2000171E-9,79.999998212E-3,,,,,121.2000171E-9,399.99997616E-3,,,,,121.2000171E-9,22.80000114,
,,,121.6000101E-9,79.999998212E-3,,,,,121.6000101E-9,399.99997616E-3,,,,,121.6000101E-9,22.80000114,
,,,122.0000172E-9,119.9999973E-3,,,,,122.0000172E-9,479.999989271E-3,,,,,122.0000172E-9,23.20000076,
,,,122.4000101E-9,79.999998212E-3,,,,,122.4000101E-9,599.999964237E-3,,,,,122.4000101E-9,23.20000076,
,,,122.8000173E-9,79.999998212E-3,,,,,122.8000173E-9,759.999990463E-3,,,,,122.8000173E-9,23.60000038,
,,,123.2000102E-9,39.99999911E-3,,,,,123.2000102E-9,839.999973774E-3,,,,,123.2000102E-9,23.20000076,
,,,123.6000173E-9,0.0,,,,,123.6000173E-9,879.999995232E-3,,,,,123.6000173E-9,23.20000076,
,,,124.0000103E-9,-39.99999911E-3,,,,,124.0000103E-9,919.999957085E-3,,,,,124.0000103E-9,23.20000076,
,,,124.4000174E-9,-39.99999911E-3,,,,,124.4000174E-9,919.999957085E-3,,,,,124.4000174E-9,23.20000076,
,,,124.8000103E-9,-39.99999911E-3,,,,,124.8000103E-9,879.999995232E-3,,,,,124.8000103E-9,23.20000076,
,,,125.2000175E-9,0.0,,,,,125.2000175E-9,839.999973774E-3,,,,,125.2000175E-9,23.20000076,
,,,125.6000104E-9,79.999998212E-3,,,,,125.6000104E-9,799.999952316E-3,,,,,125.6000104E-9,22.80000114,
,,,126.0000175E-9,159.99999642E-3,,,,,126.0000175E-9,719.999969006E-3,,,,,126.0000175E-9,22.80000114,
,,,126.4000105E-9,199.99998808E-3,,,,,126.4000105E-9,560.000002384E-3,,,,,126.4000105E-9,22.80000114,
,,,126.8000176E-9,239.99999464E-3,,,,,126.8000176E-9,479.999989271E-3,,,,,126.8000176E-9,22.80000114,
,,,127.2000105E-9,280.00000119E-3,,,,,127.2000105E-9,439.999997616E-3,,,,,127.2000105E-9,23.20000076,
,,,127.6000177E-9,319.99999285E-3,,,,,127.6000177E-9,479.999989271E-3,,,,,127.6000177E-9,22.80000114,
,,,128.0000106E-9,319.99999285E-3,,,,,128.0000106E-9,560.000002384E-3,,,,,128.0000106E-9,22.80000114,
,,,128.4000177E-9,239.99999464E-3,,,,,128.4000177E-9,599.999964237E-3,,,,,128.4000177E-9,22.80000114,
,,,128.8000107E-9,199.99998808E-3,,,,,128.8000107E-9,680.000007153E-3,,,,,128.8000107E-9,22.39999962,
,,,129.2000178E-9,119.9999973E-3,,,,,129.2000178E-9,719.999969006E-3,,,,,129.2000178E-9,22.39999962,
,,,129.6000107E-9,0.0,,,,,129.6000107E-9,719.999969006E-3,,,,,129.6000107E-9,22.00000000,
,,,130.0000179E-9,-39.99999911E-3,,,,,130.0000179E-9,759.999990463E-3,,,,,130.0000179E-9,22.00000000,
,,,130.4000108E-9,-119.9999973E-3,,,,,130.4000108E-9,759.999990463E-3,,,,,130.4000108E-9,21.60000038,
,,,130.8000179E-9,-119.9999973E-3,,,,,130.8000179E-9,799.999952316E-3,,,,,130.8000179E-9,21.60000038,
,,,131.2000109E-9,-119.9999973E-3,,,,,131.2000109E-9,759.999990463E-3,,,,,131.2000109E-9,21.20000076,
,,,131.6000180E-9,-79.999998212E-3,,,,,131.6000180E-9,719.999969006E-3,,,,,131.6000180E-9,21.20000076,
,,,132.0000109E-9,-39.99999911E-3,,,,,132.0000109E-9,680.000007153E-3,,,,,132.0000109E-9,20.80000114,
,,,132.4000181E-9,0.0,,,,,132.4000181E-9,599.999964237E-3,,,,,132.4000181E-9,21.20000076,
,,,132.8000110E-9,39.99999911E-3,,,,,132.8000110E-9,560.000002384E-3,,,,,132.8000110E-9,21.60000038,
,,,133.2000181E-9,79.999998212E-3,,,,,133.2000181E-9,560.000002384E-3,,,,,133.2000181E-9,22.00000000,
,,,133.6000111E-9,119.9999973E-3,,,,,133.6000111E-9,639.999985695E-3,,,,,133.6000111E-9,22.80000114,
,,,134.0000182E-9,119.9999973E-3,,,,,134.0000182E-9,719.999969006E-3,,,,,134.0000182E-9,23.20000076,
,,,134.4000111E-9,79.999998212E-3,,,,,134.4000111E-9,759.999990463E-3,,,,,134.4000111E-9,23.20000076,
,,,134.8000183E-9,39.99999911E-3,,,,,134.8000183E-9,839.999973774E-3,,,,,134.8000183E-9,22.80000114,
,,,135.2000112E-9,0.0,,,,,135.2000112E-9,879.999995232E-3,,,,,135.2000112E-9,22.39999962,
,,,135.6000183E-9,0.0,,,,,135.6000183E-9,919.999957085E-3,,,,,135.6000183E-9,22.39999962,
,,,136.0000113E-9,0.0,,,,,136.0000113E-9,959.999978542E-3,,,,,136.0000113E-9,22.80000114,
,,,136.4000184E-9,0.0,,,,,136.4000184E-9,959.999978542E-3,,,,,136.4000184E-9,22.80000114,
,,,136.8000113E-9,0.0,,,,,136.8000113E-9,959.999978542E-3,,,,,136.8000113E-9,22.80000114,
,,,137.2000185E-9,39.99999911E-3,,,,,137.2000185E-9,919.999957085E-3,,,,,137.2000185E-9,22.80000114,
,,,137.6000114E-9,79.999998212E-3,,,,,137.6000114E-9,879.999995232E-3,,,,,137.6000114E-9,22.80000114,
,,,138.0000185E-9,119.9999973E-3,,,,,138.0000185E-9,839.999973774E-3,,,,,138.0000185E-9,23.20000076,
,,,138.4000115E-9,119.9999973E-3,,,,,138.4000115E-9,799.999952316E-3,,,,,138.4000115E-9,23.20000076,
,,,138.8000186E-9,159.99999642E-3,,,,,138.8000186E-9,799.999952316E-3,,,,,138.8000186E-9,23.60000038,
,,,139.2000115E-9,159.99999642E-3,,,,,139.2000115E-9,759.999990463E-3,,,,,139.2000115E-9,24.39999962,
,,,139.6000187E-9,159.99999642E-3,,,,,139.6000187E-9,759.999990463E-3,,,,,139.6000187E-9,24.80000114,
,,,140.0000116E-9,159.99999642E-3,,,,,140.0000116E-9,719.999969006E-3,,,,,140.0000116E-9,25.60000038,
,,,140.4000187E-9,119.9999973E-3,,,,,140.4000187E-9,639.999985695E-3,,,,,140.4000187E-9,26.00000000,
,,,140.8000116E-9,119.9999973E-3,,,,,140.8000116E-9,599.999964237E-3,,,,,140.8000116E-9,26.00000000,
,,,141.2000188E-9,79.999998212E-3,,,,,141.2000188E-9,560.000002384E-3,,,,,141.2000188E-9,25.60000038,
,,,141.6000117E-9,79.999998212E-3,,,,,141.6000117E-9,560.000002384E-3,,,,,141.6000117E-9,25.60000038,
,,,142.0000189E-9,79.999998212E-3,,,,,142.0000189E-9,560.000002384E-3,,,,,142.0000189E-9,25.20000076,
,,,142.4000118E-9,39.99999911E-3,,,,,142.4000118E-9,479.999989271E-3,,,,,142.4000118E-9,25.20000076,
,,,142.8000189E-9,39.99999911E-3,,,,,142.8000189E-9,399.99997616E-3,,,,,142.8000189E-9,24.80000114,
,,,143.2000118E-9,79.999998212E-3,,,,,143.2000118E-9,319.99999285E-3,,,,,143.2000118E-9,24.80000114,
,,,143.6000190E-9,119.9999973E-3,,,,,143.6000190E-9,280.00000119E-3,,,,,143.6000190E-9,24.39999962,
,,,144.0000119E-9,159.99999642E-3,,,,,144.0000119E-9,319.99999285E-3,,,,,144.0000119E-9,24.39999962,
,,,144.4000191E-9,159.99999642E-3,,,,,144.4000191E-9,399.99997616E-3,,,,,144.4000191E-9,24.00000000,
,,,144.8000120E-9,199.99998808E-3,,,,,144.8000120E-9,479.999989271E-3,,,,,144.8000120E-9,24.00000000,
,,,145.2000191E-9,159.99999642E-3,,,,,145.2000191E-9,560.000002384E-3,,,,,145.2000191E-9,24.00000000,
,,,145.6000120E-9,119.9999973E-3,,,,,145.6000120E-9,639.999985695E-3,,,,,145.6000120E-9,23.60000038,
,,,146.0000192E-9,119.9999973E-3,,,,,146.0000192E-9,680.000007153E-3,,,,,146.0000192E-9,24.00000000,
,,,146.4000121E-9,119.9999973E-3,,,,,146.4000121E-9,680.000007153E-3,,,,,146.4000121E-9,23.60000038,
,,,146.8000193E-9,159.99999642E-3,,,,,146.8000193E-9,719.999969006E-3,,,,,146.8000193E-9,23.20000076,
,,,147.2000122E-9,199.99998808E-3,,,,,147.2000122E-9,799.999952316E-3,,,,,147.2000122E-9,22.80000114,
,,,147.6000193E-9,199.99998808E-3,,,,,147.6000193E-9,879.999995232E-3,,,,,147.6000193E-9,22.39999962,
,,,148.0000122E-9,199.99998808E-3,,,,,148.0000122E-9,959.999978542E-3,,,,,148.0000122E-9,22.39999962,
,,,148.4000194E-9,199.99998808E-3,,,,,148.4000194E-9,959.999978542E-3,,,,,148.4000194E-9,22.00000000,
,,,148.80001231E-9,199.99998808E-3,,,,,148.80001231E-9,919.999957085E-3,,,,,148.80001231E-9,21.60000038,
,,,149.20001945E-9,239.99999464E-3,,,,,149.20001945E-9,879.999995232E-3,,,,,149.20001945E-9,21.20000076,
,,,149.60001238E-9,199.99998808E-3,,,,,149.60001238E-9,879.999995232E-3,,,,,149.60001238E-9,20.39999962,
,,,150.00001952E-9,199.99998808E-3,,,,,150.00001952E-9,879.999995232E-3,,,,,150.00001952E-9,20.39999962,
,,,150.40001244E-9,159.99999642E-3,,,,,150.40001244E-9,919.999957085E-3,,,,,150.40001244E-9,20.0000000,
,,,150.80001958E-9,159.99999642E-3,,,,,150.80001958E-9,1.000000,,,,,150.80001958E-9,20.39999962,
,,,151.20001251E-9,159.99999642E-3,,,,,151.20001251E-9,1.0400000,,,,,151.20001251E-9,20.39999962,
,,,151.60001965E-9,119.9999973E-3,,,,,151.60001965E-9,1.0799999,,,,,151.60001965E-9,20.80000114,
,,,152.00001258E-9,119.9999973E-3,,,,,152.00001258E-9,1.1200000,,,,,152.00001258E-9,20.80000114,
,,,152.40001972E-9,39.99999911E-3,,,,,152.40001972E-9,1.1600000,,,,,152.40001972E-9,21.20000076,
,,,152.80001264E-9,0.0,,,,,152.80001264E-9,1.1600000,,,,,152.80001264E-9,21.60000038,
,,,153.20001978E-9,-79.999998212E-3,,,,,153.20001978E-9,1.1999999,,,,,153.20001978E-9,22.00000000,
,,,153.60001271E-9,-159.99999642E-3,,,,,153.60001271E-9,1.1999999,,,,,153.60001271E-9,22.80000114,
,,,154.00001985E-9,-199.99998808E-3,,,,,154.00001985E-9,1.1600000,,,,,154.00001985E-9,23.20000076,
,,,154.40001278E-9,-199.99998808E-3,,,,,154.40001278E-9,1.000000,,,,,154.40001278E-9,23.60000038,
,,,154.80001991E-9,-199.99998808E-3,,,,,154.80001991E-9,799.999952316E-3,,,,,154.80001991E-9,23.60000038,
,,,155.20001284E-9,-159.99999642E-3,,,,,155.20001284E-9,639.999985695E-3,,,,,155.20001284E-9,23.60000038,
,,,155.60001998E-9,-119.9999973E-3,,,,,155.60001998E-9,479.999989271E-3,,,,,155.60001998E-9,24.00000000,
,,,156.00001291E-9,-79.999998212E-3,,,,,156.00001291E-9,399.99997616E-3,,,,,156.00001291E-9,24.39999962,
,,,156.40002005E-9,-79.999998212E-3,,,,,156.40002005E-9,359.99998450E-3,,,,,156.40002005E-9,24.80000114,
,,,156.80001297E-9,-79.999998212E-3,,,,,156.80001297E-9,399.99997616E-3,,,,,156.80001297E-9,25.20000076,
,,,157.20002011E-9,-79.999998212E-3,,,,,157.20002011E-9,439.999997616E-3,,,,,157.20002011E-9,26.00000000,
,,,157.60001304E-9,-39.99999911E-3,,,,,157.60001304E-9,519.999980927E-3,,,,,157.60001304E-9,26.39999962,
,,,158.00002018E-9,0.0,,,,,158.00002018E-9,599.999964237E-3,,,,,158.00002018E-9,26.80000114,
,,,158.40001311E-9,0.0,,,,,158.40001311E-9,639.999985695E-3,,,,,158.40001311E-9,27.20000076,
,,,158.80002024E-9,39.99999911E-3,,,,,158.80002024E-9,639.999985695E-3,,,,,158.80002024E-9,27.60000038,
,,,159.20001317E-9,39.99999911E-3,,,,,159.20001317E-9,680.000007153E-3,,,,,159.20001317E-9,28.00000000,
,,,159.60002031E-9,39.99999911E-3,,,,,159.60002031E-9,639.999985695E-3,,,,,159.60002031E-9,28.39999962,
,,,160.00001324E-9,39.99999911E-3,,,,,160.00001324E-9,639.999985695E-3,,,,,160.00001324E-9,28.80000114,
,,,160.40002038E-9,39.99999911E-3,,,,,160.40002038E-9,560.000002384E-3,,,,,160.40002038E-9,28.80000114,
,,,160.80001330E-9,39.99999911E-3,,,,,160.80001330E-9,519.999980927E-3,,,,,160.80001330E-9,28.39999962,
,,,161.20002044E-9,79.999998212E-3,,,,,161.20002044E-9,479.999989271E-3,,,,,161.20002044E-9,28.00000000,
,,,161.60001337E-9,119.9999973E-3,,,,,161.60001337E-9,479.999989271E-3,,,,,161.60001337E-9,27.60000038,
,,,162.00002051E-9,159.99999642E-3,,,,,162.00002051E-9,519.999980927E-3,,,,,162.00002051E-9,26.80000114,
,,,162.40001344E-9,159.99999642E-3,,,,,162.40001344E-9,519.999980927E-3,,,,,162.40001344E-9,26.00000000,
,,,162.80002058E-9,159.99999642E-3,,,,,162.80002058E-9,560.000002384E-3,,,,,162.80002058E-9,25.60000038,
,,,163.20001350E-9,119.9999973E-3,,,,,163.20001350E-9,599.999964237E-3,,,,,163.20001350E-9,25.20000076,
,,,163.60002064E-9,119.9999973E-3,,,,,163.60002064E-9,599.999964237E-3,,,,,163.60002064E-9,25.20000076,
,,,164.00001357E-9,119.9999973E-3,,,,,164.00001357E-9,680.000007153E-3,,,,,164.00001357E-9,24.80000114,
,,,164.40002071E-9,79.999998212E-3,,,,,164.40002071E-9,759.999990463E-3,,,,,164.40002071E-9,24.00000000,
,,,164.80001364E-9,79.999998212E-3,,,,,164.80001364E-9,879.999995232E-3,,,,,164.80001364E-9,23.60000038,
,,,165.20002077E-9,39.99999911E-3,,,,,165.20002077E-9,1.000000,,,,,165.20002077E-9,23.20000076,
,,,165.60001370E-9,39.99999911E-3,,,,,165.60001370E-9,1.1600000,,,,,165.60001370E-9,22.80000114,
,,,166.00002084E-9,79.999998212E-3,,,,,166.00002084E-9,1.2400000,,,,,166.00002084E-9,22.39999962,
,,,166.40001377E-9,119.9999973E-3,,,,,166.40001377E-9,1.1999999,,,,,166.40001377E-9,21.60000038,
,,,166.80002091E-9,159.99999642E-3,,,,,166.80002091E-9,1.1200000,,,,,166.80002091E-9,21.20000076,
,,,167.20001383E-9,199.99998808E-3,,,,,167.20001383E-9,1.0400000,,,,,167.20001383E-9,20.80000114,
,,,167.60002097E-9,280.00000119E-3,,,,,167.60002097E-9,959.999978542E-3,,,,,167.60002097E-9,20.0000000,
,,,168.00001390E-9,319.99999285E-3,,,,,168.00001390E-9,919.999957085E-3,,,,,168.00001390E-9,19.6000004,
,,,168.40002104E-9,280.00000119E-3,,,,,168.40002104E-9,879.999995232E-3,,,,,168.40002104E-9,18.8000011,
,,,168.80001397E-9,239.99999464E-3,,,,,168.80001397E-9,919.999957085E-3,,,,,168.80001397E-9,18.3999996,
,,,169.20002111E-9,199.99998808E-3,,,,,169.20002111E-9,879.999995232E-3,,,,,169.20002111E-9,18.3999996,
,,,169.60001403E-9,119.9999973E-3,,,,,169.60001403E-9,839.999973774E-3,,,,,169.60001403E-9,18.3999996,
,,,170.00002117E-9,39.99999911E-3,,,,,170.00002117E-9,839.999973774E-3,,,,,170.00002117E-9,19.2000008,
,,,170.40001410E-9,-39.99999911E-3,,,,,170.40001410E-9,839.999973774E-3,,,,,170.40001410E-9,19.6000004,
,,,170.80002124E-9,-79.999998212E-3,,,,,170.80002124E-9,839.999973774E-3,,,,,170.80002124E-9,20.39999962,
,,,171.20001417E-9,-79.999998212E-3,,,,,171.20001417E-9,879.999995232E-3,,,,,171.20001417E-9,21.20000076,
,,,171.60002130E-9,-79.999998212E-3,,,,,171.60002130E-9,879.999995232E-3,,,,,171.60002130E-9,22.00000000,
,,,172.00001423E-9,-39.99999911E-3,,,,,172.00001423E-9,839.999973774E-3,,,,,172.00001423E-9,22.80000114,
,,,172.40002137E-9,0.0,,,,,172.40002137E-9,719.999969006E-3,,,,,172.40002137E-9,23.60000038,
,,,172.80001430E-9,39.99999911E-3,,,,,172.80001430E-9,599.999964237E-3,,,,,172.80001430E-9,24.39999962,
,,,173.20002144E-9,79.999998212E-3,,,,,173.20002144E-9,519.999980927E-3,,,,,173.20002144E-9,25.20000076,
,,,173.60001436E-9,119.9999973E-3,,,,,173.60001436E-9,439.999997616E-3,,,,,173.60001436E-9,26.00000000,
,,,174.00002150E-9,119.9999973E-3,,,,,174.00002150E-9,399.99997616E-3,,,,,174.00002150E-9,26.80000114,
,,,174.40001443E-9,39.99999911E-3,,,,,174.40001443E-9,359.99998450E-3,,,,,174.40001443E-9,27.60000038,
,,,174.80002157E-9,-39.99999911E-3,,,,,174.80002157E-9,359.99998450E-3,,,,,174.80002157E-9,28.39999962,
,,,175.20001450E-9,-79.999998212E-3,,,,,175.20001450E-9,319.99999285E-3,,,,,175.20001450E-9,28.80000114,
,,,175.60002163E-9,-79.999998212E-3,,,,,175.60002163E-9,319.99999285E-3,,,,,175.60002163E-9,29.20000076,
,,,176.00001456E-9,-79.999998212E-3,,,,,176.00001456E-9,359.99998450E-3,,,,,176.00001456E-9,29.20000076,
,,,176.40002170E-9,-79.999998212E-3,,,,,176.40002170E-9,399.99997616E-3,,,,,176.40002170E-9,29.60000038,
,,,176.80001463E-9,0.0,,,,,176.80001463E-9,479.999989271E-3,,,,,176.80001463E-9,30.39999962,
,,,177.20002177E-9,79.999998212E-3,,,,,177.20002177E-9,599.999964237E-3,,,,,177.20002177E-9,31.20000076,
,,,177.60001469E-9,119.9999973E-3,,,,,177.60001469E-9,759.999990463E-3,,,,,177.60001469E-9,31.60000038,
,,,178.00002183E-9,199.99998808E-3,,,,,178.00002183E-9,919.999957085E-3,,,,,178.00002183E-9,31.60000038,
,,,178.40001476E-9,199.99998808E-3,,,,,178.40001476E-9,1.000000,,,,,178.40001476E-9,31.20000076,
,,,178.80002190E-9,199.99998808E-3,,,,,178.80002190E-9,1.0799999,,,,,178.80002190E-9,30.39999962,
,,,179.20001483E-9,159.99999642E-3,,,,,179.20001483E-9,1.1200000,,,,,179.20001483E-9,29.60000038,
,,,179.60002197E-9,159.99999642E-3,,,,,179.60002197E-9,1.0400000,,,,,179.60002197E-9,28.39999962,
,,,180.00001489E-9,159.99999642E-3,,,,,180.00001489E-9,1.000000,,,,,180.00001489E-9,27.20000076,
,,,180.40002203E-9,199.99998808E-3,,,,,180.40002203E-9,879.999995232E-3,,,,,180.40002203E-9,26.39999962,
,,,180.80001496E-9,239.99999464E-3,,,,,180.80001496E-9,799.999952316E-3,,,,,180.80001496E-9,25.20000076,
,,,181.20002210E-9,280.00000119E-3,,,,,181.20002210E-9,799.999952316E-3,,,,,181.20002210E-9,24.80000114,
,,,181.60001503E-9,280.00000119E-3,,,,,181.60001503E-9,879.999995232E-3,,,,,181.60001503E-9,23.60000038,
,,,182.00002216E-9,239.99999464E-3,,,,,182.00002216E-9,1.000000,,,,,182.00002216E-9,22.39999962,
,,,182.40001509E-9,159.99999642E-3,,,,,182.40001509E-9,1.0799999,,,,,182.40001509E-9,22.00000000,
,,,182.80002223E-9,39.99999911E-3,,,,,182.80002223E-9,1.1600000,,,,,182.80002223E-9,21.60000038,
,,,183.20001516E-9,-79.999998212E-3,,,,,183.20001516E-9,1.0799999,,,,,183.20001516E-9,21.60000038,
,,,183.60002230E-9,-159.99999642E-3,,,,,183.60002230E-9,919.999957085E-3,,,,,183.60002230E-9,21.60000038,
,,,184.00001522E-9,-239.99999464E-3,,,,,184.00001522E-9,759.999990463E-3,,,,,184.00001522E-9,21.60000038,
,,,184.40002236E-9,-319.99999285E-3,,,,,184.40002236E-9,599.999964237E-3,,,,,184.40002236E-9,22.00000000,
,,,184.80001529E-9,-359.99998450E-3,,,,,184.80001529E-9,519.999980927E-3,,,,,184.80001529E-9,22.00000000,
,,,185.20002243E-9,-359.99998450E-3,,,,,185.20002243E-9,519.999980927E-3,,,,,185.20002243E-9,21.60000038,
,,,185.60001536E-9,-319.99999285E-3,,,,,185.60001536E-9,560.000002384E-3,,,,,185.60001536E-9,21.60000038,
,,,186.00002250E-9,-239.99999464E-3,,,,,186.00002250E-9,599.999964237E-3,,,,,186.00002250E-9,21.20000076,
,,,186.40001542E-9,-119.9999973E-3,,,,,186.40001542E-9,560.000002384E-3,,,,,186.40001542E-9,21.20000076,
,,,186.80002256E-9,39.99999911E-3,,,,,186.80002256E-9,560.000002384E-3,,,,,186.80002256E-9,21.60000038,
,,,187.20001549E-9,159.99999642E-3,,,,,187.20001549E-9,560.000002384E-3,,,,,187.20001549E-9,22.00000000,
,,,187.60002263E-9,239.99999464E-3,,,,,187.60002263E-9,560.000002384E-3,,,,,187.60002263E-9,22.00000000,
,,,188.00001556E-9,319.99999285E-3,,,,,188.00001556E-9,599.999964237E-3,,,,,188.00001556E-9,22.39999962,
,,,188.40002269E-9,319.99999285E-3,,,,,188.40002269E-9,639.999985695E-3,,,,,188.40002269E-9,22.80000114,
,,,188.80001562E-9,359.99998450E-3,,,,,188.80001562E-9,719.999969006E-3,,,,,188.80001562E-9,23.20000076,
,,,189.20002276E-9,359.99998450E-3,,,,,189.20002276E-9,799.999952316E-3,,,,,189.20002276E-9,23.60000038,
,,,189.60001569E-9,359.99998450E-3,,,,,189.60001569E-9,879.999995232E-3,,,,,189.60001569E-9,24.39999962,
,,,190.00002283E-9,359.99998450E-3,,,,,190.00002283E-9,1.000000,,,,,190.00002283E-9,24.80000114,
,,,190.40001575E-9,319.99999285E-3,,,,,190.40001575E-9,1.0799999,,,,,190.40001575E-9,25.60000038,
,,,190.80002289E-9,319.99999285E-3,,,,,190.80002289E-9,1.1600000,,,,,190.80002289E-9,26.00000000,
,,,191.20001582E-9,280.00000119E-3,,,,,191.20001582E-9,1.1600000,,,,,191.20001582E-9,26.39999962,
,,,191.60002296E-9,239.99999464E-3,,,,,191.60002296E-9,1.1200000,,,,,191.60002296E-9,26.80000114,
,,,192.00001589E-9,199.99998808E-3,,,,,192.00001589E-9,1.0400000,,,,,192.00001589E-9,27.20000076,
,,,192.40002302E-9,199.99998808E-3,,,,,192.40002302E-9,919.999957085E-3,,,,,192.40002302E-9,27.20000076,
,,,192.80001595E-9,239.99999464E-3,,,,,192.80001595E-9,799.999952316E-3,,,,,192.80001595E-9,27.60000038,
,,,193.20002309E-9,199.99998808E-3,,,,,193.20002309E-9,719.999969006E-3,,,,,193.20002309E-9,27.60000038,
,,,193.60001602E-9,159.99999642E-3,,,,,193.60001602E-9,639.999985695E-3,,,,,193.60001602E-9,27.60000038,
,,,194.00002316E-9,79.999998212E-3,,,,,194.00002316E-9,599.999964237E-3,,,,,194.00002316E-9,27.60000038,
,,,194.40001608E-9,-119.9999973E-3,,,,,194.40001608E-9,519.999980927E-3,,,,,194.40001608E-9,28.00000000,
,,,194.80002322E-9,-280.00000119E-3,,,,,194.80002322E-9,439.999997616E-3,,,,,194.80002322E-9,28.00000000,
,,,195.20001615E-9,-439.999997616E-3,,,,,195.20001615E-9,399.99997616E-3,,,,,195.20001615E-9,28.39999962,
,,,195.60002329E-9,-560.000002384E-3,,,,,195.60002329E-9,319.99999285E-3,,,,,195.60002329E-9,28.80000114,
,,,196.00001622E-9,-599.999964237E-3,,,,,196.00001622E-9,319.99999285E-3,,,,,196.00001622E-9,29.20000076,
,,,196.40002336E-9,-599.999964237E-3,,,,,196.40002336E-9,319.99999285E-3,,,,,196.40002336E-9,29.20000076,
,,,196.80001628E-9,-560.000002384E-3,,,,,196.80001628E-9,319.99999285E-3,,,,,196.80001628E-9,29.20000076,
,,,197.20002342E-9,-439.999997616E-3,,,,,197.20002342E-9,359.99998450E-3,,,,,197.20002342E-9,29.20000076,
,,,197.60001635E-9,-319.99999285E-3,,,,,197.60001635E-9,439.999997616E-3,,,,,197.60001635E-9,29.20000076,
,,,198.00002349E-9,-159.99999642E-3,,,,,198.00002349E-9,519.999980927E-3,,,,,198.00002349E-9,29.20000076,
,,,198.40001642E-9,-79.999998212E-3,,,,,198.40001642E-9,599.999964237E-3,,,,,198.40001642E-9,28.80000114,
,,,198.80002355E-9,39.99999911E-3,,,,,198.80002355E-9,719.999969006E-3,,,,,198.80002355E-9,28.00000000,
,,,199.20001648E-9,159.99999642E-3,,,,,199.20001648E-9,839.999973774E-3,,,,,199.20001648E-9,27.20000076,
,,,199.60002362E-9,319.99999285E-3,,,,,199.60002362E-9,879.999995232E-3,,,,,199.60002362E-9,26.00000000,
,,,200.00001655E-9,479.999989271E-3,,,,,200.00001655E-9,959.999978542E-3,,,,,200.00001655E-9,25.60000038,
,,,200.40002369E-9,599.999964237E-3,,,,,200.40002369E-9,1.000000,,,,,200.40002369E-9,24.80000114,
,,,200.80001661E-9,719.999969006E-3,,,,,200.80001661E-9,1.0799999,,,,,200.80001661E-9,24.39999962,
,,,201.20002375E-9,799.999952316E-3,,,,,201.20002375E-9,1.1600000,,,,,201.20002375E-9,24.39999962,
,,,201.60001668E-9,839.999973774E-3,,,,,201.60001668E-9,1.2400000,,,,,201.60001668E-9,24.39999962,
,,,202.00002382E-9,879.999995232E-3,,,,,202.00002382E-9,1.3600000,,,,,202.00002382E-9,24.80000114,
,,,202.40001675E-9,879.999995232E-3,,,,,202.40001675E-9,1.4399999,,,,,202.40001675E-9,24.80000114,
,,,202.80002389E-9,839.999973774E-3,,,,,202.80002389E-9,1.4800000,,,,,202.80002389E-9,24.80000114,
,,,203.20001681E-9,719.999969006E-3,,,,,203.20001681E-9,1.4399999,,,,,203.20001681E-9,25.20000076,
,,,203.60002395E-9,560.000002384E-3,,,,,203.60002395E-9,1.3199999,,,,,203.60002395E-9,25.20000076,
,,,204.00001688E-9,359.99998450E-3,,,,,204.00001688E-9,1.1600000,,,,,204.00001688E-9,25.20000076,
,,,204.40002402E-9,159.99999642E-3,,,,,204.40002402E-9,959.999978542E-3,,,,,204.40002402E-9,25.20000076,
,,,204.80001695E-9,-39.99999911E-3,,,,,204.80001695E-9,759.999990463E-3,,,,,204.80001695E-9,24.80000114,
,,,205.20002408E-9,-119.9999973E-3,,,,,205.20002408E-9,560.000002384E-3,,,,,205.20002408E-9,24.39999962,
,,,205.60001701E-9,-199.99998808E-3,,,,,205.60001701E-9,399.99997616E-3,,,,,205.60001701E-9,24.00000000,
,,,206.00002415E-9,-199.99998808E-3,,,,,206.00002415E-9,280.00000119E-3,,,,,206.00002415E-9,24.00000000,
,,,206.40001708E-9,-239.99999464E-3,,,,,206.40001708E-9,119.9999973E-3,,,,,206.40001708E-9,24.00000000,
,,,206.80002422E-9,-239.99999464E-3,,,,,206.80002422E-9,-39.99999911E-3,,,,,206.80002422E-9,24.39999962,
,,,207.20001714E-9,-280.00000119E-3,,,,,207.20001714E-9,-159.99999642E-3,,,,,207.20001714E-9,24.80000114,
,,,207.60002428E-9,-319.99999285E-3,,,,,207.60002428E-9,-199.99998808E-3,,,,,207.60002428E-9,25.20000076,
,,,208.00001721E-9,-319.99999285E-3,,,,,208.00001721E-9,-159.99999642E-3,,,,,208.00001721E-9,25.60000038,
,,,208.40002435E-9,-359.99998450E-3,,,,,208.40002435E-9,-39.99999911E-3,,,,,208.40002435E-9,26.00000000,
,,,208.80001728E-9,-359.99998450E-3,,,,,208.80001728E-9,119.9999973E-3,,,,,208.80001728E-9,26.39999962,
,,,209.20002441E-9,-359.99998450E-3,,,,,209.20002441E-9,319.99999285E-3,,,,,209.20002441E-9,26.80000114,
,,,209.60001734E-9,-319.99999285E-3,,,,,209.60001734E-9,560.000002384E-3,,,,,209.60001734E-9,27.20000076,
,,,210.00002448E-9,-239.99999464E-3,,,,,210.00002448E-9,759.999990463E-3,,,,,210.00002448E-9,27.60000038,
,,,210.40001741E-9,-159.99999642E-3,,,,,210.40001741E-9,879.999995232E-3,,,,,210.40001741E-9,27.60000038,
,,,210.80001034E-9,0.0,,,,,210.80001034E-9,959.999978542E-3,,,,,210.80001034E-9,27.20000076,
,,,211.20001747E-9,159.99999642E-3,,,,,211.20001747E-9,1.000000,,,,,211.20001747E-9,27.20000076,
,,,211.60001040E-9,319.99999285E-3,,,,,211.60001040E-9,1.0400000,,,,,211.60001040E-9,27.20000076,
,,,212.00001754E-9,519.999980927E-3,,,,,212.00001754E-9,1.0799999,,,,,212.00001754E-9,27.20000076,
,,,212.40001047E-9,639.999985695E-3,,,,,212.40001047E-9,1.0799999,,,,,212.40001047E-9,27.20000076,
,,,212.80001761E-9,719.999969006E-3,,,,,212.80001761E-9,1.1200000,,,,,212.80001761E-9,27.60000038,
,,,213.20001053E-9,759.999990463E-3,,,,,213.20001053E-9,1.1600000,,,,,213.20001053E-9,28.00000000,
,,,213.60001767E-9,680.000007153E-3,,,,,213.60001767E-9,1.1999999,,,,,213.60001767E-9,28.00000000,
,,,214.00001060E-9,599.999964237E-3,,,,,214.00001060E-9,1.2400000,,,,,214.00001060E-9,28.39999962,
,,,214.40001774E-9,439.999997616E-3,,,,,214.40001774E-9,1.2800000,,,,,214.40001774E-9,28.80000114,
,,,214.80001067E-9,319.99999285E-3,,,,,214.80001067E-9,1.2800000,,,,,214.80001067E-9,29.20000076,
,,,215.20001781E-9,159.99999642E-3,,,,,215.20001781E-9,1.2400000,,,,,215.20001781E-9,29.60000038,
,,,215.60001073E-9,0.0,,,,,215.60001073E-9,1.1600000,,,,,215.60001073E-9,30.00000000,
,,,216.00001787E-9,-119.9999973E-3,,,,,216.00001787E-9,1.0400000,,,,,216.00001787E-9,30.39999962,
,,,216.40001080E-9,-239.99999464E-3,,,,,216.40001080E-9,799.999952316E-3,,,,,216.40001080E-9,30.39999962,
,,,216.80001794E-9,-359.99998450E-3,,,,,216.80001794E-9,519.999980927E-3,,,,,216.80001794E-9,30.00000000,
,,,217.20001087E-9,-399.99997616E-3,,,,,217.20001087E-9,280.00000119E-3,,,,,217.20001087E-9,29.60000038,
,,,217.60001800E-9,-399.99997616E-3,,,,,217.60001800E-9,79.999998212E-3,,,,,217.60001800E-9,28.80000114,
,,,218.00001093E-9,-399.99997616E-3,,,,,218.00001093E-9,0.0,,,,,218.00001093E-9,28.39999962,
,,,218.40001807E-9,-399.99997616E-3,,,,,218.40001807E-9,39.99999911E-3,,,,,218.40001807E-9,27.60000038,
,,,218.80001100E-9,-399.99997616E-3,,,,,218.80001100E-9,159.99999642E-3,,,,,218.80001100E-9,27.20000076,
,,,219.20001814E-9,-359.99998450E-3,,,,,219.20001814E-9,280.00000119E-3,,,,,219.20001814E-9,26.80000114,
,,,219.60001106E-9,-280.00000119E-3,,,,,219.60001106E-9,359.99998450E-3,,,,,219.60001106E-9,26.80000114,
,,,220.00001820E-9,-199.99998808E-3,,,,,220.00001820E-9,399.99997616E-3,,,,,220.00001820E-9,26.39999962,
,,,220.40001113E-9,-159.99999642E-3,,,,,220.40001113E-9,359.99998450E-3,,,,,220.40001113E-9,26.39999962,
,,,220.80001827E-9,-119.9999973E-3,,,,,220.80001827E-9,319.99999285E-3,,,,,220.80001827E-9,26.39999962,
,,,221.20001120E-9,-79.999998212E-3,,,,,221.20001120E-9,399.99997616E-3,,,,,221.20001120E-9,26.80000114,
,,,221.60001834E-9,0.0,,,,,221.60001834E-9,599.999964237E-3,,,,,221.60001834E-9,26.80000114,
,,,222.00001126E-9,119.9999973E-3,,,,,222.00001126E-9,839.999973774E-3,,,,,222.00001126E-9,27.20000076,
,,,222.40001840E-9,239.99999464E-3,,,,,222.40001840E-9,1.0799999,,,,,222.40001840E-9,27.60000038,
,,,222.80001133E-9,359.99998450E-3,,,,,222.80001133E-9,1.3199999,,,,,222.80001133E-9,27.60000038,
,,,223.20001847E-9,479.999989271E-3,,,,,223.20001847E-9,1.4800000,,,,,223.20001847E-9,27.60000038,
,,,223.60001140E-9,599.999964237E-3,,,,,223.60001140E-9,1.4800000,,,,,223.60001140E-9,27.60000038,
,,,224.00001853E-9,680.000007153E-3,,,,,224.00001853E-9,1.4800000,,,,,224.00001853E-9,27.20000076,
,,,224.40001146E-9,719.999969006E-3,,,,,224.40001146E-9,1.4000000,,,,,224.40001146E-9,26.80000114,
,,,224.80001860E-9,719.999969006E-3,,,,,224.80001860E-9,1.3199999,,,,,224.80001860E-9,26.80000114,
,,,225.20001153E-9,680.000007153E-3,,,,,225.20001153E-9,1.2400000,,,,,225.20001153E-9,26.39999962,
,,,225.60001867E-9,560.000002384E-3,,,,,225.60001867E-9,1.1600000,,,,,225.60001867E-9,26.00000000,
,,,226.00001159E-9,439.999997616E-3,,,,,226.00001159E-9,1.1200000,,,,,226.00001159E-9,25.60000038,
,,,226.40001873E-9,280.00000119E-3,,,,,226.40001873E-9,1.0400000,,,,,226.40001873E-9,25.60000038,
,,,226.80001166E-9,119.9999973E-3,,,,,226.80001166E-9,959.999978542E-3,,,,,226.80001166E-9,25.60000038,
,,,227.20001880E-9,0.0,,,,,227.20001880E-9,879.999995232E-3,,,,,227.20001880E-9,26.00000000,
,,,227.60001173E-9,-159.99999642E-3,,,,,227.60001173E-9,759.999990463E-3,,,,,227.60001173E-9,26.39999962,
,,,228.00001886E-9,-239.99999464E-3,,,,,228.00001886E-9,680.000007153E-3,,,,,228.00001886E-9,27.20000076,
,,,228.40001179E-9,-319.99999285E-3,,,,,228.40001179E-9,519.999980927E-3,,,,,228.40001179E-9,27.60000038,
,,,228.80001893E-9,-399.99997616E-3,,,,,228.80001893E-9,359.99998450E-3,,,,,228.80001893E-9,28.00000000,
,,,229.20001186E-9,-439.999997616E-3,,,,,229.20001186E-9,239.99999464E-3,,,,,229.20001186E-9,28.00000000,
,,,229.60001900E-9,-439.999997616E-3,,,,,229.60001900E-9,79.999998212E-3,,,,,229.60001900E-9,27.60000038,
,,,230.00001192E-9,-399.99997616E-3,,,,,230.00001192E-9,0.0,,,,,230.00001192E-9,27.60000038,
,,,230.40001906E-9,-359.99998450E-3,,,,,230.40001906E-9,0.0,,,,,230.40001906E-9,27.60000038,
,,,230.80001199E-9,-280.00000119E-3,,,,,230.80001199E-9,79.999998212E-3,,,,,230.80001199E-9,27.20000076,
,,,231.20001913E-9,-159.99999642E-3,,,,,231.20001913E-9,199.99998808E-3,,,,,231.20001913E-9,27.20000076,
,,,231.60001206E-9,-79.999998212E-3,,,,,231.60001206E-9,280.00000119E-3,,,,,231.60001206E-9,26.80000114,
,,,232.00001920E-9,0.0,,,,,232.00001920E-9,359.99998450E-3,,,,,232.00001920E-9,26.80000114,
,,,232.40001212E-9,0.0,,,,,232.40001212E-9,319.99999285E-3,,,,,232.40001212E-9,27.20000076,
,,,232.80001926E-9,0.0,,,,,232.80001926E-9,319.99999285E-3,,,,,232.80001926E-9,27.60000038,
,,,233.20001219E-9,39.99999911E-3,,,,,233.20001219E-9,359.99998450E-3,,,,,233.20001219E-9,28.39999962,
,,,233.60001933E-9,119.9999973E-3,,,,,233.60001933E-9,479.999989271E-3,,,,,233.60001933E-9,29.20000076,
,,,234.00001226E-9,199.99998808E-3,,,,,234.00001226E-9,639.999985695E-3,,,,,234.00001226E-9,30.39999962,
,,,234.40001939E-9,280.00000119E-3,,,,,234.40001939E-9,839.999973774E-3,,,,,234.40001939E-9,31.20000076,
,,,234.80001232E-9,359.99998450E-3,,,,,234.80001232E-9,1.0400000,,,,,234.80001232E-9,32.00000000,
,,,235.20001946E-9,399.99997616E-3,,,,,235.20001946E-9,1.1999999,,,,,235.20001946E-9,32.40000153,
,,,235.60001239E-9,399.99997616E-3,,,,,235.60001239E-9,1.2400000,,,,,235.60001239E-9,32.40000153,
,,,236.00001953E-9,399.99997616E-3,,,,,236.00001953E-9,1.2400000,,,,,236.00001953E-9,32.40000153,
,,,236.40001245E-9,399.99997616E-3,,,,,236.40001245E-9,1.1600000,,,,,236.40001245E-9,31.60000038,
,,,236.80001959E-9,439.999997616E-3,,,,,236.80001959E-9,1.0799999,,,,,236.80001959E-9,31.20000076,
,,,237.20001252E-9,479.999989271E-3,,,,,237.20001252E-9,1.0799999,,,,,237.20001252E-9,30.80000114,
,,,237.60001966E-9,560.000002384E-3,,,,,237.60001966E-9,1.0799999,,,,,237.60001966E-9,30.00000000,
,,,238.00001259E-9,599.999964237E-3,,,,,238.00001259E-9,1.1600000,,,,,238.00001259E-9,29.20000076,
,,,238.40001973E-9,560.000002384E-3,,,,,238.40001973E-9,1.2800000,,,,,238.40001973E-9,28.39999962,
,,,238.80002686E-9,519.999980927E-3,,,,,238.80002686E-9,1.3600000,,,,,238.80002686E-9,27.60000038,
,,,239.20000558E-9,399.99997616E-3,,,,,239.20000558E-9,1.3600000,,,,,239.20000558E-9,26.80000114,
,,,239.60001272E-9,239.99999464E-3,,,,,239.60001272E-9,1.2800000,,,,,239.60001272E-9,26.80000114,
,,,240.00001986E-9,79.999998212E-3,,,,,240.00001986E-9,1.1600000,,,,,240.00001986E-9,27.20000076,
,,,240.40002700E-9,-119.9999973E-3,,,,,240.40002700E-9,959.999978542E-3,,,,,240.40002700E-9,27.20000076,
,,,240.80000571E-9,-280.00000119E-3,,,,,240.80000571E-9,799.999952316E-3,,,,,240.80000571E-9,27.20000076,
,,,241.20001285E-9,-399.99997616E-3,,,,,241.20001285E-9,680.000007153E-3,,,,,241.20001285E-9,26.80000114,
,,,241.60001999E-9,-479.999989271E-3,,,,,241.60001999E-9,599.999964237E-3,,,,,241.60001999E-9,26.39999962,
,,,242.00002713E-9,-479.999989271E-3,,,,,242.00002713E-9,599.999964237E-3,,,,,242.00002713E-9,26.00000000,
,,,242.40000585E-9,-439.999997616E-3,,,,,242.40000585E-9,560.000002384E-3,,,,,242.40000585E-9,25.20000076,
,,,242.80001298E-9,-359.99998450E-3,,,,,242.80001298E-9,560.000002384E-3,,,,,242.80001298E-9,25.20000076,
,,,243.20002012E-9,-239.99999464E-3,,,,,243.20002012E-9,519.999980927E-3,,,,,243.20002012E-9,24.80000114,
,,,243.60002726E-9,-159.99999642E-3,,,,,243.60002726E-9,479.999989271E-3,,,,,243.60002726E-9,24.39999962,
,,,244.00000598E-9,-39.99999911E-3,,,,,244.00000598E-9,439.999997616E-3,,,,,244.00000598E-9,24.80000114,
,,,244.40001312E-9,0.0,,,,,244.40001312E-9,359.99998450E-3,,,,,244.40001312E-9,24.80000114,
,,,244.80002025E-9,39.99999911E-3,,,,,244.80002025E-9,280.00000119E-3,,,,,244.80002025E-9,25.20000076,
,,,245.20002739E-9,39.99999911E-3,,,,,245.20002739E-9,280.00000119E-3,,,,,245.20002739E-9,25.60000038,
,,,245.60000611E-9,0.0,,,,,245.60000611E-9,359.99998450E-3,,,,,245.60000611E-9,26.00000000,
,,,246.00001325E-9,0.0,,,,,246.00001325E-9,479.999989271E-3,,,,,246.00001325E-9,26.80000114,
,,,246.40002039E-9,0.0,,,,,246.40002039E-9,680.000007153E-3,,,,,246.40002039E-9,27.20000076,
,,,246.80002753E-9,0.0,,,,,246.80002753E-9,879.999995232E-3,,,,,246.80002753E-9,27.60000038,
,,,247.20000624E-9,39.99999911E-3,,,,,247.20000624E-9,1.000000,,,,,247.20000624E-9,28.00000000,
,,,247.60001338E-9,119.9999973E-3,,,,,247.60001338E-9,1.000000,,,,,247.60001338E-9,28.39999962,
,,,248.00002052E-9,199.99998808E-3,,,,,248.00002052E-9,1.000000,,,,,248.00002052E-9,28.80000114,
,,,248.40002766E-9,239.99999464E-3,,,,,248.40002766E-9,879.999995232E-3,,,,,248.40002766E-9,29.20000076,
,,,248.80000637E-9,319.99999285E-3,,,,,248.80000637E-9,759.999990463E-3,,,,,248.80000637E-9,29.60000038,
,,,249.20001351E-9,359.99998450E-3,,,,,249.20001351E-9,719.999969006E-3,,,,,249.20001351E-9,29.60000038,
,,,249.60002065E-9,439.999997616E-3,,,,,249.60002065E-9,759.999990463E-3,,,,,249.60002065E-9,29.60000038,
,,,250.00002779E-9,439.999997616E-3,,,,,250.00002779E-9,879.999995232E-3,,,,,250.00002779E-9,29.60000038,
,,,250.40000651E-9,359.99998450E-3,,,,,250.40000651E-9,919.999957085E-3,,,,,250.40000651E-9,29.60000038,
,,,250.80001365E-9,239.99999464E-3,,,,,250.80001365E-9,1.000000,,,,,250.80001365E-9,30.00000000,
,,,251.20002078E-9,119.9999973E-3,,,,,251.20002078E-9,959.999978542E-3,,,,,251.20002078E-9,30.39999962,
,,,251.60002792E-9,0.0,,,,,251.60002792E-9,839.999973774E-3,,,,,251.60002792E-9,30.80000114,
,,,252.00000664E-9,-119.9999973E-3,,,,,252.00000664E-9,759.999990463E-3,,,,,252.00000664E-9,30.80000114,
,,,252.40001378E-9,-199.99998808E-3,,,,,252.40001378E-9,680.000007153E-3,,,,,252.40001378E-9,31.20000076,
,,,252.80002092E-9,-239.99999464E-3,,,,,252.80002092E-9,599.999964237E-3,,,,,252.80002092E-9,31.20000076,
,,,253.20002806E-9,-280.00000119E-3,,,,,253.20002806E-9,560.000002384E-3,,,,,253.20002806E-9,31.20000076,
,,,253.60000677E-9,-280.00000119E-3,,,,,253.60000677E-9,479.999989271E-3,,,,,253.60000677E-9,31.20000076,
,,,254.00001391E-9,-280.00000119E-3,,,,,254.00001391E-9,439.999997616E-3,,,,,254.00001391E-9,31.20000076,
,,,254.40002105E-9,-319.99999285E-3,,,,,254.40002105E-9,319.99999285E-3,,,,,254.40002105E-9,31.20000076,
,,,254.80002819E-9,-359.99998450E-3,,,,,254.80002819E-9,239.99999464E-3,,,,,254.80002819E-9,31.20000076,
,,,255.20000690E-9,-359.99998450E-3,,,,,255.20000690E-9,280.00000119E-3,,,,,255.20000690E-9,30.80000114,
,,,255.60001404E-9,-359.99998450E-3,,,,,255.60001404E-9,439.999997616E-3,,,,,255.60001404E-9,30.00000000,
,,,256.00002118E-9,-280.00000119E-3,,,,,256.00002118E-9,639.999985695E-3,,,,,256.00002118E-9,29.20000076,
,,,256.40002832E-9,-199.99998808E-3,,,,,256.40002832E-9,759.999990463E-3,,,,,256.40002832E-9,28.39999962,
,,,256.80000704E-9,-119.9999973E-3,,,,,256.80000704E-9,879.999995232E-3,,,,,256.80000704E-9,27.60000038,
,,,257.20001418E-9,0.0,,,,,257.20001418E-9,879.999995232E-3,,,,,257.20001418E-9,27.20000076,
,,,257.60002131E-9,119.9999973E-3,,,,,257.60002131E-9,839.999973774E-3,,,,,257.60002131E-9,26.80000114,
,,,258.00002845E-9,239.99999464E-3,,,,,258.00002845E-9,839.999973774E-3,,,,,258.00002845E-9,26.39999962,
,,,258.40000717E-9,359.99998450E-3,,,,,258.40000717E-9,919.999957085E-3,,,,,258.40000717E-9,26.39999962,
,,,258.80001431E-9,439.999997616E-3,,,,,258.80001431E-9,1.0799999,,,,,258.80001431E-9,26.39999962,
,,,259.20002145E-9,519.999980927E-3,,,,,259.20002145E-9,1.3199999,,,,,259.20002145E-9,26.80000114,
,,,259.60002858E-9,560.000002384E-3,,,,,259.60002858E-9,1.5200000,,,,,259.60002858E-9,26.80000114,
,,,260.00000730E-9,599.999964237E-3,,,,,260.00000730E-9,1.6799999,,,,,260.00000730E-9,26.39999962,
,,,260.40001444E-9,560.000002384E-3,,,,,260.40001444E-9,1.6400000,,,,,260.40001444E-9,26.39999962,
,,,260.80002158E-9,560.000002384E-3,,,,,260.80002158E-9,1.5200000,,,,,260.80002158E-9,26.39999962,
,,,261.20002872E-9,519.999980927E-3,,,,,261.20002872E-9,1.3600000,,,,,261.20002872E-9,26.39999962,
,,,261.60000743E-9,519.999980927E-3,,,,,261.60000743E-9,1.1999999,,,,,261.60000743E-9,26.39999962,
,,,262.00001457E-9,479.999989271E-3,,,,,262.00001457E-9,1.0799999,,,,,262.00001457E-9,26.39999962,
,,,262.40002171E-9,439.999997616E-3,,,,,262.40002171E-9,959.999978542E-3,,,,,262.40002171E-9,26.80000114,
,,,262.80002885E-9,359.99998450E-3,,,,,262.80002885E-9,879.999995232E-3,,,,,262.80002885E-9,26.80000114,
,,,263.20000757E-9,319.99999285E-3,,,,,263.20000757E-9,719.999969006E-3,,,,,263.20000757E-9,27.20000076,
,,,263.60001470E-9,239.99999464E-3,,,,,263.60001470E-9,560.000002384E-3,,,,,263.60001470E-9,27.60000038,
,,,264.00002184E-9,159.99999642E-3,,,,,264.00002184E-9,439.999997616E-3,,,,,264.00002184E-9,28.00000000,
,,,264.40002898E-9,0.0,,,,,264.40002898E-9,399.99997616E-3,,,,,264.40002898E-9,28.80000114,
,,,264.80000770E-9,-159.99999642E-3,,,,,264.80000770E-9,399.99997616E-3,,,,,264.80000770E-9,29.60000038,
,,,265.20001484E-9,-280.00000119E-3,,,,,265.20001484E-9,439.999997616E-3,,,,,265.20001484E-9,30.00000000,
,,,265.60002198E-9,-359.99998450E-3,,,,,265.60002198E-9,439.999997616E-3,,,,,265.60002198E-9,30.80000114,
,,,266.00002911E-9,-399.99997616E-3,,,,,266.00002911E-9,359.99998450E-3,,,,,266.00002911E-9,31.20000076,
,,,266.40000783E-9,-399.99997616E-3,,,,,266.40000783E-9,79.999998212E-3,,,,,266.40000783E-9,31.20000076,
,,,266.80001497E-9,-319.99999285E-3,,,,,266.80001497E-9,-159.99999642E-3,,,,,266.80001497E-9,30.80000114,
,,,267.20002211E-9,-280.00000119E-3,,,,,267.20002211E-9,-280.00000119E-3,,,,,267.20002211E-9,30.39999962,
,,,267.60002925E-9,-199.99998808E-3,,,,,267.60002925E-9,-280.00000119E-3,,,,,267.60002925E-9,30.00000000,
,,,268.00000796E-9,-119.9999973E-3,,,,,268.00000796E-9,-159.99999642E-3,,,,,268.00000796E-9,30.00000000,
,,,268.40001510E-9,-39.99999911E-3,,,,,268.40001510E-9,79.999998212E-3,,,,,268.40001510E-9,30.00000000,
,,,268.80002224E-9,39.99999911E-3,,,,,268.80002224E-9,319.99999285E-3,,,,,268.80002224E-9,30.39999962,
,,,269.20002938E-9,119.9999973E-3,,,,,269.20002938E-9,560.000002384E-3,,,,,269.20002938E-9,30.80000114,
,,,269.60000810E-9,199.99998808E-3,,,,,269.60000810E-9,680.000007153E-3,,,,,269.60000810E-9,30.80000114,
,,,270.00001523E-9,280.00000119E-3,,,,,270.00001523E-9,799.999952316E-3,,,,,270.00001523E-9,30.80000114,
,,,270.40002237E-9,319.99999285E-3,,,,,270.40002237E-9,879.999995232E-3,,,,,270.40002237E-9,30.80000114,
,,,270.80002951E-9,359.99998450E-3,,,,,270.80002951E-9,959.999978542E-3,,,,,270.80002951E-9,30.80000114,
,,,271.20000823E-9,399.99997616E-3,,,,,271.20000823E-9,1.1200000,,,,,271.20000823E-9,30.80000114,
,,,271.60001537E-9,399.99997616E-3,,,,,271.60001537E-9,1.2400000,,,,,271.60001537E-9,30.80000114,
,,,272.00002251E-9,439.999997616E-3,,,,,272.00002251E-9,1.3600000,,,,,272.00002251E-9,30.80000114,
,,,272.40002964E-9,439.999997616E-3,,,,,272.40002964E-9,1.2800000,,,,,272.40002964E-9,30.39999962,
,,,272.80000836E-9,439.999997616E-3,,,,,272.80000836E-9,1.1600000,,,,,272.80000836E-9,30.00000000,
,,,273.20001550E-9,399.99997616E-3,,,,,273.20001550E-9,1.0400000,,,,,273.20001550E-9,29.20000076,
,,,273.60002264E-9,319.99999285E-3,,,,,273.60002264E-9,879.999995232E-3,,,,,273.60002264E-9,28.39999962,
,,,274.00002978E-9,239.99999464E-3,,,,,274.00002978E-9,799.999952316E-3,,,,,274.00002978E-9,28.00000000,
,,,274.40000849E-9,119.9999973E-3,,,,,274.40000849E-9,719.999969006E-3,,,,,274.40000849E-9,27.20000076,
,,,274.80001563E-9,39.99999911E-3,,,,,274.80001563E-9,719.999969006E-3,,,,,274.80001563E-9,27.60000038,
,,,275.20002277E-9,-39.99999911E-3,,,,,275.20002277E-9,759.999990463E-3,,,,,275.20002277E-9,27.60000038,
,,,275.60002991E-9,-79.999998212E-3,,,,,275.60002991E-9,799.999952316E-3,,,,,275.60002991E-9,28.00000000,
,,,276.00000863E-9,-119.9999973E-3,,,,,276.00000863E-9,879.999995232E-3,,,,,276.00000863E-9,28.80000114,
,,,276.40001576E-9,-199.99998808E-3,,,,,276.40001576E-9,919.999957085E-3,,,,,276.40001576E-9,28.80000114,
,,,276.80002290E-9,-239.99999464E-3,,,,,276.80002290E-9,959.999978542E-3,,,,,276.80002290E-9,28.80000114,
,,,277.20003004E-9,-280.00000119E-3,,,,,277.20003004E-9,919.999957085E-3,,,,,277.20003004E-9,28.80000114,
,,,277.60000876E-9,-359.99998450E-3,,,,,277.60000876E-9,799.999952316E-3,,,,,277.60000876E-9,28.80000114,
,,,278.00001590E-9,-359.99998450E-3,,,,,278.00001590E-9,719.999969006E-3,,,,,278.00001590E-9,28.39999962,
,,,278.40002303E-9,-359.99998450E-3,,,,,278.40002303E-9,639.999985695E-3,,,,,278.40002303E-9,28.39999962,
,,,278.80003017E-9,-280.00000119E-3,,,,,278.80003017E-9,560.000002384E-3,,,,,278.80003017E-9,28.39999962,
,,,279.20000889E-9,-199.99998808E-3,,,,,279.20000889E-9,560.000002384E-3,,,,,279.20000889E-9,28.00000000,
,,,279.60001603E-9,-79.999998212E-3,,,,,279.60001603E-9,599.999964237E-3,,,,,279.60001603E-9,28.00000000,
,,,280.00002317E-9,79.999998212E-3,,,,,280.00002317E-9,639.999985695E-3,,,,,280.00002317E-9,27.20000076,
,,,280.40003031E-9,199.99998808E-3,,,,,280.40003031E-9,639.999985695E-3,,,,,280.40003031E-9,27.20000076,
,,,280.80000902E-9,280.00000119E-3,,,,,280.80000902E-9,639.999985695E-3,,,,,280.80000902E-9,27.20000076,
,,,281.20001616E-9,319.99999285E-3,,,,,281.20001616E-9,639.999985695E-3,,,,,281.20001616E-9,27.20000076,
,,,281.60002330E-9,319.99999285E-3,,,,,281.60002330E-9,680.000007153E-3,,,,,281.60002330E-9,27.60000038,
,,,282.00003044E-9,319.99999285E-3,,,,,282.00003044E-9,759.999990463E-3,,,,,282.00003044E-9,28.39999962,
,,,282.40000916E-9,239.99999464E-3,,,,,282.40000916E-9,919.999957085E-3,,,,,282.40000916E-9,28.80000114,
,,,282.80001629E-9,159.99999642E-3,,,,,282.80001629E-9,1.0799999,,,,,282.80001629E-9,28.80000114,
,,,283.20002343E-9,119.9999973E-3,,,,,283.20002343E-9,1.1999999,,,,,283.20002343E-9,29.20000076,
,,,283.60003057E-9,119.9999973E-3,,,,,283.60003057E-9,1.1999999,,,,,283.60003057E-9,29.60000038,
,,,284.00000929E-9,119.9999973E-3,,,,,284.00000929E-9,1.1600000,,,,,284.00000929E-9,29.60000038,
,,,284.40001643E-9,119.9999973E-3,,,,,284.40001643E-9,959.999978542E-3,,,,,284.40001643E-9,30.00000000,
,,,284.80002356E-9,119.9999973E-3,,,,,284.80002356E-9,719.999969006E-3,,,,,284.80002356E-9,30.39999962,
,,,285.20003070E-9,159.99999642E-3,,,,,285.20003070E-9,479.999989271E-3,,,,,285.20003070E-9,30.80000114,
,,,285.60000942E-9,119.9999973E-3,,,,,285.60000942E-9,280.00000119E-3,,,,,285.60000942E-9,31.20000076,
,,,286.00001656E-9,119.9999973E-3,,,,,286.00001656E-9,199.99998808E-3,,,,,286.00001656E-9,31.20000076,
,,,286.40002370E-9,39.99999911E-3,,,,,286.40002370E-9,199.99998808E-3,,,,,286.40002370E-9,31.60000038,
,,,286.80003084E-9,-39.99999911E-3,,,,,286.80003084E-9,239.99999464E-3,,,,,286.80003084E-9,31.60000038,
,,,287.20000955E-9,-119.9999973E-3,,,,,287.20000955E-9,359.99998450E-3,,,,,287.20000955E-9,31.60000038,
,,,287.60001669E-9,-159.99999642E-3,,,,,287.60001669E-9,479.999989271E-3,,,,,287.60001669E-9,31.20000076,
,,,288.00002383E-9,-119.9999973E-3,,,,,288.00002383E-9,599.999964237E-3,,,,,288.00002383E-9,31.20000076,
,,,288.40003097E-9,-79.999998212E-3,,,,,288.40003097E-9,639.999985695E-3,,,,,288.40003097E-9,31.20000076,
,,,288.80000968E-9,-39.99999911E-3,,,,,288.80000968E-9,639.999985695E-3,,,,,288.80000968E-9,31.20000076,
,,,289.20001682E-9,0.0,,,,,289.20001682E-9,599.999964237E-3,,,,,289.20001682E-9,31.20000076,
,,,289.60002396E-9,0.0,,,,,289.60002396E-9,560.000002384E-3,,,,,289.60002396E-9,31.60000038,
,,,290.00003110E-9,39.99999911E-3,,,,,290.00003110E-9,519.999980927E-3,,,,,290.00003110E-9,31.60000038,
,,,290.40000982E-9,39.99999911E-3,,,,,290.40000982E-9,519.999980927E-3,,,,,290.40000982E-9,31.60000038,
,,,290.80001696E-9,79.999998212E-3,,,,,290.80001696E-9,560.000002384E-3,,,,,290.80001696E-9,31.20000076,
,,,291.20002409E-9,119.9999973E-3,,,,,291.20002409E-9,599.999964237E-3,,,,,291.20002409E-9,30.39999962,
,,,291.60003123E-9,159.99999642E-3,,,,,291.60003123E-9,639.999985695E-3,,,,,291.60003123E-9,29.60000038,
,,,292.00000995E-9,239.99999464E-3,,,,,292.00000995E-9,719.999969006E-3,,,,,292.00000995E-9,29.20000076,
,,,292.40001709E-9,280.00000119E-3,,,,,292.40001709E-9,719.999969006E-3,,,,,292.40001709E-9,28.39999962,
,,,292.80002423E-9,359.99998450E-3,,,,,292.80002423E-9,759.999990463E-3,,,,,292.80002423E-9,28.39999962,
,,,293.20003136E-9,399.99997616E-3,,,,,293.20003136E-9,839.999973774E-3,,,,,293.20003136E-9,28.00000000,
,,,293.60001008E-9,439.999997616E-3,,,,,293.60001008E-9,919.999957085E-3,,,,,293.60001008E-9,27.60000038,
,,,294.00001722E-9,479.999989271E-3,,,,,294.00001722E-9,1.0400000,,,,,294.00001722E-9,27.20000076,
,,,294.40002436E-9,399.99997616E-3,,,,,294.40002436E-9,1.1200000,,,,,294.40002436E-9,27.20000076,
,,,294.80003150E-9,319.99999285E-3,,,,,294.80003150E-9,1.1999999,,,,,294.80003150E-9,26.80000114,
,,,295.20001021E-9,199.99998808E-3,,,,,295.20001021E-9,1.2400000,,,,,295.20001021E-9,26.80000114,
,,,295.60001735E-9,79.999998212E-3,,,,,295.60001735E-9,1.1999999,,,,,295.60001735E-9,26.80000114,
,,,296.00002449E-9,0.0,,,,,296.00002449E-9,1.1600000,,,,,296.00002449E-9,27.60000038,
,,,296.40003163E-9,-39.99999911E-3,,,,,296.40003163E-9,1.1200000,,,,,296.40003163E-9,28.00000000,
,,,296.80001035E-9,-79.999998212E-3,,,,,296.80001035E-9,1.0799999,,,,,296.80001035E-9,28.39999962,
,,,297.20001749E-9,-39.99999911E-3,,,,,297.20001749E-9,1.0400000,,,,,297.20001749E-9,28.80000114,
,,,297.60002462E-9,0.0,,,,,297.60002462E-9,959.999978542E-3,,,,,297.60002462E-9,28.39999962,
,,,298.00003176E-9,39.99999911E-3,,,,,298.00003176E-9,919.999957085E-3,,,,,298.00003176E-9,28.00000000,
,,,298.40001048E-9,0.0,,,,,298.40001048E-9,799.999952316E-3,,,,,298.40001048E-9,27.60000038,
,,,298.80001762E-9,0.0,,,,,298.80001762E-9,719.999969006E-3,,,,,298.80001762E-9,27.20000076,
,,,299.20002476E-9,0.0,,,,,299.20002476E-9,719.999969006E-3,,,,,299.20002476E-9,26.80000114,
,,,299.60003189E-9,0.0,,,,,299.60003189E-9,759.999990463E-3,,,,,299.60003189E-9,27.20000076,
,,,300.00001061E-9,39.99999911E-3,,,,,300.00001061E-9,839.999973774E-3,,,,,300.00001061E-9,27.20000076,
,,,300.40001775E-9,0.0,,,,,300.40001775E-9,799.999952316E-3,,,,,300.40001775E-9,27.60000038,
,,,300.80002489E-9,-39.99999911E-3,,,,,300.80002489E-9,759.999990463E-3,,,,,300.80002489E-9,28.00000000,
,,,301.20003203E-9,-39.99999911E-3,,,,,301.20003203E-9,639.999985695E-3,,,,,301.20003203E-9,28.80000114,
,,,301.60001074E-9,-39.99999911E-3,,,,,301.60001074E-9,519.999980927E-3,,,,,301.60001074E-9,29.20000076,
,,,302.00001788E-9,0.0,,,,,302.00001788E-9,399.99997616E-3,,,,,302.00001788E-9,30.00000000,
,,,302.40002502E-9,39.99999911E-3,,,,,302.40002502E-9,319.99999285E-3,,,,,302.40002502E-9,30.80000114,
,,,302.80003216E-9,119.9999973E-3,,,,,302.80003216E-9,280.00000119E-3,,,,,302.80003216E-9,31.60000038,
,,,303.20001088E-9,159.99999642E-3,,,,,303.20001088E-9,280.00000119E-3,,,,,303.20001088E-9,32.00000000,
,,,303.60001801E-9,199.99998808E-3,,,,,303.60001801E-9,280.00000119E-3,,,,,303.60001801E-9,32.00000000,
,,,304.00002515E-9,199.99998808E-3,,,,,304.00002515E-9,319.99999285E-3,,,,,304.00002515E-9,32.00000000,
,,,304.40003229E-9,159.99999642E-3,,,,,304.40003229E-9,280.00000119E-3,,,,,304.40003229E-9,32.00000000,
,,,304.80001101E-9,119.9999973E-3,,,,,304.80001101E-9,280.00000119E-3,,,,,304.80001101E-9,31.60000038,
,,,305.20001815E-9,79.999998212E-3,,,,,305.20001815E-9,280.00000119E-3,,,,,305.20001815E-9,31.60000038,
,,,305.60002529E-9,79.999998212E-3,,,,,305.60002529E-9,280.00000119E-3,,,,,305.60002529E-9,31.20000076,
,,,306.00003242E-9,79.999998212E-3,,,,,306.00003242E-9,359.99998450E-3,,,,,306.00003242E-9,31.60000038,
,,,306.40001114E-9,79.999998212E-3,,,,,306.40001114E-9,439.999997616E-3,,,,,306.40001114E-9,32.00000000,
,,,306.80001828E-9,79.999998212E-3,,,,,306.80001828E-9,519.999980927E-3,,,,,306.80001828E-9,32.00000000,
,,,307.20002542E-9,39.99999911E-3,,,,,307.20002542E-9,639.999985695E-3,,,,,307.20002542E-9,32.00000000,
,,,307.60003256E-9,39.99999911E-3,,,,,307.60003256E-9,680.000007153E-3,,,,,307.60003256E-9,32.00000000,
,,,308.00001127E-9,0.0,,,,,308.00001127E-9,719.999969006E-3,,,,,308.00001127E-9,31.60000038,
,,,308.40001841E-9,-79.999998212E-3,,,,,308.40001841E-9,639.999985695E-3,,,,,308.40001841E-9,30.80000114,
,,,308.80002555E-9,-199.99998808E-3,,,,,308.80002555E-9,560.000002384E-3,,,,,308.80002555E-9,30.00000000,
,,,309.20003269E-9,-239.99999464E-3,,,,,309.20003269E-9,439.999997616E-3,,,,,309.20003269E-9,29.60000038,
,,,309.60001141E-9,-239.99999464E-3,,,,,309.60001141E-9,399.99997616E-3,,,,,309.60001141E-9,29.20000076,
,,,310.00001854E-9,-199.99998808E-3,,,,,310.00001854E-9,399.99997616E-3,,,,,310.00001854E-9,28.80000114,
,,,310.40002568E-9,-199.99998808E-3,,,,,310.40002568E-9,479.999989271E-3,,,,,310.40002568E-9,28.39999962,
,,,310.80003282E-9,-159.99999642E-3,,,,,310.80003282E-9,639.999985695E-3,,,,,310.80003282E-9,27.60000038,
,,,311.20001154E-9,-119.9999973E-3,,,,,311.20001154E-9,799.999952316E-3,,,,,311.20001154E-9,26.80000114,
,,,311.60001868E-9,-39.99999911E-3,,,,,311.60001868E-9,919.999957085E-3,,,,,311.60001868E-9,26.00000000,
,,,312.00002581E-9,39.99999911E-3,,,,,312.00002581E-9,1.0799999,,,,,312.00002581E-9,25.60000038,
,,,312.40003295E-9,79.999998212E-3,,,,,312.40003295E-9,1.1600000,,,,,312.40003295E-9,25.20000076,
,,,312.80001167E-9,159.99999642E-3,,,,,312.80001167E-9,1.2400000,,,,,312.80001167E-9,25.60000038,
,,,313.20001881E-9,199.99998808E-3,,,,,313.20001881E-9,1.2800000,,,,,313.20001881E-9,25.60000038,
,,,313.60002595E-9,239.99999464E-3,,,,,313.60002595E-9,1.3199999,,,,,313.60002595E-9,26.00000000,
,,,314.00000466E-9,239.99999464E-3,,,,,314.00000466E-9,1.3199999,,,,,314.00000466E-9,26.00000000,
,,,314.40001180E-9,199.99998808E-3,,,,,314.40001180E-9,1.1999999,,,,,314.40001180E-9,25.60000038,
,,,314.80001894E-9,199.99998808E-3,,,,,314.80001894E-9,1.0400000,,,,,314.80001894E-9,25.60000038,
,,,315.20002608E-9,159.99999642E-3,,,,,315.20002608E-9,959.999978542E-3,,,,,315.20002608E-9,25.20000076,
,,,315.60000480E-9,119.9999973E-3,,,,,315.60000480E-9,879.999995232E-3,,,,,315.60000480E-9,25.20000076,
,,,316.00001194E-9,119.9999973E-3,,,,,316.00001194E-9,839.999973774E-3,,,,,316.00001194E-9,25.20000076,
,,,316.40001907E-9,79.999998212E-3,,,,,316.40001907E-9,839.999973774E-3,,,,,316.40001907E-9,25.60000038,
,,,316.80002621E-9,79.999998212E-3,,,,,316.80002621E-9,799.999952316E-3,,,,,316.80002621E-9,26.00000000,
,,,317.20000493E-9,79.999998212E-3,,,,,317.20000493E-9,719.999969006E-3,,,,,317.20000493E-9,26.39999962,
,,,317.60001207E-9,79.999998212E-3,,,,,317.60001207E-9,519.999980927E-3,,,,,317.60001207E-9,26.80000114,
,,,318.00001921E-9,119.9999973E-3,,,,,318.00001921E-9,319.99999285E-3,,,,,318.00001921E-9,27.20000076,
,,,318.40002634E-9,119.9999973E-3,,,,,318.40002634E-9,159.99999642E-3,,,,,318.40002634E-9,28.00000000,
,,,318.80000506E-9,79.999998212E-3,,,,,318.80000506E-9,39.99999911E-3,,,,,318.80000506E-9,28.80000114,
,,,319.20001220E-9,39.99999911E-3,,,,,319.20001220E-9,79.999998212E-3,,,,,319.20001220E-9,29.60000038,
,,,319.60001934E-9,-39.99999911E-3,,,,,319.60001934E-9,159.99999642E-3,,,,,319.60001934E-9,30.39999962,
,,,320.00002648E-9,-79.999998212E-3,,,,,320.00002648E-9,280.00000119E-3,,,,,320.00002648E-9,31.20000076,
,,,320.40000519E-9,-159.99999642E-3,,,,,320.40000519E-9,199.99998808E-3,,,,,320.40000519E-9,31.60000038,
,,,320.80001233E-9,-199.99998808E-3,,,,,320.80001233E-9,79.999998212E-3,,,,,320.80001233E-9,32.00000000,
,,,321.20001947E-9,-199.99998808E-3,,,,,321.20001947E-9,-79.999998212E-3,,,,,321.20001947E-9,32.00000000,
,,,321.60002661E-9,-159.99999642E-3,,,,,321.60002661E-9,-239.99999464E-3,,,,,321.60002661E-9,32.40000153,
,,,322.00000533E-9,-79.999998212E-3,,,,,322.00000533E-9,-319.99999285E-3,,,,,322.00000533E-9,32.79999924,
,,,322.40001246E-9,39.99999911E-3,,,,,322.40001246E-9,-280.00000119E-3,,,,,322.40001246E-9,32.79999924,
,,,322.80001960E-9,159.99999642E-3,,,,,322.80001960E-9,-159.99999642E-3,,,,,322.80001960E-9,33.20000076,
,,,323.20002674E-9,280.00000119E-3,,,,,323.20002674E-9,39.99999911E-3,,,,,323.20002674E-9,32.79999924,
,,,323.60000546E-9,359.99998450E-3,,,,,323.60000546E-9,199.99998808E-3,,,,,323.60000546E-9,32.79999924,
,,,324.00001260E-9,439.999997616E-3,,,,,324.00001260E-9,399.99997616E-3,,,,,324.00001260E-9,32.00000000,
,,,324.40001974E-9,399.99997616E-3,,,,,324.40001974E-9,560.000002384E-3,,,,,324.40001974E-9,31.20000076,
,,,324.80002687E-9,319.99999285E-3,,,,,324.80002687E-9,680.000007153E-3,,,,,324.80002687E-9,30.80000114,
,,,325.20000559E-9,239.99999464E-3,,,,,325.20000559E-9,799.999952316E-3,,,,,325.20000559E-9,30.00000000,
,,,325.60001273E-9,159.99999642E-3,,,,,325.60001273E-9,879.999995232E-3,,,,,325.60001273E-9,29.20000076,
,,,326.00001987E-9,119.9999973E-3,,,,,326.00001987E-9,919.999957085E-3,,,,,326.00001987E-9,28.39999962,
,,,326.40002701E-9,39.99999911E-3,,,,,326.40002701E-9,839.999973774E-3,,,,,326.40002701E-9,27.20000076,
,,,326.80000572E-9,39.99999911E-3,,,,,326.80000572E-9,719.999969006E-3,,,,,326.80000572E-9,26.39999962,
,,,327.20001286E-9,39.99999911E-3,,,,,327.20001286E-9,639.999985695E-3,,,,,327.20001286E-9,26.00000000,
,,,327.60002000E-9,39.99999911E-3,,,,,327.60002000E-9,599.999964237E-3,,,,,327.60002000E-9,25.60000038,
,,,328.00002714E-9,79.999998212E-3,,,,,328.00002714E-9,639.999985695E-3,,,,,328.00002714E-9,25.60000038,
,,,328.40000586E-9,79.999998212E-3,,,,,328.40000586E-9,680.000007153E-3,,,,,328.40000586E-9,25.20000076,
,,,328.80001299E-9,79.999998212E-3,,,,,328.80001299E-9,719.999969006E-3,,,,,328.80001299E-9,24.80000114,
,,,329.20002013E-9,39.99999911E-3,,,,,329.20002013E-9,719.999969006E-3,,,,,329.20002013E-9,24.39999962,
,,,329.60002727E-9,-39.99999911E-3,,,,,329.60002727E-9,599.999964237E-3,,,,,329.60002727E-9,24.00000000,
,,,330.00000599E-9,-79.999998212E-3,,,,,330.00000599E-9,519.999980927E-3,,,,,330.00000599E-9,23.60000038,
,,,330.40001313E-9,-159.99999642E-3,,,,,330.40001313E-9,439.999997616E-3,,,,,330.40001313E-9,23.20000076,
,,,330.80002027E-9,-159.99999642E-3,,,,,330.80002027E-9,399.99997616E-3,,,,,330.80002027E-9,23.20000076,
,,,331.20002740E-9,-159.99999642E-3,,,,,331.20002740E-9,399.99997616E-3,,,,,331.20002740E-9,23.20000076,
,,,331.60000612E-9,-119.9999973E-3,,,,,331.60000612E-9,399.99997616E-3,,,,,331.60000612E-9,23.60000038,
,,,332.00001326E-9,-79.999998212E-3,,,,,332.00001326E-9,439.999997616E-3,,,,,332.00001326E-9,24.00000000,
,,,332.40002040E-9,-79.999998212E-3,,,,,332.40002040E-9,399.99997616E-3,,,,,332.40002040E-9,24.80000114,
,,,332.80002754E-9,-39.99999911E-3,,,,,332.80002754E-9,359.99998450E-3,,,,,332.80002754E-9,25.20000076,
,,,333.20000625E-9,0.0,,,,,333.20000625E-9,359.99998450E-3,,,,,333.20000625E-9,26.00000000,
,,,333.60001339E-9,39.99999911E-3,,,,,333.60001339E-9,359.99998450E-3,,,,,333.60001339E-9,27.20000076,
,,,334.00002053E-9,79.999998212E-3,,,,,334.00002053E-9,399.99997616E-3,,,,,334.00002053E-9,28.00000000,
,,,334.40002767E-9,119.9999973E-3,,,,,334.40002767E-9,399.99997616E-3,,,,,334.40002767E-9,28.39999962,
,,,334.80000639E-9,199.99998808E-3,,,,,334.80000639E-9,359.99998450E-3,,,,,334.80000639E-9,29.20000076,
,,,335.20001352E-9,280.00000119E-3,,,,,335.20001352E-9,319.99999285E-3,,,,,335.20001352E-9,29.60000038,
,,,335.60002066E-9,319.99999285E-3,,,,,335.60002066E-9,239.99999464E-3,,,,,335.60002066E-9,30.00000000,
,,,336.00002780E-9,359.99998450E-3,,,,,336.00002780E-9,199.99998808E-3,,,,,336.00002780E-9,30.39999962,
,,,336.40000652E-9,280.00000119E-3,,,,,336.40000652E-9,159.99999642E-3,,,,,336.40000652E-9,30.39999962,
,,,336.80001366E-9,239.99999464E-3,,,,,336.80001366E-9,159.99999642E-3,,,,,336.80001366E-9,30.80000114,
,,,337.20002079E-9,159.99999642E-3,,,,,337.20002079E-9,159.99999642E-3,,,,,337.20002079E-9,31.60000038,
,,,337.60002793E-9,119.9999973E-3,,,,,337.60002793E-9,159.99999642E-3,,,,,337.60002793E-9,32.00000000,
,,,338.00000665E-9,119.9999973E-3,,,,,338.00000665E-9,159.99999642E-3,,,,,338.00000665E-9,32.40000153,
,,,338.40001379E-9,119.9999973E-3,,,,,338.40001379E-9,159.99999642E-3,,,,,338.40001379E-9,32.79999924,
,,,338.80002093E-9,119.9999973E-3,,,,,338.80002093E-9,159.99999642E-3,,,,,338.80002093E-9,32.79999924,
,,,339.20002807E-9,119.9999973E-3,,,,,339.20002807E-9,119.9999973E-3,,,,,339.20002807E-9,32.79999924,
,,,339.60000678E-9,119.9999973E-3,,,,,339.60000678E-9,39.99999911E-3,,,,,339.60000678E-9,32.40000153,
,,,340.00001392E-9,79.999998212E-3,,,,,340.00001392E-9,0.0,,,,,340.00001392E-9,32.00000000,
,,,340.40002106E-9,0.0,,,,,340.40002106E-9,-39.99999911E-3,,,,,340.40002106E-9,31.20000076,
,,,340.80002820E-9,-79.999998212E-3,,,,,340.80002820E-9,0.0,,,,,340.80002820E-9,30.00000000,
,,,341.20000691E-9,-119.9999973E-3,,,,,341.20000691E-9,79.999998212E-3,,,,,341.20000691E-9,29.20000076,
,,,341.60001405E-9,-119.9999973E-3,,,,,341.60001405E-9,159.99999642E-3,,,,,341.60001405E-9,28.00000000,
,,,342.00002119E-9,-119.9999973E-3,,,,,342.00002119E-9,280.00000119E-3,,,,,342.00002119E-9,27.20000076,
,,,342.40002833E-9,-159.99999642E-3,,,,,342.40002833E-9,280.00000119E-3,,,,,342.40002833E-9,26.00000000,
,,,342.80000705E-9,-159.99999642E-3,,,,,342.80000705E-9,280.00000119E-3,,,,,342.80000705E-9,25.60000038,
,,,343.20001419E-9,-119.9999973E-3,,,,,343.20001419E-9,280.00000119E-3,,,,,343.20001419E-9,24.80000114,
,,,343.60002132E-9,-79.999998212E-3,,,,,343.60002132E-9,280.00000119E-3,,,,,343.60002132E-9,24.39999962,
,,,344.00002846E-9,-39.99999911E-3,,,,,344.00002846E-9,399.99997616E-3,,,,,344.00002846E-9,24.00000000,
,,,344.40000718E-9,-39.99999911E-3,,,,,344.40000718E-9,599.999964237E-3,,,,,344.40000718E-9,23.60000038,
,,,344.80001432E-9,0.0,,,,,344.80001432E-9,799.999952316E-3,,,,,344.80001432E-9,23.60000038,
,,,345.20002146E-9,-39.99999911E-3,,,,,345.20002146E-9,919.999957085E-3,,,,,345.20002146E-9,23.60000038,
,,,345.60002860E-9,-79.999998212E-3,,,,,345.60002860E-9,879.999995232E-3,,,,,345.60002860E-9,23.60000038,
,,,346.00000731E-9,-119.9999973E-3,,,,,346.00000731E-9,799.999952316E-3,,,,,346.00000731E-9,23.60000038,
,,,346.40001445E-9,-119.9999973E-3,,,,,346.40001445E-9,599.999964237E-3,,,,,346.40001445E-9,23.60000038,
,,,346.80002159E-9,-79.999998212E-3,,,,,346.80002159E-9,399.99997616E-3,,,,,346.80002159E-9,23.60000038,
,,,347.20002873E-9,0.0,,,,,347.20002873E-9,359.99998450E-3,,,,,347.20002873E-9,24.00000000,
,,,347.60000744E-9,119.9999973E-3,,,,,347.60000744E-9,439.999997616E-3,,,,,347.60000744E-9,24.00000000,
,,,348.00001458E-9,239.99999464E-3,,,,,348.00001458E-9,519.999980927E-3,,,,,348.00001458E-9,24.80000114,
,,,348.40002172E-9,319.99999285E-3,,,,,348.40002172E-9,519.999980927E-3,,,,,348.40002172E-9,25.20000076,
,,,348.80002886E-9,359.99998450E-3,,,,,348.80002886E-9,479.999989271E-3,,,,,348.80002886E-9,26.00000000,
,,,349.20000758E-9,319.99999285E-3,,,,,349.20000758E-9,399.99997616E-3,,,,,349.20000758E-9,26.80000114,
,,,349.60001472E-9,239.99999464E-3,,,,,349.60001472E-9,319.99999285E-3,,,,,349.60001472E-9,27.20000076,
,,,350.00002185E-9,159.99999642E-3,,,,,350.00002185E-9,239.99999464E-3,,,,,350.00002185E-9,28.00000000,
,,,350.40002899E-9,79.999998212E-3,,,,,350.40002899E-9,239.99999464E-3,,,,,350.40002899E-9,28.39999962,
,,,350.80000771E-9,0.0,,,,,350.80000771E-9,280.00000119E-3,,,,,350.80000771E-9,29.20000076,
,,,351.20001485E-9,-39.99999911E-3,,,,,351.20001485E-9,199.99998808E-3,,,,,351.20001485E-9,29.60000038,
,,,351.60002199E-9,-79.999998212E-3,,,,,351.60002199E-9,79.999998212E-3,,,,,351.60002199E-9,30.39999962,
,,,352.00002912E-9,-79.999998212E-3,,,,,352.00002912E-9,-39.99999911E-3,,,,,352.00002912E-9,30.80000114,
,,,352.40000784E-9,-79.999998212E-3,,,,,352.40000784E-9,-119.9999973E-3,,,,,352.40000784E-9,31.20000076,
,,,352.80001498E-9,-79.999998212E-3,,,,,352.80001498E-9,-159.99999642E-3,,,,,352.80001498E-9,31.60000038,
,,,353.20002212E-9,-39.99999911E-3,,,,,353.20002212E-9,-39.99999911E-3,,,,,353.20002212E-9,31.60000038,
,,,353.60002926E-9,0.0,,,,,353.60002926E-9,119.9999973E-3,,,,,353.60002926E-9,32.00000000,
,,,354.00000797E-9,39.99999911E-3,,,,,354.00000797E-9,319.99999285E-3,,,,,354.00000797E-9,32.00000000,
,,,354.40001511E-9,39.99999911E-3,,,,,354.40001511E-9,319.99999285E-3,,,,,354.40001511E-9,32.00000000,
,,,354.80002225E-9,79.999998212E-3,,,,,354.80002225E-9,280.00000119E-3,,,,,354.80002225E-9,31.60000038,
,,,355.20002939E-9,79.999998212E-3,,,,,355.20002939E-9,239.99999464E-3,,,,,355.20002939E-9,31.20000076,
,,,355.60000811E-9,79.999998212E-3,,,,,355.60000811E-9,239.99999464E-3,,,,,355.60000811E-9,30.80000114,
,,,356.00001524E-9,79.999998212E-3,,,,,356.00001524E-9,280.00000119E-3,,,,,356.00001524E-9,29.60000038,
,,,356.40002238E-9,39.99999911E-3,,,,,356.40002238E-9,439.999997616E-3,,,,,356.40002238E-9,28.80000114,
,,,356.80002952E-9,79.999998212E-3,,,,,356.80002952E-9,639.999985695E-3,,,,,356.80002952E-9,27.60000038,
,,,357.20000824E-9,79.999998212E-3,,,,,357.20000824E-9,719.999969006E-3,,,,,357.20000824E-9,26.80000114,
,,,357.60001538E-9,119.9999973E-3,,,,,357.60001538E-9,639.999985695E-3,,,,,357.60001538E-9,26.39999962,
,,,358.00002252E-9,159.99999642E-3,,,,,358.00002252E-9,519.999980927E-3,,,,,358.00002252E-9,26.00000000,
,,,358.40002965E-9,119.9999973E-3,,,,,358.40002965E-9,280.00000119E-3,,,,,358.40002965E-9,25.60000038,
,,,358.80000837E-9,79.999998212E-3,,,,,358.80000837E-9,79.999998212E-3,,,,,358.80000837E-9,25.20000076,
,,,359.20001551E-9,39.99999911E-3,,,,,359.20001551E-9,39.99999911E-3,,,,,359.20001551E-9,24.80000114,
,,,359.60002265E-9,0.0,,,,,359.60002265E-9,199.99998808E-3,,,,,359.60002265E-9,24.80000114,
,,,360.00002979E-9,0.0,,,,,360.00002979E-9,359.99998450E-3,,,,,360.00002979E-9,24.39999962,
,,,360.40000850E-9,0.0,,,,,360.40000850E-9,439.999997616E-3,,,,,360.40000850E-9,24.00000000,
,,,360.80001564E-9,39.99999911E-3,,,,,360.80001564E-9,479.999989271E-3,,,,,360.80001564E-9,24.00000000,
,,,361.20002278E-9,39.99999911E-3,,,,,361.20002278E-9,479.999989271E-3,,,,,361.20002278E-9,23.60000038,
,,,361.60002992E-9,0.0,,,,,361.60002992E-9,439.999997616E-3,,,,,361.60002992E-9,23.20000076,
,,,362.00000864E-9,0.0,,,,,362.00000864E-9,399.99997616E-3,,,,,362.00000864E-9,23.20000076,
,,,362.40001577E-9,-39.99999911E-3,,,,,362.40001577E-9,399.99997616E-3,,,,,362.40001577E-9,23.20000076,
,,,362.80002291E-9,-39.99999911E-3,,,,,362.80002291E-9,399.99997616E-3,,,,,362.80002291E-9,23.20000076,
,,,363.20003005E-9,0.0,,,,,363.20003005E-9,359.99998450E-3,,,,,363.20003005E-9,23.20000076,
,,,363.60000877E-9,39.99999911E-3,,,,,363.60000877E-9,280.00000119E-3,,,,,363.60000877E-9,23.60000038,
,,,364.00001591E-9,119.9999973E-3,,,,,364.00001591E-9,239.99999464E-3,,,,,364.00001591E-9,24.00000000,
,,,364.40002305E-9,119.9999973E-3,,,,,364.40002305E-9,199.99998808E-3,,,,,364.40002305E-9,24.39999962,
,,,364.80003018E-9,119.9999973E-3,,,,,364.80003018E-9,199.99998808E-3,,,,,364.80003018E-9,25.20000076,
,,,365.20000890E-9,79.999998212E-3,,,,,365.20000890E-9,280.00000119E-3,,,,,365.20000890E-9,25.20000076,
,,,365.60001604E-9,79.999998212E-3,,,,,365.60001604E-9,359.99998450E-3,,,,,365.60001604E-9,26.00000000,
,,,366.00002318E-9,79.999998212E-3,,,,,366.00002318E-9,439.999997616E-3,,,,,366.00002318E-9,26.39999962,
,,,366.40003032E-9,39.99999911E-3,,,,,366.40003032E-9,399.99997616E-3,,,,,366.40003032E-9,26.80000114,
,,,366.80000903E-9,39.99999911E-3,,,,,366.80000903E-9,319.99999285E-3,,,,,366.80000903E-9,27.20000076,
,,,367.20001617E-9,39.99999911E-3,,,,,367.20001617E-9,280.00000119E-3,,,,,367.20001617E-9,27.60000038,
,,,367.60002331E-9,39.99999911E-3,,,,,367.60002331E-9,239.99999464E-3,,,,,367.60002331E-9,28.00000000,
,,,368.00003045E-9,39.99999911E-3,,,,,368.00003045E-9,239.99999464E-3,,,,,368.00003045E-9,28.80000114,
,,,368.40000917E-9,0.0,,,,,368.40000917E-9,280.00000119E-3,,,,,368.40000917E-9,28.80000114,
,,,368.80001630E-9,0.0,,,,,368.80001630E-9,319.99999285E-3,,,,,368.80001630E-9,29.20000076,
,,,369.20002344E-9,-39.99999911E-3,,,,,369.20002344E-9,319.99999285E-3,,,,,369.20002344E-9,29.20000076,
,,,369.60003058E-9,-79.999998212E-3,,,,,369.60003058E-9,239.99999464E-3,,,,,369.60003058E-9,29.60000038,
,,,370.00000930E-9,-119.9999973E-3,,,,,370.00000930E-9,199.99998808E-3,,,,,370.00000930E-9,29.60000038,
,,,370.40001644E-9,-159.99999642E-3,,,,,370.40001644E-9,159.99999642E-3,,,,,370.40001644E-9,30.00000000,
,,,370.80002357E-9,-199.99998808E-3,,,,,370.80002357E-9,119.9999973E-3,,,,,370.80002357E-9,30.00000000,
,,,371.20003071E-9,-199.99998808E-3,,,,,371.20003071E-9,159.99999642E-3,,,,,371.20003071E-9,29.60000038,
,,,371.60000943E-9,-199.99998808E-3,,,,,371.60000943E-9,239.99999464E-3,,,,,371.60000943E-9,29.60000038,
,,,372.00001657E-9,-159.99999642E-3,,,,,372.00001657E-9,319.99999285E-3,,,,,372.00001657E-9,29.20000076,
,,,372.40002371E-9,-119.9999973E-3,,,,,372.40002371E-9,359.99998450E-3,,,,,372.40002371E-9,28.39999962,
,,,372.80003085E-9,-39.99999911E-3,,,,,372.80003085E-9,439.999997616E-3,,,,,372.80003085E-9,28.00000000,
,,,373.20000956E-9,0.0,,,,,373.20000956E-9,479.999989271E-3,,,,,373.20000956E-9,27.60000038,
,,,373.60001670E-9,79.999998212E-3,,,,,373.60001670E-9,560.000002384E-3,,,,,373.60001670E-9,26.80000114,
,,,374.00002384E-9,119.9999973E-3,,,,,374.00002384E-9,599.999964237E-3,,,,,374.00002384E-9,26.39999962,
,,,374.40003098E-9,119.9999973E-3,,,,,374.40003098E-9,639.999985695E-3,,,,,374.40003098E-9,26.00000000,
,,,374.80000969E-9,159.99999642E-3,,,,,374.80000969E-9,639.999985695E-3,,,,,374.80000969E-9,25.60000038,
,,,375.20001683E-9,159.99999642E-3,,,,,375.20001683E-9,680.000007153E-3,,,,,375.20001683E-9,25.60000038,
,,,375.60002397E-9,159.99999642E-3,,,,,375.60002397E-9,680.000007153E-3,,,,,375.60002397E-9,25.20000076,
,,,376.00003111E-9,159.99999642E-3,,,,,376.00003111E-9,680.000007153E-3,,,,,376.00003111E-9,24.80000114,
,,,376.40000983E-9,159.99999642E-3,,,,,376.40000983E-9,599.999964237E-3,,,,,376.40000983E-9,24.39999962,
,,,376.80001697E-9,199.99998808E-3,,,,,376.80001697E-9,479.999989271E-3,,,,,376.80001697E-9,24.00000000,
,,,377.20002410E-9,159.99999642E-3,,,,,377.20002410E-9,359.99998450E-3,,,,,377.20002410E-9,23.20000076,
,,,377.60003124E-9,159.99999642E-3,,,,,377.60003124E-9,280.00000119E-3,,,,,377.60003124E-9,22.80000114,
,,,378.00000996E-9,119.9999973E-3,,,,,378.00000996E-9,199.99998808E-3,,,,,378.00000996E-9,22.80000114,
,,,378.40001710E-9,39.99999911E-3,,,,,378.40001710E-9,159.99999642E-3,,,,,378.40001710E-9,22.80000114,
,,,378.80002424E-9,0.0,,,,,378.80002424E-9,119.9999973E-3,,,,,378.80002424E-9,22.80000114,
,,,379.20003138E-9,-39.99999911E-3,,,,,379.20003138E-9,79.999998212E-3,,,,,379.20003138E-9,22.80000114,
,,,379.60001009E-9,-79.999998212E-3,,,,,379.60001009E-9,79.999998212E-3,,,,,379.60001009E-9,22.80000114,
,,,380.00001723E-9,-119.9999973E-3,,,,,380.00001723E-9,39.99999911E-3,,,,,380.00001723E-9,22.80000114,
,,,380.40002437E-9,-199.99998808E-3,,,,,380.40002437E-9,-39.99999911E-3,,,,,380.40002437E-9,23.20000076,
,,,380.80003151E-9,-280.00000119E-3,,,,,380.80003151E-9,-79.999998212E-3,,,,,380.80003151E-9,23.60000038,
,,,381.20001022E-9,-319.99999285E-3,,,,,381.20001022E-9,-79.999998212E-3,,,,,381.20001022E-9,24.00000000,
,,,381.60001736E-9,-319.99999285E-3,,,,,381.60001736E-9,-79.999998212E-3,,,,,381.60001736E-9,24.39999962,
,,,382.00002450E-9,-280.00000119E-3,,,,,382.00002450E-9,-39.99999911E-3,,,,,382.00002450E-9,24.80000114,
,,,382.40003164E-9,-239.99999464E-3,,,,,382.40003164E-9,-39.99999911E-3,,,,,382.40003164E-9,25.20000076,
,,,382.80001036E-9,-159.99999642E-3,,,,,382.80001036E-9,-39.99999911E-3,,,,,382.80001036E-9,25.60000038,
,,,383.20001750E-9,-79.999998212E-3,,,,,383.20001750E-9,0.0,,,,,383.20001750E-9,26.00000000,
,,,383.60002463E-9,0.0,,,,,383.60002463E-9,39.99999911E-3,,,,,383.60002463E-9,26.39999962,
,,,384.00003177E-9,119.9999973E-3,,,,,384.00003177E-9,119.9999973E-3,,,,,384.00003177E-9,26.80000114,
,,,384.40001049E-9,159.99999642E-3,,,,,384.40001049E-9,280.00000119E-3,,,,,384.40001049E-9,27.20000076,
,,,384.80001763E-9,159.99999642E-3,,,,,384.80001763E-9,479.999989271E-3,,,,,384.80001763E-9,27.60000038,
,,,385.20002477E-9,199.99998808E-3,,,,,385.20002477E-9,680.000007153E-3,,,,,385.20002477E-9,28.00000000,
,,,385.60003190E-9,199.99998808E-3,,,,,385.60003190E-9,759.999990463E-3,,,,,385.60003190E-9,28.00000000,
,,,386.00001062E-9,199.99998808E-3,,,,,386.00001062E-9,839.999973774E-3,,,,,386.00001062E-9,28.00000000,
,,,386.40001776E-9,159.99999642E-3,,,,,386.40001776E-9,759.999990463E-3,,,,,386.40001776E-9,28.00000000,
,,,386.80002490E-9,159.99999642E-3,,,,,386.80002490E-9,719.999969006E-3,,,,,386.80002490E-9,28.00000000,
,,,387.20003204E-9,119.9999973E-3,,,,,387.20003204E-9,680.000007153E-3,,,,,387.20003204E-9,28.00000000,
,,,387.60001075E-9,119.9999973E-3,,,,,387.60001075E-9,680.000007153E-3,,,,,387.60001075E-9,27.60000038,
,,,388.00001789E-9,119.9999973E-3,,,,,388.00001789E-9,719.999969006E-3,,,,,388.00001789E-9,27.20000076,
,,,388.40002503E-9,119.9999973E-3,,,,,388.40002503E-9,680.000007153E-3,,,,,388.40002503E-9,26.80000114,
,,,388.80003217E-9,119.9999973E-3,,,,,388.80003217E-9,639.999985695E-3,,,,,388.80003217E-9,26.39999962,
,,,389.20001089E-9,79.999998212E-3,,,,,389.20001089E-9,560.000002384E-3,,,,,389.20001089E-9,26.39999962,
,,,389.60001802E-9,79.999998212E-3,,,,,389.60001802E-9,399.99997616E-3,,,,,389.60001802E-9,26.00000000,
,,,390.00002516E-9,39.99999911E-3,,,,,390.00002516E-9,280.00000119E-3,,,,,390.00002516E-9,25.60000038,
,,,390.40003230E-9,-79.999998212E-3,,,,,390.40003230E-9,199.99998808E-3,,,,,390.40003230E-9,25.60000038,
,,,390.80001102E-9,-159.99999642E-3,,,,,390.80001102E-9,199.99998808E-3,,,,,390.80001102E-9,25.60000038,
,,,391.20001816E-9,-239.99999464E-3,,,,,391.20001816E-9,159.99999642E-3,,,,,391.20001816E-9,25.20000076,
,,,391.60002530E-9,-319.99999285E-3,,,,,391.60002530E-9,119.9999973E-3,,,,,391.60002530E-9,25.20000076,
,,,392.00003243E-9,-359.99998450E-3,,,,,392.00003243E-9,79.999998212E-3,,,,,392.00003243E-9,24.39999962,
,,,392.40001115E-9,-399.99997616E-3,,,,,392.40001115E-9,-119.9999973E-3,,,,,392.40001115E-9,24.00000000,
,,,392.80001829E-9,-359.99998450E-3,,,,,392.80001829E-9,-280.00000119E-3,,,,,392.80001829E-9,23.60000038,
,,,393.20002543E-9,-319.99999285E-3,,,,,393.20002543E-9,-359.99998450E-3,,,,,393.20002543E-9,23.20000076,
,,,393.60003257E-9,-239.99999464E-3,,,,,393.60003257E-9,-359.99998450E-3,,,,,393.60003257E-9,22.80000114,
,,,394.00001128E-9,-119.9999973E-3,,,,,394.00001128E-9,-319.99999285E-3,,,,,394.00001128E-9,22.80000114,
,,,394.40001842E-9,-39.99999911E-3,,,,,394.40001842E-9,-280.00000119E-3,,,,,394.40001842E-9,22.80000114,
,,,394.80002556E-9,39.99999911E-3,,,,,394.80002556E-9,-239.99999464E-3,,,,,394.80002556E-9,23.20000076,
,,,395.20003270E-9,119.9999973E-3,,,,,395.20003270E-9,-199.99998808E-3,,,,,395.20003270E-9,23.20000076,
,,,395.60001142E-9,159.99999642E-3,,,,,395.60001142E-9,-199.99998808E-3,,,,,395.60001142E-9,23.60000038,
,,,396.00001855E-9,239.99999464E-3,,,,,396.00001855E-9,-159.99999642E-3,,,,,396.00001855E-9,24.00000000,
,,,396.40002569E-9,280.00000119E-3,,,,,396.40002569E-9,-39.99999911E-3,,,,,396.40002569E-9,24.39999962,
,,,396.80003283E-9,319.99999285E-3,,,,,396.80003283E-9,119.9999973E-3,,,,,396.80003283E-9,24.39999962,
,,,397.20001155E-9,359.99998450E-3,,,,,397.20001155E-9,319.99999285E-3,,,,,397.20001155E-9,24.39999962,
,,,397.60001869E-9,359.99998450E-3,,,,,397.60001869E-9,479.999989271E-3,,,,,397.60001869E-9,24.80000114,
,,,398.00002583E-9,359.99998450E-3,,,,,398.00002583E-9,599.999964237E-3,,,,,398.00002583E-9,25.20000076,
,,,398.40003296E-9,319.99999285E-3,,,,,398.40003296E-9,599.999964237E-3,,,,,398.40003296E-9,25.60000038,
,,,398.80001168E-9,319.99999285E-3,,,,,398.80001168E-9,599.999964237E-3,,,,,398.80001168E-9,25.60000038,
,,,399.20001882E-9,280.00000119E-3,,,,,399.20001882E-9,599.999964237E-3,,,,,399.20001882E-9,25.60000038,
,,,399.60002596E-9,199.99998808E-3,,,,,399.60002596E-9,560.000002384E-3,,,,,399.60002596E-9,25.60000038,
,,,400.00003310E-9,159.99999642E-3,,,,,400.00003310E-9,560.000002384E-3,,,,,400.00003310E-9,25.60000038,
,,,400.40001181E-9,79.999998212E-3,,,,,400.40001181E-9,479.999989271E-3,,,,,400.40001181E-9,26.00000000,
,,,400.80001895E-9,0.0,,,,,400.80001895E-9,439.999997616E-3,,,,,400.80001895E-9,26.00000000,
,,,401.20002609E-9,-79.999998212E-3,,,,,401.20002609E-9,319.99999285E-3,,,,,401.20002609E-9,26.39999962,
,,,401.60003323E-9,-119.9999973E-3,,,,,401.60003323E-9,239.99999464E-3,,,,,401.60003323E-9,26.39999962,
,,,402.00001195E-9,-159.99999642E-3,,,,,402.00001195E-9,159.99999642E-3,,,,,402.00001195E-9,26.80000114,
,,,402.40001908E-9,-199.99998808E-3,,,,,402.40001908E-9,119.9999973E-3,,,,,402.40001908E-9,26.80000114,
,,,402.80002622E-9,-239.99999464E-3,,,,,402.80002622E-9,119.9999973E-3,,,,,402.80002622E-9,26.39999962,
,,,403.20003336E-9,-280.00000119E-3,,,,,403.20003336E-9,119.9999973E-3,,,,,403.20003336E-9,26.39999962,
,,,403.600012078E-9,-319.99999285E-3,,,,,403.600012078E-9,119.9999973E-3,,,,,403.600012078E-9,26.39999962,
,,,404.000019216E-9,-319.99999285E-3,,,,,404.000019216E-9,79.999998212E-3,,,,,404.000019216E-9,26.00000000,
,,,404.400026355E-9,-319.99999285E-3,,,,,404.400026355E-9,-39.99999911E-3,,,,,404.400026355E-9,26.00000000,
,,,404.800033493E-9,-319.99999285E-3,,,,,404.800033493E-9,-119.9999973E-3,,,,,404.800033493E-9,25.60000038,
,,,405.200012210E-9,-280.00000119E-3,,,,,405.200012210E-9,-199.99998808E-3,,,,,405.200012210E-9,25.20000076,
,,,405.600019349E-9,-280.00000119E-3,,,,,405.600019349E-9,-199.99998808E-3,,,,,405.600019349E-9,25.20000076,
,,,406.000026487E-9,-239.99999464E-3,,,,,406.000026487E-9,-159.99999642E-3,,,,,406.000026487E-9,25.20000076,
,,,406.400033626E-9,-199.99998808E-3,,,,,406.400033626E-9,-119.9999973E-3,,,,,406.400033626E-9,25.20000076,
,,,406.800012343E-9,-119.9999973E-3,,,,,406.800012343E-9,-79.999998212E-3,,,,,406.800012343E-9,25.20000076,
,,,407.200019481E-9,-39.99999911E-3,,,,,407.200019481E-9,-39.99999911E-3,,,,,407.200019481E-9,25.20000076,
,,,407.600026620E-9,39.99999911E-3,,,,,407.600026620E-9,39.99999911E-3,,,,,407.600026620E-9,25.20000076,
,,,408.000033758E-9,119.9999973E-3,,,,,408.000033758E-9,119.9999973E-3,,,,,408.000033758E-9,25.20000076,
,,,408.400012475E-9,159.99999642E-3,,,,,408.400012475E-9,159.99999642E-3,,,,,408.400012475E-9,25.20000076,
,,,408.800019613E-9,159.99999642E-3,,,,,408.800019613E-9,239.99999464E-3,,,,,408.800019613E-9,25.20000076,
,,,409.200026752E-9,199.99998808E-3,,,,,409.200026752E-9,280.00000119E-3,,,,,409.200026752E-9,24.80000114,
,,,409.600033890E-9,199.99998808E-3,,,,,409.600033890E-9,359.99998450E-3,,,,,409.600033890E-9,24.80000114,
,,,410.000012607E-9,239.99999464E-3,,,,,410.000012607E-9,399.99997616E-3,,,,,410.000012607E-9,24.80000114,
,,,410.400019746E-9,199.99998808E-3,,,,,410.400019746E-9,399.99997616E-3,,,,,410.400019746E-9,24.80000114,
,,,410.800026884E-9,199.99998808E-3,,,,,410.800026884E-9,399.99997616E-3,,,,,410.800026884E-9,24.80000114,
,,,411.200034023E-9,159.99999642E-3,,,,,411.200034023E-9,359.99998450E-3,,,,,411.200034023E-9,24.80000114,
,,,411.600012740E-9,119.9999973E-3,,,,,411.600012740E-9,319.99999285E-3,,,,,411.600012740E-9,24.80000114,
,,,412.000019878E-9,119.9999973E-3,,,,,412.000019878E-9,280.00000119E-3,,,,,412.000019878E-9,25.20000076,
,,,412.400027017E-9,119.9999973E-3,,,,,412.400027017E-9,199.99998808E-3,,,,,412.400027017E-9,25.20000076,
,,,412.800034155E-9,119.9999973E-3,,,,,412.800034155E-9,119.9999973E-3,,,,,412.800034155E-9,24.80000114,
,,,413.200012872E-9,119.9999973E-3,,,,,413.200012872E-9,0.0,,,,,413.200012872E-9,24.80000114,
,,,413.600020011E-9,79.999998212E-3,,,,,413.600020011E-9,-79.999998212E-3,,,,,413.600020011E-9,24.80000114,
,,,414.000027149E-9,79.999998212E-3,,,,,414.000027149E-9,-119.9999973E-3,,,,,414.000027149E-9,24.80000114,
,,,414.400034288E-9,39.99999911E-3,,,,,414.400034288E-9,-119.9999973E-3,,,,,414.400034288E-9,24.80000114,
,,,414.800013004E-9,0.0,,,,,414.800013004E-9,-119.9999973E-3,,,,,414.800013004E-9,24.80000114,
,,,415.200020143E-9,-39.99999911E-3,,,,,415.200020143E-9,-79.999998212E-3,,,,,415.200020143E-9,24.80000114,
,,,415.600027281E-9,-39.99999911E-3,,,,,415.600027281E-9,-79.999998212E-3,,,,,415.600027281E-9,24.80000114,
,,,416.000005998E-9,-39.99999911E-3,,,,,416.000005998E-9,-39.99999911E-3,,,,,416.000005998E-9,24.80000114,
,,,416.400013137E-9,-79.999998212E-3,,,,,416.400013137E-9,-39.99999911E-3,,,,,416.400013137E-9,24.80000114,
,,,416.800020275E-9,-119.9999973E-3,,,,,416.800020275E-9,-39.99999911E-3,,,,,416.800020275E-9,24.39999962,
,,,417.200027414E-9,-119.9999973E-3,,,,,417.200027414E-9,-39.99999911E-3,,,,,417.200027414E-9,24.39999962,
,,,417.600006131E-9,-119.9999973E-3,,,,,417.600006131E-9,0.0,,,,,417.600006131E-9,24.39999962,
,,,418.000013269E-9,-119.9999973E-3,,,,,418.000013269E-9,39.99999911E-3,,,,,418.000013269E-9,24.00000000,
,,,418.400020408E-9,-159.99999642E-3,,,,,418.400020408E-9,79.999998212E-3,,,,,418.400020408E-9,24.00000000,
,,,418.800027546E-9,-159.99999642E-3,,,,,418.800027546E-9,119.9999973E-3,,,,,418.800027546E-9,24.39999962,
,,,419.200006263E-9,-119.9999973E-3,,,,,419.200006263E-9,159.99999642E-3,,,,,419.200006263E-9,24.39999962,
,,,419.600013402E-9,-79.999998212E-3,,,,,419.600013402E-9,239.99999464E-3,,,,,419.600013402E-9,24.39999962,
,,,420.000020540E-9,0.0,,,,,420.000020540E-9,280.00000119E-3,,,,,420.000020540E-9,24.39999962,
,,,420.400027679E-9,0.0,,,,,420.400027679E-9,239.99999464E-3,,,,,420.400027679E-9,24.39999962,
,,,420.800006395E-9,0.0,,,,,420.800006395E-9,239.99999464E-3,,,,,420.800006395E-9,24.80000114,
,,,421.200013534E-9,-39.99999911E-3,,,,,421.200013534E-9,199.99998808E-3,,,,,421.200013534E-9,24.80000114,
,,,421.600020672E-9,-39.99999911E-3,,,,,421.600020672E-9,199.99998808E-3,,,,,421.600020672E-9,25.20000076,
,,,422.000027811E-9,-39.99999911E-3,,,,,422.000027811E-9,199.99998808E-3,,,,,422.000027811E-9,25.60000038,
,,,422.400006528E-9,-39.99999911E-3,,,,,422.400006528E-9,239.99999464E-3,,,,,422.400006528E-9,25.60000038,
,,,422.800013666E-9,0.0,,,,,422.800013666E-9,280.00000119E-3,,,,,422.800013666E-9,26.00000000,
,,,423.200020805E-9,39.99999911E-3,,,,,423.200020805E-9,239.99999464E-3,,,,,423.200020805E-9,25.60000038,
,,,423.600027943E-9,39.99999911E-3,,,,,423.600027943E-9,119.9999973E-3,,,,,423.600027943E-9,26.00000000,
,,,424.000006660E-9,39.99999911E-3,,,,,424.000006660E-9,39.99999911E-3,,,,,424.000006660E-9,26.00000000,
,,,424.400013799E-9,0.0,,,,,424.400013799E-9,-79.999998212E-3,,,,,424.400013799E-9,26.39999962,
,,,424.800020937E-9,0.0,,,,,424.800020937E-9,-159.99999642E-3,,,,,424.800020937E-9,26.00000000,
,,,425.200028076E-9,0.0,,,,,425.200028076E-9,-159.99999642E-3,,,,,425.200028076E-9,26.00000000,
,,,425.600006793E-9,0.0,,,,,425.600006793E-9,-159.99999642E-3,,,,,425.600006793E-9,26.00000000,
,,,426.000013931E-9,0.0,,,,,426.000013931E-9,-119.9999973E-3,,,,,426.000013931E-9,26.00000000,
,,,426.400021070E-9,0.0,,,,,426.400021070E-9,-159.99999642E-3,,,,,426.400021070E-9,26.00000000,
,,,426.800028208E-9,0.0,,,,,426.800028208E-9,-159.99999642E-3,,,,,426.800028208E-9,26.00000000,
,,,427.200006925E-9,0.0,,,,,427.200006925E-9,-199.99998808E-3,,,,,427.200006925E-9,26.00000000,
,,,427.600014064E-9,0.0,,,,,427.600014064E-9,-199.99998808E-3,,,,,427.600014064E-9,25.60000038,
,,,428.000021202E-9,0.0,,,,,428.000021202E-9,-159.99999642E-3,,,,,428.000021202E-9,25.60000038,
,,,428.400028341E-9,0.0,,,,,428.400028341E-9,-159.99999642E-3,,,,,428.400028341E-9,25.20000076,
,,,428.800007057E-9,0.0,,,,,428.800007057E-9,-119.9999973E-3,,,,,428.800007057E-9,24.80000114,
,,,429.200014196E-9,39.99999911E-3,,,,,429.200014196E-9,-79.999998212E-3,,,,,429.200014196E-9,24.39999962,
,,,429.600021334E-9,39.99999911E-3,,,,,429.600021334E-9,-39.99999911E-3,,,,,429.600021334E-9,24.00000000,
,,,430.000028473E-9,39.99999911E-3,,,,,430.000028473E-9,0.0,,,,,430.000028473E-9,23.60000038,
,,,430.400007190E-9,39.99999911E-3,,,,,430.400007190E-9,39.99999911E-3,,,,,430.400007190E-9,23.20000076,
,,,430.800014328E-9,39.99999911E-3,,,,,430.800014328E-9,79.999998212E-3,,,,,430.800014328E-9,23.20000076,
,,,431.200021467E-9,39.99999911E-3,,,,,431.200021467E-9,159.99999642E-3,,,,,431.200021467E-9,22.80000114,
,,,431.600028605E-9,39.99999911E-3,,,,,431.600028605E-9,239.99999464E-3,,,,,431.600028605E-9,22.80000114,
,,,432.000007322E-9,39.99999911E-3,,,,,432.000007322E-9,319.99999285E-3,,,,,432.000007322E-9,22.80000114,
,,,432.400014461E-9,39.99999911E-3,,,,,432.400014461E-9,319.99999285E-3,,,,,432.400014461E-9,22.39999962,
,,,432.800021599E-9,39.99999911E-3,,,,,432.800021599E-9,319.99999285E-3,,,,,432.800021599E-9,22.39999962,
,,,433.200028738E-9,79.999998212E-3,,,,,433.200028738E-9,319.99999285E-3,,,,,433.200028738E-9,22.80000114,
,,,433.600007455E-9,79.999998212E-3,,,,,433.600007455E-9,359.99998450E-3,,,,,433.600007455E-9,22.80000114,
,,,434.000014593E-9,119.9999973E-3,,,,,434.000014593E-9,399.99997616E-3,,,,,434.000014593E-9,22.80000114,
,,,434.400021732E-9,79.999998212E-3,,,,,434.400021732E-9,439.999997616E-3,,,,,434.400021732E-9,23.20000076,
,,,434.800028870E-9,39.99999911E-3,,,,,434.800028870E-9,479.999989271E-3,,,,,434.800028870E-9,23.20000076,
,,,435.200007587E-9,0.0,,,,,435.200007587E-9,439.999997616E-3,,,,,435.200007587E-9,23.60000038,
,,,435.600014725E-9,-39.99999911E-3,,,,,435.600014725E-9,359.99998450E-3,,,,,435.600014725E-9,23.60000038,
,,,436.000021864E-9,-79.999998212E-3,,,,,436.000021864E-9,239.99999464E-3,,,,,436.000021864E-9,24.00000000,
,,,436.400029002E-9,-119.9999973E-3,,,,,436.400029002E-9,119.9999973E-3,,,,,436.400029002E-9,24.39999962,
,,,436.800007719E-9,-159.99999642E-3,,,,,436.800007719E-9,0.0,,,,,436.800007719E-9,24.80000114,
,,,437.200014858E-9,-159.99999642E-3,,,,,437.200014858E-9,-79.999998212E-3,,,,,437.200014858E-9,25.20000076,
,,,437.600021996E-9,-159.99999642E-3,,,,,437.600021996E-9,-119.9999973E-3,,,,,437.600021996E-9,25.60000038,
,,,438.000029135E-9,-159.99999642E-3,,,,,438.000029135E-9,-119.9999973E-3,,,,,438.000029135E-9,26.00000000,
,,,438.400007852E-9,-199.99998808E-3,,,,,438.400007852E-9,-119.9999973E-3,,,,,438.400007852E-9,26.00000000,
,,,438.800014990E-9,-199.99998808E-3,,,,,438.800014990E-9,-119.9999973E-3,,,,,438.800014990E-9,26.39999962,
,,,439.200022129E-9,-199.99998808E-3,,,,,439.200022129E-9,-159.99999642E-3,,,,,439.200022129E-9,26.39999962,
,,,439.600029267E-9,-199.99998808E-3,,,,,439.600029267E-9,-159.99999642E-3,,,,,439.600029267E-9,26.39999962,
,,,440.000007984E-9,-159.99999642E-3,,,,,440.000007984E-9,-159.99999642E-3,,,,,440.000007984E-9,26.80000114,
,,,440.400015123E-9,-159.99999642E-3,,,,,440.400015123E-9,-159.99999642E-3,,,,,440.400015123E-9,26.80000114,
,,,440.800022261E-9,-159.99999642E-3,,,,,440.800022261E-9,-119.9999973E-3,,,,,440.800022261E-9,26.39999962,
,,,441.200029400E-9,-119.9999973E-3,,,,,441.200029400E-9,-79.999998212E-3,,,,,441.200029400E-9,26.39999962,
,,,441.600008116E-9,-159.99999642E-3,,,,,441.600008116E-9,-79.999998212E-3,,,,,441.600008116E-9,26.39999962,
,,,442.000015255E-9,-119.9999973E-3,,,,,442.000015255E-9,-79.999998212E-3,,,,,442.000015255E-9,26.00000000,
,,,442.400022393E-9,-79.999998212E-3,,,,,442.400022393E-9,-39.99999911E-3,,,,,442.400022393E-9,26.00000000,
,,,442.800029532E-9,0.0,,,,,442.800029532E-9,0.0,,,,,442.800029532E-9,25.60000038,
,,,443.200008249E-9,39.99999911E-3,,,,,443.200008249E-9,39.99999911E-3,,,,,443.200008249E-9,25.60000038,
,,,443.600015387E-9,39.99999911E-3,,,,,443.600015387E-9,79.999998212E-3,,,,,443.600015387E-9,25.20000076,
,,,444.000022526E-9,79.999998212E-3,,,,,444.000022526E-9,159.99999642E-3,,,,,444.000022526E-9,24.39999962,
,,,444.400029664E-9,79.999998212E-3,,,,,444.400029664E-9,199.99998808E-3,,,,,444.400029664E-9,24.00000000,
,,,444.800008381E-9,79.999998212E-3,,,,,444.800008381E-9,280.00000119E-3,,,,,444.800008381E-9,23.60000038,
,,,445.200015520E-9,119.9999973E-3,,,,,445.200015520E-9,319.99999285E-3,,,,,445.200015520E-9,23.20000076,
,,,445.600022658E-9,119.9999973E-3,,,,,445.600022658E-9,359.99998450E-3,,,,,445.600022658E-9,23.20000076,
,,,446.000029797E-9,159.99999642E-3,,,,,446.000029797E-9,399.99997616E-3,,,,,446.000029797E-9,22.80000114,
,,,446.400008514E-9,119.9999973E-3,,,,,446.400008514E-9,359.99998450E-3,,,,,446.400008514E-9,22.39999962,
,,,446.800015652E-9,79.999998212E-3,,,,,446.800015652E-9,359.99998450E-3,,,,,446.800015652E-9,22.39999962,
,,,447.200022791E-9,39.99999911E-3,,,,,447.200022791E-9,319.99999285E-3,,,,,447.200022791E-9,22.00000000,
,,,447.600029929E-9,0.0,,,,,447.600029929E-9,280.00000119E-3,,,,,447.600029929E-9,22.00000000,
,,,448.000008646E-9,-39.99999911E-3,,,,,448.000008646E-9,280.00000119E-3,,,,,448.000008646E-9,22.00000000,
,,,448.400015785E-9,-79.999998212E-3,,,,,448.400015785E-9,239.99999464E-3,,,,,448.400015785E-9,22.00000000,
,,,448.800022923E-9,-39.99999911E-3,,,,,448.800022923E-9,199.99998808E-3,,,,,448.800022923E-9,22.00000000,
,,,449.200030062E-9,-39.99999911E-3,,,,,449.200030062E-9,159.99999642E-3,,,,,449.200030062E-9,22.39999962,
,,,449.600008778E-9,-39.99999911E-3,,,,,449.600008778E-9,119.9999973E-3,,,,,449.600008778E-9,22.39999962,
,,,450.000015917E-9,-39.99999911E-3,,,,,450.000015917E-9,119.9999973E-3,,,,,450.000015917E-9,22.80000114,
,,,450.400023055E-9,-39.99999911E-3,,,,,450.400023055E-9,79.999998212E-3,,,,,450.400023055E-9,22.80000114,
,,,450.800030194E-9,-39.99999911E-3,,,,,450.800030194E-9,79.999998212E-3,,,,,450.800030194E-9,23.20000076,
,,,451.200008911E-9,0.0,,,,,451.200008911E-9,39.99999911E-3,,,,,451.200008911E-9,23.60000038,
,,,451.600016049E-9,0.0,,,,,451.600016049E-9,39.99999911E-3,,,,,451.600016049E-9,24.00000000,
,,,452.000023188E-9,0.0,,,,,452.000023188E-9,39.99999911E-3,,,,,452.000023188E-9,24.39999962,
,,,452.400030326E-9,0.0,,,,,452.400030326E-9,0.0,,,,,452.400030326E-9,24.80000114,
,,,452.800009043E-9,0.0,,,,,452.800009043E-9,39.99999911E-3,,,,,452.800009043E-9,25.20000076,
,,,453.200016182E-9,39.99999911E-3,,,,,453.200016182E-9,39.99999911E-3,,,,,453.200016182E-9,25.60000038,
,,,453.600023320E-9,0.0,,,,,453.600023320E-9,39.99999911E-3,,,,,453.600023320E-9,26.00000000,
,,,454.000030459E-9,0.0,,,,,454.000030459E-9,79.999998212E-3,,,,,454.000030459E-9,26.39999962,
,,,454.400009176E-9,-39.99999911E-3,,,,,454.400009176E-9,79.999998212E-3,,,,,454.400009176E-9,26.39999962,
,,,454.800016314E-9,-79.999998212E-3,,,,,454.800016314E-9,79.999998212E-3,,,,,454.800016314E-9,26.39999962,
,,,455.200023453E-9,-79.999998212E-3,,,,,455.200023453E-9,39.99999911E-3,,,,,455.200023453E-9,26.80000114,
,,,455.600030591E-9,-79.999998212E-3,,,,,455.600030591E-9,39.99999911E-3,,,,,455.600030591E-9,26.80000114,
,,,456.000009308E-9,-39.99999911E-3,,,,,456.000009308E-9,39.99999911E-3,,,,,456.000009308E-9,26.80000114,
,,,456.400016446E-9,-79.999998212E-3,,,,,456.400016446E-9,39.99999911E-3,,,,,456.400016446E-9,26.39999962,
,,,456.800023585E-9,-79.999998212E-3,,,,,456.800023585E-9,79.999998212E-3,,,,,456.800023585E-9,26.39999962,
,,,457.200030723E-9,-79.999998212E-3,,,,,457.200030723E-9,119.9999973E-3,,,,,457.200030723E-9,26.00000000,
,,,457.600009440E-9,-79.999998212E-3,,,,,457.600009440E-9,159.99999642E-3,,,,,457.600009440E-9,25.60000038,
,,,458.000016579E-9,-39.99999911E-3,,,,,458.000016579E-9,159.99999642E-3,,,,,458.000016579E-9,25.60000038,
,,,458.400023717E-9,-39.99999911E-3,,,,,458.400023717E-9,119.9999973E-3,,,,,458.400023717E-9,25.60000038,
,,,458.800030856E-9,-39.99999911E-3,,,,,458.800030856E-9,79.999998212E-3,,,,,458.800030856E-9,25.20000076,
,,,459.200009573E-9,0.0,,,,,459.200009573E-9,79.999998212E-3,,,,,459.200009573E-9,24.80000114,
,,,459.600016711E-9,0.0,,,,,459.600016711E-9,79.999998212E-3,,,,,459.600016711E-9,24.39999962,
,,,460.000023850E-9,0.0,,,,,460.000023850E-9,119.9999973E-3,,,,,460.000023850E-9,24.00000000,
,,,460.400030988E-9,0.0,,,,,460.400030988E-9,119.9999973E-3,,,,,460.400030988E-9,23.20000076,
,,,460.800009705E-9,0.0,,,,,460.800009705E-9,119.9999973E-3,,,,,460.800009705E-9,22.80000114,
,,,461.200016844E-9,39.99999911E-3,,,,,461.200016844E-9,79.999998212E-3,,,,,461.200016844E-9,22.39999962,
,,,461.600023982E-9,39.99999911E-3,,,,,461.600023982E-9,79.999998212E-3,,,,,461.600023982E-9,22.39999962,
,,,462.000031121E-9,39.99999911E-3,,,,,462.000031121E-9,79.999998212E-3,,,,,462.000031121E-9,22.39999962,
,,,462.400009837E-9,39.99999911E-3,,,,,462.400009837E-9,119.9999973E-3,,,,,462.400009837E-9,22.39999962,
,,,462.800016976E-9,39.99999911E-3,,,,,462.800016976E-9,159.99999642E-3,,,,,462.800016976E-9,22.39999962,
,,,463.200024114E-9,0.0,,,,,463.200024114E-9,199.99998808E-3,,,,,463.200024114E-9,22.39999962,
,,,463.600031253E-9,0.0,,,,,463.600031253E-9,239.99999464E-3,,,,,463.600031253E-9,22.39999962,
,,,464.000009970E-9,0.0,,,,,464.000009970E-9,239.99999464E-3,,,,,464.000009970E-9,22.39999962,
,,,464.400017108E-9,0.0,,,,,464.400017108E-9,199.99998808E-3,,,,,464.400017108E-9,22.39999962,
,,,464.800024247E-9,0.0,,,,,464.800024247E-9,159.99999642E-3,,,,,464.800024247E-9,22.39999962,
,,,465.200031385E-9,0.0,,,,,465.200031385E-9,119.9999973E-3,,,,,465.200031385E-9,22.80000114,
,,,465.600010102E-9,0.0,,,,,465.600010102E-9,119.9999973E-3,,,,,465.600010102E-9,22.80000114,
,,,466.000017241E-9,0.0,,,,,466.000017241E-9,119.9999973E-3,,,,,466.000017241E-9,22.80000114,
,,,466.400024379E-9,0.0,,,,,466.400024379E-9,119.9999973E-3,,,,,466.400024379E-9,23.20000076,
,,,466.800031518E-9,0.0,,,,,466.800031518E-9,119.9999973E-3,,,,,466.800031518E-9,23.60000038,
,,,467.200010235E-9,0.0,,,,,467.200010235E-9,159.99999642E-3,,,,,467.200010235E-9,24.00000000,
,,,467.600017373E-9,0.0,,,,,467.600017373E-9,159.99999642E-3,,,,,467.600017373E-9,24.00000000,
,,,468.000024512E-9,0.0,,,,,468.000024512E-9,159.99999642E-3,,,,,468.000024512E-9,24.39999962,
,,,468.400031650E-9,0.0,,,,,468.400031650E-9,159.99999642E-3,,,,,468.400031650E-9,24.80000114,
,,,468.800010367E-9,0.0,,,,,468.800010367E-9,159.99999642E-3,,,,,468.800010367E-9,25.20000076,
,,,469.200017506E-9,39.99999911E-3,,,,,469.200017506E-9,199.99998808E-3,,,,,469.200017506E-9,25.60000038,
,,,469.600024644E-9,39.99999911E-3,,,,,469.600024644E-9,159.99999642E-3,,,,,469.600024644E-9,26.00000000,
,,,470.000031783E-9,39.99999911E-3,,,,,470.000031783E-9,159.99999642E-3,,,,,470.000031783E-9,26.00000000,
,,,470.400010499E-9,39.99999911E-3,,,,,470.400010499E-9,79.999998212E-3,,,,,470.400010499E-9,26.39999962,
,,,470.800017638E-9,39.99999911E-3,,,,,470.800017638E-9,0.0,,,,,470.800017638E-9,26.80000114,
,,,471.200024776E-9,39.99999911E-3,,,,,471.200024776E-9,-79.999998212E-3,,,,,471.200024776E-9,26.80000114,
,,,471.600031915E-9,39.99999911E-3,,,,,471.600031915E-9,-79.999998212E-3,,,,,471.600031915E-9,26.80000114,
,,,472.000010632E-9,39.99999911E-3,,,,,472.000010632E-9,-79.999998212E-3,,,,,472.000010632E-9,26.39999962,
,,,472.400017770E-9,0.0,,,,,472.400017770E-9,-119.9999973E-3,,,,,472.400017770E-9,26.39999962,
,,,472.800024909E-9,-39.99999911E-3,,,,,472.800024909E-9,-119.9999973E-3,,,,,472.800024909E-9,26.00000000,
,,,473.200032047E-9,-79.999998212E-3,,,,,473.200032047E-9,-159.99999642E-3,,,,,473.200032047E-9,26.00000000,
,,,473.600010764E-9,-79.999998212E-3,,,,,473.600010764E-9,-159.99999642E-3,,,,,473.600010764E-9,26.00000000,
,,,474.000017903E-9,-79.999998212E-3,,,,,474.000017903E-9,-159.99999642E-3,,,,,474.000017903E-9,26.00000000,
,,,474.400025041E-9,-79.999998212E-3,,,,,474.400025041E-9,-119.9999973E-3,,,,,474.400025041E-9,25.60000038,
,,,474.800032180E-9,-79.999998212E-3,,,,,474.800032180E-9,-79.999998212E-3,,,,,474.800032180E-9,25.20000076,
,,,475.200010897E-9,-79.999998212E-3,,,,,475.200010897E-9,-39.99999911E-3,,,,,475.200010897E-9,25.20000076,
,,,475.600018035E-9,-79.999998212E-3,,,,,475.600018035E-9,0.0,,,,,475.600018035E-9,24.80000114,
,,,476.000025174E-9,-79.999998212E-3,,,,,476.000025174E-9,79.999998212E-3,,,,,476.000025174E-9,24.39999962,
,,,476.400032312E-9,-79.999998212E-3,,,,,476.400032312E-9,119.9999973E-3,,,,,476.400032312E-9,24.39999962,
,,,476.800011029E-9,-79.999998212E-3,,,,,476.800011029E-9,119.9999973E-3,,,,,476.800011029E-9,24.00000000,
,,,477.200046589E-9,-39.99999911E-3,,,,,477.200046589E-9,159.99999642E-3,,,,,477.200046589E-9,23.60000038,
,,,477.599996884E-9,0.0,,,,,477.599996884E-9,159.99999642E-3,,,,,477.599996884E-9,23.60000038,
,,,478.000004023E-9,39.99999911E-3,,,,,478.000004023E-9,159.99999642E-3,,,,,478.000004023E-9,23.20000076,
,,,478.400011161E-9,79.999998212E-3,,,,,478.400011161E-9,159.99999642E-3,,,,,478.400011161E-9,23.20000076,
,,,478.800018300E-9,79.999998212E-3,,,,,478.800018300E-9,159.99999642E-3,,,,,478.800018300E-9,22.80000114,
,,,479.200025438E-9,119.9999973E-3,,,,,479.200025438E-9,159.99999642E-3,,,,,479.200025438E-9,22.80000114,
,,,479.600032577E-9,79.999998212E-3,,,,,479.600032577E-9,159.99999642E-3,,,,,479.600032577E-9,22.39999962,
,,,480.000039715E-9,79.999998212E-3,,,,,480.000039715E-9,199.99998808E-3,,,,,480.000039715E-9,22.39999962,
,,,480.400046854E-9,79.999998212E-3,,,,,480.400046854E-9,199.99998808E-3,,,,,480.400046854E-9,22.39999962,
,,,480.799997149E-9,79.999998212E-3,,,,,480.799997149E-9,239.99999464E-3,,,,,480.799997149E-9,22.39999962,
,,,481.200004288E-9,119.9999973E-3,,,,,481.200004288E-9,199.99998808E-3,,,,,481.200004288E-9,22.39999962,
,,,481.600011426E-9,119.9999973E-3,,,,,481.600011426E-9,199.99998808E-3,,,,,481.600011426E-9,22.39999962,
,,,482.000018565E-9,119.9999973E-3,,,,,482.000018565E-9,159.99999642E-3,,,,,482.000018565E-9,22.80000114,
,,,482.400025703E-9,79.999998212E-3,,,,,482.400025703E-9,79.999998212E-3,,,,,482.400025703E-9,23.20000076,
,,,482.800032842E-9,0.0,,,,,482.800032842E-9,39.99999911E-3,,,,,482.800032842E-9,23.20000076,
,,,483.200039980E-9,-39.99999911E-3,,,,,483.200039980E-9,0.0,,,,,483.200039980E-9,23.60000038,
,,,483.600047119E-9,-79.999998212E-3,,,,,483.600047119E-9,-39.99999911E-3,,,,,483.600047119E-9,23.60000038,
,,,483.999997414E-9,-79.999998212E-3,,,,,483.999997414E-9,-39.99999911E-3,,,,,483.999997414E-9,23.60000038,
,,,484.400004552E-9,-119.9999973E-3,,,,,484.400004552E-9,-79.999998212E-3,,,,,484.400004552E-9,24.00000000,
,,,484.800011691E-9,-119.9999973E-3,,,,,484.800011691E-9,-79.999998212E-3,,,,,484.800011691E-9,24.39999962,
,,,485.200018829E-9,-119.9999973E-3,,,,,485.200018829E-9,-119.9999973E-3,,,,,485.200018829E-9,24.39999962,
,,,485.600025968E-9,-119.9999973E-3,,,,,485.600025968E-9,-119.9999973E-3,,,,,485.600025968E-9,24.80000114,
,,,486.000033106E-9,-79.999998212E-3,,,,,486.000033106E-9,-119.9999973E-3,,,,,486.000033106E-9,24.80000114,
,,,486.400040245E-9,-79.999998212E-3,,,,,486.400040245E-9,-159.99999642E-3,,,,,486.400040245E-9,24.80000114,
,,,486.800047383E-9,-79.999998212E-3,,,,,486.800047383E-9,-119.9999973E-3,,,,,486.800047383E-9,25.20000076,
,,,487.199997679E-9,-79.999998212E-3,,,,,487.199997679E-9,-119.9999973E-3,,,,,487.199997679E-9,24.80000114,
,,,487.600004817E-9,-119.9999973E-3,,,,,487.600004817E-9,-119.9999973E-3,,,,,487.600004817E-9,25.20000076,
,,,488.000011956E-9,-79.999998212E-3,,,,,488.000011956E-9,-79.999998212E-3,,,,,488.000011956E-9,25.20000076,
,,,488.400019094E-9,-39.99999911E-3,,,,,488.400019094E-9,-79.999998212E-3,,,,,488.400019094E-9,25.60000038,
,,,488.800026233E-9,0.0,,,,,488.800026233E-9,-39.99999911E-3,,,,,488.800026233E-9,25.60000038,
,,,489.200033371E-9,39.99999911E-3,,,,,489.200033371E-9,0.0,,,,,489.200033371E-9,26.00000000,
,,,489.600040510E-9,79.999998212E-3,,,,,489.600040510E-9,0.0,,,,,489.600040510E-9,25.60000038,
,,,490.000047648E-9,119.9999973E-3,,,,,490.000047648E-9,39.99999911E-3,,,,,490.000047648E-9,25.60000038,
,,,490.399997943E-9,119.9999973E-3,,,,,490.399997943E-9,0.0,,,,,490.399997943E-9,25.20000076,
,,,490.800005082E-9,119.9999973E-3,,,,,490.800005082E-9,0.0,,,,,490.800005082E-9,25.20000076,
,,,491.200012220E-9,79.999998212E-3,,,,,491.200012220E-9,-39.99999911E-3,,,,,491.200012220E-9,24.80000114,
,,,491.600019359E-9,39.99999911E-3,,,,,491.600019359E-9,-39.99999911E-3,,,,,491.600019359E-9,24.80000114,
,,,492.000026497E-9,39.99999911E-3,,,,,492.000026497E-9,-39.99999911E-3,,,,,492.000026497E-9,24.80000114,
,,,492.400033636E-9,0.0,,,,,492.400033636E-9,-39.99999911E-3,,,,,492.400033636E-9,24.39999962,
,,,492.800040774E-9,0.0,,,,,492.800040774E-9,-39.99999911E-3,,,,,492.800040774E-9,24.00000000,
,,,493.200047913E-9,0.0,,,,,493.200047913E-9,0.0,,,,,493.200047913E-9,23.60000038,
,,,493.599998208E-9,0.0,,,,,493.599998208E-9,0.0,,,,,493.599998208E-9,23.60000038,
,,,494.000005347E-9,0.0,,,,,494.000005347E-9,0.0,,,,,494.000005347E-9,23.20000076,
,,,494.400012485E-9,-39.99999911E-3,,,,,494.400012485E-9,0.0,,,,,494.400012485E-9,22.80000114,
,,,494.800019624E-9,-39.99999911E-3,,,,,494.800019624E-9,0.0,,,,,494.800019624E-9,22.80000114,
,,,495.200026762E-9,-39.99999911E-3,,,,,495.200026762E-9,0.0,,,,,495.200026762E-9,22.39999962,
,,,495.600033901E-9,-39.99999911E-3,,,,,495.600033901E-9,0.0,,,,,495.600033901E-9,22.39999962,
,,,496.000041039E-9,-39.99999911E-3,,,,,496.000041039E-9,39.99999911E-3,,,,,496.000041039E-9,22.39999962,
,,,496.400048178E-9,-79.999998212E-3,,,,,496.400048178E-9,0.0,,,,,496.400048178E-9,22.00000000,
,,,496.799998473E-9,-79.999998212E-3,,,,,496.799998473E-9,0.0,,,,,496.799998473E-9,22.00000000,
,,,497.200005611E-9,-79.999998212E-3,,,,,497.200005611E-9,0.0,,,,,497.200005611E-9,21.60000038,
,,,497.600012750E-9,-79.999998212E-3,,,,,497.600012750E-9,0.0,,,,,497.600012750E-9,22.00000000,
,,,498.000019888E-9,-39.99999911E-3,,,,,498.000019888E-9,39.99999911E-3,,,,,498.000019888E-9,22.39999962,
,,,498.400027027E-9,-39.99999911E-3,,,,,498.400027027E-9,39.99999911E-3,,,,,498.400027027E-9,22.39999962,
,,,498.800034165E-9,-39.99999911E-3,,,,,498.800034165E-9,39.99999911E-3,,,,,498.800034165E-9,22.39999962,
,,,499.200041304E-9,-39.99999911E-3,,,,,499.200041304E-9,39.99999911E-3,,,,,499.200041304E-9,22.80000114,
,,,499.600048443E-9,-39.99999911E-3,,,,,499.600048443E-9,39.99999911E-3,,,,,499.600048443E-9,22.80000114,
,,,499.999998738E-9,-39.99999911E-3,,,,,499.999998738E-9,79.999998212E-3,,,,,499.999998738E-9,22.80000114,
,,,500.400005876E-9,-39.99999911E-3,,,,,500.400005876E-9,79.999998212E-3,,,,,500.400005876E-9,23.20000076,
,,,500.800013015E-9,-39.99999911E-3,,,,,500.800013015E-9,79.999998212E-3,,,,,500.800013015E-9,23.60000038,
,,,501.200020153E-9,-39.99999911E-3,,,,,501.200020153E-9,39.99999911E-3,,,,,501.200020153E-9,24.00000000,
,,,501.600027292E-9,-39.99999911E-3,,,,,501.600027292E-9,0.0,,,,,501.600027292E-9,24.00000000,
,,,502.000034430E-9,0.0,,,,,502.000034430E-9,0.0,,,,,502.000034430E-9,24.39999962,
,,,502.400041569E-9,0.0,,,,,502.400041569E-9,-39.99999911E-3,,,,,502.400041569E-9,24.39999962,
,,,502.800048707E-9,0.0,,,,,502.800048707E-9,-39.99999911E-3,,,,,502.800048707E-9,24.80000114,
,,,503.199999002E-9,-39.99999911E-3,,,,,503.199999002E-9,-39.99999911E-3,,,,,503.199999002E-9,24.80000114,
,,,503.600006141E-9,-39.99999911E-3,,,,,503.600006141E-9,-39.99999911E-3,,,,,503.600006141E-9,24.80000114,
,,,504.000013279E-9,-39.99999911E-3,,,,,504.000013279E-9,-39.99999911E-3,,,,,504.000013279E-9,24.80000114,
,,,504.400020418E-9,-39.99999911E-3,,,,,504.400020418E-9,-79.999998212E-3,,,,,504.400020418E-9,24.80000114,
,,,504.800027556E-9,-39.99999911E-3,,,,,504.800027556E-9,-119.9999973E-3,,,,,504.800027556E-9,24.80000114,
,,,505.200034695E-9,0.0,,,,,505.200034695E-9,-119.9999973E-3,,,,,505.200034695E-9,25.20000076,
,,,505.600041834E-9,0.0,,,,,505.600041834E-9,-119.9999973E-3,,,,,505.600041834E-9,25.20000076,
,,,506.000048972E-9,0.0,,,,,506.000048972E-9,-119.9999973E-3,,,,,506.000048972E-9,24.80000114,
,,,506.399999267E-9,-39.99999911E-3,,,,,506.399999267E-9,-119.9999973E-3,,,,,506.399999267E-9,24.80000114,
,,,506.800006406E-9,-39.99999911E-3,,,,,506.800006406E-9,-119.9999973E-3,,,,,506.800006406E-9,25.20000076,
,,,507.200013544E-9,-39.99999911E-3,,,,,507.200013544E-9,-119.9999973E-3,,,,,507.200013544E-9,24.80000114,
,,,507.600020683E-9,-39.99999911E-3,,,,,507.600020683E-9,-159.99999642E-3,,,,,507.600020683E-9,24.80000114,
,,,508.000027821E-9,0.0,,,,,508.000027821E-9,-119.9999973E-3,,,,,508.000027821E-9,24.39999962,
,,,508.400034960E-9,0.0,,,,,508.400034960E-9,-119.9999973E-3,,,,,508.400034960E-9,24.00000000,
,,,508.800042098E-9,0.0,,,,,508.800042098E-9,-79.999998212E-3,,,,,508.800042098E-9,24.00000000,
,,,509.200049237E-9,-39.99999911E-3,,,,,509.200049237E-9,-39.99999911E-3,,,,,509.200049237E-9,23.60000038,
,,,509.599999532E-9,-79.999998212E-3,,,,,509.599999532E-9,-39.99999911E-3,,,,,509.599999532E-9,23.20000076,
,,,510.000006670E-9,-79.999998212E-3,,,,,510.000006670E-9,0.0,,,,,510.000006670E-9,23.20000076,
,,,510.400013809E-9,-79.999998212E-3,,,,,510.400013809E-9,0.0,,,,,510.400013809E-9,22.80000114,
,,,510.800020947E-9,-79.999998212E-3,,,,,510.800020947E-9,39.99999911E-3,,,,,510.800020947E-9,22.80000114,
,,,511.200028086E-9,-119.9999973E-3,,,,,511.200028086E-9,79.999998212E-3,,,,,511.200028086E-9,22.80000114,
,,,511.600035225E-9,-119.9999973E-3,,,,,511.600035225E-9,119.9999973E-3,,,,,511.600035225E-9,22.39999962,
,,,512.000042363E-9,-119.9999973E-3,,,,,512.000042363E-9,159.99999642E-3,,,,,512.000042363E-9,22.39999962,
,,,512.400049502E-9,-159.99999642E-3,,,,,512.400049502E-9,159.99999642E-3,,,,,512.400049502E-9,22.39999962,
,,,512.799999797E-9,-159.99999642E-3,,,,,512.799999797E-9,199.99998808E-3,,,,,512.799999797E-9,22.00000000,
,,,513.200006935E-9,-119.9999973E-3,,,,,513.200006935E-9,159.99999642E-3,,,,,513.200006935E-9,22.00000000,
,,,513.600014074E-9,-79.999998212E-3,,,,,513.600014074E-9,119.9999973E-3,,,,,513.600014074E-9,22.00000000,
,,,514.000021212E-9,-39.99999911E-3,,,,,514.000021212E-9,79.999998212E-3,,,,,514.000021212E-9,22.00000000,
,,,514.400028351E-9,-39.99999911E-3,,,,,514.400028351E-9,39.99999911E-3,,,,,514.400028351E-9,22.00000000,
,,,514.800035489E-9,-39.99999911E-3,,,,,514.800035489E-9,39.99999911E-3,,,,,514.800035489E-9,22.00000000,
,,,515.200042628E-9,-39.99999911E-3,,,,,515.200042628E-9,0.0,,,,,515.200042628E-9,22.00000000,
,,,515.600049766E-9,-39.99999911E-3,,,,,515.600049766E-9,0.0,,,,,515.600049766E-9,22.39999962,
,,,516.000000061E-9,0.0,,,,,516.000000061E-9,0.0,,,,,516.000000061E-9,22.39999962,
,,,516.400007200E-9,-39.99999911E-3,,,,,516.400007200E-9,-39.99999911E-3,,,,,516.400007200E-9,22.80000114,
,,,516.800014339E-9,-39.99999911E-3,,,,,516.800014339E-9,-39.99999911E-3,,,,,516.800014339E-9,22.80000114,
,,,517.200021477E-9,-79.999998212E-3,,,,,517.200021477E-9,-39.99999911E-3,,,,,517.200021477E-9,23.20000076,
,,,517.600028616E-9,-79.999998212E-3,,,,,517.600028616E-9,-39.99999911E-3,,,,,517.600028616E-9,23.20000076,
,,,518.000035754E-9,-39.99999911E-3,,,,,518.000035754E-9,-39.99999911E-3,,,,,518.000035754E-9,23.60000038,
,,,518.400042893E-9,-39.99999911E-3,,,,,518.400042893E-9,-39.99999911E-3,,,,,518.400042893E-9,23.60000038,
,,,518.799993188E-9,0.0,,,,,518.799993188E-9,-39.99999911E-3,,,,,518.799993188E-9,23.60000038,
,,,519.200000326E-9,39.99999911E-3,,,,,519.200000326E-9,-79.999998212E-3,,,,,519.200000326E-9,24.00000000,
,,,519.600007465E-9,0.0,,,,,519.600007465E-9,-79.999998212E-3,,,,,519.600007465E-9,24.00000000,
,,,520.000014603E-9,0.0,,,,,520.000014603E-9,-79.999998212E-3,,,,,520.000014603E-9,24.00000000,
,,,520.400021742E-9,-39.99999911E-3,,,,,520.400021742E-9,-79.999998212E-3,,,,,520.400021742E-9,24.00000000,
,,,520.800028880E-9,-39.99999911E-3,,,,,520.800028880E-9,-79.999998212E-3,,,,,520.800028880E-9,24.00000000,
,,,521.200036019E-9,-39.99999911E-3,,,,,521.200036019E-9,-39.99999911E-3,,,,,521.200036019E-9,24.00000000,
,,,521.600043157E-9,-39.99999911E-3,,,,,521.600043157E-9,-39.99999911E-3,,,,,521.600043157E-9,24.39999962,
,,,521.999993452E-9,0.0,,,,,521.999993452E-9,0.0,,,,,521.999993452E-9,24.39999962,
,,,522.400000591E-9,0.0,,,,,522.400000591E-9,0.0,,,,,522.400000591E-9,24.39999962,
,,,522.800007730E-9,0.0,,,,,522.800007730E-9,0.0,,,,,522.800007730E-9,24.00000000,
,,,523.200014868E-9,0.0,,,,,523.200014868E-9,0.0,,,,,523.200014868E-9,24.00000000,
,,,523.600022007E-9,0.0,,,,,523.600022007E-9,0.0,,,,,523.600022007E-9,24.00000000,
,,,524.000029145E-9,0.0,,,,,524.000029145E-9,39.99999911E-3,,,,,524.000029145E-9,23.60000038,
,,,524.400036284E-9,0.0,,,,,524.400036284E-9,39.99999911E-3,,,,,524.400036284E-9,23.60000038,
,,,524.800043422E-9,0.0,,,,,524.800043422E-9,79.999998212E-3,,,,,524.800043422E-9,23.60000038,
,,,525.199993717E-9,0.0,,,,,525.199993717E-9,39.99999911E-3,,,,,525.199993717E-9,23.20000076,
,,,525.600000856E-9,0.0,,,,,525.600000856E-9,39.99999911E-3,,,,,525.600000856E-9,23.20000076,
,,,526.000007994E-9,0.0,,,,,526.000007994E-9,39.99999911E-3,,,,,526.000007994E-9,23.20000076,
,,,526.400015133E-9,0.0,,,,,526.400015133E-9,39.99999911E-3,,,,,526.400015133E-9,22.80000114,
,,,526.800022271E-9,0.0,,,,,526.800022271E-9,39.99999911E-3,,,,,526.800022271E-9,22.39999962,
,,,527.200029410E-9,39.99999911E-3,,,,,527.200029410E-9,0.0,,,,,527.200029410E-9,22.39999962,
,,,527.600036548E-9,39.99999911E-3,,,,,527.600036548E-9,0.0,,,,,527.600036548E-9,22.00000000,
,,,528.000043687E-9,39.99999911E-3,,,,,528.000043687E-9,0.0,,,,,528.000043687E-9,22.00000000,
,,,528.399993982E-9,39.99999911E-3,,,,,528.399993982E-9,-39.99999911E-3,,,,,528.399993982E-9,21.60000038,
,,,528.800001121E-9,39.99999911E-3,,,,,528.800001121E-9,-39.99999911E-3,,,,,528.800001121E-9,21.60000038,
,,,529.200008259E-9,39.99999911E-3,,,,,529.200008259E-9,-39.99999911E-3,,,,,529.200008259E-9,21.60000038,
,,,529.600015398E-9,0.0,,,,,529.600015398E-9,0.0,,,,,529.600015398E-9,21.60000038,
,,,530.000022536E-9,0.0,,,,,530.000022536E-9,39.99999911E-3,,,,,530.000022536E-9,21.60000038,
,,,530.400029675E-9,-39.99999911E-3,,,,,530.400029675E-9,39.99999911E-3,,,,,530.400029675E-9,21.60000038,
,,,530.800036813E-9,-79.999998212E-3,,,,,530.800036813E-9,79.999998212E-3,,,,,530.800036813E-9,21.60000038,
,,,531.200043952E-9,-119.9999973E-3,,,,,531.200043952E-9,79.999998212E-3,,,,,531.200043952E-9,22.00000000,
,,,531.599994247E-9,-119.9999973E-3,,,,,531.599994247E-9,79.999998212E-3,,,,,531.599994247E-9,22.00000000,
,,,532.000001385E-9,-79.999998212E-3,,,,,532.000001385E-9,79.999998212E-3,,,,,532.000001385E-9,22.39999962,
,,,532.400008524E-9,-79.999998212E-3,,,,,532.400008524E-9,79.999998212E-3,,,,,532.400008524E-9,22.39999962,
,,,532.800015662E-9,-39.99999911E-3,,,,,532.800015662E-9,79.999998212E-3,,,,,532.800015662E-9,22.39999962,
,,,533.200022801E-9,0.0,,,,,533.200022801E-9,79.999998212E-3,,,,,533.200022801E-9,22.39999962,
,,,533.600029939E-9,0.0,,,,,533.600029939E-9,79.999998212E-3,,,,,533.600029939E-9,22.39999962,
,,,534.000037078E-9,0.0,,,,,534.000037078E-9,79.999998212E-3,,,,,534.000037078E-9,22.39999962,
,,,534.400044216E-9,0.0,,,,,534.400044216E-9,79.999998212E-3,,,,,534.400044216E-9,22.39999962,
,,,534.799994512E-9,0.0,,,,,534.799994512E-9,79.999998212E-3,,,,,534.799994512E-9,22.39999962,
,,,535.200001650E-9,39.99999911E-3,,,,,535.200001650E-9,79.999998212E-3,,,,,535.200001650E-9,22.39999962,
,,,535.600008789E-9,39.99999911E-3,,,,,535.600008789E-9,79.999998212E-3,,,,,535.600008789E-9,22.39999962,
,,,536.000015927E-9,39.99999911E-3,,,,,536.000015927E-9,119.9999973E-3,,,,,536.000015927E-9,22.80000114,
,,,536.400023066E-9,0.0,,,,,536.400023066E-9,79.999998212E-3,,,,,536.400023066E-9,23.20000076,
,,,536.800030204E-9,-39.99999911E-3,,,,,536.800030204E-9,79.999998212E-3,,,,,536.800030204E-9,23.20000076,
,,,537.200037343E-9,-39.99999911E-3,,,,,537.200037343E-9,39.99999911E-3,,,,,537.200037343E-9,23.60000038,
,,,537.600044481E-9,-39.99999911E-3,,,,,537.600044481E-9,0.0,,,,,537.600044481E-9,23.60000038,
,,,537.999994776E-9,0.0,,,,,537.999994776E-9,0.0,,,,,537.999994776E-9,23.60000038,
,,,538.400001915E-9,0.0,,,,,538.400001915E-9,-39.99999911E-3,,,,,538.400001915E-9,23.60000038,
,,,538.800009053E-9,0.0,,,,,538.800009053E-9,-39.99999911E-3,,,,,538.800009053E-9,23.60000038,
,,,539.200016192E-9,0.0,,,,,539.200016192E-9,-79.999998212E-3,,,,,539.200016192E-9,23.60000038,
,,,539.600023330E-9,0.0,,,,,539.600023330E-9,-79.999998212E-3,,,,,539.600023330E-9,23.60000038,
,,,540.000030469E-9,0.0,,,,,540.000030469E-9,-79.999998212E-3,,,,,540.000030469E-9,23.60000038,
,,,540.400037607E-9,-39.99999911E-3,,,,,540.400037607E-9,-119.9999973E-3,,,,,540.400037607E-9,23.60000038,
,,,540.800044746E-9,-39.99999911E-3,,,,,540.800044746E-9,-79.999998212E-3,,,,,540.800044746E-9,23.60000038,
,,,541.199995041E-9,-39.99999911E-3,,,,,541.199995041E-9,-79.999998212E-3,,,,,541.199995041E-9,23.20000076,
,,,541.600002180E-9,-39.99999911E-3,,,,,541.600002180E-9,-79.999998212E-3,,,,,541.600002180E-9,22.80000114,
,,,542.000009318E-9,0.0,,,,,542.000009318E-9,-39.99999911E-3,,,,,542.000009318E-9,22.80000114,
,,,542.400016457E-9,0.0,,,,,542.400016457E-9,-39.99999911E-3,,,,,542.400016457E-9,22.80000114,
,,,542.800023595E-9,0.0,,,,,542.800023595E-9,-39.99999911E-3,,,,,542.800023595E-9,22.80000114,
,,,543.200030734E-9,39.99999911E-3,,,,,543.200030734E-9,-39.99999911E-3,,,,,543.200030734E-9,22.39999962,
,,,543.600037872E-9,39.99999911E-3,,,,,543.600037872E-9,-39.99999911E-3,,,,,543.600037872E-9,22.39999962,
,,,544.000045011E-9,79.999998212E-3,,,,,544.000045011E-9,0.0,,,,,544.000045011E-9,22.39999962,
,,,544.399995306E-9,79.999998212E-3,,,,,544.399995306E-9,0.0,,,,,544.399995306E-9,22.39999962,
,,,544.800002444E-9,79.999998212E-3,,,,,544.800002444E-9,0.0,,,,,544.800002444E-9,22.00000000,
,,,545.200009583E-9,39.99999911E-3,,,,,545.200009583E-9,39.99999911E-3,,,,,545.200009583E-9,21.60000038,
,,,545.600016721E-9,39.99999911E-3,,,,,545.600016721E-9,39.99999911E-3,,,,,545.600016721E-9,21.20000076,
,,,546.000023860E-9,39.99999911E-3,,,,,546.000023860E-9,79.999998212E-3,,,,,546.000023860E-9,21.20000076,
,,,546.400030998E-9,39.99999911E-3,,,,,546.400030998E-9,119.9999973E-3,,,,,546.400030998E-9,21.20000076,
,,,546.800038137E-9,39.99999911E-3,,,,,546.800038137E-9,119.9999973E-3,,,,,546.800038137E-9,21.20000076,
,,,547.200045276E-9,0.0,,,,,547.200045276E-9,159.99999642E-3,,,,,547.200045276E-9,21.20000076,
,,,547.599995571E-9,0.0,,,,,547.599995571E-9,119.9999973E-3,,,,,547.599995571E-9,21.20000076,
,,,548.000002709E-9,0.0,,,,,548.000002709E-9,119.9999973E-3,,,,,548.000002709E-9,21.20000076,
,,,548.400009848E-9,-39.99999911E-3,,,,,548.400009848E-9,79.999998212E-3,,,,,548.400009848E-9,21.20000076,
,,,548.800016986E-9,-39.99999911E-3,,,,,548.800016986E-9,79.999998212E-3,,,,,548.800016986E-9,21.20000076,
,,,549.200024125E-9,-39.99999911E-3,,,,,549.200024125E-9,79.999998212E-3,,,,,549.200024125E-9,21.20000076,
,,,549.600031263E-9,-39.99999911E-3,,,,,549.600031263E-9,79.999998212E-3,,,,,549.600031263E-9,21.20000076,
,,,550.000038402E-9,-39.99999911E-3,,,,,550.000038402E-9,79.999998212E-3,,,,,550.000038402E-9,21.60000038,
,,,550.400045540E-9,-79.999998212E-3,,,,,550.400045540E-9,39.99999911E-3,,,,,550.400045540E-9,21.60000038,
,,,550.799995835E-9,-79.999998212E-3,,,,,550.799995835E-9,0.0,,,,,550.799995835E-9,21.60000038,
,,,551.200002974E-9,-79.999998212E-3,,,,,551.200002974E-9,-39.99999911E-3,,,,,551.200002974E-9,21.60000038,
,,,551.600010112E-9,-79.999998212E-3,,,,,551.600010112E-9,-39.99999911E-3,,,,,551.600010112E-9,22.00000000,
,,,552.000017251E-9,-79.999998212E-3,,,,,552.000017251E-9,-39.99999911E-3,,,,,552.000017251E-9,22.00000000,
,,,552.400024389E-9,-119.9999973E-3,,,,,552.400024389E-9,-39.99999911E-3,,,,,552.400024389E-9,22.39999962,
,,,552.800031528E-9,-79.999998212E-3,,,,,552.800031528E-9,-39.99999911E-3,,,,,552.800031528E-9,22.80000114,
,,,553.200038667E-9,-79.999998212E-3,,,,,553.200038667E-9,0.0,,,,,553.200038667E-9,22.80000114,
,,,553.600045805E-9,-39.99999911E-3,,,,,553.600045805E-9,0.0,,,,,553.600045805E-9,22.80000114,
,,,553.999996100E-9,0.0,,,,,553.999996100E-9,39.99999911E-3,,,,,553.999996100E-9,22.80000114,
,,,554.400003239E-9,0.0,,,,,554.400003239E-9,39.99999911E-3,,,,,554.400003239E-9,22.80000114,
,,,554.800010377E-9,0.0,,,,,554.800010377E-9,39.99999911E-3,,,,,554.800010377E-9,22.80000114,
,,,555.200017516E-9,0.0,,,,,555.200017516E-9,39.99999911E-3,,,,,555.200017516E-9,22.80000114,
,,,555.600024654E-9,0.0,,,,,555.600024654E-9,39.99999911E-3,,,,,555.600024654E-9,23.20000076,
,,,556.000031793E-9,0.0,,,,,556.000031793E-9,39.99999911E-3,,,,,556.000031793E-9,23.20000076,
,,,556.400038931E-9,-39.99999911E-3,,,,,556.400038931E-9,0.0,,,,,556.400038931E-9,23.20000076,
,,,556.800046070E-9,-39.99999911E-3,,,,,556.800046070E-9,0.0,,,,,556.800046070E-9,23.20000076,
,,,557.199996365E-9,-39.99999911E-3,,,,,557.199996365E-9,0.0,,,,,557.199996365E-9,23.20000076,
,,,557.600003503E-9,-39.99999911E-3,,,,,557.600003503E-9,0.0,,,,,557.600003503E-9,22.80000114,
,,,558.000010642E-9,0.0,,,,,558.000010642E-9,0.0,,,,,558.000010642E-9,22.80000114,
,,,558.400017781E-9,0.0,,,,,558.400017781E-9,-39.99999911E-3,,,,,558.400017781E-9,22.39999962,
,,,558.800024919E-9,0.0,,,,,558.800024919E-9,-39.99999911E-3,,,,,558.800024919E-9,22.39999962,
,,,559.200032058E-9,-39.99999911E-3,,,,,559.200032058E-9,-39.99999911E-3,,,,,559.200032058E-9,22.00000000,
,,,559.600039196E-9,-39.99999911E-3,,,,,559.600039196E-9,-39.99999911E-3,,,,,559.600039196E-9,22.00000000,
,,,560.000046335E-9,-39.99999911E-3,,,,,560.000046335E-9,-39.99999911E-3,,,,,560.000046335E-9,22.00000000,
,,,560.399996630E-9,-79.999998212E-3,,,,,560.399996630E-9,-39.99999911E-3,,,,,560.399996630E-9,21.60000038,
,,,560.800003768E-9,-39.99999911E-3,,,,,560.800003768E-9,-39.99999911E-3,,,,,560.800003768E-9,21.20000076,
,,,561.200010907E-9,-39.99999911E-3,,,,,561.200010907E-9,-39.99999911E-3,,,,,561.200010907E-9,21.20000076,
,,,561.600018045E-9,-39.99999911E-3,,,,,561.600018045E-9,-39.99999911E-3,,,,,561.600018045E-9,21.20000076,
,,,562.000025184E-9,0.0,,,,,562.000025184E-9,-39.99999911E-3,,,,,562.000025184E-9,20.80000114,
,,,562.400032322E-9,0.0,,,,,562.400032322E-9,-39.99999911E-3,,,,,562.400032322E-9,20.80000114,
,,,562.800039461E-9,0.0,,,,,562.800039461E-9,-39.99999911E-3,,,,,562.800039461E-9,20.80000114,
,,,563.200046599E-9,0.0,,,,,563.200046599E-9,-39.99999911E-3,,,,,563.200046599E-9,20.80000114,
,,,563.599996894E-9,0.0,,,,,563.599996894E-9,-79.999998212E-3,,,,,563.599996894E-9,20.80000114,
,,,564.000004033E-9,0.0,,,,,564.000004033E-9,-39.99999911E-3,,,,,564.000004033E-9,20.80000114,
,,,564.400011172E-9,0.0,,,,,564.400011172E-9,-39.99999911E-3,,,,,564.400011172E-9,20.80000114,
,,,564.800018310E-9,0.0,,,,,564.800018310E-9,0.0,,,,,564.800018310E-9,20.80000114,
,,,565.200025449E-9,-39.99999911E-3,,,,,565.200025449E-9,39.99999911E-3,,,,,565.200025449E-9,20.80000114,
,,,565.600032587E-9,-39.99999911E-3,,,,,565.600032587E-9,39.99999911E-3,,,,,565.600032587E-9,21.20000076,
,,,566.000039726E-9,-39.99999911E-3,,,,,566.000039726E-9,79.999998212E-3,,,,,566.000039726E-9,21.20000076,
,,,566.400046864E-9,-79.999998212E-3,,,,,566.400046864E-9,79.999998212E-3,,,,,566.400046864E-9,21.20000076,
,,,566.799997159E-9,-39.99999911E-3,,,,,566.799997159E-9,79.999998212E-3,,,,,566.799997159E-9,21.20000076,
,,,567.200004298E-9,-39.99999911E-3,,,,,567.200004298E-9,79.999998212E-3,,,,,567.200004298E-9,21.20000076,
,,,567.600011436E-9,-39.99999911E-3,,,,,567.600011436E-9,79.999998212E-3,,,,,567.600011436E-9,21.20000076,
,,,568.000018575E-9,0.0,,,,,568.000018575E-9,79.999998212E-3,,,,,568.000018575E-9,21.60000038,
,,,568.400025713E-9,-39.99999911E-3,,,,,568.400025713E-9,39.99999911E-3,,,,,568.400025713E-9,22.00000000,
,,,568.800032852E-9,-39.99999911E-3,,,,,568.800032852E-9,39.99999911E-3,,,,,568.800032852E-9,22.00000000,
,,,569.200039990E-9,-39.99999911E-3,,,,,569.200039990E-9,0.0,,,,,569.200039990E-9,22.39999962,
,,,569.600047129E-9,-39.99999911E-3,,,,,569.600047129E-9,-39.99999911E-3,,,,,569.600047129E-9,22.39999962,
,,,569.999997424E-9,-39.99999911E-3,,,,,569.999997424E-9,-39.99999911E-3,,,,,569.999997424E-9,22.39999962,
,,,570.400004563E-9,-79.999998212E-3,,,,,570.400004563E-9,-79.999998212E-3,,,,,570.400004563E-9,22.39999962,
,,,570.800011701E-9,-79.999998212E-3,,,,,570.800011701E-9,-79.999998212E-3,,,,,570.800011701E-9,22.39999962,
,,,571.200018840E-9,-79.999998212E-3,,,,,571.200018840E-9,-119.9999973E-3,,,,,571.200018840E-9,22.39999962,
,,,571.600025978E-9,-79.999998212E-3,,,,,571.600025978E-9,-119.9999973E-3,,,,,571.600025978E-9,22.80000114,
,,,572.000033117E-9,-79.999998212E-3,,,,,572.000033117E-9,-119.9999973E-3,,,,,572.000033117E-9,22.80000114,
,,,572.400040255E-9,-79.999998212E-3,,,,,572.400040255E-9,-159.99999642E-3,,,,,572.400040255E-9,22.80000114,
,,,572.800047394E-9,-79.999998212E-3,,,,,572.800047394E-9,-159.99999642E-3,,,,,572.800047394E-9,22.39999962,
,,,573.199997689E-9,-79.999998212E-3,,,,,573.199997689E-9,-159.99999642E-3,,,,,573.199997689E-9,22.39999962,
,,,573.600004827E-9,-79.999998212E-3,,,,,573.600004827E-9,-159.99999642E-3,,,,,573.600004827E-9,22.00000000,
,,,574.000011966E-9,-39.99999911E-3,,,,,574.000011966E-9,-119.9999973E-3,,,,,574.000011966E-9,22.00000000,
,,,574.400019104E-9,-39.99999911E-3,,,,,574.400019104E-9,-119.9999973E-3,,,,,574.400019104E-9,22.00000000,
,,,574.800026243E-9,0.0,,,,,574.800026243E-9,-119.9999973E-3,,,,,574.800026243E-9,22.00000000,
,,,575.200033381E-9,-39.99999911E-3,,,,,575.200033381E-9,-119.9999973E-3,,,,,575.200033381E-9,22.00000000,
,,,575.600040520E-9,-39.99999911E-3,,,,,575.600040520E-9,-119.9999973E-3,,,,,575.600040520E-9,21.60000038,
,,,576.000047658E-9,-39.99999911E-3,,,,,576.000047658E-9,-119.9999973E-3,,,,,576.000047658E-9,21.60000038,
,,,576.399997954E-9,-79.999998212E-3,,,,,576.399997954E-9,-159.99999642E-3,,,,,576.399997954E-9,21.60000038,
,,,576.800005092E-9,-39.99999911E-3,,,,,576.800005092E-9,-119.9999973E-3,,,,,576.800005092E-9,21.60000038,
,,,577.200012231E-9,-39.99999911E-3,,,,,577.200012231E-9,-119.9999973E-3,,,,,577.200012231E-9,21.20000076,
,,,577.600019369E-9,-39.99999911E-3,,,,,577.600019369E-9,-79.999998212E-3,,,,,577.600019369E-9,21.20000076,
,,,578.000026508E-9,0.0,,,,,578.000026508E-9,-39.99999911E-3,,,,,578.000026508E-9,21.20000076,
,,,578.400033646E-9,-39.99999911E-3,,,,,578.400033646E-9,-39.99999911E-3,,,,,578.400033646E-9,21.20000076,
,,,578.800040785E-9,-39.99999911E-3,,,,,578.800040785E-9,-39.99999911E-3,,,,,578.800040785E-9,20.80000114,
,,,579.200047923E-9,-39.99999911E-3,,,,,579.200047923E-9,-39.99999911E-3,,,,,579.200047923E-9,20.80000114,
,,,579.599998218E-9,-39.99999911E-3,,,,,579.599998218E-9,-39.99999911E-3,,,,,579.599998218E-9,20.80000114,
,,,580.000005357E-9,0.0,,,,,580.000005357E-9,0.0,,,,,580.000005357E-9,20.80000114,
,,,580.400012495E-9,0.0,,,,,580.400012495E-9,0.0,,,,,580.400012495E-9,21.20000076,
,,,580.800019634E-9,0.0,,,,,580.800019634E-9,0.0,,,,,580.800019634E-9,21.20000076,
,,,581.200026772E-9,0.0,,,,,581.200026772E-9,-39.99999911E-3,,,,,581.200026772E-9,21.20000076,
,,,581.600033911E-9,0.0,,,,,581.600033911E-9,-39.99999911E-3,,,,,581.600033911E-9,21.60000038,
,,,582.000041049E-9,39.99999911E-3,,,,,582.000041049E-9,-39.99999911E-3,,,,,582.000041049E-9,21.20000076,
,,,582.400048188E-9,39.99999911E-3,,,,,582.400048188E-9,-39.99999911E-3,,,,,582.400048188E-9,21.20000076,
,,,582.799998483E-9,39.99999911E-3,,,,,582.799998483E-9,-39.99999911E-3,,,,,582.799998483E-9,21.20000076,
,,,583.200005622E-9,0.0,,,,,583.200005622E-9,0.0,,,,,583.200005622E-9,21.20000076,
,,,583.600012760E-9,0.0,,,,,583.600012760E-9,0.0,,,,,583.600012760E-9,21.20000076,
,,,584.000019899E-9,0.0,,,,,584.000019899E-9,0.0,,,,,584.000019899E-9,21.60000038,
,,,584.400027037E-9,0.0,,,,,584.400027037E-9,-39.99999911E-3,,,,,584.400027037E-9,21.60000038,
,,,584.800034176E-9,0.0,,,,,584.800034176E-9,-39.99999911E-3,,,,,584.800034176E-9,21.60000038,
,,,585.200041314E-9,-39.99999911E-3,,,,,585.200041314E-9,-79.999998212E-3,,,,,585.200041314E-9,21.60000038,
,,,585.600048453E-9,-39.99999911E-3,,,,,585.600048453E-9,-79.999998212E-3,,,,,585.600048453E-9,22.00000000,
,,,585.999998748E-9,-39.99999911E-3,,,,,585.999998748E-9,-79.999998212E-3,,,,,585.999998748E-9,22.00000000,
,,,586.400005886E-9,-79.999998212E-3,,,,,586.400005886E-9,-79.999998212E-3,,,,,586.400005886E-9,22.00000000,
,,,586.800013025E-9,-79.999998212E-3,,,,,586.800013025E-9,-79.999998212E-3,,,,,586.800013025E-9,22.00000000,
,,,587.200020163E-9,-79.999998212E-3,,,,,587.200020163E-9,-39.99999911E-3,,,,,587.200020163E-9,22.00000000,
,,,587.600027302E-9,-79.999998212E-3,,,,,587.600027302E-9,-39.99999911E-3,,,,,587.600027302E-9,22.00000000,
,,,588.000034440E-9,-39.99999911E-3,,,,,588.000034440E-9,-39.99999911E-3,,,,,588.000034440E-9,22.00000000,
,,,588.400041579E-9,-79.999998212E-3,,,,,588.400041579E-9,-79.999998212E-3,,,,,588.400041579E-9,22.00000000,
,,,588.800048718E-9,-79.999998212E-3,,,,,588.800048718E-9,-79.999998212E-3,,,,,588.800048718E-9,22.00000000,
,,,589.199999013E-9,-119.9999973E-3,,,,,589.199999013E-9,-79.999998212E-3,,,,,589.199999013E-9,22.00000000,
,,,589.600006151E-9,-119.9999973E-3,,,,,589.600006151E-9,-119.9999973E-3,,,,,589.600006151E-9,22.00000000,
,,,590.000013290E-9,-79.999998212E-3,,,,,590.000013290E-9,-79.999998212E-3,,,,,590.000013290E-9,22.00000000,
,,,590.400020428E-9,-79.999998212E-3,,,,,590.400020428E-9,-79.999998212E-3,,,,,590.400020428E-9,21.60000038,
,,,590.800027567E-9,-39.99999911E-3,,,,,590.800027567E-9,-79.999998212E-3,,,,,590.800027567E-9,21.60000038,
,,,591.200034705E-9,0.0,,,,,591.200034705E-9,-79.999998212E-3,,,,,591.200034705E-9,21.60000038,
,,,591.600041844E-9,0.0,,,,,591.600041844E-9,-79.999998212E-3,,,,,591.600041844E-9,21.60000038,
,,,592.000048982E-9,0.0,,,,,592.000048982E-9,-79.999998212E-3,,,,,592.000048982E-9,21.60000038,
,,,592.399999277E-9,0.0,,,,,592.399999277E-9,-79.999998212E-3,,,,,592.399999277E-9,21.60000038,
,,,592.800006416E-9,0.0,,,,,592.800006416E-9,-79.999998212E-3,,,,,592.800006416E-9,21.20000076,
,,,593.200013554E-9,39.99999911E-3,,,,,593.200013554E-9,-39.99999911E-3,,,,,593.200013554E-9,21.20000076,
,,,593.600020693E-9,39.99999911E-3,,,,,593.600020693E-9,-39.99999911E-3,,,,,593.600020693E-9,20.80000114,
,,,594.000027831E-9,79.999998212E-3,,,,,594.000027831E-9,-39.99999911E-3,,,,,594.000027831E-9,20.80000114,
,,,594.400034970E-9,79.999998212E-3,,,,,594.400034970E-9,-39.99999911E-3,,,,,594.400034970E-9,20.80000114,
,,,594.800042109E-9,79.999998212E-3,,,,,594.800042109E-9,-39.99999911E-3,,,,,594.800042109E-9,20.80000114,
,,,595.200049247E-9,39.99999911E-3,,,,,595.200049247E-9,-39.99999911E-3,,,,,595.200049247E-9,21.20000076,
,,,595.599999542E-9,39.99999911E-3,,,,,595.599999542E-9,-79.999998212E-3,,,,,595.599999542E-9,21.20000076,
