Time,Voltage,fs
-7.6000001656e-07,0.0,249999748.50025046
-7.56000012536e-07,0.0,249999748.50025046
-7.52000010512e-07,0.0,249999748.50025046
-7.48000006488e-07,0.0,249999748.50025046
-7.44000004464e-07,0.0,249999748.50025046
-7.4000000044e-07,-0.040000000019999996,249999748.50025046
-7.35999996416e-07,0.0,249999748.50025046
-7.31999994392e-07,-0.040000000019999996,249999748.50025046
-7.279999903679998e-07,0.040000000019999996,249999748.50025046
-7.239999883439999e-07,0.0,249999748.50025046
-7.199999843199999e-07,0.040000000019999996,249999748.50025046
-7.159999802959998e-07,0.0,249999748.50025046
-7.120000242720002e-07,-0.040000000019999996,249999748.50025046
-7.08000020248e-07,0.0,249999748.50025046
-7.040000162240001e-07,0.0,249999748.50025046
-7.000000142000001e-07,0.0,249999748.50025046
-6.96000010176e-07,-0.040000000019999996,249999748.50025046
-6.92000008152e-07,0.0,249999748.50025046
-6.880000041280001e-07,0.08000000003999999,249999748.50025046
-6.840000001039999e-07,0.040000000019999996,249999748.50025046
-6.7999999808e-07,0.0,249999748.50025046
-6.759999940559999e-07,0.0,249999748.50025046
-6.719999920319999e-07,0.0,249999748.50025046
-6.679999880079999e-07,0.040000000019999996,249999748.50025046
-6.639999859839998e-07,0.0,249999748.50025046
-6.599999819599999e-07,0.0,249999748.50025046
-6.560000239360001e-07,-0.040000000019999996,249999748.50025046
-6.520000199120001e-07,-0.040000000019999996,249999748.50025046
-6.480000178880001e-07,0.0,249999748.50025046
-6.440000138640001e-07,0.040000000019999996,249999748.50025046
-6.400000118400001e-07,0.0,249999748.50025046
-6.36000007816e-07,0.0,249999748.50025046
-6.32000005792e-07,0.0,249999748.50025046
-6.28000001768e-07,0.0,249999748.50025046
-6.239999977439999e-07,0.0,249999748.50025046
-6.199999957199999e-07,0.0,249999748.50025046
-6.15999991696e-07,0.040000000019999996,249999748.50025046
-6.119999896719999e-07,0.040000000019999996,249999748.50025046
-6.079999856479999e-07,-0.040000000019999996,249999748.50025046
-6.039999816239998e-07,0.0,249999748.50025046
-6.000000256000001e-07,0.0,249999748.50025046
-5.960000215760002e-07,0.0,249999748.50025046
-5.920000175520001e-07,0.0,249999748.50025046
-5.880000155280001e-07,0.0,249999748.50025046
-5.84000011504e-07,-0.040000000019999996,249999748.50025046
-5.8000000948e-07,0.0,249999748.50025046
-5.760000054560001e-07,0.040000000019999996,249999748.50025046
-5.72000003432e-07,-0.040000000019999996,249999748.50025046
-5.67999999408e-07,0.0,249999748.50025046
-5.63999995384e-07,0.0,249999748.50025046
-5.599999933599999e-07,-0.040000000019999996,249999748.50025046
-5.559999893359999e-07,0.0,249999748.50025046
-5.519999873119998e-07,-0.040000000019999996,249999748.50025046
-5.479999832879999e-07,0.0,249999748.50025046
-5.439999792639999e-07,0.0,249999748.50025046
-5.400000232400001e-07,0.0,249999748.50025046
-5.360000232160002e-07,0.0,249999748.50025046
-5.320000231920001e-07,0.0,249999748.50025046
-5.280000031680001e-07,0.0,249999748.50025046
-5.240000031439999e-07,0.0,249999748.50025046
-5.2000000312e-07,0.0,249999748.50025046
-5.16000003096e-07,0.0,249999748.50025046
-5.12000003072e-07,-0.040000000019999996,249999748.50025046
-5.080000030479999e-07,0.0,249999748.50025046
-5.04000003024e-07,-0.040000000019999996,249999748.50025046
-4.999999829999998e-07,0.0,249999748.50025046
-4.959999829759999e-07,0.040000000019999996,249999748.50025046
-4.919999829519999e-07,0.0,249999748.50025046
-4.879999829279998e-07,0.0,249999748.50025046
-4.840000229040002e-07,0.0,249999748.50025046
-4.8000002288e-07,0.040000000019999996,249999748.50025046
-4.760000228560001e-07,0.040000000019999996,249999748.50025046
-4.720000228320001e-07,0.0,249999748.50025046
-4.68000002808e-07,0.0,249999748.50025046
-4.6400000278399996e-07,0.0,249999748.50025046
-4.6000000276e-07,0.0,249999748.50025046
-4.56000002736e-07,0.0,249999748.50025046
-4.52000002712e-07,0.0,249999748.50025046
-4.48000002688e-07,-0.040000000019999996,249999748.50025046
-4.4399998266399987e-07,0.0,249999748.50025046
-4.399999826399999e-07,0.0,249999748.50025046
-4.3599998261599987e-07,0.0,249999748.50025046
-4.319999825919999e-07,-0.040000000019999996,249999748.50025046
-4.2800002256800017e-07,0.0,249999748.50025046
-4.240000225440001e-07,-0.040000000019999996,249999748.50025046
-4.2000002252000017e-07,0.0,249999748.50025046
-4.160000224960001e-07,0.0,249999748.50025046
-4.1200000247200005e-07,0.0,249999748.50025046
-4.0800000244799997e-07,0.0,249999748.50025046
-4.0400000242400005e-07,0.0,249999748.50025046
-4.0000000239999997e-07,-0.08000000003999999,249999748.50025046
-3.96000002376e-07,0.32000000015999996,249999748.50025046
-3.9200000235199997e-07,0.5199999862600007,249999748.50025046
-3.879999823279999e-07,0.5599999909700004,249999748.50025046
-3.8399998230399985e-07,0.7600000143499992,249999748.50025046
-3.8000000228e-07,1.1999999916000004,249999748.50025046
-3.76000002256e-07,0.7600000143499992,249999748.50025046
-3.72000002232e-07,0.8000000190199991,249999748.50025046
-3.6800000220799997e-07,1.1199999823600009,249999748.50025046
-3.64000002184e-07,0.8800000283799986,249999748.50025046
-3.599999821599999e-07,0.6800000049899998,249999748.50025046
-3.56000002136e-07,1.0799999772400009,249999748.50025046
-3.52000002112e-07,0.8400000236999988,249999748.50025046
-3.48000002088e-07,0.44000001421999935,249999748.50025046
-3.4400000206400003e-07,0.6400000003199999,249999748.50025046
-3.4000000204e-07,0.5599999909700004,249999748.50025046
-3.3600000201600003e-07,0.2799999954400002,249999748.50025046
-3.32000001992e-07,0.40000000949999953,249999748.50025046
-3.280000219680001e-07,0.2799999954400002,249999748.50025046
-3.24000001944e-07,0.040000000019999996,249999748.50025046
-3.2000000192e-07,-0.11999999536000021,249999748.50025046
-3.16000001896e-07,-0.11999999536000021,249999748.50025046
-3.1200000187200003e-07,-0.08000000003999999,249999748.50025046
-3.08000001848e-07,-0.23999999082000043,249999748.50025046
-3.0400000182400003e-07,-0.44000001421999935,249999748.50025046
-3.0000002180000013e-07,-0.5199999862600007,249999748.50025046
-2.96000001776e-07,-0.47999998164000085,249999748.50025046
-2.92000001752e-07,-0.5599999909700004,249999748.50025046
-2.88000001728e-07,-0.7200000096699994,249999748.50025046
-2.84000001704e-07,-0.7600000143499992,249999748.50025046
-2.8000000168e-07,-0.7200000096699994,249999748.50025046
-2.76000001656e-07,-0.8000000190199991,249999748.50025046
-2.720000216320001e-07,-0.8000000190199991,249999748.50025046
-2.68000001608e-07,-0.8400000236999988,249999748.50025046
-2.6400000158400003e-07,-0.8800000283799986,249999748.50025046
-2.6000000156e-07,-0.8800000283799986,249999748.50025046
-2.56000001536e-07,-0.8800000283799986,249999748.50025046
-2.52000001512e-07,-0.8400000236999988,249999748.50025046
-2.48000001488e-07,-0.8400000236999988,249999748.50025046
-2.440000214640001e-07,-0.8000000190199991,249999748.50025046
-2.4000000144e-07,-0.8400000236999988,249999748.50025046
-2.3600000141599998e-07,-0.7600000143499992,249999748.50025046
-2.3200000139199998e-07,-0.6800000049899998,249999748.50025046
-2.28000001368e-07,-0.6800000049899998,249999748.50025046
-2.24000001344e-07,-0.5999999956400002,249999748.50025046
-2.2000000132e-07,-0.5599999909700004,249999748.50025046
-2.160000212960001e-07,-0.5199999862600007,249999748.50025046
-2.12000001272e-07,-0.40000000949999953,249999748.50025046
-2.08000001248e-07,-0.40000000949999953,249999748.50025046
-2.0400000122399998e-07,-0.3600000048799997,249999748.50025046
-2.0000000119999998e-07,-0.2799999954400002,249999748.50025046
-1.95999997498e-07,-0.20000000459999975,249999748.50025046
-1.9199999430079996e-07,-0.16000000048,249999748.50025046
-1.880000024724e-07,-0.08000000003999999,249999748.50025046
-1.839999992752e-07,-0.040000000019999996,249999748.50025046
-1.8000000744680006e-07,0.08000000003999999,249999748.50025046
-1.7600000424960002e-07,0.08000000003999999,249999748.50025046
-1.720000010524e-07,0.16000000048,249999748.50025046
-1.6799999785539998e-07,0.23999999082000043,249999748.50025046
-1.6400000602700003e-07,0.23999999082000043,249999748.50025046
-1.6000000282980002e-07,0.32000000015999996,249999748.50025046
-1.559999996326e-07,0.3600000048799997,249999748.50025046
-1.5200000780420004e-07,0.32000000015999996,249999748.50025046
-1.4800000460700003e-07,0.40000000949999953,249999748.50025046
-1.4400000141e-07,0.40000000949999953,249999748.50025046
-1.3999999821279998e-07,0.44000001421999935,249999748.50025046
-1.3600000638440004e-07,0.44000001421999935,249999748.50025046
-1.3200000318720003e-07,0.44000001421999935,249999748.50025046
-1.2799999999e-07,0.47999998164000085,249999748.50025046
-1.2400000816160004e-07,0.44000001421999935,249999748.50025046
-1.2000000496460004e-07,0.47999998164000085,249999748.50025046
-1.160000017674e-07,0.44000001421999935,249999748.50025046
-1.1199999857019999e-07,0.44000001421999935,249999748.50025046
-1.0800000674180005e-07,0.44000001421999935,249999748.50025046
-1.0400000354460002e-07,0.40000000949999953,249999748.50025046
-1.0000000034759999e-07,0.40000000949999953,249999748.50025046
-9.600000851900005e-08,0.3600000048799997,249999748.50025046
-9.200000532200003e-08,0.32000000015999996,249999748.50025046
-8.800000212480001e-08,0.32000000015999996,249999748.50025046
-8.400000461200002e-08,0.3600000048799997,249999748.50025046
-8.0000001414e-08,0.2799999954400002,249999748.50025046
-7.600000390200003e-08,0.20000000459999975,249999748.50025046
-7.200000070400001e-08,0.16000000048,249999748.50025046
-6.800000319200001e-08,0.11999999536000021,249999748.50025046
-6.400000568000003e-08,0.11999999536000021,249999748.50025046
-6.000000248200001e-08,0.08000000003999999,249999748.50025046
-5.600000497000002e-08,0.040000000019999996,249999748.50025046
-5.2000001772e-08,0.040000000019999996,249999748.50025046
-4.8000004260000027e-08,0.0,249999748.50025046
-4.400000390400002e-08,0.0,249999748.50025046
-4.0000003550000024e-08,-0.08000000003999999,249999748.50025046
-3.600000319400002e-08,-0.11999999536000021,249999748.50025046
-3.2000002840000015e-08,-0.16000000048,249999748.50025046
-2.8000002488000013e-08,-0.16000000048,249999748.50025046
-2.4000002124000012e-08,-0.16000000048,249999748.50025046
-2.0000003200000018e-08,-0.20000000459999975,249999748.50025046
-1.6000002841000016e-08,-0.20000000459999975,249999748.50025046
-1.2000002486000015e-08,-0.23999999082000043,249999748.50025046
-8.000002842000016e-09,-0.23999999082000043,249999748.50025046
-4.000002844000017e-09,-0.20000000459999975,249999748.50025046
-2.842170917053025e-15,-0.2799999954400002,249999748.50025046
3.999997163999983e-09,-0.2799999954400002,249999748.50025046
7.999997157999982e-09,-0.2799999954400002,249999748.50025046
1.1999996801599981e-08,-1.0399999721200013,249999748.50025046
1.5999997156599984e-08,-1.9600000056799998,249999748.50025046
1.9999997511599985e-08,-1.5599999588800018,249999748.50025046
2.399999644399998e-08,-3.320000015659999,249999748.50025046
2.799999680799998e-08,-1.4799999494400025,249999748.50025046
3.199999715599998e-08,-2.8800000386399978,249999748.50025046
3.599999750999998e-08,-3.5599998946800047,249999748.50025046
3.9999997865999984e-08,-2.760000099179995,249999748.50025046
4.399999821999999e-08,-3.680000132239994,249999748.50025046
4.799999857599999e-08,-3.999999871600006,249999748.50025046
5.199999608799998e-08,-3.3600000947799953,249999748.50025046
5.599999928599999e-08,-4.240000048679998,249999748.50025046
5.999999679799998e-08,-3.999999871600006,249999748.50025046
6.399999430999997e-08,-3.999999871600006,249999748.50025046
6.799999750799998e-08,-4.400000067379996,249999748.50025046
7.199999501999996e-08,-4.319999909020004,249999748.50025046
7.599999821799998e-08,-4.080000029969999,249999748.50025046
7.999999572999996e-08,-4.639999946430002,249999748.50025046
8.399999892759999e-08,-4.520000006909999,249999748.50025046
8.799999644039998e-08,-4.319999909020004,249999748.50025046
9.19999996376e-08,-4.680000025609998,249999748.50025046
9.599999715039998e-08,-4.639999946430002,249999748.50025046
1.0000000034759999e-07,-4.680000025609998,249999748.50025046
1.0399999217599996e-07,-4.5999998672500055,249999748.50025046
1.0799999537319997e-07,-4.440000146559993,249999748.50025046
1.1199999857019999e-07,-4.560000086089995,249999748.50025046
1.160000017674e-07,-4.5999998672500055,249999748.50025046
1.1999999359579995e-07,-4.560000086089995,249999748.50025046
1.2399999679299996e-07,-4.560000086089995,249999748.50025046
1.2799999999e-07,-4.680000025609998,249999748.50025046
1.3199999181859994e-07,-4.639999946430002,249999748.50025046
1.3599999501559997e-07,-4.479999927720003,249999748.50025046
1.3999999821279998e-07,-4.479999927720003,249999748.50025046
1.4400000141e-07,-4.520000006909999,249999748.50025046
1.4799999323839994e-07,-4.520000006909999,249999748.50025046
1.5199999643559995e-07,-4.440000146559993,249999748.50025046
1.559999996326e-07,-4.3599999882,249999748.50025046
1.5999999146099993e-07,-4.400000067379996,249999748.50025046
1.6399999465819997e-07,-4.400000067379996,249999748.50025046
1.6799999785539998e-07,-4.280000127859994,249999748.50025046
1.720000010524e-07,-4.199999969490001,249999748.50025046
1.7599999288099996e-07,-4.240000048679998,249999748.50025046
1.7999999607799996e-07,-4.199999969490001,249999748.50025046
1.839999992752e-07,-4.120000109149995,249999748.50025046
1.880000024724e-07,-4.120000109149995,249999748.50025046
1.9199999430079996e-07,-4.039999950790002,249999748.50025046
1.95999997498e-07,-4.039999950790002,249999748.50025046
2.0000000119999998e-07,-3.9200000112599995,249999748.50025046
2.0400000122399998e-07,-3.9200000112599995,249999748.50025046
2.08000001248e-07,-3.879999932040003,249999748.50025046
2.1199998127199988e-07,-3.839999852920007,249999748.50025046
2.159999812959999e-07,-3.75999999258,249999748.50025046
2.2000000132e-07,-3.719999913360004,249999748.50025046
2.24000001344e-07,-3.6400000530199974,249999748.50025046
2.28000001368e-07,-3.599999973900001,249999748.50025046
2.3200000139199998e-07,-3.5200001134599948,249999748.50025046
2.3600000141599998e-07,-3.5200001134599948,249999748.50025046
2.3999998143999986e-07,-3.4800000343399984,249999748.50025046
2.439999814639999e-07,-3.439999955120002,249999748.50025046
2.48000001488e-07,-3.3600000947799953,249999748.50025046
2.52000001512e-07,-3.2799999364400025,249999748.50025046
2.56000001536e-07,-3.239999857220006,249999748.50025046
2.6000000156e-07,-3.2000000760999963,249999748.50025046
2.6400000158400003e-07,-3.15999999688,249999748.50025046
2.679999816079999e-07,-3.1199999177600035,249999748.50025046
2.7199998163199985e-07,-3.080000136539993,249999748.50025046
2.76000001656e-07,-3.040000057419997,249999748.50025046
2.8000000168e-07,-2.9999999782000004,249999748.50025046
2.84000001704e-07,-2.959999898980005,249999748.50025046
2.88000001728e-07,-2.8800000386399978,249999748.50025046
2.92000001752e-07,-2.7999998803000055,249999748.50025046
2.959999817759999e-07,-2.7999998803000055,249999748.50025046
2.999999817999999e-07,-2.760000099179995,249999748.50025046
3.0400000182400003e-07,-2.679999940840003,249999748.50025046
3.08000001848e-07,-2.6399998616200064,249999748.50025046
3.1200000187200003e-07,-2.6399998616200064,249999748.50025046
3.16000001896e-07,-2.6399998616200064,249999748.50025046
3.2000000192e-07,-2.600000080499996,249999748.50025046
3.239999819439999e-07,-2.47999999194,249999748.50025046
3.279999819679999e-07,-2.47999999194,249999748.50025046
3.32000001992e-07,-2.440000061719997,249999748.50025046
3.3600000201600003e-07,-2.3999999826000007,249999748.50025046
3.4000000204e-07,-2.3600000523799975,249999748.50025046
3.4400000206400003e-07,-2.2399999638200017,249999748.50025046
3.48000002088e-07,-2.280000043039998,249999748.50025046
3.52000002112e-07,-2.2399999638200017,249999748.50025046
3.559999821359999e-07,-2.200000033699998,249999748.50025046
3.599999821599999e-07,-2.1599999544800017,249999748.50025046
3.64000002184e-07,-2.040000015019999,249999748.50025046
3.6800000220799997e-07,-1.999999935800003,249999748.50025046
3.72000002232e-07,-1.9199999264600034,249999748.50025046
3.76000002256e-07,-1.9199999264600034,249999748.50025046
3.8000000228e-07,-1.840000066119997,249999748.50025046
3.8399998230399985e-07,-1.719999977560001,249999748.50025046
3.879999823279999e-07,-1.6800000474399976,249999748.50025046
3.9200000235199997e-07,-1.6800000474399976,249999748.50025046
3.96000002376e-07,-1.6399999682200013,249999748.50025046
4.0000000239999997e-07,-1.5599999588800018,249999748.50025046
4.0400000242400005e-07,-1.5200000286599984,249999748.50025046
4.0800000244799997e-07,-1.4400000193199989,249999748.50025046
4.1200000247200005e-07,-1.4400000193199989,249999748.50025046
4.160000224960001e-07,-1.3600000100799996,249999748.50025046
4.2000002252000017e-07,-1.2800000008399999,249999748.50025046
4.239999825439999e-07,-1.2800000008399999,249999748.50025046
4.2799998256799987e-07,-1.1599999864800006,249999748.50025046
4.319999825919999e-07,-1.1599999864800006,249999748.50025046
4.3599998261599987e-07,-1.1199999823600009,249999748.50025046
4.399999826399999e-07,-1.0399999721200013,249999748.50025046
4.4399998266399987e-07,-0.9999999680000015,249999748.50025046
4.48000002688e-07,-0.9200000330499983,249999748.50025046
4.52000002712e-07,-0.8800000283799986,249999748.50025046
4.56000002736e-07,-0.8000000190199991,249999748.50025046
4.6000000276e-07,-0.7600000143499992,249999748.50025046
4.6400000278399996e-07,-0.7200000096699994,249999748.50025046
4.68000002808e-07,-0.6400000003199999,249999748.50025046
4.720000228320001e-07,-0.5999999956400002,249999748.50025046
4.760000228560001e-07,-0.5199999862600007,249999748.50025046
4.8000002288e-07,-0.47999998164000085,249999748.50025046
4.839999829039999e-07,-0.44000001421999935,249999748.50025046
4.879999829279998e-07,-0.3600000048799997,249999748.50025046
4.919999829519999e-07,-0.2799999954400002,249999748.50025046
4.959999829759999e-07,-0.2799999954400002,249999748.50025046
4.999999829999998e-07,-0.20000000459999975,249999748.50025046
5.04000003024e-07,-0.16000000048,249999748.50025046
5.080000030479999e-07,-0.11999999536000021,249999748.50025046
5.12000003072e-07,-0.040000000019999996,249999748.50025046
5.16000003096e-07,0.040000000019999996,249999748.50025046
5.2000000312e-07,0.040000000019999996,249999748.50025046
5.240000031439999e-07,0.08000000003999999,249999748.50025046
5.280000031680001e-07,0.16000000048,249999748.50025046
5.320000231920001e-07,0.23999999082000043,249999748.50025046
5.360000232160002e-07,0.23999999082000043,249999748.50025046
5.399999832399999e-07,0.32000000015999996,249999748.50025046
5.439999792639999e-07,0.3600000048799997,249999748.50025046
5.479999832879999e-07,0.40000000949999953,249999748.50025046
5.519999873119998e-07,0.44000001421999935,249999748.50025046
5.559999893359999e-07,0.5199999862600007,249999748.50025046
5.599999933599999e-07,0.5599999909700004,249999748.50025046
5.63999995384e-07,0.6400000003199999,249999748.50025046
5.67999999408e-07,0.6400000003199999,249999748.50025046
5.72000003432e-07,0.7200000096699994,249999748.50025046
5.760000054560001e-07,0.7600000143499992,249999748.50025046
5.8000000948e-07,0.8400000236999988,249999748.50025046
5.84000011504e-07,0.8400000236999988,249999748.50025046
5.880000155280001e-07,0.8800000283799986,249999748.50025046
5.920000175520001e-07,0.9599999632200016,249999748.50025046
5.959999755759999e-07,0.9999999680000015,249999748.50025046
5.999999795999999e-07,1.0799999772400009,249999748.50025046
6.039999816239998e-07,1.0799999772400009,249999748.50025046
6.079999856479999e-07,1.1599999864800006,249999748.50025046
6.119999896719999e-07,1.1999999916000004,249999748.50025046
6.15999991696e-07,1.23999999572,249999748.50025046
6.199999957199999e-07,1.2800000008399999,249999748.50025046
6.239999977439999e-07,1.3199999309600032,249999748.50025046
6.28000001768e-07,1.3600000100799996,249999748.50025046
6.32000005792e-07,1.4400000193199989,249999748.50025046
6.36000007816e-07,1.4400000193199989,249999748.50025046
6.400000118400001e-07,1.5200000286599984,249999748.50025046
6.440000138640001e-07,1.5200000286599984,249999748.50025046
6.480000178880001e-07,1.5599999588800018,249999748.50025046
6.519999759119998e-07,1.6800000474399976,249999748.50025046
6.559999779359999e-07,1.6800000474399976,249999748.50025046
6.599999819599999e-07,1.6800000474399976,249999748.50025046
6.639999859839998e-07,1.7600000567799974,249999748.50025046
6.679999880079999e-07,1.7999999869000005,249999748.50025046
6.719999920319999e-07,1.840000066119997,249999748.50025046
6.759999940559999e-07,1.87999999624,249999748.50025046
6.7999999808e-07,1.9600000056799998,249999748.50025046
6.840000001039999e-07,1.999999935800003,249999748.50025046
6.880000041280001e-07,1.999999935800003,249999748.50025046
6.92000008152e-07,2.1200000243599986,249999748.50025046
6.96000010176e-07,2.1200000243599986,249999748.50025046
7.000000142000001e-07,2.1200000243599986,249999748.50025046
7.040000162240001e-07,2.200000033699998,249999748.50025046
7.079999742479999e-07,2.2399999638200017,249999748.50025046
7.119999782719998e-07,2.280000043039998,249999748.50025046
7.159999802959998e-07,2.319999973260001,249999748.50025046
7.199999843199999e-07,2.3600000523799975,249999748.50025046
7.239999883439999e-07,2.3600000523799975,249999748.50025046
7.279999903679998e-07,2.3999999826000007,249999748.50025046
7.31999994392e-07,2.47999999194,249999748.50025046
7.35999996416e-07,2.47999999194,249999748.50025046
7.4000000044e-07,2.5600000012799997,249999748.50025046
7.44000004464e-07,2.5199999220600033,249999748.50025046
7.48000006488e-07,2.6399998616200064,249999748.50025046
7.52000010512e-07,2.679999940840003,249999748.50025046
7.56000012536e-07,2.600000080499996,249999748.50025046
7.6000001656e-07,2.679999940840003,249999748.50025046
7.640000185840002e-07,2.679999940840003,249999748.50025046
7.679999766079999e-07,2.720000019959999,249999748.50025046
7.720000266320002e-07,2.7999998803000055,249999748.50025046
7.759999826559999e-07,2.7999998803000055,249999748.50025046
7.800000326800001e-07,2.839999959520002,249999748.50025046
7.839999907039999e-07,2.8800000386399978,249999748.50025046
7.880000387280002e-07,2.8800000386399978,249999748.50025046
7.91999996752e-07,2.8800000386399978,249999748.50025046
7.959999547759997e-07,2.920000117859994,249999748.50025046
8.000000028e-07,2.9999999782000004,249999748.50025046
8.039999608239998e-07,2.9999999782000004,249999748.50025046
8.08000008848e-07,3.040000057419997,249999748.50025046
8.119999668719998e-07,2.9999999782000004,249999748.50025046
8.160000148960001e-07,3.080000136539993,249999748.50025046
8.199999729199998e-07,3.1199999177600035,249999748.50025046
8.240000229440001e-07,3.15999999688,249999748.50025046
8.279999789679998e-07,3.15999999688,249999748.50025046
8.320000289920002e-07,3.15999999688,249999748.50025046
8.359999870159998e-07,3.2000000760999963,249999748.50025046
8.400000350400002e-07,3.2799999364400025,249999748.50025046
8.439999930639999e-07,3.2000000760999963,249999748.50025046
8.480000410880003e-07,3.239999857220006,249999748.50025046
8.51999999112e-07,3.239999857220006,249999748.50025046
8.559999571359996e-07,3.320000015659999,249999748.50025046
8.6000000516e-07,3.320000015659999,249999748.50025046
8.639999631839997e-07,3.3600000947799953,249999748.50025046
8.680000112080001e-07,3.2799999364400025,249999748.50025046
8.719999692319999e-07,3.320000015659999,249999748.50025046
8.760000172560002e-07,3.3600000947799953,249999748.50025046
8.799999752799999e-07,3.3600000947799953,249999748.50025046
8.840000253040001e-07,3.439999955120002,249999748.50025046
8.879999813279999e-07,3.3999998760000056,249999748.50025046
8.920000313520001e-07,3.439999955120002,249999748.50025046
8.959999893759999e-07,3.4800000343399984,249999748.50025046
9.000000374000002e-07,3.439999955120002,249999748.50025046
9.03999995424e-07,3.5200001134599948,249999748.50025046
9.079999534479997e-07,3.439999955120002,249999748.50025046
9.120000014719999e-07,3.4800000343399984,249999748.50025046
9.159999594959997e-07,3.5200001134599948,249999748.50025046
9.2000000752e-07,3.4800000343399984,249999748.50025046
9.239999655439998e-07,3.4800000343399984,249999748.50025046
9.28000013568e-07,3.5200001134599948,249999748.50025046
9.319999715919997e-07,3.4800000343399984,249999748.50025046
9.36000019616e-07,3.5200001134599948,249999748.50025046
9.399999776399998e-07,3.5599998946800047,249999748.50025046
9.440000276640002e-07,3.5200001134599948,249999748.50025046
9.479999836879998e-07,3.5200001134599948,249999748.50025046
9.520000337120002e-07,3.5200001134599948,249999748.50025046
9.55999991736e-07,3.5200001134599948,249999748.50025046
9.600000397600003e-07,3.5599998946800047,249999748.50025046
9.63999997784e-07,3.5200001134599948,249999748.50025046
9.679999558079998e-07,3.599999973900001,249999748.50025046
9.72000003832e-07,3.5599998946800047,249999748.50025046
9.759999618559999e-07,3.5599998946800047,249999748.50025046
9.8000000988e-07,3.5200001134599948,249999748.50025046
9.839999679039997e-07,3.5200001134599948,249999748.50025046
9.88000015928e-07,3.599999973900001,249999748.50025046
9.919999739519998e-07,3.5599998946800047,249999748.50025046
9.960000239760001e-07,3.5200001134599948,249999748.50025046
9.999999799999999e-07,3.5599998946800047,249999748.50025046
1.0040000300240002e-06,3.5200001134599948,249999748.50025046
1.007999988048e-06,3.5599998946800047,249999748.50025046
1.012000036072e-06,3.5200001134599948,249999748.50025046
1.0159999940959998e-06,3.5599998946800047,249999748.50025046
1.0200000421200001e-06,3.5200001134599948,249999748.50025046
1.024000000144e-06,3.5200001134599948,249999748.50025046
1.0279999581679997e-06,3.4800000343399984,249999748.50025046
1.032000006192e-06,3.5200001134599948,249999748.50025046
1.0359999642159997e-06,3.5200001134599948,249999748.50025046
1.04000001224e-06,3.4800000343399984,249999748.50025046
1.0439999702639998e-06,3.439999955120002,249999748.50025046
1.048000018288e-06,3.4800000343399984,249999748.50025046
1.0519999763119997e-06,3.439999955120002,249999748.50025046
1.0560000263360002e-06,3.3999998760000056,249999748.50025046
1.0599999823599998e-06,3.439999955120002,249999748.50025046
1.0640000323840003e-06,3.3600000947799953,249999748.50025046
1.067999990408e-06,3.3999998760000056,249999748.50025046
1.0720000384320001e-06,3.3600000947799953,249999748.50025046
1.075999996456e-06,3.3999998760000056,249999748.50025046
1.0799999544799997e-06,3.3999998760000056,249999748.50025046
1.084000002504e-06,3.320000015659999,249999748.50025046
1.0879999605279997e-06,3.320000015659999,249999748.50025046
1.092000008552e-06,3.320000015659999,249999748.50025046
1.0959999665759998e-06,3.239999857220006,249999748.50025046
1.1000000146000001e-06,3.2799999364400025,249999748.50025046
1.103999972624e-06,3.2799999364400025,249999748.50025046
1.108000020648e-06,3.239999857220006,249999748.50025046
1.1119999786719998e-06,3.239999857220006,249999748.50025046
1.116000028696e-06,3.2000000760999963,249999748.50025046
1.1199999847199998e-06,3.15999999688,249999748.50025046
1.1240000347440001e-06,3.15999999688,249999748.50025046
1.127999992768e-06,3.15999999688,249999748.50025046
1.1320000407920002e-06,3.080000136539993,249999748.50025046
1.135999998816e-06,3.1199999177600035,249999748.50025046
1.1399999568399998e-06,3.080000136539993,249999748.50025046
1.1440000048639999e-06,3.080000136539993,249999748.50025046
1.1479999628879996e-06,3.080000136539993,249999748.50025046
1.1520000109120001e-06,3.040000057419997,249999748.50025046
1.1559999689359997e-06,2.9999999782000004,249999748.50025046
1.1600000169600002e-06,2.9999999782000004,249999748.50025046
1.1639999749839998e-06,2.9999999782000004,249999748.50025046
1.168000025008e-06,2.920000117859994,249999748.50025046
1.1719999810319998e-06,2.8800000386399978,249999748.50025046
1.1760000310560002e-06,2.920000117859994,249999748.50025046
1.17999998908e-06,2.839999959520002,249999748.50025046
1.1840000371040002e-06,2.839999959520002,249999748.50025046
1.187999995128e-06,2.7999998803000055,249999748.50025046
1.1919999531519998e-06,2.760000099179995,249999748.50025046
1.196000001176e-06,2.760000099179995,249999748.50025046
1.1999999591999998e-06,2.760000099179995,249999748.50025046
1.204000007224e-06,2.720000019959999,249999748.50025046
1.2079999652479997e-06,2.679999940840003,249999748.50025046
1.212000013272e-06,2.679999940840003,249999748.50025046
1.2159999712959998e-06,2.6399998616200064,249999748.50025046
1.22000001932e-06,2.6399998616200064,249999748.50025046
1.2239999773439999e-06,2.600000080499996,249999748.50025046
1.228000027368e-06,2.5600000012799997,249999748.50025046
1.231999983392e-06,2.5199999220600033,249999748.50025046
1.2360000334160002e-06,2.5199999220600033,249999748.50025046
1.2399999914399998e-06,2.47999999194,249999748.50025046
1.2440000394640003e-06,2.3999999826000007,249999748.50025046
1.2479999974879999e-06,2.440000061719997,249999748.50025046
1.2519999555119996e-06,2.3999999826000007,249999748.50025046
1.256000003536e-06,2.3999999826000007,249999748.50025046
1.2599999615599997e-06,2.319999973260001,249999748.50025046
1.264000009584e-06,2.280000043039998,249999748.50025046
1.2679999676079998e-06,2.200000033699998,249999748.50025046
1.272000015632e-06,2.2399999638200017,249999748.50025046
1.2759999736559999e-06,2.2399999638200017,249999748.50025046
1.2800000216800002e-06,2.1599999544800017,249999748.50025046
1.283999979704e-06,2.0799999451400026,249999748.50025046
1.288000029728e-06,2.0799999451400026,249999748.50025046
1.2919999877519998e-06,2.0799999451400026,249999748.50025046
1.2960000357760001e-06,2.040000015019999,249999748.50025046
1.2999999937999999e-06,2.0799999451400026,249999748.50025046
1.3040000418240002e-06,1.9600000056799998,249999748.50025046
1.307999999848e-06,1.9600000056799998,249999748.50025046
1.3119999578719997e-06,1.9199999264600034,249999748.50025046
1.316000005896e-06,1.87999999624,249999748.50025046
1.3199999639199998e-06,1.7999999869000005,249999748.50025046
1.3240000119439999e-06,1.840000066119997,249999748.50025046
1.3279999699679997e-06,1.7600000567799974,249999748.50025046
1.332000017992e-06,1.7600000567799974,249999748.50025046
1.3359999760159997e-06,1.719999977560001,249999748.50025046
1.3400000260400003e-06,1.6800000474399976,249999748.50025046
1.3439999820639998e-06,1.6000000379999981,249999748.50025046
1.3480000320880001e-06,1.5599999588800018,249999748.50025046
1.3519999901119999e-06,1.5599999588800018,249999748.50025046
1.3560000381360002e-06,1.5200000286599984,249999748.50025046
1.35999999616e-06,1.4400000193199989,249999748.50025046
1.3639999541839995e-06,1.4799999494400025,249999748.50025046
1.368000002208e-06,1.3999999402000027,249999748.50025046
1.3719999602319998e-06,1.3600000100799996,249999748.50025046
1.3760000082560001e-06,1.3199999309600032,249999748.50025046
1.3799999662799999e-06,1.3199999309600032,249999748.50025046
1.384000014304e-06,1.2800000008399999,249999748.50025046
1.3879999723279997e-06,1.23999999572,249999748.50025046
1.392000020352e-06,1.1599999864800006,249999748.50025046
1.3959999783759998e-06,1.1599999864800006,249999748.50025046
1.4000000284000001e-06,1.1199999823600009,249999748.50025046
1.4039999844239999e-06,1.1199999823600009,249999748.50025046
1.4080000344480002e-06,0.9999999680000015,249999748.50025046
1.411999992472e-06,0.9999999680000015,249999748.50025046
1.416000040496e-06,0.9599999632200016,249999748.50025046
1.4199999985199998e-06,0.9599999632200016,249999748.50025046
1.4239999565439996e-06,0.8000000190199991,249999748.50025046
1.428000004568e-06,0.8400000236999988,249999748.50025046
1.4319999625919997e-06,1.0399999721200013,249999748.50025046
1.436000010616e-06,0.9599999632200016,249999748.50025046
1.4399999686399997e-06,0.9200000330499983,249999748.50025046
1.444000016664e-06,0.7600000143499992,249999748.50025046
1.4479999746879998e-06,0.8000000190199991,249999748.50025046
1.4520000227120001e-06,0.9200000330499983,249999748.50025046
1.4559999807359997e-06,0.8800000283799986,249999748.50025046
1.4600000307600002e-06,0.6800000049899998,249999748.50025046
1.463999988784e-06,0.5599999909700004,249999748.50025046
1.4680000368080003e-06,0.5999999956400002,249999748.50025046
1.471999994832e-06,0.6800000049899998,249999748.50025046
1.4759999528559998e-06,0.5199999862600007,249999748.50025046
1.48000000068e-06,0.2799999954400002,249999748.50025046
1.4839999583039997e-06,0.3600000048799997,249999748.50025046
1.488000006928e-06,0.47999998164000085,249999748.50025046
1.4919999647519996e-06,0.3600000048799997,249999748.50025046
1.496000013376e-06,0.11999999536000021,249999748.50025046
1.4999999711999998e-06,0.040000000019999996,249999748.50025046
1.504000019824e-06,0.16000000048,249999748.50025046
1.5079999774479998e-06,0.16000000048,249999748.50025046
1.512000026272e-06,-0.040000000019999996,249999748.50025046
1.5159999838959997e-06,-0.16000000048,249999748.50025046
1.5200000325200003e-06,-0.08000000003999999,249999748.50025046
1.5239999903439999e-06,-0.08000000003999999,249999748.50025046
1.5280000389680002e-06,-0.16000000048,249999748.50025046
1.531999996592e-06,-0.2799999954400002,249999748.50025046
1.5359999544159995e-06,-0.32000000015999996,249999748.50025046
1.5399999120399996e-06,-0.23999999082000043,249999748.50025046
1.5440000516640002e-06,-0.32000000015999996,249999748.50025046
1.5480000094880002e-06,-0.44000001421999935,249999748.50025046
1.5519999671119997e-06,-0.5199999862600007,249999748.50025046
1.5559999249359995e-06,-0.44000001421999935,249999748.50025046
1.5600000645600005e-06,-0.47999998164000085,249999748.50025046
1.564000022184e-06,-0.5999999956400002,249999748.50025046
1.5679999800079998e-06,-0.6400000003199999,249999748.50025046
1.5719999376319997e-06,-0.6400000003199999,249999748.50025046
1.5760000772560002e-06,-0.6400000003199999,249999748.50025046
1.58000003508e-06,-0.6800000049899998,249999748.50025046
1.583999992704e-06,-0.8000000190199991,249999748.50025046
1.5879999505279998e-06,-0.8400000236999988,249999748.50025046
1.5919999081519993e-06,-0.8000000190199991,249999748.50025046
1.5960000477760002e-06,-0.7600000143499992,249999748.50025046
1.6000000056e-06,-0.8400000236999988,249999748.50025046
1.6039999632239995e-06,-0.9200000330499983,249999748.50025046
1.6079999210479994e-06,-0.9200000330499983,249999748.50025046
1.6120000606720001e-06,-0.8800000283799986,249999748.50025046
1.6160000182960002e-06,-0.9200000330499983,249999748.50025046
1.6199999761199999e-06,-0.9999999680000015,249999748.50025046
1.6239999337439995e-06,-1.0399999721200013,249999748.50025046
1.6280000733680005e-06,-1.0399999721200013,249999748.50025046
1.6320000311920001e-06,-1.0799999772400009,249999748.50025046
1.6359999888159998e-06,-1.0399999721200013,249999748.50025046
1.6399999466399994e-06,-1.1199999823600009,249999748.50025046
1.6440000862640004e-06,-1.1599999864800006,249999748.50025046
1.648000043888e-06,-1.1599999864800006,249999748.50025046
1.6520000017119997e-06,-1.1599999864800006,249999748.50025046
1.6559999593359998e-06,-1.2800000008399999,249999748.50025046
1.6599999171599994e-06,-1.23999999572,249999748.50025046
1.6640000567840004e-06,-1.2800000008399999,249999748.50025046
1.668000014408e-06,-1.3199999309600032,249999748.50025046
1.6719999722319997e-06,-1.3999999402000027,249999748.50025046
1.6759999298559994e-06,-1.3600000100799996,249999748.50025046
1.6800000694800004e-06,-1.3600000100799996,249999748.50025046
1.684000027304e-06,-1.4400000193199989,249999748.50025046
1.687999984928e-06,-1.4400000193199989,249999748.50025046
1.6919999427519997e-06,-1.5200000286599984,249999748.50025046
1.6960000823760003e-06,-1.5599999588800018,249999748.50025046
1.7000000400000002e-06,-1.5200000286599984,249999748.50025046
1.703999997824e-06,-1.6399999682200013,249999748.50025046
1.7079999554479997e-06,-1.6399999682200013,249999748.50025046
1.7119999132719993e-06,-1.6399999682200013,249999748.50025046
1.7160000528960003e-06,-1.6800000474399976,249999748.50025046
1.72000001052e-06,-1.7600000567799974,249999748.50025046
1.723999968344e-06,-1.7999999869000005,249999748.50025046
1.7279999259679995e-06,-1.7999999869000005,249999748.50025046
1.7320000655920005e-06,-1.7999999869000005,249999748.50025046
1.7360000232160001e-06,-1.87999999624,249999748.50025046
1.7399999810399998e-06,-1.9199999264600034,249999748.50025046
1.7439999386639994e-06,-1.9199999264600034,249999748.50025046
1.7480000782880004e-06,-1.9600000056799998,249999748.50025046
1.752000036112e-06,-1.9600000056799998,249999748.50025046
1.7559999937360001e-06,-1.9600000056799998,249999748.50025046
1.7599999515599998e-06,-2.040000015019999,249999748.50025046
1.7639999091839994e-06,-2.040000015019999,249999748.50025046
1.7680000488080004e-06,-2.040000015019999,249999748.50025046
1.772000006632e-06,-2.1200000243599986,249999748.50025046
1.7759999642559997e-06,-2.1599999544800017,249999748.50025046
1.7799999220799993e-06,-2.1599999544800017,249999748.50025046
1.7840000617040003e-06,-2.1599999544800017,249999748.50025046
1.788000019328e-06,-2.2399999638200017,249999748.50025046
1.7919999771519996e-06,-2.2399999638200017,249999748.50025046
1.7959999347759995e-06,-2.280000043039998,249999748.50025046
1.8000000744000005e-06,-2.2399999638200017,249999748.50025046
1.8040000322240003e-06,-2.280000043039998,249999748.50025046
1.8079999898479998e-06,-2.319999973260001,249999748.50025046
1.8119999476719996e-06,-2.319999973260001,249999748.50025046
1.8160000872960006e-06,-2.319999973260001,249999748.50025046
1.82000004492e-06,-2.319999973260001,249999748.50025046
1.824000002744e-06,-2.3600000523799975,249999748.50025046
1.8279999603679998e-06,-2.440000061719997,249999748.50025046
1.8319999181919996e-06,-2.3999999826000007,249999748.50025046
1.8360000578160004e-06,-2.3600000523799975,249999748.50025046
1.84000001544e-06,-2.440000061719997,249999748.50025046
1.8439999732639997e-06,-2.440000061719997,249999748.50025046
1.8479999308879994e-06,-2.440000061719997,249999748.50025046
1.8520000705120003e-06,-2.47999999194,249999748.50025046
1.856000028336e-06,-2.47999999194,249999748.50025046
1.8599999859599996e-06,-2.47999999194,249999748.50025046
1.8639999437839997e-06,-2.47999999194,249999748.50025046
1.8680000834080002e-06,-2.47999999194,249999748.50025046
1.8720000410320003e-06,-2.5199999220600033,249999748.50025046
1.875999998856e-06,-2.5199999220600033,249999748.50025046
1.8799999564799996e-06,-2.5199999220600033,249999748.50025046
1.8839999143039993e-06,-2.5600000012799997,249999748.50025046
1.8880000539280002e-06,-2.5600000012799997,249999748.50025046
1.892000011552e-06,-2.600000080499996,249999748.50025046
1.8959999693759995e-06,-2.6399998616200064,249999748.50025046
1.8999999269999996e-06,-2.6399998616200064,249999748.50025046
1.9040000666240002e-06,-2.6399998616200064,249999748.50025046
1.9080000244480002e-06,-2.5600000012799997,249999748.50025046
1.9119999820719997e-06,-2.600000080499996,249999748.50025046
1.9159999398959998e-06,-2.600000080499996,249999748.50025046
1.9200000795200005e-06,-2.600000080499996,249999748.50025046
1.924000037144e-06,-2.600000080499996,249999748.50025046
1.9279999949679996e-06,-2.600000080499996,249999748.50025046
1.931999952592e-06,-2.600000080499996,249999748.50025046
1.9359999104159995e-06,-2.600000080499996,249999748.50025046
1.94000005004e-06,-2.679999940840003,249999748.50025046
1.944000007664e-06,-2.679999940840003,249999748.50025046
1.9479999652879997e-06,-2.6399998616200064,249999748.50025046
1.9519999231119993e-06,-2.6399998616200064,249999748.50025046
1.9560000627360005e-06,-2.6399998616200064,249999748.50025046
1.96000002036e-06,-2.6399998616200064,249999748.50025046
1.9639999781839996e-06,-2.600000080499996,249999748.50025046
1.9679999358079995e-06,-2.600000080499996,249999748.50025046
1.9720000754320002e-06,-2.600000080499996,249999748.50025046
1.9760000332560003e-06,-2.600000080499996,249999748.50025046
1.9799999908799997e-06,-2.679999940840003,249999748.50025046
1.983999948704e-06,-2.6399998616200064,249999748.50025046
1.9879999063279993e-06,-2.679999940840003,249999748.50025046
1.992000045952e-06,-2.600000080499996,249999748.50025046
1.996000003776e-06,-2.6399998616200064,249999748.50025046
1.9999999613999995e-06,-2.600000080499996,249999748.50025046
2.0039999120239993e-06,-2.6399998616200064,249999748.50025046
2.0080000520480004e-06,-2.679999940840003,249999748.50025046
2.012000012072e-06,-2.600000080499996,249999748.50025046
2.015999972096e-06,-2.600000080499996,249999748.50025046
2.0199999321199995e-06,-2.600000080499996,249999748.50025046
2.024000072144e-06,-2.600000080499996,249999748.50025046
2.028000032168e-06,-2.5600000012799997,249999748.50025046
2.0319999921919997e-06,-2.600000080499996,249999748.50025046
2.0359999522159997e-06,-2.5600000012799997,249999748.50025046
2.0400000922400007e-06,-2.5600000012799997,249999748.50025046
2.044000032264e-06,-2.5600000012799997,249999748.50025046
2.0479999922879998e-06,-2.5199999220600033,249999748.50025046
2.0519999523119998e-06,-2.5600000012799997,249999748.50025046
2.0559999123359993e-06,-2.47999999194,249999748.50025046
2.06000005236e-06,-2.5199999220600033,249999748.50025046
2.064000012384e-06,-2.47999999194,249999748.50025046
2.0679999724079995e-06,-2.47999999194,249999748.50025046
2.0719999324319995e-06,-2.47999999194,249999748.50025046
2.0760000724560006e-06,-2.3999999826000007,249999748.50025046
2.08000003248e-06,-2.440000061719997,249999748.50025046
2.083999992504e-06,-2.440000061719997,249999748.50025046
2.0879999325279996e-06,-2.3999999826000007,249999748.50025046
2.0920000725520002e-06,-2.440000061719997,249999748.50025046
2.0960000325760002e-06,-2.3999999826000007,249999748.50025046
2.0999999926e-06,-2.3600000523799975,249999748.50025046
2.1039999526239994e-06,-2.3600000523799975,249999748.50025046
2.1079999126479993e-06,-2.3600000523799975,249999748.50025046
2.1120000526720004e-06,-2.3600000523799975,249999748.50025046
2.116000012696e-06,-2.280000043039998,249999748.50025046
2.11999997272e-06,-2.280000043039998,249999748.50025046
2.1239999327439995e-06,-2.319999973260001,249999748.50025046
2.128000072768e-06,-2.319999973260001,249999748.50025046
2.132000012792e-06,-2.280000043039998,249999748.50025046
2.1359999728159996e-06,-2.280000043039998,249999748.50025046
2.139999932839999e-06,-2.2399999638200017,249999748.50025046
2.1440000728640003e-06,-2.200000033699998,249999748.50025046
2.1480000328880003e-06,-2.2399999638200017,249999748.50025046
2.151999992912e-06,-2.1599999544800017,249999748.50025046
2.155999952936e-06,-2.1200000243599986,249999748.50025046
2.1599999129599994e-06,-2.1599999544800017,249999748.50025046
2.164000052984e-06,-2.1599999544800017,249999748.50025046
2.168000013008e-06,-2.1200000243599986,249999748.50025046
2.1719999530319995e-06,-2.1599999544800017,249999748.50025046
2.1759999130559995e-06,-2.040000015019999,249999748.50025046
2.1800000530800005e-06,-2.040000015019999,249999748.50025046
2.184000013104e-06,-2.0799999451400026,249999748.50025046
2.1879999731279997e-06,-2.040000015019999,249999748.50025046
2.1919999331519996e-06,-1.999999935800003,249999748.50025046
2.1960000731760003e-06,-1.9600000056799998,249999748.50025046
2.2000000332e-06,-1.9600000056799998,249999748.50025046
2.203999993224e-06,-1.9600000056799998,249999748.50025046
2.2079999532479994e-06,-1.9199999264600034,249999748.50025046
2.2120000932720005e-06,-1.9199999264600034,249999748.50025046
2.2160000332960004e-06,-1.9199999264600034,249999748.50025046
2.21999999332e-06,-1.87999999624,249999748.50025046
2.223999953344e-06,-1.840000066119997,249999748.50025046
2.2279999133679995e-06,-1.840000066119997,249999748.50025046
2.232000053392e-06,-1.7999999869000005,249999748.50025046
2.236000013416e-06,-1.7999999869000005,249999748.50025046
2.2399999734399997e-06,-1.7600000567799974,249999748.50025046
2.2439999334639992e-06,-1.7600000567799974,249999748.50025046
2.2480000734880003e-06,-1.6800000474399976,249999748.50025046
2.2520000335120003e-06,-1.6800000474399976,249999748.50025046
2.255999993536e-06,-1.719999977560001,249999748.50025046
2.2599999335599998e-06,-1.6399999682200013,249999748.50025046
2.2640000735840004e-06,-1.6000000379999981,249999748.50025046
2.268000033608e-06,-1.5599999588800018,249999748.50025046
2.271999993632e-06,-1.6000000379999981,249999748.50025046
2.2759999536559995e-06,-1.5599999588800018,249999748.50025046
2.2799999136799995e-06,-1.5200000286599984,249999748.50025046
2.2840000537040006e-06,-1.5200000286599984,249999748.50025046
2.288000013728e-06,-1.4799999494400025,249999748.50025046
2.2919999737519997e-06,-1.3600000100799996,249999748.50025046
2.2959999337759997e-06,-1.4400000193199989,249999748.50025046
2.3000000738000003e-06,-1.3999999402000027,249999748.50025046
2.304000013824e-06,-1.3600000100799996,249999748.50025046
2.307999973848e-06,-1.3600000100799996,249999748.50025046
2.3119999338719994e-06,-1.3199999309600032,249999748.50025046
2.3160000738960004e-06,-1.23999999572,249999748.50025046
2.3200000339200004e-06,-1.23999999572,249999748.50025046
2.323999993944e-06,-1.23999999572,249999748.50025046
2.3279999539679996e-06,-1.1999999916000004,249999748.50025046
2.3319999139919995e-06,-1.1999999916000004,249999748.50025046
2.336000054016e-06,-1.1999999916000004,249999748.50025046
2.34000001404e-06,-1.1599999864800006,249999748.50025046
2.3439999540639997e-06,-1.0799999772400009,249999748.50025046
2.3479999140879992e-06,-1.0799999772400009,249999748.50025046
2.3520000541120003e-06,-0.9999999680000015,249999748.50025046
2.3560000141360003e-06,-1.0399999721200013,249999748.50025046
2.35999997416e-06,-0.9999999680000015,249999748.50025046
2.363999934184e-06,-0.9599999632200016,249999748.50025046
2.3680000742080005e-06,-0.9599999632200016,249999748.50025046
2.372000034232e-06,-0.9599999632200016,249999748.50025046
2.375999994256e-06,-0.9200000330499983,249999748.50025046
2.3799999542799996e-06,-0.8800000283799986,249999748.50025046
2.3840000943040006e-06,-0.8400000236999988,249999748.50025046
2.388000034328e-06,-0.7200000096699994,249999748.50025046
2.391999994352e-06,-0.8000000190199991,249999748.50025046
2.3959999543759997e-06,-0.7200000096699994,249999748.50025046
2.3999999143999997e-06,-0.6800000049899998,249999748.50025046
2.4040000544240003e-06,-0.7200000096699994,249999748.50025046
2.408000014448e-06,-0.6400000003199999,249999748.50025046
2.411999974472e-06,-0.6400000003199999,249999748.50025046
2.4159999344959994e-06,-0.6400000003199999,249999748.50025046
2.42000007452e-06,-0.5999999956400002,249999748.50025046
2.4240000345440005e-06,-0.5199999862600007,249999748.50025046
2.427999994568e-06,-0.5199999862600007,249999748.50025046
2.4319999345919995e-06,-0.5199999862600007,249999748.50025046
2.4360000746160006e-06,-0.47999998164000085,249999748.50025046
2.44000003464e-06,-0.44000001421999935,249999748.50025046
2.4439999946639997e-06,-0.47999998164000085,249999748.50025046
2.4479999546879997e-06,-0.5999999956400002,249999748.50025046
2.4519999147119993e-06,-0.11999999536000021,249999748.50025046
2.456000054736e-06,-0.23999999082000043,249999748.50025046
2.4600000147600003e-06,-0.23999999082000043,249999748.50025046
2.463999974784e-06,-0.5999999956400002,249999748.50025046
2.467999934808e-06,-0.47999998164000085,249999748.50025046
2.4720000748320005e-06,-0.23999999082000043,249999748.50025046
2.476000014856e-06,-0.16000000048,249999748.50025046
2.4799999748799996e-06,-0.20000000459999975,249999748.50025046
2.4839999349039995e-06,-0.20000000459999975,249999748.50025046
2.488000074928e-06,-0.23999999082000043,249999748.50025046
2.492000034952e-06,0.0,249999748.50025046
2.4959999949759997e-06,0.0,249999748.50025046
2.4999999549999997e-06,-0.23999999082000043,249999748.50025046
2.5039999150239997e-06,-0.16000000048,249999748.50025046
2.5080000550480004e-06,0.08000000003999999,249999748.50025046
2.512000015072e-06,0.16000000048,249999748.50025046
2.515999955096e-06,0.040000000019999996,249999748.50025046
2.5199999151199994e-06,0.08000000003999999,249999748.50025046
2.524000055144e-06,0.20000000459999975,249999748.50025046
2.528000015168e-06,0.2799999954400002,249999748.50025046
2.5319999751919996e-06,0.23999999082000043,249999748.50025046
2.5359999352159996e-06,0.23999999082000043,249999748.50025046
2.54000007524e-06,0.2799999954400002,249999748.50025046
2.544000035264e-06,0.44000001421999935,249999748.50025046
2.5479999952879998e-06,0.44000001421999935,249999748.50025046
2.5519999553119997e-06,0.44000001421999935,249999748.50025046
2.5560000953360004e-06,0.47999998164000085,249999748.50025046
2.56000003536e-06,0.5199999862600007,249999748.50025046
2.563999995384e-06,0.5599999909700004,249999748.50025046
2.5679999554079994e-06,0.5599999909700004,249999748.50025046
2.5719999154319994e-06,0.5599999909700004,249999748.50025046
2.5760000554560005e-06,0.6400000003199999,249999748.50025046
2.58000001548e-06,0.6800000049899998,249999748.50025046
2.5839999755039996e-06,0.6800000049899998,249999748.50025046
2.5879999355279996e-06,0.6800000049899998,249999748.50025046
2.5920000755520002e-06,0.6800000049899998,249999748.50025046
2.596000035576e-06,0.7600000143499992,249999748.50025046
2.5999999955999998e-06,0.8000000190199991,249999748.50025046
2.6039999356239993e-06,0.7600000143499992,249999748.50025046
2.6080000756480003e-06,0.7600000143499992,249999748.50025046
2.6120000356720003e-06,0.8400000236999988,249999748.50025046
2.615999995696e-06,0.9200000330499983,249999748.50025046
2.61999995572e-06,0.8800000283799986,249999748.50025046
2.6239999157439994e-06,0.8400000236999988,249999748.50025046
2.628000055768e-06,0.8800000283799986,249999748.50025046
2.632000015792e-06,0.9200000330499983,249999748.50025046
2.6359999758159996e-06,0.9599999632200016,249999748.50025046
2.639999935839999e-06,0.9999999680000015,249999748.50025046
2.6440000758640003e-06,0.9999999680000015,249999748.50025046
2.648000015888e-06,0.9999999680000015,249999748.50025046
2.6519999759119997e-06,0.9599999632200016,249999748.50025046
2.6559999359359997e-06,1.0799999772400009,249999748.50025046
2.6600000759600004e-06,1.0799999772400009,249999748.50025046
2.664000035984e-06,1.0799999772400009,249999748.50025046
2.667999996008e-06,1.0799999772400009,249999748.50025046
2.6719999560319995e-06,1.1199999823600009,249999748.50025046
2.6759999160559995e-06,1.1599999864800006,249999748.50025046
2.68000005608e-06,1.1599999864800006,249999748.50025046
2.684000016104e-06,1.1999999916000004,249999748.50025046
2.6879999561279996e-06,1.23999999572,249999748.50025046
2.6919999161519996e-06,1.2800000008399999,249999748.50025046
2.696000056176e-06,1.23999999572,249999748.50025046
2.7000000161999998e-06,1.23999999572,249999748.50025046
2.7039999762239998e-06,1.3199999309600032,249999748.50025046
2.7079999362479993e-06,1.3199999309600032,249999748.50025046
2.7120000762720004e-06,1.3199999309600032,249999748.50025046
2.7160000362960004e-06,1.2800000008399999,249999748.50025046
2.71999999632e-06,1.3199999309600032,249999748.50025046
2.7239999563439995e-06,1.4400000193199989,249999748.50025046
2.7279999163679995e-06,1.4400000193199989,249999748.50025046
2.732000036392e-06,1.4400000193199989,249999748.50025046
2.7359999964159996e-06,1.3999999402000027,249999748.50025046
2.7399999564399996e-06,1.4799999494400025,249999748.50025046
2.743999916463999e-06,1.5200000286599984,249999748.50025046
2.7480000564880002e-06,1.4799999494400025,249999748.50025046
2.7520000165120002e-06,1.4799999494400025,249999748.50025046
2.7559999765359998e-06,1.5599999588800018,249999748.50025046
2.7599999365599998e-06,1.5599999588800018,249999748.50025046
2.7640000765840004e-06,1.6000000379999981,249999748.50025046
2.768000036608e-06,1.6399999682200013,249999748.50025046
2.771999996632e-06,1.6000000379999981,249999748.50025046
2.7759999366559994e-06,1.6800000474399976,249999748.50025046
2.7800000766800005e-06,1.6800000474399976,249999748.50025046
2.784000036704e-06,1.719999977560001,249999748.50025046
2.787999996728e-06,1.6800000474399976,249999748.50025046
2.7919999567519996e-06,1.6800000474399976,249999748.50025046
2.7959999167759996e-06,1.719999977560001,249999748.50025046
2.8000000568000002e-06,1.7999999869000005,249999748.50025046
2.804000016824e-06,1.7999999869000005,249999748.50025046
2.807999976848e-06,1.7999999869000005,249999748.50025046
2.8119999368719994e-06,1.7999999869000005,249999748.50025046
2.8160000768960004e-06,1.7999999869000005,249999748.50025046
2.82000001692e-06,1.840000066119997,249999748.50025046
2.823999976944e-06,1.840000066119997,249999748.50025046
2.8279999369679995e-06,1.7999999869000005,249999748.50025046
2.832000076992e-06,1.87999999624,249999748.50025046
2.836000037016e-06,1.87999999624,249999748.50025046
2.8399999970399997e-06,1.840000066119997,249999748.50025046
2.8439999570639996e-06,1.9199999264600034,249999748.50025046
2.847999917087999e-06,1.87999999624,249999748.50025046
2.8520000571120003e-06,1.87999999624,249999748.50025046
2.8560000171360003e-06,1.9199999264600034,249999748.50025046
2.8599999571599997e-06,1.9199999264600034,249999748.50025046
2.8639999171839993e-06,1.9199999264600034,249999748.50025046
2.8680000572080004e-06,1.9199999264600034,249999748.50025046
2.872000017232e-06,1.9199999264600034,249999748.50025046
2.8759999772559995e-06,1.9199999264600034,249999748.50025046
2.8799999372799995e-06,1.999999935800003,249999748.50025046
2.8840000773040006e-06,1.999999935800003,249999748.50025046
2.888000037328e-06,1.999999935800003,249999748.50025046
2.891999997352e-06,1.9600000056799998,249999748.50025046
2.8959999573759997e-06,1.999999935800003,249999748.50025046
2.8999999173999997e-06,1.9600000056799998,249999748.50025046
2.9040000374240002e-06,1.999999935800003,249999748.50025046
2.9079999974479998e-06,1.9600000056799998,249999748.50025046
2.9119999574719998e-06,1.999999935800003,249999748.50025046
2.9159999174959993e-06,1.999999935800003,249999748.50025046
2.9200000575200004e-06,1.999999935800003,249999748.50025046
2.924000017544e-06,1.999999935800003,249999748.50025046
2.927999977568e-06,1.999999935800003,249999748.50025046
2.9319999375919995e-06,1.999999935800003,249999748.50025046
2.936000077616e-06,2.0799999451400026,249999748.50025046
2.94000003764e-06,1.9600000056799998,249999748.50025046
2.9439999976639997e-06,1.999999935800003,249999748.50025046
2.9479999376879996e-06,1.999999935800003,249999748.50025046
2.9520000777120007e-06,2.040000015019999,249999748.50025046
2.9560000377360002e-06,2.040000015019999,249999748.50025046
2.95999999776e-06,2.040000015019999,249999748.50025046
2.963999957784e-06,1.999999935800003,249999748.50025046
2.9679999178079994e-06,2.040000015019999,249999748.50025046
2.9720000578320004e-06,2.040000015019999,249999748.50025046
2.976000017856e-06,1.999999935800003,249999748.50025046
2.9799999778799995e-06,1.999999935800003,249999748.50025046
2.9839999379039995e-06,2.040000015019999,249999748.50025046
2.9880000779280006e-06,1.999999935800003,249999748.50025046
2.992000017952e-06,1.999999935800003,249999748.50025046
2.995999977976e-06,1.999999935800003,249999748.50025046
2.9999999379999996e-06,2.040000015019999,249999748.50025046
3.0040000780240003e-06,2.040000015019999,249999748.50025046
3.0080000380480003e-06,1.9600000056799998,249999748.50025046
3.011999998072e-06,1.999999935800003,249999748.50025046
3.0159999580959994e-06,1.999999935800003,249999748.50025046
3.0199999181199994e-06,1.9600000056799998,249999748.50025046
3.0240000581440004e-06,1.999999935800003,249999748.50025046
3.028000018168e-06,1.999999935800003,249999748.50025046
3.031999958192e-06,1.9199999264600034,249999748.50025046
3.0359999182159995e-06,1.9600000056799998,249999748.50025046
3.04000005824e-06,1.9600000056799998,249999748.50025046
3.044000018264e-06,1.9600000056799998,249999748.50025046
3.0479999782879997e-06,1.9199999264600034,249999748.50025046
3.0520001183120007e-06,1.9199999264600034,249999748.50025046
3.0560000783360007e-06,1.87999999624,249999748.50025046
3.0600000383600003e-06,1.9199999264600034,249999748.50025046
3.063999998384e-06,1.9199999264600034,249999748.50025046
3.067999958408e-06,1.9199999264600034,249999748.50025046
3.0719999184319994e-06,1.87999999624,249999748.50025046
3.075999858455999e-06,1.87999999624,249999748.50025046
3.0799998184799985e-06,1.840000066119997,249999748.50025046
3.084000138504001e-06,1.87999999624,249999748.50025046
3.0880000985280006e-06,1.840000066119997,249999748.50025046
3.0920000585520006e-06,1.7999999869000005,249999748.50025046
3.096000018576e-06,1.7999999869000005,249999748.50025046
3.0999999786e-06,1.7999999869000005,249999748.50025046
3.1039999386239997e-06,1.7999999869000005,249999748.50025046
3.1079998986479992e-06,1.7600000567799974,249999748.50025046
3.1119998586719992e-06,1.7600000567799974,249999748.50025046
3.116000178696001e-06,1.7999999869000005,249999748.50025046
3.1200001387200005e-06,1.7600000567799974,249999748.50025046
3.1240000787440004e-06,1.7600000567799974,249999748.50025046
3.1280000387680004e-06,1.7600000567799974,249999748.50025046
3.131999998792e-06,1.719999977560001,249999748.50025046
3.135999958816e-06,1.719999977560001,249999748.50025046
3.1399999188399995e-06,1.6399999682200013,249999748.50025046
3.143999878863999e-06,1.6800000474399976,249999748.50025046
3.147999838887999e-06,1.6800000474399976,249999748.50025046
3.152000158912001e-06,1.6399999682200013,249999748.50025046
3.1560001189360004e-06,1.6399999682200013,249999748.50025046
3.1600000789600003e-06,1.6399999682200013,249999748.50025046
3.1640000189840003e-06,1.6000000379999981,249999748.50025046
3.167999979008e-06,1.5599999588800018,249999748.50025046
3.171999939032e-06,1.5599999588800018,249999748.50025046
3.1759998990559994e-06,1.5599999588800018,249999748.50025046
3.1799998590799994e-06,1.5599999588800018,249999748.50025046
3.183999819103999e-06,1.5200000286599984,249999748.50025046
3.1880001391280006e-06,1.4799999494400025,249999748.50025046
3.192000099152e-06,1.4799999494400025,249999748.50025046
3.196000059176e-06,1.5200000286599984,249999748.50025046
3.2000000191999998e-06,1.4799999494400025,249999748.50025046
3.2039999592239997e-06,1.4799999494400025,249999748.50025046
3.2079999192479997e-06,1.4400000193199989,249999748.50025046
3.2119998792719992e-06,1.4400000193199989,249999748.50025046
3.215999839295999e-06,1.4400000193199989,249999748.50025046
3.220000159320001e-06,1.3999999402000027,249999748.50025046
3.2240001193440005e-06,1.3999999402000027,249999748.50025046
3.228000079368e-06,1.3600000100799996,249999748.50025046
3.232000039392e-06,1.3600000100799996,249999748.50025046
3.2359999994159996e-06,1.3600000100799996,249999748.50025046
3.2399999594399996e-06,1.3600000100799996,249999748.50025046
3.243999919463999e-06,1.3199999309600032,249999748.50025046
3.247999859487999e-06,1.3199999309600032,249999748.50025046
3.251999819511999e-06,1.2800000008399999,249999748.50025046
3.2560001395360008e-06,1.2800000008399999,249999748.50025046
3.2600000995600003e-06,1.23999999572,249999748.50025046
3.2640000595840003e-06,1.1999999916000004,249999748.50025046
3.268000019608e-06,1.1599999864800006,249999748.50025046
3.2719999796319994e-06,1.1999999916000004,249999748.50025046
3.2759999396559994e-06,1.1999999916000004,249999748.50025046
3.279999899679999e-06,1.1599999864800006,249999748.50025046
3.283999859703999e-06,1.1199999823600009,249999748.50025046
3.288000179728001e-06,1.0799999772400009,249999748.50025046
3.292000139752001e-06,1.1199999823600009,249999748.50025046
3.296000079776e-06,1.0799999772400009,249999748.50025046
3.3000000398e-06,1.0799999772400009,249999748.50025046
3.3039999998239997e-06,1.0399999721200013,249999748.50025046
3.3079999598479997e-06,1.0399999721200013,249999748.50025046
3.3119999198719993e-06,0.9999999680000015,249999748.50025046
3.315999879895999e-06,1.0399999721200013,249999748.50025046
3.319999839919999e-06,0.9200000330499983,249999748.50025046
3.324000159944001e-06,0.9599999632200016,249999748.50025046
3.328000119968001e-06,0.9200000330499983,249999748.50025046
3.3320000799920005e-06,0.9200000330499983,249999748.50025046
3.336000020016e-06,0.8800000283799986,249999748.50025046
3.3399999800399996e-06,0.8800000283799986,249999748.50025046
3.3439999400639996e-06,0.8400000236999988,249999748.50025046
3.347999900087999e-06,0.8000000190199991,249999748.50025046
3.3519998601119987e-06,0.8000000190199991,249999748.50025046
3.3559998201359987e-06,0.8000000190199991,249999748.50025046
3.360000140160001e-06,0.7600000143499992,249999748.50025046
3.364000100184001e-06,0.6800000049899998,249999748.50025046
3.3680000602080004e-06,0.7600000143499992,249999748.50025046
3.3720000202320004e-06,0.7200000096699994,249999748.50025046
3.3759999602559994e-06,0.6800000049899998,249999748.50025046
3.3799999202799994e-06,0.6400000003199999,249999748.50025046
3.383999880303999e-06,0.5999999956400002,249999748.50025046
3.387999840327999e-06,0.5599999909700004,249999748.50025046
3.392000160352001e-06,0.5599999909700004,249999748.50025046
3.396000120376001e-06,0.5599999909700004,249999748.50025046
3.4000000804000006e-06,0.5199999862600007,249999748.50025046
3.404000040424e-06,0.5199999862600007,249999748.50025046
3.408000000448e-06,0.47999998164000085,249999748.50025046
3.4119999604719998e-06,0.47999998164000085,249999748.50025046
3.4159999204959997e-06,0.47999998164000085,249999748.50025046
3.419999860519999e-06,0.44000001421999935,249999748.50025046
3.423999820543999e-06,0.44000001421999935,249999748.50025046
3.428000140568001e-06,0.3600000048799997,249999748.50025046
3.432000100592001e-06,0.40000000949999953,249999748.50025046
3.4360000606160005e-06,0.32000000015999996,249999748.50025046
3.44000002064e-06,0.3600000048799997,249999748.50025046
3.443999980664e-06,0.32000000015999996,249999748.50025046
3.4479999406879996e-06,0.32000000015999996,249999748.50025046
3.4519999007119996e-06,0.2799999954400002,249999748.50025046
3.455999860735999e-06,0.20000000459999975,249999748.50025046
3.460000180760001e-06,0.23999999082000043,249999748.50025046
3.464000140784001e-06,0.20000000459999975,249999748.50025046
3.4680000808080008e-06,0.20000000459999975,249999748.50025046
3.4720000408320003e-06,0.16000000048,249999748.50025046
3.4760000008560003e-06,0.11999999536000021,249999748.50025046
3.47999996088e-06,0.11999999536000021,249999748.50025046
3.4839999209039995e-06,0.08000000003999999,249999748.50025046
3.4879998809279994e-06,0.08000000003999999,249999748.50025046
3.491999840951999e-06,0.040000000019999996,249999748.50025046
3.4960001609760007e-06,0.0,249999748.50025046
3.5000001210000007e-06,-0.040000000019999996,249999748.50025046
3.5040000810240003e-06,-0.08000000003999999,249999748.50025046
3.508000021048e-06,-0.040000000019999996,249999748.50025046
3.511999981072e-06,-0.08000000003999999,249999748.50025046
3.5159999410959997e-06,-0.08000000003999999,249999748.50025046
3.5199999011199997e-06,-0.11999999536000021,249999748.50025046
3.5239998611439993e-06,-0.11999999536000021,249999748.50025046
3.527999821167999e-06,-0.20000000459999975,249999748.50025046
3.5320001411920006e-06,-0.20000000459999975,249999748.50025046
3.5360001012160005e-06,-0.20000000459999975,249999748.50025046
3.54000006124e-06,-0.2799999954400002,249999748.50025046
3.544000021264e-06,-0.20000000459999975,249999748.50025046
3.547999961288e-06,-0.23999999082000043,249999748.50025046
3.5519999213119996e-06,-0.2799999954400002,249999748.50025046
3.5559998813359996e-06,-0.32000000015999996,249999748.50025046
3.559999841359999e-06,-0.3600000048799997,249999748.50025046
3.564000161384001e-06,-0.44000001421999935,249999748.50025046
3.5680001214080004e-06,-0.3600000048799997,249999748.50025046
3.5720000814320004e-06,-0.40000000949999953,249999748.50025046
3.576000041456e-06,-0.44000001421999935,249999748.50025046
3.58000000148e-06,-0.47999998164000085,249999748.50025046
3.5839999615039995e-06,-0.44000001421999935,249999748.50025046
3.5879999215279995e-06,-0.47999998164000085,249999748.50025046
3.5919998615519994e-06,-0.5199999862600007,249999748.50025046
3.595999821575999e-06,-0.47999998164000085,249999748.50025046
3.6000001416000007e-06,-0.5199999862600007,249999748.50025046
3.6040001016240007e-06,-0.5599999909700004,249999748.50025046
3.6080000616480002e-06,-0.5599999909700004,249999748.50025046
3.612000021672e-06,-0.5599999909700004,249999748.50025046
3.615999981696e-06,-0.5999999956400002,249999748.50025046
3.6199999417199994e-06,-0.6400000003199999,249999748.50025046
3.6239999017439993e-06,-0.6800000049899998,249999748.50025046
3.627999861767999e-06,-0.6400000003199999,249999748.50025046
3.6320001817920006e-06,-0.6800000049899998,249999748.50025046
3.636000141816e-06,-0.7200000096699994,249999748.50025046
3.6400000818400005e-06,-0.6800000049899998,249999748.50025046
3.644000041864e-06,-0.7600000143499992,249999748.50025046
3.648000001888e-06,-0.7200000096699994,249999748.50025046
3.6519999619119996e-06,-0.7600000143499992,249999748.50025046
3.655999921935999e-06,-0.8000000190199991,249999748.50025046
3.659999881959999e-06,-0.8400000236999988,249999748.50025046
3.6639998419839987e-06,-0.8400000236999988,249999748.50025046
3.6680001620080005e-06,-0.8400000236999988,249999748.50025046
3.6720001220320005e-06,-0.8400000236999988,249999748.50025046
3.676000082056e-06,-0.9200000330499983,249999748.50025046
3.68000002208e-06,-0.8800000283799986,249999748.50025046
3.683999982104e-06,-0.9200000330499983,249999748.50025046
3.6879999421279995e-06,-0.9599999632200016,249999748.50025046
3.691999902151999e-06,-0.9599999632200016,249999748.50025046
3.695999862175999e-06,-0.9599999632200016,249999748.50025046
3.6999998221999986e-06,-0.9999999680000015,249999748.50025046
3.7040001422240003e-06,-0.9999999680000015,249999748.50025046
3.7080001022480003e-06,-1.0799999772400009,249999748.50025046
3.712000062272e-06,-0.7200000096699994,249999748.50025046
3.7160000222960003e-06,-0.7600000143499992,249999748.50025046
3.7199999623199998e-06,-0.8800000283799986,249999748.50025046
3.7239999223439993e-06,-0.6800000049899998,249999748.50025046
3.7279998823679993e-06,-0.8400000236999988,249999748.50025046
3.731999842391999e-06,-1.23999999572,249999748.50025046
3.7360001624160006e-06,-1.0399999721200013,249999748.50025046
3.74000012244e-06,-0.8000000190199991,249999748.50025046
3.744000082464e-06,-0.8800000283799986,249999748.50025046
3.7480000424879997e-06,-0.9999999680000015,249999748.50025046
3.7520000025119997e-06,-1.2800000008399999,249999748.50025046
3.755999962536e-06,-0.9999999680000015,249999748.50025046
3.7599999225599997e-06,-0.9200000330499983,249999748.50025046
3.763999862583999e-06,-1.1199999823600009,249999748.50025046
3.7679998226079987e-06,-1.3199999309600032,249999748.50025046
3.7720001426320004e-06,-1.1999999916000004,249999748.50025046
3.776000102656e-06,-1.0399999721200013,249999748.50025046
3.78000006268e-06,-1.1999999916000004,249999748.50025046
3.7840000227039996e-06,-1.3999999402000027,249999748.50025046
3.7879999827279995e-06,-1.3600000100799996,249999748.50025046
3.791999942752e-06,-1.23999999572,249999748.50025046
3.7959999027759995e-06,-1.2800000008399999,249999748.50025046
3.7999998627999995e-06,-1.3999999402000027,249999748.50025046
3.8040001828240012e-06,-1.4400000193199989,249999748.50025046
3.8080001428480008e-06,-1.3600000100799996,249999748.50025046
3.8120000828720003e-06,-1.3600000100799996,249999748.50025046
3.816000042895999e-06,-1.4799999494400025,249999748.50025046
3.820000002919999e-06,-1.4799999494400025,249999748.50025046
3.823999962943999e-06,-1.4799999494400025,249999748.50025046
3.827999922967999e-06,-1.3999999402000027,249999748.50025046
3.831999882991999e-06,-1.4799999494400025,249999748.50025046
3.835999843015999e-06,-1.5599999588800018,249999748.50025046
3.840000163040001e-06,-1.5599999588800018,249999748.50025046
3.844000123064001e-06,-1.4799999494400025,249999748.50025046
3.848000083088001e-06,-1.4799999494400025,249999748.50025046
3.852000023112e-06,-1.5200000286599984,249999748.50025046
3.855999983135999e-06,-1.5599999588800018,249999748.50025046
3.859999943159999e-06,-1.5200000286599984,249999748.50025046
3.863999903183999e-06,-1.4400000193199989,249999748.50025046
3.867999863207999e-06,-1.4799999494400025,249999748.50025046
3.871999823231999e-06,-1.5200000286599984,249999748.50025046
3.8760001432560005e-06,-1.5200000286599984,249999748.50025046
3.8800001032800005e-06,-1.4799999494400025,249999748.50025046
3.8840000633040005e-06,-1.4799999494400025,249999748.50025046
3.8880000233280004e-06,-1.5200000286599984,249999748.50025046
3.891999963351999e-06,-1.5200000286599984,249999748.50025046
3.895999923375999e-06,-1.4799999494400025,249999748.50025046
3.899999883399999e-06,-1.4799999494400025,249999748.50025046
3.903999843423998e-06,-1.4400000193199989,249999748.50025046
3.908000163448001e-06,-1.4799999494400025,249999748.50025046
3.912000123472e-06,-1.4799999494400025,249999748.50025046
3.916000083496e-06,-1.4400000193199989,249999748.50025046
3.92000004352e-06,-1.4799999494400025,249999748.50025046
3.924000003544e-06,-1.4799999494400025,249999748.50025046
3.9279999635679994e-06,-1.4400000193199989,249999748.50025046
3.931999923591999e-06,-1.4400000193199989,249999748.50025046
3.935999863615999e-06,-1.4400000193199989,249999748.50025046
3.939999823639998e-06,-1.4400000193199989,249999748.50025046
3.944000143664001e-06,-1.3999999402000027,249999748.50025046
3.948000103688e-06,-1.3999999402000027,249999748.50025046
3.952000063712e-06,-1.4400000193199989,249999748.50025046
3.956000023736e-06,-1.4400000193199989,249999748.50025046
3.95999998376e-06,-1.4799999494400025,249999748.50025046
3.963999943783999e-06,-1.3999999402000027,249999748.50025046
3.967999903807999e-06,-1.4400000193199989,249999748.50025046
3.971999863831999e-06,-1.3999999402000027,249999748.50025046
3.9760001838560005e-06,-1.3999999402000027,249999748.50025046
3.9800001438800005e-06,-1.4799999494400025,249999748.50025046
3.984000083904001e-06,-1.4799999494400025,249999748.50025046
3.988000043928e-06,-1.4400000193199989,249999748.50025046
3.992000003952e-06,-1.4400000193199989,249999748.50025046
3.995999963976e-06,-1.3999999402000027,249999748.50025046
3.999999923999999e-06,-1.4400000193199989,249999748.50025046
4.003999884023999e-06,-1.4400000193199989,249999748.50025046
4.007999844047999e-06,-1.3600000100799996,249999748.50025046
4.012000164072e-06,-1.4400000193199989,249999748.50025046
4.016000124096e-06,-1.4799999494400025,249999748.50025046
4.02000007612e-06,-1.4400000193199989,249999748.50025046
4.024000032144e-06,-1.3999999402000027,249999748.50025046
4.027999990168e-06,-1.3600000100799996,249999748.50025046
4.031999948191999e-06,-1.4400000193199989,249999748.50025046
4.035999906216e-06,-1.3999999402000027,249999748.50025046
4.039999864239999e-06,-1.4400000193199989,249999748.50025046
4.043999822263999e-06,-1.3999999402000027,249999748.50025046
4.0480001422880004e-06,-1.3999999402000027,249999748.50025046
4.052000100312001e-06,-1.4400000193199989,249999748.50025046
4.056000058336e-06,-1.3999999402000027,249999748.50025046
4.06000001636e-06,-1.3999999402000027,249999748.50025046
4.0639999743839995e-06,-1.3600000100799996,249999748.50025046
4.067999932408e-06,-1.3999999402000027,249999748.50025046
4.071999890431999e-06,-1.3999999402000027,249999748.50025046
4.075999846455999e-06,-1.3199999309600032,249999748.50025046
4.0800001684800005e-06,-1.3600000100799996,249999748.50025046
4.084000126504001e-06,-1.3600000100799996,249999748.50025046
4.088000084528e-06,-1.3600000100799996,249999748.50025046
4.092000042552e-06,-1.3600000100799996,249999748.50025046
4.096000000576e-06,-1.2800000008399999,249999748.50025046
4.099999956599999e-06,-1.3199999309600032,249999748.50025046
4.103999914623999e-06,-1.3199999309600032,249999748.50025046
4.107999872647999e-06,-1.2800000008399999,249999748.50025046
4.111999830671999e-06,-1.3199999309600032,249999748.50025046
4.116000152696001e-06,-1.2800000008399999,249999748.50025046
4.12000011072e-06,-1.23999999572,249999748.50025046
4.124000066744e-06,-1.2800000008399999,249999748.50025046
4.128000024768e-06,-1.3199999309600032,249999748.50025046
4.131999982791999e-06,-1.23999999572,249999748.50025046
4.1359999408159994e-06,-1.1999999916000004,249999748.50025046
4.139999898839999e-06,-1.1999999916000004,249999748.50025046
4.143999856863999e-06,-1.1999999916000004,249999748.50025046
4.148000176888001e-06,-1.1999999916000004,249999748.50025046
4.152000134912001e-06,-1.1999999916000004,249999748.50025046
4.156000092936e-06,-1.1999999916000004,249999748.50025046
4.16000005096e-06,-1.1999999916000004,249999748.50025046
4.164000008983999e-06,-1.1599999864800006,249999748.50025046
4.1679999670079995e-06,-1.1199999823600009,249999748.50025046
4.171999923031999e-06,-1.1999999916000004,249999748.50025046
4.175999881055999e-06,-1.1199999823600009,249999748.50025046
4.179999839079999e-06,-1.1199999823600009,249999748.50025046
4.184000161104001e-06,-1.0799999772400009,249999748.50025046
4.188000119128001e-06,-1.0799999772400009,249999748.50025046
4.192000077152001e-06,-1.0799999772400009,249999748.50025046
4.196000033176e-06,-1.0799999772400009,249999748.50025046
4.1999999912e-06,-0.9999999680000015,249999748.50025046
4.203999949223999e-06,-1.0399999721200013,249999748.50025046
4.207999907247999e-06,-1.0399999721200013,249999748.50025046
4.211999865271999e-06,-1.0799999772400009,249999748.50025046
4.215999823295999e-06,-0.9999999680000015,249999748.50025046
4.220000143320001e-06,-0.9999999680000015,249999748.50025046
4.224000101344e-06,-0.9999999680000015,249999748.50025046
4.2280000593680006e-06,-0.9599999632200016,249999748.50025046
4.232000017392e-06,-0.9599999632200016,249999748.50025046
4.235999975416e-06,-0.9599999632200016,249999748.50025046
4.2399999334399994e-06,-0.9200000330499983,249999748.50025046
4.243999891463999e-06,-0.9200000330499983,249999748.50025046
4.247999847487998e-06,-0.8800000283799986,249999748.50025046
4.252000169512001e-06,-0.8800000283799986,249999748.50025046
4.2560001275360005e-06,-0.8800000283799986,249999748.50025046
4.260000085560001e-06,-0.8800000283799986,249999748.50025046
4.264000043584e-06,-0.8400000236999988,249999748.50025046
4.268000001608e-06,-0.8000000190199991,249999748.50025046
4.271999957632e-06,-0.8800000283799986,249999748.50025046
4.275999915656e-06,-0.8000000190199991,249999748.50025046
4.279999873679999e-06,-0.8400000236999988,249999748.50025046
4.2839998317039995e-06,-0.8000000190199991,249999748.50025046
4.2880001537280006e-06,-0.8000000190199991,249999748.50025046
4.292000111752001e-06,-0.8000000190199991,249999748.50025046
4.296000067776e-06,-0.6800000049899998,249999748.50025046
4.3000000258000005e-06,-0.7600000143499992,249999748.50025046
4.303999983824e-06,-0.7200000096699994,249999748.50025046
4.307999941848e-06,-0.7200000096699994,249999748.50025046
4.311999899871999e-06,-0.6800000049899998,249999748.50025046
4.3159998578959996e-06,-0.6800000049899998,249999748.50025046
4.320000177920001e-06,-0.7200000096699994,249999748.50025046
4.324000135944001e-06,-0.6400000003199999,249999748.50025046
4.328000093968e-06,-0.6400000003199999,249999748.50025046
4.332000051992001e-06,-0.6400000003199999,249999748.50025046
4.336000010016e-06,-0.5999999956400002,249999748.50025046
4.33999996804e-06,-0.5999999956400002,249999748.50025046
4.343999924064e-06,-0.5999999956400002,249999748.50025046
4.347999882087999e-06,-0.5599999909700004,249999748.50025046
4.351999840111999e-06,-0.5199999862600007,249999748.50025046
4.356000162136001e-06,-0.5599999909700004,249999748.50025046
4.3600001201600005e-06,-0.47999998164000085,249999748.50025046
4.364000078184001e-06,-0.47999998164000085,249999748.50025046
4.368000034208e-06,-0.44000001421999935,249999748.50025046
4.3719999922319996e-06,-0.47999998164000085,249999748.50025046
4.375999950256e-06,-0.44000001421999935,249999748.50025046
4.379999908279999e-06,-0.44000001421999935,249999748.50025046
4.383999866303999e-06,-0.3600000048799997,249999748.50025046
4.387999824327999e-06,-0.40000000949999953,249999748.50025046
4.392000144352001e-06,-0.40000000949999953,249999748.50025046
4.396000102376e-06,-0.40000000949999953,249999748.50025046
4.4000000604e-06,-0.3600000048799997,249999748.50025046
4.404000018424e-06,-0.32000000015999996,249999748.50025046
4.407999976448e-06,-0.32000000015999996,249999748.50025046
4.411999934471999e-06,-0.32000000015999996,249999748.50025046
4.415999892495999e-06,-0.2799999954400002,249999748.50025046
4.419999848519999e-06,-0.23999999082000043,249999748.50025046
4.424000170544001e-06,-0.23999999082000043,249999748.50025046
4.428000128568e-06,-0.23999999082000043,249999748.50025046
4.432000086592e-06,-0.20000000459999975,249999748.50025046
4.436000044616e-06,-0.20000000459999975,249999748.50025046
4.44000000264e-06,-0.20000000459999975,249999748.50025046
4.4439999586639995e-06,-0.16000000048,249999748.50025046
4.447999916688e-06,-0.16000000048,249999748.50025046
4.451999874711999e-06,-0.20000000459999975,249999748.50025046
4.455999832735999e-06,-0.11999999536000021,249999748.50025046
4.46000015476e-06,-0.11999999536000021,249999748.50025046
4.4640001127840005e-06,-0.11999999536000021,249999748.50025046
4.468000068808e-06,-0.08000000003999999,249999748.50025046
4.472000026832e-06,-0.08000000003999999,249999748.50025046
4.475999984856e-06,0.0,249999748.50025046
4.47999994288e-06,-0.040000000019999996,249999748.50025046
4.483999900903999e-06,-0.08000000003999999,249999748.50025046
4.487999858927999e-06,-0.040000000019999996,249999748.50025046
4.491999816951999e-06,0.0,249999748.50025046
4.496000136976001e-06,0.040000000019999996,249999748.50025046
4.500000095e-06,0.0,249999748.50025046
4.504000053024e-06,0.040000000019999996,249999748.50025046
4.508000011048e-06,0.11999999536000021,249999748.50025046
4.511999969072e-06,0.040000000019999996,249999748.50025046
4.515999927095999e-06,0.11999999536000021,249999748.50025046
4.519999883119999e-06,0.11999999536000021,249999748.50025046
4.523999841143999e-06,0.11999999536000021,249999748.50025046
4.528000163168001e-06,0.16000000048,249999748.50025046
4.532000121192e-06,0.16000000048,249999748.50025046
4.5360000792160004e-06,0.20000000459999975,249999748.50025046
4.54000003724e-06,0.20000000459999975,249999748.50025046
4.543999993263999e-06,0.16000000048,249999748.50025046
4.5479999512879995e-06,0.20000000459999975,249999748.50025046
4.551999909311999e-06,0.23999999082000043,249999748.50025046
4.555999867335999e-06,0.2799999954400002,249999748.50025046
4.559999825359998e-06,0.2799999954400002,249999748.50025046
4.564000145384001e-06,0.2799999954400002,249999748.50025046
4.568000103408001e-06,0.32000000015999996,249999748.50025046
4.572000061432e-06,0.3600000048799997,249999748.50025046
4.576000019455999e-06,0.3600000048799997,249999748.50025046
4.57999997748e-06,0.3600000048799997,249999748.50025046
4.583999935503999e-06,0.3600000048799997,249999748.50025046
4.587999893527999e-06,0.40000000949999953,249999748.50025046
4.591999849551999e-06,0.44000001421999935,249999748.50025046
4.5960001715760015e-06,0.40000000949999953,249999748.50025046
4.600000129600001e-06,0.44000001421999935,249999748.50025046
4.604000087624001e-06,0.44000001421999935,249999748.50025046
4.608000045648e-06,0.44000001421999935,249999748.50025046
4.6120000036720005e-06,0.47999998164000085,249999748.50025046
4.615999959695999e-06,0.44000001421999935,249999748.50025046
4.6199999177199994e-06,0.5199999862600007,249999748.50025046
4.623999875743999e-06,0.5199999862600007,249999748.50025046
4.627999833767999e-06,0.5199999862600007,249999748.50025046
4.632000155792001e-06,0.5199999862600007,249999748.50025046
4.636000113816001e-06,0.5599999909700004,249999748.50025046
4.640000069840001e-06,0.5599999909700004,249999748.50025046
4.644000027864e-06,0.5599999909700004,249999748.50025046
4.647999985888e-06,0.5599999909700004,249999748.50025046
4.6519999439119995e-06,0.5599999909700004,249999748.50025046
4.655999901936e-06,0.6400000003199999,249999748.50025046
4.659999859959999e-06,0.6800000049899998,249999748.50025046
4.663999817983998e-06,0.6400000003199999,249999748.50025046
4.6680001380080005e-06,0.6400000003199999,249999748.50025046
4.672000096032001e-06,0.6400000003199999,249999748.50025046
4.676000054056e-06,0.6400000003199999,249999748.50025046
4.68000001208e-06,0.6800000049899998,249999748.50025046
4.683999970104e-06,0.7200000096699994,249999748.50025046
4.687999928128e-06,0.7200000096699994,249999748.50025046
4.691999884151999e-06,0.6800000049899998,249999748.50025046
4.6959998421759995e-06,0.7200000096699994,249999748.50025046
4.700000164200001e-06,0.7600000143499992,249999748.50025046
4.704000122224001e-06,0.7200000096699994,249999748.50025046
4.708000080248e-06,0.8000000190199991,249999748.50025046
4.712000038272e-06,0.8000000190199991,249999748.50025046
4.715999994296e-06,0.8000000190199991,249999748.50025046
4.71999995232e-06,0.7600000143499992,249999748.50025046
4.7239999103439994e-06,0.8000000190199991,249999748.50025046
4.727999868368e-06,0.8000000190199991,249999748.50025046
4.731999826391999e-06,0.8000000190199991,249999748.50025046
4.736000148416001e-06,0.8400000236999988,249999748.50025046
4.7400001044400005e-06,0.8000000190199991,249999748.50025046
4.744000062464001e-06,0.8400000236999988,249999748.50025046
4.748000020488e-06,0.8800000283799986,249999748.50025046
4.751999978512e-06,0.9200000330499983,249999748.50025046
4.7559999365359995e-06,0.9200000330499983,249999748.50025046
4.75999989456e-06,0.9200000330499983,249999748.50025046
4.763999850583999e-06,0.8800000283799986,249999748.50025046
4.768000172608001e-06,0.8800000283799986,249999748.50025046
4.7720001306320006e-06,0.8800000283799986,249999748.50025046
4.776000088656001e-06,0.8800000283799986,249999748.50025046
4.78000004668e-06,0.9200000330499983,249999748.50025046
4.784000004704e-06,0.9599999632200016,249999748.50025046
4.787999960728e-06,0.9200000330499983,249999748.50025046
4.791999918751999e-06,0.9599999632200016,249999748.50025046
4.795999876775999e-06,0.9200000330499983,249999748.50025046
4.799999834799999e-06,0.9999999680000015,249999748.50025046
4.804000156824001e-06,0.9999999680000015,249999748.50025046
4.808000114848e-06,0.9599999632200016,249999748.50025046
4.812000070872e-06,0.9599999632200016,249999748.50025046
4.816000028896e-06,0.9999999680000015,249999748.50025046
4.81999998692e-06,0.9999999680000015,249999748.50025046
4.823999944943999e-06,0.9999999680000015,249999748.50025046
4.8279999029679995e-06,0.9999999680000015,249999748.50025046
4.831999860991999e-06,0.9999999680000015,249999748.50025046
4.835999819015999e-06,1.0399999721200013,249999748.50025046
4.84000013904e-06,1.0799999772400009,249999748.50025046
4.8440000970640005e-06,0.9999999680000015,249999748.50025046
4.848000055088e-06,0.9999999680000015,249999748.50025046
4.852000013112e-06,1.0399999721200013,249999748.50025046
4.855999971135999e-06,1.0399999721200013,249999748.50025046
4.8599999291599996e-06,1.0399999721200013,249999748.50025046
4.863999885183999e-06,1.0399999721200013,249999748.50025046
4.867999843207999e-06,1.0799999772400009,249999748.50025046
4.872000165232e-06,1.0799999772400009,249999748.50025046
4.876000123256001e-06,1.1199999823600009,249999748.50025046
4.88000008128e-06,1.0399999721200013,249999748.50025046
4.884000039304e-06,1.0799999772400009,249999748.50025046
4.887999995328e-06,1.0799999772400009,249999748.50025046
4.891999953352e-06,1.0799999772400009,249999748.50025046
4.895999911375999e-06,1.1599999864800006,249999748.50025046
4.899999869399999e-06,1.0399999721200013,249999748.50025046
4.903999827423999e-06,1.1199999823600009,249999748.50025046
4.908000149448001e-06,1.0799999772400009,249999748.50025046
4.912000105472e-06,1.0399999721200013,249999748.50025046
4.9160000634959996e-06,1.0799999772400009,249999748.50025046
4.92000002152e-06,1.0799999772400009,249999748.50025046
4.923999979543999e-06,1.0399999721200013,249999748.50025046
4.927999937567999e-06,1.1199999823600009,249999748.50025046
4.931999895591999e-06,1.0799999772400009,249999748.50025046
4.935999851615999e-06,1.1199999823600009,249999748.50025046
4.940000173640001e-06,1.1199999823600009,249999748.50025046
4.944000131664e-06,1.0399999721200013,249999748.50025046
4.948000089688e-06,1.0799999772400009,249999748.50025046
4.952000047712e-06,1.0799999772400009,249999748.50025046
4.956000005735999e-06,1.1199999823600009,249999748.50025046
4.95999996176e-06,1.0799999772400009,249999748.50025046
4.963999919783999e-06,1.0799999772400009,249999748.50025046
4.967999877807999e-06,1.0799999772400009,249999748.50025046
4.9719998358319985e-06,1.0799999772400009,249999748.50025046
4.976000157856001e-06,1.0799999772400009,249999748.50025046
4.980000115880001e-06,1.0799999772400009,249999748.50025046
4.984000071904001e-06,1.0799999772400009,249999748.50025046
4.9880000299279995e-06,1.1199999823600009,249999748.50025046
4.991999987952e-06,1.0399999721200013,249999748.50025046
4.995999945975999e-06,1.0799999772400009,249999748.50025046
4.999999903999999e-06,1.0799999772400009,249999748.50025046
5.0039998620239986e-06,1.0399999721200013,249999748.50025046
5.007999820047999e-06,1.0799999772400009,249999748.50025046
5.012000140072001e-06,1.0799999772400009,249999748.50025046
5.016000098096e-06,1.0399999721200013,249999748.50025046
5.0200000561200004e-06,1.0799999772400009,249999748.50025046
5.024000014144e-06,1.0399999721200013,249999748.50025046
5.027999972168e-06,0.9599999632200016,249999748.50025046
5.031999930192e-06,1.0799999772400009,249999748.50025046
5.035999886215999e-06,1.0799999772400009,249999748.50025046
5.039999844239998e-06,0.9999999680000015,249999748.50025046
5.044000166264001e-06,1.0399999721200013,249999748.50025046
5.048000124288e-06,1.0799999772400009,249999748.50025046
5.0520000823120005e-06,1.0399999721200013,249999748.50025046
5.056000040336e-06,1.0399999721200013,249999748.50025046
5.05999999636e-06,0.9599999632200016,249999748.50025046
5.063999954384e-06,0.9999999680000015,249999748.50025046
5.067999912408e-06,0.9999999680000015,249999748.50025046
5.071999870431999e-06,0.9999999680000015,249999748.50025046
5.0759998284559985e-06,0.9599999632200016,249999748.50025046
5.08000015048e-06,0.9999999680000015,249999748.50025046
5.084000106504001e-06,0.9599999632200016,249999748.50025046
5.088000064528e-06,0.9599999632200016,249999748.50025046
5.092000022552e-06,0.9200000330499983,249999748.50025046
5.095999980576e-06,0.9599999632200016,249999748.50025046
5.0999999386e-06,0.9599999632200016,249999748.50025046
5.103999896623999e-06,0.9599999632200016,249999748.50025046
5.107999852648e-06,0.9599999632200016,249999748.50025046
5.112000174672001e-06,0.8800000283799986,249999748.50025046
5.116000132696001e-06,0.9200000330499983,249999748.50025046
5.12000009072e-06,0.9200000330499983,249999748.50025046
5.1240000487440004e-06,0.8800000283799986,249999748.50025046
5.128000006768e-06,0.8800000283799986,249999748.50025046
5.131999962792e-06,0.8800000283799986,249999748.50025046
5.1359999208159995e-06,0.8800000283799986,249999748.50025046
5.13999987884e-06,0.8800000283799986,249999748.50025046
5.143999836863999e-06,0.8800000283799986,249999748.50025046
5.148000158888001e-06,0.8000000190199991,249999748.50025046
5.152000116912e-06,0.8400000236999988,249999748.50025046
5.156000072936e-06,0.8400000236999988,249999748.50025046
5.16000003096e-06,0.8800000283799986,249999748.50025046
5.1639999889839994e-06,0.8000000190199991,249999748.50025046
5.167999947008e-06,0.8000000190199991,249999748.50025046
5.171999905031999e-06,0.8000000190199991,249999748.50025046
5.175999863055999e-06,0.8000000190199991,249999748.50025046
5.1799998210799985e-06,0.8000000190199991,249999748.50025046
5.184000141104001e-06,0.8000000190199991,249999748.50025046
5.188000099128e-06,0.8400000236999988,249999748.50025046
5.192000057152e-06,0.7600000143499992,249999748.50025046
5.1960000151759995e-06,0.7600000143499992,249999748.50025046
5.1999999732e-06,0.7600000143499992,249999748.50025046
5.203999931223999e-06,0.7600000143499992,249999748.50025046
5.2079998872479995e-06,0.7200000096699994,249999748.50025046
5.211999845271999e-06,0.8000000190199991,249999748.50025046
5.216000167296001e-06,0.7200000096699994,249999748.50025046
5.22000012532e-06,0.7200000096699994,249999748.50025046
5.224000083344e-06,0.7200000096699994,249999748.50025046
5.228000041368e-06,0.6800000049899998,249999748.50025046
5.231999997392e-06,0.7200000096699994,249999748.50025046
5.235999955415999e-06,0.6800000049899998,249999748.50025046
5.2399999134399995e-06,0.7200000096699994,249999748.50025046
5.243999871463999e-06,0.6800000049899998,249999748.50025046
5.247999829487999e-06,0.6800000049899998,249999748.50025046
5.252000151512e-06,0.7200000096699994,249999748.50025046
5.2560001075360006e-06,0.6400000003199999,249999748.50025046
5.26000006556e-06,0.6400000003199999,249999748.50025046
5.264000023584e-06,0.5999999956400002,249999748.50025046
5.2679999816079994e-06,0.5599999909700004,249999748.50025046
5.271999939632e-06,0.5599999909700004,249999748.50025046
5.275999897655999e-06,0.5599999909700004,249999748.50025046
5.2799998536799985e-06,0.5999999956400002,249999748.50025046
5.2840001757040005e-06,0.5599999909700004,249999748.50025046
5.288000133728001e-06,0.5599999909700004,249999748.50025046
5.292000091752e-06,0.5599999909700004,249999748.50025046
5.296000049776e-06,0.5599999909700004,249999748.50025046
5.3000000077999995e-06,0.5199999862600007,249999748.50025046
5.303999963823999e-06,0.47999998164000085,249999748.50025046
5.307999921847999e-06,0.5199999862600007,249999748.50025046
5.311999879871999e-06,0.44000001421999935,249999748.50025046
5.315999837895999e-06,0.47999998164000085,249999748.50025046
5.320000159920001e-06,0.47999998164000085,249999748.50025046
5.324000117944e-06,0.47999998164000085,249999748.50025046
5.328000073968e-06,0.44000001421999935,249999748.50025046
5.332000031992e-06,0.47999998164000085,249999748.50025046
5.335999990015999e-06,0.40000000949999953,249999748.50025046
5.339999948039999e-06,0.40000000949999953,249999748.50025046
5.343999906063999e-06,0.40000000949999953,249999748.50025046
5.347999864087999e-06,0.40000000949999953,249999748.50025046
5.351999822111998e-06,0.3600000048799997,249999748.50025046
5.356000142136001e-06,0.3600000048799997,249999748.50025046
5.36000010016e-06,0.40000000949999953,249999748.50025046
5.364000058184e-06,0.3600000048799997,249999748.50025046
5.368000016207999e-06,0.32000000015999996,249999748.50025046
5.3719999742319995e-06,0.32000000015999996,249999748.50025046
5.375999932255999e-06,0.2799999954400002,249999748.50025046
5.379999888279999e-06,0.2799999954400002,249999748.50025046
5.3839998463039985e-06,0.2799999954400002,249999748.50025046
5.388000168328001e-06,0.2799999954400002,249999748.50025046
5.392000126352001e-06,0.23999999082000043,249999748.50025046
5.396000084376001e-06,0.23999999082000043,249999748.50025046
5.4000000424e-06,0.20000000459999975,249999748.50025046
5.403999998424e-06,0.2799999954400002,249999748.50025046
5.407999956447999e-06,0.23999999082000043,249999748.50025046
5.411999914471999e-06,0.20000000459999975,249999748.50025046
5.415999872495999e-06,0.20000000459999975,249999748.50025046
5.419999830519999e-06,0.20000000459999975,249999748.50025046
5.424000152544001e-06,0.16000000048,249999748.50025046
5.428000108568e-06,0.11999999536000021,249999748.50025046
5.4320000665920005e-06,0.16000000048,249999748.50025046
5.436000024616e-06,0.11999999536000021,249999748.50025046
5.43999998264e-06,0.08000000003999999,249999748.50025046
5.443999940663999e-06,0.08000000003999999,249999748.50025046
5.4479998986879996e-06,0.08000000003999999,249999748.50025046
5.451999854711998e-06,0.08000000003999999,249999748.50025046
5.456000176736001e-06,0.040000000019999996,249999748.50025046
5.46000013476e-06,0.08000000003999999,249999748.50025046
5.464000092784001e-06,0.040000000019999996,249999748.50025046
5.468000050808e-06,0.08000000003999999,249999748.50025046
5.472000008832e-06,0.040000000019999996,249999748.50025046
5.475999964856e-06,0.08000000003999999,249999748.50025046
5.47999992288e-06,0.0,249999748.50025046
5.483999880903999e-06,-0.040000000019999996,249999748.50025046
5.487999838927999e-06,0.0,249999748.50025046
5.4920001609520005e-06,-0.040000000019999996,249999748.50025046
5.496000118976001e-06,-0.08000000003999999,249999748.50025046
5.500000075e-06,-0.040000000019999996,249999748.50025046
5.5040000330240004e-06,-0.08000000003999999,249999748.50025046
5.507999991048e-06,-0.11999999536000021,249999748.50025046
5.511999949072e-06,-0.08000000003999999,249999748.50025046
5.515999907095999e-06,-0.11999999536000021,249999748.50025046
5.5199998651199995e-06,-0.11999999536000021,249999748.50025046
5.523999823143999e-06,-0.11999999536000021,249999748.50025046
5.528000143168001e-06,-0.11999999536000021,249999748.50025046
5.532000101192e-06,-0.11999999536000021,249999748.50025046
5.5360000592160005e-06,-0.16000000048,249999748.50025046
5.54000001724e-06,-0.16000000048,249999748.50025046
5.543999975264e-06,-0.23999999082000043,249999748.50025046
5.547999933287999e-06,-0.16000000048,249999748.50025046
5.551999889311999e-06,-0.20000000459999975,249999748.50025046
5.555999847335999e-06,-0.20000000459999975,249999748.50025046
5.560000169360001e-06,-0.20000000459999975,249999748.50025046
5.564000127384e-06,-0.23999999082000043,249999748.50025046
5.568000085408001e-06,-0.20000000459999975,249999748.50025046
5.572000043432e-06,-0.23999999082000043,249999748.50025046
5.5759999994559995e-06,-0.23999999082000043,249999748.50025046
5.57999995748e-06,-0.2799999954400002,249999748.50025046
5.583999915503999e-06,-0.2799999954400002,249999748.50025046
5.587999873527999e-06,-0.32000000015999996,249999748.50025046
5.5919998315519986e-06,-0.32000000015999996,249999748.50025046
5.5960001535760005e-06,-0.20000000459999975,249999748.50025046
5.6000001096e-06,-0.2799999954400002,249999748.50025046
5.604000067624e-06,-0.3600000048799997,249999748.50025046
5.608000025648e-06,-0.47999998164000085,249999748.50025046
5.611999983672e-06,-0.16000000048,249999748.50025046
5.615999941695999e-06,-0.20000000459999975,249999748.50025046
5.619999899719999e-06,-0.32000000015999996,249999748.50025046
5.623999857743999e-06,-0.32000000015999996,249999748.50025046
5.628000177768001e-06,-0.3600000048799997,249999748.50025046
5.632000135792e-06,-0.32000000015999996,249999748.50025046
5.636000093816e-06,-0.32000000015999996,249999748.50025046
5.64000005184e-06,-0.40000000949999953,249999748.50025046
5.644000009864e-06,-0.44000001421999935,249999748.50025046
5.6479999658879994e-06,-0.3600000048799997,249999748.50025046
5.651999923912e-06,-0.3600000048799997,249999748.50025046
5.655999881935999e-06,-0.47999998164000085,249999748.50025046
5.659999839959999e-06,-0.5199999862600007,249999748.50025046
5.664000161984e-06,-0.44000001421999935,249999748.50025046
5.6680001200080004e-06,-0.44000001421999935,249999748.50025046
5.672000076032e-06,-0.5199999862600007,249999748.50025046
5.676000034056e-06,-0.5199999862600007,249999748.50025046
5.6799999920799995e-06,-0.5199999862600007,249999748.50025046
5.683999950104e-06,-0.5199999862600007,249999748.50025046
5.687999908127999e-06,-0.5199999862600007,249999748.50025046
5.691999866151999e-06,-0.5599999909700004,249999748.50025046
5.695999824175999e-06,-0.5599999909700004,249999748.50025046
5.700000144200001e-06,-0.5999999956400002,249999748.50025046
5.704000102224e-06,-0.5999999956400002,249999748.50025046
5.708000060248e-06,-0.5999999956400002,249999748.50025046
5.712000018272e-06,-0.6800000049899998,249999748.50025046
5.715999976296e-06,-0.5999999956400002,249999748.50025046
5.719999934319999e-06,-0.5999999956400002,249999748.50025046
5.723999890343999e-06,-0.6400000003199999,249999748.50025046
5.727999848367999e-06,-0.6400000003199999,249999748.50025046
5.732000170392001e-06,-0.6400000003199999,249999748.50025046
5.736000128416e-06,-0.6400000003199999,249999748.50025046
5.74000008644e-06,-0.6400000003199999,249999748.50025046
5.744000044464e-06,-0.6400000003199999,249999748.50025046
5.748000000487999e-06,-0.7200000096699994,249999748.50025046
5.7519999585119994e-06,-0.6400000003199999,249999748.50025046
5.755999916535999e-06,-0.6800000049899998,249999748.50025046
5.759999874559999e-06,-0.6800000049899998,249999748.50025046
5.763999832583998e-06,-0.6800000049899998,249999748.50025046
5.768000154608001e-06,-0.6800000049899998,249999748.50025046
5.772000110632001e-06,-0.6400000003199999,249999748.50025046
5.776000068656e-06,-0.6800000049899998,249999748.50025046
5.780000026679999e-06,-0.6800000049899998,249999748.50025046
5.7839999847039995e-06,-0.6800000049899998,249999748.50025046
5.787999942727999e-06,-0.7200000096699994,249999748.50025046
5.791999900751999e-06,-0.7200000096699994,249999748.50025046
5.795999858775998e-06,-0.7200000096699994,249999748.50025046
5.799999814799999e-06,-0.6400000003199999,249999748.50025046
5.804000136824001e-06,-0.7200000096699994,249999748.50025046
5.808000094848001e-06,-0.6800000049899998,249999748.50025046
5.812000052872e-06,-0.6800000049899998,249999748.50025046
5.8160000108960005e-06,-0.6800000049899998,249999748.50025046
5.81999996892e-06,-0.7200000096699994,249999748.50025046
5.823999924943999e-06,-0.6800000049899998,249999748.50025046
5.827999882967999e-06,-0.6800000049899998,249999748.50025046
5.831999840991999e-06,-0.6800000049899998,249999748.50025046
5.836000163016001e-06,-0.7200000096699994,249999748.50025046
5.840000121040001e-06,-0.6800000049899998,249999748.50025046
5.844000077064001e-06,-0.7200000096699994,249999748.50025046
5.848000035088e-06,-0.7200000096699994,249999748.50025046
5.851999993112e-06,-0.7600000143499992,249999748.50025046
5.8559999511359995e-06,-0.7200000096699994,249999748.50025046
5.85999990916e-06,-0.7600000143499992,249999748.50025046
5.863999867183999e-06,-0.7600000143499992,249999748.50025046
5.867999825207998e-06,-0.7200000096699994,249999748.50025046
5.8720001452320005e-06,-0.7200000096699994,249999748.50025046
5.876000103256001e-06,-0.7600000143499992,249999748.50025046
5.88000006128e-06,-0.8000000190199991,249999748.50025046
5.884000019304e-06,-0.7600000143499992,249999748.50025046
5.8879999773279996e-06,-0.7600000143499992,249999748.50025046
5.891999935352e-06,-0.7600000143499992,249999748.50025046
5.895999891375999e-06,-0.7600000143499992,249999748.50025046
5.8999998493999995e-06,-0.8000000190199991,249999748.50025046
5.9040001714240006e-06,-0.7600000143499992,249999748.50025046
5.908000129448001e-06,-0.7600000143499992,249999748.50025046
5.912000087472e-06,-0.7600000143499992,249999748.50025046
5.916000045496e-06,-0.8400000236999988,249999748.50025046
5.92000000152e-06,-0.7600000143499992,249999748.50025046
5.923999959544e-06,-0.7200000096699994,249999748.50025046
5.927999917567999e-06,-0.8000000190199991,249999748.50025046
5.9319998755919996e-06,-0.8000000190199991,249999748.50025046
5.935999833615999e-06,-0.8000000190199991,249999748.50025046
5.940000155640001e-06,-0.8000000190199991,249999748.50025046
5.944000111664e-06,-0.8000000190199991,249999748.50025046
5.948000069688001e-06,-0.7600000143499992,249999748.50025046
5.952000027712e-06,-0.8000000190199991,249999748.50025046
5.955999985736e-06,-0.8000000190199991,249999748.50025046
5.9599999437599995e-06,-0.8000000190199991,249999748.50025046
5.963999901784e-06,-0.8000000190199991,249999748.50025046
5.967999859807999e-06,-0.7600000143499992,249999748.50025046
5.9719998158319986e-06,-0.8000000190199991,249999748.50025046
5.9760001378560005e-06,-0.8000000190199991,249999748.50025046
5.980000095880001e-06,-0.8000000190199991,249999748.50025046
5.984000053904e-06,-0.7600000143499992,249999748.50025046
5.988000011928e-06,-0.7600000143499992,249999748.50025046
5.9919999699519996e-06,-0.7600000143499992,249999748.50025046
5.995999925975999e-06,-0.8000000190199991,249999748.50025046
5.999999883999999e-06,-0.7600000143499992,249999748.50025046
6.003999842023999e-06,-0.7600000143499992,249999748.50025046
6.008000164048001e-06,-0.7600000143499992,249999748.50025046
6.012000122072001e-06,-0.7600000143499992,249999748.50025046
6.016000080096e-06,-0.7200000096699994,249999748.50025046
6.02000003612e-06,-0.7200000096699994,249999748.50025046
6.023999994144e-06,-0.7200000096699994,249999748.50025046
6.027999952167999e-06,-0.7200000096699994,249999748.50025046
6.031999910191999e-06,-0.7600000143499992,249999748.50025046
6.035999868215999e-06,-0.7600000143499992,249999748.50025046
6.039999826239999e-06,-0.7200000096699994,249999748.50025046
6.044000146264e-06,-0.6800000049899998,249999748.50025046
6.048000104288e-06,-0.7200000096699994,249999748.50025046
6.052000062312e-06,-0.7200000096699994,249999748.50025046
6.056000020336e-06,-0.6800000049899998,249999748.50025046
6.059999978359999e-06,-0.6800000049899998,249999748.50025046
6.0639999363839995e-06,-0.7600000143499992,249999748.50025046
6.067999892407999e-06,-0.7200000096699994,249999748.50025046
6.071999850431999e-06,-0.7200000096699994,249999748.50025046
6.076000172456e-06,-0.7200000096699994,249999748.50025046
6.0800001304800005e-06,-0.6800000049899998,249999748.50025046
6.084000088504e-06,-0.6800000049899998,249999748.50025046
6.088000046528e-06,-0.6400000003199999,249999748.50025046
6.092000002552e-06,-0.6800000049899998,249999748.50025046
6.095999960576e-06,-0.6800000049899998,249999748.50025046
6.099999918599999e-06,-0.6400000003199999,249999748.50025046
6.104000240624002e-06,-0.6800000049899998,249999748.50025046
6.1079998346479995e-06,-0.6400000003199999,249999748.50025046
6.1120001566720015e-06,-0.6400000003199999,249999748.50025046
6.115999750695999e-06,-0.6400000003199999,249999748.50025046
6.12000007072e-06,-0.5999999956400002,249999748.50025046
6.123999664743998e-06,-0.6400000003199999,249999748.50025046
6.127999986768e-06,-0.6400000003199999,249999748.50025046
6.132000308792001e-06,-0.6400000003199999,249999748.50025046
6.135999902815999e-06,-0.6800000049899998,249999748.50025046
6.1400002228400016e-06,-0.5599999909700004,249999748.50025046
6.143999816863999e-06,-0.6400000003199999,249999748.50025046
6.148000138888001e-06,-0.5999999956400002,249999748.50025046
6.151999732911999e-06,-0.5999999956400002,249999748.50025046
6.156000054936001e-06,-0.5599999909700004,249999748.50025046
6.159999648959997e-06,-0.5999999956400002,249999748.50025046
6.163999970984e-06,-0.5599999909700004,249999748.50025046
6.168000291008001e-06,-0.5599999909700004,249999748.50025046
6.171999885031999e-06,-0.5999999956400002,249999748.50025046
6.176000207056e-06,-0.5599999909700004,249999748.50025046
6.179999801079999e-06,-0.5599999909700004,249999748.50025046
6.1840001231040005e-06,-0.5999999956400002,249999748.50025046
6.187999717127998e-06,-0.5199999862600007,249999748.50025046
6.192000037152e-06,-0.5199999862600007,249999748.50025046
6.196000359176002e-06,-0.5599999909700004,249999748.50025046
6.1999999532e-06,-0.47999998164000085,249999748.50025046
6.204000275224002e-06,-0.5199999862600007,249999748.50025046
6.207999869247999e-06,-0.5199999862600007,249999748.50025046
6.212000191272001e-06,-0.47999998164000085,249999748.50025046
6.215999783295998e-06,-0.5199999862600007,249999748.50025046
6.22000010532e-06,-0.47999998164000085,249999748.50025046
6.223999699343998e-06,-0.47999998164000085,249999748.50025046
6.228000021368e-06,-0.47999998164000085,249999748.50025046
6.232000343392001e-06,-0.47999998164000085,249999748.50025046
6.235999937415999e-06,-0.5199999862600007,249999748.50025046
6.240000257440001e-06,-0.5199999862600007,249999748.50025046
6.243999851463999e-06,-0.47999998164000085,249999748.50025046
6.248000173488001e-06,-0.44000001421999935,249999748.50025046
6.2519997675119985e-06,-0.40000000949999953,249999748.50025046
6.2560000895360005e-06,-0.44000001421999935,249999748.50025046
6.259999683559998e-06,-0.44000001421999935,249999748.50025046
6.264000003583999e-06,-0.40000000949999953,249999748.50025046
6.268000325608002e-06,-0.40000000949999953,249999748.50025046
6.271999919631999e-06,-0.44000001421999935,249999748.50025046
6.276000241656001e-06,-0.44000001421999935,249999748.50025046
6.279999835679998e-06,-0.40000000949999953,249999748.50025046
6.284000157704e-06,-0.40000000949999953,249999748.50025046
6.287999751727998e-06,-0.40000000949999953,249999748.50025046
6.292000071752e-06,-0.32000000015999996,249999748.50025046
6.2959996657759985e-06,-0.32000000015999996,249999748.50025046
6.2999999878e-06,-0.32000000015999996,249999748.50025046
6.3040003098240016e-06,-0.3600000048799997,249999748.50025046
6.307999903847999e-06,-0.32000000015999996,249999748.50025046
6.312000223872002e-06,-0.32000000015999996,249999748.50025046
6.315999817895998e-06,-0.32000000015999996,249999748.50025046
6.32000013992e-06,-0.32000000015999996,249999748.50025046
6.323999733943998e-06,-0.2799999954400002,249999748.50025046
6.3280000559679995e-06,-0.23999999082000043,249999748.50025046
6.331999649991997e-06,-0.2799999954400002,249999748.50025046
6.335999972015999e-06,-0.3600000048799997,249999748.50025046
6.340000292040001e-06,-0.44000001421999935,249999748.50025046
6.343999886064e-06,-0.23999999082000043,249999748.50025046
6.348000208088001e-06,-0.23999999082000043,249999748.50025046
6.351999802111999e-06,-0.2799999954400002,249999748.50025046
6.356000124136e-06,-0.23999999082000043,249999748.50025046
6.359999718159999e-06,-0.2799999954400002,249999748.50025046
6.364000038183999e-06,-0.32000000015999996,249999748.50025046
6.367999632207998e-06,-0.23999999082000043,249999748.50025046
6.371999954231999e-06,-0.23999999082000043,249999748.50025046
6.376000276256002e-06,-0.23999999082000043,249999748.50025046
6.379999870279998e-06,-0.23999999082000043,249999748.50025046
6.384000192304002e-06,-0.16000000048,249999748.50025046
6.387999784327999e-06,-0.16000000048,249999748.50025046
6.392000106352001e-06,-0.16000000048,249999748.50025046
6.395999700375998e-06,-0.20000000459999975,249999748.50025046
6.4000000224e-06,-0.20000000459999975,249999748.50025046
6.404000344424001e-06,-0.16000000048,249999748.50025046
6.407999938448e-06,-0.16000000048,249999748.50025046
6.412000258472002e-06,-0.16000000048,249999748.50025046
6.415999852495999e-06,-0.11999999536000021,249999748.50025046
6.4200001745200015e-06,-0.08000000003999999,249999748.50025046
6.423999768543998e-06,-0.040000000019999996,249999748.50025046
6.428000090568001e-06,-0.11999999536000021,249999748.50025046
6.431999684591998e-06,-0.08000000003999999,249999748.50025046
6.436000004616e-06,-0.040000000019999996,249999748.50025046
6.440000326640001e-06,-0.040000000019999996,249999748.50025046
6.4439999206639995e-06,-0.040000000019999996,249999748.50025046
6.4480002426880006e-06,-0.040000000019999996,249999748.50025046
6.451999836711999e-06,-0.040000000019999996,249999748.50025046
6.456000158736e-06,0.0,249999748.50025046
6.4599997527599985e-06,0.0,249999748.50025046
6.464000072784001e-06,-0.040000000019999996,249999748.50025046
6.4679996668079974e-06,-0.040000000019999996,249999748.50025046
6.471999988832e-06,0.0,249999748.50025046
6.476000310856002e-06,0.0,249999748.50025046
6.47999990488e-06,-0.040000000019999996,249999748.50025046
6.484000224904001e-06,0.040000000019999996,249999748.50025046
6.487999818927999e-06,0.040000000019999996,249999748.50025046
6.492000140952001e-06,0.0,249999748.50025046
6.495999734975998e-06,0.08000000003999999,249999748.50025046
6.500000057e-06,0.040000000019999996,249999748.50025046
6.503999651023998e-06,0.08000000003999999,249999748.50025046
6.507999973048e-06,0.040000000019999996,249999748.50025046
6.512000293072002e-06,0.08000000003999999,249999748.50025046
6.515999887095999e-06,0.08000000003999999,249999748.50025046
6.520000209120001e-06,0.08000000003999999,249999748.50025046
6.523999803143999e-06,0.08000000003999999,249999748.50025046
6.528000125168001e-06,0.08000000003999999,249999748.50025046
6.5319997191919985e-06,0.16000000048,249999748.50025046
6.536000039216e-06,0.11999999536000021,249999748.50025046
6.539999633239997e-06,0.11999999536000021,249999748.50025046
6.543999955263999e-06,0.11999999536000021,249999748.50025046
6.548000277288001e-06,0.11999999536000021,249999748.50025046
6.551999871311999e-06,0.16000000048,249999748.50025046
6.556000193336001e-06,0.16000000048,249999748.50025046
6.5599997853599994e-06,0.16000000048,249999748.50025046
6.5640001073840005e-06,0.16000000048,249999748.50025046
6.567999701407999e-06,0.11999999536000021,249999748.50025046
6.572000023432e-06,0.16000000048,249999748.50025046
6.576000345456002e-06,0.23999999082000043,249999748.50025046
6.57999993948e-06,0.20000000459999975,249999748.50025046
6.584000259504001e-06,0.20000000459999975,249999748.50025046
6.5879998535279985e-06,0.20000000459999975,249999748.50025046
6.592000175552e-06,0.23999999082000043,249999748.50025046
6.595999769575998e-06,0.23999999082000043,249999748.50025046
6.6000000916e-06,0.23999999082000043,249999748.50025046
6.6039996856239975e-06,0.23999999082000043,249999748.50025046
6.6080000056480005e-06,0.2799999954400002,249999748.50025046
6.612000327672002e-06,0.23999999082000043,249999748.50025046
6.615999921696e-06,0.2799999954400002,249999748.50025046
6.620000243720001e-06,0.23999999082000043,249999748.50025046
6.623999837744e-06,0.2799999954400002,249999748.50025046
6.628000159768001e-06,0.2799999954400002,249999748.50025046
6.631999753791999e-06,0.2799999954400002,249999748.50025046
6.636000073816e-06,0.23999999082000043,249999748.50025046
6.639999667839998e-06,0.2799999954400002,249999748.50025046
6.643999989863999e-06,0.32000000015999996,249999748.50025046
6.648000311888001e-06,0.2799999954400002,249999748.50025046
6.651999905911999e-06,0.32000000015999996,249999748.50025046
6.656000225936001e-06,0.32000000015999996,249999748.50025046
6.659999819959999e-06,0.32000000015999996,249999748.50025046
6.664000141984e-06,0.3600000048799997,249999748.50025046
6.667999736007999e-06,0.32000000015999996,249999748.50025046
6.672000058032e-06,0.32000000015999996,249999748.50025046
6.675999652055998e-06,0.32000000015999996,249999748.50025046
6.679999974079999e-06,0.3600000048799997,249999748.50025046
6.684000294104002e-06,0.3600000048799997,249999748.50025046
6.687999888127998e-06,0.3600000048799997,249999748.50025046
6.692000210152e-06,0.40000000949999953,249999748.50025046
6.695999804175998e-06,0.32000000015999996,249999748.50025046
6.7000001262e-06,0.40000000949999953,249999748.50025046
6.703999720223997e-06,0.3600000048799997,249999748.50025046
6.708000040248e-06,0.40000000949999953,249999748.50025046
6.711999634271998e-06,0.3600000048799997,249999748.50025046
6.715999956296e-06,0.44000001421999935,249999748.50025046
6.720000278320001e-06,0.40000000949999953,249999748.50025046
6.7239998723439994e-06,0.44000001421999935,249999748.50025046
6.7280001943680005e-06,0.44000001421999935,249999748.50025046
6.731999786391998e-06,0.40000000949999953,249999748.50025046
6.736000108415999e-06,0.44000001421999935,249999748.50025046
6.739999702439998e-06,0.47999998164000085,249999748.50025046
6.744000024463999e-06,0.44000001421999935,249999748.50025046
6.748000346488003e-06,0.47999998164000085,249999748.50025046
6.7519999405119985e-06,0.44000001421999935,249999748.50025046
6.7560002605360015e-06,0.44000001421999935,249999748.50025046
6.759999854559999e-06,0.47999998164000085,249999748.50025046
6.764000176584001e-06,0.44000001421999935,249999748.50025046
6.767999770607999e-06,0.47999998164000085,249999748.50025046
6.7720000926320005e-06,0.44000001421999935,249999748.50025046
6.775999686655998e-06,0.47999998164000085,249999748.50025046
6.7800000066799994e-06,0.47999998164000085,249999748.50025046
6.784000328704002e-06,0.47999998164000085,249999748.50025046
6.787999922727999e-06,0.44000001421999935,249999748.50025046
6.792000244752002e-06,0.44000001421999935,249999748.50025046
6.7959998387759985e-06,0.47999998164000085,249999748.50025046
6.800000160800001e-06,0.5199999862600007,249999748.50025046
6.803999754823998e-06,0.47999998164000085,249999748.50025046
6.808000074848e-06,0.44000001421999935,249999748.50025046
6.811999668871998e-06,0.5199999862600007,249999748.50025046
6.815999990896e-06,0.5599999909700004,249999748.50025046
6.820000312920002e-06,0.47999998164000085,249999748.50025046
6.823999906943999e-06,0.5199999862600007,249999748.50025046
6.828000226968001e-06,0.5199999862600007,249999748.50025046
6.831999820991998e-06,0.5199999862600007,249999748.50025046
6.836000143016001e-06,0.5199999862600007,249999748.50025046
6.839999737039998e-06,0.5199999862600007,249999748.50025046
6.8440000590640005e-06,0.5199999862600007,249999748.50025046
6.847999653087997e-06,0.5599999909700004,249999748.50025046
6.851999975112e-06,0.5199999862600007,249999748.50025046
6.856000295136001e-06,0.5199999862600007,249999748.50025046
6.859999889159999e-06,0.5199999862600007,249999748.50025046
6.864000211184001e-06,0.5199999862600007,249999748.50025046
6.8679998052079984e-06,0.5199999862600007,249999748.50025046
6.872000127232e-06,0.5599999909700004,249999748.50025046
6.875999721255998e-06,0.5599999909700004,249999748.50025046
6.88000004128e-06,0.5599999909700004,249999748.50025046
6.883999635303997e-06,0.5999999956400002,249999748.50025046
6.8879999573280005e-06,0.5199999862600007,249999748.50025046
6.892000279352002e-06,0.5599999909700004,249999748.50025046
6.895999873376e-06,0.5599999909700004,249999748.50025046
6.900000195400001e-06,0.5199999862600007,249999748.50025046
6.9039997894239996e-06,0.5599999909700004,249999748.50025046
6.908000109448e-06,0.5999999956400002,249999748.50025046
6.911999703471998e-06,0.5599999909700004,249999748.50025046
6.9160000254959995e-06,0.5999999956400002,249999748.50025046
6.9200003475200015e-06,0.5199999862600007,249999748.50025046
6.923999941543999e-06,0.5199999862600007,249999748.50025046
6.928000261568001e-06,0.5999999956400002,249999748.50025046
6.931999855592e-06,0.5599999909700004,249999748.50025046
6.936000177616001e-06,0.5599999909700004,249999748.50025046
6.939999771639999e-06,0.5199999862600007,249999748.50025046
6.944000093664e-06,0.5599999909700004,249999748.50025046
6.947999687687999e-06,0.5599999909700004,249999748.50025046
6.952000007711999e-06,0.5599999909700004,249999748.50025046
6.956000329736001e-06,0.5199999862600007,249999748.50025046
6.959999923759999e-06,0.5999999956400002,249999748.50025046
6.964000245784001e-06,0.5599999909700004,249999748.50025046
6.967999839807998e-06,0.5199999862600007,249999748.50025046
6.972000161832e-06,0.5199999862600007,249999748.50025046
6.975999755855998e-06,0.5199999862600007,249999748.50025046
6.980000075880001e-06,0.5199999862600007,249999748.50025046
6.983999669903998e-06,0.5599999909700004,249999748.50025046
6.987999991928e-06,0.5999999956400002,249999748.50025046
6.992000313952001e-06,0.5599999909700004,249999748.50025046
6.995999907976e-06,0.5199999862600007,249999748.50025046
7.000000228e-06,0.5199999862600007,249999748.50025046
7.003999822023999e-06,0.47999998164000085,249999748.50025046
7.008000144048e-06,0.5199999862600007,249999748.50025046
7.011999738071998e-06,0.5199999862600007,249999748.50025046
7.016000060095999e-06,0.47999998164000085,249999748.50025046
7.019999654119998e-06,0.5199999862600007,249999748.50025046
7.023999976143999e-06,0.47999998164000085,249999748.50025046
7.028000296168002e-06,0.47999998164000085,249999748.50025046
7.0319998901919995e-06,0.5199999862600007,249999748.50025046
7.0360002122160014e-06,0.5199999862600007,249999748.50025046
7.039999806239999e-06,0.5199999862600007,249999748.50025046
7.044000128264001e-06,0.47999998164000085,249999748.50025046
7.0479997222879986e-06,0.47999998164000085,249999748.50025046
7.052000042312e-06,0.5199999862600007,249999748.50025046
7.0559996363359975e-06,0.47999998164000085,249999748.50025046
7.059999958359999e-06,0.47999998164000085,249999748.50025046
7.0640002803840005e-06,0.47999998164000085,249999748.50025046
7.067999874407999e-06,0.44000001421999935,249999748.50025046
7.072000196432e-06,0.44000001421999935,249999748.50025046
7.0759997904559985e-06,0.47999998164000085,249999748.50025046
7.080000110480001e-06,0.44000001421999935,249999748.50025046
7.083999704503998e-06,0.47999998164000085,249999748.50025046
7.088000026528e-06,0.5199999862600007,249999748.50025046
7.092000348552002e-06,0.47999998164000085,249999748.50025046
7.095999942576e-06,0.44000001421999935,249999748.50025046
7.100000262600002e-06,0.44000001421999935,249999748.50025046
7.1039998566239986e-06,0.44000001421999935,249999748.50025046
7.1080001786480005e-06,0.40000000949999953,249999748.50025046
7.111999772671998e-06,0.44000001421999935,249999748.50025046
7.116000094696e-06,0.44000001421999935,249999748.50025046
7.119999688719998e-06,0.44000001421999935,249999748.50025046
7.124000010744e-06,0.47999998164000085,249999748.50025046
7.128000330768002e-06,0.3600000048799997,249999748.50025046
7.131999924791999e-06,0.40000000949999953,249999748.50025046
7.136000246816001e-06,0.44000001421999935,249999748.50025046
7.139999840839999e-06,0.44000001421999935,249999748.50025046
7.144000162864001e-06,0.40000000949999953,249999748.50025046
7.147999756887998e-06,0.40000000949999953,249999748.50025046
7.152000076912e-06,0.40000000949999953,249999748.50025046
7.155999670935997e-06,0.40000000949999953,249999748.50025046
7.159999992959999e-06,0.3600000048799997,249999748.50025046
7.164000314984002e-06,0.3600000048799997,249999748.50025046
7.167999909007999e-06,0.40000000949999953,249999748.50025046
7.172000229032001e-06,0.40000000949999953,249999748.50025046
7.1759998230559985e-06,0.40000000949999953,249999748.50025046
7.1800001450800004e-06,0.40000000949999953,249999748.50025046
7.183999739103998e-06,0.40000000949999953,249999748.50025046
7.188000061128e-06,0.3600000048799997,249999748.50025046
7.1919996551519976e-06,0.3600000048799997,249999748.50025046
7.1959999771759995e-06,0.40000000949999953,249999748.50025046
7.200000297200002e-06,0.2799999954400002,249999748.50025046
7.203999891223998e-06,0.32000000015999996,249999748.50025046
7.208000213248001e-06,0.32000000015999996,249999748.50025046
7.211999807271998e-06,0.3600000048799997,249999748.50025046
7.216000129296001e-06,0.32000000015999996,249999748.50025046
7.2199997233199975e-06,0.32000000015999996,249999748.50025046
7.224000043344e-06,0.2799999954400002,249999748.50025046
7.227999637367998e-06,0.3600000048799997,249999748.50025046
7.231999959391999e-06,0.32000000015999996,249999748.50025046
7.236000281416001e-06,0.32000000015999996,249999748.50025046
7.239999875439999e-06,0.3600000048799997,249999748.50025046
7.244000197464001e-06,0.2799999954400002,249999748.50025046
7.247999791487998e-06,0.32000000015999996,249999748.50025046
7.252000111512001e-06,0.2799999954400002,249999748.50025046
7.255999705535997e-06,0.23999999082000043,249999748.50025046
7.260000027560001e-06,0.32000000015999996,249999748.50025046
7.264000349584002e-06,0.2799999954400002,249999748.50025046
7.267999943608e-06,0.32000000015999996,249999748.50025046
7.272000263632001e-06,0.2799999954400002,249999748.50025046
7.275999857655999e-06,0.2799999954400002,249999748.50025046
7.28000017968e-06,0.2799999954400002,249999748.50025046
7.283999773703999e-06,0.2799999954400002,249999748.50025046
7.288000095728e-06,0.2799999954400002,249999748.50025046
7.291999689751998e-06,0.2799999954400002,249999748.50025046
7.296000011775999e-06,0.23999999082000043,249999748.50025046
7.300000331800002e-06,0.23999999082000043,249999748.50025046
7.303999925824e-06,0.2799999954400002,249999748.50025046
7.308000247848002e-06,0.23999999082000043,249999748.50025046
7.3119998418719994e-06,0.23999999082000043,249999748.50025046
7.316000163896001e-06,0.23999999082000043,249999748.50025046
7.319999757919999e-06,0.23999999082000043,249999748.50025046
7.324000077944e-06,0.20000000459999975,249999748.50025046
7.327999671967998e-06,0.23999999082000043,249999748.50025046
7.331999993992e-06,0.20000000459999975,249999748.50025046
7.336000316016001e-06,0.20000000459999975,249999748.50025046
7.339999910039999e-06,0.23999999082000043,249999748.50025046
7.3440002320640004e-06,0.23999999082000043,249999748.50025046
7.347999824087999e-06,0.20000000459999975,249999748.50025046
7.352000146112001e-06,0.20000000459999975,249999748.50025046
7.355999740135999e-06,0.16000000048,249999748.50025046
7.3600000621600006e-06,0.16000000048,249999748.50025046
7.363999656183998e-06,0.16000000048,249999748.50025046
7.367999978208e-06,0.20000000459999975,249999748.50025046
7.372000298232001e-06,0.16000000048,249999748.50025046
7.375999892255999e-06,0.16000000048,249999748.50025046
7.380000214280001e-06,0.11999999536000021,249999748.50025046
7.3839998083039985e-06,0.11999999536000021,249999748.50025046
7.3880001303280005e-06,0.08000000003999999,249999748.50025046
7.391999724351998e-06,0.11999999536000021,249999748.50025046
7.396000044376e-06,0.11999999536000021,249999748.50025046
7.399999638399998e-06,0.08000000003999999,249999748.50025046
7.403999960424e-06,0.08000000003999999,249999748.50025046
7.408000282448002e-06,0.08000000003999999,249999748.50025046
7.411999876471999e-06,0.040000000019999996,249999748.50025046
7.416000198496001e-06,0.08000000003999999,249999748.50025046
7.419999792519999e-06,0.040000000019999996,249999748.50025046
7.424000112544e-06,0.040000000019999996,249999748.50025046
7.427999706567998e-06,0.040000000019999996,249999748.50025046
7.432000028592e-06,0.040000000019999996,249999748.50025046
7.4360003506160016e-06,0.040000000019999996,249999748.50025046
7.439999944639999e-06,0.08000000003999999,249999748.50025046
7.444000264664001e-06,0.040000000019999996,249999748.50025046
7.447999858687999e-06,0.0,249999748.50025046
7.452000180712001e-06,0.0,249999748.50025046
7.4559997747359985e-06,0.040000000019999996,249999748.50025046
7.46000009676e-06,0.0,249999748.50025046
7.463999690783998e-06,-0.040000000019999996,249999748.50025046
7.468000012808e-06,-0.040000000019999996,249999748.50025046
7.472000332832002e-06,0.0,249999748.50025046
7.475999926855999e-06,0.0,249999748.50025046
7.480000248880001e-06,0.0,249999748.50025046
7.483999842903998e-06,-0.040000000019999996,249999748.50025046
7.488000164928e-06,-0.040000000019999996,249999748.50025046
7.491999758951998e-06,0.0,249999748.50025046
7.496000078976e-06,-0.040000000019999996,249999748.50025046
7.4999996729999985e-06,-0.040000000019999996,249999748.50025046
7.5039999950239996e-06,-0.08000000003999999,249999748.50025046
7.5080003170480015e-06,0.0,249999748.50025046
7.511999911071999e-06,-0.08000000003999999,249999748.50025046
7.516000233096001e-06,-0.040000000019999996,249999748.50025046
7.519999825119998e-06,-0.08000000003999999,249999748.50025046
7.524000147144e-06,-0.11999999536000021,249999748.50025046
7.5279997411679975e-06,-0.040000000019999996,249999748.50025046
7.5320000631919995e-06,-0.08000000003999999,249999748.50025046
7.535999657215997e-06,-0.08000000003999999,249999748.50025046
7.539999979239999e-06,-0.08000000003999999,249999748.50025046
7.544000299264001e-06,-0.08000000003999999,249999748.50025046
7.547999893288e-06,-0.08000000003999999,249999748.50025046
7.552000215312001e-06,-0.08000000003999999,249999748.50025046
7.555999809335999e-06,-0.08000000003999999,249999748.50025046
7.56000013136e-06,-0.08000000003999999,249999748.50025046
7.563999725383999e-06,-0.11999999536000021,249999748.50025046
7.568000045407999e-06,-0.11999999536000021,249999748.50025046
7.5719996394319976e-06,-0.11999999536000021,249999748.50025046
7.575999961455999e-06,-0.16000000048,249999748.50025046
7.580000283480002e-06,-0.16000000048,249999748.50025046
7.583999877503998e-06,-0.16000000048,249999748.50025046
7.588000199528002e-06,-0.16000000048,249999748.50025046
7.591999793551998e-06,-0.16000000048,249999748.50025046
7.596000113576001e-06,-0.16000000048,249999748.50025046
7.599999707599998e-06,-0.11999999536000021,249999748.50025046
7.604000029624e-06,-0.16000000048,249999748.50025046
7.608000351648001e-06,-0.16000000048,249999748.50025046
7.611999945672e-06,-0.16000000048,249999748.50025046
7.616000265696002e-06,-0.20000000459999975,249999748.50025046
7.619999859719999e-06,-0.20000000459999975,249999748.50025046
7.6240001817440014e-06,-0.20000000459999975,249999748.50025046
7.627999775767998e-06,-0.20000000459999975,249999748.50025046
7.632000097792001e-06,-0.20000000459999975,249999748.50025046
7.635999691815998e-06,-0.23999999082000043,249999748.50025046
7.64000001384e-06,-0.16000000048,249999748.50025046
7.644000333864001e-06,-0.20000000459999975,249999748.50025046
7.647999927888e-06,-0.20000000459999975,249999748.50025046
7.652000249912001e-06,-0.23999999082000043,249999748.50025046
7.655999843935998e-06,-0.23999999082000043,249999748.50025046
7.66000016596e-06,-0.23999999082000043,249999748.50025046
7.663999759983998e-06,-0.20000000459999975,249999748.50025046
7.668000080008001e-06,-0.20000000459999975,249999748.50025046
7.671999674031997e-06,-0.23999999082000043,249999748.50025046
7.675999996056e-06,-0.23999999082000043,249999748.50025046
7.680000318080002e-06,-0.20000000459999975,249999748.50025046
7.683999912104e-06,-0.23999999082000043,249999748.50025046
7.688000234128e-06,-0.23999999082000043,249999748.50025046
7.691999826151999e-06,-0.20000000459999975,249999748.50025046
7.696000148176e-06,-0.20000000459999975,249999748.50025046
7.699999742199999e-06,-0.2799999954400002,249999748.50025046
7.704000064224e-06,-0.32000000015999996,249999748.50025046
7.707999658247998e-06,-0.2799999954400002,249999748.50025046
7.711999980272e-06,-0.32000000015999996,249999748.50025046
7.716000300296003e-06,-0.2799999954400002,249999748.50025046
7.71999989432e-06,-0.2799999954400002,249999748.50025046
7.724000216344001e-06,-0.2799999954400002,249999748.50025046
7.727999810368e-06,-0.2799999954400002,249999748.50025046
7.732000132392002e-06,-0.32000000015999996,249999748.50025046
7.735999726415998e-06,-0.32000000015999996,249999748.50025046
7.74000004644e-06,-0.2799999954400002,249999748.50025046
7.743999640463998e-06,-0.32000000015999996,249999748.50025046
7.747999962488e-06,-0.2799999954400002,249999748.50025046
7.752000284512e-06,-0.32000000015999996,249999748.50025046
7.755999878535999e-06,-0.2799999954400002,249999748.50025046
7.76000020056e-06,-0.32000000015999996,249999748.50025046
7.763999794584e-06,-0.32000000015999996,249999748.50025046
7.768000114608e-06,-0.32000000015999996,249999748.50025046
7.771999708631999e-06,-0.3600000048799997,249999748.50025046
7.776000030656e-06,-0.32000000015999996,249999748.50025046
7.780000352680003e-06,-0.32000000015999996,249999748.50025046
7.783999946704e-06,-0.32000000015999996,249999748.50025046
7.788000266728e-06,-0.3600000048799997,249999748.50025046
7.791999860752e-06,-0.3600000048799997,249999748.50025046
7.796000182776001e-06,-0.3600000048799997,249999748.50025046
7.799999776799998e-06,-0.3600000048799997,249999748.50025046
7.804000098824e-06,-0.32000000015999996,249999748.50025046
7.807999692847998e-06,-0.32000000015999996,249999748.50025046
7.812000014872e-06,-0.3600000048799997,249999748.50025046
7.816000334896002e-06,-0.32000000015999996,249999748.50025046
7.81999992892e-06,-0.3600000048799997,249999748.50025046
7.824000250944002e-06,-0.3600000048799997,249999748.50025046
7.827999844967999e-06,-0.3600000048799997,249999748.50025046
7.832000166992e-06,-0.32000000015999996,249999748.50025046
7.835999761015999e-06,-0.32000000015999996,249999748.50025046
7.84000008104e-06,-0.32000000015999996,249999748.50025046
7.843999675063997e-06,-0.32000000015999996,249999748.50025046
7.847999997087999e-06,-0.3600000048799997,249999748.50025046
7.852000319112001e-06,-0.32000000015999996,249999748.50025046
7.855999913136e-06,-0.3600000048799997,249999748.50025046
7.86000023516e-06,-0.3600000048799997,249999748.50025046
7.863999827184e-06,-0.32000000015999996,249999748.50025046
7.868000149208001e-06,-0.3600000048799997,249999748.50025046
7.871999743231998e-06,-0.40000000949999953,249999748.50025046
7.876000065256e-06,-0.3600000048799997,249999748.50025046
7.879999659279998e-06,-0.3600000048799997,249999748.50025046
7.883999981304e-06,-0.40000000949999953,249999748.50025046
7.888000301328001e-06,-0.3600000048799997,249999748.50025046
7.891999895351998e-06,-0.3600000048799997,249999748.50025046
7.896000217376e-06,-0.3600000048799997,249999748.50025046
7.899999811399999e-06,-0.3600000048799997,249999748.50025046
7.904000133424e-06,-0.40000000949999953,249999748.50025046
7.907999727447997e-06,-0.3600000048799997,249999748.50025046
7.912000047472e-06,-0.3600000048799997,249999748.50025046
7.915999641495999e-06,-0.3600000048799997,249999748.50025046
7.919999963519999e-06,-0.40000000949999953,249999748.50025046
7.924000285544001e-06,-0.40000000949999953,249999748.50025046
7.927999879568e-06,-0.32000000015999996,249999748.50025046
7.932000201592001e-06,-0.3600000048799997,249999748.50025046
7.935999795615998e-06,-0.40000000949999953,249999748.50025046
7.94000011564e-06,-0.44000001421999935,249999748.50025046
7.943999709663998e-06,-0.3600000048799997,249999748.50025046
7.948000031688e-06,-0.3600000048799997,249999748.50025046
7.952000353712002e-06,-0.3600000048799997,249999748.50025046
7.955999947735998e-06,-0.3600000048799997,249999748.50025046
7.960000267760001e-06,-0.40000000949999953,249999748.50025046
7.963999861784e-06,-0.32000000015999996,249999748.50025046
7.968000183808e-06,-0.3600000048799997,249999748.50025046
7.971999777831999e-06,-0.3600000048799997,249999748.50025046
7.976000099856e-06,-0.40000000949999953,249999748.50025046
7.979999693879999e-06,-0.40000000949999953,249999748.50025046
7.984000015904e-06,-0.3600000048799997,249999748.50025046
7.988000335928002e-06,-0.40000000949999953,249999748.50025046
7.991999929951999e-06,-0.3600000048799997,249999748.50025046
7.996000251976003e-06,-0.32000000015999996,249999748.50025046
7.999999845999998e-06,-0.3600000048799997,249999748.50025046
8.004000168024001e-06,-0.32000000015999996,249999748.50025046
8.007999762047998e-06,-0.3600000048799997,249999748.50025046
8.012000082072001e-06,-0.32000000015999996,249999748.50025046
8.015999676095998e-06,-0.3600000048799997,249999748.50025046
8.01999999812e-06,-0.32000000015999996,249999748.50025046
8.024000320144002e-06,-0.3600000048799997,249999748.50025046
8.027999914168e-06,-0.3600000048799997,249999748.50025046
8.032000236192e-06,-0.3600000048799997,249999748.50025046
8.035999828215998e-06,-0.32000000015999996,249999748.50025046
8.040000150240002e-06,-0.32000000015999996,249999748.50025046
8.043999744263998e-06,-0.3600000048799997,249999748.50025046
8.048000066288e-06,-0.32000000015999996,249999748.50025046
8.051999660311997e-06,-0.2799999954400002,249999748.50025046
8.055999982336e-06,-0.32000000015999996,249999748.50025046
8.06000030236e-06,-0.2799999954400002,249999748.50025046
8.063999896383999e-06,-0.32000000015999996,249999748.50025046
8.068000218408e-06,-0.2799999954400002,249999748.50025046
8.071999812432e-06,-0.2799999954400002,249999748.50025046
8.076000134456e-06,-0.3600000048799997,249999748.50025046
8.079999728479998e-06,-0.32000000015999996,249999748.50025046
8.084000048504001e-06,-0.32000000015999996,249999748.50025046
8.087999642527998e-06,-0.2799999954400002,249999748.50025046
8.091999964552e-06,-0.2799999954400002,249999748.50025046
8.096000286576002e-06,-0.2799999954400002,249999748.50025046
8.0999998806e-06,-0.2799999954400002,249999748.50025046
8.104000202624002e-06,-0.32000000015999996,249999748.50025046
8.107999796647999e-06,-0.32000000015999996,249999748.50025046
8.112000116672e-06,-0.2799999954400002,249999748.50025046
8.115999710695998e-06,-0.2799999954400002,249999748.50025046
8.12000003272e-06,-0.2799999954400002,249999748.50025046
8.124000354744e-06,-0.2799999954400002,249999748.50025046
8.127999948767999e-06,-0.2799999954400002,249999748.50025046
8.132000268792002e-06,-0.32000000015999996,249999748.50025046
8.135999862815999e-06,-0.2799999954400002,249999748.50025046
8.14000018484e-06,-0.23999999082000043,249999748.50025046
8.143999778863999e-06,-0.2799999954400002,249999748.50025046
8.148000100888001e-06,-0.23999999082000043,249999748.50025046
8.151999694911998e-06,-0.2799999954400002,249999748.50025046
8.156000016936e-06,-0.23999999082000043,249999748.50025046
8.160000336960001e-06,-0.2799999954400002,249999748.50025046
8.163999930984e-06,-0.23999999082000043,249999748.50025046
8.168000253008001e-06,-0.2799999954400002,249999748.50025046
8.171999847031998e-06,-0.23999999082000043,249999748.50025046
8.176000169056e-06,-0.20000000459999975,249999748.50025046
8.179999763079999e-06,-0.2799999954400002,249999748.50025046
8.184000083104e-06,-0.23999999082000043,249999748.50025046
8.187999677127998e-06,-0.23999999082000043,249999748.50025046
8.191999999152e-06,-0.23999999082000043,249999748.50025046
8.196000321176002e-06,-0.23999999082000043,249999748.50025046
8.199999915199999e-06,-0.23999999082000043,249999748.50025046
8.204000237224001e-06,-0.23999999082000043,249999748.50025046
8.207999831248e-06,-0.23999999082000043,249999748.50025046
8.212000151272e-06,-0.20000000459999975,249999748.50025046
8.215999745295997e-06,-0.20000000459999975,249999748.50025046
8.22000006732e-06,-0.23999999082000043,249999748.50025046
8.223999661343998e-06,-0.23999999082000043,249999748.50025046
8.227999983368e-06,-0.20000000459999975,249999748.50025046
8.232000303392001e-06,-0.23999999082000043,249999748.50025046
8.235999897416e-06,-0.20000000459999975,249999748.50025046
8.240000219440001e-06,-0.23999999082000043,249999748.50025046
8.243999813464e-06,-0.23999999082000043,249999748.50025046
8.248000135488e-06,-0.23999999082000043,249999748.50025046
8.251999729511998e-06,-0.20000000459999975,249999748.50025046
8.256000049536e-06,-0.20000000459999975,249999748.50025046
8.259999643559998e-06,-0.20000000459999975,249999748.50025046
8.263999965583998e-06,-0.16000000048,249999748.50025046
8.268000287608e-06,-0.20000000459999975,249999748.50025046
8.271999881631999e-06,-0.16000000048,249999748.50025046
8.276000203656e-06,-0.16000000048,249999748.50025046
8.279999797679998e-06,-0.20000000459999975,249999748.50025046
8.284000117704e-06,-0.16000000048,249999748.50025046
8.287999711727999e-06,-0.16000000048,249999748.50025046
8.292000033752e-06,-0.16000000048,249999748.50025046
8.296000355776001e-06,-0.16000000048,249999748.50025046
8.2999999498e-06,-0.16000000048,249999748.50025046
8.304000269824003e-06,-0.20000000459999975,249999748.50025046
8.307999863847998e-06,-0.11999999536000021,249999748.50025046
8.312000185872e-06,-0.20000000459999975,249999748.50025046
8.315999779895998e-06,-0.16000000048,249999748.50025046
8.32000010192e-06,-0.11999999536000021,249999748.50025046
8.323999695943997e-06,-0.16000000048,249999748.50025046
8.328000017967999e-06,-0.11999999536000021,249999748.50025046
8.332000337992002e-06,-0.11999999536000021,249999748.50025046
8.335999932016e-06,-0.16000000048,249999748.50025046
8.34000025404e-06,-0.11999999536000021,249999748.50025046
8.343999848063999e-06,-0.08000000003999999,249999748.50025046
8.348000170088e-06,-0.08000000003999999,249999748.50025046
8.351999764112e-06,-0.16000000048,249999748.50025046
8.356000084135999e-06,-0.11999999536000021,249999748.50025046
8.359999678159997e-06,-0.11999999536000021,249999748.50025046
8.364000000183999e-06,-0.040000000019999996,249999748.50025046
8.368000322208003e-06,-0.08000000003999999,249999748.50025046
8.371999916231998e-06,-0.11999999536000021,249999748.50025046
8.376000238256001e-06,-0.11999999536000021,249999748.50025046
8.379999832279998e-06,-0.08000000003999999,249999748.50025046
8.384000152304001e-06,-0.08000000003999999,249999748.50025046
8.387999746327998e-06,-0.08000000003999999,249999748.50025046
8.392000068352e-06,-0.08000000003999999,249999748.50025046
8.395999662375998e-06,-0.11999999536000021,249999748.50025046
8.3999999844e-06,-0.08000000003999999,249999748.50025046
8.404000304424002e-06,-0.040000000019999996,249999748.50025046
8.407999898447998e-06,-0.08000000003999999,249999748.50025046
8.412000220472002e-06,-0.08000000003999999,249999748.50025046
8.415999814495999e-06,-0.040000000019999996,249999748.50025046
8.42000013652e-06,-0.08000000003999999,249999748.50025046
8.423999730543997e-06,-0.040000000019999996,249999748.50025046
8.428000052568001e-06,-0.08000000003999999,249999748.50025046
8.431999644591997e-06,-0.040000000019999996,249999748.50025046
8.435999966615999e-06,-0.040000000019999996,249999748.50025046
8.440000288640001e-06,-0.08000000003999999,249999748.50025046
8.443999882664e-06,-0.040000000019999996,249999748.50025046
8.448000204688001e-06,-0.08000000003999999,249999748.50025046
8.451999798711998e-06,-0.040000000019999996,249999748.50025046
8.456000118736001e-06,0.0,249999748.50025046
8.459999712759998e-06,-0.040000000019999996,249999748.50025046
8.464000034784e-06,-0.040000000019999996,249999748.50025046
8.468000356808002e-06,0.0,249999748.50025046
8.471999950832e-06,-0.040000000019999996,249999748.50025046
8.476000270856002e-06,0.0,249999748.50025046
8.479999864879998e-06,0.0,249999748.50025046
8.484000186904e-06,0.040000000019999996,249999748.50025046
8.487999780927999e-06,0.040000000019999996,249999748.50025046
8.492000102952e-06,0.040000000019999996,249999748.50025046
8.495999696975997e-06,0.0,249999748.50025046
8.500000019e-06,0.040000000019999996,249999748.50025046
8.504000339024002e-06,0.040000000019999996,249999748.50025046
8.507999933048e-06,0.040000000019999996,249999748.50025046
8.512000255072001e-06,0.0,249999748.50025046
8.515999849096e-06,0.040000000019999996,249999748.50025046
8.520000171120001e-06,0.040000000019999996,249999748.50025046
8.523999765144e-06,0.040000000019999996,249999748.50025046
8.528000085168e-06,0.040000000019999996,249999748.50025046
8.531999679191998e-06,0.08000000003999999,249999748.50025046
8.536000001216e-06,0.08000000003999999,249999748.50025046
8.540000323240002e-06,0.040000000019999996,249999748.50025046
8.543999917263998e-06,0.08000000003999999,249999748.50025046
8.548000239288e-06,0.040000000019999996,249999748.50025046
8.551999833311999e-06,0.11999999536000021,249999748.50025046
8.556000153336e-06,0.08000000003999999,249999748.50025046
8.559999747359999e-06,0.08000000003999999,249999748.50025046
8.564000069384e-06,0.08000000003999999,249999748.50025046
8.567999663407999e-06,0.08000000003999999,249999748.50025046
8.571999985432e-06,0.08000000003999999,249999748.50025046
8.576000305456e-06,0.08000000003999999,249999748.50025046
8.579999899479999e-06,0.11999999536000021,249999748.50025046
8.584000221504001e-06,0.08000000003999999,249999748.50025046
8.587999815527998e-06,0.08000000003999999,249999748.50025046
8.592000137552e-06,0.11999999536000021,249999748.50025046
8.595999731575998e-06,0.11999999536000021,249999748.50025046
8.6000000536e-06,0.08000000003999999,249999748.50025046
8.603999645623998e-06,0.11999999536000021,249999748.50025046
8.607999967648e-06,0.16000000048,249999748.50025046
8.612000289672002e-06,0.16000000048,249999748.50025046
8.615999883696e-06,0.08000000003999999,249999748.50025046
8.62000020572e-06,0.08000000003999999,249999748.50025046
8.623999799743999e-06,0.11999999536000021,249999748.50025046
8.628000119768e-06,0.16000000048,249999748.50025046
8.631999713791998e-06,0.11999999536000021,249999748.50025046
8.636000035815999e-06,0.11999999536000021,249999748.50025046
8.640000357840002e-06,0.11999999536000021,249999748.50025046
8.643999951863999e-06,0.16000000048,249999748.50025046
8.648000273888001e-06,0.11999999536000021,249999748.50025046
8.651999865911999e-06,0.11999999536000021,249999748.50025046
8.656000187936e-06,0.11999999536000021,249999748.50025046
8.65999978196e-06,0.11999999536000021,249999748.50025046
8.664000103984001e-06,0.11999999536000021,249999748.50025046
8.667999698007998e-06,0.16000000048,249999748.50025046
8.672000020032e-06,0.16000000048,249999748.50025046
8.676000340056003e-06,0.11999999536000021,249999748.50025046
8.67999993408e-06,0.16000000048,249999748.50025046
8.684000256104e-06,0.20000000459999975,249999748.50025046
8.687999850127998e-06,0.16000000048,249999748.50025046
8.692000172152e-06,0.11999999536000021,249999748.50025046
8.695999766175999e-06,0.16000000048,249999748.50025046
8.7000000862e-06,0.16000000048,249999748.50025046
8.703999680223998e-06,0.16000000048,249999748.50025046
8.708000002248e-06,0.20000000459999975,249999748.50025046
8.712000324272002e-06,0.16000000048,249999748.50025046
8.715999918295999e-06,0.16000000048,249999748.50025046
8.720000240320001e-06,0.16000000048,249999748.50025046
8.723999834344e-06,0.16000000048,249999748.50025046
8.728000154368e-06,0.20000000459999975,249999748.50025046
8.731999748391997e-06,0.20000000459999975,249999748.50025046
8.736000070416e-06,0.20000000459999975,249999748.50025046
8.739999664439998e-06,0.20000000459999975,249999748.50025046
8.743999986464e-06,0.16000000048,249999748.50025046
8.748000306488001e-06,0.20000000459999975,249999748.50025046
8.751999900512e-06,0.20000000459999975,249999748.50025046
8.756000222536001e-06,0.20000000459999975,249999748.50025046
8.759999816559998e-06,0.20000000459999975,249999748.50025046
8.764000138584e-06,0.20000000459999975,249999748.50025046
8.767999732607999e-06,0.20000000459999975,249999748.50025046
8.772000054632e-06,0.16000000048,249999748.50025046
8.775999646655997e-06,0.20000000459999975,249999748.50025046
8.779999968679999e-06,0.20000000459999975,249999748.50025046
8.784000290704002e-06,0.20000000459999975,249999748.50025046
8.787999884727999e-06,0.20000000459999975,249999748.50025046
8.792000206752001e-06,0.20000000459999975,249999748.50025046
8.795999800775998e-06,0.23999999082000043,249999748.50025046
8.8000001208e-06,0.23999999082000043,249999748.50025046
8.803999714823997e-06,0.23999999082000043,249999748.50025046
8.808000036848e-06,0.20000000459999975,249999748.50025046
8.812000358872001e-06,0.20000000459999975,249999748.50025046
8.815999952896e-06,0.20000000459999975,249999748.50025046
8.820000274920002e-06,0.2799999954400002,249999748.50025046
8.823999866943998e-06,0.23999999082000043,249999748.50025046
8.828000188968001e-06,0.23999999082000043,249999748.50025046
8.831999782991998e-06,0.20000000459999975,249999748.50025046
8.836000105016e-06,0.23999999082000043,249999748.50025046
8.839999699039997e-06,0.20000000459999975,249999748.50025046
8.844000021064e-06,0.20000000459999975,249999748.50025046
8.848000341088002e-06,0.20000000459999975,249999748.50025046
8.851999935111998e-06,0.20000000459999975,249999748.50025046
8.856000257136e-06,0.23999999082000043,249999748.50025046
8.859999851159999e-06,0.20000000459999975,249999748.50025046
8.864000173184e-06,0.20000000459999975,249999748.50025046
8.867999767207998e-06,0.20000000459999975,249999748.50025046
8.872000087232e-06,0.23999999082000043,249999748.50025046
8.875999681255997e-06,0.2799999954400002,249999748.50025046
8.880000003280001e-06,0.23999999082000043,249999748.50025046
8.884000325304001e-06,0.23999999082000043,249999748.50025046
8.887999919328e-06,0.23999999082000043,249999748.50025046
8.892000241352002e-06,0.23999999082000043,249999748.50025046
8.895999835376e-06,0.23999999082000043,249999748.50025046
8.9000001554e-06,0.20000000459999975,249999748.50025046
8.903999749423998e-06,0.23999999082000043,249999748.50025046
8.908000071448e-06,0.2799999954400002,249999748.50025046
8.911999665471998e-06,0.20000000459999975,249999748.50025046
8.915999987495999e-06,0.23999999082000043,249999748.50025046
8.920000307520002e-06,0.20000000459999975,249999748.50025046
8.923999901544e-06,0.20000000459999975,249999748.50025046
8.928000223568002e-06,0.2799999954400002,249999748.50025046
8.931999817591999e-06,0.23999999082000043,249999748.50025046
8.936000139616e-06,0.20000000459999975,249999748.50025046
8.93999973364e-06,0.23999999082000043,249999748.50025046
8.944000055664001e-06,0.2799999954400002,249999748.50025046
8.947999647687997e-06,0.23999999082000043,249999748.50025046
8.951999969712e-06,0.23999999082000043,249999748.50025046
8.956000291736001e-06,0.23999999082000043,249999748.50025046
8.95999988576e-06,0.20000000459999975,249999748.50025046
8.964000207784e-06,0.23999999082000043,249999748.50025046
8.967999801807998e-06,0.23999999082000043,249999748.50025046
8.972000121832001e-06,0.20000000459999975,249999748.50025046
8.975999715855998e-06,0.23999999082000043,249999748.50025046
8.98000003788e-06,0.20000000459999975,249999748.50025046
8.984000359904002e-06,0.20000000459999975,249999748.50025046
8.987999953928e-06,0.23999999082000043,249999748.50025046
8.992000275952002e-06,0.23999999082000043,249999748.50025046
8.995999867975998e-06,0.23999999082000043,249999748.50025046
9.00000019e-06,0.23999999082000043,249999748.50025046
9.003999784023999e-06,0.20000000459999975,249999748.50025046
9.008000106048e-06,0.23999999082000043,249999748.50025046
9.011999700071997e-06,0.20000000459999975,249999748.50025046
9.016000022096e-06,0.20000000459999975,249999748.50025046
9.020000342120002e-06,0.20000000459999975,249999748.50025046
9.023999936143999e-06,0.20000000459999975,249999748.50025046
9.028000258168001e-06,0.23999999082000043,249999748.50025046
9.031999852192e-06,0.20000000459999975,249999748.50025046
9.036000174216001e-06,0.20000000459999975,249999748.50025046
9.039999768239998e-06,0.20000000459999975,249999748.50025046
9.044000088264e-06,0.16000000048,249999748.50025046
9.047999682287998e-06,0.20000000459999975,249999748.50025046
9.052000004312e-06,0.20000000459999975,249999748.50025046
9.056000326336002e-06,0.20000000459999975,249999748.50025046
9.059999920359999e-06,0.20000000459999975,249999748.50025046
9.064000242384e-06,0.16000000048,249999748.50025046
9.067999836407999e-06,0.20000000459999975,249999748.50025046
9.072000156432e-06,0.20000000459999975,249999748.50025046
9.075999750455999e-06,0.16000000048,249999748.50025046
9.08000007248e-06,0.16000000048,249999748.50025046
9.083999666503997e-06,0.16000000048,249999748.50025046
9.087999988528e-06,0.16000000048,249999748.50025046
9.092000308552002e-06,0.20000000459999975,249999748.50025046
9.095999902575999e-06,0.16000000048,249999748.50025046
9.100000224600001e-06,0.20000000459999975,249999748.50025046
9.103999818623998e-06,0.16000000048,249999748.50025046
9.108000140648e-06,0.16000000048,249999748.50025046
9.111999734671998e-06,0.11999999536000021,249999748.50025046
9.116000056696e-06,0.20000000459999975,249999748.50025046
9.119999648719998e-06,0.16000000048,249999748.50025046
9.123999970744e-06,0.16000000048,249999748.50025046
9.128000292768002e-06,0.16000000048,249999748.50025046
9.131999886791998e-06,0.20000000459999975,249999748.50025046
9.136000208816e-06,0.16000000048,249999748.50025046
9.139999802839999e-06,0.20000000459999975,249999748.50025046
9.144000122864e-06,0.20000000459999975,249999748.50025046
9.147999716887997e-06,0.16000000048,249999748.50025046
9.152000038911999e-06,0.16000000048,249999748.50025046
9.155999632935997e-06,0.16000000048,249999748.50025046
9.15999995496e-06,0.16000000048,249999748.50025046
9.164000276984001e-06,0.16000000048,249999748.50025046
9.167999869007999e-06,0.11999999536000021,249999748.50025046
9.172000191032001e-06,0.16000000048,249999748.50025046
9.175999785056e-06,0.16000000048,249999748.50025046
9.18000010708e-06,0.11999999536000021,249999748.50025046
9.183999701103998e-06,0.11999999536000021,249999748.50025046
9.188000023128e-06,0.16000000048,249999748.50025046
9.192000343152003e-06,0.16000000048,249999748.50025046
9.195999937175998e-06,0.16000000048,249999748.50025046
