Record Length,2500,Points,-276.00000863E-9,119.9999973E-3,,Record Length,2500,Points,-276.00000863E-9,599.999964237E-3,,Record Length,2500,Points,-276.00000863E-9,10.4000006,
Sample Interval,400.00000370E-12,s,-275.60000149E-9,79.999998212E-3,,Sample Interval,400.00000370E-12,s,-275.60000149E-9,560.000002384E-3,,Sample Interval,400.00000370E-12,s,-275.60000149E-9,10.0000000,
Trigger Point,690.000012351,Samples,-275.20002277E-9,79.999998212E-3,,Trigger Point,690.000012351,Samples,-275.20002277E-9,560.000002384E-3,,Trigger Point,690.000012351,Samples,-275.20002277E-9,10.4000006,
,,,-274.80001563E-9,79.999998212E-3,,,,,-274.80001563E-9,560.000002384E-3,,,,,-274.80001563E-9,10.4000006,
,,,-274.40000849E-9,79.999998212E-3,,,,,-274.40000849E-9,560.000002384E-3,,,,,-274.40000849E-9,10.4000006,
,,,-274.00000135E-9,119.9999973E-3,,,,,-274.00000135E-9,560.000002384E-3,,,,,-274.00000135E-9,10.4000006,
Source,CH1,,-273.60002264E-9,119.9999973E-3,,Source,CH2,,-273.60002264E-9,560.000002384E-3,,Source,MATH,,-273.60002264E-9,10.4000006,
Vertical Units,Volts,,-273.20001550E-9,119.9999973E-3,,Vertical Units,Volts,,-273.20001550E-9,560.000002384E-3,,Vertical Units,Volts,,-273.20001550E-9,10.4000006,
Vertical Scale,999.999977648E-3,,-272.80000836E-9,119.9999973E-3,,Vertical Scale,999.999977648E-3,,-272.80000836E-9,519.999980927E-3,,Vertical Scale,10.0000001,,-272.80000836E-9,10.0000000,
Vertical Offset,0,,-272.40000122E-9,119.9999973E-3,,Vertical Offset,0,,-272.40000122E-9,519.999980927E-3,,Vertical Offset,0,,-272.40000122E-9,10.0000000,
Horizontal Units,s,,-272.00002251E-9,159.99999642E-3,,Horizontal Units,s,,-272.00002251E-9,519.999980927E-3,,Horizontal Units,s,,-272.00002251E-9,10.0000000,
Horizontal Scale,100.0000013E-9,,-271.60001537E-9,119.9999973E-3,,Horizontal Scale,100.0000013E-9,,-271.60001537E-9,519.999980927E-3,,Horizontal Scale,100.0000013E-9,,-271.60001537E-9,10.0000000,
Pt Fmt,Y,,-271.20000823E-9,119.9999973E-3,,Pt Fmt,Y,,-271.20000823E-9,519.999980927E-3,,Pt Fmt,Y,,-271.20000823E-9,10.0000000,
Yzero,-1.7200000,,-270.80000109E-9,119.9999973E-3,,Yzero,-1.5600000,,-270.80000109E-9,519.999980927E-3,,Yzero,0.0,,-270.80000109E-9,10.0000000,
Probe Atten,1.000000,,-270.40002237E-9,119.9999973E-3,,Probe Atten,1.000000,,-270.40002237E-9,519.999980927E-3,,,,,-270.40002237E-9,10.4000006,
,,,-270.00001523E-9,159.99999642E-3,,,,,-270.00001523E-9,519.999980927E-3,,,,,-270.00001523E-9,10.0000000,
Note,TBS 1104 - 3:25:13 PM   2/3/2026,,-269.60000810E-9,159.99999642E-3,,Note,TBS 1104 - 3:25:13 PM   2/3/2026,,-269.60000810E-9,519.999980927E-3,,Note,TBS 1104 - 3:25:13 PM   2/3/2026,,-269.60000810E-9,10.0000000,
,,,-269.20000096E-9,159.99999642E-3,,,,,-269.20000096E-9,519.999980927E-3,,,,,-269.20000096E-9,10.0000000,
,,,-268.80002224E-9,159.99999642E-3,,,,,-268.80002224E-9,560.000002384E-3,,,,,-268.80002224E-9,10.0000000,
,,,-268.40001510E-9,159.99999642E-3,,,,,-268.40001510E-9,560.000002384E-3,,,,,-268.40001510E-9,10.0000000,
,,,-268.00000796E-9,159.99999642E-3,,,,,-268.00000796E-9,599.999964237E-3,,,,,-268.00000796E-9,10.0000000,
,,,-267.60000083E-9,159.99999642E-3,,,,,-267.60000083E-9,560.000002384E-3,,,,,-267.60000083E-9,10.0000000,
,,,-267.20002211E-9,159.99999642E-3,,,,,-267.20002211E-9,560.000002384E-3,,,,,-267.20002211E-9,10.0000000,
,,,-266.80001497E-9,159.99999642E-3,,,,,-266.80001497E-9,560.000002384E-3,,,,,-266.80001497E-9,10.0000000,
,,,-266.40000783E-9,159.99999642E-3,,,,,-266.40000783E-9,560.000002384E-3,,,,,-266.40000783E-9,10.0000000,
,,,-266.00000069E-9,159.99999642E-3,,,,,-266.00000069E-9,560.000002384E-3,,,,,-266.00000069E-9,10.4000006,
,,,-265.60002198E-9,119.9999973E-3,,,,,-265.60002198E-9,560.000002384E-3,,,,,-265.60002198E-9,10.4000006,
,,,-265.20001484E-9,119.9999973E-3,,,,,-265.20001484E-9,560.000002384E-3,,,,,-265.20001484E-9,10.4000006,
,,,-264.80000770E-9,119.9999973E-3,,,,,-264.80000770E-9,560.000002384E-3,,,,,-264.80000770E-9,10.4000006,
,,,-264.40000056E-9,119.9999973E-3,,,,,-264.40000056E-9,560.000002384E-3,,,,,-264.40000056E-9,10.4000006,
,,,-264.00002184E-9,159.99999642E-3,,,,,-264.00002184E-9,560.000002384E-3,,,,,-264.00002184E-9,10.4000006,
,,,-263.60001470E-9,159.99999642E-3,,,,,-263.60001470E-9,560.000002384E-3,,,,,-263.60001470E-9,10.4000006,
,,,-263.20000757E-9,199.99998808E-3,,,,,-263.20000757E-9,560.000002384E-3,,,,,-263.20000757E-9,10.4000006,
,,,-262.80000043E-9,159.99999642E-3,,,,,-262.80000043E-9,519.999980927E-3,,,,,-262.80000043E-9,10.0000000,
,,,-262.40002171E-9,159.99999642E-3,,,,,-262.40002171E-9,519.999980927E-3,,,,,-262.40002171E-9,10.0000000,
,,,-262.00001457E-9,159.99999642E-3,,,,,-262.00001457E-9,519.999980927E-3,,,,,-262.00001457E-9,10.4000006,
,,,-261.60000743E-9,159.99999642E-3,,,,,-261.60000743E-9,479.999989271E-3,,,,,-261.60000743E-9,10.4000006,
,,,-261.20000030E-9,159.99999642E-3,,,,,-261.20000030E-9,479.999989271E-3,,,,,-261.20000030E-9,10.8000002,
,,,-260.80002158E-9,119.9999973E-3,,,,,-260.80002158E-9,479.999989271E-3,,,,,-260.80002158E-9,10.4000006,
,,,-260.40001444E-9,119.9999973E-3,,,,,-260.40001444E-9,479.999989271E-3,,,,,-260.40001444E-9,10.4000006,
,,,-260.00000730E-9,119.9999973E-3,,,,,-260.00000730E-9,479.999989271E-3,,,,,-260.00000730E-9,10.4000006,
,,,-259.60000016E-9,79.999998212E-3,,,,,-259.60000016E-9,479.999989271E-3,,,,,-259.60000016E-9,10.8000002,
,,,-259.20002145E-9,119.9999973E-3,,,,,-259.20002145E-9,479.999989271E-3,,,,,-259.20002145E-9,10.8000002,
,,,-258.80001431E-9,119.9999973E-3,,,,,-258.80001431E-9,479.999989271E-3,,,,,-258.80001431E-9,11.1999998,
,,,-258.40000717E-9,119.9999973E-3,,,,,-258.40000717E-9,479.999989271E-3,,,,,-258.40000717E-9,10.8000002,
,,,-258.00000003E-9,159.99999642E-3,,,,,-258.00000003E-9,479.999989271E-3,,,,,-258.00000003E-9,10.8000002,
,,,-257.60002131E-9,159.99999642E-3,,,,,-257.60002131E-9,479.999989271E-3,,,,,-257.60002131E-9,10.8000002,
,,,-257.20001418E-9,159.99999642E-3,,,,,-257.20001418E-9,479.999989271E-3,,,,,-257.20001418E-9,10.4000006,
,,,-256.80000704E-9,159.99999642E-3,,,,,-256.80000704E-9,479.999989271E-3,,,,,-256.80000704E-9,10.8000002,
,,,-256.39999990E-9,159.99999642E-3,,,,,-256.39999990E-9,479.999989271E-3,,,,,-256.39999990E-9,10.8000002,
,,,-256.00002118E-9,159.99999642E-3,,,,,-256.00002118E-9,479.999989271E-3,,,,,-256.00002118E-9,11.1999998,
,,,-255.60001404E-9,159.99999642E-3,,,,,-255.60001404E-9,439.999997616E-3,,,,,-255.60001404E-9,11.1999998,
,,,-255.20000690E-9,159.99999642E-3,,,,,-255.20000690E-9,439.999997616E-3,,,,,-255.20000690E-9,10.8000002,
,,,-254.79999977E-9,159.99999642E-3,,,,,-254.79999977E-9,439.999997616E-3,,,,,-254.79999977E-9,10.8000002,
,,,-254.40002105E-9,159.99999642E-3,,,,,-254.40002105E-9,399.99997616E-3,,,,,-254.40002105E-9,10.8000002,
,,,-254.00001391E-9,199.99998808E-3,,,,,-254.00001391E-9,439.999997616E-3,,,,,-254.00001391E-9,10.8000002,
,,,-253.60000677E-9,199.99998808E-3,,,,,-253.60000677E-9,439.999997616E-3,,,,,-253.60000677E-9,11.1999998,
,,,-253.19999963E-9,199.99998808E-3,,,,,-253.19999963E-9,479.999989271E-3,,,,,-253.19999963E-9,11.1999998,
,,,-252.80002092E-9,159.99999642E-3,,,,,-252.80002092E-9,439.999997616E-3,,,,,-252.80002092E-9,11.1999998,
,,,-252.40001378E-9,159.99999642E-3,,,,,-252.40001378E-9,399.99997616E-3,,,,,-252.40001378E-9,11.1999998,
,,,-252.00000664E-9,159.99999642E-3,,,,,-252.00000664E-9,399.99997616E-3,,,,,-252.00000664E-9,11.6000004,
,,,-251.59999950E-9,159.99999642E-3,,,,,-251.59999950E-9,359.99998450E-3,,,,,-251.59999950E-9,11.6000004,
,,,-251.20002078E-9,159.99999642E-3,,,,,-251.20002078E-9,359.99998450E-3,,,,,-251.20002078E-9,11.6000004,
,,,-250.80001365E-9,199.99998808E-3,,,,,-250.80001365E-9,399.99997616E-3,,,,,-250.80001365E-9,11.6000004,
,,,-250.40000651E-9,199.99998808E-3,,,,,-250.40000651E-9,399.99997616E-3,,,,,-250.40000651E-9,11.6000004,
,,,-249.99999937E-9,199.99998808E-3,,,,,-249.99999937E-9,439.999997616E-3,,,,,-249.99999937E-9,11.6000004,
,,,-249.60002065E-9,199.99998808E-3,,,,,-249.60002065E-9,439.999997616E-3,,,,,-249.60002065E-9,11.6000004,
,,,-249.20001351E-9,199.99998808E-3,,,,,-249.20001351E-9,439.999997616E-3,,,,,-249.20001351E-9,11.6000004,
,,,-248.80000637E-9,199.99998808E-3,,,,,-248.80000637E-9,479.999989271E-3,,,,,-248.80000637E-9,12.0000000,
,,,-248.39999924E-9,199.99998808E-3,,,,,-248.39999924E-9,479.999989271E-3,,,,,-248.39999924E-9,12.0000000,
,,,-248.00002052E-9,199.99998808E-3,,,,,-248.00002052E-9,519.999980927E-3,,,,,-248.00002052E-9,11.6000004,
,,,-247.60001338E-9,199.99998808E-3,,,,,-247.60001338E-9,519.999980927E-3,,,,,-247.60001338E-9,11.6000004,
,,,-247.20000624E-9,199.99998808E-3,,,,,-247.20000624E-9,519.999980927E-3,,,,,-247.20000624E-9,11.6000004,
,,,-246.79999910E-9,199.99998808E-3,,,,,-246.79999910E-9,519.999980927E-3,,,,,-246.79999910E-9,11.6000004,
,,,-246.40002039E-9,199.99998808E-3,,,,,-246.40002039E-9,519.999980927E-3,,,,,-246.40002039E-9,11.6000004,
,,,-246.00001325E-9,199.99998808E-3,,,,,-246.00001325E-9,519.999980927E-3,,,,,-246.00001325E-9,11.6000004,
,,,-245.60000611E-9,159.99999642E-3,,,,,-245.60000611E-9,479.999989271E-3,,,,,-245.60000611E-9,11.6000004,
,,,-245.19999897E-9,159.99999642E-3,,,,,-245.19999897E-9,479.999989271E-3,,,,,-245.19999897E-9,11.6000004,
,,,-244.80002025E-9,159.99999642E-3,,,,,-244.80002025E-9,479.999989271E-3,,,,,-244.80002025E-9,12.0000000,
,,,-244.40001312E-9,159.99999642E-3,,,,,-244.40001312E-9,479.999989271E-3,,,,,-244.40001312E-9,12.0000000,
,,,-244.00000598E-9,159.99999642E-3,,,,,-244.00000598E-9,519.999980927E-3,,,,,-244.00000598E-9,12.0000000,
,,,-243.59999884E-9,119.9999973E-3,,,,,-243.59999884E-9,479.999989271E-3,,,,,-243.59999884E-9,12.0000000,
,,,-243.20002012E-9,119.9999973E-3,,,,,-243.20002012E-9,479.999989271E-3,,,,,-243.20002012E-9,12.0000000,
,,,-242.80001298E-9,119.9999973E-3,,,,,-242.80001298E-9,479.999989271E-3,,,,,-242.80001298E-9,12.0000000,
,,,-242.40000585E-9,119.9999973E-3,,,,,-242.40000585E-9,479.999989271E-3,,,,,-242.40000585E-9,12.0000000,
,,,-241.99999871E-9,119.9999973E-3,,,,,-241.99999871E-9,519.999980927E-3,,,,,-241.99999871E-9,12.4000006,
,,,-241.60001999E-9,119.9999973E-3,,,,,-241.60001999E-9,519.999980927E-3,,,,,-241.60001999E-9,12.4000006,
,,,-241.20001285E-9,119.9999973E-3,,,,,-241.20001285E-9,519.999980927E-3,,,,,-241.20001285E-9,12.4000006,
,,,-240.80000571E-9,79.999998212E-3,,,,,-240.80000571E-9,479.999989271E-3,,,,,-240.80000571E-9,12.4000006,
,,,-240.39999857E-9,39.99999911E-3,,,,,-240.39999857E-9,479.999989271E-3,,,,,-240.39999857E-9,12.4000006,
,,,-240.00001986E-9,39.99999911E-3,,,,,-240.00001986E-9,479.999989271E-3,,,,,-240.00001986E-9,12.4000006,
,,,-239.60001272E-9,39.99999911E-3,,,,,-239.60001272E-9,479.999989271E-3,,,,,-239.60001272E-9,12.4000006,
,,,-239.20000558E-9,39.99999911E-3,,,,,-239.20000558E-9,519.999980927E-3,,,,,-239.20000558E-9,12.4000006,
,,,-238.79999844E-9,79.999998212E-3,,,,,-238.79999844E-9,560.000002384E-3,,,,,-238.79999844E-9,12.0000000,
,,,-238.40000551E-9,79.999998212E-3,,,,,-238.40000551E-9,560.000002384E-3,,,,,-238.40000551E-9,12.0000000,
,,,-238.00001259E-9,79.999998212E-3,,,,,-238.00001259E-9,560.000002384E-3,,,,,-238.00001259E-9,12.0000000,
,,,-237.60000545E-9,79.999998212E-3,,,,,-237.60000545E-9,560.000002384E-3,,,,,-237.60000545E-9,12.4000006,
,,,-237.20001252E-9,79.999998212E-3,,,,,-237.20001252E-9,560.000002384E-3,,,,,-237.20001252E-9,12.4000006,
,,,-236.80000538E-9,39.99999911E-3,,,,,-236.80000538E-9,599.999964237E-3,,,,,-236.80000538E-9,12.4000006,
,,,-236.40001245E-9,39.99999911E-3,,,,,-236.40001245E-9,599.999964237E-3,,,,,-236.40001245E-9,12.4000006,
,,,-236.00000532E-9,39.99999911E-3,,,,,-236.00000532E-9,599.999964237E-3,,,,,-236.00000532E-9,12.4000006,
,,,-235.60001239E-9,0.0,,,,,-235.60001239E-9,599.999964237E-3,,,,,-235.60001239E-9,12.4000006,
,,,-235.20000525E-9,39.99999911E-3,,,,,-235.20000525E-9,599.999964237E-3,,,,,-235.20000525E-9,12.4000006,
,,,-234.80001232E-9,39.99999911E-3,,,,,-234.80001232E-9,599.999964237E-3,,,,,-234.80001232E-9,12.8000002,
,,,-234.40000518E-9,39.99999911E-3,,,,,-234.40000518E-9,599.999964237E-3,,,,,-234.40000518E-9,12.8000002,
,,,-234.00001226E-9,79.999998212E-3,,,,,-234.00001226E-9,599.999964237E-3,,,,,-234.00001226E-9,12.8000002,
,,,-233.60000512E-9,79.999998212E-3,,,,,-233.60000512E-9,599.999964237E-3,,,,,-233.60000512E-9,13.1999998,
,,,-233.20001219E-9,79.999998212E-3,,,,,-233.20001219E-9,599.999964237E-3,,,,,-233.20001219E-9,12.8000002,
,,,-232.80000505E-9,39.99999911E-3,,,,,-232.80000505E-9,560.000002384E-3,,,,,-232.80000505E-9,12.8000002,
,,,-232.40001212E-9,39.99999911E-3,,,,,-232.40001212E-9,560.000002384E-3,,,,,-232.40001212E-9,12.8000002,
,,,-232.00000498E-9,39.99999911E-3,,,,,-232.00000498E-9,560.000002384E-3,,,,,-232.00000498E-9,12.8000002,
,,,-231.60001206E-9,0.0,,,,,-231.60001206E-9,560.000002384E-3,,,,,-231.60001206E-9,12.8000002,
,,,-231.20000492E-9,0.0,,,,,-231.20000492E-9,560.000002384E-3,,,,,-231.20000492E-9,12.8000002,
,,,-230.80001199E-9,0.0,,,,,-230.80001199E-9,599.999964237E-3,,,,,-230.80001199E-9,13.1999998,
,,,-230.40000485E-9,0.0,,,,,-230.40000485E-9,599.999964237E-3,,,,,-230.40000485E-9,13.1999998,
,,,-230.00001192E-9,39.99999911E-3,,,,,-230.00001192E-9,639.999985695E-3,,,,,-230.00001192E-9,13.1999998,
,,,-229.60000479E-9,0.0,,,,,-229.60000479E-9,599.999964237E-3,,,,,-229.60000479E-9,13.1999998,
,,,-229.20001186E-9,0.0,,,,,-229.20001186E-9,599.999964237E-3,,,,,-229.20001186E-9,13.1999998,
,,,-228.80000472E-9,0.0,,,,,-228.80000472E-9,599.999964237E-3,,,,,-228.80000472E-9,13.1999998,
,,,-228.40001179E-9,0.0,,,,,-228.40001179E-9,599.999964237E-3,,,,,-228.40001179E-9,13.1999998,
,,,-228.00000465E-9,0.0,,,,,-228.00000465E-9,599.999964237E-3,,,,,-228.00000465E-9,13.1999998,
,,,-227.60001173E-9,0.0,,,,,-227.60001173E-9,599.999964237E-3,,,,,-227.60001173E-9,13.6000004,
,,,-227.20000459E-9,0.0,,,,,-227.20000459E-9,599.999964237E-3,,,,,-227.20000459E-9,13.6000004,
,,,-226.80001166E-9,0.0,,,,,-226.80001166E-9,599.999964237E-3,,,,,-226.80001166E-9,13.6000004,
,,,-226.40000452E-9,0.0,,,,,-226.40000452E-9,599.999964237E-3,,,,,-226.40000452E-9,13.6000004,
,,,-226.00001159E-9,0.0,,,,,-226.00001159E-9,639.999985695E-3,,,,,-226.00001159E-9,13.1999998,
,,,-225.60000446E-9,0.0,,,,,-225.60000446E-9,639.999985695E-3,,,,,-225.60000446E-9,13.6000004,
,,,-225.20001153E-9,0.0,,,,,-225.20001153E-9,639.999985695E-3,,,,,-225.20001153E-9,13.6000004,
,,,-224.80000439E-9,0.0,,,,,-224.80000439E-9,639.999985695E-3,,,,,-224.80000439E-9,14.0000000,
,,,-224.40001146E-9,0.0,,,,,-224.40001146E-9,639.999985695E-3,,,,,-224.40001146E-9,14.0000000,
,,,-224.00000432E-9,0.0,,,,,-224.00000432E-9,639.999985695E-3,,,,,-224.00000432E-9,14.0000000,
,,,-223.60001140E-9,0.0,,,,,-223.60001140E-9,639.999985695E-3,,,,,-223.60001140E-9,14.0000000,
,,,-223.20000426E-9,0.0,,,,,-223.20000426E-9,639.999985695E-3,,,,,-223.20000426E-9,14.0000000,
,,,-222.80001133E-9,0.0,,,,,-222.80001133E-9,639.999985695E-3,,,,,-222.80001133E-9,13.6000004,
,,,-222.40000419E-9,0.0,,,,,-222.40000419E-9,639.999985695E-3,,,,,-222.40000419E-9,13.6000004,
,,,-222.00001126E-9,0.0,,,,,-222.00001126E-9,639.999985695E-3,,,,,-222.00001126E-9,13.6000004,
,,,-221.60000412E-9,0.0,,,,,-221.60000412E-9,639.999985695E-3,,,,,-221.60000412E-9,14.0000000,
,,,-221.20001120E-9,0.0,,,,,-221.20001120E-9,639.999985695E-3,,,,,-221.20001120E-9,14.0000000,
,,,-220.80000406E-9,0.0,,,,,-220.80000406E-9,639.999985695E-3,,,,,-220.80000406E-9,14.4000006,
,,,-220.40001113E-9,0.0,,,,,-220.40001113E-9,639.999985695E-3,,,,,-220.40001113E-9,14.4000006,
,,,-220.00000399E-9,0.0,,,,,-220.00000399E-9,680.000007153E-3,,,,,-220.00000399E-9,14.4000006,
,,,-219.60001106E-9,0.0,,,,,-219.60001106E-9,680.000007153E-3,,,,,-219.60001106E-9,14.4000006,
,,,-219.20000393E-9,0.0,,,,,-219.20000393E-9,680.000007153E-3,,,,,-219.20000393E-9,14.4000006,
,,,-218.80001100E-9,39.99999911E-3,,,,,-218.80001100E-9,719.999969006E-3,,,,,-218.80001100E-9,14.4000006,
,,,-218.40000386E-9,39.99999911E-3,,,,,-218.40000386E-9,719.999969006E-3,,,,,-218.40000386E-9,14.0000000,
,,,-218.00001093E-9,39.99999911E-3,,,,,-218.00001093E-9,719.999969006E-3,,,,,-218.00001093E-9,14.4000006,
,,,-217.60000379E-9,0.0,,,,,-217.60000379E-9,719.999969006E-3,,,,,-217.60000379E-9,14.4000006,
,,,-217.20001087E-9,0.0,,,,,-217.20001087E-9,719.999969006E-3,,,,,-217.20001087E-9,14.4000006,
,,,-216.80000373E-9,0.0,,,,,-216.80000373E-9,719.999969006E-3,,,,,-216.80000373E-9,14.4000006,
,,,-216.40001080E-9,0.0,,,,,-216.40001080E-9,719.999969006E-3,,,,,-216.40001080E-9,14.4000006,
,,,-216.00000366E-9,39.99999911E-3,,,,,-216.00000366E-9,719.999969006E-3,,,,,-216.00000366E-9,14.0000000,
,,,-215.60001073E-9,0.0,,,,,-215.60001073E-9,719.999969006E-3,,,,,-215.60001073E-9,14.0000000,
,,,-215.20000359E-9,0.0,,,,,-215.20000359E-9,719.999969006E-3,,,,,-215.20000359E-9,14.0000000,
,,,-214.80001067E-9,-39.99999911E-3,,,,,-214.80001067E-9,719.999969006E-3,,,,,-214.80001067E-9,14.0000000,
,,,-214.40000353E-9,-39.99999911E-3,,,,,-214.40000353E-9,719.999969006E-3,,,,,-214.40000353E-9,14.0000000,
,,,-214.00001060E-9,0.0,,,,,-214.00001060E-9,719.999969006E-3,,,,,-214.00001060E-9,14.4000006,
,,,-213.60000346E-9,0.0,,,,,-213.60000346E-9,719.999969006E-3,,,,,-213.60000346E-9,14.4000006,
,,,-213.20001053E-9,39.99999911E-3,,,,,-213.20001053E-9,719.999969006E-3,,,,,-213.20001053E-9,14.4000006,
,,,-212.80000340E-9,79.999998212E-3,,,,,-212.80000340E-9,719.999969006E-3,,,,,-212.80000340E-9,14.4000006,
,,,-212.40001047E-9,79.999998212E-3,,,,,-212.40001047E-9,719.999969006E-3,,,,,-212.40001047E-9,14.4000006,
,,,-212.00000333E-9,79.999998212E-3,,,,,-212.00000333E-9,719.999969006E-3,,,,,-212.00000333E-9,14.4000006,
,,,-211.60001040E-9,39.99999911E-3,,,,,-211.60001040E-9,719.999969006E-3,,,,,-211.60001040E-9,14.8000002,
,,,-211.20000326E-9,0.0,,,,,-211.20000326E-9,719.999969006E-3,,,,,-211.20000326E-9,14.8000002,
,,,-210.80001034E-9,-39.99999911E-3,,,,,-210.80001034E-9,759.999990463E-3,,,,,-210.80001034E-9,14.8000002,
,,,-210.40000320E-9,-39.99999911E-3,,,,,-210.40000320E-9,759.999990463E-3,,,,,-210.40000320E-9,14.8000002,
,,,-210.00001027E-9,0.0,,,,,-210.00001027E-9,759.999990463E-3,,,,,-210.00001027E-9,14.8000002,
,,,-209.60000313E-9,0.0,,,,,-209.60000313E-9,759.999990463E-3,,,,,-209.60000313E-9,14.8000002,
,,,-209.20001020E-9,0.0,,,,,-209.20001020E-9,759.999990463E-3,,,,,-209.20001020E-9,14.8000002,
,,,-208.80000307E-9,39.99999911E-3,,,,,-208.80000307E-9,759.999990463E-3,,,,,-208.80000307E-9,14.8000002,
,,,-208.40001014E-9,39.99999911E-3,,,,,-208.40001014E-9,759.999990463E-3,,,,,-208.40001014E-9,14.8000002,
,,,-208.00000300E-9,79.999998212E-3,,,,,-208.00000300E-9,759.999990463E-3,,,,,-208.00000300E-9,14.8000002,
,,,-207.60001007E-9,39.99999911E-3,,,,,-207.60001007E-9,759.999990463E-3,,,,,-207.60001007E-9,14.8000002,
,,,-207.20000293E-9,39.99999911E-3,,,,,-207.20000293E-9,759.999990463E-3,,,,,-207.20000293E-9,15.1999998,
,,,-206.80001001E-9,39.99999911E-3,,,,,-206.80001001E-9,719.999969006E-3,,,,,-206.80001001E-9,15.1999998,
,,,-206.40000287E-9,0.0,,,,,-206.40000287E-9,719.999969006E-3,,,,,-206.40000287E-9,15.1999998,
,,,-206.00000994E-9,39.99999911E-3,,,,,-206.00000994E-9,719.999969006E-3,,,,,-206.00000994E-9,15.1999998,
,,,-205.60000280E-9,39.99999911E-3,,,,,-205.60000280E-9,719.999969006E-3,,,,,-205.60000280E-9,15.6000004,
,,,-205.20000987E-9,39.99999911E-3,,,,,-205.20000987E-9,719.999969006E-3,,,,,-205.20000987E-9,15.6000004,
,,,-204.80000273E-9,39.99999911E-3,,,,,-204.80000273E-9,719.999969006E-3,,,,,-204.80000273E-9,15.6000004,
,,,-204.40000981E-9,39.99999911E-3,,,,,-204.40000981E-9,719.999969006E-3,,,,,-204.40000981E-9,15.6000004,
,,,-204.00000267E-9,39.99999911E-3,,,,,-204.00000267E-9,719.999969006E-3,,,,,-204.00000267E-9,15.1999998,
,,,-203.60000974E-9,39.99999911E-3,,,,,-203.60000974E-9,719.999969006E-3,,,,,-203.60000974E-9,15.6000004,
,,,-203.20000260E-9,39.99999911E-3,,,,,-203.20000260E-9,719.999969006E-3,,,,,-203.20000260E-9,15.6000004,
,,,-202.80000967E-9,39.99999911E-3,,,,,-202.80000967E-9,759.999990463E-3,,,,,-202.80000967E-9,15.6000004,
,,,-202.40000254E-9,39.99999911E-3,,,,,-202.40000254E-9,759.999990463E-3,,,,,-202.40000254E-9,15.6000004,
,,,-202.00000961E-9,39.99999911E-3,,,,,-202.00000961E-9,759.999990463E-3,,,,,-202.00000961E-9,15.6000004,
,,,-201.60000247E-9,0.0,,,,,-201.60000247E-9,719.999969006E-3,,,,,-201.60000247E-9,15.1999998,
,,,-201.20000954E-9,39.99999911E-3,,,,,-201.20000954E-9,719.999969006E-3,,,,,-201.20000954E-9,15.1999998,
,,,-200.80000240E-9,39.99999911E-3,,,,,-200.80000240E-9,719.999969006E-3,,,,,-200.80000240E-9,15.1999998,
,,,-200.40000948E-9,39.99999911E-3,,,,,-200.40000948E-9,719.999969006E-3,,,,,-200.40000948E-9,15.6000004,
,,,-200.00000234E-9,79.999998212E-3,,,,,-200.00000234E-9,719.999969006E-3,,,,,-200.00000234E-9,15.6000004,
,,,-199.60000941E-9,79.999998212E-3,,,,,-199.60000941E-9,719.999969006E-3,,,,,-199.60000941E-9,15.6000004,
,,,-199.20000227E-9,79.999998212E-3,,,,,-199.20000227E-9,719.999969006E-3,,,,,-199.20000227E-9,15.6000004,
,,,-198.80000934E-9,79.999998212E-3,,,,,-198.80000934E-9,719.999969006E-3,,,,,-198.80000934E-9,15.1999998,
,,,-198.40000220E-9,79.999998212E-3,,,,,-198.40000220E-9,719.999969006E-3,,,,,-198.40000220E-9,15.1999998,
,,,-198.00000928E-9,79.999998212E-3,,,,,-198.00000928E-9,719.999969006E-3,,,,,-198.00000928E-9,15.1999998,
,,,-197.60000214E-9,79.999998212E-3,,,,,-197.60000214E-9,719.999969006E-3,,,,,-197.60000214E-9,15.6000004,
,,,-197.20000921E-9,79.999998212E-3,,,,,-197.20000921E-9,719.999969006E-3,,,,,-197.20000921E-9,15.6000004,
,,,-196.80000207E-9,79.999998212E-3,,,,,-196.80000207E-9,719.999969006E-3,,,,,-196.80000207E-9,16.0000000,
,,,-196.40000914E-9,79.999998212E-3,,,,,-196.40000914E-9,719.999969006E-3,,,,,-196.40000914E-9,16.0000000,
,,,-196.00000201E-9,79.999998212E-3,,,,,-196.00000201E-9,719.999969006E-3,,,,,-196.00000201E-9,15.6000004,
,,,-195.60000908E-9,79.999998212E-3,,,,,-195.60000908E-9,680.000007153E-3,,,,,-195.60000908E-9,15.6000004,
,,,-195.20000194E-9,79.999998212E-3,,,,,-195.20000194E-9,639.999985695E-3,,,,,-195.20000194E-9,15.6000004,
,,,-194.80000901E-9,79.999998212E-3,,,,,-194.80000901E-9,639.999985695E-3,,,,,-194.80000901E-9,15.6000004,
,,,-194.40000187E-9,79.999998212E-3,,,,,-194.40000187E-9,639.999985695E-3,,,,,-194.40000187E-9,16.0000000,
,,,-194.00000895E-9,79.999998212E-3,,,,,-194.00000895E-9,639.999985695E-3,,,,,-194.00000895E-9,16.0000000,
,,,-193.60000181E-9,79.999998212E-3,,,,,-193.60000181E-9,639.999985695E-3,,,,,-193.60000181E-9,16.0000000,
,,,-193.20000888E-9,79.999998212E-3,,,,,-193.20000888E-9,639.999985695E-3,,,,,-193.20000888E-9,16.0000000,
,,,-192.80000174E-9,119.9999973E-3,,,,,-192.80000174E-9,639.999985695E-3,,,,,-192.80000174E-9,16.0000000,
,,,-192.40000881E-9,119.9999973E-3,,,,,-192.40000881E-9,639.999985695E-3,,,,,-192.40000881E-9,16.0000000,
,,,-192.00000168E-9,119.9999973E-3,,,,,-192.00000168E-9,639.999985695E-3,,,,,-192.00000168E-9,16.0000000,
,,,-191.60000875E-9,119.9999973E-3,,,,,-191.60000875E-9,599.999964237E-3,,,,,-191.60000875E-9,16.0000000,
,,,-191.20000161E-9,119.9999973E-3,,,,,-191.20000161E-9,599.999964237E-3,,,,,-191.20000161E-9,16.0000000,
,,,-190.80000868E-9,159.99999642E-3,,,,,-190.80000868E-9,599.999964237E-3,,,,,-190.80000868E-9,15.6000004,
,,,-190.40000154E-9,159.99999642E-3,,,,,-190.40000154E-9,599.999964237E-3,,,,,-190.40000154E-9,15.6000004,
,,,-190.00000862E-9,159.99999642E-3,,,,,-190.00000862E-9,639.999985695E-3,,,,,-190.00000862E-9,15.6000004,
,,,-189.60000148E-9,159.99999642E-3,,,,,-189.60000148E-9,639.999985695E-3,,,,,-189.60000148E-9,15.6000004,
,,,-189.20000855E-9,159.99999642E-3,,,,,-189.20000855E-9,639.999985695E-3,,,,,-189.20000855E-9,15.6000004,
,,,-188.80000141E-9,159.99999642E-3,,,,,-188.80000141E-9,599.999964237E-3,,,,,-188.80000141E-9,15.6000004,
,,,-188.40000848E-9,159.99999642E-3,,,,,-188.40000848E-9,599.999964237E-3,,,,,-188.40000848E-9,15.6000004,
,,,-188.00000134E-9,159.99999642E-3,,,,,-188.00000134E-9,599.999964237E-3,,,,,-188.00000134E-9,16.0000000,
,,,-187.60000842E-9,119.9999973E-3,,,,,-187.60000842E-9,599.999964237E-3,,,,,-187.60000842E-9,16.0000000,
,,,-187.20000128E-9,119.9999973E-3,,,,,-187.20000128E-9,599.999964237E-3,,,,,-187.20000128E-9,16.0000000,
,,,-186.80000835E-9,119.9999973E-3,,,,,-186.80000835E-9,599.999964237E-3,,,,,-186.80000835E-9,16.0000000,
,,,-186.40000121E-9,119.9999973E-3,,,,,-186.40000121E-9,599.999964237E-3,,,,,-186.40000121E-9,16.0000000,
,,,-186.00000828E-9,159.99999642E-3,,,,,-186.00000828E-9,599.999964237E-3,,,,,-186.00000828E-9,16.0000000,
,,,-185.60000115E-9,159.99999642E-3,,,,,-185.60000115E-9,599.999964237E-3,,,,,-185.60000115E-9,16.0000000,
,,,-185.20000822E-9,159.99999642E-3,,,,,-185.20000822E-9,599.999964237E-3,,,,,-185.20000822E-9,16.0000000,
,,,-184.80000108E-9,159.99999642E-3,,,,,-184.80000108E-9,599.999964237E-3,,,,,-184.80000108E-9,16.3999996,
,,,-184.40000815E-9,159.99999642E-3,,,,,-184.40000815E-9,599.999964237E-3,,,,,-184.40000815E-9,16.3999996,
,,,-184.00000101E-9,199.99998808E-3,,,,,-184.00000101E-9,599.999964237E-3,,,,,-184.00000101E-9,16.0000000,
,,,-183.60000809E-9,159.99999642E-3,,,,,-183.60000809E-9,599.999964237E-3,,,,,-183.60000809E-9,16.3999996,
,,,-183.20000095E-9,159.99999642E-3,,,,,-183.20000095E-9,599.999964237E-3,,,,,-183.20000095E-9,16.3999996,
,,,-182.80000802E-9,159.99999642E-3,,,,,-182.80000802E-9,599.999964237E-3,,,,,-182.80000802E-9,16.3999996,
,,,-182.40000088E-9,119.9999973E-3,,,,,-182.40000088E-9,599.999964237E-3,,,,,-182.40000088E-9,16.3999996,
,,,-182.00000795E-9,159.99999642E-3,,,,,-182.00000795E-9,599.999964237E-3,,,,,-182.00000795E-9,16.3999996,
,,,-181.60000081E-9,159.99999642E-3,,,,,-181.60000081E-9,599.999964237E-3,,,,,-181.60000081E-9,16.3999996,
,,,-181.20000789E-9,159.99999642E-3,,,,,-181.20000789E-9,599.999964237E-3,,,,,-181.20000789E-9,16.3999996,
,,,-180.80000075E-9,199.99998808E-3,,,,,-180.80000075E-9,599.999964237E-3,,,,,-180.80000075E-9,16.3999996,
,,,-180.40000782E-9,199.99998808E-3,,,,,-180.40000782E-9,599.999964237E-3,,,,,-180.40000782E-9,16.3999996,
,,,-180.00000068E-9,199.99998808E-3,,,,,-180.00000068E-9,599.999964237E-3,,,,,-180.00000068E-9,16.3999996,
,,,-179.60000775E-9,199.99998808E-3,,,,,-179.60000775E-9,599.999964237E-3,,,,,-179.60000775E-9,16.3999996,
,,,-179.20000062E-9,199.99998808E-3,,,,,-179.20000062E-9,599.999964237E-3,,,,,-179.20000062E-9,16.0000000,
,,,-178.80000769E-9,199.99998808E-3,,,,,-178.80000769E-9,560.000002384E-3,,,,,-178.80000769E-9,16.3999996,
,,,-178.40000055E-9,199.99998808E-3,,,,,-178.40000055E-9,560.000002384E-3,,,,,-178.40000055E-9,16.3999996,
,,,-178.00000762E-9,199.99998808E-3,,,,,-178.00000762E-9,560.000002384E-3,,,,,-178.00000762E-9,16.8000011,
,,,-177.60000048E-9,199.99998808E-3,,,,,-177.60000048E-9,560.000002384E-3,,,,,-177.60000048E-9,16.8000011,
,,,-177.20000756E-9,199.99998808E-3,,,,,-177.20000756E-9,560.000002384E-3,,,,,-177.20000756E-9,16.8000011,
,,,-176.80000042E-9,159.99999642E-3,,,,,-176.80000042E-9,519.999980927E-3,,,,,-176.80000042E-9,16.3999996,
,,,-176.40000749E-9,159.99999642E-3,,,,,-176.40000749E-9,519.999980927E-3,,,,,-176.40000749E-9,16.3999996,
,,,-176.00000035E-9,159.99999642E-3,,,,,-176.00000035E-9,519.999980927E-3,,,,,-176.00000035E-9,16.3999996,
,,,-175.60000742E-9,159.99999642E-3,,,,,-175.60000742E-9,519.999980927E-3,,,,,-175.60000742E-9,16.8000011,
,,,-175.20000029E-9,159.99999642E-3,,,,,-175.20000029E-9,519.999980927E-3,,,,,-175.20000029E-9,16.8000011,
,,,-174.80000736E-9,159.99999642E-3,,,,,-174.80000736E-9,479.999989271E-3,,,,,-174.80000736E-9,16.8000011,
,,,-174.40000022E-9,159.99999642E-3,,,,,-174.40000022E-9,479.999989271E-3,,,,,-174.40000022E-9,16.8000011,
,,,-174.00000729E-9,159.99999642E-3,,,,,-174.00000729E-9,479.999989271E-3,,,,,-174.00000729E-9,16.8000011,
,,,-173.60000015E-9,159.99999642E-3,,,,,-173.60000015E-9,479.999989271E-3,,,,,-173.60000015E-9,16.3999996,
,,,-173.20000723E-9,159.99999642E-3,,,,,-173.20000723E-9,479.999989271E-3,,,,,-173.20000723E-9,16.3999996,
,,,-172.80001430E-9,159.99999642E-3,,,,,-172.80001430E-9,519.999980927E-3,,,,,-172.80001430E-9,16.8000011,
,,,-172.40000716E-9,159.99999642E-3,,,,,-172.40000716E-9,519.999980927E-3,,,,,-172.40000716E-9,16.8000011,
,,,-172.00001423E-9,159.99999642E-3,,,,,-172.00001423E-9,519.999980927E-3,,,,,-172.00001423E-9,16.8000011,
,,,-171.60000709E-9,159.99999642E-3,,,,,-171.60000709E-9,479.999989271E-3,,,,,-171.60000709E-9,16.8000011,
,,,-171.20001417E-9,159.99999642E-3,,,,,-171.20001417E-9,479.999989271E-3,,,,,-171.20001417E-9,16.8000011,
,,,-170.80000703E-9,159.99999642E-3,,,,,-170.80000703E-9,479.999989271E-3,,,,,-170.80000703E-9,16.8000011,
,,,-170.40001410E-9,159.99999642E-3,,,,,-170.40001410E-9,479.999989271E-3,,,,,-170.40001410E-9,16.8000011,
,,,-170.00000696E-9,159.99999642E-3,,,,,-170.00000696E-9,519.999980927E-3,,,,,-170.00000696E-9,16.8000011,
,,,-169.60001403E-9,159.99999642E-3,,,,,-169.60001403E-9,519.999980927E-3,,,,,-169.60001403E-9,16.8000011,
,,,-169.20000689E-9,159.99999642E-3,,,,,-169.20000689E-9,519.999980927E-3,,,,,-169.20000689E-9,16.8000011,
,,,-168.80001397E-9,159.99999642E-3,,,,,-168.80001397E-9,519.999980927E-3,,,,,-168.80001397E-9,16.3999996,
,,,-168.40000683E-9,159.99999642E-3,,,,,-168.40000683E-9,519.999980927E-3,,,,,-168.40000683E-9,16.3999996,
,,,-168.00001390E-9,159.99999642E-3,,,,,-168.00001390E-9,519.999980927E-3,,,,,-168.00001390E-9,16.8000011,
,,,-167.60000676E-9,159.99999642E-3,,,,,-167.60000676E-9,519.999980927E-3,,,,,-167.60000676E-9,16.8000011,
,,,-167.20001383E-9,159.99999642E-3,,,,,-167.20001383E-9,519.999980927E-3,,,,,-167.20001383E-9,16.8000011,
,,,-166.80000670E-9,159.99999642E-3,,,,,-166.80000670E-9,479.999989271E-3,,,,,-166.80000670E-9,16.8000011,
,,,-166.40001377E-9,159.99999642E-3,,,,,-166.40001377E-9,479.999989271E-3,,,,,-166.40001377E-9,16.8000011,
,,,-166.00000663E-9,159.99999642E-3,,,,,-166.00000663E-9,479.999989271E-3,,,,,-166.00000663E-9,16.8000011,
,,,-165.60001370E-9,119.9999973E-3,,,,,-165.60001370E-9,479.999989271E-3,,,,,-165.60001370E-9,16.8000011,
,,,-165.20000656E-9,119.9999973E-3,,,,,-165.20000656E-9,479.999989271E-3,,,,,-165.20000656E-9,16.8000011,
,,,-164.80001364E-9,119.9999973E-3,,,,,-164.80001364E-9,519.999980927E-3,,,,,-164.80001364E-9,16.8000011,
,,,-164.40000650E-9,119.9999973E-3,,,,,-164.40000650E-9,519.999980927E-3,,,,,-164.40000650E-9,16.8000011,
,,,-164.00001357E-9,159.99999642E-3,,,,,-164.00001357E-9,560.000002384E-3,,,,,-164.00001357E-9,16.3999996,
,,,-163.60000643E-9,119.9999973E-3,,,,,-163.60000643E-9,560.000002384E-3,,,,,-163.60000643E-9,16.3999996,
,,,-163.20001350E-9,119.9999973E-3,,,,,-163.20001350E-9,560.000002384E-3,,,,,-163.20001350E-9,16.3999996,
,,,-162.80000636E-9,119.9999973E-3,,,,,-162.80000636E-9,560.000002384E-3,,,,,-162.80000636E-9,16.3999996,
,,,-162.40001344E-9,119.9999973E-3,,,,,-162.40001344E-9,560.000002384E-3,,,,,-162.40001344E-9,16.3999996,
,,,-162.00000630E-9,119.9999973E-3,,,,,-162.00000630E-9,560.000002384E-3,,,,,-162.00000630E-9,16.3999996,
,,,-161.60001337E-9,119.9999973E-3,,,,,-161.60001337E-9,560.000002384E-3,,,,,-161.60001337E-9,16.8000011,
,,,-161.20000623E-9,119.9999973E-3,,,,,-161.20000623E-9,560.000002384E-3,,,,,-161.20000623E-9,16.8000011,
,,,-160.80001330E-9,119.9999973E-3,,,,,-160.80001330E-9,519.999980927E-3,,,,,-160.80001330E-9,16.8000011,
,,,-160.40000617E-9,119.9999973E-3,,,,,-160.40000617E-9,519.999980927E-3,,,,,-160.40000617E-9,16.8000011,
,,,-160.00001324E-9,119.9999973E-3,,,,,-160.00001324E-9,519.999980927E-3,,,,,-160.00001324E-9,16.8000011,
,,,-159.60000610E-9,119.9999973E-3,,,,,-159.60000610E-9,479.999989271E-3,,,,,-159.60000610E-9,16.8000011,
,,,-159.20001317E-9,119.9999973E-3,,,,,-159.20001317E-9,519.999980927E-3,,,,,-159.20001317E-9,16.8000011,
,,,-158.80000603E-9,119.9999973E-3,,,,,-158.80000603E-9,519.999980927E-3,,,,,-158.80000603E-9,16.8000011,
,,,-158.40001311E-9,119.9999973E-3,,,,,-158.40001311E-9,519.999980927E-3,,,,,-158.40001311E-9,16.8000011,
,,,-158.00000597E-9,119.9999973E-3,,,,,-158.00000597E-9,560.000002384E-3,,,,,-158.00000597E-9,16.8000011,
,,,-157.60001304E-9,79.999998212E-3,,,,,-157.60001304E-9,560.000002384E-3,,,,,-157.60001304E-9,16.8000011,
,,,-157.20000590E-9,79.999998212E-3,,,,,-157.20000590E-9,560.000002384E-3,,,,,-157.20000590E-9,16.8000011,
,,,-156.80001297E-9,79.999998212E-3,,,,,-156.80001297E-9,560.000002384E-3,,,,,-156.80001297E-9,17.2000008,
,,,-156.40000584E-9,79.999998212E-3,,,,,-156.40000584E-9,560.000002384E-3,,,,,-156.40000584E-9,17.2000008,
,,,-156.00001291E-9,79.999998212E-3,,,,,-156.00001291E-9,560.000002384E-3,,,,,-156.00001291E-9,17.2000008,
,,,-155.60000577E-9,79.999998212E-3,,,,,-155.60000577E-9,560.000002384E-3,,,,,-155.60000577E-9,17.2000008,
,,,-155.20001284E-9,79.999998212E-3,,,,,-155.20001284E-9,560.000002384E-3,,,,,-155.20001284E-9,17.2000008,
,,,-154.80000570E-9,79.999998212E-3,,,,,-154.80000570E-9,560.000002384E-3,,,,,-154.80000570E-9,17.2000008,
,,,-154.40001278E-9,39.99999911E-3,,,,,-154.40001278E-9,560.000002384E-3,,,,,-154.40001278E-9,17.2000008,
,,,-154.00000564E-9,79.999998212E-3,,,,,-154.00000564E-9,560.000002384E-3,,,,,-154.00000564E-9,17.2000008,
,,,-153.60001271E-9,79.999998212E-3,,,,,-153.60001271E-9,560.000002384E-3,,,,,-153.60001271E-9,17.2000008,
,,,-153.20000557E-9,119.9999973E-3,,,,,-153.20000557E-9,560.000002384E-3,,,,,-153.20000557E-9,17.2000008,
,,,-152.80001264E-9,159.99999642E-3,,,,,-152.80001264E-9,560.000002384E-3,,,,,-152.80001264E-9,17.2000008,
,,,-152.40000550E-9,119.9999973E-3,,,,,-152.40000550E-9,560.000002384E-3,,,,,-152.40000550E-9,17.2000008,
,,,-152.00001258E-9,119.9999973E-3,,,,,-152.00001258E-9,560.000002384E-3,,,,,-152.00001258E-9,17.2000008,
,,,-151.60000544E-9,79.999998212E-3,,,,,-151.60000544E-9,560.000002384E-3,,,,,-151.60000544E-9,17.6000004,
,,,-151.20001251E-9,79.999998212E-3,,,,,-151.20001251E-9,560.000002384E-3,,,,,-151.20001251E-9,17.6000004,
,,,-150.80000537E-9,79.999998212E-3,,,,,-150.80000537E-9,560.000002384E-3,,,,,-150.80000537E-9,17.2000008,
,,,-150.40001244E-9,79.999998212E-3,,,,,-150.40001244E-9,560.000002384E-3,,,,,-150.40001244E-9,17.2000008,
,,,-150.00000531E-9,79.999998212E-3,,,,,-150.00000531E-9,599.999964237E-3,,,,,-150.00000531E-9,17.2000008,
,,,-149.60001238E-9,79.999998212E-3,,,,,-149.60001238E-9,599.999964237E-3,,,,,-149.60001238E-9,16.8000011,
,,,-149.20000524E-9,79.999998212E-3,,,,,-149.20000524E-9,599.999964237E-3,,,,,-149.20000524E-9,16.8000011,
,,,-148.80001231E-9,79.999998212E-3,,,,,-148.80001231E-9,560.000002384E-3,,,,,-148.80001231E-9,16.8000011,
,,,-148.4000052E-9,79.999998212E-3,,,,,-148.4000052E-9,560.000002384E-3,,,,,-148.4000052E-9,16.8000011,
,,,-148.0000122E-9,79.999998212E-3,,,,,-148.0000122E-9,560.000002384E-3,,,,,-148.0000122E-9,16.8000011,
,,,-147.6000051E-9,79.999998212E-3,,,,,-147.6000051E-9,519.999980927E-3,,,,,-147.6000051E-9,16.8000011,
,,,-147.2000122E-9,79.999998212E-3,,,,,-147.2000122E-9,560.000002384E-3,,,,,-147.2000122E-9,16.8000011,
,,,-146.8000050E-9,79.999998212E-3,,,,,-146.8000050E-9,560.000002384E-3,,,,,-146.8000050E-9,16.8000011,
,,,-146.4000121E-9,79.999998212E-3,,,,,-146.4000121E-9,560.000002384E-3,,,,,-146.4000121E-9,16.8000011,
,,,-146.0000050E-9,79.999998212E-3,,,,,-146.0000050E-9,599.999964237E-3,,,,,-146.0000050E-9,16.8000011,
,,,-145.6000120E-9,79.999998212E-3,,,,,-145.6000120E-9,599.999964237E-3,,,,,-145.6000120E-9,16.8000011,
,,,-145.2000049E-9,79.999998212E-3,,,,,-145.2000049E-9,599.999964237E-3,,,,,-145.2000049E-9,16.8000011,
,,,-144.8000120E-9,39.99999911E-3,,,,,-144.8000120E-9,560.000002384E-3,,,,,-144.8000120E-9,16.8000011,
,,,-144.4000048E-9,39.99999911E-3,,,,,-144.4000048E-9,560.000002384E-3,,,,,-144.4000048E-9,16.8000011,
,,,-144.0000119E-9,39.99999911E-3,,,,,-144.0000119E-9,560.000002384E-3,,,,,-144.0000119E-9,16.8000011,
,,,-143.6000048E-9,0.0,,,,,-143.6000048E-9,560.000002384E-3,,,,,-143.6000048E-9,17.2000008,
,,,-143.2000118E-9,39.99999911E-3,,,,,-143.2000118E-9,560.000002384E-3,,,,,-143.2000118E-9,16.8000011,
,,,-142.8000047E-9,39.99999911E-3,,,,,-142.8000047E-9,599.999964237E-3,,,,,-142.8000047E-9,17.2000008,
,,,-142.4000118E-9,39.99999911E-3,,,,,-142.4000118E-9,599.999964237E-3,,,,,-142.4000118E-9,17.2000008,
,,,-142.0000046E-9,79.999998212E-3,,,,,-142.0000046E-9,599.999964237E-3,,,,,-142.0000046E-9,16.8000011,
,,,-141.6000117E-9,79.999998212E-3,,,,,-141.6000117E-9,599.999964237E-3,,,,,-141.6000117E-9,17.2000008,
,,,-141.2000046E-9,79.999998212E-3,,,,,-141.2000046E-9,599.999964237E-3,,,,,-141.2000046E-9,17.2000008,
,,,-140.8000116E-9,39.99999911E-3,,,,,-140.8000116E-9,639.999985695E-3,,,,,-140.8000116E-9,17.2000008,
,,,-140.4000045E-9,39.99999911E-3,,,,,-140.4000045E-9,639.999985695E-3,,,,,-140.4000045E-9,17.2000008,
,,,-140.0000116E-9,39.99999911E-3,,,,,-140.0000116E-9,639.999985695E-3,,,,,-140.0000116E-9,17.2000008,
,,,-139.6000044E-9,39.99999911E-3,,,,,-139.6000044E-9,599.999964237E-3,,,,,-139.6000044E-9,17.2000008,
,,,-139.2000115E-9,39.99999911E-3,,,,,-139.2000115E-9,599.999964237E-3,,,,,-139.2000115E-9,17.2000008,
,,,-138.8000044E-9,39.99999911E-3,,,,,-138.8000044E-9,599.999964237E-3,,,,,-138.8000044E-9,17.2000008,
,,,-138.4000115E-9,39.99999911E-3,,,,,-138.4000115E-9,599.999964237E-3,,,,,-138.4000115E-9,17.2000008,
,,,-138.0000043E-9,39.99999911E-3,,,,,-138.0000043E-9,639.999985695E-3,,,,,-138.0000043E-9,17.2000008,
,,,-137.6000114E-9,0.0,,,,,-137.6000114E-9,639.999985695E-3,,,,,-137.6000114E-9,17.2000008,
,,,-137.2000042E-9,0.0,,,,,-137.2000042E-9,639.999985695E-3,,,,,-137.2000042E-9,17.2000008,
,,,-136.8000113E-9,39.99999911E-3,,,,,-136.8000113E-9,639.999985695E-3,,,,,-136.8000113E-9,17.2000008,
,,,-136.4000042E-9,79.999998212E-3,,,,,-136.4000042E-9,639.999985695E-3,,,,,-136.4000042E-9,17.6000004,
,,,-136.0000113E-9,119.9999973E-3,,,,,-136.0000113E-9,680.000007153E-3,,,,,-136.0000113E-9,17.2000008,
,,,-135.6000041E-9,79.999998212E-3,,,,,-135.6000041E-9,680.000007153E-3,,,,,-135.6000041E-9,17.2000008,
,,,-135.2000112E-9,79.999998212E-3,,,,,-135.2000112E-9,680.000007153E-3,,,,,-135.2000112E-9,17.2000008,
,,,-134.8000040E-9,79.999998212E-3,,,,,-134.8000040E-9,680.000007153E-3,,,,,-134.8000040E-9,16.8000011,
,,,-134.4000111E-9,79.999998212E-3,,,,,-134.4000111E-9,680.000007153E-3,,,,,-134.4000111E-9,16.8000011,
,,,-134.0000040E-9,119.9999973E-3,,,,,-134.0000040E-9,719.999969006E-3,,,,,-134.0000040E-9,17.2000008,
,,,-133.6000111E-9,119.9999973E-3,,,,,-133.6000111E-9,680.000007153E-3,,,,,-133.6000111E-9,17.2000008,
,,,-133.2000039E-9,159.99999642E-3,,,,,-133.2000039E-9,680.000007153E-3,,,,,-133.2000039E-9,17.2000008,
,,,-132.8000110E-9,159.99999642E-3,,,,,-132.8000110E-9,680.000007153E-3,,,,,-132.8000110E-9,17.6000004,
,,,-132.4000038E-9,119.9999973E-3,,,,,-132.4000038E-9,680.000007153E-3,,,,,-132.4000038E-9,17.2000008,
,,,-132.0000109E-9,119.9999973E-3,,,,,-132.0000109E-9,680.000007153E-3,,,,,-132.0000109E-9,17.2000008,
,,,-131.6000038E-9,79.999998212E-3,,,,,-131.6000038E-9,680.000007153E-3,,,,,-131.6000038E-9,16.8000011,
,,,-131.2000109E-9,79.999998212E-3,,,,,-131.2000109E-9,680.000007153E-3,,,,,-131.2000109E-9,17.2000008,
,,,-130.8000037E-9,79.999998212E-3,,,,,-130.8000037E-9,680.000007153E-3,,,,,-130.8000037E-9,17.2000008,
,,,-130.4000108E-9,79.999998212E-3,,,,,-130.4000108E-9,680.000007153E-3,,,,,-130.4000108E-9,17.6000004,
,,,-130.0000037E-9,119.9999973E-3,,,,,-130.0000037E-9,680.000007153E-3,,,,,-130.0000037E-9,17.6000004,
,,,-129.6000107E-9,119.9999973E-3,,,,,-129.6000107E-9,680.000007153E-3,,,,,-129.6000107E-9,17.6000004,
,,,-129.2000036E-9,119.9999973E-3,,,,,-129.2000036E-9,680.000007153E-3,,,,,-129.2000036E-9,17.2000008,
,,,-128.8000107E-9,79.999998212E-3,,,,,-128.8000107E-9,719.999969006E-3,,,,,-128.8000107E-9,16.8000011,
,,,-128.4000035E-9,39.99999911E-3,,,,,-128.4000035E-9,719.999969006E-3,,,,,-128.4000035E-9,16.8000011,
,,,-128.0000106E-9,39.99999911E-3,,,,,-128.0000106E-9,719.999969006E-3,,,,,-128.0000106E-9,16.8000011,
,,,-127.6000035E-9,0.0,,,,,-127.6000035E-9,719.999969006E-3,,,,,-127.6000035E-9,16.8000011,
,,,-127.2000105E-9,0.0,,,,,-127.2000105E-9,719.999969006E-3,,,,,-127.2000105E-9,16.8000011,
,,,-126.8000034E-9,0.0,,,,,-126.8000034E-9,719.999969006E-3,,,,,-126.8000034E-9,17.2000008,
,,,-126.4000105E-9,0.0,,,,,-126.4000105E-9,719.999969006E-3,,,,,-126.4000105E-9,17.2000008,
,,,-126.0000033E-9,39.99999911E-3,,,,,-126.0000033E-9,719.999969006E-3,,,,,-126.0000033E-9,17.2000008,
,,,-125.6000104E-9,39.99999911E-3,,,,,-125.6000104E-9,719.999969006E-3,,,,,-125.6000104E-9,17.2000008,
,,,-125.2000033E-9,39.99999911E-3,,,,,-125.2000033E-9,719.999969006E-3,,,,,-125.2000033E-9,17.2000008,
,,,-124.8000103E-9,39.99999911E-3,,,,,-124.8000103E-9,759.999990463E-3,,,,,-124.8000103E-9,17.2000008,
,,,-124.4000032E-9,39.99999911E-3,,,,,-124.4000032E-9,759.999990463E-3,,,,,-124.4000032E-9,17.2000008,
,,,-124.0000103E-9,79.999998212E-3,,,,,-124.0000103E-9,759.999990463E-3,,,,,-124.0000103E-9,17.2000008,
,,,-123.6000031E-9,39.99999911E-3,,,,,-123.6000031E-9,719.999969006E-3,,,,,-123.6000031E-9,17.2000008,
,,,-123.2000102E-9,39.99999911E-3,,,,,-123.2000102E-9,719.999969006E-3,,,,,-123.2000102E-9,17.2000008,
,,,-122.8000031E-9,39.99999911E-3,,,,,-122.8000031E-9,719.999969006E-3,,,,,-122.8000031E-9,17.2000008,
,,,-122.4000101E-9,39.99999911E-3,,,,,-122.4000101E-9,719.999969006E-3,,,,,-122.4000101E-9,17.2000008,
,,,-122.0000030E-9,39.99999911E-3,,,,,-122.0000030E-9,719.999969006E-3,,,,,-122.0000030E-9,16.8000011,
,,,-121.6000101E-9,39.99999911E-3,,,,,-121.6000101E-9,719.999969006E-3,,,,,-121.6000101E-9,17.2000008,
,,,-121.2000029E-9,39.99999911E-3,,,,,-121.2000029E-9,719.999969006E-3,,,,,-121.2000029E-9,17.2000008,
,,,-120.8000100E-9,39.99999911E-3,,,,,-120.8000100E-9,719.999969006E-3,,,,,-120.8000100E-9,17.2000008,
,,,-120.4000029E-9,39.99999911E-3,,,,,-120.4000029E-9,719.999969006E-3,,,,,-120.4000029E-9,17.2000008,
,,,-120.0000099E-9,79.999998212E-3,,,,,-120.0000099E-9,719.999969006E-3,,,,,-120.0000099E-9,17.2000008,
,,,-119.6000028E-9,79.999998212E-3,,,,,-119.6000028E-9,719.999969006E-3,,,,,-119.6000028E-9,17.2000008,
,,,-119.2000099E-9,79.999998212E-3,,,,,-119.2000099E-9,719.999969006E-3,,,,,-119.2000099E-9,17.2000008,
,,,-118.8000098E-9,39.99999911E-3,,,,,-118.8000098E-9,719.999969006E-3,,,,,-118.8000098E-9,17.2000008,
,,,-118.4000098E-9,39.99999911E-3,,,,,-118.4000098E-9,719.999969006E-3,,,,,-118.4000098E-9,17.2000008,
,,,-118.0000098E-9,39.99999911E-3,,,,,-118.0000098E-9,719.999969006E-3,,,,,-118.0000098E-9,17.2000008,
,,,-117.6000097E-9,39.99999911E-3,,,,,-117.6000097E-9,719.999969006E-3,,,,,-117.6000097E-9,17.2000008,
,,,-117.2000097E-9,39.99999911E-3,,,,,-117.2000097E-9,719.999969006E-3,,,,,-117.2000097E-9,17.2000008,
,,,-116.8000097E-9,39.99999911E-3,,,,,-116.8000097E-9,759.999990463E-3,,,,,-116.8000097E-9,17.2000008,
,,,-116.4000096E-9,39.99999911E-3,,,,,-116.4000096E-9,759.999990463E-3,,,,,-116.4000096E-9,17.2000008,
,,,-116.0000096E-9,39.99999911E-3,,,,,-116.0000096E-9,759.999990463E-3,,,,,-116.0000096E-9,17.2000008,
,,,-115.6000096E-9,39.99999911E-3,,,,,-115.6000096E-9,719.999969006E-3,,,,,-115.6000096E-9,17.2000008,
,,,-115.2000095E-9,39.99999911E-3,,,,,-115.2000095E-9,680.000007153E-3,,,,,-115.2000095E-9,17.2000008,
,,,-114.8000095E-9,79.999998212E-3,,,,,-114.8000095E-9,680.000007153E-3,,,,,-114.8000095E-9,17.2000008,
,,,-114.4000095E-9,79.999998212E-3,,,,,-114.4000095E-9,680.000007153E-3,,,,,-114.4000095E-9,17.2000008,
,,,-114.0000094E-9,119.9999973E-3,,,,,-114.0000094E-9,719.999969006E-3,,,,,-114.0000094E-9,16.8000011,
,,,-113.6000094E-9,79.999998212E-3,,,,,-113.6000094E-9,719.999969006E-3,,,,,-113.6000094E-9,17.2000008,
,,,-113.2000094E-9,39.99999911E-3,,,,,-113.2000094E-9,759.999990463E-3,,,,,-113.2000094E-9,17.2000008,
,,,-112.8000093E-9,39.99999911E-3,,,,,-112.8000093E-9,719.999969006E-3,,,,,-112.8000093E-9,17.6000004,
,,,-112.4000093E-9,79.999998212E-3,,,,,-112.4000093E-9,680.000007153E-3,,,,,-112.4000093E-9,17.6000004,
,,,-112.0000093E-9,119.9999973E-3,,,,,-112.0000093E-9,639.999985695E-3,,,,,-112.0000093E-9,17.6000004,
,,,-111.6000092E-9,119.9999973E-3,,,,,-111.6000092E-9,639.999985695E-3,,,,,-111.6000092E-9,17.2000008,
,,,-111.2000092E-9,119.9999973E-3,,,,,-111.2000092E-9,680.000007153E-3,,,,,-111.2000092E-9,16.8000011,
,,,-110.8000092E-9,79.999998212E-3,,,,,-110.8000092E-9,759.999990463E-3,,,,,-110.8000092E-9,16.8000011,
,,,-110.4000091E-9,0.0,,,,,-110.4000091E-9,799.999952316E-3,,,,,-110.4000091E-9,17.2000008,
,,,-110.0000091E-9,0.0,,,,,-110.0000091E-9,839.999973774E-3,,,,,-110.0000091E-9,17.2000008,
,,,-109.6000091E-9,39.99999911E-3,,,,,-109.6000091E-9,680.000007153E-3,,,,,-109.6000091E-9,17.6000004,
,,,-109.2000090E-9,119.9999973E-3,,,,,-109.2000090E-9,560.000002384E-3,,,,,-109.2000090E-9,17.6000004,
,,,-108.8000090E-9,159.99999642E-3,,,,,-108.8000090E-9,519.999980927E-3,,,,,-108.8000090E-9,17.2000008,
,,,-108.4000090E-9,159.99999642E-3,,,,,-108.4000090E-9,599.999964237E-3,,,,,-108.4000090E-9,16.8000011,
,,,-108.0000089E-9,159.99999642E-3,,,,,-108.0000089E-9,759.999990463E-3,,,,,-108.0000089E-9,16.8000011,
,,,-107.6000089E-9,79.999998212E-3,,,,,-107.6000089E-9,879.999995232E-3,,,,,-107.6000089E-9,17.2000008,
,,,-107.2000089E-9,0.0,,,,,-107.2000089E-9,959.999978542E-3,,,,,-107.2000089E-9,17.6000004,
,,,-106.8000088E-9,0.0,,,,,-106.8000088E-9,879.999995232E-3,,,,,-106.8000088E-9,17.6000004,
,,,-106.4000088E-9,119.9999973E-3,,,,,-106.4000088E-9,639.999985695E-3,,,,,-106.4000088E-9,18.0000000,
,,,-106.0000088E-9,199.99998808E-3,,,,,-106.0000088E-9,439.999997616E-3,,,,,-106.0000088E-9,17.6000004,
,,,-105.6000087E-9,159.99999642E-3,,,,,-105.6000087E-9,439.999997616E-3,,,,,-105.6000087E-9,17.2000008,
,,,-105.2000087E-9,119.9999973E-3,,,,,-105.2000087E-9,560.000002384E-3,,,,,-105.2000087E-9,17.2000008,
,,,-104.8000087E-9,79.999998212E-3,,,,,-104.8000087E-9,799.999952316E-3,,,,,-104.8000087E-9,16.8000011,
,,,-104.4000086E-9,39.99999911E-3,,,,,-104.4000086E-9,1.0400000,,,,,-104.4000086E-9,16.8000011,
,,,-104.0000086E-9,39.99999911E-3,,,,,-104.0000086E-9,1.1999999,,,,,-104.0000086E-9,17.2000008,
,,,-103.6000086E-9,119.9999973E-3,,,,,-103.6000086E-9,919.999957085E-3,,,,,-103.6000086E-9,17.2000008,
,,,-103.2000085E-9,239.99999464E-3,,,,,-103.2000085E-9,599.999964237E-3,,,,,-103.2000085E-9,17.6000004,
,,,-102.8000085E-9,239.99999464E-3,,,,,-102.8000085E-9,399.99997616E-3,,,,,-102.8000085E-9,17.2000008,
,,,-102.4000085E-9,199.99998808E-3,,,,,-102.4000085E-9,399.99997616E-3,,,,,-102.4000085E-9,17.2000008,
,,,-102.0000084E-9,159.99999642E-3,,,,,-102.0000084E-9,560.000002384E-3,,,,,-102.0000084E-9,16.8000011,
,,,-101.6000084E-9,79.999998212E-3,,,,,-101.6000084E-9,919.999957085E-3,,,,,-101.6000084E-9,16.8000011,
,,,-101.2000084E-9,39.99999911E-3,,,,,-101.2000084E-9,1.2400000,,,,,-101.2000084E-9,16.8000011,
,,,-100.8000083E-9,79.999998212E-3,,,,,-100.8000083E-9,1.2800000,,,,,-100.8000083E-9,17.2000008,
,,,-100.4000083E-9,239.99999464E-3,,,,,-100.4000083E-9,1.000000,,,,,-100.4000083E-9,17.6000004,
,,,-100.0000083E-9,359.99998450E-3,,,,,-100.0000083E-9,719.999969006E-3,,,,,-100.0000083E-9,17.6000004,
,,,-99.600008241E-9,319.99999285E-3,,,,,-99.600008241E-9,599.999964237E-3,,,,,-99.600008241E-9,17.6000004,
,,,-99.200008208E-9,280.00000119E-3,,,,,-99.200008208E-9,639.999985695E-3,,,,,-99.200008208E-9,17.6000004,
,,,-98.800008175E-9,159.99999642E-3,,,,,-98.800008175E-9,879.999995232E-3,,,,,-98.800008175E-9,17.2000008,
,,,-98.400008142E-9,119.9999973E-3,,,,,-98.400008142E-9,1.2800000,,,,,-98.400008142E-9,17.6000004,
,,,-98.000008109E-9,79.999998212E-3,,,,,-98.000008109E-9,1.5599999,,,,,-98.000008109E-9,17.6000004,
,,,-97.600008075E-9,159.99999642E-3,,,,,-97.600008075E-9,1.4000000,,,,,-97.600008075E-9,17.6000004,
,,,-97.200008042E-9,280.00000119E-3,,,,,-97.200008042E-9,1.1999999,,,,,-97.200008042E-9,17.6000004,
,,,-96.800008009E-9,280.00000119E-3,,,,,-96.800008009E-9,1.000000,,,,,-96.800008009E-9,18.0000000,
,,,-96.400007976E-9,239.99999464E-3,,,,,-96.400007976E-9,959.999978542E-3,,,,,-96.400007976E-9,18.0000000,
,,,-96.000007943E-9,159.99999642E-3,,,,,-96.000007943E-9,1.0799999,,,,,-96.000007943E-9,18.0000000,
,,,-95.600007910E-9,79.999998212E-3,,,,,-95.600007910E-9,1.4399999,,,,,-95.600007910E-9,18.0000000,
,,,-95.200007877E-9,39.99999911E-3,,,,,-95.200007877E-9,1.8000000,,,,,-95.200007877E-9,18.0000000,
,,,-94.800007844E-9,119.9999973E-3,,,,,-94.800007844E-9,1.9200000,,,,,-94.800007844E-9,18.0000000,
,,,-94.400007811E-9,239.99999464E-3,,,,,-94.400007811E-9,1.8000000,,,,,-94.400007811E-9,18.0000000,
,,,-94.000007778E-9,359.99998450E-3,,,,,-94.000007778E-9,1.6799999,,,,,-94.000007778E-9,18.0000000,
,,,-93.600007744E-9,239.99999464E-3,,,,,-93.600007744E-9,1.6400000,,,,,-93.600007744E-9,18.0000000,
,,,-93.200007711E-9,119.9999973E-3,,,,,-93.200007711E-9,1.7199999,,,,,-93.200007711E-9,18.0000000,
,,,-92.800007678E-9,79.999998212E-3,,,,,-92.800007678E-9,1.9200000,,,,,-92.800007678E-9,18.0000000,
,,,-92.400007645E-9,119.9999973E-3,,,,,-92.400007645E-9,2.2400000,,,,,-92.400007645E-9,18.0000000,
,,,-92.000007612E-9,199.99998808E-3,,,,,-92.000007612E-9,2.5200000,,,,,-92.000007612E-9,17.6000004,
,,,-91.600007579E-9,319.99999285E-3,,,,,-91.600007579E-9,2.4800000,,,,,-91.600007579E-9,17.2000008,
,,,-91.200007546E-9,439.999997616E-3,,,,,-91.200007546E-9,2.3999999,,,,,-91.200007546E-9,17.2000008,
,,,-90.800007513E-9,399.99997616E-3,,,,,-90.800007513E-9,2.4400001,,,,,-90.800007513E-9,17.2000008,
,,,-90.400007480E-9,280.00000119E-3,,,,,-90.400007480E-9,2.5999999,,,,,-90.400007480E-9,17.2000008,
,,,-90.000007447E-9,159.99999642E-3,,,,,-90.000007447E-9,2.79999995,,,,,-90.000007447E-9,17.6000004,
,,,-89.600007414E-9,159.99999642E-3,,,,,-89.600007414E-9,2.96000004,,,,,-89.600007414E-9,17.6000004,
,,,-89.200007380E-9,239.99999464E-3,,,,,-89.200007380E-9,3.11999989,,,,,-89.200007380E-9,17.6000004,
,,,-88.800007347E-9,280.00000119E-3,,,,,-88.800007347E-9,3.07999992,,,,,-88.800007347E-9,17.6000004,
,,,-88.400007314E-9,280.00000119E-3,,,,,-88.400007314E-9,2.91999984,,,,,-88.400007314E-9,17.6000004,
,,,-88.000007281E-9,280.00000119E-3,,,,,-88.000007281E-9,2.79999995,,,,,-88.000007281E-9,17.2000008,
,,,-87.600007248E-9,159.99999642E-3,,,,,-87.600007248E-9,2.91999984,,,,,-87.600007248E-9,17.6000004,
,,,-87.200007215E-9,79.999998212E-3,,,,,-87.200007215E-9,3.11999989,,,,,-87.200007215E-9,18.0000000,
,,,-86.800007182E-9,119.9999973E-3,,,,,-86.800007182E-9,3.27999997,,,,,-86.800007182E-9,18.0000000,
,,,-86.400007149E-9,280.00000119E-3,,,,,-86.400007149E-9,3.39999986,,,,,-86.400007149E-9,18.3999996,
,,,-86.000007116E-9,439.999997616E-3,,,,,-86.000007116E-9,3.43999982,,,,,-86.000007116E-9,18.3999996,
,,,-85.600007083E-9,359.99998450E-3,,,,,-85.600007083E-9,3.31999993,,,,,-85.600007083E-9,18.3999996,
,,,-85.200007049E-9,239.99999464E-3,,,,,-85.200007049E-9,3.24000001,,,,,-85.200007049E-9,17.6000004,
,,,-84.800007016E-9,119.9999973E-3,,,,,-84.800007016E-9,3.24000001,,,,,-84.800007016E-9,17.2000008,
,,,-84.400006983E-9,39.99999911E-3,,,,,-84.400006983E-9,3.31999993,,,,,-84.400006983E-9,17.6000004,
,,,-84.000006950E-9,79.999998212E-3,,,,,-84.000006950E-9,3.35999990,,,,,-84.000006950E-9,17.2000008,
,,,-83.600006917E-9,280.00000119E-3,,,,,-83.600006917E-9,3.15999985,,,,,-83.600006917E-9,17.2000008,
,,,-83.200006884E-9,479.999989271E-3,,,,,-83.200006884E-9,2.91999984,,,,,-83.200006884E-9,16.8000011,
,,,-82.800006851E-9,519.999980927E-3,,,,,-82.800006851E-9,2.72000003,,,,,-82.800006851E-9,16.8000011,
,,,-82.400006818E-9,359.99998450E-3,,,,,-82.400006818E-9,2.5999999,,,,,-82.400006818E-9,16.8000011,
,,,-82.000006785E-9,239.99999464E-3,,,,,-82.000006785E-9,2.5200000,,,,,-82.000006785E-9,17.2000008,
,,,-81.600006752E-9,199.99998808E-3,,,,,-81.600006752E-9,2.5200000,,,,,-81.600006752E-9,17.2000008,
,,,-81.200006719E-9,239.99999464E-3,,,,,-81.200006719E-9,2.5200000,,,,,-81.200006719E-9,17.6000004,
,,,-80.800006685E-9,359.99998450E-3,,,,,-80.800006685E-9,2.4400001,,,,,-80.800006685E-9,17.6000004,
,,,-80.400006652E-9,519.999980927E-3,,,,,-80.400006652E-9,2.2400000,,,,,-80.400006652E-9,17.2000008,
,,,-80.000006619E-9,639.999985695E-3,,,,,-80.000006619E-9,2.1199999,,,,,-80.000006619E-9,16.3999996,
,,,-79.600006586E-9,479.999989271E-3,,,,,-79.600006586E-9,2.2000000,,,,,-79.600006586E-9,16.3999996,
,,,-79.200006553E-9,319.99999285E-3,,,,,-79.200006553E-9,2.2800000,,,,,-79.200006553E-9,16.8000011,
,,,-78.800006520E-9,280.00000119E-3,,,,,-78.800006520E-9,2.3599999,,,,,-78.800006520E-9,17.2000008,
,,,-78.400006487E-9,359.99998450E-3,,,,,-78.400006487E-9,2.3199999,,,,,-78.400006487E-9,17.2000008,
,,,-78.000006454E-9,439.999997616E-3,,,,,-78.000006454E-9,2.2400000,,,,,-78.000006454E-9,17.2000008,
,,,-77.600006421E-9,439.999997616E-3,,,,,-77.600006421E-9,2.0799999,,,,,-77.600006421E-9,16.8000011,
,,,-77.200006388E-9,399.99997616E-3,,,,,-77.200006388E-9,1.9599999,,,,,-77.200006388E-9,16.0000000,
,,,-76.800006354E-9,319.99999285E-3,,,,,-76.800006354E-9,1.9599999,,,,,-76.800006354E-9,15.1999998,
,,,-76.400006321E-9,199.99998808E-3,,,,,-76.400006321E-9,2.0799999,,,,,-76.400006321E-9,15.6000004,
,,,-76.000006288E-9,119.9999973E-3,,,,,-76.000006288E-9,2.2000000,,,,,-76.000006288E-9,15.6000004,
,,,-75.600006255E-9,239.99999464E-3,,,,,-75.600006255E-9,2.0799999,,,,,-75.600006255E-9,15.6000004,
,,,-75.200006222E-9,399.99997616E-3,,,,,-75.200006222E-9,1.9599999,,,,,-75.200006222E-9,15.6000004,
,,,-74.800006189E-9,439.999997616E-3,,,,,-74.800006189E-9,1.9200000,,,,,-74.800006189E-9,15.1999998,
,,,-74.400006156E-9,359.99998450E-3,,,,,-74.400006156E-9,1.9200000,,,,,-74.400006156E-9,14.8000002,
,,,-74.000006123E-9,280.00000119E-3,,,,,-74.000006123E-9,2.0000000,,,,,-74.000006123E-9,14.8000002,
,,,-73.600006090E-9,199.99998808E-3,,,,,-73.600006090E-9,2.0400000,,,,,-73.600006090E-9,15.6000004,
,,,-73.200006057E-9,199.99998808E-3,,,,,-73.200006057E-9,2.0400000,,,,,-73.200006057E-9,16.0000000,
,,,-72.800006023E-9,280.00000119E-3,,,,,-72.800006023E-9,1.9200000,,,,,-72.800006023E-9,16.3999996,
,,,-72.400005990E-9,439.999997616E-3,,,,,-72.400005990E-9,1.7199999,,,,,-72.400005990E-9,16.3999996,
,,,-72.000005957E-9,560.000002384E-3,,,,,-72.000005957E-9,1.5999999,,,,,-72.000005957E-9,15.6000004,
,,,-71.600005924E-9,439.999997616E-3,,,,,-71.600005924E-9,1.7199999,,,,,-71.600005924E-9,15.1999998,
,,,-71.200005891E-9,359.99998450E-3,,,,,-71.200005891E-9,1.9200000,,,,,-71.200005891E-9,14.8000002,
,,,-70.800005858E-9,319.99999285E-3,,,,,-70.800005858E-9,2.0799999,,,,,-70.800005858E-9,14.8000002,
,,,-70.400005825E-9,399.99997616E-3,,,,,-70.400005825E-9,2.1599998,,,,,-70.400005825E-9,15.1999998,
,,,-70.000005792E-9,519.999980927E-3,,,,,-70.000005792E-9,2.2000000,,,,,-70.000005792E-9,15.6000004,
,,,-69.600005759E-9,519.999980927E-3,,,,,-69.600005759E-9,2.0000000,,,,,-69.600005759E-9,15.1999998,
,,,-69.200005726E-9,479.999989271E-3,,,,,-69.200005726E-9,1.8399999,,,,,-69.200005726E-9,14.4000006,
,,,-68.800005693E-9,399.99997616E-3,,,,,-68.800005693E-9,1.8399999,,,,,-68.800005693E-9,14.4000006,
,,,-68.400005659E-9,280.00000119E-3,,,,,-68.400005659E-9,2.0000000,,,,,-68.400005659E-9,14.8000002,
,,,-68.000005626E-9,239.99999464E-3,,,,,-68.000005626E-9,2.2000000,,,,,-68.000005626E-9,15.1999998,
,,,-67.600005593E-9,359.99998450E-3,,,,,-67.600005593E-9,2.3199999,,,,,-67.600005593E-9,15.6000004,
,,,-67.200005560E-9,439.999997616E-3,,,,,-67.200005560E-9,2.3599999,,,,,-67.200005560E-9,16.3999996,
,,,-66.800005527E-9,439.999997616E-3,,,,,-66.800005527E-9,2.3599999,,,,,-66.800005527E-9,16.3999996,
,,,-66.400005494E-9,319.99999285E-3,,,,,-66.400005494E-9,2.3199999,,,,,-66.400005494E-9,16.0000000,
,,,-66.000005461E-9,199.99998808E-3,,,,,-66.000005461E-9,2.2400000,,,,,-66.000005461E-9,16.0000000,
,,,-65.600005428E-9,159.99999642E-3,,,,,-65.600005428E-9,2.0799999,,,,,-65.600005428E-9,16.3999996,
,,,-65.200005395E-9,159.99999642E-3,,,,,-65.200005395E-9,1.9599999,,,,,-65.200005395E-9,17.6000004,
,,,-64.800005362E-9,239.99999464E-3,,,,,-64.800005362E-9,1.8800000,,,,,-64.800005362E-9,18.0000000,
,,,-64.400005328E-9,359.99998450E-3,,,,,-64.400005328E-9,1.8399999,,,,,-64.400005328E-9,18.0000000,
,,,-64.000005295E-9,479.999989271E-3,,,,,-64.000005295E-9,1.8000000,,,,,-64.000005295E-9,18.0000000,
,,,-63.600005262E-9,399.99997616E-3,,,,,-63.600005262E-9,1.7600000,,,,,-63.600005262E-9,17.2000008,
,,,-63.200005229E-9,319.99999285E-3,,,,,-63.200005229E-9,1.7199999,,,,,-63.200005229E-9,16.8000011,
,,,-62.800005196E-9,359.99998450E-3,,,,,-62.800005196E-9,1.5599999,,,,,-62.800005196E-9,16.8000011,
,,,-62.400005163E-9,439.999997616E-3,,,,,-62.400005163E-9,1.3199999,,,,,-62.400005163E-9,16.8000011,
,,,-62.000005130E-9,560.000002384E-3,,,,,-62.000005130E-9,1.1999999,,,,,-62.000005130E-9,17.2000008,
,,,-61.600005097E-9,560.000002384E-3,,,,,-61.600005097E-9,1.2800000,,,,,-61.600005097E-9,17.2000008,
,,,-61.200005064E-9,560.000002384E-3,,,,,-61.200005064E-9,1.4399999,,,,,-61.200005064E-9,17.2000008,
,,,-60.800005031E-9,519.999980927E-3,,,,,-60.800005031E-9,1.6400000,,,,,-60.800005031E-9,17.2000008,
,,,-60.400004998E-9,439.999997616E-3,,,,,-60.400004998E-9,1.8000000,,,,,-60.400004998E-9,17.6000004,
,,,-60.000004964E-9,399.99997616E-3,,,,,-60.000004964E-9,1.8800000,,,,,-60.000004964E-9,18.0000000,
,,,-59.600004931E-9,519.999980927E-3,,,,,-59.600004931E-9,1.5999999,,,,,-59.600004931E-9,18.3999996,
,,,-59.200004898E-9,639.999985695E-3,,,,,-59.200004898E-9,1.3600000,,,,,-59.200004898E-9,19.2000008,
,,,-58.800004865E-9,680.000007153E-3,,,,,-58.800004865E-9,1.3199999,,,,,-58.800004865E-9,18.8000011,
,,,-58.400004832E-9,560.000002384E-3,,,,,-58.400004832E-9,1.5200000,,,,,-58.400004832E-9,18.3999996,
,,,-58.000004799E-9,439.999997616E-3,,,,,-58.000004799E-9,1.9200000,,,,,-58.000004799E-9,18.3999996,
,,,-57.600004766E-9,359.99998450E-3,,,,,-57.600004766E-9,2.3999999,,,,,-57.600004766E-9,18.8000011,
,,,-57.200004733E-9,319.99999285E-3,,,,,-57.200004733E-9,2.91999984,,,,,-57.200004733E-9,19.6000004,
,,,-56.800004700E-9,359.99998450E-3,,,,,-56.800004700E-9,3.35999990,,,,,-56.800004700E-9,20.0000000,
,,,-56.400004667E-9,479.999989271E-3,,,,,-56.400004667E-9,3.72000003,,,,,-56.400004667E-9,20.0000000,
,,,-56.000004633E-9,560.000002384E-3,,,,,-56.000004633E-9,4.03999996,,,,,-56.000004633E-9,20.39999962,
,,,-55.600004600E-9,399.99997616E-3,,,,,-55.600004600E-9,4.44000006,,,,,-55.600004600E-9,20.0000000,
,,,-55.200004567E-9,239.99999464E-3,,,,,-55.200004567E-9,4.75999975,,,,,-55.200004567E-9,20.0000000,
,,,-54.800004534E-9,199.99998808E-3,,,,,-54.800004534E-9,4.83999968,,,,,-54.800004534E-9,20.0000000,
,,,-54.40000450E-9,239.99999464E-3,,,,,-54.40000450E-9,4.71999979,,,,,-54.40000450E-9,20.80000114,
,,,-54.00000447E-9,319.99999285E-3,,,,,-54.00000447E-9,4.44000006,,,,,-54.00000447E-9,21.20000076,
,,,-53.60000443E-9,319.99999285E-3,,,,,-53.60000443E-9,4.00000000,,,,,-53.60000443E-9,21.20000076,
,,,-53.20000440E-9,359.99998450E-3,,,,,-53.20000440E-9,3.67999983,,,,,-53.20000440E-9,21.20000076,
,,,-52.80000437E-9,319.99999285E-3,,,,,-52.80000437E-9,3.55999994,,,,,-52.80000437E-9,20.80000114,
,,,-52.40000434E-9,199.99998808E-3,,,,,-52.40000434E-9,3.75999999,,,,,-52.40000434E-9,20.80000114,
,,,-52.00000430E-9,199.99998808E-3,,,,,-52.00000430E-9,4.03999996,,,,,-52.00000430E-9,20.80000114,
,,,-51.60000427E-9,359.99998450E-3,,,,,-51.60000427E-9,4.19999981,,,,,-51.60000427E-9,20.80000114,
,,,-51.20000424E-9,519.999980927E-3,,,,,-51.20000424E-9,4.36000013,,,,,-51.20000424E-9,20.80000114,
,,,-50.80000420E-9,599.999964237E-3,,,,,-50.80000420E-9,4.48000002,,,,,-50.80000420E-9,20.39999962,
,,,-50.40000417E-9,560.000002384E-3,,,,,-50.40000417E-9,4.59999990,,,,,-50.40000417E-9,20.0000000,
,,,-50.00000414E-9,479.999989271E-3,,,,,-50.00000414E-9,4.75999975,,,,,-50.00000414E-9,19.6000004,
,,,-49.60000410E-9,399.99997616E-3,,,,,-49.60000410E-9,4.92000008,,,,,-49.60000410E-9,19.6000004,
,,,-49.20000407E-9,359.99998450E-3,,,,,-49.20000407E-9,5.03999996,,,,,-49.20000407E-9,19.6000004,
,,,-48.80000404E-9,399.99997616E-3,,,,,-48.80000404E-9,5.11999989,,,,,-48.80000404E-9,20.0000000,
,,,-48.40000400E-9,479.999989271E-3,,,,,-48.40000400E-9,5.07999992,,,,,-48.40000400E-9,20.0000000,
,,,-48.00000397E-9,519.999980927E-3,,,,,-48.00000397E-9,5.00000000,,,,,-48.00000397E-9,20.39999962,
,,,-47.60000394E-9,399.99997616E-3,,,,,-47.60000394E-9,4.96000004,,,,,-47.60000394E-9,20.0000000,
,,,-47.20000391E-9,280.00000119E-3,,,,,-47.20000391E-9,4.83999968,,,,,-47.20000391E-9,20.39999962,
,,,-46.80000387E-9,119.9999973E-3,,,,,-46.80000387E-9,4.59999990,,,,,-46.80000387E-9,20.80000114,
,,,-46.40000384E-9,39.99999911E-3,,,,,-46.40000384E-9,4.19999981,,,,,-46.40000384E-9,21.60000038,
,,,-46.00000381E-9,0.0,,,,,-46.00000381E-9,3.75999999,,,,,-46.00000381E-9,22.39999962,
,,,-45.60000377E-9,-79.999998212E-3,,,,,-45.60000377E-9,3.27999997,,,,,-45.60000377E-9,22.80000114,
,,,-45.20000729E-9,-159.99999642E-3,,,,,-45.20000729E-9,2.83999991,,,,,-45.20000729E-9,22.39999962,
,,,-44.80000726E-9,-199.99998808E-3,,,,,-44.80000726E-9,2.5599999,,,,,-44.80000726E-9,22.00000000,
,,,-44.40000723E-9,-239.99999464E-3,,,,,-44.40000723E-9,2.4400001,,,,,-44.40000723E-9,22.00000000,
,,,-44.00000719E-9,-239.99999464E-3,,,,,-44.00000719E-9,2.3599999,,,,,-44.00000719E-9,21.60000038,
,,,-43.60000716E-9,-239.99999464E-3,,,,,-43.60000716E-9,2.1599998,,,,,-43.60000716E-9,22.00000000,
,,,-43.20000713E-9,-239.99999464E-3,,,,,-43.20000713E-9,1.9599999,,,,,-43.20000713E-9,22.39999962,
,,,-42.80000709E-9,-199.99998808E-3,,,,,-42.80000709E-9,1.7600000,,,,,-42.80000709E-9,22.39999962,
,,,-42.40000706E-9,-199.99998808E-3,,,,,-42.40000706E-9,1.5999999,,,,,-42.40000706E-9,22.00000000,
,,,-42.00000703E-9,-159.99999642E-3,,,,,-42.00000703E-9,1.4800000,,,,,-42.00000703E-9,22.00000000,
,,,-41.60000699E-9,-39.99999911E-3,,,,,-41.60000699E-9,1.4399999,,,,,-41.60000699E-9,22.39999962,
,,,-41.20000696E-9,79.999998212E-3,,,,,-41.20000696E-9,1.4800000,,,,,-41.20000696E-9,22.80000114,
,,,-40.80000693E-9,199.99998808E-3,,,,,-40.80000693E-9,1.5200000,,,,,-40.80000693E-9,23.60000038,
,,,-40.40000690E-9,239.99999464E-3,,,,,-40.40000690E-9,1.5599999,,,,,-40.40000690E-9,24.00000000,
,,,-40.00000686E-9,319.99999285E-3,,,,,-40.00000686E-9,1.5599999,,,,,-40.00000686E-9,24.00000000,
,,,-39.60000683E-9,359.99998450E-3,,,,,-39.60000683E-9,1.4800000,,,,,-39.60000683E-9,23.60000038,
,,,-39.20000680E-9,439.999997616E-3,,,,,-39.20000680E-9,1.4399999,,,,,-39.20000680E-9,23.60000038,
,,,-38.80000676E-9,479.999989271E-3,,,,,-38.80000676E-9,1.3600000,,,,,-38.80000676E-9,23.60000038,
,,,-38.40000673E-9,519.999980927E-3,,,,,-38.40000673E-9,1.2800000,,,,,-38.40000673E-9,23.60000038,
,,,-38.00000670E-9,560.000002384E-3,,,,,-38.00000670E-9,1.2400000,,,,,-38.00000670E-9,23.60000038,
,,,-37.60000666E-9,479.999989271E-3,,,,,-37.60000666E-9,1.1600000,,,,,-37.60000666E-9,23.20000076,
,,,-37.20000663E-9,439.999997616E-3,,,,,-37.20000663E-9,1.0799999,,,,,-37.20000663E-9,22.80000114,
,,,-36.80000660E-9,439.999997616E-3,,,,,-36.80000660E-9,1.000000,,,,,-36.80000660E-9,22.00000000,
,,,-36.40000656E-9,479.999989271E-3,,,,,-36.40000656E-9,919.999957085E-3,,,,,-36.40000656E-9,21.60000038,
,,,-36.00000653E-9,519.999980927E-3,,,,,-36.00000653E-9,919.999957085E-3,,,,,-36.00000653E-9,21.60000038,
,,,-35.60000650E-9,519.999980927E-3,,,,,-35.60000650E-9,1.000000,,,,,-35.60000650E-9,21.60000038,
,,,-35.20000647E-9,519.999980927E-3,,,,,-35.20000647E-9,1.1200000,,,,,-35.20000647E-9,22.00000000,
,,,-34.80000643E-9,439.999997616E-3,,,,,-34.80000643E-9,1.1600000,,,,,-34.80000643E-9,22.00000000,
,,,-34.40000640E-9,319.99999285E-3,,,,,-34.40000640E-9,1.1200000,,,,,-34.40000640E-9,21.60000038,
,,,-34.00000637E-9,199.99998808E-3,,,,,-34.00000637E-9,1.0400000,,,,,-34.00000637E-9,21.20000076,
,,,-33.60000633E-9,119.9999973E-3,,,,,-33.60000633E-9,879.999995232E-3,,,,,-33.60000633E-9,20.80000114,
,,,-33.20000630E-9,119.9999973E-3,,,,,-33.20000630E-9,759.999990463E-3,,,,,-33.20000630E-9,20.80000114,
,,,-32.80000627E-9,119.9999973E-3,,,,,-32.80000627E-9,799.999952316E-3,,,,,-32.80000627E-9,20.80000114,
,,,-32.40000623E-9,119.9999973E-3,,,,,-32.40000623E-9,959.999978542E-3,,,,,-32.40000623E-9,20.39999962,
,,,-32.00000620E-9,119.9999973E-3,,,,,-32.00000620E-9,1.1600000,,,,,-32.00000620E-9,20.39999962,
,,,-31.60000617E-9,39.99999911E-3,,,,,-31.60000617E-9,1.2800000,,,,,-31.60000617E-9,20.39999962,
,,,-31.20000613E-9,0.0,,,,,-31.20000613E-9,1.3199999,,,,,-31.20000613E-9,20.39999962,
,,,-30.80000610E-9,0.0,,,,,-30.80000610E-9,1.2800000,,,,,-30.80000610E-9,20.0000000,
,,,-30.40000607E-9,79.999998212E-3,,,,,-30.40000607E-9,1.1200000,,,,,-30.40000607E-9,19.6000004,
,,,-30.00000603E-9,159.99999642E-3,,,,,-30.00000603E-9,1.0400000,,,,,-30.00000603E-9,19.6000004,
,,,-29.60000600E-9,199.99998808E-3,,,,,-29.60000600E-9,1.0799999,,,,,-29.60000600E-9,19.6000004,
,,,-29.20000597E-9,280.00000119E-3,,,,,-29.20000597E-9,1.1999999,,,,,-29.20000597E-9,19.6000004,
,,,-28.80000594E-9,319.99999285E-3,,,,,-28.80000594E-9,1.4000000,,,,,-28.80000594E-9,20.0000000,
,,,-28.40000590E-9,280.00000119E-3,,,,,-28.40000590E-9,1.5999999,,,,,-28.40000590E-9,20.80000114,
,,,-28.00000587E-9,319.99999285E-3,,,,,-28.00000587E-9,1.7600000,,,,,-28.00000587E-9,21.60000038,
,,,-27.60000584E-9,399.99997616E-3,,,,,-27.60000584E-9,1.7600000,,,,,-27.60000584E-9,22.00000000,
,,,-27.20000580E-9,519.999980927E-3,,,,,-27.20000580E-9,1.8000000,,,,,-27.20000580E-9,22.39999962,
,,,-26.80000577E-9,639.999985695E-3,,,,,-26.80000577E-9,1.8399999,,,,,-26.80000577E-9,22.80000114,
,,,-26.40000574E-9,680.000007153E-3,,,,,-26.40000574E-9,1.9200000,,,,,-26.40000574E-9,22.80000114,
,,,-26.00000570E-9,719.999969006E-3,,,,,-26.00000570E-9,1.9599999,,,,,-26.00000570E-9,23.20000076,
,,,-25.60000567E-9,680.000007153E-3,,,,,-25.60000567E-9,1.7600000,,,,,-25.60000567E-9,23.20000076,
,,,-25.20000564E-9,599.999964237E-3,,,,,-25.20000564E-9,1.4800000,,,,,-25.20000564E-9,23.60000038,
,,,-24.80000560E-9,560.000002384E-3,,,,,-24.80000560E-9,1.2400000,,,,,-24.80000560E-9,24.00000000,
,,,-24.40000557E-9,560.000002384E-3,,,,,-24.40000557E-9,1.0799999,,,,,-24.40000557E-9,23.60000038,
,,,-24.00000554E-9,560.000002384E-3,,,,,-24.00000554E-9,1.000000,,,,,-24.00000554E-9,23.60000038,
,,,-23.60000551E-9,519.999980927E-3,,,,,-23.60000551E-9,1.1600000,,,,,-23.60000551E-9,23.60000038,
,,,-23.20000547E-9,439.999997616E-3,,,,,-23.20000547E-9,1.2800000,,,,,-23.20000547E-9,23.60000038,
,,,-22.80000544E-9,399.99997616E-3,,,,,-22.80000544E-9,1.1999999,,,,,-22.80000544E-9,24.39999962,
,,,-22.40000541E-9,359.99998450E-3,,,,,-22.40000541E-9,879.999995232E-3,,,,,-22.40000541E-9,24.80000114,
,,,-22.00000537E-9,319.99999285E-3,,,,,-22.00000537E-9,519.999980927E-3,,,,,-22.00000537E-9,25.20000076,
,,,-21.60000534E-9,280.00000119E-3,,,,,-21.60000534E-9,239.99999464E-3,,,,,-21.60000534E-9,25.20000076,
,,,-21.20000531E-9,280.00000119E-3,,,,,-21.20000531E-9,79.999998212E-3,,,,,-21.20000531E-9,25.20000076,
,,,-20.80000527E-9,239.99999464E-3,,,,,-20.80000527E-9,199.99998808E-3,,,,,-20.80000527E-9,25.20000076,
,,,-20.40000524E-9,199.99998808E-3,,,,,-20.40000524E-9,519.999980927E-3,,,,,-20.40000524E-9,24.80000114,
,,,-20.0000052E-9,199.99998808E-3,,,,,-20.0000052E-9,919.999957085E-3,,,,,-20.0000052E-9,24.80000114,
,,,-19.6000052E-9,199.99998808E-3,,,,,-19.6000052E-9,1.0799999,,,,,-19.6000052E-9,24.80000114,
,,,-19.2000051E-9,199.99998808E-3,,,,,-19.2000051E-9,1.2400000,,,,,-19.2000051E-9,25.20000076,
,,,-18.8000051E-9,159.99999642E-3,,,,,-18.8000051E-9,1.3199999,,,,,-18.8000051E-9,25.20000076,
,,,-18.4000051E-9,39.99999911E-3,,,,,-18.4000051E-9,1.4399999,,,,,-18.4000051E-9,24.80000114,
,,,-18.0000050E-9,0.0,,,,,-18.0000050E-9,1.4800000,,,,,-18.0000050E-9,24.39999962,
,,,-17.6000050E-9,-39.99999911E-3,,,,,-17.6000050E-9,1.4000000,,,,,-17.6000050E-9,24.39999962,
,,,-17.2000050E-9,0.0,,,,,-17.2000050E-9,1.2800000,,,,,-17.2000050E-9,24.39999962,
,,,-16.8000049E-9,79.999998212E-3,,,,,-16.8000049E-9,1.0799999,,,,,-16.8000049E-9,24.39999962,
,,,-16.4000049E-9,159.99999642E-3,,,,,-16.4000049E-9,919.999957085E-3,,,,,-16.4000049E-9,24.00000000,
,,,-16.0000049E-9,239.99999464E-3,,,,,-16.0000049E-9,879.999995232E-3,,,,,-16.0000049E-9,23.60000038,
,,,-15.6000048E-9,199.99998808E-3,,,,,-15.6000048E-9,1.1600000,,,,,-15.6000048E-9,22.80000114,
,,,-15.2000048E-9,159.99999642E-3,,,,,-15.2000048E-9,1.5200000,,,,,-15.2000048E-9,22.00000000,
,,,-14.8000048E-9,159.99999642E-3,,,,,-14.8000048E-9,1.8000000,,,,,-14.8000048E-9,22.00000000,
,,,-14.4000047E-9,199.99998808E-3,,,,,-14.4000047E-9,1.9599999,,,,,-14.4000047E-9,21.60000038,
,,,-14.0000047E-9,239.99999464E-3,,,,,-14.0000047E-9,2.0400000,,,,,-14.0000047E-9,21.20000076,
,,,-13.6000047E-9,199.99998808E-3,,,,,-13.6000047E-9,1.9599999,,,,,-13.6000047E-9,20.39999962,
,,,-13.2000055E-9,199.99998808E-3,,,,,-13.2000055E-9,1.9200000,,,,,-13.2000055E-9,20.0000000,
,,,-12.8000055E-9,199.99998808E-3,,,,,-12.8000055E-9,2.0000000,,,,,-12.8000055E-9,19.2000008,
,,,-12.4000055E-9,199.99998808E-3,,,,,-12.4000055E-9,2.2000000,,,,,-12.4000055E-9,18.3999996,
,,,-12.0000054E-9,239.99999464E-3,,,,,-12.0000054E-9,2.4400001,,,,,-12.0000054E-9,18.0000000,
,,,-11.6000054E-9,319.99999285E-3,,,,,-11.6000054E-9,2.5200000,,,,,-11.6000054E-9,17.6000004,
,,,-11.2000054E-9,439.999997616E-3,,,,,-11.2000054E-9,2.5999999,,,,,-11.2000054E-9,17.6000004,
,,,-10.8000053E-9,439.999997616E-3,,,,,-10.8000053E-9,2.5999999,,,,,-10.8000053E-9,17.6000004,
,,,-10.4000053E-9,319.99999285E-3,,,,,-10.4000053E-9,2.5599999,,,,,-10.4000053E-9,17.6000004,
,,,-10.0000053E-9,239.99999464E-3,,,,,-10.0000053E-9,2.4400001,,,,,-10.0000053E-9,17.6000004,
,,,-9.600005235E-9,159.99999642E-3,,,,,-9.600005235E-9,2.2000000,,,,,-9.600005235E-9,17.6000004,
,,,-9.200005202E-9,119.9999973E-3,,,,,-9.200005202E-9,1.9200000,,,,,-9.200005202E-9,18.3999996,
,,,-8.800005169E-9,119.9999973E-3,,,,,-8.800005169E-9,1.6400000,,,,,-8.800005169E-9,18.8000011,
,,,-8.400005136E-9,159.99999642E-3,,,,,-8.400005136E-9,1.4000000,,,,,-8.400005136E-9,19.6000004,
,,,-8.000005103E-9,199.99998808E-3,,,,,-8.000005103E-9,1.2400000,,,,,-8.000005103E-9,20.39999962,
,,,-7.600005070E-9,79.999998212E-3,,,,,-7.600005070E-9,1.2800000,,,,,-7.600005070E-9,20.80000114,
,,,-7.20000504E-9,-39.99999911E-3,,,,,-7.20000504E-9,1.3600000,,,,,-7.20000504E-9,21.60000038,
,,,-6.80000500E-9,-119.9999973E-3,,,,,-6.80000500E-9,1.4000000,,,,,-6.80000500E-9,22.39999962,
,,,-6.40000497E-9,-199.99998808E-3,,,,,-6.40000497E-9,1.2800000,,,,,-6.40000497E-9,22.80000114,
,,,-6.00000494E-9,-280.00000119E-3,,,,,-6.00000494E-9,1.1600000,,,,,-6.00000494E-9,23.60000038,
,,,-5.60000490E-9,-399.99997616E-3,,,,,-5.60000490E-9,959.999978542E-3,,,,,-5.60000490E-9,24.39999962,
,,,-5.20000487E-9,-479.999989271E-3,,,,,-5.20000487E-9,759.999990463E-3,,,,,-5.20000487E-9,25.20000076,
,,,-4.80000484E-9,-519.999980927E-3,,,,,-4.80000484E-9,680.000007153E-3,,,,,-4.80000484E-9,25.60000038,
,,,-4.40000480E-9,-560.000002384E-3,,,,,-4.40000480E-9,719.999969006E-3,,,,,-4.40000480E-9,26.39999962,
,,,-4.00000477E-9,-560.000002384E-3,,,,,-4.00000477E-9,799.999952316E-3,,,,,-4.00000477E-9,27.20000076,
,,,-3.60000496E-9,-519.999980927E-3,,,,,-3.60000496E-9,759.999990463E-3,,,,,-3.60000496E-9,28.00000000,
,,,-3.20000493E-9,-399.99997616E-3,,,,,-3.20000493E-9,759.999990463E-3,,,,,-3.20000493E-9,28.39999962,
,,,-2.80000489E-9,-280.00000119E-3,,,,,-2.80000489E-9,759.999990463E-3,,,,,-2.80000489E-9,28.80000114,
,,,-2.4000051E-9,-159.99999642E-3,,,,,-2.4000051E-9,839.999973774E-3,,,,,-2.4000051E-9,28.80000114,
,,,-2.0000051E-9,0.0,,,,,-2.0000051E-9,959.999978542E-3,,,,,-2.0000051E-9,28.39999962,
,,,-1.6000050E-9,119.9999973E-3,,,,,-1.6000050E-9,1.0400000,,,,,-1.6000050E-9,28.00000000,
,,,-1.2000050E-9,280.00000119E-3,,,,,-1.2000050E-9,1.1600000,,,,,-1.2000050E-9,27.60000038,
,,,-800.004947897E-12,479.999989271E-3,,,,,-800.004947897E-12,1.2800000,,,,,-800.004947897E-12,27.20000076,
,,,-400.00494419E-12,680.000007153E-3,,,,,-400.00494419E-12,1.3199999,,,,,-400.00494419E-12,26.39999962,
,,,-4.94049240E-15,879.999995232E-3,,,,,-4.94049240E-15,1.4000000,,,,,-4.94049240E-15,25.60000038,
,,,399.99506321E-12,959.999978542E-3,,,,,399.99506321E-12,1.4800000,,,,,399.99506321E-12,25.20000076,
,,,799.995066912E-12,1.000000,,,,,799.995066912E-12,1.5599999,,,,,799.995066912E-12,24.39999962,
,,,1.1999951E-9,1.0400000,,,,,1.1999951E-9,1.5999999,,,,,1.1999951E-9,23.60000038,
,,,1.5999950E-9,1.0799999,,,,,1.5999950E-9,1.6400000,,,,,1.5999950E-9,22.80000114,
,,,1.9999951E-9,1.1200000,,,,,1.9999951E-9,1.6400000,,,,,1.9999951E-9,22.39999962,
,,,2.3999951E-9,1.1600000,,,,,2.3999951E-9,1.5999999,,,,,2.3999951E-9,22.00000000,
,,,2.79999512E-9,1.1600000,,,,,2.79999512E-9,1.5200000,,,,,2.79999512E-9,21.60000038,
,,,3.19999516E-9,1.1200000,,,,,3.19999516E-9,1.4800000,,,,,3.19999516E-9,21.60000038,
,,,3.59999519E-9,1.0400000,,,,,3.59999519E-9,1.4000000,,,,,3.59999519E-9,22.00000000,
,,,3.99999500E-9,919.999957085E-3,,,,,3.99999500E-9,1.3199999,,,,,3.99999500E-9,22.39999962,
,,,4.39999503E-9,719.999969006E-3,,,,,4.39999503E-9,1.1600000,,,,,4.39999503E-9,22.39999962,
,,,4.79999507E-9,519.999980927E-3,,,,,4.79999507E-9,1.000000,,,,,4.79999507E-9,22.00000000,
,,,5.19999510E-9,319.99999285E-3,,,,,5.19999510E-9,799.999952316E-3,,,,,5.19999510E-9,21.60000038,
,,,5.59999513E-9,79.999998212E-3,,,,,5.59999513E-9,560.000002384E-3,,,,,5.59999513E-9,20.80000114,
,,,5.99999517E-9,-79.999998212E-3,,,,,5.99999517E-9,319.99999285E-3,,,,,5.99999517E-9,20.39999962,
,,,6.39999520E-9,-239.99999464E-3,,,,,6.39999520E-9,0.0,,,,,6.39999520E-9,20.80000114,
,,,6.79999523E-9,-319.99999285E-3,,,,,6.79999523E-9,-280.00000119E-3,,,,,6.79999523E-9,21.20000076,
,,,7.19999527E-9,-399.99997616E-3,,,,,7.19999527E-9,-439.999997616E-3,,,,,7.19999527E-9,21.60000038,
,,,7.599995300E-9,-479.999989271E-3,,,,,7.599995300E-9,-560.000002384E-3,,,,,7.599995300E-9,21.20000076,
,,,7.999995333E-9,-519.999980927E-3,,,,,7.999995333E-9,-560.000002384E-3,,,,,7.999995333E-9,21.20000076,
,,,8.399995366E-9,-599.999964237E-3,,,,,8.399995366E-9,-519.999980927E-3,,,,,8.399995366E-9,20.39999962,
,,,8.799995399E-9,-599.999964237E-3,,,,,8.799995399E-9,-479.999989271E-3,,,,,8.799995399E-9,20.39999962,
,,,9.199995432E-9,-599.999964237E-3,,,,,9.199995432E-9,-399.99997616E-3,,,,,9.199995432E-9,19.6000004,
,,,9.599995465E-9,-519.999980927E-3,,,,,9.599995465E-9,-359.99998450E-3,,,,,9.599995465E-9,19.6000004,
,,,9.999995498E-9,-399.99997616E-3,,,,,9.999995498E-9,-239.99999464E-3,,,,,9.999995498E-9,19.6000004,
,,,10.3999955E-9,-199.99998808E-3,,,,,10.3999955E-9,0.0,,,,,10.3999955E-9,20.0000000,
,,,10.7999956E-9,0.0,,,,,10.7999956E-9,280.00000119E-3,,,,,10.7999956E-9,20.39999962,
,,,11.1999956E-9,199.99998808E-3,,,,,11.1999956E-9,560.000002384E-3,,,,,11.1999956E-9,21.20000076,
,,,11.5999956E-9,359.99998450E-3,,,,,11.5999956E-9,839.999973774E-3,,,,,11.5999956E-9,21.60000038,
,,,11.9999957E-9,479.999989271E-3,,,,,11.9999957E-9,1.0799999,,,,,11.9999957E-9,22.00000000,
,,,12.3999948E-9,560.000002384E-3,,,,,12.3999948E-9,1.1999999,,,,,12.3999948E-9,22.39999962,
,,,12.7999948E-9,639.999985695E-3,,,,,12.7999948E-9,1.3199999,,,,,12.7999948E-9,22.80000114,
,,,13.1999949E-9,719.999969006E-3,,,,,13.1999949E-9,1.5200000,,,,,13.1999949E-9,22.80000114,
,,,13.5999949E-9,759.999990463E-3,,,,,13.5999949E-9,1.7199999,,,,,13.5999949E-9,23.20000076,
,,,13.9999949E-9,799.999952316E-3,,,,,13.9999949E-9,1.9200000,,,,,13.9999949E-9,23.60000038,
,,,14.3999950E-9,759.999990463E-3,,,,,14.3999950E-9,1.9200000,,,,,14.3999950E-9,24.00000000,
,,,14.7999950E-9,680.000007153E-3,,,,,14.7999950E-9,1.8399999,,,,,14.7999950E-9,24.39999962,
,,,15.1999959E-9,560.000002384E-3,,,,,15.1999959E-9,1.6799999,,,,,15.1999959E-9,24.39999962,
,,,15.5999960E-9,399.99997616E-3,,,,,15.5999960E-9,1.4800000,,,,,15.5999960E-9,24.80000114,
,,,15.9999960E-9,239.99999464E-3,,,,,15.9999960E-9,1.3199999,,,,,15.9999960E-9,24.80000114,
,,,16.3999960E-9,0.0,,,,,16.3999960E-9,1.3600000,,,,,16.3999960E-9,24.80000114,
,,,16.7999961E-9,-199.99998808E-3,,,,,16.7999961E-9,1.4399999,,,,,16.7999961E-9,25.20000076,
,,,17.1999961E-9,-359.99998450E-3,,,,,17.1999961E-9,1.4000000,,,,,17.1999961E-9,25.60000038,
,,,17.5999961E-9,-479.999989271E-3,,,,,17.5999961E-9,1.1999999,,,,,17.5999961E-9,26.39999962,
,,,17.9999962E-9,-519.999980927E-3,,,,,17.9999962E-9,1.000000,,,,,17.9999962E-9,27.20000076,
,,,18.3999944E-9,-560.000002384E-3,,,,,18.3999944E-9,719.999969006E-3,,,,,18.3999944E-9,27.20000076,
,,,18.7999945E-9,-560.000002384E-3,,,,,18.7999945E-9,519.999980927E-3,,,,,18.7999945E-9,27.20000076,
,,,19.1999945E-9,-599.999964237E-3,,,,,19.1999945E-9,479.999989271E-3,,,,,19.1999945E-9,26.39999962,
,,,19.5999945E-9,-680.000007153E-3,,,,,19.5999945E-9,599.999964237E-3,,,,,19.5999945E-9,25.60000038,
,,,19.9999945E-9,-680.000007153E-3,,,,,19.9999945E-9,680.000007153E-3,,,,,19.9999945E-9,25.20000076,
,,,20.39999458E-9,-680.000007153E-3,,,,,20.39999458E-9,519.999980927E-3,,,,,20.39999458E-9,25.20000076,
,,,20.79999462E-9,-599.999964237E-3,,,,,20.79999462E-9,280.00000119E-3,,,,,20.79999462E-9,25.60000038,
,,,21.19999465E-9,-479.999989271E-3,,,,,21.19999465E-9,119.9999973E-3,,,,,21.19999465E-9,26.00000000,
,,,21.59999468E-9,-319.99999285E-3,,,,,21.59999468E-9,0.0,,,,,21.59999468E-9,26.00000000,
,,,21.99999471E-9,-159.99999642E-3,,,,,21.99999471E-9,0.0,,,,,21.99999471E-9,26.39999962,
,,,22.39999475E-9,0.0,,,,,22.39999475E-9,119.9999973E-3,,,,,22.39999475E-9,26.39999962,
,,,22.79999478E-9,159.99999642E-3,,,,,22.79999478E-9,359.99998450E-3,,,,,22.79999478E-9,26.39999962,
,,,23.19999481E-9,359.99998450E-3,,,,,23.19999481E-9,560.000002384E-3,,,,,23.19999481E-9,26.39999962,
,,,23.59999485E-9,599.999964237E-3,,,,,23.59999485E-9,719.999969006E-3,,,,,23.59999485E-9,26.80000114,
,,,23.99999488E-9,759.999990463E-3,,,,,23.99999488E-9,919.999957085E-3,,,,,23.99999488E-9,27.20000076,
,,,24.39999491E-9,799.999952316E-3,,,,,24.39999491E-9,1.1200000,,,,,24.39999491E-9,27.20000076,
,,,24.79999495E-9,759.999990463E-3,,,,,24.79999495E-9,1.2800000,,,,,24.79999495E-9,27.20000076,
,,,25.19999498E-9,719.999969006E-3,,,,,25.19999498E-9,1.4000000,,,,,25.19999498E-9,27.20000076,
,,,25.59999501E-9,680.000007153E-3,,,,,25.59999501E-9,1.4399999,,,,,25.59999501E-9,26.39999962,
,,,25.99999505E-9,639.999985695E-3,,,,,25.99999505E-9,1.4399999,,,,,25.99999505E-9,26.00000000,
,,,26.39999508E-9,599.999964237E-3,,,,,26.39999508E-9,1.4000000,,,,,26.39999508E-9,25.20000076,
,,,26.79999511E-9,560.000002384E-3,,,,,26.79999511E-9,1.3600000,,,,,26.79999511E-9,24.80000114,
,,,27.19999515E-9,479.999989271E-3,,,,,27.19999515E-9,1.3600000,,,,,27.19999515E-9,24.39999962,
,,,27.59999518E-9,359.99998450E-3,,,,,27.59999518E-9,1.3600000,,,,,27.59999518E-9,24.00000000,
,,,27.99999521E-9,239.99999464E-3,,,,,27.99999521E-9,1.3600000,,,,,27.99999521E-9,23.60000038,
,,,28.39999524E-9,119.9999973E-3,,,,,28.39999524E-9,1.1999999,,,,,28.39999524E-9,22.80000114,
,,,28.79999528E-9,0.0,,,,,28.79999528E-9,1.0400000,,,,,28.79999528E-9,22.39999962,
,,,29.19999531E-9,-79.999998212E-3,,,,,29.19999531E-9,879.999995232E-3,,,,,29.19999531E-9,21.60000038,
,,,29.59999534E-9,-119.9999973E-3,,,,,29.59999534E-9,759.999990463E-3,,,,,29.59999534E-9,20.39999962,
,,,29.99999538E-9,-159.99999642E-3,,,,,29.99999538E-9,719.999969006E-3,,,,,29.99999538E-9,19.6000004,
,,,30.39999541E-9,-239.99999464E-3,,,,,30.39999541E-9,680.000007153E-3,,,,,30.39999541E-9,19.2000008,
,,,30.79999544E-9,-239.99999464E-3,,,,,30.79999544E-9,680.000007153E-3,,,,,30.79999544E-9,18.8000011,
,,,31.19999548E-9,-239.99999464E-3,,,,,31.19999548E-9,719.999969006E-3,,,,,31.19999548E-9,18.8000011,
,,,31.59999551E-9,-199.99998808E-3,,,,,31.59999551E-9,799.999952316E-3,,,,,31.59999551E-9,18.8000011,
,,,31.99999554E-9,-159.99999642E-3,,,,,31.99999554E-9,879.999995232E-3,,,,,31.99999554E-9,18.8000011,
,,,32.39999558E-9,-119.9999973E-3,,,,,32.39999558E-9,959.999978542E-3,,,,,32.39999558E-9,19.2000008,
,,,32.79999561E-9,-79.999998212E-3,,,,,32.79999561E-9,1.0400000,,,,,32.79999561E-9,19.6000004,
,,,33.19999564E-9,-39.99999911E-3,,,,,33.19999564E-9,1.0400000,,,,,33.19999564E-9,20.0000000,
,,,33.59999567E-9,39.99999911E-3,,,,,33.59999567E-9,959.999978542E-3,,,,,33.59999567E-9,20.39999962,
,,,33.99999571E-9,79.999998212E-3,,,,,33.99999571E-9,879.999995232E-3,,,,,33.99999571E-9,20.80000114,
,,,34.39999574E-9,79.999998212E-3,,,,,34.39999574E-9,879.999995232E-3,,,,,34.39999574E-9,21.20000076,
,,,34.79999577E-9,79.999998212E-3,,,,,34.79999577E-9,959.999978542E-3,,,,,34.79999577E-9,22.00000000,
,,,35.19999581E-9,39.99999911E-3,,,,,35.19999581E-9,1.0400000,,,,,35.19999581E-9,22.80000114,
,,,35.59999584E-9,0.0,,,,,35.59999584E-9,1.1600000,,,,,35.59999584E-9,23.60000038,
,,,35.99999587E-9,-39.99999911E-3,,,,,35.99999587E-9,1.2400000,,,,,35.99999587E-9,24.39999962,
,,,36.39999591E-9,-119.9999973E-3,,,,,36.39999591E-9,1.1200000,,,,,36.39999591E-9,25.20000076,
,,,36.79999594E-9,-199.99998808E-3,,,,,36.79999594E-9,1.000000,,,,,36.79999594E-9,26.00000000,
,,,37.19999597E-9,-239.99999464E-3,,,,,37.19999597E-9,839.999973774E-3,,,,,37.19999597E-9,26.80000114,
,,,37.59999601E-9,-239.99999464E-3,,,,,37.59999601E-9,719.999969006E-3,,,,,37.59999601E-9,27.20000076,
,,,37.99999604E-9,-239.99999464E-3,,,,,37.99999604E-9,680.000007153E-3,,,,,37.99999604E-9,28.00000000,
,,,38.39999607E-9,-239.99999464E-3,,,,,38.39999607E-9,719.999969006E-3,,,,,38.39999607E-9,28.80000114,
,,,38.79999610E-9,-239.99999464E-3,,,,,38.79999610E-9,799.999952316E-3,,,,,38.79999610E-9,29.20000076,
,,,39.19999614E-9,-199.99998808E-3,,,,,39.19999614E-9,879.999995232E-3,,,,,39.19999614E-9,29.60000038,
,,,39.59999617E-9,-119.9999973E-3,,,,,39.59999617E-9,919.999957085E-3,,,,,39.59999617E-9,29.60000038,
,,,39.99999620E-9,-39.99999911E-3,,,,,39.99999620E-9,919.999957085E-3,,,,,39.99999620E-9,29.20000076,
,,,40.39999624E-9,-39.99999911E-3,,,,,40.39999624E-9,839.999973774E-3,,,,,40.39999624E-9,28.39999962,
,,,40.79999627E-9,-39.99999911E-3,,,,,40.79999627E-9,719.999969006E-3,,,,,40.79999627E-9,27.60000038,
,,,41.19999630E-9,0.0,,,,,41.19999630E-9,599.999964237E-3,,,,,41.19999630E-9,27.60000038,
,,,41.59999634E-9,79.999998212E-3,,,,,41.59999634E-9,519.999980927E-3,,,,,41.59999634E-9,27.60000038,
,,,41.99999637E-9,159.99999642E-3,,,,,41.99999637E-9,479.999989271E-3,,,,,41.99999637E-9,27.60000038,
,,,42.39999640E-9,239.99999464E-3,,,,,42.39999640E-9,479.999989271E-3,,,,,42.39999640E-9,27.60000038,
,,,42.79999644E-9,359.99998450E-3,,,,,42.79999644E-9,519.999980927E-3,,,,,42.79999644E-9,27.60000038,
,,,43.19999647E-9,479.999989271E-3,,,,,43.19999647E-9,680.000007153E-3,,,,,43.19999647E-9,27.60000038,
,,,43.59999650E-9,599.999964237E-3,,,,,43.59999650E-9,839.999973774E-3,,,,,43.59999650E-9,27.60000038,
,,,43.99999654E-9,680.000007153E-3,,,,,43.99999654E-9,1.000000,,,,,43.99999654E-9,27.60000038,
,,,44.39999657E-9,719.999969006E-3,,,,,44.39999657E-9,1.0400000,,,,,44.39999657E-9,27.60000038,
,,,44.79999660E-9,719.999969006E-3,,,,,44.79999660E-9,1.0400000,,,,,44.79999660E-9,27.60000038,
,,,45.19999663E-9,680.000007153E-3,,,,,45.19999663E-9,1.000000,,,,,45.19999663E-9,27.60000038,
,,,45.59999667E-9,599.999964237E-3,,,,,45.59999667E-9,879.999995232E-3,,,,,45.59999667E-9,27.60000038,
,,,45.99999670E-9,519.999980927E-3,,,,,45.99999670E-9,799.999952316E-3,,,,,45.99999670E-9,27.20000076,
,,,46.39999673E-9,359.99998450E-3,,,,,46.39999673E-9,759.999990463E-3,,,,,46.39999673E-9,26.80000114,
,,,46.79999677E-9,239.99999464E-3,,,,,46.79999677E-9,759.999990463E-3,,,,,46.79999677E-9,26.00000000,
,,,47.19999680E-9,159.99999642E-3,,,,,47.19999680E-9,799.999952316E-3,,,,,47.19999680E-9,25.60000038,
,,,47.59999683E-9,79.999998212E-3,,,,,47.59999683E-9,839.999973774E-3,,,,,47.59999683E-9,24.80000114,
,,,47.99999687E-9,79.999998212E-3,,,,,47.99999687E-9,839.999973774E-3,,,,,47.99999687E-9,23.60000038,
,,,48.39999690E-9,39.99999911E-3,,,,,48.39999690E-9,719.999969006E-3,,,,,48.39999690E-9,23.20000076,
,,,48.79999693E-9,79.999998212E-3,,,,,48.79999693E-9,560.000002384E-3,,,,,48.79999693E-9,22.39999962,
,,,49.19999697E-9,39.99999911E-3,,,,,49.19999697E-9,439.999997616E-3,,,,,49.19999697E-9,22.00000000,
,,,49.59999700E-9,39.99999911E-3,,,,,49.59999700E-9,359.99998450E-3,,,,,49.59999700E-9,21.60000038,
,,,49.99999703E-9,39.99999911E-3,,,,,49.99999703E-9,359.99998450E-3,,,,,49.99999703E-9,21.20000076,
,,,50.39999706E-9,0.0,,,,,50.39999706E-9,439.999997616E-3,,,,,50.39999706E-9,20.39999962,
,,,50.79999710E-9,0.0,,,,,50.79999710E-9,599.999964237E-3,,,,,50.79999710E-9,19.6000004,
,,,51.19999713E-9,39.99999911E-3,,,,,51.19999713E-9,799.999952316E-3,,,,,51.19999713E-9,18.8000011,
,,,51.59999716E-9,39.99999911E-3,,,,,51.59999716E-9,919.999957085E-3,,,,,51.59999716E-9,18.3999996,
,,,51.99999720E-9,119.9999973E-3,,,,,51.99999720E-9,1.000000,,,,,51.99999720E-9,18.0000000,
,,,52.39999723E-9,199.99998808E-3,,,,,52.39999723E-9,959.999978542E-3,,,,,52.39999723E-9,18.0000000,
,,,52.79999726E-9,280.00000119E-3,,,,,52.79999726E-9,879.999995232E-3,,,,,52.79999726E-9,18.8000011,
,,,53.19999730E-9,359.99998450E-3,,,,,53.19999730E-9,879.999995232E-3,,,,,53.19999730E-9,19.6000004,
,,,53.59999733E-9,399.99997616E-3,,,,,53.59999733E-9,959.999978542E-3,,,,,53.59999733E-9,20.39999962,
,,,53.99999736E-9,439.999997616E-3,,,,,53.99999736E-9,1.0400000,,,,,53.99999736E-9,21.20000076,
,,,54.39999740E-9,399.99997616E-3,,,,,54.39999740E-9,1.1200000,,,,,54.39999740E-9,22.00000000,
,,,54.799997429E-9,359.99998450E-3,,,,,54.799997429E-9,1.1999999,,,,,54.799997429E-9,22.80000114,
,,,55.199997462E-9,280.00000119E-3,,,,,55.199997462E-9,1.2400000,,,,,55.199997462E-9,23.20000076,
,,,55.599997495E-9,159.99999642E-3,,,,,55.599997495E-9,1.2400000,,,,,55.599997495E-9,24.00000000,
,,,55.999997528E-9,79.999998212E-3,,,,,55.999997528E-9,1.2800000,,,,,55.999997528E-9,25.20000076,
,,,56.399997561E-9,-39.99999911E-3,,,,,56.399997561E-9,1.3199999,,,,,56.399997561E-9,26.00000000,
,,,56.799997594E-9,-199.99998808E-3,,,,,56.799997594E-9,1.3600000,,,,,56.799997594E-9,26.80000114,
,,,57.199994075E-9,-319.99999285E-3,,,,,57.199994075E-9,1.2400000,,,,,57.199994075E-9,27.60000038,
,,,57.599994108E-9,-479.999989271E-3,,,,,57.599994108E-9,1.0400000,,,,,57.599994108E-9,28.39999962,
,,,57.999994141E-9,-560.000002384E-3,,,,,57.999994141E-9,839.999973774E-3,,,,,57.999994141E-9,28.80000114,
,,,58.399994174E-9,-639.999985695E-3,,,,,58.399994174E-9,680.000007153E-3,,,,,58.399994174E-9,29.60000038,
,,,58.799994207E-9,-639.999985695E-3,,,,,58.799994207E-9,599.999964237E-3,,,,,58.799994207E-9,30.00000000,
,,,59.199994240E-9,-639.999985695E-3,,,,,59.199994240E-9,719.999969006E-3,,,,,59.199994240E-9,30.39999962,
,,,59.599994273E-9,-599.999964237E-3,,,,,59.599994273E-9,919.999957085E-3,,,,,59.599994273E-9,30.80000114,
,,,59.999997859E-9,-519.999980927E-3,,,,,59.999997859E-9,1.0799999,,,,,59.999997859E-9,31.20000076,
,,,60.399997892E-9,-439.999997616E-3,,,,,60.399997892E-9,1.0400000,,,,,60.399997892E-9,30.80000114,
,,,60.799997925E-9,-359.99998450E-3,,,,,60.799997925E-9,919.999957085E-3,,,,,60.799997925E-9,30.39999962,
,,,61.199997958E-9,-239.99999464E-3,,,,,61.199997958E-9,799.999952316E-3,,,,,61.199997958E-9,29.60000038,
,,,61.599997991E-9,-79.999998212E-3,,,,,61.599997991E-9,680.000007153E-3,,,,,61.599997991E-9,28.39999962,
,,,61.999998024E-9,79.999998212E-3,,,,,61.999998024E-9,599.999964237E-3,,,,,61.999998024E-9,27.60000038,
,,,62.399998058E-9,199.99998808E-3,,,,,62.399998058E-9,599.999964237E-3,,,,,62.399998058E-9,27.20000076,
,,,62.799998091E-9,280.00000119E-3,,,,,62.799998091E-9,639.999985695E-3,,,,,62.799998091E-9,26.80000114,
,,,63.199998124E-9,399.99997616E-3,,,,,63.199998124E-9,680.000007153E-3,,,,,63.199998124E-9,26.80000114,
,,,63.599998157E-9,519.999980927E-3,,,,,63.599998157E-9,639.999985695E-3,,,,,63.599998157E-9,26.80000114,
,,,63.999998190E-9,639.999985695E-3,,,,,63.999998190E-9,639.999985695E-3,,,,,63.999998190E-9,26.80000114,
,,,64.399998223E-9,719.999969006E-3,,,,,64.399998223E-9,639.999985695E-3,,,,,64.399998223E-9,26.80000114,
,,,64.799998256E-9,799.999952316E-3,,,,,64.799998256E-9,680.000007153E-3,,,,,64.799998256E-9,27.20000076,
,,,65.199998289E-9,799.999952316E-3,,,,,65.199998289E-9,639.999985695E-3,,,,,65.199998289E-9,27.20000076,
,,,65.599998322E-9,719.999969006E-3,,,,,65.599998322E-9,599.999964237E-3,,,,,65.599998322E-9,27.20000076,
,,,65.999998355E-9,639.999985695E-3,,,,,65.999998355E-9,560.000002384E-3,,,,,65.999998355E-9,26.80000114,
,,,66.399998389E-9,479.999989271E-3,,,,,66.399998389E-9,439.999997616E-3,,,,,66.399998389E-9,26.39999962,
,,,66.799998422E-9,359.99998450E-3,,,,,66.799998422E-9,359.99998450E-3,,,,,66.799998422E-9,25.60000038,
,,,67.199998455E-9,199.99998808E-3,,,,,67.199998455E-9,359.99998450E-3,,,,,67.199998455E-9,24.80000114,
,,,67.599998488E-9,39.99999911E-3,,,,,67.599998488E-9,399.99997616E-3,,,,,67.599998488E-9,24.00000000,
,,,67.999998521E-9,-39.99999911E-3,,,,,67.999998521E-9,479.999989271E-3,,,,,67.999998521E-9,23.60000038,
,,,68.399998554E-9,-119.9999973E-3,,,,,68.399998554E-9,479.999989271E-3,,,,,68.399998554E-9,23.20000076,
,,,68.799998587E-9,-119.9999973E-3,,,,,68.799998587E-9,439.999997616E-3,,,,,68.799998587E-9,22.80000114,
,,,69.199998620E-9,-119.9999973E-3,,,,,69.199998620E-9,399.99997616E-3,,,,,69.199998620E-9,22.80000114,
,,,69.599998653E-9,-119.9999973E-3,,,,,69.599998653E-9,319.99999285E-3,,,,,69.599998653E-9,22.39999962,
,,,69.999998686E-9,-119.9999973E-3,,,,,69.999998686E-9,319.99999285E-3,,,,,69.999998686E-9,22.39999962,
,,,70.399998719E-9,-159.99999642E-3,,,,,70.399998719E-9,359.99998450E-3,,,,,70.399998719E-9,22.00000000,
,,,70.799998753E-9,-159.99999642E-3,,,,,70.799998753E-9,479.999989271E-3,,,,,70.799998753E-9,21.60000038,
,,,71.199998786E-9,-119.9999973E-3,,,,,71.199998786E-9,639.999985695E-3,,,,,71.199998786E-9,21.20000076,
,,,71.599998819E-9,-79.999998212E-3,,,,,71.599998819E-9,799.999952316E-3,,,,,71.599998819E-9,20.39999962,
,,,71.999998852E-9,39.99999911E-3,,,,,71.999998852E-9,1.000000,,,,,71.999998852E-9,20.39999962,
,,,72.399998885E-9,159.99999642E-3,,,,,72.399998885E-9,1.1200000,,,,,72.399998885E-9,20.39999962,
,,,72.799998918E-9,359.99998450E-3,,,,,72.799998918E-9,1.2400000,,,,,72.799998918E-9,20.39999962,
,,,73.199998951E-9,519.999980927E-3,,,,,73.199998951E-9,1.3199999,,,,,73.199998951E-9,21.20000076,
,,,73.599998984E-9,639.999985695E-3,,,,,73.599998984E-9,1.3600000,,,,,73.599998984E-9,22.00000000,
,,,73.999999017E-9,759.999990463E-3,,,,,73.999999017E-9,1.4399999,,,,,73.999999017E-9,22.80000114,
,,,74.399999050E-9,799.999952316E-3,,,,,74.399999050E-9,1.4800000,,,,,74.399999050E-9,23.20000076,
,,,74.799999084E-9,799.999952316E-3,,,,,74.799999084E-9,1.5200000,,,,,74.799999084E-9,23.60000038,
,,,75.199999117E-9,759.999990463E-3,,,,,75.199999117E-9,1.5599999,,,,,75.199999117E-9,24.00000000,
,,,75.599999150E-9,719.999969006E-3,,,,,75.599999150E-9,1.5200000,,,,,75.599999150E-9,24.39999962,
,,,75.999999183E-9,680.000007153E-3,,,,,75.999999183E-9,1.4399999,,,,,75.999999183E-9,24.39999962,
,,,76.399999216E-9,599.999964237E-3,,,,,76.399999216E-9,1.2800000,,,,,76.399999216E-9,24.80000114,
,,,76.799999249E-9,479.999989271E-3,,,,,76.799999249E-9,1.1200000,,,,,76.799999249E-9,25.60000038,
,,,77.199999282E-9,359.99998450E-3,,,,,77.199999282E-9,919.999957085E-3,,,,,77.199999282E-9,26.00000000,
,,,77.599999315E-9,199.99998808E-3,,,,,77.599999315E-9,759.999990463E-3,,,,,77.599999315E-9,26.39999962,
,,,77.999999348E-9,79.999998212E-3,,,,,77.999999348E-9,599.999964237E-3,,,,,77.999999348E-9,27.20000076,
,,,78.399999381E-9,-79.999998212E-3,,,,,78.399999381E-9,399.99997616E-3,,,,,78.399999381E-9,27.60000038,
,,,78.799999415E-9,-199.99998808E-3,,,,,78.799999415E-9,280.00000119E-3,,,,,78.799999415E-9,28.00000000,
,,,79.199999448E-9,-319.99999285E-3,,,,,79.199999448E-9,199.99998808E-3,,,,,79.199999448E-9,29.20000076,
,,,79.599999481E-9,-359.99998450E-3,,,,,79.599999481E-9,159.99999642E-3,,,,,79.599999481E-9,30.00000000,
,,,79.999999514E-9,-399.99997616E-3,,,,,79.999999514E-9,159.99999642E-3,,,,,79.999999514E-9,30.80000114,
,,,80.399999547E-9,-439.999997616E-3,,,,,80.399999547E-9,199.99998808E-3,,,,,80.399999547E-9,31.20000076,
,,,80.799999580E-9,-439.999997616E-3,,,,,80.799999580E-9,280.00000119E-3,,,,,80.799999580E-9,31.20000076,
,,,81.199999613E-9,-399.99997616E-3,,,,,81.199999613E-9,319.99999285E-3,,,,,81.199999613E-9,30.80000114,
,,,81.599999646E-9,-399.99997616E-3,,,,,81.599999646E-9,239.99999464E-3,,,,,81.599999646E-9,30.39999962,
,,,81.999999679E-9,-319.99999285E-3,,,,,81.999999679E-9,199.99998808E-3,,,,,81.999999679E-9,29.60000038,
,,,82.399992607E-9,-280.00000119E-3,,,,,82.399992607E-9,79.999998212E-3,,,,,82.399992607E-9,29.20000076,
,,,82.799992640E-9,-199.99998808E-3,,,,,82.799992640E-9,-39.99999911E-3,,,,,82.799992640E-9,28.80000114,
,,,83.199992673E-9,-79.999998212E-3,,,,,83.199992673E-9,-39.99999911E-3,,,,,83.199992673E-9,28.80000114,
,,,83.599992706E-9,39.99999911E-3,,,,,83.599992706E-9,0.0,,,,,83.599992706E-9,28.80000114,
,,,83.999992739E-9,159.99999642E-3,,,,,83.999992739E-9,119.9999973E-3,,,,,83.999992739E-9,29.20000076,
,,,84.399992772E-9,280.00000119E-3,,,,,84.399992772E-9,280.00000119E-3,,,,,84.399992772E-9,29.20000076,
,,,84.799992806E-9,439.999997616E-3,,,,,84.799992806E-9,439.999997616E-3,,,,,84.799992806E-9,29.60000038,
,,,85.199992839E-9,560.000002384E-3,,,,,85.199992839E-9,599.999964237E-3,,,,,85.199992839E-9,29.60000038,
,,,85.599992872E-9,719.999969006E-3,,,,,85.599992872E-9,719.999969006E-3,,,,,85.599992872E-9,30.00000000,
,,,85.999992905E-9,799.999952316E-3,,,,,85.999992905E-9,839.999973774E-3,,,,,85.999992905E-9,30.00000000,
,,,86.399992938E-9,799.999952316E-3,,,,,86.399992938E-9,879.999995232E-3,,,,,86.399992938E-9,29.60000038,
,,,86.799992971E-9,719.999969006E-3,,,,,86.799992971E-9,919.999957085E-3,,,,,86.799992971E-9,28.80000114,
,,,87.199993004E-9,680.000007153E-3,,,,,87.199993004E-9,1.000000,,,,,87.199993004E-9,27.60000038,
,,,87.599993037E-9,599.999964237E-3,,,,,87.599993037E-9,1.0799999,,,,,87.599993037E-9,26.39999962,
,,,87.999993070E-9,560.000002384E-3,,,,,87.999993070E-9,1.1600000,,,,,87.999993070E-9,25.20000076,
,,,88.399993103E-9,519.999980927E-3,,,,,88.399993103E-9,1.1600000,,,,,88.399993103E-9,24.39999962,
,,,88.799993136E-9,560.000002384E-3,,,,,88.799993136E-9,1.1600000,,,,,88.799993136E-9,23.20000076,
,,,89.199993170E-9,519.999980927E-3,,,,,89.199993170E-9,1.0799999,,,,,89.199993170E-9,22.80000114,
,,,89.599993203E-9,519.999980927E-3,,,,,89.599993203E-9,1.000000,,,,,89.599993203E-9,22.39999962,
,,,89.999993236E-9,479.999989271E-3,,,,,89.999993236E-9,879.999995232E-3,,,,,89.999993236E-9,21.60000038,
,,,90.399993269E-9,399.99997616E-3,,,,,90.399993269E-9,799.999952316E-3,,,,,90.399993269E-9,20.80000114,
,,,90.799993302E-9,280.00000119E-3,,,,,90.799993302E-9,759.999990463E-3,,,,,90.799993302E-9,19.6000004,
,,,91.199993335E-9,159.99999642E-3,,,,,91.199993335E-9,719.999969006E-3,,,,,91.199993335E-9,18.8000011,
,,,91.599993368E-9,39.99999911E-3,,,,,91.599993368E-9,719.999969006E-3,,,,,91.599993368E-9,18.3999996,
,,,91.999993401E-9,0.0,,,,,91.999993401E-9,719.999969006E-3,,,,,91.999993401E-9,18.0000000,
,,,92.399993434E-9,-39.99999911E-3,,,,,92.399993434E-9,719.999969006E-3,,,,,92.399993434E-9,18.3999996,
,,,92.799993467E-9,0.0,,,,,92.799993467E-9,719.999969006E-3,,,,,92.799993467E-9,18.8000011,
,,,93.199993501E-9,39.99999911E-3,,,,,93.199993501E-9,719.999969006E-3,,,,,93.199993501E-9,19.6000004,
,,,93.599993534E-9,79.999998212E-3,,,,,93.599993534E-9,719.999969006E-3,,,,,93.599993534E-9,20.39999962,
,,,93.999993567E-9,119.9999973E-3,,,,,93.999993567E-9,680.000007153E-3,,,,,93.999993567E-9,21.20000076,
,,,94.399993600E-9,39.99999911E-3,,,,,94.399993600E-9,519.999980927E-3,,,,,94.399993600E-9,22.39999962,
,,,94.799993633E-9,-39.99999911E-3,,,,,94.799993633E-9,359.99998450E-3,,,,,94.799993633E-9,23.60000038,
,,,95.199993666E-9,-159.99999642E-3,,,,,95.199993666E-9,199.99998808E-3,,,,,95.199993666E-9,24.39999962,
,,,95.599993699E-9,-239.99999464E-3,,,,,95.599993699E-9,79.999998212E-3,,,,,95.599993699E-9,25.60000038,
,,,95.999993732E-9,-280.00000119E-3,,,,,95.999993732E-9,79.999998212E-3,,,,,95.999993732E-9,26.39999962,
,,,96.399993765E-9,-319.99999285E-3,,,,,96.399993765E-9,159.99999642E-3,,,,,96.399993765E-9,27.20000076,
,,,96.799993798E-9,-319.99999285E-3,,,,,96.799993798E-9,280.00000119E-3,,,,,96.799993798E-9,28.00000000,
,,,97.199993832E-9,-319.99999285E-3,,,,,97.199993832E-9,359.99998450E-3,,,,,97.199993832E-9,29.20000076,
,,,97.599993865E-9,-319.99999285E-3,,,,,97.599993865E-9,399.99997616E-3,,,,,97.599993865E-9,30.39999962,
,,,97.999993898E-9,-280.00000119E-3,,,,,97.999993898E-9,399.99997616E-3,,,,,97.999993898E-9,31.20000076,
,,,98.399993931E-9,-239.99999464E-3,,,,,98.399993931E-9,359.99998450E-3,,,,,98.399993931E-9,32.00000000,
,,,98.799993964E-9,-119.9999973E-3,,,,,98.799993964E-9,399.99997616E-3,,,,,98.799993964E-9,32.79999924,
,,,99.199993997E-9,0.0,,,,,99.199993997E-9,519.999980927E-3,,,,,99.199993997E-9,33.60000229,
,,,99.599994030E-9,159.99999642E-3,,,,,99.599994030E-9,719.999969006E-3,,,,,99.599994030E-9,34.00000000,
,,,99.999994063E-9,319.99999285E-3,,,,,99.999994063E-9,1.000000,,,,,99.999994063E-9,34.00000000,
,,,100.3999941E-9,439.999997616E-3,,,,,100.3999941E-9,1.1999999,,,,,100.3999941E-9,34.00000000,
,,,100.7999941E-9,560.000002384E-3,,,,,100.7999941E-9,1.4000000,,,,,100.7999941E-9,33.20000076,
,,,101.1999942E-9,639.999985695E-3,,,,,101.1999942E-9,1.5599999,,,,,101.1999942E-9,32.40000153,
,,,101.5999942E-9,680.000007153E-3,,,,,101.5999942E-9,1.6799999,,,,,101.5999942E-9,31.60000038,
,,,101.9999942E-9,680.000007153E-3,,,,,101.9999942E-9,1.7199999,,,,,101.9999942E-9,30.39999962,
,,,102.3999943E-9,599.999964237E-3,,,,,102.3999943E-9,1.6400000,,,,,102.3999943E-9,29.20000076,
,,,102.7999943E-9,560.000002384E-3,,,,,102.7999943E-9,1.5200000,,,,,102.7999943E-9,28.39999962,
,,,103.1999943E-9,479.999989271E-3,,,,,103.1999943E-9,1.3600000,,,,,103.1999943E-9,27.60000038,
,,,103.5999944E-9,439.999997616E-3,,,,,103.5999944E-9,1.1999999,,,,,103.5999944E-9,27.20000076,
,,,103.9999944E-9,399.99997616E-3,,,,,103.9999944E-9,1.0799999,,,,,103.9999944E-9,27.20000076,
,,,104.3999944E-9,359.99998450E-3,,,,,104.3999944E-9,1.0799999,,,,,104.3999944E-9,26.80000114,
,,,104.7999945E-9,319.99999285E-3,,,,,104.7999945E-9,1.0799999,,,,,104.7999945E-9,27.20000076,
,,,105.1999945E-9,280.00000119E-3,,,,,105.1999945E-9,1.000000,,,,,105.1999945E-9,27.20000076,
,,,105.5999945E-9,199.99998808E-3,,,,,105.5999945E-9,879.999995232E-3,,,,,105.5999945E-9,27.60000038,
,,,105.9999946E-9,79.999998212E-3,,,,,105.9999946E-9,680.000007153E-3,,,,,105.9999946E-9,27.60000038,
,,,106.3999946E-9,-119.9999973E-3,,,,,106.3999946E-9,359.99998450E-3,,,,,106.3999946E-9,27.60000038,
,,,106.7999946E-9,-359.99998450E-3,,,,,106.7999946E-9,79.999998212E-3,,,,,106.7999946E-9,27.20000076,
,,,107.1999947E-9,-560.000002384E-3,,,,,107.1999947E-9,-159.99999642E-3,,,,,107.1999947E-9,26.80000114,
,,,107.5999947E-9,-719.999969006E-3,,,,,107.5999947E-9,-280.00000119E-3,,,,,107.5999947E-9,26.00000000,
,,,107.9999947E-9,-799.999952316E-3,,,,,107.9999947E-9,-359.99998450E-3,,,,,107.9999947E-9,25.20000076,
,,,108.3999948E-9,-799.999952316E-3,,,,,108.3999948E-9,-399.99997616E-3,,,,,108.3999948E-9,24.80000114,
,,,108.7999948E-9,-759.999990463E-3,,,,,108.7999948E-9,-399.99997616E-3,,,,,108.7999948E-9,24.00000000,
,,,109.1999948E-9,-639.999985695E-3,,,,,109.1999948E-9,-359.99998450E-3,,,,,109.1999948E-9,24.00000000,
,,,109.5999949E-9,-519.999980927E-3,,,,,109.5999949E-9,-359.99998450E-3,,,,,109.5999949E-9,23.60000038,
,,,109.9999949E-9,-399.99997616E-3,,,,,109.9999949E-9,-280.00000119E-3,,,,,109.9999949E-9,23.60000038,
,,,110.3999949E-9,-319.99999285E-3,,,,,110.3999949E-9,-199.99998808E-3,,,,,110.3999949E-9,23.20000076,
,,,110.7999950E-9,-159.99999642E-3,,,,,110.7999950E-9,-79.999998212E-3,,,,,110.7999950E-9,22.80000114,
,,,111.1999950E-9,0.0,,,,,111.1999950E-9,119.9999973E-3,,,,,111.1999950E-9,22.80000114,
,,,111.5999950E-9,199.99998808E-3,,,,,111.5999950E-9,399.99997616E-3,,,,,111.5999950E-9,22.39999962,
,,,111.9999951E-9,399.99997616E-3,,,,,111.9999951E-9,719.999969006E-3,,,,,111.9999951E-9,22.80000114,
,,,112.3999951E-9,599.999964237E-3,,,,,112.3999951E-9,1.0400000,,,,,112.3999951E-9,23.20000076,
,,,112.7999951E-9,799.999952316E-3,,,,,112.7999951E-9,1.3600000,,,,,112.7999951E-9,24.00000000,
,,,113.1999952E-9,1.000000,,,,,113.1999952E-9,1.6400000,,,,,113.1999952E-9,24.39999962,
,,,113.5999952E-9,1.1200000,,,,,113.5999952E-9,1.8399999,,,,,113.5999952E-9,24.39999962,
,,,113.9999952E-9,1.2400000,,,,,113.9999952E-9,1.9599999,,,,,113.9999952E-9,24.39999962,
,,,114.3999953E-9,1.2800000,,,,,114.3999953E-9,2.0000000,,,,,114.3999953E-9,24.39999962,
,,,114.7999953E-9,1.2400000,,,,,114.7999953E-9,1.9599999,,,,,114.7999953E-9,24.39999962,
,,,115.1999953E-9,1.1999999,,,,,115.1999953E-9,1.9200000,,,,,115.1999953E-9,24.80000114,
,,,115.5999954E-9,1.0799999,,,,,115.5999954E-9,1.8399999,,,,,115.5999954E-9,25.60000038,
,,,115.9999954E-9,959.999978542E-3,,,,,115.9999954E-9,1.7600000,,,,,115.9999954E-9,26.00000000,
,,,116.3999954E-9,719.999969006E-3,,,,,116.3999954E-9,1.6400000,,,,,116.3999954E-9,26.00000000,
,,,116.7999955E-9,479.999989271E-3,,,,,116.7999955E-9,1.4800000,,,,,116.7999955E-9,26.80000114,
,,,117.1999955E-9,199.99998808E-3,,,,,117.1999955E-9,1.2800000,,,,,117.1999955E-9,26.80000114,
,,,117.5999955E-9,-119.9999973E-3,,,,,117.5999955E-9,1.0400000,,,,,117.5999955E-9,27.60000038,
,,,117.9999956E-9,-399.99997616E-3,,,,,117.9999956E-9,799.999952316E-3,,,,,117.9999956E-9,28.00000000,
,,,118.3999956E-9,-639.999985695E-3,,,,,118.3999956E-9,479.999989271E-3,,,,,118.3999956E-9,29.20000076,
,,,118.7999956E-9,-759.999990463E-3,,,,,118.7999956E-9,159.99999642E-3,,,,,118.7999956E-9,30.39999962,
,,,119.1999957E-9,-839.999973774E-3,,,,,119.1999957E-9,-119.9999973E-3,,,,,119.1999957E-9,31.60000038,
,,,119.6000028E-9,-879.999995232E-3,,,,,119.6000028E-9,-280.00000119E-3,,,,,119.6000028E-9,32.40000153,
,,,119.9999957E-9,-839.999973774E-3,,,,,119.9999957E-9,-359.99998450E-3,,,,,119.9999957E-9,32.79999924,
,,,120.4000029E-9,-839.999973774E-3,,,,,120.4000029E-9,-280.00000119E-3,,,,,120.4000029E-9,32.79999924,
,,,120.7999958E-9,-759.999990463E-3,,,,,120.7999958E-9,-159.99999642E-3,,,,,120.7999958E-9,32.79999924,
,,,121.2000029E-9,-719.999969006E-3,,,,,121.2000029E-9,0.0,,,,,121.2000029E-9,32.40000153,
,,,121.5999959E-9,-639.999985695E-3,,,,,121.5999959E-9,119.9999973E-3,,,,,121.5999959E-9,32.40000153,
,,,122.0000030E-9,-519.999980927E-3,,,,,122.0000030E-9,239.99999464E-3,,,,,122.0000030E-9,32.40000153,
,,,122.3999959E-9,-399.99997616E-3,,,,,122.3999959E-9,199.99998808E-3,,,,,122.3999959E-9,32.00000000,
,,,122.8000031E-9,-239.99999464E-3,,,,,122.8000031E-9,239.99999464E-3,,,,,122.8000031E-9,32.00000000,
,,,123.1999960E-9,0.0,,,,,123.1999960E-9,359.99998450E-3,,,,,123.1999960E-9,31.60000038,
,,,123.6000031E-9,280.00000119E-3,,,,,123.6000031E-9,560.000002384E-3,,,,,123.6000031E-9,31.20000076,
,,,123.9999960E-9,560.000002384E-3,,,,,123.9999960E-9,879.999995232E-3,,,,,123.9999960E-9,30.80000114,
,,,124.4000032E-9,799.999952316E-3,,,,,124.4000032E-9,1.2400000,,,,,124.4000032E-9,30.39999962,
,,,124.7999961E-9,1.000000,,,,,124.7999961E-9,1.6400000,,,,,124.7999961E-9,30.39999962,
,,,125.2000033E-9,1.1600000,,,,,125.2000033E-9,1.8800000,,,,,125.2000033E-9,30.39999962,
,,,125.5999962E-9,1.2400000,,,,,125.5999962E-9,2.0000000,,,,,125.5999962E-9,30.39999962,
,,,126.0000033E-9,1.2800000,,,,,126.0000033E-9,2.0000000,,,,,126.0000033E-9,30.80000114,
,,,126.3999962E-9,1.1999999,,,,,126.3999962E-9,1.8800000,,,,,126.3999962E-9,30.39999962,
,,,126.8000034E-9,1.0799999,,,,,126.8000034E-9,1.7600000,,,,,126.8000034E-9,30.00000000,
,,,127.1999963E-9,879.999995232E-3,,,,,127.1999963E-9,1.5999999,,,,,127.1999963E-9,29.20000076,
,,,127.6000035E-9,719.999969006E-3,,,,,127.6000035E-9,1.4800000,,,,,127.6000035E-9,28.39999962,
,,,127.9999964E-9,519.999980927E-3,,,,,127.9999964E-9,1.3199999,,,,,127.9999964E-9,27.20000076,
,,,128.4000035E-9,319.99999285E-3,,,,,128.4000035E-9,1.1200000,,,,,128.4000035E-9,26.80000114,
,,,128.7999964E-9,119.9999973E-3,,,,,128.7999964E-9,919.999957085E-3,,,,,128.7999964E-9,26.00000000,
,,,129.2000036E-9,-79.999998212E-3,,,,,129.2000036E-9,719.999969006E-3,,,,,129.2000036E-9,25.60000038,
,,,129.5999965E-9,-319.99999285E-3,,,,,129.5999965E-9,479.999989271E-3,,,,,129.5999965E-9,25.20000076,
,,,130.0000037E-9,-519.999980927E-3,,,,,130.0000037E-9,239.99999464E-3,,,,,130.0000037E-9,24.39999962,
,,,130.3999966E-9,-719.999969006E-3,,,,,130.3999966E-9,-39.99999911E-3,,,,,130.3999966E-9,23.60000038,
,,,130.8000037E-9,-879.999995232E-3,,,,,130.8000037E-9,-239.99999464E-3,,,,,130.8000037E-9,23.20000076,
,,,131.1999966E-9,-959.999978542E-3,,,,,131.1999966E-9,-359.99998450E-3,,,,,131.1999966E-9,22.80000114,
,,,131.6000038E-9,-1.000000,,,,,131.6000038E-9,-399.99997616E-3,,,,,131.6000038E-9,22.80000114,
,,,131.9999967E-9,-959.999978542E-3,,,,,131.9999967E-9,-280.00000119E-3,,,,,131.9999967E-9,22.80000114,
,,,132.4000038E-9,-879.999995232E-3,,,,,132.4000038E-9,-79.999998212E-3,,,,,132.4000038E-9,22.80000114,
,,,132.7999968E-9,-719.999969006E-3,,,,,132.7999968E-9,159.99999642E-3,,,,,132.7999968E-9,23.20000076,
,,,133.2000039E-9,-519.999980927E-3,,,,,133.2000039E-9,439.999997616E-3,,,,,133.2000039E-9,23.60000038,
,,,133.5999968E-9,-359.99998450E-3,,,,,133.5999968E-9,639.999985695E-3,,,,,133.5999968E-9,24.00000000,
,,,133.9999898E-9,-119.9999973E-3,,,,,133.9999898E-9,839.999973774E-3,,,,,133.9999898E-9,24.39999962,
,,,134.3999969E-9,119.9999973E-3,,,,,134.3999969E-9,879.999995232E-3,,,,,134.3999969E-9,24.39999962,
,,,134.7999898E-9,359.99998450E-3,,,,,134.7999898E-9,919.999957085E-3,,,,,134.7999898E-9,24.39999962,
,,,135.1999970E-9,599.999964237E-3,,,,,135.1999970E-9,1.000000,,,,,135.1999970E-9,24.39999962,
,,,135.5999899E-9,799.999952316E-3,,,,,135.5999899E-9,1.0799999,,,,,135.5999899E-9,25.20000076,
,,,135.9999970E-9,959.999978542E-3,,,,,135.9999970E-9,1.2800000,,,,,135.9999970E-9,25.60000038,
,,,136.3999900E-9,1.000000,,,,,136.3999900E-9,1.5599999,,,,,136.3999900E-9,26.39999962,
,,,136.7999971E-9,1.0400000,,,,,136.7999971E-9,1.8000000,,,,,136.7999971E-9,27.20000076,
,,,137.1999900E-9,1.000000,,,,,137.1999900E-9,2.0400000,,,,,137.1999900E-9,28.39999962,
,,,137.5999972E-9,959.999978542E-3,,,,,137.5999972E-9,2.1599998,,,,,137.5999972E-9,29.60000038,
,,,137.9999901E-9,919.999957085E-3,,,,,137.9999901E-9,2.1599998,,,,,137.9999901E-9,30.80000114,
,,,138.3999972E-9,799.999952316E-3,,,,,138.3999972E-9,2.0000000,,,,,138.3999972E-9,32.00000000,
,,,138.7999902E-9,680.000007153E-3,,,,,138.7999902E-9,1.7600000,,,,,138.7999902E-9,32.79999924,
,,,139.1999973E-9,560.000002384E-3,,,,,139.1999973E-9,1.5200000,,,,,139.1999973E-9,33.60000229,
,,,139.5999902E-9,399.99997616E-3,,,,,139.5999902E-9,1.2800000,,,,,139.5999902E-9,34.00000000,
,,,139.9999974E-9,199.99998808E-3,,,,,139.9999974E-9,1.0400000,,,,,139.9999974E-9,34.00000000,
,,,140.3999903E-9,-39.99999911E-3,,,,,140.3999903E-9,759.999990463E-3,,,,,140.3999903E-9,34.00000000,
,,,140.7999974E-9,-280.00000119E-3,,,,,140.7999974E-9,519.999980927E-3,,,,,140.7999974E-9,33.60000229,
,,,141.1999904E-9,-479.999989271E-3,,,,,141.1999904E-9,239.99999464E-3,,,,,141.1999904E-9,33.20000076,
,,,141.5999975E-9,-719.999969006E-3,,,,,141.5999975E-9,39.99999911E-3,,,,,141.5999975E-9,33.60000229,
,,,141.9999904E-9,-879.999995232E-3,,,,,141.9999904E-9,-159.99999642E-3,,,,,141.9999904E-9,33.20000076,
,,,142.3999976E-9,-1.0400000,,,,,142.3999976E-9,-319.99999285E-3,,,,,142.3999976E-9,33.20000076,
,,,142.7999905E-9,-1.1200000,,,,,142.7999905E-9,-439.999997616E-3,,,,,142.7999905E-9,33.20000076,
,,,143.1999976E-9,-1.1200000,,,,,143.1999976E-9,-479.999989271E-3,,,,,143.1999976E-9,33.20000076,
,,,143.5999906E-9,-1.0400000,,,,,143.5999906E-9,-479.999989271E-3,,,,,143.5999906E-9,32.79999924,
,,,143.9999977E-9,-839.999973774E-3,,,,,143.9999977E-9,-359.99998450E-3,,,,,143.9999977E-9,32.40000153,
,,,144.3999906E-9,-639.999985695E-3,,,,,144.3999906E-9,-159.99999642E-3,,,,,144.3999906E-9,32.00000000,
,,,144.7999978E-9,-359.99998450E-3,,,,,144.7999978E-9,119.9999973E-3,,,,,144.7999978E-9,32.00000000,
,,,145.1999907E-9,-159.99999642E-3,,,,,145.1999907E-9,399.99997616E-3,,,,,145.1999907E-9,31.60000038,
,,,145.5999978E-9,0.0,,,,,145.5999978E-9,719.999969006E-3,,,,,145.5999978E-9,31.20000076,
,,,145.9999908E-9,199.99998808E-3,,,,,145.9999908E-9,1.000000,,,,,145.9999908E-9,30.80000114,
,,,146.3999979E-9,359.99998450E-3,,,,,146.3999979E-9,1.1600000,,,,,146.3999979E-9,30.80000114,
,,,146.7999908E-9,519.999980927E-3,,,,,146.7999908E-9,1.2800000,,,,,146.7999908E-9,30.00000000,
,,,147.1999980E-9,719.999969006E-3,,,,,147.1999980E-9,1.4000000,,,,,147.1999980E-9,29.60000038,
,,,147.5999909E-9,879.999995232E-3,,,,,147.5999909E-9,1.4800000,,,,,147.5999909E-9,29.20000076,
,,,147.9999980E-9,1.0400000,,,,,147.9999980E-9,1.5599999,,,,,147.9999980E-9,28.39999962,
,,,148.3999910E-9,1.1200000,,,,,148.3999910E-9,1.6799999,,,,,148.3999910E-9,27.60000038,
,,,148.79999810E-9,1.1999999,,,,,148.79999810E-9,1.8399999,,,,,148.79999810E-9,26.80000114,
,,,149.19999103E-9,1.1600000,,,,,149.19999103E-9,1.8800000,,,,,149.19999103E-9,26.00000000,
,,,149.59999817E-9,1.0400000,,,,,149.59999817E-9,1.8399999,,,,,149.59999817E-9,24.80000114,
,,,149.99999109E-9,919.999957085E-3,,,,,149.99999109E-9,1.7199999,,,,,149.99999109E-9,23.60000038,
,,,150.39999823E-9,759.999990463E-3,,,,,150.39999823E-9,1.5200000,,,,,150.39999823E-9,23.20000076,
,,,150.79999116E-9,639.999985695E-3,,,,,150.79999116E-9,1.2800000,,,,,150.79999116E-9,22.80000114,
,,,151.19999830E-9,560.000002384E-3,,,,,151.19999830E-9,1.1200000,,,,,151.19999830E-9,22.80000114,
,,,151.59999123E-9,439.999997616E-3,,,,,151.59999123E-9,1.000000,,,,,151.59999123E-9,22.80000114,
,,,151.99999837E-9,359.99998450E-3,,,,,151.99999837E-9,879.999995232E-3,,,,,151.99999837E-9,23.20000076,
,,,152.39999129E-9,159.99999642E-3,,,,,152.39999129E-9,680.000007153E-3,,,,,152.39999129E-9,23.60000038,
,,,152.79999843E-9,-39.99999911E-3,,,,,152.79999843E-9,479.999989271E-3,,,,,152.79999843E-9,23.60000038,
,,,153.19999136E-9,-239.99999464E-3,,,,,153.19999136E-9,239.99999464E-3,,,,,153.19999136E-9,23.60000038,
,,,153.59999850E-9,-439.999997616E-3,,,,,153.59999850E-9,0.0,,,,,153.59999850E-9,24.00000000,
,,,153.99999143E-9,-560.000002384E-3,,,,,153.99999143E-9,-239.99999464E-3,,,,,153.99999143E-9,24.39999962,
,,,154.39999856E-9,-599.999964237E-3,,,,,154.39999856E-9,-439.999997616E-3,,,,,154.39999856E-9,24.80000114,
,,,154.79999149E-9,-599.999964237E-3,,,,,154.79999149E-9,-599.999964237E-3,,,,,154.79999149E-9,25.60000038,
,,,155.19999863E-9,-560.000002384E-3,,,,,155.19999863E-9,-639.999985695E-3,,,,,155.19999863E-9,26.39999962,
,,,155.59999156E-9,-479.999989271E-3,,,,,155.59999156E-9,-560.000002384E-3,,,,,155.59999156E-9,27.20000076,
,,,155.99999870E-9,-359.99998450E-3,,,,,155.99999870E-9,-399.99997616E-3,,,,,155.99999870E-9,28.39999962,
,,,156.39999162E-9,-280.00000119E-3,,,,,156.39999162E-9,-199.99998808E-3,,,,,156.39999162E-9,29.60000038,
,,,156.79999876E-9,-199.99998808E-3,,,,,156.79999876E-9,79.999998212E-3,,,,,156.79999876E-9,31.20000076,
,,,157.19999169E-9,-79.999998212E-3,,,,,157.19999169E-9,399.99997616E-3,,,,,157.19999169E-9,32.40000153,
,,,157.59999883E-9,79.999998212E-3,,,,,157.59999883E-9,719.999969006E-3,,,,,157.59999883E-9,33.60000229,
,,,157.99999176E-9,239.99999464E-3,,,,,157.99999176E-9,1.0400000,,,,,157.99999176E-9,34.79999924,
,,,158.39999890E-9,399.99997616E-3,,,,,158.39999890E-9,1.2800000,,,,,158.39999890E-9,35.20000076,
,,,158.79999182E-9,560.000002384E-3,,,,,158.79999182E-9,1.4399999,,,,,158.79999182E-9,35.60000229,
,,,159.19999896E-9,680.000007153E-3,,,,,159.19999896E-9,1.5599999,,,,,159.19999896E-9,35.60000229,
,,,159.59999189E-9,839.999973774E-3,,,,,159.59999189E-9,1.5999999,,,,,159.59999189E-9,36.00000000,
,,,159.99999903E-9,919.999957085E-3,,,,,159.99999903E-9,1.6400000,,,,,159.99999903E-9,35.60000229,
,,,160.39999196E-9,919.999957085E-3,,,,,160.39999196E-9,1.6400000,,,,,160.39999196E-9,35.60000229,
,,,160.79999909E-9,879.999995232E-3,,,,,160.79999909E-9,1.6799999,,,,,160.79999909E-9,35.60000229,
,,,161.19999202E-9,839.999973774E-3,,,,,161.19999202E-9,1.6799999,,,,,161.19999202E-9,35.20000076,
,,,161.59999916E-9,719.999969006E-3,,,,,161.59999916E-9,1.6799999,,,,,161.59999916E-9,34.79999924,
,,,161.99999209E-9,639.999985695E-3,,,,,161.99999209E-9,1.6400000,,,,,161.99999209E-9,34.40000153,
,,,162.39999923E-9,560.000002384E-3,,,,,162.39999923E-9,1.4800000,,,,,162.39999923E-9,34.40000153,
,,,162.79999215E-9,479.999989271E-3,,,,,162.79999215E-9,1.3199999,,,,,162.79999215E-9,34.00000000,
,,,163.19999929E-9,439.999997616E-3,,,,,163.19999929E-9,1.1200000,,,,,163.19999929E-9,33.60000229,
,,,163.59999222E-9,399.99997616E-3,,,,,163.59999222E-9,919.999957085E-3,,,,,163.59999222E-9,33.20000076,
,,,163.99999936E-9,319.99999285E-3,,,,,163.99999936E-9,719.999969006E-3,,,,,163.99999936E-9,32.40000153,
,,,164.39999229E-9,159.99999642E-3,,,,,164.39999229E-9,599.999964237E-3,,,,,164.39999229E-9,31.20000076,
,,,164.79999942E-9,0.0,,,,,164.79999942E-9,479.999989271E-3,,,,,164.79999942E-9,30.00000000,
,,,165.19999235E-9,-199.99998808E-3,,,,,165.19999235E-9,359.99998450E-3,,,,,165.19999235E-9,28.80000114,
,,,165.59999949E-9,-399.99997616E-3,,,,,165.59999949E-9,239.99999464E-3,,,,,165.59999949E-9,28.00000000,
,,,165.99999242E-9,-560.000002384E-3,,,,,165.99999242E-9,79.999998212E-3,,,,,165.99999242E-9,27.60000038,
,,,166.39999956E-9,-680.000007153E-3,,,,,166.39999956E-9,-159.99999642E-3,,,,,166.39999956E-9,27.60000038,
,,,166.79999248E-9,-719.999969006E-3,,,,,166.79999248E-9,-359.99998450E-3,,,,,166.79999248E-9,27.20000076,
,,,167.19999962E-9,-719.999969006E-3,,,,,167.19999962E-9,-519.999980927E-3,,,,,167.19999962E-9,27.60000038,
,,,167.59999255E-9,-680.000007153E-3,,,,,167.59999255E-9,-560.000002384E-3,,,,,167.59999255E-9,27.60000038,
,,,167.99999969E-9,-599.999964237E-3,,,,,167.99999969E-9,-479.999989271E-3,,,,,167.99999969E-9,28.00000000,
,,,168.39999262E-9,-639.999985695E-3,,,,,168.39999262E-9,-359.99998450E-3,,,,,168.39999262E-9,27.60000038,
,,,168.79999976E-9,-639.999985695E-3,,,,,168.79999976E-9,-159.99999642E-3,,,,,168.79999976E-9,27.60000038,
,,,169.19999268E-9,-599.999964237E-3,,,,,169.19999268E-9,39.99999911E-3,,,,,169.19999268E-9,27.20000076,
,,,169.59999982E-9,-479.999989271E-3,,,,,169.59999982E-9,280.00000119E-3,,,,,169.59999982E-9,26.80000114,
,,,169.99999275E-9,-280.00000119E-3,,,,,169.99999275E-9,560.000002384E-3,,,,,169.99999275E-9,26.39999962,
,,,170.39999989E-9,-39.99999911E-3,,,,,170.39999989E-9,799.999952316E-3,,,,,170.39999989E-9,26.39999962,
,,,170.79999282E-9,239.99999464E-3,,,,,170.79999282E-9,1.000000,,,,,170.79999282E-9,26.80000114,
,,,171.19999995E-9,479.999989271E-3,,,,,171.19999995E-9,1.1600000,,,,,171.19999995E-9,26.80000114,
,,,171.59999288E-9,680.000007153E-3,,,,,171.59999288E-9,1.2800000,,,,,171.59999288E-9,26.80000114,
,,,172.00000002E-9,839.999973774E-3,,,,,172.00000002E-9,1.3600000,,,,,172.00000002E-9,26.80000114,
,,,172.39999295E-9,879.999995232E-3,,,,,172.39999295E-9,1.3600000,,,,,172.39999295E-9,26.39999962,
,,,172.80000009E-9,919.999957085E-3,,,,,172.80000009E-9,1.3600000,,,,,172.80000009E-9,26.80000114,
,,,173.19999301E-9,959.999978542E-3,,,,,173.19999301E-9,1.4399999,,,,,173.19999301E-9,26.80000114,
,,,173.60000015E-9,1.0400000,,,,,173.60000015E-9,1.4800000,,,,,173.60000015E-9,27.20000076,
,,,173.99999308E-9,1.1200000,,,,,173.99999308E-9,1.5599999,,,,,173.99999308E-9,27.60000038,
,,,174.40000022E-9,1.1600000,,,,,174.40000022E-9,1.5599999,,,,,174.40000022E-9,28.00000000,
,,,174.79999315E-9,1.1600000,,,,,174.79999315E-9,1.5200000,,,,,174.79999315E-9,28.80000114,
,,,175.20000029E-9,1.0799999,,,,,175.20000029E-9,1.4000000,,,,,175.20000029E-9,29.20000076,
,,,175.59999321E-9,919.999957085E-3,,,,,175.59999321E-9,1.2800000,,,,,175.59999321E-9,30.00000000,
,,,176.00000035E-9,759.999990463E-3,,,,,176.00000035E-9,1.1200000,,,,,176.00000035E-9,30.39999962,
,,,176.39999328E-9,560.000002384E-3,,,,,176.39999328E-9,919.999957085E-3,,,,,176.39999328E-9,30.80000114,
,,,176.80000042E-9,319.99999285E-3,,,,,176.80000042E-9,680.000007153E-3,,,,,176.80000042E-9,31.20000076,
,,,177.19999335E-9,119.9999973E-3,,,,,177.19999335E-9,399.99997616E-3,,,,,177.19999335E-9,31.60000038,
,,,177.60000048E-9,-79.999998212E-3,,,,,177.60000048E-9,79.999998212E-3,,,,,177.60000048E-9,31.60000038,
,,,177.99999341E-9,-239.99999464E-3,,,,,177.99999341E-9,-159.99999642E-3,,,,,177.99999341E-9,32.00000000,
,,,178.40000055E-9,-439.999997616E-3,,,,,178.40000055E-9,-359.99998450E-3,,,,,178.40000055E-9,32.40000153,
,,,178.79999348E-9,-599.999964237E-3,,,,,178.79999348E-9,-479.999989271E-3,,,,,178.79999348E-9,32.79999924,
,,,179.20000062E-9,-719.999969006E-3,,,,,179.20000062E-9,-479.999989271E-3,,,,,179.20000062E-9,32.79999924,
,,,179.59999354E-9,-839.999973774E-3,,,,,179.59999354E-9,-399.99997616E-3,,,,,179.59999354E-9,32.79999924,
,,,180.00000068E-9,-919.999957085E-3,,,,,180.00000068E-9,-319.99999285E-3,,,,,180.00000068E-9,33.20000076,
,,,180.39999361E-9,-1.000000,,,,,180.39999361E-9,-359.99998450E-3,,,,,180.39999361E-9,33.60000229,
,,,180.80000075E-9,-1.0400000,,,,,180.80000075E-9,-359.99998450E-3,,,,,180.80000075E-9,34.00000000,
,,,181.19999368E-9,-1.000000,,,,,181.19999368E-9,-280.00000119E-3,,,,,181.19999368E-9,34.40000153,
,,,181.60000081E-9,-959.999978542E-3,,,,,181.60000081E-9,-119.9999973E-3,,,,,181.60000081E-9,34.79999924,
,,,181.99999374E-9,-799.999952316E-3,,,,,181.99999374E-9,119.9999973E-3,,,,,181.99999374E-9,34.79999924,
,,,182.40000088E-9,-599.999964237E-3,,,,,182.40000088E-9,479.999989271E-3,,,,,182.40000088E-9,34.40000153,
,,,182.79999381E-9,-359.99998450E-3,,,,,182.79999381E-9,919.999957085E-3,,,,,182.79999381E-9,34.00000000,
,,,183.20000095E-9,-39.99999911E-3,,,,,183.20000095E-9,1.2800000,,,,,183.20000095E-9,33.60000229,
,,,183.59999387E-9,319.99999285E-3,,,,,183.59999387E-9,1.5599999,,,,,183.59999387E-9,33.20000076,
,,,184.00000101E-9,639.999985695E-3,,,,,184.00000101E-9,1.8000000,,,,,184.00000101E-9,32.79999924,
,,,184.39999394E-9,839.999973774E-3,,,,,184.39999394E-9,1.8800000,,,,,184.39999394E-9,32.00000000,
,,,184.80000108E-9,1.000000,,,,,184.80000108E-9,1.9599999,,,,,184.80000108E-9,31.20000076,
,,,185.19999401E-9,1.0400000,,,,,185.19999401E-9,1.9599999,,,,,185.19999401E-9,30.80000114,
,,,185.60000115E-9,1.0799999,,,,,185.60000115E-9,1.9200000,,,,,185.60000115E-9,30.00000000,
,,,185.99999407E-9,1.0799999,,,,,185.99999407E-9,1.9200000,,,,,185.99999407E-9,29.60000038,
,,,186.40000121E-9,1.0799999,,,,,186.40000121E-9,1.8800000,,,,,186.40000121E-9,29.20000076,
,,,186.79999414E-9,1.1200000,,,,,186.79999414E-9,1.8399999,,,,,186.79999414E-9,29.20000076,
,,,187.20000128E-9,1.0799999,,,,,187.20000128E-9,1.8000000,,,,,187.20000128E-9,29.60000038,
,,,187.59999421E-9,1.0400000,,,,,187.59999421E-9,1.7199999,,,,,187.59999421E-9,29.60000038,
,,,188.00000134E-9,959.999978542E-3,,,,,188.00000134E-9,1.5999999,,,,,188.00000134E-9,29.60000038,
,,,188.39999427E-9,759.999990463E-3,,,,,188.39999427E-9,1.4000000,,,,,188.39999427E-9,30.00000000,
,,,188.80000141E-9,560.000002384E-3,,,,,188.80000141E-9,1.1200000,,,,,188.80000141E-9,29.60000038,
,,,189.19999434E-9,319.99999285E-3,,,,,189.19999434E-9,719.999969006E-3,,,,,189.19999434E-9,29.60000038,
,,,189.60000148E-9,79.999998212E-3,,,,,189.60000148E-9,280.00000119E-3,,,,,189.60000148E-9,29.20000076,
,,,189.99999440E-9,-119.9999973E-3,,,,,189.99999440E-9,-119.9999973E-3,,,,,189.99999440E-9,28.80000114,
,,,190.40000154E-9,-319.99999285E-3,,,,,190.40000154E-9,-479.999989271E-3,,,,,190.40000154E-9,28.39999962,
,,,190.79999447E-9,-479.999989271E-3,,,,,190.79999447E-9,-719.999969006E-3,,,,,190.79999447E-9,28.00000000,
,,,191.20000161E-9,-599.999964237E-3,,,,,191.20000161E-9,-879.999995232E-3,,,,,191.20000161E-9,28.00000000,
,,,191.59999454E-9,-759.999990463E-3,,,,,191.59999454E-9,-879.999995232E-3,,,,,191.59999454E-9,28.00000000,
,,,192.00000168E-9,-839.999973774E-3,,,,,192.00000168E-9,-839.999973774E-3,,,,,192.00000168E-9,28.00000000,
,,,192.39999460E-9,-879.999995232E-3,,,,,192.39999460E-9,-839.999973774E-3,,,,,192.39999460E-9,28.39999962,
,,,192.80000174E-9,-839.999973774E-3,,,,,192.80000174E-9,-799.999952316E-3,,,,,192.80000174E-9,28.80000114,
,,,193.19999467E-9,-719.999969006E-3,,,,,193.19999467E-9,-759.999990463E-3,,,,,193.19999467E-9,29.20000076,
,,,193.60000181E-9,-560.000002384E-3,,,,,193.60000181E-9,-680.000007153E-3,,,,,193.60000181E-9,29.60000038,
,,,193.99999474E-9,-319.99999285E-3,,,,,193.99999474E-9,-479.999989271E-3,,,,,193.99999474E-9,30.00000000,
,,,194.40000187E-9,-119.9999973E-3,,,,,194.40000187E-9,-159.99999642E-3,,,,,194.40000187E-9,30.80000114,
,,,194.79999480E-9,159.99999642E-3,,,,,194.79999480E-9,239.99999464E-3,,,,,194.79999480E-9,31.20000076,
,,,195.20000194E-9,359.99998450E-3,,,,,195.20000194E-9,680.000007153E-3,,,,,195.20000194E-9,31.60000038,
,,,195.59999487E-9,599.999964237E-3,,,,,195.59999487E-9,1.0400000,,,,,195.59999487E-9,32.00000000,
,,,196.00000201E-9,799.999952316E-3,,,,,196.00000201E-9,1.3199999,,,,,196.00000201E-9,32.00000000,
,,,196.39999493E-9,959.999978542E-3,,,,,196.39999493E-9,1.4000000,,,,,196.39999493E-9,32.00000000,
,,,196.80000207E-9,1.0799999,,,,,196.80000207E-9,1.4000000,,,,,196.80000207E-9,31.60000038,
,,,197.19999500E-9,1.1600000,,,,,197.19999500E-9,1.4000000,,,,,197.19999500E-9,31.60000038,
,,,197.60000214E-9,1.1999999,,,,,197.60000214E-9,1.4800000,,,,,197.60000214E-9,31.60000038,
,,,197.99999507E-9,1.1600000,,,,,197.99999507E-9,1.5599999,,,,,197.99999507E-9,31.60000038,
,,,198.40000220E-9,1.0799999,,,,,198.40000220E-9,1.6799999,,,,,198.40000220E-9,32.00000000,
,,,198.79999513E-9,919.999957085E-3,,,,,198.79999513E-9,1.8000000,,,,,198.79999513E-9,32.79999924,
,,,199.20000227E-9,799.999952316E-3,,,,,199.20000227E-9,1.8800000,,,,,199.20000227E-9,33.20000076,
,,,199.59999520E-9,639.999985695E-3,,,,,199.59999520E-9,1.8800000,,,,,199.59999520E-9,33.20000076,
,,,200.00000234E-9,479.999989271E-3,,,,,200.00000234E-9,1.8399999,,,,,200.00000234E-9,33.60000229,
,,,200.39999526E-9,239.99999464E-3,,,,,200.39999526E-9,1.6400000,,,,,200.39999526E-9,33.60000229,
,,,200.80000240E-9,0.0,,,,,200.80000240E-9,1.4399999,,,,,200.80000240E-9,33.60000229,
,,,201.19999533E-9,-280.00000119E-3,,,,,201.19999533E-9,1.1600000,,,,,201.19999533E-9,33.20000076,
,,,201.60000247E-9,-560.000002384E-3,,,,,201.60000247E-9,919.999957085E-3,,,,,201.60000247E-9,32.79999924,
,,,201.99999540E-9,-759.999990463E-3,,,,,201.99999540E-9,680.000007153E-3,,,,,201.99999540E-9,32.40000153,
,,,202.40000254E-9,-919.999957085E-3,,,,,202.40000254E-9,519.999980927E-3,,,,,202.40000254E-9,32.00000000,
,,,202.79999546E-9,-1.0400000,,,,,202.79999546E-9,399.99997616E-3,,,,,202.79999546E-9,31.60000038,
,,,203.20000260E-9,-1.0799999,,,,,203.20000260E-9,359.99998450E-3,,,,,203.20000260E-9,31.60000038,
,,,203.59999553E-9,-1.0799999,,,,,203.59999553E-9,359.99998450E-3,,,,,203.59999553E-9,31.20000076,
,,,204.00000267E-9,-1.0400000,,,,,204.00000267E-9,359.99998450E-3,,,,,204.00000267E-9,30.80000114,
,,,204.39999560E-9,-1.0799999,,,,,204.39999560E-9,319.99999285E-3,,,,,204.39999560E-9,30.39999962,
,,,204.80000273E-9,-1.0400000,,,,,204.80000273E-9,319.99999285E-3,,,,,204.80000273E-9,30.39999962,
,,,205.19999566E-9,-959.999978542E-3,,,,,205.19999566E-9,319.99999285E-3,,,,,205.19999566E-9,30.39999962,
,,,205.60000280E-9,-799.999952316E-3,,,,,205.60000280E-9,359.99998450E-3,,,,,205.60000280E-9,30.39999962,
,,,205.99999573E-9,-560.000002384E-3,,,,,205.99999573E-9,479.999989271E-3,,,,,205.99999573E-9,30.80000114,
,,,206.40000287E-9,-239.99999464E-3,,,,,206.40000287E-9,680.000007153E-3,,,,,206.40000287E-9,30.80000114,
,,,206.79999579E-9,79.999998212E-3,,,,,206.79999579E-9,879.999995232E-3,,,,,206.79999579E-9,31.20000076,
,,,207.20000293E-9,399.99997616E-3,,,,,207.20000293E-9,1.0799999,,,,,207.20000293E-9,31.20000076,
,,,207.59999586E-9,639.999985695E-3,,,,,207.59999586E-9,1.1999999,,,,,207.59999586E-9,31.60000038,
,,,208.00000300E-9,839.999973774E-3,,,,,208.00000300E-9,1.2400000,,,,,208.00000300E-9,31.60000038,
,,,208.39999593E-9,919.999957085E-3,,,,,208.39999593E-9,1.1600000,,,,,208.39999593E-9,32.00000000,
,,,208.80000307E-9,1.000000,,,,,208.80000307E-9,1.000000,,,,,208.80000307E-9,32.00000000,
,,,209.19999599E-9,1.0400000,,,,,209.19999599E-9,879.999995232E-3,,,,,209.19999599E-9,32.40000153,
,,,209.60000313E-9,1.0799999,,,,,209.60000313E-9,839.999973774E-3,,,,,209.60000313E-9,32.79999924,
,,,209.99999606E-9,1.1200000,,,,,209.99999606E-9,799.999952316E-3,,,,,209.99999606E-9,32.79999924,
,,,210.40000320E-9,1.0799999,,,,,210.40000320E-9,839.999973774E-3,,,,,210.40000320E-9,32.79999924,
,,,210.79999613E-9,1.000000,,,,,210.79999613E-9,879.999995232E-3,,,,,210.79999613E-9,32.40000153,
,,,211.20000326E-9,839.999973774E-3,,,,,211.20000326E-9,879.999995232E-3,,,,,211.20000326E-9,32.00000000,
,,,211.59999619E-9,639.999985695E-3,,,,,211.59999619E-9,759.999990463E-3,,,,,211.59999619E-9,31.60000038,
,,,212.00000333E-9,399.99997616E-3,,,,,212.00000333E-9,560.000002384E-3,,,,,212.00000333E-9,31.20000076,
,,,212.39999626E-9,159.99999642E-3,,,,,212.39999626E-9,199.99998808E-3,,,,,212.39999626E-9,31.20000076,
,,,212.80000340E-9,0.0,,,,,212.80000340E-9,-119.9999973E-3,,,,,212.80000340E-9,31.20000076,
,,,213.19999632E-9,-159.99999642E-3,,,,,213.19999632E-9,-359.99998450E-3,,,,,213.19999632E-9,30.80000114,
,,,213.60000346E-9,-239.99999464E-3,,,,,213.60000346E-9,-479.999989271E-3,,,,,213.60000346E-9,30.39999962,
,,,213.99999639E-9,-319.99999285E-3,,,,,213.99999639E-9,-439.999997616E-3,,,,,213.99999639E-9,30.00000000,
,,,214.40000353E-9,-399.99997616E-3,,,,,214.40000353E-9,-319.99999285E-3,,,,,214.40000353E-9,30.00000000,
,,,214.79999646E-9,-479.999989271E-3,,,,,214.79999646E-9,-79.999998212E-3,,,,,214.79999646E-9,29.60000038,
,,,215.20000359E-9,-519.999980927E-3,,,,,215.20000359E-9,119.9999973E-3,,,,,215.20000359E-9,29.60000038,
,,,215.59999652E-9,-519.999980927E-3,,,,,215.59999652E-9,239.99999464E-3,,,,,215.59999652E-9,29.60000038,
,,,216.00000366E-9,-479.999989271E-3,,,,,216.00000366E-9,439.999997616E-3,,,,,216.00000366E-9,29.60000038,
,,,216.39999659E-9,-479.999989271E-3,,,,,216.39999659E-9,639.999985695E-3,,,,,216.39999659E-9,29.60000038,
,,,216.80000373E-9,-399.99997616E-3,,,,,216.80000373E-9,879.999995232E-3,,,,,216.80000373E-9,29.60000038,
,,,217.19999665E-9,-319.99999285E-3,,,,,217.19999665E-9,1.1600000,,,,,217.19999665E-9,29.20000076,
,,,217.60000379E-9,-199.99998808E-3,,,,,217.60000379E-9,1.4800000,,,,,217.60000379E-9,28.80000114,
,,,217.99999672E-9,-39.99999911E-3,,,,,217.99999672E-9,1.7600000,,,,,217.99999672E-9,28.80000114,
,,,218.40000386E-9,159.99999642E-3,,,,,218.40000386E-9,1.9200000,,,,,218.40000386E-9,28.80000114,
,,,218.79999679E-9,359.99998450E-3,,,,,218.79999679E-9,2.0799999,,,,,218.79999679E-9,29.20000076,
,,,219.20000393E-9,560.000002384E-3,,,,,219.20000393E-9,2.2400000,,,,,219.20000393E-9,29.60000038,
,,,219.59999685E-9,680.000007153E-3,,,,,219.59999685E-9,2.3999999,,,,,219.59999685E-9,30.39999962,
,,,220.00000399E-9,759.999990463E-3,,,,,220.00000399E-9,2.4800000,,,,,220.00000399E-9,30.80000114,
,,,220.39999692E-9,680.000007153E-3,,,,,220.39999692E-9,2.3999999,,,,,220.39999692E-9,31.20000076,
,,,220.80000406E-9,599.999964237E-3,,,,,220.80000406E-9,2.2800000,,,,,220.80000406E-9,31.20000076,
,,,221.19999699E-9,519.999980927E-3,,,,,221.19999699E-9,2.0799999,,,,,221.19999699E-9,31.20000076,
,,,221.60000412E-9,479.999989271E-3,,,,,221.60000412E-9,1.8000000,,,,,221.60000412E-9,31.20000076,
,,,221.99999705E-9,439.999997616E-3,,,,,221.99999705E-9,1.5999999,,,,,221.99999705E-9,31.20000076,
,,,222.40000419E-9,399.99997616E-3,,,,,222.40000419E-9,1.5200000,,,,,222.40000419E-9,31.60000038,
,,,222.79999712E-9,359.99998450E-3,,,,,222.79999712E-9,1.4800000,,,,,222.79999712E-9,32.00000000,
,,,223.20000426E-9,280.00000119E-3,,,,,223.20000426E-9,1.3600000,,,,,223.20000426E-9,32.40000153,
,,,223.59999718E-9,159.99999642E-3,,,,,223.59999718E-9,1.1600000,,,,,223.59999718E-9,33.20000076,
,,,224.00000432E-9,0.0,,,,,224.00000432E-9,839.999973774E-3,,,,,224.00000432E-9,33.60000229,
,,,224.39999725E-9,-199.99998808E-3,,,,,224.39999725E-9,319.99999285E-3,,,,,224.39999725E-9,33.60000229,
,,,224.80000439E-9,-359.99998450E-3,,,,,224.80000439E-9,-159.99999642E-3,,,,,224.80000439E-9,34.00000000,
,,,225.19999732E-9,-439.999997616E-3,,,,,225.19999732E-9,-599.999964237E-3,,,,,225.19999732E-9,34.40000153,
,,,225.60000446E-9,-519.999980927E-3,,,,,225.60000446E-9,-839.999973774E-3,,,,,225.60000446E-9,34.40000153,
,,,225.99999738E-9,-479.999989271E-3,,,,,225.99999738E-9,-959.999978542E-3,,,,,225.99999738E-9,34.79999924,
,,,226.40000452E-9,-439.999997616E-3,,,,,226.40000452E-9,-1.000000,,,,,226.40000452E-9,35.60000229,
,,,226.79999745E-9,-319.99999285E-3,,,,,226.79999745E-9,-959.999978542E-3,,,,,226.79999745E-9,35.60000229,
,,,227.20000459E-9,-280.00000119E-3,,,,,227.20000459E-9,-919.999957085E-3,,,,,227.20000459E-9,36.00000000,
,,,227.59999752E-9,-280.00000119E-3,,,,,227.59999752E-9,-839.999973774E-3,,,,,227.59999752E-9,35.60000229,
,,,228.00000465E-9,-239.99999464E-3,,,,,228.00000465E-9,-680.000007153E-3,,,,,228.00000465E-9,35.20000076,
,,,228.39999758E-9,-159.99999642E-3,,,,,228.39999758E-9,-519.999980927E-3,,,,,228.39999758E-9,34.79999924,
,,,228.80000472E-9,-39.99999911E-3,,,,,228.80000472E-9,-280.00000119E-3,,,,,228.80000472E-9,34.40000153,
,,,229.19999765E-9,119.9999973E-3,,,,,229.19999765E-9,-79.999998212E-3,,,,,229.19999765E-9,34.40000153,
,,,229.60000479E-9,359.99998450E-3,,,,,229.60000479E-9,119.9999973E-3,,,,,229.60000479E-9,34.00000000,
,,,229.99999771E-9,599.999964237E-3,,,,,229.99999771E-9,359.99998450E-3,,,,,229.99999771E-9,33.60000229,
,,,230.40000485E-9,680.000007153E-3,,,,,230.40000485E-9,639.999985695E-3,,,,,230.40000485E-9,32.79999924,
,,,230.79999778E-9,759.999990463E-3,,,,,230.79999778E-9,1.000000,,,,,230.79999778E-9,32.00000000,
,,,231.20000492E-9,799.999952316E-3,,,,,231.20000492E-9,1.4000000,,,,,231.20000492E-9,30.80000114,
,,,231.59999785E-9,839.999973774E-3,,,,,231.59999785E-9,1.7600000,,,,,231.59999785E-9,29.20000076,
,,,232.00000498E-9,839.999973774E-3,,,,,232.00000498E-9,2.0400000,,,,,232.00000498E-9,28.39999962,
,,,232.39999791E-9,839.999973774E-3,,,,,232.39999791E-9,2.0000000,,,,,232.39999791E-9,28.00000000,
,,,232.80000505E-9,839.999973774E-3,,,,,232.80000505E-9,1.8399999,,,,,232.80000505E-9,27.60000038,
,,,233.19999798E-9,799.999952316E-3,,,,,233.19999798E-9,1.6400000,,,,,233.19999798E-9,27.60000038,
,,,233.60000512E-9,719.999969006E-3,,,,,233.60000512E-9,1.4800000,,,,,233.60000512E-9,27.60000038,
,,,233.99999804E-9,639.999985695E-3,,,,,233.99999804E-9,1.4800000,,,,,233.99999804E-9,27.60000038,
,,,234.40000518E-9,479.999989271E-3,,,,,234.40000518E-9,1.7199999,,,,,234.40000518E-9,26.80000114,
,,,234.79999811E-9,319.99999285E-3,,,,,234.79999811E-9,2.0400000,,,,,234.79999811E-9,26.39999962,
,,,235.20000525E-9,199.99998808E-3,,,,,235.20000525E-9,2.2800000,,,,,235.20000525E-9,26.00000000,
,,,235.59999818E-9,119.9999973E-3,,,,,235.59999818E-9,2.3199999,,,,,235.59999818E-9,26.00000000,
,,,236.00000532E-9,39.99999911E-3,,,,,236.00000532E-9,2.2000000,,,,,236.00000532E-9,26.39999962,
,,,236.39999824E-9,-79.999998212E-3,,,,,236.39999824E-9,1.8000000,,,,,236.39999824E-9,27.20000076,
,,,236.79999117E-9,-199.99998808E-3,,,,,236.79999117E-9,1.3199999,,,,,236.79999117E-9,28.00000000,
,,,237.19999831E-9,-319.99999285E-3,,,,,237.19999831E-9,879.999995232E-3,,,,,237.19999831E-9,28.00000000,
,,,237.59999124E-9,-479.999989271E-3,,,,,237.59999124E-9,599.999964237E-3,,,,,237.59999124E-9,27.60000038,
,,,237.99999838E-9,-560.000002384E-3,,,,,237.99999838E-9,399.99997616E-3,,,,,237.99999838E-9,27.20000076,
,,,238.39999130E-9,-599.999964237E-3,,,,,238.39999130E-9,280.00000119E-3,,,,,238.39999130E-9,26.80000114,
,,,238.79999844E-9,-560.000002384E-3,,,,,238.79999844E-9,280.00000119E-3,,,,,238.79999844E-9,27.60000038,
,,,239.20000558E-9,-439.999997616E-3,,,,,239.20000558E-9,239.99999464E-3,,,,,239.20000558E-9,28.39999962,
,,,239.59998430E-9,-280.00000119E-3,,,,,239.59998430E-9,239.99999464E-3,,,,,239.59998430E-9,29.60000038,
,,,239.99999144E-9,-119.9999973E-3,,,,,239.99999144E-9,239.99999464E-3,,,,,239.99999144E-9,31.20000076,
,,,240.39999857E-9,-39.99999911E-3,,,,,240.39999857E-9,280.00000119E-3,,,,,240.39999857E-9,32.00000000,
,,,240.80000571E-9,39.99999911E-3,,,,,240.80000571E-9,319.99999285E-3,,,,,240.80000571E-9,33.20000076,
,,,241.19998443E-9,79.999998212E-3,,,,,241.19998443E-9,319.99999285E-3,,,,,241.19998443E-9,33.60000229,
,,,241.59999157E-9,159.99999642E-3,,,,,241.59999157E-9,239.99999464E-3,,,,,241.59999157E-9,34.00000000,
,,,241.99999871E-9,239.99999464E-3,,,,,241.99999871E-9,159.99999642E-3,,,,,241.99999871E-9,34.40000153,
,,,242.40000585E-9,359.99998450E-3,,,,,242.40000585E-9,39.99999911E-3,,,,,242.40000585E-9,35.20000076,
,,,242.79998456E-9,479.999989271E-3,,,,,242.79998456E-9,-39.99999911E-3,,,,,242.79998456E-9,35.60000229,
,,,243.19999170E-9,519.999980927E-3,,,,,243.19999170E-9,0.0,,,,,243.19999170E-9,36.00000000,
,,,243.59999884E-9,519.999980927E-3,,,,,243.59999884E-9,159.99999642E-3,,,,,243.59999884E-9,36.40000153,
,,,244.00000598E-9,479.999989271E-3,,,,,244.00000598E-9,280.00000119E-3,,,,,244.00000598E-9,36.40000153,
,,,244.39998469E-9,359.99998450E-3,,,,,244.39998469E-9,239.99999464E-3,,,,,244.39998469E-9,36.40000153,
,,,244.79999183E-9,280.00000119E-3,,,,,244.79999183E-9,159.99999642E-3,,,,,244.79999183E-9,36.40000153,
,,,245.19999897E-9,199.99998808E-3,,,,,245.19999897E-9,-79.999998212E-3,,,,,245.19999897E-9,36.40000153,
,,,245.60000611E-9,159.99999642E-3,,,,,245.60000611E-9,-319.99999285E-3,,,,,245.60000611E-9,36.40000153,
,,,245.99998483E-9,159.99999642E-3,,,,,245.99998483E-9,-439.999997616E-3,,,,,245.99998483E-9,36.40000153,
,,,246.39999197E-9,119.9999973E-3,,,,,246.39999197E-9,-280.00000119E-3,,,,,246.39999197E-9,36.40000153,
,,,246.79999910E-9,79.999998212E-3,,,,,246.79999910E-9,0.0,,,,,246.79999910E-9,36.00000000,
,,,247.20000624E-9,39.99999911E-3,,,,,247.20000624E-9,399.99997616E-3,,,,,247.20000624E-9,35.60000229,
,,,247.59998496E-9,39.99999911E-3,,,,,247.59998496E-9,799.999952316E-3,,,,,247.59998496E-9,34.79999924,
,,,247.99999210E-9,39.99999911E-3,,,,,247.99999210E-9,1.0799999,,,,,247.99999210E-9,33.60000229,
,,,248.39999924E-9,79.999998212E-3,,,,,248.39999924E-9,1.000000,,,,,248.39999924E-9,32.00000000,
,,,248.80000637E-9,79.999998212E-3,,,,,248.80000637E-9,839.999973774E-3,,,,,248.80000637E-9,30.80000114,
,,,249.19998509E-9,79.999998212E-3,,,,,249.19998509E-9,639.999985695E-3,,,,,249.19998509E-9,30.00000000,
,,,249.59999223E-9,39.99999911E-3,,,,,249.59999223E-9,519.999980927E-3,,,,,249.59999223E-9,29.20000076,
,,,249.99999937E-9,0.0,,,,,249.99999937E-9,439.999997616E-3,,,,,249.99999937E-9,28.80000114,
,,,250.40000651E-9,-79.999998212E-3,,,,,250.40000651E-9,519.999980927E-3,,,,,250.40000651E-9,27.60000038,
,,,250.79998522E-9,-79.999998212E-3,,,,,250.79998522E-9,680.000007153E-3,,,,,250.79998522E-9,26.80000114,
,,,251.19999236E-9,-79.999998212E-3,,,,,251.19999236E-9,879.999995232E-3,,,,,251.19999236E-9,25.60000038,
,,,251.59999950E-9,-39.99999911E-3,,,,,251.59999950E-9,1.0400000,,,,,251.59999950E-9,24.80000114,
,,,252.00000664E-9,79.999998212E-3,,,,,252.00000664E-9,1.2400000,,,,,252.00000664E-9,24.00000000,
,,,252.39998536E-9,159.99999642E-3,,,,,252.39998536E-9,1.3600000,,,,,252.39998536E-9,23.60000038,
,,,252.79999250E-9,280.00000119E-3,,,,,252.79999250E-9,1.4399999,,,,,252.79999250E-9,23.60000038,
,,,253.19999963E-9,399.99997616E-3,,,,,253.19999963E-9,1.4399999,,,,,253.19999963E-9,24.00000000,
,,,253.60000677E-9,479.999989271E-3,,,,,253.60000677E-9,1.4000000,,,,,253.60000677E-9,24.00000000,
,,,253.99998549E-9,519.999980927E-3,,,,,253.99998549E-9,1.2800000,,,,,253.99998549E-9,24.39999962,
,,,254.39999263E-9,479.999989271E-3,,,,,254.39999263E-9,1.0799999,,,,,254.39999263E-9,24.39999962,
,,,254.79999977E-9,439.999997616E-3,,,,,254.79999977E-9,919.999957085E-3,,,,,254.79999977E-9,24.39999962,
,,,255.20000690E-9,399.99997616E-3,,,,,255.20000690E-9,839.999973774E-3,,,,,255.20000690E-9,25.20000076,
,,,255.59998562E-9,359.99998450E-3,,,,,255.59998562E-9,839.999973774E-3,,,,,255.59998562E-9,25.60000038,
,,,255.99999276E-9,319.99999285E-3,,,,,255.99999276E-9,799.999952316E-3,,,,,255.99999276E-9,26.39999962,
,,,256.39999990E-9,239.99999464E-3,,,,,256.39999990E-9,639.999985695E-3,,,,,256.39999990E-9,27.60000038,
,,,256.80000704E-9,119.9999973E-3,,,,,256.80000704E-9,399.99997616E-3,,,,,256.80000704E-9,28.39999962,
,,,257.19998575E-9,0.0,,,,,257.19998575E-9,79.999998212E-3,,,,,257.19998575E-9,29.60000038,
,,,257.59999289E-9,-159.99999642E-3,,,,,257.59999289E-9,-280.00000119E-3,,,,,257.59999289E-9,30.39999962,
,,,258.00000003E-9,-280.00000119E-3,,,,,258.00000003E-9,-599.999964237E-3,,,,,258.00000003E-9,31.20000076,
,,,258.40000717E-9,-359.99998450E-3,,,,,258.40000717E-9,-759.999990463E-3,,,,,258.40000717E-9,32.00000000,
,,,258.79998589E-9,-399.99997616E-3,,,,,258.79998589E-9,-839.999973774E-3,,,,,258.79998589E-9,33.20000076,
,,,259.19999302E-9,-399.99997616E-3,,,,,259.19999302E-9,-759.999990463E-3,,,,,259.19999302E-9,34.00000000,
,,,259.60000016E-9,-319.99999285E-3,,,,,259.60000016E-9,-680.000007153E-3,,,,,259.60000016E-9,34.79999924,
,,,260.00000730E-9,-239.99999464E-3,,,,,260.00000730E-9,-519.999980927E-3,,,,,260.00000730E-9,35.60000229,
,,,260.39998602E-9,-199.99998808E-3,,,,,260.39998602E-9,-479.999989271E-3,,,,,260.39998602E-9,36.40000153,
,,,260.79999316E-9,-119.9999973E-3,,,,,260.79999316E-9,-439.999997616E-3,,,,,260.79999316E-9,36.79999924,
,,,261.20000030E-9,-79.999998212E-3,,,,,261.20000030E-9,-399.99997616E-3,,,,,261.20000030E-9,36.79999924,
,,,261.60000743E-9,0.0,,,,,261.60000743E-9,-359.99998450E-3,,,,,261.60000743E-9,36.79999924,
,,,261.99998615E-9,39.99999911E-3,,,,,261.99998615E-9,-280.00000119E-3,,,,,261.99998615E-9,36.00000000,
,,,262.39999329E-9,39.99999911E-3,,,,,262.39999329E-9,-199.99998808E-3,,,,,262.39999329E-9,35.20000076,
,,,262.80000043E-9,79.999998212E-3,,,,,262.80000043E-9,-79.999998212E-3,,,,,262.80000043E-9,34.40000153,
,,,263.20000757E-9,119.9999973E-3,,,,,263.20000757E-9,39.99999911E-3,,,,,263.20000757E-9,33.60000229,
,,,263.59998628E-9,239.99999464E-3,,,,,263.59998628E-9,199.99998808E-3,,,,,263.59998628E-9,32.79999924,
,,,263.99999342E-9,359.99998450E-3,,,,,263.99999342E-9,399.99997616E-3,,,,,263.99999342E-9,32.00000000,
,,,264.40000056E-9,519.999980927E-3,,,,,264.40000056E-9,639.999985695E-3,,,,,264.40000056E-9,31.60000038,
,,,264.80000770E-9,719.999969006E-3,,,,,264.80000770E-9,919.999957085E-3,,,,,264.80000770E-9,30.80000114,
,,,265.19998642E-9,839.999973774E-3,,,,,265.19998642E-9,1.1600000,,,,,265.19998642E-9,30.39999962,
,,,265.59999355E-9,959.999978542E-3,,,,,265.59999355E-9,1.3600000,,,,,265.59999355E-9,29.60000038,
,,,266.00000069E-9,1.000000,,,,,266.00000069E-9,1.4399999,,,,,266.00000069E-9,29.20000076,
,,,266.40000783E-9,879.999995232E-3,,,,,266.40000783E-9,1.4000000,,,,,266.40000783E-9,28.80000114,
,,,266.79998655E-9,759.999990463E-3,,,,,266.79998655E-9,1.2800000,,,,,266.79998655E-9,28.39999962,
,,,267.19999369E-9,599.999964237E-3,,,,,267.19999369E-9,1.1600000,,,,,267.19999369E-9,27.60000038,
,,,267.60000083E-9,439.999997616E-3,,,,,267.60000083E-9,1.0400000,,,,,267.60000083E-9,27.20000076,
,,,268.00000796E-9,319.99999285E-3,,,,,268.00000796E-9,959.999978542E-3,,,,,268.00000796E-9,26.80000114,
,,,268.39998668E-9,199.99998808E-3,,,,,268.39998668E-9,959.999978542E-3,,,,,268.39998668E-9,26.39999962,
,,,268.79999382E-9,119.9999973E-3,,,,,268.79999382E-9,919.999957085E-3,,,,,268.79999382E-9,26.00000000,
,,,269.20000096E-9,0.0,,,,,269.20000096E-9,759.999990463E-3,,,,,269.20000096E-9,26.00000000,
,,,269.60000810E-9,-199.99998808E-3,,,,,269.60000810E-9,479.999989271E-3,,,,,269.60000810E-9,26.39999962,
,,,269.99998681E-9,-359.99998450E-3,,,,,269.99998681E-9,159.99999642E-3,,,,,269.99998681E-9,26.80000114,
,,,270.39999395E-9,-560.000002384E-3,,,,,270.39999395E-9,-280.00000119E-3,,,,,270.39999395E-9,26.80000114,
,,,270.80000109E-9,-719.999969006E-3,,,,,270.80000109E-9,-639.999985695E-3,,,,,270.80000109E-9,27.20000076,
,,,271.20000823E-9,-799.999952316E-3,,,,,271.20000823E-9,-799.999952316E-3,,,,,271.20000823E-9,27.20000076,
,,,271.59998695E-9,-879.999995232E-3,,,,,271.59998695E-9,-719.999969006E-3,,,,,271.59998695E-9,27.60000038,
,,,271.99999408E-9,-839.999973774E-3,,,,,271.99999408E-9,-560.000002384E-3,,,,,271.99999408E-9,28.00000000,
,,,272.40000122E-9,-799.999952316E-3,,,,,272.40000122E-9,-399.99997616E-3,,,,,272.40000122E-9,28.39999962,
,,,272.80000836E-9,-680.000007153E-3,,,,,272.80000836E-9,-280.00000119E-3,,,,,272.80000836E-9,28.80000114,
,,,273.19998708E-9,-560.000002384E-3,,,,,273.19998708E-9,-319.99999285E-3,,,,,273.19998708E-9,29.20000076,
,,,273.59999422E-9,-439.999997616E-3,,,,,273.59999422E-9,-439.999997616E-3,,,,,273.59999422E-9,30.00000000,
,,,274.00000135E-9,-319.99999285E-3,,,,,274.00000135E-9,-519.999980927E-3,,,,,274.00000135E-9,30.00000000,
,,,274.40000849E-9,-280.00000119E-3,,,,,274.40000849E-9,-479.999989271E-3,,,,,274.40000849E-9,30.39999962,
,,,274.79998721E-9,-199.99998808E-3,,,,,274.79998721E-9,-359.99998450E-3,,,,,274.79998721E-9,30.39999962,
,,,275.19999435E-9,-119.9999973E-3,,,,,275.19999435E-9,-159.99999642E-3,,,,,275.19999435E-9,30.39999962,
,,,275.60000149E-9,79.999998212E-3,,,,,275.60000149E-9,119.9999973E-3,,,,,275.60000149E-9,30.39999962,
,,,276.00000863E-9,280.00000119E-3,,,,,276.00000863E-9,359.99998450E-3,,,,,276.00000863E-9,30.80000114,
,,,276.39998734E-9,439.999997616E-3,,,,,276.39998734E-9,519.999980927E-3,,,,,276.39998734E-9,30.80000114,
,,,276.79999448E-9,639.999985695E-3,,,,,276.79999448E-9,680.000007153E-3,,,,,276.79999448E-9,30.80000114,
,,,277.20000162E-9,759.999990463E-3,,,,,277.20000162E-9,839.999973774E-3,,,,,277.20000162E-9,31.20000076,
,,,277.60000876E-9,839.999973774E-3,,,,,277.60000876E-9,1.0799999,,,,,277.60000876E-9,30.80000114,
,,,277.99998747E-9,879.999995232E-3,,,,,277.99998747E-9,1.2400000,,,,,277.99998747E-9,30.80000114,
,,,278.39999461E-9,879.999995232E-3,,,,,278.39999461E-9,1.2800000,,,,,278.39999461E-9,30.39999962,
,,,278.80000175E-9,839.999973774E-3,,,,,278.80000175E-9,1.2800000,,,,,278.80000175E-9,30.39999962,
,,,279.20000889E-9,759.999990463E-3,,,,,279.20000889E-9,1.1200000,,,,,279.20000889E-9,30.00000000,
,,,279.59998761E-9,639.999985695E-3,,,,,279.59998761E-9,919.999957085E-3,,,,,279.59998761E-9,29.60000038,
,,,279.99999475E-9,519.999980927E-3,,,,,279.99999475E-9,719.999969006E-3,,,,,279.99999475E-9,29.20000076,
,,,280.40000188E-9,399.99997616E-3,,,,,280.40000188E-9,639.999985695E-3,,,,,280.40000188E-9,28.80000114,
,,,280.80000902E-9,239.99999464E-3,,,,,280.80000902E-9,599.999964237E-3,,,,,280.80000902E-9,28.39999962,
,,,281.19998774E-9,119.9999973E-3,,,,,281.19998774E-9,560.000002384E-3,,,,,281.19998774E-9,28.00000000,
,,,281.59999488E-9,-39.99999911E-3,,,,,281.59999488E-9,399.99997616E-3,,,,,281.59999488E-9,27.60000038,
,,,282.00000202E-9,-159.99999642E-3,,,,,282.00000202E-9,239.99999464E-3,,,,,282.00000202E-9,27.60000038,
,,,282.40000916E-9,-359.99998450E-3,,,,,282.40000916E-9,-119.9999973E-3,,,,,282.40000916E-9,27.60000038,
,,,282.79998787E-9,-519.999980927E-3,,,,,282.79998787E-9,-439.999997616E-3,,,,,282.79998787E-9,28.00000000,
,,,283.19999501E-9,-639.999985695E-3,,,,,283.19999501E-9,-680.000007153E-3,,,,,283.19999501E-9,28.00000000,
,,,283.60000215E-9,-759.999990463E-3,,,,,283.60000215E-9,-759.999990463E-3,,,,,283.60000215E-9,28.39999962,
,,,284.00000929E-9,-799.999952316E-3,,,,,284.00000929E-9,-759.999990463E-3,,,,,284.00000929E-9,28.00000000,
,,,284.39998800E-9,-799.999952316E-3,,,,,284.39998800E-9,-680.000007153E-3,,,,,284.39998800E-9,28.00000000,
,,,284.79999514E-9,-719.999969006E-3,,,,,284.79999514E-9,-560.000002384E-3,,,,,284.79999514E-9,28.00000000,
,,,285.20000228E-9,-599.999964237E-3,,,,,285.20000228E-9,-479.999989271E-3,,,,,285.20000228E-9,28.39999962,
,,,285.60000942E-9,-479.999989271E-3,,,,,285.60000942E-9,-399.99997616E-3,,,,,285.60000942E-9,28.39999962,
,,,285.99998814E-9,-319.99999285E-3,,,,,285.99998814E-9,-319.99999285E-3,,,,,285.99998814E-9,28.80000114,
,,,286.39999528E-9,-199.99998808E-3,,,,,286.39999528E-9,-239.99999464E-3,,,,,286.39999528E-9,29.20000076,
,,,286.80000241E-9,-79.999998212E-3,,,,,286.80000241E-9,-79.999998212E-3,,,,,286.80000241E-9,29.20000076,
,,,287.20000955E-9,39.99999911E-3,,,,,287.20000955E-9,79.999998212E-3,,,,,287.20000955E-9,29.20000076,
,,,287.59998827E-9,199.99998808E-3,,,,,287.59998827E-9,319.99999285E-3,,,,,287.59998827E-9,29.20000076,
,,,287.99999541E-9,319.99999285E-3,,,,,287.99999541E-9,560.000002384E-3,,,,,287.99999541E-9,29.60000038,
,,,288.40000255E-9,399.99997616E-3,,,,,288.40000255E-9,759.999990463E-3,,,,,288.40000255E-9,29.60000038,
,,,288.80000968E-9,439.999997616E-3,,,,,288.80000968E-9,959.999978542E-3,,,,,288.80000968E-9,30.00000000,
,,,289.19998840E-9,479.999989271E-3,,,,,289.19998840E-9,1.1600000,,,,,289.19998840E-9,30.39999962,
,,,289.59999554E-9,560.000002384E-3,,,,,289.59999554E-9,1.2800000,,,,,289.59999554E-9,30.39999962,
,,,290.00000268E-9,599.999964237E-3,,,,,290.00000268E-9,1.3199999,,,,,290.00000268E-9,30.39999962,
,,,290.40000982E-9,599.999964237E-3,,,,,290.40000982E-9,1.2400000,,,,,290.40000982E-9,30.39999962,
,,,290.79998853E-9,560.000002384E-3,,,,,290.79998853E-9,1.1200000,,,,,290.79998853E-9,30.00000000,
,,,291.19999567E-9,519.999980927E-3,,,,,291.19999567E-9,1.000000,,,,,291.19999567E-9,30.00000000,
,,,291.60000281E-9,479.999989271E-3,,,,,291.60000281E-9,839.999973774E-3,,,,,291.60000281E-9,29.60000038,
,,,292.00000995E-9,399.99997616E-3,,,,,292.00000995E-9,759.999990463E-3,,,,,292.00000995E-9,29.60000038,
,,,292.39998867E-9,239.99999464E-3,,,,,292.39998867E-9,719.999969006E-3,,,,,292.39998867E-9,29.20000076,
,,,292.79999580E-9,39.99999911E-3,,,,,292.79999580E-9,680.000007153E-3,,,,,292.79999580E-9,29.20000076,
,,,293.20000294E-9,-119.9999973E-3,,,,,293.20000294E-9,639.999985695E-3,,,,,293.20000294E-9,28.80000114,
,,,293.60001008E-9,-280.00000119E-3,,,,,293.60001008E-9,519.999980927E-3,,,,,293.60001008E-9,28.39999962,
,,,293.99998880E-9,-359.99998450E-3,,,,,293.99998880E-9,399.99997616E-3,,,,,293.99998880E-9,27.60000038,
,,,294.39999594E-9,-399.99997616E-3,,,,,294.39999594E-9,119.9999973E-3,,,,,294.39999594E-9,27.20000076,
,,,294.80000308E-9,-399.99997616E-3,,,,,294.80000308E-9,-159.99999642E-3,,,,,294.80000308E-9,27.20000076,
,,,295.20001021E-9,-439.999997616E-3,,,,,295.20001021E-9,-399.99997616E-3,,,,,295.20001021E-9,26.80000114,
,,,295.59998893E-9,-479.999989271E-3,,,,,295.59998893E-9,-479.999989271E-3,,,,,295.59998893E-9,26.80000114,
,,,295.99999607E-9,-479.999989271E-3,,,,,295.99999607E-9,-519.999980927E-3,,,,,295.99999607E-9,26.80000114,
,,,296.40000321E-9,-560.000002384E-3,,,,,296.40000321E-9,-439.999997616E-3,,,,,296.40000321E-9,26.80000114,
,,,296.80001035E-9,-560.000002384E-3,,,,,296.80001035E-9,-359.99998450E-3,,,,,296.80001035E-9,26.39999962,
,,,297.19998906E-9,-519.999980927E-3,,,,,297.19998906E-9,-280.00000119E-3,,,,,297.19998906E-9,26.39999962,
,,,297.59999620E-9,-399.99997616E-3,,,,,297.59999620E-9,-280.00000119E-3,,,,,297.59999620E-9,26.39999962,
,,,298.00000334E-9,-239.99999464E-3,,,,,298.00000334E-9,-239.99999464E-3,,,,,298.00000334E-9,26.39999962,
,,,298.40001048E-9,-119.9999973E-3,,,,,298.40001048E-9,-239.99999464E-3,,,,,298.40001048E-9,26.80000114,
,,,298.79998920E-9,39.99999911E-3,,,,,298.79998920E-9,-199.99998808E-3,,,,,298.79998920E-9,26.80000114,
,,,299.19999633E-9,159.99999642E-3,,,,,299.19999633E-9,-79.999998212E-3,,,,,299.19999633E-9,26.80000114,
,,,299.60000347E-9,199.99998808E-3,,,,,299.60000347E-9,159.99999642E-3,,,,,299.60000347E-9,26.80000114,
,,,300.00001061E-9,280.00000119E-3,,,,,300.00001061E-9,399.99997616E-3,,,,,300.00001061E-9,26.39999962,
,,,300.39998933E-9,319.99999285E-3,,,,,300.39998933E-9,560.000002384E-3,,,,,300.39998933E-9,26.39999962,
,,,300.79999647E-9,359.99998450E-3,,,,,300.79999647E-9,680.000007153E-3,,,,,300.79999647E-9,26.39999962,
,,,301.20000361E-9,399.99997616E-3,,,,,301.20000361E-9,799.999952316E-3,,,,,301.20000361E-9,26.39999962,
,,,301.60001074E-9,439.999997616E-3,,,,,301.60001074E-9,839.999973774E-3,,,,,301.60001074E-9,26.39999962,
,,,301.99998946E-9,479.999989271E-3,,,,,301.99998946E-9,879.999995232E-3,,,,,301.99998946E-9,26.80000114,
,,,302.39999660E-9,479.999989271E-3,,,,,302.39999660E-9,919.999957085E-3,,,,,302.39999660E-9,26.80000114,
,,,302.80000374E-9,439.999997616E-3,,,,,302.80000374E-9,959.999978542E-3,,,,,302.80000374E-9,27.20000076,
,,,303.20001088E-9,399.99997616E-3,,,,,303.20001088E-9,959.999978542E-3,,,,,303.20001088E-9,27.60000038,
,,,303.59998959E-9,359.99998450E-3,,,,,303.59998959E-9,879.999995232E-3,,,,,303.59998959E-9,27.60000038,
,,,303.99999673E-9,280.00000119E-3,,,,,303.99999673E-9,799.999952316E-3,,,,,303.99999673E-9,28.00000000,
,,,304.40000387E-9,159.99999642E-3,,,,,304.40000387E-9,719.999969006E-3,,,,,304.40000387E-9,28.00000000,
,,,304.80001101E-9,39.99999911E-3,,,,,304.80001101E-9,639.999985695E-3,,,,,304.80001101E-9,28.00000000,
,,,305.19998973E-9,-79.999998212E-3,,,,,305.19998973E-9,560.000002384E-3,,,,,305.19998973E-9,28.00000000,
,,,305.59999686E-9,-199.99998808E-3,,,,,305.59999686E-9,519.999980927E-3,,,,,305.59999686E-9,28.39999962,
,,,306.00000400E-9,-280.00000119E-3,,,,,306.00000400E-9,479.999989271E-3,,,,,306.00000400E-9,28.39999962,
,,,306.40001114E-9,-359.99998450E-3,,,,,306.40001114E-9,319.99999285E-3,,,,,306.40001114E-9,28.80000114,
,,,306.79998986E-9,-399.99997616E-3,,,,,306.79998986E-9,199.99998808E-3,,,,,306.79998986E-9,29.20000076,
,,,307.19999700E-9,-439.999997616E-3,,,,,307.19999700E-9,39.99999911E-3,,,,,307.19999700E-9,29.20000076,
,,,307.60000413E-9,-439.999997616E-3,,,,,307.60000413E-9,-79.999998212E-3,,,,,307.60000413E-9,29.60000038,
,,,308.00001127E-9,-439.999997616E-3,,,,,308.00001127E-9,-119.9999973E-3,,,,,308.00001127E-9,29.60000038,
,,,308.39998999E-9,-479.999989271E-3,,,,,308.39998999E-9,-79.999998212E-3,,,,,308.39998999E-9,30.00000000,
,,,308.79999713E-9,-479.999989271E-3,,,,,308.79999713E-9,0.0,,,,,308.79999713E-9,30.39999962,
,,,309.20000427E-9,-439.999997616E-3,,,,,309.20000427E-9,119.9999973E-3,,,,,309.20000427E-9,30.39999962,
,,,309.60001141E-9,-359.99998450E-3,,,,,309.60001141E-9,199.99998808E-3,,,,,309.60001141E-9,30.39999962,
,,,309.99999012E-9,-280.00000119E-3,,,,,309.99999012E-9,280.00000119E-3,,,,,309.99999012E-9,30.39999962,
,,,310.39999726E-9,-199.99998808E-3,,,,,310.39999726E-9,199.99998808E-3,,,,,310.39999726E-9,30.00000000,
,,,310.80000440E-9,-79.999998212E-3,,,,,310.80000440E-9,79.999998212E-3,,,,,310.80000440E-9,29.60000038,
,,,311.20001154E-9,39.99999911E-3,,,,,311.20001154E-9,79.999998212E-3,,,,,311.20001154E-9,29.20000076,
,,,311.59999025E-9,159.99999642E-3,,,,,311.59999025E-9,159.99999642E-3,,,,,311.59999025E-9,28.39999962,
,,,311.99999739E-9,239.99999464E-3,,,,,311.99999739E-9,319.99999285E-3,,,,,311.99999739E-9,28.00000000,
,,,312.40000453E-9,239.99999464E-3,,,,,312.40000453E-9,519.999980927E-3,,,,,312.40000453E-9,27.60000038,
,,,312.80001167E-9,280.00000119E-3,,,,,312.80001167E-9,719.999969006E-3,,,,,312.80001167E-9,27.20000076,
,,,313.19999039E-9,280.00000119E-3,,,,,313.19999039E-9,879.999995232E-3,,,,,313.19999039E-9,26.39999962,
,,,313.59999753E-9,280.00000119E-3,,,,,313.59999753E-9,879.999995232E-3,,,,,313.59999753E-9,26.00000000,
,,,314.00000466E-9,280.00000119E-3,,,,,314.00000466E-9,839.999973774E-3,,,,,314.00000466E-9,25.60000038,
,,,314.40001180E-9,280.00000119E-3,,,,,314.40001180E-9,759.999990463E-3,,,,,314.40001180E-9,25.20000076,
,,,314.79999052E-9,280.00000119E-3,,,,,314.79999052E-9,639.999985695E-3,,,,,314.79999052E-9,24.80000114,
,,,315.19999766E-9,239.99999464E-3,,,,,315.19999766E-9,560.000002384E-3,,,,,315.19999766E-9,24.39999962,
,,,315.60000480E-9,239.99999464E-3,,,,,315.60000480E-9,479.999989271E-3,,,,,315.60000480E-9,24.39999962,
,,,316.00001194E-9,199.99998808E-3,,,,,316.00001194E-9,439.999997616E-3,,,,,316.00001194E-9,24.39999962,
,,,316.39999065E-9,79.999998212E-3,,,,,316.39999065E-9,319.99999285E-3,,,,,316.39999065E-9,24.00000000,
,,,316.79999779E-9,0.0,,,,,316.79999779E-9,239.99999464E-3,,,,,316.79999779E-9,24.00000000,
,,,317.20000493E-9,-119.9999973E-3,,,,,317.20000493E-9,159.99999642E-3,,,,,317.20000493E-9,23.60000038,
,,,317.60001207E-9,-199.99998808E-3,,,,,317.60001207E-9,79.999998212E-3,,,,,317.60001207E-9,23.60000038,
,,,317.99999078E-9,-239.99999464E-3,,,,,317.99999078E-9,79.999998212E-3,,,,,317.99999078E-9,24.00000000,
,,,318.39999792E-9,-319.99999285E-3,,,,,318.39999792E-9,79.999998212E-3,,,,,318.39999792E-9,24.39999962,
,,,318.80000506E-9,-319.99999285E-3,,,,,318.80000506E-9,79.999998212E-3,,,,,318.80000506E-9,24.80000114,
,,,319.20001220E-9,-319.99999285E-3,,,,,319.20001220E-9,79.999998212E-3,,,,,319.20001220E-9,25.20000076,
,,,319.59999092E-9,-319.99999285E-3,,,,,319.59999092E-9,39.99999911E-3,,,,,319.59999092E-9,25.20000076,
,,,319.99999806E-9,-280.00000119E-3,,,,,319.99999806E-9,39.99999911E-3,,,,,319.99999806E-9,25.20000076,
,,,320.40000519E-9,-239.99999464E-3,,,,,320.40000519E-9,39.99999911E-3,,,,,320.40000519E-9,25.60000038,
,,,320.80001233E-9,-199.99998808E-3,,,,,320.80001233E-9,79.999998212E-3,,,,,320.80001233E-9,25.20000076,
,,,321.19999105E-9,-159.99999642E-3,,,,,321.19999105E-9,239.99999464E-3,,,,,321.19999105E-9,25.60000038,
,,,321.59999819E-9,-79.999998212E-3,,,,,321.59999819E-9,399.99997616E-3,,,,,321.59999819E-9,26.00000000,
,,,322.00000533E-9,0.0,,,,,322.00000533E-9,560.000002384E-3,,,,,322.00000533E-9,26.80000114,
,,,322.40001246E-9,39.99999911E-3,,,,,322.40001246E-9,560.000002384E-3,,,,,322.40001246E-9,27.20000076,
,,,322.79999118E-9,79.999998212E-3,,,,,322.79999118E-9,560.000002384E-3,,,,,322.79999118E-9,27.60000038,
,,,323.19999832E-9,159.99999642E-3,,,,,323.19999832E-9,560.000002384E-3,,,,,323.19999832E-9,27.60000038,
,,,323.60000546E-9,239.99999464E-3,,,,,323.60000546E-9,560.000002384E-3,,,,,323.60000546E-9,28.00000000,
,,,324.00001260E-9,319.99999285E-3,,,,,324.00001260E-9,599.999964237E-3,,,,,324.00001260E-9,28.39999962,
,,,324.39999131E-9,359.99998450E-3,,,,,324.39999131E-9,680.000007153E-3,,,,,324.39999131E-9,28.39999962,
,,,324.79999845E-9,399.99997616E-3,,,,,324.79999845E-9,799.999952316E-3,,,,,324.79999845E-9,28.80000114,
,,,325.20000559E-9,359.99998450E-3,,,,,325.20000559E-9,839.999973774E-3,,,,,325.20000559E-9,29.20000076,
,,,325.60001273E-9,319.99999285E-3,,,,,325.60001273E-9,759.999990463E-3,,,,,325.60001273E-9,29.20000076,
,,,325.99999145E-9,280.00000119E-3,,,,,325.99999145E-9,680.000007153E-3,,,,,325.99999145E-9,29.20000076,
,,,326.39999858E-9,199.99998808E-3,,,,,326.39999858E-9,519.999980927E-3,,,,,326.39999858E-9,29.20000076,
,,,326.80000572E-9,159.99999642E-3,,,,,326.80000572E-9,319.99999285E-3,,,,,326.80000572E-9,29.20000076,
,,,327.20001286E-9,79.999998212E-3,,,,,327.20001286E-9,159.99999642E-3,,,,,327.20001286E-9,28.80000114,
,,,327.59999158E-9,0.0,,,,,327.59999158E-9,0.0,,,,,327.59999158E-9,28.80000114,
,,,327.99999872E-9,-79.999998212E-3,,,,,327.99999872E-9,-119.9999973E-3,,,,,327.99999872E-9,28.39999962,
,,,328.40000586E-9,-199.99998808E-3,,,,,328.40000586E-9,-280.00000119E-3,,,,,328.40000586E-9,28.39999962,
,,,328.80001299E-9,-319.99999285E-3,,,,,328.80001299E-9,-399.99997616E-3,,,,,328.80001299E-9,28.00000000,
,,,329.19999171E-9,-399.99997616E-3,,,,,329.19999171E-9,-479.999989271E-3,,,,,329.19999171E-9,28.00000000,
,,,329.59999885E-9,-479.999989271E-3,,,,,329.59999885E-9,-519.999980927E-3,,,,,329.59999885E-9,28.00000000,
,,,330.00000599E-9,-479.999989271E-3,,,,,330.00000599E-9,-479.999989271E-3,,,,,330.00000599E-9,27.60000038,
,,,330.40001313E-9,-439.999997616E-3,,,,,330.40001313E-9,-439.999997616E-3,,,,,330.40001313E-9,27.20000076,
,,,330.79999184E-9,-359.99998450E-3,,,,,330.79999184E-9,-359.99998450E-3,,,,,330.79999184E-9,26.80000114,
,,,331.19999898E-9,-319.99999285E-3,,,,,331.19999898E-9,-280.00000119E-3,,,,,331.19999898E-9,26.00000000,
,,,331.60000612E-9,-239.99999464E-3,,,,,331.60000612E-9,-199.99998808E-3,,,,,331.60000612E-9,25.60000038,
,,,332.00001326E-9,-159.99999642E-3,,,,,332.00001326E-9,-119.9999973E-3,,,,,332.00001326E-9,25.20000076,
,,,332.39999198E-9,-79.999998212E-3,,,,,332.39999198E-9,-79.999998212E-3,,,,,332.39999198E-9,25.20000076,
,,,332.79999911E-9,0.0,,,,,332.79999911E-9,0.0,,,,,332.79999911E-9,25.20000076,
,,,333.20000625E-9,119.9999973E-3,,,,,333.20000625E-9,159.99999642E-3,,,,,333.20000625E-9,24.80000114,
,,,333.60001339E-9,239.99999464E-3,,,,,333.60001339E-9,319.99999285E-3,,,,,333.60001339E-9,24.80000114,
,,,333.99999211E-9,359.99998450E-3,,,,,333.99999211E-9,519.999980927E-3,,,,,333.99999211E-9,24.39999962,
,,,334.39999925E-9,439.999997616E-3,,,,,334.39999925E-9,639.999985695E-3,,,,,334.39999925E-9,24.39999962,
,,,334.80000639E-9,479.999989271E-3,,,,,334.80000639E-9,719.999969006E-3,,,,,334.80000639E-9,24.39999962,
,,,335.20001352E-9,519.999980927E-3,,,,,335.20001352E-9,759.999990463E-3,,,,,335.20001352E-9,24.39999962,
,,,335.59999224E-9,560.000002384E-3,,,,,335.59999224E-9,799.999952316E-3,,,,,335.59999224E-9,24.39999962,
,,,335.99999938E-9,599.999964237E-3,,,,,335.99999938E-9,839.999973774E-3,,,,,335.99999938E-9,24.39999962,
,,,336.40000652E-9,599.999964237E-3,,,,,336.40000652E-9,839.999973774E-3,,,,,336.40000652E-9,24.00000000,
,,,336.80001366E-9,560.000002384E-3,,,,,336.80001366E-9,879.999995232E-3,,,,,336.80001366E-9,24.00000000,
,,,337.19999237E-9,519.999980927E-3,,,,,337.19999237E-9,839.999973774E-3,,,,,337.19999237E-9,24.00000000,
,,,337.59999951E-9,439.999997616E-3,,,,,337.59999951E-9,799.999952316E-3,,,,,337.59999951E-9,24.39999962,
,,,338.00000665E-9,359.99998450E-3,,,,,338.00000665E-9,719.999969006E-3,,,,,338.00000665E-9,24.39999962,
,,,338.40001379E-9,239.99999464E-3,,,,,338.40001379E-9,599.999964237E-3,,,,,338.40001379E-9,24.80000114,
,,,338.79999251E-9,79.999998212E-3,,,,,338.79999251E-9,439.999997616E-3,,,,,338.79999251E-9,25.20000076,
,,,339.19999964E-9,-39.99999911E-3,,,,,339.19999964E-9,239.99999464E-3,,,,,339.19999964E-9,25.20000076,
,,,339.60000678E-9,-159.99999642E-3,,,,,339.60000678E-9,79.999998212E-3,,,,,339.60000678E-9,25.60000038,
,,,339.99998550E-9,-280.00000119E-3,,,,,339.99998550E-9,-119.9999973E-3,,,,,339.99998550E-9,25.60000038,
,,,340.39999264E-9,-399.99997616E-3,,,,,340.39999264E-9,-359.99998450E-3,,,,,340.39999264E-9,25.60000038,
,,,340.79999978E-9,-479.999989271E-3,,,,,340.79999978E-9,-560.000002384E-3,,,,,340.79999978E-9,26.00000000,
,,,341.20000691E-9,-519.999980927E-3,,,,,341.20000691E-9,-719.999969006E-3,,,,,341.20000691E-9,26.00000000,
,,,341.59998563E-9,-519.999980927E-3,,,,,341.59998563E-9,-839.999973774E-3,,,,,341.59998563E-9,26.00000000,
,,,341.99999277E-9,-519.999980927E-3,,,,,341.99999277E-9,-879.999995232E-3,,,,,341.99999277E-9,26.00000000,
,,,342.39999991E-9,-560.000002384E-3,,,,,342.39999991E-9,-879.999995232E-3,,,,,342.39999991E-9,26.39999962,
,,,342.80000705E-9,-519.999980927E-3,,,,,342.80000705E-9,-839.999973774E-3,,,,,342.80000705E-9,26.80000114,
,,,343.19998576E-9,-439.999997616E-3,,,,,343.19998576E-9,-719.999969006E-3,,,,,343.19998576E-9,26.80000114,
,,,343.59999290E-9,-359.99998450E-3,,,,,343.59999290E-9,-599.999964237E-3,,,,,343.59999290E-9,27.20000076,
,,,344.00000004E-9,-199.99998808E-3,,,,,344.00000004E-9,-479.999989271E-3,,,,,344.00000004E-9,27.20000076,
,,,344.40000718E-9,-119.9999973E-3,,,,,344.40000718E-9,-359.99998450E-3,,,,,344.40000718E-9,27.20000076,
,,,344.79998590E-9,0.0,,,,,344.79998590E-9,-239.99999464E-3,,,,,344.79998590E-9,27.20000076,
,,,345.19999303E-9,119.9999973E-3,,,,,345.19999303E-9,-79.999998212E-3,,,,,345.19999303E-9,27.60000038,
,,,345.60000017E-9,199.99998808E-3,,,,,345.60000017E-9,79.999998212E-3,,,,,345.60000017E-9,27.60000038,
,,,346.00000731E-9,319.99999285E-3,,,,,346.00000731E-9,280.00000119E-3,,,,,346.00000731E-9,27.60000038,
,,,346.39998603E-9,399.99997616E-3,,,,,346.39998603E-9,439.999997616E-3,,,,,346.39998603E-9,27.60000038,
,,,346.79999317E-9,479.999989271E-3,,,,,346.79999317E-9,560.000002384E-3,,,,,346.79999317E-9,27.60000038,
,,,347.20000031E-9,519.999980927E-3,,,,,347.20000031E-9,599.999964237E-3,,,,,347.20000031E-9,27.60000038,
,,,347.60000744E-9,560.000002384E-3,,,,,347.60000744E-9,560.000002384E-3,,,,,347.60000744E-9,28.00000000,
,,,347.99998616E-9,560.000002384E-3,,,,,347.99998616E-9,519.999980927E-3,,,,,347.99998616E-9,28.00000000,
,,,348.39999330E-9,560.000002384E-3,,,,,348.39999330E-9,479.999989271E-3,,,,,348.39999330E-9,27.60000038,
,,,348.80000044E-9,560.000002384E-3,,,,,348.80000044E-9,439.999997616E-3,,,,,348.80000044E-9,27.60000038,
,,,349.20000758E-9,519.999980927E-3,,,,,349.20000758E-9,439.999997616E-3,,,,,349.20000758E-9,27.20000076,
,,,349.59998629E-9,479.999989271E-3,,,,,349.59998629E-9,479.999989271E-3,,,,,349.59998629E-9,27.20000076,
,,,349.99999343E-9,439.999997616E-3,,,,,349.99999343E-9,519.999980927E-3,,,,,349.99999343E-9,26.80000114,
,,,350.40000057E-9,359.99998450E-3,,,,,350.40000057E-9,439.999997616E-3,,,,,350.40000057E-9,26.39999962,
,,,350.80000771E-9,239.99999464E-3,,,,,350.80000771E-9,359.99998450E-3,,,,,350.80000771E-9,26.39999962,
,,,351.19998643E-9,119.9999973E-3,,,,,351.19998643E-9,239.99999464E-3,,,,,351.19998643E-9,26.39999962,
,,,351.59999356E-9,-39.99999911E-3,,,,,351.59999356E-9,39.99999911E-3,,,,,351.59999356E-9,26.39999962,
,,,352.00000070E-9,-159.99999642E-3,,,,,352.00000070E-9,-119.9999973E-3,,,,,352.00000070E-9,26.00000000,
,,,352.40000784E-9,-280.00000119E-3,,,,,352.40000784E-9,-280.00000119E-3,,,,,352.40000784E-9,25.60000038,
,,,352.79998656E-9,-359.99998450E-3,,,,,352.79998656E-9,-359.99998450E-3,,,,,352.79998656E-9,24.80000114,
,,,353.19999370E-9,-399.99997616E-3,,,,,353.19999370E-9,-439.999997616E-3,,,,,353.19999370E-9,24.39999962,
,,,353.60000084E-9,-439.999997616E-3,,,,,353.60000084E-9,-519.999980927E-3,,,,,353.60000084E-9,24.39999962,
,,,354.00000797E-9,-439.999997616E-3,,,,,354.00000797E-9,-519.999980927E-3,,,,,354.00000797E-9,24.00000000,
,,,354.39998669E-9,-479.999989271E-3,,,,,354.39998669E-9,-519.999980927E-3,,,,,354.39998669E-9,24.00000000,
,,,354.79999383E-9,-479.999989271E-3,,,,,354.79999383E-9,-439.999997616E-3,,,,,354.79999383E-9,24.00000000,
,,,355.20000097E-9,-479.999989271E-3,,,,,355.20000097E-9,-359.99998450E-3,,,,,355.20000097E-9,24.00000000,
,,,355.60000811E-9,-439.999997616E-3,,,,,355.60000811E-9,-280.00000119E-3,,,,,355.60000811E-9,24.00000000,
,,,355.99998682E-9,-359.99998450E-3,,,,,355.99998682E-9,-159.99999642E-3,,,,,355.99998682E-9,24.00000000,
,,,356.39999396E-9,-280.00000119E-3,,,,,356.39999396E-9,-119.9999973E-3,,,,,356.39999396E-9,24.00000000,
,,,356.80000110E-9,-199.99998808E-3,,,,,356.80000110E-9,-39.99999911E-3,,,,,356.80000110E-9,24.00000000,
,,,357.20000824E-9,-79.999998212E-3,,,,,357.20000824E-9,0.0,,,,,357.20000824E-9,24.00000000,
,,,357.59998696E-9,-39.99999911E-3,,,,,357.59998696E-9,79.999998212E-3,,,,,357.59998696E-9,24.39999962,
,,,357.99999409E-9,39.99999911E-3,,,,,357.99999409E-9,199.99998808E-3,,,,,357.99999409E-9,24.39999962,
,,,358.40000123E-9,79.999998212E-3,,,,,358.40000123E-9,319.99999285E-3,,,,,358.40000123E-9,24.80000114,
,,,358.80000837E-9,159.99999642E-3,,,,,358.80000837E-9,439.999997616E-3,,,,,358.80000837E-9,24.80000114,
,,,359.19998709E-9,199.99998808E-3,,,,,359.19998709E-9,479.999989271E-3,,,,,359.19998709E-9,25.20000076,
,,,359.59999423E-9,280.00000119E-3,,,,,359.59999423E-9,519.999980927E-3,,,,,359.59999423E-9,25.60000038,
,,,360.00000136E-9,319.99999285E-3,,,,,360.00000136E-9,479.999989271E-3,,,,,360.00000136E-9,26.00000000,
,,,360.40000850E-9,319.99999285E-3,,,,,360.40000850E-9,359.99998450E-3,,,,,360.40000850E-9,26.00000000,
,,,360.79998722E-9,359.99998450E-3,,,,,360.79998722E-9,199.99998808E-3,,,,,360.79998722E-9,26.39999962,
,,,361.19999436E-9,319.99999285E-3,,,,,361.19999436E-9,119.9999973E-3,,,,,361.19999436E-9,26.80000114,
,,,361.60000150E-9,319.99999285E-3,,,,,361.60000150E-9,79.999998212E-3,,,,,361.60000150E-9,26.80000114,
,,,362.00000864E-9,280.00000119E-3,,,,,362.00000864E-9,39.99999911E-3,,,,,362.00000864E-9,26.80000114,
,,,362.39998735E-9,199.99998808E-3,,,,,362.39998735E-9,-39.99999911E-3,,,,,362.39998735E-9,26.80000114,
,,,362.79999449E-9,159.99999642E-3,,,,,362.79999449E-9,-79.999998212E-3,,,,,362.79999449E-9,27.20000076,
,,,363.20000163E-9,119.9999973E-3,,,,,363.20000163E-9,-199.99998808E-3,,,,,363.20000163E-9,27.20000076,
,,,363.60000877E-9,119.9999973E-3,,,,,363.60000877E-9,-319.99999285E-3,,,,,363.60000877E-9,27.20000076,
,,,363.99998748E-9,79.999998212E-3,,,,,363.99998748E-9,-399.99997616E-3,,,,,363.99998748E-9,27.20000076,
,,,364.39999462E-9,0.0,,,,,364.39999462E-9,-519.999980927E-3,,,,,364.39999462E-9,27.20000076,
,,,364.80000176E-9,-79.999998212E-3,,,,,364.80000176E-9,-599.999964237E-3,,,,,364.80000176E-9,27.20000076,
,,,365.20000890E-9,-159.99999642E-3,,,,,365.20000890E-9,-639.999985695E-3,,,,,365.20000890E-9,26.80000114,
,,,365.59998762E-9,-239.99999464E-3,,,,,365.59998762E-9,-599.999964237E-3,,,,,365.59998762E-9,26.80000114,
,,,365.99999476E-9,-280.00000119E-3,,,,,365.99999476E-9,-560.000002384E-3,,,,,365.99999476E-9,26.80000114,
,,,366.40000189E-9,-280.00000119E-3,,,,,366.40000189E-9,-479.999989271E-3,,,,,366.40000189E-9,26.80000114,
,,,366.80000903E-9,-280.00000119E-3,,,,,366.80000903E-9,-399.99997616E-3,,,,,366.80000903E-9,26.80000114,
,,,367.19998775E-9,-239.99999464E-3,,,,,367.19998775E-9,-280.00000119E-3,,,,,367.19998775E-9,26.39999962,
,,,367.59999489E-9,-199.99998808E-3,,,,,367.59999489E-9,-159.99999642E-3,,,,,367.59999489E-9,26.39999962,
,,,368.00000203E-9,-119.9999973E-3,,,,,368.00000203E-9,0.0,,,,,368.00000203E-9,26.00000000,
,,,368.40000917E-9,-119.9999973E-3,,,,,368.40000917E-9,79.999998212E-3,,,,,368.40000917E-9,26.00000000,
,,,368.79998788E-9,-79.999998212E-3,,,,,368.79998788E-9,199.99998808E-3,,,,,368.79998788E-9,26.00000000,
,,,369.19999502E-9,-39.99999911E-3,,,,,369.19999502E-9,239.99999464E-3,,,,,369.19999502E-9,26.00000000,
,,,369.60000216E-9,0.0,,,,,369.60000216E-9,319.99999285E-3,,,,,369.60000216E-9,26.00000000,
,,,370.00000930E-9,79.999998212E-3,,,,,370.00000930E-9,399.99997616E-3,,,,,370.00000930E-9,26.00000000,
,,,370.39998801E-9,119.9999973E-3,,,,,370.39998801E-9,479.999989271E-3,,,,,370.39998801E-9,25.60000038,
,,,370.79999515E-9,119.9999973E-3,,,,,370.79999515E-9,599.999964237E-3,,,,,370.79999515E-9,25.60000038,
,,,371.20000229E-9,159.99999642E-3,,,,,371.20000229E-9,639.999985695E-3,,,,,371.20000229E-9,25.60000038,
,,,371.60000943E-9,119.9999973E-3,,,,,371.60000943E-9,639.999985695E-3,,,,,371.60000943E-9,25.60000038,
,,,371.99998815E-9,119.9999973E-3,,,,,371.99998815E-9,639.999985695E-3,,,,,371.99998815E-9,25.60000038,
,,,372.39999529E-9,119.9999973E-3,,,,,372.39999529E-9,560.000002384E-3,,,,,372.39999529E-9,25.60000038,
,,,372.80000242E-9,119.9999973E-3,,,,,372.80000242E-9,479.999989271E-3,,,,,372.80000242E-9,25.60000038,
,,,373.20000956E-9,79.999998212E-3,,,,,373.20000956E-9,399.99997616E-3,,,,,373.20000956E-9,25.20000076,
,,,373.59998828E-9,39.99999911E-3,,,,,373.59998828E-9,319.99999285E-3,,,,,373.59998828E-9,25.20000076,
,,,373.99999542E-9,0.0,,,,,373.99999542E-9,280.00000119E-3,,,,,373.99999542E-9,25.20000076,
,,,374.40000256E-9,-39.99999911E-3,,,,,374.40000256E-9,199.99998808E-3,,,,,374.40000256E-9,25.20000076,
,,,374.80000969E-9,-79.999998212E-3,,,,,374.80000969E-9,119.9999973E-3,,,,,374.80000969E-9,25.20000076,
,,,375.19998841E-9,-119.9999973E-3,,,,,375.19998841E-9,0.0,,,,,375.19998841E-9,25.60000038,
,,,375.59999555E-9,-159.99999642E-3,,,,,375.59999555E-9,-79.999998212E-3,,,,,375.59999555E-9,25.60000038,
,,,376.00000269E-9,-159.99999642E-3,,,,,376.00000269E-9,-159.99999642E-3,,,,,376.00000269E-9,25.60000038,
,,,376.40000983E-9,-199.99998808E-3,,,,,376.40000983E-9,-280.00000119E-3,,,,,376.40000983E-9,25.60000038,
,,,376.79998854E-9,-199.99998808E-3,,,,,376.79998854E-9,-359.99998450E-3,,,,,376.79998854E-9,25.60000038,
,,,377.19999568E-9,-239.99999464E-3,,,,,377.19999568E-9,-399.99997616E-3,,,,,377.19999568E-9,26.00000000,
,,,377.60000282E-9,-239.99999464E-3,,,,,377.60000282E-9,-439.999997616E-3,,,,,377.60000282E-9,26.00000000,
,,,378.00000996E-9,-239.99999464E-3,,,,,378.00000996E-9,-399.99997616E-3,,,,,378.00000996E-9,26.39999962,
,,,378.39998868E-9,-280.00000119E-3,,,,,378.39998868E-9,-359.99998450E-3,,,,,378.39998868E-9,26.39999962,
,,,378.79999581E-9,-280.00000119E-3,,,,,378.79999581E-9,-280.00000119E-3,,,,,378.79999581E-9,26.39999962,
,,,379.20000295E-9,-239.99999464E-3,,,,,379.20000295E-9,-239.99999464E-3,,,,,379.20000295E-9,26.00000000,
,,,379.60001009E-9,-199.99998808E-3,,,,,379.60001009E-9,-159.99999642E-3,,,,,379.60001009E-9,26.00000000,
,,,379.99998881E-9,-119.9999973E-3,,,,,379.99998881E-9,-79.999998212E-3,,,,,379.99998881E-9,26.00000000,
,,,380.39999595E-9,-119.9999973E-3,,,,,380.39999595E-9,-39.99999911E-3,,,,,380.39999595E-9,26.00000000,
,,,380.80000309E-9,-79.999998212E-3,,,,,380.80000309E-9,0.0,,,,,380.80000309E-9,26.00000000,
,,,381.20001022E-9,-39.99999911E-3,,,,,381.20001022E-9,39.99999911E-3,,,,,381.20001022E-9,26.00000000,
,,,381.59998894E-9,0.0,,,,,381.59998894E-9,79.999998212E-3,,,,,381.59998894E-9,26.00000000,
,,,381.99999608E-9,79.999998212E-3,,,,,381.99999608E-9,159.99999642E-3,,,,,381.99999608E-9,26.00000000,
,,,382.40000322E-9,119.9999973E-3,,,,,382.40000322E-9,199.99998808E-3,,,,,382.40000322E-9,25.60000038,
,,,382.80001036E-9,119.9999973E-3,,,,,382.80001036E-9,280.00000119E-3,,,,,382.80001036E-9,25.60000038,
,,,383.19998907E-9,159.99999642E-3,,,,,383.19998907E-9,319.99999285E-3,,,,,383.19998907E-9,26.00000000,
,,,383.59999621E-9,159.99999642E-3,,,,,383.59999621E-9,399.99997616E-3,,,,,383.59999621E-9,26.00000000,
,,,384.00000335E-9,199.99998808E-3,,,,,384.00000335E-9,439.999997616E-3,,,,,384.00000335E-9,26.00000000,
,,,384.40001049E-9,199.99998808E-3,,,,,384.40001049E-9,399.99997616E-3,,,,,384.40001049E-9,26.00000000,
,,,384.79998921E-9,199.99998808E-3,,,,,384.79998921E-9,399.99997616E-3,,,,,384.79998921E-9,26.00000000,
,,,385.19999634E-9,199.99998808E-3,,,,,385.19999634E-9,359.99998450E-3,,,,,385.19999634E-9,26.00000000,
,,,385.60000348E-9,199.99998808E-3,,,,,385.60000348E-9,359.99998450E-3,,,,,385.60000348E-9,26.00000000,
,,,386.00001062E-9,199.99998808E-3,,,,,386.00001062E-9,359.99998450E-3,,,,,386.00001062E-9,26.39999962,
,,,386.39998934E-9,159.99999642E-3,,,,,386.39998934E-9,359.99998450E-3,,,,,386.39998934E-9,26.39999962,
,,,386.79999648E-9,159.99999642E-3,,,,,386.79999648E-9,399.99997616E-3,,,,,386.79999648E-9,26.39999962,
,,,387.20000362E-9,119.9999973E-3,,,,,387.20000362E-9,359.99998450E-3,,,,,387.20000362E-9,26.39999962,
,,,387.60001075E-9,79.999998212E-3,,,,,387.60001075E-9,359.99998450E-3,,,,,387.60001075E-9,26.39999962,
,,,387.99998947E-9,39.99999911E-3,,,,,387.99998947E-9,319.99999285E-3,,,,,387.99998947E-9,26.39999962,
,,,388.39999661E-9,-39.99999911E-3,,,,,388.39999661E-9,239.99999464E-3,,,,,388.39999661E-9,26.80000114,
,,,388.80000375E-9,-79.999998212E-3,,,,,388.80000375E-9,199.99998808E-3,,,,,388.80000375E-9,26.80000114,
,,,389.20001089E-9,-119.9999973E-3,,,,,389.20001089E-9,159.99999642E-3,,,,,389.20001089E-9,27.20000076,
,,,389.59998960E-9,-159.99999642E-3,,,,,389.59998960E-9,159.99999642E-3,,,,,389.59998960E-9,27.60000038,
,,,389.99999674E-9,-159.99999642E-3,,,,,389.99999674E-9,199.99998808E-3,,,,,389.99999674E-9,27.60000038,
,,,390.40000388E-9,-199.99998808E-3,,,,,390.40000388E-9,199.99998808E-3,,,,,390.40000388E-9,27.60000038,
,,,390.80001102E-9,-239.99999464E-3,,,,,390.80001102E-9,239.99999464E-3,,,,,390.80001102E-9,27.20000076,
,,,391.19998974E-9,-280.00000119E-3,,,,,391.19998974E-9,280.00000119E-3,,,,,391.19998974E-9,27.20000076,
,,,391.59999687E-9,-319.99999285E-3,,,,,391.59999687E-9,280.00000119E-3,,,,,391.59999687E-9,27.20000076,
,,,392.00000401E-9,-319.99999285E-3,,,,,392.00000401E-9,280.00000119E-3,,,,,392.00000401E-9,27.60000038,
,,,392.40001115E-9,-319.99999285E-3,,,,,392.40001115E-9,280.00000119E-3,,,,,392.40001115E-9,27.60000038,
,,,392.79998987E-9,-319.99999285E-3,,,,,392.79998987E-9,280.00000119E-3,,,,,392.79998987E-9,27.60000038,
,,,393.19999701E-9,-280.00000119E-3,,,,,393.19999701E-9,239.99999464E-3,,,,,393.19999701E-9,27.20000076,
,,,393.60000414E-9,-239.99999464E-3,,,,,393.60000414E-9,199.99998808E-3,,,,,393.60000414E-9,26.80000114,
,,,394.00001128E-9,-199.99998808E-3,,,,,394.00001128E-9,159.99999642E-3,,,,,394.00001128E-9,26.39999962,
,,,394.39999000E-9,-199.99998808E-3,,,,,394.39999000E-9,119.9999973E-3,,,,,394.39999000E-9,26.00000000,
,,,394.79999714E-9,-199.99998808E-3,,,,,394.79999714E-9,79.999998212E-3,,,,,394.79999714E-9,26.00000000,
,,,395.20000428E-9,-159.99999642E-3,,,,,395.20000428E-9,79.999998212E-3,,,,,395.20000428E-9,26.00000000,
,,,395.60001142E-9,-159.99999642E-3,,,,,395.60001142E-9,79.999998212E-3,,,,,395.60001142E-9,26.00000000,
,,,395.99999013E-9,-119.9999973E-3,,,,,395.99999013E-9,119.9999973E-3,,,,,395.99999013E-9,26.00000000,
,,,396.39999727E-9,-79.999998212E-3,,,,,396.39999727E-9,119.9999973E-3,,,,,396.39999727E-9,26.00000000,
,,,396.80000441E-9,-39.99999911E-3,,,,,396.80000441E-9,119.9999973E-3,,,,,396.80000441E-9,25.60000038,
,,,397.20001155E-9,0.0,,,,,397.20001155E-9,79.999998212E-3,,,,,397.20001155E-9,25.60000038,
,,,397.59999027E-9,0.0,,,,,397.59999027E-9,0.0,,,,,397.59999027E-9,25.20000076,
,,,397.99999740E-9,39.99999911E-3,,,,,397.99999740E-9,-39.99999911E-3,,,,,397.99999740E-9,25.20000076,
,,,398.40000454E-9,39.99999911E-3,,,,,398.40000454E-9,-39.99999911E-3,,,,,398.40000454E-9,25.20000076,
,,,398.80001168E-9,39.99999911E-3,,,,,398.80001168E-9,-39.99999911E-3,,,,,398.80001168E-9,25.20000076,
,,,399.19999040E-9,79.999998212E-3,,,,,399.19999040E-9,0.0,,,,,399.19999040E-9,24.80000114,
,,,399.59999754E-9,79.999998212E-3,,,,,399.59999754E-9,39.99999911E-3,,,,,399.59999754E-9,24.80000114,
,,,400.00000467E-9,79.999998212E-3,,,,,400.00000467E-9,79.999998212E-3,,,,,400.00000467E-9,24.80000114,
,,,400.40001181E-9,79.999998212E-3,,,,,400.40001181E-9,79.999998212E-3,,,,,400.40001181E-9,24.80000114,
,,,400.79999053E-9,79.999998212E-3,,,,,400.79999053E-9,79.999998212E-3,,,,,400.79999053E-9,24.80000114,
,,,401.19999767E-9,119.9999973E-3,,,,,401.19999767E-9,79.999998212E-3,,,,,401.19999767E-9,24.80000114,
,,,401.60000481E-9,119.9999973E-3,,,,,401.60000481E-9,119.9999973E-3,,,,,401.60000481E-9,24.80000114,
,,,402.00001195E-9,119.9999973E-3,,,,,402.00001195E-9,199.99998808E-3,,,,,402.00001195E-9,25.20000076,
,,,402.39999066E-9,79.999998212E-3,,,,,402.39999066E-9,239.99999464E-3,,,,,402.39999066E-9,25.20000076,
,,,402.79999780E-9,39.99999911E-3,,,,,402.79999780E-9,319.99999285E-3,,,,,402.79999780E-9,25.20000076,
,,,403.20000494E-9,0.0,,,,,403.20000494E-9,359.99998450E-3,,,,,403.20000494E-9,25.60000038,
,,,403.600012078E-9,0.0,,,,,403.600012078E-9,359.99998450E-3,,,,,403.600012078E-9,25.60000038,
,,,403.999990795E-9,0.0,,,,,403.999990795E-9,399.99997616E-3,,,,,403.999990795E-9,25.60000038,
,,,404.399997933E-9,-39.99999911E-3,,,,,404.399997933E-9,399.99997616E-3,,,,,404.399997933E-9,26.00000000,
,,,404.800005072E-9,-39.99999911E-3,,,,,404.800005072E-9,399.99997616E-3,,,,,404.800005072E-9,26.00000000,
,,,405.200012210E-9,-39.99999911E-3,,,,,405.200012210E-9,359.99998450E-3,,,,,405.200012210E-9,26.39999962,
,,,405.599990927E-9,-39.99999911E-3,,,,,405.599990927E-9,319.99999285E-3,,,,,405.599990927E-9,26.39999962,
,,,405.999998065E-9,-39.99999911E-3,,,,,405.999998065E-9,280.00000119E-3,,,,,405.999998065E-9,26.80000114,
,,,406.400005204E-9,-79.999998212E-3,,,,,406.400005204E-9,159.99999642E-3,,,,,406.400005204E-9,26.80000114,
,,,406.800012343E-9,-79.999998212E-3,,,,,406.800012343E-9,79.999998212E-3,,,,,406.800012343E-9,26.80000114,
,,,407.199991059E-9,-119.9999973E-3,,,,,407.199991059E-9,39.99999911E-3,,,,,407.199991059E-9,26.80000114,
,,,407.599998198E-9,-119.9999973E-3,,,,,407.599998198E-9,39.99999911E-3,,,,,407.599998198E-9,27.20000076,
,,,408.000005336E-9,-119.9999973E-3,,,,,408.000005336E-9,79.999998212E-3,,,,,408.000005336E-9,27.20000076,
,,,408.400012475E-9,-119.9999973E-3,,,,,408.400012475E-9,79.999998212E-3,,,,,408.400012475E-9,27.60000038,
,,,408.799991192E-9,-119.9999973E-3,,,,,408.799991192E-9,79.999998212E-3,,,,,408.799991192E-9,27.60000038,
,,,409.199998330E-9,-79.999998212E-3,,,,,409.199998330E-9,39.99999911E-3,,,,,409.199998330E-9,27.60000038,
,,,409.600005469E-9,-79.999998212E-3,,,,,409.600005469E-9,39.99999911E-3,,,,,409.600005469E-9,27.60000038,
,,,410.000012607E-9,-39.99999911E-3,,,,,410.000012607E-9,0.0,,,,,410.000012607E-9,27.60000038,
,,,410.399991324E-9,-39.99999911E-3,,,,,410.399991324E-9,-39.99999911E-3,,,,,410.399991324E-9,27.20000076,
,,,410.799998463E-9,-39.99999911E-3,,,,,410.799998463E-9,-79.999998212E-3,,,,,410.799998463E-9,27.20000076,
,,,411.200005601E-9,0.0,,,,,411.200005601E-9,-79.999998212E-3,,,,,411.200005601E-9,27.20000076,
,,,411.600012740E-9,0.0,,,,,411.600012740E-9,-79.999998212E-3,,,,,411.600012740E-9,27.20000076,
,,,411.999991456E-9,0.0,,,,,411.999991456E-9,-79.999998212E-3,,,,,411.999991456E-9,27.20000076,
,,,412.399998595E-9,0.0,,,,,412.399998595E-9,-119.9999973E-3,,,,,412.399998595E-9,26.80000114,
,,,412.800005734E-9,0.0,,,,,412.800005734E-9,-79.999998212E-3,,,,,412.800005734E-9,26.80000114,
,,,413.200012872E-9,0.0,,,,,413.200012872E-9,-79.999998212E-3,,,,,413.200012872E-9,26.39999962,
,,,413.599991589E-9,0.0,,,,,413.599991589E-9,-39.99999911E-3,,,,,413.599991589E-9,26.00000000,
,,,413.999998727E-9,39.99999911E-3,,,,,413.999998727E-9,0.0,,,,,413.999998727E-9,26.00000000,
,,,414.400005866E-9,79.999998212E-3,,,,,414.400005866E-9,0.0,,,,,414.400005866E-9,25.60000038,
,,,414.800013004E-9,79.999998212E-3,,,,,414.800013004E-9,39.99999911E-3,,,,,414.800013004E-9,25.20000076,
,,,415.199991721E-9,119.9999973E-3,,,,,415.199991721E-9,79.999998212E-3,,,,,415.199991721E-9,25.20000076,
,,,415.599998860E-9,79.999998212E-3,,,,,415.599998860E-9,119.9999973E-3,,,,,415.599998860E-9,24.80000114,
,,,416.000005998E-9,79.999998212E-3,,,,,416.000005998E-9,159.99999642E-3,,,,,416.000005998E-9,24.39999962,
,,,416.400013137E-9,79.999998212E-3,,,,,416.400013137E-9,159.99999642E-3,,,,,416.400013137E-9,24.39999962,
,,,416.799991854E-9,79.999998212E-3,,,,,416.799991854E-9,199.99998808E-3,,,,,416.799991854E-9,24.39999962,
,,,417.199998992E-9,39.99999911E-3,,,,,417.199998992E-9,159.99999642E-3,,,,,417.199998992E-9,24.00000000,
,,,417.600006131E-9,39.99999911E-3,,,,,417.600006131E-9,159.99999642E-3,,,,,417.600006131E-9,24.00000000,
,,,418.000013269E-9,39.99999911E-3,,,,,418.000013269E-9,119.9999973E-3,,,,,418.000013269E-9,24.00000000,
,,,418.399991986E-9,39.99999911E-3,,,,,418.399991986E-9,39.99999911E-3,,,,,418.399991986E-9,24.39999962,
,,,418.799999125E-9,39.99999911E-3,,,,,418.799999125E-9,-39.99999911E-3,,,,,418.799999125E-9,24.39999962,
,,,419.200006263E-9,39.99999911E-3,,,,,419.200006263E-9,-79.999998212E-3,,,,,419.200006263E-9,24.39999962,
,,,419.600013402E-9,39.99999911E-3,,,,,419.600013402E-9,-79.999998212E-3,,,,,419.600013402E-9,24.39999962,
,,,419.999992118E-9,39.99999911E-3,,,,,419.999992118E-9,-79.999998212E-3,,,,,419.999992118E-9,24.39999962,
,,,420.399999257E-9,0.0,,,,,420.399999257E-9,-79.999998212E-3,,,,,420.399999257E-9,24.80000114,
,,,420.800006395E-9,0.0,,,,,420.800006395E-9,-79.999998212E-3,,,,,420.800006395E-9,24.80000114,
,,,421.200013534E-9,0.0,,,,,421.200013534E-9,-79.999998212E-3,,,,,421.200013534E-9,25.20000076,
,,,421.599992251E-9,0.0,,,,,421.599992251E-9,-79.999998212E-3,,,,,421.599992251E-9,25.20000076,
,,,421.999999389E-9,0.0,,,,,421.999999389E-9,-79.999998212E-3,,,,,421.999999389E-9,25.20000076,
,,,422.400006528E-9,0.0,,,,,422.400006528E-9,-119.9999973E-3,,,,,422.400006528E-9,25.20000076,
,,,422.800013666E-9,0.0,,,,,422.800013666E-9,-119.9999973E-3,,,,,422.800013666E-9,25.20000076,
,,,423.199992383E-9,0.0,,,,,423.199992383E-9,-79.999998212E-3,,,,,423.199992383E-9,25.20000076,
,,,423.599999522E-9,0.0,,,,,423.599999522E-9,-39.99999911E-3,,,,,423.599999522E-9,25.60000038,
,,,424.000006660E-9,0.0,,,,,424.000006660E-9,39.99999911E-3,,,,,424.000006660E-9,26.00000000,
,,,424.400013799E-9,0.0,,,,,424.400013799E-9,39.99999911E-3,,,,,424.400013799E-9,26.39999962,
,,,424.799992516E-9,0.0,,,,,424.799992516E-9,39.99999911E-3,,,,,424.799992516E-9,26.39999962,
,,,425.199999654E-9,0.0,,,,,425.199999654E-9,0.0,,,,,425.199999654E-9,26.39999962,
,,,425.600006793E-9,0.0,,,,,425.600006793E-9,-39.99999911E-3,,,,,425.600006793E-9,26.80000114,
,,,426.000013931E-9,39.99999911E-3,,,,,426.000013931E-9,-39.99999911E-3,,,,,426.000013931E-9,26.80000114,
,,,426.399992648E-9,39.99999911E-3,,,,,426.399992648E-9,-39.99999911E-3,,,,,426.399992648E-9,26.80000114,
,,,426.799999786E-9,79.999998212E-3,,,,,426.799999786E-9,-39.99999911E-3,,,,,426.799999786E-9,26.80000114,
,,,427.200006925E-9,39.99999911E-3,,,,,427.200006925E-9,0.0,,,,,427.200006925E-9,26.80000114,
,,,427.600014064E-9,39.99999911E-3,,,,,427.600014064E-9,39.99999911E-3,,,,,427.600014064E-9,26.80000114,
,,,427.999992780E-9,39.99999911E-3,,,,,427.999992780E-9,79.999998212E-3,,,,,427.999992780E-9,26.80000114,
,,,428.399999919E-9,39.99999911E-3,,,,,428.399999919E-9,79.999998212E-3,,,,,428.399999919E-9,26.80000114,
,,,428.800007057E-9,39.99999911E-3,,,,,428.800007057E-9,79.999998212E-3,,,,,428.800007057E-9,26.80000114,
,,,429.200014196E-9,79.999998212E-3,,,,,429.200014196E-9,39.99999911E-3,,,,,429.200014196E-9,26.80000114,
,,,429.599992913E-9,79.999998212E-3,,,,,429.599992913E-9,0.0,,,,,429.599992913E-9,26.80000114,
,,,430.000000051E-9,79.999998212E-3,,,,,430.000000051E-9,-39.99999911E-3,,,,,430.000000051E-9,26.39999962,
,,,430.400007190E-9,39.99999911E-3,,,,,430.400007190E-9,-119.9999973E-3,,,,,430.400007190E-9,26.00000000,
,,,430.800014328E-9,0.0,,,,,430.800014328E-9,-159.99999642E-3,,,,,430.800014328E-9,25.60000038,
,,,431.199993045E-9,0.0,,,,,431.199993045E-9,-199.99998808E-3,,,,,431.199993045E-9,25.60000038,
,,,431.600000184E-9,0.0,,,,,431.600000184E-9,-239.99999464E-3,,,,,431.600000184E-9,25.60000038,
,,,432.000007322E-9,0.0,,,,,432.000007322E-9,-239.99999464E-3,,,,,432.000007322E-9,25.20000076,
,,,432.400014461E-9,-39.99999911E-3,,,,,432.400014461E-9,-239.99999464E-3,,,,,432.400014461E-9,25.20000076,
,,,432.799993177E-9,-39.99999911E-3,,,,,432.799993177E-9,-239.99999464E-3,,,,,432.799993177E-9,24.80000114,
,,,433.200000316E-9,-39.99999911E-3,,,,,433.200000316E-9,-199.99998808E-3,,,,,433.200000316E-9,24.80000114,
,,,433.600007455E-9,-79.999998212E-3,,,,,433.600007455E-9,-199.99998808E-3,,,,,433.600007455E-9,24.39999962,
,,,434.000014593E-9,-39.99999911E-3,,,,,434.000014593E-9,-159.99999642E-3,,,,,434.000014593E-9,24.39999962,
,,,434.399993310E-9,-39.99999911E-3,,,,,434.399993310E-9,-199.99998808E-3,,,,,434.399993310E-9,24.39999962,
,,,434.800000448E-9,-39.99999911E-3,,,,,434.800000448E-9,-199.99998808E-3,,,,,434.800000448E-9,24.00000000,
,,,435.200007587E-9,0.0,,,,,435.200007587E-9,-199.99998808E-3,,,,,435.200007587E-9,24.00000000,
,,,435.600014725E-9,0.0,,,,,435.600014725E-9,-159.99999642E-3,,,,,435.600014725E-9,24.00000000,
,,,435.999993442E-9,0.0,,,,,435.999993442E-9,-119.9999973E-3,,,,,435.999993442E-9,24.00000000,
,,,436.400000581E-9,-39.99999911E-3,,,,,436.400000581E-9,-79.999998212E-3,,,,,436.400000581E-9,24.00000000,
,,,436.800007719E-9,-39.99999911E-3,,,,,436.800007719E-9,-39.99999911E-3,,,,,436.800007719E-9,24.39999962,
,,,437.200014858E-9,-39.99999911E-3,,,,,437.200014858E-9,0.0,,,,,437.200014858E-9,24.39999962,
,,,437.599993575E-9,-39.99999911E-3,,,,,437.599993575E-9,0.0,,,,,437.599993575E-9,24.39999962,
,,,438.000000713E-9,0.0,,,,,438.000000713E-9,0.0,,,,,438.000000713E-9,24.80000114,
,,,438.400007852E-9,0.0,,,,,438.400007852E-9,-39.99999911E-3,,,,,438.400007852E-9,24.80000114,
,,,438.800014990E-9,39.99999911E-3,,,,,438.800014990E-9,0.0,,,,,438.800014990E-9,24.80000114,
,,,439.199993707E-9,79.999998212E-3,,,,,439.199993707E-9,0.0,,,,,439.199993707E-9,24.80000114,
,,,439.600000846E-9,79.999998212E-3,,,,,439.600000846E-9,39.99999911E-3,,,,,439.600000846E-9,24.80000114,
,,,440.000007984E-9,79.999998212E-3,,,,,440.000007984E-9,79.999998212E-3,,,,,440.000007984E-9,24.80000114,
,,,440.400015123E-9,39.99999911E-3,,,,,440.400015123E-9,79.999998212E-3,,,,,440.400015123E-9,25.20000076,
,,,440.799993839E-9,39.99999911E-3,,,,,440.799993839E-9,79.999998212E-3,,,,,440.799993839E-9,25.20000076,
,,,441.200000978E-9,39.99999911E-3,,,,,441.200000978E-9,39.99999911E-3,,,,,441.200000978E-9,25.20000076,
,,,441.600008116E-9,39.99999911E-3,,,,,441.600008116E-9,39.99999911E-3,,,,,441.600008116E-9,25.20000076,
,,,441.999986833E-9,79.999998212E-3,,,,,441.999986833E-9,0.0,,,,,441.999986833E-9,25.20000076,
,,,442.399993972E-9,39.99999911E-3,,,,,442.399993972E-9,-39.99999911E-3,,,,,442.399993972E-9,25.20000076,
,,,442.800001110E-9,0.0,,,,,442.800001110E-9,-79.999998212E-3,,,,,442.800001110E-9,25.20000076,
,,,443.200008249E-9,-39.99999911E-3,,,,,443.200008249E-9,-119.9999973E-3,,,,,443.200008249E-9,25.20000076,
,,,443.599986966E-9,-39.99999911E-3,,,,,443.599986966E-9,-119.9999973E-3,,,,,443.599986966E-9,25.60000038,
,,,443.999994104E-9,-39.99999911E-3,,,,,443.999994104E-9,-119.9999973E-3,,,,,443.999994104E-9,25.60000038,
,,,444.400001243E-9,-39.99999911E-3,,,,,444.400001243E-9,-119.9999973E-3,,,,,444.400001243E-9,25.60000038,
,,,444.800008381E-9,-39.99999911E-3,,,,,444.800008381E-9,-119.9999973E-3,,,,,444.800008381E-9,25.60000038,
,,,445.199987098E-9,-39.99999911E-3,,,,,445.199987098E-9,-119.9999973E-3,,,,,445.199987098E-9,25.60000038,
,,,445.599994237E-9,-39.99999911E-3,,,,,445.599994237E-9,-119.9999973E-3,,,,,445.599994237E-9,25.60000038,
,,,446.000001375E-9,-39.99999911E-3,,,,,446.000001375E-9,-119.9999973E-3,,,,,446.000001375E-9,25.60000038,
,,,446.400008514E-9,-79.999998212E-3,,,,,446.400008514E-9,-159.99999642E-3,,,,,446.400008514E-9,25.60000038,
,,,446.799987230E-9,-79.999998212E-3,,,,,446.799987230E-9,-159.99999642E-3,,,,,446.799987230E-9,25.60000038,
,,,447.199994369E-9,-79.999998212E-3,,,,,447.199994369E-9,-199.99998808E-3,,,,,447.199994369E-9,25.60000038,
,,,447.600001507E-9,-79.999998212E-3,,,,,447.600001507E-9,-199.99998808E-3,,,,,447.600001507E-9,25.60000038,
,,,448.000008646E-9,-79.999998212E-3,,,,,448.000008646E-9,-199.99998808E-3,,,,,448.000008646E-9,25.60000038,
,,,448.399987363E-9,-79.999998212E-3,,,,,448.399987363E-9,-199.99998808E-3,,,,,448.399987363E-9,25.60000038,
,,,448.799994501E-9,-79.999998212E-3,,,,,448.799994501E-9,-159.99999642E-3,,,,,448.799994501E-9,25.60000038,
,,,449.200001640E-9,-79.999998212E-3,,,,,449.200001640E-9,-119.9999973E-3,,,,,449.200001640E-9,25.20000076,
,,,449.600008778E-9,-79.999998212E-3,,,,,449.600008778E-9,-119.9999973E-3,,,,,449.600008778E-9,25.20000076,
,,,449.999987495E-9,-39.99999911E-3,,,,,449.999987495E-9,-119.9999973E-3,,,,,449.999987495E-9,25.20000076,
,,,450.399994634E-9,-39.99999911E-3,,,,,450.399994634E-9,-119.9999973E-3,,,,,450.399994634E-9,25.20000076,
,,,450.800001772E-9,0.0,,,,,450.800001772E-9,-119.9999973E-3,,,,,450.800001772E-9,25.20000076,
,,,451.200008911E-9,39.99999911E-3,,,,,451.200008911E-9,-79.999998212E-3,,,,,451.200008911E-9,24.80000114,
,,,451.599987628E-9,39.99999911E-3,,,,,451.599987628E-9,-79.999998212E-3,,,,,451.599987628E-9,24.80000114,
,,,451.999994766E-9,79.999998212E-3,,,,,451.999994766E-9,-39.99999911E-3,,,,,451.999994766E-9,24.80000114,
,,,452.400001905E-9,39.99999911E-3,,,,,452.400001905E-9,-39.99999911E-3,,,,,452.400001905E-9,24.80000114,
,,,452.800009043E-9,39.99999911E-3,,,,,452.800009043E-9,-39.99999911E-3,,,,,452.800009043E-9,24.80000114,
,,,453.199987760E-9,39.99999911E-3,,,,,453.199987760E-9,0.0,,,,,453.199987760E-9,24.80000114,
,,,453.599994898E-9,39.99999911E-3,,,,,453.599994898E-9,0.0,,,,,453.599994898E-9,24.80000114,
,,,454.000002037E-9,39.99999911E-3,,,,,454.000002037E-9,0.0,,,,,454.000002037E-9,24.80000114,
,,,454.400009176E-9,0.0,,,,,454.400009176E-9,0.0,,,,,454.400009176E-9,24.80000114,
,,,454.799987892E-9,0.0,,,,,454.799987892E-9,0.0,,,,,454.799987892E-9,24.80000114,
,,,455.199995031E-9,0.0,,,,,455.199995031E-9,0.0,,,,,455.199995031E-9,24.39999962,
,,,455.600002169E-9,0.0,,,,,455.600002169E-9,0.0,,,,,455.600002169E-9,24.39999962,
,,,456.000009308E-9,0.0,,,,,456.000009308E-9,0.0,,,,,456.000009308E-9,24.39999962,
,,,456.399988025E-9,-39.99999911E-3,,,,,456.399988025E-9,0.0,,,,,456.399988025E-9,24.00000000,
,,,456.799995163E-9,-39.99999911E-3,,,,,456.799995163E-9,0.0,,,,,456.799995163E-9,24.00000000,
,,,457.200002302E-9,-79.999998212E-3,,,,,457.200002302E-9,39.99999911E-3,,,,,457.200002302E-9,24.00000000,
,,,457.600009440E-9,-79.999998212E-3,,,,,457.600009440E-9,39.99999911E-3,,,,,457.600009440E-9,24.00000000,
,,,457.999988157E-9,-79.999998212E-3,,,,,457.999988157E-9,79.999998212E-3,,,,,457.999988157E-9,24.00000000,
,,,458.399995296E-9,-119.9999973E-3,,,,,458.399995296E-9,79.999998212E-3,,,,,458.399995296E-9,24.00000000,
,,,458.800002434E-9,-119.9999973E-3,,,,,458.800002434E-9,79.999998212E-3,,,,,458.800002434E-9,24.39999962,
,,,459.200009573E-9,-119.9999973E-3,,,,,459.200009573E-9,39.99999911E-3,,,,,459.200009573E-9,24.00000000,
,,,459.599988289E-9,-119.9999973E-3,,,,,459.599988289E-9,0.0,,,,,459.599988289E-9,24.00000000,
,,,459.999995428E-9,-119.9999973E-3,,,,,459.999995428E-9,0.0,,,,,459.999995428E-9,24.00000000,
,,,460.400002567E-9,-159.99999642E-3,,,,,460.400002567E-9,-39.99999911E-3,,,,,460.400002567E-9,24.00000000,
,,,460.800009705E-9,-159.99999642E-3,,,,,460.800009705E-9,-39.99999911E-3,,,,,460.800009705E-9,24.00000000,
,,,461.199988422E-9,-159.99999642E-3,,,,,461.199988422E-9,-39.99999911E-3,,,,,461.199988422E-9,24.39999962,
,,,461.599995560E-9,-159.99999642E-3,,,,,461.599995560E-9,-39.99999911E-3,,,,,461.599995560E-9,24.80000114,
,,,462.000002699E-9,-119.9999973E-3,,,,,462.000002699E-9,-39.99999911E-3,,,,,462.000002699E-9,24.80000114,
,,,462.400009837E-9,-119.9999973E-3,,,,,462.400009837E-9,-39.99999911E-3,,,,,462.400009837E-9,24.80000114,
,,,462.799988554E-9,-119.9999973E-3,,,,,462.799988554E-9,-39.99999911E-3,,,,,462.799988554E-9,24.39999962,
,,,463.199995693E-9,-119.9999973E-3,,,,,463.199995693E-9,-39.99999911E-3,,,,,463.199995693E-9,24.39999962,
,,,463.600002831E-9,-119.9999973E-3,,,,,463.600002831E-9,-39.99999911E-3,,,,,463.600002831E-9,24.39999962,
,,,464.000009970E-9,-79.999998212E-3,,,,,464.000009970E-9,-39.99999911E-3,,,,,464.000009970E-9,24.39999962,
,,,464.399988687E-9,-79.999998212E-3,,,,,464.399988687E-9,-39.99999911E-3,,,,,464.399988687E-9,24.39999962,
,,,464.799995825E-9,-79.999998212E-3,,,,,464.799995825E-9,-39.99999911E-3,,,,,464.799995825E-9,24.39999962,
,,,465.200002964E-9,-39.99999911E-3,,,,,465.200002964E-9,0.0,,,,,465.200002964E-9,24.39999962,
,,,465.600010102E-9,-39.99999911E-3,,,,,465.600010102E-9,39.99999911E-3,,,,,465.600010102E-9,24.39999962,
,,,465.999988819E-9,0.0,,,,,465.999988819E-9,79.999998212E-3,,,,,465.999988819E-9,24.80000114,
,,,466.399995958E-9,0.0,,,,,466.399995958E-9,79.999998212E-3,,,,,466.399995958E-9,24.80000114,
,,,466.800003096E-9,0.0,,,,,466.800003096E-9,79.999998212E-3,,,,,466.800003096E-9,24.80000114,
,,,467.200010235E-9,39.99999911E-3,,,,,467.200010235E-9,119.9999973E-3,,,,,467.200010235E-9,24.39999962,
,,,467.599988951E-9,39.99999911E-3,,,,,467.599988951E-9,119.9999973E-3,,,,,467.599988951E-9,24.39999962,
,,,467.999996090E-9,39.99999911E-3,,,,,467.999996090E-9,159.99999642E-3,,,,,467.999996090E-9,24.39999962,
,,,468.400003228E-9,39.99999911E-3,,,,,468.400003228E-9,159.99999642E-3,,,,,468.400003228E-9,24.00000000,
,,,468.800010367E-9,39.99999911E-3,,,,,468.800010367E-9,159.99999642E-3,,,,,468.800010367E-9,24.00000000,
,,,469.199989084E-9,0.0,,,,,469.199989084E-9,199.99998808E-3,,,,,469.199989084E-9,24.00000000,
,,,469.599996222E-9,0.0,,,,,469.599996222E-9,199.99998808E-3,,,,,469.599996222E-9,24.00000000,
,,,470.000003361E-9,0.0,,,,,470.000003361E-9,199.99998808E-3,,,,,470.000003361E-9,24.00000000,
,,,470.400010499E-9,-39.99999911E-3,,,,,470.400010499E-9,199.99998808E-3,,,,,470.400010499E-9,24.00000000,
,,,470.799989216E-9,-39.99999911E-3,,,,,470.799989216E-9,199.99998808E-3,,,,,470.799989216E-9,24.00000000,
,,,471.199996355E-9,-79.999998212E-3,,,,,471.199996355E-9,159.99999642E-3,,,,,471.199996355E-9,24.00000000,
,,,471.600003493E-9,-79.999998212E-3,,,,,471.600003493E-9,119.9999973E-3,,,,,471.600003493E-9,24.00000000,
,,,472.000010632E-9,-79.999998212E-3,,,,,472.000010632E-9,79.999998212E-3,,,,,472.000010632E-9,23.60000038,
,,,472.399989349E-9,-119.9999973E-3,,,,,472.399989349E-9,39.99999911E-3,,,,,472.399989349E-9,23.60000038,
,,,472.799996487E-9,-159.99999642E-3,,,,,472.799996487E-9,0.0,,,,,472.799996487E-9,23.60000038,
,,,473.200003626E-9,-199.99998808E-3,,,,,473.200003626E-9,0.0,,,,,473.200003626E-9,24.00000000,
,,,473.600010764E-9,-199.99998808E-3,,,,,473.600010764E-9,0.0,,,,,473.600010764E-9,24.00000000,
,,,473.999989481E-9,-159.99999642E-3,,,,,473.999989481E-9,39.99999911E-3,,,,,473.999989481E-9,23.60000038,
,,,474.399996619E-9,-159.99999642E-3,,,,,474.399996619E-9,39.99999911E-3,,,,,474.399996619E-9,23.60000038,
,,,474.800003758E-9,-119.9999973E-3,,,,,474.800003758E-9,39.99999911E-3,,,,,474.800003758E-9,23.60000038,
,,,475.200010897E-9,-79.999998212E-3,,,,,475.200010897E-9,0.0,,,,,475.200010897E-9,23.20000076,
,,,475.599989613E-9,-79.999998212E-3,,,,,475.599989613E-9,0.0,,,,,475.599989613E-9,23.20000076,
,,,475.999996752E-9,-79.999998212E-3,,,,,475.999996752E-9,0.0,,,,,475.999996752E-9,23.20000076,
,,,476.400003890E-9,-79.999998212E-3,,,,,476.400003890E-9,0.0,,,,,476.400003890E-9,23.60000038,
,,,476.800011029E-9,-79.999998212E-3,,,,,476.800011029E-9,0.0,,,,,476.800011029E-9,23.60000038,
,,,477.199989746E-9,-39.99999911E-3,,,,,477.199989746E-9,39.99999911E-3,,,,,477.199989746E-9,23.60000038,
,,,477.599996884E-9,-39.99999911E-3,,,,,477.599996884E-9,39.99999911E-3,,,,,477.599996884E-9,23.60000038,
,,,478.000004023E-9,-39.99999911E-3,,,,,478.000004023E-9,39.99999911E-3,,,,,478.000004023E-9,23.60000038,
,,,478.400011161E-9,-39.99999911E-3,,,,,478.400011161E-9,39.99999911E-3,,,,,478.400011161E-9,23.60000038,
,,,478.800018300E-9,-39.99999911E-3,,,,,478.800018300E-9,39.99999911E-3,,,,,478.800018300E-9,23.60000038,
,,,479.200025438E-9,0.0,,,,,479.200025438E-9,79.999998212E-3,,,,,479.200025438E-9,23.60000038,
,,,479.599975733E-9,0.0,,,,,479.599975733E-9,119.9999973E-3,,,,,479.599975733E-9,23.60000038,
,,,479.999982872E-9,0.0,,,,,479.999982872E-9,159.99999642E-3,,,,,479.999982872E-9,24.00000000,
,,,480.399990010E-9,0.0,,,,,480.399990010E-9,159.99999642E-3,,,,,480.399990010E-9,24.00000000,
,,,480.799997149E-9,0.0,,,,,480.799997149E-9,159.99999642E-3,,,,,480.799997149E-9,23.60000038,
,,,481.200004288E-9,-39.99999911E-3,,,,,481.200004288E-9,199.99998808E-3,,,,,481.200004288E-9,23.60000038,
,,,481.600011426E-9,-79.999998212E-3,,,,,481.600011426E-9,239.99999464E-3,,,,,481.600011426E-9,23.60000038,
,,,482.000018565E-9,-79.999998212E-3,,,,,482.000018565E-9,280.00000119E-3,,,,,482.000018565E-9,23.60000038,
,,,482.400025703E-9,-119.9999973E-3,,,,,482.400025703E-9,239.99999464E-3,,,,,482.400025703E-9,23.20000076,
,,,482.799975998E-9,-79.999998212E-3,,,,,482.799975998E-9,199.99998808E-3,,,,,482.799975998E-9,23.20000076,
,,,483.199983137E-9,-79.999998212E-3,,,,,483.199983137E-9,159.99999642E-3,,,,,483.199983137E-9,23.20000076,
,,,483.599990275E-9,-119.9999973E-3,,,,,483.599990275E-9,119.9999973E-3,,,,,483.599990275E-9,23.20000076,
,,,483.999997414E-9,-79.999998212E-3,,,,,483.999997414E-9,119.9999973E-3,,,,,483.999997414E-9,23.20000076,
,,,484.400004552E-9,-79.999998212E-3,,,,,484.400004552E-9,79.999998212E-3,,,,,484.400004552E-9,23.20000076,
,,,484.800011691E-9,-39.99999911E-3,,,,,484.800011691E-9,79.999998212E-3,,,,,484.800011691E-9,22.80000114,
,,,485.200018829E-9,0.0,,,,,485.200018829E-9,39.99999911E-3,,,,,485.200018829E-9,22.80000114,
,,,485.600025968E-9,0.0,,,,,485.600025968E-9,39.99999911E-3,,,,,485.600025968E-9,22.80000114,
,,,485.999976263E-9,0.0,,,,,485.999976263E-9,39.99999911E-3,,,,,485.999976263E-9,22.80000114,
,,,486.399983401E-9,0.0,,,,,486.399983401E-9,39.99999911E-3,,,,,486.399983401E-9,22.80000114,
,,,486.799990540E-9,0.0,,,,,486.799990540E-9,39.99999911E-3,,,,,486.799990540E-9,22.80000114,
,,,487.199997679E-9,39.99999911E-3,,,,,487.199997679E-9,0.0,,,,,487.199997679E-9,22.80000114,
,,,487.600004817E-9,39.99999911E-3,,,,,487.600004817E-9,-39.99999911E-3,,,,,487.600004817E-9,23.20000076,
,,,488.000011956E-9,39.99999911E-3,,,,,488.000011956E-9,-39.99999911E-3,,,,,488.000011956E-9,23.20000076,
,,,488.400019094E-9,0.0,,,,,488.400019094E-9,-39.99999911E-3,,,,,488.400019094E-9,23.60000038,
,,,488.800026233E-9,0.0,,,,,488.800026233E-9,-39.99999911E-3,,,,,488.800026233E-9,23.60000038,
,,,489.199976528E-9,0.0,,,,,489.199976528E-9,-79.999998212E-3,,,,,489.199976528E-9,24.00000000,
,,,489.599983666E-9,0.0,,,,,489.599983666E-9,-79.999998212E-3,,,,,489.599983666E-9,24.00000000,
,,,489.999990805E-9,0.0,,,,,489.999990805E-9,-79.999998212E-3,,,,,489.999990805E-9,24.00000000,
,,,490.399997943E-9,0.0,,,,,490.399997943E-9,-119.9999973E-3,,,,,490.399997943E-9,24.00000000,
,,,490.800005082E-9,0.0,,,,,490.800005082E-9,-79.999998212E-3,,,,,490.800005082E-9,24.00000000,
,,,491.200012220E-9,-39.99999911E-3,,,,,491.200012220E-9,-79.999998212E-3,,,,,491.200012220E-9,24.39999962,
,,,491.600019359E-9,-39.99999911E-3,,,,,491.600019359E-9,-79.999998212E-3,,,,,491.600019359E-9,24.39999962,
,,,492.000026497E-9,-39.99999911E-3,,,,,492.000026497E-9,-39.99999911E-3,,,,,492.000026497E-9,24.39999962,
,,,492.399976793E-9,-39.99999911E-3,,,,,492.399976793E-9,-39.99999911E-3,,,,,492.399976793E-9,24.00000000,
,,,492.799983931E-9,-39.99999911E-3,,,,,492.799983931E-9,0.0,,,,,492.799983931E-9,24.00000000,
,,,493.199991070E-9,-39.99999911E-3,,,,,493.199991070E-9,39.99999911E-3,,,,,493.199991070E-9,24.00000000,
,,,493.599998208E-9,-39.99999911E-3,,,,,493.599998208E-9,79.999998212E-3,,,,,493.599998208E-9,24.00000000,
,,,494.000005347E-9,-39.99999911E-3,,,,,494.000005347E-9,119.9999973E-3,,,,,494.000005347E-9,24.00000000,
,,,494.400012485E-9,-79.999998212E-3,,,,,494.400012485E-9,119.9999973E-3,,,,,494.400012485E-9,24.00000000,
,,,494.800019624E-9,-39.99999911E-3,,,,,494.800019624E-9,159.99999642E-3,,,,,494.800019624E-9,23.60000038,
,,,495.200026762E-9,-39.99999911E-3,,,,,495.200026762E-9,159.99999642E-3,,,,,495.200026762E-9,23.20000076,
,,,495.599977057E-9,0.0,,,,,495.599977057E-9,159.99999642E-3,,,,,495.599977057E-9,22.80000114,
,,,495.999984196E-9,39.99999911E-3,,,,,495.999984196E-9,159.99999642E-3,,,,,495.999984196E-9,22.80000114,
,,,496.399991334E-9,0.0,,,,,496.399991334E-9,119.9999973E-3,,,,,496.399991334E-9,22.80000114,
,,,496.799998473E-9,0.0,,,,,496.799998473E-9,79.999998212E-3,,,,,496.799998473E-9,22.80000114,
,,,497.200005611E-9,0.0,,,,,497.200005611E-9,79.999998212E-3,,,,,497.200005611E-9,22.39999962,
,,,497.600012750E-9,0.0,,,,,497.600012750E-9,79.999998212E-3,,,,,497.600012750E-9,22.39999962,
,,,498.000019888E-9,39.99999911E-3,,,,,498.000019888E-9,79.999998212E-3,,,,,498.000019888E-9,22.39999962,
,,,498.400027027E-9,39.99999911E-3,,,,,498.400027027E-9,39.99999911E-3,,,,,498.400027027E-9,22.39999962,
,,,498.799977322E-9,79.999998212E-3,,,,,498.799977322E-9,39.99999911E-3,,,,,498.799977322E-9,22.39999962,
,,,499.199984461E-9,39.99999911E-3,,,,,499.199984461E-9,39.99999911E-3,,,,,499.199984461E-9,22.39999962,
,,,499.599991599E-9,39.99999911E-3,,,,,499.599991599E-9,39.99999911E-3,,,,,499.599991599E-9,22.39999962,
,,,499.999998738E-9,39.99999911E-3,,,,,499.999998738E-9,39.99999911E-3,,,,,499.999998738E-9,22.00000000,
,,,500.400005876E-9,39.99999911E-3,,,,,500.400005876E-9,39.99999911E-3,,,,,500.400005876E-9,22.00000000,
,,,500.800013015E-9,39.99999911E-3,,,,,500.800013015E-9,39.99999911E-3,,,,,500.800013015E-9,22.00000000,
,,,501.200020153E-9,0.0,,,,,501.200020153E-9,0.0,,,,,501.200020153E-9,22.00000000,
,,,501.600027292E-9,0.0,,,,,501.600027292E-9,0.0,,,,,501.600027292E-9,22.39999962,
,,,501.999977587E-9,0.0,,,,,501.999977587E-9,-39.99999911E-3,,,,,501.999977587E-9,22.39999962,
,,,502.399984725E-9,0.0,,,,,502.399984725E-9,-79.999998212E-3,,,,,502.399984725E-9,22.39999962,
,,,502.799991864E-9,0.0,,,,,502.799991864E-9,-119.9999973E-3,,,,,502.799991864E-9,22.80000114,
,,,503.199999002E-9,-39.99999911E-3,,,,,503.199999002E-9,-159.99999642E-3,,,,,503.199999002E-9,22.80000114,
,,,503.600006141E-9,-39.99999911E-3,,,,,503.600006141E-9,-159.99999642E-3,,,,,503.600006141E-9,22.80000114,
,,,504.000013279E-9,-39.99999911E-3,,,,,504.000013279E-9,-159.99999642E-3,,,,,504.000013279E-9,22.80000114,
,,,504.400020418E-9,-79.999998212E-3,,,,,504.400020418E-9,-199.99998808E-3,,,,,504.400020418E-9,22.80000114,
,,,504.800027556E-9,-39.99999911E-3,,,,,504.800027556E-9,-159.99999642E-3,,,,,504.800027556E-9,22.80000114,
,,,505.199977852E-9,-39.99999911E-3,,,,,505.199977852E-9,-159.99999642E-3,,,,,505.199977852E-9,23.20000076,
,,,505.599984990E-9,-39.99999911E-3,,,,,505.599984990E-9,-159.99999642E-3,,,,,505.599984990E-9,23.20000076,
,,,505.999992129E-9,0.0,,,,,505.999992129E-9,-119.9999973E-3,,,,,505.999992129E-9,23.60000038,
,,,506.399999267E-9,0.0,,,,,506.399999267E-9,-119.9999973E-3,,,,,506.399999267E-9,23.60000038,
,,,506.800006406E-9,0.0,,,,,506.800006406E-9,-119.9999973E-3,,,,,506.800006406E-9,23.60000038,
,,,507.200013544E-9,0.0,,,,,507.200013544E-9,-79.999998212E-3,,,,,507.200013544E-9,23.60000038,
,,,507.600020683E-9,0.0,,,,,507.600020683E-9,-79.999998212E-3,,,,,507.600020683E-9,23.60000038,
,,,508.000027821E-9,39.99999911E-3,,,,,508.000027821E-9,-79.999998212E-3,,,,,508.000027821E-9,23.60000038,
,,,508.399978116E-9,39.99999911E-3,,,,,508.399978116E-9,-119.9999973E-3,,,,,508.399978116E-9,23.60000038,
,,,508.799985255E-9,39.99999911E-3,,,,,508.799985255E-9,-119.9999973E-3,,,,,508.799985255E-9,23.60000038,
,,,509.199992393E-9,79.999998212E-3,,,,,509.199992393E-9,-119.9999973E-3,,,,,509.199992393E-9,23.20000076,
,,,509.599999532E-9,79.999998212E-3,,,,,509.599999532E-9,-119.9999973E-3,,,,,509.599999532E-9,23.20000076,
,,,510.000006670E-9,79.999998212E-3,,,,,510.000006670E-9,-79.999998212E-3,,,,,510.000006670E-9,23.20000076,
,,,510.400013809E-9,79.999998212E-3,,,,,510.400013809E-9,-79.999998212E-3,,,,,510.400013809E-9,23.20000076,
,,,510.800020947E-9,79.999998212E-3,,,,,510.800020947E-9,-39.99999911E-3,,,,,510.800020947E-9,23.20000076,
,,,511.200028086E-9,79.999998212E-3,,,,,511.200028086E-9,0.0,,,,,511.200028086E-9,23.20000076,
,,,511.599978381E-9,79.999998212E-3,,,,,511.599978381E-9,0.0,,,,,511.599978381E-9,22.80000114,
,,,511.999985520E-9,119.9999973E-3,,,,,511.999985520E-9,39.99999911E-3,,,,,511.999985520E-9,22.80000114,
,,,512.399992658E-9,119.9999973E-3,,,,,512.399992658E-9,39.99999911E-3,,,,,512.399992658E-9,22.80000114,
,,,512.799999797E-9,119.9999973E-3,,,,,512.799999797E-9,39.99999911E-3,,,,,512.799999797E-9,22.80000114,
,,,513.200006935E-9,79.999998212E-3,,,,,513.200006935E-9,39.99999911E-3,,,,,513.200006935E-9,22.80000114,
,,,513.600014074E-9,79.999998212E-3,,,,,513.600014074E-9,39.99999911E-3,,,,,513.600014074E-9,22.80000114,
,,,514.000021212E-9,79.999998212E-3,,,,,514.000021212E-9,39.99999911E-3,,,,,514.000021212E-9,22.39999962,
,,,514.400028351E-9,39.99999911E-3,,,,,514.400028351E-9,0.0,,,,,514.400028351E-9,22.39999962,
,,,514.799978646E-9,39.99999911E-3,,,,,514.799978646E-9,0.0,,,,,514.799978646E-9,22.39999962,
,,,515.199985784E-9,0.0,,,,,515.199985784E-9,-39.99999911E-3,,,,,515.199985784E-9,22.39999962,
,,,515.599992923E-9,0.0,,,,,515.599992923E-9,-39.99999911E-3,,,,,515.599992923E-9,22.39999962,
,,,516.000000061E-9,0.0,,,,,516.000000061E-9,-39.99999911E-3,,,,,516.000000061E-9,22.00000000,
,,,516.400007200E-9,-39.99999911E-3,,,,,516.400007200E-9,-79.999998212E-3,,,,,516.400007200E-9,22.00000000,
,,,516.800014339E-9,-39.99999911E-3,,,,,516.800014339E-9,-79.999998212E-3,,,,,516.800014339E-9,22.00000000,
,,,517.200021477E-9,-39.99999911E-3,,,,,517.200021477E-9,-79.999998212E-3,,,,,517.200021477E-9,22.00000000,
,,,517.600028616E-9,-39.99999911E-3,,,,,517.600028616E-9,-79.999998212E-3,,,,,517.600028616E-9,22.39999962,
,,,517.999978911E-9,-39.99999911E-3,,,,,517.999978911E-9,-79.999998212E-3,,,,,517.999978911E-9,22.39999962,
,,,518.399986049E-9,-79.999998212E-3,,,,,518.399986049E-9,-79.999998212E-3,,,,,518.399986049E-9,22.39999962,
,,,518.799993188E-9,-79.999998212E-3,,,,,518.799993188E-9,-79.999998212E-3,,,,,518.799993188E-9,22.39999962,
,,,519.200000326E-9,-79.999998212E-3,,,,,519.200000326E-9,-119.9999973E-3,,,,,519.200000326E-9,22.39999962,
,,,519.600007465E-9,-79.999998212E-3,,,,,519.600007465E-9,-159.99999642E-3,,,,,519.600007465E-9,22.39999962,
,,,520.000014603E-9,-39.99999911E-3,,,,,520.000014603E-9,-159.99999642E-3,,,,,520.000014603E-9,22.80000114,
,,,520.400021742E-9,-39.99999911E-3,,,,,520.400021742E-9,-199.99998808E-3,,,,,520.400021742E-9,22.80000114,
,,,520.800028880E-9,-39.99999911E-3,,,,,520.800028880E-9,-199.99998808E-3,,,,,520.800028880E-9,22.80000114,
,,,521.199979175E-9,-39.99999911E-3,,,,,521.199979175E-9,-239.99999464E-3,,,,,521.199979175E-9,22.80000114,
,,,521.599986314E-9,-39.99999911E-3,,,,,521.599986314E-9,-239.99999464E-3,,,,,521.599986314E-9,22.80000114,
,,,521.999993452E-9,0.0,,,,,521.999993452E-9,-199.99998808E-3,,,,,521.999993452E-9,22.80000114,
,,,522.400000591E-9,0.0,,,,,522.400000591E-9,-199.99998808E-3,,,,,522.400000591E-9,22.80000114,
,,,522.800007730E-9,0.0,,,,,522.800007730E-9,-159.99999642E-3,,,,,522.800007730E-9,22.80000114,
,,,523.200014868E-9,39.99999911E-3,,,,,523.200014868E-9,-119.9999973E-3,,,,,523.200014868E-9,22.80000114,
,,,523.600022007E-9,39.99999911E-3,,,,,523.600022007E-9,-119.9999973E-3,,,,,523.600022007E-9,22.80000114,
,,,524.000029145E-9,39.99999911E-3,,,,,524.000029145E-9,-79.999998212E-3,,,,,524.000029145E-9,22.80000114,
,,,524.399979440E-9,0.0,,,,,524.399979440E-9,-79.999998212E-3,,,,,524.399979440E-9,22.80000114,
,,,524.799986579E-9,0.0,,,,,524.799986579E-9,-79.999998212E-3,,,,,524.799986579E-9,22.80000114,
,,,525.199993717E-9,0.0,,,,,525.199993717E-9,-79.999998212E-3,,,,,525.199993717E-9,23.20000076,
,,,525.600000856E-9,0.0,,,,,525.600000856E-9,-79.999998212E-3,,,,,525.600000856E-9,22.80000114,
,,,526.000007994E-9,39.99999911E-3,,,,,526.000007994E-9,-79.999998212E-3,,,,,526.000007994E-9,22.80000114,
,,,526.400015133E-9,39.99999911E-3,,,,,526.400015133E-9,-119.9999973E-3,,,,,526.400015133E-9,22.39999962,
,,,526.800022271E-9,39.99999911E-3,,,,,526.800022271E-9,-119.9999973E-3,,,,,526.800022271E-9,22.39999962,
,,,527.200029410E-9,0.0,,,,,527.200029410E-9,-119.9999973E-3,,,,,527.200029410E-9,22.80000114,
,,,527.599979705E-9,0.0,,,,,527.599979705E-9,-119.9999973E-3,,,,,527.599979705E-9,22.80000114,
,,,527.999986843E-9,0.0,,,,,527.999986843E-9,-79.999998212E-3,,,,,527.999986843E-9,22.80000114,
,,,528.399993982E-9,0.0,,,,,528.399993982E-9,-119.9999973E-3,,,,,528.399993982E-9,22.80000114,
,,,528.800001121E-9,0.0,,,,,528.800001121E-9,-119.9999973E-3,,,,,528.800001121E-9,22.80000114,
,,,529.200008259E-9,39.99999911E-3,,,,,529.200008259E-9,-119.9999973E-3,,,,,529.200008259E-9,22.80000114,
,,,529.600015398E-9,39.99999911E-3,,,,,529.600015398E-9,-119.9999973E-3,,,,,529.600015398E-9,22.80000114,
,,,530.000022536E-9,39.99999911E-3,,,,,530.000022536E-9,-79.999998212E-3,,,,,530.000022536E-9,22.39999962,
,,,530.400029675E-9,39.99999911E-3,,,,,530.400029675E-9,-119.9999973E-3,,,,,530.400029675E-9,22.80000114,
,,,530.799979970E-9,39.99999911E-3,,,,,530.799979970E-9,-119.9999973E-3,,,,,530.799979970E-9,22.80000114,
,,,531.199987108E-9,79.999998212E-3,,,,,531.199987108E-9,-119.9999973E-3,,,,,531.199987108E-9,22.39999962,
,,,531.599994247E-9,79.999998212E-3,,,,,531.599994247E-9,-119.9999973E-3,,,,,531.599994247E-9,22.39999962,
,,,532.000001385E-9,79.999998212E-3,,,,,532.000001385E-9,-79.999998212E-3,,,,,532.000001385E-9,22.39999962,
,,,532.400008524E-9,39.99999911E-3,,,,,532.400008524E-9,-79.999998212E-3,,,,,532.400008524E-9,22.00000000,
,,,532.800015662E-9,39.99999911E-3,,,,,532.800015662E-9,-39.99999911E-3,,,,,532.800015662E-9,22.39999962,
,,,533.200022801E-9,39.99999911E-3,,,,,533.200022801E-9,-79.999998212E-3,,,,,533.200022801E-9,22.00000000,
,,,533.600029939E-9,39.99999911E-3,,,,,533.600029939E-9,-79.999998212E-3,,,,,533.600029939E-9,22.00000000,
,,,533.999980235E-9,39.99999911E-3,,,,,533.999980235E-9,-79.999998212E-3,,,,,533.999980235E-9,22.00000000,
,,,534.399987373E-9,39.99999911E-3,,,,,534.399987373E-9,-119.9999973E-3,,,,,534.399987373E-9,22.00000000,
,,,534.799994512E-9,39.99999911E-3,,,,,534.799994512E-9,-79.999998212E-3,,,,,534.799994512E-9,22.39999962,
,,,535.200001650E-9,0.0,,,,,535.200001650E-9,-79.999998212E-3,,,,,535.200001650E-9,22.39999962,
,,,535.600008789E-9,0.0,,,,,535.600008789E-9,-79.999998212E-3,,,,,535.600008789E-9,22.39999962,
,,,536.000015927E-9,0.0,,,,,536.000015927E-9,-39.99999911E-3,,,,,536.000015927E-9,22.39999962,
,,,536.400023066E-9,-39.99999911E-3,,,,,536.400023066E-9,-39.99999911E-3,,,,,536.400023066E-9,22.39999962,
,,,536.800030204E-9,-39.99999911E-3,,,,,536.800030204E-9,-39.99999911E-3,,,,,536.800030204E-9,22.39999962,
,,,537.199980499E-9,-39.99999911E-3,,,,,537.199980499E-9,-39.99999911E-3,,,,,537.199980499E-9,22.39999962,
,,,537.599987638E-9,-39.99999911E-3,,,,,537.599987638E-9,-39.99999911E-3,,,,,537.599987638E-9,22.80000114,
,,,537.999994776E-9,0.0,,,,,537.999994776E-9,-39.99999911E-3,,,,,537.999994776E-9,22.80000114,
,,,538.400001915E-9,0.0,,,,,538.400001915E-9,-39.99999911E-3,,,,,538.400001915E-9,22.80000114,
,,,538.800009053E-9,0.0,,,,,538.800009053E-9,-39.99999911E-3,,,,,538.800009053E-9,22.80000114,
,,,539.200016192E-9,-39.99999911E-3,,,,,539.200016192E-9,0.0,,,,,539.200016192E-9,22.39999962,
,,,539.600023330E-9,-39.99999911E-3,,,,,539.600023330E-9,0.0,,,,,539.600023330E-9,22.39999962,
,,,540.000030469E-9,-39.99999911E-3,,,,,540.000030469E-9,0.0,,,,,540.000030469E-9,22.39999962,
,,,540.399980764E-9,-39.99999911E-3,,,,,540.399980764E-9,-39.99999911E-3,,,,,540.399980764E-9,22.80000114,
,,,540.799987903E-9,0.0,,,,,540.799987903E-9,-79.999998212E-3,,,,,540.799987903E-9,22.80000114,
,,,541.199995041E-9,-39.99999911E-3,,,,,541.199995041E-9,-119.9999973E-3,,,,,541.199995041E-9,22.80000114,
,,,541.600002180E-9,-79.999998212E-3,,,,,541.600002180E-9,-119.9999973E-3,,,,,541.600002180E-9,23.20000076,
,,,542.000009318E-9,-79.999998212E-3,,,,,542.000009318E-9,-79.999998212E-3,,,,,542.000009318E-9,22.80000114,
,,,542.400016457E-9,-119.9999973E-3,,,,,542.400016457E-9,-79.999998212E-3,,,,,542.400016457E-9,22.80000114,
,,,542.800023595E-9,-79.999998212E-3,,,,,542.800023595E-9,-79.999998212E-3,,,,,542.800023595E-9,22.80000114,
,,,543.200030734E-9,-79.999998212E-3,,,,,543.200030734E-9,-79.999998212E-3,,,,,543.200030734E-9,22.39999962,
,,,543.599981029E-9,-79.999998212E-3,,,,,543.599981029E-9,-79.999998212E-3,,,,,543.599981029E-9,22.39999962,
,,,543.999988167E-9,-79.999998212E-3,,,,,543.999988167E-9,-79.999998212E-3,,,,,543.999988167E-9,22.39999962,
,,,544.399995306E-9,-79.999998212E-3,,,,,544.399995306E-9,-119.9999973E-3,,,,,544.399995306E-9,22.39999962,
,,,544.800002444E-9,-79.999998212E-3,,,,,544.800002444E-9,-79.999998212E-3,,,,,544.800002444E-9,22.39999962,
,,,545.200009583E-9,-39.99999911E-3,,,,,545.200009583E-9,-79.999998212E-3,,,,,545.200009583E-9,22.39999962,
,,,545.600016721E-9,-39.99999911E-3,,,,,545.600016721E-9,-79.999998212E-3,,,,,545.600016721E-9,22.00000000,
,,,546.000023860E-9,-39.99999911E-3,,,,,546.000023860E-9,-39.99999911E-3,,,,,546.000023860E-9,22.00000000,
,,,546.399974155E-9,-39.99999911E-3,,,,,546.399974155E-9,-39.99999911E-3,,,,,546.399974155E-9,22.00000000,
,,,546.799981294E-9,-39.99999911E-3,,,,,546.799981294E-9,-39.99999911E-3,,,,,546.799981294E-9,22.00000000,
,,,547.199988432E-9,-39.99999911E-3,,,,,547.199988432E-9,-39.99999911E-3,,,,,547.199988432E-9,22.39999962,
,,,547.599995571E-9,-39.99999911E-3,,,,,547.599995571E-9,0.0,,,,,547.599995571E-9,22.39999962,
,,,548.000002709E-9,-39.99999911E-3,,,,,548.000002709E-9,39.99999911E-3,,,,,548.000002709E-9,22.39999962,
,,,548.400009848E-9,-39.99999911E-3,,,,,548.400009848E-9,39.99999911E-3,,,,,548.400009848E-9,22.39999962,
,,,548.800016986E-9,-39.99999911E-3,,,,,548.800016986E-9,39.99999911E-3,,,,,548.800016986E-9,22.39999962,
,,,549.200024125E-9,-39.99999911E-3,,,,,549.200024125E-9,39.99999911E-3,,,,,549.200024125E-9,22.39999962,
,,,549.599974420E-9,-39.99999911E-3,,,,,549.599974420E-9,39.99999911E-3,,,,,549.599974420E-9,22.39999962,
,,,549.999981558E-9,0.0,,,,,549.999981558E-9,39.99999911E-3,,,,,549.999981558E-9,22.39999962,
,,,550.399988697E-9,0.0,,,,,550.399988697E-9,39.99999911E-3,,,,,550.399988697E-9,22.39999962,
,,,550.799995835E-9,0.0,,,,,550.799995835E-9,39.99999911E-3,,,,,550.799995835E-9,22.39999962,
,,,551.200002974E-9,0.0,,,,,551.200002974E-9,39.99999911E-3,,,,,551.200002974E-9,22.80000114,
,,,551.600010112E-9,0.0,,,,,551.600010112E-9,39.99999911E-3,,,,,551.600010112E-9,22.80000114,
,,,552.000017251E-9,39.99999911E-3,,,,,552.000017251E-9,39.99999911E-3,,,,,552.000017251E-9,22.80000114,
,,,552.400024389E-9,39.99999911E-3,,,,,552.400024389E-9,39.99999911E-3,,,,,552.400024389E-9,22.80000114,
,,,552.799974685E-9,39.99999911E-3,,,,,552.799974685E-9,39.99999911E-3,,,,,552.799974685E-9,22.80000114,
,,,553.199981823E-9,0.0,,,,,553.199981823E-9,39.99999911E-3,,,,,553.199981823E-9,22.80000114,
,,,553.599988962E-9,0.0,,,,,553.599988962E-9,39.99999911E-3,,,,,553.599988962E-9,22.80000114,
,,,553.999996100E-9,0.0,,,,,553.999996100E-9,39.99999911E-3,,,,,553.999996100E-9,22.39999962,
,,,554.400003239E-9,0.0,,,,,554.400003239E-9,39.99999911E-3,,,,,554.400003239E-9,22.39999962,
,,,554.800010377E-9,0.0,,,,,554.800010377E-9,39.99999911E-3,,,,,554.800010377E-9,22.39999962,
,,,555.200017516E-9,-39.99999911E-3,,,,,555.200017516E-9,0.0,,,,,555.200017516E-9,22.80000114,
,,,555.600024654E-9,-39.99999911E-3,,,,,555.600024654E-9,0.0,,,,,555.600024654E-9,22.80000114,
,,,555.999974949E-9,-39.99999911E-3,,,,,555.999974949E-9,0.0,,,,,555.999974949E-9,22.80000114,
,,,556.399982088E-9,-79.999998212E-3,,,,,556.399982088E-9,0.0,,,,,556.399982088E-9,22.80000114,
,,,556.799989226E-9,-79.999998212E-3,,,,,556.799989226E-9,0.0,,,,,556.799989226E-9,22.39999962,
,,,557.199996365E-9,-119.9999973E-3,,,,,557.199996365E-9,39.99999911E-3,,,,,557.199996365E-9,22.80000114,
,,,557.600003503E-9,-119.9999973E-3,,,,,557.600003503E-9,39.99999911E-3,,,,,557.600003503E-9,22.80000114,
,,,558.000010642E-9,-119.9999973E-3,,,,,558.000010642E-9,39.99999911E-3,,,,,558.000010642E-9,22.80000114,
,,,558.400017781E-9,-119.9999973E-3,,,,,558.400017781E-9,39.99999911E-3,,,,,558.400017781E-9,22.80000114,
,,,558.800024919E-9,-119.9999973E-3,,,,,558.800024919E-9,39.99999911E-3,,,,,558.800024919E-9,22.80000114,
,,,559.199975214E-9,-159.99999642E-3,,,,,559.199975214E-9,39.99999911E-3,,,,,559.199975214E-9,22.80000114,
,,,559.599982353E-9,-159.99999642E-3,,,,,559.599982353E-9,39.99999911E-3,,,,,559.599982353E-9,22.80000114,
,,,559.999989491E-9,-159.99999642E-3,,,,,559.999989491E-9,39.99999911E-3,,,,,559.999989491E-9,22.80000114,
,,,560.399996630E-9,-199.99998808E-3,,,,,560.399996630E-9,39.99999911E-3,,,,,560.399996630E-9,22.39999962,
,,,560.800003768E-9,-159.99999642E-3,,,,,560.800003768E-9,39.99999911E-3,,,,,560.800003768E-9,22.39999962,
,,,561.200010907E-9,-159.99999642E-3,,,,,561.200010907E-9,0.0,,,,,561.200010907E-9,22.39999962,
,,,561.600018045E-9,-159.99999642E-3,,,,,561.600018045E-9,0.0,,,,,561.600018045E-9,22.39999962,
,,,562.000025184E-9,-119.9999973E-3,,,,,562.000025184E-9,0.0,,,,,562.000025184E-9,22.39999962,
,,,562.399975479E-9,-119.9999973E-3,,,,,562.399975479E-9,-39.99999911E-3,,,,,562.399975479E-9,22.39999962,
,,,562.799982617E-9,-119.9999973E-3,,,,,562.799982617E-9,0.0,,,,,562.799982617E-9,22.39999962,
,,,563.199989756E-9,-79.999998212E-3,,,,,563.199989756E-9,0.0,,,,,563.199989756E-9,22.39999962,
,,,563.599996894E-9,-79.999998212E-3,,,,,563.599996894E-9,0.0,,,,,563.599996894E-9,22.39999962,
,,,564.000004033E-9,-79.999998212E-3,,,,,564.000004033E-9,39.99999911E-3,,,,,564.000004033E-9,22.39999962,
,,,564.400011172E-9,-79.999998212E-3,,,,,564.400011172E-9,39.99999911E-3,,,,,564.400011172E-9,22.39999962,
,,,564.800018310E-9,-39.99999911E-3,,,,,564.800018310E-9,39.99999911E-3,,,,,564.800018310E-9,22.39999962,
,,,565.200025449E-9,0.0,,,,,565.200025449E-9,79.999998212E-3,,,,,565.200025449E-9,22.39999962,
,,,565.599975744E-9,0.0,,,,,565.599975744E-9,79.999998212E-3,,,,,565.599975744E-9,22.39999962,
,,,565.999982882E-9,39.99999911E-3,,,,,565.999982882E-9,119.9999973E-3,,,,,565.999982882E-9,22.39999962,
,,,566.399990021E-9,39.99999911E-3,,,,,566.399990021E-9,119.9999973E-3,,,,,566.399990021E-9,22.00000000,
,,,566.799997159E-9,39.99999911E-3,,,,,566.799997159E-9,119.9999973E-3,,,,,566.799997159E-9,22.39999962,
,,,567.200004298E-9,39.99999911E-3,,,,,567.200004298E-9,79.999998212E-3,,,,,567.200004298E-9,22.00000000,
,,,567.600011436E-9,39.99999911E-3,,,,,567.600011436E-9,79.999998212E-3,,,,,567.600011436E-9,22.39999962,
,,,568.000018575E-9,79.999998212E-3,,,,,568.000018575E-9,79.999998212E-3,,,,,568.000018575E-9,22.39999962,
,,,568.400025713E-9,39.99999911E-3,,,,,568.400025713E-9,79.999998212E-3,,,,,568.400025713E-9,22.39999962,
,,,568.799976008E-9,39.99999911E-3,,,,,568.799976008E-9,79.999998212E-3,,,,,568.799976008E-9,22.39999962,
,,,569.199983147E-9,0.0,,,,,569.199983147E-9,39.99999911E-3,,,,,569.199983147E-9,22.80000114,
,,,569.599990285E-9,0.0,,,,,569.599990285E-9,39.99999911E-3,,,,,569.599990285E-9,22.80000114,
,,,569.999997424E-9,0.0,,,,,569.999997424E-9,39.99999911E-3,,,,,569.999997424E-9,22.80000114,
,,,570.400004563E-9,-39.99999911E-3,,,,,570.400004563E-9,0.0,,,,,570.400004563E-9,22.80000114,
,,,570.800011701E-9,-39.99999911E-3,,,,,570.800011701E-9,0.0,,,,,570.800011701E-9,22.80000114,
,,,571.200018840E-9,-39.99999911E-3,,,,,571.200018840E-9,-39.99999911E-3,,,,,571.200018840E-9,22.80000114,
,,,571.600025978E-9,-39.99999911E-3,,,,,571.600025978E-9,-39.99999911E-3,,,,,571.600025978E-9,22.80000114,
,,,571.999976273E-9,-39.99999911E-3,,,,,571.999976273E-9,-39.99999911E-3,,,,,571.999976273E-9,22.80000114,
,,,572.399983412E-9,-39.99999911E-3,,,,,572.399983412E-9,-39.99999911E-3,,,,,572.399983412E-9,22.80000114,
,,,572.799990550E-9,-39.99999911E-3,,,,,572.799990550E-9,-39.99999911E-3,,,,,572.799990550E-9,23.20000076,
,,,573.199997689E-9,-79.999998212E-3,,,,,573.199997689E-9,0.0,,,,,573.199997689E-9,22.80000114,
,,,573.600004827E-9,-79.999998212E-3,,,,,573.600004827E-9,-39.99999911E-3,,,,,573.600004827E-9,22.80000114,
,,,574.000011966E-9,-79.999998212E-3,,,,,574.000011966E-9,-39.99999911E-3,,,,,574.000011966E-9,22.39999962,
,,,574.400019104E-9,-119.9999973E-3,,,,,574.400019104E-9,-79.999998212E-3,,,,,574.400019104E-9,22.39999962,
,,,574.800026243E-9,-119.9999973E-3,,,,,574.800026243E-9,-79.999998212E-3,,,,,574.800026243E-9,22.39999962,
,,,575.199976538E-9,-79.999998212E-3,,,,,575.199976538E-9,-79.999998212E-3,,,,,575.199976538E-9,22.39999962,
,,,575.599983677E-9,-39.99999911E-3,,,,,575.599983677E-9,-39.99999911E-3,,,,,575.599983677E-9,22.80000114,
,,,575.999990815E-9,0.0,,,,,575.999990815E-9,0.0,,,,,575.999990815E-9,22.80000114,
,,,576.399997954E-9,0.0,,,,,576.399997954E-9,0.0,,,,,576.399997954E-9,22.80000114,
,,,576.800005092E-9,39.99999911E-3,,,,,576.800005092E-9,0.0,,,,,576.800005092E-9,22.80000114,
,,,577.200012231E-9,39.99999911E-3,,,,,577.200012231E-9,0.0,,,,,577.200012231E-9,22.80000114,
,,,577.600019369E-9,39.99999911E-3,,,,,577.600019369E-9,0.0,,,,,577.600019369E-9,22.80000114,
,,,578.000026508E-9,39.99999911E-3,,,,,578.000026508E-9,39.99999911E-3,,,,,578.000026508E-9,22.80000114,
,,,578.399976803E-9,0.0,,,,,578.399976803E-9,39.99999911E-3,,,,,578.399976803E-9,22.39999962,
,,,578.799983941E-9,0.0,,,,,578.799983941E-9,79.999998212E-3,,,,,578.799983941E-9,22.39999962,
,,,579.199991080E-9,0.0,,,,,579.199991080E-9,119.9999973E-3,,,,,579.199991080E-9,22.39999962,
,,,579.599998218E-9,0.0,,,,,579.599998218E-9,159.99999642E-3,,,,,579.599998218E-9,22.39999962,
,,,580.000005357E-9,39.99999911E-3,,,,,580.000005357E-9,159.99999642E-3,,,,,580.000005357E-9,22.80000114,
,,,580.400012495E-9,0.0,,,,,580.400012495E-9,119.9999973E-3,,,,,580.400012495E-9,22.80000114,
,,,580.800019634E-9,0.0,,,,,580.800019634E-9,79.999998212E-3,,,,,580.800019634E-9,22.80000114,
,,,581.200026772E-9,-39.99999911E-3,,,,,581.200026772E-9,39.99999911E-3,,,,,581.200026772E-9,22.39999962,
,,,581.599977068E-9,-39.99999911E-3,,,,,581.599977068E-9,39.99999911E-3,,,,,581.599977068E-9,22.00000000,
,,,581.999984206E-9,-39.99999911E-3,,,,,581.999984206E-9,39.99999911E-3,,,,,581.999984206E-9,22.00000000,
,,,582.399991345E-9,-39.99999911E-3,,,,,582.399991345E-9,0.0,,,,,582.399991345E-9,21.60000038,
,,,582.799998483E-9,-39.99999911E-3,,,,,582.799998483E-9,0.0,,,,,582.799998483E-9,21.60000038,
,,,583.200005622E-9,-39.99999911E-3,,,,,583.200005622E-9,-39.99999911E-3,,,,,583.200005622E-9,21.60000038,
,,,583.600012760E-9,-39.99999911E-3,,,,,583.600012760E-9,-79.999998212E-3,,,,,583.600012760E-9,22.00000000,
,,,584.000019899E-9,-39.99999911E-3,,,,,584.000019899E-9,-79.999998212E-3,,,,,584.000019899E-9,22.00000000,
,,,584.400027037E-9,-39.99999911E-3,,,,,584.400027037E-9,-119.9999973E-3,,,,,584.400027037E-9,22.39999962,
,,,584.799977332E-9,-39.99999911E-3,,,,,584.799977332E-9,-119.9999973E-3,,,,,584.799977332E-9,22.39999962,
,,,585.199984471E-9,-39.99999911E-3,,,,,585.199984471E-9,-159.99999642E-3,,,,,585.199984471E-9,22.39999962,
,,,585.599991609E-9,-39.99999911E-3,,,,,585.599991609E-9,-159.99999642E-3,,,,,585.599991609E-9,22.39999962,
,,,585.999998748E-9,-39.99999911E-3,,,,,585.999998748E-9,-159.99999642E-3,,,,,585.999998748E-9,22.39999962,
,,,586.400005886E-9,-39.99999911E-3,,,,,586.400005886E-9,-199.99998808E-3,,,,,586.400005886E-9,22.39999962,
,,,586.800013025E-9,-39.99999911E-3,,,,,586.800013025E-9,-199.99998808E-3,,,,,586.800013025E-9,22.39999962,
,,,587.200020163E-9,0.0,,,,,587.200020163E-9,-199.99998808E-3,,,,,587.200020163E-9,22.80000114,
,,,587.600027302E-9,0.0,,,,,587.600027302E-9,-199.99998808E-3,,,,,587.600027302E-9,22.80000114,
,,,587.999977597E-9,0.0,,,,,587.999977597E-9,-159.99999642E-3,,,,,587.999977597E-9,22.80000114,
,,,588.399984736E-9,0.0,,,,,588.399984736E-9,-159.99999642E-3,,,,,588.399984736E-9,22.80000114,
,,,588.799991874E-9,0.0,,,,,588.799991874E-9,-119.9999973E-3,,,,,588.799991874E-9,22.80000114,
,,,589.199999013E-9,39.99999911E-3,,,,,589.199999013E-9,-79.999998212E-3,,,,,589.199999013E-9,22.80000114,
,,,589.600006151E-9,39.99999911E-3,,,,,589.600006151E-9,-39.99999911E-3,,,,,589.600006151E-9,22.80000114,
,,,590.000013290E-9,79.999998212E-3,,,,,590.000013290E-9,0.0,,,,,590.000013290E-9,22.39999962,
,,,590.400020428E-9,79.999998212E-3,,,,,590.400020428E-9,0.0,,,,,590.400020428E-9,22.80000114,
,,,590.800027567E-9,79.999998212E-3,,,,,590.800027567E-9,0.0,,,,,590.800027567E-9,22.80000114,
,,,591.199977862E-9,79.999998212E-3,,,,,591.199977862E-9,39.99999911E-3,,,,,591.199977862E-9,22.80000114,
,,,591.599985000E-9,79.999998212E-3,,,,,591.599985000E-9,39.99999911E-3,,,,,591.599985000E-9,22.80000114,
,,,591.999992139E-9,79.999998212E-3,,,,,591.999992139E-9,79.999998212E-3,,,,,591.999992139E-9,22.80000114,
,,,592.399999277E-9,39.99999911E-3,,,,,592.399999277E-9,39.99999911E-3,,,,,592.399999277E-9,22.80000114,
,,,592.800006416E-9,39.99999911E-3,,,,,592.800006416E-9,39.99999911E-3,,,,,592.800006416E-9,22.80000114,
,,,593.200013554E-9,39.99999911E-3,,,,,593.200013554E-9,39.99999911E-3,,,,,593.200013554E-9,22.39999962,
,,,593.600020693E-9,39.99999911E-3,,,,,593.600020693E-9,39.99999911E-3,,,,,593.600020693E-9,22.80000114,
,,,594.000027831E-9,39.99999911E-3,,,,,594.000027831E-9,39.99999911E-3,,,,,594.000027831E-9,22.39999962,
,,,594.399978127E-9,39.99999911E-3,,,,,594.399978127E-9,0.0,,,,,594.399978127E-9,22.39999962,
,,,594.799985265E-9,39.99999911E-3,,,,,594.799985265E-9,0.0,,,,,594.799985265E-9,22.39999962,
,,,595.199992404E-9,0.0,,,,,595.199992404E-9,0.0,,,,,595.199992404E-9,22.00000000,
,,,595.599999542E-9,-39.99999911E-3,,,,,595.599999542E-9,0.0,,,,,595.599999542E-9,22.00000000,
,,,596.000006681E-9,-39.99999911E-3,,,,,596.000006681E-9,0.0,,,,,596.000006681E-9,22.00000000,
,,,596.400013819E-9,-39.99999911E-3,,,,,596.400013819E-9,-39.99999911E-3,,,,,596.400013819E-9,22.00000000,
,,,596.800020958E-9,-39.99999911E-3,,,,,596.800020958E-9,-39.99999911E-3,,,,,596.800020958E-9,22.00000000,
,,,597.200028096E-9,-79.999998212E-3,,,,,597.200028096E-9,-79.999998212E-3,,,,,597.200028096E-9,22.00000000,
,,,597.599978391E-9,-79.999998212E-3,,,,,597.599978391E-9,-119.9999973E-3,,,,,597.599978391E-9,22.00000000,
,,,597.999985530E-9,-79.999998212E-3,,,,,597.999985530E-9,-119.9999973E-3,,,,,597.999985530E-9,22.00000000,
,,,598.399992668E-9,-119.9999973E-3,,,,,598.399992668E-9,-159.99999642E-3,,,,,598.399992668E-9,21.60000038,
,,,598.799999807E-9,-119.9999973E-3,,,,,598.799999807E-9,-159.99999642E-3,,,,,598.799999807E-9,22.00000000,
,,,599.200006945E-9,-79.999998212E-3,,,,,599.200006945E-9,-159.99999642E-3,,,,,599.200006945E-9,21.60000038,
,,,599.600014084E-9,-39.99999911E-3,,,,,599.600014084E-9,-159.99999642E-3,,,,,599.600014084E-9,21.60000038,
,,,600.000021223E-9,0.0,,,,,600.000021223E-9,-159.99999642E-3,,,,,600.000021223E-9,22.00000000,
,,,600.400028361E-9,0.0,,,,,600.400028361E-9,-199.99998808E-3,,,,,600.400028361E-9,22.00000000,
,,,600.799978656E-9,39.99999911E-3,,,,,600.799978656E-9,-199.99998808E-3,,,,,600.799978656E-9,22.00000000,
,,,601.199985795E-9,39.99999911E-3,,,,,601.199985795E-9,-199.99998808E-3,,,,,601.199985795E-9,22.00000000,
,,,601.599992933E-9,39.99999911E-3,,,,,601.599992933E-9,-199.99998808E-3,,,,,601.599992933E-9,22.00000000,
,,,602.000000072E-9,39.99999911E-3,,,,,602.000000072E-9,-159.99999642E-3,,,,,602.000000072E-9,22.00000000,
,,,602.400007210E-9,39.99999911E-3,,,,,602.400007210E-9,-159.99999642E-3,,,,,602.400007210E-9,22.00000000,
,,,602.800014349E-9,39.99999911E-3,,,,,602.800014349E-9,-119.9999973E-3,,,,,602.800014349E-9,22.00000000,
,,,603.200021487E-9,39.99999911E-3,,,,,603.200021487E-9,-79.999998212E-3,,,,,603.200021487E-9,22.00000000,
,,,603.600028626E-9,39.99999911E-3,,,,,603.600028626E-9,-79.999998212E-3,,,,,603.600028626E-9,22.39999962,
,,,603.999978921E-9,39.99999911E-3,,,,,603.999978921E-9,-79.999998212E-3,,,,,603.999978921E-9,22.39999962,
,,,604.399986059E-9,39.99999911E-3,,,,,604.399986059E-9,-79.999998212E-3,,,,,604.399986059E-9,22.39999962,
,,,604.799993198E-9,39.99999911E-3,,,,,604.799993198E-9,-79.999998212E-3,,,,,604.799993198E-9,22.39999962,
,,,605.200000336E-9,39.99999911E-3,,,,,605.200000336E-9,-79.999998212E-3,,,,,605.200000336E-9,22.00000000,
,,,605.600007475E-9,39.99999911E-3,,,,,605.600007475E-9,-79.999998212E-3,,,,,605.600007475E-9,22.00000000,
,,,606.000014614E-9,79.999998212E-3,,,,,606.000014614E-9,-79.999998212E-3,,,,,606.000014614E-9,22.00000000,
,,,606.400021752E-9,39.99999911E-3,,,,,606.400021752E-9,-119.9999973E-3,,,,,606.400021752E-9,22.00000000,
,,,606.800028891E-9,39.99999911E-3,,,,,606.800028891E-9,-119.9999973E-3,,,,,606.800028891E-9,22.00000000,
,,,607.199979186E-9,39.99999911E-3,,,,,607.199979186E-9,-119.9999973E-3,,,,,607.199979186E-9,22.00000000,
,,,607.599986324E-9,39.99999911E-3,,,,,607.599986324E-9,-119.9999973E-3,,,,,607.599986324E-9,22.00000000,
,,,607.999993463E-9,39.99999911E-3,,,,,607.999993463E-9,-79.999998212E-3,,,,,607.999993463E-9,22.00000000,
,,,608.400000601E-9,0.0,,,,,608.400000601E-9,-119.9999973E-3,,,,,608.400000601E-9,22.00000000,
,,,608.800007740E-9,0.0,,,,,608.800007740E-9,-119.9999973E-3,,,,,608.800007740E-9,22.00000000,
,,,609.200014878E-9,0.0,,,,,609.200014878E-9,-119.9999973E-3,,,,,609.200014878E-9,22.00000000,
,,,609.600022017E-9,0.0,,,,,609.600022017E-9,-119.9999973E-3,,,,,609.600022017E-9,22.00000000,
,,,610.000029155E-9,0.0,,,,,610.000029155E-9,-79.999998212E-3,,,,,610.000029155E-9,22.00000000,
,,,610.399979450E-9,0.0,,,,,610.399979450E-9,-119.9999973E-3,,,,,610.399979450E-9,22.00000000,
,,,610.799986589E-9,0.0,,,,,610.799986589E-9,-119.9999973E-3,,,,,610.799986589E-9,22.00000000,
,,,611.199993727E-9,0.0,,,,,611.199993727E-9,-119.9999973E-3,,,,,611.199993727E-9,22.00000000,
,,,611.600000866E-9,0.0,,,,,611.600000866E-9,-119.9999973E-3,,,,,611.600000866E-9,22.00000000,
,,,612.000008005E-9,0.0,,,,,612.000008005E-9,-79.999998212E-3,,,,,612.000008005E-9,21.60000038,
,,,612.400015143E-9,0.0,,,,,612.400015143E-9,-79.999998212E-3,,,,,612.400015143E-9,21.60000038,
,,,612.800022282E-9,0.0,,,,,612.800022282E-9,-79.999998212E-3,,,,,612.800022282E-9,21.60000038,
,,,613.200029420E-9,0.0,,,,,613.200029420E-9,-79.999998212E-3,,,,,613.200029420E-9,22.00000000,
,,,613.599979715E-9,0.0,,,,,613.599979715E-9,-79.999998212E-3,,,,,613.599979715E-9,22.00000000,
,,,613.999986854E-9,0.0,,,,,613.999986854E-9,-39.99999911E-3,,,,,613.999986854E-9,22.00000000,
,,,614.399993992E-9,0.0,,,,,614.399993992E-9,-39.99999911E-3,,,,,614.399993992E-9,22.00000000,
,,,614.800001131E-9,0.0,,,,,614.800001131E-9,-39.99999911E-3,,,,,614.800001131E-9,22.00000000,
,,,615.200008269E-9,39.99999911E-3,,,,,615.200008269E-9,-79.999998212E-3,,,,,615.200008269E-9,21.60000038,
,,,615.600015408E-9,39.99999911E-3,,,,,615.600015408E-9,-79.999998212E-3,,,,,615.600015408E-9,21.60000038,
,,,616.000022546E-9,39.99999911E-3,,,,,616.000022546E-9,-79.999998212E-3,,,,,616.000022546E-9,22.00000000,
,,,616.400029685E-9,0.0,,,,,616.400029685E-9,-119.9999973E-3,,,,,616.400029685E-9,22.00000000,
,,,616.799979980E-9,-39.99999911E-3,,,,,616.799979980E-9,-119.9999973E-3,,,,,616.799979980E-9,22.00000000,
,,,617.199987119E-9,-39.99999911E-3,,,,,617.199987119E-9,-119.9999973E-3,,,,,617.199987119E-9,22.00000000,
,,,617.599994257E-9,-39.99999911E-3,,,,,617.599994257E-9,-119.9999973E-3,,,,,617.599994257E-9,22.00000000,
,,,618.000001396E-9,0.0,,,,,618.000001396E-9,-119.9999973E-3,,,,,618.000001396E-9,21.60000038,
,,,618.400008534E-9,0.0,,,,,618.400008534E-9,-119.9999973E-3,,,,,618.400008534E-9,22.00000000,
,,,618.800015673E-9,39.99999911E-3,,,,,618.800015673E-9,-119.9999973E-3,,,,,618.800015673E-9,22.00000000,
,,,619.200022811E-9,0.0,,,,,619.200022811E-9,-119.9999973E-3,,,,,619.200022811E-9,22.00000000,
,,,619.600029950E-9,-39.99999911E-3,,,,,619.600029950E-9,-119.9999973E-3,,,,,619.600029950E-9,22.00000000,
,,,619.999980245E-9,-39.99999911E-3,,,,,619.999980245E-9,-119.9999973E-3,,,,,619.999980245E-9,21.60000038,
,,,620.399987383E-9,-79.999998212E-3,,,,,620.399987383E-9,-119.9999973E-3,,,,,620.399987383E-9,21.60000038,
,,,620.799994522E-9,-79.999998212E-3,,,,,620.799994522E-9,-119.9999973E-3,,,,,620.799994522E-9,21.60000038,
,,,621.200001660E-9,-39.99999911E-3,,,,,621.200001660E-9,-119.9999973E-3,,,,,621.200001660E-9,21.60000038,
,,,621.600008799E-9,-39.99999911E-3,,,,,621.600008799E-9,-119.9999973E-3,,,,,621.600008799E-9,21.60000038,
,,,622.000015937E-9,0.0,,,,,622.000015937E-9,-119.9999973E-3,,,,,622.000015937E-9,21.60000038,
,,,622.400023076E-9,0.0,,,,,622.400023076E-9,-119.9999973E-3,,,,,622.400023076E-9,21.60000038,
,,,622.800030214E-9,0.0,,,,,622.800030214E-9,-119.9999973E-3,,,,,622.800030214E-9,21.60000038,
,,,623.199980510E-9,0.0,,,,,623.199980510E-9,-79.999998212E-3,,,,,623.199980510E-9,21.60000038,
,,,623.599987648E-9,0.0,,,,,623.599987648E-9,-79.999998212E-3,,,,,623.599987648E-9,21.60000038,
,,,623.999994787E-9,39.99999911E-3,,,,,623.999994787E-9,-79.999998212E-3,,,,,623.999994787E-9,21.60000038,
,,,624.400001925E-9,0.0,,,,,624.400001925E-9,-79.999998212E-3,,,,,624.400001925E-9,21.60000038,
,,,624.800009064E-9,0.0,,,,,624.800009064E-9,-79.999998212E-3,,,,,624.800009064E-9,21.60000038,
,,,625.200016202E-9,0.0,,,,,625.200016202E-9,-39.99999911E-3,,,,,625.200016202E-9,21.60000038,
,,,625.600023341E-9,0.0,,,,,625.600023341E-9,-39.99999911E-3,,,,,625.600023341E-9,21.60000038,
,,,626.000030479E-9,39.99999911E-3,,,,,626.000030479E-9,0.0,,,,,626.000030479E-9,21.60000038,
,,,626.399980774E-9,39.99999911E-3,,,,,626.399980774E-9,0.0,,,,,626.399980774E-9,21.20000076,
,,,626.799987913E-9,39.99999911E-3,,,,,626.799987913E-9,0.0,,,,,626.799987913E-9,21.20000076,
,,,627.199995051E-9,0.0,,,,,627.199995051E-9,0.0,,,,,627.199995051E-9,21.20000076,
,,,627.600002190E-9,0.0,,,,,627.600002190E-9,0.0,,,,,627.600002190E-9,21.20000076,
,,,628.000009328E-9,0.0,,,,,628.000009328E-9,0.0,,,,,628.000009328E-9,21.20000076,
,,,628.400016467E-9,0.0,,,,,628.400016467E-9,0.0,,,,,628.400016467E-9,21.60000038,
,,,628.800023605E-9,0.0,,,,,628.800023605E-9,0.0,,,,,628.800023605E-9,21.60000038,
,,,629.200030744E-9,-39.99999911E-3,,,,,629.200030744E-9,39.99999911E-3,,,,,629.200030744E-9,21.60000038,
,,,629.599981039E-9,-39.99999911E-3,,,,,629.599981039E-9,0.0,,,,,629.599981039E-9,21.60000038,
,,,629.999988178E-9,-39.99999911E-3,,,,,629.999988178E-9,0.0,,,,,629.999988178E-9,21.60000038,
,,,630.399995316E-9,-79.999998212E-3,,,,,630.399995316E-9,-39.99999911E-3,,,,,630.399995316E-9,21.60000038,
,,,630.800002455E-9,-79.999998212E-3,,,,,630.800002455E-9,-39.99999911E-3,,,,,630.800002455E-9,21.60000038,
,,,631.200009593E-9,-79.999998212E-3,,,,,631.200009593E-9,-79.999998212E-3,,,,,631.200009593E-9,21.60000038,
,,,631.600016732E-9,-119.9999973E-3,,,,,631.600016732E-9,-79.999998212E-3,,,,,631.600016732E-9,21.60000038,
,,,632.000023870E-9,-79.999998212E-3,,,,,632.000023870E-9,-79.999998212E-3,,,,,632.000023870E-9,21.60000038,
,,,632.400031009E-9,-79.999998212E-3,,,,,632.400031009E-9,-79.999998212E-3,,,,,632.400031009E-9,21.60000038,
,,,632.799981304E-9,-79.999998212E-3,,,,,632.799981304E-9,-79.999998212E-3,,,,,632.799981304E-9,21.60000038,
,,,633.199988442E-9,-39.99999911E-3,,,,,633.199988442E-9,-79.999998212E-3,,,,,633.199988442E-9,21.20000076,
,,,633.599995581E-9,-39.99999911E-3,,,,,633.599995581E-9,-79.999998212E-3,,,,,633.599995581E-9,21.20000076,
,,,634.000002719E-9,0.0,,,,,634.000002719E-9,-79.999998212E-3,,,,,634.000002719E-9,21.20000076,
,,,634.400009858E-9,0.0,,,,,634.400009858E-9,-79.999998212E-3,,,,,634.400009858E-9,21.20000076,
,,,634.800016996E-9,0.0,,,,,634.800016996E-9,-79.999998212E-3,,,,,634.800016996E-9,21.20000076,
,,,635.200024135E-9,-39.99999911E-3,,,,,635.200024135E-9,-39.99999911E-3,,,,,635.200024135E-9,21.60000038,
,,,635.600031273E-9,-39.99999911E-3,,,,,635.600031273E-9,-39.99999911E-3,,,,,635.600031273E-9,21.60000038,
,,,635.999981569E-9,-39.99999911E-3,,,,,635.999981569E-9,-39.99999911E-3,,,,,635.999981569E-9,21.60000038,
,,,636.399988707E-9,-79.999998212E-3,,,,,636.399988707E-9,-39.99999911E-3,,,,,636.399988707E-9,21.60000038,
,,,636.799995846E-9,-39.99999911E-3,,,,,636.799995846E-9,-39.99999911E-3,,,,,636.799995846E-9,21.60000038,
,,,637.200002984E-9,-39.99999911E-3,,,,,637.200002984E-9,-39.99999911E-3,,,,,637.200002984E-9,21.60000038,
,,,637.600010123E-9,-39.99999911E-3,,,,,637.600010123E-9,-39.99999911E-3,,,,,637.600010123E-9,21.60000038,
,,,638.000017261E-9,0.0,,,,,638.000017261E-9,0.0,,,,,638.000017261E-9,21.20000076,
,,,638.400024400E-9,0.0,,,,,638.400024400E-9,0.0,,,,,638.400024400E-9,21.20000076,
,,,638.800031538E-9,0.0,,,,,638.800031538E-9,0.0,,,,,638.800031538E-9,21.20000076,
,,,639.199981833E-9,0.0,,,,,639.199981833E-9,0.0,,,,,639.199981833E-9,20.80000114,
,,,639.599988972E-9,0.0,,,,,639.599988972E-9,0.0,,,,,639.599988972E-9,21.20000076,
,,,639.999996110E-9,0.0,,,,,639.999996110E-9,0.0,,,,,639.999996110E-9,21.20000076,
,,,640.400003249E-9,-39.99999911E-3,,,,,640.400003249E-9,0.0,,,,,640.400003249E-9,21.20000076,
,,,640.800010387E-9,-79.999998212E-3,,,,,640.800010387E-9,0.0,,,,,640.800010387E-9,21.20000076,
,,,641.200017526E-9,-119.9999973E-3,,,,,641.200017526E-9,39.99999911E-3,,,,,641.200017526E-9,21.20000076,
,,,641.600024665E-9,-119.9999973E-3,,,,,641.600024665E-9,39.99999911E-3,,,,,641.600024665E-9,21.20000076,
,,,642.000031803E-9,-79.999998212E-3,,,,,642.000031803E-9,39.99999911E-3,,,,,642.000031803E-9,20.80000114,
,,,642.399982098E-9,-79.999998212E-3,,,,,642.399982098E-9,39.99999911E-3,,,,,642.399982098E-9,21.20000076,
,,,642.799989237E-9,-79.999998212E-3,,,,,642.799989237E-9,39.99999911E-3,,,,,642.799989237E-9,21.20000076,
,,,643.199996375E-9,-79.999998212E-3,,,,,643.199996375E-9,39.99999911E-3,,,,,643.199996375E-9,21.20000076,
,,,643.600003514E-9,-79.999998212E-3,,,,,643.600003514E-9,39.99999911E-3,,,,,643.600003514E-9,21.20000076,
,,,644.000010652E-9,-79.999998212E-3,,,,,644.000010652E-9,39.99999911E-3,,,,,644.000010652E-9,21.20000076,
,,,644.400017791E-9,-119.9999973E-3,,,,,644.400017791E-9,0.0,,,,,644.400017791E-9,20.80000114,
,,,644.800024929E-9,-79.999998212E-3,,,,,644.800024929E-9,-39.99999911E-3,,,,,644.800024929E-9,20.80000114,
,,,645.200032068E-9,-79.999998212E-3,,,,,645.200032068E-9,-39.99999911E-3,,,,,645.200032068E-9,20.80000114,
,,,645.599982363E-9,-79.999998212E-3,,,,,645.599982363E-9,-39.99999911E-3,,,,,645.599982363E-9,20.39999962,
,,,645.999989501E-9,-39.99999911E-3,,,,,645.999989501E-9,0.0,,,,,645.999989501E-9,20.39999962,
,,,646.399996640E-9,-39.99999911E-3,,,,,646.399996640E-9,0.0,,,,,646.399996640E-9,20.39999962,
,,,646.800003778E-9,-39.99999911E-3,,,,,646.800003778E-9,39.99999911E-3,,,,,646.800003778E-9,20.39999962,
,,,647.200010917E-9,-39.99999911E-3,,,,,647.200010917E-9,0.0,,,,,647.200010917E-9,20.80000114,
,,,647.600018056E-9,-39.99999911E-3,,,,,647.600018056E-9,0.0,,,,,647.600018056E-9,20.80000114,
,,,648.000025194E-9,-39.99999911E-3,,,,,648.000025194E-9,0.0,,,,,648.000025194E-9,20.80000114,
,,,648.399975489E-9,-39.99999911E-3,,,,,648.399975489E-9,0.0,,,,,648.399975489E-9,20.39999962,
,,,648.799982628E-9,-39.99999911E-3,,,,,648.799982628E-9,39.99999911E-3,,,,,648.799982628E-9,20.39999962,
,,,649.199989766E-9,0.0,,,,,649.199989766E-9,79.999998212E-3,,,,,649.199989766E-9,20.80000114,
,,,649.599996905E-9,0.0,,,,,649.599996905E-9,79.999998212E-3,,,,,649.599996905E-9,20.80000114,
,,,650.000004043E-9,0.0,,,,,650.000004043E-9,79.999998212E-3,,,,,650.000004043E-9,21.20000076,
,,,650.400011182E-9,0.0,,,,,650.400011182E-9,39.99999911E-3,,,,,650.400011182E-9,21.20000076,
,,,650.800018320E-9,0.0,,,,,650.800018320E-9,39.99999911E-3,,,,,650.800018320E-9,21.20000076,
,,,651.200025459E-9,-39.99999911E-3,,,,,651.200025459E-9,0.0,,,,,651.200025459E-9,21.20000076,
,,,651.599975754E-9,-39.99999911E-3,,,,,651.599975754E-9,0.0,,,,,651.599975754E-9,21.20000076,
,,,651.999982892E-9,-39.99999911E-3,,,,,651.999982892E-9,0.0,,,,,651.999982892E-9,21.20000076,
,,,652.399990031E-9,-79.999998212E-3,,,,,652.399990031E-9,-39.99999911E-3,,,,,652.399990031E-9,20.80000114,
,,,652.799997169E-9,-79.999998212E-3,,,,,652.799997169E-9,-39.99999911E-3,,,,,652.799997169E-9,20.80000114,
,,,653.200004308E-9,-119.9999973E-3,,,,,653.200004308E-9,-79.999998212E-3,,,,,653.200004308E-9,20.80000114,
,,,653.600011447E-9,-119.9999973E-3,,,,,653.600011447E-9,-79.999998212E-3,,,,,653.600011447E-9,20.80000114,
,,,654.000018585E-9,-119.9999973E-3,,,,,654.000018585E-9,-79.999998212E-3,,,,,654.000018585E-9,20.80000114,
,,,654.400025724E-9,-159.99999642E-3,,,,,654.400025724E-9,-79.999998212E-3,,,,,654.400025724E-9,20.80000114,
,,,654.799976019E-9,-119.9999973E-3,,,,,654.799976019E-9,-79.999998212E-3,,,,,654.799976019E-9,20.80000114,
,,,655.199983157E-9,-119.9999973E-3,,,,,655.199983157E-9,-39.99999911E-3,,,,,655.199983157E-9,20.80000114,
,,,655.599990296E-9,-119.9999973E-3,,,,,655.599990296E-9,-39.99999911E-3,,,,,655.599990296E-9,20.80000114,
,,,655.999997434E-9,-79.999998212E-3,,,,,655.999997434E-9,-39.99999911E-3,,,,,655.999997434E-9,20.80000114,
,,,656.400004573E-9,-79.999998212E-3,,,,,656.400004573E-9,-39.99999911E-3,,,,,656.400004573E-9,20.80000114,
,,,656.800011711E-9,-79.999998212E-3,,,,,656.800011711E-9,-39.99999911E-3,,,,,656.800011711E-9,20.80000114,
,,,657.200018850E-9,-79.999998212E-3,,,,,657.200018850E-9,0.0,,,,,657.200018850E-9,20.80000114,
,,,657.600025988E-9,-79.999998212E-3,,,,,657.600025988E-9,0.0,,,,,657.600025988E-9,20.80000114,
,,,657.999976283E-9,-79.999998212E-3,,,,,657.999976283E-9,0.0,,,,,657.999976283E-9,20.39999962,
,,,658.399983422E-9,-79.999998212E-3,,,,,658.399983422E-9,0.0,,,,,658.399983422E-9,20.39999962,
,,,658.799990561E-9,-79.999998212E-3,,,,,658.799990561E-9,0.0,,,,,658.799990561E-9,20.39999962,
,,,659.199997699E-9,-79.999998212E-3,,,,,659.199997699E-9,39.99999911E-3,,,,,659.199997699E-9,20.80000114,
,,,659.600004838E-9,-79.999998212E-3,,,,,659.600004838E-9,39.99999911E-3,,,,,659.600004838E-9,20.39999962,
,,,660.000011976E-9,-39.99999911E-3,,,,,660.000011976E-9,39.99999911E-3,,,,,660.000011976E-9,20.39999962,
,,,660.400019115E-9,-39.99999911E-3,,,,,660.400019115E-9,0.0,,,,,660.400019115E-9,20.39999962,
,,,660.800026253E-9,-39.99999911E-3,,,,,660.800026253E-9,39.99999911E-3,,,,,660.800026253E-9,20.39999962,
,,,661.199976548E-9,0.0,,,,,661.199976548E-9,39.99999911E-3,,,,,661.199976548E-9,20.0000000,
,,,661.599983687E-9,0.0,,,,,661.599983687E-9,79.999998212E-3,,,,,661.599983687E-9,20.0000000,
,,,661.999990825E-9,0.0,,,,,661.999990825E-9,119.9999973E-3,,,,,661.999990825E-9,20.0000000,
,,,662.399997964E-9,0.0,,,,,662.399997964E-9,119.9999973E-3,,,,,662.399997964E-9,20.39999962,
,,,662.800005102E-9,0.0,,,,,662.800005102E-9,119.9999973E-3,,,,,662.800005102E-9,20.0000000,
,,,663.200012241E-9,0.0,,,,,663.200012241E-9,79.999998212E-3,,,,,663.200012241E-9,20.0000000,
,,,663.600019379E-9,0.0,,,,,663.600019379E-9,79.999998212E-3,,,,,663.600019379E-9,20.0000000,
,,,664.000026518E-9,0.0,,,,,664.000026518E-9,79.999998212E-3,,,,,664.000026518E-9,20.0000000,
,,,664.399976813E-9,-39.99999911E-3,,,,,664.399976813E-9,39.99999911E-3,,,,,664.399976813E-9,20.0000000,
,,,664.799983952E-9,-39.99999911E-3,,,,,664.799983952E-9,39.99999911E-3,,,,,664.799983952E-9,20.0000000,
,,,665.199991090E-9,-39.99999911E-3,,,,,665.199991090E-9,0.0,,,,,665.199991090E-9,20.39999962,
,,,665.599998229E-9,-39.99999911E-3,,,,,665.599998229E-9,-39.99999911E-3,,,,,665.599998229E-9,20.39999962,
,,,666.000005367E-9,0.0,,,,,666.000005367E-9,-39.99999911E-3,,,,,666.000005367E-9,20.80000114,
,,,666.400012506E-9,-39.99999911E-3,,,,,666.400012506E-9,-79.999998212E-3,,,,,666.400012506E-9,20.80000114,
,,,666.800019644E-9,-39.99999911E-3,,,,,666.800019644E-9,-79.999998212E-3,,,,,666.800019644E-9,20.39999962,
,,,667.200026783E-9,-39.99999911E-3,,,,,667.200026783E-9,-79.999998212E-3,,,,,667.200026783E-9,20.39999962,
,,,667.599977078E-9,-39.99999911E-3,,,,,667.599977078E-9,-79.999998212E-3,,,,,667.599977078E-9,20.39999962,
,,,667.999984216E-9,-39.99999911E-3,,,,,667.999984216E-9,-79.999998212E-3,,,,,667.999984216E-9,20.39999962,
,,,668.399991355E-9,-39.99999911E-3,,,,,668.399991355E-9,-119.9999973E-3,,,,,668.399991355E-9,20.39999962,
,,,668.799998493E-9,-39.99999911E-3,,,,,668.799998493E-9,-119.9999973E-3,,,,,668.799998493E-9,20.39999962,
,,,669.200005632E-9,-39.99999911E-3,,,,,669.200005632E-9,-119.9999973E-3,,,,,669.200005632E-9,20.39999962,
,,,669.600012770E-9,-39.99999911E-3,,,,,669.600012770E-9,-119.9999973E-3,,,,,669.600012770E-9,20.39999962,
,,,670.000019909E-9,-39.99999911E-3,,,,,670.000019909E-9,-79.999998212E-3,,,,,670.000019909E-9,20.39999962,
,,,670.400027047E-9,-39.99999911E-3,,,,,670.400027047E-9,-79.999998212E-3,,,,,670.400027047E-9,20.39999962,
,,,670.799977343E-9,-39.99999911E-3,,,,,670.799977343E-9,-79.999998212E-3,,,,,670.799977343E-9,20.39999962,
,,,671.199984481E-9,-39.99999911E-3,,,,,671.199984481E-9,-79.999998212E-3,,,,,671.199984481E-9,20.39999962,
,,,671.599991620E-9,-39.99999911E-3,,,,,671.599991620E-9,-79.999998212E-3,,,,,671.599991620E-9,20.39999962,
,,,671.999998758E-9,0.0,,,,,671.999998758E-9,-39.99999911E-3,,,,,671.999998758E-9,20.39999962,
,,,672.400005897E-9,0.0,,,,,672.400005897E-9,-39.99999911E-3,,,,,672.400005897E-9,20.39999962,
,,,672.800013035E-9,0.0,,,,,672.800013035E-9,-39.99999911E-3,,,,,672.800013035E-9,20.39999962,
,,,673.200020174E-9,0.0,,,,,673.200020174E-9,-39.99999911E-3,,,,,673.200020174E-9,20.39999962,
,,,673.600027312E-9,-39.99999911E-3,,,,,673.600027312E-9,-39.99999911E-3,,,,,673.600027312E-9,20.39999962,
,,,673.999977607E-9,0.0,,,,,673.999977607E-9,-39.99999911E-3,,,,,673.999977607E-9,20.39999962,
,,,674.399984746E-9,0.0,,,,,674.399984746E-9,-39.99999911E-3,,,,,674.399984746E-9,20.0000000,
,,,674.799991884E-9,39.99999911E-3,,,,,674.799991884E-9,-39.99999911E-3,,,,,674.799991884E-9,20.0000000,
,,,675.199999023E-9,79.999998212E-3,,,,,675.199999023E-9,0.0,,,,,675.199999023E-9,20.0000000,
,,,675.600006161E-9,79.999998212E-3,,,,,675.600006161E-9,0.0,,,,,675.600006161E-9,20.0000000,
,,,676.000013300E-9,79.999998212E-3,,,,,676.000013300E-9,0.0,,,,,676.000013300E-9,20.0000000,
,,,676.400020438E-9,39.99999911E-3,,,,,676.400020438E-9,0.0,,,,,676.400020438E-9,20.0000000,
,,,676.800027577E-9,39.99999911E-3,,,,,676.800027577E-9,0.0,,,,,676.800027577E-9,20.0000000,
,,,677.199977872E-9,39.99999911E-3,,,,,677.199977872E-9,-39.99999911E-3,,,,,677.199977872E-9,20.0000000,
,,,677.599985011E-9,39.99999911E-3,,,,,677.599985011E-9,-79.999998212E-3,,,,,677.599985011E-9,20.0000000,
,,,677.999992149E-9,39.99999911E-3,,,,,677.999992149E-9,-79.999998212E-3,,,,,677.999992149E-9,20.0000000,
,,,678.399999288E-9,0.0,,,,,678.399999288E-9,-119.9999973E-3,,,,,678.399999288E-9,19.6000004,
,,,678.800006426E-9,0.0,,,,,678.800006426E-9,-79.999998212E-3,,,,,678.800006426E-9,20.0000000,
,,,679.200013565E-9,0.0,,,,,679.200013565E-9,-79.999998212E-3,,,,,679.200013565E-9,20.0000000,
,,,679.600020703E-9,0.0,,,,,679.600020703E-9,-79.999998212E-3,,,,,679.600020703E-9,20.0000000,
,,,680.000027842E-9,0.0,,,,,680.000027842E-9,-79.999998212E-3,,,,,680.000027842E-9,20.39999962,
,,,680.399978137E-9,-39.99999911E-3,,,,,680.399978137E-9,-79.999998212E-3,,,,,680.399978137E-9,20.0000000,
,,,680.799985275E-9,-39.99999911E-3,,,,,680.799985275E-9,-79.999998212E-3,,,,,680.799985275E-9,20.0000000,
,,,681.199992414E-9,-39.99999911E-3,,,,,681.199992414E-9,-119.9999973E-3,,,,,681.199992414E-9,20.0000000,
,,,681.599999552E-9,-39.99999911E-3,,,,,681.599999552E-9,-119.9999973E-3,,,,,681.599999552E-9,20.0000000,
,,,682.000006691E-9,0.0,,,,,682.000006691E-9,-119.9999973E-3,,,,,682.000006691E-9,20.0000000,
,,,682.400013829E-9,0.0,,,,,682.400013829E-9,-159.99999642E-3,,,,,682.400013829E-9,20.0000000,
,,,682.800020968E-9,0.0,,,,,682.800020968E-9,-119.9999973E-3,,,,,682.800020968E-9,20.0000000,
,,,683.200028107E-9,-39.99999911E-3,,,,,683.200028107E-9,-119.9999973E-3,,,,,683.200028107E-9,20.0000000,
,,,683.599978402E-9,-39.99999911E-3,,,,,683.599978402E-9,-119.9999973E-3,,,,,683.599978402E-9,20.0000000,
,,,683.999985540E-9,-39.99999911E-3,,,,,683.999985540E-9,-79.999998212E-3,,,,,683.999985540E-9,20.0000000,
,,,684.399992679E-9,-39.99999911E-3,,,,,684.399992679E-9,-79.999998212E-3,,,,,684.399992679E-9,19.6000004,
,,,684.799999817E-9,-39.99999911E-3,,,,,684.799999817E-9,-79.999998212E-3,,,,,684.799999817E-9,19.6000004,
,,,685.200006956E-9,0.0,,,,,685.200006956E-9,-79.999998212E-3,,,,,685.200006956E-9,20.0000000,
,,,685.600014094E-9,0.0,,,,,685.600014094E-9,-79.999998212E-3,,,,,685.600014094E-9,20.0000000,
,,,686.000021233E-9,0.0,,,,,686.000021233E-9,-79.999998212E-3,,,,,686.000021233E-9,20.39999962,
,,,686.400028371E-9,-39.99999911E-3,,,,,686.400028371E-9,-119.9999973E-3,,,,,686.400028371E-9,20.39999962,
,,,686.799978666E-9,-39.99999911E-3,,,,,686.799978666E-9,-119.9999973E-3,,,,,686.799978666E-9,20.39999962,
,,,687.199985805E-9,-39.99999911E-3,,,,,687.199985805E-9,-119.9999973E-3,,,,,687.199985805E-9,20.0000000,
,,,687.599992943E-9,-39.99999911E-3,,,,,687.599992943E-9,-119.9999973E-3,,,,,687.599992943E-9,20.0000000,
,,,688.000000082E-9,0.0,,,,,688.000000082E-9,-79.999998212E-3,,,,,688.000000082E-9,20.0000000,
,,,688.400007220E-9,0.0,,,,,688.400007220E-9,-79.999998212E-3,,,,,688.400007220E-9,20.39999962,
,,,688.800014359E-9,0.0,,,,,688.800014359E-9,-79.999998212E-3,,,,,688.800014359E-9,20.39999962,
,,,689.200021498E-9,0.0,,,,,689.200021498E-9,-119.9999973E-3,,,,,689.200021498E-9,20.0000000,
,,,689.600028636E-9,0.0,,,,,689.600028636E-9,-119.9999973E-3,,,,,689.600028636E-9,20.0000000,
,,,689.999978931E-9,0.0,,,,,689.999978931E-9,-119.9999973E-3,,,,,689.999978931E-9,20.0000000,
,,,690.399986070E-9,0.0,,,,,690.399986070E-9,-159.99999642E-3,,,,,690.399986070E-9,20.0000000,
,,,690.799993208E-9,0.0,,,,,690.799993208E-9,-159.99999642E-3,,,,,690.799993208E-9,20.0000000,
,,,691.200000347E-9,0.0,,,,,691.200000347E-9,-199.99998808E-3,,,,,691.200000347E-9,20.0000000,
,,,691.600007485E-9,0.0,,,,,691.600007485E-9,-199.99998808E-3,,,,,691.600007485E-9,20.0000000,
,,,692.000014624E-9,39.99999911E-3,,,,,692.000014624E-9,-159.99999642E-3,,,,,692.000014624E-9,20.0000000,
,,,692.400021762E-9,39.99999911E-3,,,,,692.400021762E-9,-159.99999642E-3,,,,,692.400021762E-9,20.39999962,
,,,692.800028901E-9,39.99999911E-3,,,,,692.800028901E-9,-119.9999973E-3,,,,,692.800028901E-9,20.0000000,
,,,693.199979196E-9,39.99999911E-3,,,,,693.199979196E-9,-79.999998212E-3,,,,,693.199979196E-9,20.0000000,
,,,693.599986334E-9,39.99999911E-3,,,,,693.599986334E-9,-79.999998212E-3,,,,,693.599986334E-9,20.0000000,
,,,693.999993473E-9,39.99999911E-3,,,,,693.999993473E-9,-79.999998212E-3,,,,,693.999993473E-9,19.6000004,
,,,694.400000611E-9,39.99999911E-3,,,,,694.400000611E-9,-79.999998212E-3,,,,,694.400000611E-9,19.6000004,
,,,694.800007750E-9,39.99999911E-3,,,,,694.800007750E-9,-79.999998212E-3,,,,,694.800007750E-9,19.6000004,
,,,695.200014889E-9,0.0,,,,,695.200014889E-9,-119.9999973E-3,,,,,695.200014889E-9,19.6000004,
,,,695.600022027E-9,0.0,,,,,695.600022027E-9,-119.9999973E-3,,,,,695.600022027E-9,19.6000004,
,,,696.000029166E-9,0.0,,,,,696.000029166E-9,-119.9999973E-3,,,,,696.000029166E-9,19.2000008,
,,,696.399979461E-9,0.0,,,,,696.399979461E-9,-159.99999642E-3,,,,,696.399979461E-9,19.6000004,
,,,696.799986599E-9,0.0,,,,,696.799986599E-9,-119.9999973E-3,,,,,696.799986599E-9,19.6000004,
,,,697.199993738E-9,0.0,,,,,697.199993738E-9,-119.9999973E-3,,,,,697.199993738E-9,19.6000004,
,,,697.600000876E-9,0.0,,,,,697.600000876E-9,-119.9999973E-3,,,,,697.600000876E-9,19.6000004,
,,,698.000008015E-9,0.0,,,,,698.000008015E-9,-79.999998212E-3,,,,,698.000008015E-9,19.2000008,
,,,698.400015153E-9,0.0,,,,,698.400015153E-9,-79.999998212E-3,,,,,698.400015153E-9,19.2000008,
,,,698.800022292E-9,0.0,,,,,698.800022292E-9,-39.99999911E-3,,,,,698.800022292E-9,19.2000008,
,,,699.200029430E-9,0.0,,,,,699.200029430E-9,-39.99999911E-3,,,,,699.200029430E-9,19.6000004,
,,,699.599979725E-9,0.0,,,,,699.599979725E-9,-79.999998212E-3,,,,,699.599979725E-9,19.6000004,
,,,699.999986864E-9,0.0,,,,,699.999986864E-9,-79.999998212E-3,,,,,699.999986864E-9,20.0000000,
,,,700.399994003E-9,0.0,,,,,700.399994003E-9,-119.9999973E-3,,,,,700.399994003E-9,19.6000004,
,,,700.800001141E-9,0.0,,,,,700.800001141E-9,-119.9999973E-3,,,,,700.800001141E-9,19.6000004,
,,,701.200008280E-9,-39.99999911E-3,,,,,701.200008280E-9,-119.9999973E-3,,,,,701.200008280E-9,20.0000000,
,,,701.600015418E-9,-39.99999911E-3,,,,,701.600015418E-9,-119.9999973E-3,,,,,701.600015418E-9,19.6000004,
,,,702.000022557E-9,-39.99999911E-3,,,,,702.000022557E-9,-119.9999973E-3,,,,,702.000022557E-9,20.0000000,
,,,702.400029695E-9,-39.99999911E-3,,,,,702.400029695E-9,-119.9999973E-3,,,,,702.400029695E-9,20.0000000,
,,,702.799979990E-9,-39.99999911E-3,,,,,702.799979990E-9,-119.9999973E-3,,,,,702.799979990E-9,20.0000000,
,,,703.199987129E-9,-39.99999911E-3,,,,,703.199987129E-9,-119.9999973E-3,,,,,703.199987129E-9,20.0000000,
,,,703.599994267E-9,-39.99999911E-3,,,,,703.599994267E-9,-119.9999973E-3,,,,,703.599994267E-9,20.0000000,
,,,704.000001406E-9,-39.99999911E-3,,,,,704.000001406E-9,-119.9999973E-3,,,,,704.000001406E-9,20.0000000,
,,,704.400008544E-9,-39.99999911E-3,,,,,704.400008544E-9,-119.9999973E-3,,,,,704.400008544E-9,19.6000004,
,,,704.800015683E-9,-39.99999911E-3,,,,,704.800015683E-9,-119.9999973E-3,,,,,704.800015683E-9,19.6000004,
,,,705.200022821E-9,-39.99999911E-3,,,,,705.200022821E-9,-119.9999973E-3,,,,,705.200022821E-9,19.6000004,
,,,705.600029960E-9,-39.99999911E-3,,,,,705.600029960E-9,-119.9999973E-3,,,,,705.600029960E-9,19.6000004,
,,,705.999980255E-9,-39.99999911E-3,,,,,705.999980255E-9,-79.999998212E-3,,,,,705.999980255E-9,19.6000004,
,,,706.399987394E-9,-39.99999911E-3,,,,,706.399987394E-9,-79.999998212E-3,,,,,706.399987394E-9,19.6000004,
,,,706.799994532E-9,-39.99999911E-3,,,,,706.799994532E-9,-39.99999911E-3,,,,,706.799994532E-9,19.6000004,
,,,707.200001671E-9,0.0,,,,,707.200001671E-9,-39.99999911E-3,,,,,707.200001671E-9,19.6000004,
,,,707.600008809E-9,0.0,,,,,707.600008809E-9,-79.999998212E-3,,,,,707.600008809E-9,19.6000004,
,,,708.000015948E-9,0.0,,,,,708.000015948E-9,-79.999998212E-3,,,,,708.000015948E-9,19.6000004,
,,,708.400023086E-9,0.0,,,,,708.400023086E-9,-119.9999973E-3,,,,,708.400023086E-9,19.6000004,
,,,708.800030225E-9,0.0,,,,,708.800030225E-9,-119.9999973E-3,,,,,708.800030225E-9,19.6000004,
,,,709.199980520E-9,0.0,,,,,709.199980520E-9,-119.9999973E-3,,,,,709.199980520E-9,20.0000000,
,,,709.599987658E-9,0.0,,,,,709.599987658E-9,-119.9999973E-3,,,,,709.599987658E-9,20.0000000,
,,,709.999994797E-9,0.0,,,,,709.999994797E-9,-79.999998212E-3,,,,,709.999994797E-9,19.6000004,
,,,710.400001935E-9,-39.99999911E-3,,,,,710.400001935E-9,-79.999998212E-3,,,,,710.400001935E-9,19.6000004,
,,,710.800009074E-9,-39.99999911E-3,,,,,710.800009074E-9,-79.999998212E-3,,,,,710.800009074E-9,19.6000004,
,,,711.200016212E-9,-39.99999911E-3,,,,,711.200016212E-9,-119.9999973E-3,,,,,711.200016212E-9,19.6000004,
,,,711.600023351E-9,-39.99999911E-3,,,,,711.600023351E-9,-119.9999973E-3,,,,,711.600023351E-9,19.6000004,
,,,712.000030489E-9,-39.99999911E-3,,,,,712.000030489E-9,-119.9999973E-3,,,,,712.000030489E-9,19.6000004,
,,,712.399980785E-9,-39.99999911E-3,,,,,712.399980785E-9,-119.9999973E-3,,,,,712.399980785E-9,20.0000000,
,,,712.799987923E-9,-39.99999911E-3,,,,,712.799987923E-9,-119.9999973E-3,,,,,712.799987923E-9,20.0000000,
,,,713.199995062E-9,-39.99999911E-3,,,,,713.199995062E-9,-119.9999973E-3,,,,,713.199995062E-9,20.0000000,
,,,713.600002200E-9,-39.99999911E-3,,,,,713.600002200E-9,-119.9999973E-3,,,,,713.600002200E-9,20.0000000,
,,,714.000009339E-9,-39.99999911E-3,,,,,714.000009339E-9,-119.9999973E-3,,,,,714.000009339E-9,20.0000000,
,,,714.400016477E-9,-79.999998212E-3,,,,,714.400016477E-9,-119.9999973E-3,,,,,714.400016477E-9,20.0000000,
,,,714.800023616E-9,-79.999998212E-3,,,,,714.800023616E-9,-119.9999973E-3,,,,,714.800023616E-9,20.0000000,
,,,715.200030754E-9,-79.999998212E-3,,,,,715.200030754E-9,-79.999998212E-3,,,,,715.200030754E-9,19.6000004,
,,,715.599981049E-9,-119.9999973E-3,,,,,715.599981049E-9,-79.999998212E-3,,,,,715.599981049E-9,19.6000004,
,,,715.999988188E-9,-79.999998212E-3,,,,,715.999988188E-9,-39.99999911E-3,,,,,715.999988188E-9,19.6000004,
,,,716.399995326E-9,-79.999998212E-3,,,,,716.399995326E-9,-39.99999911E-3,,,,,716.399995326E-9,20.0000000,
,,,716.800002465E-9,-79.999998212E-3,,,,,716.800002465E-9,-39.99999911E-3,,,,,716.800002465E-9,20.0000000,
,,,717.200009603E-9,-39.99999911E-3,,,,,717.200009603E-9,-39.99999911E-3,,,,,717.200009603E-9,20.0000000,
,,,717.600016742E-9,-39.99999911E-3,,,,,717.600016742E-9,-39.99999911E-3,,,,,717.600016742E-9,20.0000000,
,,,718.000023880E-9,-39.99999911E-3,,,,,718.000023880E-9,-39.99999911E-3,,,,,718.000023880E-9,20.0000000,
,,,718.400031019E-9,-39.99999911E-3,,,,,718.400031019E-9,-39.99999911E-3,,,,,718.400031019E-9,20.0000000,
,,,718.799981314E-9,-39.99999911E-3,,,,,718.799981314E-9,-39.99999911E-3,,,,,718.799981314E-9,20.0000000,
,,,719.199988453E-9,-39.99999911E-3,,,,,719.199988453E-9,0.0,,,,,719.199988453E-9,19.6000004,
,,,719.599995591E-9,-39.99999911E-3,,,,,719.599995591E-9,0.0,,,,,719.599995591E-9,19.6000004,
,,,720.000002730E-9,0.0,,,,,720.000002730E-9,0.0,,,,,720.000002730E-9,19.6000004,
,,,720.400009868E-9,0.0,,,,,720.400009868E-9,-39.99999911E-3,,,,,720.400009868E-9,20.0000000,
,,,720.800017007E-9,0.0,,,,,720.800017007E-9,-39.99999911E-3,,,,,720.800017007E-9,20.0000000,
,,,721.200024145E-9,0.0,,,,,721.200024145E-9,-39.99999911E-3,,,,,721.200024145E-9,20.0000000,
,,,721.600031284E-9,0.0,,,,,721.600031284E-9,-39.99999911E-3,,,,,721.600031284E-9,20.0000000,
,,,721.999981579E-9,0.0,,,,,721.999981579E-9,0.0,,,,,721.999981579E-9,19.6000004,
,,,722.399988717E-9,0.0,,,,,722.399988717E-9,-39.99999911E-3,,,,,722.399988717E-9,19.6000004,
,,,722.799995856E-9,0.0,,,,,722.799995856E-9,-39.99999911E-3,,,,,722.799995856E-9,19.2000008,
,,,723.200002994E-9,-39.99999911E-3,,,,,723.200002994E-9,-79.999998212E-3,,,,,723.200002994E-9,19.6000004,
,,,723.600010133E-9,-39.99999911E-3,,,,,723.600010133E-9,-79.999998212E-3,,,,,723.600010133E-9,19.6000004,
