Record Length,2500,Points,-208.00000300E-9,39.99999911E-3,,Record Length,2500,Points,-208.00000300E-9,359.99998450E-3,,Record Length,2500,Points,-208.00000300E-9,9.600000381,
Sample Interval,400.00000370E-12,s,-207.60001007E-9,79.999998212E-3,,Sample Interval,400.00000370E-12,s,-207.60001007E-9,399.99997616E-3,,Sample Interval,400.00000370E-12,s,-207.60001007E-9,9.600000381,
Trigger Point,520.000000555,Samples,-207.20000293E-9,39.99999911E-3,,Trigger Point,520.000000555,Samples,-207.20000293E-9,399.99997616E-3,,Trigger Point,520.000000555,Samples,-207.20000293E-9,9.600000381,
,,,-206.80001001E-9,39.99999911E-3,,,,,-206.80001001E-9,399.99997616E-3,,,,,-206.80001001E-9,9.600000381,
,,,-206.40000287E-9,39.99999911E-3,,,,,-206.40000287E-9,439.999997616E-3,,,,,-206.40000287E-9,9.199999809,
,,,-206.00000994E-9,0.0,,,,,-206.00000994E-9,439.999997616E-3,,,,,-206.00000994E-9,9.199999809,
Source,CH1,,-205.60000280E-9,39.99999911E-3,,Source,CH2,,-205.60000280E-9,439.999997616E-3,,Source,MATH,,-205.60000280E-9,9.199999809,
Vertical Units,Volts,,-205.20000987E-9,39.99999911E-3,,Vertical Units,Volts,,-205.20000987E-9,399.99997616E-3,,Vertical Units,Volts,,-205.20000987E-9,9.199999809,
Vertical Scale,999.999977648E-3,,-204.80000273E-9,39.99999911E-3,,Vertical Scale,999.999977648E-3,,-204.80000273E-9,399.99997616E-3,,Vertical Scale,10.0000001,,-204.80000273E-9,9.199999809,
Vertical Offset,0,,-204.40000981E-9,39.99999911E-3,,Vertical Offset,0,,-204.40000981E-9,399.99997616E-3,,Vertical Offset,0,,-204.40000981E-9,9.199999809,
Horizontal Units,s,,-204.00000267E-9,39.99999911E-3,,Horizontal Units,s,,-204.00000267E-9,399.99997616E-3,,Horizontal Units,s,,-204.00000267E-9,9.199999809,
Horizontal Scale,100.0000013E-9,,-203.60000974E-9,39.99999911E-3,,Horizontal Scale,100.0000013E-9,,-203.60000974E-9,399.99997616E-3,,Horizontal Scale,100.0000013E-9,,-203.60000974E-9,9.199999809,
Pt Fmt,Y,,-203.20000260E-9,39.99999911E-3,,Pt Fmt,Y,,-203.20000260E-9,399.99997616E-3,,Pt Fmt,Y,,-203.20000260E-9,9.199999809,
Yzero,-1.7200000,,-202.80000967E-9,39.99999911E-3,,Yzero,-1.5600000,,-202.80000967E-9,399.99997616E-3,,Yzero,0.0,,-202.80000967E-9,9.199999809,
Probe Atten,1.000000,,-202.40000254E-9,79.999998212E-3,,Probe Atten,1.000000,,-202.40000254E-9,359.99998450E-3,,,,,-202.40000254E-9,9.199999809,
,,,-202.00000961E-9,79.999998212E-3,,,,,-202.00000961E-9,359.99998450E-3,,,,,-202.00000961E-9,9.600000381,
Note,TBS 1104 - 3:36:20 PM   2/3/2026,,-201.60000247E-9,79.999998212E-3,,Note,TBS 1104 - 3:36:20 PM   2/3/2026,,-201.60000247E-9,359.99998450E-3,,Note,TBS 1104 - 3:36:20 PM   2/3/2026,,-201.60000247E-9,9.199999809,
,,,-201.20000954E-9,39.99999911E-3,,,,,-201.20000954E-9,359.99998450E-3,,,,,-201.20000954E-9,9.199999809,
,,,-200.80000240E-9,39.99999911E-3,,,,,-200.80000240E-9,359.99998450E-3,,,,,-200.80000240E-9,9.199999809,
,,,-200.40000948E-9,0.0,,,,,-200.40000948E-9,399.99997616E-3,,,,,-200.40000948E-9,9.199999809,
,,,-200.00000234E-9,0.0,,,,,-200.00000234E-9,359.99998450E-3,,,,,-200.00000234E-9,9.199999809,
,,,-199.60000941E-9,0.0,,,,,-199.60000941E-9,359.99998450E-3,,,,,-199.60000941E-9,9.199999809,
,,,-199.20000227E-9,0.0,,,,,-199.20000227E-9,319.99999285E-3,,,,,-199.20000227E-9,9.199999809,
,,,-198.80000934E-9,0.0,,,,,-198.80000934E-9,319.99999285E-3,,,,,-198.80000934E-9,9.199999809,
,,,-198.40000220E-9,39.99999911E-3,,,,,-198.40000220E-9,319.99999285E-3,,,,,-198.40000220E-9,9.199999809,
,,,-198.00000928E-9,39.99999911E-3,,,,,-198.00000928E-9,280.00000119E-3,,,,,-198.00000928E-9,9.199999809,
,,,-197.60000214E-9,79.999998212E-3,,,,,-197.60000214E-9,319.99999285E-3,,,,,-197.60000214E-9,9.199999809,
,,,-197.20000921E-9,39.99999911E-3,,,,,-197.20000921E-9,319.99999285E-3,,,,,-197.20000921E-9,9.199999809,
,,,-196.80000207E-9,39.99999911E-3,,,,,-196.80000207E-9,319.99999285E-3,,,,,-196.80000207E-9,9.199999809,
,,,-196.40000914E-9,39.99999911E-3,,,,,-196.40000914E-9,359.99998450E-3,,,,,-196.40000914E-9,9.199999809,
,,,-196.00000201E-9,39.99999911E-3,,,,,-196.00000201E-9,359.99998450E-3,,,,,-196.00000201E-9,9.600000381,
,,,-195.60000908E-9,79.999998212E-3,,,,,-195.60000908E-9,359.99998450E-3,,,,,-195.60000908E-9,9.600000381,
,,,-195.20000194E-9,79.999998212E-3,,,,,-195.20000194E-9,319.99999285E-3,,,,,-195.20000194E-9,9.600000381,
,,,-194.80000901E-9,79.999998212E-3,,,,,-194.80000901E-9,319.99999285E-3,,,,,-194.80000901E-9,9.600000381,
,,,-194.40000187E-9,79.999998212E-3,,,,,-194.40000187E-9,319.99999285E-3,,,,,-194.40000187E-9,9.199999809,
,,,-194.00000895E-9,79.999998212E-3,,,,,-194.00000895E-9,319.99999285E-3,,,,,-194.00000895E-9,9.199999809,
,,,-193.60000181E-9,79.999998212E-3,,,,,-193.60000181E-9,359.99998450E-3,,,,,-193.60000181E-9,9.199999809,
,,,-193.20000888E-9,79.999998212E-3,,,,,-193.20000888E-9,319.99999285E-3,,,,,-193.20000888E-9,9.600000381,
,,,-192.80000174E-9,79.999998212E-3,,,,,-192.80000174E-9,319.99999285E-3,,,,,-192.80000174E-9,9.600000381,
,,,-192.40000881E-9,119.9999973E-3,,,,,-192.40000881E-9,319.99999285E-3,,,,,-192.40000881E-9,9.600000381,
,,,-192.00000168E-9,119.9999973E-3,,,,,-192.00000168E-9,319.99999285E-3,,,,,-192.00000168E-9,9.199999809,
,,,-191.60000875E-9,119.9999973E-3,,,,,-191.60000875E-9,359.99998450E-3,,,,,-191.60000875E-9,9.199999809,
,,,-191.20000161E-9,79.999998212E-3,,,,,-191.20000161E-9,319.99999285E-3,,,,,-191.20000161E-9,9.199999809,
,,,-190.80000868E-9,79.999998212E-3,,,,,-190.80000868E-9,319.99999285E-3,,,,,-190.80000868E-9,9.199999809,
,,,-190.40000154E-9,79.999998212E-3,,,,,-190.40000154E-9,319.99999285E-3,,,,,-190.40000154E-9,9.600000381,
,,,-190.00000862E-9,79.999998212E-3,,,,,-190.00000862E-9,319.99999285E-3,,,,,-190.00000862E-9,9.600000381,
,,,-189.60000148E-9,119.9999973E-3,,,,,-189.60000148E-9,319.99999285E-3,,,,,-189.60000148E-9,9.600000381,
,,,-189.20000855E-9,79.999998212E-3,,,,,-189.20000855E-9,319.99999285E-3,,,,,-189.20000855E-9,9.600000381,
,,,-188.80000141E-9,79.999998212E-3,,,,,-188.80000141E-9,319.99999285E-3,,,,,-188.80000141E-9,9.199999809,
,,,-188.40000848E-9,79.999998212E-3,,,,,-188.40000848E-9,319.99999285E-3,,,,,-188.40000848E-9,9.199999809,
,,,-188.00000134E-9,79.999998212E-3,,,,,-188.00000134E-9,319.99999285E-3,,,,,-188.00000134E-9,9.199999809,
,,,-187.60000842E-9,119.9999973E-3,,,,,-187.60000842E-9,319.99999285E-3,,,,,-187.60000842E-9,9.199999809,
,,,-187.20000128E-9,119.9999973E-3,,,,,-187.20000128E-9,319.99999285E-3,,,,,-187.20000128E-9,9.600000381,
,,,-186.80000835E-9,119.9999973E-3,,,,,-186.80000835E-9,319.99999285E-3,,,,,-186.80000835E-9,9.600000381,
,,,-186.40000121E-9,119.9999973E-3,,,,,-186.40000121E-9,319.99999285E-3,,,,,-186.40000121E-9,9.600000381,
,,,-186.00000828E-9,119.9999973E-3,,,,,-186.00000828E-9,319.99999285E-3,,,,,-186.00000828E-9,9.600000381,
,,,-185.60000115E-9,119.9999973E-3,,,,,-185.60000115E-9,319.99999285E-3,,,,,-185.60000115E-9,9.600000381,
,,,-185.20000822E-9,79.999998212E-3,,,,,-185.20000822E-9,280.00000119E-3,,,,,-185.20000822E-9,9.199999809,
,,,-184.80000108E-9,79.999998212E-3,,,,,-184.80000108E-9,280.00000119E-3,,,,,-184.80000108E-9,9.199999809,
,,,-184.40000815E-9,79.999998212E-3,,,,,-184.40000815E-9,280.00000119E-3,,,,,-184.40000815E-9,9.199999809,
,,,-184.00000101E-9,79.999998212E-3,,,,,-184.00000101E-9,239.99999464E-3,,,,,-184.00000101E-9,9.199999809,
,,,-183.60000809E-9,79.999998212E-3,,,,,-183.60000809E-9,280.00000119E-3,,,,,-183.60000809E-9,9.600000381,
,,,-183.20000095E-9,79.999998212E-3,,,,,-183.20000095E-9,280.00000119E-3,,,,,-183.20000095E-9,9.600000381,
,,,-182.80000802E-9,79.999998212E-3,,,,,-182.80000802E-9,280.00000119E-3,,,,,-182.80000802E-9,9.600000381,
,,,-182.40000088E-9,79.999998212E-3,,,,,-182.40000088E-9,280.00000119E-3,,,,,-182.40000088E-9,10.0000000,
,,,-182.00000795E-9,79.999998212E-3,,,,,-182.00000795E-9,280.00000119E-3,,,,,-182.00000795E-9,10.0000000,
,,,-181.60000081E-9,119.9999973E-3,,,,,-181.60000081E-9,280.00000119E-3,,,,,-181.60000081E-9,10.0000000,
,,,-181.20000789E-9,79.999998212E-3,,,,,-181.20000789E-9,280.00000119E-3,,,,,-181.20000789E-9,10.0000000,
,,,-180.80000075E-9,79.999998212E-3,,,,,-180.80000075E-9,280.00000119E-3,,,,,-180.80000075E-9,10.0000000,
,,,-180.40000782E-9,79.999998212E-3,,,,,-180.40000782E-9,319.99999285E-3,,,,,-180.40000782E-9,9.600000381,
,,,-180.00000068E-9,79.999998212E-3,,,,,-180.00000068E-9,280.00000119E-3,,,,,-180.00000068E-9,9.600000381,
,,,-179.60000775E-9,79.999998212E-3,,,,,-179.60000775E-9,280.00000119E-3,,,,,-179.60000775E-9,9.600000381,
,,,-179.20000062E-9,79.999998212E-3,,,,,-179.20000062E-9,239.99999464E-3,,,,,-179.20000062E-9,10.0000000,
,,,-178.80000769E-9,79.999998212E-3,,,,,-178.80000769E-9,239.99999464E-3,,,,,-178.80000769E-9,10.0000000,
,,,-178.40000055E-9,79.999998212E-3,,,,,-178.40000055E-9,239.99999464E-3,,,,,-178.40000055E-9,10.0000000,
,,,-178.00000762E-9,79.999998212E-3,,,,,-178.00000762E-9,239.99999464E-3,,,,,-178.00000762E-9,10.0000000,
,,,-177.60000048E-9,79.999998212E-3,,,,,-177.60000048E-9,280.00000119E-3,,,,,-177.60000048E-9,10.0000000,
,,,-177.20000756E-9,79.999998212E-3,,,,,-177.20000756E-9,239.99999464E-3,,,,,-177.20000756E-9,10.0000000,
,,,-176.80000042E-9,79.999998212E-3,,,,,-176.80000042E-9,239.99999464E-3,,,,,-176.80000042E-9,10.0000000,
,,,-176.40000749E-9,79.999998212E-3,,,,,-176.40000749E-9,239.99999464E-3,,,,,-176.40000749E-9,10.0000000,
,,,-176.00000035E-9,79.999998212E-3,,,,,-176.00000035E-9,239.99999464E-3,,,,,-176.00000035E-9,10.0000000,
,,,-175.60000742E-9,79.999998212E-3,,,,,-175.60000742E-9,280.00000119E-3,,,,,-175.60000742E-9,10.0000000,
,,,-175.20000029E-9,79.999998212E-3,,,,,-175.20000029E-9,280.00000119E-3,,,,,-175.20000029E-9,10.0000000,
,,,-174.80000736E-9,79.999998212E-3,,,,,-174.80000736E-9,280.00000119E-3,,,,,-174.80000736E-9,10.0000000,
,,,-174.40000022E-9,79.999998212E-3,,,,,-174.40000022E-9,280.00000119E-3,,,,,-174.40000022E-9,10.0000000,
,,,-174.00000729E-9,79.999998212E-3,,,,,-174.00000729E-9,280.00000119E-3,,,,,-174.00000729E-9,10.0000000,
,,,-173.60000015E-9,119.9999973E-3,,,,,-173.60000015E-9,319.99999285E-3,,,,,-173.60000015E-9,10.0000000,
,,,-173.20000723E-9,79.999998212E-3,,,,,-173.20000723E-9,280.00000119E-3,,,,,-173.20000723E-9,10.0000000,
,,,-172.80000009E-9,79.999998212E-3,,,,,-172.80000009E-9,280.00000119E-3,,,,,-172.80000009E-9,10.4000006,
,,,-172.40000716E-9,79.999998212E-3,,,,,-172.40000716E-9,280.00000119E-3,,,,,-172.40000716E-9,10.4000006,
,,,-172.00000002E-9,39.99999911E-3,,,,,-172.00000002E-9,280.00000119E-3,,,,,-172.00000002E-9,10.0000000,
,,,-171.60000709E-9,79.999998212E-3,,,,,-171.60000709E-9,319.99999285E-3,,,,,-171.60000709E-9,10.0000000,
,,,-171.19999995E-9,79.999998212E-3,,,,,-171.19999995E-9,280.00000119E-3,,,,,-171.19999995E-9,10.0000000,
,,,-170.80000703E-9,79.999998212E-3,,,,,-170.80000703E-9,280.00000119E-3,,,,,-170.80000703E-9,10.0000000,
,,,-170.39999989E-9,79.999998212E-3,,,,,-170.39999989E-9,280.00000119E-3,,,,,-170.39999989E-9,10.0000000,
,,,-170.00000696E-9,79.999998212E-3,,,,,-170.00000696E-9,280.00000119E-3,,,,,-170.00000696E-9,10.4000006,
,,,-169.59999982E-9,79.999998212E-3,,,,,-169.59999982E-9,319.99999285E-3,,,,,-169.59999982E-9,10.4000006,
,,,-169.20000689E-9,79.999998212E-3,,,,,-169.20000689E-9,319.99999285E-3,,,,,-169.20000689E-9,10.4000006,
,,,-168.79999976E-9,79.999998212E-3,,,,,-168.79999976E-9,319.99999285E-3,,,,,-168.79999976E-9,10.4000006,
,,,-168.40000683E-9,79.999998212E-3,,,,,-168.40000683E-9,280.00000119E-3,,,,,-168.40000683E-9,10.4000006,
,,,-167.99999969E-9,79.999998212E-3,,,,,-167.99999969E-9,239.99999464E-3,,,,,-167.99999969E-9,10.4000006,
,,,-167.60000676E-9,79.999998212E-3,,,,,-167.60000676E-9,239.99999464E-3,,,,,-167.60000676E-9,10.4000006,
,,,-167.19999962E-9,39.99999911E-3,,,,,-167.19999962E-9,239.99999464E-3,,,,,-167.19999962E-9,10.4000006,
,,,-166.80000670E-9,39.99999911E-3,,,,,-166.80000670E-9,239.99999464E-3,,,,,-166.80000670E-9,10.4000006,
,,,-166.39999956E-9,39.99999911E-3,,,,,-166.39999956E-9,280.00000119E-3,,,,,-166.39999956E-9,10.4000006,
,,,-166.00000663E-9,39.99999911E-3,,,,,-166.00000663E-9,280.00000119E-3,,,,,-166.00000663E-9,10.4000006,
,,,-165.59999949E-9,39.99999911E-3,,,,,-165.59999949E-9,280.00000119E-3,,,,,-165.59999949E-9,10.4000006,
,,,-165.20000656E-9,0.0,,,,,-165.20000656E-9,280.00000119E-3,,,,,-165.20000656E-9,10.4000006,
,,,-164.79999942E-9,0.0,,,,,-164.79999942E-9,280.00000119E-3,,,,,-164.79999942E-9,10.4000006,
,,,-164.40000650E-9,0.0,,,,,-164.40000650E-9,280.00000119E-3,,,,,-164.40000650E-9,10.0000000,
,,,-163.99999936E-9,0.0,,,,,-163.99999936E-9,280.00000119E-3,,,,,-163.99999936E-9,10.4000006,
,,,-163.60000643E-9,39.99999911E-3,,,,,-163.60000643E-9,280.00000119E-3,,,,,-163.60000643E-9,10.4000006,
,,,-163.19999929E-9,39.99999911E-3,,,,,-163.19999929E-9,280.00000119E-3,,,,,-163.19999929E-9,10.4000006,
,,,-162.80000636E-9,39.99999911E-3,,,,,-162.80000636E-9,280.00000119E-3,,,,,-162.80000636E-9,10.4000006,
,,,-162.39999923E-9,39.99999911E-3,,,,,-162.39999923E-9,280.00000119E-3,,,,,-162.39999923E-9,10.4000006,
,,,-162.00000630E-9,39.99999911E-3,,,,,-162.00000630E-9,280.00000119E-3,,,,,-162.00000630E-9,10.4000006,
,,,-161.59999916E-9,79.999998212E-3,,,,,-161.59999916E-9,280.00000119E-3,,,,,-161.59999916E-9,10.4000006,
,,,-161.20000623E-9,79.999998212E-3,,,,,-161.20000623E-9,280.00000119E-3,,,,,-161.20000623E-9,10.4000006,
,,,-160.79999909E-9,79.999998212E-3,,,,,-160.79999909E-9,280.00000119E-3,,,,,-160.79999909E-9,10.4000006,
,,,-160.40000617E-9,79.999998212E-3,,,,,-160.40000617E-9,280.00000119E-3,,,,,-160.40000617E-9,10.4000006,
,,,-159.99999903E-9,79.999998212E-3,,,,,-159.99999903E-9,280.00000119E-3,,,,,-159.99999903E-9,10.4000006,
,,,-159.60000610E-9,79.999998212E-3,,,,,-159.60000610E-9,319.99999285E-3,,,,,-159.60000610E-9,10.4000006,
,,,-159.19999896E-9,39.99999911E-3,,,,,-159.19999896E-9,319.99999285E-3,,,,,-159.19999896E-9,10.4000006,
,,,-158.80000603E-9,39.99999911E-3,,,,,-158.80000603E-9,319.99999285E-3,,,,,-158.80000603E-9,10.4000006,
,,,-158.39999890E-9,39.99999911E-3,,,,,-158.39999890E-9,359.99998450E-3,,,,,-158.39999890E-9,10.8000002,
,,,-158.00000597E-9,39.99999911E-3,,,,,-158.00000597E-9,359.99998450E-3,,,,,-158.00000597E-9,10.8000002,
,,,-157.59999883E-9,79.999998212E-3,,,,,-157.59999883E-9,359.99998450E-3,,,,,-157.59999883E-9,10.8000002,
,,,-157.20000590E-9,39.99999911E-3,,,,,-157.20000590E-9,319.99999285E-3,,,,,-157.20000590E-9,11.1999998,
,,,-156.79999876E-9,39.99999911E-3,,,,,-156.79999876E-9,319.99999285E-3,,,,,-156.79999876E-9,11.1999998,
,,,-156.40000584E-9,39.99999911E-3,,,,,-156.40000584E-9,280.00000119E-3,,,,,-156.40000584E-9,10.8000002,
,,,-155.99999870E-9,39.99999911E-3,,,,,-155.99999870E-9,280.00000119E-3,,,,,-155.99999870E-9,10.8000002,
,,,-155.60000577E-9,39.99999911E-3,,,,,-155.60000577E-9,319.99999285E-3,,,,,-155.60000577E-9,10.8000002,
,,,-155.19999863E-9,0.0,,,,,-155.19999863E-9,319.99999285E-3,,,,,-155.19999863E-9,10.8000002,
,,,-154.80000570E-9,0.0,,,,,-154.80000570E-9,359.99998450E-3,,,,,-154.80000570E-9,10.8000002,
,,,-154.39999856E-9,0.0,,,,,-154.39999856E-9,399.99997616E-3,,,,,-154.39999856E-9,10.8000002,
,,,-154.00000564E-9,0.0,,,,,-154.00000564E-9,399.99997616E-3,,,,,-154.00000564E-9,10.8000002,
,,,-153.59999850E-9,0.0,,,,,-153.59999850E-9,399.99997616E-3,,,,,-153.59999850E-9,10.8000002,
,,,-153.20000557E-9,0.0,,,,,-153.20000557E-9,359.99998450E-3,,,,,-153.20000557E-9,10.4000006,
,,,-152.79999843E-9,0.0,,,,,-152.79999843E-9,319.99999285E-3,,,,,-152.79999843E-9,10.4000006,
,,,-152.40000550E-9,-39.99999911E-3,,,,,-152.40000550E-9,319.99999285E-3,,,,,-152.40000550E-9,10.4000006,
,,,-151.99999837E-9,-39.99999911E-3,,,,,-151.99999837E-9,319.99999285E-3,,,,,-151.99999837E-9,10.4000006,
,,,-151.60000544E-9,-39.99999911E-3,,,,,-151.60000544E-9,359.99998450E-3,,,,,-151.60000544E-9,10.4000006,
,,,-151.19999830E-9,-79.999998212E-3,,,,,-151.19999830E-9,359.99998450E-3,,,,,-151.19999830E-9,10.8000002,
,,,-150.80000537E-9,-79.999998212E-3,,,,,-150.80000537E-9,359.99998450E-3,,,,,-150.80000537E-9,10.8000002,
,,,-150.39999823E-9,-39.99999911E-3,,,,,-150.39999823E-9,319.99999285E-3,,,,,-150.39999823E-9,10.8000002,
,,,-150.00000531E-9,0.0,,,,,-150.00000531E-9,319.99999285E-3,,,,,-150.00000531E-9,10.8000002,
,,,-149.59999817E-9,39.99999911E-3,,,,,-149.59999817E-9,319.99999285E-3,,,,,-149.59999817E-9,10.8000002,
,,,-149.20000524E-9,39.99999911E-3,,,,,-149.20000524E-9,319.99999285E-3,,,,,-149.20000524E-9,10.8000002,
,,,-148.79999810E-9,39.99999911E-3,,,,,-148.79999810E-9,359.99998450E-3,,,,,-148.79999810E-9,10.8000002,
,,,-148.4000052E-9,0.0,,,,,-148.4000052E-9,399.99997616E-3,,,,,-148.4000052E-9,10.8000002,
,,,-147.9999980E-9,0.0,,,,,-147.9999980E-9,359.99998450E-3,,,,,-147.9999980E-9,10.8000002,
,,,-147.6000051E-9,0.0,,,,,-147.6000051E-9,359.99998450E-3,,,,,-147.6000051E-9,10.8000002,
,,,-147.1999980E-9,0.0,,,,,-147.1999980E-9,319.99999285E-3,,,,,-147.1999980E-9,11.1999998,
,,,-146.8000050E-9,0.0,,,,,-146.8000050E-9,359.99998450E-3,,,,,-146.8000050E-9,11.1999998,
,,,-146.3999979E-9,0.0,,,,,-146.3999979E-9,359.99998450E-3,,,,,-146.3999979E-9,11.1999998,
,,,-146.0000050E-9,0.0,,,,,-146.0000050E-9,359.99998450E-3,,,,,-146.0000050E-9,11.1999998,
,,,-145.5999978E-9,0.0,,,,,-145.5999978E-9,399.99997616E-3,,,,,-145.5999978E-9,11.1999998,
,,,-145.2000049E-9,0.0,,,,,-145.2000049E-9,399.99997616E-3,,,,,-145.2000049E-9,11.1999998,
,,,-144.7999978E-9,0.0,,,,,-144.7999978E-9,399.99997616E-3,,,,,-144.7999978E-9,11.1999998,
,,,-144.4000048E-9,0.0,,,,,-144.4000048E-9,439.999997616E-3,,,,,-144.4000048E-9,11.1999998,
,,,-143.9999977E-9,0.0,,,,,-143.9999977E-9,439.999997616E-3,,,,,-143.9999977E-9,11.1999998,
,,,-143.6000048E-9,0.0,,,,,-143.6000048E-9,439.999997616E-3,,,,,-143.6000048E-9,11.1999998,
,,,-143.1999976E-9,0.0,,,,,-143.1999976E-9,399.99997616E-3,,,,,-143.1999976E-9,11.1999998,
,,,-142.8000047E-9,0.0,,,,,-142.8000047E-9,399.99997616E-3,,,,,-142.8000047E-9,11.1999998,
,,,-142.3999976E-9,39.99999911E-3,,,,,-142.3999976E-9,359.99998450E-3,,,,,-142.3999976E-9,11.1999998,
,,,-142.0000046E-9,0.0,,,,,-142.0000046E-9,359.99998450E-3,,,,,-142.0000046E-9,11.1999998,
,,,-141.5999975E-9,0.0,,,,,-141.5999975E-9,359.99998450E-3,,,,,-141.5999975E-9,11.1999998,
,,,-141.2000046E-9,-39.99999911E-3,,,,,-141.2000046E-9,359.99998450E-3,,,,,-141.2000046E-9,11.6000004,
,,,-140.7999974E-9,-39.99999911E-3,,,,,-140.7999974E-9,359.99998450E-3,,,,,-140.7999974E-9,11.6000004,
,,,-140.4000045E-9,-39.99999911E-3,,,,,-140.4000045E-9,399.99997616E-3,,,,,-140.4000045E-9,11.6000004,
,,,-139.9999974E-9,-39.99999911E-3,,,,,-139.9999974E-9,399.99997616E-3,,,,,-139.9999974E-9,11.1999998,
,,,-139.6000044E-9,0.0,,,,,-139.6000044E-9,399.99997616E-3,,,,,-139.6000044E-9,11.1999998,
,,,-139.1999973E-9,-39.99999911E-3,,,,,-139.1999973E-9,399.99997616E-3,,,,,-139.1999973E-9,11.1999998,
,,,-138.8000044E-9,-39.99999911E-3,,,,,-138.8000044E-9,399.99997616E-3,,,,,-138.8000044E-9,11.1999998,
,,,-138.3999972E-9,-39.99999911E-3,,,,,-138.3999972E-9,439.999997616E-3,,,,,-138.3999972E-9,11.1999998,
,,,-138.0000043E-9,-39.99999911E-3,,,,,-138.0000043E-9,439.999997616E-3,,,,,-138.0000043E-9,11.1999998,
,,,-137.5999972E-9,0.0,,,,,-137.5999972E-9,479.999989271E-3,,,,,-137.5999972E-9,11.1999998,
,,,-137.2000042E-9,39.99999911E-3,,,,,-137.2000042E-9,439.999997616E-3,,,,,-137.2000042E-9,11.1999998,
,,,-136.7999971E-9,39.99999911E-3,,,,,-136.7999971E-9,439.999997616E-3,,,,,-136.7999971E-9,11.1999998,
,,,-136.4000042E-9,79.999998212E-3,,,,,-136.4000042E-9,399.99997616E-3,,,,,-136.4000042E-9,11.1999998,
,,,-135.9999970E-9,39.99999911E-3,,,,,-135.9999970E-9,399.99997616E-3,,,,,-135.9999970E-9,11.1999998,
,,,-135.6000041E-9,39.99999911E-3,,,,,-135.6000041E-9,399.99997616E-3,,,,,-135.6000041E-9,11.1999998,
,,,-135.1999970E-9,39.99999911E-3,,,,,-135.1999970E-9,359.99998450E-3,,,,,-135.1999970E-9,11.1999998,
,,,-134.8000040E-9,39.99999911E-3,,,,,-134.8000040E-9,359.99998450E-3,,,,,-134.8000040E-9,11.1999998,
,,,-134.3999969E-9,79.999998212E-3,,,,,-134.3999969E-9,399.99997616E-3,,,,,-134.3999969E-9,11.6000004,
,,,-134.0000040E-9,79.999998212E-3,,,,,-134.0000040E-9,439.999997616E-3,,,,,-134.0000040E-9,11.6000004,
,,,-133.5999968E-9,79.999998212E-3,,,,,-133.5999968E-9,479.999989271E-3,,,,,-133.5999968E-9,11.6000004,
,,,-133.2000039E-9,39.99999911E-3,,,,,-133.2000039E-9,439.999997616E-3,,,,,-133.2000039E-9,12.0000000,
,,,-132.7999968E-9,39.99999911E-3,,,,,-132.7999968E-9,439.999997616E-3,,,,,-132.7999968E-9,12.0000000,
,,,-132.4000038E-9,39.99999911E-3,,,,,-132.4000038E-9,439.999997616E-3,,,,,-132.4000038E-9,12.0000000,
,,,-131.9999967E-9,39.99999911E-3,,,,,-131.9999967E-9,439.999997616E-3,,,,,-131.9999967E-9,12.0000000,
,,,-131.6000038E-9,39.99999911E-3,,,,,-131.6000038E-9,439.999997616E-3,,,,,-131.6000038E-9,12.0000000,
,,,-131.1999966E-9,0.0,,,,,-131.1999966E-9,439.999997616E-3,,,,,-131.1999966E-9,12.0000000,
,,,-130.8000037E-9,0.0,,,,,-130.8000037E-9,439.999997616E-3,,,,,-130.8000037E-9,12.0000000,
,,,-130.3999966E-9,-39.99999911E-3,,,,,-130.3999966E-9,399.99997616E-3,,,,,-130.3999966E-9,12.0000000,
,,,-130.0000037E-9,-39.99999911E-3,,,,,-130.0000037E-9,359.99998450E-3,,,,,-130.0000037E-9,12.0000000,
,,,-129.5999965E-9,-39.99999911E-3,,,,,-129.5999965E-9,359.99998450E-3,,,,,-129.5999965E-9,11.6000004,
,,,-129.2000036E-9,-39.99999911E-3,,,,,-129.2000036E-9,319.99999285E-3,,,,,-129.2000036E-9,11.6000004,
,,,-128.7999964E-9,0.0,,,,,-128.7999964E-9,319.99999285E-3,,,,,-128.7999964E-9,11.6000004,
,,,-128.4000035E-9,39.99999911E-3,,,,,-128.4000035E-9,359.99998450E-3,,,,,-128.4000035E-9,11.6000004,
,,,-127.9999964E-9,0.0,,,,,-127.9999964E-9,359.99998450E-3,,,,,-127.9999964E-9,11.6000004,
,,,-127.6000035E-9,0.0,,,,,-127.6000035E-9,399.99997616E-3,,,,,-127.6000035E-9,11.6000004,
,,,-127.1999963E-9,-39.99999911E-3,,,,,-127.1999963E-9,399.99997616E-3,,,,,-127.1999963E-9,11.6000004,
,,,-126.8000034E-9,-39.99999911E-3,,,,,-126.8000034E-9,399.99997616E-3,,,,,-126.8000034E-9,11.6000004,
,,,-126.3999962E-9,-39.99999911E-3,,,,,-126.3999962E-9,399.99997616E-3,,,,,-126.3999962E-9,11.6000004,
,,,-126.0000033E-9,-39.99999911E-3,,,,,-126.0000033E-9,399.99997616E-3,,,,,-126.0000033E-9,12.0000000,
,,,-125.5999962E-9,0.0,,,,,-125.5999962E-9,439.999997616E-3,,,,,-125.5999962E-9,12.0000000,
,,,-125.2000033E-9,0.0,,,,,-125.2000033E-9,439.999997616E-3,,,,,-125.2000033E-9,12.0000000,
,,,-124.7999961E-9,0.0,,,,,-124.7999961E-9,439.999997616E-3,,,,,-124.7999961E-9,12.0000000,
,,,-124.4000032E-9,0.0,,,,,-124.4000032E-9,439.999997616E-3,,,,,-124.4000032E-9,12.0000000,
,,,-123.9999960E-9,39.99999911E-3,,,,,-123.9999960E-9,439.999997616E-3,,,,,-123.9999960E-9,12.0000000,
,,,-123.6000031E-9,79.999998212E-3,,,,,-123.6000031E-9,439.999997616E-3,,,,,-123.6000031E-9,12.0000000,
,,,-123.1999960E-9,79.999998212E-3,,,,,-123.1999960E-9,399.99997616E-3,,,,,-123.1999960E-9,12.0000000,
,,,-122.8000031E-9,79.999998212E-3,,,,,-122.8000031E-9,399.99997616E-3,,,,,-122.8000031E-9,12.0000000,
,,,-122.3999959E-9,39.99999911E-3,,,,,-122.3999959E-9,399.99997616E-3,,,,,-122.3999959E-9,12.0000000,
,,,-122.0000030E-9,39.99999911E-3,,,,,-122.0000030E-9,399.99997616E-3,,,,,-122.0000030E-9,12.0000000,
,,,-121.5999959E-9,39.99999911E-3,,,,,-121.5999959E-9,439.999997616E-3,,,,,-121.5999959E-9,12.0000000,
,,,-121.2000029E-9,39.99999911E-3,,,,,-121.2000029E-9,399.99997616E-3,,,,,-121.2000029E-9,12.0000000,
,,,-120.7999958E-9,39.99999911E-3,,,,,-120.7999958E-9,399.99997616E-3,,,,,-120.7999958E-9,12.0000000,
,,,-120.4000029E-9,39.99999911E-3,,,,,-120.4000029E-9,399.99997616E-3,,,,,-120.4000029E-9,12.0000000,
,,,-119.9999957E-9,39.99999911E-3,,,,,-119.9999957E-9,359.99998450E-3,,,,,-119.9999957E-9,12.0000000,
,,,-119.6000028E-9,39.99999911E-3,,,,,-119.6000028E-9,399.99997616E-3,,,,,-119.6000028E-9,12.0000000,
,,,-119.2000028E-9,39.99999911E-3,,,,,-119.2000028E-9,399.99997616E-3,,,,,-119.2000028E-9,12.0000000,
,,,-118.8000027E-9,39.99999911E-3,,,,,-118.8000027E-9,399.99997616E-3,,,,,-118.8000027E-9,12.0000000,
,,,-118.4000027E-9,39.99999911E-3,,,,,-118.4000027E-9,439.999997616E-3,,,,,-118.4000027E-9,12.0000000,
,,,-118.0000027E-9,39.99999911E-3,,,,,-118.0000027E-9,439.999997616E-3,,,,,-118.0000027E-9,12.0000000,
,,,-117.6000026E-9,39.99999911E-3,,,,,-117.6000026E-9,439.999997616E-3,,,,,-117.6000026E-9,12.0000000,
,,,-117.2000026E-9,39.99999911E-3,,,,,-117.2000026E-9,399.99997616E-3,,,,,-117.2000026E-9,12.0000000,
,,,-116.8000026E-9,39.99999911E-3,,,,,-116.8000026E-9,359.99998450E-3,,,,,-116.8000026E-9,12.0000000,
,,,-116.4000025E-9,79.999998212E-3,,,,,-116.4000025E-9,359.99998450E-3,,,,,-116.4000025E-9,12.0000000,
,,,-116.0000025E-9,79.999998212E-3,,,,,-116.0000025E-9,359.99998450E-3,,,,,-116.0000025E-9,12.0000000,
,,,-115.6000025E-9,79.999998212E-3,,,,,-115.6000025E-9,399.99997616E-3,,,,,-115.6000025E-9,12.0000000,
,,,-115.2000024E-9,39.99999911E-3,,,,,-115.2000024E-9,359.99998450E-3,,,,,-115.2000024E-9,12.4000006,
,,,-114.8000024E-9,0.0,,,,,-114.8000024E-9,359.99998450E-3,,,,,-114.8000024E-9,12.4000006,
,,,-114.4000024E-9,-39.99999911E-3,,,,,-114.4000024E-9,359.99998450E-3,,,,,-114.4000024E-9,12.4000006,
,,,-114.0000023E-9,-39.99999911E-3,,,,,-114.0000023E-9,359.99998450E-3,,,,,-114.0000023E-9,12.4000006,
,,,-113.6000023E-9,0.0,,,,,-113.6000023E-9,399.99997616E-3,,,,,-113.6000023E-9,12.4000006,
,,,-113.2000023E-9,0.0,,,,,-113.2000023E-9,359.99998450E-3,,,,,-113.2000023E-9,12.4000006,
,,,-112.8000022E-9,39.99999911E-3,,,,,-112.8000022E-9,359.99998450E-3,,,,,-112.8000022E-9,12.4000006,
,,,-112.4000022E-9,79.999998212E-3,,,,,-112.4000022E-9,319.99999285E-3,,,,,-112.4000022E-9,12.4000006,
,,,-112.0000022E-9,79.999998212E-3,,,,,-112.0000022E-9,319.99999285E-3,,,,,-112.0000022E-9,12.4000006,
,,,-111.6000021E-9,79.999998212E-3,,,,,-111.6000021E-9,319.99999285E-3,,,,,-111.6000021E-9,12.4000006,
,,,-111.2000021E-9,79.999998212E-3,,,,,-111.2000021E-9,319.99999285E-3,,,,,-111.2000021E-9,12.4000006,
,,,-110.8000021E-9,79.999998212E-3,,,,,-110.8000021E-9,319.99999285E-3,,,,,-110.8000021E-9,12.0000000,
,,,-110.4000020E-9,39.99999911E-3,,,,,-110.4000020E-9,359.99998450E-3,,,,,-110.4000020E-9,12.0000000,
,,,-110.0000020E-9,39.99999911E-3,,,,,-110.0000020E-9,359.99998450E-3,,,,,-110.0000020E-9,12.0000000,
,,,-109.6000020E-9,39.99999911E-3,,,,,-109.6000020E-9,359.99998450E-3,,,,,-109.6000020E-9,12.0000000,
,,,-109.2000019E-9,39.99999911E-3,,,,,-109.2000019E-9,359.99998450E-3,,,,,-109.2000019E-9,12.4000006,
,,,-108.8000019E-9,39.99999911E-3,,,,,-108.8000019E-9,359.99998450E-3,,,,,-108.8000019E-9,12.4000006,
,,,-108.4000019E-9,79.999998212E-3,,,,,-108.4000019E-9,359.99998450E-3,,,,,-108.4000019E-9,12.8000002,
,,,-108.0000018E-9,79.999998212E-3,,,,,-108.0000018E-9,359.99998450E-3,,,,,-108.0000018E-9,12.4000006,
,,,-107.6000018E-9,79.999998212E-3,,,,,-107.6000018E-9,359.99998450E-3,,,,,-107.6000018E-9,12.4000006,
,,,-107.2000018E-9,79.999998212E-3,,,,,-107.2000018E-9,319.99999285E-3,,,,,-107.2000018E-9,12.4000006,
,,,-106.8000017E-9,79.999998212E-3,,,,,-106.8000017E-9,319.99999285E-3,,,,,-106.8000017E-9,12.4000006,
,,,-106.4000017E-9,79.999998212E-3,,,,,-106.4000017E-9,319.99999285E-3,,,,,-106.4000017E-9,12.4000006,
,,,-106.0000017E-9,79.999998212E-3,,,,,-106.0000017E-9,319.99999285E-3,,,,,-106.0000017E-9,12.4000006,
,,,-105.6000016E-9,79.999998212E-3,,,,,-105.6000016E-9,319.99999285E-3,,,,,-105.6000016E-9,12.4000006,
,,,-105.2000016E-9,79.999998212E-3,,,,,-105.2000016E-9,319.99999285E-3,,,,,-105.2000016E-9,12.0000000,
,,,-104.8000016E-9,79.999998212E-3,,,,,-104.8000016E-9,319.99999285E-3,,,,,-104.8000016E-9,12.0000000,
,,,-104.4000015E-9,39.99999911E-3,,,,,-104.4000015E-9,319.99999285E-3,,,,,-104.4000015E-9,12.0000000,
,,,-104.0000015E-9,39.99999911E-3,,,,,-104.0000015E-9,319.99999285E-3,,,,,-104.0000015E-9,12.4000006,
,,,-103.6000015E-9,39.99999911E-3,,,,,-103.6000015E-9,359.99998450E-3,,,,,-103.6000015E-9,12.4000006,
,,,-103.2000014E-9,39.99999911E-3,,,,,-103.2000014E-9,319.99999285E-3,,,,,-103.2000014E-9,12.8000002,
,,,-102.8000014E-9,39.99999911E-3,,,,,-102.8000014E-9,319.99999285E-3,,,,,-102.8000014E-9,12.8000002,
,,,-102.4000014E-9,79.999998212E-3,,,,,-102.4000014E-9,319.99999285E-3,,,,,-102.4000014E-9,12.8000002,
,,,-102.0000013E-9,79.999998212E-3,,,,,-102.0000013E-9,319.99999285E-3,,,,,-102.0000013E-9,12.4000006,
,,,-101.6000013E-9,79.999998212E-3,,,,,-101.6000013E-9,359.99998450E-3,,,,,-101.6000013E-9,12.4000006,
,,,-101.2000013E-9,79.999998212E-3,,,,,-101.2000013E-9,319.99999285E-3,,,,,-101.2000013E-9,12.8000002,
,,,-100.8000012E-9,79.999998212E-3,,,,,-100.8000012E-9,319.99999285E-3,,,,,-100.8000012E-9,12.8000002,
,,,-100.4000012E-9,79.999998212E-3,,,,,-100.4000012E-9,280.00000119E-3,,,,,-100.4000012E-9,12.8000002,
,,,-100.0000012E-9,79.999998212E-3,,,,,-100.0000012E-9,280.00000119E-3,,,,,-100.0000012E-9,12.4000006,
,,,-99.600001136E-9,119.9999973E-3,,,,,-99.600001136E-9,280.00000119E-3,,,,,-99.600001136E-9,12.4000006,
,,,-99.200001102E-9,119.9999973E-3,,,,,-99.200001102E-9,280.00000119E-3,,,,,-99.200001102E-9,12.4000006,
,,,-98.800001069E-9,119.9999973E-3,,,,,-98.800001069E-9,280.00000119E-3,,,,,-98.800001069E-9,12.4000006,
,,,-98.400001036E-9,79.999998212E-3,,,,,-98.400001036E-9,319.99999285E-3,,,,,-98.400001036E-9,12.4000006,
,,,-98.000001003E-9,79.999998212E-3,,,,,-98.000001003E-9,280.00000119E-3,,,,,-98.000001003E-9,12.4000006,
,,,-97.600000970E-9,79.999998212E-3,,,,,-97.600000970E-9,280.00000119E-3,,,,,-97.600000970E-9,12.8000002,
,,,-97.200000937E-9,79.999998212E-3,,,,,-97.200000937E-9,239.99999464E-3,,,,,-97.200000937E-9,12.8000002,
,,,-96.800000904E-9,79.999998212E-3,,,,,-96.800000904E-9,239.99999464E-3,,,,,-96.800000904E-9,13.1999998,
,,,-96.400000871E-9,39.99999911E-3,,,,,-96.400000871E-9,239.99999464E-3,,,,,-96.400000871E-9,13.1999998,
,,,-96.000000838E-9,39.99999911E-3,,,,,-96.000000838E-9,199.99998808E-3,,,,,-96.000000838E-9,12.8000002,
,,,-95.600000805E-9,39.99999911E-3,,,,,-95.600000805E-9,239.99999464E-3,,,,,-95.600000805E-9,12.8000002,
,,,-95.200000771E-9,0.0,,,,,-95.200000771E-9,239.99999464E-3,,,,,-95.200000771E-9,12.8000002,
,,,-94.800000738E-9,0.0,,,,,-94.800000738E-9,239.99999464E-3,,,,,-94.800000738E-9,12.8000002,
,,,-94.400000705E-9,39.99999911E-3,,,,,-94.400000705E-9,280.00000119E-3,,,,,-94.400000705E-9,12.8000002,
,,,-94.000000672E-9,79.999998212E-3,,,,,-94.000000672E-9,280.00000119E-3,,,,,-94.000000672E-9,12.8000002,
,,,-93.600000639E-9,119.9999973E-3,,,,,-93.600000639E-9,280.00000119E-3,,,,,-93.600000639E-9,12.8000002,
,,,-93.200000606E-9,119.9999973E-3,,,,,-93.200000606E-9,239.99999464E-3,,,,,-93.200000606E-9,12.8000002,
,,,-92.800000573E-9,119.9999973E-3,,,,,-92.800000573E-9,239.99999464E-3,,,,,-92.800000573E-9,12.8000002,
,,,-92.400000540E-9,79.999998212E-3,,,,,-92.400000540E-9,199.99998808E-3,,,,,-92.400000540E-9,12.8000002,
,,,-92.000000507E-9,79.999998212E-3,,,,,-92.000000507E-9,199.99998808E-3,,,,,-92.000000507E-9,12.4000006,
,,,-91.600000474E-9,79.999998212E-3,,,,,-91.600000474E-9,239.99999464E-3,,,,,-91.600000474E-9,12.8000002,
,,,-91.200000440E-9,79.999998212E-3,,,,,-91.200000440E-9,239.99999464E-3,,,,,-91.200000440E-9,12.4000006,
,,,-90.800000407E-9,79.999998212E-3,,,,,-90.800000407E-9,280.00000119E-3,,,,,-90.800000407E-9,12.4000006,
,,,-90.400000374E-9,79.999998212E-3,,,,,-90.400000374E-9,319.99999285E-3,,,,,-90.400000374E-9,12.8000002,
,,,-90.000000341E-9,79.999998212E-3,,,,,-90.000000341E-9,280.00000119E-3,,,,,-90.000000341E-9,12.8000002,
,,,-89.600000308E-9,79.999998212E-3,,,,,-89.600000308E-9,280.00000119E-3,,,,,-89.600000308E-9,12.8000002,
,,,-89.200000275E-9,79.999998212E-3,,,,,-89.200000275E-9,280.00000119E-3,,,,,-89.200000275E-9,12.8000002,
,,,-88.800000242E-9,79.999998212E-3,,,,,-88.800000242E-9,280.00000119E-3,,,,,-88.800000242E-9,12.8000002,
,,,-88.400000209E-9,39.99999911E-3,,,,,-88.400000209E-9,319.99999285E-3,,,,,-88.400000209E-9,12.8000002,
,,,-88.000000176E-9,39.99999911E-3,,,,,-88.000000176E-9,319.99999285E-3,,,,,-88.000000176E-9,12.8000002,
,,,-87.600000143E-9,39.99999911E-3,,,,,-87.600000143E-9,319.99999285E-3,,,,,-87.600000143E-9,12.8000002,
,,,-87.200000110E-9,0.0,,,,,-87.200000110E-9,280.00000119E-3,,,,,-87.200000110E-9,12.8000002,
,,,-86.800000076E-9,39.99999911E-3,,,,,-86.800000076E-9,280.00000119E-3,,,,,-86.800000076E-9,12.8000002,
,,,-86.400000043E-9,39.99999911E-3,,,,,-86.400000043E-9,239.99999464E-3,,,,,-86.400000043E-9,12.8000002,
,,,-86.000000010E-9,39.99999911E-3,,,,,-86.000000010E-9,239.99999464E-3,,,,,-86.000000010E-9,12.8000002,
,,,-85.599999977E-9,79.999998212E-3,,,,,-85.599999977E-9,239.99999464E-3,,,,,-85.599999977E-9,12.8000002,
,,,-85.199999944E-9,79.999998212E-3,,,,,-85.199999944E-9,199.99998808E-3,,,,,-85.199999944E-9,12.8000002,
,,,-84.799999911E-9,79.999998212E-3,,,,,-84.799999911E-9,239.99999464E-3,,,,,-84.799999911E-9,12.8000002,
,,,-84.399999878E-9,79.999998212E-3,,,,,-84.399999878E-9,239.99999464E-3,,,,,-84.399999878E-9,12.8000002,
,,,-83.999999845E-9,79.999998212E-3,,,,,-83.999999845E-9,239.99999464E-3,,,,,-83.999999845E-9,12.8000002,
,,,-83.599999812E-9,79.999998212E-3,,,,,-83.599999812E-9,280.00000119E-3,,,,,-83.599999812E-9,12.8000002,
,,,-83.199999779E-9,39.99999911E-3,,,,,-83.199999779E-9,239.99999464E-3,,,,,-83.199999779E-9,12.8000002,
,,,-82.799999745E-9,39.99999911E-3,,,,,-82.799999745E-9,239.99999464E-3,,,,,-82.799999745E-9,12.8000002,
,,,-82.399999712E-9,39.99999911E-3,,,,,-82.399999712E-9,239.99999464E-3,,,,,-82.399999712E-9,12.8000002,
,,,-81.999999679E-9,39.99999911E-3,,,,,-81.999999679E-9,239.99999464E-3,,,,,-81.999999679E-9,12.8000002,
,,,-81.599999646E-9,39.99999911E-3,,,,,-81.599999646E-9,239.99999464E-3,,,,,-81.599999646E-9,12.8000002,
,,,-81.199999613E-9,0.0,,,,,-81.199999613E-9,239.99999464E-3,,,,,-81.199999613E-9,12.8000002,
,,,-80.799999580E-9,0.0,,,,,-80.799999580E-9,239.99999464E-3,,,,,-80.799999580E-9,12.8000002,
,,,-80.399999547E-9,0.0,,,,,-80.399999547E-9,239.99999464E-3,,,,,-80.399999547E-9,12.8000002,
,,,-79.999999514E-9,0.0,,,,,-79.999999514E-9,239.99999464E-3,,,,,-79.999999514E-9,12.8000002,
,,,-79.599999481E-9,39.99999911E-3,,,,,-79.599999481E-9,280.00000119E-3,,,,,-79.599999481E-9,12.8000002,
,,,-79.199999448E-9,39.99999911E-3,,,,,-79.199999448E-9,280.00000119E-3,,,,,-79.199999448E-9,12.8000002,
,,,-78.799999415E-9,39.99999911E-3,,,,,-78.799999415E-9,280.00000119E-3,,,,,-78.799999415E-9,12.4000006,
,,,-78.399999381E-9,39.99999911E-3,,,,,-78.399999381E-9,280.00000119E-3,,,,,-78.399999381E-9,12.4000006,
,,,-77.999999348E-9,39.99999911E-3,,,,,-77.999999348E-9,280.00000119E-3,,,,,-77.999999348E-9,12.8000002,
,,,-77.599999315E-9,79.999998212E-3,,,,,-77.599999315E-9,280.00000119E-3,,,,,-77.599999315E-9,12.8000002,
,,,-77.199999282E-9,79.999998212E-3,,,,,-77.199999282E-9,280.00000119E-3,,,,,-77.199999282E-9,12.8000002,
,,,-76.799999249E-9,79.999998212E-3,,,,,-76.799999249E-9,280.00000119E-3,,,,,-76.799999249E-9,13.1999998,
,,,-76.399999216E-9,39.99999911E-3,,,,,-76.399999216E-9,280.00000119E-3,,,,,-76.399999216E-9,12.8000002,
,,,-75.999999183E-9,39.99999911E-3,,,,,-75.999999183E-9,280.00000119E-3,,,,,-75.999999183E-9,12.8000002,
,,,-75.599999150E-9,39.99999911E-3,,,,,-75.599999150E-9,319.99999285E-3,,,,,-75.599999150E-9,12.8000002,
,,,-75.199999117E-9,39.99999911E-3,,,,,-75.199999117E-9,319.99999285E-3,,,,,-75.199999117E-9,12.4000006,
,,,-74.799999084E-9,39.99999911E-3,,,,,-74.799999084E-9,359.99998450E-3,,,,,-74.799999084E-9,12.4000006,
,,,-74.399999050E-9,0.0,,,,,-74.399999050E-9,319.99999285E-3,,,,,-74.399999050E-9,12.4000006,
,,,-73.999999017E-9,0.0,,,,,-73.999999017E-9,319.99999285E-3,,,,,-73.999999017E-9,12.8000002,
,,,-73.599998984E-9,0.0,,,,,-73.599998984E-9,319.99999285E-3,,,,,-73.599998984E-9,12.8000002,
,,,-73.199998951E-9,0.0,,,,,-73.199998951E-9,319.99999285E-3,,,,,-73.199998951E-9,12.8000002,
,,,-72.799998918E-9,0.0,,,,,-72.799998918E-9,319.99999285E-3,,,,,-72.799998918E-9,13.1999998,
,,,-72.399998885E-9,39.99999911E-3,,,,,-72.399998885E-9,280.00000119E-3,,,,,-72.399998885E-9,12.8000002,
,,,-71.999998852E-9,39.99999911E-3,,,,,-71.999998852E-9,280.00000119E-3,,,,,-71.999998852E-9,12.8000002,
,,,-71.599998819E-9,39.99999911E-3,,,,,-71.599998819E-9,280.00000119E-3,,,,,-71.599998819E-9,12.8000002,
,,,-71.199998786E-9,39.99999911E-3,,,,,-71.199998786E-9,280.00000119E-3,,,,,-71.199998786E-9,12.8000002,
,,,-70.799998753E-9,39.99999911E-3,,,,,-70.799998753E-9,280.00000119E-3,,,,,-70.799998753E-9,12.8000002,
,,,-70.399998719E-9,39.99999911E-3,,,,,-70.399998719E-9,280.00000119E-3,,,,,-70.399998719E-9,12.8000002,
,,,-69.999998686E-9,39.99999911E-3,,,,,-69.999998686E-9,280.00000119E-3,,,,,-69.999998686E-9,13.1999998,
,,,-69.599998653E-9,39.99999911E-3,,,,,-69.599998653E-9,280.00000119E-3,,,,,-69.599998653E-9,12.8000002,
,,,-69.199998620E-9,39.99999911E-3,,,,,-69.199998620E-9,280.00000119E-3,,,,,-69.199998620E-9,12.8000002,
,,,-68.799998587E-9,39.99999911E-3,,,,,-68.799998587E-9,280.00000119E-3,,,,,-68.799998587E-9,12.8000002,
,,,-68.399998554E-9,0.0,,,,,-68.399998554E-9,280.00000119E-3,,,,,-68.399998554E-9,12.8000002,
,,,-67.999998521E-9,0.0,,,,,-67.999998521E-9,280.00000119E-3,,,,,-67.999998521E-9,12.8000002,
,,,-67.599998488E-9,0.0,,,,,-67.599998488E-9,319.99999285E-3,,,,,-67.599998488E-9,12.8000002,
,,,-67.199998455E-9,0.0,,,,,-67.199998455E-9,319.99999285E-3,,,,,-67.199998455E-9,13.1999998,
,,,-66.799998422E-9,0.0,,,,,-66.799998422E-9,319.99999285E-3,,,,,-66.799998422E-9,12.8000002,
,,,-66.399998389E-9,-39.99999911E-3,,,,,-66.399998389E-9,319.99999285E-3,,,,,-66.399998389E-9,12.8000002,
,,,-65.999998355E-9,-39.99999911E-3,,,,,-65.999998355E-9,319.99999285E-3,,,,,-65.999998355E-9,12.8000002,
,,,-65.599998322E-9,-39.99999911E-3,,,,,-65.599998322E-9,319.99999285E-3,,,,,-65.599998322E-9,12.8000002,
,,,-65.199998289E-9,-39.99999911E-3,,,,,-65.199998289E-9,319.99999285E-3,,,,,-65.199998289E-9,12.8000002,
,,,-64.799998256E-9,-39.99999911E-3,,,,,-64.799998256E-9,319.99999285E-3,,,,,-64.799998256E-9,12.8000002,
,,,-64.399998223E-9,0.0,,,,,-64.399998223E-9,359.99998450E-3,,,,,-64.399998223E-9,12.8000002,
,,,-63.999998190E-9,0.0,,,,,-63.999998190E-9,359.99998450E-3,,,,,-63.999998190E-9,12.8000002,
,,,-63.599998157E-9,39.99999911E-3,,,,,-63.599998157E-9,359.99998450E-3,,,,,-63.599998157E-9,12.8000002,
,,,-63.199998124E-9,39.99999911E-3,,,,,-63.199998124E-9,359.99998450E-3,,,,,-63.199998124E-9,13.1999998,
,,,-62.799998091E-9,79.999998212E-3,,,,,-62.799998091E-9,359.99998450E-3,,,,,-62.799998091E-9,13.1999998,
,,,-62.399998058E-9,39.99999911E-3,,,,,-62.399998058E-9,359.99998450E-3,,,,,-62.399998058E-9,13.1999998,
,,,-61.999998024E-9,39.99999911E-3,,,,,-61.999998024E-9,359.99998450E-3,,,,,-61.999998024E-9,12.8000002,
,,,-61.599997991E-9,39.99999911E-3,,,,,-61.599997991E-9,359.99998450E-3,,,,,-61.599997991E-9,12.8000002,
,,,-61.199997958E-9,39.99999911E-3,,,,,-61.199997958E-9,359.99998450E-3,,,,,-61.199997958E-9,12.4000006,
,,,-60.799997925E-9,39.99999911E-3,,,,,-60.799997925E-9,359.99998450E-3,,,,,-60.799997925E-9,12.4000006,
,,,-60.399997892E-9,0.0,,,,,-60.399997892E-9,399.99997616E-3,,,,,-60.399997892E-9,12.8000002,
,,,-59.999997859E-9,0.0,,,,,-59.999997859E-9,399.99997616E-3,,,,,-59.999997859E-9,12.8000002,
,,,-59.600001379E-9,0.0,,,,,-59.600001379E-9,399.99997616E-3,,,,,-59.600001379E-9,12.8000002,
,,,-59.200001346E-9,-39.99999911E-3,,,,,-59.200001346E-9,359.99998450E-3,,,,,-59.200001346E-9,13.1999998,
,,,-58.800001312E-9,0.0,,,,,-58.800001312E-9,359.99998450E-3,,,,,-58.800001312E-9,12.8000002,
,,,-58.400001279E-9,0.0,,,,,-58.400001279E-9,319.99999285E-3,,,,,-58.400001279E-9,12.8000002,
,,,-58.000001246E-9,0.0,,,,,-58.000001246E-9,319.99999285E-3,,,,,-58.000001246E-9,12.8000002,
,,,-57.600001213E-9,39.99999911E-3,,,,,-57.600001213E-9,359.99998450E-3,,,,,-57.600001213E-9,12.8000002,
,,,-57.200001180E-9,0.0,,,,,-57.200001180E-9,359.99998450E-3,,,,,-57.200001180E-9,12.4000006,
,,,-56.800001147E-9,0.0,,,,,-56.800001147E-9,399.99997616E-3,,,,,-56.800001147E-9,12.8000002,
,,,-56.400001114E-9,0.0,,,,,-56.400001114E-9,439.999997616E-3,,,,,-56.400001114E-9,12.8000002,
,,,-56.000001081E-9,-39.99999911E-3,,,,,-56.000001081E-9,399.99997616E-3,,,,,-56.000001081E-9,12.8000002,
,,,-55.600001048E-9,0.0,,,,,-55.600001048E-9,399.99997616E-3,,,,,-55.600001048E-9,12.8000002,
,,,-55.200001015E-9,0.0,,,,,-55.200001015E-9,359.99998450E-3,,,,,-55.200001015E-9,12.8000002,
,,,-54.800000981E-9,0.0,,,,,-54.800000981E-9,359.99998450E-3,,,,,-54.800000981E-9,12.8000002,
,,,-54.40000095E-9,0.0,,,,,-54.40000095E-9,399.99997616E-3,,,,,-54.40000095E-9,12.4000006,
,,,-54.00000092E-9,0.0,,,,,-54.00000092E-9,479.999989271E-3,,,,,-54.00000092E-9,12.4000006,
,,,-53.60000088E-9,0.0,,,,,-53.60000088E-9,519.999980927E-3,,,,,-53.60000088E-9,12.4000006,
,,,-53.20000085E-9,0.0,,,,,-53.20000085E-9,439.999997616E-3,,,,,-53.20000085E-9,12.4000006,
,,,-52.80000082E-9,0.0,,,,,-52.80000082E-9,359.99998450E-3,,,,,-52.80000082E-9,12.8000002,
,,,-52.40000078E-9,39.99999911E-3,,,,,-52.40000078E-9,319.99999285E-3,,,,,-52.40000078E-9,12.8000002,
,,,-52.00000075E-9,79.999998212E-3,,,,,-52.00000075E-9,319.99999285E-3,,,,,-52.00000075E-9,12.8000002,
,,,-51.60000072E-9,79.999998212E-3,,,,,-51.60000072E-9,359.99998450E-3,,,,,-51.60000072E-9,12.8000002,
,,,-51.20000068E-9,0.0,,,,,-51.20000068E-9,439.999997616E-3,,,,,-51.20000068E-9,12.8000002,
,,,-50.80000065E-9,-39.99999911E-3,,,,,-50.80000065E-9,519.999980927E-3,,,,,-50.80000065E-9,12.8000002,
,,,-50.40000062E-9,-79.999998212E-3,,,,,-50.40000062E-9,519.999980927E-3,,,,,-50.40000062E-9,12.8000002,
,,,-50.00000058E-9,-79.999998212E-3,,,,,-50.00000058E-9,399.99997616E-3,,,,,-50.00000058E-9,13.1999998,
,,,-49.60000055E-9,-39.99999911E-3,,,,,-49.60000055E-9,280.00000119E-3,,,,,-49.60000055E-9,13.1999998,
,,,-49.20000052E-9,0.0,,,,,-49.20000052E-9,199.99998808E-3,,,,,-49.20000052E-9,13.1999998,
,,,-48.80000049E-9,0.0,,,,,-48.80000049E-9,199.99998808E-3,,,,,-48.80000049E-9,13.1999998,
,,,-48.40000045E-9,0.0,,,,,-48.40000045E-9,319.99999285E-3,,,,,-48.40000045E-9,12.8000002,
,,,-48.00000042E-9,-39.99999911E-3,,,,,-48.00000042E-9,519.999980927E-3,,,,,-48.00000042E-9,12.8000002,
,,,-47.60000039E-9,-39.99999911E-3,,,,,-47.60000039E-9,680.000007153E-3,,,,,-47.60000039E-9,12.8000002,
,,,-47.20000035E-9,-79.999998212E-3,,,,,-47.20000035E-9,599.999964237E-3,,,,,-47.20000035E-9,12.8000002,
,,,-46.80000032E-9,-79.999998212E-3,,,,,-46.80000032E-9,479.999989271E-3,,,,,-46.80000032E-9,13.1999998,
,,,-46.40000029E-9,-39.99999911E-3,,,,,-46.40000029E-9,319.99999285E-3,,,,,-46.40000029E-9,13.1999998,
,,,-46.00000025E-9,39.99999911E-3,,,,,-46.00000025E-9,199.99998808E-3,,,,,-46.00000025E-9,12.8000002,
,,,-45.60000022E-9,119.9999973E-3,,,,,-45.60000022E-9,199.99998808E-3,,,,,-45.60000022E-9,12.8000002,
,,,-45.20000019E-9,79.999998212E-3,,,,,-45.20000019E-9,359.99998450E-3,,,,,-45.20000019E-9,12.8000002,
,,,-44.80000015E-9,39.99999911E-3,,,,,-44.80000015E-9,519.999980927E-3,,,,,-44.80000015E-9,12.8000002,
,,,-44.40000012E-9,0.0,,,,,-44.40000012E-9,639.999985695E-3,,,,,-44.40000012E-9,12.8000002,
,,,-44.00000009E-9,-79.999998212E-3,,,,,-44.00000009E-9,639.999985695E-3,,,,,-44.00000009E-9,12.8000002,
,,,-43.60000005E-9,-119.9999973E-3,,,,,-43.60000005E-9,599.999964237E-3,,,,,-43.60000005E-9,13.1999998,
,,,-43.20000002E-9,-39.99999911E-3,,,,,-43.20000002E-9,359.99998450E-3,,,,,-43.20000002E-9,13.1999998,
,,,-42.79999999E-9,39.99999911E-3,,,,,-42.79999999E-9,199.99998808E-3,,,,,-42.79999999E-9,13.1999998,
,,,-42.39999996E-9,119.9999973E-3,,,,,-42.39999996E-9,199.99998808E-3,,,,,-42.39999996E-9,12.8000002,
,,,-41.99999992E-9,119.9999973E-3,,,,,-41.99999992E-9,399.99997616E-3,,,,,-41.99999992E-9,12.4000006,
,,,-41.59999989E-9,119.9999973E-3,,,,,-41.59999989E-9,599.999964237E-3,,,,,-41.59999989E-9,12.4000006,
,,,-41.19999986E-9,0.0,,,,,-41.19999986E-9,680.000007153E-3,,,,,-41.19999986E-9,12.4000006,
,,,-40.79999982E-9,-79.999998212E-3,,,,,-40.79999982E-9,680.000007153E-3,,,,,-40.79999982E-9,12.4000006,
,,,-40.39999979E-9,-119.9999973E-3,,,,,-40.39999979E-9,560.000002384E-3,,,,,-40.39999979E-9,12.4000006,
,,,-39.99999976E-9,-79.999998212E-3,,,,,-39.99999976E-9,280.00000119E-3,,,,,-39.99999976E-9,12.8000002,
,,,-39.59999972E-9,0.0,,,,,-39.59999972E-9,79.999998212E-3,,,,,-39.59999972E-9,12.8000002,
,,,-39.19999969E-9,39.99999911E-3,,,,,-39.19999969E-9,159.99999642E-3,,,,,-39.19999969E-9,12.8000002,
,,,-38.79999966E-9,79.999998212E-3,,,,,-38.79999966E-9,319.99999285E-3,,,,,-38.79999966E-9,12.8000002,
,,,-38.39999962E-9,79.999998212E-3,,,,,-38.39999962E-9,519.999980927E-3,,,,,-38.39999962E-9,12.8000002,
,,,-37.99999959E-9,0.0,,,,,-37.99999959E-9,680.000007153E-3,,,,,-37.99999959E-9,12.8000002,
,,,-37.59999956E-9,-39.99999911E-3,,,,,-37.59999956E-9,719.999969006E-3,,,,,-37.59999956E-9,12.8000002,
,,,-37.19999953E-9,-39.99999911E-3,,,,,-37.19999953E-9,399.99997616E-3,,,,,-37.19999953E-9,12.8000002,
,,,-36.79999949E-9,39.99999911E-3,,,,,-36.79999949E-9,119.9999973E-3,,,,,-36.79999949E-9,12.8000002,
,,,-36.39999946E-9,79.999998212E-3,,,,,-36.39999946E-9,-39.99999911E-3,,,,,-36.39999946E-9,12.8000002,
,,,-35.99999943E-9,119.9999973E-3,,,,,-35.99999943E-9,79.999998212E-3,,,,,-35.99999943E-9,13.1999998,
,,,-35.59999939E-9,159.99999642E-3,,,,,-35.59999939E-9,280.00000119E-3,,,,,-35.59999939E-9,13.1999998,
,,,-35.19999936E-9,79.999998212E-3,,,,,-35.19999936E-9,560.000002384E-3,,,,,-35.19999936E-9,13.6000004,
,,,-34.79999933E-9,39.99999911E-3,,,,,-34.79999933E-9,839.999973774E-3,,,,,-34.79999933E-9,13.1999998,
,,,-34.39999929E-9,39.99999911E-3,,,,,-34.39999929E-9,839.999973774E-3,,,,,-34.39999929E-9,12.8000002,
,,,-33.99999926E-9,79.999998212E-3,,,,,-33.99999926E-9,599.999964237E-3,,,,,-33.99999926E-9,12.4000006,
,,,-33.59999923E-9,159.99999642E-3,,,,,-33.59999923E-9,399.99997616E-3,,,,,-33.59999923E-9,12.4000006,
,,,-33.19999919E-9,199.99998808E-3,,,,,-33.19999919E-9,359.99998450E-3,,,,,-33.19999919E-9,12.0000000,
,,,-32.79999916E-9,239.99999464E-3,,,,,-32.79999916E-9,479.999989271E-3,,,,,-32.79999916E-9,12.4000006,
,,,-32.39999913E-9,239.99999464E-3,,,,,-32.39999913E-9,680.000007153E-3,,,,,-32.39999913E-9,12.8000002,
,,,-31.99999909E-9,119.9999973E-3,,,,,-31.99999909E-9,919.999957085E-3,,,,,-31.99999909E-9,13.1999998,
,,,-31.59999906E-9,39.99999911E-3,,,,,-31.59999906E-9,1.0799999,,,,,-31.59999906E-9,12.8000002,
,,,-31.19999903E-9,-39.99999911E-3,,,,,-31.19999903E-9,879.999995232E-3,,,,,-31.19999903E-9,12.8000002,
,,,-30.79999900E-9,-39.99999911E-3,,,,,-30.79999900E-9,680.000007153E-3,,,,,-30.79999900E-9,12.4000006,
,,,-30.39999896E-9,-39.99999911E-3,,,,,-30.39999896E-9,599.999964237E-3,,,,,-30.39999896E-9,12.0000000,
,,,-29.99999893E-9,39.99999911E-3,,,,,-29.99999893E-9,639.999985695E-3,,,,,-29.99999893E-9,12.4000006,
,,,-29.60000067E-9,79.999998212E-3,,,,,-29.60000067E-9,759.999990463E-3,,,,,-29.60000067E-9,12.8000002,
,,,-29.20000064E-9,39.99999911E-3,,,,,-29.20000064E-9,879.999995232E-3,,,,,-29.20000064E-9,13.1999998,
,,,-28.80000061E-9,0.0,,,,,-28.80000061E-9,919.999957085E-3,,,,,-28.80000061E-9,13.1999998,
,,,-28.40000057E-9,-39.99999911E-3,,,,,-28.40000057E-9,759.999990463E-3,,,,,-28.40000057E-9,13.1999998,
,,,-28.00000054E-9,-79.999998212E-3,,,,,-28.00000054E-9,399.99997616E-3,,,,,-28.00000054E-9,13.1999998,
,,,-27.60000051E-9,-79.999998212E-3,,,,,-27.60000051E-9,119.9999973E-3,,,,,-27.60000051E-9,12.8000002,
,,,-27.20000047E-9,-79.999998212E-3,,,,,-27.20000047E-9,119.9999973E-3,,,,,-27.20000047E-9,12.8000002,
,,,-26.80000044E-9,-79.999998212E-3,,,,,-26.80000044E-9,239.99999464E-3,,,,,-26.80000044E-9,12.8000002,
,,,-26.40000041E-9,-39.99999911E-3,,,,,-26.40000041E-9,479.999989271E-3,,,,,-26.40000041E-9,13.1999998,
,,,-26.00000037E-9,-39.99999911E-3,,,,,-26.00000037E-9,759.999990463E-3,,,,,-26.00000037E-9,13.1999998,
,,,-25.60000034E-9,0.0,,,,,-25.60000034E-9,919.999957085E-3,,,,,-25.60000034E-9,13.6000004,
,,,-25.20000031E-9,0.0,,,,,-25.20000031E-9,639.999985695E-3,,,,,-25.20000031E-9,13.1999998,
,,,-24.80000028E-9,39.99999911E-3,,,,,-24.80000028E-9,319.99999285E-3,,,,,-24.80000028E-9,12.8000002,
,,,-24.40000024E-9,79.999998212E-3,,,,,-24.40000024E-9,119.9999973E-3,,,,,-24.40000024E-9,12.8000002,
,,,-24.00000021E-9,159.99999642E-3,,,,,-24.00000021E-9,159.99999642E-3,,,,,-24.00000021E-9,12.4000006,
,,,-23.60000018E-9,199.99998808E-3,,,,,-23.60000018E-9,319.99999285E-3,,,,,-23.60000018E-9,12.8000002,
,,,-23.20000014E-9,199.99998808E-3,,,,,-23.20000014E-9,680.000007153E-3,,,,,-23.20000014E-9,12.8000002,
,,,-22.80000011E-9,239.99999464E-3,,,,,-22.80000011E-9,1.0400000,,,,,-22.80000011E-9,13.1999998,
,,,-22.40000008E-9,199.99998808E-3,,,,,-22.40000008E-9,1.1600000,,,,,-22.40000008E-9,13.1999998,
,,,-22.00000004E-9,199.99998808E-3,,,,,-22.00000004E-9,1.000000,,,,,-22.00000004E-9,13.1999998,
,,,-21.60000001E-9,199.99998808E-3,,,,,-21.60000001E-9,839.999973774E-3,,,,,-21.60000001E-9,12.8000002,
,,,-21.19999998E-9,199.99998808E-3,,,,,-21.19999998E-9,799.999952316E-3,,,,,-21.19999998E-9,12.4000006,
,,,-20.79999994E-9,239.99999464E-3,,,,,-20.79999994E-9,839.999973774E-3,,,,,-20.79999994E-9,12.0000000,
,,,-20.39999991E-9,280.00000119E-3,,,,,-20.39999991E-9,919.999957085E-3,,,,,-20.39999991E-9,12.0000000,
,,,-19.9999999E-9,280.00000119E-3,,,,,-19.9999999E-9,1.0799999,,,,,-19.9999999E-9,12.0000000,
,,,-19.5999998E-9,239.99999464E-3,,,,,-19.5999998E-9,1.1200000,,,,,-19.5999998E-9,12.0000000,
,,,-19.1999998E-9,119.9999973E-3,,,,,-19.1999998E-9,919.999957085E-3,,,,,-19.1999998E-9,12.4000006,
,,,-18.7999998E-9,0.0,,,,,-18.7999998E-9,680.000007153E-3,,,,,-18.7999998E-9,12.4000006,
,,,-18.3999997E-9,-119.9999973E-3,,,,,-18.3999997E-9,479.999989271E-3,,,,,-18.3999997E-9,12.8000002,
,,,-17.9999997E-9,-239.99999464E-3,,,,,-17.9999997E-9,399.99997616E-3,,,,,-17.9999997E-9,12.8000002,
,,,-17.5999997E-9,-280.00000119E-3,,,,,-17.5999997E-9,359.99998450E-3,,,,,-17.5999997E-9,12.8000002,
,,,-17.1999996E-9,-239.99999464E-3,,,,,-17.1999996E-9,399.99997616E-3,,,,,-17.1999996E-9,13.1999998,
,,,-16.7999996E-9,-159.99999642E-3,,,,,-16.7999996E-9,439.999997616E-3,,,,,-16.7999996E-9,13.1999998,
,,,-16.3999996E-9,-119.9999973E-3,,,,,-16.3999996E-9,399.99997616E-3,,,,,-16.3999996E-9,13.1999998,
,,,-16.0000013E-9,-159.99999642E-3,,,,,-16.0000013E-9,199.99998808E-3,,,,,-16.0000013E-9,13.1999998,
,,,-15.6000013E-9,-159.99999642E-3,,,,,-15.6000013E-9,39.99999911E-3,,,,,-15.6000013E-9,13.6000004,
,,,-15.2000013E-9,-199.99998808E-3,,,,,-15.2000013E-9,-79.999998212E-3,,,,,-15.2000013E-9,14.0000000,
,,,-14.8000003E-9,-239.99999464E-3,,,,,-14.8000003E-9,-79.999998212E-3,,,,,-14.8000003E-9,14.4000006,
,,,-14.4000003E-9,-159.99999642E-3,,,,,-14.4000003E-9,39.99999911E-3,,,,,-14.4000003E-9,14.4000006,
,,,-14.0000003E-9,-39.99999911E-3,,,,,-14.0000003E-9,280.00000119E-3,,,,,-14.0000003E-9,14.0000000,
,,,-13.6000002E-9,79.999998212E-3,,,,,-13.6000002E-9,479.999989271E-3,,,,,-13.6000002E-9,13.6000004,
,,,-13.2000002E-9,79.999998212E-3,,,,,-13.2000002E-9,479.999989271E-3,,,,,-13.2000002E-9,13.1999998,
,,,-12.8000002E-9,119.9999973E-3,,,,,-12.8000002E-9,399.99997616E-3,,,,,-12.8000002E-9,13.1999998,
,,,-12.4000001E-9,199.99998808E-3,,,,,-12.4000001E-9,280.00000119E-3,,,,,-12.4000001E-9,13.1999998,
,,,-12.0000001E-9,319.99999285E-3,,,,,-12.0000001E-9,119.9999973E-3,,,,,-12.0000001E-9,13.6000004,
,,,-11.6000001E-9,439.999997616E-3,,,,,-11.6000001E-9,119.9999973E-3,,,,,-11.6000001E-9,14.0000000,
,,,-11.2000000E-9,479.999989271E-3,,,,,-11.2000000E-9,359.99998450E-3,,,,,-11.2000000E-9,14.0000000,
,,,-10.8000000E-9,519.999980927E-3,,,,,-10.8000000E-9,680.000007153E-3,,,,,-10.8000000E-9,13.6000004,
,,,-10.4000000E-9,519.999980927E-3,,,,,-10.4000000E-9,959.999978542E-3,,,,,-10.4000000E-9,13.1999998,
,,,-9.999999939E-9,479.999989271E-3,,,,,-9.999999939E-9,1.1200000,,,,,-9.999999939E-9,12.8000002,
,,,-9.600000794E-9,439.999997616E-3,,,,,-9.600000794E-9,1.1600000,,,,,-9.600000794E-9,12.4000006,
,,,-9.200000761E-9,399.99997616E-3,,,,,-9.200000761E-9,1.000000,,,,,-9.200000761E-9,12.4000006,
,,,-8.800000728E-9,359.99998450E-3,,,,,-8.800000728E-9,799.999952316E-3,,,,,-8.800000728E-9,12.4000006,
,,,-8.400000695E-9,319.99999285E-3,,,,,-8.400000695E-9,719.999969006E-3,,,,,-8.400000695E-9,12.8000002,
,,,-8.000000662E-9,280.00000119E-3,,,,,-8.000000662E-9,759.999990463E-3,,,,,-8.000000662E-9,12.8000002,
,,,-7.600000629E-9,199.99998808E-3,,,,,-7.600000629E-9,839.999973774E-3,,,,,-7.600000629E-9,12.8000002,
,,,-7.20000015E-9,79.999998212E-3,,,,,-7.20000015E-9,919.999957085E-3,,,,,-7.20000015E-9,12.4000006,
,,,-6.80000012E-9,-79.999998212E-3,,,,,-6.80000012E-9,879.999995232E-3,,,,,-6.80000012E-9,12.4000006,
,,,-6.40000053E-9,-199.99998808E-3,,,,,-6.40000053E-9,639.999985695E-3,,,,,-6.40000053E-9,12.0000000,
,,,-6.00000050E-9,-319.99999285E-3,,,,,-6.00000050E-9,199.99998808E-3,,,,,-6.00000050E-9,12.0000000,
,,,-5.60000046E-9,-399.99997616E-3,,,,,-5.60000046E-9,-199.99998808E-3,,,,,-5.60000046E-9,12.0000000,
,,,-5.20000043E-9,-439.999997616E-3,,,,,-5.20000043E-9,-359.99998450E-3,,,,,-5.20000043E-9,12.8000002,
,,,-4.80000040E-9,-439.999997616E-3,,,,,-4.80000040E-9,-319.99999285E-3,,,,,-4.80000040E-9,14.0000000,
,,,-4.40000036E-9,-399.99997616E-3,,,,,-4.40000036E-9,-79.999998212E-3,,,,,-4.40000036E-9,14.8000002,
,,,-4.00000033E-9,-399.99997616E-3,,,,,-4.00000033E-9,239.99999464E-3,,,,,-4.00000033E-9,15.1999998,
,,,-3.60000030E-9,-359.99998450E-3,,,,,-3.60000030E-9,479.999989271E-3,,,,,-3.60000030E-9,15.6000004,
,,,-3.20000026E-9,-319.99999285E-3,,,,,-3.20000026E-9,280.00000119E-3,,,,,-3.20000026E-9,15.1999998,
,,,-2.80000023E-9,-239.99999464E-3,,,,,-2.80000023E-9,-39.99999911E-3,,,,,-2.80000023E-9,14.8000002,
,,,-2.4000002E-9,-79.999998212E-3,,,,,-2.4000002E-9,-399.99997616E-3,,,,,-2.4000002E-9,14.4000006,
,,,-2.0000002E-9,79.999998212E-3,,,,,-2.0000002E-9,-719.999969006E-3,,,,,-2.0000002E-9,14.0000000,
,,,-1.6000002E-9,239.99999464E-3,,,,,-1.6000002E-9,-759.999990463E-3,,,,,-1.6000002E-9,14.0000000,
,,,-1.2000002E-9,280.00000119E-3,,,,,-1.2000002E-9,-280.00000119E-3,,,,,-1.2000002E-9,14.0000000,
,,,-800.000229449E-12,359.99998450E-3,,,,,-800.000229449E-12,319.99999285E-3,,,,,-800.000229449E-12,14.0000000,
,,,-400.00022575E-12,439.999997616E-3,,,,,-400.00022575E-12,919.999957085E-3,,,,,-400.00022575E-12,14.0000000,
,,,-0.0,560.000002384E-3,,,,,-0.0,1.2800000,,,,,-0.0,13.1999998,
,,,399.99978166E-12,719.999969006E-3,,,,,399.99978166E-12,1.5200000,,,,,399.99978166E-12,12.8000002,
,,,799.999785360E-12,839.999973774E-3,,,,,799.999785360E-12,1.3600000,,,,,799.999785360E-12,12.0000000,
,,,1.1999998E-9,919.999957085E-3,,,,,1.1999998E-9,1.2400000,,,,,1.1999998E-9,12.0000000,
,,,1.5999998E-9,879.999995232E-3,,,,,1.5999998E-9,1.3199999,,,,,1.5999998E-9,12.0000000,
,,,1.9999997E-9,719.999969006E-3,,,,,1.9999997E-9,1.7199999,,,,,1.9999997E-9,12.8000002,
,,,2.3999998E-9,519.999980927E-3,,,,,2.3999998E-9,2.1199999,,,,,2.3999998E-9,13.6000004,
,,,2.79999979E-9,399.99997616E-3,,,,,2.79999979E-9,2.3199999,,,,,2.79999979E-9,14.0000000,
,,,3.19999982E-9,359.99998450E-3,,,,,3.19999982E-9,2.3999999,,,,,3.19999982E-9,14.0000000,
,,,3.59999985E-9,239.99999464E-3,,,,,3.59999985E-9,2.2400000,,,,,3.59999985E-9,13.6000004,
,,,3.99999989E-9,119.9999973E-3,,,,,3.99999989E-9,1.8800000,,,,,3.99999989E-9,12.8000002,
,,,4.39999992E-9,0.0,,,,,4.39999992E-9,1.6400000,,,,,4.39999992E-9,12.0000000,
,,,4.79999995E-9,-239.99999464E-3,,,,,4.79999995E-9,1.7199999,,,,,4.79999995E-9,11.6000004,
,,,5.19999999E-9,-439.999997616E-3,,,,,5.19999999E-9,1.9599999,,,,,5.19999999E-9,12.4000006,
,,,5.60000002E-9,-519.999980927E-3,,,,,5.60000002E-9,2.2000000,,,,,5.60000002E-9,13.1999998,
,,,6.00000005E-9,-479.999989271E-3,,,,,6.00000005E-9,2.3999999,,,,,6.00000005E-9,13.6000004,
,,,6.39999964E-9,-399.99997616E-3,,,,,6.39999964E-9,2.5200000,,,,,6.39999964E-9,14.0000000,
,,,6.79999967E-9,-439.999997616E-3,,,,,6.79999967E-9,2.3999999,,,,,6.79999967E-9,13.1999998,
,,,7.19999971E-9,-519.999980927E-3,,,,,7.19999971E-9,2.3199999,,,,,7.19999971E-9,12.4000006,
,,,7.599999741E-9,-599.999964237E-3,,,,,7.599999741E-9,2.3599999,,,,,7.599999741E-9,11.1999998,
,,,7.999999774E-9,-639.999985695E-3,,,,,7.999999774E-9,2.5599999,,,,,7.999999774E-9,11.6000004,
,,,8.399999807E-9,-599.999964237E-3,,,,,8.399999807E-9,2.72000003,,,,,8.399999807E-9,12.4000006,
,,,8.799999840E-9,-319.99999285E-3,,,,,8.799999840E-9,2.5599999,,,,,8.799999840E-9,13.1999998,
,,,9.199999873E-9,0.0,,,,,9.199999873E-9,2.3199999,,,,,9.199999873E-9,14.0000000,
,,,9.599999906E-9,239.99999464E-3,,,,,9.599999906E-9,1.9200000,,,,,9.599999906E-9,14.0000000,
,,,9.999999939E-9,359.99998450E-3,,,,,9.999999939E-9,1.4800000,,,,,9.999999939E-9,13.6000004,
,,,10.4000000E-9,479.999989271E-3,,,,,10.4000000E-9,1.2800000,,,,,10.4000000E-9,12.8000002,
,,,10.8000000E-9,519.999980927E-3,,,,,10.8000000E-9,1.5999999,,,,,10.8000000E-9,12.0000000,
,,,11.2000000E-9,599.999964237E-3,,,,,11.2000000E-9,2.0799999,,,,,11.2000000E-9,12.4000006,
,,,11.6000001E-9,719.999969006E-3,,,,,11.6000001E-9,2.5200000,,,,,11.6000001E-9,12.4000006,
,,,12.0000001E-9,959.999978542E-3,,,,,12.0000001E-9,2.75999999,,,,,12.0000001E-9,12.8000002,
,,,12.4000001E-9,1.1200000,,,,,12.4000001E-9,2.87999988,,,,,12.4000001E-9,13.1999998,
,,,12.8000002E-9,1.0799999,,,,,12.8000002E-9,2.6799998,,,,,12.8000002E-9,13.6000004,
,,,13.2000002E-9,959.999978542E-3,,,,,13.2000002E-9,2.4800000,,,,,13.2000002E-9,13.1999998,
,,,13.6000002E-9,759.999990463E-3,,,,,13.6000002E-9,2.5200000,,,,,13.6000002E-9,13.1999998,
,,,14.0000003E-9,519.999980927E-3,,,,,14.0000003E-9,2.83999991,,,,,14.0000003E-9,13.1999998,
,,,14.4000003E-9,319.99999285E-3,,,,,14.4000003E-9,3.19999981,,,,,14.4000003E-9,13.1999998,
,,,14.8000003E-9,280.00000119E-3,,,,,14.8000003E-9,3.39999986,,,,,14.8000003E-9,13.6000004,
,,,15.1999995E-9,239.99999464E-3,,,,,15.1999995E-9,3.55999994,,,,,15.1999995E-9,14.0000000,
,,,15.5999995E-9,159.99999642E-3,,,,,15.5999995E-9,3.55999994,,,,,15.5999995E-9,14.4000006,
,,,15.9999995E-9,-79.999998212E-3,,,,,15.9999995E-9,3.48000002,,,,,15.9999995E-9,14.8000002,
,,,16.3999996E-9,-280.00000119E-3,,,,,16.3999996E-9,3.43999982,,,,,16.3999996E-9,14.8000002,
,,,16.7999996E-9,-519.999980927E-3,,,,,16.7999996E-9,3.55999994,,,,,16.7999996E-9,14.8000002,
,,,17.1999996E-9,-719.999969006E-3,,,,,17.1999996E-9,3.63999987,,,,,17.1999996E-9,14.4000006,
,,,17.5999997E-9,-759.999990463E-3,,,,,17.5999997E-9,3.48000002,,,,,17.5999997E-9,14.0000000,
,,,17.9999997E-9,-719.999969006E-3,,,,,17.9999997E-9,3.11999989,,,,,17.9999997E-9,14.0000000,
,,,18.3999997E-9,-599.999964237E-3,,,,,18.3999997E-9,2.72000003,,,,,18.3999997E-9,14.4000006,
,,,18.7999998E-9,-639.999985695E-3,,,,,18.7999998E-9,2.4400001,,,,,18.7999998E-9,14.4000006,
,,,19.1999998E-9,-639.999985695E-3,,,,,19.1999998E-9,2.2400000,,,,,19.1999998E-9,14.4000006,
,,,19.5999998E-9,-599.999964237E-3,,,,,19.5999998E-9,2.2800000,,,,,19.5999998E-9,14.4000006,
,,,19.9999999E-9,-479.999989271E-3,,,,,19.9999999E-9,2.4400001,,,,,19.9999999E-9,14.4000006,
,,,20.39999991E-9,-319.99999285E-3,,,,,20.39999991E-9,2.6799998,,,,,20.39999991E-9,14.4000006,
,,,20.79999994E-9,-119.9999973E-3,,,,,20.79999994E-9,2.72000003,,,,,20.79999994E-9,14.4000006,
,,,21.19999998E-9,79.999998212E-3,,,,,21.19999998E-9,2.79999995,,,,,21.19999998E-9,14.0000000,
,,,21.60000001E-9,239.99999464E-3,,,,,21.60000001E-9,2.91999984,,,,,21.60000001E-9,13.6000004,
,,,22.00000004E-9,359.99998450E-3,,,,,22.00000004E-9,3.19999981,,,,,22.00000004E-9,13.6000004,
,,,22.40000008E-9,519.999980927E-3,,,,,22.40000008E-9,3.43999982,,,,,22.40000008E-9,13.6000004,
,,,22.80000011E-9,719.999969006E-3,,,,,22.80000011E-9,3.59999990,,,,,22.80000011E-9,13.1999998,
,,,23.20000014E-9,919.999957085E-3,,,,,23.20000014E-9,3.67999983,,,,,23.20000014E-9,13.6000004,
,,,23.60000018E-9,1.0400000,,,,,23.60000018E-9,3.55999994,,,,,23.60000018E-9,13.1999998,
,,,24.00000021E-9,1.0400000,,,,,24.00000021E-9,3.31999993,,,,,24.00000021E-9,12.4000006,
,,,24.40000024E-9,1.0400000,,,,,24.40000024E-9,3.11999989,,,,,24.40000024E-9,12.0000000,
,,,24.80000028E-9,919.999957085E-3,,,,,24.80000028E-9,3.07999992,,,,,24.80000028E-9,12.0000000,
,,,25.20000031E-9,799.999952316E-3,,,,,25.20000031E-9,3.07999992,,,,,25.20000031E-9,11.6000004,
,,,25.60000034E-9,719.999969006E-3,,,,,25.60000034E-9,3.07999992,,,,,25.60000034E-9,11.6000004,
,,,26.00000037E-9,639.999985695E-3,,,,,26.00000037E-9,2.96000004,,,,,26.00000037E-9,12.0000000,
,,,26.40000041E-9,560.000002384E-3,,,,,26.40000041E-9,2.83999991,,,,,26.40000041E-9,12.4000006,
,,,26.80000044E-9,359.99998450E-3,,,,,26.80000044E-9,2.6399999,,,,,26.80000044E-9,12.8000002,
,,,27.20000047E-9,119.9999973E-3,,,,,27.20000047E-9,2.3999999,,,,,27.20000047E-9,12.8000002,
,,,27.60000051E-9,-39.99999911E-3,,,,,27.60000051E-9,2.0799999,,,,,27.60000051E-9,13.1999998,
,,,28.00000054E-9,-159.99999642E-3,,,,,28.00000054E-9,1.7199999,,,,,28.00000054E-9,13.1999998,
,,,28.40000057E-9,-239.99999464E-3,,,,,28.40000057E-9,1.2800000,,,,,28.40000057E-9,13.1999998,
,,,28.80000061E-9,-280.00000119E-3,,,,,28.80000061E-9,680.000007153E-3,,,,,28.80000061E-9,13.1999998,
,,,29.20000064E-9,-280.00000119E-3,,,,,29.20000064E-9,199.99998808E-3,,,,,29.20000064E-9,13.1999998,
,,,29.60000067E-9,-359.99998450E-3,,,,,29.60000067E-9,0.0,,,,,29.60000067E-9,12.8000002,
,,,29.99999893E-9,-479.999989271E-3,,,,,29.99999893E-9,119.9999973E-3,,,,,29.99999893E-9,12.8000002,
,,,30.39999896E-9,-560.000002384E-3,,,,,30.39999896E-9,399.99997616E-3,,,,,30.39999896E-9,12.8000002,
,,,30.79999900E-9,-599.999964237E-3,,,,,30.79999900E-9,759.999990463E-3,,,,,30.79999900E-9,12.8000002,
,,,31.19999903E-9,-519.999980927E-3,,,,,31.19999903E-9,1.1200000,,,,,31.19999903E-9,12.8000002,
,,,31.59999906E-9,-439.999997616E-3,,,,,31.59999906E-9,1.3600000,,,,,31.59999906E-9,12.8000002,
,,,31.99999909E-9,-280.00000119E-3,,,,,31.99999909E-9,1.4399999,,,,,31.99999909E-9,12.8000002,
,,,32.39999913E-9,-119.9999973E-3,,,,,32.39999913E-9,1.5599999,,,,,32.39999913E-9,12.8000002,
,,,32.79999916E-9,-79.999998212E-3,,,,,32.79999916E-9,1.8399999,,,,,32.79999916E-9,13.1999998,
,,,33.19999919E-9,0.0,,,,,33.19999919E-9,2.1599998,,,,,33.19999919E-9,13.6000004,
,,,33.59999923E-9,159.99999642E-3,,,,,33.59999923E-9,2.5200000,,,,,33.59999923E-9,14.4000006,
,,,33.99999926E-9,439.999997616E-3,,,,,33.99999926E-9,2.75999999,,,,,33.99999926E-9,14.8000002,
,,,34.39999929E-9,680.000007153E-3,,,,,34.39999929E-9,2.87999988,,,,,34.39999929E-9,15.1999998,
,,,34.79999933E-9,879.999995232E-3,,,,,34.79999933E-9,2.6799998,,,,,34.79999933E-9,15.1999998,
,,,35.19999936E-9,1.000000,,,,,35.19999936E-9,2.4800000,,,,,35.19999936E-9,14.8000002,
,,,35.59999939E-9,1.000000,,,,,35.59999939E-9,2.3999999,,,,,35.59999939E-9,14.0000000,
,,,35.99999943E-9,919.999957085E-3,,,,,35.99999943E-9,2.4800000,,,,,35.99999943E-9,13.1999998,
,,,36.39999946E-9,799.999952316E-3,,,,,36.39999946E-9,2.5599999,,,,,36.39999946E-9,12.4000006,
,,,36.79999949E-9,719.999969006E-3,,,,,36.79999949E-9,2.5599999,,,,,36.79999949E-9,11.6000004,
,,,37.19999953E-9,639.999985695E-3,,,,,37.19999953E-9,2.5200000,,,,,37.19999953E-9,10.8000002,
,,,37.59999956E-9,519.999980927E-3,,,,,37.59999956E-9,2.4400001,,,,,37.59999956E-9,10.8000002,
,,,37.99999959E-9,359.99998450E-3,,,,,37.99999959E-9,2.2800000,,,,,37.99999959E-9,11.1999998,
,,,38.39999962E-9,199.99998808E-3,,,,,38.39999962E-9,2.1599998,,,,,38.39999962E-9,12.0000000,
,,,38.79999966E-9,0.0,,,,,38.79999966E-9,2.2000000,,,,,38.79999966E-9,12.4000006,
,,,39.19999969E-9,-159.99999642E-3,,,,,39.19999969E-9,2.2000000,,,,,39.19999969E-9,13.1999998,
,,,39.59999972E-9,-239.99999464E-3,,,,,39.59999972E-9,2.1599998,,,,,39.59999972E-9,13.6000004,
,,,39.99999976E-9,-239.99999464E-3,,,,,39.99999976E-9,2.0000000,,,,,39.99999976E-9,13.1999998,
,,,40.39999979E-9,-199.99998808E-3,,,,,40.39999979E-9,1.8000000,,,,,40.39999979E-9,12.8000002,
,,,40.79999982E-9,-199.99998808E-3,,,,,40.79999982E-9,1.5599999,,,,,40.79999982E-9,12.8000002,
,,,41.19999986E-9,-199.99998808E-3,,,,,41.19999986E-9,1.3600000,,,,,41.19999986E-9,12.8000002,
,,,41.59999989E-9,-199.99998808E-3,,,,,41.59999989E-9,1.1999999,,,,,41.59999989E-9,13.6000004,
,,,41.99999992E-9,-199.99998808E-3,,,,,41.99999992E-9,1.0400000,,,,,41.99999992E-9,14.4000006,
,,,42.39999996E-9,-199.99998808E-3,,,,,42.39999996E-9,959.999978542E-3,,,,,42.39999996E-9,14.8000002,
,,,42.79999999E-9,-280.00000119E-3,,,,,42.79999999E-9,879.999995232E-3,,,,,42.79999999E-9,15.1999998,
,,,43.20000002E-9,-319.99999285E-3,,,,,43.20000002E-9,879.999995232E-3,,,,,43.20000002E-9,14.4000006,
,,,43.60000005E-9,-359.99998450E-3,,,,,43.60000005E-9,1.000000,,,,,43.60000005E-9,14.0000000,
,,,44.00000009E-9,-319.99999285E-3,,,,,44.00000009E-9,1.2800000,,,,,44.00000009E-9,14.0000000,
,,,44.40000012E-9,-199.99998808E-3,,,,,44.40000012E-9,1.5999999,,,,,44.40000012E-9,14.4000006,
,,,44.80000015E-9,39.99999911E-3,,,,,44.80000015E-9,1.8000000,,,,,44.80000015E-9,15.1999998,
,,,45.20000019E-9,319.99999285E-3,,,,,45.20000019E-9,1.9200000,,,,,45.20000019E-9,16.3999996,
,,,45.60000022E-9,560.000002384E-3,,,,,45.60000022E-9,2.0000000,,,,,45.60000022E-9,16.8000011,
,,,46.00000025E-9,680.000007153E-3,,,,,46.00000025E-9,2.0400000,,,,,46.00000025E-9,16.3999996,
,,,46.40000029E-9,759.999990463E-3,,,,,46.40000029E-9,2.0400000,,,,,46.40000029E-9,15.1999998,
,,,46.80000032E-9,759.999990463E-3,,,,,46.80000032E-9,2.0799999,,,,,46.80000032E-9,14.4000006,
,,,47.20000035E-9,759.999990463E-3,,,,,47.20000035E-9,2.1199999,,,,,47.20000035E-9,13.6000004,
,,,47.60000039E-9,759.999990463E-3,,,,,47.60000039E-9,2.0799999,,,,,47.60000039E-9,12.8000002,
,,,48.00000042E-9,759.999990463E-3,,,,,48.00000042E-9,2.0400000,,,,,48.00000042E-9,12.8000002,
,,,48.40000045E-9,759.999990463E-3,,,,,48.40000045E-9,1.9200000,,,,,48.40000045E-9,12.8000002,
,,,48.80000049E-9,599.999964237E-3,,,,,48.80000049E-9,1.6799999,,,,,48.80000049E-9,12.8000002,
,,,49.20000052E-9,439.999997616E-3,,,,,49.20000052E-9,1.4000000,,,,,49.20000052E-9,12.4000006,
,,,49.60000055E-9,319.99999285E-3,,,,,49.60000055E-9,1.1200000,,,,,49.60000055E-9,12.4000006,
,,,50.00000058E-9,359.99998450E-3,,,,,50.00000058E-9,839.999973774E-3,,,,,50.00000058E-9,12.4000006,
,,,50.40000062E-9,359.99998450E-3,,,,,50.40000062E-9,759.999990463E-3,,,,,50.40000062E-9,12.4000006,
,,,50.80000065E-9,280.00000119E-3,,,,,50.80000065E-9,919.999957085E-3,,,,,50.80000065E-9,12.4000006,
,,,51.20000068E-9,159.99999642E-3,,,,,51.20000068E-9,1.1999999,,,,,51.20000068E-9,12.4000006,
,,,51.60000072E-9,-79.999998212E-3,,,,,51.60000072E-9,1.5599999,,,,,51.60000072E-9,12.8000002,
,,,52.00000075E-9,-319.99999285E-3,,,,,52.00000075E-9,1.8399999,,,,,52.00000075E-9,12.8000002,
,,,52.40000078E-9,-439.999997616E-3,,,,,52.40000078E-9,2.0400000,,,,,52.40000078E-9,13.1999998,
,,,52.80000082E-9,-359.99998450E-3,,,,,52.80000082E-9,1.9599999,,,,,52.80000082E-9,14.0000000,
,,,53.20000085E-9,-199.99998808E-3,,,,,53.20000085E-9,1.8000000,,,,,53.20000085E-9,14.4000006,
,,,53.60000088E-9,-79.999998212E-3,,,,,53.60000088E-9,1.7600000,,,,,53.60000088E-9,14.8000002,
,,,54.00000092E-9,-79.999998212E-3,,,,,54.00000092E-9,1.8399999,,,,,54.00000092E-9,14.8000002,
,,,54.40000095E-9,-79.999998212E-3,,,,,54.40000095E-9,1.8399999,,,,,54.40000095E-9,14.4000006,
,,,54.800000981E-9,-39.99999911E-3,,,,,54.800000981E-9,1.6799999,,,,,54.800000981E-9,14.4000006,
,,,55.200001015E-9,79.999998212E-3,,,,,55.200001015E-9,1.4399999,,,,,55.200001015E-9,15.1999998,
,,,55.600001048E-9,319.99999285E-3,,,,,55.600001048E-9,1.0400000,,,,,55.600001048E-9,15.6000004,
,,,56.000001081E-9,639.999985695E-3,,,,,56.000001081E-9,560.000002384E-3,,,,,56.000001081E-9,15.6000004,
,,,56.400001114E-9,919.999957085E-3,,,,,56.400001114E-9,319.99999285E-3,,,,,56.400001114E-9,16.0000000,
,,,56.800001147E-9,879.999995232E-3,,,,,56.800001147E-9,519.999980927E-3,,,,,56.800001147E-9,15.6000004,
,,,57.200001180E-9,799.999952316E-3,,,,,57.200001180E-9,1.0400000,,,,,57.200001180E-9,14.8000002,
,,,57.600001213E-9,759.999990463E-3,,,,,57.600001213E-9,1.6799999,,,,,57.600001213E-9,14.0000000,
,,,58.000001246E-9,839.999973774E-3,,,,,58.000001246E-9,2.4400001,,,,,58.000001246E-9,14.0000000,
,,,58.400001279E-9,959.999978542E-3,,,,,58.400001279E-9,3.11999989,,,,,58.400001279E-9,14.4000006,
,,,58.800001312E-9,1.1200000,,,,,58.800001312E-9,3.48000002,,,,,58.800001312E-9,14.8000002,
,,,59.200001346E-9,1.2400000,,,,,59.200001346E-9,3.72000003,,,,,59.200001346E-9,14.8000002,
,,,59.600001379E-9,1.2400000,,,,,59.600001379E-9,3.95999980,,,,,59.600001379E-9,14.8000002,
,,,59.999997859E-9,1.1200000,,,,,59.999997859E-9,4.19999981,,,,,59.999997859E-9,14.8000002,
,,,60.399997892E-9,1.000000,,,,,60.399997892E-9,4.31999969,,,,,60.399997892E-9,14.8000002,
,,,60.799997925E-9,1.000000,,,,,60.799997925E-9,4.19999981,,,,,60.799997925E-9,14.8000002,
,,,61.199997958E-9,1.000000,,,,,61.199997958E-9,4.03999996,,,,,61.199997958E-9,14.8000002,
,,,61.599997991E-9,919.999957085E-3,,,,,61.599997991E-9,3.83999991,,,,,61.599997991E-9,14.8000002,
,,,61.999998024E-9,680.000007153E-3,,,,,61.999998024E-9,3.72000003,,,,,61.999998024E-9,14.4000006,
,,,62.399998058E-9,439.999997616E-3,,,,,62.399998058E-9,3.67999983,,,,,62.399998058E-9,14.8000002,
,,,62.799998091E-9,159.99999642E-3,,,,,62.799998091E-9,3.87999988,,,,,62.799998091E-9,15.1999998,
,,,63.199998124E-9,-39.99999911E-3,,,,,63.199998124E-9,4.11999989,,,,,63.199998124E-9,16.0000000,
,,,63.599998157E-9,-79.999998212E-3,,,,,63.599998157E-9,4.27999973,,,,,63.599998157E-9,16.8000011,
,,,63.999998190E-9,39.99999911E-3,,,,,63.999998190E-9,4.31999969,,,,,63.999998190E-9,17.6000004,
,,,64.399998223E-9,159.99999642E-3,,,,,64.399998223E-9,4.31999969,,,,,64.399998223E-9,18.0000000,
,,,64.799998256E-9,39.99999911E-3,,,,,64.799998256E-9,4.31999969,,,,,64.799998256E-9,17.6000004,
,,,65.199998289E-9,-79.999998212E-3,,,,,65.199998289E-9,4.31999969,,,,,65.199998289E-9,17.6000004,
,,,65.599998322E-9,-119.9999973E-3,,,,,65.599998322E-9,4.15999985,,,,,65.599998322E-9,17.2000008,
,,,65.999998355E-9,39.99999911E-3,,,,,65.999998355E-9,3.91999984,,,,,65.999998355E-9,17.6000004,
,,,66.399998389E-9,280.00000119E-3,,,,,66.399998389E-9,3.63999987,,,,,66.399998389E-9,18.3999996,
,,,66.799998422E-9,560.000002384E-3,,,,,66.799998422E-9,3.19999981,,,,,66.799998422E-9,18.3999996,
,,,67.199998455E-9,839.999973774E-3,,,,,67.199998455E-9,2.83999991,,,,,67.199998455E-9,18.3999996,
,,,67.599998488E-9,919.999957085E-3,,,,,67.599998488E-9,2.79999995,,,,,67.599998488E-9,18.0000000,
,,,67.999998521E-9,839.999973774E-3,,,,,67.999998521E-9,3.11999989,,,,,67.999998521E-9,17.2000008,
,,,68.399998554E-9,799.999952316E-3,,,,,68.399998554E-9,3.48000002,,,,,68.399998554E-9,16.0000000,
,,,68.799998587E-9,919.999957085E-3,,,,,68.799998587E-9,3.72000003,,,,,68.799998587E-9,15.1999998,
,,,69.199998620E-9,1.0799999,,,,,69.199998620E-9,3.91999984,,,,,69.199998620E-9,14.8000002,
,,,69.599998653E-9,1.1999999,,,,,69.599998653E-9,4.07999992,,,,,69.599998653E-9,14.8000002,
,,,69.999998686E-9,1.2800000,,,,,69.999998686E-9,4.11999989,,,,,69.999998686E-9,14.8000002,
,,,70.399998719E-9,1.3199999,,,,,70.399998719E-9,4.27999973,,,,,70.399998719E-9,14.4000006,
,,,70.799998753E-9,1.2400000,,,,,70.799998753E-9,4.63999987,,,,,70.799998753E-9,14.4000006,
,,,71.199998786E-9,1.1999999,,,,,71.199998786E-9,5.03999996,,,,,71.199998786E-9,14.4000006,
,,,71.599998819E-9,1.2400000,,,,,71.599998819E-9,5.35999966,,,,,71.599998819E-9,14.0000000,
,,,71.999998852E-9,1.3199999,,,,,71.999998852E-9,5.51999998,,,,,71.999998852E-9,13.6000004,
,,,72.399998885E-9,1.3199999,,,,,72.399998885E-9,5.55999994,,,,,72.399998885E-9,13.1999998,
,,,72.799998918E-9,1.000000,,,,,72.799998918E-9,5.35999966,,,,,72.799998918E-9,12.8000002,
,,,73.199998951E-9,680.000007153E-3,,,,,73.199998951E-9,5.03999996,,,,,73.199998951E-9,12.8000002,
,,,73.599998984E-9,399.99997616E-3,,,,,73.599998984E-9,4.55999994,,,,,73.599998984E-9,12.8000002,
,,,73.999999017E-9,239.99999464E-3,,,,,73.999999017E-9,3.95999980,,,,,73.999999017E-9,12.8000002,
,,,74.399999050E-9,199.99998808E-3,,,,,74.399999050E-9,3.39999986,,,,,74.399999050E-9,13.1999998,
,,,74.799999084E-9,199.99998808E-3,,,,,74.799999084E-9,2.91999984,,,,,74.799999084E-9,13.6000004,
,,,75.199999117E-9,239.99999464E-3,,,,,75.199999117E-9,2.5599999,,,,,75.199999117E-9,13.1999998,
,,,75.599999150E-9,199.99998808E-3,,,,,75.599999150E-9,2.3199999,,,,,75.599999150E-9,13.1999998,
,,,75.999999183E-9,79.999998212E-3,,,,,75.999999183E-9,2.2400000,,,,,75.999999183E-9,13.6000004,
,,,76.399999216E-9,39.99999911E-3,,,,,76.399999216E-9,2.1599998,,,,,76.399999216E-9,14.4000006,
,,,76.799999249E-9,159.99999642E-3,,,,,76.799999249E-9,1.9599999,,,,,76.799999249E-9,15.1999998,
,,,77.199999282E-9,280.00000119E-3,,,,,77.199999282E-9,1.8000000,,,,,77.199999282E-9,16.3999996,
,,,77.599999315E-9,359.99998450E-3,,,,,77.599999315E-9,1.7600000,,,,,77.599999315E-9,16.8000011,
,,,77.999999348E-9,319.99999285E-3,,,,,77.999999348E-9,1.9200000,,,,,77.999999348E-9,16.3999996,
,,,78.399999381E-9,280.00000119E-3,,,,,78.399999381E-9,2.1199999,,,,,78.399999381E-9,15.6000004,
,,,78.799999415E-9,280.00000119E-3,,,,,78.799999415E-9,2.2800000,,,,,78.799999415E-9,14.4000006,
,,,79.199999448E-9,319.99999285E-3,,,,,79.199999448E-9,2.3999999,,,,,79.199999448E-9,14.0000000,
,,,79.599999481E-9,519.999980927E-3,,,,,79.599999481E-9,2.4400001,,,,,79.599999481E-9,13.6000004,
,,,79.999999514E-9,839.999973774E-3,,,,,79.999999514E-9,2.3599999,,,,,79.999999514E-9,14.4000006,
,,,80.399999547E-9,1.0799999,,,,,80.399999547E-9,2.3999999,,,,,80.399999547E-9,14.8000002,
,,,80.799999580E-9,1.0400000,,,,,80.799999580E-9,2.6799998,,,,,80.799999580E-9,15.6000004,
,,,81.199999613E-9,1.000000,,,,,81.199999613E-9,3.00000000,,,,,81.199999613E-9,15.6000004,
,,,81.599999646E-9,959.999978542E-3,,,,,81.599999646E-9,3.31999993,,,,,81.599999646E-9,15.1999998,
,,,81.999999679E-9,1.0400000,,,,,81.999999679E-9,3.55999994,,,,,81.999999679E-9,14.8000002,
,,,82.399999712E-9,1.1600000,,,,,82.399999712E-9,3.67999983,,,,,82.399999712E-9,14.4000006,
,,,82.799999745E-9,1.2400000,,,,,82.799999745E-9,3.59999990,,,,,82.799999745E-9,14.0000000,
,,,83.199999779E-9,1.2400000,,,,,83.199999779E-9,3.48000002,,,,,83.199999779E-9,13.6000004,
,,,83.599999812E-9,1.1200000,,,,,83.599999812E-9,3.39999986,,,,,83.599999812E-9,13.6000004,
,,,83.999999845E-9,839.999973774E-3,,,,,83.999999845E-9,3.35999990,,,,,83.999999845E-9,13.6000004,
,,,84.399999878E-9,639.999985695E-3,,,,,84.399999878E-9,3.24000001,,,,,84.399999878E-9,14.0000000,
,,,84.799999911E-9,639.999985695E-3,,,,,84.799999911E-9,2.87999988,,,,,84.799999911E-9,13.6000004,
,,,85.199999944E-9,639.999985695E-3,,,,,85.199999944E-9,2.4800000,,,,,85.199999944E-9,12.8000002,
,,,85.599999977E-9,599.999964237E-3,,,,,85.599999977E-9,2.0799999,,,,,85.599999977E-9,12.4000006,
,,,86.000000010E-9,479.999989271E-3,,,,,86.000000010E-9,1.8000000,,,,,86.000000010E-9,11.6000004,
,,,86.400000043E-9,280.00000119E-3,,,,,86.400000043E-9,1.5200000,,,,,86.400000043E-9,11.1999998,
,,,86.800000076E-9,-39.99999911E-3,,,,,86.800000076E-9,1.2400000,,,,,86.800000076E-9,11.6000004,
,,,87.200000110E-9,-319.99999285E-3,,,,,87.200000110E-9,1.000000,,,,,87.200000110E-9,12.8000002,
,,,87.600000143E-9,-439.999997616E-3,,,,,87.600000143E-9,759.999990463E-3,,,,,87.600000143E-9,14.0000000,
,,,88.000000176E-9,-359.99998450E-3,,,,,88.000000176E-9,519.999980927E-3,,,,,88.000000176E-9,14.0000000,
,,,88.400000209E-9,-280.00000119E-3,,,,,88.400000209E-9,359.99998450E-3,,,,,88.400000209E-9,14.0000000,
,,,88.800000242E-9,-319.99999285E-3,,,,,88.800000242E-9,399.99997616E-3,,,,,88.800000242E-9,13.6000004,
,,,89.200000275E-9,-319.99999285E-3,,,,,89.200000275E-9,479.999989271E-3,,,,,89.200000275E-9,12.8000002,
,,,89.600000308E-9,-319.99999285E-3,,,,,89.600000308E-9,519.999980927E-3,,,,,89.600000308E-9,12.8000002,
,,,90.000000341E-9,-199.99998808E-3,,,,,90.000000341E-9,439.999997616E-3,,,,,90.000000341E-9,13.6000004,
,,,90.400000374E-9,-79.999998212E-3,,,,,90.400000374E-9,359.99998450E-3,,,,,90.400000374E-9,14.8000002,
,,,90.800000407E-9,79.999998212E-3,,,,,90.800000407E-9,280.00000119E-3,,,,,90.800000407E-9,16.0000000,
,,,91.200000440E-9,239.99999464E-3,,,,,91.200000440E-9,359.99998450E-3,,,,,91.200000440E-9,16.3999996,
,,,91.600000474E-9,319.99999285E-3,,,,,91.600000474E-9,599.999964237E-3,,,,,91.600000474E-9,16.8000011,
,,,92.000000507E-9,359.99998450E-3,,,,,92.000000507E-9,1.0400000,,,,,92.000000507E-9,16.3999996,
,,,92.400000540E-9,399.99997616E-3,,,,,92.400000540E-9,1.4399999,,,,,92.400000540E-9,15.6000004,
,,,92.800000573E-9,560.000002384E-3,,,,,92.800000573E-9,1.5200000,,,,,92.800000573E-9,15.1999998,
,,,93.200000606E-9,759.999990463E-3,,,,,93.200000606E-9,1.5599999,,,,,93.200000606E-9,14.8000002,
,,,93.600000639E-9,879.999995232E-3,,,,,93.600000639E-9,1.5599999,,,,,93.600000639E-9,14.4000006,
,,,94.000000672E-9,919.999957085E-3,,,,,94.000000672E-9,1.5200000,,,,,94.000000672E-9,14.0000000,
,,,94.400000705E-9,919.999957085E-3,,,,,94.400000705E-9,1.5599999,,,,,94.400000705E-9,14.0000000,
,,,94.800000738E-9,879.999995232E-3,,,,,94.800000738E-9,1.6400000,,,,,94.800000738E-9,14.0000000,
,,,95.200000771E-9,839.999973774E-3,,,,,95.200000771E-9,1.7199999,,,,,95.200000771E-9,14.4000006,
,,,95.600000805E-9,839.999973774E-3,,,,,95.600000805E-9,1.5999999,,,,,95.600000805E-9,14.4000006,
,,,96.000000838E-9,879.999995232E-3,,,,,96.000000838E-9,1.3199999,,,,,96.000000838E-9,14.0000000,
,,,96.400000871E-9,839.999973774E-3,,,,,96.400000871E-9,1.0400000,,,,,96.400000871E-9,13.1999998,
,,,96.800000904E-9,560.000002384E-3,,,,,96.800000904E-9,839.999973774E-3,,,,,96.800000904E-9,12.8000002,
,,,97.200000937E-9,239.99999464E-3,,,,,97.200000937E-9,639.999985695E-3,,,,,97.200000937E-9,12.8000002,
,,,97.600000970E-9,0.0,,,,,97.600000970E-9,519.999980927E-3,,,,,97.600000970E-9,12.8000002,
,,,98.000001003E-9,-79.999998212E-3,,,,,98.000001003E-9,399.99997616E-3,,,,,98.000001003E-9,13.1999998,
,,,98.400001036E-9,-119.9999973E-3,,,,,98.400001036E-9,280.00000119E-3,,,,,98.400001036E-9,13.6000004,
,,,98.800001069E-9,-79.999998212E-3,,,,,98.800001069E-9,79.999998212E-3,,,,,98.800001069E-9,13.1999998,
,,,99.200001102E-9,0.0,,,,,99.200001102E-9,-79.999998212E-3,,,,,99.200001102E-9,12.4000006,
,,,99.600001136E-9,-39.99999911E-3,,,,,99.600001136E-9,-119.9999973E-3,,,,,99.600001136E-9,11.6000004,
,,,100.0000012E-9,-159.99999642E-3,,,,,100.0000012E-9,-79.999998212E-3,,,,,100.0000012E-9,11.6000004,
,,,100.4000012E-9,-239.99999464E-3,,,,,100.4000012E-9,0.0,,,,,100.4000012E-9,11.6000004,
,,,100.8000012E-9,-199.99998808E-3,,,,,100.8000012E-9,-39.99999911E-3,,,,,100.8000012E-9,12.8000002,
,,,101.2000013E-9,-39.99999911E-3,,,,,101.2000013E-9,-79.999998212E-3,,,,,101.2000013E-9,14.0000000,
,,,101.6000013E-9,119.9999973E-3,,,,,101.6000013E-9,-79.999998212E-3,,,,,101.6000013E-9,15.1999998,
,,,102.0000013E-9,280.00000119E-3,,,,,102.0000013E-9,0.0,,,,,102.0000013E-9,15.1999998,
,,,102.4000014E-9,439.999997616E-3,,,,,102.4000014E-9,199.99998808E-3,,,,,102.4000014E-9,14.8000002,
,,,102.8000014E-9,399.99997616E-3,,,,,102.8000014E-9,439.999997616E-3,,,,,102.8000014E-9,14.4000006,
,,,103.2000014E-9,359.99998450E-3,,,,,103.2000014E-9,759.999990463E-3,,,,,103.2000014E-9,14.4000006,
,,,103.6000015E-9,399.99997616E-3,,,,,103.6000015E-9,1.000000,,,,,103.6000015E-9,14.8000002,
,,,104.0000015E-9,560.000002384E-3,,,,,104.0000015E-9,1.1999999,,,,,104.0000015E-9,15.1999998,
,,,104.4000015E-9,759.999990463E-3,,,,,104.4000015E-9,1.4399999,,,,,104.4000015E-9,16.0000000,
,,,104.8000016E-9,879.999995232E-3,,,,,104.8000016E-9,1.7199999,,,,,104.8000016E-9,16.3999996,
,,,105.2000016E-9,1.000000,,,,,105.2000016E-9,1.9599999,,,,,105.2000016E-9,16.0000000,
,,,105.6000016E-9,1.0799999,,,,,105.6000016E-9,2.0799999,,,,,105.6000016E-9,15.6000004,
,,,106.0000017E-9,1.1200000,,,,,106.0000017E-9,2.0400000,,,,,106.0000017E-9,15.6000004,
,,,106.4000017E-9,1.1200000,,,,,106.4000017E-9,1.9200000,,,,,106.4000017E-9,15.6000004,
,,,106.8000017E-9,1.1200000,,,,,106.8000017E-9,1.6400000,,,,,106.8000017E-9,15.6000004,
,,,107.2000018E-9,1.0799999,,,,,107.2000018E-9,1.3600000,,,,,107.2000018E-9,15.6000004,
,,,107.6000018E-9,919.999957085E-3,,,,,107.6000018E-9,1.2800000,,,,,107.6000018E-9,15.6000004,
,,,108.0000018E-9,680.000007153E-3,,,,,108.0000018E-9,1.3199999,,,,,108.0000018E-9,15.6000004,
,,,108.4000019E-9,439.999997616E-3,,,,,108.4000019E-9,1.3600000,,,,,108.4000019E-9,15.6000004,
,,,108.8000019E-9,319.99999285E-3,,,,,108.8000019E-9,1.1999999,,,,,108.8000019E-9,15.6000004,
,,,109.2000019E-9,280.00000119E-3,,,,,109.2000019E-9,1.000000,,,,,109.2000019E-9,15.6000004,
,,,109.6000020E-9,280.00000119E-3,,,,,109.6000020E-9,719.999969006E-3,,,,,109.6000020E-9,15.6000004,
,,,110.0000020E-9,280.00000119E-3,,,,,110.0000020E-9,439.999997616E-3,,,,,110.0000020E-9,15.1999998,
,,,110.4000020E-9,239.99999464E-3,,,,,110.4000020E-9,280.00000119E-3,,,,,110.4000020E-9,14.8000002,
,,,110.8000021E-9,39.99999911E-3,,,,,110.8000021E-9,280.00000119E-3,,,,,110.8000021E-9,14.8000002,
,,,111.2000021E-9,-119.9999973E-3,,,,,111.2000021E-9,319.99999285E-3,,,,,111.2000021E-9,14.8000002,
,,,111.6000021E-9,-239.99999464E-3,,,,,111.6000021E-9,319.99999285E-3,,,,,111.6000021E-9,15.1999998,
,,,112.0000022E-9,-280.00000119E-3,,,,,112.0000022E-9,239.99999464E-3,,,,,112.0000022E-9,15.6000004,
,,,112.4000022E-9,-280.00000119E-3,,,,,112.4000022E-9,239.99999464E-3,,,,,112.4000022E-9,16.0000000,
,,,112.8000022E-9,-319.99999285E-3,,,,,112.8000022E-9,280.00000119E-3,,,,,112.8000022E-9,16.0000000,
,,,113.2000023E-9,-319.99999285E-3,,,,,113.2000023E-9,359.99998450E-3,,,,,113.2000023E-9,15.6000004,
,,,113.6000023E-9,-280.00000119E-3,,,,,113.6000023E-9,479.999989271E-3,,,,,113.6000023E-9,15.1999998,
,,,114.0000023E-9,-239.99999464E-3,,,,,114.0000023E-9,519.999980927E-3,,,,,114.0000023E-9,15.1999998,
,,,114.4000024E-9,-119.9999973E-3,,,,,114.4000024E-9,599.999964237E-3,,,,,114.4000024E-9,15.6000004,
,,,114.8000024E-9,39.99999911E-3,,,,,114.8000024E-9,599.999964237E-3,,,,,114.8000024E-9,16.0000000,
,,,115.2000024E-9,239.99999464E-3,,,,,115.2000024E-9,680.000007153E-3,,,,,115.2000024E-9,16.3999996,
,,,115.6000025E-9,359.99998450E-3,,,,,115.6000025E-9,799.999952316E-3,,,,,115.6000025E-9,16.3999996,
,,,116.0000025E-9,399.99997616E-3,,,,,116.0000025E-9,1.000000,,,,,116.0000025E-9,16.3999996,
,,,116.4000025E-9,439.999997616E-3,,,,,116.4000025E-9,1.1999999,,,,,116.4000025E-9,16.0000000,
,,,116.8000026E-9,519.999980927E-3,,,,,116.8000026E-9,1.1999999,,,,,116.8000026E-9,16.0000000,
,,,117.2000026E-9,639.999985695E-3,,,,,117.2000026E-9,1.1999999,,,,,117.2000026E-9,16.0000000,
,,,117.6000026E-9,680.000007153E-3,,,,,117.6000026E-9,1.1999999,,,,,117.6000026E-9,16.3999996,
,,,118.0000027E-9,639.999985695E-3,,,,,118.0000027E-9,1.2400000,,,,,118.0000027E-9,16.3999996,
,,,118.4000027E-9,599.999964237E-3,,,,,118.4000027E-9,1.2800000,,,,,118.4000027E-9,16.3999996,
,,,118.8000027E-9,479.999989271E-3,,,,,118.8000027E-9,1.2400000,,,,,118.8000027E-9,16.8000011,
,,,119.2000028E-9,359.99998450E-3,,,,,119.2000028E-9,1.1600000,,,,,119.2000028E-9,16.8000011,
,,,119.6000028E-9,319.99999285E-3,,,,,119.6000028E-9,919.999957085E-3,,,,,119.6000028E-9,17.2000008,
,,,119.9999957E-9,319.99999285E-3,,,,,119.9999957E-9,639.999985695E-3,,,,,119.9999957E-9,17.2000008,
,,,120.4000029E-9,319.99999285E-3,,,,,120.4000029E-9,399.99997616E-3,,,,,120.4000029E-9,17.2000008,
,,,120.7999958E-9,159.99999642E-3,,,,,120.7999958E-9,239.99999464E-3,,,,,120.7999958E-9,17.2000008,
,,,121.2000029E-9,-39.99999911E-3,,,,,121.2000029E-9,159.99999642E-3,,,,,121.2000029E-9,16.8000011,
,,,121.5999959E-9,-199.99998808E-3,,,,,121.5999959E-9,39.99999911E-3,,,,,121.5999959E-9,16.8000011,
,,,122.0000030E-9,-359.99998450E-3,,,,,122.0000030E-9,-119.9999973E-3,,,,,122.0000030E-9,17.2000008,
,,,122.3999959E-9,-439.999997616E-3,,,,,122.3999959E-9,-239.99999464E-3,,,,,122.3999959E-9,17.6000004,
,,,122.8000031E-9,-479.999989271E-3,,,,,122.8000031E-9,-319.99999285E-3,,,,,122.8000031E-9,18.0000000,
,,,123.1999960E-9,-519.999980927E-3,,,,,123.1999960E-9,-280.00000119E-3,,,,,123.1999960E-9,18.0000000,
,,,123.6000031E-9,-599.999964237E-3,,,,,123.6000031E-9,-199.99998808E-3,,,,,123.6000031E-9,18.0000000,
,,,123.9999960E-9,-680.000007153E-3,,,,,123.9999960E-9,-79.999998212E-3,,,,,123.9999960E-9,18.0000000,
,,,124.4000032E-9,-719.999969006E-3,,,,,124.4000032E-9,79.999998212E-3,,,,,124.4000032E-9,17.6000004,
,,,124.7999961E-9,-599.999964237E-3,,,,,124.7999961E-9,79.999998212E-3,,,,,124.7999961E-9,17.2000008,
,,,125.2000033E-9,-439.999997616E-3,,,,,125.2000033E-9,119.9999973E-3,,,,,125.2000033E-9,17.2000008,
,,,125.5999962E-9,-239.99999464E-3,,,,,125.5999962E-9,239.99999464E-3,,,,,125.5999962E-9,17.6000004,
,,,126.0000033E-9,-119.9999973E-3,,,,,126.0000033E-9,519.999980927E-3,,,,,126.0000033E-9,17.6000004,
,,,126.3999962E-9,39.99999911E-3,,,,,126.3999962E-9,799.999952316E-3,,,,,126.3999962E-9,17.6000004,
,,,126.8000034E-9,119.9999973E-3,,,,,126.8000034E-9,959.999978542E-3,,,,,126.8000034E-9,17.6000004,
,,,127.1999963E-9,199.99998808E-3,,,,,127.1999963E-9,1.1200000,,,,,127.1999963E-9,17.2000008,
,,,127.6000035E-9,319.99999285E-3,,,,,127.6000035E-9,1.1600000,,,,,127.6000035E-9,16.8000011,
,,,127.9999964E-9,479.999989271E-3,,,,,127.9999964E-9,1.1200000,,,,,127.9999964E-9,16.8000011,
,,,128.4000035E-9,639.999985695E-3,,,,,128.4000035E-9,1.1999999,,,,,128.4000035E-9,16.3999996,
,,,128.7999964E-9,639.999985695E-3,,,,,128.7999964E-9,1.4399999,,,,,128.7999964E-9,16.0000000,
,,,129.2000036E-9,599.999964237E-3,,,,,129.2000036E-9,1.7199999,,,,,129.2000036E-9,16.0000000,
,,,129.5999965E-9,599.999964237E-3,,,,,129.5999965E-9,1.8399999,,,,,129.5999965E-9,16.0000000,
,,,130.0000037E-9,599.999964237E-3,,,,,130.0000037E-9,1.8000000,,,,,130.0000037E-9,16.0000000,
,,,130.3999966E-9,639.999985695E-3,,,,,130.3999966E-9,1.6400000,,,,,130.3999966E-9,16.0000000,
,,,130.8000037E-9,719.999969006E-3,,,,,130.8000037E-9,1.2800000,,,,,130.8000037E-9,16.0000000,
,,,131.1999966E-9,799.999952316E-3,,,,,131.1999966E-9,959.999978542E-3,,,,,131.1999966E-9,15.6000004,
,,,131.6000038E-9,719.999969006E-3,,,,,131.6000038E-9,799.999952316E-3,,,,,131.6000038E-9,15.6000004,
,,,131.9999967E-9,519.999980927E-3,,,,,131.9999967E-9,799.999952316E-3,,,,,131.9999967E-9,15.6000004,
,,,132.4000038E-9,280.00000119E-3,,,,,132.4000038E-9,839.999973774E-3,,,,,132.4000038E-9,16.3999996,
,,,132.7999968E-9,79.999998212E-3,,,,,132.7999968E-9,719.999969006E-3,,,,,132.7999968E-9,17.2000008,
,,,133.2000039E-9,-119.9999973E-3,,,,,133.2000039E-9,560.000002384E-3,,,,,133.2000039E-9,18.3999996,
,,,133.5999968E-9,-239.99999464E-3,,,,,133.5999968E-9,359.99998450E-3,,,,,133.5999968E-9,19.2000008,
,,,134.0000040E-9,-319.99999285E-3,,,,,134.0000040E-9,199.99998808E-3,,,,,134.0000040E-9,19.2000008,
,,,134.3999969E-9,-399.99997616E-3,,,,,134.3999969E-9,119.9999973E-3,,,,,134.3999969E-9,19.2000008,
,,,134.8000040E-9,-519.999980927E-3,,,,,134.8000040E-9,199.99998808E-3,,,,,134.8000040E-9,18.8000011,
,,,135.1999970E-9,-560.000002384E-3,,,,,135.1999970E-9,280.00000119E-3,,,,,135.1999970E-9,18.8000011,
,,,135.6000041E-9,-519.999980927E-3,,,,,135.6000041E-9,319.99999285E-3,,,,,135.6000041E-9,18.8000011,
,,,135.9999970E-9,-439.999997616E-3,,,,,135.9999970E-9,239.99999464E-3,,,,,135.9999970E-9,19.6000004,
,,,136.4000042E-9,-280.00000119E-3,,,,,136.4000042E-9,239.99999464E-3,,,,,136.4000042E-9,20.0000000,
,,,136.7999971E-9,-239.99999464E-3,,,,,136.7999971E-9,319.99999285E-3,,,,,136.7999971E-9,20.0000000,
,,,137.2000042E-9,-159.99999642E-3,,,,,137.2000042E-9,439.999997616E-3,,,,,137.2000042E-9,19.6000004,
,,,137.5999972E-9,-79.999998212E-3,,,,,137.5999972E-9,639.999985695E-3,,,,,137.5999972E-9,19.2000008,
,,,138.0000043E-9,0.0,,,,,138.0000043E-9,839.999973774E-3,,,,,138.0000043E-9,18.3999996,
,,,138.3999972E-9,159.99999642E-3,,,,,138.3999972E-9,1.0400000,,,,,138.3999972E-9,18.0000000,
,,,138.8000044E-9,399.99997616E-3,,,,,138.8000044E-9,1.0400000,,,,,138.8000044E-9,18.0000000,
,,,139.1999973E-9,680.000007153E-3,,,,,139.1999973E-9,1.0400000,,,,,139.1999973E-9,18.8000011,
,,,139.6000044E-9,839.999973774E-3,,,,,139.6000044E-9,1.1600000,,,,,139.6000044E-9,19.2000008,
,,,139.9999974E-9,919.999957085E-3,,,,,139.9999974E-9,1.3199999,,,,,139.9999974E-9,18.8000011,
,,,140.4000045E-9,959.999978542E-3,,,,,140.4000045E-9,1.5200000,,,,,140.4000045E-9,18.3999996,
,,,140.7999974E-9,1.000000,,,,,140.7999974E-9,1.5999999,,,,,140.7999974E-9,18.0000000,
,,,141.2000046E-9,1.0400000,,,,,141.2000046E-9,1.6799999,,,,,141.2000046E-9,17.2000008,
,,,141.5999975E-9,1.0799999,,,,,141.5999975E-9,1.6400000,,,,,141.5999975E-9,16.3999996,
,,,142.0000046E-9,1.0799999,,,,,142.0000046E-9,1.5599999,,,,,142.0000046E-9,16.3999996,
,,,142.3999976E-9,1.0400000,,,,,142.3999976E-9,1.4399999,,,,,142.3999976E-9,16.8000011,
,,,142.8000047E-9,839.999973774E-3,,,,,142.8000047E-9,1.2800000,,,,,142.8000047E-9,16.8000011,
,,,143.1999976E-9,599.999964237E-3,,,,,143.1999976E-9,1.1200000,,,,,143.1999976E-9,17.2000008,
,,,143.6000048E-9,399.99997616E-3,,,,,143.6000048E-9,879.999995232E-3,,,,,143.6000048E-9,17.2000008,
,,,143.9999977E-9,239.99999464E-3,,,,,143.9999977E-9,560.000002384E-3,,,,,143.9999977E-9,17.2000008,
,,,144.4000048E-9,79.999998212E-3,,,,,144.4000048E-9,319.99999285E-3,,,,,144.4000048E-9,16.8000011,
,,,144.7999978E-9,-119.9999973E-3,,,,,144.7999978E-9,199.99998808E-3,,,,,144.7999978E-9,16.8000011,
,,,145.2000049E-9,-319.99999285E-3,,,,,145.2000049E-9,119.9999973E-3,,,,,145.2000049E-9,16.8000011,
,,,145.5999978E-9,-519.999980927E-3,,,,,145.5999978E-9,39.99999911E-3,,,,,145.5999978E-9,17.2000008,
,,,146.0000050E-9,-719.999969006E-3,,,,,146.0000050E-9,-119.9999973E-3,,,,,146.0000050E-9,18.0000000,
,,,146.3999979E-9,-879.999995232E-3,,,,,146.3999979E-9,-319.99999285E-3,,,,,146.3999979E-9,18.3999996,
,,,146.8000050E-9,-959.999978542E-3,,,,,146.8000050E-9,-639.999985695E-3,,,,,146.8000050E-9,18.3999996,
,,,147.1999980E-9,-959.999978542E-3,,,,,147.1999980E-9,-879.999995232E-3,,,,,147.1999980E-9,18.3999996,
,,,147.6000051E-9,-959.999978542E-3,,,,,147.6000051E-9,-879.999995232E-3,,,,,147.6000051E-9,18.0000000,
,,,147.9999980E-9,-959.999978542E-3,,,,,147.9999980E-9,-719.999969006E-3,,,,,147.9999980E-9,17.6000004,
,,,148.4000052E-9,-879.999995232E-3,,,,,148.4000052E-9,-439.999997616E-3,,,,,148.4000052E-9,17.2000008,
,,,148.79999810E-9,-759.999990463E-3,,,,,148.79999810E-9,-280.00000119E-3,,,,,148.79999810E-9,17.2000008,
,,,149.20000524E-9,-560.000002384E-3,,,,,149.20000524E-9,-119.9999973E-3,,,,,149.20000524E-9,17.2000008,
,,,149.59999817E-9,-319.99999285E-3,,,,,149.59999817E-9,0.0,,,,,149.59999817E-9,17.6000004,
,,,150.00000531E-9,-79.999998212E-3,,,,,150.00000531E-9,119.9999973E-3,,,,,150.00000531E-9,17.6000004,
,,,150.39999823E-9,159.99999642E-3,,,,,150.39999823E-9,319.99999285E-3,,,,,150.39999823E-9,17.6000004,
,,,150.80000537E-9,280.00000119E-3,,,,,150.80000537E-9,680.000007153E-3,,,,,150.80000537E-9,17.2000008,
,,,151.19999830E-9,399.99997616E-3,,,,,151.19999830E-9,1.0799999,,,,,151.19999830E-9,16.8000011,
,,,151.60000544E-9,560.000002384E-3,,,,,151.60000544E-9,1.4000000,,,,,151.60000544E-9,16.3999996,
,,,151.99999837E-9,759.999990463E-3,,,,,151.99999837E-9,1.6400000,,,,,151.99999837E-9,16.0000000,
,,,152.40000550E-9,919.999957085E-3,,,,,152.40000550E-9,1.8800000,,,,,152.40000550E-9,16.0000000,
,,,152.79999843E-9,959.999978542E-3,,,,,152.79999843E-9,2.1199999,,,,,152.79999843E-9,16.3999996,
,,,153.20000557E-9,1.000000,,,,,153.20000557E-9,2.3599999,,,,,153.20000557E-9,16.8000011,
,,,153.59999850E-9,959.999978542E-3,,,,,153.59999850E-9,2.4800000,,,,,153.59999850E-9,17.2000008,
,,,154.00000564E-9,879.999995232E-3,,,,,154.00000564E-9,2.4400001,,,,,154.00000564E-9,17.2000008,
,,,154.39999856E-9,799.999952316E-3,,,,,154.39999856E-9,2.3199999,,,,,154.39999856E-9,17.2000008,
,,,154.80000570E-9,719.999969006E-3,,,,,154.80000570E-9,2.0000000,,,,,154.80000570E-9,17.2000008,
,,,155.19999863E-9,599.999964237E-3,,,,,155.19999863E-9,1.6400000,,,,,155.19999863E-9,16.8000011,
,,,155.60000577E-9,359.99998450E-3,,,,,155.60000577E-9,1.3600000,,,,,155.60000577E-9,16.8000011,
,,,155.99999870E-9,79.999998212E-3,,,,,155.99999870E-9,1.1600000,,,,,155.99999870E-9,16.8000011,
,,,156.40000584E-9,-239.99999464E-3,,,,,156.40000584E-9,1.000000,,,,,156.40000584E-9,17.6000004,
,,,156.79999876E-9,-519.999980927E-3,,,,,156.79999876E-9,719.999969006E-3,,,,,156.79999876E-9,18.3999996,
,,,157.20000590E-9,-719.999969006E-3,,,,,157.20000590E-9,439.999997616E-3,,,,,157.20000590E-9,18.8000011,
,,,157.59999883E-9,-879.999995232E-3,,,,,157.59999883E-9,159.99999642E-3,,,,,157.59999883E-9,19.2000008,
,,,158.00000597E-9,-1.000000,,,,,158.00000597E-9,-119.9999973E-3,,,,,158.00000597E-9,19.6000004,
,,,158.39999890E-9,-1.0400000,,,,,158.39999890E-9,-280.00000119E-3,,,,,158.39999890E-9,19.2000008,
,,,158.80000603E-9,-1.1600000,,,,,158.80000603E-9,-319.99999285E-3,,,,,158.80000603E-9,19.6000004,
,,,159.19999896E-9,-1.1999999,,,,,159.19999896E-9,-280.00000119E-3,,,,,159.19999896E-9,19.6000004,
,,,159.60000610E-9,-1.1600000,,,,,159.60000610E-9,-239.99999464E-3,,,,,159.60000610E-9,20.0000000,
,,,159.99999903E-9,-959.999978542E-3,,,,,159.99999903E-9,-239.99999464E-3,,,,,159.99999903E-9,20.39999962,
,,,160.40000617E-9,-719.999969006E-3,,,,,160.40000617E-9,-159.99999642E-3,,,,,160.40000617E-9,20.39999962,
,,,160.79999909E-9,-479.999989271E-3,,,,,160.79999909E-9,-79.999998212E-3,,,,,160.79999909E-9,20.80000114,
,,,161.20000623E-9,-239.99999464E-3,,,,,161.20000623E-9,39.99999911E-3,,,,,161.20000623E-9,20.39999962,
,,,161.59999916E-9,-39.99999911E-3,,,,,161.59999916E-9,239.99999464E-3,,,,,161.59999916E-9,20.0000000,
,,,162.00000630E-9,119.9999973E-3,,,,,162.00000630E-9,479.999989271E-3,,,,,162.00000630E-9,20.0000000,
,,,162.39999923E-9,319.99999285E-3,,,,,162.39999923E-9,719.999969006E-3,,,,,162.39999923E-9,19.6000004,
,,,162.80000636E-9,599.999964237E-3,,,,,162.80000636E-9,879.999995232E-3,,,,,162.80000636E-9,19.6000004,
,,,163.19999929E-9,919.999957085E-3,,,,,163.19999929E-9,1.0799999,,,,,163.19999929E-9,19.6000004,
,,,163.60000643E-9,1.1600000,,,,,163.60000643E-9,1.2400000,,,,,163.60000643E-9,20.0000000,
,,,163.99999936E-9,1.3199999,,,,,163.99999936E-9,1.4800000,,,,,163.99999936E-9,20.0000000,
,,,164.40000650E-9,1.4399999,,,,,164.40000650E-9,1.6400000,,,,,164.40000650E-9,19.6000004,
,,,164.79999942E-9,1.4800000,,,,,164.79999942E-9,1.6799999,,,,,164.79999942E-9,19.6000004,
,,,165.20000656E-9,1.4399999,,,,,165.20000656E-9,1.6799999,,,,,165.20000656E-9,19.6000004,
,,,165.59999949E-9,1.4000000,,,,,165.59999949E-9,1.6400000,,,,,165.59999949E-9,19.2000008,
,,,166.00000663E-9,1.2800000,,,,,166.00000663E-9,1.4800000,,,,,166.00000663E-9,19.2000008,
,,,166.39999956E-9,1.1200000,,,,,166.39999956E-9,1.3199999,,,,,166.39999956E-9,18.8000011,
,,,166.80000670E-9,839.999973774E-3,,,,,166.80000670E-9,1.1200000,,,,,166.80000670E-9,18.8000011,
,,,167.19999962E-9,519.999980927E-3,,,,,167.19999962E-9,839.999973774E-3,,,,,167.19999962E-9,18.3999996,
,,,167.60000676E-9,199.99998808E-3,,,,,167.60000676E-9,519.999980927E-3,,,,,167.60000676E-9,18.3999996,
,,,167.99999969E-9,-79.999998212E-3,,,,,167.99999969E-9,159.99999642E-3,,,,,167.99999969E-9,18.3999996,
,,,168.40000683E-9,-319.99999285E-3,,,,,168.40000683E-9,-159.99999642E-3,,,,,168.40000683E-9,18.0000000,
,,,168.79999976E-9,-560.000002384E-3,,,,,168.79999976E-9,-399.99997616E-3,,,,,168.79999976E-9,18.0000000,
,,,169.20000689E-9,-799.999952316E-3,,,,,169.20000689E-9,-599.999964237E-3,,,,,169.20000689E-9,17.6000004,
,,,169.59999982E-9,-1.000000,,,,,169.59999982E-9,-799.999952316E-3,,,,,169.59999982E-9,17.6000004,
,,,170.00000696E-9,-1.1600000,,,,,170.00000696E-9,-959.999978542E-3,,,,,170.00000696E-9,17.2000008,
,,,170.39999989E-9,-1.2400000,,,,,170.39999989E-9,-1.0799999,,,,,170.39999989E-9,16.8000011,
,,,170.80000703E-9,-1.2400000,,,,,170.80000703E-9,-1.1999999,,,,,170.80000703E-9,16.8000011,
,,,171.19999995E-9,-1.1600000,,,,,171.19999995E-9,-1.2400000,,,,,171.19999995E-9,17.2000008,
,,,171.60000709E-9,-1.0400000,,,,,171.60000709E-9,-1.1200000,,,,,171.60000709E-9,17.2000008,
,,,172.00000002E-9,-879.999995232E-3,,,,,172.00000002E-9,-919.999957085E-3,,,,,172.00000002E-9,17.2000008,
,,,172.40000716E-9,-680.000007153E-3,,,,,172.40000716E-9,-639.999985695E-3,,,,,172.40000716E-9,16.8000011,
,,,172.80000009E-9,-479.999989271E-3,,,,,172.80000009E-9,-479.999989271E-3,,,,,172.80000009E-9,16.3999996,
,,,173.20000723E-9,-239.99999464E-3,,,,,173.20000723E-9,-319.99999285E-3,,,,,173.20000723E-9,16.3999996,
,,,173.60000015E-9,39.99999911E-3,,,,,173.60000015E-9,-159.99999642E-3,,,,,173.60000015E-9,16.3999996,
,,,174.00000729E-9,280.00000119E-3,,,,,174.00000729E-9,79.999998212E-3,,,,,174.00000729E-9,16.0000000,
,,,174.40000022E-9,560.000002384E-3,,,,,174.40000022E-9,359.99998450E-3,,,,,174.40000022E-9,16.3999996,
,,,174.80000736E-9,759.999990463E-3,,,,,174.80000736E-9,759.999990463E-3,,,,,174.80000736E-9,16.3999996,
,,,175.20000029E-9,959.999978542E-3,,,,,175.20000029E-9,1.1600000,,,,,175.20000029E-9,16.8000011,
,,,175.60000742E-9,1.0799999,,,,,175.60000742E-9,1.4800000,,,,,175.60000742E-9,17.2000008,
,,,176.00000035E-9,1.1999999,,,,,176.00000035E-9,1.6400000,,,,,176.00000035E-9,17.2000008,
,,,176.40000749E-9,1.2800000,,,,,176.40000749E-9,1.7600000,,,,,176.40000749E-9,17.2000008,
,,,176.80000042E-9,1.2800000,,,,,176.80000042E-9,1.8000000,,,,,176.80000042E-9,17.2000008,
,,,177.20000756E-9,1.1999999,,,,,177.20000756E-9,1.8399999,,,,,177.20000756E-9,17.6000004,
,,,177.60000048E-9,1.0799999,,,,,177.60000048E-9,1.8399999,,,,,177.60000048E-9,18.0000000,
,,,178.00000762E-9,839.999973774E-3,,,,,178.00000762E-9,1.8000000,,,,,178.00000762E-9,18.3999996,
,,,178.40000055E-9,639.999985695E-3,,,,,178.40000055E-9,1.6799999,,,,,178.40000055E-9,18.8000011,
,,,178.80000769E-9,439.999997616E-3,,,,,178.80000769E-9,1.4000000,,,,,178.80000769E-9,18.8000011,
,,,179.20000062E-9,199.99998808E-3,,,,,179.20000062E-9,1.0799999,,,,,179.20000062E-9,19.2000008,
,,,179.60000775E-9,-39.99999911E-3,,,,,179.60000775E-9,799.999952316E-3,,,,,179.60000775E-9,19.6000004,
,,,180.00000068E-9,-280.00000119E-3,,,,,180.00000068E-9,560.000002384E-3,,,,,180.00000068E-9,19.6000004,
,,,180.40000782E-9,-519.999980927E-3,,,,,180.40000782E-9,359.99998450E-3,,,,,180.40000782E-9,20.0000000,
,,,180.80000075E-9,-799.999952316E-3,,,,,180.80000075E-9,119.9999973E-3,,,,,180.80000075E-9,20.0000000,
,,,181.20000789E-9,-1.000000,,,,,181.20000789E-9,-119.9999973E-3,,,,,181.20000789E-9,20.39999962,
,,,181.60000081E-9,-1.0799999,,,,,181.60000081E-9,-319.99999285E-3,,,,,181.60000081E-9,20.39999962,
,,,182.00000795E-9,-1.1200000,,,,,182.00000795E-9,-519.999980927E-3,,,,,182.00000795E-9,20.80000114,
,,,182.40000088E-9,-1.0799999,,,,,182.40000088E-9,-639.999985695E-3,,,,,182.40000088E-9,21.20000076,
,,,182.80000802E-9,-1.0400000,,,,,182.80000802E-9,-680.000007153E-3,,,,,182.80000802E-9,21.20000076,
,,,183.20000095E-9,-879.999995232E-3,,,,,183.20000095E-9,-639.999985695E-3,,,,,183.20000095E-9,21.60000038,
,,,183.60000809E-9,-719.999969006E-3,,,,,183.60000809E-9,-519.999980927E-3,,,,,183.60000809E-9,21.60000038,
,,,184.00000101E-9,-479.999989271E-3,,,,,184.00000101E-9,-439.999997616E-3,,,,,184.00000101E-9,21.20000076,
,,,184.40000815E-9,-199.99998808E-3,,,,,184.40000815E-9,-239.99999464E-3,,,,,184.40000815E-9,21.20000076,
,,,184.80000108E-9,39.99999911E-3,,,,,184.80000108E-9,0.0,,,,,184.80000108E-9,21.20000076,
,,,185.20000822E-9,280.00000119E-3,,,,,185.20000822E-9,319.99999285E-3,,,,,185.20000822E-9,21.20000076,
,,,185.60000115E-9,560.000002384E-3,,,,,185.60000115E-9,599.999964237E-3,,,,,185.60000115E-9,21.60000038,
,,,186.00000828E-9,799.999952316E-3,,,,,186.00000828E-9,839.999973774E-3,,,,,186.00000828E-9,21.60000038,
,,,186.40000121E-9,1.0400000,,,,,186.40000121E-9,1.0799999,,,,,186.40000121E-9,21.60000038,
,,,186.80000835E-9,1.2800000,,,,,186.80000835E-9,1.2400000,,,,,186.80000835E-9,21.20000076,
,,,187.20000128E-9,1.4399999,,,,,187.20000128E-9,1.4000000,,,,,187.20000128E-9,20.80000114,
,,,187.60000842E-9,1.5200000,,,,,187.60000842E-9,1.5599999,,,,,187.60000842E-9,20.0000000,
,,,188.00000134E-9,1.5200000,,,,,188.00000134E-9,1.7199999,,,,,188.00000134E-9,19.6000004,
,,,188.40000848E-9,1.4399999,,,,,188.40000848E-9,1.8000000,,,,,188.40000848E-9,19.2000008,
,,,188.80000141E-9,1.3199999,,,,,188.80000141E-9,1.7199999,,,,,188.80000141E-9,19.2000008,
,,,189.20000855E-9,1.1600000,,,,,189.20000855E-9,1.5599999,,,,,189.20000855E-9,19.2000008,
,,,189.60000148E-9,959.999978542E-3,,,,,189.60000148E-9,1.3600000,,,,,189.60000148E-9,19.2000008,
,,,190.00000862E-9,759.999990463E-3,,,,,190.00000862E-9,1.1600000,,,,,190.00000862E-9,18.8000011,
,,,190.40000154E-9,560.000002384E-3,,,,,190.40000154E-9,919.999957085E-3,,,,,190.40000154E-9,18.0000000,
,,,190.80000868E-9,280.00000119E-3,,,,,190.80000868E-9,639.999985695E-3,,,,,190.80000868E-9,17.6000004,
,,,191.20000161E-9,-39.99999911E-3,,,,,191.20000161E-9,359.99998450E-3,,,,,191.20000161E-9,17.2000008,
,,,191.60000875E-9,-319.99999285E-3,,,,,191.60000875E-9,39.99999911E-3,,,,,191.60000875E-9,17.2000008,
,,,192.00000168E-9,-599.999964237E-3,,,,,192.00000168E-9,-319.99999285E-3,,,,,192.00000168E-9,17.2000008,
,,,192.40000881E-9,-839.999973774E-3,,,,,192.40000881E-9,-599.999964237E-3,,,,,192.40000881E-9,17.6000004,
,,,192.80000174E-9,-1.0400000,,,,,192.80000174E-9,-759.999990463E-3,,,,,192.80000174E-9,17.6000004,
,,,193.20000888E-9,-1.1999999,,,,,193.20000888E-9,-879.999995232E-3,,,,,193.20000888E-9,17.2000008,
,,,193.60000181E-9,-1.3199999,,,,,193.60000181E-9,-959.999978542E-3,,,,,193.60000181E-9,17.2000008,
,,,194.00000895E-9,-1.3600000,,,,,194.00000895E-9,-1.000000,,,,,194.00000895E-9,16.8000011,
,,,194.40000187E-9,-1.3199999,,,,,194.40000187E-9,-1.0400000,,,,,194.40000187E-9,16.8000011,
,,,194.80000901E-9,-1.2400000,,,,,194.80000901E-9,-1.0799999,,,,,194.80000901E-9,17.2000008,
,,,195.20000194E-9,-1.0799999,,,,,195.20000194E-9,-1.0400000,,,,,195.20000194E-9,17.2000008,
,,,195.60000908E-9,-879.999995232E-3,,,,,195.60000908E-9,-879.999995232E-3,,,,,195.60000908E-9,18.0000000,
,,,196.00000201E-9,-639.999985695E-3,,,,,196.00000201E-9,-560.000002384E-3,,,,,196.00000201E-9,18.0000000,
,,,196.40000914E-9,-399.99997616E-3,,,,,196.40000914E-9,-239.99999464E-3,,,,,196.40000914E-9,18.3999996,
,,,196.80000207E-9,-159.99999642E-3,,,,,196.80000207E-9,39.99999911E-3,,,,,196.80000207E-9,18.3999996,
,,,197.20000921E-9,79.999998212E-3,,,,,197.20000921E-9,319.99999285E-3,,,,,197.20000921E-9,18.0000000,
,,,197.60000214E-9,319.99999285E-3,,,,,197.60000214E-9,599.999964237E-3,,,,,197.60000214E-9,18.0000000,
,,,198.00000928E-9,560.000002384E-3,,,,,198.00000928E-9,839.999973774E-3,,,,,198.00000928E-9,18.0000000,
,,,198.40000220E-9,759.999990463E-3,,,,,198.40000220E-9,1.0799999,,,,,198.40000220E-9,18.0000000,
,,,198.80000934E-9,879.999995232E-3,,,,,198.80000934E-9,1.3600000,,,,,198.80000934E-9,18.0000000,
,,,199.20000227E-9,959.999978542E-3,,,,,199.20000227E-9,1.5999999,,,,,199.20000227E-9,18.3999996,
,,,199.60000941E-9,1.000000,,,,,199.60000941E-9,1.7600000,,,,,199.60000941E-9,18.3999996,
,,,200.00000234E-9,1.000000,,,,,200.00000234E-9,1.8399999,,,,,200.00000234E-9,18.3999996,
,,,200.40000948E-9,959.999978542E-3,,,,,200.40000948E-9,1.8399999,,,,,200.40000948E-9,18.0000000,
,,,200.80000240E-9,839.999973774E-3,,,,,200.80000240E-9,1.7600000,,,,,200.80000240E-9,18.0000000,
,,,201.20000954E-9,719.999969006E-3,,,,,201.20000954E-9,1.6400000,,,,,201.20000954E-9,18.3999996,
,,,201.60000247E-9,519.999980927E-3,,,,,201.60000247E-9,1.4399999,,,,,201.60000247E-9,19.2000008,
,,,201.99999540E-9,280.00000119E-3,,,,,201.99999540E-9,1.2400000,,,,,201.99999540E-9,19.6000004,
,,,202.40000254E-9,39.99999911E-3,,,,,202.40000254E-9,959.999978542E-3,,,,,202.40000254E-9,20.0000000,
,,,202.79999546E-9,-199.99998808E-3,,,,,202.79999546E-9,599.999964237E-3,,,,,202.79999546E-9,20.39999962,
,,,203.20000260E-9,-439.999997616E-3,,,,,203.20000260E-9,280.00000119E-3,,,,,203.20000260E-9,20.39999962,
,,,203.59999553E-9,-639.999985695E-3,,,,,203.59999553E-9,0.0,,,,,203.59999553E-9,20.39999962,
,,,204.00000267E-9,-879.999995232E-3,,,,,204.00000267E-9,-239.99999464E-3,,,,,204.00000267E-9,20.39999962,
,,,204.39999560E-9,-1.0400000,,,,,204.39999560E-9,-399.99997616E-3,,,,,204.39999560E-9,20.39999962,
,,,204.80000273E-9,-1.1999999,,,,,204.80000273E-9,-599.999964237E-3,,,,,204.80000273E-9,20.80000114,
,,,205.19999566E-9,-1.2800000,,,,,205.19999566E-9,-759.999990463E-3,,,,,205.19999566E-9,20.80000114,
,,,205.60000280E-9,-1.2800000,,,,,205.60000280E-9,-879.999995232E-3,,,,,205.60000280E-9,21.20000076,
,,,205.99999573E-9,-1.2400000,,,,,205.99999573E-9,-919.999957085E-3,,,,,205.99999573E-9,21.60000038,
,,,206.40000287E-9,-1.0799999,,,,,206.40000287E-9,-879.999995232E-3,,,,,206.40000287E-9,21.60000038,
,,,206.79999579E-9,-919.999957085E-3,,,,,206.79999579E-9,-799.999952316E-3,,,,,206.79999579E-9,22.00000000,
,,,207.20000293E-9,-719.999969006E-3,,,,,207.20000293E-9,-599.999964237E-3,,,,,207.20000293E-9,22.00000000,
,,,207.59999586E-9,-439.999997616E-3,,,,,207.59999586E-9,-359.99998450E-3,,,,,207.59999586E-9,22.39999962,
,,,208.00000300E-9,-119.9999973E-3,,,,,208.00000300E-9,-79.999998212E-3,,,,,208.00000300E-9,22.39999962,
,,,208.39999593E-9,199.99998808E-3,,,,,208.39999593E-9,239.99999464E-3,,,,,208.39999593E-9,22.39999962,
,,,208.80000307E-9,519.999980927E-3,,,,,208.80000307E-9,560.000002384E-3,,,,,208.80000307E-9,22.39999962,
,,,209.19999599E-9,839.999973774E-3,,,,,209.19999599E-9,879.999995232E-3,,,,,209.19999599E-9,22.00000000,
,,,209.60000313E-9,1.1200000,,,,,209.60000313E-9,1.1600000,,,,,209.60000313E-9,22.00000000,
,,,209.99999606E-9,1.4000000,,,,,209.99999606E-9,1.4000000,,,,,209.99999606E-9,22.00000000,
,,,210.40000320E-9,1.6400000,,,,,210.40000320E-9,1.6400000,,,,,210.40000320E-9,22.00000000,
,,,210.79999613E-9,1.7600000,,,,,210.79999613E-9,1.8000000,,,,,210.79999613E-9,21.60000038,
,,,211.20000326E-9,1.8399999,,,,,211.20000326E-9,1.9200000,,,,,211.20000326E-9,21.20000076,
,,,211.59999619E-9,1.8399999,,,,,211.59999619E-9,2.0400000,,,,,211.59999619E-9,20.80000114,
,,,212.00000333E-9,1.8000000,,,,,212.00000333E-9,2.1199999,,,,,212.00000333E-9,20.39999962,
,,,212.39999626E-9,1.6799999,,,,,212.39999626E-9,2.0799999,,,,,212.39999626E-9,20.0000000,
,,,212.80000340E-9,1.4800000,,,,,212.80000340E-9,1.8800000,,,,,212.80000340E-9,20.0000000,
,,,213.19999632E-9,1.2400000,,,,,213.19999632E-9,1.6400000,,,,,213.19999632E-9,19.6000004,
,,,213.60000346E-9,959.999978542E-3,,,,,213.60000346E-9,1.2800000,,,,,213.60000346E-9,19.6000004,
,,,213.99999639E-9,680.000007153E-3,,,,,213.99999639E-9,919.999957085E-3,,,,,213.99999639E-9,18.8000011,
,,,214.40000353E-9,359.99998450E-3,,,,,214.40000353E-9,560.000002384E-3,,,,,214.40000353E-9,18.8000011,
,,,214.79999646E-9,0.0,,,,,214.79999646E-9,239.99999464E-3,,,,,214.79999646E-9,18.3999996,
,,,215.20000359E-9,-319.99999285E-3,,,,,215.20000359E-9,-79.999998212E-3,,,,,215.20000359E-9,18.3999996,
,,,215.59999652E-9,-639.999985695E-3,,,,,215.59999652E-9,-399.99997616E-3,,,,,215.59999652E-9,18.3999996,
,,,216.00000366E-9,-919.999957085E-3,,,,,216.00000366E-9,-719.999969006E-3,,,,,216.00000366E-9,18.3999996,
,,,216.39999659E-9,-1.1200000,,,,,216.39999659E-9,-1.000000,,,,,216.39999659E-9,18.3999996,
,,,216.80000373E-9,-1.3199999,,,,,216.80000373E-9,-1.2400000,,,,,216.80000373E-9,18.0000000,
,,,217.19999665E-9,-1.4399999,,,,,217.19999665E-9,-1.3600000,,,,,217.19999665E-9,18.0000000,
,,,217.60000379E-9,-1.4800000,,,,,217.60000379E-9,-1.3600000,,,,,217.60000379E-9,17.6000004,
,,,217.99999672E-9,-1.4399999,,,,,217.99999672E-9,-1.2800000,,,,,217.99999672E-9,17.6000004,
,,,218.40000386E-9,-1.3199999,,,,,218.40000386E-9,-1.1200000,,,,,218.40000386E-9,18.0000000,
,,,218.79999679E-9,-1.1600000,,,,,218.79999679E-9,-1.000000,,,,,218.79999679E-9,18.3999996,
,,,219.20000393E-9,-919.999957085E-3,,,,,219.20000393E-9,-799.999952316E-3,,,,,219.20000393E-9,18.8000011,
,,,219.59999685E-9,-680.000007153E-3,,,,,219.59999685E-9,-479.999989271E-3,,,,,219.59999685E-9,18.8000011,
,,,220.00000399E-9,-439.999997616E-3,,,,,220.00000399E-9,-119.9999973E-3,,,,,220.00000399E-9,18.8000011,
,,,220.39999692E-9,-199.99998808E-3,,,,,220.39999692E-9,280.00000119E-3,,,,,220.39999692E-9,18.8000011,
,,,220.80000406E-9,0.0,,,,,220.80000406E-9,639.999985695E-3,,,,,220.80000406E-9,18.8000011,
,,,221.19999699E-9,239.99999464E-3,,,,,221.19999699E-9,1.000000,,,,,221.19999699E-9,18.8000011,
,,,221.60000412E-9,479.999989271E-3,,,,,221.60000412E-9,1.2800000,,,,,221.60000412E-9,18.8000011,
,,,221.99999705E-9,719.999969006E-3,,,,,221.99999705E-9,1.5599999,,,,,221.99999705E-9,19.2000008,
,,,222.40000419E-9,959.999978542E-3,,,,,222.40000419E-9,1.8000000,,,,,222.40000419E-9,19.2000008,
,,,222.79999712E-9,1.0799999,,,,,222.79999712E-9,2.0400000,,,,,222.79999712E-9,19.2000008,
,,,223.20000426E-9,1.1600000,,,,,223.20000426E-9,2.2400000,,,,,223.20000426E-9,19.2000008,
,,,223.59999718E-9,1.1200000,,,,,223.59999718E-9,2.3199999,,,,,223.59999718E-9,19.2000008,
,,,224.00000432E-9,1.000000,,,,,224.00000432E-9,2.2400000,,,,,224.00000432E-9,19.6000004,
,,,224.39999725E-9,879.999995232E-3,,,,,224.39999725E-9,2.1199999,,,,,224.39999725E-9,19.6000004,
,,,224.80000439E-9,719.999969006E-3,,,,,224.80000439E-9,1.8800000,,,,,224.80000439E-9,20.0000000,
,,,225.19999732E-9,519.999980927E-3,,,,,225.19999732E-9,1.5999999,,,,,225.19999732E-9,20.39999962,
,,,225.60000446E-9,319.99999285E-3,,,,,225.60000446E-9,1.3199999,,,,,225.60000446E-9,20.39999962,
,,,225.99999738E-9,39.99999911E-3,,,,,225.99999738E-9,1.0400000,,,,,225.99999738E-9,20.80000114,
,,,226.40000452E-9,-199.99998808E-3,,,,,226.40000452E-9,719.999969006E-3,,,,,226.40000452E-9,20.80000114,
,,,226.79999745E-9,-479.999989271E-3,,,,,226.79999745E-9,319.99999285E-3,,,,,226.79999745E-9,20.80000114,
,,,227.20000459E-9,-719.999969006E-3,,,,,227.20000459E-9,-79.999998212E-3,,,,,227.20000459E-9,21.20000076,
,,,227.59999752E-9,-959.999978542E-3,,,,,227.59999752E-9,-479.999989271E-3,,,,,227.59999752E-9,21.20000076,
,,,228.00000465E-9,-1.1600000,,,,,228.00000465E-9,-799.999952316E-3,,,,,228.00000465E-9,21.20000076,
,,,228.39999758E-9,-1.3199999,,,,,228.39999758E-9,-1.0400000,,,,,228.39999758E-9,21.60000038,
,,,228.80000472E-9,-1.4399999,,,,,228.80000472E-9,-1.2400000,,,,,228.80000472E-9,21.60000038,
,,,229.19999765E-9,-1.5200000,,,,,229.19999765E-9,-1.3600000,,,,,229.19999765E-9,22.00000000,
,,,229.60000479E-9,-1.4399999,,,,,229.60000479E-9,-1.4000000,,,,,229.60000479E-9,22.00000000,
,,,229.99999771E-9,-1.3199999,,,,,229.99999771E-9,-1.3199999,,,,,229.99999771E-9,21.60000038,
,,,230.40000485E-9,-1.1200000,,,,,230.40000485E-9,-1.1600000,,,,,230.40000485E-9,22.00000000,
,,,230.79999778E-9,-919.999957085E-3,,,,,230.79999778E-9,-879.999995232E-3,,,,,230.79999778E-9,21.60000038,
,,,231.20000492E-9,-680.000007153E-3,,,,,231.20000492E-9,-519.999980927E-3,,,,,231.20000492E-9,22.00000000,
,,,231.59999785E-9,-399.99997616E-3,,,,,231.59999785E-9,-159.99999642E-3,,,,,231.59999785E-9,22.00000000,
,,,232.00000498E-9,-79.999998212E-3,,,,,232.00000498E-9,159.99999642E-3,,,,,232.00000498E-9,22.00000000,
,,,232.39999791E-9,239.99999464E-3,,,,,232.39999791E-9,519.999980927E-3,,,,,232.39999791E-9,22.00000000,
,,,232.80000505E-9,560.000002384E-3,,,,,232.80000505E-9,839.999973774E-3,,,,,232.80000505E-9,22.00000000,
,,,233.19999798E-9,839.999973774E-3,,,,,233.19999798E-9,1.1600000,,,,,233.19999798E-9,21.60000038,
,,,233.60000512E-9,1.1200000,,,,,233.60000512E-9,1.4800000,,,,,233.60000512E-9,21.60000038,
,,,233.99999804E-9,1.3199999,,,,,233.99999804E-9,1.7199999,,,,,233.99999804E-9,21.60000038,
,,,234.40000518E-9,1.5200000,,,,,234.40000518E-9,1.9599999,,,,,234.40000518E-9,21.20000076,
,,,234.79999811E-9,1.6400000,,,,,234.79999811E-9,2.0400000,,,,,234.79999811E-9,21.20000076,
,,,235.20000525E-9,1.7199999,,,,,235.20000525E-9,2.0799999,,,,,235.20000525E-9,21.20000076,
,,,235.59999818E-9,1.6799999,,,,,235.59999818E-9,2.0799999,,,,,235.59999818E-9,20.80000114,
,,,236.00000532E-9,1.5999999,,,,,236.00000532E-9,2.0400000,,,,,236.00000532E-9,20.80000114,
,,,236.39999824E-9,1.4800000,,,,,236.39999824E-9,1.9599999,,,,,236.39999824E-9,20.39999962,
,,,236.80000538E-9,1.2800000,,,,,236.80000538E-9,1.7600000,,,,,236.80000538E-9,20.0000000,
,,,237.19999831E-9,1.0400000,,,,,237.19999831E-9,1.5200000,,,,,237.19999831E-9,20.0000000,
,,,237.60000545E-9,759.999990463E-3,,,,,237.60000545E-9,1.1999999,,,,,237.60000545E-9,19.6000004,
,,,237.99999838E-9,479.999989271E-3,,,,,237.99999838E-9,839.999973774E-3,,,,,237.99999838E-9,19.2000008,
,,,238.40000551E-9,199.99998808E-3,,,,,238.40000551E-9,479.999989271E-3,,,,,238.40000551E-9,19.2000008,
,,,238.79999844E-9,-119.9999973E-3,,,,,238.79999844E-9,119.9999973E-3,,,,,238.79999844E-9,18.8000011,
,,,239.20000558E-9,-399.99997616E-3,,,,,239.20000558E-9,-199.99998808E-3,,,,,239.20000558E-9,18.8000011,
,,,239.60001272E-9,-639.999985695E-3,,,,,239.60001272E-9,-479.999989271E-3,,,,,239.60001272E-9,18.3999996,
,,,239.99999144E-9,-879.999995232E-3,,,,,239.99999144E-9,-759.999990463E-3,,,,,239.99999144E-9,18.3999996,
,,,240.39999857E-9,-1.000000,,,,,240.39999857E-9,-959.999978542E-3,,,,,240.39999857E-9,18.3999996,
,,,240.80000571E-9,-1.0799999,,,,,240.80000571E-9,-1.1200000,,,,,240.80000571E-9,18.0000000,
,,,241.20001285E-9,-1.1200000,,,,,241.20001285E-9,-1.1999999,,,,,241.20001285E-9,18.3999996,
,,,241.59999157E-9,-1.0799999,,,,,241.59999157E-9,-1.1999999,,,,,241.59999157E-9,18.3999996,
,,,241.99999871E-9,-1.0400000,,,,,241.99999871E-9,-1.0799999,,,,,241.99999871E-9,18.3999996,
,,,242.40000585E-9,-919.999957085E-3,,,,,242.40000585E-9,-879.999995232E-3,,,,,242.40000585E-9,18.8000011,
,,,242.80001298E-9,-799.999952316E-3,,,,,242.80001298E-9,-680.000007153E-3,,,,,242.80001298E-9,18.8000011,
,,,243.19999170E-9,-680.000007153E-3,,,,,243.19999170E-9,-399.99997616E-3,,,,,243.19999170E-9,18.8000011,
,,,243.59999884E-9,-479.999989271E-3,,,,,243.59999884E-9,-79.999998212E-3,,,,,243.59999884E-9,18.8000011,
,,,244.00000598E-9,-280.00000119E-3,,,,,244.00000598E-9,280.00000119E-3,,,,,244.00000598E-9,19.2000008,
,,,244.40001312E-9,-39.99999911E-3,,,,,244.40001312E-9,639.999985695E-3,,,,,244.40001312E-9,19.2000008,
,,,244.79999183E-9,159.99999642E-3,,,,,244.79999183E-9,959.999978542E-3,,,,,244.79999183E-9,19.6000004,
,,,245.19999897E-9,399.99997616E-3,,,,,245.19999897E-9,1.2800000,,,,,245.19999897E-9,19.6000004,
,,,245.60000611E-9,599.999964237E-3,,,,,245.60000611E-9,1.5200000,,,,,245.60000611E-9,20.0000000,
,,,246.00001325E-9,799.999952316E-3,,,,,246.00001325E-9,1.7199999,,,,,246.00001325E-9,20.0000000,
,,,246.39999197E-9,919.999957085E-3,,,,,246.39999197E-9,1.8399999,,,,,246.39999197E-9,20.39999962,
,,,246.79999910E-9,959.999978542E-3,,,,,246.79999910E-9,1.9200000,,,,,246.79999910E-9,20.39999962,
,,,247.20000624E-9,919.999957085E-3,,,,,247.20000624E-9,1.9200000,,,,,247.20000624E-9,20.39999962,
,,,247.60001338E-9,839.999973774E-3,,,,,247.60001338E-9,1.8800000,,,,,247.60001338E-9,20.39999962,
,,,247.99999210E-9,719.999969006E-3,,,,,247.99999210E-9,1.7600000,,,,,247.99999210E-9,20.39999962,
,,,248.39999924E-9,599.999964237E-3,,,,,248.39999924E-9,1.5599999,,,,,248.39999924E-9,20.80000114,
,,,248.80000637E-9,479.999989271E-3,,,,,248.80000637E-9,1.2800000,,,,,248.80000637E-9,20.80000114,
,,,249.20001351E-9,319.99999285E-3,,,,,249.20001351E-9,1.000000,,,,,249.20001351E-9,20.80000114,
,,,249.59999223E-9,199.99998808E-3,,,,,249.59999223E-9,680.000007153E-3,,,,,249.59999223E-9,20.80000114,
,,,249.99999937E-9,0.0,,,,,249.99999937E-9,359.99998450E-3,,,,,249.99999937E-9,20.80000114,
,,,250.40000651E-9,-159.99999642E-3,,,,,250.40000651E-9,39.99999911E-3,,,,,250.40000651E-9,20.80000114,
,,,250.80001365E-9,-359.99998450E-3,,,,,250.80001365E-9,-280.00000119E-3,,,,,250.80001365E-9,21.20000076,
,,,251.19999236E-9,-560.000002384E-3,,,,,251.19999236E-9,-560.000002384E-3,,,,,251.19999236E-9,21.20000076,
,,,251.59999950E-9,-719.999969006E-3,,,,,251.59999950E-9,-759.999990463E-3,,,,,251.59999950E-9,21.60000038,
,,,252.00000664E-9,-879.999995232E-3,,,,,252.00000664E-9,-879.999995232E-3,,,,,252.00000664E-9,21.60000038,
,,,252.40001378E-9,-959.999978542E-3,,,,,252.40001378E-9,-959.999978542E-3,,,,,252.40001378E-9,22.00000000,
,,,252.79999250E-9,-1.000000,,,,,252.79999250E-9,-1.0400000,,,,,252.79999250E-9,22.00000000,
,,,253.19999963E-9,-1.000000,,,,,253.19999963E-9,-1.0799999,,,,,253.19999963E-9,21.60000038,
,,,253.60000677E-9,-919.999957085E-3,,,,,253.60000677E-9,-1.0400000,,,,,253.60000677E-9,21.60000038,
,,,254.00001391E-9,-799.999952316E-3,,,,,254.00001391E-9,-959.999978542E-3,,,,,254.00001391E-9,21.60000038,
,,,254.39999263E-9,-639.999985695E-3,,,,,254.39999263E-9,-799.999952316E-3,,,,,254.39999263E-9,21.20000076,
,,,254.79999977E-9,-479.999989271E-3,,,,,254.79999977E-9,-599.999964237E-3,,,,,254.79999977E-9,21.20000076,
,,,255.20000690E-9,-239.99999464E-3,,,,,255.20000690E-9,-319.99999285E-3,,,,,255.20000690E-9,21.20000076,
,,,255.60001404E-9,-39.99999911E-3,,,,,255.60001404E-9,-39.99999911E-3,,,,,255.60001404E-9,21.20000076,
,,,255.99999276E-9,159.99999642E-3,,,,,255.99999276E-9,239.99999464E-3,,,,,255.99999276E-9,21.20000076,
,,,256.39999990E-9,399.99997616E-3,,,,,256.39999990E-9,560.000002384E-3,,,,,256.39999990E-9,21.20000076,
,,,256.80000704E-9,599.999964237E-3,,,,,256.80000704E-9,839.999973774E-3,,,,,256.80000704E-9,21.20000076,
,,,257.20001418E-9,799.999952316E-3,,,,,257.20001418E-9,1.1200000,,,,,257.20001418E-9,21.20000076,
,,,257.59999289E-9,959.999978542E-3,,,,,257.59999289E-9,1.3199999,,,,,257.59999289E-9,21.20000076,
,,,258.00000003E-9,1.0799999,,,,,258.00000003E-9,1.5200000,,,,,258.00000003E-9,21.20000076,
,,,258.40000717E-9,1.1600000,,,,,258.40000717E-9,1.6400000,,,,,258.40000717E-9,20.80000114,
,,,258.80001431E-9,1.1600000,,,,,258.80001431E-9,1.6400000,,,,,258.80001431E-9,20.39999962,
,,,259.19999302E-9,1.1200000,,,,,259.19999302E-9,1.5999999,,,,,259.19999302E-9,20.39999962,
,,,259.60000016E-9,1.0799999,,,,,259.60000016E-9,1.5200000,,,,,259.60000016E-9,20.39999962,
,,,260.00000730E-9,919.999957085E-3,,,,,260.00000730E-9,1.4000000,,,,,260.00000730E-9,20.39999962,
,,,260.40001444E-9,799.999952316E-3,,,,,260.40001444E-9,1.2800000,,,,,260.40001444E-9,20.0000000,
,,,260.79999316E-9,599.999964237E-3,,,,,260.79999316E-9,1.0799999,,,,,260.79999316E-9,20.0000000,
,,,261.20000030E-9,439.999997616E-3,,,,,261.20000030E-9,879.999995232E-3,,,,,261.20000030E-9,20.0000000,
,,,261.60000743E-9,280.00000119E-3,,,,,261.60000743E-9,599.999964237E-3,,,,,261.60000743E-9,20.0000000,
,,,262.00001457E-9,79.999998212E-3,,,,,262.00001457E-9,319.99999285E-3,,,,,262.00001457E-9,20.39999962,
,,,262.39999329E-9,-39.99999911E-3,,,,,262.39999329E-9,39.99999911E-3,,,,,262.39999329E-9,20.0000000,
,,,262.80000043E-9,-199.99998808E-3,,,,,262.80000043E-9,-199.99998808E-3,,,,,262.80000043E-9,20.0000000,
,,,263.20000757E-9,-319.99999285E-3,,,,,263.20000757E-9,-359.99998450E-3,,,,,263.20000757E-9,19.6000004,
,,,263.60001470E-9,-439.999997616E-3,,,,,263.60001470E-9,-479.999989271E-3,,,,,263.60001470E-9,19.6000004,
,,,263.99999342E-9,-560.000002384E-3,,,,,263.99999342E-9,-519.999980927E-3,,,,,263.99999342E-9,19.2000008,
,,,264.40000056E-9,-639.999985695E-3,,,,,264.40000056E-9,-560.000002384E-3,,,,,264.40000056E-9,19.2000008,
,,,264.80000770E-9,-719.999969006E-3,,,,,264.80000770E-9,-599.999964237E-3,,,,,264.80000770E-9,19.2000008,
,,,265.20001484E-9,-759.999990463E-3,,,,,265.20001484E-9,-599.999964237E-3,,,,,265.20001484E-9,19.2000008,
,,,265.59999355E-9,-719.999969006E-3,,,,,265.59999355E-9,-519.999980927E-3,,,,,265.59999355E-9,19.2000008,
,,,266.00000069E-9,-599.999964237E-3,,,,,266.00000069E-9,-359.99998450E-3,,,,,266.00000069E-9,19.6000004,
,,,266.40000783E-9,-479.999989271E-3,,,,,266.40000783E-9,-119.9999973E-3,,,,,266.40000783E-9,19.6000004,
,,,266.80001497E-9,-359.99998450E-3,,,,,266.80001497E-9,79.999998212E-3,,,,,266.80001497E-9,19.6000004,
,,,267.19999369E-9,-199.99998808E-3,,,,,267.19999369E-9,359.99998450E-3,,,,,267.19999369E-9,19.6000004,
,,,267.60000083E-9,-39.99999911E-3,,,,,267.60000083E-9,560.000002384E-3,,,,,267.60000083E-9,20.0000000,
,,,268.00000796E-9,119.9999973E-3,,,,,268.00000796E-9,799.999952316E-3,,,,,268.00000796E-9,20.0000000,
,,,268.40001510E-9,280.00000119E-3,,,,,268.40001510E-9,1.000000,,,,,268.40001510E-9,20.0000000,
,,,268.79999382E-9,359.99998450E-3,,,,,268.79999382E-9,1.1600000,,,,,268.79999382E-9,20.0000000,
,,,269.20000096E-9,439.999997616E-3,,,,,269.20000096E-9,1.3199999,,,,,269.20000096E-9,20.39999962,
,,,269.60000810E-9,479.999989271E-3,,,,,269.60000810E-9,1.4399999,,,,,269.60000810E-9,20.80000114,
,,,270.00001523E-9,519.999980927E-3,,,,,270.00001523E-9,1.4800000,,,,,270.00001523E-9,20.80000114,
,,,270.39999395E-9,519.999980927E-3,,,,,270.39999395E-9,1.5200000,,,,,270.39999395E-9,21.20000076,
,,,270.80000109E-9,479.999989271E-3,,,,,270.80000109E-9,1.4800000,,,,,270.80000109E-9,21.20000076,
,,,271.20000823E-9,439.999997616E-3,,,,,271.20000823E-9,1.3600000,,,,,271.20000823E-9,21.20000076,
,,,271.60001537E-9,399.99997616E-3,,,,,271.60001537E-9,1.1999999,,,,,271.60001537E-9,21.20000076,
,,,271.99999408E-9,319.99999285E-3,,,,,271.99999408E-9,1.000000,,,,,271.99999408E-9,21.20000076,
,,,272.40000122E-9,239.99999464E-3,,,,,272.40000122E-9,799.999952316E-3,,,,,272.40000122E-9,21.20000076,
,,,272.80000836E-9,119.9999973E-3,,,,,272.80000836E-9,560.000002384E-3,,,,,272.80000836E-9,21.20000076,
,,,273.20001550E-9,0.0,,,,,273.20001550E-9,319.99999285E-3,,,,,273.20001550E-9,21.20000076,
,,,273.59999422E-9,-119.9999973E-3,,,,,273.59999422E-9,119.9999973E-3,,,,,273.59999422E-9,21.20000076,
,,,274.00000135E-9,-199.99998808E-3,,,,,274.00000135E-9,-39.99999911E-3,,,,,274.00000135E-9,20.80000114,
,,,274.40000849E-9,-280.00000119E-3,,,,,274.40000849E-9,-199.99998808E-3,,,,,274.40000849E-9,20.80000114,
,,,274.80001563E-9,-359.99998450E-3,,,,,274.80001563E-9,-399.99997616E-3,,,,,274.80001563E-9,20.80000114,
,,,275.19999435E-9,-439.999997616E-3,,,,,275.19999435E-9,-519.999980927E-3,,,,,275.19999435E-9,20.80000114,
,,,275.60000149E-9,-479.999989271E-3,,,,,275.60000149E-9,-599.999964237E-3,,,,,275.60000149E-9,20.80000114,
,,,276.00000863E-9,-439.999997616E-3,,,,,276.00000863E-9,-680.000007153E-3,,,,,276.00000863E-9,21.20000076,
,,,276.40001576E-9,-399.99997616E-3,,,,,276.40001576E-9,-639.999985695E-3,,,,,276.40001576E-9,21.20000076,
,,,276.79999448E-9,-399.99997616E-3,,,,,276.79999448E-9,-599.999964237E-3,,,,,276.79999448E-9,21.60000038,
,,,277.20000162E-9,-319.99999285E-3,,,,,277.20000162E-9,-479.999989271E-3,,,,,277.20000162E-9,21.60000038,
,,,277.60000876E-9,-239.99999464E-3,,,,,277.60000876E-9,-359.99998450E-3,,,,,277.60000876E-9,21.60000038,
,,,278.00001590E-9,-159.99999642E-3,,,,,278.00001590E-9,-199.99998808E-3,,,,,278.00001590E-9,21.60000038,
,,,278.39999461E-9,-39.99999911E-3,,,,,278.39999461E-9,0.0,,,,,278.39999461E-9,21.60000038,
,,,278.80000175E-9,79.999998212E-3,,,,,278.80000175E-9,199.99998808E-3,,,,,278.80000175E-9,21.60000038,
,,,279.20000889E-9,239.99999464E-3,,,,,279.20000889E-9,359.99998450E-3,,,,,279.20000889E-9,21.60000038,
,,,279.60001603E-9,359.99998450E-3,,,,,279.60001603E-9,519.999980927E-3,,,,,279.60001603E-9,21.20000076,
,,,279.99999475E-9,479.999989271E-3,,,,,279.99999475E-9,680.000007153E-3,,,,,279.99999475E-9,20.80000114,
,,,280.40000188E-9,560.000002384E-3,,,,,280.40000188E-9,799.999952316E-3,,,,,280.40000188E-9,20.80000114,
,,,280.80000902E-9,639.999985695E-3,,,,,280.80000902E-9,919.999957085E-3,,,,,280.80000902E-9,20.39999962,
,,,281.20001616E-9,680.000007153E-3,,,,,281.20001616E-9,1.0400000,,,,,281.20001616E-9,20.80000114,
,,,281.59999488E-9,719.999969006E-3,,,,,281.59999488E-9,1.1200000,,,,,281.59999488E-9,20.80000114,
,,,282.00000202E-9,719.999969006E-3,,,,,282.00000202E-9,1.1600000,,,,,282.00000202E-9,21.20000076,
,,,282.40000916E-9,719.999969006E-3,,,,,282.40000916E-9,1.1600000,,,,,282.40000916E-9,21.20000076,
,,,282.80001629E-9,639.999985695E-3,,,,,282.80001629E-9,1.0400000,,,,,282.80001629E-9,21.20000076,
,,,283.19999501E-9,519.999980927E-3,,,,,283.19999501E-9,919.999957085E-3,,,,,283.19999501E-9,20.80000114,
,,,283.60000215E-9,399.99997616E-3,,,,,283.60000215E-9,759.999990463E-3,,,,,283.60000215E-9,20.80000114,
,,,284.00000929E-9,280.00000119E-3,,,,,284.00000929E-9,599.999964237E-3,,,,,284.00000929E-9,20.80000114,
,,,284.40001643E-9,199.99998808E-3,,,,,284.40001643E-9,439.999997616E-3,,,,,284.40001643E-9,20.80000114,
,,,284.79999514E-9,79.999998212E-3,,,,,284.79999514E-9,280.00000119E-3,,,,,284.79999514E-9,20.80000114,
,,,285.20000228E-9,-39.99999911E-3,,,,,285.20000228E-9,119.9999973E-3,,,,,285.20000228E-9,20.80000114,
,,,285.60000942E-9,-159.99999642E-3,,,,,285.60000942E-9,-79.999998212E-3,,,,,285.60000942E-9,20.80000114,
,,,286.00001656E-9,-280.00000119E-3,,,,,286.00001656E-9,-239.99999464E-3,,,,,286.00001656E-9,20.80000114,
,,,286.39999528E-9,-399.99997616E-3,,,,,286.39999528E-9,-359.99998450E-3,,,,,286.39999528E-9,20.39999962,
,,,286.80000241E-9,-519.999980927E-3,,,,,286.80000241E-9,-439.999997616E-3,,,,,286.80000241E-9,20.39999962,
,,,287.20000955E-9,-599.999964237E-3,,,,,287.20000955E-9,-479.999989271E-3,,,,,287.20000955E-9,20.39999962,
,,,287.60001669E-9,-639.999985695E-3,,,,,287.60001669E-9,-439.999997616E-3,,,,,287.60001669E-9,20.0000000,
,,,287.99999541E-9,-639.999985695E-3,,,,,287.99999541E-9,-359.99998450E-3,,,,,287.99999541E-9,20.0000000,
,,,288.40000255E-9,-599.999964237E-3,,,,,288.40000255E-9,-199.99998808E-3,,,,,288.40000255E-9,19.6000004,
,,,288.80000968E-9,-519.999980927E-3,,,,,288.80000968E-9,-39.99999911E-3,,,,,288.80000968E-9,19.6000004,
,,,289.20001682E-9,-399.99997616E-3,,,,,289.20001682E-9,199.99998808E-3,,,,,289.20001682E-9,19.6000004,
,,,289.59999554E-9,-280.00000119E-3,,,,,289.59999554E-9,399.99997616E-3,,,,,289.59999554E-9,19.6000004,
,,,290.00000268E-9,-159.99999642E-3,,,,,290.00000268E-9,639.999985695E-3,,,,,290.00000268E-9,20.0000000,
,,,290.40000982E-9,0.0,,,,,290.40000982E-9,879.999995232E-3,,,,,290.40000982E-9,20.39999962,
,,,290.80001696E-9,119.9999973E-3,,,,,290.80001696E-9,1.0400000,,,,,290.80001696E-9,20.39999962,
,,,291.19999567E-9,199.99998808E-3,,,,,291.19999567E-9,1.2400000,,,,,291.19999567E-9,20.39999962,
,,,291.60000281E-9,319.99999285E-3,,,,,291.60000281E-9,1.4000000,,,,,291.60000281E-9,20.39999962,
,,,292.00000995E-9,399.99997616E-3,,,,,292.00000995E-9,1.5200000,,,,,292.00000995E-9,20.39999962,
,,,292.40001709E-9,479.999989271E-3,,,,,292.40001709E-9,1.6400000,,,,,292.40001709E-9,20.39999962,
,,,292.79999580E-9,519.999980927E-3,,,,,292.79999580E-9,1.6400000,,,,,292.79999580E-9,20.80000114,
,,,293.20000294E-9,560.000002384E-3,,,,,293.20000294E-9,1.6400000,,,,,293.20000294E-9,20.80000114,
,,,293.60001008E-9,560.000002384E-3,,,,,293.60001008E-9,1.5599999,,,,,293.60001008E-9,21.20000076,
,,,294.00001722E-9,519.999980927E-3,,,,,294.00001722E-9,1.4399999,,,,,294.00001722E-9,21.60000038,
,,,294.39999594E-9,479.999989271E-3,,,,,294.39999594E-9,1.2800000,,,,,294.39999594E-9,21.60000038,
,,,294.80000308E-9,359.99998450E-3,,,,,294.80000308E-9,1.0799999,,,,,294.80000308E-9,21.60000038,
,,,295.20001021E-9,239.99999464E-3,,,,,295.20001021E-9,879.999995232E-3,,,,,295.20001021E-9,22.00000000,
,,,295.60001735E-9,119.9999973E-3,,,,,295.60001735E-9,639.999985695E-3,,,,,295.60001735E-9,21.60000038,
,,,295.99999607E-9,0.0,,,,,295.99999607E-9,399.99997616E-3,,,,,295.99999607E-9,22.00000000,
,,,296.40000321E-9,-119.9999973E-3,,,,,296.40000321E-9,159.99999642E-3,,,,,296.40000321E-9,22.00000000,
,,,296.80001035E-9,-239.99999464E-3,,,,,296.80001035E-9,-79.999998212E-3,,,,,296.80001035E-9,22.00000000,
,,,297.20001749E-9,-280.00000119E-3,,,,,297.20001749E-9,-239.99999464E-3,,,,,297.20001749E-9,22.39999962,
,,,297.59999620E-9,-399.99997616E-3,,,,,297.59999620E-9,-399.99997616E-3,,,,,297.59999620E-9,22.39999962,
,,,298.00000334E-9,-479.999989271E-3,,,,,298.00000334E-9,-560.000002384E-3,,,,,298.00000334E-9,22.39999962,
,,,298.40001048E-9,-519.999980927E-3,,,,,298.40001048E-9,-680.000007153E-3,,,,,298.40001048E-9,21.60000038,
,,,298.80001762E-9,-560.000002384E-3,,,,,298.80001762E-9,-799.999952316E-3,,,,,298.80001762E-9,21.20000076,
,,,299.19999633E-9,-599.999964237E-3,,,,,299.19999633E-9,-879.999995232E-3,,,,,299.19999633E-9,21.20000076,
,,,299.60000347E-9,-560.000002384E-3,,,,,299.60000347E-9,-919.999957085E-3,,,,,299.60000347E-9,21.20000076,
,,,300.00001061E-9,-479.999989271E-3,,,,,300.00001061E-9,-839.999973774E-3,,,,,300.00001061E-9,21.60000038,
,,,300.40001775E-9,-359.99998450E-3,,,,,300.40001775E-9,-719.999969006E-3,,,,,300.40001775E-9,22.00000000,
,,,300.79999647E-9,-280.00000119E-3,,,,,300.79999647E-9,-519.999980927E-3,,,,,300.79999647E-9,22.00000000,
,,,301.20000361E-9,-159.99999642E-3,,,,,301.20000361E-9,-239.99999464E-3,,,,,301.20000361E-9,21.60000038,
,,,301.60001074E-9,0.0,,,,,301.60001074E-9,39.99999911E-3,,,,,301.60001074E-9,21.60000038,
,,,302.00001788E-9,159.99999642E-3,,,,,302.00001788E-9,280.00000119E-3,,,,,302.00001788E-9,21.20000076,
,,,302.39999660E-9,319.99999285E-3,,,,,302.39999660E-9,560.000002384E-3,,,,,302.39999660E-9,20.80000114,
,,,302.80000374E-9,439.999997616E-3,,,,,302.80000374E-9,759.999990463E-3,,,,,302.80000374E-9,20.80000114,
,,,303.20001088E-9,560.000002384E-3,,,,,303.20001088E-9,959.999978542E-3,,,,,303.20001088E-9,20.80000114,
,,,303.60001801E-9,680.000007153E-3,,,,,303.60001801E-9,1.1600000,,,,,303.60001801E-9,20.80000114,
,,,303.99999673E-9,719.999969006E-3,,,,,303.99999673E-9,1.2800000,,,,,303.99999673E-9,20.39999962,
,,,304.40000387E-9,799.999952316E-3,,,,,304.40000387E-9,1.4000000,,,,,304.40000387E-9,20.39999962,
,,,304.80001101E-9,799.999952316E-3,,,,,304.80001101E-9,1.4399999,,,,,304.80001101E-9,20.39999962,
,,,305.19998973E-9,839.999973774E-3,,,,,305.19998973E-9,1.4000000,,,,,305.19998973E-9,20.39999962,
,,,305.59999686E-9,799.999952316E-3,,,,,305.59999686E-9,1.3600000,,,,,305.59999686E-9,20.39999962,
,,,306.00000400E-9,799.999952316E-3,,,,,306.00000400E-9,1.2400000,,,,,306.00000400E-9,20.39999962,
,,,306.40001114E-9,719.999969006E-3,,,,,306.40001114E-9,1.0799999,,,,,306.40001114E-9,20.0000000,
,,,306.79998986E-9,599.999964237E-3,,,,,306.79998986E-9,919.999957085E-3,,,,,306.79998986E-9,20.0000000,
,,,307.19999700E-9,439.999997616E-3,,,,,307.19999700E-9,719.999969006E-3,,,,,307.19999700E-9,20.0000000,
,,,307.60000413E-9,280.00000119E-3,,,,,307.60000413E-9,519.999980927E-3,,,,,307.60000413E-9,20.0000000,
,,,308.00001127E-9,119.9999973E-3,,,,,308.00001127E-9,319.99999285E-3,,,,,308.00001127E-9,20.39999962,
,,,308.39998999E-9,-39.99999911E-3,,,,,308.39998999E-9,159.99999642E-3,,,,,308.39998999E-9,20.39999962,
,,,308.79999713E-9,-199.99998808E-3,,,,,308.79999713E-9,-39.99999911E-3,,,,,308.79999713E-9,20.39999962,
,,,309.20000427E-9,-359.99998450E-3,,,,,309.20000427E-9,-239.99999464E-3,,,,,309.20000427E-9,20.39999962,
,,,309.60001141E-9,-479.999989271E-3,,,,,309.60001141E-9,-359.99998450E-3,,,,,309.60001141E-9,20.39999962,
,,,309.99999012E-9,-560.000002384E-3,,,,,309.99999012E-9,-439.999997616E-3,,,,,309.99999012E-9,20.39999962,
,,,310.39999726E-9,-639.999985695E-3,,,,,310.39999726E-9,-439.999997616E-3,,,,,310.39999726E-9,20.39999962,
,,,310.80000440E-9,-719.999969006E-3,,,,,310.80000440E-9,-479.999989271E-3,,,,,310.80000440E-9,20.80000114,
,,,311.20001154E-9,-719.999969006E-3,,,,,311.20001154E-9,-439.999997616E-3,,,,,311.20001154E-9,20.80000114,
,,,311.59999025E-9,-719.999969006E-3,,,,,311.59999025E-9,-399.99997616E-3,,,,,311.59999025E-9,20.80000114,
,,,311.99999739E-9,-639.999985695E-3,,,,,311.99999739E-9,-319.99999285E-3,,,,,311.99999739E-9,21.20000076,
,,,312.40000453E-9,-560.000002384E-3,,,,,312.40000453E-9,-199.99998808E-3,,,,,312.40000453E-9,21.20000076,
,,,312.80001167E-9,-479.999989271E-3,,,,,312.80001167E-9,-39.99999911E-3,,,,,312.80001167E-9,21.20000076,
,,,313.19999039E-9,-399.99997616E-3,,,,,313.19999039E-9,159.99999642E-3,,,,,313.19999039E-9,21.20000076,
,,,313.59999753E-9,-280.00000119E-3,,,,,313.59999753E-9,439.999997616E-3,,,,,313.59999753E-9,21.20000076,
,,,314.00000466E-9,-119.9999973E-3,,,,,314.00000466E-9,759.999990463E-3,,,,,314.00000466E-9,21.60000038,
,,,314.40001180E-9,39.99999911E-3,,,,,314.40001180E-9,1.0799999,,,,,314.40001180E-9,21.60000038,
,,,314.79999052E-9,159.99999642E-3,,,,,314.79999052E-9,1.2800000,,,,,314.79999052E-9,22.00000000,
,,,315.19999766E-9,239.99999464E-3,,,,,315.19999766E-9,1.4000000,,,,,315.19999766E-9,22.39999962,
,,,315.60000480E-9,359.99998450E-3,,,,,315.60000480E-9,1.5200000,,,,,315.60000480E-9,22.39999962,
,,,316.00001194E-9,399.99997616E-3,,,,,316.00001194E-9,1.5599999,,,,,316.00001194E-9,22.80000114,
,,,316.39999065E-9,479.999989271E-3,,,,,316.39999065E-9,1.5599999,,,,,316.39999065E-9,22.80000114,
,,,316.79999779E-9,479.999989271E-3,,,,,316.79999779E-9,1.5200000,,,,,316.79999779E-9,22.80000114,
,,,317.20000493E-9,519.999980927E-3,,,,,317.20000493E-9,1.4800000,,,,,317.20000493E-9,22.80000114,
,,,317.60001207E-9,519.999980927E-3,,,,,317.60001207E-9,1.4399999,,,,,317.60001207E-9,22.80000114,
,,,317.99999078E-9,479.999989271E-3,,,,,317.99999078E-9,1.3199999,,,,,317.99999078E-9,22.80000114,
,,,318.39999792E-9,479.999989271E-3,,,,,318.39999792E-9,1.1600000,,,,,318.39999792E-9,22.80000114,
,,,318.80000506E-9,399.99997616E-3,,,,,318.80000506E-9,959.999978542E-3,,,,,318.80000506E-9,22.80000114,
,,,319.20001220E-9,319.99999285E-3,,,,,319.20001220E-9,719.999969006E-3,,,,,319.20001220E-9,22.80000114,
,,,319.59999092E-9,199.99998808E-3,,,,,319.59999092E-9,439.999997616E-3,,,,,319.59999092E-9,22.39999962,
,,,319.99999806E-9,79.999998212E-3,,,,,319.99999806E-9,199.99998808E-3,,,,,319.99999806E-9,22.39999962,
,,,320.40000519E-9,-39.99999911E-3,,,,,320.40000519E-9,0.0,,,,,320.40000519E-9,22.00000000,
,,,320.80001233E-9,-199.99998808E-3,,,,,320.80001233E-9,-159.99999642E-3,,,,,320.80001233E-9,22.00000000,
,,,321.19999105E-9,-319.99999285E-3,,,,,321.19999105E-9,-280.00000119E-3,,,,,321.19999105E-9,21.60000038,
,,,321.59999819E-9,-399.99997616E-3,,,,,321.59999819E-9,-359.99998450E-3,,,,,321.59999819E-9,21.60000038,
,,,322.00000533E-9,-439.999997616E-3,,,,,322.00000533E-9,-439.999997616E-3,,,,,322.00000533E-9,21.60000038,
,,,322.40001246E-9,-439.999997616E-3,,,,,322.40001246E-9,-439.999997616E-3,,,,,322.40001246E-9,21.60000038,
,,,322.79999118E-9,-439.999997616E-3,,,,,322.79999118E-9,-479.999989271E-3,,,,,322.79999118E-9,21.20000076,
,,,323.19999832E-9,-399.99997616E-3,,,,,323.19999832E-9,-439.999997616E-3,,,,,323.19999832E-9,21.20000076,
,,,323.60000546E-9,-359.99998450E-3,,,,,323.60000546E-9,-399.99997616E-3,,,,,323.60000546E-9,20.80000114,
,,,324.00001260E-9,-359.99998450E-3,,,,,324.00001260E-9,-280.00000119E-3,,,,,324.00001260E-9,20.80000114,
,,,324.39999131E-9,-280.00000119E-3,,,,,324.39999131E-9,-159.99999642E-3,,,,,324.39999131E-9,20.39999962,
,,,324.79999845E-9,-199.99998808E-3,,,,,324.79999845E-9,-39.99999911E-3,,,,,324.79999845E-9,20.80000114,
,,,325.20000559E-9,-79.999998212E-3,,,,,325.20000559E-9,119.9999973E-3,,,,,325.20000559E-9,20.80000114,
,,,325.60001273E-9,79.999998212E-3,,,,,325.60001273E-9,319.99999285E-3,,,,,325.60001273E-9,20.80000114,
,,,325.99999145E-9,199.99998808E-3,,,,,325.99999145E-9,519.999980927E-3,,,,,325.99999145E-9,20.80000114,
,,,326.39999858E-9,359.99998450E-3,,,,,326.39999858E-9,680.000007153E-3,,,,,326.39999858E-9,21.20000076,
,,,326.80000572E-9,399.99997616E-3,,,,,326.80000572E-9,759.999990463E-3,,,,,326.80000572E-9,21.20000076,
,,,327.20001286E-9,439.999997616E-3,,,,,327.20001286E-9,839.999973774E-3,,,,,327.20001286E-9,21.20000076,
,,,327.59999158E-9,479.999989271E-3,,,,,327.59999158E-9,879.999995232E-3,,,,,327.59999158E-9,21.20000076,
,,,327.99999872E-9,479.999989271E-3,,,,,327.99999872E-9,839.999973774E-3,,,,,327.99999872E-9,21.20000076,
,,,328.40000586E-9,519.999980927E-3,,,,,328.40000586E-9,799.999952316E-3,,,,,328.40000586E-9,21.20000076,
,,,328.80001299E-9,519.999980927E-3,,,,,328.80001299E-9,759.999990463E-3,,,,,328.80001299E-9,21.60000038,
,,,329.19999171E-9,519.999980927E-3,,,,,329.19999171E-9,759.999990463E-3,,,,,329.19999171E-9,21.60000038,
,,,329.59999885E-9,479.999989271E-3,,,,,329.59999885E-9,719.999969006E-3,,,,,329.59999885E-9,21.20000076,
,,,330.00000599E-9,439.999997616E-3,,,,,330.00000599E-9,680.000007153E-3,,,,,330.00000599E-9,21.20000076,
,,,330.40001313E-9,359.99998450E-3,,,,,330.40001313E-9,599.999964237E-3,,,,,330.40001313E-9,21.20000076,
,,,330.79999184E-9,239.99999464E-3,,,,,330.79999184E-9,479.999989271E-3,,,,,330.79999184E-9,21.20000076,
,,,331.19999898E-9,119.9999973E-3,,,,,331.19999898E-9,399.99997616E-3,,,,,331.19999898E-9,21.20000076,
,,,331.60000612E-9,0.0,,,,,331.60000612E-9,319.99999285E-3,,,,,331.60000612E-9,21.20000076,
,,,332.00001326E-9,-79.999998212E-3,,,,,332.00001326E-9,199.99998808E-3,,,,,332.00001326E-9,21.20000076,
,,,332.39999198E-9,-159.99999642E-3,,,,,332.39999198E-9,159.99999642E-3,,,,,332.39999198E-9,21.20000076,
,,,332.79999911E-9,-239.99999464E-3,,,,,332.79999911E-9,79.999998212E-3,,,,,332.79999911E-9,21.20000076,
,,,333.20000625E-9,-280.00000119E-3,,,,,333.20000625E-9,39.99999911E-3,,,,,333.20000625E-9,21.20000076,
,,,333.60001339E-9,-280.00000119E-3,,,,,333.60001339E-9,0.0,,,,,333.60001339E-9,21.20000076,
,,,333.99999211E-9,-280.00000119E-3,,,,,333.99999211E-9,39.99999911E-3,,,,,333.99999211E-9,21.60000038,
,,,334.39999925E-9,-239.99999464E-3,,,,,334.39999925E-9,79.999998212E-3,,,,,334.39999925E-9,21.20000076,
,,,334.80000639E-9,-239.99999464E-3,,,,,334.80000639E-9,159.99999642E-3,,,,,334.80000639E-9,21.60000038,
,,,335.20001352E-9,-199.99998808E-3,,,,,335.20001352E-9,239.99999464E-3,,,,,335.20001352E-9,21.60000038,
,,,335.59999224E-9,-239.99999464E-3,,,,,335.59999224E-9,359.99998450E-3,,,,,335.59999224E-9,21.60000038,
,,,335.99999938E-9,-239.99999464E-3,,,,,335.99999938E-9,439.999997616E-3,,,,,335.99999938E-9,21.60000038,
,,,336.40000652E-9,-239.99999464E-3,,,,,336.40000652E-9,519.999980927E-3,,,,,336.40000652E-9,21.60000038,
,,,336.80001366E-9,-239.99999464E-3,,,,,336.80001366E-9,519.999980927E-3,,,,,336.80001366E-9,22.00000000,
,,,337.19999237E-9,-199.99998808E-3,,,,,337.19999237E-9,519.999980927E-3,,,,,337.19999237E-9,22.00000000,
,,,337.59999951E-9,-159.99999642E-3,,,,,337.59999951E-9,560.000002384E-3,,,,,337.59999951E-9,22.00000000,
,,,338.00000665E-9,-79.999998212E-3,,,,,338.00000665E-9,639.999985695E-3,,,,,338.00000665E-9,22.39999962,
,,,338.40001379E-9,0.0,,,,,338.40001379E-9,719.999969006E-3,,,,,338.40001379E-9,22.39999962,
,,,338.79999251E-9,39.99999911E-3,,,,,338.79999251E-9,759.999990463E-3,,,,,338.79999251E-9,22.80000114,
,,,339.19999964E-9,119.9999973E-3,,,,,339.19999964E-9,799.999952316E-3,,,,,339.19999964E-9,23.20000076,
,,,339.60000678E-9,199.99998808E-3,,,,,339.60000678E-9,799.999952316E-3,,,,,339.60000678E-9,23.20000076,
,,,340.00001392E-9,280.00000119E-3,,,,,340.00001392E-9,759.999990463E-3,,,,,340.00001392E-9,23.20000076,
,,,340.39999264E-9,359.99998450E-3,,,,,340.39999264E-9,680.000007153E-3,,,,,340.39999264E-9,23.20000076,
,,,340.79999978E-9,359.99998450E-3,,,,,340.79999978E-9,599.999964237E-3,,,,,340.79999978E-9,23.20000076,
,,,341.20000691E-9,359.99998450E-3,,,,,341.20000691E-9,519.999980927E-3,,,,,341.20000691E-9,23.20000076,
,,,341.60001405E-9,319.99999285E-3,,,,,341.60001405E-9,479.999989271E-3,,,,,341.60001405E-9,22.80000114,
,,,341.99999277E-9,280.00000119E-3,,,,,341.99999277E-9,399.99997616E-3,,,,,341.99999277E-9,22.39999962,
,,,342.39999991E-9,239.99999464E-3,,,,,342.39999991E-9,319.99999285E-3,,,,,342.39999991E-9,22.39999962,
,,,342.80000705E-9,199.99998808E-3,,,,,342.80000705E-9,199.99998808E-3,,,,,342.80000705E-9,22.39999962,
,,,343.20001419E-9,199.99998808E-3,,,,,343.20001419E-9,79.999998212E-3,,,,,343.20001419E-9,22.39999962,
,,,343.59999290E-9,199.99998808E-3,,,,,343.59999290E-9,0.0,,,,,343.59999290E-9,22.00000000,
,,,344.00000004E-9,199.99998808E-3,,,,,344.00000004E-9,-39.99999911E-3,,,,,344.00000004E-9,22.00000000,
,,,344.40000718E-9,199.99998808E-3,,,,,344.40000718E-9,-39.99999911E-3,,,,,344.40000718E-9,22.00000000,
,,,344.80001432E-9,159.99999642E-3,,,,,344.80001432E-9,0.0,,,,,344.80001432E-9,22.00000000,
,,,345.19999303E-9,119.9999973E-3,,,,,345.19999303E-9,79.999998212E-3,,,,,345.19999303E-9,22.00000000,
,,,345.60000017E-9,79.999998212E-3,,,,,345.60000017E-9,159.99999642E-3,,,,,345.60000017E-9,22.00000000,
,,,346.00000731E-9,39.99999911E-3,,,,,346.00000731E-9,239.99999464E-3,,,,,346.00000731E-9,22.00000000,
,,,346.40001445E-9,0.0,,,,,346.40001445E-9,280.00000119E-3,,,,,346.40001445E-9,22.00000000,
,,,346.79999317E-9,-39.99999911E-3,,,,,346.79999317E-9,319.99999285E-3,,,,,346.79999317E-9,22.39999962,
,,,347.20000031E-9,-39.99999911E-3,,,,,347.20000031E-9,359.99998450E-3,,,,,347.20000031E-9,22.39999962,
,,,347.60000744E-9,-39.99999911E-3,,,,,347.60000744E-9,399.99997616E-3,,,,,347.60000744E-9,22.39999962,
,,,348.00001458E-9,0.0,,,,,348.00001458E-9,479.999989271E-3,,,,,348.00001458E-9,22.00000000,
,,,348.39999330E-9,39.99999911E-3,,,,,348.39999330E-9,560.000002384E-3,,,,,348.39999330E-9,22.00000000,
,,,348.80000044E-9,39.99999911E-3,,,,,348.80000044E-9,599.999964237E-3,,,,,348.80000044E-9,21.60000038,
,,,349.20000758E-9,79.999998212E-3,,,,,349.20000758E-9,639.999985695E-3,,,,,349.20000758E-9,21.20000076,
,,,349.60001472E-9,119.9999973E-3,,,,,349.60001472E-9,680.000007153E-3,,,,,349.60001472E-9,20.80000114,
,,,349.99999343E-9,159.99999642E-3,,,,,349.99999343E-9,680.000007153E-3,,,,,349.99999343E-9,20.80000114,
,,,350.40000057E-9,239.99999464E-3,,,,,350.40000057E-9,719.999969006E-3,,,,,350.40000057E-9,20.80000114,
,,,350.80000771E-9,280.00000119E-3,,,,,350.80000771E-9,719.999969006E-3,,,,,350.80000771E-9,20.80000114,
,,,351.20001485E-9,280.00000119E-3,,,,,351.20001485E-9,680.000007153E-3,,,,,351.20001485E-9,20.80000114,
,,,351.59999356E-9,319.99999285E-3,,,,,351.59999356E-9,639.999985695E-3,,,,,351.59999356E-9,20.80000114,
,,,352.00000070E-9,280.00000119E-3,,,,,352.00000070E-9,599.999964237E-3,,,,,352.00000070E-9,20.39999962,
,,,352.40000784E-9,280.00000119E-3,,,,,352.40000784E-9,519.999980927E-3,,,,,352.40000784E-9,20.39999962,
,,,352.80001498E-9,199.99998808E-3,,,,,352.80001498E-9,399.99997616E-3,,,,,352.80001498E-9,20.39999962,
,,,353.19999370E-9,119.9999973E-3,,,,,353.19999370E-9,319.99999285E-3,,,,,353.19999370E-9,20.80000114,
,,,353.60000084E-9,79.999998212E-3,,,,,353.60000084E-9,239.99999464E-3,,,,,353.60000084E-9,20.80000114,
,,,354.00000797E-9,39.99999911E-3,,,,,354.00000797E-9,199.99998808E-3,,,,,354.00000797E-9,20.80000114,
,,,354.40001511E-9,0.0,,,,,354.40001511E-9,159.99999642E-3,,,,,354.40001511E-9,20.80000114,
,,,354.79999383E-9,-39.99999911E-3,,,,,354.79999383E-9,79.999998212E-3,,,,,354.79999383E-9,21.20000076,
,,,355.20000097E-9,0.0,,,,,355.20000097E-9,0.0,,,,,355.20000097E-9,21.20000076,
,,,355.60000811E-9,0.0,,,,,355.60000811E-9,-39.99999911E-3,,,,,355.60000811E-9,21.60000038,
,,,356.00001524E-9,-39.99999911E-3,,,,,356.00001524E-9,-39.99999911E-3,,,,,356.00001524E-9,22.00000000,
,,,356.39999396E-9,-39.99999911E-3,,,,,356.39999396E-9,39.99999911E-3,,,,,356.39999396E-9,22.39999962,
,,,356.80000110E-9,-159.99999642E-3,,,,,356.80000110E-9,119.9999973E-3,,,,,356.80000110E-9,22.80000114,
,,,357.20000824E-9,-239.99999464E-3,,,,,357.20000824E-9,239.99999464E-3,,,,,357.20000824E-9,23.20000076,
,,,357.60001538E-9,-359.99998450E-3,,,,,357.60001538E-9,359.99998450E-3,,,,,357.60001538E-9,23.20000076,
,,,357.99999409E-9,-399.99997616E-3,,,,,357.99999409E-9,399.99997616E-3,,,,,357.99999409E-9,23.20000076,
,,,358.40000123E-9,-439.999997616E-3,,,,,358.40000123E-9,479.999989271E-3,,,,,358.40000123E-9,23.20000076,
,,,358.80000837E-9,-399.99997616E-3,,,,,358.80000837E-9,479.999989271E-3,,,,,358.80000837E-9,23.60000038,
,,,359.20001551E-9,-319.99999285E-3,,,,,359.20001551E-9,519.999980927E-3,,,,,359.20001551E-9,24.00000000,
,,,359.59999423E-9,-280.00000119E-3,,,,,359.59999423E-9,599.999964237E-3,,,,,359.59999423E-9,24.39999962,
,,,360.00000136E-9,-199.99998808E-3,,,,,360.00000136E-9,680.000007153E-3,,,,,360.00000136E-9,24.39999962,
,,,360.40000850E-9,-119.9999973E-3,,,,,360.40000850E-9,759.999990463E-3,,,,,360.40000850E-9,24.39999962,
,,,360.80001564E-9,-39.99999911E-3,,,,,360.80001564E-9,839.999973774E-3,,,,,360.80001564E-9,24.00000000,
,,,361.19999436E-9,39.99999911E-3,,,,,361.19999436E-9,879.999995232E-3,,,,,361.19999436E-9,24.00000000,
,,,361.60000150E-9,119.9999973E-3,,,,,361.60000150E-9,919.999957085E-3,,,,,361.60000150E-9,24.00000000,
,,,362.00000864E-9,159.99999642E-3,,,,,362.00000864E-9,839.999973774E-3,,,,,362.00000864E-9,24.00000000,
,,,362.40001577E-9,239.99999464E-3,,,,,362.40001577E-9,799.999952316E-3,,,,,362.40001577E-9,24.00000000,
,,,362.79999449E-9,239.99999464E-3,,,,,362.79999449E-9,680.000007153E-3,,,,,362.79999449E-9,23.60000038,
,,,363.20000163E-9,239.99999464E-3,,,,,363.20000163E-9,599.999964237E-3,,,,,363.20000163E-9,23.20000076,
,,,363.60000877E-9,280.00000119E-3,,,,,363.60000877E-9,479.999989271E-3,,,,,363.60000877E-9,22.80000114,
,,,364.00001591E-9,319.99999285E-3,,,,,364.00001591E-9,399.99997616E-3,,,,,364.00001591E-9,22.39999962,
,,,364.39999462E-9,359.99998450E-3,,,,,364.39999462E-9,319.99999285E-3,,,,,364.39999462E-9,22.39999962,
,,,364.80000176E-9,359.99998450E-3,,,,,364.80000176E-9,199.99998808E-3,,,,,364.80000176E-9,22.39999962,
,,,365.20000890E-9,399.99997616E-3,,,,,365.20000890E-9,79.999998212E-3,,,,,365.20000890E-9,22.39999962,
,,,365.60001604E-9,399.99997616E-3,,,,,365.60001604E-9,0.0,,,,,365.60001604E-9,22.39999962,
,,,365.99999476E-9,359.99998450E-3,,,,,365.99999476E-9,0.0,,,,,365.99999476E-9,22.39999962,
,,,366.40000189E-9,319.99999285E-3,,,,,366.40000189E-9,0.0,,,,,366.40000189E-9,22.39999962,
,,,366.80000903E-9,239.99999464E-3,,,,,366.80000903E-9,0.0,,,,,366.80000903E-9,22.00000000,
,,,367.20001617E-9,119.9999973E-3,,,,,367.20001617E-9,0.0,,,,,367.20001617E-9,22.00000000,
,,,367.59999489E-9,0.0,,,,,367.59999489E-9,-39.99999911E-3,,,,,367.59999489E-9,21.60000038,
,,,368.00000203E-9,-79.999998212E-3,,,,,368.00000203E-9,-39.99999911E-3,,,,,368.00000203E-9,21.60000038,
,,,368.40000917E-9,-159.99999642E-3,,,,,368.40000917E-9,-39.99999911E-3,,,,,368.40000917E-9,21.60000038,
,,,368.80001630E-9,-239.99999464E-3,,,,,368.80001630E-9,-39.99999911E-3,,,,,368.80001630E-9,21.60000038,
,,,369.19999502E-9,-239.99999464E-3,,,,,369.19999502E-9,39.99999911E-3,,,,,369.19999502E-9,22.00000000,
,,,369.60000216E-9,-239.99999464E-3,,,,,369.60000216E-9,119.9999973E-3,,,,,369.60000216E-9,22.00000000,
,,,370.00000930E-9,-239.99999464E-3,,,,,370.00000930E-9,199.99998808E-3,,,,,370.00000930E-9,22.00000000,
,,,370.40001644E-9,-159.99999642E-3,,,,,370.40001644E-9,319.99999285E-3,,,,,370.40001644E-9,21.60000038,
,,,370.79999515E-9,-119.9999973E-3,,,,,370.79999515E-9,359.99998450E-3,,,,,370.79999515E-9,21.60000038,
,,,371.20000229E-9,-39.99999911E-3,,,,,371.20000229E-9,439.999997616E-3,,,,,371.20000229E-9,21.60000038,
,,,371.60000943E-9,79.999998212E-3,,,,,371.60000943E-9,519.999980927E-3,,,,,371.60000943E-9,21.60000038,
,,,372.00001657E-9,199.99998808E-3,,,,,372.00001657E-9,599.999964237E-3,,,,,372.00001657E-9,21.20000076,
,,,372.39999529E-9,319.99999285E-3,,,,,372.39999529E-9,719.999969006E-3,,,,,372.39999529E-9,21.20000076,
,,,372.80000242E-9,399.99997616E-3,,,,,372.80000242E-9,839.999973774E-3,,,,,372.80000242E-9,21.20000076,
,,,373.20000956E-9,439.999997616E-3,,,,,373.20000956E-9,959.999978542E-3,,,,,373.20000956E-9,21.20000076,
,,,373.60001670E-9,479.999989271E-3,,,,,373.60001670E-9,1.000000,,,,,373.60001670E-9,21.20000076,
,,,373.99999542E-9,439.999997616E-3,,,,,373.99999542E-9,959.999978542E-3,,,,,373.99999542E-9,21.20000076,
,,,374.40000256E-9,439.999997616E-3,,,,,374.40000256E-9,919.999957085E-3,,,,,374.40000256E-9,21.20000076,
,,,374.80000969E-9,439.999997616E-3,,,,,374.80000969E-9,879.999995232E-3,,,,,374.80000969E-9,21.20000076,
,,,375.20001683E-9,439.999997616E-3,,,,,375.20001683E-9,839.999973774E-3,,,,,375.20001683E-9,21.60000038,
,,,375.59999555E-9,479.999989271E-3,,,,,375.59999555E-9,799.999952316E-3,,,,,375.59999555E-9,21.60000038,
,,,376.00000269E-9,479.999989271E-3,,,,,376.00000269E-9,759.999990463E-3,,,,,376.00000269E-9,22.00000000,
,,,376.40000983E-9,479.999989271E-3,,,,,376.40000983E-9,719.999969006E-3,,,,,376.40000983E-9,22.00000000,
,,,376.80001697E-9,399.99997616E-3,,,,,376.80001697E-9,560.000002384E-3,,,,,376.80001697E-9,22.00000000,
,,,377.19999568E-9,319.99999285E-3,,,,,377.19999568E-9,399.99997616E-3,,,,,377.19999568E-9,22.39999962,
,,,377.60000282E-9,199.99998808E-3,,,,,377.60000282E-9,280.00000119E-3,,,,,377.60000282E-9,22.39999962,
,,,378.00000996E-9,79.999998212E-3,,,,,378.00000996E-9,239.99999464E-3,,,,,378.00000996E-9,22.80000114,
,,,378.40001710E-9,-39.99999911E-3,,,,,378.40001710E-9,199.99998808E-3,,,,,378.40001710E-9,22.80000114,
,,,378.79999581E-9,-199.99998808E-3,,,,,378.79999581E-9,199.99998808E-3,,,,,378.79999581E-9,23.20000076,
,,,379.20000295E-9,-319.99999285E-3,,,,,379.20000295E-9,199.99998808E-3,,,,,379.20000295E-9,23.60000038,
,,,379.60001009E-9,-399.99997616E-3,,,,,379.60001009E-9,159.99999642E-3,,,,,379.60001009E-9,23.60000038,
,,,380.00001723E-9,-479.999989271E-3,,,,,380.00001723E-9,79.999998212E-3,,,,,380.00001723E-9,23.60000038,
,,,380.39999595E-9,-479.999989271E-3,,,,,380.39999595E-9,39.99999911E-3,,,,,380.39999595E-9,24.00000000,
,,,380.80000309E-9,-519.999980927E-3,,,,,380.80000309E-9,0.0,,,,,380.80000309E-9,24.00000000,
,,,381.20001022E-9,-519.999980927E-3,,,,,381.20001022E-9,0.0,,,,,381.20001022E-9,24.00000000,
,,,381.60001736E-9,-479.999989271E-3,,,,,381.60001736E-9,79.999998212E-3,,,,,381.60001736E-9,24.00000000,
,,,381.99999608E-9,-439.999997616E-3,,,,,381.99999608E-9,199.99998808E-3,,,,,381.99999608E-9,24.00000000,
,,,382.40000322E-9,-359.99998450E-3,,,,,382.40000322E-9,319.99999285E-3,,,,,382.40000322E-9,24.00000000,
,,,382.80001036E-9,-319.99999285E-3,,,,,382.80001036E-9,359.99998450E-3,,,,,382.80001036E-9,24.39999962,
,,,383.20001750E-9,-239.99999464E-3,,,,,383.20001750E-9,399.99997616E-3,,,,,383.20001750E-9,24.39999962,
,,,383.59999621E-9,-159.99999642E-3,,,,,383.59999621E-9,439.999997616E-3,,,,,383.59999621E-9,24.39999962,
,,,384.00000335E-9,-79.999998212E-3,,,,,384.00000335E-9,439.999997616E-3,,,,,384.00000335E-9,24.39999962,
,,,384.40001049E-9,39.99999911E-3,,,,,384.40001049E-9,479.999989271E-3,,,,,384.40001049E-9,24.00000000,
,,,384.80001763E-9,119.9999973E-3,,,,,384.80001763E-9,479.999989271E-3,,,,,384.80001763E-9,23.60000038,
,,,385.19999634E-9,199.99998808E-3,,,,,385.19999634E-9,519.999980927E-3,,,,,385.19999634E-9,23.60000038,
,,,385.60000348E-9,280.00000119E-3,,,,,385.60000348E-9,479.999989271E-3,,,,,385.60000348E-9,23.20000076,
,,,386.00001062E-9,359.99998450E-3,,,,,386.00001062E-9,439.999997616E-3,,,,,386.00001062E-9,22.80000114,
,,,386.40001776E-9,439.999997616E-3,,,,,386.40001776E-9,439.999997616E-3,,,,,386.40001776E-9,22.80000114,
,,,386.79999648E-9,479.999989271E-3,,,,,386.79999648E-9,399.99997616E-3,,,,,386.79999648E-9,23.20000076,
,,,387.20000362E-9,479.999989271E-3,,,,,387.20000362E-9,399.99997616E-3,,,,,387.20000362E-9,23.20000076,
,,,387.60001075E-9,439.999997616E-3,,,,,387.60001075E-9,439.999997616E-3,,,,,387.60001075E-9,23.60000038,
,,,388.00001789E-9,399.99997616E-3,,,,,388.00001789E-9,439.999997616E-3,,,,,388.00001789E-9,23.60000038,
,,,388.39999661E-9,359.99998450E-3,,,,,388.39999661E-9,479.999989271E-3,,,,,388.39999661E-9,23.20000076,
,,,388.80000375E-9,280.00000119E-3,,,,,388.80000375E-9,439.999997616E-3,,,,,388.80000375E-9,23.20000076,
,,,389.20001089E-9,239.99999464E-3,,,,,389.20001089E-9,359.99998450E-3,,,,,389.20001089E-9,23.20000076,
,,,389.60001802E-9,199.99998808E-3,,,,,389.60001802E-9,319.99999285E-3,,,,,389.60001802E-9,22.80000114,
,,,389.99999674E-9,159.99999642E-3,,,,,389.99999674E-9,239.99999464E-3,,,,,389.99999674E-9,22.39999962,
,,,390.40000388E-9,119.9999973E-3,,,,,390.40000388E-9,199.99998808E-3,,,,,390.40000388E-9,22.39999962,
,,,390.80001102E-9,0.0,,,,,390.80001102E-9,199.99998808E-3,,,,,390.80001102E-9,22.39999962,
,,,391.20001816E-9,-79.999998212E-3,,,,,391.20001816E-9,199.99998808E-3,,,,,391.20001816E-9,22.00000000,
,,,391.59999687E-9,-159.99999642E-3,,,,,391.59999687E-9,239.99999464E-3,,,,,391.59999687E-9,22.00000000,
,,,392.00000401E-9,-239.99999464E-3,,,,,392.00000401E-9,239.99999464E-3,,,,,392.00000401E-9,21.60000038,
,,,392.40001115E-9,-280.00000119E-3,,,,,392.40001115E-9,280.00000119E-3,,,,,392.40001115E-9,21.60000038,
,,,392.80001829E-9,-359.99998450E-3,,,,,392.80001829E-9,280.00000119E-3,,,,,392.80001829E-9,21.60000038,
,,,393.19999701E-9,-359.99998450E-3,,,,,393.19999701E-9,280.00000119E-3,,,,,393.19999701E-9,21.60000038,
,,,393.60000414E-9,-359.99998450E-3,,,,,393.60000414E-9,319.99999285E-3,,,,,393.60000414E-9,21.60000038,
,,,394.00001128E-9,-280.00000119E-3,,,,,394.00001128E-9,359.99998450E-3,,,,,394.00001128E-9,21.60000038,
,,,394.40001842E-9,-199.99998808E-3,,,,,394.40001842E-9,439.999997616E-3,,,,,394.40001842E-9,21.60000038,
,,,394.79999714E-9,-119.9999973E-3,,,,,394.79999714E-9,479.999989271E-3,,,,,394.79999714E-9,21.60000038,
,,,395.20000428E-9,0.0,,,,,395.20000428E-9,560.000002384E-3,,,,,395.20000428E-9,21.60000038,
,,,395.60001142E-9,39.99999911E-3,,,,,395.60001142E-9,599.999964237E-3,,,,,395.60001142E-9,21.20000076,
,,,396.00001855E-9,119.9999973E-3,,,,,396.00001855E-9,639.999985695E-3,,,,,396.00001855E-9,21.60000038,
,,,396.39999727E-9,159.99999642E-3,,,,,396.39999727E-9,680.000007153E-3,,,,,396.39999727E-9,21.60000038,
,,,396.80000441E-9,159.99999642E-3,,,,,396.80000441E-9,680.000007153E-3,,,,,396.80000441E-9,22.00000000,
,,,397.20001155E-9,199.99998808E-3,,,,,397.20001155E-9,719.999969006E-3,,,,,397.20001155E-9,22.39999962,
,,,397.60001869E-9,239.99999464E-3,,,,,397.60001869E-9,719.999969006E-3,,,,,397.60001869E-9,22.39999962,
,,,397.99999740E-9,319.99999285E-3,,,,,397.99999740E-9,719.999969006E-3,,,,,397.99999740E-9,22.80000114,
,,,398.40000454E-9,359.99998450E-3,,,,,398.40000454E-9,719.999969006E-3,,,,,398.40000454E-9,23.20000076,
,,,398.80001168E-9,399.99997616E-3,,,,,398.80001168E-9,639.999985695E-3,,,,,398.80001168E-9,23.20000076,
,,,399.20001882E-9,399.99997616E-3,,,,,399.20001882E-9,599.999964237E-3,,,,,399.20001882E-9,23.20000076,
,,,399.59999754E-9,359.99998450E-3,,,,,399.59999754E-9,599.999964237E-3,,,,,399.59999754E-9,23.20000076,
,,,400.00000467E-9,280.00000119E-3,,,,,400.00000467E-9,599.999964237E-3,,,,,400.00000467E-9,23.20000076,
,,,400.40001181E-9,199.99998808E-3,,,,,400.40001181E-9,639.999985695E-3,,,,,400.40001181E-9,23.60000038,
,,,400.80001895E-9,79.999998212E-3,,,,,400.80001895E-9,599.999964237E-3,,,,,400.80001895E-9,23.60000038,
,,,401.19999767E-9,0.0,,,,,401.19999767E-9,519.999980927E-3,,,,,401.19999767E-9,23.60000038,
,,,401.60000481E-9,-79.999998212E-3,,,,,401.60000481E-9,479.999989271E-3,,,,,401.60000481E-9,24.00000000,
,,,402.00001195E-9,-159.99999642E-3,,,,,402.00001195E-9,359.99998450E-3,,,,,402.00001195E-9,24.00000000,
,,,402.40001908E-9,-199.99998808E-3,,,,,402.40001908E-9,319.99999285E-3,,,,,402.40001908E-9,24.39999962,
,,,402.79999780E-9,-239.99999464E-3,,,,,402.79999780E-9,280.00000119E-3,,,,,402.79999780E-9,24.39999962,
,,,403.20000494E-9,-280.00000119E-3,,,,,403.20000494E-9,239.99999464E-3,,,,,403.20000494E-9,24.80000114,
,,,403.600012078E-9,-319.99999285E-3,,,,,403.600012078E-9,280.00000119E-3,,,,,403.600012078E-9,24.80000114,
,,,404.000019216E-9,-319.99999285E-3,,,,,404.000019216E-9,359.99998450E-3,,,,,404.000019216E-9,24.80000114,
,,,404.399997933E-9,-280.00000119E-3,,,,,404.399997933E-9,439.999997616E-3,,,,,404.399997933E-9,24.80000114,
,,,404.800005072E-9,-280.00000119E-3,,,,,404.800005072E-9,439.999997616E-3,,,,,404.800005072E-9,24.39999962,
,,,405.200012210E-9,-199.99998808E-3,,,,,405.200012210E-9,479.999989271E-3,,,,,405.200012210E-9,24.39999962,
,,,405.600019349E-9,-119.9999973E-3,,,,,405.600019349E-9,439.999997616E-3,,,,,405.600019349E-9,24.39999962,
,,,405.999998065E-9,-39.99999911E-3,,,,,405.999998065E-9,399.99997616E-3,,,,,405.999998065E-9,24.00000000,
,,,406.400005204E-9,39.99999911E-3,,,,,406.400005204E-9,399.99997616E-3,,,,,406.400005204E-9,24.00000000,
,,,406.800012343E-9,79.999998212E-3,,,,,406.800012343E-9,399.99997616E-3,,,,,406.800012343E-9,23.60000038,
,,,407.199991059E-9,159.99999642E-3,,,,,407.199991059E-9,399.99997616E-3,,,,,407.199991059E-9,23.60000038,
,,,407.599998198E-9,199.99998808E-3,,,,,407.599998198E-9,359.99998450E-3,,,,,407.599998198E-9,23.60000038,
,,,408.000005336E-9,239.99999464E-3,,,,,408.000005336E-9,319.99999285E-3,,,,,408.000005336E-9,23.60000038,
,,,408.400012475E-9,280.00000119E-3,,,,,408.400012475E-9,319.99999285E-3,,,,,408.400012475E-9,23.60000038,
,,,408.799991192E-9,280.00000119E-3,,,,,408.799991192E-9,280.00000119E-3,,,,,408.799991192E-9,23.20000076,
,,,409.199998330E-9,319.99999285E-3,,,,,409.199998330E-9,280.00000119E-3,,,,,409.199998330E-9,23.20000076,
,,,409.600005469E-9,319.99999285E-3,,,,,409.600005469E-9,280.00000119E-3,,,,,409.600005469E-9,23.20000076,
,,,410.000012607E-9,319.99999285E-3,,,,,410.000012607E-9,280.00000119E-3,,,,,410.000012607E-9,22.80000114,
,,,410.399991324E-9,319.99999285E-3,,,,,410.399991324E-9,280.00000119E-3,,,,,410.399991324E-9,22.39999962,
,,,410.799998463E-9,280.00000119E-3,,,,,410.799998463E-9,199.99998808E-3,,,,,410.799998463E-9,22.39999962,
,,,411.200005601E-9,239.99999464E-3,,,,,411.200005601E-9,159.99999642E-3,,,,,411.200005601E-9,22.39999962,
,,,411.600012740E-9,199.99998808E-3,,,,,411.600012740E-9,119.9999973E-3,,,,,411.600012740E-9,22.39999962,
,,,411.999991456E-9,119.9999973E-3,,,,,411.999991456E-9,119.9999973E-3,,,,,411.999991456E-9,22.39999962,
,,,412.399998595E-9,79.999998212E-3,,,,,412.399998595E-9,159.99999642E-3,,,,,412.399998595E-9,22.39999962,
,,,412.800005734E-9,-39.99999911E-3,,,,,412.800005734E-9,159.99999642E-3,,,,,412.800005734E-9,22.39999962,
,,,413.200012872E-9,-119.9999973E-3,,,,,413.200012872E-9,199.99998808E-3,,,,,413.200012872E-9,22.39999962,
,,,413.599991589E-9,-159.99999642E-3,,,,,413.599991589E-9,239.99999464E-3,,,,,413.599991589E-9,22.00000000,
,,,413.999998727E-9,-159.99999642E-3,,,,,413.999998727E-9,199.99998808E-3,,,,,413.999998727E-9,22.00000000,
,,,414.400005866E-9,-159.99999642E-3,,,,,414.400005866E-9,199.99998808E-3,,,,,414.400005866E-9,22.39999962,
,,,414.800013004E-9,-159.99999642E-3,,,,,414.800013004E-9,159.99999642E-3,,,,,414.800013004E-9,22.00000000,
,,,415.199991721E-9,-119.9999973E-3,,,,,415.199991721E-9,199.99998808E-3,,,,,415.199991721E-9,22.00000000,
,,,415.599998860E-9,-79.999998212E-3,,,,,415.599998860E-9,280.00000119E-3,,,,,415.599998860E-9,21.60000038,
,,,416.000005998E-9,-79.999998212E-3,,,,,416.000005998E-9,399.99997616E-3,,,,,416.000005998E-9,21.60000038,
,,,416.400013137E-9,-39.99999911E-3,,,,,416.400013137E-9,519.999980927E-3,,,,,416.400013137E-9,21.20000076,
,,,416.799991854E-9,-39.99999911E-3,,,,,416.799991854E-9,560.000002384E-3,,,,,416.799991854E-9,21.20000076,
,,,417.199998992E-9,0.0,,,,,417.199998992E-9,599.999964237E-3,,,,,417.199998992E-9,21.20000076,
,,,417.600006131E-9,39.99999911E-3,,,,,417.600006131E-9,639.999985695E-3,,,,,417.600006131E-9,21.60000038,
,,,418.000013269E-9,39.99999911E-3,,,,,418.000013269E-9,680.000007153E-3,,,,,418.000013269E-9,21.60000038,
,,,418.399991986E-9,79.999998212E-3,,,,,418.399991986E-9,719.999969006E-3,,,,,418.399991986E-9,22.00000000,
,,,418.799999125E-9,159.99999642E-3,,,,,418.799999125E-9,759.999990463E-3,,,,,418.799999125E-9,22.39999962,
,,,419.200006263E-9,239.99999464E-3,,,,,419.200006263E-9,759.999990463E-3,,,,,419.200006263E-9,22.80000114,
,,,419.600013402E-9,280.00000119E-3,,,,,419.600013402E-9,759.999990463E-3,,,,,419.600013402E-9,23.20000076,
,,,419.999992118E-9,319.99999285E-3,,,,,419.999992118E-9,719.999969006E-3,,,,,419.999992118E-9,23.20000076,
,,,420.399999257E-9,359.99998450E-3,,,,,420.399999257E-9,680.000007153E-3,,,,,420.399999257E-9,23.20000076,
,,,420.800006395E-9,319.99999285E-3,,,,,420.800006395E-9,639.999985695E-3,,,,,420.800006395E-9,23.60000038,
,,,421.200013534E-9,239.99999464E-3,,,,,421.200013534E-9,599.999964237E-3,,,,,421.200013534E-9,24.00000000,
,,,421.599992251E-9,199.99998808E-3,,,,,421.599992251E-9,560.000002384E-3,,,,,421.599992251E-9,24.00000000,
,,,421.999999389E-9,119.9999973E-3,,,,,421.999999389E-9,479.999989271E-3,,,,,421.999999389E-9,24.00000000,
,,,422.400006528E-9,79.999998212E-3,,,,,422.400006528E-9,439.999997616E-3,,,,,422.400006528E-9,23.60000038,
,,,422.800013666E-9,0.0,,,,,422.800013666E-9,319.99999285E-3,,,,,422.800013666E-9,23.60000038,
,,,423.199992383E-9,-79.999998212E-3,,,,,423.199992383E-9,239.99999464E-3,,,,,423.199992383E-9,23.60000038,
,,,423.599999522E-9,-119.9999973E-3,,,,,423.599999522E-9,199.99998808E-3,,,,,423.599999522E-9,24.00000000,
,,,424.000006660E-9,-199.99998808E-3,,,,,424.000006660E-9,159.99999642E-3,,,,,424.000006660E-9,24.39999962,
,,,424.400013799E-9,-239.99999464E-3,,,,,424.400013799E-9,199.99998808E-3,,,,,424.400013799E-9,24.39999962,
,,,424.799992516E-9,-280.00000119E-3,,,,,424.799992516E-9,239.99999464E-3,,,,,424.799992516E-9,24.80000114,
,,,425.199999654E-9,-280.00000119E-3,,,,,425.199999654E-9,359.99998450E-3,,,,,425.199999654E-9,24.80000114,
,,,425.600006793E-9,-239.99999464E-3,,,,,425.600006793E-9,399.99997616E-3,,,,,425.600006793E-9,24.80000114,
,,,426.000013931E-9,-199.99998808E-3,,,,,426.000013931E-9,439.999997616E-3,,,,,426.000013931E-9,24.80000114,
,,,426.399992648E-9,-119.9999973E-3,,,,,426.399992648E-9,439.999997616E-3,,,,,426.399992648E-9,24.39999962,
,,,426.799999786E-9,-79.999998212E-3,,,,,426.799999786E-9,359.99998450E-3,,,,,426.799999786E-9,24.00000000,
,,,427.200006925E-9,-39.99999911E-3,,,,,427.200006925E-9,319.99999285E-3,,,,,427.200006925E-9,24.00000000,
,,,427.600014064E-9,0.0,,,,,427.600014064E-9,280.00000119E-3,,,,,427.600014064E-9,23.60000038,
,,,427.999992780E-9,39.99999911E-3,,,,,427.999992780E-9,280.00000119E-3,,,,,427.999992780E-9,23.60000038,
,,,428.399999919E-9,119.9999973E-3,,,,,428.399999919E-9,319.99999285E-3,,,,,428.399999919E-9,23.60000038,
,,,428.800007057E-9,159.99999642E-3,,,,,428.800007057E-9,359.99998450E-3,,,,,428.800007057E-9,23.20000076,
,,,429.200014196E-9,199.99998808E-3,,,,,429.200014196E-9,439.999997616E-3,,,,,429.200014196E-9,23.20000076,
,,,429.599992913E-9,239.99999464E-3,,,,,429.599992913E-9,479.999989271E-3,,,,,429.599992913E-9,23.20000076,
,,,430.000000051E-9,280.00000119E-3,,,,,430.000000051E-9,560.000002384E-3,,,,,430.000000051E-9,23.20000076,
,,,430.400007190E-9,319.99999285E-3,,,,,430.400007190E-9,599.999964237E-3,,,,,430.400007190E-9,22.80000114,
,,,430.800014328E-9,359.99998450E-3,,,,,430.800014328E-9,599.999964237E-3,,,,,430.800014328E-9,22.80000114,
,,,431.199993045E-9,399.99997616E-3,,,,,431.199993045E-9,560.000002384E-3,,,,,431.199993045E-9,22.80000114,
,,,431.600000184E-9,359.99998450E-3,,,,,431.600000184E-9,519.999980927E-3,,,,,431.600000184E-9,22.80000114,
,,,432.000007322E-9,280.00000119E-3,,,,,432.000007322E-9,479.999989271E-3,,,,,432.000007322E-9,22.39999962,
,,,432.400014461E-9,199.99998808E-3,,,,,432.400014461E-9,439.999997616E-3,,,,,432.400014461E-9,22.00000000,
,,,432.799993177E-9,79.999998212E-3,,,,,432.799993177E-9,359.99998450E-3,,,,,432.799993177E-9,22.00000000,
,,,433.200000316E-9,-39.99999911E-3,,,,,433.200000316E-9,280.00000119E-3,,,,,433.200000316E-9,21.60000038,
,,,433.600007455E-9,-119.9999973E-3,,,,,433.600007455E-9,199.99998808E-3,,,,,433.600007455E-9,21.60000038,
,,,434.000014593E-9,-199.99998808E-3,,,,,434.000014593E-9,119.9999973E-3,,,,,434.000014593E-9,21.60000038,
,,,434.399993310E-9,-199.99998808E-3,,,,,434.399993310E-9,79.999998212E-3,,,,,434.399993310E-9,21.60000038,
,,,434.800000448E-9,-239.99999464E-3,,,,,434.800000448E-9,0.0,,,,,434.800000448E-9,22.00000000,
,,,435.200007587E-9,-239.99999464E-3,,,,,435.200007587E-9,-39.99999911E-3,,,,,435.200007587E-9,22.00000000,
,,,435.600014725E-9,-199.99998808E-3,,,,,435.600014725E-9,-79.999998212E-3,,,,,435.600014725E-9,22.00000000,
,,,435.999993442E-9,-199.99998808E-3,,,,,435.999993442E-9,-119.9999973E-3,,,,,435.999993442E-9,22.00000000,
,,,436.400000581E-9,-159.99999642E-3,,,,,436.400000581E-9,-119.9999973E-3,,,,,436.400000581E-9,21.60000038,
,,,436.800007719E-9,-159.99999642E-3,,,,,436.800007719E-9,-79.999998212E-3,,,,,436.800007719E-9,21.60000038,
,,,437.200014858E-9,-159.99999642E-3,,,,,437.200014858E-9,0.0,,,,,437.200014858E-9,20.80000114,
,,,437.599993575E-9,-159.99999642E-3,,,,,437.599993575E-9,119.9999973E-3,,,,,437.599993575E-9,20.80000114,
,,,438.000000713E-9,-119.9999973E-3,,,,,438.000000713E-9,280.00000119E-3,,,,,438.000000713E-9,20.80000114,
,,,438.400007852E-9,-79.999998212E-3,,,,,438.400007852E-9,399.99997616E-3,,,,,438.400007852E-9,21.20000076,
,,,438.800014990E-9,-39.99999911E-3,,,,,438.800014990E-9,439.999997616E-3,,,,,438.800014990E-9,21.20000076,
,,,439.199993707E-9,39.99999911E-3,,,,,439.199993707E-9,439.999997616E-3,,,,,439.199993707E-9,21.60000038,
,,,439.600000846E-9,119.9999973E-3,,,,,439.600000846E-9,399.99997616E-3,,,,,439.600000846E-9,22.00000000,
,,,440.000007984E-9,159.99999642E-3,,,,,440.000007984E-9,359.99998450E-3,,,,,440.000007984E-9,22.00000000,
,,,440.400015123E-9,239.99999464E-3,,,,,440.400015123E-9,359.99998450E-3,,,,,440.400015123E-9,22.00000000,
,,,440.799993839E-9,239.99999464E-3,,,,,440.799993839E-9,359.99998450E-3,,,,,440.799993839E-9,22.39999962,
,,,441.200000978E-9,280.00000119E-3,,,,,441.200000978E-9,359.99998450E-3,,,,,441.200000978E-9,22.39999962,
,,,441.600008116E-9,280.00000119E-3,,,,,441.600008116E-9,319.99999285E-3,,,,,441.600008116E-9,22.80000114,
,,,442.000015255E-9,239.99999464E-3,,,,,442.000015255E-9,319.99999285E-3,,,,,442.000015255E-9,22.80000114,
,,,442.399993972E-9,239.99999464E-3,,,,,442.399993972E-9,280.00000119E-3,,,,,442.399993972E-9,22.80000114,
,,,442.800001110E-9,199.99998808E-3,,,,,442.800001110E-9,239.99999464E-3,,,,,442.800001110E-9,22.80000114,
,,,443.200008249E-9,119.9999973E-3,,,,,443.200008249E-9,199.99998808E-3,,,,,443.200008249E-9,22.80000114,
,,,443.600015387E-9,79.999998212E-3,,,,,443.600015387E-9,159.99999642E-3,,,,,443.600015387E-9,23.20000076,
,,,443.999994104E-9,0.0,,,,,443.999994104E-9,119.9999973E-3,,,,,443.999994104E-9,23.60000038,
,,,444.400001243E-9,-39.99999911E-3,,,,,444.400001243E-9,79.999998212E-3,,,,,444.400001243E-9,24.00000000,
,,,444.800008381E-9,-119.9999973E-3,,,,,444.800008381E-9,39.99999911E-3,,,,,444.800008381E-9,24.39999962,
,,,445.200015520E-9,-159.99999642E-3,,,,,445.200015520E-9,0.0,,,,,445.200015520E-9,24.80000114,
,,,445.599994237E-9,-199.99998808E-3,,,,,445.599994237E-9,39.99999911E-3,,,,,445.599994237E-9,24.80000114,
,,,446.000001375E-9,-239.99999464E-3,,,,,446.000001375E-9,119.9999973E-3,,,,,446.000001375E-9,24.80000114,
,,,446.400008514E-9,-239.99999464E-3,,,,,446.400008514E-9,199.99998808E-3,,,,,446.400008514E-9,24.39999962,
,,,446.800015652E-9,-280.00000119E-3,,,,,446.800015652E-9,239.99999464E-3,,,,,446.800015652E-9,24.39999962,
,,,447.199994369E-9,-280.00000119E-3,,,,,447.199994369E-9,280.00000119E-3,,,,,447.199994369E-9,24.00000000,
,,,447.600001507E-9,-280.00000119E-3,,,,,447.600001507E-9,239.99999464E-3,,,,,447.600001507E-9,23.60000038,
,,,448.000008646E-9,-280.00000119E-3,,,,,448.000008646E-9,199.99998808E-3,,,,,448.000008646E-9,23.20000076,
,,,448.400015785E-9,-199.99998808E-3,,,,,448.400015785E-9,159.99999642E-3,,,,,448.400015785E-9,22.80000114,
,,,448.799994501E-9,-159.99999642E-3,,,,,448.799994501E-9,159.99999642E-3,,,,,448.799994501E-9,22.80000114,
,,,449.200001640E-9,-39.99999911E-3,,,,,449.200001640E-9,239.99999464E-3,,,,,449.200001640E-9,22.80000114,
,,,449.600008778E-9,39.99999911E-3,,,,,449.600008778E-9,319.99999285E-3,,,,,449.600008778E-9,22.80000114,
,,,450.000015917E-9,119.9999973E-3,,,,,450.000015917E-9,439.999997616E-3,,,,,450.000015917E-9,22.39999962,
,,,450.399994634E-9,199.99998808E-3,,,,,450.399994634E-9,560.000002384E-3,,,,,450.399994634E-9,22.39999962,
,,,450.800001772E-9,280.00000119E-3,,,,,450.800001772E-9,599.999964237E-3,,,,,450.800001772E-9,22.39999962,
,,,451.200008911E-9,359.99998450E-3,,,,,451.200008911E-9,599.999964237E-3,,,,,451.200008911E-9,22.00000000,
,,,451.600016049E-9,399.99997616E-3,,,,,451.600016049E-9,560.000002384E-3,,,,,451.600016049E-9,21.60000038,
,,,451.999994766E-9,439.999997616E-3,,,,,451.999994766E-9,560.000002384E-3,,,,,451.999994766E-9,21.60000038,
,,,452.400001905E-9,439.999997616E-3,,,,,452.400001905E-9,519.999980927E-3,,,,,452.400001905E-9,21.20000076,
,,,452.800009043E-9,399.99997616E-3,,,,,452.800009043E-9,479.999989271E-3,,,,,452.800009043E-9,20.80000114,
,,,453.200016182E-9,359.99998450E-3,,,,,453.200016182E-9,399.99997616E-3,,,,,453.200016182E-9,20.80000114,
,,,453.599994898E-9,319.99999285E-3,,,,,453.599994898E-9,359.99998450E-3,,,,,453.599994898E-9,20.39999962,
,,,454.000002037E-9,280.00000119E-3,,,,,454.000002037E-9,280.00000119E-3,,,,,454.000002037E-9,20.39999962,
,,,454.400009176E-9,239.99999464E-3,,,,,454.400009176E-9,199.99998808E-3,,,,,454.400009176E-9,20.39999962,
,,,454.800016314E-9,159.99999642E-3,,,,,454.800016314E-9,79.999998212E-3,,,,,454.800016314E-9,20.80000114,
,,,455.199995031E-9,119.9999973E-3,,,,,455.199995031E-9,0.0,,,,,455.199995031E-9,21.20000076,
,,,455.600002169E-9,39.99999911E-3,,,,,455.600002169E-9,-79.999998212E-3,,,,,455.600002169E-9,21.60000038,
,,,456.000009308E-9,-79.999998212E-3,,,,,456.000009308E-9,-119.9999973E-3,,,,,456.000009308E-9,22.00000000,
,,,456.400016446E-9,-119.9999973E-3,,,,,456.400016446E-9,-159.99999642E-3,,,,,456.400016446E-9,22.00000000,
,,,456.799995163E-9,-199.99998808E-3,,,,,456.799995163E-9,-199.99998808E-3,,,,,456.799995163E-9,22.00000000,
,,,457.200002302E-9,-199.99998808E-3,,,,,457.200002302E-9,-239.99999464E-3,,,,,457.200002302E-9,22.00000000,
,,,457.600009440E-9,-199.99998808E-3,,,,,457.600009440E-9,-239.99999464E-3,,,,,457.600009440E-9,22.00000000,
,,,458.000016579E-9,-199.99998808E-3,,,,,458.000016579E-9,-239.99999464E-3,,,,,458.000016579E-9,21.60000038,
,,,458.399995296E-9,-159.99999642E-3,,,,,458.399995296E-9,-199.99998808E-3,,,,,458.399995296E-9,21.60000038,
,,,458.800002434E-9,-199.99998808E-3,,,,,458.800002434E-9,-159.99999642E-3,,,,,458.800002434E-9,21.60000038,
,,,459.200009573E-9,-159.99999642E-3,,,,,459.200009573E-9,-79.999998212E-3,,,,,459.200009573E-9,22.00000000,
,,,459.600016711E-9,-159.99999642E-3,,,,,459.600016711E-9,0.0,,,,,459.600016711E-9,22.39999962,
,,,459.999995428E-9,-119.9999973E-3,,,,,459.999995428E-9,39.99999911E-3,,,,,459.999995428E-9,22.80000114,
,,,460.400002567E-9,-39.99999911E-3,,,,,460.400002567E-9,119.9999973E-3,,,,,460.400002567E-9,22.80000114,
,,,460.800009705E-9,0.0,,,,,460.800009705E-9,119.9999973E-3,,,,,460.800009705E-9,22.80000114,
,,,461.200016844E-9,39.99999911E-3,,,,,461.200016844E-9,119.9999973E-3,,,,,461.200016844E-9,22.80000114,
,,,461.599995560E-9,79.999998212E-3,,,,,461.599995560E-9,159.99999642E-3,,,,,461.599995560E-9,22.80000114,
,,,462.000002699E-9,79.999998212E-3,,,,,462.000002699E-9,239.99999464E-3,,,,,462.000002699E-9,22.80000114,
,,,462.400009837E-9,119.9999973E-3,,,,,462.400009837E-9,319.99999285E-3,,,,,462.400009837E-9,22.80000114,
,,,462.800016976E-9,119.9999973E-3,,,,,462.800016976E-9,359.99998450E-3,,,,,462.800016976E-9,22.80000114,
,,,463.199995693E-9,119.9999973E-3,,,,,463.199995693E-9,399.99997616E-3,,,,,463.199995693E-9,22.80000114,
,,,463.600002831E-9,159.99999642E-3,,,,,463.600002831E-9,399.99997616E-3,,,,,463.600002831E-9,22.80000114,
,,,464.000009970E-9,199.99998808E-3,,,,,464.000009970E-9,359.99998450E-3,,,,,464.000009970E-9,22.80000114,
,,,464.400017108E-9,239.99999464E-3,,,,,464.400017108E-9,319.99999285E-3,,,,,464.400017108E-9,22.39999962,
,,,464.799995825E-9,239.99999464E-3,,,,,464.799995825E-9,239.99999464E-3,,,,,464.799995825E-9,22.39999962,
,,,465.200002964E-9,199.99998808E-3,,,,,465.200002964E-9,159.99999642E-3,,,,,465.200002964E-9,22.39999962,
,,,465.600010102E-9,159.99999642E-3,,,,,465.600010102E-9,159.99999642E-3,,,,,465.600010102E-9,22.39999962,
,,,466.000017241E-9,79.999998212E-3,,,,,466.000017241E-9,159.99999642E-3,,,,,466.000017241E-9,22.00000000,
,,,466.399995958E-9,0.0,,,,,466.399995958E-9,199.99998808E-3,,,,,466.399995958E-9,22.00000000,
,,,466.800003096E-9,-79.999998212E-3,,,,,466.800003096E-9,199.99998808E-3,,,,,466.800003096E-9,22.00000000,
,,,467.200010235E-9,-159.99999642E-3,,,,,467.200010235E-9,199.99998808E-3,,,,,467.200010235E-9,21.60000038,
,,,467.600017373E-9,-239.99999464E-3,,,,,467.600017373E-9,159.99999642E-3,,,,,467.600017373E-9,21.60000038,
,,,467.999996090E-9,-319.99999285E-3,,,,,467.999996090E-9,79.999998212E-3,,,,,467.999996090E-9,21.60000038,
,,,468.400003228E-9,-359.99998450E-3,,,,,468.400003228E-9,39.99999911E-3,,,,,468.400003228E-9,21.60000038,
,,,468.800010367E-9,-359.99998450E-3,,,,,468.800010367E-9,-39.99999911E-3,,,,,468.800010367E-9,21.60000038,
,,,469.200017506E-9,-319.99999285E-3,,,,,469.200017506E-9,-119.9999973E-3,,,,,469.200017506E-9,21.60000038,
,,,469.599996222E-9,-280.00000119E-3,,,,,469.599996222E-9,-119.9999973E-3,,,,,469.599996222E-9,21.60000038,
,,,470.000003361E-9,-239.99999464E-3,,,,,470.000003361E-9,-119.9999973E-3,,,,,470.000003361E-9,21.60000038,
,,,470.400010499E-9,-199.99998808E-3,,,,,470.400010499E-9,-39.99999911E-3,,,,,470.400010499E-9,21.60000038,
,,,470.800017638E-9,-199.99998808E-3,,,,,470.800017638E-9,-39.99999911E-3,,,,,470.800017638E-9,21.20000076,
,,,471.199996355E-9,-199.99998808E-3,,,,,471.199996355E-9,0.0,,,,,471.199996355E-9,21.20000076,
,,,471.600003493E-9,-159.99999642E-3,,,,,471.600003493E-9,39.99999911E-3,,,,,471.600003493E-9,21.20000076,
,,,472.000010632E-9,-119.9999973E-3,,,,,472.000010632E-9,39.99999911E-3,,,,,472.000010632E-9,21.60000038,
,,,472.400017770E-9,-39.99999911E-3,,,,,472.400017770E-9,79.999998212E-3,,,,,472.400017770E-9,21.60000038,
,,,472.799996487E-9,0.0,,,,,472.799996487E-9,39.99999911E-3,,,,,472.799996487E-9,22.00000000,
,,,473.200003626E-9,39.99999911E-3,,,,,473.200003626E-9,39.99999911E-3,,,,,473.200003626E-9,21.60000038,
,,,473.600010764E-9,79.999998212E-3,,,,,473.600010764E-9,79.999998212E-3,,,,,473.600010764E-9,21.60000038,
,,,474.000017903E-9,119.9999973E-3,,,,,474.000017903E-9,159.99999642E-3,,,,,474.000017903E-9,21.60000038,
,,,474.399996619E-9,199.99998808E-3,,,,,474.399996619E-9,239.99999464E-3,,,,,474.399996619E-9,21.60000038,
,,,474.800003758E-9,239.99999464E-3,,,,,474.800003758E-9,280.00000119E-3,,,,,474.800003758E-9,21.60000038,
,,,475.200010897E-9,239.99999464E-3,,,,,475.200010897E-9,319.99999285E-3,,,,,475.200010897E-9,21.60000038,
,,,475.600018035E-9,280.00000119E-3,,,,,475.600018035E-9,359.99998450E-3,,,,,475.600018035E-9,22.00000000,
,,,475.999996752E-9,280.00000119E-3,,,,,475.999996752E-9,319.99999285E-3,,,,,475.999996752E-9,22.00000000,
,,,476.400003890E-9,280.00000119E-3,,,,,476.400003890E-9,319.99999285E-3,,,,,476.400003890E-9,22.00000000,
,,,476.800011029E-9,239.99999464E-3,,,,,476.800011029E-9,280.00000119E-3,,,,,476.800011029E-9,21.60000038,
,,,477.199989746E-9,159.99999642E-3,,,,,477.199989746E-9,280.00000119E-3,,,,,477.199989746E-9,21.60000038,
,,,477.599996884E-9,119.9999973E-3,,,,,477.599996884E-9,280.00000119E-3,,,,,477.599996884E-9,21.60000038,
,,,478.000004023E-9,79.999998212E-3,,,,,478.000004023E-9,319.99999285E-3,,,,,478.000004023E-9,21.20000076,
,,,478.400011161E-9,79.999998212E-3,,,,,478.400011161E-9,359.99998450E-3,,,,,478.400011161E-9,21.20000076,
,,,478.800018300E-9,79.999998212E-3,,,,,478.800018300E-9,319.99999285E-3,,,,,478.800018300E-9,20.80000114,
,,,479.200025438E-9,79.999998212E-3,,,,,479.200025438E-9,319.99999285E-3,,,,,479.200025438E-9,20.80000114,
,,,479.600032577E-9,119.9999973E-3,,,,,479.600032577E-9,280.00000119E-3,,,,,479.600032577E-9,20.39999962,
,,,479.999982872E-9,79.999998212E-3,,,,,479.999982872E-9,239.99999464E-3,,,,,479.999982872E-9,20.39999962,
,,,480.399990010E-9,79.999998212E-3,,,,,480.399990010E-9,239.99999464E-3,,,,,480.399990010E-9,20.39999962,
,,,480.799997149E-9,39.99999911E-3,,,,,480.799997149E-9,239.99999464E-3,,,,,480.799997149E-9,20.39999962,
,,,481.200004288E-9,39.99999911E-3,,,,,481.200004288E-9,280.00000119E-3,,,,,481.200004288E-9,20.80000114,
,,,481.600011426E-9,0.0,,,,,481.600011426E-9,319.99999285E-3,,,,,481.600011426E-9,20.80000114,
,,,482.000018565E-9,-39.99999911E-3,,,,,482.000018565E-9,319.99999285E-3,,,,,482.000018565E-9,20.80000114,
,,,482.400025703E-9,-39.99999911E-3,,,,,482.400025703E-9,319.99999285E-3,,,,,482.400025703E-9,20.80000114,
,,,482.800032842E-9,-79.999998212E-3,,,,,482.800032842E-9,280.00000119E-3,,,,,482.800032842E-9,20.80000114,
,,,483.199983137E-9,-119.9999973E-3,,,,,483.199983137E-9,239.99999464E-3,,,,,483.199983137E-9,21.20000076,
,,,483.599990275E-9,-119.9999973E-3,,,,,483.599990275E-9,199.99998808E-3,,,,,483.599990275E-9,21.20000076,
,,,483.999997414E-9,-119.9999973E-3,,,,,483.999997414E-9,119.9999973E-3,,,,,483.999997414E-9,21.20000076,
,,,484.400004552E-9,-79.999998212E-3,,,,,484.400004552E-9,79.999998212E-3,,,,,484.400004552E-9,21.60000038,
,,,484.800011691E-9,-79.999998212E-3,,,,,484.800011691E-9,0.0,,,,,484.800011691E-9,21.60000038,
,,,485.200018829E-9,-79.999998212E-3,,,,,485.200018829E-9,-79.999998212E-3,,,,,485.200018829E-9,21.60000038,
,,,485.600025968E-9,-39.99999911E-3,,,,,485.600025968E-9,-79.999998212E-3,,,,,485.600025968E-9,21.60000038,
,,,486.000033106E-9,-39.99999911E-3,,,,,486.000033106E-9,-79.999998212E-3,,,,,486.000033106E-9,21.60000038,
,,,486.399983401E-9,0.0,,,,,486.399983401E-9,-39.99999911E-3,,,,,486.399983401E-9,21.60000038,
,,,486.799990540E-9,0.0,,,,,486.799990540E-9,-39.99999911E-3,,,,,486.799990540E-9,21.60000038,
,,,487.199997679E-9,0.0,,,,,487.199997679E-9,0.0,,,,,487.199997679E-9,21.60000038,
,,,487.600004817E-9,0.0,,,,,487.600004817E-9,39.99999911E-3,,,,,487.600004817E-9,21.60000038,
,,,488.000011956E-9,0.0,,,,,488.000011956E-9,79.999998212E-3,,,,,488.000011956E-9,21.60000038,
,,,488.400019094E-9,39.99999911E-3,,,,,488.400019094E-9,119.9999973E-3,,,,,488.400019094E-9,21.60000038,
,,,488.800026233E-9,39.99999911E-3,,,,,488.800026233E-9,119.9999973E-3,,,,,488.800026233E-9,21.20000076,
,,,489.200033371E-9,39.99999911E-3,,,,,489.200033371E-9,159.99999642E-3,,,,,489.200033371E-9,21.20000076,
,,,489.599983666E-9,79.999998212E-3,,,,,489.599983666E-9,199.99998808E-3,,,,,489.599983666E-9,20.80000114,
,,,489.999990805E-9,79.999998212E-3,,,,,489.999990805E-9,239.99999464E-3,,,,,489.999990805E-9,20.80000114,
,,,490.399997943E-9,119.9999973E-3,,,,,490.399997943E-9,280.00000119E-3,,,,,490.399997943E-9,20.39999962,
,,,490.800005082E-9,119.9999973E-3,,,,,490.800005082E-9,280.00000119E-3,,,,,490.800005082E-9,20.39999962,
,,,491.200012220E-9,159.99999642E-3,,,,,491.200012220E-9,319.99999285E-3,,,,,491.200012220E-9,20.39999962,
,,,491.600019359E-9,119.9999973E-3,,,,,491.600019359E-9,280.00000119E-3,,,,,491.600019359E-9,20.39999962,
,,,492.000026497E-9,119.9999973E-3,,,,,492.000026497E-9,280.00000119E-3,,,,,492.000026497E-9,20.39999962,
,,,492.400033636E-9,79.999998212E-3,,,,,492.400033636E-9,239.99999464E-3,,,,,492.400033636E-9,20.39999962,
,,,492.799983931E-9,0.0,,,,,492.799983931E-9,199.99998808E-3,,,,,492.799983931E-9,20.80000114,
,,,493.199991070E-9,-39.99999911E-3,,,,,493.199991070E-9,199.99998808E-3,,,,,493.199991070E-9,20.39999962,
,,,493.599998208E-9,-79.999998212E-3,,,,,493.599998208E-9,199.99998808E-3,,,,,493.599998208E-9,20.39999962,
,,,494.000005347E-9,-119.9999973E-3,,,,,494.000005347E-9,199.99998808E-3,,,,,494.000005347E-9,20.39999962,
,,,494.400012485E-9,-119.9999973E-3,,,,,494.400012485E-9,199.99998808E-3,,,,,494.400012485E-9,20.0000000,
,,,494.800019624E-9,-159.99999642E-3,,,,,494.800019624E-9,159.99999642E-3,,,,,494.800019624E-9,19.6000004,
,,,495.200026762E-9,-159.99999642E-3,,,,,495.200026762E-9,119.9999973E-3,,,,,495.200026762E-9,19.6000004,
,,,495.600033901E-9,-159.99999642E-3,,,,,495.600033901E-9,79.999998212E-3,,,,,495.600033901E-9,19.6000004,
,,,495.999984196E-9,-159.99999642E-3,,,,,495.999984196E-9,39.99999911E-3,,,,,495.999984196E-9,19.6000004,
,,,496.399991334E-9,-119.9999973E-3,,,,,496.399991334E-9,39.99999911E-3,,,,,496.399991334E-9,19.6000004,
,,,496.799998473E-9,-119.9999973E-3,,,,,496.799998473E-9,0.0,,,,,496.799998473E-9,19.6000004,
,,,497.200005611E-9,-119.9999973E-3,,,,,497.200005611E-9,0.0,,,,,497.200005611E-9,20.0000000,
,,,497.600012750E-9,-79.999998212E-3,,,,,497.600012750E-9,39.99999911E-3,,,,,497.600012750E-9,20.0000000,
,,,498.000019888E-9,-119.9999973E-3,,,,,498.000019888E-9,79.999998212E-3,,,,,498.000019888E-9,20.0000000,
,,,498.400027027E-9,-79.999998212E-3,,,,,498.400027027E-9,119.9999973E-3,,,,,498.400027027E-9,20.0000000,
,,,498.800034165E-9,-39.99999911E-3,,,,,498.800034165E-9,159.99999642E-3,,,,,498.800034165E-9,20.0000000,
,,,499.199984461E-9,39.99999911E-3,,,,,499.199984461E-9,199.99998808E-3,,,,,499.199984461E-9,20.0000000,
,,,499.599991599E-9,79.999998212E-3,,,,,499.599991599E-9,239.99999464E-3,,,,,499.599991599E-9,20.0000000,
,,,499.999998738E-9,159.99999642E-3,,,,,499.999998738E-9,239.99999464E-3,,,,,499.999998738E-9,20.0000000,
,,,500.400005876E-9,199.99998808E-3,,,,,500.400005876E-9,239.99999464E-3,,,,,500.400005876E-9,20.39999962,
,,,500.800013015E-9,199.99998808E-3,,,,,500.800013015E-9,239.99999464E-3,,,,,500.800013015E-9,20.0000000,
,,,501.200020153E-9,239.99999464E-3,,,,,501.200020153E-9,280.00000119E-3,,,,,501.200020153E-9,20.0000000,
,,,501.600027292E-9,239.99999464E-3,,,,,501.600027292E-9,319.99999285E-3,,,,,501.600027292E-9,20.0000000,
,,,502.000034430E-9,199.99998808E-3,,,,,502.000034430E-9,399.99997616E-3,,,,,502.000034430E-9,20.0000000,
,,,502.399984725E-9,199.99998808E-3,,,,,502.399984725E-9,479.999989271E-3,,,,,502.399984725E-9,20.39999962,
,,,502.799991864E-9,159.99999642E-3,,,,,502.799991864E-9,519.999980927E-3,,,,,502.799991864E-9,20.80000114,
,,,503.199999002E-9,119.9999973E-3,,,,,503.199999002E-9,519.999980927E-3,,,,,503.199999002E-9,20.80000114,
,,,503.600006141E-9,79.999998212E-3,,,,,503.600006141E-9,560.000002384E-3,,,,,503.600006141E-9,20.80000114,
,,,504.000013279E-9,39.99999911E-3,,,,,504.000013279E-9,519.999980927E-3,,,,,504.000013279E-9,21.20000076,
,,,504.400020418E-9,39.99999911E-3,,,,,504.400020418E-9,519.999980927E-3,,,,,504.400020418E-9,21.20000076,
,,,504.800027556E-9,0.0,,,,,504.800027556E-9,439.999997616E-3,,,,,504.800027556E-9,21.20000076,
,,,505.200034695E-9,-39.99999911E-3,,,,,505.200034695E-9,399.99997616E-3,,,,,505.200034695E-9,21.20000076,
,,,505.599984990E-9,-79.999998212E-3,,,,,505.599984990E-9,319.99999285E-3,,,,,505.599984990E-9,20.80000114,
,,,505.999992129E-9,-79.999998212E-3,,,,,505.999992129E-9,239.99999464E-3,,,,,505.999992129E-9,20.80000114,
,,,506.399999267E-9,-79.999998212E-3,,,,,506.399999267E-9,159.99999642E-3,,,,,506.399999267E-9,20.80000114,
,,,506.800006406E-9,-119.9999973E-3,,,,,506.800006406E-9,79.999998212E-3,,,,,506.800006406E-9,21.20000076,
,,,507.200013544E-9,-159.99999642E-3,,,,,507.200013544E-9,39.99999911E-3,,,,,507.200013544E-9,21.20000076,
,,,507.600020683E-9,-199.99998808E-3,,,,,507.600020683E-9,0.0,,,,,507.600020683E-9,21.20000076,
,,,508.000027821E-9,-199.99998808E-3,,,,,508.000027821E-9,0.0,,,,,508.000027821E-9,21.20000076,
,,,508.400034960E-9,-159.99999642E-3,,,,,508.400034960E-9,0.0,,,,,508.400034960E-9,21.20000076,
,,,508.799985255E-9,-159.99999642E-3,,,,,508.799985255E-9,-39.99999911E-3,,,,,508.799985255E-9,20.80000114,
,,,509.199992393E-9,-159.99999642E-3,,,,,509.199992393E-9,-39.99999911E-3,,,,,509.199992393E-9,20.39999962,
,,,509.599999532E-9,-119.9999973E-3,,,,,509.599999532E-9,0.0,,,,,509.599999532E-9,20.39999962,
,,,510.000006670E-9,-39.99999911E-3,,,,,510.000006670E-9,39.99999911E-3,,,,,510.000006670E-9,20.0000000,
,,,510.400013809E-9,39.99999911E-3,,,,,510.400013809E-9,79.999998212E-3,,,,,510.400013809E-9,19.6000004,
,,,510.800020947E-9,79.999998212E-3,,,,,510.800020947E-9,79.999998212E-3,,,,,510.800020947E-9,19.2000008,
,,,511.200028086E-9,79.999998212E-3,,,,,511.200028086E-9,119.9999973E-3,,,,,511.200028086E-9,19.2000008,
,,,511.599978381E-9,119.9999973E-3,,,,,511.599978381E-9,159.99999642E-3,,,,,511.599978381E-9,19.2000008,
,,,511.999985520E-9,159.99999642E-3,,,,,511.999985520E-9,159.99999642E-3,,,,,511.999985520E-9,19.2000008,
,,,512.399992658E-9,199.99998808E-3,,,,,512.399992658E-9,199.99998808E-3,,,,,512.399992658E-9,19.2000008,
,,,512.799999797E-9,199.99998808E-3,,,,,512.799999797E-9,199.99998808E-3,,,,,512.799999797E-9,19.2000008,
,,,513.200006935E-9,199.99998808E-3,,,,,513.200006935E-9,199.99998808E-3,,,,,513.200006935E-9,19.2000008,
,,,513.600014074E-9,159.99999642E-3,,,,,513.600014074E-9,159.99999642E-3,,,,,513.600014074E-9,19.2000008,
,,,514.000021212E-9,119.9999973E-3,,,,,514.000021212E-9,119.9999973E-3,,,,,514.000021212E-9,19.2000008,
,,,514.400028351E-9,79.999998212E-3,,,,,514.400028351E-9,119.9999973E-3,,,,,514.400028351E-9,19.2000008,
,,,514.799978646E-9,39.99999911E-3,,,,,514.799978646E-9,119.9999973E-3,,,,,514.799978646E-9,18.8000011,
,,,515.199985784E-9,0.0,,,,,515.199985784E-9,119.9999973E-3,,,,,515.199985784E-9,18.8000011,
,,,515.599992923E-9,-39.99999911E-3,,,,,515.599992923E-9,119.9999973E-3,,,,,515.599992923E-9,18.8000011,
,,,516.000000061E-9,-79.999998212E-3,,,,,516.000000061E-9,79.999998212E-3,,,,,516.000000061E-9,18.8000011,
,,,516.400007200E-9,-79.999998212E-3,,,,,516.400007200E-9,79.999998212E-3,,,,,516.400007200E-9,18.8000011,
,,,516.800014339E-9,-119.9999973E-3,,,,,516.800014339E-9,39.99999911E-3,,,,,516.800014339E-9,18.8000011,
,,,517.200021477E-9,-159.99999642E-3,,,,,517.200021477E-9,0.0,,,,,517.200021477E-9,18.8000011,
,,,517.600028616E-9,-199.99998808E-3,,,,,517.600028616E-9,-39.99999911E-3,,,,,517.600028616E-9,18.8000011,
,,,517.999978911E-9,-199.99998808E-3,,,,,517.999978911E-9,-39.99999911E-3,,,,,517.999978911E-9,18.8000011,
,,,518.399986049E-9,-199.99998808E-3,,,,,518.399986049E-9,-39.99999911E-3,,,,,518.399986049E-9,19.2000008,
,,,518.799993188E-9,-199.99998808E-3,,,,,518.799993188E-9,-79.999998212E-3,,,,,518.799993188E-9,19.6000004,
,,,519.200000326E-9,-199.99998808E-3,,,,,519.200000326E-9,-39.99999911E-3,,,,,519.200000326E-9,19.2000008,
,,,519.600007465E-9,-119.9999973E-3,,,,,519.600007465E-9,-39.99999911E-3,,,,,519.600007465E-9,19.6000004,
,,,520.000014603E-9,-39.99999911E-3,,,,,520.000014603E-9,-39.99999911E-3,,,,,520.000014603E-9,19.6000004,
,,,520.400021742E-9,39.99999911E-3,,,,,520.400021742E-9,0.0,,,,,520.400021742E-9,19.6000004,
,,,520.800028880E-9,79.999998212E-3,,,,,520.800028880E-9,39.99999911E-3,,,,,520.800028880E-9,20.0000000,
,,,521.199979175E-9,79.999998212E-3,,,,,521.199979175E-9,79.999998212E-3,,,,,521.199979175E-9,20.0000000,
,,,521.599986314E-9,119.9999973E-3,,,,,521.599986314E-9,119.9999973E-3,,,,,521.599986314E-9,20.0000000,
,,,521.999993452E-9,119.9999973E-3,,,,,521.999993452E-9,159.99999642E-3,,,,,521.999993452E-9,20.0000000,
,,,522.400000591E-9,159.99999642E-3,,,,,522.400000591E-9,199.99998808E-3,,,,,522.400000591E-9,20.39999962,
,,,522.800007730E-9,159.99999642E-3,,,,,522.800007730E-9,199.99998808E-3,,,,,522.800007730E-9,20.39999962,
,,,523.200014868E-9,199.99998808E-3,,,,,523.200014868E-9,239.99999464E-3,,,,,523.200014868E-9,20.39999962,
,,,523.600022007E-9,199.99998808E-3,,,,,523.600022007E-9,280.00000119E-3,,,,,523.600022007E-9,20.39999962,
,,,524.000029145E-9,159.99999642E-3,,,,,524.000029145E-9,319.99999285E-3,,,,,524.000029145E-9,20.39999962,
,,,524.399979440E-9,159.99999642E-3,,,,,524.399979440E-9,359.99998450E-3,,,,,524.399979440E-9,20.39999962,
,,,524.799986579E-9,119.9999973E-3,,,,,524.799986579E-9,359.99998450E-3,,,,,524.799986579E-9,20.80000114,
,,,525.199993717E-9,119.9999973E-3,,,,,525.199993717E-9,359.99998450E-3,,,,,525.199993717E-9,20.80000114,
,,,525.600000856E-9,79.999998212E-3,,,,,525.600000856E-9,319.99999285E-3,,,,,525.600000856E-9,20.80000114,
,,,526.000007994E-9,39.99999911E-3,,,,,526.000007994E-9,280.00000119E-3,,,,,526.000007994E-9,20.80000114,
,,,526.400015133E-9,39.99999911E-3,,,,,526.400015133E-9,239.99999464E-3,,,,,526.400015133E-9,20.80000114,
,,,526.800022271E-9,0.0,,,,,526.800022271E-9,159.99999642E-3,,,,,526.800022271E-9,20.80000114,
,,,527.200029410E-9,-39.99999911E-3,,,,,527.200029410E-9,79.999998212E-3,,,,,527.200029410E-9,20.80000114,
,,,527.599979705E-9,-79.999998212E-3,,,,,527.599979705E-9,39.99999911E-3,,,,,527.599979705E-9,20.39999962,
,,,527.999986843E-9,-79.999998212E-3,,,,,527.999986843E-9,0.0,,,,,527.999986843E-9,20.39999962,
,,,528.399993982E-9,-79.999998212E-3,,,,,528.399993982E-9,-39.99999911E-3,,,,,528.399993982E-9,20.39999962,
,,,528.800001121E-9,-119.9999973E-3,,,,,528.800001121E-9,-79.999998212E-3,,,,,528.800001121E-9,20.0000000,
,,,529.200008259E-9,-119.9999973E-3,,,,,529.200008259E-9,-79.999998212E-3,,,,,529.200008259E-9,20.0000000,
,,,529.600015398E-9,-119.9999973E-3,,,,,529.600015398E-9,-79.999998212E-3,,,,,529.600015398E-9,20.0000000,
,,,530.000022536E-9,-119.9999973E-3,,,,,530.000022536E-9,-119.9999973E-3,,,,,530.000022536E-9,19.6000004,
,,,530.400029675E-9,-79.999998212E-3,,,,,530.400029675E-9,-79.999998212E-3,,,,,530.400029675E-9,19.6000004,
,,,530.799979970E-9,-79.999998212E-3,,,,,530.799979970E-9,-79.999998212E-3,,,,,530.799979970E-9,19.2000008,
,,,531.199987108E-9,-79.999998212E-3,,,,,531.199987108E-9,-79.999998212E-3,,,,,531.199987108E-9,19.2000008,
,,,531.599994247E-9,-39.99999911E-3,,,,,531.599994247E-9,-39.99999911E-3,,,,,531.599994247E-9,19.2000008,
,,,532.000001385E-9,0.0,,,,,532.000001385E-9,-39.99999911E-3,,,,,532.000001385E-9,18.8000011,
,,,532.400008524E-9,39.99999911E-3,,,,,532.400008524E-9,0.0,,,,,532.400008524E-9,18.8000011,
,,,532.800015662E-9,79.999998212E-3,,,,,532.800015662E-9,0.0,,,,,532.800015662E-9,18.8000011,
,,,533.200022801E-9,79.999998212E-3,,,,,533.200022801E-9,39.99999911E-3,,,,,533.200022801E-9,18.8000011,
,,,533.600029939E-9,119.9999973E-3,,,,,533.600029939E-9,79.999998212E-3,,,,,533.600029939E-9,18.8000011,
,,,533.999980235E-9,119.9999973E-3,,,,,533.999980235E-9,119.9999973E-3,,,,,533.999980235E-9,19.2000008,
,,,534.399987373E-9,119.9999973E-3,,,,,534.399987373E-9,159.99999642E-3,,,,,534.399987373E-9,19.2000008,
,,,534.799994512E-9,119.9999973E-3,,,,,534.799994512E-9,199.99998808E-3,,,,,534.799994512E-9,19.2000008,
,,,535.200001650E-9,159.99999642E-3,,,,,535.200001650E-9,199.99998808E-3,,,,,535.200001650E-9,19.2000008,
,,,535.600008789E-9,199.99998808E-3,,,,,535.600008789E-9,239.99999464E-3,,,,,535.600008789E-9,19.2000008,
,,,536.000015927E-9,239.99999464E-3,,,,,536.000015927E-9,239.99999464E-3,,,,,536.000015927E-9,18.8000011,
,,,536.400023066E-9,239.99999464E-3,,,,,536.400023066E-9,239.99999464E-3,,,,,536.400023066E-9,18.8000011,
,,,536.800030204E-9,199.99998808E-3,,,,,536.800030204E-9,239.99999464E-3,,,,,536.800030204E-9,18.8000011,
,,,537.199980499E-9,119.9999973E-3,,,,,537.199980499E-9,239.99999464E-3,,,,,537.199980499E-9,18.3999996,
,,,537.599987638E-9,79.999998212E-3,,,,,537.599987638E-9,239.99999464E-3,,,,,537.599987638E-9,18.8000011,
,,,537.999994776E-9,0.0,,,,,537.999994776E-9,199.99998808E-3,,,,,537.999994776E-9,18.8000011,
,,,538.400001915E-9,-39.99999911E-3,,,,,538.400001915E-9,199.99998808E-3,,,,,538.400001915E-9,18.8000011,
,,,538.800009053E-9,-79.999998212E-3,,,,,538.800009053E-9,119.9999973E-3,,,,,538.800009053E-9,18.8000011,
,,,539.200016192E-9,-119.9999973E-3,,,,,539.200016192E-9,39.99999911E-3,,,,,539.200016192E-9,18.8000011,
,,,539.600023330E-9,-159.99999642E-3,,,,,539.600023330E-9,0.0,,,,,539.600023330E-9,19.2000008,
,,,540.000030469E-9,-159.99999642E-3,,,,,540.000030469E-9,-39.99999911E-3,,,,,540.000030469E-9,19.6000004,
,,,540.399980764E-9,-159.99999642E-3,,,,,540.399980764E-9,-79.999998212E-3,,,,,540.399980764E-9,19.2000008,
,,,540.799987903E-9,-159.99999642E-3,,,,,540.799987903E-9,-119.9999973E-3,,,,,540.799987903E-9,19.6000004,
,,,541.199995041E-9,-159.99999642E-3,,,,,541.199995041E-9,-159.99999642E-3,,,,,541.199995041E-9,19.2000008,
,,,541.600002180E-9,-159.99999642E-3,,,,,541.600002180E-9,-199.99998808E-3,,,,,541.600002180E-9,19.2000008,
,,,542.000009318E-9,-159.99999642E-3,,,,,542.000009318E-9,-239.99999464E-3,,,,,542.000009318E-9,19.2000008,
,,,542.400016457E-9,-159.99999642E-3,,,,,542.400016457E-9,-280.00000119E-3,,,,,542.400016457E-9,19.2000008,
,,,542.800023595E-9,-199.99998808E-3,,,,,542.800023595E-9,-319.99999285E-3,,,,,542.800023595E-9,19.6000004,
,,,543.200030734E-9,-199.99998808E-3,,,,,543.200030734E-9,-319.99999285E-3,,,,,543.200030734E-9,19.6000004,
,,,543.599981029E-9,-199.99998808E-3,,,,,543.599981029E-9,-319.99999285E-3,,,,,543.599981029E-9,19.6000004,
,,,543.999988167E-9,-199.99998808E-3,,,,,543.999988167E-9,-280.00000119E-3,,,,,543.999988167E-9,19.6000004,
,,,544.399995306E-9,-159.99999642E-3,,,,,544.399995306E-9,-199.99998808E-3,,,,,544.399995306E-9,19.6000004,
,,,544.800002444E-9,-119.9999973E-3,,,,,544.800002444E-9,-159.99999642E-3,,,,,544.800002444E-9,19.6000004,
,,,545.200009583E-9,-79.999998212E-3,,,,,545.200009583E-9,-79.999998212E-3,,,,,545.200009583E-9,20.0000000,
,,,545.600016721E-9,-39.99999911E-3,,,,,545.600016721E-9,-39.99999911E-3,,,,,545.600016721E-9,20.39999962,
,,,546.000023860E-9,0.0,,,,,546.000023860E-9,0.0,,,,,546.000023860E-9,20.39999962,
,,,546.400030998E-9,39.99999911E-3,,,,,546.400030998E-9,39.99999911E-3,,,,,546.400030998E-9,20.39999962,
,,,546.799981294E-9,0.0,,,,,546.799981294E-9,39.99999911E-3,,,,,546.799981294E-9,20.39999962,
,,,547.199988432E-9,0.0,,,,,547.199988432E-9,79.999998212E-3,,,,,547.199988432E-9,20.0000000,
,,,547.599995571E-9,0.0,,,,,547.599995571E-9,119.9999973E-3,,,,,547.599995571E-9,20.0000000,
,,,548.000002709E-9,0.0,,,,,548.000002709E-9,159.99999642E-3,,,,,548.000002709E-9,20.0000000,
,,,548.400009848E-9,39.99999911E-3,,,,,548.400009848E-9,199.99998808E-3,,,,,548.400009848E-9,20.0000000,
,,,548.800016986E-9,39.99999911E-3,,,,,548.800016986E-9,199.99998808E-3,,,,,548.800016986E-9,20.0000000,
,,,549.200024125E-9,79.999998212E-3,,,,,549.200024125E-9,199.99998808E-3,,,,,549.200024125E-9,20.0000000,
,,,549.600031263E-9,39.99999911E-3,,,,,549.600031263E-9,159.99999642E-3,,,,,549.600031263E-9,20.0000000,
,,,549.999981558E-9,39.99999911E-3,,,,,549.999981558E-9,119.9999973E-3,,,,,549.999981558E-9,19.6000004,
,,,550.399988697E-9,39.99999911E-3,,,,,550.399988697E-9,79.999998212E-3,,,,,550.399988697E-9,19.6000004,
,,,550.799995835E-9,39.99999911E-3,,,,,550.799995835E-9,39.99999911E-3,,,,,550.799995835E-9,19.6000004,
,,,551.200002974E-9,39.99999911E-3,,,,,551.200002974E-9,39.99999911E-3,,,,,551.200002974E-9,19.2000008,
,,,551.600010112E-9,39.99999911E-3,,,,,551.600010112E-9,0.0,,,,,551.600010112E-9,19.2000008,
,,,552.000017251E-9,39.99999911E-3,,,,,552.000017251E-9,0.0,,,,,552.000017251E-9,19.2000008,
,,,552.400024389E-9,39.99999911E-3,,,,,552.400024389E-9,0.0,,,,,552.400024389E-9,19.2000008,
,,,552.800031528E-9,39.99999911E-3,,,,,552.800031528E-9,0.0,,,,,552.800031528E-9,19.2000008,
,,,553.199981823E-9,39.99999911E-3,,,,,553.199981823E-9,0.0,,,,,553.199981823E-9,19.2000008,
,,,553.599988962E-9,0.0,,,,,553.599988962E-9,-39.99999911E-3,,,,,553.599988962E-9,19.2000008,
,,,553.999996100E-9,-39.99999911E-3,,,,,553.999996100E-9,-39.99999911E-3,,,,,553.999996100E-9,19.2000008,
,,,554.400003239E-9,-39.99999911E-3,,,,,554.400003239E-9,-39.99999911E-3,,,,,554.400003239E-9,19.2000008,
,,,554.800010377E-9,-39.99999911E-3,,,,,554.800010377E-9,-79.999998212E-3,,,,,554.800010377E-9,19.2000008,
,,,555.200017516E-9,-39.99999911E-3,,,,,555.200017516E-9,-79.999998212E-3,,,,,555.200017516E-9,19.2000008,
,,,555.600024654E-9,0.0,,,,,555.600024654E-9,-119.9999973E-3,,,,,555.600024654E-9,19.2000008,
,,,556.000031793E-9,0.0,,,,,556.000031793E-9,-119.9999973E-3,,,,,556.000031793E-9,19.2000008,
,,,556.399982088E-9,0.0,,,,,556.399982088E-9,-79.999998212E-3,,,,,556.399982088E-9,19.2000008,
,,,556.799989226E-9,0.0,,,,,556.799989226E-9,-79.999998212E-3,,,,,556.799989226E-9,18.8000011,
,,,557.199996365E-9,0.0,,,,,557.199996365E-9,-39.99999911E-3,,,,,557.199996365E-9,18.8000011,
,,,557.600003503E-9,0.0,,,,,557.600003503E-9,0.0,,,,,557.600003503E-9,18.8000011,
,,,558.000010642E-9,0.0,,,,,558.000010642E-9,39.99999911E-3,,,,,558.000010642E-9,18.8000011,
,,,558.400017781E-9,39.99999911E-3,,,,,558.400017781E-9,119.9999973E-3,,,,,558.400017781E-9,18.8000011,
,,,558.800024919E-9,39.99999911E-3,,,,,558.800024919E-9,159.99999642E-3,,,,,558.800024919E-9,18.8000011,
,,,559.200032058E-9,79.999998212E-3,,,,,559.200032058E-9,199.99998808E-3,,,,,559.200032058E-9,18.8000011,
,,,559.599982353E-9,119.9999973E-3,,,,,559.599982353E-9,239.99999464E-3,,,,,559.599982353E-9,18.8000011,
,,,559.999989491E-9,119.9999973E-3,,,,,559.999989491E-9,239.99999464E-3,,,,,559.999989491E-9,19.2000008,
,,,560.399996630E-9,119.9999973E-3,,,,,560.399996630E-9,280.00000119E-3,,,,,560.399996630E-9,19.6000004,
,,,560.800003768E-9,79.999998212E-3,,,,,560.800003768E-9,280.00000119E-3,,,,,560.800003768E-9,19.6000004,
,,,561.200010907E-9,39.99999911E-3,,,,,561.200010907E-9,280.00000119E-3,,,,,561.200010907E-9,19.6000004,
,,,561.600018045E-9,39.99999911E-3,,,,,561.600018045E-9,239.99999464E-3,,,,,561.600018045E-9,19.6000004,
,,,562.000025184E-9,39.99999911E-3,,,,,562.000025184E-9,199.99998808E-3,,,,,562.000025184E-9,19.2000008,
,,,562.400032322E-9,39.99999911E-3,,,,,562.400032322E-9,159.99999642E-3,,,,,562.400032322E-9,19.2000008,
,,,562.799982617E-9,0.0,,,,,562.799982617E-9,79.999998212E-3,,,,,562.799982617E-9,19.6000004,
,,,563.199989756E-9,0.0,,,,,563.199989756E-9,0.0,,,,,563.199989756E-9,20.0000000,
,,,563.599996894E-9,-39.99999911E-3,,,,,563.599996894E-9,-39.99999911E-3,,,,,563.599996894E-9,20.39999962,
,,,564.000004033E-9,-79.999998212E-3,,,,,564.000004033E-9,-79.999998212E-3,,,,,564.000004033E-9,20.39999962,
,,,564.400011172E-9,-79.999998212E-3,,,,,564.400011172E-9,-79.999998212E-3,,,,,564.400011172E-9,20.39999962,
,,,564.800018310E-9,-119.9999973E-3,,,,,564.800018310E-9,-119.9999973E-3,,,,,564.800018310E-9,20.39999962,
,,,565.200025449E-9,-119.9999973E-3,,,,,565.200025449E-9,-119.9999973E-3,,,,,565.200025449E-9,20.39999962,
,,,565.600032587E-9,-159.99999642E-3,,,,,565.600032587E-9,-159.99999642E-3,,,,,565.600032587E-9,20.39999962,
,,,565.999982882E-9,-159.99999642E-3,,,,,565.999982882E-9,-159.99999642E-3,,,,,565.999982882E-9,20.39999962,
,,,566.399990021E-9,-159.99999642E-3,,,,,566.399990021E-9,-119.9999973E-3,,,,,566.399990021E-9,20.39999962,
,,,566.799997159E-9,-199.99998808E-3,,,,,566.799997159E-9,-119.9999973E-3,,,,,566.799997159E-9,20.39999962,
,,,567.200004298E-9,-199.99998808E-3,,,,,567.200004298E-9,-79.999998212E-3,,,,,567.200004298E-9,20.39999962,
,,,567.600011436E-9,-199.99998808E-3,,,,,567.600011436E-9,-39.99999911E-3,,,,,567.600011436E-9,20.0000000,
,,,568.000018575E-9,-199.99998808E-3,,,,,568.000018575E-9,-39.99999911E-3,,,,,568.000018575E-9,20.0000000,
,,,568.400025713E-9,-159.99999642E-3,,,,,568.400025713E-9,0.0,,,,,568.400025713E-9,19.6000004,
,,,568.800032852E-9,-159.99999642E-3,,,,,568.800032852E-9,0.0,,,,,568.800032852E-9,19.6000004,
,,,569.199983147E-9,-119.9999973E-3,,,,,569.199983147E-9,39.99999911E-3,,,,,569.199983147E-9,19.6000004,
,,,569.599990285E-9,-79.999998212E-3,,,,,569.599990285E-9,79.999998212E-3,,,,,569.599990285E-9,19.2000008,
,,,569.999997424E-9,-39.99999911E-3,,,,,569.999997424E-9,119.9999973E-3,,,,,569.999997424E-9,19.6000004,
,,,570.400004563E-9,0.0,,,,,570.400004563E-9,159.99999642E-3,,,,,570.400004563E-9,19.6000004,
,,,570.800011701E-9,39.99999911E-3,,,,,570.800011701E-9,199.99998808E-3,,,,,570.800011701E-9,19.2000008,
,,,571.200018840E-9,39.99999911E-3,,,,,571.200018840E-9,199.99998808E-3,,,,,571.200018840E-9,19.2000008,
,,,571.600025978E-9,79.999998212E-3,,,,,571.600025978E-9,239.99999464E-3,,,,,571.600025978E-9,19.2000008,
,,,572.000033117E-9,79.999998212E-3,,,,,572.000033117E-9,239.99999464E-3,,,,,572.000033117E-9,18.8000011,
,,,572.399983412E-9,79.999998212E-3,,,,,572.399983412E-9,239.99999464E-3,,,,,572.399983412E-9,19.2000008,
,,,572.799990550E-9,79.999998212E-3,,,,,572.799990550E-9,199.99998808E-3,,,,,572.799990550E-9,19.2000008,
,,,573.199997689E-9,79.999998212E-3,,,,,573.199997689E-9,159.99999642E-3,,,,,573.199997689E-9,19.2000008,
,,,573.600004827E-9,39.99999911E-3,,,,,573.600004827E-9,159.99999642E-3,,,,,573.600004827E-9,19.2000008,
,,,574.000011966E-9,39.99999911E-3,,,,,574.000011966E-9,159.99999642E-3,,,,,574.000011966E-9,19.6000004,
,,,574.400019104E-9,39.99999911E-3,,,,,574.400019104E-9,159.99999642E-3,,,,,574.400019104E-9,19.6000004,
,,,574.800026243E-9,0.0,,,,,574.800026243E-9,119.9999973E-3,,,,,574.800026243E-9,19.6000004,
,,,575.200033381E-9,0.0,,,,,575.200033381E-9,39.99999911E-3,,,,,575.200033381E-9,19.6000004,
,,,575.599983677E-9,0.0,,,,,575.599983677E-9,0.0,,,,,575.599983677E-9,19.2000008,
,,,575.999990815E-9,0.0,,,,,575.999990815E-9,-39.99999911E-3,,,,,575.999990815E-9,19.2000008,
,,,576.399997954E-9,0.0,,,,,576.399997954E-9,-39.99999911E-3,,,,,576.399997954E-9,19.2000008,
,,,576.800005092E-9,-39.99999911E-3,,,,,576.800005092E-9,-79.999998212E-3,,,,,576.800005092E-9,19.2000008,
,,,577.200012231E-9,-39.99999911E-3,,,,,577.200012231E-9,-79.999998212E-3,,,,,577.200012231E-9,19.2000008,
,,,577.600019369E-9,-79.999998212E-3,,,,,577.600019369E-9,-79.999998212E-3,,,,,577.600019369E-9,19.2000008,
,,,578.000026508E-9,-119.9999973E-3,,,,,578.000026508E-9,-79.999998212E-3,,,,,578.000026508E-9,19.6000004,
,,,578.400033646E-9,-119.9999973E-3,,,,,578.400033646E-9,-39.99999911E-3,,,,,578.400033646E-9,19.6000004,
,,,578.799983941E-9,-159.99999642E-3,,,,,578.799983941E-9,-39.99999911E-3,,,,,578.799983941E-9,19.6000004,
,,,579.199991080E-9,-159.99999642E-3,,,,,579.199991080E-9,-39.99999911E-3,,,,,579.199991080E-9,19.6000004,
,,,579.599998218E-9,-159.99999642E-3,,,,,579.599998218E-9,0.0,,,,,579.599998218E-9,19.6000004,
,,,580.000005357E-9,-119.9999973E-3,,,,,580.000005357E-9,79.999998212E-3,,,,,580.000005357E-9,19.6000004,
,,,580.400012495E-9,-79.999998212E-3,,,,,580.400012495E-9,159.99999642E-3,,,,,580.400012495E-9,19.6000004,
,,,580.800019634E-9,-79.999998212E-3,,,,,580.800019634E-9,199.99998808E-3,,,,,580.800019634E-9,19.6000004,
,,,581.200026772E-9,-39.99999911E-3,,,,,581.200026772E-9,280.00000119E-3,,,,,581.200026772E-9,19.6000004,
,,,581.600033911E-9,0.0,,,,,581.600033911E-9,319.99999285E-3,,,,,581.600033911E-9,19.6000004,
,,,581.999984206E-9,39.99999911E-3,,,,,581.999984206E-9,359.99998450E-3,,,,,581.999984206E-9,19.6000004,
,,,582.399991345E-9,79.999998212E-3,,,,,582.399991345E-9,399.99997616E-3,,,,,582.399991345E-9,19.6000004,
,,,582.799998483E-9,79.999998212E-3,,,,,582.799998483E-9,399.99997616E-3,,,,,582.799998483E-9,19.6000004,
,,,583.200005622E-9,79.999998212E-3,,,,,583.200005622E-9,399.99997616E-3,,,,,583.200005622E-9,19.6000004,
,,,583.600012760E-9,79.999998212E-3,,,,,583.600012760E-9,399.99997616E-3,,,,,583.600012760E-9,19.6000004,
,,,584.000019899E-9,79.999998212E-3,,,,,584.000019899E-9,359.99998450E-3,,,,,584.000019899E-9,19.6000004,
,,,584.400027037E-9,79.999998212E-3,,,,,584.400027037E-9,359.99998450E-3,,,,,584.400027037E-9,20.0000000,
,,,584.800034176E-9,39.99999911E-3,,,,,584.800034176E-9,319.99999285E-3,,,,,584.800034176E-9,20.0000000,
,,,585.199984471E-9,39.99999911E-3,,,,,585.199984471E-9,239.99999464E-3,,,,,585.199984471E-9,20.0000000,
,,,585.599991609E-9,0.0,,,,,585.599991609E-9,199.99998808E-3,,,,,585.599991609E-9,20.0000000,
,,,585.999998748E-9,-39.99999911E-3,,,,,585.999998748E-9,119.9999973E-3,,,,,585.999998748E-9,20.0000000,
,,,586.400005886E-9,-39.99999911E-3,,,,,586.400005886E-9,79.999998212E-3,,,,,586.400005886E-9,20.0000000,
,,,586.800013025E-9,-79.999998212E-3,,,,,586.800013025E-9,39.99999911E-3,,,,,586.800013025E-9,20.39999962,
,,,587.200020163E-9,-79.999998212E-3,,,,,587.200020163E-9,0.0,,,,,587.200020163E-9,20.39999962,
,,,587.600027302E-9,-119.9999973E-3,,,,,587.600027302E-9,-39.99999911E-3,,,,,587.600027302E-9,20.39999962,
,,,588.000034440E-9,-119.9999973E-3,,,,,588.000034440E-9,-79.999998212E-3,,,,,588.000034440E-9,20.39999962,
,,,588.399984736E-9,-119.9999973E-3,,,,,588.399984736E-9,-79.999998212E-3,,,,,588.399984736E-9,20.39999962,
,,,588.799991874E-9,-159.99999642E-3,,,,,588.799991874E-9,-119.9999973E-3,,,,,588.799991874E-9,20.0000000,
,,,589.199999013E-9,-159.99999642E-3,,,,,589.199999013E-9,-79.999998212E-3,,,,,589.199999013E-9,20.0000000,
,,,589.600006151E-9,-159.99999642E-3,,,,,589.600006151E-9,-79.999998212E-3,,,,,589.600006151E-9,20.0000000,
,,,590.000013290E-9,-159.99999642E-3,,,,,590.000013290E-9,-119.9999973E-3,,,,,590.000013290E-9,20.0000000,
,,,590.400020428E-9,-119.9999973E-3,,,,,590.400020428E-9,-79.999998212E-3,,,,,590.400020428E-9,20.0000000,
,,,590.800027567E-9,-159.99999642E-3,,,,,590.800027567E-9,-79.999998212E-3,,,,,590.800027567E-9,19.6000004,
,,,591.200034705E-9,-119.9999973E-3,,,,,591.200034705E-9,-39.99999911E-3,,,,,591.200034705E-9,19.6000004,
,,,591.599985000E-9,-119.9999973E-3,,,,,591.599985000E-9,0.0,,,,,591.599985000E-9,19.6000004,
,,,591.999992139E-9,-79.999998212E-3,,,,,591.999992139E-9,39.99999911E-3,,,,,591.999992139E-9,19.6000004,
,,,592.399999277E-9,0.0,,,,,592.399999277E-9,79.999998212E-3,,,,,592.399999277E-9,19.6000004,
,,,592.800006416E-9,0.0,,,,,592.800006416E-9,79.999998212E-3,,,,,592.800006416E-9,19.2000008,
,,,593.200013554E-9,39.99999911E-3,,,,,593.200013554E-9,119.9999973E-3,,,,,593.200013554E-9,19.2000008,
,,,593.600020693E-9,79.999998212E-3,,,,,593.600020693E-9,159.99999642E-3,,,,,593.600020693E-9,19.2000008,
,,,594.000027831E-9,119.9999973E-3,,,,,594.000027831E-9,239.99999464E-3,,,,,594.000027831E-9,19.2000008,
,,,594.400034970E-9,159.99999642E-3,,,,,594.400034970E-9,280.00000119E-3,,,,,594.400034970E-9,19.2000008,
,,,594.799985265E-9,159.99999642E-3,,,,,594.799985265E-9,280.00000119E-3,,,,,594.799985265E-9,19.2000008,
,,,595.199992404E-9,159.99999642E-3,,,,,595.199992404E-9,319.99999285E-3,,,,,595.199992404E-9,19.2000008,
,,,595.599999542E-9,159.99999642E-3,,,,,595.599999542E-9,280.00000119E-3,,,,,595.599999542E-9,18.8000011,
,,,596.000006681E-9,119.9999973E-3,,,,,596.000006681E-9,239.99999464E-3,,,,,596.000006681E-9,18.8000011,
,,,596.400013819E-9,119.9999973E-3,,,,,596.400013819E-9,199.99998808E-3,,,,,596.400013819E-9,18.8000011,
,,,596.800020958E-9,79.999998212E-3,,,,,596.800020958E-9,119.9999973E-3,,,,,596.800020958E-9,18.8000011,
,,,597.200028096E-9,39.99999911E-3,,,,,597.200028096E-9,39.99999911E-3,,,,,597.200028096E-9,18.8000011,
,,,597.600035235E-9,0.0,,,,,597.600035235E-9,0.0,,,,,597.600035235E-9,18.8000011,
,,,597.999985530E-9,-39.99999911E-3,,,,,597.999985530E-9,-39.99999911E-3,,,,,597.999985530E-9,19.2000008,
,,,598.399992668E-9,-39.99999911E-3,,,,,598.399992668E-9,-79.999998212E-3,,,,,598.399992668E-9,19.2000008,
,,,598.799999807E-9,-79.999998212E-3,,,,,598.799999807E-9,-119.9999973E-3,,,,,598.799999807E-9,19.2000008,
,,,599.200006945E-9,-79.999998212E-3,,,,,599.200006945E-9,-159.99999642E-3,,,,,599.200006945E-9,19.2000008,
,,,599.600014084E-9,-119.9999973E-3,,,,,599.600014084E-9,-199.99998808E-3,,,,,599.600014084E-9,18.8000011,
,,,600.000021223E-9,-119.9999973E-3,,,,,600.000021223E-9,-239.99999464E-3,,,,,600.000021223E-9,18.8000011,
,,,600.400028361E-9,-119.9999973E-3,,,,,600.400028361E-9,-239.99999464E-3,,,,,600.400028361E-9,18.8000011,
,,,600.800035500E-9,-119.9999973E-3,,,,,600.800035500E-9,-239.99999464E-3,,,,,600.800035500E-9,18.8000011,
,,,601.199985795E-9,-119.9999973E-3,,,,,601.199985795E-9,-239.99999464E-3,,,,,601.199985795E-9,19.2000008,
,,,601.599992933E-9,-79.999998212E-3,,,,,601.599992933E-9,-199.99998808E-3,,,,,601.599992933E-9,19.2000008,
,,,602.000000072E-9,-39.99999911E-3,,,,,602.000000072E-9,-159.99999642E-3,,,,,602.000000072E-9,19.2000008,
,,,602.400007210E-9,0.0,,,,,602.400007210E-9,-79.999998212E-3,,,,,602.400007210E-9,19.6000004,
,,,602.800014349E-9,0.0,,,,,602.800014349E-9,0.0,,,,,602.800014349E-9,19.6000004,
,,,603.200021487E-9,0.0,,,,,603.200021487E-9,79.999998212E-3,,,,,603.200021487E-9,19.6000004,
,,,603.600028626E-9,0.0,,,,,603.600028626E-9,119.9999973E-3,,,,,603.600028626E-9,19.6000004,
,,,604.000035764E-9,0.0,,,,,604.000035764E-9,159.99999642E-3,,,,,604.000035764E-9,19.6000004,
,,,604.399986059E-9,39.99999911E-3,,,,,604.399986059E-9,199.99998808E-3,,,,,604.399986059E-9,19.6000004,
,,,604.799993198E-9,39.99999911E-3,,,,,604.799993198E-9,239.99999464E-3,,,,,604.799993198E-9,20.0000000,
,,,605.200000336E-9,79.999998212E-3,,,,,605.200000336E-9,239.99999464E-3,,,,,605.200000336E-9,20.0000000,
,,,605.600007475E-9,119.9999973E-3,,,,,605.600007475E-9,280.00000119E-3,,,,,605.600007475E-9,20.39999962,
,,,606.000014614E-9,119.9999973E-3,,,,,606.000014614E-9,280.00000119E-3,,,,,606.000014614E-9,20.39999962,
,,,606.400021752E-9,119.9999973E-3,,,,,606.400021752E-9,280.00000119E-3,,,,,606.400021752E-9,20.0000000,
,,,606.800028891E-9,79.999998212E-3,,,,,606.800028891E-9,239.99999464E-3,,,,,606.800028891E-9,20.0000000,
,,,607.200036029E-9,79.999998212E-3,,,,,607.200036029E-9,199.99998808E-3,,,,,607.200036029E-9,20.0000000,
,,,607.599986324E-9,39.99999911E-3,,,,,607.599986324E-9,159.99999642E-3,,,,,607.599986324E-9,20.0000000,
,,,607.999993463E-9,39.99999911E-3,,,,,607.999993463E-9,119.9999973E-3,,,,,607.999993463E-9,20.0000000,
,,,608.400000601E-9,39.99999911E-3,,,,,608.400000601E-9,79.999998212E-3,,,,,608.400000601E-9,20.0000000,
,,,608.800007740E-9,0.0,,,,,608.800007740E-9,39.99999911E-3,,,,,608.800007740E-9,20.39999962,
,,,609.200014878E-9,-39.99999911E-3,,,,,609.200014878E-9,39.99999911E-3,,,,,609.200014878E-9,20.0000000,
,,,609.600022017E-9,-79.999998212E-3,,,,,609.600022017E-9,0.0,,,,,609.600022017E-9,20.0000000,
,,,610.000029155E-9,-119.9999973E-3,,,,,610.000029155E-9,-39.99999911E-3,,,,,610.000029155E-9,20.0000000,
,,,610.400036294E-9,-119.9999973E-3,,,,,610.400036294E-9,-79.999998212E-3,,,,,610.400036294E-9,19.6000004,
,,,610.799986589E-9,-159.99999642E-3,,,,,610.799986589E-9,-119.9999973E-3,,,,,610.799986589E-9,19.6000004,
,,,611.199993727E-9,-159.99999642E-3,,,,,611.199993727E-9,-159.99999642E-3,,,,,611.199993727E-9,19.6000004,
,,,611.600000866E-9,-119.9999973E-3,,,,,611.600000866E-9,-199.99998808E-3,,,,,611.600000866E-9,19.6000004,
,,,612.000008005E-9,-119.9999973E-3,,,,,612.000008005E-9,-199.99998808E-3,,,,,612.000008005E-9,20.0000000,
,,,612.400015143E-9,-79.999998212E-3,,,,,612.400015143E-9,-199.99998808E-3,,,,,612.400015143E-9,20.0000000,
,,,612.800022282E-9,-79.999998212E-3,,,,,612.800022282E-9,-239.99999464E-3,,,,,612.800022282E-9,20.0000000,
,,,613.200029420E-9,-79.999998212E-3,,,,,613.200029420E-9,-239.99999464E-3,,,,,613.200029420E-9,19.6000004,
,,,613.599979715E-9,-39.99999911E-3,,,,,613.599979715E-9,-199.99998808E-3,,,,,613.599979715E-9,19.6000004,
,,,613.999986854E-9,-39.99999911E-3,,,,,613.999986854E-9,-159.99999642E-3,,,,,613.999986854E-9,19.2000008,
,,,614.399993992E-9,0.0,,,,,614.399993992E-9,-79.999998212E-3,,,,,614.399993992E-9,19.2000008,
,,,614.800001131E-9,0.0,,,,,614.800001131E-9,-39.99999911E-3,,,,,614.800001131E-9,18.8000011,
,,,615.200008269E-9,39.99999911E-3,,,,,615.200008269E-9,0.0,,,,,615.200008269E-9,18.8000011,
,,,615.600015408E-9,79.999998212E-3,,,,,615.600015408E-9,39.99999911E-3,,,,,615.600015408E-9,18.8000011,
,,,616.000022546E-9,79.999998212E-3,,,,,616.000022546E-9,79.999998212E-3,,,,,616.000022546E-9,18.8000011,
,,,616.400029685E-9,119.9999973E-3,,,,,616.400029685E-9,119.9999973E-3,,,,,616.400029685E-9,18.8000011,
,,,616.799979980E-9,79.999998212E-3,,,,,616.799979980E-9,119.9999973E-3,,,,,616.799979980E-9,19.2000008,
,,,617.199987119E-9,79.999998212E-3,,,,,617.199987119E-9,159.99999642E-3,,,,,617.199987119E-9,19.2000008,
,,,617.599994257E-9,79.999998212E-3,,,,,617.599994257E-9,159.99999642E-3,,,,,617.599994257E-9,19.2000008,
,,,618.000001396E-9,79.999998212E-3,,,,,618.000001396E-9,159.99999642E-3,,,,,618.000001396E-9,18.8000011,
,,,618.400008534E-9,79.999998212E-3,,,,,618.400008534E-9,159.99999642E-3,,,,,618.400008534E-9,18.8000011,
,,,618.800015673E-9,39.99999911E-3,,,,,618.800015673E-9,119.9999973E-3,,,,,618.800015673E-9,18.8000011,
,,,619.200022811E-9,39.99999911E-3,,,,,619.200022811E-9,79.999998212E-3,,,,,619.200022811E-9,18.8000011,
,,,619.600029950E-9,0.0,,,,,619.600029950E-9,39.99999911E-3,,,,,619.600029950E-9,18.8000011,
,,,619.999980245E-9,-39.99999911E-3,,,,,619.999980245E-9,-39.99999911E-3,,,,,619.999980245E-9,18.3999996,
,,,620.399987383E-9,-39.99999911E-3,,,,,620.399987383E-9,-79.999998212E-3,,,,,620.399987383E-9,18.8000011,
,,,620.799994522E-9,-79.999998212E-3,,,,,620.799994522E-9,-159.99999642E-3,,,,,620.799994522E-9,18.8000011,
,,,621.200001660E-9,-39.99999911E-3,,,,,621.200001660E-9,-239.99999464E-3,,,,,621.200001660E-9,18.8000011,
,,,621.600008799E-9,-39.99999911E-3,,,,,621.600008799E-9,-239.99999464E-3,,,,,621.600008799E-9,19.2000008,
,,,622.000015937E-9,-39.99999911E-3,,,,,622.000015937E-9,-239.99999464E-3,,,,,622.000015937E-9,19.2000008,
,,,622.400023076E-9,-39.99999911E-3,,,,,622.400023076E-9,-199.99998808E-3,,,,,622.400023076E-9,19.6000004,
,,,622.800030214E-9,-39.99999911E-3,,,,,622.800030214E-9,-199.99998808E-3,,,,,622.800030214E-9,19.6000004,
,,,623.199980510E-9,-39.99999911E-3,,,,,623.199980510E-9,-199.99998808E-3,,,,,623.199980510E-9,19.6000004,
,,,623.599987648E-9,-39.99999911E-3,,,,,623.599987648E-9,-159.99999642E-3,,,,,623.599987648E-9,19.6000004,
,,,623.999994787E-9,-39.99999911E-3,,,,,623.999994787E-9,-159.99999642E-3,,,,,623.999994787E-9,19.6000004,
,,,624.400001925E-9,0.0,,,,,624.400001925E-9,-159.99999642E-3,,,,,624.400001925E-9,19.6000004,
,,,624.800009064E-9,-39.99999911E-3,,,,,624.800009064E-9,-159.99999642E-3,,,,,624.800009064E-9,19.6000004,
,,,625.200016202E-9,-39.99999911E-3,,,,,625.200016202E-9,-119.9999973E-3,,,,,625.200016202E-9,20.0000000,
,,,625.600023341E-9,-39.99999911E-3,,,,,625.600023341E-9,-79.999998212E-3,,,,,625.600023341E-9,20.0000000,
,,,626.000030479E-9,-39.99999911E-3,,,,,626.000030479E-9,-39.99999911E-3,,,,,626.000030479E-9,20.0000000,
,,,626.399980774E-9,0.0,,,,,626.399980774E-9,0.0,,,,,626.399980774E-9,20.0000000,
,,,626.799987913E-9,0.0,,,,,626.799987913E-9,0.0,,,,,626.799987913E-9,20.0000000,
,,,627.199995051E-9,0.0,,,,,627.199995051E-9,39.99999911E-3,,,,,627.199995051E-9,20.0000000,
,,,627.600002190E-9,-39.99999911E-3,,,,,627.600002190E-9,79.999998212E-3,,,,,627.600002190E-9,20.0000000,
,,,628.000009328E-9,-39.99999911E-3,,,,,628.000009328E-9,119.9999973E-3,,,,,628.000009328E-9,20.0000000,
,,,628.400016467E-9,-39.99999911E-3,,,,,628.400016467E-9,119.9999973E-3,,,,,628.400016467E-9,20.0000000,
,,,628.800023605E-9,-39.99999911E-3,,,,,628.800023605E-9,79.999998212E-3,,,,,628.800023605E-9,19.6000004,
,,,629.200030744E-9,-39.99999911E-3,,,,,629.200030744E-9,39.99999911E-3,,,,,629.200030744E-9,19.6000004,
,,,629.599981039E-9,0.0,,,,,629.599981039E-9,0.0,,,,,629.599981039E-9,19.6000004,
,,,629.999988178E-9,-39.99999911E-3,,,,,629.999988178E-9,0.0,,,,,629.999988178E-9,19.6000004,
,,,630.399995316E-9,-39.99999911E-3,,,,,630.399995316E-9,0.0,,,,,630.399995316E-9,19.2000008,
,,,630.800002455E-9,-79.999998212E-3,,,,,630.800002455E-9,-39.99999911E-3,,,,,630.800002455E-9,19.6000004,
,,,631.200009593E-9,-119.9999973E-3,,,,,631.200009593E-9,-39.99999911E-3,,,,,631.200009593E-9,19.6000004,
,,,631.600016732E-9,-119.9999973E-3,,,,,631.600016732E-9,-79.999998212E-3,,,,,631.600016732E-9,19.6000004,
,,,632.000023870E-9,-119.9999973E-3,,,,,632.000023870E-9,-79.999998212E-3,,,,,632.000023870E-9,19.2000008,
,,,632.400031009E-9,-79.999998212E-3,,,,,632.400031009E-9,-79.999998212E-3,,,,,632.400031009E-9,19.2000008,
,,,632.799981304E-9,-79.999998212E-3,,,,,632.799981304E-9,-119.9999973E-3,,,,,632.799981304E-9,19.2000008,
,,,633.199988442E-9,-79.999998212E-3,,,,,633.199988442E-9,-79.999998212E-3,,,,,633.199988442E-9,19.2000008,
,,,633.599995581E-9,-79.999998212E-3,,,,,633.599995581E-9,-79.999998212E-3,,,,,633.599995581E-9,19.2000008,
,,,634.000002719E-9,-79.999998212E-3,,,,,634.000002719E-9,-79.999998212E-3,,,,,634.000002719E-9,18.8000011,
,,,634.400009858E-9,-39.99999911E-3,,,,,634.400009858E-9,-39.99999911E-3,,,,,634.400009858E-9,18.8000011,
,,,634.800016996E-9,-39.99999911E-3,,,,,634.800016996E-9,-39.99999911E-3,,,,,634.800016996E-9,18.3999996,
,,,635.200024135E-9,-39.99999911E-3,,,,,635.200024135E-9,-39.99999911E-3,,,,,635.200024135E-9,18.3999996,
,,,635.600031273E-9,0.0,,,,,635.600031273E-9,-39.99999911E-3,,,,,635.600031273E-9,18.3999996,
,,,635.999981569E-9,0.0,,,,,635.999981569E-9,0.0,,,,,635.999981569E-9,18.3999996,
,,,636.399988707E-9,0.0,,,,,636.399988707E-9,39.99999911E-3,,,,,636.399988707E-9,18.8000011,
,,,636.799995846E-9,0.0,,,,,636.799995846E-9,39.99999911E-3,,,,,636.799995846E-9,18.8000011,
,,,637.200002984E-9,39.99999911E-3,,,,,637.200002984E-9,79.999998212E-3,,,,,637.200002984E-9,18.8000011,
,,,637.600010123E-9,79.999998212E-3,,,,,637.600010123E-9,119.9999973E-3,,,,,637.600010123E-9,18.8000011,
,,,638.000017261E-9,79.999998212E-3,,,,,638.000017261E-9,159.99999642E-3,,,,,638.000017261E-9,18.8000011,
,,,638.400024400E-9,79.999998212E-3,,,,,638.400024400E-9,199.99998808E-3,,,,,638.400024400E-9,18.8000011,
,,,638.800031538E-9,79.999998212E-3,,,,,638.800031538E-9,199.99998808E-3,,,,,638.800031538E-9,18.3999996,
,,,639.199981833E-9,79.999998212E-3,,,,,639.199981833E-9,199.99998808E-3,,,,,639.199981833E-9,18.3999996,
,,,639.599988972E-9,79.999998212E-3,,,,,639.599988972E-9,159.99999642E-3,,,,,639.599988972E-9,18.3999996,
,,,639.999996110E-9,79.999998212E-3,,,,,639.999996110E-9,159.99999642E-3,,,,,639.999996110E-9,18.3999996,
,,,640.400003249E-9,79.999998212E-3,,,,,640.400003249E-9,119.9999973E-3,,,,,640.400003249E-9,18.3999996,
,,,640.800010387E-9,39.99999911E-3,,,,,640.800010387E-9,79.999998212E-3,,,,,640.800010387E-9,18.3999996,
,,,641.200017526E-9,39.99999911E-3,,,,,641.200017526E-9,39.99999911E-3,,,,,641.200017526E-9,18.3999996,
,,,641.600024665E-9,0.0,,,,,641.600024665E-9,0.0,,,,,641.600024665E-9,18.3999996,
,,,642.000031803E-9,-39.99999911E-3,,,,,642.000031803E-9,-39.99999911E-3,,,,,642.000031803E-9,18.8000011,
,,,642.399982098E-9,-39.99999911E-3,,,,,642.399982098E-9,-39.99999911E-3,,,,,642.399982098E-9,18.8000011,
,,,642.799989237E-9,-79.999998212E-3,,,,,642.799989237E-9,-79.999998212E-3,,,,,642.799989237E-9,18.8000011,
,,,643.199996375E-9,-119.9999973E-3,,,,,643.199996375E-9,-119.9999973E-3,,,,,643.199996375E-9,18.8000011,
,,,643.600003514E-9,-119.9999973E-3,,,,,643.600003514E-9,-159.99999642E-3,,,,,643.600003514E-9,18.8000011,
,,,644.000010652E-9,-119.9999973E-3,,,,,644.000010652E-9,-159.99999642E-3,,,,,644.000010652E-9,18.8000011,
,,,644.400017791E-9,-79.999998212E-3,,,,,644.400017791E-9,-159.99999642E-3,,,,,644.400017791E-9,18.8000011,
,,,644.800024929E-9,-79.999998212E-3,,,,,644.800024929E-9,-159.99999642E-3,,,,,644.800024929E-9,18.8000011,
,,,645.200032068E-9,-79.999998212E-3,,,,,645.200032068E-9,-159.99999642E-3,,,,,645.200032068E-9,18.8000011,
,,,645.599982363E-9,-79.999998212E-3,,,,,645.599982363E-9,-119.9999973E-3,,,,,645.599982363E-9,18.8000011,
,,,645.999989501E-9,-79.999998212E-3,,,,,645.999989501E-9,-79.999998212E-3,,,,,645.999989501E-9,18.8000011,
,,,646.399996640E-9,-39.99999911E-3,,,,,646.399996640E-9,-39.99999911E-3,,,,,646.399996640E-9,18.8000011,
,,,646.800003778E-9,-39.99999911E-3,,,,,646.800003778E-9,-39.99999911E-3,,,,,646.800003778E-9,19.2000008,
,,,647.200010917E-9,-39.99999911E-3,,,,,647.200010917E-9,0.0,,,,,647.200010917E-9,19.2000008,
,,,647.600018056E-9,0.0,,,,,647.600018056E-9,39.99999911E-3,,,,,647.600018056E-9,19.2000008,
,,,648.000025194E-9,0.0,,,,,648.000025194E-9,79.999998212E-3,,,,,648.000025194E-9,19.2000008,
,,,648.400032333E-9,0.0,,,,,648.400032333E-9,119.9999973E-3,,,,,648.400032333E-9,19.2000008,
,,,648.799982628E-9,0.0,,,,,648.799982628E-9,119.9999973E-3,,,,,648.799982628E-9,19.2000008,
,,,649.199989766E-9,0.0,,,,,649.199989766E-9,159.99999642E-3,,,,,649.199989766E-9,19.2000008,
,,,649.599996905E-9,39.99999911E-3,,,,,649.599996905E-9,159.99999642E-3,,,,,649.599996905E-9,19.6000004,
,,,650.000004043E-9,39.99999911E-3,,,,,650.000004043E-9,159.99999642E-3,,,,,650.000004043E-9,19.2000008,
,,,650.400011182E-9,39.99999911E-3,,,,,650.400011182E-9,159.99999642E-3,,,,,650.400011182E-9,19.2000008,
,,,650.800018320E-9,39.99999911E-3,,,,,650.800018320E-9,159.99999642E-3,,,,,650.800018320E-9,18.8000011,
,,,651.200025459E-9,39.99999911E-3,,,,,651.200025459E-9,159.99999642E-3,,,,,651.200025459E-9,18.8000011,
,,,651.600032597E-9,39.99999911E-3,,,,,651.600032597E-9,159.99999642E-3,,,,,651.600032597E-9,19.2000008,
,,,651.999982892E-9,39.99999911E-3,,,,,651.999982892E-9,159.99999642E-3,,,,,651.999982892E-9,18.8000011,
,,,652.399990031E-9,39.99999911E-3,,,,,652.399990031E-9,159.99999642E-3,,,,,652.399990031E-9,18.8000011,
,,,652.799997169E-9,0.0,,,,,652.799997169E-9,119.9999973E-3,,,,,652.799997169E-9,18.8000011,
,,,653.200004308E-9,-39.99999911E-3,,,,,653.200004308E-9,79.999998212E-3,,,,,653.200004308E-9,18.3999996,
,,,653.600011447E-9,-79.999998212E-3,,,,,653.600011447E-9,39.99999911E-3,,,,,653.600011447E-9,18.3999996,
,,,654.000018585E-9,-79.999998212E-3,,,,,654.000018585E-9,0.0,,,,,654.000018585E-9,18.3999996,
,,,654.400025724E-9,-79.999998212E-3,,,,,654.400025724E-9,-39.99999911E-3,,,,,654.400025724E-9,18.3999996,
,,,654.800032862E-9,-79.999998212E-3,,,,,654.800032862E-9,-79.999998212E-3,,,,,654.800032862E-9,18.3999996,
,,,655.199983157E-9,-79.999998212E-3,,,,,655.199983157E-9,-79.999998212E-3,,,,,655.199983157E-9,18.3999996,
,,,655.599990296E-9,-79.999998212E-3,,,,,655.599990296E-9,-119.9999973E-3,,,,,655.599990296E-9,18.3999996,
,,,655.999997434E-9,-79.999998212E-3,,,,,655.999997434E-9,-119.9999973E-3,,,,,655.999997434E-9,18.3999996,
,,,656.400004573E-9,-79.999998212E-3,,,,,656.400004573E-9,-79.999998212E-3,,,,,656.400004573E-9,18.3999996,
,,,656.800011711E-9,-79.999998212E-3,,,,,656.800011711E-9,-79.999998212E-3,,,,,656.800011711E-9,18.0000000,
,,,657.200018850E-9,-79.999998212E-3,,,,,657.200018850E-9,-39.99999911E-3,,,,,657.200018850E-9,18.0000000,
,,,657.600025988E-9,-39.99999911E-3,,,,,657.600025988E-9,0.0,,,,,657.600025988E-9,18.0000000,
,,,658.000033127E-9,-39.99999911E-3,,,,,658.000033127E-9,0.0,,,,,658.000033127E-9,18.0000000,
,,,658.399983422E-9,-39.99999911E-3,,,,,658.399983422E-9,39.99999911E-3,,,,,658.399983422E-9,18.0000000,
,,,658.799990561E-9,-39.99999911E-3,,,,,658.799990561E-9,39.99999911E-3,,,,,658.799990561E-9,18.0000000,
,,,659.199997699E-9,-39.99999911E-3,,,,,659.199997699E-9,39.99999911E-3,,,,,659.199997699E-9,18.0000000,
,,,659.600004838E-9,-39.99999911E-3,,,,,659.600004838E-9,79.999998212E-3,,,,,659.600004838E-9,18.0000000,
,,,660.000011976E-9,-39.99999911E-3,,,,,660.000011976E-9,79.999998212E-3,,,,,660.000011976E-9,18.0000000,
,,,660.400019115E-9,0.0,,,,,660.400019115E-9,119.9999973E-3,,,,,660.400019115E-9,18.0000000,
,,,660.800026253E-9,-39.99999911E-3,,,,,660.800026253E-9,119.9999973E-3,,,,,660.800026253E-9,17.6000004,
,,,661.200033392E-9,-39.99999911E-3,,,,,661.200033392E-9,159.99999642E-3,,,,,661.200033392E-9,17.6000004,
,,,661.599983687E-9,-39.99999911E-3,,,,,661.599983687E-9,119.9999973E-3,,,,,661.599983687E-9,17.6000004,
,,,661.999990825E-9,-39.99999911E-3,,,,,661.999990825E-9,119.9999973E-3,,,,,661.999990825E-9,18.0000000,
,,,662.399997964E-9,0.0,,,,,662.399997964E-9,119.9999973E-3,,,,,662.399997964E-9,18.0000000,
,,,662.800005102E-9,0.0,,,,,662.800005102E-9,119.9999973E-3,,,,,662.800005102E-9,18.0000000,
,,,663.200012241E-9,0.0,,,,,663.200012241E-9,119.9999973E-3,,,,,663.200012241E-9,18.0000000,
,,,663.600019379E-9,0.0,,,,,663.600019379E-9,159.99999642E-3,,,,,663.600019379E-9,18.0000000,
,,,664.000026518E-9,0.0,,,,,664.000026518E-9,119.9999973E-3,,,,,664.000026518E-9,18.0000000,
,,,664.400033656E-9,0.0,,,,,664.400033656E-9,119.9999973E-3,,,,,664.400033656E-9,18.0000000,
,,,664.799983952E-9,0.0,,,,,664.799983952E-9,79.999998212E-3,,,,,664.799983952E-9,18.0000000,
,,,665.199991090E-9,0.0,,,,,665.199991090E-9,39.99999911E-3,,,,,665.199991090E-9,18.0000000,
,,,665.599998229E-9,0.0,,,,,665.599998229E-9,39.99999911E-3,,,,,665.599998229E-9,18.0000000,
,,,666.000005367E-9,0.0,,,,,666.000005367E-9,39.99999911E-3,,,,,666.000005367E-9,17.6000004,
,,,666.400012506E-9,0.0,,,,,666.400012506E-9,39.99999911E-3,,,,,666.400012506E-9,18.0000000,
,,,666.800019644E-9,0.0,,,,,666.800019644E-9,39.99999911E-3,,,,,666.800019644E-9,18.0000000,
,,,667.200026783E-9,0.0,,,,,667.200026783E-9,39.99999911E-3,,,,,667.200026783E-9,18.3999996,
,,,667.600033921E-9,0.0,,,,,667.600033921E-9,39.99999911E-3,,,,,667.600033921E-9,18.3999996,
,,,667.999984216E-9,0.0,,,,,667.999984216E-9,39.99999911E-3,,,,,667.999984216E-9,18.8000011,
,,,668.399991355E-9,0.0,,,,,668.399991355E-9,39.99999911E-3,,,,,668.399991355E-9,18.3999996,
,,,668.799998493E-9,-39.99999911E-3,,,,,668.799998493E-9,39.99999911E-3,,,,,668.799998493E-9,18.3999996,
,,,669.200005632E-9,-39.99999911E-3,,,,,669.200005632E-9,39.99999911E-3,,,,,669.200005632E-9,18.3999996,
,,,669.600012770E-9,-39.99999911E-3,,,,,669.600012770E-9,39.99999911E-3,,,,,669.600012770E-9,18.3999996,
,,,670.000019909E-9,-39.99999911E-3,,,,,670.000019909E-9,39.99999911E-3,,,,,670.000019909E-9,18.3999996,
,,,670.400027047E-9,-39.99999911E-3,,,,,670.400027047E-9,39.99999911E-3,,,,,670.400027047E-9,18.3999996,
,,,670.800034186E-9,-39.99999911E-3,,,,,670.800034186E-9,39.99999911E-3,,,,,670.800034186E-9,18.3999996,
,,,671.199984481E-9,-39.99999911E-3,,,,,671.199984481E-9,39.99999911E-3,,,,,671.199984481E-9,18.3999996,
,,,671.599991620E-9,-39.99999911E-3,,,,,671.599991620E-9,79.999998212E-3,,,,,671.599991620E-9,18.0000000,
,,,671.999998758E-9,-39.99999911E-3,,,,,671.999998758E-9,79.999998212E-3,,,,,671.999998758E-9,18.3999996,
,,,672.400005897E-9,-39.99999911E-3,,,,,672.400005897E-9,79.999998212E-3,,,,,672.400005897E-9,18.3999996,
,,,672.800013035E-9,-79.999998212E-3,,,,,672.800013035E-9,39.99999911E-3,,,,,672.800013035E-9,18.3999996,
,,,673.200020174E-9,-79.999998212E-3,,,,,673.200020174E-9,39.99999911E-3,,,,,673.200020174E-9,18.3999996,
,,,673.600027312E-9,-119.9999973E-3,,,,,673.600027312E-9,39.99999911E-3,,,,,673.600027312E-9,18.3999996,
,,,674.000034451E-9,-119.9999973E-3,,,,,674.000034451E-9,0.0,,,,,674.000034451E-9,18.3999996,
,,,674.399984746E-9,-79.999998212E-3,,,,,674.399984746E-9,39.99999911E-3,,,,,674.399984746E-9,18.3999996,
,,,674.799991884E-9,-79.999998212E-3,,,,,674.799991884E-9,39.99999911E-3,,,,,674.799991884E-9,18.3999996,
,,,675.199999023E-9,-39.99999911E-3,,,,,675.199999023E-9,79.999998212E-3,,,,,675.199999023E-9,18.3999996,
,,,675.600006161E-9,0.0,,,,,675.600006161E-9,39.99999911E-3,,,,,675.600006161E-9,18.3999996,
,,,676.000013300E-9,0.0,,,,,676.000013300E-9,39.99999911E-3,,,,,676.000013300E-9,18.0000000,
,,,676.400020438E-9,0.0,,,,,676.400020438E-9,0.0,,,,,676.400020438E-9,18.0000000,
,,,676.800027577E-9,0.0,,,,,676.800027577E-9,-39.99999911E-3,,,,,676.800027577E-9,17.6000004,
,,,677.200034715E-9,0.0,,,,,677.200034715E-9,-39.99999911E-3,,,,,677.200034715E-9,17.6000004,
,,,677.599985011E-9,0.0,,,,,677.599985011E-9,-39.99999911E-3,,,,,677.599985011E-9,17.6000004,
,,,677.999992149E-9,0.0,,,,,677.999992149E-9,-39.99999911E-3,,,,,677.999992149E-9,18.0000000,
,,,678.399999288E-9,0.0,,,,,678.399999288E-9,-39.99999911E-3,,,,,678.399999288E-9,18.0000000,
,,,678.800006426E-9,0.0,,,,,678.800006426E-9,-39.99999911E-3,,,,,678.800006426E-9,17.6000004,
,,,679.200013565E-9,0.0,,,,,679.200013565E-9,-39.99999911E-3,,,,,679.200013565E-9,18.0000000,
,,,679.600020703E-9,-39.99999911E-3,,,,,679.600020703E-9,-39.99999911E-3,,,,,679.600020703E-9,17.6000004,
,,,680.000027842E-9,-39.99999911E-3,,,,,680.000027842E-9,-39.99999911E-3,,,,,680.000027842E-9,17.6000004,
,,,680.400034980E-9,-39.99999911E-3,,,,,680.400034980E-9,0.0,,,,,680.400034980E-9,17.6000004,
,,,680.799985275E-9,-39.99999911E-3,,,,,680.799985275E-9,0.0,,,,,680.799985275E-9,17.2000008,
,,,681.199992414E-9,-39.99999911E-3,,,,,681.199992414E-9,0.0,,,,,681.199992414E-9,17.2000008,
,,,681.599999552E-9,-39.99999911E-3,,,,,681.599999552E-9,39.99999911E-3,,,,,681.599999552E-9,17.2000008,
,,,682.000006691E-9,-39.99999911E-3,,,,,682.000006691E-9,39.99999911E-3,,,,,682.000006691E-9,17.2000008,
,,,682.400013829E-9,-39.99999911E-3,,,,,682.400013829E-9,79.999998212E-3,,,,,682.400013829E-9,17.2000008,
,,,682.800020968E-9,-39.99999911E-3,,,,,682.800020968E-9,79.999998212E-3,,,,,682.800020968E-9,17.2000008,
,,,683.200028107E-9,-39.99999911E-3,,,,,683.200028107E-9,79.999998212E-3,,,,,683.200028107E-9,17.2000008,
,,,683.600035245E-9,-39.99999911E-3,,,,,683.600035245E-9,39.99999911E-3,,,,,683.600035245E-9,17.6000004,
,,,683.999985540E-9,-39.99999911E-3,,,,,683.999985540E-9,39.99999911E-3,,,,,683.999985540E-9,17.6000004,
,,,684.399992679E-9,-39.99999911E-3,,,,,684.399992679E-9,39.99999911E-3,,,,,684.399992679E-9,17.6000004,
,,,684.799999817E-9,-39.99999911E-3,,,,,684.799999817E-9,39.99999911E-3,,,,,684.799999817E-9,17.6000004,
,,,685.200006956E-9,-39.99999911E-3,,,,,685.200006956E-9,39.99999911E-3,,,,,685.200006956E-9,17.6000004,
,,,685.600014094E-9,-39.99999911E-3,,,,,685.600014094E-9,0.0,,,,,685.600014094E-9,18.0000000,
,,,686.000021233E-9,-39.99999911E-3,,,,,686.000021233E-9,0.0,,,,,686.000021233E-9,18.0000000,
,,,686.400028371E-9,0.0,,,,,686.400028371E-9,0.0,,,,,686.400028371E-9,18.0000000,
,,,686.800035510E-9,0.0,,,,,686.800035510E-9,-39.99999911E-3,,,,,686.800035510E-9,17.6000004,
,,,687.199985805E-9,0.0,,,,,687.199985805E-9,0.0,,,,,687.199985805E-9,17.6000004,
,,,687.599992943E-9,39.99999911E-3,,,,,687.599992943E-9,0.0,,,,,687.599992943E-9,17.6000004,
,,,688.000000082E-9,39.99999911E-3,,,,,688.000000082E-9,0.0,,,,,688.000000082E-9,18.0000000,
,,,688.400007220E-9,39.99999911E-3,,,,,688.400007220E-9,39.99999911E-3,,,,,688.400007220E-9,18.0000000,
,,,688.800014359E-9,39.99999911E-3,,,,,688.800014359E-9,39.99999911E-3,,,,,688.800014359E-9,18.0000000,
,,,689.200021498E-9,39.99999911E-3,,,,,689.200021498E-9,39.99999911E-3,,,,,689.200021498E-9,18.3999996,
,,,689.600028636E-9,39.99999911E-3,,,,,689.600028636E-9,39.99999911E-3,,,,,689.600028636E-9,18.3999996,
,,,690.000035775E-9,39.99999911E-3,,,,,690.000035775E-9,39.99999911E-3,,,,,690.000035775E-9,18.0000000,
,,,690.399986070E-9,39.99999911E-3,,,,,690.399986070E-9,39.99999911E-3,,,,,690.399986070E-9,18.0000000,
,,,690.799993208E-9,0.0,,,,,690.799993208E-9,0.0,,,,,690.799993208E-9,18.0000000,
,,,691.200000347E-9,0.0,,,,,691.200000347E-9,0.0,,,,,691.200000347E-9,18.0000000,
,,,691.600007485E-9,-39.99999911E-3,,,,,691.600007485E-9,0.0,,,,,691.600007485E-9,18.0000000,
,,,692.000014624E-9,-39.99999911E-3,,,,,692.000014624E-9,0.0,,,,,692.000014624E-9,18.0000000,
,,,692.400021762E-9,-39.99999911E-3,,,,,692.400021762E-9,39.99999911E-3,,,,,692.400021762E-9,18.0000000,
,,,692.800028901E-9,-39.99999911E-3,,,,,692.800028901E-9,0.0,,,,,692.800028901E-9,18.0000000,
,,,693.200036039E-9,-39.99999911E-3,,,,,693.200036039E-9,0.0,,,,,693.200036039E-9,18.0000000,
,,,693.599986334E-9,-39.99999911E-3,,,,,693.599986334E-9,0.0,,,,,693.599986334E-9,18.0000000,
,,,693.999993473E-9,-39.99999911E-3,,,,,693.999993473E-9,-39.99999911E-3,,,,,693.999993473E-9,18.0000000,
,,,694.400000611E-9,-39.99999911E-3,,,,,694.400000611E-9,0.0,,,,,694.400000611E-9,18.0000000,
,,,694.800007750E-9,-39.99999911E-3,,,,,694.800007750E-9,0.0,,,,,694.800007750E-9,17.6000004,
,,,695.200014889E-9,-39.99999911E-3,,,,,695.200014889E-9,0.0,,,,,695.200014889E-9,17.6000004,
,,,695.600022027E-9,-79.999998212E-3,,,,,695.600022027E-9,39.99999911E-3,,,,,695.600022027E-9,17.6000004,
,,,696.000029166E-9,-79.999998212E-3,,,,,696.000029166E-9,0.0,,,,,696.000029166E-9,17.2000008,
,,,696.400036304E-9,-79.999998212E-3,,,,,696.400036304E-9,0.0,,,,,696.400036304E-9,17.2000008,
,,,696.799986599E-9,-119.9999973E-3,,,,,696.799986599E-9,-39.99999911E-3,,,,,696.799986599E-9,17.2000008,
,,,697.199993738E-9,-119.9999973E-3,,,,,697.199993738E-9,-79.999998212E-3,,,,,697.199993738E-9,17.2000008,
,,,697.600000876E-9,-79.999998212E-3,,,,,697.600000876E-9,-79.999998212E-3,,,,,697.600000876E-9,17.2000008,
,,,698.000008015E-9,-39.99999911E-3,,,,,698.000008015E-9,-79.999998212E-3,,,,,698.000008015E-9,17.2000008,
,,,698.400015153E-9,0.0,,,,,698.400015153E-9,-79.999998212E-3,,,,,698.400015153E-9,17.2000008,
,,,698.800022292E-9,-39.99999911E-3,,,,,698.800022292E-9,-79.999998212E-3,,,,,698.800022292E-9,17.2000008,
,,,699.200029430E-9,-39.99999911E-3,,,,,699.200029430E-9,-79.999998212E-3,,,,,699.200029430E-9,17.2000008,
,,,699.600036569E-9,-39.99999911E-3,,,,,699.600036569E-9,-119.9999973E-3,,,,,699.600036569E-9,17.2000008,
,,,699.999986864E-9,-39.99999911E-3,,,,,699.999986864E-9,-159.99999642E-3,,,,,699.999986864E-9,17.2000008,
,,,700.399994003E-9,0.0,,,,,700.399994003E-9,-159.99999642E-3,,,,,700.399994003E-9,17.2000008,
,,,700.800001141E-9,0.0,,,,,700.800001141E-9,-159.99999642E-3,,,,,700.800001141E-9,16.8000011,
,,,701.200008280E-9,39.99999911E-3,,,,,701.200008280E-9,-159.99999642E-3,,,,,701.200008280E-9,16.8000011,
,,,701.600015418E-9,0.0,,,,,701.600015418E-9,-119.9999973E-3,,,,,701.600015418E-9,16.8000011,
,,,702.000022557E-9,0.0,,,,,702.000022557E-9,-119.9999973E-3,,,,,702.000022557E-9,17.2000008,
,,,702.400029695E-9,0.0,,,,,702.400029695E-9,-79.999998212E-3,,,,,702.400029695E-9,17.2000008,
,,,702.800036834E-9,-39.99999911E-3,,,,,702.800036834E-9,-79.999998212E-3,,,,,702.800036834E-9,17.2000008,
,,,703.199987129E-9,0.0,,,,,703.199987129E-9,-79.999998212E-3,,,,,703.199987129E-9,17.2000008,
,,,703.599994267E-9,0.0,,,,,703.599994267E-9,-39.99999911E-3,,,,,703.599994267E-9,17.2000008,
,,,704.000001406E-9,0.0,,,,,704.000001406E-9,-39.99999911E-3,,,,,704.000001406E-9,17.2000008,
,,,704.400008544E-9,39.99999911E-3,,,,,704.400008544E-9,0.0,,,,,704.400008544E-9,17.2000008,
,,,704.800015683E-9,39.99999911E-3,,,,,704.800015683E-9,-39.99999911E-3,,,,,704.800015683E-9,17.2000008,
,,,705.200022821E-9,39.99999911E-3,,,,,705.200022821E-9,-39.99999911E-3,,,,,705.200022821E-9,17.6000004,
,,,705.600029960E-9,0.0,,,,,705.600029960E-9,-39.99999911E-3,,,,,705.600029960E-9,17.6000004,
,,,706.000037098E-9,0.0,,,,,706.000037098E-9,-79.999998212E-3,,,,,706.000037098E-9,17.6000004,
,,,706.399987394E-9,0.0,,,,,706.399987394E-9,-39.99999911E-3,,,,,706.399987394E-9,17.6000004,
,,,706.799994532E-9,0.0,,,,,706.799994532E-9,-39.99999911E-3,,,,,706.799994532E-9,17.6000004,
,,,707.200001671E-9,0.0,,,,,707.200001671E-9,-39.99999911E-3,,,,,707.200001671E-9,17.6000004,
,,,707.600008809E-9,0.0,,,,,707.600008809E-9,0.0,,,,,707.600008809E-9,17.6000004,
,,,708.000015948E-9,0.0,,,,,708.000015948E-9,0.0,,,,,708.000015948E-9,17.6000004,
,,,708.400023086E-9,0.0,,,,,708.400023086E-9,0.0,,,,,708.400023086E-9,17.6000004,
,,,708.800030225E-9,-39.99999911E-3,,,,,708.800030225E-9,-39.99999911E-3,,,,,708.800030225E-9,17.6000004,
,,,709.200037363E-9,-39.99999911E-3,,,,,709.200037363E-9,-39.99999911E-3,,,,,709.200037363E-9,17.6000004,
,,,709.599987658E-9,-39.99999911E-3,,,,,709.599987658E-9,-39.99999911E-3,,,,,709.599987658E-9,17.6000004,
,,,709.999994797E-9,-39.99999911E-3,,,,,709.999994797E-9,-39.99999911E-3,,,,,709.999994797E-9,17.6000004,
,,,710.400001935E-9,0.0,,,,,710.400001935E-9,-39.99999911E-3,,,,,710.400001935E-9,17.6000004,
,,,710.800009074E-9,-39.99999911E-3,,,,,710.800009074E-9,-39.99999911E-3,,,,,710.800009074E-9,17.6000004,
,,,711.200016212E-9,-39.99999911E-3,,,,,711.200016212E-9,-39.99999911E-3,,,,,711.200016212E-9,17.6000004,
,,,711.600023351E-9,-39.99999911E-3,,,,,711.600023351E-9,-79.999998212E-3,,,,,711.600023351E-9,17.6000004,
,,,712.000030489E-9,-39.99999911E-3,,,,,712.000030489E-9,-79.999998212E-3,,,,,712.000030489E-9,17.6000004,
,,,712.400037628E-9,0.0,,,,,712.400037628E-9,-79.999998212E-3,,,,,712.400037628E-9,17.6000004,
,,,712.799987923E-9,0.0,,,,,712.799987923E-9,-119.9999973E-3,,,,,712.799987923E-9,17.2000008,
,,,713.199995062E-9,0.0,,,,,713.199995062E-9,-119.9999973E-3,,,,,713.199995062E-9,17.2000008,
,,,713.600002200E-9,0.0,,,,,713.600002200E-9,-119.9999973E-3,,,,,713.600002200E-9,17.2000008,
,,,714.000009339E-9,0.0,,,,,714.000009339E-9,-79.999998212E-3,,,,,714.000009339E-9,17.2000008,
,,,714.400016477E-9,0.0,,,,,714.400016477E-9,-39.99999911E-3,,,,,714.400016477E-9,17.2000008,
,,,714.800023616E-9,0.0,,,,,714.800023616E-9,-39.99999911E-3,,,,,714.800023616E-9,17.2000008,
,,,715.200030754E-9,0.0,,,,,715.200030754E-9,-39.99999911E-3,,,,,715.200030754E-9,17.2000008,
,,,715.599981049E-9,-39.99999911E-3,,,,,715.599981049E-9,-39.99999911E-3,,,,,715.599981049E-9,17.2000008,
,,,715.999988188E-9,-39.99999911E-3,,,,,715.999988188E-9,-39.99999911E-3,,,,,715.999988188E-9,17.2000008,
,,,716.399995326E-9,-39.99999911E-3,,,,,716.399995326E-9,0.0,,,,,716.399995326E-9,17.2000008,
,,,716.800002465E-9,-39.99999911E-3,,,,,716.800002465E-9,0.0,,,,,716.800002465E-9,16.8000011,
,,,717.200009603E-9,-39.99999911E-3,,,,,717.200009603E-9,39.99999911E-3,,,,,717.200009603E-9,16.8000011,
,,,717.600016742E-9,0.0,,,,,717.600016742E-9,79.999998212E-3,,,,,717.600016742E-9,16.8000011,
,,,718.000023880E-9,0.0,,,,,718.000023880E-9,79.999998212E-3,,,,,718.000023880E-9,16.8000011,
,,,718.400031019E-9,0.0,,,,,718.400031019E-9,79.999998212E-3,,,,,718.400031019E-9,16.8000011,
,,,718.799981314E-9,0.0,,,,,718.799981314E-9,39.99999911E-3,,,,,718.799981314E-9,17.2000008,
,,,719.199988453E-9,0.0,,,,,719.199988453E-9,0.0,,,,,719.199988453E-9,17.2000008,
,,,719.599995591E-9,0.0,,,,,719.599995591E-9,0.0,,,,,719.599995591E-9,17.2000008,
,,,720.000002730E-9,0.0,,,,,720.000002730E-9,0.0,,,,,720.000002730E-9,17.2000008,
,,,720.400009868E-9,0.0,,,,,720.400009868E-9,39.99999911E-3,,,,,720.400009868E-9,17.2000008,
,,,720.800017007E-9,0.0,,,,,720.800017007E-9,39.99999911E-3,,,,,720.800017007E-9,16.8000011,
,,,721.200024145E-9,0.0,,,,,721.200024145E-9,39.99999911E-3,,,,,721.200024145E-9,16.8000011,
,,,721.600031284E-9,0.0,,,,,721.600031284E-9,0.0,,,,,721.600031284E-9,16.8000011,
,,,721.999981579E-9,0.0,,,,,721.999981579E-9,-39.99999911E-3,,,,,721.999981579E-9,16.8000011,
,,,722.399988717E-9,39.99999911E-3,,,,,722.399988717E-9,-39.99999911E-3,,,,,722.399988717E-9,16.8000011,
,,,722.799995856E-9,39.99999911E-3,,,,,722.799995856E-9,-79.999998212E-3,,,,,722.799995856E-9,16.8000011,
,,,723.200002994E-9,39.99999911E-3,,,,,723.200002994E-9,-79.999998212E-3,,,,,723.200002994E-9,16.8000011,
,,,723.600010133E-9,0.0,,,,,723.600010133E-9,-79.999998212E-3,,,,,723.600010133E-9,17.2000008,
,,,724.000017271E-9,-39.99999911E-3,,,,,724.000017271E-9,-119.9999973E-3,,,,,724.000017271E-9,17.2000008,
,,,724.400024410E-9,-39.99999911E-3,,,,,724.400024410E-9,-79.999998212E-3,,,,,724.400024410E-9,17.2000008,
,,,724.800031549E-9,-79.999998212E-3,,,,,724.800031549E-9,-79.999998212E-3,,,,,724.800031549E-9,17.2000008,
,,,725.199981844E-9,-79.999998212E-3,,,,,725.199981844E-9,-79.999998212E-3,,,,,725.199981844E-9,17.2000008,
,,,725.599988982E-9,-79.999998212E-3,,,,,725.599988982E-9,-39.99999911E-3,,,,,725.599988982E-9,17.2000008,
,,,725.999996121E-9,-79.999998212E-3,,,,,725.999996121E-9,-39.99999911E-3,,,,,725.999996121E-9,17.2000008,
,,,726.400003259E-9,-79.999998212E-3,,,,,726.400003259E-9,-39.99999911E-3,,,,,726.400003259E-9,17.2000008,
,,,726.800010398E-9,-79.999998212E-3,,,,,726.800010398E-9,-39.99999911E-3,,,,,726.800010398E-9,17.2000008,
,,,727.200017536E-9,-79.999998212E-3,,,,,727.200017536E-9,-39.99999911E-3,,,,,727.200017536E-9,17.2000008,
,,,727.600024675E-9,-79.999998212E-3,,,,,727.600024675E-9,-39.99999911E-3,,,,,727.600024675E-9,17.6000004,
,,,728.000031813E-9,-79.999998212E-3,,,,,728.000031813E-9,-39.99999911E-3,,,,,728.000031813E-9,17.6000004,
,,,728.399982108E-9,-39.99999911E-3,,,,,728.399982108E-9,-39.99999911E-3,,,,,728.399982108E-9,17.6000004,
,,,728.799989247E-9,-39.99999911E-3,,,,,728.799989247E-9,-39.99999911E-3,,,,,728.799989247E-9,17.2000008,
,,,729.199996385E-9,-39.99999911E-3,,,,,729.199996385E-9,-39.99999911E-3,,,,,729.199996385E-9,17.2000008,
,,,729.600003524E-9,0.0,,,,,729.600003524E-9,-39.99999911E-3,,,,,729.600003524E-9,17.2000008,
,,,730.000010662E-9,0.0,,,,,730.000010662E-9,-79.999998212E-3,,,,,730.000010662E-9,17.2000008,
,,,730.400017801E-9,0.0,,,,,730.400017801E-9,-39.99999911E-3,,,,,730.400017801E-9,17.2000008,
,,,730.800024940E-9,0.0,,,,,730.800024940E-9,-39.99999911E-3,,,,,730.800024940E-9,17.6000004,
,,,731.200032078E-9,0.0,,,,,731.200032078E-9,0.0,,,,,731.200032078E-9,17.6000004,
,,,731.599982373E-9,0.0,,,,,731.599982373E-9,39.99999911E-3,,,,,731.599982373E-9,17.6000004,
,,,731.999989512E-9,0.0,,,,,731.999989512E-9,39.99999911E-3,,,,,731.999989512E-9,17.2000008,
,,,732.399996650E-9,0.0,,,,,732.399996650E-9,79.999998212E-3,,,,,732.399996650E-9,17.2000008,
,,,732.800003789E-9,0.0,,,,,732.800003789E-9,39.99999911E-3,,,,,732.800003789E-9,17.2000008,
,,,733.200010927E-9,0.0,,,,,733.200010927E-9,39.99999911E-3,,,,,733.200010927E-9,17.2000008,
,,,733.600018066E-9,-39.99999911E-3,,,,,733.600018066E-9,0.0,,,,,733.600018066E-9,17.2000008,
,,,734.000025204E-9,-39.99999911E-3,,,,,734.000025204E-9,0.0,,,,,734.000025204E-9,17.2000008,
,,,734.400032343E-9,-39.99999911E-3,,,,,734.400032343E-9,0.0,,,,,734.400032343E-9,17.2000008,
,,,734.799982638E-9,-39.99999911E-3,,,,,734.799982638E-9,-39.99999911E-3,,,,,734.799982638E-9,17.2000008,
,,,735.199989776E-9,-39.99999911E-3,,,,,735.199989776E-9,-39.99999911E-3,,,,,735.199989776E-9,17.2000008,
,,,735.599996915E-9,-39.99999911E-3,,,,,735.599996915E-9,-39.99999911E-3,,,,,735.599996915E-9,17.2000008,
,,,736.000004053E-9,-39.99999911E-3,,,,,736.000004053E-9,-39.99999911E-3,,,,,736.000004053E-9,17.2000008,
,,,736.400011192E-9,-39.99999911E-3,,,,,736.400011192E-9,0.0,,,,,736.400011192E-9,17.2000008,
,,,736.800018331E-9,-39.99999911E-3,,,,,736.800018331E-9,0.0,,,,,736.800018331E-9,17.2000008,
,,,737.200025469E-9,-39.99999911E-3,,,,,737.200025469E-9,0.0,,,,,737.200025469E-9,17.2000008,
,,,737.600032608E-9,-39.99999911E-3,,,,,737.600032608E-9,0.0,,,,,737.600032608E-9,17.2000008,
,,,737.999982903E-9,-39.99999911E-3,,,,,737.999982903E-9,0.0,,,,,737.999982903E-9,17.2000008,
,,,738.399990041E-9,-39.99999911E-3,,,,,738.399990041E-9,0.0,,,,,738.399990041E-9,17.2000008,
,,,738.799997180E-9,-39.99999911E-3,,,,,738.799997180E-9,0.0,,,,,738.799997180E-9,16.8000011,
,,,739.200004318E-9,-39.99999911E-3,,,,,739.200004318E-9,0.0,,,,,739.200004318E-9,16.8000011,
,,,739.600011457E-9,-79.999998212E-3,,,,,739.600011457E-9,39.99999911E-3,,,,,739.600011457E-9,16.8000011,
,,,740.000018595E-9,-79.999998212E-3,,,,,740.000018595E-9,39.99999911E-3,,,,,740.000018595E-9,17.2000008,
,,,740.400025734E-9,-79.999998212E-3,,,,,740.400025734E-9,39.99999911E-3,,,,,740.400025734E-9,17.2000008,
,,,740.800032872E-9,-119.9999973E-3,,,,,740.800032872E-9,39.99999911E-3,,,,,740.800032872E-9,17.6000004,
,,,741.199983167E-9,-79.999998212E-3,,,,,741.199983167E-9,39.99999911E-3,,,,,741.199983167E-9,17.6000004,
,,,741.599990306E-9,-79.999998212E-3,,,,,741.599990306E-9,39.99999911E-3,,,,,741.599990306E-9,17.2000008,
,,,741.999997445E-9,-79.999998212E-3,,,,,741.999997445E-9,39.99999911E-3,,,,,741.999997445E-9,17.2000008,
,,,742.400004583E-9,-39.99999911E-3,,,,,742.400004583E-9,39.99999911E-3,,,,,742.400004583E-9,17.2000008,
,,,742.800011722E-9,-39.99999911E-3,,,,,742.800011722E-9,39.99999911E-3,,,,,742.800011722E-9,17.2000008,
,,,743.200018860E-9,-39.99999911E-3,,,,,743.200018860E-9,39.99999911E-3,,,,,743.200018860E-9,17.2000008,
,,,743.600025999E-9,0.0,,,,,743.600025999E-9,0.0,,,,,743.600025999E-9,17.2000008,
,,,744.000033137E-9,0.0,,,,,744.000033137E-9,0.0,,,,,744.000033137E-9,17.2000008,
,,,744.399983432E-9,0.0,,,,,744.399983432E-9,0.0,,,,,744.399983432E-9,17.2000008,
,,,744.799990571E-9,0.0,,,,,744.799990571E-9,-39.99999911E-3,,,,,744.799990571E-9,17.2000008,
,,,745.199997709E-9,0.0,,,,,745.199997709E-9,0.0,,,,,745.199997709E-9,17.2000008,
,,,745.600004848E-9,0.0,,,,,745.600004848E-9,0.0,,,,,745.600004848E-9,17.2000008,
,,,746.000011986E-9,0.0,,,,,746.000011986E-9,0.0,,,,,746.000011986E-9,17.2000008,
,,,746.400019125E-9,0.0,,,,,746.400019125E-9,39.99999911E-3,,,,,746.400019125E-9,17.2000008,
,,,746.800026263E-9,0.0,,,,,746.800026263E-9,0.0,,,,,746.800026263E-9,17.2000008,
,,,747.200033402E-9,0.0,,,,,747.200033402E-9,0.0,,,,,747.200033402E-9,17.2000008,
,,,747.599983697E-9,-39.99999911E-3,,,,,747.599983697E-9,0.0,,,,,747.599983697E-9,17.2000008,
,,,747.999990836E-9,-39.99999911E-3,,,,,747.999990836E-9,-39.99999911E-3,,,,,747.999990836E-9,17.2000008,
,,,748.399997974E-9,-39.99999911E-3,,,,,748.399997974E-9,0.0,,,,,748.399997974E-9,17.2000008,
,,,748.800005113E-9,-39.99999911E-3,,,,,748.800005113E-9,0.0,,,,,748.800005113E-9,17.2000008,
,,,749.200012251E-9,-39.99999911E-3,,,,,749.200012251E-9,0.0,,,,,749.200012251E-9,17.6000004,
,,,749.600019390E-9,-39.99999911E-3,,,,,749.600019390E-9,39.99999911E-3,,,,,749.600019390E-9,17.6000004,
,,,750.000026528E-9,-39.99999911E-3,,,,,750.000026528E-9,39.99999911E-3,,,,,750.000026528E-9,17.6000004,
,,,750.400033667E-9,-39.99999911E-3,,,,,750.400033667E-9,39.99999911E-3,,,,,750.400033667E-9,17.6000004,
,,,750.799983962E-9,-39.99999911E-3,,,,,750.799983962E-9,39.99999911E-3,,,,,750.799983962E-9,17.6000004,
,,,751.199991100E-9,-39.99999911E-3,,,,,751.199991100E-9,39.99999911E-3,,,,,751.199991100E-9,17.6000004,
,,,751.599998239E-9,-39.99999911E-3,,,,,751.599998239E-9,79.999998212E-3,,,,,751.599998239E-9,17.2000008,
,,,752.000005377E-9,-39.99999911E-3,,,,,752.000005377E-9,79.999998212E-3,,,,,752.000005377E-9,17.2000008,
,,,752.400012516E-9,-39.99999911E-3,,,,,752.400012516E-9,79.999998212E-3,,,,,752.400012516E-9,17.2000008,
,,,752.800019654E-9,-39.99999911E-3,,,,,752.800019654E-9,79.999998212E-3,,,,,752.800019654E-9,17.2000008,
,,,753.200026793E-9,-39.99999911E-3,,,,,753.200026793E-9,79.999998212E-3,,,,,753.200026793E-9,17.2000008,
,,,753.600033931E-9,0.0,,,,,753.600033931E-9,79.999998212E-3,,,,,753.600033931E-9,17.6000004,
,,,753.999984227E-9,0.0,,,,,753.999984227E-9,79.999998212E-3,,,,,753.999984227E-9,17.6000004,
,,,754.399991365E-9,0.0,,,,,754.399991365E-9,79.999998212E-3,,,,,754.399991365E-9,17.6000004,
,,,754.799998504E-9,-39.99999911E-3,,,,,754.799998504E-9,39.99999911E-3,,,,,754.799998504E-9,17.6000004,
,,,755.200005642E-9,-39.99999911E-3,,,,,755.200005642E-9,0.0,,,,,755.200005642E-9,17.6000004,
,,,755.600012781E-9,-39.99999911E-3,,,,,755.600012781E-9,0.0,,,,,755.600012781E-9,17.6000004,
,,,756.000019919E-9,-39.99999911E-3,,,,,756.000019919E-9,0.0,,,,,756.000019919E-9,17.6000004,
,,,756.400027058E-9,-39.99999911E-3,,,,,756.400027058E-9,0.0,,,,,756.400027058E-9,17.6000004,
,,,756.800034196E-9,-39.99999911E-3,,,,,756.800034196E-9,0.0,,,,,756.800034196E-9,17.6000004,
,,,757.199984491E-9,-39.99999911E-3,,,,,757.199984491E-9,0.0,,,,,757.199984491E-9,17.2000008,
,,,757.599991630E-9,-79.999998212E-3,,,,,757.599991630E-9,0.0,,,,,757.599991630E-9,17.2000008,
,,,757.999998768E-9,-79.999998212E-3,,,,,757.999998768E-9,0.0,,,,,757.999998768E-9,17.2000008,
,,,758.400005907E-9,-79.999998212E-3,,,,,758.400005907E-9,0.0,,,,,758.400005907E-9,17.2000008,
,,,758.800013045E-9,-119.9999973E-3,,,,,758.800013045E-9,0.0,,,,,758.800013045E-9,17.2000008,
,,,759.200020184E-9,-79.999998212E-3,,,,,759.200020184E-9,0.0,,,,,759.200020184E-9,17.6000004,
,,,759.600027322E-9,-79.999998212E-3,,,,,759.600027322E-9,39.99999911E-3,,,,,759.600027322E-9,17.2000008,
,,,760.000034461E-9,-79.999998212E-3,,,,,760.000034461E-9,39.99999911E-3,,,,,760.000034461E-9,17.2000008,
,,,760.399984756E-9,-39.99999911E-3,,,,,760.399984756E-9,39.99999911E-3,,,,,760.399984756E-9,17.2000008,
,,,760.799991895E-9,-39.99999911E-3,,,,,760.799991895E-9,0.0,,,,,760.799991895E-9,17.2000008,
,,,761.199999033E-9,-39.99999911E-3,,,,,761.199999033E-9,0.0,,,,,761.199999033E-9,17.2000008,
,,,761.600006172E-9,-39.99999911E-3,,,,,761.600006172E-9,0.0,,,,,761.600006172E-9,17.2000008,
,,,762.000013310E-9,-39.99999911E-3,,,,,762.000013310E-9,0.0,,,,,762.000013310E-9,17.2000008,
,,,762.400020449E-9,-39.99999911E-3,,,,,762.400020449E-9,39.99999911E-3,,,,,762.400020449E-9,17.2000008,
,,,762.800027587E-9,-39.99999911E-3,,,,,762.800027587E-9,39.99999911E-3,,,,,762.800027587E-9,17.2000008,
,,,763.200034726E-9,-39.99999911E-3,,,,,763.200034726E-9,39.99999911E-3,,,,,763.200034726E-9,17.2000008,
,,,763.599985021E-9,0.0,,,,,763.599985021E-9,39.99999911E-3,,,,,763.599985021E-9,16.8000011,
,,,763.999992159E-9,0.0,,,,,763.999992159E-9,39.99999911E-3,,,,,763.999992159E-9,16.8000011,
,,,764.399999298E-9,39.99999911E-3,,,,,764.399999298E-9,39.99999911E-3,,,,,764.399999298E-9,16.8000011,
,,,764.800006436E-9,0.0,,,,,764.800006436E-9,0.0,,,,,764.800006436E-9,16.8000011,
,,,765.200013575E-9,0.0,,,,,765.200013575E-9,0.0,,,,,765.200013575E-9,16.8000011,
,,,765.600020713E-9,-39.99999911E-3,,,,,765.600020713E-9,0.0,,,,,765.600020713E-9,16.8000011,
,,,766.000027852E-9,-39.99999911E-3,,,,,766.000027852E-9,0.0,,,,,766.000027852E-9,16.8000011,
,,,766.400034991E-9,-39.99999911E-3,,,,,766.400034991E-9,39.99999911E-3,,,,,766.400034991E-9,16.8000011,
,,,766.799985286E-9,-39.99999911E-3,,,,,766.799985286E-9,0.0,,,,,766.799985286E-9,17.2000008,
,,,767.199992424E-9,-39.99999911E-3,,,,,767.199992424E-9,0.0,,,,,767.199992424E-9,17.2000008,
,,,767.599999563E-9,0.0,,,,,767.599999563E-9,-39.99999911E-3,,,,,767.599999563E-9,16.8000011,
,,,768.000006701E-9,0.0,,,,,768.000006701E-9,-39.99999911E-3,,,,,768.000006701E-9,17.2000008,
,,,768.400013840E-9,0.0,,,,,768.400013840E-9,-39.99999911E-3,,,,,768.400013840E-9,17.2000008,
,,,768.800020978E-9,0.0,,,,,768.800020978E-9,-79.999998212E-3,,,,,768.800020978E-9,17.2000008,
,,,769.200028117E-9,0.0,,,,,769.200028117E-9,-39.99999911E-3,,,,,769.200028117E-9,17.2000008,
,,,769.600035255E-9,0.0,,,,,769.600035255E-9,-39.99999911E-3,,,,,769.600035255E-9,17.2000008,
,,,769.999985550E-9,0.0,,,,,769.999985550E-9,-39.99999911E-3,,,,,769.999985550E-9,17.2000008,
,,,770.399992689E-9,0.0,,,,,770.399992689E-9,0.0,,,,,770.399992689E-9,17.2000008,
,,,770.799999827E-9,0.0,,,,,770.799999827E-9,0.0,,,,,770.799999827E-9,17.2000008,
,,,771.200006966E-9,0.0,,,,,771.200006966E-9,0.0,,,,,771.200006966E-9,17.2000008,
,,,771.600014104E-9,-39.99999911E-3,,,,,771.600014104E-9,0.0,,,,,771.600014104E-9,17.2000008,
,,,772.000021243E-9,-39.99999911E-3,,,,,772.000021243E-9,0.0,,,,,772.000021243E-9,17.2000008,
,,,772.400028382E-9,-39.99999911E-3,,,,,772.400028382E-9,0.0,,,,,772.400028382E-9,17.2000008,
,,,772.800035520E-9,-39.99999911E-3,,,,,772.800035520E-9,0.0,,,,,772.800035520E-9,17.2000008,
,,,773.199985815E-9,-39.99999911E-3,,,,,773.199985815E-9,0.0,,,,,773.199985815E-9,17.2000008,
,,,773.599992954E-9,-39.99999911E-3,,,,,773.599992954E-9,39.99999911E-3,,,,,773.599992954E-9,17.2000008,
,,,774.000000092E-9,-39.99999911E-3,,,,,774.000000092E-9,39.99999911E-3,,,,,774.000000092E-9,17.2000008,
,,,774.400007231E-9,-39.99999911E-3,,,,,774.400007231E-9,39.99999911E-3,,,,,774.400007231E-9,17.2000008,
,,,774.800014369E-9,-39.99999911E-3,,,,,774.800014369E-9,0.0,,,,,774.800014369E-9,17.2000008,
,,,775.200021508E-9,-39.99999911E-3,,,,,775.200021508E-9,0.0,,,,,775.200021508E-9,17.2000008,
,,,775.600028646E-9,0.0,,,,,775.600028646E-9,-39.99999911E-3,,,,,775.600028646E-9,17.2000008,
,,,776.000035785E-9,0.0,,,,,776.000035785E-9,-39.99999911E-3,,,,,776.000035785E-9,17.2000008,
,,,776.399986080E-9,0.0,,,,,776.399986080E-9,-39.99999911E-3,,,,,776.399986080E-9,17.2000008,
,,,776.799993218E-9,-39.99999911E-3,,,,,776.799993218E-9,-39.99999911E-3,,,,,776.799993218E-9,17.2000008,
,,,777.200000357E-9,-39.99999911E-3,,,,,777.200000357E-9,-39.99999911E-3,,,,,777.200000357E-9,17.2000008,
,,,777.600007495E-9,-39.99999911E-3,,,,,777.600007495E-9,-79.999998212E-3,,,,,777.600007495E-9,17.2000008,
,,,778.000014634E-9,-39.99999911E-3,,,,,778.000014634E-9,-79.999998212E-3,,,,,778.000014634E-9,17.2000008,
,,,778.400021773E-9,-39.99999911E-3,,,,,778.400021773E-9,-79.999998212E-3,,,,,778.400021773E-9,17.2000008,
,,,778.800028911E-9,-79.999998212E-3,,,,,778.800028911E-9,-79.999998212E-3,,,,,778.800028911E-9,16.8000011,
,,,779.200036050E-9,-79.999998212E-3,,,,,779.200036050E-9,-79.999998212E-3,,,,,779.200036050E-9,16.8000011,
,,,779.599986345E-9,-79.999998212E-3,,,,,779.599986345E-9,-79.999998212E-3,,,,,779.599986345E-9,16.8000011,
,,,779.999993483E-9,-79.999998212E-3,,,,,779.999993483E-9,-79.999998212E-3,,,,,779.999993483E-9,16.3999996,
,,,780.400000622E-9,-39.99999911E-3,,,,,780.400000622E-9,-79.999998212E-3,,,,,780.400000622E-9,16.3999996,
,,,780.800007760E-9,-39.99999911E-3,,,,,780.800007760E-9,-119.9999973E-3,,,,,780.800007760E-9,16.8000011,
,,,781.200014899E-9,-39.99999911E-3,,,,,781.200014899E-9,-119.9999973E-3,,,,,781.200014899E-9,16.3999996,
,,,781.600022037E-9,-39.99999911E-3,,,,,781.600022037E-9,-119.9999973E-3,,,,,781.600022037E-9,16.8000011,
,,,782.000029176E-9,-39.99999911E-3,,,,,782.000029176E-9,-119.9999973E-3,,,,,782.000029176E-9,16.8000011,
,,,782.400036314E-9,-39.99999911E-3,,,,,782.400036314E-9,-79.999998212E-3,,,,,782.400036314E-9,16.8000011,
,,,782.799986609E-9,-39.99999911E-3,,,,,782.799986609E-9,-79.999998212E-3,,,,,782.799986609E-9,16.8000011,
,,,783.199993748E-9,-39.99999911E-3,,,,,783.199993748E-9,-79.999998212E-3,,,,,783.199993748E-9,16.8000011,
,,,783.600000887E-9,0.0,,,,,783.600000887E-9,-39.99999911E-3,,,,,783.600000887E-9,16.8000011,
,,,784.000008025E-9,0.0,,,,,784.000008025E-9,-39.99999911E-3,,,,,784.000008025E-9,16.8000011,
,,,784.400015164E-9,0.0,,,,,784.400015164E-9,0.0,,,,,784.400015164E-9,16.8000011,
,,,784.800022302E-9,0.0,,,,,784.800022302E-9,0.0,,,,,784.800022302E-9,16.8000011,
,,,785.200029441E-9,0.0,,,,,785.200029441E-9,0.0,,,,,785.200029441E-9,16.8000011,
,,,785.600036579E-9,0.0,,,,,785.600036579E-9,0.0,,,,,785.600036579E-9,16.8000011,
,,,785.999986874E-9,0.0,,,,,785.999986874E-9,0.0,,,,,785.999986874E-9,17.2000008,
,,,786.399994013E-9,39.99999911E-3,,,,,786.399994013E-9,0.0,,,,,786.399994013E-9,17.2000008,
,,,786.800001151E-9,0.0,,,,,786.800001151E-9,0.0,,,,,786.800001151E-9,17.2000008,
,,,787.200008290E-9,0.0,,,,,787.200008290E-9,0.0,,,,,787.200008290E-9,17.2000008,
,,,787.600015428E-9,0.0,,,,,787.600015428E-9,-39.99999911E-3,,,,,787.600015428E-9,17.2000008,
,,,788.000022567E-9,0.0,,,,,788.000022567E-9,-39.99999911E-3,,,,,788.000022567E-9,17.2000008,
,,,788.400029705E-9,39.99999911E-3,,,,,788.400029705E-9,-39.99999911E-3,,,,,788.400029705E-9,17.2000008,
,,,788.800036844E-9,39.99999911E-3,,,,,788.800036844E-9,-39.99999911E-3,,,,,788.800036844E-9,17.2000008,
,,,789.199987139E-9,39.99999911E-3,,,,,789.199987139E-9,-39.99999911E-3,,,,,789.199987139E-9,17.2000008,
,,,789.599994278E-9,0.0,,,,,789.599994278E-9,-39.99999911E-3,,,,,789.599994278E-9,17.2000008,
,,,790.000001416E-9,0.0,,,,,790.000001416E-9,-39.99999911E-3,,,,,790.000001416E-9,17.2000008,
,,,790.400008555E-9,0.0,,,,,790.400008555E-9,-39.99999911E-3,,,,,790.400008555E-9,17.2000008,
,,,790.800015693E-9,0.0,,,,,790.800015693E-9,-39.99999911E-3,,,,,790.800015693E-9,16.8000011,
,,,791.200022832E-9,0.0,,,,,791.200022832E-9,-39.99999911E-3,,,,,791.200022832E-9,16.8000011,
,,,791.600029970E-9,-39.99999911E-3,,,,,791.600029970E-9,-39.99999911E-3,,,,,791.600029970E-9,16.8000011,
