Record Length,2500,Points,-159.99999903E-9,119.9999973E-3,,Record Length,2500,Points,-159.99999903E-9,479.999989271E-3,
Sample Interval,400.00000370E-12,s,-159.60000610E-9,119.9999973E-3,,Sample Interval,400.00000370E-12,s,-159.60000610E-9,479.999989271E-3,
Trigger Point,399.99999223,Samples,-159.19999896E-9,119.9999973E-3,,Trigger Point,399.99999223,Samples,-159.19999896E-9,439.999997616E-3,
,,,-158.80000603E-9,119.9999973E-3,,,,,-158.80000603E-9,439.999997616E-3,
,,,-158.39999890E-9,119.9999973E-3,,,,,-158.39999890E-9,439.999997616E-3,
,,,-158.00000597E-9,119.9999973E-3,,,,,-158.00000597E-9,439.999997616E-3,
Source,CH1,,-157.59999883E-9,119.9999973E-3,,Source,CH2,,-157.59999883E-9,439.999997616E-3,
Vertical Units,Volts,,-157.20000590E-9,119.9999973E-3,,Vertical Units,Volts,,-157.20000590E-9,439.999997616E-3,
Vertical Scale,999.999977648E-3,,-156.79999876E-9,119.9999973E-3,,Vertical Scale,999.999977648E-3,,-156.79999876E-9,439.999997616E-3,
Vertical Offset,0,,-156.40000584E-9,159.99999642E-3,,Vertical Offset,0,,-156.40000584E-9,439.999997616E-3,
Horizontal Units,s,,-155.99999870E-9,159.99999642E-3,,Horizontal Units,s,,-155.99999870E-9,439.999997616E-3,
Horizontal Scale,100.0000013E-9,,-155.60000577E-9,159.99999642E-3,,Horizontal Scale,100.0000013E-9,,-155.60000577E-9,439.999997616E-3,
Pt Fmt,Y,,-155.19999863E-9,119.9999973E-3,,Pt Fmt,Y,,-155.19999863E-9,439.999997616E-3,
Yzero,-1.7200000,,-154.80000570E-9,119.9999973E-3,,Yzero,-160.00000000E-3,,-154.80000570E-9,439.999997616E-3,
Probe Atten,1.000000,,-154.39999856E-9,119.9999973E-3,,Probe Atten,1.000000,,-154.39999856E-9,439.999997616E-3,
,,,-154.00000564E-9,119.9999973E-3,,,,,-154.00000564E-9,399.99997616E-3,
Note,TBS 1104 - 2:54:37 PM   2/3/2026,,-153.59999850E-9,119.9999973E-3,,Note,TBS 1104 - 2:54:37 PM   2/3/2026,,-153.59999850E-9,399.99997616E-3,
,,,-153.20000557E-9,119.9999973E-3,,,,,-153.20000557E-9,399.99997616E-3,
,,,-152.79999843E-9,119.9999973E-3,,,,,-152.79999843E-9,399.99997616E-3,
,,,-152.40000550E-9,119.9999973E-3,,,,,-152.40000550E-9,439.999997616E-3,
,,,-151.99999837E-9,79.999998212E-3,,,,,-151.99999837E-9,439.999997616E-3,
,,,-151.60000544E-9,119.9999973E-3,,,,,-151.60000544E-9,439.999997616E-3,
,,,-151.19999830E-9,119.9999973E-3,,,,,-151.19999830E-9,439.999997616E-3,
,,,-150.80000537E-9,119.9999973E-3,,,,,-150.80000537E-9,439.999997616E-3,
,,,-150.39999823E-9,159.99999642E-3,,,,,-150.39999823E-9,479.999989271E-3,
,,,-150.00000531E-9,159.99999642E-3,,,,,-150.00000531E-9,479.999989271E-3,
,,,-149.59999817E-9,199.99998808E-3,,,,,-149.59999817E-9,479.999989271E-3,
,,,-149.20000524E-9,159.99999642E-3,,,,,-149.20000524E-9,479.999989271E-3,
,,,-148.79999810E-9,159.99999642E-3,,,,,-148.79999810E-9,479.999989271E-3,
,,,-148.4000052E-9,159.99999642E-3,,,,,-148.4000052E-9,479.999989271E-3,
,,,-147.9999980E-9,159.99999642E-3,,,,,-147.9999980E-9,479.999989271E-3,
,,,-147.6000051E-9,159.99999642E-3,,,,,-147.6000051E-9,479.999989271E-3,
,,,-147.1999980E-9,159.99999642E-3,,,,,-147.1999980E-9,479.999989271E-3,
,,,-146.8000050E-9,159.99999642E-3,,,,,-146.8000050E-9,479.999989271E-3,
,,,-146.3999979E-9,159.99999642E-3,,,,,-146.3999979E-9,519.999980927E-3,
,,,-146.0000050E-9,159.99999642E-3,,,,,-146.0000050E-9,519.999980927E-3,
,,,-145.5999978E-9,159.99999642E-3,,,,,-145.5999978E-9,519.999980927E-3,
,,,-145.2000049E-9,119.9999973E-3,,,,,-145.2000049E-9,519.999980927E-3,
,,,-144.7999978E-9,119.9999973E-3,,,,,-144.7999978E-9,519.999980927E-3,
,,,-144.4000048E-9,119.9999973E-3,,,,,-144.4000048E-9,519.999980927E-3,
,,,-143.9999977E-9,119.9999973E-3,,,,,-143.9999977E-9,519.999980927E-3,
,,,-143.6000048E-9,119.9999973E-3,,,,,-143.6000048E-9,519.999980927E-3,
,,,-143.1999976E-9,159.99999642E-3,,,,,-143.1999976E-9,519.999980927E-3,
,,,-142.8000047E-9,159.99999642E-3,,,,,-142.8000047E-9,479.999989271E-3,
,,,-142.3999976E-9,159.99999642E-3,,,,,-142.3999976E-9,519.999980927E-3,
,,,-142.0000046E-9,119.9999973E-3,,,,,-142.0000046E-9,519.999980927E-3,
,,,-141.5999975E-9,119.9999973E-3,,,,,-141.5999975E-9,560.000002384E-3,
,,,-141.2000046E-9,119.9999973E-3,,,,,-141.2000046E-9,599.999964237E-3,
,,,-140.7999974E-9,119.9999973E-3,,,,,-140.7999974E-9,560.000002384E-3,
,,,-140.4000045E-9,119.9999973E-3,,,,,-140.4000045E-9,560.000002384E-3,
,,,-139.9999974E-9,119.9999973E-3,,,,,-139.9999974E-9,560.000002384E-3,
,,,-139.6000044E-9,119.9999973E-3,,,,,-139.6000044E-9,560.000002384E-3,
,,,-139.1999973E-9,79.999998212E-3,,,,,-139.1999973E-9,560.000002384E-3,
,,,-138.8000044E-9,79.999998212E-3,,,,,-138.8000044E-9,560.000002384E-3,
,,,-138.3999972E-9,79.999998212E-3,,,,,-138.3999972E-9,560.000002384E-3,
,,,-138.0000043E-9,79.999998212E-3,,,,,-138.0000043E-9,519.999980927E-3,
,,,-137.5999972E-9,79.999998212E-3,,,,,-137.5999972E-9,560.000002384E-3,
,,,-137.2000042E-9,79.999998212E-3,,,,,-137.2000042E-9,560.000002384E-3,
,,,-136.7999971E-9,79.999998212E-3,,,,,-136.7999971E-9,560.000002384E-3,
,,,-136.4000042E-9,79.999998212E-3,,,,,-136.4000042E-9,599.999964237E-3,
,,,-135.9999970E-9,79.999998212E-3,,,,,-135.9999970E-9,599.999964237E-3,
,,,-135.6000041E-9,79.999998212E-3,,,,,-135.6000041E-9,599.999964237E-3,
,,,-135.1999970E-9,79.999998212E-3,,,,,-135.1999970E-9,599.999964237E-3,
,,,-134.8000040E-9,79.999998212E-3,,,,,-134.8000040E-9,599.999964237E-3,
,,,-134.3999969E-9,79.999998212E-3,,,,,-134.3999969E-9,599.999964237E-3,
,,,-134.0000040E-9,39.99999911E-3,,,,,-134.0000040E-9,599.999964237E-3,
,,,-133.5999968E-9,39.99999911E-3,,,,,-133.5999968E-9,599.999964237E-3,
,,,-133.2000039E-9,39.99999911E-3,,,,,-133.2000039E-9,599.999964237E-3,
,,,-132.7999968E-9,0.0,,,,,-132.7999968E-9,599.999964237E-3,
,,,-132.4000038E-9,39.99999911E-3,,,,,-132.4000038E-9,599.999964237E-3,
,,,-131.9999967E-9,39.99999911E-3,,,,,-131.9999967E-9,599.999964237E-3,
,,,-131.6000038E-9,39.99999911E-3,,,,,-131.6000038E-9,599.999964237E-3,
,,,-131.1999966E-9,39.99999911E-3,,,,,-131.1999966E-9,560.000002384E-3,
,,,-130.8000037E-9,39.99999911E-3,,,,,-130.8000037E-9,560.000002384E-3,
,,,-130.3999966E-9,39.99999911E-3,,,,,-130.3999966E-9,560.000002384E-3,
,,,-130.0000037E-9,39.99999911E-3,,,,,-130.0000037E-9,560.000002384E-3,
,,,-129.5999965E-9,39.99999911E-3,,,,,-129.5999965E-9,560.000002384E-3,
,,,-129.2000036E-9,39.99999911E-3,,,,,-129.2000036E-9,519.999980927E-3,
,,,-128.7999964E-9,39.99999911E-3,,,,,-128.7999964E-9,519.999980927E-3,
,,,-128.4000035E-9,39.99999911E-3,,,,,-128.4000035E-9,519.999980927E-3,
,,,-127.9999964E-9,0.0,,,,,-127.9999964E-9,479.999989271E-3,
,,,-127.6000035E-9,0.0,,,,,-127.6000035E-9,479.999989271E-3,
,,,-127.1999963E-9,0.0,,,,,-127.1999963E-9,519.999980927E-3,
,,,-126.8000034E-9,0.0,,,,,-126.8000034E-9,560.000002384E-3,
,,,-126.3999962E-9,39.99999911E-3,,,,,-126.3999962E-9,599.999964237E-3,
,,,-126.0000033E-9,0.0,,,,,-126.0000033E-9,599.999964237E-3,
,,,-125.5999962E-9,0.0,,,,,-125.5999962E-9,599.999964237E-3,
,,,-125.2000033E-9,0.0,,,,,-125.2000033E-9,599.999964237E-3,
,,,-124.7999961E-9,0.0,,,,,-124.7999961E-9,599.999964237E-3,
,,,-124.4000032E-9,39.99999911E-3,,,,,-124.4000032E-9,639.999985695E-3,
,,,-123.9999960E-9,39.99999911E-3,,,,,-123.9999960E-9,639.999985695E-3,
,,,-123.6000031E-9,39.99999911E-3,,,,,-123.6000031E-9,639.999985695E-3,
,,,-123.1999960E-9,39.99999911E-3,,,,,-123.1999960E-9,680.000007153E-3,
,,,-122.8000031E-9,39.99999911E-3,,,,,-122.8000031E-9,680.000007153E-3,
,,,-122.3999959E-9,39.99999911E-3,,,,,-122.3999959E-9,680.000007153E-3,
,,,-122.0000030E-9,39.99999911E-3,,,,,-122.0000030E-9,680.000007153E-3,
,,,-121.5999959E-9,39.99999911E-3,,,,,-121.5999959E-9,680.000007153E-3,
,,,-121.2000029E-9,0.0,,,,,-121.2000029E-9,680.000007153E-3,
,,,-120.7999958E-9,0.0,,,,,-120.7999958E-9,680.000007153E-3,
,,,-120.4000029E-9,0.0,,,,,-120.4000029E-9,680.000007153E-3,
,,,-119.9999957E-9,-39.99999911E-3,,,,,-119.9999957E-9,680.000007153E-3,
,,,-119.6000028E-9,0.0,,,,,-119.6000028E-9,680.000007153E-3,
,,,-119.1999957E-9,0.0,,,,,-119.1999957E-9,680.000007153E-3,
,,,-118.7999956E-9,0.0,,,,,-118.7999956E-9,680.000007153E-3,
,,,-118.3999956E-9,39.99999911E-3,,,,,-118.3999956E-9,680.000007153E-3,
,,,-117.9999956E-9,39.99999911E-3,,,,,-117.9999956E-9,680.000007153E-3,
,,,-117.5999955E-9,39.99999911E-3,,,,,-117.5999955E-9,680.000007153E-3,
,,,-117.1999955E-9,79.999998212E-3,,,,,-117.1999955E-9,719.999969006E-3,
,,,-116.7999955E-9,79.999998212E-3,,,,,-116.7999955E-9,719.999969006E-3,
,,,-116.3999954E-9,79.999998212E-3,,,,,-116.3999954E-9,719.999969006E-3,
,,,-115.9999954E-9,79.999998212E-3,,,,,-115.9999954E-9,719.999969006E-3,
,,,-115.5999954E-9,79.999998212E-3,,,,,-115.5999954E-9,719.999969006E-3,
,,,-115.1999953E-9,79.999998212E-3,,,,,-115.1999953E-9,680.000007153E-3,
,,,-114.7999953E-9,79.999998212E-3,,,,,-114.7999953E-9,680.000007153E-3,
,,,-114.3999953E-9,79.999998212E-3,,,,,-114.3999953E-9,680.000007153E-3,
,,,-113.9999952E-9,39.99999911E-3,,,,,-113.9999952E-9,680.000007153E-3,
,,,-113.5999952E-9,39.99999911E-3,,,,,-113.5999952E-9,680.000007153E-3,
,,,-113.1999952E-9,39.99999911E-3,,,,,-113.1999952E-9,680.000007153E-3,
,,,-112.7999951E-9,0.0,,,,,-112.7999951E-9,680.000007153E-3,
,,,-112.3999951E-9,39.99999911E-3,,,,,-112.3999951E-9,680.000007153E-3,
,,,-111.9999951E-9,39.99999911E-3,,,,,-111.9999951E-9,680.000007153E-3,
,,,-111.5999950E-9,39.99999911E-3,,,,,-111.5999950E-9,680.000007153E-3,
,,,-111.1999950E-9,79.999998212E-3,,,,,-111.1999950E-9,719.999969006E-3,
,,,-110.7999950E-9,79.999998212E-3,,,,,-110.7999950E-9,719.999969006E-3,
,,,-110.3999949E-9,79.999998212E-3,,,,,-110.3999949E-9,759.999990463E-3,
,,,-109.9999949E-9,39.99999911E-3,,,,,-109.9999949E-9,719.999969006E-3,
,,,-109.5999949E-9,39.99999911E-3,,,,,-109.5999949E-9,719.999969006E-3,
,,,-109.1999948E-9,39.99999911E-3,,,,,-109.1999948E-9,719.999969006E-3,
,,,-108.7999948E-9,39.99999911E-3,,,,,-108.7999948E-9,719.999969006E-3,
,,,-108.4000019E-9,79.999998212E-3,,,,,-108.4000019E-9,759.999990463E-3,
,,,-108.0000018E-9,39.99999911E-3,,,,,-108.0000018E-9,759.999990463E-3,
,,,-107.6000018E-9,39.99999911E-3,,,,,-107.6000018E-9,759.999990463E-3,
,,,-107.2000018E-9,39.99999911E-3,,,,,-107.2000018E-9,719.999969006E-3,
,,,-106.8000017E-9,0.0,,,,,-106.8000017E-9,719.999969006E-3,
,,,-106.4000017E-9,39.99999911E-3,,,,,-106.4000017E-9,719.999969006E-3,
,,,-106.0000017E-9,39.99999911E-3,,,,,-106.0000017E-9,680.000007153E-3,
,,,-105.6000016E-9,39.99999911E-3,,,,,-105.6000016E-9,680.000007153E-3,
,,,-105.2000016E-9,39.99999911E-3,,,,,-105.2000016E-9,680.000007153E-3,
,,,-104.8000016E-9,39.99999911E-3,,,,,-104.8000016E-9,680.000007153E-3,
,,,-104.4000015E-9,39.99999911E-3,,,,,-104.4000015E-9,680.000007153E-3,
,,,-104.0000015E-9,39.99999911E-3,,,,,-104.0000015E-9,639.999985695E-3,
,,,-103.6000015E-9,39.99999911E-3,,,,,-103.6000015E-9,639.999985695E-3,
,,,-103.2000014E-9,39.99999911E-3,,,,,-103.2000014E-9,639.999985695E-3,
,,,-102.8000014E-9,39.99999911E-3,,,,,-102.8000014E-9,599.999964237E-3,
,,,-102.4000014E-9,39.99999911E-3,,,,,-102.4000014E-9,639.999985695E-3,
,,,-102.0000013E-9,39.99999911E-3,,,,,-102.0000013E-9,639.999985695E-3,
,,,-101.6000013E-9,39.99999911E-3,,,,,-101.6000013E-9,639.999985695E-3,
,,,-101.2000013E-9,79.999998212E-3,,,,,-101.2000013E-9,680.000007153E-3,
,,,-100.8000012E-9,79.999998212E-3,,,,,-100.8000012E-9,680.000007153E-3,
,,,-100.4000012E-9,79.999998212E-3,,,,,-100.4000012E-9,680.000007153E-3,
,,,-100.0000012E-9,39.99999911E-3,,,,,-100.0000012E-9,639.999985695E-3,
,,,-99.600001136E-9,39.99999911E-3,,,,,-99.600001136E-9,639.999985695E-3,
,,,-99.200001102E-9,39.99999911E-3,,,,,-99.200001102E-9,639.999985695E-3,
,,,-98.800001069E-9,39.99999911E-3,,,,,-98.800001069E-9,639.999985695E-3,
,,,-98.400001036E-9,79.999998212E-3,,,,,-98.400001036E-9,680.000007153E-3,
,,,-98.000001003E-9,39.99999911E-3,,,,,-98.000001003E-9,680.000007153E-3,
,,,-97.600000970E-9,39.99999911E-3,,,,,-97.600000970E-9,680.000007153E-3,
,,,-97.200000937E-9,39.99999911E-3,,,,,-97.200000937E-9,680.000007153E-3,
,,,-96.800000904E-9,39.99999911E-3,,,,,-96.800000904E-9,680.000007153E-3,
,,,-96.400000871E-9,79.999998212E-3,,,,,-96.400000871E-9,680.000007153E-3,
,,,-96.000000838E-9,79.999998212E-3,,,,,-96.000000838E-9,680.000007153E-3,
,,,-95.600000805E-9,79.999998212E-3,,,,,-95.600000805E-9,680.000007153E-3,
,,,-95.200000771E-9,119.9999973E-3,,,,,-95.200000771E-9,680.000007153E-3,
,,,-94.800000738E-9,119.9999973E-3,,,,,-94.800000738E-9,680.000007153E-3,
,,,-94.400000705E-9,119.9999973E-3,,,,,-94.400000705E-9,680.000007153E-3,
,,,-94.000000672E-9,119.9999973E-3,,,,,-94.000000672E-9,639.999985695E-3,
,,,-93.600000639E-9,119.9999973E-3,,,,,-93.600000639E-9,639.999985695E-3,
,,,-93.200000606E-9,119.9999973E-3,,,,,-93.200000606E-9,599.999964237E-3,
,,,-92.800000573E-9,119.9999973E-3,,,,,-92.800000573E-9,599.999964237E-3,
,,,-92.400000540E-9,119.9999973E-3,,,,,-92.400000540E-9,599.999964237E-3,
,,,-92.000000507E-9,119.9999973E-3,,,,,-92.000000507E-9,599.999964237E-3,
,,,-91.600000474E-9,119.9999973E-3,,,,,-91.600000474E-9,599.999964237E-3,
,,,-91.200000440E-9,119.9999973E-3,,,,,-91.200000440E-9,639.999985695E-3,
,,,-90.800000407E-9,119.9999973E-3,,,,,-90.800000407E-9,639.999985695E-3,
,,,-90.400000374E-9,119.9999973E-3,,,,,-90.400000374E-9,639.999985695E-3,
,,,-90.000000341E-9,119.9999973E-3,,,,,-90.000000341E-9,639.999985695E-3,
,,,-89.600000308E-9,119.9999973E-3,,,,,-89.600000308E-9,639.999985695E-3,
,,,-89.200000275E-9,119.9999973E-3,,,,,-89.200000275E-9,639.999985695E-3,
,,,-88.800000242E-9,119.9999973E-3,,,,,-88.800000242E-9,639.999985695E-3,
,,,-88.400000209E-9,119.9999973E-3,,,,,-88.400000209E-9,639.999985695E-3,
,,,-88.000000176E-9,79.999998212E-3,,,,,-88.000000176E-9,639.999985695E-3,
,,,-87.600000143E-9,79.999998212E-3,,,,,-87.600000143E-9,639.999985695E-3,
,,,-87.200000110E-9,119.9999973E-3,,,,,-87.200000110E-9,639.999985695E-3,
,,,-86.800000076E-9,159.99999642E-3,,,,,-86.800000076E-9,639.999985695E-3,
,,,-86.400000043E-9,199.99998808E-3,,,,,-86.400000043E-9,639.999985695E-3,
,,,-86.000000010E-9,199.99998808E-3,,,,,-86.000000010E-9,599.999964237E-3,
,,,-85.599999977E-9,199.99998808E-3,,,,,-85.599999977E-9,599.999964237E-3,
,,,-85.199999944E-9,199.99998808E-3,,,,,-85.199999944E-9,599.999964237E-3,
,,,-84.799999911E-9,199.99998808E-3,,,,,-84.799999911E-9,599.999964237E-3,
,,,-84.399999878E-9,239.99999464E-3,,,,,-84.399999878E-9,599.999964237E-3,
,,,-83.999999845E-9,239.99999464E-3,,,,,-83.999999845E-9,599.999964237E-3,
,,,-83.599999812E-9,239.99999464E-3,,,,,-83.599999812E-9,599.999964237E-3,
,,,-83.199999779E-9,199.99998808E-3,,,,,-83.199999779E-9,560.000002384E-3,
,,,-82.799999745E-9,199.99998808E-3,,,,,-82.799999745E-9,560.000002384E-3,
,,,-82.399999712E-9,199.99998808E-3,,,,,-82.399999712E-9,560.000002384E-3,
,,,-81.999999679E-9,199.99998808E-3,,,,,-81.999999679E-9,519.999980927E-3,
,,,-81.599999646E-9,199.99998808E-3,,,,,-81.599999646E-9,560.000002384E-3,
,,,-81.199999613E-9,199.99998808E-3,,,,,-81.199999613E-9,560.000002384E-3,
,,,-80.799999580E-9,199.99998808E-3,,,,,-80.799999580E-9,560.000002384E-3,
,,,-80.399999547E-9,199.99998808E-3,,,,,-80.399999547E-9,599.999964237E-3,
,,,-79.999999514E-9,199.99998808E-3,,,,,-79.999999514E-9,560.000002384E-3,
,,,-79.599999481E-9,199.99998808E-3,,,,,-79.599999481E-9,560.000002384E-3,
,,,-79.199999448E-9,159.99999642E-3,,,,,-79.199999448E-9,560.000002384E-3,
,,,-78.799999415E-9,159.99999642E-3,,,,,-78.799999415E-9,560.000002384E-3,
,,,-78.399999381E-9,159.99999642E-3,,,,,-78.399999381E-9,560.000002384E-3,
,,,-77.999999348E-9,159.99999642E-3,,,,,-77.999999348E-9,560.000002384E-3,
,,,-77.599999315E-9,159.99999642E-3,,,,,-77.599999315E-9,560.000002384E-3,
,,,-77.199999282E-9,119.9999973E-3,,,,,-77.199999282E-9,519.999980927E-3,
,,,-76.799999249E-9,119.9999973E-3,,,,,-76.799999249E-9,519.999980927E-3,
,,,-76.399999216E-9,119.9999973E-3,,,,,-76.399999216E-9,519.999980927E-3,
,,,-75.999999183E-9,119.9999973E-3,,,,,-75.999999183E-9,519.999980927E-3,
,,,-75.599999150E-9,119.9999973E-3,,,,,-75.599999150E-9,519.999980927E-3,
,,,-75.199999117E-9,119.9999973E-3,,,,,-75.199999117E-9,519.999980927E-3,
,,,-74.799999084E-9,119.9999973E-3,,,,,-74.799999084E-9,519.999980927E-3,
,,,-74.399999050E-9,119.9999973E-3,,,,,-74.399999050E-9,519.999980927E-3,
,,,-73.999999017E-9,119.9999973E-3,,,,,-73.999999017E-9,479.999989271E-3,
,,,-73.599998984E-9,119.9999973E-3,,,,,-73.599998984E-9,479.999989271E-3,
,,,-73.199998951E-9,119.9999973E-3,,,,,-73.199998951E-9,439.999997616E-3,
,,,-72.799998918E-9,119.9999973E-3,,,,,-72.799998918E-9,439.999997616E-3,
,,,-72.399998885E-9,119.9999973E-3,,,,,-72.399998885E-9,439.999997616E-3,
,,,-71.999998852E-9,119.9999973E-3,,,,,-71.999998852E-9,439.999997616E-3,
,,,-71.599998819E-9,119.9999973E-3,,,,,-71.599998819E-9,439.999997616E-3,
,,,-71.199998786E-9,119.9999973E-3,,,,,-71.199998786E-9,439.999997616E-3,
,,,-70.799998753E-9,119.9999973E-3,,,,,-70.799998753E-9,439.999997616E-3,
,,,-70.399998719E-9,119.9999973E-3,,,,,-70.399998719E-9,439.999997616E-3,
,,,-69.999998686E-9,119.9999973E-3,,,,,-69.999998686E-9,439.999997616E-3,
,,,-69.599998653E-9,119.9999973E-3,,,,,-69.599998653E-9,439.999997616E-3,
,,,-69.199998620E-9,159.99999642E-3,,,,,-69.199998620E-9,479.999989271E-3,
,,,-68.799998587E-9,159.99999642E-3,,,,,-68.799998587E-9,479.999989271E-3,
,,,-68.399998554E-9,159.99999642E-3,,,,,-68.399998554E-9,479.999989271E-3,
,,,-67.999998521E-9,159.99999642E-3,,,,,-67.999998521E-9,479.999989271E-3,
,,,-67.599998488E-9,159.99999642E-3,,,,,-67.599998488E-9,479.999989271E-3,
,,,-67.199998455E-9,159.99999642E-3,,,,,-67.199998455E-9,519.999980927E-3,
,,,-66.799998422E-9,159.99999642E-3,,,,,-66.799998422E-9,519.999980927E-3,
,,,-66.399998389E-9,159.99999642E-3,,,,,-66.399998389E-9,519.999980927E-3,
,,,-65.999998355E-9,159.99999642E-3,,,,,-65.999998355E-9,519.999980927E-3,
,,,-65.599998322E-9,159.99999642E-3,,,,,-65.599998322E-9,519.999980927E-3,
,,,-65.199998289E-9,159.99999642E-3,,,,,-65.199998289E-9,519.999980927E-3,
,,,-64.799998256E-9,159.99999642E-3,,,,,-64.799998256E-9,519.999980927E-3,
,,,-64.399998223E-9,159.99999642E-3,,,,,-64.399998223E-9,519.999980927E-3,
,,,-63.999998190E-9,159.99999642E-3,,,,,-63.999998190E-9,519.999980927E-3,
,,,-63.599998157E-9,159.99999642E-3,,,,,-63.599998157E-9,519.999980927E-3,
,,,-63.199998124E-9,159.99999642E-3,,,,,-63.199998124E-9,519.999980927E-3,
,,,-62.799998091E-9,159.99999642E-3,,,,,-62.799998091E-9,519.999980927E-3,
,,,-62.399998058E-9,159.99999642E-3,,,,,-62.399998058E-9,519.999980927E-3,
,,,-61.999998024E-9,159.99999642E-3,,,,,-61.999998024E-9,519.999980927E-3,
,,,-61.599997991E-9,159.99999642E-3,,,,,-61.599997991E-9,519.999980927E-3,
,,,-61.199997958E-9,119.9999973E-3,,,,,-61.199997958E-9,560.000002384E-3,
,,,-60.799997925E-9,119.9999973E-3,,,,,-60.799997925E-9,560.000002384E-3,
,,,-60.399997892E-9,119.9999973E-3,,,,,-60.399997892E-9,560.000002384E-3,
,,,-59.999997859E-9,79.999998212E-3,,,,,-59.999997859E-9,519.999980927E-3,
,,,-59.599997826E-9,79.999998212E-3,,,,,-59.599997826E-9,519.999980927E-3,
,,,-59.199997793E-9,79.999998212E-3,,,,,-59.199997793E-9,519.999980927E-3,
,,,-58.799997760E-9,79.999998212E-3,,,,,-58.799997760E-9,479.999989271E-3,
,,,-58.399997727E-9,119.9999973E-3,,,,,-58.399997727E-9,519.999980927E-3,
,,,-57.999997694E-9,79.999998212E-3,,,,,-57.999997694E-9,519.999980927E-3,
,,,-57.599997660E-9,79.999998212E-3,,,,,-57.599997660E-9,519.999980927E-3,
,,,-57.199997627E-9,79.999998212E-3,,,,,-57.199997627E-9,560.000002384E-3,
,,,-56.799997594E-9,79.999998212E-3,,,,,-56.799997594E-9,560.000002384E-3,
,,,-56.399997561E-9,119.9999973E-3,,,,,-56.399997561E-9,560.000002384E-3,
,,,-55.999997528E-9,79.999998212E-3,,,,,-55.999997528E-9,519.999980927E-3,
,,,-55.599997495E-9,79.999998212E-3,,,,,-55.599997495E-9,519.999980927E-3,
,,,-55.199997462E-9,79.999998212E-3,,,,,-55.199997462E-9,519.999980927E-3,
,,,-54.799997429E-9,79.999998212E-3,,,,,-54.799997429E-9,479.999989271E-3,
,,,-54.39999740E-9,119.9999973E-3,,,,,-54.39999740E-9,519.999980927E-3,
,,,-53.99999736E-9,79.999998212E-3,,,,,-53.99999736E-9,519.999980927E-3,
,,,-53.59999733E-9,79.999998212E-3,,,,,-53.59999733E-9,519.999980927E-3,
,,,-53.19999730E-9,79.999998212E-3,,,,,-53.19999730E-9,519.999980927E-3,
,,,-52.79999726E-9,39.99999911E-3,,,,,-52.79999726E-9,519.999980927E-3,
,,,-52.39999723E-9,79.999998212E-3,,,,,-52.39999723E-9,519.999980927E-3,
,,,-51.99999720E-9,79.999998212E-3,,,,,-51.99999720E-9,519.999980927E-3,
,,,-51.59999716E-9,79.999998212E-3,,,,,-51.59999716E-9,519.999980927E-3,
,,,-51.19999713E-9,79.999998212E-3,,,,,-51.19999713E-9,560.000002384E-3,
,,,-50.79999710E-9,79.999998212E-3,,,,,-50.79999710E-9,560.000002384E-3,
,,,-50.39999706E-9,79.999998212E-3,,,,,-50.39999706E-9,560.000002384E-3,
,,,-49.99999703E-9,79.999998212E-3,,,,,-49.99999703E-9,560.000002384E-3,
,,,-49.59999700E-9,79.999998212E-3,,,,,-49.59999700E-9,560.000002384E-3,
,,,-49.19999697E-9,79.999998212E-3,,,,,-49.19999697E-9,599.999964237E-3,
,,,-48.79999693E-9,79.999998212E-3,,,,,-48.79999693E-9,599.999964237E-3,
,,,-48.39999690E-9,79.999998212E-3,,,,,-48.39999690E-9,599.999964237E-3,
,,,-47.99999687E-9,79.999998212E-3,,,,,-47.99999687E-9,560.000002384E-3,
,,,-47.59999683E-9,79.999998212E-3,,,,,-47.59999683E-9,560.000002384E-3,
,,,-47.19999680E-9,79.999998212E-3,,,,,-47.19999680E-9,560.000002384E-3,
,,,-46.79999677E-9,79.999998212E-3,,,,,-46.79999677E-9,560.000002384E-3,
,,,-46.39999673E-9,79.999998212E-3,,,,,-46.39999673E-9,599.999964237E-3,
,,,-45.99999670E-9,79.999998212E-3,,,,,-45.99999670E-9,599.999964237E-3,
,,,-45.59999667E-9,79.999998212E-3,,,,,-45.59999667E-9,599.999964237E-3,
,,,-45.19999663E-9,79.999998212E-3,,,,,-45.19999663E-9,560.000002384E-3,
,,,-44.79999660E-9,79.999998212E-3,,,,,-44.79999660E-9,560.000002384E-3,
,,,-44.39999657E-9,79.999998212E-3,,,,,-44.39999657E-9,560.000002384E-3,
,,,-43.99999654E-9,79.999998212E-3,,,,,-43.99999654E-9,519.999980927E-3,
,,,-43.59999650E-9,79.999998212E-3,,,,,-43.59999650E-9,560.000002384E-3,
,,,-43.19999647E-9,79.999998212E-3,,,,,-43.19999647E-9,560.000002384E-3,
,,,-42.79999644E-9,79.999998212E-3,,,,,-42.79999644E-9,560.000002384E-3,
,,,-42.39999640E-9,79.999998212E-3,,,,,-42.39999640E-9,599.999964237E-3,
,,,-41.99999637E-9,79.999998212E-3,,,,,-41.99999637E-9,599.999964237E-3,
,,,-41.59999634E-9,79.999998212E-3,,,,,-41.59999634E-9,599.999964237E-3,
,,,-41.19999630E-9,79.999998212E-3,,,,,-41.19999630E-9,639.999985695E-3,
,,,-40.79999627E-9,79.999998212E-3,,,,,-40.79999627E-9,639.999985695E-3,
,,,-40.39999624E-9,119.9999973E-3,,,,,-40.39999624E-9,639.999985695E-3,
,,,-39.99999620E-9,119.9999973E-3,,,,,-39.99999620E-9,599.999964237E-3,
,,,-39.59999617E-9,119.9999973E-3,,,,,-39.59999617E-9,639.999985695E-3,
,,,-39.19999614E-9,119.9999973E-3,,,,,-39.19999614E-9,639.999985695E-3,
,,,-38.79999610E-9,119.9999973E-3,,,,,-38.79999610E-9,680.000007153E-3,
,,,-38.39999607E-9,119.9999973E-3,,,,,-38.39999607E-9,719.999969006E-3,
,,,-37.99999604E-9,79.999998212E-3,,,,,-37.99999604E-9,680.000007153E-3,
,,,-37.59999601E-9,39.99999911E-3,,,,,-37.59999601E-9,680.000007153E-3,
,,,-37.19999597E-9,39.99999911E-3,,,,,-37.19999597E-9,680.000007153E-3,
,,,-36.79999594E-9,39.99999911E-3,,,,,-36.79999594E-9,639.999985695E-3,
,,,-36.39999591E-9,79.999998212E-3,,,,,-36.39999591E-9,680.000007153E-3,
,,,-35.99999587E-9,79.999998212E-3,,,,,-35.99999587E-9,680.000007153E-3,
,,,-35.59999584E-9,119.9999973E-3,,,,,-35.59999584E-9,680.000007153E-3,
,,,-35.19999581E-9,79.999998212E-3,,,,,-35.19999581E-9,719.999969006E-3,
,,,-34.79999577E-9,79.999998212E-3,,,,,-34.79999577E-9,719.999969006E-3,
,,,-34.39999574E-9,79.999998212E-3,,,,,-34.39999574E-9,759.999990463E-3,
,,,-33.99999571E-9,79.999998212E-3,,,,,-33.99999571E-9,759.999990463E-3,
,,,-33.59999567E-9,79.999998212E-3,,,,,-33.59999567E-9,759.999990463E-3,
,,,-33.19999564E-9,79.999998212E-3,,,,,-33.19999564E-9,719.999969006E-3,
,,,-32.79999561E-9,79.999998212E-3,,,,,-32.79999561E-9,719.999969006E-3,
,,,-32.39999558E-9,79.999998212E-3,,,,,-32.39999558E-9,719.999969006E-3,
,,,-31.99999554E-9,79.999998212E-3,,,,,-31.99999554E-9,680.000007153E-3,
,,,-31.59999906E-9,79.999998212E-3,,,,,-31.59999906E-9,680.000007153E-3,
,,,-31.19999903E-9,79.999998212E-3,,,,,-31.19999903E-9,680.000007153E-3,
,,,-30.79999900E-9,79.999998212E-3,,,,,-30.79999900E-9,680.000007153E-3,
,,,-30.39999896E-9,79.999998212E-3,,,,,-30.39999896E-9,719.999969006E-3,
,,,-29.99999893E-9,79.999998212E-3,,,,,-29.99999893E-9,719.999969006E-3,
,,,-29.59999712E-9,79.999998212E-3,,,,,-29.59999712E-9,719.999969006E-3,
,,,-29.19999709E-9,39.99999911E-3,,,,,-29.19999709E-9,719.999969006E-3,
,,,-28.79999705E-9,39.99999911E-3,,,,,-28.79999705E-9,719.999969006E-3,
,,,-28.39999702E-9,39.99999911E-3,,,,,-28.39999702E-9,759.999990463E-3,
,,,-27.99999699E-9,0.0,,,,,-27.99999699E-9,759.999990463E-3,
,,,-27.59999695E-9,39.99999911E-3,,,,,-27.59999695E-9,759.999990463E-3,
,,,-27.19999692E-9,39.99999911E-3,,,,,-27.19999692E-9,719.999969006E-3,
,,,-26.79999689E-9,39.99999911E-3,,,,,-26.79999689E-9,680.000007153E-3,
,,,-26.39999686E-9,79.999998212E-3,,,,,-26.39999686E-9,639.999985695E-3,
,,,-25.99999682E-9,79.999998212E-3,,,,,-25.99999682E-9,639.999985695E-3,
,,,-25.59999679E-9,79.999998212E-3,,,,,-25.59999679E-9,680.000007153E-3,
,,,-25.19999676E-9,39.99999911E-3,,,,,-25.19999676E-9,759.999990463E-3,
,,,-24.79999672E-9,39.99999911E-3,,,,,-24.79999672E-9,799.999952316E-3,
,,,-24.39999669E-9,39.99999911E-3,,,,,-24.39999669E-9,839.999973774E-3,
,,,-23.99999666E-9,39.99999911E-3,,,,,-23.99999666E-9,719.999969006E-3,
,,,-23.59999662E-9,79.999998212E-3,,,,,-23.59999662E-9,599.999964237E-3,
,,,-23.19999659E-9,119.9999973E-3,,,,,-23.19999659E-9,560.000002384E-3,
,,,-22.79999656E-9,119.9999973E-3,,,,,-22.79999656E-9,599.999964237E-3,
,,,-22.39999652E-9,119.9999973E-3,,,,,-22.39999652E-9,680.000007153E-3,
,,,-21.99999649E-9,39.99999911E-3,,,,,-21.99999649E-9,799.999952316E-3,
,,,-21.59999646E-9,-39.99999911E-3,,,,,-21.59999646E-9,879.999995232E-3,
,,,-21.19999643E-9,-39.99999911E-3,,,,,-21.19999643E-9,839.999973774E-3,
,,,-20.79999639E-9,39.99999911E-3,,,,,-20.79999639E-9,639.999985695E-3,
,,,-20.39999636E-9,119.9999973E-3,,,,,-20.39999636E-9,519.999980927E-3,
,,,-19.9999963E-9,119.9999973E-3,,,,,-19.9999963E-9,519.999980927E-3,
,,,-19.5999963E-9,79.999998212E-3,,,,,-19.5999963E-9,599.999964237E-3,
,,,-19.1999980E-9,39.99999911E-3,,,,,-19.1999980E-9,759.999990463E-3,
,,,-18.7999980E-9,-39.99999911E-3,,,,,-18.7999980E-9,919.999957085E-3,
,,,-18.3999980E-9,-39.99999911E-3,,,,,-18.3999980E-9,1.000000,
,,,-17.9999979E-9,0.0,,,,,-17.9999979E-9,799.999952316E-3,
,,,-17.5999979E-9,119.9999973E-3,,,,,-17.5999979E-9,560.000002384E-3,
,,,-17.1999979E-9,159.99999642E-3,,,,,-17.1999979E-9,479.999989271E-3,
,,,-16.7999978E-9,159.99999642E-3,,,,,-16.7999978E-9,560.000002384E-3,
,,,-16.3999978E-9,119.9999973E-3,,,,,-16.3999978E-9,719.999969006E-3,
,,,-15.9999978E-9,39.99999911E-3,,,,,-15.9999978E-9,879.999995232E-3,
,,,-15.5999977E-9,0.0,,,,,-15.5999977E-9,1.000000,
,,,-15.1999977E-9,0.0,,,,,-15.1999977E-9,919.999957085E-3,
,,,-14.7999968E-9,79.999998212E-3,,,,,-14.7999968E-9,639.999985695E-3,
,,,-14.3999968E-9,159.99999642E-3,,,,,-14.3999968E-9,439.999997616E-3,
,,,-13.9999967E-9,159.99999642E-3,,,,,-13.9999967E-9,479.999989271E-3,
,,,-13.5999967E-9,119.9999973E-3,,,,,-13.5999967E-9,599.999964237E-3,
,,,-13.1999967E-9,79.999998212E-3,,,,,-13.1999967E-9,799.999952316E-3,
,,,-12.7999975E-9,39.99999911E-3,,,,,-12.7999975E-9,959.999978542E-3,
,,,-12.3999975E-9,39.99999911E-3,,,,,-12.3999975E-9,1.000000,
,,,-11.9999974E-9,119.9999973E-3,,,,,-11.9999974E-9,719.999969006E-3,
,,,-11.5999974E-9,239.99999464E-3,,,,,-11.5999974E-9,439.999997616E-3,
,,,-11.1999974E-9,280.00000119E-3,,,,,-11.1999974E-9,319.99999285E-3,
,,,-10.7999973E-9,239.99999464E-3,,,,,-10.7999973E-9,399.99997616E-3,
,,,-10.3999973E-9,199.99998808E-3,,,,,-10.3999973E-9,599.999964237E-3,
,,,-9.999997275E-9,159.99999642E-3,,,,,-9.999997275E-9,839.999973774E-3,
,,,-9.599997242E-9,159.99999642E-3,,,,,-9.599997242E-9,1.0799999,
,,,-9.199997208E-9,199.99998808E-3,,,,,-9.199997208E-9,1.0799999,
,,,-8.799997175E-9,239.99999464E-3,,,,,-8.799997175E-9,959.999978542E-3,
,,,-8.399997142E-9,239.99999464E-3,,,,,-8.399997142E-9,839.999973774E-3,
,,,-7.999997109E-9,119.9999973E-3,,,,,-7.999997109E-9,959.999978542E-3,
,,,-7.599997076E-9,39.99999911E-3,,,,,-7.599997076E-9,1.1600000,
,,,-7.19999704E-9,0.0,,,,,-7.19999704E-9,1.3199999,
,,,-6.79999701E-9,0.0,,,,,-6.79999701E-9,1.3600000,
,,,-6.39999698E-9,79.999998212E-3,,,,,-6.39999698E-9,1.3600000,
,,,-5.99999694E-9,79.999998212E-3,,,,,-5.99999694E-9,1.1200000,
,,,-5.59999691E-9,119.9999973E-3,,,,,-5.59999691E-9,919.999957085E-3,
,,,-5.19999688E-9,79.999998212E-3,,,,,-5.19999688E-9,919.999957085E-3,
,,,-4.79999684E-9,0.0,,,,,-4.79999684E-9,1.0799999,
,,,-4.39999681E-9,-39.99999911E-3,,,,,-4.39999681E-9,1.2400000,
,,,-3.99999678E-9,39.99999911E-3,,,,,-3.99999678E-9,1.1600000,
,,,-3.59999697E-9,159.99999642E-3,,,,,-3.59999697E-9,1.0400000,
,,,-3.19999693E-9,239.99999464E-3,,,,,-3.19999693E-9,879.999995232E-3,
,,,-2.79999690E-9,199.99998808E-3,,,,,-2.79999690E-9,759.999990463E-3,
,,,-2.3999969E-9,199.99998808E-3,,,,,-2.3999969E-9,719.999969006E-3,
,,,-1.9999968E-9,159.99999642E-3,,,,,-1.9999968E-9,879.999995232E-3,
,,,-1.5999969E-9,159.99999642E-3,,,,,-1.5999969E-9,1.1200000,
,,,-1.1999969E-9,239.99999464E-3,,,,,-1.1999969E-9,1.2400000,
,,,-799.996898780E-12,399.99997616E-3,,,,,-799.996898780E-12,1.2400000,
,,,-399.99689508E-12,519.999980927E-3,,,,,-399.99689508E-12,1.2400000,
,,,3.10862443E-15,399.99997616E-3,,,,,3.10862443E-15,1.2800000,
,,,400.00311233E-12,280.00000119E-3,,,,,400.00311233E-12,1.3600000,
,,,800.003116029E-12,199.99998808E-3,,,,,800.003116029E-12,1.4000000,
,,,1.2000031E-9,199.99998808E-3,,,,,1.2000031E-9,1.4399999,
,,,1.6000031E-9,239.99999464E-3,,,,,1.6000031E-9,1.4399999,
,,,2.0000031E-9,359.99998450E-3,,,,,2.0000031E-9,1.3199999,
,,,2.4000031E-9,479.999989271E-3,,,,,2.4000031E-9,1.1999999,
,,,2.80000312E-9,479.999989271E-3,,,,,2.80000312E-9,1.1600000,
,,,3.20000315E-9,359.99998450E-3,,,,,3.20000315E-9,1.1999999,
,,,3.60000318E-9,239.99999464E-3,,,,,3.60000318E-9,1.2400000,
,,,4.00000300E-9,199.99998808E-3,,,,,4.00000300E-9,1.1200000,
,,,4.40000303E-9,199.99998808E-3,,,,,4.40000303E-9,959.999978542E-3,
,,,4.80000306E-9,199.99998808E-3,,,,,4.80000306E-9,799.999952316E-3,
,,,5.20000309E-9,199.99998808E-3,,,,,5.20000309E-9,719.999969006E-3,
,,,5.60000313E-9,199.99998808E-3,,,,,5.60000313E-9,680.000007153E-3,
,,,6.00000316E-9,159.99999642E-3,,,,,6.00000316E-9,759.999990463E-3,
,,,6.40000319E-9,119.9999973E-3,,,,,6.40000319E-9,879.999995232E-3,
,,,6.80000323E-9,119.9999973E-3,,,,,6.80000323E-9,839.999973774E-3,
,,,7.20000326E-9,199.99998808E-3,,,,,7.20000326E-9,680.000007153E-3,
,,,7.600003293E-9,280.00000119E-3,,,,,7.600003293E-9,560.000002384E-3,
,,,8.000003326E-9,280.00000119E-3,,,,,8.000003326E-9,519.999980927E-3,
,,,8.400003360E-9,280.00000119E-3,,,,,8.400003360E-9,560.000002384E-3,
,,,8.800003393E-9,319.99999285E-3,,,,,8.800003393E-9,719.999969006E-3,
,,,9.200003426E-9,359.99998450E-3,,,,,9.200003426E-9,959.999978542E-3,
,,,9.600003459E-9,439.999997616E-3,,,,,9.600003459E-9,1.1999999,
,,,10.0000035E-9,519.999980927E-3,,,,,10.0000035E-9,1.2800000,
,,,10.4000035E-9,639.999985695E-3,,,,,10.4000035E-9,1.3199999,
,,,10.8000036E-9,639.999985695E-3,,,,,10.8000036E-9,1.4000000,
,,,11.2000036E-9,560.000002384E-3,,,,,11.2000036E-9,1.4800000,
,,,11.6000036E-9,519.999980927E-3,,,,,11.6000036E-9,1.5200000,
,,,12.0000037E-9,519.999980927E-3,,,,,12.0000037E-9,1.4000000,
,,,12.4000037E-9,560.000002384E-3,,,,,12.4000037E-9,1.2400000,
,,,12.8000028E-9,560.000002384E-3,,,,,12.8000028E-9,1.0799999,
,,,13.2000029E-9,519.999980927E-3,,,,,13.2000029E-9,1.000000,
,,,13.6000029E-9,439.999997616E-3,,,,,13.6000029E-9,1.000000,
,,,14.0000029E-9,280.00000119E-3,,,,,14.0000029E-9,1.0400000,
,,,14.4000030E-9,159.99999642E-3,,,,,14.4000030E-9,1.0799999,
,,,14.8000030E-9,119.9999973E-3,,,,,14.8000030E-9,1.0400000,
,,,15.2000030E-9,199.99998808E-3,,,,,15.2000030E-9,839.999973774E-3,
,,,15.6000031E-9,280.00000119E-3,,,,,15.6000031E-9,680.000007153E-3,
,,,16.0000031E-9,159.99999642E-3,,,,,16.0000031E-9,599.999964237E-3,
,,,16.4000031E-9,39.99999911E-3,,,,,16.4000031E-9,560.000002384E-3,
,,,16.8000032E-9,-39.99999911E-3,,,,,16.8000032E-9,639.999985695E-3,
,,,17.2000032E-9,-39.99999911E-3,,,,,17.2000032E-9,759.999990463E-3,
,,,17.6000032E-9,39.99999911E-3,,,,,17.6000032E-9,879.999995232E-3,
,,,18.0000033E-9,199.99998808E-3,,,,,18.0000033E-9,959.999978542E-3,
,,,18.4000033E-9,359.99998450E-3,,,,,18.4000033E-9,1.000000,
,,,18.8000033E-9,439.999997616E-3,,,,,18.8000033E-9,1.0400000,
,,,19.2000034E-9,359.99998450E-3,,,,,19.2000034E-9,1.0799999,
,,,19.6000034E-9,359.99998450E-3,,,,,19.6000034E-9,1.0799999,
,,,20.0000034E-9,439.999997616E-3,,,,,20.0000034E-9,1.000000,
,,,20.40000346E-9,519.999980927E-3,,,,,20.40000346E-9,959.999978542E-3,
,,,20.80000350E-9,599.999964237E-3,,,,,20.80000350E-9,1.0799999,
,,,21.20000353E-9,680.000007153E-3,,,,,21.20000353E-9,1.3600000,
,,,21.60000356E-9,719.999969006E-3,,,,,21.60000356E-9,1.6400000,
,,,22.00000360E-9,719.999969006E-3,,,,,22.00000360E-9,1.8399999,
,,,22.40000363E-9,719.999969006E-3,,,,,22.40000363E-9,1.9200000,
,,,22.80000366E-9,719.999969006E-3,,,,,22.80000366E-9,1.8399999,
,,,23.20000370E-9,759.999990463E-3,,,,,23.20000370E-9,1.5999999,
,,,23.60000373E-9,719.999969006E-3,,,,,23.60000373E-9,1.4000000,
,,,24.00000376E-9,519.999980927E-3,,,,,24.00000376E-9,1.4800000,
,,,24.40000380E-9,319.99999285E-3,,,,,24.40000380E-9,1.7199999,
,,,24.80000383E-9,199.99998808E-3,,,,,24.80000383E-9,1.9200000,
,,,25.20000386E-9,159.99999642E-3,,,,,25.20000386E-9,2.0799999,
,,,25.60000389E-9,159.99999642E-3,,,,,25.60000389E-9,2.2000000,
,,,26.00000393E-9,199.99998808E-3,,,,,26.00000393E-9,2.2000000,
,,,26.40000396E-9,199.99998808E-3,,,,,26.40000396E-9,2.2000000,
,,,26.80000399E-9,159.99999642E-3,,,,,26.80000399E-9,2.3199999,
,,,27.20000403E-9,79.999998212E-3,,,,,27.20000403E-9,2.4800000,
,,,27.60000406E-9,0.0,,,,,27.60000406E-9,2.5599999,
,,,28.00000409E-9,39.99999911E-3,,,,,28.00000409E-9,2.2800000,
,,,28.40000413E-9,159.99999642E-3,,,,,28.40000413E-9,2.0000000,
,,,28.80000416E-9,239.99999464E-3,,,,,28.80000416E-9,1.7199999,
,,,29.20000419E-9,280.00000119E-3,,,,,29.20000419E-9,1.5599999,
,,,29.60000423E-9,319.99999285E-3,,,,,29.60000423E-9,1.5599999,
,,,30.00000248E-9,359.99998450E-3,,,,,30.00000248E-9,1.8399999,
,,,30.40000252E-9,439.999997616E-3,,,,,30.40000252E-9,2.2000000,
,,,30.80000255E-9,519.999980927E-3,,,,,30.80000255E-9,2.5999999,
,,,31.20000258E-9,639.999985695E-3,,,,,31.20000258E-9,2.91999984,
,,,31.60000261E-9,759.999990463E-3,,,,,31.60000261E-9,3.19999981,
,,,32.00000265E-9,719.999969006E-3,,,,,32.00000265E-9,3.35999990,
,,,32.40000268E-9,639.999985695E-3,,,,,32.40000268E-9,3.48000002,
,,,32.80000271E-9,639.999985695E-3,,,,,32.80000271E-9,3.48000002,
,,,33.20000275E-9,719.999969006E-3,,,,,33.20000275E-9,3.43999982,
,,,33.60000278E-9,799.999952316E-3,,,,,33.60000278E-9,3.35999990,
,,,34.00000281E-9,799.999952316E-3,,,,,34.00000281E-9,3.35999990,
,,,34.40000285E-9,759.999990463E-3,,,,,34.40000285E-9,3.31999993,
,,,34.80000288E-9,719.999969006E-3,,,,,34.80000288E-9,3.24000001,
,,,35.20000291E-9,599.999964237E-3,,,,,35.20000291E-9,3.00000000,
,,,35.60000295E-9,519.999980927E-3,,,,,35.60000295E-9,2.72000003,
,,,36.00000298E-9,439.999997616E-3,,,,,36.00000298E-9,2.2400000,
,,,36.40000301E-9,359.99998450E-3,,,,,36.40000301E-9,1.8399999,
,,,36.80000304E-9,239.99999464E-3,,,,,36.80000304E-9,1.5999999,
,,,37.20000308E-9,79.999998212E-3,,,,,37.20000308E-9,1.6400000,
,,,37.60000311E-9,0.0,,,,,37.60000311E-9,1.7600000,
,,,38.00000314E-9,39.99999911E-3,,,,,38.00000314E-9,1.8800000,
,,,38.40000318E-9,159.99999642E-3,,,,,38.40000318E-9,2.0400000,
,,,38.80000321E-9,239.99999464E-3,,,,,38.80000321E-9,2.1199999,
,,,39.20000324E-9,239.99999464E-3,,,,,39.20000324E-9,2.1199999,
,,,39.60000328E-9,239.99999464E-3,,,,,39.60000328E-9,2.1599998,
,,,40.00000331E-9,79.999998212E-3,,,,,40.00000331E-9,2.2000000,
,,,40.40000334E-9,0.0,,,,,40.40000334E-9,2.2800000,
,,,40.80000338E-9,79.999998212E-3,,,,,40.80000338E-9,2.2800000,
,,,41.20000341E-9,280.00000119E-3,,,,,41.20000341E-9,2.2400000,
,,,41.60000344E-9,519.999980927E-3,,,,,41.60000344E-9,2.2800000,
,,,42.00000348E-9,599.999964237E-3,,,,,42.00000348E-9,2.4800000,
,,,42.40000351E-9,680.000007153E-3,,,,,42.40000351E-9,2.6799998,
,,,42.80000354E-9,639.999985695E-3,,,,,42.80000354E-9,2.83999991,
,,,43.20000357E-9,599.999964237E-3,,,,,43.20000357E-9,2.83999991,
,,,43.60000361E-9,560.000002384E-3,,,,,43.60000361E-9,2.75999999,
,,,44.00000364E-9,599.999964237E-3,,,,,44.00000364E-9,2.3999999,
,,,44.40000367E-9,599.999964237E-3,,,,,44.40000367E-9,2.0799999,
,,,44.80000371E-9,560.000002384E-3,,,,,44.80000371E-9,1.9599999,
,,,45.20000374E-9,439.999997616E-3,,,,,45.20000374E-9,2.0400000,
,,,45.60000377E-9,359.99998450E-3,,,,,45.60000377E-9,2.1599998,
,,,46.00000381E-9,319.99999285E-3,,,,,46.00000381E-9,2.2000000,
,,,46.40000384E-9,319.99999285E-3,,,,,46.40000384E-9,2.1599998,
,,,46.80000387E-9,359.99998450E-3,,,,,46.80000387E-9,2.0400000,
,,,47.20000391E-9,399.99997616E-3,,,,,47.20000391E-9,1.8399999,
,,,47.60000394E-9,359.99998450E-3,,,,,47.60000394E-9,1.6799999,
,,,48.00000397E-9,119.9999973E-3,,,,,48.00000397E-9,1.6400000,
,,,48.40000400E-9,-119.9999973E-3,,,,,48.40000400E-9,1.6400000,
,,,48.80000404E-9,-239.99999464E-3,,,,,48.80000404E-9,1.4399999,
,,,49.20000407E-9,-239.99999464E-3,,,,,49.20000407E-9,1.1200000,
,,,49.60000410E-9,-119.9999973E-3,,,,,49.60000410E-9,799.999952316E-3,
,,,50.00000414E-9,39.99999911E-3,,,,,50.00000414E-9,439.999997616E-3,
,,,50.40000417E-9,199.99998808E-3,,,,,50.40000417E-9,199.99998808E-3,
,,,50.80000420E-9,239.99999464E-3,,,,,50.80000420E-9,239.99999464E-3,
,,,51.20000424E-9,119.9999973E-3,,,,,51.20000424E-9,560.000002384E-3,
,,,51.60000427E-9,0.0,,,,,51.60000427E-9,919.999957085E-3,
,,,52.00000430E-9,-39.99999911E-3,,,,,52.00000430E-9,1.000000,
,,,52.40000434E-9,0.0,,,,,52.40000434E-9,1.000000,
,,,52.80000437E-9,159.99999642E-3,,,,,52.80000437E-9,839.999973774E-3,
,,,53.20000440E-9,319.99999285E-3,,,,,53.20000440E-9,639.999985695E-3,
,,,53.60000443E-9,479.999989271E-3,,,,,53.60000443E-9,560.000002384E-3,
,,,54.00000447E-9,479.999989271E-3,,,,,54.00000447E-9,879.999995232E-3,
,,,54.40000450E-9,479.999989271E-3,,,,,54.40000450E-9,1.2800000,
,,,54.800004534E-9,479.999989271E-3,,,,,54.800004534E-9,1.6400000,
,,,55.200004567E-9,479.999989271E-3,,,,,55.200004567E-9,1.7600000,
,,,55.600004600E-9,479.999989271E-3,,,,,55.600004600E-9,1.7600000,
,,,56.000004633E-9,439.999997616E-3,,,,,56.000004633E-9,1.4399999,
,,,56.400004667E-9,399.99997616E-3,,,,,56.400004667E-9,1.1600000,
,,,56.800004700E-9,359.99998450E-3,,,,,56.800004700E-9,1.0400000,
,,,57.200004733E-9,319.99999285E-3,,,,,57.200004733E-9,1.1200000,
,,,57.600004766E-9,319.99999285E-3,,,,,57.600004766E-9,1.3199999,
,,,58.000004799E-9,319.99999285E-3,,,,,58.000004799E-9,1.5599999,
,,,58.400004832E-9,319.99999285E-3,,,,,58.400004832E-9,1.7600000,
,,,58.800004865E-9,280.00000119E-3,,,,,58.800004865E-9,1.8000000,
,,,59.200004898E-9,199.99998808E-3,,,,,59.200004898E-9,1.7199999,
,,,59.600004931E-9,159.99999642E-3,,,,,59.600004931E-9,1.5599999,
,,,60.000004964E-9,159.99999642E-3,,,,,60.000004964E-9,1.3199999,
,,,60.400004998E-9,239.99999464E-3,,,,,60.400004998E-9,1.0799999,
,,,60.800005031E-9,280.00000119E-3,,,,,60.800005031E-9,1.0400000,
,,,61.200005064E-9,319.99999285E-3,,,,,61.200005064E-9,1.1200000,
,,,61.600005097E-9,319.99999285E-3,,,,,61.600005097E-9,1.2800000,
,,,62.000005130E-9,239.99999464E-3,,,,,62.000005130E-9,1.4399999,
,,,62.400005163E-9,159.99999642E-3,,,,,62.400005163E-9,1.5599999,
,,,62.800005196E-9,199.99998808E-3,,,,,62.800005196E-9,1.6400000,
,,,63.200005229E-9,280.00000119E-3,,,,,63.200005229E-9,1.6400000,
,,,63.600005262E-9,399.99997616E-3,,,,,63.600005262E-9,1.6799999,
,,,64.000005295E-9,399.99997616E-3,,,,,64.000005295E-9,1.7600000,
,,,64.400005328E-9,359.99998450E-3,,,,,64.400005328E-9,1.8399999,
,,,64.800005362E-9,319.99999285E-3,,,,,64.800005362E-9,1.8399999,
,,,65.200005395E-9,319.99999285E-3,,,,,65.200005395E-9,1.7199999,
,,,65.600005428E-9,399.99997616E-3,,,,,65.600005428E-9,1.6400000,
,,,66.000005461E-9,560.000002384E-3,,,,,66.000005461E-9,1.6400000,
,,,66.400005494E-9,759.999990463E-3,,,,,66.400005494E-9,1.7199999,
,,,66.800005527E-9,799.999952316E-3,,,,,66.800005527E-9,1.9200000,
,,,67.200005560E-9,719.999969006E-3,,,,,67.200005560E-9,2.2400000,
,,,67.600005593E-9,639.999985695E-3,,,,,67.600005593E-9,2.4400001,
,,,68.000005626E-9,560.000002384E-3,,,,,68.000005626E-9,2.2800000,
,,,68.400005659E-9,519.999980927E-3,,,,,68.400005659E-9,2.0400000,
,,,68.800005693E-9,519.999980927E-3,,,,,68.800005693E-9,1.7600000,
,,,69.200005726E-9,599.999964237E-3,,,,,69.200005726E-9,1.5200000,
,,,69.600005759E-9,639.999985695E-3,,,,,69.600005759E-9,1.4000000,
,,,70.000005792E-9,560.000002384E-3,,,,,70.000005792E-9,1.4800000,
,,,70.400005825E-9,479.999989271E-3,,,,,70.400005825E-9,1.5599999,
,,,70.800005858E-9,359.99998450E-3,,,,,70.800005858E-9,1.5999999,
,,,71.200005891E-9,280.00000119E-3,,,,,71.200005891E-9,1.5200000,
,,,71.600005924E-9,239.99999464E-3,,,,,71.600005924E-9,1.3600000,
,,,72.000005957E-9,199.99998808E-3,,,,,72.000005957E-9,1.1200000,
,,,72.400005990E-9,199.99998808E-3,,,,,72.400005990E-9,879.999995232E-3,
,,,72.800006023E-9,199.99998808E-3,,,,,72.800006023E-9,680.000007153E-3,
,,,73.200006057E-9,159.99999642E-3,,,,,73.200006057E-9,519.999980927E-3,
,,,73.600006090E-9,159.99999642E-3,,,,,73.600006090E-9,439.999997616E-3,
,,,74.000006123E-9,79.999998212E-3,,,,,74.000006123E-9,439.999997616E-3,
,,,74.400006156E-9,0.0,,,,,74.400006156E-9,519.999980927E-3,
,,,74.800006189E-9,-119.9999973E-3,,,,,74.800006189E-9,639.999985695E-3,
,,,75.200006222E-9,-199.99998808E-3,,,,,75.200006222E-9,759.999990463E-3,
,,,75.600006255E-9,-199.99998808E-3,,,,,75.600006255E-9,839.999973774E-3,
,,,76.000006288E-9,-119.9999973E-3,,,,,76.000006288E-9,680.000007153E-3,
,,,76.400006321E-9,-39.99999911E-3,,,,,76.400006321E-9,519.999980927E-3,
,,,76.800006354E-9,39.99999911E-3,,,,,76.800006354E-9,439.999997616E-3,
,,,77.200006388E-9,0.0,,,,,77.200006388E-9,439.999997616E-3,
,,,77.600006421E-9,-39.99999911E-3,,,,,77.600006421E-9,560.000002384E-3,
,,,78.000006454E-9,-119.9999973E-3,,,,,78.000006454E-9,839.999973774E-3,
,,,78.400006487E-9,-119.9999973E-3,,,,,78.400006487E-9,1.1600000,
,,,78.800006520E-9,-79.999998212E-3,,,,,78.800006520E-9,1.4399999,
,,,79.200006553E-9,39.99999911E-3,,,,,79.200006553E-9,1.6799999,
,,,79.600006586E-9,159.99999642E-3,,,,,79.600006586E-9,1.7600000,
,,,80.000006619E-9,199.99998808E-3,,,,,80.000006619E-9,1.5599999,
,,,80.400006652E-9,280.00000119E-3,,,,,80.400006652E-9,1.2800000,
,,,80.800006685E-9,319.99999285E-3,,,,,80.800006685E-9,1.000000,
,,,81.200006719E-9,399.99997616E-3,,,,,81.200006719E-9,839.999973774E-3,
,,,81.600006752E-9,439.999997616E-3,,,,,81.600006752E-9,799.999952316E-3,
,,,82.000006785E-9,439.999997616E-3,,,,,82.000006785E-9,1.0799999,
,,,82.400006818E-9,479.999989271E-3,,,,,82.400006818E-9,1.4000000,
,,,82.800006851E-9,439.999997616E-3,,,,,82.800006851E-9,1.5999999,
,,,83.200006884E-9,399.99997616E-3,,,,,83.200006884E-9,1.6400000,
,,,83.600006917E-9,359.99998450E-3,,,,,83.600006917E-9,1.5599999,
,,,84.000006950E-9,280.00000119E-3,,,,,84.000006950E-9,1.1999999,
,,,84.400006983E-9,199.99998808E-3,,,,,84.400006983E-9,879.999995232E-3,
,,,84.800007016E-9,159.99999642E-3,,,,,84.800007016E-9,759.999990463E-3,
,,,85.200007049E-9,119.9999973E-3,,,,,85.200007049E-9,839.999973774E-3,
,,,85.600007083E-9,79.999998212E-3,,,,,85.600007083E-9,1.000000,
,,,86.000007116E-9,39.99999911E-3,,,,,86.000007116E-9,1.0400000,
,,,86.400007149E-9,0.0,,,,,86.400007149E-9,1.0400000,
,,,86.800007182E-9,-79.999998212E-3,,,,,86.800007182E-9,959.999978542E-3,
,,,87.200007215E-9,-199.99998808E-3,,,,,87.200007215E-9,759.999990463E-3,
,,,87.600007248E-9,-319.99999285E-3,,,,,87.600007248E-9,599.999964237E-3,
,,,88.000007281E-9,-479.999989271E-3,,,,,88.000007281E-9,599.999964237E-3,
,,,88.400007314E-9,-599.999964237E-3,,,,,88.400007314E-9,639.999985695E-3,
,,,88.800007347E-9,-680.000007153E-3,,,,,88.800007347E-9,560.000002384E-3,
,,,89.200007380E-9,-680.000007153E-3,,,,,89.200007380E-9,359.99998450E-3,
,,,89.600007414E-9,-639.999985695E-3,,,,,89.600007414E-9,159.99999642E-3,
,,,90.000007447E-9,-560.000002384E-3,,,,,90.000007447E-9,-39.99999911E-3,
,,,90.400007480E-9,-439.999997616E-3,,,,,90.400007480E-9,-119.9999973E-3,
,,,90.800007513E-9,-319.99999285E-3,,,,,90.800007513E-9,79.999998212E-3,
,,,91.200007546E-9,-199.99998808E-3,,,,,91.200007546E-9,519.999980927E-3,
,,,91.600007579E-9,-39.99999911E-3,,,,,91.600007579E-9,919.999957085E-3,
,,,92.000007612E-9,199.99998808E-3,,,,,92.000007612E-9,1.0400000,
,,,92.400007645E-9,439.999997616E-3,,,,,92.400007645E-9,1.0799999,
,,,92.800007678E-9,719.999969006E-3,,,,,92.800007678E-9,1.000000,
,,,93.200007711E-9,959.999978542E-3,,,,,93.200007711E-9,839.999973774E-3,
,,,93.600007744E-9,1.1600000,,,,,93.600007744E-9,799.999952316E-3,
,,,94.000007778E-9,1.1600000,,,,,94.000007778E-9,1.0400000,
,,,94.400007811E-9,1.1600000,,,,,94.400007811E-9,1.3199999,
,,,94.800007844E-9,1.1600000,,,,,94.800007844E-9,1.5599999,
,,,95.200007877E-9,1.1999999,,,,,95.200007877E-9,1.6400000,
,,,95.600007910E-9,1.2800000,,,,,95.600007910E-9,1.6400000,
,,,96.000007943E-9,1.3199999,,,,,96.000007943E-9,1.4800000,
,,,96.400000871E-9,1.3600000,,,,,96.400000871E-9,1.3199999,
,,,96.800000904E-9,1.3199999,,,,,96.800000904E-9,1.2400000,
,,,97.200000937E-9,1.1600000,,,,,97.200000937E-9,1.2800000,
,,,97.600000970E-9,1.000000,,,,,97.600000970E-9,1.2800000,
,,,98.000001003E-9,759.999990463E-3,,,,,98.000001003E-9,1.1999999,
,,,98.400001036E-9,519.999980927E-3,,,,,98.400001036E-9,1.0799999,
,,,98.800001069E-9,239.99999464E-3,,,,,98.800001069E-9,879.999995232E-3,
,,,99.200001102E-9,-39.99999911E-3,,,,,99.200001102E-9,599.999964237E-3,
,,,99.600001136E-9,-239.99999464E-3,,,,,99.600001136E-9,319.99999285E-3,
,,,100.0000012E-9,-399.99997616E-3,,,,,100.0000012E-9,0.0,
,,,100.4000012E-9,-519.999980927E-3,,,,,100.4000012E-9,-280.00000119E-3,
,,,100.8000012E-9,-599.999964237E-3,,,,,100.8000012E-9,-519.999980927E-3,
,,,101.2000013E-9,-680.000007153E-3,,,,,101.2000013E-9,-639.999985695E-3,
,,,101.6000013E-9,-680.000007153E-3,,,,,101.6000013E-9,-680.000007153E-3,
,,,102.0000013E-9,-719.999969006E-3,,,,,102.0000013E-9,-680.000007153E-3,
,,,102.4000014E-9,-759.999990463E-3,,,,,102.4000014E-9,-639.999985695E-3,
,,,102.8000014E-9,-719.999969006E-3,,,,,102.8000014E-9,-519.999980927E-3,
,,,103.2000014E-9,-599.999964237E-3,,,,,103.2000014E-9,-399.99997616E-3,
,,,103.6000015E-9,-439.999997616E-3,,,,,103.6000015E-9,-199.99998808E-3,
,,,104.0000015E-9,-319.99999285E-3,,,,,104.0000015E-9,39.99999911E-3,
,,,104.4000015E-9,-119.9999973E-3,,,,,104.4000015E-9,319.99999285E-3,
,,,104.8000016E-9,119.9999973E-3,,,,,104.8000016E-9,599.999964237E-3,
,,,105.2000016E-9,359.99998450E-3,,,,,105.2000016E-9,839.999973774E-3,
,,,105.6000016E-9,639.999985695E-3,,,,,105.6000016E-9,1.1200000,
,,,106.0000017E-9,839.999973774E-3,,,,,106.0000017E-9,1.4000000,
,,,106.4000017E-9,1.000000,,,,,106.4000017E-9,1.6799999,
,,,106.8000017E-9,1.0799999,,,,,106.8000017E-9,1.9599999,
,,,107.2000018E-9,1.0799999,,,,,107.2000018E-9,2.1199999,
,,,107.6000018E-9,1.0400000,,,,,107.6000018E-9,2.2000000,
,,,108.0000018E-9,959.999978542E-3,,,,,108.0000018E-9,2.0400000,
,,,108.4000019E-9,879.999995232E-3,,,,,108.4000019E-9,1.8399999,
,,,108.8000019E-9,759.999990463E-3,,,,,108.8000019E-9,1.6799999,
,,,109.2000019E-9,599.999964237E-3,,,,,109.2000019E-9,1.5999999,
,,,109.6000020E-9,399.99997616E-3,,,,,109.6000020E-9,1.5599999,
,,,110.0000020E-9,119.9999973E-3,,,,,110.0000020E-9,1.4800000,
,,,110.4000020E-9,-199.99998808E-3,,,,,110.4000020E-9,1.3600000,
,,,110.8000021E-9,-439.999997616E-3,,,,,110.8000021E-9,1.1200000,
,,,111.2000021E-9,-639.999985695E-3,,,,,111.2000021E-9,719.999969006E-3,
,,,111.6000021E-9,-799.999952316E-3,,,,,111.6000021E-9,399.99997616E-3,
,,,112.0000022E-9,-919.999957085E-3,,,,,112.0000022E-9,159.99999642E-3,
,,,112.4000022E-9,-959.999978542E-3,,,,,112.4000022E-9,0.0,
,,,112.8000022E-9,-1.000000,,,,,112.8000022E-9,-119.9999973E-3,
,,,113.2000023E-9,-1.0400000,,,,,113.2000023E-9,-239.99999464E-3,
,,,113.6000023E-9,-1.000000,,,,,113.6000023E-9,-319.99999285E-3,
,,,114.0000023E-9,-1.000000,,,,,114.0000023E-9,-519.999980927E-3,
,,,114.4000024E-9,-919.999957085E-3,,,,,114.4000024E-9,-639.999985695E-3,
,,,114.8000024E-9,-759.999990463E-3,,,,,114.8000024E-9,-680.000007153E-3,
,,,115.2000024E-9,-599.999964237E-3,,,,,115.2000024E-9,-560.000002384E-3,
,,,115.6000025E-9,-319.99999285E-3,,,,,115.6000025E-9,-359.99998450E-3,
,,,116.0000025E-9,-39.99999911E-3,,,,,116.0000025E-9,-159.99999642E-3,
,,,116.4000025E-9,280.00000119E-3,,,,,116.4000025E-9,79.999998212E-3,
,,,116.8000026E-9,599.999964237E-3,,,,,116.8000026E-9,359.99998450E-3,
,,,117.2000026E-9,879.999995232E-3,,,,,117.2000026E-9,680.000007153E-3,
,,,117.6000026E-9,1.1600000,,,,,117.6000026E-9,1.000000,
,,,118.0000027E-9,1.3199999,,,,,118.0000027E-9,1.2800000,
,,,118.4000027E-9,1.4000000,,,,,118.4000027E-9,1.5200000,
,,,118.8000027E-9,1.4399999,,,,,118.8000027E-9,1.7199999,
,,,119.2000028E-9,1.4000000,,,,,119.2000028E-9,1.8800000,
,,,119.6000028E-9,1.3600000,,,,,119.6000028E-9,2.0000000,
,,,120.0000099E-9,1.2400000,,,,,120.0000099E-9,2.0000000,
,,,120.4000029E-9,1.1200000,,,,,120.4000029E-9,1.9599999,
,,,120.8000100E-9,959.999978542E-3,,,,,120.8000100E-9,1.8000000,
,,,121.2000029E-9,799.999952316E-3,,,,,121.2000029E-9,1.5200000,
,,,121.6000101E-9,639.999985695E-3,,,,,121.6000101E-9,1.2800000,
,,,122.0000030E-9,399.99997616E-3,,,,,122.0000030E-9,1.0799999,
,,,122.4000101E-9,199.99998808E-3,,,,,122.4000101E-9,879.999995232E-3,
,,,122.8000031E-9,-39.99999911E-3,,,,,122.8000031E-9,759.999990463E-3,
,,,123.2000102E-9,-280.00000119E-3,,,,,123.2000102E-9,639.999985695E-3,
,,,123.6000031E-9,-479.999989271E-3,,,,,123.6000031E-9,519.999980927E-3,
,,,124.0000103E-9,-639.999985695E-3,,,,,124.0000103E-9,280.00000119E-3,
,,,124.4000032E-9,-759.999990463E-3,,,,,124.4000032E-9,79.999998212E-3,
,,,124.8000103E-9,-799.999952316E-3,,,,,124.8000103E-9,-39.99999911E-3,
,,,125.2000033E-9,-799.999952316E-3,,,,,125.2000033E-9,39.99999911E-3,
,,,125.6000104E-9,-719.999969006E-3,,,,,125.6000104E-9,119.9999973E-3,
,,,126.0000033E-9,-680.000007153E-3,,,,,126.0000033E-9,159.99999642E-3,
,,,126.4000105E-9,-599.999964237E-3,,,,,126.4000105E-9,199.99998808E-3,
,,,126.8000034E-9,-479.999989271E-3,,,,,126.8000034E-9,199.99998808E-3,
,,,127.2000105E-9,-359.99998450E-3,,,,,127.2000105E-9,119.9999973E-3,
,,,127.6000035E-9,-199.99998808E-3,,,,,127.6000035E-9,159.99999642E-3,
,,,128.0000106E-9,-39.99999911E-3,,,,,128.0000106E-9,319.99999285E-3,
,,,128.4000035E-9,119.9999973E-3,,,,,128.4000035E-9,599.999964237E-3,
,,,128.8000107E-9,239.99999464E-3,,,,,128.8000107E-9,879.999995232E-3,
,,,129.2000036E-9,359.99998450E-3,,,,,129.2000036E-9,1.1999999,
,,,129.6000107E-9,439.999997616E-3,,,,,129.6000107E-9,1.4000000,
,,,130.0000037E-9,479.999989271E-3,,,,,130.0000037E-9,1.4000000,
,,,130.4000108E-9,519.999980927E-3,,,,,130.4000108E-9,1.3600000,
,,,130.8000037E-9,519.999980927E-3,,,,,130.8000037E-9,1.3199999,
,,,131.2000109E-9,479.999989271E-3,,,,,131.2000109E-9,1.3199999,
,,,131.6000038E-9,479.999989271E-3,,,,,131.6000038E-9,1.3600000,
,,,132.0000109E-9,399.99997616E-3,,,,,132.0000109E-9,1.4000000,
,,,132.4000038E-9,359.99998450E-3,,,,,132.4000038E-9,1.4800000,
,,,132.8000110E-9,280.00000119E-3,,,,,132.8000110E-9,1.4399999,
,,,133.2000039E-9,199.99998808E-3,,,,,133.2000039E-9,1.3199999,
,,,133.6000111E-9,119.9999973E-3,,,,,133.6000111E-9,1.1600000,
,,,134.0000040E-9,0.0,,,,,134.0000040E-9,959.999978542E-3,
,,,134.4000111E-9,-79.999998212E-3,,,,,134.4000111E-9,759.999990463E-3,
,,,134.8000040E-9,-159.99999642E-3,,,,,134.8000040E-9,519.999980927E-3,
,,,135.2000112E-9,-239.99999464E-3,,,,,135.2000112E-9,239.99999464E-3,
,,,135.6000041E-9,-280.00000119E-3,,,,,135.6000041E-9,0.0,
,,,136.0000113E-9,-319.99999285E-3,,,,,136.0000113E-9,-199.99998808E-3,
,,,136.4000042E-9,-319.99999285E-3,,,,,136.4000042E-9,-319.99999285E-3,
,,,136.8000113E-9,-280.00000119E-3,,,,,136.8000113E-9,-319.99999285E-3,
,,,137.2000042E-9,-199.99998808E-3,,,,,137.2000042E-9,-199.99998808E-3,
,,,137.6000114E-9,-119.9999973E-3,,,,,137.6000114E-9,-39.99999911E-3,
,,,138.0000043E-9,-39.99999911E-3,,,,,138.0000043E-9,79.999998212E-3,
,,,138.4000115E-9,79.999998212E-3,,,,,138.4000115E-9,159.99999642E-3,
,,,138.8000044E-9,119.9999973E-3,,,,,138.8000044E-9,239.99999464E-3,
,,,139.2000115E-9,159.99999642E-3,,,,,139.2000115E-9,280.00000119E-3,
,,,139.6000044E-9,199.99998808E-3,,,,,139.6000044E-9,359.99998450E-3,
,,,140.0000116E-9,239.99999464E-3,,,,,140.0000116E-9,479.999989271E-3,
,,,140.4000045E-9,319.99999285E-3,,,,,140.4000045E-9,639.999985695E-3,
,,,140.8000116E-9,479.999989271E-3,,,,,140.8000116E-9,879.999995232E-3,
,,,141.2000046E-9,639.999985695E-3,,,,,141.2000046E-9,1.1200000,
,,,141.6000117E-9,799.999952316E-3,,,,,141.6000117E-9,1.3600000,
,,,142.0000046E-9,879.999995232E-3,,,,,142.0000046E-9,1.4399999,
,,,142.4000118E-9,919.999957085E-3,,,,,142.4000118E-9,1.4800000,
,,,142.8000047E-9,919.999957085E-3,,,,,142.8000047E-9,1.4399999,
,,,143.2000118E-9,879.999995232E-3,,,,,143.2000118E-9,1.3199999,
,,,143.6000048E-9,799.999952316E-3,,,,,143.6000048E-9,1.2400000,
,,,144.0000119E-9,719.999969006E-3,,,,,144.0000119E-9,1.2400000,
,,,144.4000048E-9,639.999985695E-3,,,,,144.4000048E-9,1.2800000,
,,,144.8000120E-9,560.000002384E-3,,,,,144.8000120E-9,1.3199999,
,,,145.2000049E-9,479.999989271E-3,,,,,145.2000049E-9,1.2800000,
,,,145.6000120E-9,399.99997616E-3,,,,,145.6000120E-9,1.2400000,
,,,146.0000050E-9,239.99999464E-3,,,,,146.0000050E-9,1.0799999,
,,,146.4000121E-9,79.999998212E-3,,,,,146.4000121E-9,919.999957085E-3,
,,,146.8000050E-9,-39.99999911E-3,,,,,146.8000050E-9,759.999990463E-3,
,,,147.2000122E-9,-119.9999973E-3,,,,,147.2000122E-9,680.000007153E-3,
,,,147.6000051E-9,-199.99998808E-3,,,,,147.6000051E-9,599.999964237E-3,
,,,147.9999980E-9,-280.00000119E-3,,,,,147.9999980E-9,479.999989271E-3,
,,,148.4000052E-9,-359.99998450E-3,,,,,148.4000052E-9,439.999997616E-3,
,,,148.79999810E-9,-479.999989271E-3,,,,,148.79999810E-9,439.999997616E-3,
,,,149.20000524E-9,-560.000002384E-3,,,,,149.20000524E-9,519.999980927E-3,
,,,149.59999817E-9,-599.999964237E-3,,,,,149.59999817E-9,639.999985695E-3,
,,,150.00000531E-9,-599.999964237E-3,,,,,150.00000531E-9,759.999990463E-3,
,,,150.39999823E-9,-560.000002384E-3,,,,,150.39999823E-9,879.999995232E-3,
,,,150.80000537E-9,-519.999980927E-3,,,,,150.80000537E-9,879.999995232E-3,
,,,151.19999830E-9,-439.999997616E-3,,,,,151.19999830E-9,839.999973774E-3,
,,,151.60000544E-9,-359.99998450E-3,,,,,151.60000544E-9,799.999952316E-3,
,,,151.99999837E-9,-319.99999285E-3,,,,,151.99999837E-9,799.999952316E-3,
,,,152.40000550E-9,-239.99999464E-3,,,,,152.40000550E-9,879.999995232E-3,
,,,152.79999843E-9,-119.9999973E-3,,,,,152.79999843E-9,1.0400000,
,,,153.20000557E-9,0.0,,,,,153.20000557E-9,1.2400000,
,,,153.59999850E-9,119.9999973E-3,,,,,153.59999850E-9,1.4399999,
,,,154.00000564E-9,199.99998808E-3,,,,,154.00000564E-9,1.5200000,
,,,154.39999856E-9,319.99999285E-3,,,,,154.39999856E-9,1.5599999,
,,,154.80000570E-9,359.99998450E-3,,,,,154.80000570E-9,1.4800000,
,,,155.19999863E-9,399.99997616E-3,,,,,155.19999863E-9,1.3600000,
,,,155.60000577E-9,439.999997616E-3,,,,,155.60000577E-9,1.1600000,
,,,155.99999870E-9,399.99997616E-3,,,,,155.99999870E-9,959.999978542E-3,
,,,156.40000584E-9,399.99997616E-3,,,,,156.40000584E-9,759.999990463E-3,
,,,156.79999876E-9,359.99998450E-3,,,,,156.79999876E-9,599.999964237E-3,
,,,157.20000590E-9,359.99998450E-3,,,,,157.20000590E-9,560.000002384E-3,
,,,157.59999883E-9,319.99999285E-3,,,,,157.59999883E-9,479.999989271E-3,
,,,158.00000597E-9,239.99999464E-3,,,,,158.00000597E-9,319.99999285E-3,
,,,158.39999890E-9,119.9999973E-3,,,,,158.39999890E-9,199.99998808E-3,
,,,158.80000603E-9,0.0,,,,,158.80000603E-9,0.0,
,,,159.19999896E-9,-119.9999973E-3,,,,,159.19999896E-9,-159.99999642E-3,
,,,159.60000610E-9,-199.99998808E-3,,,,,159.60000610E-9,-319.99999285E-3,
,,,159.99999903E-9,-319.99999285E-3,,,,,159.99999903E-9,-439.999997616E-3,
,,,160.40000617E-9,-439.999997616E-3,,,,,160.40000617E-9,-439.999997616E-3,
,,,160.79999909E-9,-479.999989271E-3,,,,,160.79999909E-9,-439.999997616E-3,
,,,161.20000623E-9,-479.999989271E-3,,,,,161.20000623E-9,-359.99998450E-3,
,,,161.59999916E-9,-439.999997616E-3,,,,,161.59999916E-9,-239.99999464E-3,
,,,162.00000630E-9,-399.99997616E-3,,,,,162.00000630E-9,-159.99999642E-3,
,,,162.39999923E-9,-280.00000119E-3,,,,,162.39999923E-9,0.0,
,,,162.80000636E-9,-159.99999642E-3,,,,,162.80000636E-9,119.9999973E-3,
,,,163.19999929E-9,-39.99999911E-3,,,,,163.19999929E-9,280.00000119E-3,
,,,163.60000643E-9,119.9999973E-3,,,,,163.60000643E-9,479.999989271E-3,
,,,163.99999936E-9,199.99998808E-3,,,,,163.99999936E-9,639.999985695E-3,
,,,164.40000650E-9,319.99999285E-3,,,,,164.40000650E-9,839.999973774E-3,
,,,164.79999942E-9,439.999997616E-3,,,,,164.79999942E-9,1.0799999,
,,,165.20000656E-9,599.999964237E-3,,,,,165.20000656E-9,1.3199999,
,,,165.59999949E-9,759.999990463E-3,,,,,165.59999949E-9,1.5999999,
,,,166.00000663E-9,879.999995232E-3,,,,,166.00000663E-9,1.8000000,
,,,166.39999956E-9,1.000000,,,,,166.39999956E-9,1.9599999,
,,,166.80000670E-9,1.0799999,,,,,166.80000670E-9,2.0400000,
,,,167.19999962E-9,1.1200000,,,,,167.19999962E-9,1.9599999,
,,,167.60000676E-9,1.1200000,,,,,167.60000676E-9,1.8399999,
,,,167.99999969E-9,1.0400000,,,,,167.99999969E-9,1.6799999,
,,,168.40000683E-9,959.999978542E-3,,,,,168.40000683E-9,1.5200000,
,,,168.79999976E-9,839.999973774E-3,,,,,168.79999976E-9,1.4000000,
,,,169.20000689E-9,719.999969006E-3,,,,,169.20000689E-9,1.3199999,
,,,169.59999982E-9,560.000002384E-3,,,,,169.59999982E-9,1.2800000,
,,,170.00000696E-9,359.99998450E-3,,,,,170.00000696E-9,1.1600000,
,,,170.39999989E-9,159.99999642E-3,,,,,170.39999989E-9,1.000000,
,,,170.80000703E-9,-39.99999911E-3,,,,,170.80000703E-9,799.999952316E-3,
,,,171.19999995E-9,-239.99999464E-3,,,,,171.19999995E-9,560.000002384E-3,
,,,171.60000709E-9,-439.999997616E-3,,,,,171.60000709E-9,319.99999285E-3,
,,,172.00000002E-9,-639.999985695E-3,,,,,172.00000002E-9,39.99999911E-3,
,,,172.40000716E-9,-759.999990463E-3,,,,,172.40000716E-9,-159.99999642E-3,
,,,172.80000009E-9,-839.999973774E-3,,,,,172.80000009E-9,-280.00000119E-3,
,,,173.20000723E-9,-879.999995232E-3,,,,,173.20000723E-9,-319.99999285E-3,
,,,173.60000015E-9,-839.999973774E-3,,,,,173.60000015E-9,-199.99998808E-3,
,,,174.00000729E-9,-759.999990463E-3,,,,,174.00000729E-9,0.0,
,,,174.40000022E-9,-599.999964237E-3,,,,,174.40000022E-9,199.99998808E-3,
,,,174.80000736E-9,-439.999997616E-3,,,,,174.80000736E-9,439.999997616E-3,
,,,175.20000029E-9,-280.00000119E-3,,,,,175.20000029E-9,639.999985695E-3,
,,,175.60000742E-9,-79.999998212E-3,,,,,175.60000742E-9,799.999952316E-3,
,,,176.00000035E-9,119.9999973E-3,,,,,176.00000035E-9,879.999995232E-3,
,,,176.40000749E-9,319.99999285E-3,,,,,176.40000749E-9,959.999978542E-3,
,,,176.80000042E-9,519.999980927E-3,,,,,176.80000042E-9,1.0400000,
,,,177.20000756E-9,719.999969006E-3,,,,,177.20000756E-9,1.1200000,
,,,177.60000048E-9,879.999995232E-3,,,,,177.60000048E-9,1.1999999,
,,,178.00000762E-9,959.999978542E-3,,,,,178.00000762E-9,1.2400000,
,,,178.40000055E-9,1.0400000,,,,,178.40000055E-9,1.2800000,
,,,178.80000769E-9,1.0799999,,,,,178.80000769E-9,1.3199999,
,,,179.20000062E-9,1.1200000,,,,,179.20000062E-9,1.2800000,
,,,179.60000775E-9,1.1200000,,,,,179.60000775E-9,1.1999999,
,,,180.00000068E-9,1.0400000,,,,,180.00000068E-9,1.000000,
,,,180.40000782E-9,959.999978542E-3,,,,,180.40000782E-9,759.999990463E-3,
,,,180.80000075E-9,839.999973774E-3,,,,,180.80000075E-9,599.999964237E-3,
,,,181.20000789E-9,680.000007153E-3,,,,,181.20000789E-9,479.999989271E-3,
,,,181.60000081E-9,479.999989271E-3,,,,,181.60000081E-9,399.99997616E-3,
,,,182.00000795E-9,239.99999464E-3,,,,,182.00000795E-9,359.99998450E-3,
,,,182.40000088E-9,39.99999911E-3,,,,,182.40000088E-9,280.00000119E-3,
,,,182.80000802E-9,-159.99999642E-3,,,,,182.80000802E-9,199.99998808E-3,
,,,183.20000095E-9,-319.99999285E-3,,,,,183.20000095E-9,39.99999911E-3,
,,,183.60000809E-9,-439.999997616E-3,,,,,183.60000809E-9,-119.9999973E-3,
,,,184.00000101E-9,-560.000002384E-3,,,,,184.00000101E-9,-280.00000119E-3,
,,,184.40000815E-9,-599.999964237E-3,,,,,184.40000815E-9,-399.99997616E-3,
,,,184.80000108E-9,-639.999985695E-3,,,,,184.80000108E-9,-439.999997616E-3,
,,,185.20000822E-9,-680.000007153E-3,,,,,185.20000822E-9,-399.99997616E-3,
,,,185.60000115E-9,-639.999985695E-3,,,,,185.60000115E-9,-280.00000119E-3,
,,,186.00000828E-9,-599.999964237E-3,,,,,186.00000828E-9,-159.99999642E-3,
,,,186.40000121E-9,-519.999980927E-3,,,,,186.40000121E-9,39.99999911E-3,
,,,186.80000835E-9,-399.99997616E-3,,,,,186.80000835E-9,239.99999464E-3,
,,,187.20000128E-9,-239.99999464E-3,,,,,187.20000128E-9,439.999997616E-3,
,,,187.60000842E-9,-39.99999911E-3,,,,,187.60000842E-9,639.999985695E-3,
,,,188.00000134E-9,119.9999973E-3,,,,,188.00000134E-9,799.999952316E-3,
,,,188.40000848E-9,280.00000119E-3,,,,,188.40000848E-9,959.999978542E-3,
,,,188.80000141E-9,439.999997616E-3,,,,,188.80000141E-9,1.1600000,
,,,189.20000855E-9,560.000002384E-3,,,,,189.20000855E-9,1.4000000,
,,,189.60000148E-9,680.000007153E-3,,,,,189.60000148E-9,1.6400000,
,,,190.00000862E-9,719.999969006E-3,,,,,190.00000862E-9,1.8000000,
,,,190.40000154E-9,759.999990463E-3,,,,,190.40000154E-9,1.9200000,
,,,190.80000868E-9,719.999969006E-3,,,,,190.80000868E-9,1.9599999,
,,,191.20000161E-9,680.000007153E-3,,,,,191.20000161E-9,1.8800000,
,,,191.60000875E-9,639.999985695E-3,,,,,191.60000875E-9,1.7600000,
,,,192.00000168E-9,560.000002384E-3,,,,,192.00000168E-9,1.5200000,
,,,192.40000881E-9,439.999997616E-3,,,,,192.40000881E-9,1.2800000,
,,,192.80000174E-9,319.99999285E-3,,,,,192.80000174E-9,1.000000,
,,,193.20000888E-9,119.9999973E-3,,,,,193.20000888E-9,719.999969006E-3,
,,,193.60000181E-9,-39.99999911E-3,,,,,193.60000181E-9,519.999980927E-3,
,,,194.00000895E-9,-239.99999464E-3,,,,,194.00000895E-9,399.99997616E-3,
,,,194.40000187E-9,-399.99997616E-3,,,,,194.40000187E-9,359.99998450E-3,
,,,194.80000901E-9,-519.999980927E-3,,,,,194.80000901E-9,359.99998450E-3,
,,,195.20000194E-9,-560.000002384E-3,,,,,195.20000194E-9,359.99998450E-3,
,,,195.60000908E-9,-560.000002384E-3,,,,,195.60000908E-9,359.99998450E-3,
,,,196.00000201E-9,-560.000002384E-3,,,,,196.00000201E-9,239.99999464E-3,
,,,196.40000914E-9,-479.999989271E-3,,,,,196.40000914E-9,159.99999642E-3,
,,,196.80000207E-9,-439.999997616E-3,,,,,196.80000207E-9,79.999998212E-3,
,,,197.20000921E-9,-399.99997616E-3,,,,,197.20000921E-9,39.99999911E-3,
,,,197.60000214E-9,-319.99999285E-3,,,,,197.60000214E-9,79.999998212E-3,
,,,198.00000928E-9,-239.99999464E-3,,,,,198.00000928E-9,79.999998212E-3,
,,,198.40000220E-9,-159.99999642E-3,,,,,198.40000220E-9,159.99999642E-3,
,,,198.80000934E-9,-39.99999911E-3,,,,,198.80000934E-9,199.99998808E-3,
,,,199.20000227E-9,119.9999973E-3,,,,,199.20000227E-9,280.00000119E-3,
,,,199.60000941E-9,280.00000119E-3,,,,,199.60000941E-9,399.99997616E-3,
,,,200.00000234E-9,439.999997616E-3,,,,,200.00000234E-9,519.999980927E-3,
,,,200.40000948E-9,639.999985695E-3,,,,,200.40000948E-9,680.000007153E-3,
,,,200.80000240E-9,759.999990463E-3,,,,,200.80000240E-9,839.999973774E-3,
,,,201.20000954E-9,879.999995232E-3,,,,,201.20000954E-9,959.999978542E-3,
,,,201.60000247E-9,959.999978542E-3,,,,,201.60000247E-9,1.1200000,
,,,202.00000961E-9,919.999957085E-3,,,,,202.00000961E-9,1.1999999,
,,,202.40000254E-9,879.999995232E-3,,,,,202.40000254E-9,1.2800000,
,,,202.80000967E-9,839.999973774E-3,,,,,202.80000967E-9,1.3199999,
,,,203.20000260E-9,839.999973774E-3,,,,,203.20000260E-9,1.3600000,
,,,203.60000974E-9,799.999952316E-3,,,,,203.60000974E-9,1.3199999,
,,,204.00000267E-9,719.999969006E-3,,,,,204.00000267E-9,1.1999999,
,,,204.40000981E-9,680.000007153E-3,,,,,204.40000981E-9,1.0400000,
,,,204.80000273E-9,599.999964237E-3,,,,,204.80000273E-9,839.999973774E-3,
,,,205.20000987E-9,479.999989271E-3,,,,,205.20000987E-9,639.999985695E-3,
,,,205.60000280E-9,399.99997616E-3,,,,,205.60000280E-9,519.999980927E-3,
,,,206.00000994E-9,280.00000119E-3,,,,,206.00000994E-9,439.999997616E-3,
,,,206.40000287E-9,159.99999642E-3,,,,,206.40000287E-9,439.999997616E-3,
,,,206.80001001E-9,39.99999911E-3,,,,,206.80001001E-9,439.999997616E-3,
,,,207.20000293E-9,-39.99999911E-3,,,,,207.20000293E-9,439.999997616E-3,
,,,207.60001007E-9,-79.999998212E-3,,,,,207.60001007E-9,479.999989271E-3,
,,,208.00000300E-9,-159.99999642E-3,,,,,208.00000300E-9,439.999997616E-3,
,,,208.40001014E-9,-159.99999642E-3,,,,,208.40001014E-9,479.999989271E-3,
,,,208.80000307E-9,-159.99999642E-3,,,,,208.80000307E-9,479.999989271E-3,
,,,209.20001020E-9,-159.99999642E-3,,,,,209.20001020E-9,519.999980927E-3,
,,,209.60000313E-9,-159.99999642E-3,,,,,209.60000313E-9,599.999964237E-3,
,,,210.00001027E-9,-159.99999642E-3,,,,,210.00001027E-9,680.000007153E-3,
,,,210.40000320E-9,-159.99999642E-3,,,,,210.40000320E-9,759.999990463E-3,
,,,210.80001034E-9,-159.99999642E-3,,,,,210.80001034E-9,839.999973774E-3,
,,,211.20000326E-9,-159.99999642E-3,,,,,211.20000326E-9,879.999995232E-3,
,,,211.60001040E-9,-119.9999973E-3,,,,,211.60001040E-9,959.999978542E-3,
,,,212.00000333E-9,-39.99999911E-3,,,,,212.00000333E-9,959.999978542E-3,
,,,212.40001047E-9,39.99999911E-3,,,,,212.40001047E-9,959.999978542E-3,
,,,212.80000340E-9,79.999998212E-3,,,,,212.80000340E-9,919.999957085E-3,
,,,213.20001053E-9,119.9999973E-3,,,,,213.20001053E-9,919.999957085E-3,
,,,213.60000346E-9,159.99999642E-3,,,,,213.60000346E-9,919.999957085E-3,
,,,214.00001060E-9,119.9999973E-3,,,,,214.00001060E-9,919.999957085E-3,
,,,214.40000353E-9,119.9999973E-3,,,,,214.40000353E-9,959.999978542E-3,
,,,214.80001067E-9,119.9999973E-3,,,,,214.80001067E-9,1.0400000,
,,,215.20000359E-9,119.9999973E-3,,,,,215.20000359E-9,1.0799999,
,,,215.60001073E-9,159.99999642E-3,,,,,215.60001073E-9,1.1600000,
,,,216.00000366E-9,159.99999642E-3,,,,,216.00000366E-9,1.1600000,
,,,216.40001080E-9,159.99999642E-3,,,,,216.40001080E-9,1.1200000,
,,,216.80000373E-9,119.9999973E-3,,,,,216.80000373E-9,1.0799999,
,,,217.20001087E-9,39.99999911E-3,,,,,217.20001087E-9,959.999978542E-3,
,,,217.60000379E-9,-39.99999911E-3,,,,,217.60000379E-9,839.999973774E-3,
,,,218.00001093E-9,-159.99999642E-3,,,,,218.00001093E-9,639.999985695E-3,
,,,218.40000386E-9,-239.99999464E-3,,,,,218.40000386E-9,439.999997616E-3,
,,,218.80001100E-9,-319.99999285E-3,,,,,218.80001100E-9,280.00000119E-3,
,,,219.20000393E-9,-359.99998450E-3,,,,,219.20000393E-9,199.99998808E-3,
,,,219.60001106E-9,-319.99999285E-3,,,,,219.60001106E-9,159.99999642E-3,
,,,220.00000399E-9,-280.00000119E-3,,,,,220.00000399E-9,159.99999642E-3,
,,,220.40001113E-9,-239.99999464E-3,,,,,220.40001113E-9,239.99999464E-3,
,,,220.80000406E-9,-199.99998808E-3,,,,,220.80000406E-9,280.00000119E-3,
,,,221.20001120E-9,-159.99999642E-3,,,,,221.20001120E-9,280.00000119E-3,
,,,221.60000412E-9,-119.9999973E-3,,,,,221.60000412E-9,319.99999285E-3,
,,,222.00001126E-9,-159.99999642E-3,,,,,222.00001126E-9,359.99998450E-3,
,,,222.40000419E-9,-119.9999973E-3,,,,,222.40000419E-9,439.999997616E-3,
,,,222.80001133E-9,-119.9999973E-3,,,,,222.80001133E-9,560.000002384E-3,
,,,223.20000426E-9,-79.999998212E-3,,,,,223.20000426E-9,680.000007153E-3,
,,,223.60001140E-9,39.99999911E-3,,,,,223.60001140E-9,799.999952316E-3,
,,,224.00000432E-9,159.99999642E-3,,,,,224.00000432E-9,839.999973774E-3,
,,,224.40001146E-9,319.99999285E-3,,,,,224.40001146E-9,919.999957085E-3,
,,,224.80000439E-9,439.999997616E-3,,,,,224.80000439E-9,959.999978542E-3,
,,,225.20001153E-9,560.000002384E-3,,,,,225.20001153E-9,1.0400000,
,,,225.60000446E-9,639.999985695E-3,,,,,225.60000446E-9,1.1200000,
,,,226.00001159E-9,639.999985695E-3,,,,,226.00001159E-9,1.1999999,
,,,226.40000452E-9,639.999985695E-3,,,,,226.40000452E-9,1.2800000,
,,,226.80001166E-9,639.999985695E-3,,,,,226.80001166E-9,1.3199999,
,,,227.20000459E-9,639.999985695E-3,,,,,227.20000459E-9,1.3600000,
,,,227.60001173E-9,680.000007153E-3,,,,,227.60001173E-9,1.4000000,
,,,228.00000465E-9,719.999969006E-3,,,,,228.00000465E-9,1.4000000,
,,,228.40001179E-9,719.999969006E-3,,,,,228.40001179E-9,1.3600000,
,,,228.80000472E-9,759.999990463E-3,,,,,228.80000472E-9,1.3199999,
,,,229.20001186E-9,719.999969006E-3,,,,,229.20001186E-9,1.2400000,
,,,229.60000479E-9,639.999985695E-3,,,,,229.60000479E-9,1.1600000,
,,,230.00001192E-9,519.999980927E-3,,,,,230.00001192E-9,1.000000,
,,,230.40000485E-9,359.99998450E-3,,,,,230.40000485E-9,839.999973774E-3,
,,,230.80001199E-9,199.99998808E-3,,,,,230.80001199E-9,719.999969006E-3,
,,,231.20000492E-9,0.0,,,,,231.20000492E-9,639.999985695E-3,
,,,231.60001206E-9,-119.9999973E-3,,,,,231.60001206E-9,599.999964237E-3,
,,,232.00000498E-9,-239.99999464E-3,,,,,232.00000498E-9,599.999964237E-3,
,,,232.40001212E-9,-359.99998450E-3,,,,,232.40001212E-9,599.999964237E-3,
,,,232.80000505E-9,-479.999989271E-3,,,,,232.80000505E-9,560.000002384E-3,
,,,233.20001219E-9,-560.000002384E-3,,,,,233.20001219E-9,479.999989271E-3,
,,,233.60000512E-9,-599.999964237E-3,,,,,233.60000512E-9,399.99997616E-3,
,,,234.00001226E-9,-680.000007153E-3,,,,,234.00001226E-9,319.99999285E-3,
,,,234.40000518E-9,-680.000007153E-3,,,,,234.40000518E-9,280.00000119E-3,
,,,234.80001232E-9,-639.999985695E-3,,,,,234.80001232E-9,319.99999285E-3,
,,,235.20000525E-9,-519.999980927E-3,,,,,235.20000525E-9,399.99997616E-3,
,,,235.60001239E-9,-359.99998450E-3,,,,,235.60001239E-9,599.999964237E-3,
,,,236.00000532E-9,-199.99998808E-3,,,,,236.00000532E-9,759.999990463E-3,
,,,236.40001245E-9,-39.99999911E-3,,,,,236.40001245E-9,959.999978542E-3,
,,,236.80000538E-9,159.99999642E-3,,,,,236.80000538E-9,1.1600000,
,,,237.20001252E-9,280.00000119E-3,,,,,237.20001252E-9,1.2800000,
,,,237.60000545E-9,399.99997616E-3,,,,,237.60000545E-9,1.3600000,
,,,238.00001259E-9,439.999997616E-3,,,,,238.00001259E-9,1.3199999,
,,,238.40000551E-9,519.999980927E-3,,,,,238.40000551E-9,1.2800000,
,,,238.79999844E-9,599.999964237E-3,,,,,238.79999844E-9,1.2400000,
,,,239.20000558E-9,680.000007153E-3,,,,,239.20000558E-9,1.1999999,
,,,239.60001272E-9,759.999990463E-3,,,,,239.60001272E-9,1.1600000,
,,,240.00001986E-9,799.999952316E-3,,,,,240.00001986E-9,1.1600000,
,,,240.39999857E-9,799.999952316E-3,,,,,240.39999857E-9,1.1600000,
,,,240.80000571E-9,759.999990463E-3,,,,,240.80000571E-9,1.1200000,
,,,241.20001285E-9,639.999985695E-3,,,,,241.20001285E-9,959.999978542E-3,
,,,241.60001999E-9,479.999989271E-3,,,,,241.60001999E-9,799.999952316E-3,
,,,241.99999871E-9,280.00000119E-3,,,,,241.99999871E-9,519.999980927E-3,
,,,242.40000585E-9,39.99999911E-3,,,,,242.40000585E-9,199.99998808E-3,
,,,242.80001298E-9,-159.99999642E-3,,,,,242.80001298E-9,-39.99999911E-3,
,,,243.20002012E-9,-359.99998450E-3,,,,,243.20002012E-9,-199.99998808E-3,
,,,243.59999884E-9,-479.999989271E-3,,,,,243.59999884E-9,-319.99999285E-3,
,,,244.00000598E-9,-599.999964237E-3,,,,,244.00000598E-9,-359.99998450E-3,
,,,244.40001312E-9,-680.000007153E-3,,,,,244.40001312E-9,-399.99997616E-3,
,,,244.80002025E-9,-680.000007153E-3,,,,,244.80002025E-9,-399.99997616E-3,
,,,245.19999897E-9,-680.000007153E-3,,,,,245.19999897E-9,-399.99997616E-3,
,,,245.60000611E-9,-599.999964237E-3,,,,,245.60000611E-9,-359.99998450E-3,
,,,246.00001325E-9,-560.000002384E-3,,,,,246.00001325E-9,-319.99999285E-3,
,,,246.40002039E-9,-519.999980927E-3,,,,,246.40002039E-9,-199.99998808E-3,
,,,246.79999910E-9,-399.99997616E-3,,,,,246.79999910E-9,0.0,
,,,247.20000624E-9,-280.00000119E-3,,,,,247.20000624E-9,280.00000119E-3,
,,,247.60001338E-9,-79.999998212E-3,,,,,247.60001338E-9,599.999964237E-3,
,,,248.00002052E-9,119.9999973E-3,,,,,248.00002052E-9,959.999978542E-3,
,,,248.39999924E-9,359.99998450E-3,,,,,248.39999924E-9,1.3199999,
,,,248.80000637E-9,639.999985695E-3,,,,,248.80000637E-9,1.6799999,
,,,249.20001351E-9,879.999995232E-3,,,,,249.20001351E-9,1.9599999,
,,,249.60002065E-9,1.1200000,,,,,249.60002065E-9,2.1599998,
,,,249.99999937E-9,1.2800000,,,,,249.99999937E-9,2.2400000,
,,,250.40000651E-9,1.3600000,,,,,250.40000651E-9,2.2800000,
,,,250.80001365E-9,1.4000000,,,,,250.80001365E-9,2.2400000,
,,,251.19999236E-9,1.4000000,,,,,251.19999236E-9,2.2000000,
,,,251.59999950E-9,1.3199999,,,,,251.59999950E-9,2.1199999,
,,,252.00000664E-9,1.1999999,,,,,252.00000664E-9,2.0400000,
,,,252.40001378E-9,1.000000,,,,,252.40001378E-9,1.9200000,
,,,252.79999250E-9,799.999952316E-3,,,,,252.79999250E-9,1.7600000,
,,,253.19999963E-9,519.999980927E-3,,,,,253.19999963E-9,1.5599999,
,,,253.60000677E-9,280.00000119E-3,,,,,253.60000677E-9,1.2800000,
,,,254.00001391E-9,0.0,,,,,254.00001391E-9,879.999995232E-3,
,,,254.39999263E-9,-280.00000119E-3,,,,,254.39999263E-9,479.999989271E-3,
,,,254.79999977E-9,-479.999989271E-3,,,,,254.79999977E-9,119.9999973E-3,
,,,255.20000690E-9,-599.999964237E-3,,,,,255.20000690E-9,-199.99998808E-3,
,,,255.60001404E-9,-719.999969006E-3,,,,,255.60001404E-9,-399.99997616E-3,
,,,255.99999276E-9,-839.999973774E-3,,,,,255.99999276E-9,-479.999989271E-3,
,,,256.39999990E-9,-919.999957085E-3,,,,,256.39999990E-9,-519.999980927E-3,
,,,256.80000704E-9,-959.999978542E-3,,,,,256.80000704E-9,-479.999989271E-3,
,,,257.20001418E-9,-1.000000,,,,,257.20001418E-9,-439.999997616E-3,
,,,257.59999289E-9,-959.999978542E-3,,,,,257.59999289E-9,-399.99997616E-3,
,,,258.00000003E-9,-879.999995232E-3,,,,,258.00000003E-9,-479.999989271E-3,
,,,258.40000717E-9,-759.999990463E-3,,,,,258.40000717E-9,-479.999989271E-3,
,,,258.80001431E-9,-560.000002384E-3,,,,,258.80001431E-9,-439.999997616E-3,
,,,259.19999302E-9,-319.99999285E-3,,,,,259.19999302E-9,-319.99999285E-3,
,,,259.60000016E-9,-79.999998212E-3,,,,,259.60000016E-9,-39.99999911E-3,
,,,260.00000730E-9,119.9999973E-3,,,,,260.00000730E-9,319.99999285E-3,
,,,260.40001444E-9,359.99998450E-3,,,,,260.40001444E-9,759.999990463E-3,
,,,260.79999316E-9,560.000002384E-3,,,,,260.79999316E-9,1.0799999,
,,,261.20000030E-9,759.999990463E-3,,,,,261.20000030E-9,1.3199999,
,,,261.60000743E-9,919.999957085E-3,,,,,261.60000743E-9,1.5200000,
,,,262.00001457E-9,1.000000,,,,,262.00001457E-9,1.5999999,
,,,262.39999329E-9,1.0400000,,,,,262.39999329E-9,1.6400000,
,,,262.80000043E-9,1.0799999,,,,,262.80000043E-9,1.6799999,
,,,263.20000757E-9,1.0400000,,,,,263.20000757E-9,1.6799999,
,,,263.60001470E-9,1.000000,,,,,263.60001470E-9,1.6400000,
,,,263.99999342E-9,879.999995232E-3,,,,,263.99999342E-9,1.5599999,
,,,264.40000056E-9,759.999990463E-3,,,,,264.40000056E-9,1.4800000,
,,,264.80000770E-9,639.999985695E-3,,,,,264.80000770E-9,1.3600000,
,,,265.20001484E-9,519.999980927E-3,,,,,265.20001484E-9,1.1600000,
,,,265.59999355E-9,359.99998450E-3,,,,,265.59999355E-9,919.999957085E-3,
,,,266.00000069E-9,159.99999642E-3,,,,,266.00000069E-9,639.999985695E-3,
,,,266.40000783E-9,0.0,,,,,266.40000783E-9,359.99998450E-3,
,,,266.80001497E-9,-199.99998808E-3,,,,,266.80001497E-9,119.9999973E-3,
,,,267.19999369E-9,-359.99998450E-3,,,,,267.19999369E-9,-39.99999911E-3,
,,,267.60000083E-9,-439.999997616E-3,,,,,267.60000083E-9,-119.9999973E-3,
,,,268.00000796E-9,-479.999989271E-3,,,,,268.00000796E-9,-119.9999973E-3,
,,,268.40001510E-9,-439.999997616E-3,,,,,268.40001510E-9,-39.99999911E-3,
,,,268.79999382E-9,-399.99997616E-3,,,,,268.79999382E-9,79.999998212E-3,
,,,269.20000096E-9,-319.99999285E-3,,,,,269.20000096E-9,159.99999642E-3,
,,,269.60000810E-9,-199.99998808E-3,,,,,269.60000810E-9,239.99999464E-3,
,,,270.00001523E-9,-119.9999973E-3,,,,,270.00001523E-9,159.99999642E-3,
,,,270.39999395E-9,-39.99999911E-3,,,,,270.39999395E-9,79.999998212E-3,
,,,270.80000109E-9,39.99999911E-3,,,,,270.80000109E-9,79.999998212E-3,
,,,271.20000823E-9,119.9999973E-3,,,,,271.20000823E-9,119.9999973E-3,
,,,271.60001537E-9,239.99999464E-3,,,,,271.60001537E-9,239.99999464E-3,
,,,271.99999408E-9,319.99999285E-3,,,,,271.99999408E-9,439.999997616E-3,
,,,272.40000122E-9,439.999997616E-3,,,,,272.40000122E-9,680.000007153E-3,
,,,272.80000836E-9,479.999989271E-3,,,,,272.80000836E-9,919.999957085E-3,
,,,273.20001550E-9,479.999989271E-3,,,,,273.20001550E-9,1.1200000,
,,,273.59999422E-9,479.999989271E-3,,,,,273.59999422E-9,1.2800000,
,,,274.00000135E-9,479.999989271E-3,,,,,274.00000135E-9,1.3199999,
,,,274.40000849E-9,519.999980927E-3,,,,,274.40000849E-9,1.3199999,
,,,274.80001563E-9,560.000002384E-3,,,,,274.80001563E-9,1.3199999,
,,,275.19999435E-9,599.999964237E-3,,,,,275.19999435E-9,1.2800000,
,,,275.60000149E-9,599.999964237E-3,,,,,275.60000149E-9,1.2800000,
,,,276.00000863E-9,519.999980927E-3,,,,,276.00000863E-9,1.1999999,
,,,276.40001576E-9,399.99997616E-3,,,,,276.40001576E-9,1.1200000,
,,,276.79999448E-9,280.00000119E-3,,,,,276.79999448E-9,1.000000,
,,,277.20000162E-9,119.9999973E-3,,,,,277.20000162E-9,919.999957085E-3,
,,,277.60000876E-9,0.0,,,,,277.60000876E-9,799.999952316E-3,
,,,278.00001590E-9,-119.9999973E-3,,,,,278.00001590E-9,599.999964237E-3,
,,,278.39999461E-9,-199.99998808E-3,,,,,278.39999461E-9,439.999997616E-3,
,,,278.80000175E-9,-239.99999464E-3,,,,,278.80000175E-9,280.00000119E-3,
,,,279.20000889E-9,-239.99999464E-3,,,,,279.20000889E-9,199.99998808E-3,
,,,279.60001603E-9,-239.99999464E-3,,,,,279.60001603E-9,199.99998808E-3,
,,,279.99999475E-9,-239.99999464E-3,,,,,279.99999475E-9,239.99999464E-3,
,,,280.40000188E-9,-199.99998808E-3,,,,,280.40000188E-9,319.99999285E-3,
,,,280.80000902E-9,-159.99999642E-3,,,,,280.80000902E-9,439.999997616E-3,
,,,281.20001616E-9,-159.99999642E-3,,,,,281.20001616E-9,519.999980927E-3,
,,,281.59999488E-9,-119.9999973E-3,,,,,281.59999488E-9,599.999964237E-3,
,,,282.00000202E-9,-119.9999973E-3,,,,,282.00000202E-9,599.999964237E-3,
,,,282.40000916E-9,-119.9999973E-3,,,,,282.40000916E-9,560.000002384E-3,
,,,282.80001629E-9,-79.999998212E-3,,,,,282.80001629E-9,519.999980927E-3,
,,,283.19999501E-9,39.99999911E-3,,,,,283.19999501E-9,519.999980927E-3,
,,,283.60000215E-9,119.9999973E-3,,,,,283.60000215E-9,519.999980927E-3,
,,,284.00000929E-9,159.99999642E-3,,,,,284.00000929E-9,560.000002384E-3,
,,,284.40001643E-9,199.99998808E-3,,,,,284.40001643E-9,639.999985695E-3,
,,,284.79999514E-9,239.99999464E-3,,,,,284.79999514E-9,759.999990463E-3,
,,,285.20000228E-9,239.99999464E-3,,,,,285.20000228E-9,839.999973774E-3,
,,,285.60000942E-9,280.00000119E-3,,,,,285.60000942E-9,919.999957085E-3,
,,,286.00001656E-9,319.99999285E-3,,,,,286.00001656E-9,919.999957085E-3,
,,,286.39999528E-9,359.99998450E-3,,,,,286.39999528E-9,919.999957085E-3,
,,,286.80000241E-9,399.99997616E-3,,,,,286.80000241E-9,959.999978542E-3,
,,,287.20000955E-9,439.999997616E-3,,,,,287.20000955E-9,1.000000,
,,,287.60001669E-9,479.999989271E-3,,,,,287.60001669E-9,1.0799999,
,,,287.99999541E-9,479.999989271E-3,,,,,287.99999541E-9,1.1200000,
,,,288.40000255E-9,439.999997616E-3,,,,,288.40000255E-9,1.1600000,
,,,288.80000968E-9,399.99997616E-3,,,,,288.80000968E-9,1.1600000,
,,,289.20001682E-9,319.99999285E-3,,,,,289.20001682E-9,1.0799999,
,,,289.59999554E-9,280.00000119E-3,,,,,289.59999554E-9,1.000000,
,,,290.00000268E-9,239.99999464E-3,,,,,290.00000268E-9,839.999973774E-3,
,,,290.40000982E-9,199.99998808E-3,,,,,290.40000982E-9,680.000007153E-3,
,,,290.80001696E-9,199.99998808E-3,,,,,290.80001696E-9,519.999980927E-3,
,,,291.19999567E-9,159.99999642E-3,,,,,291.19999567E-9,399.99997616E-3,
,,,291.60000281E-9,159.99999642E-3,,,,,291.60000281E-9,319.99999285E-3,
,,,292.00000995E-9,79.999998212E-3,,,,,292.00000995E-9,280.00000119E-3,
,,,292.40001709E-9,0.0,,,,,292.40001709E-9,280.00000119E-3,
,,,292.79999580E-9,-119.9999973E-3,,,,,292.79999580E-9,319.99999285E-3,
,,,293.20000294E-9,-199.99998808E-3,,,,,293.20000294E-9,399.99997616E-3,
,,,293.60001008E-9,-239.99999464E-3,,,,,293.60001008E-9,479.999989271E-3,
,,,294.00001722E-9,-239.99999464E-3,,,,,294.00001722E-9,479.999989271E-3,
,,,294.39999594E-9,-239.99999464E-3,,,,,294.39999594E-9,519.999980927E-3,
,,,294.80000308E-9,-199.99998808E-3,,,,,294.80000308E-9,519.999980927E-3,
,,,295.20001021E-9,-159.99999642E-3,,,,,295.20001021E-9,519.999980927E-3,
,,,295.60001735E-9,-119.9999973E-3,,,,,295.60001735E-9,519.999980927E-3,
,,,295.99999607E-9,-159.99999642E-3,,,,,295.99999607E-9,519.999980927E-3,
,,,296.40000321E-9,-159.99999642E-3,,,,,296.40000321E-9,560.000002384E-3,
,,,296.80001035E-9,-159.99999642E-3,,,,,296.80001035E-9,599.999964237E-3,
,,,297.20001749E-9,-119.9999973E-3,,,,,297.20001749E-9,680.000007153E-3,
,,,297.59999620E-9,-79.999998212E-3,,,,,297.59999620E-9,719.999969006E-3,
,,,298.00000334E-9,-39.99999911E-3,,,,,298.00000334E-9,719.999969006E-3,
,,,298.40001048E-9,0.0,,,,,298.40001048E-9,719.999969006E-3,
,,,298.80001762E-9,39.99999911E-3,,,,,298.80001762E-9,759.999990463E-3,
,,,299.19999633E-9,119.9999973E-3,,,,,299.19999633E-9,799.999952316E-3,
,,,299.60000347E-9,239.99999464E-3,,,,,299.60000347E-9,879.999995232E-3,
,,,300.00001061E-9,319.99999285E-3,,,,,300.00001061E-9,1.000000,
,,,300.40001775E-9,439.999997616E-3,,,,,300.40001775E-9,1.0799999,
,,,300.79999647E-9,479.999989271E-3,,,,,300.79999647E-9,1.1999999,
,,,301.20000361E-9,439.999997616E-3,,,,,301.20000361E-9,1.1999999,
,,,301.60001074E-9,399.99997616E-3,,,,,301.60001074E-9,1.1999999,
,,,302.00001788E-9,319.99999285E-3,,,,,302.00001788E-9,1.0799999,
,,,302.39999660E-9,280.00000119E-3,,,,,302.39999660E-9,919.999957085E-3,
,,,302.80000374E-9,239.99999464E-3,,,,,302.80000374E-9,759.999990463E-3,
,,,303.20001088E-9,199.99998808E-3,,,,,303.20001088E-9,599.999964237E-3,
,,,303.60001801E-9,159.99999642E-3,,,,,303.60001801E-9,519.999980927E-3,
,,,303.99999673E-9,79.999998212E-3,,,,,303.99999673E-9,439.999997616E-3,
,,,304.40000387E-9,39.99999911E-3,,,,,304.40000387E-9,439.999997616E-3,
,,,304.80001101E-9,0.0,,,,,304.80001101E-9,439.999997616E-3,
,,,305.20001815E-9,-39.99999911E-3,,,,,305.20001815E-9,439.999997616E-3,
,,,305.59999686E-9,-79.999998212E-3,,,,,305.59999686E-9,479.999989271E-3,
,,,306.00000400E-9,-119.9999973E-3,,,,,306.00000400E-9,479.999989271E-3,
,,,306.40001114E-9,-119.9999973E-3,,,,,306.40001114E-9,560.000002384E-3,
,,,306.80001828E-9,-79.999998212E-3,,,,,306.80001828E-9,639.999985695E-3,
,,,307.19999700E-9,0.0,,,,,307.19999700E-9,719.999969006E-3,
,,,307.60000413E-9,119.9999973E-3,,,,,307.60000413E-9,839.999973774E-3,
,,,308.00001127E-9,199.99998808E-3,,,,,308.00001127E-9,879.999995232E-3,
,,,308.40001841E-9,280.00000119E-3,,,,,308.40001841E-9,959.999978542E-3,
,,,308.79999713E-9,359.99998450E-3,,,,,308.79999713E-9,1.000000,
,,,309.20000427E-9,399.99997616E-3,,,,,309.20000427E-9,1.0799999,
,,,309.60001141E-9,479.999989271E-3,,,,,309.60001141E-9,1.1200000,
,,,310.00001854E-9,519.999980927E-3,,,,,310.00001854E-9,1.1200000,
,,,310.39999726E-9,560.000002384E-3,,,,,310.39999726E-9,1.1200000,
,,,310.80000440E-9,599.999964237E-3,,,,,310.80000440E-9,1.0799999,
,,,311.20001154E-9,639.999985695E-3,,,,,311.20001154E-9,1.0799999,
,,,311.60001868E-9,639.999985695E-3,,,,,311.60001868E-9,1.0799999,
,,,311.99999739E-9,599.999964237E-3,,,,,311.99999739E-9,1.0799999,
,,,312.40000453E-9,560.000002384E-3,,,,,312.40000453E-9,1.1200000,
,,,312.80001167E-9,519.999980927E-3,,,,,312.80001167E-9,1.1600000,
,,,313.20001881E-9,399.99997616E-3,,,,,313.20001881E-9,1.1600000,
,,,313.59999753E-9,319.99999285E-3,,,,,313.59999753E-9,1.0799999,
,,,314.00000466E-9,199.99998808E-3,,,,,314.00000466E-9,879.999995232E-3,
,,,314.40001180E-9,79.999998212E-3,,,,,314.40001180E-9,680.000007153E-3,
,,,314.80001894E-9,-39.99999911E-3,,,,,314.80001894E-9,439.999997616E-3,
,,,315.19999766E-9,-199.99998808E-3,,,,,315.19999766E-9,239.99999464E-3,
,,,315.60000480E-9,-319.99999285E-3,,,,,315.60000480E-9,119.9999973E-3,
,,,316.00001194E-9,-439.999997616E-3,,,,,316.00001194E-9,39.99999911E-3,
,,,316.40001907E-9,-560.000002384E-3,,,,,316.40001907E-9,39.99999911E-3,
,,,316.79999779E-9,-680.000007153E-3,,,,,316.79999779E-9,39.99999911E-3,
,,,317.20000493E-9,-719.999969006E-3,,,,,317.20000493E-9,39.99999911E-3,
,,,317.60001207E-9,-759.999990463E-3,,,,,317.60001207E-9,79.999998212E-3,
,,,318.00001921E-9,-799.999952316E-3,,,,,318.00001921E-9,119.9999973E-3,
,,,318.39999792E-9,-719.999969006E-3,,,,,318.39999792E-9,199.99998808E-3,
,,,318.80000506E-9,-639.999985695E-3,,,,,318.80000506E-9,359.99998450E-3,
,,,319.20001220E-9,-439.999997616E-3,,,,,319.20001220E-9,519.999980927E-3,
,,,319.60001934E-9,-239.99999464E-3,,,,,319.60001934E-9,759.999990463E-3,
,,,319.99999806E-9,-79.999998212E-3,,,,,319.99999806E-9,959.999978542E-3,
,,,320.40000519E-9,119.9999973E-3,,,,,320.40000519E-9,1.1200000,
,,,320.80001233E-9,239.99999464E-3,,,,,320.80001233E-9,1.2400000,
,,,321.20001947E-9,359.99998450E-3,,,,,321.20001947E-9,1.3199999,
,,,321.59999819E-9,439.999997616E-3,,,,,321.59999819E-9,1.3600000,
,,,322.00000533E-9,519.999980927E-3,,,,,322.00000533E-9,1.3600000,
,,,322.40001246E-9,560.000002384E-3,,,,,322.40001246E-9,1.3199999,
,,,322.80001960E-9,599.999964237E-3,,,,,322.80001960E-9,1.2800000,
,,,323.19999832E-9,599.999964237E-3,,,,,323.19999832E-9,1.2400000,
,,,323.60000546E-9,599.999964237E-3,,,,,323.60000546E-9,1.2400000,
,,,324.00001260E-9,560.000002384E-3,,,,,324.00001260E-9,1.1999999,
,,,324.40001974E-9,479.999989271E-3,,,,,324.40001974E-9,1.1999999,
,,,324.79999845E-9,439.999997616E-3,,,,,324.79999845E-9,1.1600000,
,,,325.20000559E-9,399.99997616E-3,,,,,325.20000559E-9,1.1200000,
,,,325.60001273E-9,359.99998450E-3,,,,,325.60001273E-9,1.0799999,
,,,326.00001987E-9,280.00000119E-3,,,,,326.00001987E-9,959.999978542E-3,
,,,326.39999858E-9,199.99998808E-3,,,,,326.39999858E-9,839.999973774E-3,
,,,326.80000572E-9,159.99999642E-3,,,,,326.80000572E-9,639.999985695E-3,
,,,327.20001286E-9,79.999998212E-3,,,,,327.20001286E-9,359.99998450E-3,
,,,327.60002000E-9,39.99999911E-3,,,,,327.60002000E-9,159.99999642E-3,
,,,327.99999872E-9,-39.99999911E-3,,,,,327.99999872E-9,0.0,
,,,328.40000586E-9,-119.9999973E-3,,,,,328.40000586E-9,-119.9999973E-3,
,,,328.80001299E-9,-159.99999642E-3,,,,,328.80001299E-9,-159.99999642E-3,
,,,329.20002013E-9,-159.99999642E-3,,,,,329.20002013E-9,-119.9999973E-3,
,,,329.59999885E-9,-119.9999973E-3,,,,,329.59999885E-9,-39.99999911E-3,
,,,330.00000599E-9,-39.99999911E-3,,,,,330.00000599E-9,0.0,
,,,330.40001313E-9,39.99999911E-3,,,,,330.40001313E-9,79.999998212E-3,
,,,330.80002027E-9,159.99999642E-3,,,,,330.80002027E-9,239.99999464E-3,
,,,331.19999898E-9,239.99999464E-3,,,,,331.19999898E-9,479.999989271E-3,
,,,331.60000612E-9,359.99998450E-3,,,,,331.60000612E-9,719.999969006E-3,
,,,332.00001326E-9,399.99997616E-3,,,,,332.00001326E-9,919.999957085E-3,
,,,332.40002040E-9,479.999989271E-3,,,,,332.40002040E-9,1.0400000,
,,,332.79999911E-9,519.999980927E-3,,,,,332.79999911E-9,1.1200000,
,,,333.20000625E-9,560.000002384E-3,,,,,333.20000625E-9,1.0799999,
,,,333.60001339E-9,599.999964237E-3,,,,,333.60001339E-9,1.0799999,
,,,334.00002053E-9,560.000002384E-3,,,,,334.00002053E-9,1.0799999,
,,,334.39999925E-9,519.999980927E-3,,,,,334.39999925E-9,1.1600000,
,,,334.80000639E-9,479.999989271E-3,,,,,334.80000639E-9,1.2400000,
,,,335.20001352E-9,399.99997616E-3,,,,,335.20001352E-9,1.3600000,
,,,335.60002066E-9,319.99999285E-3,,,,,335.60002066E-9,1.4399999,
,,,335.99999938E-9,239.99999464E-3,,,,,335.99999938E-9,1.4000000,
,,,336.40000652E-9,159.99999642E-3,,,,,336.40000652E-9,1.3199999,
,,,336.80001366E-9,39.99999911E-3,,,,,336.80001366E-9,1.2400000,
,,,337.20002079E-9,-39.99999911E-3,,,,,337.20002079E-9,1.1600000,
,,,337.59999951E-9,-119.9999973E-3,,,,,337.59999951E-9,1.1200000,
,,,338.00000665E-9,-199.99998808E-3,,,,,338.00000665E-9,1.1200000,
,,,338.40001379E-9,-239.99999464E-3,,,,,338.40001379E-9,1.1200000,
,,,338.80002093E-9,-280.00000119E-3,,,,,338.80002093E-9,1.0400000,
,,,339.19999964E-9,-280.00000119E-3,,,,,339.19999964E-9,839.999973774E-3,
,,,339.60000678E-9,-280.00000119E-3,,,,,339.60000678E-9,639.999985695E-3,
,,,340.00001392E-9,-319.99999285E-3,,,,,340.00001392E-9,439.999997616E-3,
,,,340.40002106E-9,-319.99999285E-3,,,,,340.40002106E-9,280.00000119E-3,
,,,340.79999978E-9,-359.99998450E-3,,,,,340.79999978E-9,199.99998808E-3,
,,,341.20000691E-9,-399.99997616E-3,,,,,341.20000691E-9,159.99999642E-3,
,,,341.60001405E-9,-399.99997616E-3,,,,,341.60001405E-9,119.9999973E-3,
,,,342.00002119E-9,-359.99998450E-3,,,,,342.00002119E-9,0.0,
,,,342.39999991E-9,-280.00000119E-3,,,,,342.39999991E-9,-39.99999911E-3,
,,,342.80000705E-9,-159.99999642E-3,,,,,342.80000705E-9,0.0,
,,,343.20001419E-9,-39.99999911E-3,,,,,343.20001419E-9,119.9999973E-3,
,,,343.60002132E-9,119.9999973E-3,,,,,343.60002132E-9,280.00000119E-3,
,,,344.00000004E-9,239.99999464E-3,,,,,344.00000004E-9,479.999989271E-3,
,,,344.40000718E-9,319.99999285E-3,,,,,344.40000718E-9,639.999985695E-3,
,,,344.80001432E-9,439.999997616E-3,,,,,344.80001432E-9,599.999964237E-3,
,,,345.20002146E-9,560.000002384E-3,,,,,345.20002146E-9,399.99997616E-3,
,,,345.60000017E-9,639.999985695E-3,,,,,345.60000017E-9,239.99999464E-3,
,,,346.00000731E-9,639.999985695E-3,,,,,346.00000731E-9,159.99999642E-3,
,,,346.40001445E-9,639.999985695E-3,,,,,346.40001445E-9,159.99999642E-3,
,,,346.80002159E-9,599.999964237E-3,,,,,346.80002159E-9,319.99999285E-3,
,,,347.20000031E-9,599.999964237E-3,,,,,347.20000031E-9,599.999964237E-3,
,,,347.60000744E-9,560.000002384E-3,,,,,347.60000744E-9,799.999952316E-3,
,,,348.00001458E-9,519.999980927E-3,,,,,348.00001458E-9,719.999969006E-3,
,,,348.40002172E-9,479.999989271E-3,,,,,348.40002172E-9,560.000002384E-3,
,,,348.80000044E-9,359.99998450E-3,,,,,348.80000044E-9,359.99998450E-3,
,,,349.20000758E-9,239.99999464E-3,,,,,349.20000758E-9,239.99999464E-3,
,,,349.60001472E-9,119.9999973E-3,,,,,349.60001472E-9,159.99999642E-3,
,,,350.00002185E-9,-39.99999911E-3,,,,,350.00002185E-9,280.00000119E-3,
,,,350.40000057E-9,-159.99999642E-3,,,,,350.40000057E-9,439.999997616E-3,
,,,350.80000771E-9,-239.99999464E-3,,,,,350.80000771E-9,519.999980927E-3,
,,,351.20001485E-9,-280.00000119E-3,,,,,351.20001485E-9,479.999989271E-3,
,,,351.60002199E-9,-280.00000119E-3,,,,,351.60002199E-9,399.99997616E-3,
,,,352.00000070E-9,-319.99999285E-3,,,,,352.00000070E-9,280.00000119E-3,
,,,352.40000784E-9,-319.99999285E-3,,,,,352.40000784E-9,159.99999642E-3,
,,,352.80001498E-9,-359.99998450E-3,,,,,352.80001498E-9,199.99998808E-3,
,,,353.19999370E-9,-399.99997616E-3,,,,,353.19999370E-9,319.99999285E-3,
,,,353.60000084E-9,-439.999997616E-3,,,,,353.60000084E-9,479.999989271E-3,
,,,354.00000797E-9,-479.999989271E-3,,,,,354.00000797E-9,519.999980927E-3,
,,,354.40001511E-9,-439.999997616E-3,,,,,354.40001511E-9,560.000002384E-3,
,,,354.79999383E-9,-359.99998450E-3,,,,,354.79999383E-9,639.999985695E-3,
,,,355.20000097E-9,-239.99999464E-3,,,,,355.20000097E-9,759.999990463E-3,
,,,355.60000811E-9,-39.99999911E-3,,,,,355.60000811E-9,919.999957085E-3,
,,,356.00001524E-9,119.9999973E-3,,,,,356.00001524E-9,1.1200000,
,,,356.39999396E-9,319.99999285E-3,,,,,356.39999396E-9,1.2400000,
,,,356.80000110E-9,439.999997616E-3,,,,,356.80000110E-9,1.2800000,
,,,357.20000824E-9,519.999980927E-3,,,,,357.20000824E-9,1.1600000,
,,,357.60001538E-9,599.999964237E-3,,,,,357.60001538E-9,1.0400000,
,,,357.99999409E-9,680.000007153E-3,,,,,357.99999409E-9,1.000000,
,,,358.40000123E-9,759.999990463E-3,,,,,358.40000123E-9,959.999978542E-3,
,,,358.80000837E-9,799.999952316E-3,,,,,358.80000837E-9,1.0400000,
,,,359.20001551E-9,839.999973774E-3,,,,,359.20001551E-9,1.0799999,
,,,359.59999423E-9,799.999952316E-3,,,,,359.59999423E-9,1.0799999,
,,,360.00000136E-9,680.000007153E-3,,,,,360.00000136E-9,879.999995232E-3,
,,,360.40000850E-9,519.999980927E-3,,,,,360.40000850E-9,599.999964237E-3,
,,,360.80001564E-9,319.99999285E-3,,,,,360.80001564E-9,280.00000119E-3,
,,,361.19999436E-9,159.99999642E-3,,,,,361.19999436E-9,0.0,
,,,361.60000150E-9,0.0,,,,,361.60000150E-9,-239.99999464E-3,
,,,362.00000864E-9,-159.99999642E-3,,,,,362.00000864E-9,-439.999997616E-3,
,,,362.40001577E-9,-280.00000119E-3,,,,,362.40001577E-9,-560.000002384E-3,
,,,362.79999449E-9,-399.99997616E-3,,,,,362.79999449E-9,-680.000007153E-3,
,,,363.20000163E-9,-479.999989271E-3,,,,,363.20000163E-9,-759.999990463E-3,
,,,363.60000877E-9,-519.999980927E-3,,,,,363.60000877E-9,-839.999973774E-3,
,,,364.00001591E-9,-560.000002384E-3,,,,,364.00001591E-9,-959.999978542E-3,
,,,364.39999462E-9,-599.999964237E-3,,,,,364.39999462E-9,-1.000000,
,,,364.80000176E-9,-560.000002384E-3,,,,,364.80000176E-9,-1.000000,
,,,365.20000890E-9,-519.999980927E-3,,,,,365.20000890E-9,-919.999957085E-3,
,,,365.60001604E-9,-439.999997616E-3,,,,,365.60001604E-9,-759.999990463E-3,
,,,365.99999476E-9,-359.99998450E-3,,,,,365.99999476E-9,-560.000002384E-3,
,,,366.40000189E-9,-239.99999464E-3,,,,,366.40000189E-9,-319.99999285E-3,
,,,366.80000903E-9,-79.999998212E-3,,,,,366.80000903E-9,0.0,
,,,367.20001617E-9,79.999998212E-3,,,,,367.20001617E-9,319.99999285E-3,
,,,367.59999489E-9,280.00000119E-3,,,,,367.59999489E-9,680.000007153E-3,
,,,368.00000203E-9,479.999989271E-3,,,,,368.00000203E-9,1.000000,
,,,368.40000917E-9,680.000007153E-3,,,,,368.40000917E-9,1.2400000,
,,,368.80001630E-9,839.999973774E-3,,,,,368.80001630E-9,1.4000000,
,,,369.19999502E-9,919.999957085E-3,,,,,369.19999502E-9,1.4000000,
,,,369.60000216E-9,959.999978542E-3,,,,,369.60000216E-9,1.4000000,
,,,370.00000930E-9,959.999978542E-3,,,,,370.00000930E-9,1.3600000,
,,,370.40001644E-9,959.999978542E-3,,,,,370.40001644E-9,1.3199999,
,,,370.79999515E-9,919.999957085E-3,,,,,370.79999515E-9,1.3600000,
,,,371.20000229E-9,879.999995232E-3,,,,,371.20000229E-9,1.4399999,
,,,371.60000943E-9,799.999952316E-3,,,,,371.60000943E-9,1.5200000,
,,,372.00001657E-9,639.999985695E-3,,,,,372.00001657E-9,1.4800000,
,,,372.39999529E-9,439.999997616E-3,,,,,372.39999529E-9,1.3600000,
,,,372.80000242E-9,239.99999464E-3,,,,,372.80000242E-9,1.0799999,
,,,373.20000956E-9,39.99999911E-3,,,,,373.20000956E-9,680.000007153E-3,
,,,373.60001670E-9,-159.99999642E-3,,,,,373.60001670E-9,280.00000119E-3,
,,,373.99999542E-9,-359.99998450E-3,,,,,373.99999542E-9,-79.999998212E-3,
,,,374.40000256E-9,-560.000002384E-3,,,,,374.40000256E-9,-359.99998450E-3,
,,,374.80000969E-9,-680.000007153E-3,,,,,374.80000969E-9,-519.999980927E-3,
,,,375.20001683E-9,-799.999952316E-3,,,,,375.20001683E-9,-639.999985695E-3,
,,,375.59999555E-9,-839.999973774E-3,,,,,375.59999555E-9,-719.999969006E-3,
,,,376.00000269E-9,-919.999957085E-3,,,,,376.00000269E-9,-839.999973774E-3,
,,,376.40000983E-9,-919.999957085E-3,,,,,376.40000983E-9,-959.999978542E-3,
,,,376.80001697E-9,-919.999957085E-3,,,,,376.80001697E-9,-1.0400000,
,,,377.19999568E-9,-879.999995232E-3,,,,,377.19999568E-9,-1.1200000,
,,,377.60000282E-9,-799.999952316E-3,,,,,377.60000282E-9,-1.0799999,
,,,378.00000996E-9,-680.000007153E-3,,,,,378.00000996E-9,-1.000000,
,,,378.40001710E-9,-479.999989271E-3,,,,,378.40001710E-9,-799.999952316E-3,
,,,378.79999581E-9,-280.00000119E-3,,,,,378.79999581E-9,-599.999964237E-3,
,,,379.20000295E-9,-119.9999973E-3,,,,,379.20000295E-9,-359.99998450E-3,
,,,379.60001009E-9,79.999998212E-3,,,,,379.60001009E-9,-79.999998212E-3,
,,,380.00001723E-9,239.99999464E-3,,,,,380.00001723E-9,199.99998808E-3,
,,,380.39999595E-9,399.99997616E-3,,,,,380.39999595E-9,479.999989271E-3,
,,,380.80000309E-9,519.999980927E-3,,,,,380.80000309E-9,759.999990463E-3,
,,,381.20001022E-9,639.999985695E-3,,,,,381.20001022E-9,919.999957085E-3,
,,,381.60001736E-9,719.999969006E-3,,,,,381.60001736E-9,1.0400000,
,,,381.99999608E-9,759.999990463E-3,,,,,381.99999608E-9,959.999978542E-3,
,,,382.40000322E-9,799.999952316E-3,,,,,382.40000322E-9,879.999995232E-3,
,,,382.80001036E-9,839.999973774E-3,,,,,382.80001036E-9,879.999995232E-3,
,,,383.20001750E-9,839.999973774E-3,,,,,383.20001750E-9,959.999978542E-3,
,,,383.59999621E-9,799.999952316E-3,,,,,383.59999621E-9,1.1200000,
,,,384.00000335E-9,719.999969006E-3,,,,,384.00000335E-9,1.3199999,
,,,384.40001049E-9,599.999964237E-3,,,,,384.40001049E-9,1.4399999,
,,,384.80001763E-9,479.999989271E-3,,,,,384.80001763E-9,1.4000000,
,,,385.19999634E-9,399.99997616E-3,,,,,385.19999634E-9,1.1999999,
,,,385.60000348E-9,280.00000119E-3,,,,,385.60000348E-9,919.999957085E-3,
,,,386.00001062E-9,159.99999642E-3,,,,,386.00001062E-9,560.000002384E-3,
,,,386.40001776E-9,0.0,,,,,386.40001776E-9,239.99999464E-3,
,,,386.79999648E-9,-159.99999642E-3,,,,,386.79999648E-9,39.99999911E-3,
,,,387.20000362E-9,-319.99999285E-3,,,,,387.20000362E-9,-39.99999911E-3,
,,,387.60001075E-9,-479.999989271E-3,,,,,387.60001075E-9,-79.999998212E-3,
,,,388.00001789E-9,-599.999964237E-3,,,,,388.00001789E-9,-159.99999642E-3,
,,,388.39999661E-9,-639.999985695E-3,,,,,388.39999661E-9,-199.99998808E-3,
,,,388.80000375E-9,-639.999985695E-3,,,,,388.80000375E-9,-319.99999285E-3,
,,,389.20001089E-9,-599.999964237E-3,,,,,389.20001089E-9,-479.999989271E-3,
,,,389.60001802E-9,-519.999980927E-3,,,,,389.60001802E-9,-560.000002384E-3,
,,,389.99999674E-9,-479.999989271E-3,,,,,389.99999674E-9,-560.000002384E-3,
,,,390.40000388E-9,-359.99998450E-3,,,,,390.40000388E-9,-439.999997616E-3,
,,,390.80001102E-9,-280.00000119E-3,,,,,390.80001102E-9,-280.00000119E-3,
,,,391.20001816E-9,-199.99998808E-3,,,,,391.20001816E-9,-39.99999911E-3,
,,,391.59999687E-9,-79.999998212E-3,,,,,391.59999687E-9,199.99998808E-3,
,,,392.00000401E-9,39.99999911E-3,,,,,392.00000401E-9,359.99998450E-3,
,,,392.40001115E-9,159.99999642E-3,,,,,392.40001115E-9,519.999980927E-3,
,,,392.80001829E-9,239.99999464E-3,,,,,392.80001829E-9,639.999985695E-3,
,,,393.19999701E-9,319.99999285E-3,,,,,393.19999701E-9,759.999990463E-3,
,,,393.60000414E-9,359.99998450E-3,,,,,393.60000414E-9,839.999973774E-3,
,,,394.00001128E-9,399.99997616E-3,,,,,394.00001128E-9,799.999952316E-3,
,,,394.40001842E-9,439.999997616E-3,,,,,394.40001842E-9,799.999952316E-3,
,,,394.79999714E-9,479.999989271E-3,,,,,394.79999714E-9,799.999952316E-3,
,,,395.20000428E-9,479.999989271E-3,,,,,395.20000428E-9,839.999973774E-3,
,,,395.60001142E-9,519.999980927E-3,,,,,395.60001142E-9,879.999995232E-3,
,,,396.00001855E-9,519.999980927E-3,,,,,396.00001855E-9,959.999978542E-3,
,,,396.39999727E-9,479.999989271E-3,,,,,396.39999727E-9,1.000000,
,,,396.80000441E-9,439.999997616E-3,,,,,396.80000441E-9,919.999957085E-3,
,,,397.20001155E-9,319.99999285E-3,,,,,397.20001155E-9,799.999952316E-3,
,,,397.60001869E-9,239.99999464E-3,,,,,397.60001869E-9,599.999964237E-3,
,,,397.99999740E-9,119.9999973E-3,,,,,397.99999740E-9,359.99998450E-3,
,,,398.40000454E-9,-39.99999911E-3,,,,,398.40000454E-9,119.9999973E-3,
,,,398.80001168E-9,-159.99999642E-3,,,,,398.80001168E-9,0.0,
,,,399.20001882E-9,-280.00000119E-3,,,,,399.20001882E-9,-39.99999911E-3,
,,,399.59999754E-9,-359.99998450E-3,,,,,399.59999754E-9,-39.99999911E-3,
,,,400.00000467E-9,-439.999997616E-3,,,,,400.00000467E-9,-119.9999973E-3,
,,,400.40001181E-9,-479.999989271E-3,,,,,400.40001181E-9,-199.99998808E-3,
,,,400.80001895E-9,-519.999980927E-3,,,,,400.80001895E-9,-319.99999285E-3,
,,,401.19999767E-9,-519.999980927E-3,,,,,401.19999767E-9,-439.999997616E-3,
,,,401.60000481E-9,-479.999989271E-3,,,,,401.60000481E-9,-519.999980927E-3,
,,,402.00001195E-9,-479.999989271E-3,,,,,402.00001195E-9,-479.999989271E-3,
,,,402.40001908E-9,-439.999997616E-3,,,,,402.40001908E-9,-359.99998450E-3,
,,,402.79999780E-9,-359.99998450E-3,,,,,402.79999780E-9,-199.99998808E-3,
,,,403.20000494E-9,-239.99999464E-3,,,,,403.20000494E-9,0.0,
,,,403.600012078E-9,-119.9999973E-3,,,,,403.600012078E-9,239.99999464E-3,
,,,404.000019216E-9,-39.99999911E-3,,,,,404.000019216E-9,439.999997616E-3,
,,,404.399997933E-9,39.99999911E-3,,,,,404.399997933E-9,599.999964237E-3,
,,,404.800005072E-9,119.9999973E-3,,,,,404.800005072E-9,719.999969006E-3,
,,,405.200012210E-9,199.99998808E-3,,,,,405.200012210E-9,799.999952316E-3,
,,,405.600019349E-9,280.00000119E-3,,,,,405.600019349E-9,839.999973774E-3,
,,,405.999998065E-9,319.99999285E-3,,,,,405.999998065E-9,799.999952316E-3,
,,,406.400005204E-9,399.99997616E-3,,,,,406.400005204E-9,759.999990463E-3,
,,,406.800012343E-9,439.999997616E-3,,,,,406.800012343E-9,759.999990463E-3,
,,,407.200019481E-9,479.999989271E-3,,,,,407.200019481E-9,759.999990463E-3,
,,,407.599998198E-9,519.999980927E-3,,,,,407.599998198E-9,799.999952316E-3,
,,,408.000005336E-9,479.999989271E-3,,,,,408.000005336E-9,839.999973774E-3,
,,,408.400012475E-9,399.99997616E-3,,,,,408.400012475E-9,879.999995232E-3,
,,,408.800019613E-9,280.00000119E-3,,,,,408.800019613E-9,879.999995232E-3,
,,,409.199998330E-9,199.99998808E-3,,,,,409.199998330E-9,799.999952316E-3,
,,,409.600005469E-9,119.9999973E-3,,,,,409.600005469E-9,680.000007153E-3,
,,,410.000012607E-9,39.99999911E-3,,,,,410.000012607E-9,479.999989271E-3,
,,,410.400019746E-9,-39.99999911E-3,,,,,410.400019746E-9,319.99999285E-3,
,,,410.799998463E-9,-119.9999973E-3,,,,,410.799998463E-9,159.99999642E-3,
,,,411.200005601E-9,-199.99998808E-3,,,,,411.200005601E-9,119.9999973E-3,
,,,411.600012740E-9,-280.00000119E-3,,,,,411.600012740E-9,79.999998212E-3,
,,,412.000019878E-9,-399.99997616E-3,,,,,412.000019878E-9,79.999998212E-3,
,,,412.399998595E-9,-439.999997616E-3,,,,,412.399998595E-9,79.999998212E-3,
,,,412.800005734E-9,-439.999997616E-3,,,,,412.800005734E-9,39.99999911E-3,
,,,413.200012872E-9,-399.99997616E-3,,,,,413.200012872E-9,0.0,
,,,413.600020011E-9,-319.99999285E-3,,,,,413.600020011E-9,-39.99999911E-3,
,,,413.999998727E-9,-280.00000119E-3,,,,,413.999998727E-9,-119.9999973E-3,
,,,414.400005866E-9,-159.99999642E-3,,,,,414.400005866E-9,-119.9999973E-3,
,,,414.800013004E-9,-79.999998212E-3,,,,,414.800013004E-9,-39.99999911E-3,
,,,415.200020143E-9,0.0,,,,,415.200020143E-9,119.9999973E-3,
,,,415.599998860E-9,119.9999973E-3,,,,,415.599998860E-9,319.99999285E-3,
,,,416.000005998E-9,199.99998808E-3,,,,,416.000005998E-9,479.999989271E-3,
,,,416.400013137E-9,239.99999464E-3,,,,,416.400013137E-9,599.999964237E-3,
,,,416.800020275E-9,280.00000119E-3,,,,,416.800020275E-9,680.000007153E-3,
,,,417.199998992E-9,280.00000119E-3,,,,,417.199998992E-9,719.999969006E-3,
,,,417.600006131E-9,319.99999285E-3,,,,,417.600006131E-9,719.999969006E-3,
,,,418.000013269E-9,319.99999285E-3,,,,,418.000013269E-9,680.000007153E-3,
,,,418.400020408E-9,319.99999285E-3,,,,,418.400020408E-9,639.999985695E-3,
,,,418.799999125E-9,280.00000119E-3,,,,,418.799999125E-9,599.999964237E-3,
,,,419.200006263E-9,239.99999464E-3,,,,,419.200006263E-9,519.999980927E-3,
,,,419.600013402E-9,199.99998808E-3,,,,,419.600013402E-9,439.999997616E-3,
,,,420.000020540E-9,79.999998212E-3,,,,,420.000020540E-9,359.99998450E-3,
,,,420.399999257E-9,-39.99999911E-3,,,,,420.399999257E-9,280.00000119E-3,
,,,420.800006395E-9,-119.9999973E-3,,,,,420.800006395E-9,239.99999464E-3,
,,,421.200013534E-9,-159.99999642E-3,,,,,421.200013534E-9,199.99998808E-3,
,,,421.600020672E-9,-199.99998808E-3,,,,,421.600020672E-9,159.99999642E-3,
,,,421.999999389E-9,-239.99999464E-3,,,,,421.999999389E-9,39.99999911E-3,
,,,422.400006528E-9,-280.00000119E-3,,,,,422.400006528E-9,-39.99999911E-3,
,,,422.800013666E-9,-319.99999285E-3,,,,,422.800013666E-9,-159.99999642E-3,
,,,423.200020805E-9,-359.99998450E-3,,,,,423.200020805E-9,-239.99999464E-3,
,,,423.599999522E-9,-359.99998450E-3,,,,,423.599999522E-9,-280.00000119E-3,
,,,424.000006660E-9,-399.99997616E-3,,,,,424.000006660E-9,-239.99999464E-3,
,,,424.400013799E-9,-399.99997616E-3,,,,,424.400013799E-9,-119.9999973E-3,
,,,424.800020937E-9,-399.99997616E-3,,,,,424.800020937E-9,0.0,
,,,425.199999654E-9,-399.99997616E-3,,,,,425.199999654E-9,79.999998212E-3,
,,,425.600006793E-9,-319.99999285E-3,,,,,425.600006793E-9,159.99999642E-3,
,,,426.000013931E-9,-239.99999464E-3,,,,,426.000013931E-9,159.99999642E-3,
,,,426.400021070E-9,-119.9999973E-3,,,,,426.400021070E-9,199.99998808E-3,
,,,426.799999786E-9,0.0,,,,,426.799999786E-9,280.00000119E-3,
,,,427.200006925E-9,119.9999973E-3,,,,,427.200006925E-9,359.99998450E-3,
,,,427.600014064E-9,199.99998808E-3,,,,,427.600014064E-9,479.999989271E-3,
,,,428.000021202E-9,239.99999464E-3,,,,,428.000021202E-9,599.999964237E-3,
,,,428.399999919E-9,280.00000119E-3,,,,,428.399999919E-9,719.999969006E-3,
,,,428.800007057E-9,319.99999285E-3,,,,,428.800007057E-9,759.999990463E-3,
,,,429.200014196E-9,359.99998450E-3,,,,,429.200014196E-9,759.999990463E-3,
,,,429.600021334E-9,399.99997616E-3,,,,,429.600021334E-9,759.999990463E-3,
,,,430.000000051E-9,399.99997616E-3,,,,,430.000000051E-9,680.000007153E-3,
,,,430.400007190E-9,399.99997616E-3,,,,,430.400007190E-9,599.999964237E-3,
,,,430.800014328E-9,359.99998450E-3,,,,,430.800014328E-9,519.999980927E-3,
,,,431.200021467E-9,359.99998450E-3,,,,,431.200021467E-9,399.99997616E-3,
,,,431.600000184E-9,319.99999285E-3,,,,,431.600000184E-9,319.99999285E-3,
,,,432.000007322E-9,239.99999464E-3,,,,,432.000007322E-9,199.99998808E-3,
,,,432.400014461E-9,199.99998808E-3,,,,,432.400014461E-9,39.99999911E-3,
,,,432.800021599E-9,119.9999973E-3,,,,,432.800021599E-9,-79.999998212E-3,
,,,433.200000316E-9,39.99999911E-3,,,,,433.200000316E-9,-199.99998808E-3,
,,,433.600007455E-9,0.0,,,,,433.600007455E-9,-280.00000119E-3,
,,,434.000014593E-9,-79.999998212E-3,,,,,434.000014593E-9,-399.99997616E-3,
,,,434.400021732E-9,-119.9999973E-3,,,,,434.400021732E-9,-479.999989271E-3,
,,,434.800000448E-9,-159.99999642E-3,,,,,434.800000448E-9,-519.999980927E-3,
,,,435.200007587E-9,-199.99998808E-3,,,,,435.200007587E-9,-599.999964237E-3,
,,,435.600014725E-9,-199.99998808E-3,,,,,435.600014725E-9,-599.999964237E-3,
,,,436.000021864E-9,-239.99999464E-3,,,,,436.000021864E-9,-560.000002384E-3,
,,,436.400000581E-9,-239.99999464E-3,,,,,436.400000581E-9,-479.999989271E-3,
,,,436.800007719E-9,-239.99999464E-3,,,,,436.800007719E-9,-359.99998450E-3,
,,,437.200014858E-9,-239.99999464E-3,,,,,437.200014858E-9,-280.00000119E-3,
,,,437.600021996E-9,-199.99998808E-3,,,,,437.600021996E-9,-159.99999642E-3,
,,,438.000000713E-9,-159.99999642E-3,,,,,438.000000713E-9,-79.999998212E-3,
,,,438.400007852E-9,-79.999998212E-3,,,,,438.400007852E-9,39.99999911E-3,
,,,438.800014990E-9,39.99999911E-3,,,,,438.800014990E-9,199.99998808E-3,
,,,439.200022129E-9,119.9999973E-3,,,,,439.200022129E-9,359.99998450E-3,
,,,439.600000846E-9,239.99999464E-3,,,,,439.600000846E-9,560.000002384E-3,
,,,440.000007984E-9,280.00000119E-3,,,,,440.000007984E-9,680.000007153E-3,
,,,440.400015123E-9,319.99999285E-3,,,,,440.400015123E-9,839.999973774E-3,
,,,440.800022261E-9,359.99998450E-3,,,,,440.800022261E-9,879.999995232E-3,
,,,441.200000978E-9,399.99997616E-3,,,,,441.200000978E-9,919.999957085E-3,
,,,441.600008116E-9,439.999997616E-3,,,,,441.600008116E-9,919.999957085E-3,
,,,442.000015255E-9,439.999997616E-3,,,,,442.000015255E-9,839.999973774E-3,
,,,442.400022393E-9,399.99997616E-3,,,,,442.400022393E-9,759.999990463E-3,
,,,442.800001110E-9,359.99998450E-3,,,,,442.800001110E-9,639.999985695E-3,
,,,443.200008249E-9,280.00000119E-3,,,,,443.200008249E-9,519.999980927E-3,
,,,443.600015387E-9,239.99999464E-3,,,,,443.600015387E-9,399.99997616E-3,
,,,444.000022526E-9,159.99999642E-3,,,,,444.000022526E-9,239.99999464E-3,
,,,444.400001243E-9,79.999998212E-3,,,,,444.400001243E-9,119.9999973E-3,
,,,444.800008381E-9,-39.99999911E-3,,,,,444.800008381E-9,0.0,
,,,445.200015520E-9,-119.9999973E-3,,,,,445.200015520E-9,-119.9999973E-3,
,,,445.600022658E-9,-199.99998808E-3,,,,,445.600022658E-9,-239.99999464E-3,
,,,446.000001375E-9,-280.00000119E-3,,,,,446.000001375E-9,-359.99998450E-3,
,,,446.400008514E-9,-319.99999285E-3,,,,,446.400008514E-9,-479.999989271E-3,
,,,446.800015652E-9,-359.99998450E-3,,,,,446.800015652E-9,-599.999964237E-3,
,,,447.200022791E-9,-359.99998450E-3,,,,,447.200022791E-9,-639.999985695E-3,
,,,447.600001507E-9,-359.99998450E-3,,,,,447.600001507E-9,-680.000007153E-3,
,,,448.000008646E-9,-399.99997616E-3,,,,,448.000008646E-9,-719.999969006E-3,
,,,448.400015785E-9,-399.99997616E-3,,,,,448.400015785E-9,-680.000007153E-3,
,,,448.800022923E-9,-359.99998450E-3,,,,,448.800022923E-9,-639.999985695E-3,
,,,449.200001640E-9,-319.99999285E-3,,,,,449.200001640E-9,-519.999980927E-3,
,,,449.600008778E-9,-239.99999464E-3,,,,,449.600008778E-9,-399.99997616E-3,
,,,450.000015917E-9,-159.99999642E-3,,,,,450.000015917E-9,-280.00000119E-3,
,,,450.400023055E-9,-79.999998212E-3,,,,,450.400023055E-9,-119.9999973E-3,
,,,450.800001772E-9,39.99999911E-3,,,,,450.800001772E-9,0.0,
,,,451.200008911E-9,119.9999973E-3,,,,,451.200008911E-9,119.9999973E-3,
,,,451.600016049E-9,239.99999464E-3,,,,,451.600016049E-9,239.99999464E-3,
,,,452.000023188E-9,280.00000119E-3,,,,,452.000023188E-9,319.99999285E-3,
,,,452.400001905E-9,359.99998450E-3,,,,,452.400001905E-9,399.99997616E-3,
,,,452.800009043E-9,399.99997616E-3,,,,,452.800009043E-9,479.999989271E-3,
,,,453.200016182E-9,439.999997616E-3,,,,,453.200016182E-9,560.000002384E-3,
,,,453.600023320E-9,479.999989271E-3,,,,,453.600023320E-9,639.999985695E-3,
,,,454.000002037E-9,479.999989271E-3,,,,,454.000002037E-9,639.999985695E-3,
,,,454.400009176E-9,479.999989271E-3,,,,,454.400009176E-9,599.999964237E-3,
,,,454.800016314E-9,439.999997616E-3,,,,,454.800016314E-9,560.000002384E-3,
,,,455.199995031E-9,399.99997616E-3,,,,,455.199995031E-9,439.999997616E-3,
,,,455.600002169E-9,319.99999285E-3,,,,,455.600002169E-9,359.99998450E-3,
,,,456.000009308E-9,199.99998808E-3,,,,,456.000009308E-9,239.99999464E-3,
,,,456.400016446E-9,79.999998212E-3,,,,,456.400016446E-9,159.99999642E-3,
,,,456.799995163E-9,-39.99999911E-3,,,,,456.799995163E-9,39.99999911E-3,
,,,457.200002302E-9,-119.9999973E-3,,,,,457.200002302E-9,-79.999998212E-3,
,,,457.600009440E-9,-199.99998808E-3,,,,,457.600009440E-9,-199.99998808E-3,
,,,458.000016579E-9,-319.99999285E-3,,,,,458.000016579E-9,-319.99999285E-3,
,,,458.399995296E-9,-399.99997616E-3,,,,,458.399995296E-9,-399.99997616E-3,
,,,458.800002434E-9,-439.999997616E-3,,,,,458.800002434E-9,-439.999997616E-3,
,,,459.200009573E-9,-439.999997616E-3,,,,,459.200009573E-9,-439.999997616E-3,
,,,459.600016711E-9,-439.999997616E-3,,,,,459.600016711E-9,-439.999997616E-3,
,,,459.999995428E-9,-439.999997616E-3,,,,,459.999995428E-9,-479.999989271E-3,
,,,460.400002567E-9,-439.999997616E-3,,,,,460.400002567E-9,-479.999989271E-3,
,,,460.800009705E-9,-399.99997616E-3,,,,,460.800009705E-9,-439.999997616E-3,
,,,461.200016844E-9,-319.99999285E-3,,,,,461.200016844E-9,-399.99997616E-3,
,,,461.599995560E-9,-239.99999464E-3,,,,,461.599995560E-9,-280.00000119E-3,
,,,462.000002699E-9,-199.99998808E-3,,,,,462.000002699E-9,-159.99999642E-3,
,,,462.400009837E-9,-119.9999973E-3,,,,,462.400009837E-9,0.0,
,,,462.800016976E-9,0.0,,,,,462.800016976E-9,119.9999973E-3,
,,,463.199995693E-9,119.9999973E-3,,,,,463.199995693E-9,199.99998808E-3,
,,,463.600002831E-9,239.99999464E-3,,,,,463.600002831E-9,280.00000119E-3,
,,,464.000009970E-9,319.99999285E-3,,,,,464.000009970E-9,319.99999285E-3,
,,,464.400017108E-9,359.99998450E-3,,,,,464.400017108E-9,319.99999285E-3,
,,,464.799995825E-9,399.99997616E-3,,,,,464.799995825E-9,359.99998450E-3,
,,,465.200002964E-9,399.99997616E-3,,,,,465.200002964E-9,399.99997616E-3,
,,,465.600010102E-9,399.99997616E-3,,,,,465.600010102E-9,439.999997616E-3,
,,,466.000017241E-9,359.99998450E-3,,,,,466.000017241E-9,439.999997616E-3,
,,,466.399995958E-9,319.99999285E-3,,,,,466.399995958E-9,399.99997616E-3,
,,,466.800003096E-9,280.00000119E-3,,,,,466.800003096E-9,359.99998450E-3,
,,,467.200010235E-9,280.00000119E-3,,,,,467.200010235E-9,280.00000119E-3,
,,,467.600017373E-9,239.99999464E-3,,,,,467.600017373E-9,199.99998808E-3,
,,,467.999996090E-9,159.99999642E-3,,,,,467.999996090E-9,119.9999973E-3,
,,,468.400003228E-9,79.999998212E-3,,,,,468.400003228E-9,39.99999911E-3,
,,,468.800010367E-9,-39.99999911E-3,,,,,468.800010367E-9,-39.99999911E-3,
,,,469.200017506E-9,-119.9999973E-3,,,,,469.200017506E-9,-79.999998212E-3,
,,,469.599996222E-9,-159.99999642E-3,,,,,469.599996222E-9,-119.9999973E-3,
,,,470.000003361E-9,-199.99998808E-3,,,,,470.000003361E-9,-159.99999642E-3,
,,,470.400010499E-9,-199.99998808E-3,,,,,470.400010499E-9,-199.99998808E-3,
,,,470.800017638E-9,-239.99999464E-3,,,,,470.800017638E-9,-239.99999464E-3,
,,,471.199996355E-9,-239.99999464E-3,,,,,471.199996355E-9,-239.99999464E-3,
,,,471.600003493E-9,-239.99999464E-3,,,,,471.600003493E-9,-199.99998808E-3,
,,,472.000010632E-9,-280.00000119E-3,,,,,472.000010632E-9,-199.99998808E-3,
,,,472.400017770E-9,-280.00000119E-3,,,,,472.400017770E-9,-119.9999973E-3,
,,,472.799996487E-9,-239.99999464E-3,,,,,472.799996487E-9,-39.99999911E-3,
,,,473.200003626E-9,-199.99998808E-3,,,,,473.200003626E-9,39.99999911E-3,
,,,473.600010764E-9,-119.9999973E-3,,,,,473.600010764E-9,159.99999642E-3,
,,,474.000017903E-9,-79.999998212E-3,,,,,474.000017903E-9,239.99999464E-3,
,,,474.399996619E-9,-39.99999911E-3,,,,,474.399996619E-9,359.99998450E-3,
,,,474.800003758E-9,0.0,,,,,474.800003758E-9,399.99997616E-3,
,,,475.200010897E-9,79.999998212E-3,,,,,475.200010897E-9,439.999997616E-3,
,,,475.600018035E-9,119.9999973E-3,,,,,475.600018035E-9,439.999997616E-3,
,,,475.999996752E-9,119.9999973E-3,,,,,475.999996752E-9,399.99997616E-3,
,,,476.400003890E-9,159.99999642E-3,,,,,476.400003890E-9,399.99997616E-3,
,,,476.800011029E-9,159.99999642E-3,,,,,476.800011029E-9,399.99997616E-3,
,,,477.199989746E-9,159.99999642E-3,,,,,477.199989746E-9,359.99998450E-3,
,,,477.599996884E-9,159.99999642E-3,,,,,477.599996884E-9,359.99998450E-3,
,,,478.000004023E-9,119.9999973E-3,,,,,478.000004023E-9,280.00000119E-3,
,,,478.400011161E-9,79.999998212E-3,,,,,478.400011161E-9,239.99999464E-3,
,,,478.800018300E-9,39.99999911E-3,,,,,478.800018300E-9,119.9999973E-3,
,,,479.200025438E-9,0.0,,,,,479.200025438E-9,39.99999911E-3,
,,,479.600032577E-9,-39.99999911E-3,,,,,479.600032577E-9,-39.99999911E-3,
,,,479.999982872E-9,-119.9999973E-3,,,,,479.999982872E-9,-119.9999973E-3,
,,,480.399990010E-9,-199.99998808E-3,,,,,480.399990010E-9,-199.99998808E-3,
,,,480.799997149E-9,-239.99999464E-3,,,,,480.799997149E-9,-239.99999464E-3,
,,,481.200004288E-9,-239.99999464E-3,,,,,481.200004288E-9,-239.99999464E-3,
,,,481.600011426E-9,-239.99999464E-3,,,,,481.600011426E-9,-239.99999464E-3,
,,,482.000018565E-9,-280.00000119E-3,,,,,482.000018565E-9,-239.99999464E-3,
,,,482.400025703E-9,-239.99999464E-3,,,,,482.400025703E-9,-239.99999464E-3,
,,,482.800032842E-9,-239.99999464E-3,,,,,482.800032842E-9,-199.99998808E-3,
,,,483.199983137E-9,-239.99999464E-3,,,,,483.199983137E-9,-159.99999642E-3,
,,,483.599990275E-9,-199.99998808E-3,,,,,483.599990275E-9,-119.9999973E-3,
,,,483.999997414E-9,-199.99998808E-3,,,,,483.999997414E-9,-119.9999973E-3,
,,,484.400004552E-9,-199.99998808E-3,,,,,484.400004552E-9,-79.999998212E-3,
,,,484.800011691E-9,-159.99999642E-3,,,,,484.800011691E-9,0.0,
,,,485.200018829E-9,-119.9999973E-3,,,,,485.200018829E-9,119.9999973E-3,
,,,485.600025968E-9,-39.99999911E-3,,,,,485.600025968E-9,239.99999464E-3,
,,,486.000033106E-9,0.0,,,,,486.000033106E-9,319.99999285E-3,
,,,486.399983401E-9,39.99999911E-3,,,,,486.399983401E-9,439.999997616E-3,
,,,486.799990540E-9,79.999998212E-3,,,,,486.799990540E-9,519.999980927E-3,
,,,487.199997679E-9,159.99999642E-3,,,,,487.199997679E-9,560.000002384E-3,
,,,487.600004817E-9,199.99998808E-3,,,,,487.600004817E-9,639.999985695E-3,
,,,488.000011956E-9,199.99998808E-3,,,,,488.000011956E-9,639.999985695E-3,
,,,488.400019094E-9,239.99999464E-3,,,,,488.400019094E-9,639.999985695E-3,
,,,488.800026233E-9,239.99999464E-3,,,,,488.800026233E-9,599.999964237E-3,
,,,489.200033371E-9,239.99999464E-3,,,,,489.200033371E-9,560.000002384E-3,
,,,489.599983666E-9,239.99999464E-3,,,,,489.599983666E-9,519.999980927E-3,
,,,489.999990805E-9,199.99998808E-3,,,,,489.999990805E-9,439.999997616E-3,
,,,490.399997943E-9,119.9999973E-3,,,,,490.399997943E-9,399.99997616E-3,
,,,490.800005082E-9,79.999998212E-3,,,,,490.800005082E-9,319.99999285E-3,
,,,491.200012220E-9,0.0,,,,,491.200012220E-9,199.99998808E-3,
,,,491.600019359E-9,-39.99999911E-3,,,,,491.600019359E-9,119.9999973E-3,
,,,492.000026497E-9,-119.9999973E-3,,,,,492.000026497E-9,0.0,
,,,492.400033636E-9,-199.99998808E-3,,,,,492.400033636E-9,-79.999998212E-3,
,,,492.799983931E-9,-239.99999464E-3,,,,,492.799983931E-9,-159.99999642E-3,
,,,493.199991070E-9,-280.00000119E-3,,,,,493.199991070E-9,-159.99999642E-3,
,,,493.599998208E-9,-280.00000119E-3,,,,,493.599998208E-9,-159.99999642E-3,
,,,494.000005347E-9,-319.99999285E-3,,,,,494.000005347E-9,-199.99998808E-3,
,,,494.400012485E-9,-319.99999285E-3,,,,,494.400012485E-9,-199.99998808E-3,
,,,494.800019624E-9,-319.99999285E-3,,,,,494.800019624E-9,-159.99999642E-3,
,,,495.200026762E-9,-280.00000119E-3,,,,,495.200026762E-9,-119.9999973E-3,
,,,495.600033901E-9,-239.99999464E-3,,,,,495.600033901E-9,-79.999998212E-3,
,,,495.999984196E-9,-239.99999464E-3,,,,,495.999984196E-9,-39.99999911E-3,
,,,496.399991334E-9,-199.99998808E-3,,,,,496.399991334E-9,0.0,
,,,496.799998473E-9,-159.99999642E-3,,,,,496.799998473E-9,39.99999911E-3,
,,,497.200005611E-9,-119.9999973E-3,,,,,497.200005611E-9,79.999998212E-3,
,,,497.600012750E-9,-79.999998212E-3,,,,,497.600012750E-9,159.99999642E-3,
,,,498.000019888E-9,0.0,,,,,498.000019888E-9,239.99999464E-3,
,,,498.400027027E-9,79.999998212E-3,,,,,498.400027027E-9,319.99999285E-3,
,,,498.800034165E-9,119.9999973E-3,,,,,498.800034165E-9,399.99997616E-3,
,,,499.199984461E-9,199.99998808E-3,,,,,499.199984461E-9,439.999997616E-3,
,,,499.599991599E-9,239.99999464E-3,,,,,499.599991599E-9,519.999980927E-3,
,,,499.999998738E-9,280.00000119E-3,,,,,499.999998738E-9,519.999980927E-3,
,,,500.400005876E-9,280.00000119E-3,,,,,500.400005876E-9,479.999989271E-3,
,,,500.800013015E-9,319.99999285E-3,,,,,500.800013015E-9,439.999997616E-3,
,,,501.200020153E-9,280.00000119E-3,,,,,501.200020153E-9,359.99998450E-3,
,,,501.600027292E-9,280.00000119E-3,,,,,501.600027292E-9,319.99999285E-3,
,,,502.000034430E-9,239.99999464E-3,,,,,502.000034430E-9,239.99999464E-3,
,,,502.399984725E-9,199.99998808E-3,,,,,502.399984725E-9,159.99999642E-3,
,,,502.799991864E-9,159.99999642E-3,,,,,502.799991864E-9,119.9999973E-3,
,,,503.199999002E-9,119.9999973E-3,,,,,503.199999002E-9,79.999998212E-3,
,,,503.600006141E-9,79.999998212E-3,,,,,503.600006141E-9,79.999998212E-3,
,,,504.000013279E-9,0.0,,,,,504.000013279E-9,0.0,
,,,504.400020418E-9,-79.999998212E-3,,,,,504.400020418E-9,-79.999998212E-3,
,,,504.800027556E-9,-119.9999973E-3,,,,,504.800027556E-9,-119.9999973E-3,
,,,505.200034695E-9,-159.99999642E-3,,,,,505.200034695E-9,-199.99998808E-3,
,,,505.599984990E-9,-199.99998808E-3,,,,,505.599984990E-9,-199.99998808E-3,
,,,505.999992129E-9,-239.99999464E-3,,,,,505.999992129E-9,-199.99998808E-3,
,,,506.399999267E-9,-239.99999464E-3,,,,,506.399999267E-9,-199.99998808E-3,
,,,506.800006406E-9,-199.99998808E-3,,,,,506.800006406E-9,-159.99999642E-3,
,,,507.200013544E-9,-199.99998808E-3,,,,,507.200013544E-9,-119.9999973E-3,
,,,507.600020683E-9,-159.99999642E-3,,,,,507.600020683E-9,-79.999998212E-3,
,,,508.000027821E-9,-159.99999642E-3,,,,,508.000027821E-9,-39.99999911E-3,
,,,508.400034960E-9,-159.99999642E-3,,,,,508.400034960E-9,0.0,
,,,508.799985255E-9,-119.9999973E-3,,,,,508.799985255E-9,39.99999911E-3,
,,,509.199992393E-9,-79.999998212E-3,,,,,509.199992393E-9,79.999998212E-3,
,,,509.599999532E-9,-39.99999911E-3,,,,,509.599999532E-9,119.9999973E-3,
,,,510.000006670E-9,0.0,,,,,510.000006670E-9,159.99999642E-3,
,,,510.400013809E-9,39.99999911E-3,,,,,510.400013809E-9,199.99998808E-3,
,,,510.800020947E-9,79.999998212E-3,,,,,510.800020947E-9,239.99999464E-3,
,,,511.200028086E-9,79.999998212E-3,,,,,511.200028086E-9,319.99999285E-3,
,,,511.600035225E-9,119.9999973E-3,,,,,511.600035225E-9,359.99998450E-3,
,,,511.999985520E-9,119.9999973E-3,,,,,511.999985520E-9,359.99998450E-3,
,,,512.399992658E-9,119.9999973E-3,,,,,512.399992658E-9,359.99998450E-3,
,,,512.799999797E-9,119.9999973E-3,,,,,512.799999797E-9,319.99999285E-3,
,,,513.200006935E-9,119.9999973E-3,,,,,513.200006935E-9,280.00000119E-3,
,,,513.600014074E-9,119.9999973E-3,,,,,513.600014074E-9,239.99999464E-3,
,,,514.000021212E-9,79.999998212E-3,,,,,514.000021212E-9,159.99999642E-3,
,,,514.400028351E-9,79.999998212E-3,,,,,514.400028351E-9,79.999998212E-3,
,,,514.800035489E-9,39.99999911E-3,,,,,514.800035489E-9,39.99999911E-3,
,,,515.199985784E-9,0.0,,,,,515.199985784E-9,0.0,
,,,515.599992923E-9,-39.99999911E-3,,,,,515.599992923E-9,0.0,
,,,516.000000061E-9,-79.999998212E-3,,,,,516.000000061E-9,-79.999998212E-3,
,,,516.400007200E-9,-79.999998212E-3,,,,,516.400007200E-9,-159.99999642E-3,
,,,516.800014339E-9,-119.9999973E-3,,,,,516.800014339E-9,-199.99998808E-3,
,,,517.200021477E-9,-119.9999973E-3,,,,,517.200021477E-9,-199.99998808E-3,
,,,517.600028616E-9,-119.9999973E-3,,,,,517.600028616E-9,-199.99998808E-3,
,,,518.000035754E-9,-159.99999642E-3,,,,,518.000035754E-9,-239.99999464E-3,
,,,518.399986049E-9,-159.99999642E-3,,,,,518.399986049E-9,-239.99999464E-3,
,,,518.799993188E-9,-119.9999973E-3,,,,,518.799993188E-9,-199.99998808E-3,
,,,519.200000326E-9,-79.999998212E-3,,,,,519.200000326E-9,-159.99999642E-3,
,,,519.600007465E-9,-39.99999911E-3,,,,,519.600007465E-9,-119.9999973E-3,
,,,520.000014603E-9,-39.99999911E-3,,,,,520.000014603E-9,-119.9999973E-3,
,,,520.400021742E-9,0.0,,,,,520.400021742E-9,-79.999998212E-3,
,,,520.800028880E-9,39.99999911E-3,,,,,520.800028880E-9,-39.99999911E-3,
,,,521.200036019E-9,39.99999911E-3,,,,,521.200036019E-9,-39.99999911E-3,
,,,521.599986314E-9,79.999998212E-3,,,,,521.599986314E-9,0.0,
,,,521.999993452E-9,79.999998212E-3,,,,,521.999993452E-9,0.0,
,,,522.400000591E-9,79.999998212E-3,,,,,522.400000591E-9,0.0,
,,,522.800007730E-9,119.9999973E-3,,,,,522.800007730E-9,39.99999911E-3,
,,,523.200014868E-9,119.9999973E-3,,,,,523.200014868E-9,119.9999973E-3,
,,,523.600022007E-9,159.99999642E-3,,,,,523.600022007E-9,159.99999642E-3,
,,,524.000029145E-9,119.9999973E-3,,,,,524.000029145E-9,159.99999642E-3,
,,,524.400036284E-9,119.9999973E-3,,,,,524.400036284E-9,159.99999642E-3,
,,,524.799986579E-9,79.999998212E-3,,,,,524.799986579E-9,119.9999973E-3,
,,,525.199993717E-9,79.999998212E-3,,,,,525.199993717E-9,119.9999973E-3,
,,,525.600000856E-9,79.999998212E-3,,,,,525.600000856E-9,119.9999973E-3,
,,,526.000007994E-9,39.99999911E-3,,,,,526.000007994E-9,79.999998212E-3,
,,,526.400015133E-9,39.99999911E-3,,,,,526.400015133E-9,79.999998212E-3,
,,,526.800022271E-9,0.0,,,,,526.800022271E-9,39.99999911E-3,
,,,527.200029410E-9,0.0,,,,,527.200029410E-9,0.0,
,,,527.600036548E-9,0.0,,,,,527.600036548E-9,0.0,
,,,527.999986843E-9,-39.99999911E-3,,,,,527.999986843E-9,-39.99999911E-3,
,,,528.399993982E-9,-39.99999911E-3,,,,,528.399993982E-9,-79.999998212E-3,
,,,528.800001121E-9,-79.999998212E-3,,,,,528.800001121E-9,-119.9999973E-3,
,,,529.200008259E-9,-79.999998212E-3,,,,,529.200008259E-9,-119.9999973E-3,
,,,529.600015398E-9,-79.999998212E-3,,,,,529.600015398E-9,-119.9999973E-3,
,,,530.000022536E-9,-119.9999973E-3,,,,,530.000022536E-9,-159.99999642E-3,
,,,530.400029675E-9,-119.9999973E-3,,,,,530.400029675E-9,-159.99999642E-3,
,,,530.800036813E-9,-119.9999973E-3,,,,,530.800036813E-9,-159.99999642E-3,
,,,531.199987108E-9,-119.9999973E-3,,,,,531.199987108E-9,-159.99999642E-3,
,,,531.599994247E-9,-79.999998212E-3,,,,,531.599994247E-9,-119.9999973E-3,
,,,532.000001385E-9,-79.999998212E-3,,,,,532.000001385E-9,-119.9999973E-3,
,,,532.400008524E-9,-79.999998212E-3,,,,,532.400008524E-9,-79.999998212E-3,
,,,532.800015662E-9,-39.99999911E-3,,,,,532.800015662E-9,-79.999998212E-3,
,,,533.200022801E-9,-39.99999911E-3,,,,,533.200022801E-9,-119.9999973E-3,
,,,533.600029939E-9,-39.99999911E-3,,,,,533.600029939E-9,-119.9999973E-3,
,,,534.000037078E-9,-39.99999911E-3,,,,,534.000037078E-9,-159.99999642E-3,
,,,534.399987373E-9,-39.99999911E-3,,,,,534.399987373E-9,-159.99999642E-3,
,,,534.799994512E-9,0.0,,,,,534.799994512E-9,-159.99999642E-3,
,,,535.200001650E-9,0.0,,,,,535.200001650E-9,-119.9999973E-3,
,,,535.600008789E-9,0.0,,,,,535.600008789E-9,-79.999998212E-3,
,,,536.000015927E-9,0.0,,,,,536.000015927E-9,-79.999998212E-3,
,,,536.400023066E-9,0.0,,,,,536.400023066E-9,-39.99999911E-3,
,,,536.800030204E-9,0.0,,,,,536.800030204E-9,-79.999998212E-3,
,,,537.200037343E-9,0.0,,,,,537.200037343E-9,-79.999998212E-3,
,,,537.599987638E-9,0.0,,,,,537.599987638E-9,-79.999998212E-3,
,,,537.999994776E-9,0.0,,,,,537.999994776E-9,-119.9999973E-3,
,,,538.400001915E-9,0.0,,,,,538.400001915E-9,-79.999998212E-3,
,,,538.800009053E-9,0.0,,,,,538.800009053E-9,-79.999998212E-3,
,,,539.200016192E-9,0.0,,,,,539.200016192E-9,-79.999998212E-3,
,,,539.600023330E-9,0.0,,,,,539.600023330E-9,-39.99999911E-3,
,,,540.000030469E-9,-39.99999911E-3,,,,,540.000030469E-9,-39.99999911E-3,
,,,540.400037607E-9,-39.99999911E-3,,,,,540.400037607E-9,0.0,
,,,540.799987903E-9,-79.999998212E-3,,,,,540.799987903E-9,39.99999911E-3,
,,,541.199995041E-9,-79.999998212E-3,,,,,541.199995041E-9,39.99999911E-3,
,,,541.600002180E-9,-39.99999911E-3,,,,,541.600002180E-9,39.99999911E-3,
,,,542.000009318E-9,-39.99999911E-3,,,,,542.000009318E-9,39.99999911E-3,
,,,542.400016457E-9,0.0,,,,,542.400016457E-9,39.99999911E-3,
,,,542.800023595E-9,39.99999911E-3,,,,,542.800023595E-9,39.99999911E-3,
,,,543.200030734E-9,79.999998212E-3,,,,,543.200030734E-9,39.99999911E-3,
,,,543.600037872E-9,119.9999973E-3,,,,,543.600037872E-9,79.999998212E-3,
,,,543.999988167E-9,79.999998212E-3,,,,,543.999988167E-9,39.99999911E-3,
,,,544.399995306E-9,79.999998212E-3,,,,,544.399995306E-9,39.99999911E-3,
,,,544.800002444E-9,79.999998212E-3,,,,,544.800002444E-9,0.0,
,,,545.200009583E-9,79.999998212E-3,,,,,545.200009583E-9,0.0,
,,,545.600016721E-9,119.9999973E-3,,,,,545.600016721E-9,0.0,
,,,546.000023860E-9,119.9999973E-3,,,,,546.000023860E-9,0.0,
,,,546.400030998E-9,119.9999973E-3,,,,,546.400030998E-9,0.0,
,,,546.800038137E-9,79.999998212E-3,,,,,546.800038137E-9,-39.99999911E-3,
,,,547.199988432E-9,79.999998212E-3,,,,,547.199988432E-9,-79.999998212E-3,
,,,547.599995571E-9,39.99999911E-3,,,,,547.599995571E-9,-79.999998212E-3,
,,,548.000002709E-9,0.0,,,,,548.000002709E-9,-79.999998212E-3,
,,,548.400009848E-9,-39.99999911E-3,,,,,548.400009848E-9,-79.999998212E-3,
,,,548.800016986E-9,-79.999998212E-3,,,,,548.800016986E-9,-119.9999973E-3,
,,,549.200024125E-9,-119.9999973E-3,,,,,549.200024125E-9,-159.99999642E-3,
,,,549.600031263E-9,-119.9999973E-3,,,,,549.600031263E-9,-199.99998808E-3,
,,,550.000038402E-9,-159.99999642E-3,,,,,550.000038402E-9,-239.99999464E-3,
,,,550.399988697E-9,-159.99999642E-3,,,,,550.399988697E-9,-239.99999464E-3,
,,,550.799995835E-9,-199.99998808E-3,,,,,550.799995835E-9,-239.99999464E-3,
,,,551.200002974E-9,-199.99998808E-3,,,,,551.200002974E-9,-199.99998808E-3,
,,,551.600010112E-9,-199.99998808E-3,,,,,551.600010112E-9,-119.9999973E-3,
,,,552.000017251E-9,-199.99998808E-3,,,,,552.000017251E-9,-79.999998212E-3,
,,,552.400024389E-9,-159.99999642E-3,,,,,552.400024389E-9,-39.99999911E-3,
,,,552.800031528E-9,-119.9999973E-3,,,,,552.800031528E-9,0.0,
,,,553.200038667E-9,-79.999998212E-3,,,,,553.200038667E-9,39.99999911E-3,
,,,553.599988962E-9,-39.99999911E-3,,,,,553.599988962E-9,79.999998212E-3,
,,,553.999996100E-9,-39.99999911E-3,,,,,553.999996100E-9,79.999998212E-3,
,,,554.400003239E-9,-39.99999911E-3,,,,,554.400003239E-9,119.9999973E-3,
,,,554.800010377E-9,0.0,,,,,554.800010377E-9,159.99999642E-3,
,,,555.200017516E-9,39.99999911E-3,,,,,555.200017516E-9,159.99999642E-3,
,,,555.600024654E-9,79.999998212E-3,,,,,555.600024654E-9,199.99998808E-3,
,,,556.000031793E-9,79.999998212E-3,,,,,556.000031793E-9,199.99998808E-3,
,,,556.400038931E-9,79.999998212E-3,,,,,556.400038931E-9,199.99998808E-3,
,,,556.799989226E-9,79.999998212E-3,,,,,556.799989226E-9,159.99999642E-3,
,,,557.199996365E-9,79.999998212E-3,,,,,557.199996365E-9,119.9999973E-3,
,,,557.600003503E-9,119.9999973E-3,,,,,557.600003503E-9,119.9999973E-3,
,,,558.000010642E-9,119.9999973E-3,,,,,558.000010642E-9,119.9999973E-3,
,,,558.400017781E-9,119.9999973E-3,,,,,558.400017781E-9,119.9999973E-3,
,,,558.800024919E-9,79.999998212E-3,,,,,558.800024919E-9,119.9999973E-3,
,,,559.200032058E-9,79.999998212E-3,,,,,559.200032058E-9,79.999998212E-3,
,,,559.599982353E-9,39.99999911E-3,,,,,559.599982353E-9,79.999998212E-3,
,,,559.999989491E-9,0.0,,,,,559.999989491E-9,39.99999911E-3,
,,,560.399996630E-9,-39.99999911E-3,,,,,560.399996630E-9,0.0,
,,,560.800003768E-9,-79.999998212E-3,,,,,560.800003768E-9,-39.99999911E-3,
,,,561.200010907E-9,-79.999998212E-3,,,,,561.200010907E-9,-79.999998212E-3,
,,,561.600018045E-9,-79.999998212E-3,,,,,561.600018045E-9,-79.999998212E-3,
,,,562.000025184E-9,-119.9999973E-3,,,,,562.000025184E-9,-119.9999973E-3,
,,,562.400032322E-9,-119.9999973E-3,,,,,562.400032322E-9,-159.99999642E-3,
,,,562.799982617E-9,-119.9999973E-3,,,,,562.799982617E-9,-199.99998808E-3,
,,,563.199989756E-9,-119.9999973E-3,,,,,563.199989756E-9,-199.99998808E-3,
,,,563.599996894E-9,-119.9999973E-3,,,,,563.599996894E-9,-159.99999642E-3,
,,,564.000004033E-9,-119.9999973E-3,,,,,564.000004033E-9,-159.99999642E-3,
,,,564.400011172E-9,-119.9999973E-3,,,,,564.400011172E-9,-119.9999973E-3,
,,,564.800018310E-9,-119.9999973E-3,,,,,564.800018310E-9,-79.999998212E-3,
,,,565.200025449E-9,-119.9999973E-3,,,,,565.200025449E-9,-39.99999911E-3,
,,,565.600032587E-9,-79.999998212E-3,,,,,565.600032587E-9,0.0,
,,,565.999982882E-9,-39.99999911E-3,,,,,565.999982882E-9,39.99999911E-3,
,,,566.399990021E-9,0.0,,,,,566.399990021E-9,79.999998212E-3,
,,,566.799997159E-9,39.99999911E-3,,,,,566.799997159E-9,119.9999973E-3,
,,,567.200004298E-9,39.99999911E-3,,,,,567.200004298E-9,119.9999973E-3,
,,,567.600011436E-9,79.999998212E-3,,,,,567.600011436E-9,119.9999973E-3,
,,,568.000018575E-9,39.99999911E-3,,,,,568.000018575E-9,119.9999973E-3,
,,,568.400025713E-9,39.99999911E-3,,,,,568.400025713E-9,119.9999973E-3,
,,,568.800032852E-9,39.99999911E-3,,,,,568.800032852E-9,159.99999642E-3,
,,,569.199983147E-9,39.99999911E-3,,,,,569.199983147E-9,159.99999642E-3,
,,,569.599990285E-9,39.99999911E-3,,,,,569.599990285E-9,199.99998808E-3,
,,,569.999997424E-9,39.99999911E-3,,,,,569.999997424E-9,199.99998808E-3,
,,,570.400004563E-9,39.99999911E-3,,,,,570.400004563E-9,199.99998808E-3,
,,,570.800011701E-9,39.99999911E-3,,,,,570.800011701E-9,159.99999642E-3,
,,,571.200018840E-9,39.99999911E-3,,,,,571.200018840E-9,159.99999642E-3,
,,,571.600025978E-9,39.99999911E-3,,,,,571.600025978E-9,159.99999642E-3,
,,,572.000033117E-9,0.0,,,,,572.000033117E-9,159.99999642E-3,
,,,572.399983412E-9,-39.99999911E-3,,,,,572.399983412E-9,159.99999642E-3,
,,,572.799990550E-9,-79.999998212E-3,,,,,572.799990550E-9,119.9999973E-3,
,,,573.199997689E-9,-119.9999973E-3,,,,,573.199997689E-9,119.9999973E-3,
,,,573.600004827E-9,-119.9999973E-3,,,,,573.600004827E-9,119.9999973E-3,
,,,574.000011966E-9,-159.99999642E-3,,,,,574.000011966E-9,79.999998212E-3,
,,,574.400019104E-9,-159.99999642E-3,,,,,574.400019104E-9,79.999998212E-3,
,,,574.800026243E-9,-199.99998808E-3,,,,,574.800026243E-9,39.99999911E-3,
,,,575.200033381E-9,-199.99998808E-3,,,,,575.200033381E-9,39.99999911E-3,
,,,575.599983677E-9,-199.99998808E-3,,,,,575.599983677E-9,39.99999911E-3,
,,,575.999990815E-9,-199.99998808E-3,,,,,575.999990815E-9,0.0,
,,,576.399997954E-9,-159.99999642E-3,,,,,576.399997954E-9,0.0,
,,,576.800005092E-9,-119.9999973E-3,,,,,576.800005092E-9,0.0,
,,,577.200012231E-9,-119.9999973E-3,,,,,577.200012231E-9,0.0,
,,,577.600019369E-9,-79.999998212E-3,,,,,577.600019369E-9,39.99999911E-3,
,,,578.000026508E-9,-79.999998212E-3,,,,,578.000026508E-9,0.0,
,,,578.400033646E-9,-79.999998212E-3,,,,,578.400033646E-9,0.0,
,,,578.799983941E-9,-79.999998212E-3,,,,,578.799983941E-9,0.0,
,,,579.199991080E-9,-39.99999911E-3,,,,,579.199991080E-9,-39.99999911E-3,
,,,579.599998218E-9,0.0,,,,,579.599998218E-9,0.0,
,,,580.000005357E-9,0.0,,,,,580.000005357E-9,0.0,
,,,580.400012495E-9,39.99999911E-3,,,,,580.400012495E-9,0.0,
,,,580.800019634E-9,79.999998212E-3,,,,,580.800019634E-9,39.99999911E-3,
,,,581.200026772E-9,79.999998212E-3,,,,,581.200026772E-9,39.99999911E-3,
,,,581.600033911E-9,119.9999973E-3,,,,,581.600033911E-9,39.99999911E-3,
,,,581.999984206E-9,119.9999973E-3,,,,,581.999984206E-9,0.0,
,,,582.399991345E-9,119.9999973E-3,,,,,582.399991345E-9,39.99999911E-3,
,,,582.799998483E-9,159.99999642E-3,,,,,582.799998483E-9,39.99999911E-3,
,,,583.200005622E-9,159.99999642E-3,,,,,583.200005622E-9,79.999998212E-3,
,,,583.600012760E-9,159.99999642E-3,,,,,583.600012760E-9,119.9999973E-3,
,,,584.000019899E-9,119.9999973E-3,,,,,584.000019899E-9,119.9999973E-3,
,,,584.400027037E-9,119.9999973E-3,,,,,584.400027037E-9,159.99999642E-3,
,,,584.800034176E-9,79.999998212E-3,,,,,584.800034176E-9,119.9999973E-3,
,,,585.199984471E-9,39.99999911E-3,,,,,585.199984471E-9,79.999998212E-3,
,,,585.599991609E-9,39.99999911E-3,,,,,585.599991609E-9,79.999998212E-3,
,,,585.999998748E-9,0.0,,,,,585.999998748E-9,79.999998212E-3,
,,,586.400005886E-9,-39.99999911E-3,,,,,586.400005886E-9,79.999998212E-3,
,,,586.800013025E-9,-79.999998212E-3,,,,,586.800013025E-9,39.99999911E-3,
,,,587.200020163E-9,-79.999998212E-3,,,,,587.200020163E-9,39.99999911E-3,
,,,587.600027302E-9,-79.999998212E-3,,,,,587.600027302E-9,39.99999911E-3,
,,,588.000034440E-9,-119.9999973E-3,,,,,588.000034440E-9,0.0,
,,,588.399984736E-9,-119.9999973E-3,,,,,588.399984736E-9,39.99999911E-3,
,,,588.799991874E-9,-119.9999973E-3,,,,,588.799991874E-9,39.99999911E-3,
,,,589.199999013E-9,-119.9999973E-3,,,,,589.199999013E-9,39.99999911E-3,
,,,589.600006151E-9,-79.999998212E-3,,,,,589.600006151E-9,79.999998212E-3,
,,,590.000013290E-9,-79.999998212E-3,,,,,590.000013290E-9,39.99999911E-3,
,,,590.400020428E-9,-79.999998212E-3,,,,,590.400020428E-9,39.99999911E-3,
,,,590.800027567E-9,-39.99999911E-3,,,,,590.800027567E-9,0.0,
,,,591.200034705E-9,-39.99999911E-3,,,,,591.200034705E-9,0.0,
,,,591.599985000E-9,-39.99999911E-3,,,,,591.599985000E-9,0.0,
,,,591.999992139E-9,-39.99999911E-3,,,,,591.999992139E-9,0.0,
,,,592.399999277E-9,-39.99999911E-3,,,,,592.399999277E-9,0.0,
,,,592.800006416E-9,0.0,,,,,592.800006416E-9,0.0,
,,,593.200013554E-9,0.0,,,,,593.200013554E-9,0.0,
,,,593.600020693E-9,0.0,,,,,593.600020693E-9,0.0,
,,,594.000027831E-9,0.0,,,,,594.000027831E-9,0.0,
,,,594.400034970E-9,0.0,,,,,594.400034970E-9,0.0,
,,,594.799985265E-9,0.0,,,,,594.799985265E-9,0.0,
,,,595.199992404E-9,0.0,,,,,595.199992404E-9,0.0,
,,,595.599999542E-9,39.99999911E-3,,,,,595.599999542E-9,0.0,
,,,596.000006681E-9,0.0,,,,,596.000006681E-9,0.0,
,,,596.400013819E-9,0.0,,,,,596.400013819E-9,0.0,
,,,596.800020958E-9,0.0,,,,,596.800020958E-9,39.99999911E-3,
,,,597.200028096E-9,0.0,,,,,597.200028096E-9,39.99999911E-3,
,,,597.600035235E-9,0.0,,,,,597.600035235E-9,39.99999911E-3,
,,,597.999985530E-9,0.0,,,,,597.999985530E-9,0.0,
,,,598.399992668E-9,0.0,,,,,598.399992668E-9,0.0,
,,,598.799999807E-9,0.0,,,,,598.799999807E-9,-39.99999911E-3,
,,,599.200006945E-9,0.0,,,,,599.200006945E-9,-79.999998212E-3,
,,,599.600014084E-9,0.0,,,,,599.600014084E-9,-79.999998212E-3,
,,,600.000021223E-9,0.0,,,,,600.000021223E-9,-119.9999973E-3,
,,,600.400028361E-9,0.0,,,,,600.400028361E-9,-119.9999973E-3,
,,,600.800035500E-9,0.0,,,,,600.800035500E-9,-79.999998212E-3,
,,,601.199985795E-9,0.0,,,,,601.199985795E-9,-79.999998212E-3,
,,,601.599992933E-9,39.99999911E-3,,,,,601.599992933E-9,-39.99999911E-3,
,,,602.000000072E-9,39.99999911E-3,,,,,602.000000072E-9,-39.99999911E-3,
,,,602.400007210E-9,39.99999911E-3,,,,,602.400007210E-9,0.0,
,,,602.800014349E-9,39.99999911E-3,,,,,602.800014349E-9,-39.99999911E-3,
,,,603.200021487E-9,39.99999911E-3,,,,,603.200021487E-9,-39.99999911E-3,
,,,603.600028626E-9,39.99999911E-3,,,,,603.600028626E-9,-39.99999911E-3,
,,,604.000035764E-9,39.99999911E-3,,,,,604.000035764E-9,-79.999998212E-3,
,,,604.399986059E-9,39.99999911E-3,,,,,604.399986059E-9,-39.99999911E-3,
,,,604.799993198E-9,79.999998212E-3,,,,,604.799993198E-9,-39.99999911E-3,
,,,605.200000336E-9,79.999998212E-3,,,,,605.200000336E-9,-39.99999911E-3,
,,,605.600007475E-9,79.999998212E-3,,,,,605.600007475E-9,0.0,
,,,606.000014614E-9,39.99999911E-3,,,,,606.000014614E-9,-39.99999911E-3,
,,,606.400021752E-9,0.0,,,,,606.400021752E-9,-39.99999911E-3,
,,,606.800028891E-9,0.0,,,,,606.800028891E-9,-39.99999911E-3,
,,,607.200036029E-9,0.0,,,,,607.200036029E-9,-39.99999911E-3,
,,,607.599986324E-9,0.0,,,,,607.599986324E-9,0.0,
,,,607.999993463E-9,0.0,,,,,607.999993463E-9,0.0,
,,,608.400000601E-9,0.0,,,,,608.400000601E-9,0.0,
,,,608.800007740E-9,0.0,,,,,608.800007740E-9,0.0,
,,,609.200014878E-9,0.0,,,,,609.200014878E-9,0.0,
,,,609.600022017E-9,0.0,,,,,609.600022017E-9,39.99999911E-3,
,,,610.000029155E-9,-39.99999911E-3,,,,,610.000029155E-9,39.99999911E-3,
,,,610.400036294E-9,-79.999998212E-3,,,,,610.400036294E-9,39.99999911E-3,
,,,610.799986589E-9,-119.9999973E-3,,,,,610.799986589E-9,39.99999911E-3,
,,,611.199993727E-9,-119.9999973E-3,,,,,611.199993727E-9,0.0,
,,,611.600000866E-9,-119.9999973E-3,,,,,611.600000866E-9,0.0,
,,,612.000008005E-9,-159.99999642E-3,,,,,612.000008005E-9,-39.99999911E-3,
,,,612.400015143E-9,-119.9999973E-3,,,,,612.400015143E-9,-79.999998212E-3,
,,,612.800022282E-9,-119.9999973E-3,,,,,612.800022282E-9,-79.999998212E-3,
,,,613.200029420E-9,-119.9999973E-3,,,,,613.200029420E-9,-79.999998212E-3,
,,,613.600036559E-9,-79.999998212E-3,,,,,613.600036559E-9,-39.99999911E-3,
,,,613.999986854E-9,-79.999998212E-3,,,,,613.999986854E-9,-79.999998212E-3,
,,,614.399993992E-9,-79.999998212E-3,,,,,614.399993992E-9,-79.999998212E-3,
,,,614.800001131E-9,-79.999998212E-3,,,,,614.800001131E-9,-119.9999973E-3,
,,,615.200008269E-9,-39.99999911E-3,,,,,615.200008269E-9,-119.9999973E-3,
,,,615.600015408E-9,0.0,,,,,615.600015408E-9,-119.9999973E-3,
,,,616.000022546E-9,0.0,,,,,616.000022546E-9,-119.9999973E-3,
,,,616.400029685E-9,39.99999911E-3,,,,,616.400029685E-9,-119.9999973E-3,
,,,616.800036823E-9,39.99999911E-3,,,,,616.800036823E-9,-119.9999973E-3,
,,,617.199987119E-9,39.99999911E-3,,,,,617.199987119E-9,-119.9999973E-3,
,,,617.599994257E-9,39.99999911E-3,,,,,617.599994257E-9,-119.9999973E-3,
,,,618.000001396E-9,39.99999911E-3,,,,,618.000001396E-9,-119.9999973E-3,
,,,618.400008534E-9,39.99999911E-3,,,,,618.400008534E-9,-119.9999973E-3,
,,,618.800015673E-9,39.99999911E-3,,,,,618.800015673E-9,-79.999998212E-3,
,,,619.200022811E-9,39.99999911E-3,,,,,619.200022811E-9,-79.999998212E-3,
,,,619.600029950E-9,39.99999911E-3,,,,,619.600029950E-9,-79.999998212E-3,
,,,620.000037088E-9,39.99999911E-3,,,,,620.000037088E-9,-119.9999973E-3,
,,,620.399987383E-9,39.99999911E-3,,,,,620.399987383E-9,-119.9999973E-3,
,,,620.799994522E-9,39.99999911E-3,,,,,620.799994522E-9,-119.9999973E-3,
,,,621.200001660E-9,39.99999911E-3,,,,,621.200001660E-9,-119.9999973E-3,
,,,621.600008799E-9,79.999998212E-3,,,,,621.600008799E-9,-79.999998212E-3,
,,,622.000015937E-9,39.99999911E-3,,,,,622.000015937E-9,-79.999998212E-3,
,,,622.400023076E-9,39.99999911E-3,,,,,622.400023076E-9,-79.999998212E-3,
,,,622.800030214E-9,0.0,,,,,622.800030214E-9,-79.999998212E-3,
,,,623.200037353E-9,0.0,,,,,623.200037353E-9,-79.999998212E-3,
,,,623.599987648E-9,0.0,,,,,623.599987648E-9,-39.99999911E-3,
,,,623.999994787E-9,0.0,,,,,623.999994787E-9,-39.99999911E-3,
,,,624.400001925E-9,0.0,,,,,624.400001925E-9,-39.99999911E-3,
,,,624.800009064E-9,0.0,,,,,624.800009064E-9,0.0,
,,,625.200016202E-9,0.0,,,,,625.200016202E-9,0.0,
,,,625.600023341E-9,0.0,,,,,625.600023341E-9,0.0,
,,,626.000030479E-9,0.0,,,,,626.000030479E-9,0.0,
,,,626.400037618E-9,0.0,,,,,626.400037618E-9,0.0,
,,,626.799987913E-9,0.0,,,,,626.799987913E-9,0.0,
,,,627.199995051E-9,0.0,,,,,627.199995051E-9,0.0,
,,,627.600002190E-9,39.99999911E-3,,,,,627.600002190E-9,39.99999911E-3,
,,,628.000009328E-9,0.0,,,,,628.000009328E-9,0.0,
,,,628.400016467E-9,0.0,,,,,628.400016467E-9,0.0,
,,,628.800023605E-9,0.0,,,,,628.800023605E-9,-39.99999911E-3,
,,,629.200030744E-9,0.0,,,,,629.200030744E-9,-39.99999911E-3,
,,,629.600037882E-9,0.0,,,,,629.600037882E-9,-39.99999911E-3,
,,,629.999988178E-9,0.0,,,,,629.999988178E-9,-39.99999911E-3,
,,,630.399995316E-9,0.0,,,,,630.399995316E-9,-39.99999911E-3,
,,,630.800002455E-9,0.0,,,,,630.800002455E-9,-39.99999911E-3,
,,,631.200009593E-9,0.0,,,,,631.200009593E-9,-39.99999911E-3,
,,,631.600016732E-9,0.0,,,,,631.600016732E-9,-39.99999911E-3,
,,,632.000023870E-9,-39.99999911E-3,,,,,632.000023870E-9,-39.99999911E-3,
,,,632.400031009E-9,-39.99999911E-3,,,,,632.400031009E-9,-39.99999911E-3,
,,,632.800038147E-9,-39.99999911E-3,,,,,632.800038147E-9,-79.999998212E-3,
,,,633.199988442E-9,-39.99999911E-3,,,,,633.199988442E-9,-79.999998212E-3,
,,,633.599995581E-9,0.0,,,,,633.599995581E-9,-79.999998212E-3,
,,,634.000002719E-9,-39.99999911E-3,,,,,634.000002719E-9,-119.9999973E-3,
,,,634.400009858E-9,-39.99999911E-3,,,,,634.400009858E-9,-79.999998212E-3,
,,,634.800016996E-9,-79.999998212E-3,,,,,634.800016996E-9,-79.999998212E-3,
,,,635.200024135E-9,-79.999998212E-3,,,,,635.200024135E-9,-79.999998212E-3,
,,,635.600031273E-9,-39.99999911E-3,,,,,635.600031273E-9,-39.99999911E-3,
,,,636.000038412E-9,-39.99999911E-3,,,,,636.000038412E-9,-79.999998212E-3,
,,,636.399988707E-9,0.0,,,,,636.399988707E-9,-79.999998212E-3,
,,,636.799995846E-9,39.99999911E-3,,,,,636.799995846E-9,-79.999998212E-3,
,,,637.200002984E-9,39.99999911E-3,,,,,637.200002984E-9,-79.999998212E-3,
,,,637.600010123E-9,39.99999911E-3,,,,,637.600010123E-9,-39.99999911E-3,
,,,638.000017261E-9,39.99999911E-3,,,,,638.000017261E-9,-39.99999911E-3,
,,,638.400024400E-9,39.99999911E-3,,,,,638.400024400E-9,-39.99999911E-3,
,,,638.800031538E-9,39.99999911E-3,,,,,638.800031538E-9,-39.99999911E-3,
,,,639.200038677E-9,39.99999911E-3,,,,,639.200038677E-9,-39.99999911E-3,
,,,639.599988972E-9,39.99999911E-3,,,,,639.599988972E-9,-39.99999911E-3,
,,,639.999996110E-9,39.99999911E-3,,,,,639.999996110E-9,-39.99999911E-3,
,,,640.400003249E-9,39.99999911E-3,,,,,640.400003249E-9,-39.99999911E-3,
,,,640.800010387E-9,39.99999911E-3,,,,,640.800010387E-9,0.0,
,,,641.200017526E-9,39.99999911E-3,,,,,641.200017526E-9,39.99999911E-3,
,,,641.600024665E-9,79.999998212E-3,,,,,641.600024665E-9,79.999998212E-3,
,,,642.000031803E-9,39.99999911E-3,,,,,642.000031803E-9,79.999998212E-3,
,,,642.400038942E-9,39.99999911E-3,,,,,642.400038942E-9,79.999998212E-3,
,,,642.799989237E-9,0.0,,,,,642.799989237E-9,39.99999911E-3,
,,,643.199996375E-9,0.0,,,,,643.199996375E-9,0.0,
,,,643.600003514E-9,0.0,,,,,643.600003514E-9,0.0,
,,,644.000010652E-9,-39.99999911E-3,,,,,644.000010652E-9,0.0,
,,,644.400017791E-9,-39.99999911E-3,,,,,644.400017791E-9,0.0,
,,,644.800024929E-9,-39.99999911E-3,,,,,644.800024929E-9,39.99999911E-3,
,,,645.200032068E-9,-39.99999911E-3,,,,,645.200032068E-9,39.99999911E-3,
,,,645.600039206E-9,-39.99999911E-3,,,,,645.600039206E-9,79.999998212E-3,
,,,645.999989501E-9,-39.99999911E-3,,,,,645.999989501E-9,39.99999911E-3,
,,,646.399996640E-9,-39.99999911E-3,,,,,646.399996640E-9,0.0,
,,,646.800003778E-9,-39.99999911E-3,,,,,646.800003778E-9,0.0,
,,,647.200010917E-9,-39.99999911E-3,,,,,647.200010917E-9,0.0,
,,,647.600018056E-9,-39.99999911E-3,,,,,647.600018056E-9,39.99999911E-3,
,,,648.000025194E-9,-39.99999911E-3,,,,,648.000025194E-9,0.0,
,,,648.400032333E-9,-39.99999911E-3,,,,,648.400032333E-9,0.0,
,,,648.800039471E-9,-79.999998212E-3,,,,,648.800039471E-9,0.0,
,,,649.199989766E-9,-79.999998212E-3,,,,,649.199989766E-9,0.0,
,,,649.599996905E-9,-79.999998212E-3,,,,,649.599996905E-9,39.99999911E-3,
,,,650.000004043E-9,-119.9999973E-3,,,,,650.000004043E-9,0.0,
,,,650.400011182E-9,-79.999998212E-3,,,,,650.400011182E-9,0.0,
,,,650.800018320E-9,-79.999998212E-3,,,,,650.800018320E-9,0.0,
,,,651.200025459E-9,-79.999998212E-3,,,,,651.200025459E-9,0.0,
,,,651.600032597E-9,-39.99999911E-3,,,,,651.600032597E-9,39.99999911E-3,
,,,652.000039736E-9,-79.999998212E-3,,,,,652.000039736E-9,0.0,
,,,652.399990031E-9,-79.999998212E-3,,,,,652.399990031E-9,0.0,
,,,652.799997169E-9,-119.9999973E-3,,,,,652.799997169E-9,0.0,
,,,653.200004308E-9,-119.9999973E-3,,,,,653.200004308E-9,-39.99999911E-3,
,,,653.600011447E-9,-79.999998212E-3,,,,,653.600011447E-9,0.0,
,,,654.000018585E-9,-79.999998212E-3,,,,,654.000018585E-9,0.0,
,,,654.400025724E-9,-39.99999911E-3,,,,,654.400025724E-9,0.0,
,,,654.800032862E-9,0.0,,,,,654.800032862E-9,39.99999911E-3,
,,,655.200040001E-9,0.0,,,,,655.200040001E-9,39.99999911E-3,
,,,655.599990296E-9,0.0,,,,,655.599990296E-9,39.99999911E-3,
,,,655.999997434E-9,-39.99999911E-3,,,,,655.999997434E-9,0.0,
,,,656.400004573E-9,-39.99999911E-3,,,,,656.400004573E-9,0.0,
,,,656.800011711E-9,-39.99999911E-3,,,,,656.800011711E-9,0.0,
,,,657.200018850E-9,-39.99999911E-3,,,,,657.200018850E-9,-39.99999911E-3,
,,,657.600025988E-9,-39.99999911E-3,,,,,657.600025988E-9,0.0,
,,,658.000033127E-9,-39.99999911E-3,,,,,658.000033127E-9,0.0,
,,,658.400040265E-9,-39.99999911E-3,,,,,658.400040265E-9,0.0,
,,,658.799990561E-9,-39.99999911E-3,,,,,658.799990561E-9,39.99999911E-3,
,,,659.199997699E-9,-39.99999911E-3,,,,,659.199997699E-9,39.99999911E-3,
,,,659.600004838E-9,-39.99999911E-3,,,,,659.600004838E-9,39.99999911E-3,
,,,660.000011976E-9,-39.99999911E-3,,,,,660.000011976E-9,39.99999911E-3,
,,,660.400019115E-9,-39.99999911E-3,,,,,660.400019115E-9,39.99999911E-3,
,,,660.800026253E-9,0.0,,,,,660.800026253E-9,79.999998212E-3,
,,,661.200033392E-9,0.0,,,,,661.200033392E-9,79.999998212E-3,
,,,661.599983687E-9,0.0,,,,,661.599983687E-9,79.999998212E-3,
,,,661.999990825E-9,0.0,,,,,661.999990825E-9,79.999998212E-3,
,,,662.399997964E-9,0.0,,,,,662.399997964E-9,79.999998212E-3,
,,,662.800005102E-9,-39.99999911E-3,,,,,662.800005102E-9,119.9999973E-3,
,,,663.200012241E-9,-39.99999911E-3,,,,,663.200012241E-9,119.9999973E-3,
,,,663.600019379E-9,-39.99999911E-3,,,,,663.600019379E-9,119.9999973E-3,
,,,664.000026518E-9,-79.999998212E-3,,,,,664.000026518E-9,79.999998212E-3,
,,,664.400033656E-9,-39.99999911E-3,,,,,664.400033656E-9,39.99999911E-3,
,,,664.799983952E-9,-39.99999911E-3,,,,,664.799983952E-9,39.99999911E-3,
,,,665.199991090E-9,-39.99999911E-3,,,,,665.199991090E-9,39.99999911E-3,
,,,665.599998229E-9,0.0,,,,,665.599998229E-9,39.99999911E-3,
,,,666.000005367E-9,-39.99999911E-3,,,,,666.000005367E-9,39.99999911E-3,
,,,666.400012506E-9,-39.99999911E-3,,,,,666.400012506E-9,39.99999911E-3,
,,,666.800019644E-9,-39.99999911E-3,,,,,666.800019644E-9,39.99999911E-3,
,,,667.200026783E-9,-39.99999911E-3,,,,,667.200026783E-9,39.99999911E-3,
,,,667.600033921E-9,0.0,,,,,667.600033921E-9,39.99999911E-3,
,,,667.999984216E-9,-39.99999911E-3,,,,,667.999984216E-9,39.99999911E-3,
,,,668.399991355E-9,-39.99999911E-3,,,,,668.399991355E-9,39.99999911E-3,
,,,668.799998493E-9,-39.99999911E-3,,,,,668.799998493E-9,0.0,
,,,669.200005632E-9,-79.999998212E-3,,,,,669.200005632E-9,0.0,
,,,669.600012770E-9,-39.99999911E-3,,,,,669.600012770E-9,0.0,
,,,670.000019909E-9,-39.99999911E-3,,,,,670.000019909E-9,-39.99999911E-3,
,,,670.400027047E-9,-39.99999911E-3,,,,,670.400027047E-9,-39.99999911E-3,
,,,670.800034186E-9,-39.99999911E-3,,,,,670.800034186E-9,-39.99999911E-3,
,,,671.199984481E-9,-39.99999911E-3,,,,,671.199984481E-9,-39.99999911E-3,
,,,671.599991620E-9,-39.99999911E-3,,,,,671.599991620E-9,0.0,
,,,671.999998758E-9,-39.99999911E-3,,,,,671.999998758E-9,-39.99999911E-3,
,,,672.400005897E-9,-39.99999911E-3,,,,,672.400005897E-9,-39.99999911E-3,
,,,672.800013035E-9,-39.99999911E-3,,,,,672.800013035E-9,-79.999998212E-3,
,,,673.200020174E-9,-39.99999911E-3,,,,,673.200020174E-9,-79.999998212E-3,
,,,673.600027312E-9,-39.99999911E-3,,,,,673.600027312E-9,-39.99999911E-3,
,,,674.000034451E-9,-79.999998212E-3,,,,,674.000034451E-9,-39.99999911E-3,
,,,674.399984746E-9,-39.99999911E-3,,,,,674.399984746E-9,0.0,
,,,674.799991884E-9,-39.99999911E-3,,,,,674.799991884E-9,39.99999911E-3,
,,,675.199999023E-9,-39.99999911E-3,,,,,675.199999023E-9,0.0,
,,,675.600006161E-9,0.0,,,,,675.600006161E-9,0.0,
,,,676.000013300E-9,-39.99999911E-3,,,,,676.000013300E-9,0.0,
,,,676.400020438E-9,-39.99999911E-3,,,,,676.400020438E-9,0.0,
,,,676.800027577E-9,-79.999998212E-3,,,,,676.800027577E-9,0.0,
,,,677.200034715E-9,-79.999998212E-3,,,,,677.200034715E-9,0.0,
,,,677.599985011E-9,-79.999998212E-3,,,,,677.599985011E-9,0.0,
,,,677.999992149E-9,-79.999998212E-3,,,,,677.999992149E-9,0.0,
,,,678.399999288E-9,-79.999998212E-3,,,,,678.399999288E-9,0.0,
,,,678.800006426E-9,-39.99999911E-3,,,,,678.800006426E-9,0.0,
,,,679.200013565E-9,-39.99999911E-3,,,,,679.200013565E-9,0.0,
,,,679.600020703E-9,-39.99999911E-3,,,,,679.600020703E-9,0.0,
,,,680.000027842E-9,-39.99999911E-3,,,,,680.000027842E-9,0.0,
,,,680.400034980E-9,-39.99999911E-3,,,,,680.400034980E-9,0.0,
,,,680.799985275E-9,-39.99999911E-3,,,,,680.799985275E-9,39.99999911E-3,
,,,681.199992414E-9,-39.99999911E-3,,,,,681.199992414E-9,39.99999911E-3,
,,,681.599999552E-9,-39.99999911E-3,,,,,681.599999552E-9,39.99999911E-3,
,,,682.000006691E-9,-39.99999911E-3,,,,,682.000006691E-9,0.0,
,,,682.400013829E-9,-39.99999911E-3,,,,,682.400013829E-9,0.0,
,,,682.800020968E-9,0.0,,,,,682.800020968E-9,-39.99999911E-3,
,,,683.200028107E-9,0.0,,,,,683.200028107E-9,-39.99999911E-3,
,,,683.600035245E-9,0.0,,,,,683.600035245E-9,-39.99999911E-3,
,,,683.999985540E-9,0.0,,,,,683.999985540E-9,-39.99999911E-3,
,,,684.399992679E-9,0.0,,,,,684.399992679E-9,-39.99999911E-3,
,,,684.799999817E-9,39.99999911E-3,,,,,684.799999817E-9,-39.99999911E-3,
,,,685.200006956E-9,39.99999911E-3,,,,,685.200006956E-9,-39.99999911E-3,
,,,685.600014094E-9,39.99999911E-3,,,,,685.600014094E-9,-39.99999911E-3,
,,,686.000021233E-9,0.0,,,,,686.000021233E-9,-79.999998212E-3,
,,,686.400028371E-9,0.0,,,,,686.400028371E-9,-79.999998212E-3,
,,,686.800035510E-9,0.0,,,,,686.800035510E-9,-79.999998212E-3,
,,,687.199985805E-9,0.0,,,,,687.199985805E-9,-79.999998212E-3,
,,,687.599992943E-9,0.0,,,,,687.599992943E-9,-39.99999911E-3,
,,,688.000000082E-9,0.0,,,,,688.000000082E-9,-79.999998212E-3,
,,,688.400007220E-9,0.0,,,,,688.400007220E-9,-79.999998212E-3,
,,,688.800014359E-9,0.0,,,,,688.800014359E-9,-79.999998212E-3,
,,,689.200021498E-9,0.0,,,,,689.200021498E-9,-79.999998212E-3,
,,,689.600028636E-9,0.0,,,,,689.600028636E-9,-39.99999911E-3,
,,,690.000035775E-9,0.0,,,,,690.000035775E-9,-39.99999911E-3,
,,,690.399986070E-9,0.0,,,,,690.399986070E-9,-39.99999911E-3,
,,,690.799993208E-9,39.99999911E-3,,,,,690.799993208E-9,-39.99999911E-3,
,,,691.200000347E-9,39.99999911E-3,,,,,691.200000347E-9,-39.99999911E-3,
,,,691.600007485E-9,79.999998212E-3,,,,,691.600007485E-9,-39.99999911E-3,
,,,692.000014624E-9,39.99999911E-3,,,,,692.000014624E-9,-39.99999911E-3,
,,,692.400021762E-9,39.99999911E-3,,,,,692.400021762E-9,-39.99999911E-3,
,,,692.800028901E-9,39.99999911E-3,,,,,692.800028901E-9,-79.999998212E-3,
,,,693.200036039E-9,39.99999911E-3,,,,,693.200036039E-9,-79.999998212E-3,
,,,693.599986334E-9,39.99999911E-3,,,,,693.599986334E-9,-79.999998212E-3,
,,,693.999993473E-9,0.0,,,,,693.999993473E-9,-79.999998212E-3,
,,,694.400000611E-9,0.0,,,,,694.400000611E-9,-79.999998212E-3,
,,,694.800007750E-9,0.0,,,,,694.800007750E-9,-79.999998212E-3,
,,,695.200014889E-9,0.0,,,,,695.200014889E-9,-79.999998212E-3,
,,,695.600022027E-9,0.0,,,,,695.600022027E-9,-79.999998212E-3,
,,,696.000029166E-9,0.0,,,,,696.000029166E-9,-79.999998212E-3,
,,,696.400036304E-9,0.0,,,,,696.400036304E-9,-79.999998212E-3,
,,,696.799986599E-9,0.0,,,,,696.799986599E-9,-39.99999911E-3,
,,,697.199993738E-9,0.0,,,,,697.199993738E-9,0.0,
,,,697.600000876E-9,39.99999911E-3,,,,,697.600000876E-9,39.99999911E-3,
,,,698.000008015E-9,0.0,,,,,698.000008015E-9,0.0,
,,,698.400015153E-9,0.0,,,,,698.400015153E-9,0.0,
,,,698.800022292E-9,0.0,,,,,698.800022292E-9,-39.99999911E-3,
,,,699.200029430E-9,-39.99999911E-3,,,,,699.200029430E-9,-39.99999911E-3,
,,,699.600036569E-9,0.0,,,,,699.600036569E-9,-39.99999911E-3,
,,,699.999986864E-9,0.0,,,,,699.999986864E-9,-39.99999911E-3,
,,,700.399994003E-9,0.0,,,,,700.399994003E-9,-39.99999911E-3,
,,,700.800001141E-9,39.99999911E-3,,,,,700.800001141E-9,-39.99999911E-3,
,,,701.200008280E-9,39.99999911E-3,,,,,701.200008280E-9,-39.99999911E-3,
,,,701.600015418E-9,39.99999911E-3,,,,,701.600015418E-9,-39.99999911E-3,
,,,702.000022557E-9,0.0,,,,,702.000022557E-9,-79.999998212E-3,
,,,702.400029695E-9,0.0,,,,,702.400029695E-9,-119.9999973E-3,
,,,702.800036834E-9,-39.99999911E-3,,,,,702.800036834E-9,-159.99999642E-3,
,,,703.199987129E-9,-39.99999911E-3,,,,,703.199987129E-9,-159.99999642E-3,
,,,703.599994267E-9,-39.99999911E-3,,,,,703.599994267E-9,-159.99999642E-3,
,,,704.000001406E-9,-39.99999911E-3,,,,,704.000001406E-9,-159.99999642E-3,
,,,704.400008544E-9,-39.99999911E-3,,,,,704.400008544E-9,-159.99999642E-3,
,,,704.800015683E-9,0.0,,,,,704.800015683E-9,-159.99999642E-3,
,,,705.200022821E-9,0.0,,,,,705.200022821E-9,-159.99999642E-3,
,,,705.600029960E-9,39.99999911E-3,,,,,705.600029960E-9,-159.99999642E-3,
,,,706.000037098E-9,0.0,,,,,706.000037098E-9,-199.99998808E-3,
,,,706.399987394E-9,0.0,,,,,706.399987394E-9,-159.99999642E-3,
,,,706.799994532E-9,0.0,,,,,706.799994532E-9,-159.99999642E-3,
,,,707.200001671E-9,-39.99999911E-3,,,,,707.200001671E-9,-159.99999642E-3,
,,,707.600008809E-9,0.0,,,,,707.600008809E-9,-119.9999973E-3,
,,,708.000015948E-9,0.0,,,,,708.000015948E-9,-119.9999973E-3,
,,,708.400023086E-9,0.0,,,,,708.400023086E-9,-79.999998212E-3,
,,,708.800030225E-9,0.0,,,,,708.800030225E-9,-39.99999911E-3,
,,,709.200037363E-9,0.0,,,,,709.200037363E-9,-39.99999911E-3,
,,,709.599987658E-9,0.0,,,,,709.599987658E-9,-39.99999911E-3,
,,,709.999994797E-9,0.0,,,,,709.999994797E-9,-39.99999911E-3,
,,,710.400001935E-9,0.0,,,,,710.400001935E-9,-39.99999911E-3,
,,,710.800009074E-9,39.99999911E-3,,,,,710.800009074E-9,-39.99999911E-3,
,,,711.200016212E-9,39.99999911E-3,,,,,711.200016212E-9,-39.99999911E-3,
,,,711.600023351E-9,39.99999911E-3,,,,,711.600023351E-9,0.0,
,,,712.000030489E-9,39.99999911E-3,,,,,712.000030489E-9,0.0,
,,,712.400037628E-9,39.99999911E-3,,,,,712.400037628E-9,39.99999911E-3,
,,,712.799987923E-9,0.0,,,,,712.799987923E-9,39.99999911E-3,
,,,713.199995062E-9,0.0,,,,,713.199995062E-9,0.0,
,,,713.600002200E-9,0.0,,,,,713.600002200E-9,0.0,
,,,714.000009339E-9,0.0,,,,,714.000009339E-9,-39.99999911E-3,
,,,714.400016477E-9,0.0,,,,,714.400016477E-9,-79.999998212E-3,
,,,714.800023616E-9,-39.99999911E-3,,,,,714.800023616E-9,-119.9999973E-3,
,,,715.200030754E-9,-39.99999911E-3,,,,,715.200030754E-9,-119.9999973E-3,
,,,715.600037893E-9,-39.99999911E-3,,,,,715.600037893E-9,-79.999998212E-3,
,,,715.999988188E-9,-39.99999911E-3,,,,,715.999988188E-9,-79.999998212E-3,
,,,716.399995326E-9,-39.99999911E-3,,,,,716.399995326E-9,-79.999998212E-3,
,,,716.800002465E-9,-39.99999911E-3,,,,,716.800002465E-9,-39.99999911E-3,
,,,717.200009603E-9,-39.99999911E-3,,,,,717.200009603E-9,-39.99999911E-3,
,,,717.600016742E-9,-39.99999911E-3,,,,,717.600016742E-9,-39.99999911E-3,
,,,718.000023880E-9,-39.99999911E-3,,,,,718.000023880E-9,-79.999998212E-3,
,,,718.400031019E-9,-39.99999911E-3,,,,,718.400031019E-9,-79.999998212E-3,
,,,718.800038157E-9,-39.99999911E-3,,,,,718.800038157E-9,-79.999998212E-3,
,,,719.199988453E-9,-39.99999911E-3,,,,,719.199988453E-9,-119.9999973E-3,
,,,719.599995591E-9,-39.99999911E-3,,,,,719.599995591E-9,-79.999998212E-3,
,,,720.000002730E-9,-79.999998212E-3,,,,,720.000002730E-9,-79.999998212E-3,
,,,720.400009868E-9,-39.99999911E-3,,,,,720.400009868E-9,-79.999998212E-3,
,,,720.800017007E-9,-39.99999911E-3,,,,,720.800017007E-9,-79.999998212E-3,
,,,721.200024145E-9,-39.99999911E-3,,,,,721.200024145E-9,-79.999998212E-3,
,,,721.600031284E-9,0.0,,,,,721.600031284E-9,-79.999998212E-3,
,,,722.000038422E-9,-39.99999911E-3,,,,,722.000038422E-9,-79.999998212E-3,
,,,722.399988717E-9,-39.99999911E-3,,,,,722.399988717E-9,-79.999998212E-3,
,,,722.799995856E-9,-39.99999911E-3,,,,,722.799995856E-9,-79.999998212E-3,
,,,723.200002994E-9,-39.99999911E-3,,,,,723.200002994E-9,-79.999998212E-3,
,,,723.600010133E-9,-39.99999911E-3,,,,,723.600010133E-9,-79.999998212E-3,
,,,724.000017271E-9,-39.99999911E-3,,,,,724.000017271E-9,-79.999998212E-3,
,,,724.400024410E-9,-39.99999911E-3,,,,,724.400024410E-9,-79.999998212E-3,
,,,724.800031549E-9,-39.99999911E-3,,,,,724.800031549E-9,-39.99999911E-3,
,,,725.200038687E-9,-39.99999911E-3,,,,,725.200038687E-9,-39.99999911E-3,
,,,725.599988982E-9,0.0,,,,,725.599988982E-9,-39.99999911E-3,
,,,725.999996121E-9,-39.99999911E-3,,,,,725.999996121E-9,-79.999998212E-3,
,,,726.400003259E-9,-39.99999911E-3,,,,,726.400003259E-9,-79.999998212E-3,
,,,726.800010398E-9,-39.99999911E-3,,,,,726.800010398E-9,-119.9999973E-3,
,,,727.200017536E-9,-39.99999911E-3,,,,,727.200017536E-9,-119.9999973E-3,
,,,727.600024675E-9,-39.99999911E-3,,,,,727.600024675E-9,-79.999998212E-3,
,,,728.000031813E-9,-39.99999911E-3,,,,,728.000031813E-9,-79.999998212E-3,
,,,728.400038952E-9,-39.99999911E-3,,,,,728.400038952E-9,-39.99999911E-3,
,,,728.799989247E-9,-39.99999911E-3,,,,,728.799989247E-9,0.0,
,,,729.199996385E-9,-39.99999911E-3,,,,,729.199996385E-9,0.0,
,,,729.600003524E-9,0.0,,,,,729.600003524E-9,39.99999911E-3,
,,,730.000010662E-9,0.0,,,,,730.000010662E-9,39.99999911E-3,
,,,730.400017801E-9,0.0,,,,,730.400017801E-9,39.99999911E-3,
,,,730.800024940E-9,-39.99999911E-3,,,,,730.800024940E-9,39.99999911E-3,
,,,731.200032078E-9,-39.99999911E-3,,,,,731.200032078E-9,39.99999911E-3,
,,,731.600039217E-9,-39.99999911E-3,,,,,731.600039217E-9,79.999998212E-3,
,,,731.999989512E-9,-39.99999911E-3,,,,,731.999989512E-9,39.99999911E-3,
,,,732.399996650E-9,-39.99999911E-3,,,,,732.399996650E-9,39.99999911E-3,
,,,732.800003789E-9,-39.99999911E-3,,,,,732.800003789E-9,39.99999911E-3,
,,,733.200010927E-9,-39.99999911E-3,,,,,733.200010927E-9,39.99999911E-3,
,,,733.600018066E-9,-39.99999911E-3,,,,,733.600018066E-9,39.99999911E-3,
,,,734.000025204E-9,-39.99999911E-3,,,,,734.000025204E-9,0.0,
,,,734.400032343E-9,-39.99999911E-3,,,,,734.400032343E-9,0.0,
,,,734.800039481E-9,-79.999998212E-3,,,,,734.800039481E-9,-39.99999911E-3,
,,,735.199989776E-9,-79.999998212E-3,,,,,735.199989776E-9,-79.999998212E-3,
,,,735.599996915E-9,-79.999998212E-3,,,,,735.599996915E-9,-79.999998212E-3,
,,,736.000004053E-9,-79.999998212E-3,,,,,736.000004053E-9,-79.999998212E-3,
,,,736.400011192E-9,-79.999998212E-3,,,,,736.400011192E-9,-79.999998212E-3,
,,,736.800018331E-9,-119.9999973E-3,,,,,736.800018331E-9,-39.99999911E-3,
,,,737.200025469E-9,-119.9999973E-3,,,,,737.200025469E-9,-79.999998212E-3,
,,,737.600032608E-9,-119.9999973E-3,,,,,737.600032608E-9,-79.999998212E-3,
,,,738.000039746E-9,-119.9999973E-3,,,,,738.000039746E-9,-119.9999973E-3,
,,,738.399990041E-9,-119.9999973E-3,,,,,738.399990041E-9,-119.9999973E-3,
,,,738.799997180E-9,-79.999998212E-3,,,,,738.799997180E-9,-119.9999973E-3,
,,,739.200004318E-9,-79.999998212E-3,,,,,739.200004318E-9,-79.999998212E-3,
,,,739.600011457E-9,-79.999998212E-3,,,,,739.600011457E-9,-39.99999911E-3,
,,,740.000018595E-9,-79.999998212E-3,,,,,740.000018595E-9,-39.99999911E-3,
,,,740.400025734E-9,-79.999998212E-3,,,,,740.400025734E-9,-39.99999911E-3,
,,,740.800032872E-9,-39.99999911E-3,,,,,740.800032872E-9,-39.99999911E-3,
,,,741.200040011E-9,-39.99999911E-3,,,,,741.200040011E-9,-79.999998212E-3,
,,,741.599990306E-9,-39.99999911E-3,,,,,741.599990306E-9,-39.99999911E-3,
,,,741.999997445E-9,-39.99999911E-3,,,,,741.999997445E-9,-39.99999911E-3,
,,,742.400004583E-9,-39.99999911E-3,,,,,742.400004583E-9,0.0,
,,,742.800011722E-9,0.0,,,,,742.800011722E-9,39.99999911E-3,
,,,743.200018860E-9,0.0,,,,,743.200018860E-9,39.99999911E-3,
,,,743.600025999E-9,0.0,,,,,743.600025999E-9,79.999998212E-3,
,,,744.000033137E-9,-39.99999911E-3,,,,,744.000033137E-9,39.99999911E-3,
,,,744.400040276E-9,-39.99999911E-3,,,,,744.400040276E-9,39.99999911E-3,
,,,744.799990571E-9,-39.99999911E-3,,,,,744.799990571E-9,39.99999911E-3,
,,,745.199997709E-9,-39.99999911E-3,,,,,745.199997709E-9,39.99999911E-3,
,,,745.600004848E-9,-39.99999911E-3,,,,,745.600004848E-9,39.99999911E-3,
,,,746.000011986E-9,-39.99999911E-3,,,,,746.000011986E-9,39.99999911E-3,
,,,746.400019125E-9,-39.99999911E-3,,,,,746.400019125E-9,39.99999911E-3,
,,,746.800026263E-9,-39.99999911E-3,,,,,746.800026263E-9,0.0,
,,,747.200033402E-9,-39.99999911E-3,,,,,747.200033402E-9,-39.99999911E-3,
,,,747.600040540E-9,-39.99999911E-3,,,,,747.600040540E-9,-39.99999911E-3,
,,,747.999990836E-9,-79.999998212E-3,,,,,747.999990836E-9,-39.99999911E-3,
,,,748.399997974E-9,-79.999998212E-3,,,,,748.399997974E-9,-39.99999911E-3,
,,,748.800005113E-9,-79.999998212E-3,,,,,748.800005113E-9,-39.99999911E-3,
,,,749.200012251E-9,-79.999998212E-3,,,,,749.200012251E-9,-39.99999911E-3,
,,,749.600019390E-9,-79.999998212E-3,,,,,749.600019390E-9,-39.99999911E-3,
,,,750.000026528E-9,-79.999998212E-3,,,,,750.000026528E-9,-39.99999911E-3,
,,,750.400033667E-9,-79.999998212E-3,,,,,750.400033667E-9,-39.99999911E-3,
,,,750.800040805E-9,-79.999998212E-3,,,,,750.800040805E-9,-39.99999911E-3,
,,,751.199991100E-9,-119.9999973E-3,,,,,751.199991100E-9,-39.99999911E-3,
,,,751.599998239E-9,-79.999998212E-3,,,,,751.599998239E-9,-39.99999911E-3,
,,,752.000005377E-9,-79.999998212E-3,,,,,752.000005377E-9,-79.999998212E-3,
,,,752.400012516E-9,-39.99999911E-3,,,,,752.400012516E-9,-79.999998212E-3,
,,,752.800019654E-9,0.0,,,,,752.800019654E-9,-39.99999911E-3,
,,,753.200026793E-9,0.0,,,,,753.200026793E-9,0.0,
,,,753.600033931E-9,0.0,,,,,753.600033931E-9,39.99999911E-3,
,,,754.000041070E-9,-39.99999911E-3,,,,,754.000041070E-9,39.99999911E-3,
,,,754.399991365E-9,-39.99999911E-3,,,,,754.399991365E-9,39.99999911E-3,
,,,754.799998504E-9,-39.99999911E-3,,,,,754.799998504E-9,0.0,
,,,755.200005642E-9,-39.99999911E-3,,,,,755.200005642E-9,0.0,
,,,755.600012781E-9,-39.99999911E-3,,,,,755.600012781E-9,0.0,
,,,756.000019919E-9,-39.99999911E-3,,,,,756.000019919E-9,0.0,
,,,756.400027058E-9,-39.99999911E-3,,,,,756.400027058E-9,0.0,
,,,756.800034196E-9,-79.999998212E-3,,,,,756.800034196E-9,0.0,
,,,757.200041335E-9,-79.999998212E-3,,,,,757.200041335E-9,0.0,
,,,757.599991630E-9,-79.999998212E-3,,,,,757.599991630E-9,0.0,
,,,757.999998768E-9,-119.9999973E-3,,,,,757.999998768E-9,0.0,
,,,758.400005907E-9,-119.9999973E-3,,,,,758.400005907E-9,0.0,
,,,758.800013045E-9,-79.999998212E-3,,,,,758.800013045E-9,-39.99999911E-3,
,,,759.200020184E-9,-39.99999911E-3,,,,,759.200020184E-9,-79.999998212E-3,
,,,759.600027322E-9,0.0,,,,,759.600027322E-9,-79.999998212E-3,
,,,760.000034461E-9,-39.99999911E-3,,,,,760.000034461E-9,-79.999998212E-3,
,,,760.400041599E-9,-39.99999911E-3,,,,,760.400041599E-9,-79.999998212E-3,
,,,760.799991895E-9,-39.99999911E-3,,,,,760.799991895E-9,-39.99999911E-3,
,,,761.199999033E-9,-39.99999911E-3,,,,,761.199999033E-9,-39.99999911E-3,
,,,761.600006172E-9,0.0,,,,,761.600006172E-9,-39.99999911E-3,
,,,762.000013310E-9,0.0,,,,,762.000013310E-9,-39.99999911E-3,
,,,762.400020449E-9,0.0,,,,,762.400020449E-9,-39.99999911E-3,
,,,762.800027587E-9,-39.99999911E-3,,,,,762.800027587E-9,-39.99999911E-3,
,,,763.200034726E-9,-39.99999911E-3,,,,,763.200034726E-9,-39.99999911E-3,
,,,763.599985021E-9,-39.99999911E-3,,,,,763.599985021E-9,0.0,
,,,763.999992159E-9,-39.99999911E-3,,,,,763.999992159E-9,0.0,
,,,764.399999298E-9,-39.99999911E-3,,,,,764.399999298E-9,0.0,
,,,764.800006436E-9,0.0,,,,,764.800006436E-9,39.99999911E-3,
,,,765.200013575E-9,0.0,,,,,765.200013575E-9,39.99999911E-3,
,,,765.600020713E-9,0.0,,,,,765.600020713E-9,39.99999911E-3,
,,,766.000027852E-9,-39.99999911E-3,,,,,766.000027852E-9,39.99999911E-3,
,,,766.400034991E-9,-39.99999911E-3,,,,,766.400034991E-9,39.99999911E-3,
,,,766.799985286E-9,-39.99999911E-3,,,,,766.799985286E-9,0.0,
,,,767.199992424E-9,-39.99999911E-3,,,,,767.199992424E-9,-39.99999911E-3,
,,,767.599999563E-9,0.0,,,,,767.599999563E-9,-39.99999911E-3,
,,,768.000006701E-9,0.0,,,,,768.000006701E-9,-79.999998212E-3,
,,,768.400013840E-9,0.0,,,,,768.400013840E-9,-79.999998212E-3,
,,,768.800020978E-9,0.0,,,,,768.800020978E-9,-79.999998212E-3,
,,,769.200028117E-9,0.0,,,,,769.200028117E-9,-79.999998212E-3,
,,,769.600035255E-9,0.0,,,,,769.600035255E-9,-79.999998212E-3,
,,,769.999985550E-9,0.0,,,,,769.999985550E-9,-79.999998212E-3,
,,,770.399992689E-9,0.0,,,,,770.399992689E-9,-79.999998212E-3,
,,,770.799999827E-9,-39.99999911E-3,,,,,770.799999827E-9,-79.999998212E-3,
,,,771.200006966E-9,-39.99999911E-3,,,,,771.200006966E-9,-79.999998212E-3,
,,,771.600014104E-9,-39.99999911E-3,,,,,771.600014104E-9,-79.999998212E-3,
,,,772.000021243E-9,-39.99999911E-3,,,,,772.000021243E-9,-79.999998212E-3,
,,,772.400028382E-9,-39.99999911E-3,,,,,772.400028382E-9,-79.999998212E-3,
,,,772.800035520E-9,0.0,,,,,772.800035520E-9,-79.999998212E-3,
,,,773.199985815E-9,0.0,,,,,773.199985815E-9,-79.999998212E-3,
,,,773.599992954E-9,0.0,,,,,773.599992954E-9,-39.99999911E-3,
,,,774.000000092E-9,0.0,,,,,774.000000092E-9,-39.99999911E-3,
,,,774.400007231E-9,0.0,,,,,774.400007231E-9,-39.99999911E-3,
,,,774.800014369E-9,39.99999911E-3,,,,,774.800014369E-9,-39.99999911E-3,
,,,775.200021508E-9,39.99999911E-3,,,,,775.200021508E-9,-39.99999911E-3,
,,,775.600028646E-9,39.99999911E-3,,,,,775.600028646E-9,-39.99999911E-3,
,,,776.000035785E-9,0.0,,,,,776.000035785E-9,-39.99999911E-3,
,,,776.399986080E-9,0.0,,,,,776.399986080E-9,-39.99999911E-3,
,,,776.799993218E-9,0.0,,,,,776.799993218E-9,-39.99999911E-3,
,,,777.200000357E-9,0.0,,,,,777.200000357E-9,-39.99999911E-3,
,,,777.600007495E-9,0.0,,,,,777.600007495E-9,-39.99999911E-3,
,,,778.000014634E-9,0.0,,,,,778.000014634E-9,-39.99999911E-3,
,,,778.400021773E-9,0.0,,,,,778.400021773E-9,-39.99999911E-3,
,,,778.800028911E-9,-39.99999911E-3,,,,,778.800028911E-9,-79.999998212E-3,
,,,779.200036050E-9,-39.99999911E-3,,,,,779.200036050E-9,-79.999998212E-3,
,,,779.599986345E-9,-39.99999911E-3,,,,,779.599986345E-9,-79.999998212E-3,
,,,779.999993483E-9,-39.99999911E-3,,,,,779.999993483E-9,-119.9999973E-3,
,,,780.400000622E-9,-39.99999911E-3,,,,,780.400000622E-9,-119.9999973E-3,
,,,780.800007760E-9,-39.99999911E-3,,,,,780.800007760E-9,-119.9999973E-3,
,,,781.200014899E-9,-39.99999911E-3,,,,,781.200014899E-9,-119.9999973E-3,
,,,781.600022037E-9,-39.99999911E-3,,,,,781.600022037E-9,-119.9999973E-3,
,,,782.000029176E-9,-79.999998212E-3,,,,,782.000029176E-9,-119.9999973E-3,
,,,782.400036314E-9,-39.99999911E-3,,,,,782.400036314E-9,-119.9999973E-3,
,,,782.799986609E-9,-39.99999911E-3,,,,,782.799986609E-9,-119.9999973E-3,
,,,783.199993748E-9,-39.99999911E-3,,,,,783.199993748E-9,-119.9999973E-3,
,,,783.600000887E-9,0.0,,,,,783.600000887E-9,-119.9999973E-3,
,,,784.000008025E-9,0.0,,,,,784.000008025E-9,-119.9999973E-3,
,,,784.400015164E-9,0.0,,,,,784.400015164E-9,-119.9999973E-3,
,,,784.800022302E-9,0.0,,,,,784.800022302E-9,-119.9999973E-3,
,,,785.200029441E-9,0.0,,,,,785.200029441E-9,-119.9999973E-3,
,,,785.600036579E-9,39.99999911E-3,,,,,785.600036579E-9,-119.9999973E-3,
,,,785.999986874E-9,39.99999911E-3,,,,,785.999986874E-9,-119.9999973E-3,
,,,786.399994013E-9,39.99999911E-3,,,,,786.399994013E-9,-119.9999973E-3,
,,,786.800001151E-9,0.0,,,,,786.800001151E-9,-79.999998212E-3,
,,,787.200008290E-9,0.0,,,,,787.200008290E-9,-79.999998212E-3,
,,,787.600015428E-9,0.0,,,,,787.600015428E-9,-79.999998212E-3,
,,,788.000022567E-9,-39.99999911E-3,,,,,788.000022567E-9,-79.999998212E-3,
,,,788.400029705E-9,-39.99999911E-3,,,,,788.400029705E-9,-79.999998212E-3,
,,,788.800036844E-9,-39.99999911E-3,,,,,788.800036844E-9,-79.999998212E-3,
,,,789.199987139E-9,-79.999998212E-3,,,,,789.199987139E-9,-79.999998212E-3,
,,,789.599994278E-9,-39.99999911E-3,,,,,789.599994278E-9,-79.999998212E-3,
,,,790.000001416E-9,-39.99999911E-3,,,,,790.000001416E-9,-79.999998212E-3,
,,,790.400008555E-9,-39.99999911E-3,,,,,790.400008555E-9,-79.999998212E-3,
,,,790.800015693E-9,0.0,,,,,790.800015693E-9,-119.9999973E-3,
,,,791.200022832E-9,0.0,,,,,791.200022832E-9,-119.9999973E-3,
,,,791.600029970E-9,39.99999911E-3,,,,,791.600029970E-9,-119.9999973E-3,
,,,792.000037109E-9,0.0,,,,,792.000037109E-9,-119.9999973E-3,
,,,792.399987404E-9,0.0,,,,,792.399987404E-9,-119.9999973E-3,
,,,792.799994542E-9,0.0,,,,,792.799994542E-9,-79.999998212E-3,
,,,793.200001681E-9,0.0,,,,,793.200001681E-9,-79.999998212E-3,
,,,793.600008819E-9,39.99999911E-3,,,,,793.600008819E-9,-79.999998212E-3,
,,,794.000015958E-9,39.99999911E-3,,,,,794.000015958E-9,-119.9999973E-3,
,,,794.400023096E-9,39.99999911E-3,,,,,794.400023096E-9,-119.9999973E-3,
,,,794.800030235E-9,0.0,,,,,794.800030235E-9,-119.9999973E-3,
,,,795.200037373E-9,0.0,,,,,795.200037373E-9,-119.9999973E-3,
,,,795.599987669E-9,0.0,,,,,795.599987669E-9,-79.999998212E-3,
,,,795.999994807E-9,-39.99999911E-3,,,,,795.999994807E-9,-79.999998212E-3,
,,,796.400001946E-9,-39.99999911E-3,,,,,796.400001946E-9,-79.999998212E-3,
,,,796.800009084E-9,-39.99999911E-3,,,,,796.800009084E-9,-119.9999973E-3,
,,,797.200016223E-9,-39.99999911E-3,,,,,797.200016223E-9,-119.9999973E-3,
,,,797.600023361E-9,-39.99999911E-3,,,,,797.600023361E-9,-119.9999973E-3,
,,,798.000030500E-9,-39.99999911E-3,,,,,798.000030500E-9,-119.9999973E-3,
,,,798.400037638E-9,-39.99999911E-3,,,,,798.400037638E-9,-119.9999973E-3,
,,,798.799987933E-9,-39.99999911E-3,,,,,798.799987933E-9,-119.9999973E-3,
,,,799.199995072E-9,-39.99999911E-3,,,,,799.199995072E-9,-159.99999642E-3,
,,,799.600002210E-9,-39.99999911E-3,,,,,799.600002210E-9,-119.9999973E-3,
,,,800.000009349E-9,-39.99999911E-3,,,,,800.000009349E-9,-119.9999973E-3,
,,,800.400016487E-9,-39.99999911E-3,,,,,800.400016487E-9,-79.999998212E-3,
,,,800.800023626E-9,-39.99999911E-3,,,,,800.800023626E-9,-39.99999911E-3,
,,,801.200030764E-9,-39.99999911E-3,,,,,801.200030764E-9,-39.99999911E-3,
,,,801.600037903E-9,0.0,,,,,801.600037903E-9,-39.99999911E-3,
,,,801.999988198E-9,0.0,,,,,801.999988198E-9,-79.999998212E-3,
,,,802.399995337E-9,0.0,,,,,802.399995337E-9,-79.999998212E-3,
,,,802.800002475E-9,-39.99999911E-3,,,,,802.800002475E-9,-79.999998212E-3,
,,,803.200009614E-9,-39.99999911E-3,,,,,803.200009614E-9,-79.999998212E-3,
,,,803.600016752E-9,-39.99999911E-3,,,,,803.600016752E-9,-39.99999911E-3,
,,,804.000023891E-9,-39.99999911E-3,,,,,804.000023891E-9,-39.99999911E-3,
,,,804.400031029E-9,-39.99999911E-3,,,,,804.400031029E-9,-39.99999911E-3,
,,,804.800038168E-9,-39.99999911E-3,,,,,804.800038168E-9,-39.99999911E-3,
,,,805.199988463E-9,-39.99999911E-3,,,,,805.199988463E-9,-39.99999911E-3,
,,,805.599995601E-9,-39.99999911E-3,,,,,805.599995601E-9,-39.99999911E-3,
,,,806.000002740E-9,-79.999998212E-3,,,,,806.000002740E-9,-79.999998212E-3,
,,,806.400009878E-9,-39.99999911E-3,,,,,806.400009878E-9,-79.999998212E-3,
,,,806.800017017E-9,-39.99999911E-3,,,,,806.800017017E-9,-119.9999973E-3,
,,,807.200024155E-9,0.0,,,,,807.200024155E-9,-119.9999973E-3,
,,,807.600031294E-9,39.99999911E-3,,,,,807.600031294E-9,-119.9999973E-3,
,,,808.000038433E-9,0.0,,,,,808.000038433E-9,-159.99999642E-3,
,,,808.399988728E-9,0.0,,,,,808.399988728E-9,-159.99999642E-3,
,,,808.799995866E-9,-39.99999911E-3,,,,,808.799995866E-9,-119.9999973E-3,
,,,809.200003005E-9,-39.99999911E-3,,,,,809.200003005E-9,-79.999998212E-3,
,,,809.600010143E-9,-39.99999911E-3,,,,,809.600010143E-9,-39.99999911E-3,
,,,810.000017282E-9,-39.99999911E-3,,,,,810.000017282E-9,-39.99999911E-3,
,,,810.400024420E-9,-39.99999911E-3,,,,,810.400024420E-9,-39.99999911E-3,
,,,810.800031559E-9,0.0,,,,,810.800031559E-9,-39.99999911E-3,
,,,811.200038697E-9,0.0,,,,,811.200038697E-9,-39.99999911E-3,
,,,811.599988992E-9,0.0,,,,,811.599988992E-9,-39.99999911E-3,
,,,811.999996131E-9,0.0,,,,,811.999996131E-9,-39.99999911E-3,
,,,812.400003269E-9,0.0,,,,,812.400003269E-9,-39.99999911E-3,
,,,812.800010408E-9,-39.99999911E-3,,,,,812.800010408E-9,-39.99999911E-3,
,,,813.200017546E-9,-39.99999911E-3,,,,,813.200017546E-9,-39.99999911E-3,
,,,813.600024685E-9,-39.99999911E-3,,,,,813.600024685E-9,-39.99999911E-3,
,,,814.000031824E-9,-39.99999911E-3,,,,,814.000031824E-9,-79.999998212E-3,
,,,814.400038962E-9,-39.99999911E-3,,,,,814.400038962E-9,-79.999998212E-3,
,,,814.799989257E-9,-39.99999911E-3,,,,,814.799989257E-9,-79.999998212E-3,
,,,815.199996396E-9,-39.99999911E-3,,,,,815.199996396E-9,-119.9999973E-3,
,,,815.600003534E-9,-39.99999911E-3,,,,,815.600003534E-9,-79.999998212E-3,
,,,816.000010673E-9,-39.99999911E-3,,,,,816.000010673E-9,-79.999998212E-3,
,,,816.400017811E-9,-39.99999911E-3,,,,,816.400017811E-9,-79.999998212E-3,
,,,816.800024950E-9,0.0,,,,,816.800024950E-9,-39.99999911E-3,
,,,817.200032088E-9,-39.99999911E-3,,,,,817.200032088E-9,-39.99999911E-3,
,,,817.600039227E-9,-39.99999911E-3,,,,,817.600039227E-9,-39.99999911E-3,
,,,817.999989522E-9,-79.999998212E-3,,,,,817.999989522E-9,-39.99999911E-3,
,,,818.399996660E-9,-119.9999973E-3,,,,,818.399996660E-9,-39.99999911E-3,
,,,818.800003799E-9,-159.99999642E-3,,,,,818.800003799E-9,-39.99999911E-3,
,,,819.200010937E-9,-159.99999642E-3,,,,,819.200010937E-9,-39.99999911E-3,
,,,819.600018076E-9,-119.9999973E-3,,,,,819.600018076E-9,-39.99999911E-3,
,,,820.000025215E-9,-119.9999973E-3,,,,,820.000025215E-9,-79.999998212E-3,
,,,820.400032353E-9,-79.999998212E-3,,,,,820.400032353E-9,-79.999998212E-3,
,,,820.800039492E-9,-39.99999911E-3,,,,,820.800039492E-9,-119.9999973E-3,
,,,821.199989787E-9,-39.99999911E-3,,,,,821.199989787E-9,-119.9999973E-3,
,,,821.599996925E-9,-39.99999911E-3,,,,,821.599996925E-9,-79.999998212E-3,
,,,822.000004064E-9,-79.999998212E-3,,,,,822.000004064E-9,-79.999998212E-3,
,,,822.400011202E-9,-79.999998212E-3,,,,,822.400011202E-9,-39.99999911E-3,
,,,822.800018341E-9,-79.999998212E-3,,,,,822.800018341E-9,0.0,
,,,823.200025479E-9,-79.999998212E-3,,,,,823.200025479E-9,0.0,
,,,823.600032618E-9,-39.99999911E-3,,,,,823.600032618E-9,0.0,
,,,824.000039756E-9,-39.99999911E-3,,,,,824.000039756E-9,0.0,
,,,824.399990051E-9,-39.99999911E-3,,,,,824.399990051E-9,0.0,
,,,824.799997190E-9,-39.99999911E-3,,,,,824.799997190E-9,39.99999911E-3,
,,,825.200004329E-9,-39.99999911E-3,,,,,825.200004329E-9,0.0,
,,,825.600011467E-9,-39.99999911E-3,,,,,825.600011467E-9,0.0,
,,,826.000018606E-9,-39.99999911E-3,,,,,826.000018606E-9,-39.99999911E-3,
,,,826.400025744E-9,-39.99999911E-3,,,,,826.400025744E-9,-79.999998212E-3,
,,,826.800032883E-9,-39.99999911E-3,,,,,826.800032883E-9,-119.9999973E-3,
,,,827.200040021E-9,-39.99999911E-3,,,,,827.200040021E-9,-119.9999973E-3,
,,,827.599990316E-9,-39.99999911E-3,,,,,827.599990316E-9,-79.999998212E-3,
,,,827.999997455E-9,-39.99999911E-3,,,,,827.999997455E-9,-79.999998212E-3,
,,,828.400004593E-9,-39.99999911E-3,,,,,828.400004593E-9,-39.99999911E-3,
,,,828.800011732E-9,0.0,,,,,828.800011732E-9,0.0,
,,,829.200018870E-9,0.0,,,,,829.200018870E-9,-39.99999911E-3,
,,,829.600026009E-9,0.0,,,,,829.600026009E-9,-39.99999911E-3,
,,,830.000033147E-9,-39.99999911E-3,,,,,830.000033147E-9,-39.99999911E-3,
,,,830.400040286E-9,-39.99999911E-3,,,,,830.400040286E-9,-39.99999911E-3,
,,,830.799990581E-9,-39.99999911E-3,,,,,830.799990581E-9,-79.999998212E-3,
,,,831.199997720E-9,-39.99999911E-3,,,,,831.199997720E-9,-79.999998212E-3,
,,,831.600004858E-9,-39.99999911E-3,,,,,831.600004858E-9,-79.999998212E-3,
,,,832.000011997E-9,-39.99999911E-3,,,,,832.000011997E-9,-79.999998212E-3,
,,,832.400019135E-9,-39.99999911E-3,,,,,832.400019135E-9,-79.999998212E-3,
,,,832.800026274E-9,-39.99999911E-3,,,,,832.800026274E-9,-39.99999911E-3,
,,,833.200033412E-9,-39.99999911E-3,,,,,833.200033412E-9,-39.99999911E-3,
,,,833.600040551E-9,-39.99999911E-3,,,,,833.600040551E-9,0.0,
,,,833.999990846E-9,-39.99999911E-3,,,,,833.999990846E-9,-39.99999911E-3,
,,,834.399997984E-9,-39.99999911E-3,,,,,834.399997984E-9,-39.99999911E-3,
,,,834.800005123E-9,-39.99999911E-3,,,,,834.800005123E-9,-39.99999911E-3,
,,,835.200012261E-9,-39.99999911E-3,,,,,835.200012261E-9,-39.99999911E-3,
,,,835.600019400E-9,-39.99999911E-3,,,,,835.600019400E-9,-39.99999911E-3,
,,,836.000026538E-9,-39.99999911E-3,,,,,836.000026538E-9,-39.99999911E-3,
,,,836.400033677E-9,-39.99999911E-3,,,,,836.400033677E-9,-39.99999911E-3,
,,,836.800040815E-9,-79.999998212E-3,,,,,836.800040815E-9,-39.99999911E-3,
,,,837.199991111E-9,-79.999998212E-3,,,,,837.199991111E-9,-39.99999911E-3,
,,,837.599998249E-9,-79.999998212E-3,,,,,837.599998249E-9,-39.99999911E-3,
,,,838.000005388E-9,-119.9999973E-3,,,,,838.000005388E-9,-39.99999911E-3,
,,,838.400012526E-9,-119.9999973E-3,,,,,838.400012526E-9,-39.99999911E-3,
,,,838.800019665E-9,-119.9999973E-3,,,,,838.800019665E-9,0.0,
,,,839.200026803E-9,-119.9999973E-3,,,,,839.200026803E-9,-39.99999911E-3,
,,,839.600033942E-9,-79.999998212E-3,,,,,839.600033942E-9,-39.99999911E-3,
