Record Length,2500,Points,3.99999989E-9,280.00000119E-3,,Record Length,2500,Points,3.99999989E-9,-159.99999642E-3,
Sample Interval,400.00000370E-12,s,4.39999992E-9,239.99999464E-3,,Sample Interval,400.00000370E-12,s,4.39999992E-9,-159.99999642E-3,
Trigger Point,-9.999999584,Samples,4.79999995E-9,239.99999464E-3,,Trigger Point,-9.999999584,Samples,4.79999995E-9,-159.99999642E-3,
,,,5.19999999E-9,239.99999464E-3,,,,,5.19999999E-9,-159.99999642E-3,
,,,5.60000002E-9,239.99999464E-3,,,,,5.60000002E-9,-159.99999642E-3,
,,,6.00000005E-9,239.99999464E-3,,,,,6.00000005E-9,-159.99999642E-3,
Source,CH1,,6.40000009E-9,239.99999464E-3,,Source,CH2,,6.40000009E-9,-159.99999642E-3,
Vertical Units,Volts,,6.80000012E-9,239.99999464E-3,,Vertical Units,Volts,,6.80000012E-9,-159.99999642E-3,
Vertical Scale,999.999977648E-3,,7.19999971E-9,239.99999464E-3,,Vertical Scale,999.999977648E-3,,7.19999971E-9,-159.99999642E-3,
Vertical Offset,0,,7.599999741E-9,239.99999464E-3,,Vertical Offset,0,,7.599999741E-9,-159.99999642E-3,
Horizontal Units,s,,7.999999774E-9,239.99999464E-3,,Horizontal Units,s,,7.999999774E-9,-159.99999642E-3,
Horizontal Scale,100.0000013E-9,,8.399999807E-9,280.00000119E-3,,Horizontal Scale,100.0000013E-9,,8.399999807E-9,-159.99999642E-3,
Pt Fmt,Y,,8.799999840E-9,280.00000119E-3,,Pt Fmt,Y,,8.799999840E-9,-159.99999642E-3,
Yzero,1.0400000,,9.199999873E-9,280.00000119E-3,,Yzero,-1.5600000,,9.199999873E-9,-159.99999642E-3,
Probe Atten,1.000000,,9.599999906E-9,280.00000119E-3,,Probe Atten,1.000000,,9.599999906E-9,-159.99999642E-3,
,,,9.999999939E-9,280.00000119E-3,,,,,9.999999939E-9,-159.99999642E-3,
Note,TBS 1104 - 2:52:29 PM   2/3/2026,,10.4000000E-9,239.99999464E-3,,Note,TBS 1104 - 2:52:29 PM   2/3/2026,,10.4000000E-9,-119.9999973E-3,
,,,10.8000000E-9,239.99999464E-3,,,,,10.8000000E-9,-159.99999642E-3,
,,,11.2000000E-9,239.99999464E-3,,,,,11.2000000E-9,-159.99999642E-3,
,,,11.6000001E-9,239.99999464E-3,,,,,11.6000001E-9,-199.99998808E-3,
,,,12.0000001E-9,239.99999464E-3,,,,,12.0000001E-9,-199.99998808E-3,
,,,12.4000001E-9,280.00000119E-3,,,,,12.4000001E-9,-199.99998808E-3,
,,,12.8000002E-9,280.00000119E-3,,,,,12.8000002E-9,-199.99998808E-3,
,,,13.2000002E-9,319.99999285E-3,,,,,13.2000002E-9,-199.99998808E-3,
,,,13.6000002E-9,280.00000119E-3,,,,,13.6000002E-9,-199.99998808E-3,
,,,14.0000003E-9,280.00000119E-3,,,,,14.0000003E-9,-199.99998808E-3,
,,,14.4000003E-9,280.00000119E-3,,,,,14.4000003E-9,-199.99998808E-3,
,,,14.8000003E-9,280.00000119E-3,,,,,14.8000003E-9,-199.99998808E-3,
,,,15.1999995E-9,319.99999285E-3,,,,,15.1999995E-9,-199.99998808E-3,
,,,15.5999995E-9,319.99999285E-3,,,,,15.5999995E-9,-199.99998808E-3,
,,,15.9999995E-9,319.99999285E-3,,,,,15.9999995E-9,-199.99998808E-3,
,,,16.3999996E-9,359.99998450E-3,,,,,16.3999996E-9,-199.99998808E-3,
,,,16.7999996E-9,359.99998450E-3,,,,,16.7999996E-9,-199.99998808E-3,
,,,17.1999996E-9,359.99998450E-3,,,,,17.1999996E-9,-199.99998808E-3,
,,,17.5999997E-9,319.99999285E-3,,,,,17.5999997E-9,-239.99999464E-3,
,,,17.9999997E-9,319.99999285E-3,,,,,17.9999997E-9,-199.99998808E-3,
,,,18.3999997E-9,319.99999285E-3,,,,,18.3999997E-9,-199.99998808E-3,
,,,18.7999998E-9,319.99999285E-3,,,,,18.7999998E-9,-199.99998808E-3,
,,,19.1999998E-9,319.99999285E-3,,,,,19.1999998E-9,-159.99999642E-3,
,,,19.5999998E-9,280.00000119E-3,,,,,19.5999998E-9,-199.99998808E-3,
,,,19.9999999E-9,280.00000119E-3,,,,,19.9999999E-9,-199.99998808E-3,
,,,20.39999991E-9,280.00000119E-3,,,,,20.39999991E-9,-199.99998808E-3,
,,,20.79999994E-9,280.00000119E-3,,,,,20.79999994E-9,-239.99999464E-3,
,,,21.19999998E-9,280.00000119E-3,,,,,21.19999998E-9,-199.99998808E-3,
,,,21.60000001E-9,239.99999464E-3,,,,,21.60000001E-9,-199.99998808E-3,
,,,22.00000004E-9,239.99999464E-3,,,,,22.00000004E-9,-199.99998808E-3,
,,,22.40000008E-9,239.99999464E-3,,,,,22.40000008E-9,-159.99999642E-3,
,,,22.80000011E-9,199.99998808E-3,,,,,22.80000011E-9,-159.99999642E-3,
,,,23.20000014E-9,239.99999464E-3,,,,,23.20000014E-9,-159.99999642E-3,
,,,23.60000018E-9,239.99999464E-3,,,,,23.60000018E-9,-159.99999642E-3,
,,,24.00000021E-9,239.99999464E-3,,,,,24.00000021E-9,-159.99999642E-3,
,,,24.40000024E-9,280.00000119E-3,,,,,24.40000024E-9,-119.9999973E-3,
,,,24.80000028E-9,280.00000119E-3,,,,,24.80000028E-9,-119.9999973E-3,
,,,25.20000031E-9,319.99999285E-3,,,,,25.20000031E-9,-119.9999973E-3,
,,,25.60000034E-9,319.99999285E-3,,,,,25.60000034E-9,-159.99999642E-3,
,,,26.00000037E-9,319.99999285E-3,,,,,26.00000037E-9,-159.99999642E-3,
,,,26.40000041E-9,280.00000119E-3,,,,,26.40000041E-9,-159.99999642E-3,
,,,26.80000044E-9,280.00000119E-3,,,,,26.80000044E-9,-159.99999642E-3,
,,,27.20000047E-9,280.00000119E-3,,,,,27.20000047E-9,-119.9999973E-3,
,,,27.60000051E-9,239.99999464E-3,,,,,27.60000051E-9,-119.9999973E-3,
,,,28.00000054E-9,239.99999464E-3,,,,,28.00000054E-9,-119.9999973E-3,
,,,28.40000057E-9,280.00000119E-3,,,,,28.40000057E-9,-119.9999973E-3,
,,,28.80000061E-9,319.99999285E-3,,,,,28.80000061E-9,-119.9999973E-3,
,,,29.20000064E-9,359.99998450E-3,,,,,29.20000064E-9,-119.9999973E-3,
,,,29.60000067E-9,359.99998450E-3,,,,,29.60000067E-9,-119.9999973E-3,
,,,29.99999893E-9,359.99998450E-3,,,,,29.99999893E-9,-119.9999973E-3,
,,,30.39999896E-9,359.99998450E-3,,,,,30.39999896E-9,-119.9999973E-3,
,,,30.79999900E-9,359.99998450E-3,,,,,30.79999900E-9,-119.9999973E-3,
,,,31.19999903E-9,399.99997616E-3,,,,,31.19999903E-9,-119.9999973E-3,
,,,31.59999906E-9,359.99998450E-3,,,,,31.59999906E-9,-119.9999973E-3,
,,,31.99999909E-9,359.99998450E-3,,,,,31.99999909E-9,-119.9999973E-3,
,,,32.39999913E-9,319.99999285E-3,,,,,32.39999913E-9,-119.9999973E-3,
,,,32.79999916E-9,319.99999285E-3,,,,,32.79999916E-9,-119.9999973E-3,
,,,33.19999919E-9,319.99999285E-3,,,,,33.19999919E-9,-79.999998212E-3,
,,,33.59999923E-9,319.99999285E-3,,,,,33.59999923E-9,-119.9999973E-3,
,,,33.99999926E-9,319.99999285E-3,,,,,33.99999926E-9,-119.9999973E-3,
,,,34.39999929E-9,359.99998450E-3,,,,,34.39999929E-9,-119.9999973E-3,
,,,34.79999933E-9,359.99998450E-3,,,,,34.79999933E-9,-119.9999973E-3,
,,,35.19999936E-9,359.99998450E-3,,,,,35.19999936E-9,-119.9999973E-3,
,,,35.59999939E-9,359.99998450E-3,,,,,35.59999939E-9,-159.99999642E-3,
,,,35.99999943E-9,359.99998450E-3,,,,,35.99999943E-9,-159.99999642E-3,
,,,36.39999946E-9,359.99998450E-3,,,,,36.39999946E-9,-159.99999642E-3,
,,,36.79999949E-9,359.99998450E-3,,,,,36.79999949E-9,-159.99999642E-3,
,,,37.19999953E-9,359.99998450E-3,,,,,37.19999953E-9,-159.99999642E-3,
,,,37.59999956E-9,359.99998450E-3,,,,,37.59999956E-9,-159.99999642E-3,
,,,37.99999959E-9,359.99998450E-3,,,,,37.99999959E-9,-159.99999642E-3,
,,,38.39999962E-9,359.99998450E-3,,,,,38.39999962E-9,-159.99999642E-3,
,,,38.79999966E-9,359.99998450E-3,,,,,38.79999966E-9,-159.99999642E-3,
,,,39.19999969E-9,359.99998450E-3,,,,,39.19999969E-9,-159.99999642E-3,
,,,39.59999972E-9,359.99998450E-3,,,,,39.59999972E-9,-159.99999642E-3,
,,,39.99999976E-9,359.99998450E-3,,,,,39.99999976E-9,-159.99999642E-3,
,,,40.39999979E-9,399.99997616E-3,,,,,40.39999979E-9,-159.99999642E-3,
,,,40.79999982E-9,399.99997616E-3,,,,,40.79999982E-9,-159.99999642E-3,
,,,41.19999986E-9,399.99997616E-3,,,,,41.19999986E-9,-119.9999973E-3,
,,,41.59999989E-9,359.99998450E-3,,,,,41.59999989E-9,-119.9999973E-3,
,,,41.99999992E-9,359.99998450E-3,,,,,41.99999992E-9,-119.9999973E-3,
,,,42.39999996E-9,319.99999285E-3,,,,,42.39999996E-9,-119.9999973E-3,
,,,42.79999999E-9,319.99999285E-3,,,,,42.79999999E-9,-119.9999973E-3,
,,,43.20000002E-9,319.99999285E-3,,,,,43.20000002E-9,-79.999998212E-3,
,,,43.60000005E-9,319.99999285E-3,,,,,43.60000005E-9,-79.999998212E-3,
,,,44.00000009E-9,319.99999285E-3,,,,,44.00000009E-9,-79.999998212E-3,
,,,44.40000012E-9,319.99999285E-3,,,,,44.40000012E-9,-119.9999973E-3,
,,,44.80000015E-9,319.99999285E-3,,,,,44.80000015E-9,-159.99999642E-3,
,,,45.20000019E-9,319.99999285E-3,,,,,45.20000019E-9,-159.99999642E-3,
,,,45.60000022E-9,280.00000119E-3,,,,,45.60000022E-9,-199.99998808E-3,
,,,46.00000025E-9,280.00000119E-3,,,,,46.00000025E-9,-199.99998808E-3,
,,,46.40000029E-9,280.00000119E-3,,,,,46.40000029E-9,-159.99999642E-3,
,,,46.80000032E-9,280.00000119E-3,,,,,46.80000032E-9,-159.99999642E-3,
,,,47.20000035E-9,319.99999285E-3,,,,,47.20000035E-9,-119.9999973E-3,
,,,47.60000039E-9,319.99999285E-3,,,,,47.60000039E-9,-119.9999973E-3,
,,,48.00000042E-9,319.99999285E-3,,,,,48.00000042E-9,-119.9999973E-3,
,,,48.40000045E-9,280.00000119E-3,,,,,48.40000045E-9,-119.9999973E-3,
,,,48.80000049E-9,280.00000119E-3,,,,,48.80000049E-9,-119.9999973E-3,
,,,49.20000052E-9,280.00000119E-3,,,,,49.20000052E-9,-119.9999973E-3,
,,,49.60000055E-9,239.99999464E-3,,,,,49.60000055E-9,-119.9999973E-3,
,,,50.00000058E-9,239.99999464E-3,,,,,50.00000058E-9,-119.9999973E-3,
,,,50.40000062E-9,239.99999464E-3,,,,,50.40000062E-9,-119.9999973E-3,
,,,50.80000065E-9,239.99999464E-3,,,,,50.80000065E-9,-119.9999973E-3,
,,,51.20000068E-9,280.00000119E-3,,,,,51.20000068E-9,-119.9999973E-3,
,,,51.60000072E-9,280.00000119E-3,,,,,51.60000072E-9,-119.9999973E-3,
,,,52.00000075E-9,280.00000119E-3,,,,,52.00000075E-9,-119.9999973E-3,
,,,52.40000078E-9,280.00000119E-3,,,,,52.40000078E-9,-79.999998212E-3,
,,,52.80000082E-9,280.00000119E-3,,,,,52.80000082E-9,-79.999998212E-3,
,,,53.20000085E-9,280.00000119E-3,,,,,53.20000085E-9,-79.999998212E-3,
,,,53.60000088E-9,280.00000119E-3,,,,,53.60000088E-9,-119.9999973E-3,
,,,54.00000092E-9,280.00000119E-3,,,,,54.00000092E-9,-119.9999973E-3,
,,,54.40000095E-9,280.00000119E-3,,,,,54.40000095E-9,-119.9999973E-3,
,,,54.800000981E-9,280.00000119E-3,,,,,54.800000981E-9,-119.9999973E-3,
,,,55.200001015E-9,280.00000119E-3,,,,,55.200001015E-9,-79.999998212E-3,
,,,55.600001048E-9,280.00000119E-3,,,,,55.600001048E-9,-79.999998212E-3,
,,,56.000001081E-9,280.00000119E-3,,,,,56.000001081E-9,-79.999998212E-3,
,,,56.400001114E-9,319.99999285E-3,,,,,56.400001114E-9,-119.9999973E-3,
,,,56.800001147E-9,319.99999285E-3,,,,,56.800001147E-9,-119.9999973E-3,
,,,57.200001180E-9,319.99999285E-3,,,,,57.200001180E-9,-119.9999973E-3,
,,,57.600001213E-9,319.99999285E-3,,,,,57.600001213E-9,-159.99999642E-3,
,,,58.000001246E-9,319.99999285E-3,,,,,58.000001246E-9,-159.99999642E-3,
,,,58.400001279E-9,319.99999285E-3,,,,,58.400001279E-9,-159.99999642E-3,
,,,58.800001312E-9,319.99999285E-3,,,,,58.800001312E-9,-199.99998808E-3,
,,,59.200001346E-9,359.99998450E-3,,,,,59.200001346E-9,-159.99999642E-3,
,,,59.600001379E-9,359.99998450E-3,,,,,59.600001379E-9,-159.99999642E-3,
,,,59.999997859E-9,359.99998450E-3,,,,,59.999997859E-9,-159.99999642E-3,
,,,60.399997892E-9,399.99997616E-3,,,,,60.399997892E-9,-159.99999642E-3,
,,,60.799997925E-9,399.99997616E-3,,,,,60.799997925E-9,-159.99999642E-3,
,,,61.199997958E-9,399.99997616E-3,,,,,61.199997958E-9,-159.99999642E-3,
,,,61.599997991E-9,399.99997616E-3,,,,,61.599997991E-9,-159.99999642E-3,
,,,61.999998024E-9,399.99997616E-3,,,,,61.999998024E-9,-159.99999642E-3,
,,,62.399998058E-9,439.999997616E-3,,,,,62.399998058E-9,-119.9999973E-3,
,,,62.799998091E-9,439.999997616E-3,,,,,62.799998091E-9,-119.9999973E-3,
,,,63.199998124E-9,439.999997616E-3,,,,,63.199998124E-9,-119.9999973E-3,
,,,63.599998157E-9,399.99997616E-3,,,,,63.599998157E-9,-159.99999642E-3,
,,,63.999998190E-9,359.99998450E-3,,,,,63.999998190E-9,-159.99999642E-3,
,,,64.399998223E-9,319.99999285E-3,,,,,64.399998223E-9,-159.99999642E-3,
,,,64.799998256E-9,319.99999285E-3,,,,,64.799998256E-9,-159.99999642E-3,
,,,65.199998289E-9,359.99998450E-3,,,,,65.199998289E-9,-119.9999973E-3,
,,,65.599998322E-9,359.99998450E-3,,,,,65.599998322E-9,-119.9999973E-3,
,,,65.999998355E-9,359.99998450E-3,,,,,65.999998355E-9,-119.9999973E-3,
,,,66.399998389E-9,359.99998450E-3,,,,,66.399998389E-9,-159.99999642E-3,
,,,66.799998422E-9,359.99998450E-3,,,,,66.799998422E-9,-159.99999642E-3,
,,,67.199998455E-9,359.99998450E-3,,,,,67.199998455E-9,-159.99999642E-3,
,,,67.599998488E-9,319.99999285E-3,,,,,67.599998488E-9,-159.99999642E-3,
,,,67.999998521E-9,359.99998450E-3,,,,,67.999998521E-9,-159.99999642E-3,
,,,68.399998554E-9,359.99998450E-3,,,,,68.399998554E-9,-159.99999642E-3,
,,,68.799998587E-9,359.99998450E-3,,,,,68.799998587E-9,-159.99999642E-3,
,,,69.199998620E-9,399.99997616E-3,,,,,69.199998620E-9,-159.99999642E-3,
,,,69.599998653E-9,399.99997616E-3,,,,,69.599998653E-9,-159.99999642E-3,
,,,69.999998686E-9,399.99997616E-3,,,,,69.999998686E-9,-159.99999642E-3,
,,,70.399998719E-9,399.99997616E-3,,,,,70.399998719E-9,-159.99999642E-3,
,,,70.799998753E-9,359.99998450E-3,,,,,70.799998753E-9,-159.99999642E-3,
,,,71.199998786E-9,399.99997616E-3,,,,,71.199998786E-9,-159.99999642E-3,
,,,71.599998819E-9,399.99997616E-3,,,,,71.599998819E-9,-159.99999642E-3,
,,,71.999998852E-9,439.999997616E-3,,,,,71.999998852E-9,-159.99999642E-3,
,,,72.399998885E-9,479.999989271E-3,,,,,72.399998885E-9,-159.99999642E-3,
,,,72.799998918E-9,479.999989271E-3,,,,,72.799998918E-9,-159.99999642E-3,
,,,73.199998951E-9,479.999989271E-3,,,,,73.199998951E-9,-159.99999642E-3,
,,,73.599998984E-9,439.999997616E-3,,,,,73.599998984E-9,-159.99999642E-3,
,,,73.999999017E-9,439.999997616E-3,,,,,73.999999017E-9,-159.99999642E-3,
,,,74.399999050E-9,439.999997616E-3,,,,,74.399999050E-9,-119.9999973E-3,
,,,74.799999084E-9,439.999997616E-3,,,,,74.799999084E-9,-119.9999973E-3,
,,,75.199999117E-9,479.999989271E-3,,,,,75.199999117E-9,-119.9999973E-3,
,,,75.599999150E-9,479.999989271E-3,,,,,75.599999150E-9,-159.99999642E-3,
,,,75.999999183E-9,479.999989271E-3,,,,,75.999999183E-9,-159.99999642E-3,
,,,76.399999216E-9,479.999989271E-3,,,,,76.399999216E-9,-159.99999642E-3,
,,,76.799999249E-9,479.999989271E-3,,,,,76.799999249E-9,-199.99998808E-3,
,,,77.199999282E-9,479.999989271E-3,,,,,77.199999282E-9,-159.99999642E-3,
,,,77.599999315E-9,439.999997616E-3,,,,,77.599999315E-9,-159.99999642E-3,
,,,77.999999348E-9,399.99997616E-3,,,,,77.999999348E-9,-159.99999642E-3,
,,,78.399999381E-9,399.99997616E-3,,,,,78.399999381E-9,-119.9999973E-3,
,,,78.799999415E-9,439.999997616E-3,,,,,78.799999415E-9,-159.99999642E-3,
,,,79.199999448E-9,479.999989271E-3,,,,,79.199999448E-9,-159.99999642E-3,
,,,79.599999481E-9,479.999989271E-3,,,,,79.599999481E-9,-199.99998808E-3,
,,,79.999999514E-9,519.999980927E-3,,,,,79.999999514E-9,-199.99998808E-3,
,,,80.399999547E-9,479.999989271E-3,,,,,80.399999547E-9,-199.99998808E-3,
,,,80.799999580E-9,439.999997616E-3,,,,,80.799999580E-9,-199.99998808E-3,
,,,81.199999613E-9,439.999997616E-3,,,,,81.199999613E-9,-159.99999642E-3,
,,,81.599999646E-9,439.999997616E-3,,,,,81.599999646E-9,-159.99999642E-3,
,,,81.999999679E-9,439.999997616E-3,,,,,81.999999679E-9,-119.9999973E-3,
,,,82.399999712E-9,479.999989271E-3,,,,,82.399999712E-9,-119.9999973E-3,
,,,82.799999745E-9,479.999989271E-3,,,,,82.799999745E-9,-159.99999642E-3,
,,,83.199999779E-9,519.999980927E-3,,,,,83.199999779E-9,-159.99999642E-3,
,,,83.599999812E-9,479.999989271E-3,,,,,83.599999812E-9,-199.99998808E-3,
,,,83.999999845E-9,479.999989271E-3,,,,,83.999999845E-9,-199.99998808E-3,
,,,84.399999878E-9,439.999997616E-3,,,,,84.399999878E-9,-199.99998808E-3,
,,,84.799999911E-9,439.999997616E-3,,,,,84.799999911E-9,-199.99998808E-3,
,,,85.199999944E-9,439.999997616E-3,,,,,85.199999944E-9,-159.99999642E-3,
,,,85.599999977E-9,439.999997616E-3,,,,,85.599999977E-9,-159.99999642E-3,
,,,86.000000010E-9,439.999997616E-3,,,,,86.000000010E-9,-159.99999642E-3,
,,,86.400000043E-9,479.999989271E-3,,,,,86.400000043E-9,-159.99999642E-3,
,,,86.800000076E-9,479.999989271E-3,,,,,86.800000076E-9,-159.99999642E-3,
,,,87.200000110E-9,479.999989271E-3,,,,,87.200000110E-9,-159.99999642E-3,
,,,87.600000143E-9,479.999989271E-3,,,,,87.600000143E-9,-159.99999642E-3,
,,,88.000000176E-9,479.999989271E-3,,,,,88.000000176E-9,-159.99999642E-3,
,,,88.400000209E-9,479.999989271E-3,,,,,88.400000209E-9,-159.99999642E-3,
,,,88.800000242E-9,479.999989271E-3,,,,,88.800000242E-9,-159.99999642E-3,
,,,89.200000275E-9,519.999980927E-3,,,,,89.200000275E-9,-159.99999642E-3,
,,,89.600000308E-9,519.999980927E-3,,,,,89.600000308E-9,-159.99999642E-3,
,,,90.000000341E-9,519.999980927E-3,,,,,90.000000341E-9,-159.99999642E-3,
,,,90.400000374E-9,519.999980927E-3,,,,,90.400000374E-9,-159.99999642E-3,
,,,90.800000407E-9,519.999980927E-3,,,,,90.800000407E-9,-159.99999642E-3,
,,,91.200000440E-9,519.999980927E-3,,,,,91.200000440E-9,-159.99999642E-3,
,,,91.600000474E-9,519.999980927E-3,,,,,91.600000474E-9,-159.99999642E-3,
,,,92.000000507E-9,519.999980927E-3,,,,,92.000000507E-9,-159.99999642E-3,
,,,92.400000540E-9,519.999980927E-3,,,,,92.400000540E-9,-159.99999642E-3,
,,,92.800000573E-9,519.999980927E-3,,,,,92.800000573E-9,-159.99999642E-3,
,,,93.200000606E-9,519.999980927E-3,,,,,93.200000606E-9,-119.9999973E-3,
,,,93.600000639E-9,479.999989271E-3,,,,,93.600000639E-9,-159.99999642E-3,
,,,94.000000672E-9,479.999989271E-3,,,,,94.000000672E-9,-159.99999642E-3,
,,,94.400000705E-9,439.999997616E-3,,,,,94.400000705E-9,-159.99999642E-3,
,,,94.800000738E-9,439.999997616E-3,,,,,94.800000738E-9,-199.99998808E-3,
,,,95.200000771E-9,439.999997616E-3,,,,,95.200000771E-9,-159.99999642E-3,
,,,95.600000805E-9,439.999997616E-3,,,,,95.600000805E-9,-159.99999642E-3,
,,,96.000000838E-9,439.999997616E-3,,,,,96.000000838E-9,-159.99999642E-3,
,,,96.400000871E-9,439.999997616E-3,,,,,96.400000871E-9,-119.9999973E-3,
,,,96.800000904E-9,439.999997616E-3,,,,,96.800000904E-9,-119.9999973E-3,
,,,97.200000937E-9,439.999997616E-3,,,,,97.200000937E-9,-119.9999973E-3,
,,,97.600000970E-9,439.999997616E-3,,,,,97.600000970E-9,-159.99999642E-3,
,,,98.000001003E-9,439.999997616E-3,,,,,98.000001003E-9,-159.99999642E-3,
,,,98.400001036E-9,439.999997616E-3,,,,,98.400001036E-9,-159.99999642E-3,
,,,98.800001069E-9,439.999997616E-3,,,,,98.800001069E-9,-159.99999642E-3,
,,,99.200001102E-9,479.999989271E-3,,,,,99.200001102E-9,-119.9999973E-3,
,,,99.600001136E-9,479.999989271E-3,,,,,99.600001136E-9,-119.9999973E-3,
,,,100.0000012E-9,479.999989271E-3,,,,,100.0000012E-9,-119.9999973E-3,
,,,100.4000012E-9,439.999997616E-3,,,,,100.4000012E-9,-119.9999973E-3,
,,,100.8000012E-9,439.999997616E-3,,,,,100.8000012E-9,-119.9999973E-3,
,,,101.2000013E-9,439.999997616E-3,,,,,101.2000013E-9,-119.9999973E-3,
,,,101.6000013E-9,439.999997616E-3,,,,,101.6000013E-9,-119.9999973E-3,
,,,102.0000013E-9,439.999997616E-3,,,,,102.0000013E-9,-119.9999973E-3,
,,,102.4000014E-9,479.999989271E-3,,,,,102.4000014E-9,-159.99999642E-3,
,,,102.8000014E-9,479.999989271E-3,,,,,102.8000014E-9,-159.99999642E-3,
,,,103.2000014E-9,479.999989271E-3,,,,,103.2000014E-9,-159.99999642E-3,
,,,103.6000015E-9,479.999989271E-3,,,,,103.6000015E-9,-159.99999642E-3,
,,,104.0000015E-9,479.999989271E-3,,,,,104.0000015E-9,-159.99999642E-3,
,,,104.4000015E-9,479.999989271E-3,,,,,104.4000015E-9,-119.9999973E-3,
,,,104.8000016E-9,479.999989271E-3,,,,,104.8000016E-9,-119.9999973E-3,
,,,105.2000016E-9,519.999980927E-3,,,,,105.2000016E-9,-119.9999973E-3,
,,,105.6000016E-9,479.999989271E-3,,,,,105.6000016E-9,-159.99999642E-3,
,,,106.0000017E-9,479.999989271E-3,,,,,106.0000017E-9,-159.99999642E-3,
,,,106.4000017E-9,479.999989271E-3,,,,,106.4000017E-9,-159.99999642E-3,
,,,106.8000017E-9,479.999989271E-3,,,,,106.8000017E-9,-159.99999642E-3,
,,,107.2000018E-9,479.999989271E-3,,,,,107.2000018E-9,-159.99999642E-3,
,,,107.6000018E-9,439.999997616E-3,,,,,107.6000018E-9,-159.99999642E-3,
,,,108.0000018E-9,439.999997616E-3,,,,,108.0000018E-9,-159.99999642E-3,
,,,108.4000019E-9,439.999997616E-3,,,,,108.4000019E-9,-159.99999642E-3,
,,,108.8000019E-9,399.99997616E-3,,,,,108.8000019E-9,-159.99999642E-3,
,,,109.2000019E-9,439.999997616E-3,,,,,109.2000019E-9,-119.9999973E-3,
,,,109.6000020E-9,439.999997616E-3,,,,,109.6000020E-9,-119.9999973E-3,
,,,110.0000020E-9,439.999997616E-3,,,,,110.0000020E-9,-119.9999973E-3,
,,,110.4000020E-9,479.999989271E-3,,,,,110.4000020E-9,-119.9999973E-3,
,,,110.8000021E-9,479.999989271E-3,,,,,110.8000021E-9,-119.9999973E-3,
,,,111.2000021E-9,519.999980927E-3,,,,,111.2000021E-9,-119.9999973E-3,
,,,111.6000021E-9,479.999989271E-3,,,,,111.6000021E-9,-119.9999973E-3,
,,,112.0000022E-9,479.999989271E-3,,,,,112.0000022E-9,-119.9999973E-3,
,,,112.4000022E-9,479.999989271E-3,,,,,112.4000022E-9,-119.9999973E-3,
,,,112.8000022E-9,479.999989271E-3,,,,,112.8000022E-9,-119.9999973E-3,
,,,113.2000023E-9,479.999989271E-3,,,,,113.2000023E-9,-119.9999973E-3,
,,,113.6000023E-9,479.999989271E-3,,,,,113.6000023E-9,-119.9999973E-3,
,,,114.0000023E-9,479.999989271E-3,,,,,114.0000023E-9,-119.9999973E-3,
,,,114.4000024E-9,479.999989271E-3,,,,,114.4000024E-9,-79.999998212E-3,
,,,114.8000024E-9,479.999989271E-3,,,,,114.8000024E-9,-79.999998212E-3,
,,,115.2000024E-9,479.999989271E-3,,,,,115.2000024E-9,-79.999998212E-3,
,,,115.6000025E-9,439.999997616E-3,,,,,115.6000025E-9,-119.9999973E-3,
,,,116.0000025E-9,439.999997616E-3,,,,,116.0000025E-9,-119.9999973E-3,
,,,116.4000025E-9,439.999997616E-3,,,,,116.4000025E-9,-119.9999973E-3,
,,,116.8000026E-9,399.99997616E-3,,,,,116.8000026E-9,-119.9999973E-3,
,,,117.2000026E-9,439.999997616E-3,,,,,117.2000026E-9,-79.999998212E-3,
,,,117.6000026E-9,439.999997616E-3,,,,,117.6000026E-9,-119.9999973E-3,
,,,118.0000027E-9,439.999997616E-3,,,,,118.0000027E-9,-119.9999973E-3,
,,,118.4000027E-9,439.999997616E-3,,,,,118.4000027E-9,-119.9999973E-3,
,,,118.8000027E-9,439.999997616E-3,,,,,118.8000027E-9,-159.99999642E-3,
,,,119.2000028E-9,439.999997616E-3,,,,,119.2000028E-9,-119.9999973E-3,
,,,119.6000028E-9,439.999997616E-3,,,,,119.6000028E-9,-119.9999973E-3,
,,,119.9999957E-9,439.999997616E-3,,,,,119.9999957E-9,-119.9999973E-3,
,,,120.4000029E-9,479.999989271E-3,,,,,120.4000029E-9,-79.999998212E-3,
,,,120.7999958E-9,479.999989271E-3,,,,,120.7999958E-9,-79.999998212E-3,
,,,121.2000029E-9,479.999989271E-3,,,,,121.2000029E-9,-39.99999911E-3,
,,,121.5999959E-9,479.999989271E-3,,,,,121.5999959E-9,-39.99999911E-3,
,,,122.0000030E-9,479.999989271E-3,,,,,122.0000030E-9,-39.99999911E-3,
,,,122.3999959E-9,479.999989271E-3,,,,,122.3999959E-9,-79.999998212E-3,
,,,122.8000031E-9,479.999989271E-3,,,,,122.8000031E-9,-79.999998212E-3,
,,,123.1999960E-9,519.999980927E-3,,,,,123.1999960E-9,-79.999998212E-3,
,,,123.6000031E-9,519.999980927E-3,,,,,123.6000031E-9,-79.999998212E-3,
,,,123.9999960E-9,519.999980927E-3,,,,,123.9999960E-9,-79.999998212E-3,
,,,124.4000032E-9,519.999980927E-3,,,,,124.4000032E-9,-119.9999973E-3,
,,,124.7999961E-9,519.999980927E-3,,,,,124.7999961E-9,-119.9999973E-3,
,,,125.2000033E-9,519.999980927E-3,,,,,125.2000033E-9,-119.9999973E-3,
,,,125.5999962E-9,479.999989271E-3,,,,,125.5999962E-9,-159.99999642E-3,
,,,126.0000033E-9,479.999989271E-3,,,,,126.0000033E-9,-119.9999973E-3,
,,,126.3999962E-9,479.999989271E-3,,,,,126.3999962E-9,-119.9999973E-3,
,,,126.8000034E-9,479.999989271E-3,,,,,126.8000034E-9,-119.9999973E-3,
,,,127.1999963E-9,479.999989271E-3,,,,,127.1999963E-9,-79.999998212E-3,
,,,127.6000035E-9,439.999997616E-3,,,,,127.6000035E-9,-79.999998212E-3,
,,,127.9999964E-9,479.999989271E-3,,,,,127.9999964E-9,-79.999998212E-3,
,,,128.4000035E-9,479.999989271E-3,,,,,128.4000035E-9,-39.99999911E-3,
,,,128.7999964E-9,519.999980927E-3,,,,,128.7999964E-9,-39.99999911E-3,
,,,129.2000036E-9,560.000002384E-3,,,,,129.2000036E-9,-39.99999911E-3,
,,,129.5999965E-9,560.000002384E-3,,,,,129.5999965E-9,-79.999998212E-3,
,,,130.0000037E-9,560.000002384E-3,,,,,130.0000037E-9,-79.999998212E-3,
,,,130.3999966E-9,560.000002384E-3,,,,,130.3999966E-9,-79.999998212E-3,
,,,130.8000037E-9,560.000002384E-3,,,,,130.8000037E-9,-79.999998212E-3,
,,,131.1999966E-9,560.000002384E-3,,,,,131.1999966E-9,-39.99999911E-3,
,,,131.6000038E-9,519.999980927E-3,,,,,131.6000038E-9,-39.99999911E-3,
,,,131.9999967E-9,519.999980927E-3,,,,,131.9999967E-9,-39.99999911E-3,
,,,132.4000038E-9,519.999980927E-3,,,,,132.4000038E-9,-79.999998212E-3,
,,,132.7999968E-9,479.999989271E-3,,,,,132.7999968E-9,-79.999998212E-3,
,,,133.2000039E-9,519.999980927E-3,,,,,133.2000039E-9,-79.999998212E-3,
,,,133.5999968E-9,519.999980927E-3,,,,,133.5999968E-9,-119.9999973E-3,
,,,134.0000040E-9,519.999980927E-3,,,,,134.0000040E-9,-119.9999973E-3,
,,,134.3999969E-9,519.999980927E-3,,,,,134.3999969E-9,-119.9999973E-3,
,,,134.8000040E-9,519.999980927E-3,,,,,134.8000040E-9,-119.9999973E-3,
,,,135.1999970E-9,519.999980927E-3,,,,,135.1999970E-9,-79.999998212E-3,
,,,135.6000041E-9,519.999980927E-3,,,,,135.6000041E-9,-79.999998212E-3,
,,,135.9999970E-9,519.999980927E-3,,,,,135.9999970E-9,-79.999998212E-3,
,,,136.4000042E-9,519.999980927E-3,,,,,136.4000042E-9,-79.999998212E-3,
,,,136.7999971E-9,519.999980927E-3,,,,,136.7999971E-9,-79.999998212E-3,
,,,137.2000042E-9,519.999980927E-3,,,,,137.2000042E-9,-79.999998212E-3,
,,,137.5999972E-9,519.999980927E-3,,,,,137.5999972E-9,-79.999998212E-3,
,,,138.0000043E-9,519.999980927E-3,,,,,138.0000043E-9,-79.999998212E-3,
,,,138.3999972E-9,560.000002384E-3,,,,,138.3999972E-9,-79.999998212E-3,
,,,138.8000044E-9,560.000002384E-3,,,,,138.8000044E-9,-79.999998212E-3,
,,,139.1999973E-9,560.000002384E-3,,,,,139.1999973E-9,-79.999998212E-3,
,,,139.6000044E-9,519.999980927E-3,,,,,139.6000044E-9,-119.9999973E-3,
,,,139.9999974E-9,519.999980927E-3,,,,,139.9999974E-9,-119.9999973E-3,
,,,140.4000045E-9,519.999980927E-3,,,,,140.4000045E-9,-119.9999973E-3,
,,,140.7999974E-9,519.999980927E-3,,,,,140.7999974E-9,-119.9999973E-3,
,,,141.2000046E-9,560.000002384E-3,,,,,141.2000046E-9,-119.9999973E-3,
,,,141.5999975E-9,560.000002384E-3,,,,,141.5999975E-9,-119.9999973E-3,
,,,142.0000046E-9,560.000002384E-3,,,,,142.0000046E-9,-119.9999973E-3,
,,,142.3999976E-9,560.000002384E-3,,,,,142.3999976E-9,-119.9999973E-3,
,,,142.8000047E-9,560.000002384E-3,,,,,142.8000047E-9,-119.9999973E-3,
,,,143.1999976E-9,560.000002384E-3,,,,,143.1999976E-9,-119.9999973E-3,
,,,143.6000048E-9,560.000002384E-3,,,,,143.6000048E-9,-119.9999973E-3,
,,,143.9999977E-9,560.000002384E-3,,,,,143.9999977E-9,-119.9999973E-3,
,,,144.4000048E-9,560.000002384E-3,,,,,144.4000048E-9,-79.999998212E-3,
,,,144.7999978E-9,560.000002384E-3,,,,,144.7999978E-9,-79.999998212E-3,
,,,145.2000049E-9,560.000002384E-3,,,,,145.2000049E-9,-79.999998212E-3,
,,,145.5999978E-9,560.000002384E-3,,,,,145.5999978E-9,-79.999998212E-3,
,,,146.0000050E-9,560.000002384E-3,,,,,146.0000050E-9,-79.999998212E-3,
,,,146.3999979E-9,560.000002384E-3,,,,,146.3999979E-9,-39.99999911E-3,
,,,146.8000050E-9,560.000002384E-3,,,,,146.8000050E-9,-79.999998212E-3,
,,,147.1999980E-9,560.000002384E-3,,,,,147.1999980E-9,-79.999998212E-3,
,,,147.6000051E-9,560.000002384E-3,,,,,147.6000051E-9,-119.9999973E-3,
,,,147.9999980E-9,560.000002384E-3,,,,,147.9999980E-9,-119.9999973E-3,
,,,148.4000052E-9,519.999980927E-3,,,,,148.4000052E-9,-119.9999973E-3,
,,,148.79999810E-9,519.999980927E-3,,,,,148.79999810E-9,-119.9999973E-3,
,,,149.20000524E-9,519.999980927E-3,,,,,149.20000524E-9,-79.999998212E-3,
,,,149.59999817E-9,519.999980927E-3,,,,,149.59999817E-9,-119.9999973E-3,
,,,150.00000531E-9,519.999980927E-3,,,,,150.00000531E-9,-119.9999973E-3,
,,,150.39999823E-9,519.999980927E-3,,,,,150.39999823E-9,-119.9999973E-3,
,,,150.80000537E-9,519.999980927E-3,,,,,150.80000537E-9,-159.99999642E-3,
,,,151.19999830E-9,519.999980927E-3,,,,,151.19999830E-9,-119.9999973E-3,
,,,151.60000544E-9,519.999980927E-3,,,,,151.60000544E-9,-119.9999973E-3,
,,,151.99999837E-9,519.999980927E-3,,,,,151.99999837E-9,-119.9999973E-3,
,,,152.40000550E-9,560.000002384E-3,,,,,152.40000550E-9,-119.9999973E-3,
,,,152.79999843E-9,560.000002384E-3,,,,,152.79999843E-9,-119.9999973E-3,
,,,153.20000557E-9,560.000002384E-3,,,,,153.20000557E-9,-119.9999973E-3,
,,,153.59999850E-9,560.000002384E-3,,,,,153.59999850E-9,-119.9999973E-3,
,,,154.00000564E-9,560.000002384E-3,,,,,154.00000564E-9,-119.9999973E-3,
,,,154.39999856E-9,560.000002384E-3,,,,,154.39999856E-9,-119.9999973E-3,
,,,154.80000570E-9,560.000002384E-3,,,,,154.80000570E-9,-119.9999973E-3,
,,,155.19999863E-9,560.000002384E-3,,,,,155.19999863E-9,-119.9999973E-3,
,,,155.60000577E-9,560.000002384E-3,,,,,155.60000577E-9,-119.9999973E-3,
,,,155.99999870E-9,560.000002384E-3,,,,,155.99999870E-9,-119.9999973E-3,
,,,156.40000584E-9,560.000002384E-3,,,,,156.40000584E-9,-79.999998212E-3,
,,,156.79999876E-9,560.000002384E-3,,,,,156.79999876E-9,-119.9999973E-3,
,,,157.20000590E-9,560.000002384E-3,,,,,157.20000590E-9,-119.9999973E-3,
,,,157.59999883E-9,560.000002384E-3,,,,,157.59999883E-9,-159.99999642E-3,
,,,158.00000597E-9,560.000002384E-3,,,,,158.00000597E-9,-159.99999642E-3,
,,,158.39999890E-9,560.000002384E-3,,,,,158.39999890E-9,-159.99999642E-3,
,,,158.80000603E-9,560.000002384E-3,,,,,158.80000603E-9,-159.99999642E-3,
,,,159.19999896E-9,560.000002384E-3,,,,,159.19999896E-9,-119.9999973E-3,
,,,159.60000610E-9,560.000002384E-3,,,,,159.60000610E-9,-159.99999642E-3,
,,,159.99999903E-9,560.000002384E-3,,,,,159.99999903E-9,-159.99999642E-3,
,,,160.40000617E-9,599.999964237E-3,,,,,160.40000617E-9,-159.99999642E-3,
,,,160.79999909E-9,599.999964237E-3,,,,,160.79999909E-9,-159.99999642E-3,
,,,161.20000623E-9,599.999964237E-3,,,,,161.20000623E-9,-119.9999973E-3,
,,,161.59999916E-9,599.999964237E-3,,,,,161.59999916E-9,-119.9999973E-3,
,,,162.00000630E-9,599.999964237E-3,,,,,162.00000630E-9,-119.9999973E-3,
,,,162.39999923E-9,560.000002384E-3,,,,,162.39999923E-9,-119.9999973E-3,
,,,162.80000636E-9,519.999980927E-3,,,,,162.80000636E-9,-119.9999973E-3,
,,,163.19999929E-9,519.999980927E-3,,,,,163.19999929E-9,-79.999998212E-3,
,,,163.60000643E-9,479.999989271E-3,,,,,163.60000643E-9,-79.999998212E-3,
,,,163.99999936E-9,479.999989271E-3,,,,,163.99999936E-9,-79.999998212E-3,
,,,164.40000650E-9,519.999980927E-3,,,,,164.40000650E-9,-119.9999973E-3,
,,,164.79999942E-9,519.999980927E-3,,,,,164.79999942E-9,-159.99999642E-3,
,,,165.20000656E-9,560.000002384E-3,,,,,165.20000656E-9,-159.99999642E-3,
,,,165.59999949E-9,560.000002384E-3,,,,,165.59999949E-9,-199.99998808E-3,
,,,166.00000663E-9,560.000002384E-3,,,,,166.00000663E-9,-199.99998808E-3,
,,,166.39999956E-9,519.999980927E-3,,,,,166.39999956E-9,-199.99998808E-3,
,,,166.80000670E-9,519.999980927E-3,,,,,166.80000670E-9,-199.99998808E-3,
,,,167.19999962E-9,519.999980927E-3,,,,,167.19999962E-9,-159.99999642E-3,
,,,167.60000676E-9,479.999989271E-3,,,,,167.60000676E-9,-199.99998808E-3,
,,,167.99999969E-9,519.999980927E-3,,,,,167.99999969E-9,-199.99998808E-3,
,,,168.40000683E-9,519.999980927E-3,,,,,168.40000683E-9,-199.99998808E-3,
,,,168.79999976E-9,519.999980927E-3,,,,,168.79999976E-9,-199.99998808E-3,
,,,169.20000689E-9,560.000002384E-3,,,,,169.20000689E-9,-159.99999642E-3,
,,,169.59999982E-9,560.000002384E-3,,,,,169.59999982E-9,-159.99999642E-3,
,,,170.00000696E-9,560.000002384E-3,,,,,170.00000696E-9,-159.99999642E-3,
,,,170.39999989E-9,599.999964237E-3,,,,,170.39999989E-9,-159.99999642E-3,
,,,170.80000703E-9,599.999964237E-3,,,,,170.80000703E-9,-159.99999642E-3,
,,,171.19999995E-9,599.999964237E-3,,,,,171.19999995E-9,-159.99999642E-3,
,,,171.60000709E-9,560.000002384E-3,,,,,171.60000709E-9,-159.99999642E-3,
,,,172.00000002E-9,560.000002384E-3,,,,,172.00000002E-9,-159.99999642E-3,
,,,172.40000716E-9,560.000002384E-3,,,,,172.40000716E-9,-159.99999642E-3,
,,,172.80000009E-9,519.999980927E-3,,,,,172.80000009E-9,-159.99999642E-3,
,,,173.20000723E-9,560.000002384E-3,,,,,173.20000723E-9,-119.9999973E-3,
,,,173.60000015E-9,560.000002384E-3,,,,,173.60000015E-9,-119.9999973E-3,
,,,174.00000729E-9,560.000002384E-3,,,,,174.00000729E-9,-119.9999973E-3,
,,,174.40000022E-9,599.999964237E-3,,,,,174.40000022E-9,-159.99999642E-3,
,,,174.80000736E-9,599.999964237E-3,,,,,174.80000736E-9,-159.99999642E-3,
,,,175.20000029E-9,639.999985695E-3,,,,,175.20000029E-9,-159.99999642E-3,
,,,175.60000742E-9,639.999985695E-3,,,,,175.60000742E-9,-199.99998808E-3,
,,,176.00000035E-9,639.999985695E-3,,,,,176.00000035E-9,-159.99999642E-3,
,,,176.40000749E-9,599.999964237E-3,,,,,176.40000749E-9,-159.99999642E-3,
,,,176.80000042E-9,599.999964237E-3,,,,,176.80000042E-9,-159.99999642E-3,
,,,177.20000756E-9,599.999964237E-3,,,,,177.20000756E-9,-119.9999973E-3,
,,,177.60000048E-9,599.999964237E-3,,,,,177.60000048E-9,-119.9999973E-3,
,,,178.00000762E-9,599.999964237E-3,,,,,178.00000762E-9,-119.9999973E-3,
,,,178.40000055E-9,639.999985695E-3,,,,,178.40000055E-9,-119.9999973E-3,
,,,178.80000769E-9,639.999985695E-3,,,,,178.80000769E-9,-119.9999973E-3,
,,,179.20000062E-9,639.999985695E-3,,,,,179.20000062E-9,-119.9999973E-3,
,,,179.60000775E-9,639.999985695E-3,,,,,179.60000775E-9,-159.99999642E-3,
,,,180.00000068E-9,639.999985695E-3,,,,,180.00000068E-9,-159.99999642E-3,
,,,180.40000782E-9,639.999985695E-3,,,,,180.40000782E-9,-159.99999642E-3,
,,,180.80000075E-9,639.999985695E-3,,,,,180.80000075E-9,-159.99999642E-3,
,,,181.20000789E-9,639.999985695E-3,,,,,181.20000789E-9,-119.9999973E-3,
,,,181.60000081E-9,599.999964237E-3,,,,,181.60000081E-9,-159.99999642E-3,
,,,182.00000795E-9,599.999964237E-3,,,,,182.00000795E-9,-159.99999642E-3,
,,,182.40000088E-9,599.999964237E-3,,,,,182.40000088E-9,-159.99999642E-3,
,,,182.80000802E-9,599.999964237E-3,,,,,182.80000802E-9,-159.99999642E-3,
,,,183.20000095E-9,639.999985695E-3,,,,,183.20000095E-9,-159.99999642E-3,
,,,183.60000809E-9,599.999964237E-3,,,,,183.60000809E-9,-199.99998808E-3,
,,,184.00000101E-9,599.999964237E-3,,,,,184.00000101E-9,-199.99998808E-3,
,,,184.40000815E-9,599.999964237E-3,,,,,184.40000815E-9,-199.99998808E-3,
,,,184.80000108E-9,560.000002384E-3,,,,,184.80000108E-9,-199.99998808E-3,
,,,185.20000822E-9,599.999964237E-3,,,,,185.20000822E-9,-159.99999642E-3,
,,,185.60000115E-9,599.999964237E-3,,,,,185.60000115E-9,-159.99999642E-3,
,,,186.00000828E-9,599.999964237E-3,,,,,186.00000828E-9,-159.99999642E-3,
,,,186.40000121E-9,639.999985695E-3,,,,,186.40000121E-9,-159.99999642E-3,
,,,186.80000835E-9,639.999985695E-3,,,,,186.80000835E-9,-159.99999642E-3,
,,,187.20000128E-9,639.999985695E-3,,,,,187.20000128E-9,-119.9999973E-3,
,,,187.60000842E-9,639.999985695E-3,,,,,187.60000842E-9,-119.9999973E-3,
,,,188.00000134E-9,639.999985695E-3,,,,,188.00000134E-9,-119.9999973E-3,
,,,188.40000848E-9,639.999985695E-3,,,,,188.40000848E-9,-119.9999973E-3,
,,,188.80000141E-9,639.999985695E-3,,,,,188.80000141E-9,-119.9999973E-3,
,,,189.20000855E-9,639.999985695E-3,,,,,189.20000855E-9,-79.999998212E-3,
,,,189.60000148E-9,599.999964237E-3,,,,,189.60000148E-9,-119.9999973E-3,
,,,190.00000862E-9,599.999964237E-3,,,,,190.00000862E-9,-119.9999973E-3,
,,,190.40000154E-9,599.999964237E-3,,,,,190.40000154E-9,-119.9999973E-3,
,,,190.80000868E-9,599.999964237E-3,,,,,190.80000868E-9,-159.99999642E-3,
,,,191.20000161E-9,599.999964237E-3,,,,,191.20000161E-9,-119.9999973E-3,
,,,191.60000875E-9,599.999964237E-3,,,,,191.60000875E-9,-119.9999973E-3,
,,,192.00000168E-9,599.999964237E-3,,,,,192.00000168E-9,-79.999998212E-3,
,,,192.40000881E-9,560.000002384E-3,,,,,192.40000881E-9,-119.9999973E-3,
,,,192.80000174E-9,560.000002384E-3,,,,,192.80000174E-9,-159.99999642E-3,
,,,193.20000888E-9,560.000002384E-3,,,,,193.20000888E-9,-159.99999642E-3,
,,,193.60000181E-9,519.999980927E-3,,,,,193.60000181E-9,-199.99998808E-3,
,,,194.00000895E-9,560.000002384E-3,,,,,194.00000895E-9,-199.99998808E-3,
,,,194.40000187E-9,560.000002384E-3,,,,,194.40000187E-9,-159.99999642E-3,
,,,194.80000901E-9,560.000002384E-3,,,,,194.80000901E-9,-159.99999642E-3,
,,,195.20000194E-9,599.999964237E-3,,,,,195.20000194E-9,-119.9999973E-3,
,,,195.60000908E-9,560.000002384E-3,,,,,195.60000908E-9,-119.9999973E-3,
,,,196.00000201E-9,560.000002384E-3,,,,,196.00000201E-9,-119.9999973E-3,
,,,196.40000914E-9,560.000002384E-3,,,,,196.40000914E-9,-119.9999973E-3,
,,,196.80000207E-9,560.000002384E-3,,,,,196.80000207E-9,-119.9999973E-3,
,,,197.20000921E-9,599.999964237E-3,,,,,197.20000921E-9,-79.999998212E-3,
,,,197.60000214E-9,599.999964237E-3,,,,,197.60000214E-9,-79.999998212E-3,
,,,198.00000928E-9,639.999985695E-3,,,,,198.00000928E-9,-79.999998212E-3,
,,,198.40000220E-9,599.999964237E-3,,,,,198.40000220E-9,-79.999998212E-3,
,,,198.80000934E-9,599.999964237E-3,,,,,198.80000934E-9,-79.999998212E-3,
,,,199.20000227E-9,599.999964237E-3,,,,,199.20000227E-9,-79.999998212E-3,
,,,199.60000941E-9,560.000002384E-3,,,,,199.60000941E-9,-79.999998212E-3,
,,,200.00000234E-9,599.999964237E-3,,,,,200.00000234E-9,-79.999998212E-3,
,,,200.40000948E-9,599.999964237E-3,,,,,200.40000948E-9,-79.999998212E-3,
,,,200.80000240E-9,599.999964237E-3,,,,,200.80000240E-9,-79.999998212E-3,
,,,201.20000954E-9,639.999985695E-3,,,,,201.20000954E-9,-79.999998212E-3,
,,,201.60000247E-9,599.999964237E-3,,,,,201.60000247E-9,-79.999998212E-3,
,,,202.00000961E-9,599.999964237E-3,,,,,202.00000961E-9,-79.999998212E-3,
,,,202.40000254E-9,599.999964237E-3,,,,,202.40000254E-9,-79.999998212E-3,
,,,202.79999546E-9,599.999964237E-3,,,,,202.79999546E-9,-79.999998212E-3,
,,,203.20000260E-9,599.999964237E-3,,,,,203.20000260E-9,-79.999998212E-3,
,,,203.59999553E-9,560.000002384E-3,,,,,203.59999553E-9,-79.999998212E-3,
,,,204.00000267E-9,560.000002384E-3,,,,,204.00000267E-9,-79.999998212E-3,
,,,204.39999560E-9,560.000002384E-3,,,,,204.39999560E-9,-79.999998212E-3,
,,,204.80000273E-9,560.000002384E-3,,,,,204.80000273E-9,-79.999998212E-3,
,,,205.19999566E-9,560.000002384E-3,,,,,205.19999566E-9,-79.999998212E-3,
,,,205.60000280E-9,560.000002384E-3,,,,,205.60000280E-9,-79.999998212E-3,
,,,205.99999573E-9,560.000002384E-3,,,,,205.99999573E-9,-79.999998212E-3,
,,,206.40000287E-9,560.000002384E-3,,,,,206.40000287E-9,-79.999998212E-3,
,,,206.79999579E-9,560.000002384E-3,,,,,206.79999579E-9,-79.999998212E-3,
,,,207.20000293E-9,560.000002384E-3,,,,,207.20000293E-9,-79.999998212E-3,
,,,207.59999586E-9,560.000002384E-3,,,,,207.59999586E-9,-79.999998212E-3,
,,,208.00000300E-9,560.000002384E-3,,,,,208.00000300E-9,-79.999998212E-3,
,,,208.39999593E-9,599.999964237E-3,,,,,208.39999593E-9,-79.999998212E-3,
,,,208.80000307E-9,599.999964237E-3,,,,,208.80000307E-9,-79.999998212E-3,
,,,209.19999599E-9,599.999964237E-3,,,,,209.19999599E-9,-79.999998212E-3,
,,,209.60000313E-9,560.000002384E-3,,,,,209.60000313E-9,-79.999998212E-3,
,,,209.99999606E-9,560.000002384E-3,,,,,209.99999606E-9,-79.999998212E-3,
,,,210.40000320E-9,560.000002384E-3,,,,,210.40000320E-9,-79.999998212E-3,
,,,210.79999613E-9,560.000002384E-3,,,,,210.79999613E-9,-79.999998212E-3,
,,,211.20000326E-9,599.999964237E-3,,,,,211.20000326E-9,-39.99999911E-3,
,,,211.59999619E-9,599.999964237E-3,,,,,211.59999619E-9,-39.99999911E-3,
,,,212.00000333E-9,599.999964237E-3,,,,,212.00000333E-9,-39.99999911E-3,
,,,212.39999626E-9,560.000002384E-3,,,,,212.39999626E-9,-79.999998212E-3,
,,,212.80000340E-9,560.000002384E-3,,,,,212.80000340E-9,-79.999998212E-3,
,,,213.19999632E-9,560.000002384E-3,,,,,213.19999632E-9,-79.999998212E-3,
,,,213.60000346E-9,560.000002384E-3,,,,,213.60000346E-9,-79.999998212E-3,
,,,213.99999639E-9,560.000002384E-3,,,,,213.99999639E-9,-79.999998212E-3,
,,,214.40000353E-9,560.000002384E-3,,,,,214.40000353E-9,-79.999998212E-3,
,,,214.79999646E-9,560.000002384E-3,,,,,214.79999646E-9,-79.999998212E-3,
,,,215.20000359E-9,560.000002384E-3,,,,,215.20000359E-9,-79.999998212E-3,
,,,215.59999652E-9,560.000002384E-3,,,,,215.59999652E-9,-79.999998212E-3,
,,,216.00000366E-9,560.000002384E-3,,,,,216.00000366E-9,-79.999998212E-3,
,,,216.39999659E-9,599.999964237E-3,,,,,216.39999659E-9,-39.99999911E-3,
,,,216.80000373E-9,599.999964237E-3,,,,,216.80000373E-9,-39.99999911E-3,
,,,217.19999665E-9,599.999964237E-3,,,,,217.19999665E-9,-39.99999911E-3,
,,,217.60000379E-9,560.000002384E-3,,,,,217.60000379E-9,-39.99999911E-3,
,,,217.99999672E-9,560.000002384E-3,,,,,217.99999672E-9,-39.99999911E-3,
,,,218.40000386E-9,560.000002384E-3,,,,,218.40000386E-9,-39.99999911E-3,
,,,218.79999679E-9,519.999980927E-3,,,,,218.79999679E-9,-39.99999911E-3,
,,,219.20000393E-9,560.000002384E-3,,,,,219.20000393E-9,-39.99999911E-3,
,,,219.59999685E-9,560.000002384E-3,,,,,219.59999685E-9,-39.99999911E-3,
,,,220.00000399E-9,560.000002384E-3,,,,,220.00000399E-9,-39.99999911E-3,
,,,220.39999692E-9,599.999964237E-3,,,,,220.39999692E-9,-39.99999911E-3,
,,,220.80000406E-9,599.999964237E-3,,,,,220.80000406E-9,-39.99999911E-3,
,,,221.19999699E-9,599.999964237E-3,,,,,221.19999699E-9,-39.99999911E-3,
,,,221.60000412E-9,599.999964237E-3,,,,,221.60000412E-9,-39.99999911E-3,
,,,221.99999705E-9,599.999964237E-3,,,,,221.99999705E-9,-39.99999911E-3,
,,,222.40000419E-9,599.999964237E-3,,,,,222.40000419E-9,-39.99999911E-3,
,,,222.79999712E-9,599.999964237E-3,,,,,222.79999712E-9,-39.99999911E-3,
,,,223.20000426E-9,599.999964237E-3,,,,,223.20000426E-9,0.0,
,,,223.59999718E-9,599.999964237E-3,,,,,223.59999718E-9,-39.99999911E-3,
,,,224.00000432E-9,599.999964237E-3,,,,,224.00000432E-9,-39.99999911E-3,
,,,224.39999725E-9,599.999964237E-3,,,,,224.39999725E-9,-39.99999911E-3,
,,,224.80000439E-9,599.999964237E-3,,,,,224.80000439E-9,-39.99999911E-3,
,,,225.19999732E-9,599.999964237E-3,,,,,225.19999732E-9,-39.99999911E-3,
,,,225.60000446E-9,599.999964237E-3,,,,,225.60000446E-9,-39.99999911E-3,
,,,225.99999738E-9,599.999964237E-3,,,,,225.99999738E-9,-39.99999911E-3,
,,,226.40000452E-9,639.999985695E-3,,,,,226.40000452E-9,-79.999998212E-3,
,,,226.79999745E-9,639.999985695E-3,,,,,226.79999745E-9,-79.999998212E-3,
,,,227.20000459E-9,639.999985695E-3,,,,,227.20000459E-9,-79.999998212E-3,
,,,227.59999752E-9,599.999964237E-3,,,,,227.59999752E-9,-119.9999973E-3,
,,,228.00000465E-9,599.999964237E-3,,,,,228.00000465E-9,-79.999998212E-3,
,,,228.39999758E-9,599.999964237E-3,,,,,228.39999758E-9,-79.999998212E-3,
,,,228.80000472E-9,599.999964237E-3,,,,,228.80000472E-9,-79.999998212E-3,
,,,229.19999765E-9,599.999964237E-3,,,,,229.19999765E-9,-39.99999911E-3,
,,,229.60000479E-9,599.999964237E-3,,,,,229.60000479E-9,-39.99999911E-3,
,,,229.99999771E-9,599.999964237E-3,,,,,229.99999771E-9,-39.99999911E-3,
,,,230.40000485E-9,599.999964237E-3,,,,,230.40000485E-9,-79.999998212E-3,
,,,230.79999778E-9,599.999964237E-3,,,,,230.79999778E-9,-79.999998212E-3,
,,,231.20000492E-9,639.999985695E-3,,,,,231.20000492E-9,-79.999998212E-3,
,,,231.59999785E-9,639.999985695E-3,,,,,231.59999785E-9,-79.999998212E-3,
,,,232.00000498E-9,639.999985695E-3,,,,,232.00000498E-9,-79.999998212E-3,
,,,232.39999791E-9,639.999985695E-3,,,,,232.39999791E-9,-39.99999911E-3,
,,,232.80000505E-9,639.999985695E-3,,,,,232.80000505E-9,-39.99999911E-3,
,,,233.19999798E-9,639.999985695E-3,,,,,233.19999798E-9,-39.99999911E-3,
,,,233.60000512E-9,639.999985695E-3,,,,,233.60000512E-9,-79.999998212E-3,
,,,233.99999804E-9,639.999985695E-3,,,,,233.99999804E-9,-79.999998212E-3,
,,,234.40000518E-9,639.999985695E-3,,,,,234.40000518E-9,-79.999998212E-3,
,,,234.79999811E-9,639.999985695E-3,,,,,234.79999811E-9,-79.999998212E-3,
,,,235.20000525E-9,639.999985695E-3,,,,,235.20000525E-9,-79.999998212E-3,
,,,235.59999818E-9,639.999985695E-3,,,,,235.59999818E-9,-119.9999973E-3,
,,,236.00000532E-9,639.999985695E-3,,,,,236.00000532E-9,-119.9999973E-3,
,,,236.39999824E-9,639.999985695E-3,,,,,236.39999824E-9,-119.9999973E-3,
,,,236.80000538E-9,639.999985695E-3,,,,,236.80000538E-9,-119.9999973E-3,
,,,237.19999831E-9,680.000007153E-3,,,,,237.19999831E-9,-119.9999973E-3,
,,,237.60000545E-9,639.999985695E-3,,,,,237.60000545E-9,-119.9999973E-3,
,,,237.99999838E-9,639.999985695E-3,,,,,237.99999838E-9,-119.9999973E-3,
,,,238.40000551E-9,639.999985695E-3,,,,,238.40000551E-9,-119.9999973E-3,
,,,238.79999844E-9,639.999985695E-3,,,,,238.79999844E-9,-119.9999973E-3,
,,,239.20000558E-9,639.999985695E-3,,,,,239.20000558E-9,-79.999998212E-3,
,,,239.60001272E-9,639.999985695E-3,,,,,239.60001272E-9,-79.999998212E-3,
,,,239.99999144E-9,639.999985695E-3,,,,,239.99999144E-9,-79.999998212E-3,
,,,240.39999857E-9,639.999985695E-3,,,,,240.39999857E-9,-79.999998212E-3,
,,,240.80000571E-9,639.999985695E-3,,,,,240.80000571E-9,-79.999998212E-3,
,,,241.20001285E-9,680.000007153E-3,,,,,241.20001285E-9,-39.99999911E-3,
,,,241.59999157E-9,680.000007153E-3,,,,,241.59999157E-9,-79.999998212E-3,
,,,241.99999871E-9,680.000007153E-3,,,,,241.99999871E-9,-79.999998212E-3,
,,,242.40000585E-9,680.000007153E-3,,,,,242.40000585E-9,-119.9999973E-3,
,,,242.80001298E-9,680.000007153E-3,,,,,242.80001298E-9,-119.9999973E-3,
,,,243.19999170E-9,680.000007153E-3,,,,,243.19999170E-9,-119.9999973E-3,
,,,243.59999884E-9,680.000007153E-3,,,,,243.59999884E-9,-119.9999973E-3,
,,,244.00000598E-9,680.000007153E-3,,,,,244.00000598E-9,-119.9999973E-3,
,,,244.40001312E-9,719.999969006E-3,,,,,244.40001312E-9,-79.999998212E-3,
,,,244.79999183E-9,719.999969006E-3,,,,,244.79999183E-9,-79.999998212E-3,
,,,245.19999897E-9,719.999969006E-3,,,,,245.19999897E-9,-39.99999911E-3,
,,,245.60000611E-9,680.000007153E-3,,,,,245.60000611E-9,-79.999998212E-3,
,,,246.00001325E-9,680.000007153E-3,,,,,246.00001325E-9,-79.999998212E-3,
,,,246.39999197E-9,680.000007153E-3,,,,,246.39999197E-9,-119.9999973E-3,
,,,246.79999910E-9,680.000007153E-3,,,,,246.79999910E-9,-119.9999973E-3,
,,,247.20000624E-9,680.000007153E-3,,,,,247.20000624E-9,-119.9999973E-3,
,,,247.60001338E-9,680.000007153E-3,,,,,247.60001338E-9,-119.9999973E-3,
,,,247.99999210E-9,680.000007153E-3,,,,,247.99999210E-9,-119.9999973E-3,
,,,248.39999924E-9,680.000007153E-3,,,,,248.39999924E-9,-119.9999973E-3,
,,,248.80000637E-9,680.000007153E-3,,,,,248.80000637E-9,-119.9999973E-3,
,,,249.20001351E-9,719.999969006E-3,,,,,249.20001351E-9,-119.9999973E-3,
,,,249.59999223E-9,680.000007153E-3,,,,,249.59999223E-9,-119.9999973E-3,
,,,249.99999937E-9,680.000007153E-3,,,,,249.99999937E-9,-119.9999973E-3,
,,,250.40000651E-9,680.000007153E-3,,,,,250.40000651E-9,-79.999998212E-3,
,,,250.80001365E-9,680.000007153E-3,,,,,250.80001365E-9,-79.999998212E-3,
,,,251.19999236E-9,680.000007153E-3,,,,,251.19999236E-9,-79.999998212E-3,
,,,251.59999950E-9,680.000007153E-3,,,,,251.59999950E-9,-79.999998212E-3,
,,,252.00000664E-9,680.000007153E-3,,,,,252.00000664E-9,-79.999998212E-3,
,,,252.40001378E-9,680.000007153E-3,,,,,252.40001378E-9,-119.9999973E-3,
,,,252.79999250E-9,680.000007153E-3,,,,,252.79999250E-9,-119.9999973E-3,
,,,253.19999963E-9,719.999969006E-3,,,,,253.19999963E-9,-119.9999973E-3,
,,,253.60000677E-9,680.000007153E-3,,,,,253.60000677E-9,-119.9999973E-3,
,,,254.00001391E-9,680.000007153E-3,,,,,254.00001391E-9,-119.9999973E-3,
,,,254.39999263E-9,680.000007153E-3,,,,,254.39999263E-9,-119.9999973E-3,
,,,254.79999977E-9,680.000007153E-3,,,,,254.79999977E-9,-119.9999973E-3,
,,,255.20000690E-9,719.999969006E-3,,,,,255.20000690E-9,-119.9999973E-3,
,,,255.60001404E-9,680.000007153E-3,,,,,255.60001404E-9,-159.99999642E-3,
,,,255.99999276E-9,680.000007153E-3,,,,,255.99999276E-9,-159.99999642E-3,
,,,256.39999990E-9,680.000007153E-3,,,,,256.39999990E-9,-159.99999642E-3,
,,,256.80000704E-9,680.000007153E-3,,,,,256.80000704E-9,-159.99999642E-3,
,,,257.20001418E-9,719.999969006E-3,,,,,257.20001418E-9,-119.9999973E-3,
,,,257.59999289E-9,719.999969006E-3,,,,,257.59999289E-9,-119.9999973E-3,
,,,258.00000003E-9,719.999969006E-3,,,,,258.00000003E-9,-119.9999973E-3,
,,,258.40000717E-9,680.000007153E-3,,,,,258.40000717E-9,-119.9999973E-3,
,,,258.80001431E-9,680.000007153E-3,,,,,258.80001431E-9,-119.9999973E-3,
,,,259.19999302E-9,680.000007153E-3,,,,,259.19999302E-9,-119.9999973E-3,
,,,259.60000016E-9,680.000007153E-3,,,,,259.60000016E-9,-119.9999973E-3,
,,,260.00000730E-9,680.000007153E-3,,,,,260.00000730E-9,-119.9999973E-3,
,,,260.40001444E-9,719.999969006E-3,,,,,260.40001444E-9,-119.9999973E-3,
,,,260.79999316E-9,719.999969006E-3,,,,,260.79999316E-9,-119.9999973E-3,
,,,261.20000030E-9,719.999969006E-3,,,,,261.20000030E-9,-79.999998212E-3,
,,,261.60000743E-9,680.000007153E-3,,,,,261.60000743E-9,-119.9999973E-3,
,,,262.00001457E-9,680.000007153E-3,,,,,262.00001457E-9,-119.9999973E-3,
,,,262.39999329E-9,680.000007153E-3,,,,,262.39999329E-9,-119.9999973E-3,
,,,262.80000043E-9,680.000007153E-3,,,,,262.80000043E-9,-119.9999973E-3,
,,,263.20000757E-9,680.000007153E-3,,,,,263.20000757E-9,-79.999998212E-3,
,,,263.60001470E-9,639.999985695E-3,,,,,263.60001470E-9,-79.999998212E-3,
,,,263.99999342E-9,639.999985695E-3,,,,,263.99999342E-9,-79.999998212E-3,
,,,264.40000056E-9,639.999985695E-3,,,,,264.40000056E-9,-119.9999973E-3,
,,,264.80000770E-9,599.999964237E-3,,,,,264.80000770E-9,-159.99999642E-3,
,,,265.20001484E-9,639.999985695E-3,,,,,265.20001484E-9,-159.99999642E-3,
,,,265.59999355E-9,639.999985695E-3,,,,,265.59999355E-9,-199.99998808E-3,
,,,266.00000069E-9,639.999985695E-3,,,,,266.00000069E-9,-199.99998808E-3,
,,,266.40000783E-9,680.000007153E-3,,,,,266.40000783E-9,-159.99999642E-3,
,,,266.80001497E-9,680.000007153E-3,,,,,266.80001497E-9,-159.99999642E-3,
,,,267.19999369E-9,680.000007153E-3,,,,,267.19999369E-9,-119.9999973E-3,
,,,267.60000083E-9,680.000007153E-3,,,,,267.60000083E-9,-119.9999973E-3,
,,,268.00000796E-9,680.000007153E-3,,,,,268.00000796E-9,-119.9999973E-3,
,,,268.40001510E-9,680.000007153E-3,,,,,268.40001510E-9,-79.999998212E-3,
,,,268.79999382E-9,680.000007153E-3,,,,,268.79999382E-9,-79.999998212E-3,
,,,269.20000096E-9,680.000007153E-3,,,,,269.20000096E-9,-79.999998212E-3,
,,,269.60000810E-9,680.000007153E-3,,,,,269.60000810E-9,-119.9999973E-3,
,,,270.00001523E-9,680.000007153E-3,,,,,270.00001523E-9,-119.9999973E-3,
,,,270.39999395E-9,680.000007153E-3,,,,,270.39999395E-9,-119.9999973E-3,
,,,270.80000109E-9,680.000007153E-3,,,,,270.80000109E-9,-159.99999642E-3,
,,,271.20000823E-9,680.000007153E-3,,,,,271.20000823E-9,-119.9999973E-3,
,,,271.60001537E-9,680.000007153E-3,,,,,271.60001537E-9,-119.9999973E-3,
,,,271.99999408E-9,680.000007153E-3,,,,,271.99999408E-9,-119.9999973E-3,
,,,272.40000122E-9,680.000007153E-3,,,,,272.40000122E-9,-79.999998212E-3,
,,,272.80000836E-9,680.000007153E-3,,,,,272.80000836E-9,-79.999998212E-3,
,,,273.20001550E-9,680.000007153E-3,,,,,273.20001550E-9,-39.99999911E-3,
,,,273.59999422E-9,639.999985695E-3,,,,,273.59999422E-9,-79.999998212E-3,
,,,274.00000135E-9,639.999985695E-3,,,,,274.00000135E-9,-79.999998212E-3,
,,,274.40000849E-9,639.999985695E-3,,,,,274.40000849E-9,-79.999998212E-3,
,,,274.80001563E-9,599.999964237E-3,,,,,274.80001563E-9,-79.999998212E-3,
,,,275.19999435E-9,639.999985695E-3,,,,,275.19999435E-9,-79.999998212E-3,
,,,275.60000149E-9,639.999985695E-3,,,,,275.60000149E-9,-79.999998212E-3,
,,,276.00000863E-9,639.999985695E-3,,,,,276.00000863E-9,-79.999998212E-3,
,,,276.40001576E-9,680.000007153E-3,,,,,276.40001576E-9,-79.999998212E-3,
,,,276.79999448E-9,680.000007153E-3,,,,,276.79999448E-9,-79.999998212E-3,
,,,277.20000162E-9,680.000007153E-3,,,,,277.20000162E-9,-39.99999911E-3,
,,,277.60000876E-9,639.999985695E-3,,,,,277.60000876E-9,-39.99999911E-3,
,,,278.00001590E-9,639.999985695E-3,,,,,278.00001590E-9,-39.99999911E-3,
,,,278.39999461E-9,639.999985695E-3,,,,,278.39999461E-9,-39.99999911E-3,
,,,278.80000175E-9,599.999964237E-3,,,,,278.80000175E-9,-39.99999911E-3,
,,,279.20000889E-9,639.999985695E-3,,,,,279.20000889E-9,-39.99999911E-3,
,,,279.60001603E-9,639.999985695E-3,,,,,279.60001603E-9,-79.999998212E-3,
,,,279.99999475E-9,680.000007153E-3,,,,,279.99999475E-9,-79.999998212E-3,
,,,280.40000188E-9,639.999985695E-3,,,,,280.40000188E-9,-79.999998212E-3,
,,,280.80000902E-9,599.999964237E-3,,,,,280.80000902E-9,-119.9999973E-3,
,,,281.20001616E-9,599.999964237E-3,,,,,281.20001616E-9,-79.999998212E-3,
,,,281.59999488E-9,599.999964237E-3,,,,,281.59999488E-9,-79.999998212E-3,
,,,282.00000202E-9,599.999964237E-3,,,,,282.00000202E-9,-79.999998212E-3,
,,,282.40000916E-9,639.999985695E-3,,,,,282.40000916E-9,-39.99999911E-3,
,,,282.80001629E-9,680.000007153E-3,,,,,282.80001629E-9,-39.99999911E-3,
,,,283.19999501E-9,719.999969006E-3,,,,,283.19999501E-9,0.0,
,,,283.60000215E-9,639.999985695E-3,,,,,283.60000215E-9,-39.99999911E-3,
,,,284.00000929E-9,560.000002384E-3,,,,,284.00000929E-9,-39.99999911E-3,
,,,284.40001643E-9,519.999980927E-3,,,,,284.40001643E-9,-39.99999911E-3,
,,,284.79999514E-9,560.000002384E-3,,,,,284.79999514E-9,-39.99999911E-3,
,,,285.20000228E-9,599.999964237E-3,,,,,285.20000228E-9,0.0,
,,,285.60000942E-9,680.000007153E-3,,,,,285.60000942E-9,0.0,
,,,286.00001656E-9,759.999990463E-3,,,,,286.00001656E-9,0.0,
,,,286.39999528E-9,759.999990463E-3,,,,,286.39999528E-9,-39.99999911E-3,
,,,286.80000241E-9,639.999985695E-3,,,,,286.80000241E-9,-39.99999911E-3,
,,,287.20000955E-9,560.000002384E-3,,,,,287.20000955E-9,-39.99999911E-3,
,,,287.60001669E-9,560.000002384E-3,,,,,287.60001669E-9,0.0,
,,,287.99999541E-9,599.999964237E-3,,,,,287.99999541E-9,39.99999911E-3,
,,,288.40000255E-9,680.000007153E-3,,,,,288.40000255E-9,39.99999911E-3,
,,,288.80000968E-9,799.999952316E-3,,,,,288.80000968E-9,39.99999911E-3,
,,,289.20001682E-9,879.999995232E-3,,,,,289.20001682E-9,0.0,
,,,289.59999554E-9,759.999990463E-3,,,,,289.59999554E-9,-79.999998212E-3,
,,,290.00000268E-9,599.999964237E-3,,,,,290.00000268E-9,-79.999998212E-3,
,,,290.40000982E-9,519.999980927E-3,,,,,290.40000982E-9,-39.99999911E-3,
,,,290.80001696E-9,519.999980927E-3,,,,,290.80001696E-9,119.9999973E-3,
,,,291.19999567E-9,599.999964237E-3,,,,,291.19999567E-9,239.99999464E-3,
,,,291.60000281E-9,719.999969006E-3,,,,,291.60000281E-9,199.99998808E-3,
,,,292.00000995E-9,799.999952316E-3,,,,,292.00000995E-9,159.99999642E-3,
,,,292.40001709E-9,759.999990463E-3,,,,,292.40001709E-9,79.999998212E-3,
,,,292.79999580E-9,599.999964237E-3,,,,,292.79999580E-9,39.99999911E-3,
,,,293.20000294E-9,479.999989271E-3,,,,,293.20000294E-9,79.999998212E-3,
,,,293.60001008E-9,439.999997616E-3,,,,,293.60001008E-9,199.99998808E-3,
,,,294.00001722E-9,519.999980927E-3,,,,,294.00001722E-9,319.99999285E-3,
,,,294.39999594E-9,599.999964237E-3,,,,,294.39999594E-9,280.00000119E-3,
,,,294.80000308E-9,719.999969006E-3,,,,,294.80000308E-9,119.9999973E-3,
,,,295.20001021E-9,799.999952316E-3,,,,,295.20001021E-9,-39.99999911E-3,
,,,295.60001735E-9,680.000007153E-3,,,,,295.60001735E-9,-39.99999911E-3,
,,,295.99999607E-9,599.999964237E-3,,,,,295.99999607E-9,0.0,
,,,296.40000321E-9,560.000002384E-3,,,,,296.40000321E-9,119.9999973E-3,
,,,296.80001035E-9,639.999985695E-3,,,,,296.80001035E-9,280.00000119E-3,
,,,297.20001749E-9,759.999990463E-3,,,,,297.20001749E-9,319.99999285E-3,
,,,297.59999620E-9,799.999952316E-3,,,,,297.59999620E-9,79.999998212E-3,
,,,298.00000334E-9,839.999973774E-3,,,,,298.00000334E-9,-119.9999973E-3,
,,,298.40001048E-9,759.999990463E-3,,,,,298.40001048E-9,-159.99999642E-3,
,,,298.80001762E-9,599.999964237E-3,,,,,298.80001762E-9,-39.99999911E-3,
,,,299.19999633E-9,519.999980927E-3,,,,,299.19999633E-9,159.99999642E-3,
,,,299.60000347E-9,639.999985695E-3,,,,,299.60000347E-9,239.99999464E-3,
,,,300.00001061E-9,799.999952316E-3,,,,,300.00001061E-9,239.99999464E-3,
,,,300.40001775E-9,879.999995232E-3,,,,,300.40001775E-9,119.9999973E-3,
,,,300.79999647E-9,839.999973774E-3,,,,,300.79999647E-9,-79.999998212E-3,
,,,301.20000361E-9,799.999952316E-3,,,,,301.20000361E-9,-199.99998808E-3,
,,,301.60001074E-9,680.000007153E-3,,,,,301.60001074E-9,0.0,
,,,302.00001788E-9,560.000002384E-3,,,,,302.00001788E-9,199.99998808E-3,
,,,302.39999660E-9,560.000002384E-3,,,,,302.39999660E-9,319.99999285E-3,
,,,302.80000374E-9,680.000007153E-3,,,,,302.80000374E-9,199.99998808E-3,
,,,303.20001088E-9,759.999990463E-3,,,,,303.20001088E-9,39.99999911E-3,
,,,303.60001801E-9,719.999969006E-3,,,,,303.60001801E-9,-319.99999285E-3,
,,,303.99999673E-9,639.999985695E-3,,,,,303.99999673E-9,-519.999980927E-3,
,,,304.40000387E-9,599.999964237E-3,,,,,304.40000387E-9,-399.99997616E-3,
,,,304.80001101E-9,599.999964237E-3,,,,,304.80001101E-9,39.99999911E-3,
,,,305.19998973E-9,639.999985695E-3,,,,,305.19998973E-9,560.000002384E-3,
,,,305.59999686E-9,680.000007153E-3,,,,,305.59999686E-9,799.999952316E-3,
,,,306.00000400E-9,759.999990463E-3,,,,,306.00000400E-9,879.999995232E-3,
,,,306.40001114E-9,799.999952316E-3,,,,,306.40001114E-9,839.999973774E-3,
,,,306.79998986E-9,759.999990463E-3,,,,,306.79998986E-9,680.000007153E-3,
,,,307.19999700E-9,799.999952316E-3,,,,,307.19999700E-9,599.999964237E-3,
,,,307.60000413E-9,879.999995232E-3,,,,,307.60000413E-9,759.999990463E-3,
,,,308.00001127E-9,1.000000,,,,,308.00001127E-9,879.999995232E-3,
,,,308.39998999E-9,1.000000,,,,,308.39998999E-9,839.999973774E-3,
,,,308.79999713E-9,959.999978542E-3,,,,,308.79999713E-9,560.000002384E-3,
,,,309.20000427E-9,879.999995232E-3,,,,,309.20000427E-9,359.99998450E-3,
,,,309.60001141E-9,759.999990463E-3,,,,,309.60001141E-9,359.99998450E-3,
,,,309.99999012E-9,639.999985695E-3,,,,,309.99999012E-9,479.999989271E-3,
,,,310.39999726E-9,680.000007153E-3,,,,,310.39999726E-9,759.999990463E-3,
,,,310.80000440E-9,759.999990463E-3,,,,,310.80000440E-9,1.1600000,
,,,311.20001154E-9,879.999995232E-3,,,,,311.20001154E-9,1.4399999,
,,,311.59999025E-9,839.999973774E-3,,,,,311.59999025E-9,1.2400000,
,,,311.99999739E-9,799.999952316E-3,,,,,311.99999739E-9,959.999978542E-3,
,,,312.40000453E-9,680.000007153E-3,,,,,312.40000453E-9,799.999952316E-3,
,,,312.80001167E-9,519.999980927E-3,,,,,312.80001167E-9,839.999973774E-3,
,,,313.19999039E-9,439.999997616E-3,,,,,313.19999039E-9,919.999957085E-3,
,,,313.59999753E-9,439.999997616E-3,,,,,313.59999753E-9,1.0799999,
,,,314.00000466E-9,519.999980927E-3,,,,,314.00000466E-9,1.1200000,
,,,314.40001180E-9,639.999985695E-3,,,,,314.40001180E-9,879.999995232E-3,
,,,314.79999052E-9,719.999969006E-3,,,,,314.79999052E-9,399.99997616E-3,
,,,315.19999766E-9,799.999952316E-3,,,,,315.19999766E-9,39.99999911E-3,
,,,315.60000480E-9,839.999973774E-3,,,,,315.60000480E-9,79.999998212E-3,
,,,316.00001194E-9,919.999957085E-3,,,,,316.00001194E-9,399.99997616E-3,
,,,316.39999065E-9,879.999995232E-3,,,,,316.39999065E-9,919.999957085E-3,
,,,316.79999779E-9,759.999990463E-3,,,,,316.79999779E-9,1.5200000,
,,,317.20000493E-9,719.999969006E-3,,,,,317.20000493E-9,2.0799999,
,,,317.60001207E-9,719.999969006E-3,,,,,317.60001207E-9,2.2800000,
,,,317.99999078E-9,759.999990463E-3,,,,,317.99999078E-9,2.3999999,
,,,318.39999792E-9,919.999957085E-3,,,,,318.39999792E-9,2.5999999,
,,,318.80000506E-9,1.1600000,,,,,318.80000506E-9,2.87999988,
,,,319.20001220E-9,1.3600000,,,,,319.20001220E-9,3.11999989,
,,,319.59999092E-9,1.2800000,,,,,319.59999092E-9,3.19999981,
,,,319.99999806E-9,1.1600000,,,,,319.99999806E-9,3.24000001,
,,,320.40000519E-9,1.000000,,,,,320.40000519E-9,3.24000001,
,,,320.80001233E-9,839.999973774E-3,,,,,320.80001233E-9,3.24000001,
,,,321.19999105E-9,759.999990463E-3,,,,,321.19999105E-9,3.27999997,
,,,321.59999819E-9,799.999952316E-3,,,,,321.59999819E-9,3.39999986,
,,,322.00000533E-9,879.999995232E-3,,,,,322.00000533E-9,3.43999982,
,,,322.40001246E-9,959.999978542E-3,,,,,322.40001246E-9,3.24000001,
,,,322.79999118E-9,919.999957085E-3,,,,,322.79999118E-9,2.79999995,
,,,323.19999832E-9,879.999995232E-3,,,,,323.19999832E-9,2.3999999,
,,,323.60000546E-9,719.999969006E-3,,,,,323.60000546E-9,2.2000000,
,,,324.00001260E-9,560.000002384E-3,,,,,324.00001260E-9,2.2000000,
,,,324.39999131E-9,479.999989271E-3,,,,,324.39999131E-9,2.3199999,
,,,324.79999845E-9,399.99997616E-3,,,,,324.79999845E-9,2.5599999,
,,,325.20000559E-9,439.999997616E-3,,,,,325.20000559E-9,2.79999995,
,,,325.60001273E-9,519.999980927E-3,,,,,325.60001273E-9,2.72000003,
,,,325.99999145E-9,599.999964237E-3,,,,,325.99999145E-9,2.6799998,
,,,326.39999858E-9,680.000007153E-3,,,,,326.39999858E-9,2.75999999,
,,,326.80000572E-9,759.999990463E-3,,,,,326.80000572E-9,3.00000000,
,,,327.20001286E-9,799.999952316E-3,,,,,327.20001286E-9,3.19999981,
,,,327.59999158E-9,799.999952316E-3,,,,,327.59999158E-9,3.19999981,
,,,327.99999872E-9,839.999973774E-3,,,,,327.99999872E-9,3.11999989,
,,,328.40000586E-9,919.999957085E-3,,,,,328.40000586E-9,2.91999984,
,,,328.80001299E-9,1.0400000,,,,,328.80001299E-9,2.6399999,
,,,329.19999171E-9,1.1200000,,,,,329.19999171E-9,2.5200000,
,,,329.59999885E-9,1.0799999,,,,,329.59999885E-9,2.83999991,
,,,330.00000599E-9,1.0400000,,,,,330.00000599E-9,3.31999993,
,,,330.40001313E-9,1.0799999,,,,,330.40001313E-9,3.75999999,
,,,330.79999184E-9,1.1999999,,,,,330.79999184E-9,4.03999996,
,,,331.19999898E-9,1.3199999,,,,,331.19999898E-9,4.23999977,
,,,331.60000612E-9,1.2800000,,,,,331.60000612E-9,4.27999973,
,,,332.00001326E-9,1.1600000,,,,,332.00001326E-9,4.23999977,
,,,332.39999198E-9,919.999957085E-3,,,,,332.39999198E-9,4.03999996,
,,,332.79999911E-9,680.000007153E-3,,,,,332.79999911E-9,3.75999999,
,,,333.20000625E-9,519.999980927E-3,,,,,333.20000625E-9,3.43999982,
,,,333.60001339E-9,599.999964237E-3,,,,,333.60001339E-9,3.11999989,
,,,333.99999211E-9,680.000007153E-3,,,,,333.99999211E-9,2.83999991,
,,,334.39999925E-9,719.999969006E-3,,,,,334.39999925E-9,2.72000003,
,,,334.80000639E-9,599.999964237E-3,,,,,334.80000639E-9,2.6399999,
,,,335.20001352E-9,479.999989271E-3,,,,,335.20001352E-9,2.5599999,
,,,335.59999224E-9,439.999997616E-3,,,,,335.59999224E-9,2.2000000,
,,,335.99999938E-9,439.999997616E-3,,,,,335.99999938E-9,1.8399999,
,,,336.40000652E-9,519.999980927E-3,,,,,336.40000652E-9,1.5999999,
,,,336.80001366E-9,680.000007153E-3,,,,,336.80001366E-9,1.5200000,
,,,337.19999237E-9,839.999973774E-3,,,,,337.19999237E-9,1.6400000,
,,,337.59999951E-9,799.999952316E-3,,,,,337.59999951E-9,1.8800000,
,,,338.00000665E-9,839.999973774E-3,,,,,338.00000665E-9,2.1599998,
,,,338.40001379E-9,1.0400000,,,,,338.40001379E-9,2.3999999,
,,,338.79999251E-9,1.4000000,,,,,338.79999251E-9,2.5200000,
,,,339.19999964E-9,1.7199999,,,,,339.19999964E-9,2.5599999,
,,,339.60000678E-9,1.7199999,,,,,339.60000678E-9,2.5200000,
,,,340.00001392E-9,1.5999999,,,,,340.00001392E-9,2.4800000,
,,,340.39999264E-9,1.3199999,,,,,340.39999264E-9,2.3199999,
,,,340.79999978E-9,959.999978542E-3,,,,,340.79999978E-9,2.1599998,
,,,341.20000691E-9,759.999990463E-3,,,,,341.20000691E-9,2.0400000,
,,,341.60001405E-9,1.000000,,,,,341.60001405E-9,2.1599998,
,,,341.99999277E-9,1.3199999,,,,,341.99999277E-9,2.3199999,
,,,342.39999991E-9,1.5999999,,,,,342.39999991E-9,2.3999999,
,,,342.80000705E-9,1.6799999,,,,,342.80000705E-9,2.3199999,
,,,343.20001419E-9,1.7199999,,,,,343.20001419E-9,2.1199999,
,,,343.59999290E-9,1.5999999,,,,,343.59999290E-9,1.5200000,
,,,344.00000004E-9,1.4399999,,,,,344.00000004E-9,1.0400000,
,,,344.40000718E-9,1.2800000,,,,,344.40000718E-9,839.999973774E-3,
,,,344.80001432E-9,1.2400000,,,,,344.80001432E-9,1.0400000,
,,,345.19999303E-9,1.1999999,,,,,345.19999303E-9,1.4800000,
,,,345.60000017E-9,1.1600000,,,,,345.60000017E-9,2.0400000,
,,,346.00000731E-9,1.1600000,,,,,346.00000731E-9,2.6399999,
,,,346.40001445E-9,1.2800000,,,,,346.40001445E-9,3.19999981,
,,,346.79999317E-9,1.5200000,,,,,346.79999317E-9,3.59999990,
,,,347.20000031E-9,1.6400000,,,,,347.20000031E-9,3.87999988,
,,,347.60000744E-9,1.4399999,,,,,347.60000744E-9,4.00000000,
,,,348.00001458E-9,1.1600000,,,,,348.00001458E-9,4.00000000,
,,,348.39999330E-9,919.999957085E-3,,,,,348.39999330E-9,3.67999983,
,,,348.80000044E-9,839.999973774E-3,,,,,348.80000044E-9,3.15999985,
,,,349.20000758E-9,879.999995232E-3,,,,,349.20000758E-9,2.75999999,
,,,349.60001472E-9,1.1999999,,,,,349.60001472E-9,2.72000003,
,,,349.99999343E-9,1.5599999,,,,,349.99999343E-9,2.91999984,
,,,350.40000057E-9,1.8000000,,,,,350.40000057E-9,3.39999986,
,,,350.80000771E-9,1.8000000,,,,,350.80000771E-9,4.03999996,
,,,351.20001485E-9,1.8000000,,,,,351.20001485E-9,4.59999990,
,,,351.59999356E-9,1.8399999,,,,,351.59999356E-9,4.75999975,
,,,352.00000070E-9,1.8399999,,,,,352.00000070E-9,4.83999968,
,,,352.40000784E-9,1.8399999,,,,,352.40000784E-9,4.92000008,
,,,352.80001498E-9,1.8000000,,,,,352.80001498E-9,5.07999992,
,,,353.19999370E-9,1.7600000,,,,,353.19999370E-9,5.27999973,
,,,353.60000084E-9,1.6799999,,,,,353.60000084E-9,5.48000002,
,,,354.00000797E-9,1.5999999,,,,,354.00000797E-9,5.67999983,
,,,354.40001511E-9,1.5200000,,,,,354.40001511E-9,5.87999964,
,,,354.79999383E-9,1.5200000,,,,,354.79999383E-9,6.03999996,
,,,355.20000097E-9,1.4800000,,,,,355.20000097E-9,6.07999992,
,,,355.60000811E-9,1.2800000,,,,,355.60000811E-9,6.00000000,
,,,356.00001524E-9,1.1200000,,,,,356.00001524E-9,5.79999971,
,,,356.39999396E-9,1.0799999,,,,,356.39999396E-9,5.19999981,
,,,356.80000110E-9,1.0799999,,,,,356.80000110E-9,4.40000010,
,,,357.20000824E-9,1.1200000,,,,,357.20000824E-9,3.72000003,
,,,357.60001538E-9,959.999978542E-3,,,,,357.60001538E-9,3.39999986,
,,,357.99999409E-9,799.999952316E-3,,,,,357.99999409E-9,3.35999990,
,,,358.40000123E-9,719.999969006E-3,,,,,358.40000123E-9,3.59999990,
,,,358.80000837E-9,759.999990463E-3,,,,,358.80000837E-9,4.00000000,
,,,359.20001551E-9,919.999957085E-3,,,,,359.20001551E-9,4.40000010,
,,,359.59999423E-9,1.2400000,,,,,359.59999423E-9,4.40000010,
,,,360.00000136E-9,1.4800000,,,,,360.00000136E-9,4.36000013,
,,,360.40000850E-9,1.4800000,,,,,360.40000850E-9,4.31999969,
,,,360.80001564E-9,1.1999999,,,,,360.80001564E-9,4.31999969,
,,,361.19999436E-9,919.999957085E-3,,,,,361.19999436E-9,4.31999969,
,,,361.60000150E-9,839.999973774E-3,,,,,361.60000150E-9,4.15999985,
,,,362.00000864E-9,919.999957085E-3,,,,,362.00000864E-9,4.00000000,
,,,362.40001577E-9,1.1999999,,,,,362.40001577E-9,3.79999995,
,,,362.79999449E-9,1.5200000,,,,,362.79999449E-9,3.55999994,
,,,363.20000163E-9,1.8000000,,,,,363.20000163E-9,3.48000002,
,,,363.60000877E-9,1.6400000,,,,,363.60000877E-9,3.63999987,
,,,364.00001591E-9,1.4399999,,,,,364.00001591E-9,3.87999988,
,,,364.39999462E-9,1.3199999,,,,,364.39999462E-9,4.00000000,
,,,364.80000176E-9,1.3600000,,,,,364.80000176E-9,3.91999984,
,,,365.20000890E-9,1.4399999,,,,,365.20000890E-9,3.75999999,
,,,365.60001604E-9,1.4399999,,,,,365.60001604E-9,3.55999994,
,,,365.99999476E-9,1.4399999,,,,,365.99999476E-9,3.27999997,
,,,366.40000189E-9,1.4000000,,,,,366.40000189E-9,2.87999988,
,,,366.80000903E-9,1.2800000,,,,,366.80000903E-9,2.4400001,
,,,367.20001617E-9,1.1600000,,,,,367.20001617E-9,1.9599999,
,,,367.59999489E-9,1.0400000,,,,,367.59999489E-9,1.4399999,
,,,368.00000203E-9,959.999978542E-3,,,,,368.00000203E-9,1.0400000,
,,,368.40000917E-9,839.999973774E-3,,,,,368.40000917E-9,879.999995232E-3,
,,,368.80001630E-9,719.999969006E-3,,,,,368.80001630E-9,959.999978542E-3,
,,,369.19999502E-9,680.000007153E-3,,,,,369.19999502E-9,1.1200000,
,,,369.60000216E-9,879.999995232E-3,,,,,369.60000216E-9,1.1600000,
,,,370.00000930E-9,1.0799999,,,,,370.00000930E-9,1.1600000,
,,,370.40001644E-9,1.1999999,,,,,370.40001644E-9,1.1200000,
,,,370.79999515E-9,1.1600000,,,,,370.79999515E-9,1.0400000,
,,,371.20000229E-9,1.0799999,,,,,371.20000229E-9,919.999957085E-3,
,,,371.60000943E-9,919.999957085E-3,,,,,371.60000943E-9,799.999952316E-3,
,,,372.00001657E-9,799.999952316E-3,,,,,372.00001657E-9,680.000007153E-3,
,,,372.39999529E-9,879.999995232E-3,,,,,372.39999529E-9,560.000002384E-3,
,,,372.80000242E-9,1.1600000,,,,,372.80000242E-9,479.999989271E-3,
,,,373.20000956E-9,1.4000000,,,,,373.20000956E-9,439.999997616E-3,
,,,373.60001670E-9,1.4800000,,,,,373.60001670E-9,479.999989271E-3,
,,,373.99999542E-9,1.4399999,,,,,373.99999542E-9,599.999964237E-3,
,,,374.40000256E-9,1.2800000,,,,,374.40000256E-9,639.999985695E-3,
,,,374.80000969E-9,1.0400000,,,,,374.80000969E-9,599.999964237E-3,
,,,375.20001683E-9,839.999973774E-3,,,,,375.20001683E-9,560.000002384E-3,
,,,375.59999555E-9,799.999952316E-3,,,,,375.59999555E-9,359.99998450E-3,
,,,376.00000269E-9,879.999995232E-3,,,,,376.00000269E-9,199.99998808E-3,
,,,376.40000983E-9,1.0400000,,,,,376.40000983E-9,119.9999973E-3,
,,,376.80001697E-9,1.2400000,,,,,376.80001697E-9,159.99999642E-3,
,,,377.19999568E-9,1.3600000,,,,,377.19999568E-9,280.00000119E-3,
,,,377.60000282E-9,1.2800000,,,,,377.60000282E-9,519.999980927E-3,
,,,378.00000996E-9,1.1600000,,,,,378.00000996E-9,680.000007153E-3,
,,,378.40001710E-9,959.999978542E-3,,,,,378.40001710E-9,680.000007153E-3,
,,,378.79999581E-9,719.999969006E-3,,,,,378.79999581E-9,439.999997616E-3,
,,,379.20000295E-9,560.000002384E-3,,,,,379.20000295E-9,159.99999642E-3,
,,,379.60001009E-9,639.999985695E-3,,,,,379.60001009E-9,-159.99999642E-3,
,,,380.00001723E-9,799.999952316E-3,,,,,380.00001723E-9,-359.99998450E-3,
,,,380.39999595E-9,919.999957085E-3,,,,,380.39999595E-9,-199.99998808E-3,
,,,380.80000309E-9,959.999978542E-3,,,,,380.80000309E-9,199.99998808E-3,
,,,381.20001022E-9,959.999978542E-3,,,,,381.20001022E-9,599.999964237E-3,
,,,381.60001736E-9,759.999990463E-3,,,,,381.60001736E-9,599.999964237E-3,
,,,381.99999608E-9,560.000002384E-3,,,,,381.99999608E-9,519.999980927E-3,
,,,382.40000322E-9,479.999989271E-3,,,,,382.40000322E-9,319.99999285E-3,
,,,382.80001036E-9,519.999980927E-3,,,,,382.80001036E-9,119.9999973E-3,
,,,383.20001750E-9,639.999985695E-3,,,,,383.20001750E-9,39.99999911E-3,
,,,383.59999621E-9,759.999990463E-3,,,,,383.59999621E-9,359.99998450E-3,
,,,384.00000335E-9,839.999973774E-3,,,,,384.00000335E-9,719.999969006E-3,
,,,384.40001049E-9,719.999969006E-3,,,,,384.40001049E-9,839.999973774E-3,
,,,384.80001763E-9,479.999989271E-3,,,,,384.80001763E-9,680.000007153E-3,
,,,385.19999634E-9,280.00000119E-3,,,,,385.19999634E-9,439.999997616E-3,
,,,385.60000348E-9,280.00000119E-3,,,,,385.60000348E-9,199.99998808E-3,
,,,386.00001062E-9,399.99997616E-3,,,,,386.00001062E-9,39.99999911E-3,
,,,386.40001776E-9,680.000007153E-3,,,,,386.40001776E-9,159.99999642E-3,
,,,386.79999648E-9,1.000000,,,,,386.79999648E-9,479.999989271E-3,
,,,387.20000362E-9,1.2400000,,,,,387.20000362E-9,799.999952316E-3,
,,,387.60001075E-9,1.000000,,,,,387.60001075E-9,839.999973774E-3,
,,,388.00001789E-9,719.999969006E-3,,,,,388.00001789E-9,879.999995232E-3,
,,,388.39999661E-9,439.999997616E-3,,,,,388.39999661E-9,919.999957085E-3,
,,,388.80000375E-9,319.99999285E-3,,,,,388.80000375E-9,1.000000,
,,,389.20001089E-9,399.99997616E-3,,,,,389.20001089E-9,1.0799999,
,,,389.60001802E-9,879.999995232E-3,,,,,389.60001802E-9,1.0799999,
,,,389.99999674E-9,1.4000000,,,,,389.99999674E-9,1.0799999,
,,,390.40000388E-9,1.7199999,,,,,390.40000388E-9,919.999957085E-3,
,,,390.80001102E-9,1.7199999,,,,,390.80001102E-9,719.999969006E-3,
,,,391.20001816E-9,1.5999999,,,,,391.20001816E-9,639.999985695E-3,
,,,391.59999687E-9,1.3199999,,,,,391.59999687E-9,839.999973774E-3,
,,,392.00000401E-9,1.0799999,,,,,392.00000401E-9,1.1200000,
,,,392.40001115E-9,1.0799999,,,,,392.40001115E-9,1.2800000,
,,,392.80001829E-9,1.3199999,,,,,392.80001829E-9,1.2800000,
,,,393.19999701E-9,1.5999999,,,,,393.19999701E-9,1.1999999,
,,,393.60000414E-9,1.6799999,,,,,393.60000414E-9,1.0799999,
,,,394.00001128E-9,1.6799999,,,,,394.00001128E-9,1.000000,
,,,394.40001842E-9,1.4000000,,,,,394.40001842E-9,1.0799999,
,,,394.79999714E-9,959.999978542E-3,,,,,394.79999714E-9,1.3199999,
,,,395.20000428E-9,560.000002384E-3,,,,,395.20000428E-9,1.4800000,
,,,395.60001142E-9,399.99997616E-3,,,,,395.60001142E-9,1.3600000,
,,,396.00001855E-9,399.99997616E-3,,,,,396.00001855E-9,1.1600000,
,,,396.39999727E-9,560.000002384E-3,,,,,396.39999727E-9,959.999978542E-3,
,,,396.80000441E-9,759.999990463E-3,,,,,396.80000441E-9,879.999995232E-3,
,,,397.20001155E-9,879.999995232E-3,,,,,397.20001155E-9,759.999990463E-3,
,,,397.60001869E-9,680.000007153E-3,,,,,397.60001869E-9,599.999964237E-3,
,,,397.99999740E-9,399.99997616E-3,,,,,397.99999740E-9,399.99997616E-3,
,,,398.40000454E-9,119.9999973E-3,,,,,398.40000454E-9,159.99999642E-3,
,,,398.80001168E-9,-79.999998212E-3,,,,,398.80001168E-9,-119.9999973E-3,
,,,399.20001882E-9,-199.99998808E-3,,,,,399.20001882E-9,-280.00000119E-3,
,,,399.59999754E-9,-119.9999973E-3,,,,,399.59999754E-9,-239.99999464E-3,
,,,400.00000467E-9,79.999998212E-3,,,,,400.00000467E-9,-79.999998212E-3,
,,,400.40001181E-9,280.00000119E-3,,,,,400.40001181E-9,79.999998212E-3,
,,,400.80001895E-9,479.999989271E-3,,,,,400.80001895E-9,159.99999642E-3,
,,,401.19999767E-9,639.999985695E-3,,,,,401.19999767E-9,239.99999464E-3,
,,,401.60000481E-9,639.999985695E-3,,,,,401.60000481E-9,239.99999464E-3,
,,,402.00001195E-9,680.000007153E-3,,,,,402.00001195E-9,239.99999464E-3,
,,,402.40001908E-9,759.999990463E-3,,,,,402.40001908E-9,280.00000119E-3,
,,,402.79999780E-9,919.999957085E-3,,,,,402.79999780E-9,359.99998450E-3,
,,,403.20000494E-9,1.1200000,,,,,403.20000494E-9,479.999989271E-3,
,,,403.600012078E-9,1.4399999,,,,,403.600012078E-9,560.000002384E-3,
,,,404.000019216E-9,1.7199999,,,,,404.000019216E-9,639.999985695E-3,
,,,404.399997933E-9,1.8399999,,,,,404.399997933E-9,759.999990463E-3,
,,,404.800005072E-9,1.8000000,,,,,404.800005072E-9,879.999995232E-3,
,,,405.200012210E-9,1.6799999,,,,,405.200012210E-9,919.999957085E-3,
,,,405.600019349E-9,1.4000000,,,,,405.600019349E-9,839.999973774E-3,
,,,405.999998065E-9,1.1200000,,,,,405.999998065E-9,759.999990463E-3,
,,,406.400005204E-9,1.000000,,,,,406.400005204E-9,560.000002384E-3,
,,,406.800012343E-9,1.0400000,,,,,406.800012343E-9,399.99997616E-3,
,,,407.199991059E-9,1.0799999,,,,,407.199991059E-9,239.99999464E-3,
,,,407.599998198E-9,1.0400000,,,,,407.599998198E-9,119.9999973E-3,
,,,408.000005336E-9,919.999957085E-3,,,,,408.000005336E-9,79.999998212E-3,
,,,408.400012475E-9,759.999990463E-3,,,,,408.400012475E-9,79.999998212E-3,
,,,408.799991192E-9,519.999980927E-3,,,,,408.799991192E-9,79.999998212E-3,
,,,409.199998330E-9,359.99998450E-3,,,,,409.199998330E-9,39.99999911E-3,
,,,409.600005469E-9,319.99999285E-3,,,,,409.600005469E-9,-239.99999464E-3,
,,,410.000012607E-9,359.99998450E-3,,,,,410.000012607E-9,-519.999980927E-3,
,,,410.399991324E-9,439.999997616E-3,,,,,410.399991324E-9,-759.999990463E-3,
,,,410.799998463E-9,519.999980927E-3,,,,,410.799998463E-9,-919.999957085E-3,
,,,411.200005601E-9,599.999964237E-3,,,,,411.200005601E-9,-919.999957085E-3,
,,,411.600012740E-9,519.999980927E-3,,,,,411.600012740E-9,-719.999969006E-3,
,,,411.999991456E-9,439.999997616E-3,,,,,411.999991456E-9,-519.999980927E-3,
,,,412.399998595E-9,439.999997616E-3,,,,,412.399998595E-9,-439.999997616E-3,
,,,412.800005734E-9,479.999989271E-3,,,,,412.800005734E-9,-560.000002384E-3,
,,,413.200012872E-9,639.999985695E-3,,,,,413.200012872E-9,-639.999985695E-3,
,,,413.599991589E-9,919.999957085E-3,,,,,413.599991589E-9,-719.999969006E-3,
,,,413.999998727E-9,1.1999999,,,,,413.999998727E-9,-639.999985695E-3,
,,,414.400005866E-9,1.3600000,,,,,414.400005866E-9,-399.99997616E-3,
,,,414.800013004E-9,1.4000000,,,,,414.800013004E-9,0.0,
,,,415.199991721E-9,1.4000000,,,,,415.199991721E-9,359.99998450E-3,
,,,415.599998860E-9,1.2400000,,,,,415.599998860E-9,359.99998450E-3,
,,,416.000005998E-9,1.1200000,,,,,416.000005998E-9,280.00000119E-3,
,,,416.400013137E-9,1.1600000,,,,,416.400013137E-9,199.99998808E-3,
,,,416.799991854E-9,1.3600000,,,,,416.799991854E-9,239.99999464E-3,
,,,417.199998992E-9,1.5599999,,,,,417.199998992E-9,319.99999285E-3,
,,,417.600006131E-9,1.5599999,,,,,417.600006131E-9,479.999989271E-3,
,,,418.000013269E-9,1.4800000,,,,,418.000013269E-9,639.999985695E-3,
,,,418.399991986E-9,1.1999999,,,,,418.399991986E-9,599.999964237E-3,
,,,418.799999125E-9,759.999990463E-3,,,,,418.799999125E-9,359.99998450E-3,
,,,419.200006263E-9,359.99998450E-3,,,,,419.200006263E-9,119.9999973E-3,
,,,419.600013402E-9,159.99999642E-3,,,,,419.600013402E-9,0.0,
,,,419.999992118E-9,79.999998212E-3,,,,,419.999992118E-9,-39.99999911E-3,
,,,420.399999257E-9,79.999998212E-3,,,,,420.399999257E-9,-79.999998212E-3,
,,,420.800006395E-9,119.9999973E-3,,,,,420.800006395E-9,-79.999998212E-3,
,,,421.200013534E-9,159.99999642E-3,,,,,421.200013534E-9,-119.9999973E-3,
,,,421.599992251E-9,39.99999911E-3,,,,,421.599992251E-9,-319.99999285E-3,
,,,421.999999389E-9,-39.99999911E-3,,,,,421.999999389E-9,-479.999989271E-3,
,,,422.400006528E-9,-79.999998212E-3,,,,,422.400006528E-9,-519.999980927E-3,
,,,422.800013666E-9,-39.99999911E-3,,,,,422.800013666E-9,-439.999997616E-3,
,,,423.199992383E-9,119.9999973E-3,,,,,423.199992383E-9,-359.99998450E-3,
,,,423.599999522E-9,359.99998450E-3,,,,,423.599999522E-9,-399.99997616E-3,
,,,424.000006660E-9,639.999985695E-3,,,,,424.000006660E-9,-399.99997616E-3,
,,,424.400013799E-9,879.999995232E-3,,,,,424.400013799E-9,-319.99999285E-3,
,,,424.799992516E-9,1.0799999,,,,,424.799992516E-9,-159.99999642E-3,
,,,425.199999654E-9,1.1600000,,,,,425.199999654E-9,79.999998212E-3,
,,,425.600006793E-9,1.0799999,,,,,425.600006793E-9,399.99997616E-3,
,,,426.000013931E-9,1.000000,,,,,426.000013931E-9,639.999985695E-3,
,,,426.399992648E-9,959.999978542E-3,,,,,426.399992648E-9,719.999969006E-3,
,,,426.799999786E-9,1.0400000,,,,,426.799999786E-9,599.999964237E-3,
,,,427.200006925E-9,1.1600000,,,,,427.200006925E-9,479.999989271E-3,
,,,427.600014064E-9,1.2800000,,,,,427.600014064E-9,479.999989271E-3,
,,,427.999992780E-9,1.3600000,,,,,427.999992780E-9,479.999989271E-3,
,,,428.399999919E-9,1.3199999,,,,,428.399999919E-9,519.999980927E-3,
,,,428.800007057E-9,1.1999999,,,,,428.800007057E-9,519.999980927E-3,
,,,429.200014196E-9,1.0799999,,,,,429.200014196E-9,479.999989271E-3,
,,,429.599992913E-9,1.000000,,,,,429.599992913E-9,280.00000119E-3,
,,,430.000000051E-9,1.000000,,,,,430.000000051E-9,39.99999911E-3,
,,,430.400007190E-9,1.0799999,,,,,430.400007190E-9,-79.999998212E-3,
,,,430.800014328E-9,1.1600000,,,,,430.800014328E-9,-119.9999973E-3,
,,,431.199993045E-9,1.1999999,,,,,431.199993045E-9,-119.9999973E-3,
,,,431.600000184E-9,1.0799999,,,,,431.600000184E-9,-239.99999464E-3,
,,,432.000007322E-9,959.999978542E-3,,,,,432.000007322E-9,-359.99998450E-3,
,,,432.400014461E-9,759.999990463E-3,,,,,432.400014461E-9,-479.999989271E-3,
,,,432.799993177E-9,599.999964237E-3,,,,,432.799993177E-9,-599.999964237E-3,
,,,433.200000316E-9,519.999980927E-3,,,,,433.200000316E-9,-639.999985695E-3,
,,,433.600007455E-9,599.999964237E-3,,,,,433.600007455E-9,-599.999964237E-3,
,,,434.000014593E-9,719.999969006E-3,,,,,434.000014593E-9,-519.999980927E-3,
,,,434.399993310E-9,919.999957085E-3,,,,,434.399993310E-9,-479.999989271E-3,
,,,434.800000448E-9,1.1200000,,,,,434.800000448E-9,-439.999997616E-3,
,,,435.200007587E-9,1.2400000,,,,,435.200007587E-9,-399.99997616E-3,
,,,435.600014725E-9,1.1999999,,,,,435.600014725E-9,-359.99998450E-3,
,,,435.999993442E-9,1.1200000,,,,,435.999993442E-9,-319.99999285E-3,
,,,436.400000581E-9,1.0400000,,,,,436.400000581E-9,-280.00000119E-3,
,,,436.800007719E-9,1.0400000,,,,,436.800007719E-9,-199.99998808E-3,
,,,437.200014858E-9,1.0799999,,,,,437.200014858E-9,-119.9999973E-3,
,,,437.599993575E-9,1.2400000,,,,,437.599993575E-9,-119.9999973E-3,
,,,438.000000713E-9,1.3600000,,,,,438.000000713E-9,-79.999998212E-3,
,,,438.400007852E-9,1.4000000,,,,,438.400007852E-9,-39.99999911E-3,
,,,438.800014990E-9,1.2400000,,,,,438.800014990E-9,0.0,
,,,439.199993707E-9,1.0799999,,,,,439.199993707E-9,79.999998212E-3,
,,,439.600000846E-9,839.999973774E-3,,,,,439.600000846E-9,119.9999973E-3,
,,,440.000007984E-9,680.000007153E-3,,,,,440.000007984E-9,159.99999642E-3,
,,,440.400015123E-9,560.000002384E-3,,,,,440.400015123E-9,119.9999973E-3,
,,,440.799993839E-9,519.999980927E-3,,,,,440.799993839E-9,0.0,
,,,441.200000978E-9,519.999980927E-3,,,,,441.200000978E-9,-79.999998212E-3,
,,,441.600008116E-9,479.999989271E-3,,,,,441.600008116E-9,-199.99998808E-3,
,,,442.000015255E-9,439.999997616E-3,,,,,442.000015255E-9,-280.00000119E-3,
,,,442.399993972E-9,399.99997616E-3,,,,,442.399993972E-9,-280.00000119E-3,
,,,442.800001110E-9,359.99998450E-3,,,,,442.800001110E-9,-239.99999464E-3,
,,,443.200008249E-9,359.99998450E-3,,,,,443.200008249E-9,-199.99998808E-3,
,,,443.600015387E-9,439.999997616E-3,,,,,443.600015387E-9,-319.99999285E-3,
,,,443.999994104E-9,560.000002384E-3,,,,,443.999994104E-9,-399.99997616E-3,
,,,444.400001243E-9,680.000007153E-3,,,,,444.400001243E-9,-479.999989271E-3,
,,,444.800008381E-9,839.999973774E-3,,,,,444.800008381E-9,-439.999997616E-3,
,,,445.200015520E-9,919.999957085E-3,,,,,445.200015520E-9,-359.99998450E-3,
,,,445.599994237E-9,839.999973774E-3,,,,,445.599994237E-9,-159.99999642E-3,
,,,446.000001375E-9,759.999990463E-3,,,,,446.000001375E-9,79.999998212E-3,
,,,446.400008514E-9,680.000007153E-3,,,,,446.400008514E-9,119.9999973E-3,
,,,446.800015652E-9,680.000007153E-3,,,,,446.800015652E-9,0.0,
,,,447.199994369E-9,719.999969006E-3,,,,,447.199994369E-9,-79.999998212E-3,
,,,447.600001507E-9,799.999952316E-3,,,,,447.600001507E-9,-79.999998212E-3,
,,,448.000008646E-9,919.999957085E-3,,,,,448.000008646E-9,-39.99999911E-3,
,,,448.400015785E-9,919.999957085E-3,,,,,448.400015785E-9,79.999998212E-3,
,,,448.799994501E-9,839.999973774E-3,,,,,448.799994501E-9,239.99999464E-3,
,,,449.200001640E-9,799.999952316E-3,,,,,449.200001640E-9,319.99999285E-3,
,,,449.600008778E-9,759.999990463E-3,,,,,449.600008778E-9,199.99998808E-3,
,,,450.000015917E-9,759.999990463E-3,,,,,450.000015917E-9,39.99999911E-3,
,,,450.399994634E-9,839.999973774E-3,,,,,450.399994634E-9,-79.999998212E-3,
,,,450.800001772E-9,1.000000,,,,,450.800001772E-9,-79.999998212E-3,
,,,451.200008911E-9,1.1600000,,,,,451.200008911E-9,-79.999998212E-3,
,,,451.600016049E-9,1.1600000,,,,,451.600016049E-9,-79.999998212E-3,
,,,451.999994766E-9,1.1600000,,,,,451.999994766E-9,-79.999998212E-3,
,,,452.400001905E-9,1.0400000,,,,,452.400001905E-9,-119.9999973E-3,
,,,452.800009043E-9,919.999957085E-3,,,,,452.800009043E-9,-159.99999642E-3,
,,,453.200016182E-9,839.999973774E-3,,,,,453.200016182E-9,-199.99998808E-3,
,,,453.599994898E-9,799.999952316E-3,,,,,453.599994898E-9,-199.99998808E-3,
,,,454.000002037E-9,759.999990463E-3,,,,,454.000002037E-9,-159.99999642E-3,
,,,454.400009176E-9,799.999952316E-3,,,,,454.400009176E-9,-199.99998808E-3,
,,,454.800016314E-9,879.999995232E-3,,,,,454.800016314E-9,-319.99999285E-3,
,,,455.199995031E-9,919.999957085E-3,,,,,455.199995031E-9,-359.99998450E-3,
,,,455.600002169E-9,839.999973774E-3,,,,,455.600002169E-9,-359.99998450E-3,
,,,456.000009308E-9,719.999969006E-3,,,,,456.000009308E-9,-280.00000119E-3,
,,,456.400016446E-9,599.999964237E-3,,,,,456.400016446E-9,-199.99998808E-3,
,,,456.799995163E-9,519.999980927E-3,,,,,456.799995163E-9,-159.99999642E-3,
,,,457.200002302E-9,479.999989271E-3,,,,,457.200002302E-9,-119.9999973E-3,
,,,457.600009440E-9,560.000002384E-3,,,,,457.600009440E-9,-239.99999464E-3,
,,,458.000016579E-9,639.999985695E-3,,,,,458.000016579E-9,-359.99998450E-3,
,,,458.399995296E-9,759.999990463E-3,,,,,458.399995296E-9,-399.99997616E-3,
,,,458.800002434E-9,799.999952316E-3,,,,,458.800002434E-9,-280.00000119E-3,
,,,459.200009573E-9,799.999952316E-3,,,,,459.200009573E-9,-159.99999642E-3,
,,,459.600016711E-9,680.000007153E-3,,,,,459.600016711E-9,-79.999998212E-3,
,,,459.999995428E-9,599.999964237E-3,,,,,459.999995428E-9,0.0,
,,,460.400002567E-9,519.999980927E-3,,,,,460.400002567E-9,0.0,
,,,460.800009705E-9,519.999980927E-3,,,,,460.800009705E-9,-79.999998212E-3,
,,,461.200016844E-9,599.999964237E-3,,,,,461.200016844E-9,-119.9999973E-3,
,,,461.599995560E-9,719.999969006E-3,,,,,461.599995560E-9,-79.999998212E-3,
,,,462.000002699E-9,839.999973774E-3,,,,,462.000002699E-9,0.0,
,,,462.400009837E-9,919.999957085E-3,,,,,462.400009837E-9,39.99999911E-3,
,,,462.800016976E-9,919.999957085E-3,,,,,462.800016976E-9,39.99999911E-3,
,,,463.199995693E-9,879.999995232E-3,,,,,463.199995693E-9,39.99999911E-3,
,,,463.600002831E-9,759.999990463E-3,,,,,463.600002831E-9,-39.99999911E-3,
,,,464.000009970E-9,680.000007153E-3,,,,,464.000009970E-9,-119.9999973E-3,
,,,464.400017108E-9,680.000007153E-3,,,,,464.400017108E-9,-119.9999973E-3,
,,,464.799995825E-9,799.999952316E-3,,,,,464.799995825E-9,-39.99999911E-3,
,,,465.200002964E-9,919.999957085E-3,,,,,465.200002964E-9,79.999998212E-3,
,,,465.600010102E-9,959.999978542E-3,,,,,465.600010102E-9,159.99999642E-3,
,,,466.000017241E-9,1.000000,,,,,466.000017241E-9,199.99998808E-3,
,,,466.399995958E-9,919.999957085E-3,,,,,466.399995958E-9,199.99998808E-3,
,,,466.800003096E-9,799.999952316E-3,,,,,466.800003096E-9,159.99999642E-3,
,,,467.200010235E-9,719.999969006E-3,,,,,467.200010235E-9,79.999998212E-3,
,,,467.600017373E-9,680.000007153E-3,,,,,467.600017373E-9,0.0,
,,,467.999996090E-9,680.000007153E-3,,,,,467.999996090E-9,-39.99999911E-3,
,,,468.400003228E-9,680.000007153E-3,,,,,468.400003228E-9,-39.99999911E-3,
,,,468.800010367E-9,680.000007153E-3,,,,,468.800010367E-9,-39.99999911E-3,
,,,469.200017506E-9,680.000007153E-3,,,,,469.200017506E-9,0.0,
,,,469.599996222E-9,560.000002384E-3,,,,,469.599996222E-9,-39.99999911E-3,
,,,470.000003361E-9,479.999989271E-3,,,,,470.000003361E-9,-119.9999973E-3,
,,,470.400010499E-9,399.99997616E-3,,,,,470.400010499E-9,-159.99999642E-3,
,,,470.800017638E-9,359.99998450E-3,,,,,470.800017638E-9,-239.99999464E-3,
,,,471.199996355E-9,359.99998450E-3,,,,,471.199996355E-9,-280.00000119E-3,
,,,471.600003493E-9,439.999997616E-3,,,,,471.600003493E-9,-359.99998450E-3,
,,,472.000010632E-9,560.000002384E-3,,,,,472.000010632E-9,-439.999997616E-3,
,,,472.400017770E-9,639.999985695E-3,,,,,472.400017770E-9,-479.999989271E-3,
,,,472.799996487E-9,680.000007153E-3,,,,,472.799996487E-9,-439.999997616E-3,
,,,473.200003626E-9,759.999990463E-3,,,,,473.200003626E-9,-399.99997616E-3,
,,,473.600010764E-9,799.999952316E-3,,,,,473.600010764E-9,-359.99998450E-3,
,,,474.000017903E-9,919.999957085E-3,,,,,474.000017903E-9,-239.99999464E-3,
,,,474.399996619E-9,1.1200000,,,,,474.399996619E-9,-199.99998808E-3,
,,,474.800003758E-9,1.3600000,,,,,474.800003758E-9,-119.9999973E-3,
,,,475.200010897E-9,1.5999999,,,,,475.200010897E-9,-39.99999911E-3,
,,,475.600018035E-9,1.7199999,,,,,475.600018035E-9,39.99999911E-3,
,,,475.999996752E-9,1.7600000,,,,,475.999996752E-9,119.9999973E-3,
,,,476.400003890E-9,1.7199999,,,,,476.400003890E-9,199.99998808E-3,
,,,476.800011029E-9,1.5599999,,,,,476.800011029E-9,280.00000119E-3,
,,,477.199989746E-9,1.4399999,,,,,477.199989746E-9,359.99998450E-3,
,,,477.599996884E-9,1.3600000,,,,,477.599996884E-9,280.00000119E-3,
,,,478.000004023E-9,1.2800000,,,,,478.000004023E-9,159.99999642E-3,
,,,478.400011161E-9,1.1600000,,,,,478.400011161E-9,79.999998212E-3,
,,,478.800018300E-9,1.0400000,,,,,478.800018300E-9,-39.99999911E-3,
,,,479.200025438E-9,879.999995232E-3,,,,,479.200025438E-9,-79.999998212E-3,
,,,479.600032577E-9,639.999985695E-3,,,,,479.600032577E-9,-119.9999973E-3,
,,,479.999982872E-9,439.999997616E-3,,,,,479.999982872E-9,-199.99998808E-3,
,,,480.399990010E-9,280.00000119E-3,,,,,480.399990010E-9,-280.00000119E-3,
,,,480.799997149E-9,159.99999642E-3,,,,,480.799997149E-9,-399.99997616E-3,
,,,481.200004288E-9,159.99999642E-3,,,,,481.200004288E-9,-519.999980927E-3,
,,,481.600011426E-9,199.99998808E-3,,,,,481.600011426E-9,-599.999964237E-3,
,,,482.000018565E-9,280.00000119E-3,,,,,482.000018565E-9,-599.999964237E-3,
,,,482.400025703E-9,280.00000119E-3,,,,,482.400025703E-9,-560.000002384E-3,
,,,482.800032842E-9,280.00000119E-3,,,,,482.800032842E-9,-479.999989271E-3,
,,,483.199983137E-9,239.99999464E-3,,,,,483.199983137E-9,-399.99997616E-3,
,,,483.599990275E-9,199.99998808E-3,,,,,483.599990275E-9,-399.99997616E-3,
,,,483.999997414E-9,239.99999464E-3,,,,,483.999997414E-9,-359.99998450E-3,
,,,484.400004552E-9,359.99998450E-3,,,,,484.400004552E-9,-319.99999285E-3,
,,,484.800011691E-9,599.999964237E-3,,,,,484.800011691E-9,-239.99999464E-3,
,,,485.200018829E-9,879.999995232E-3,,,,,485.200018829E-9,-159.99999642E-3,
,,,485.600025968E-9,1.0799999,,,,,485.600025968E-9,-79.999998212E-3,
,,,486.000033106E-9,1.2800000,,,,,486.000033106E-9,0.0,
,,,486.399983401E-9,1.4000000,,,,,486.399983401E-9,159.99999642E-3,
,,,486.799990540E-9,1.4000000,,,,,486.799990540E-9,319.99999285E-3,
,,,487.199997679E-9,1.4000000,,,,,487.199997679E-9,439.999997616E-3,
,,,487.600004817E-9,1.3600000,,,,,487.600004817E-9,479.999989271E-3,
,,,488.000011956E-9,1.3199999,,,,,488.000011956E-9,439.999997616E-3,
,,,488.400019094E-9,1.3199999,,,,,488.400019094E-9,359.99998450E-3,
,,,488.800026233E-9,1.3600000,,,,,488.800026233E-9,239.99999464E-3,
,,,489.200033371E-9,1.3600000,,,,,489.200033371E-9,159.99999642E-3,
,,,489.599983666E-9,1.2800000,,,,,489.599983666E-9,159.99999642E-3,
,,,489.999990805E-9,1.1200000,,,,,489.999990805E-9,159.99999642E-3,
,,,490.399997943E-9,879.999995232E-3,,,,,490.399997943E-9,159.99999642E-3,
,,,490.800005082E-9,599.999964237E-3,,,,,490.800005082E-9,119.9999973E-3,
,,,491.200012220E-9,399.99997616E-3,,,,,491.200012220E-9,0.0,
,,,491.600019359E-9,280.00000119E-3,,,,,491.600019359E-9,-199.99998808E-3,
,,,492.000026497E-9,239.99999464E-3,,,,,492.000026497E-9,-399.99997616E-3,
,,,492.400033636E-9,319.99999285E-3,,,,,492.400033636E-9,-519.999980927E-3,
,,,492.799983931E-9,439.999997616E-3,,,,,492.799983931E-9,-560.000002384E-3,
,,,493.199991070E-9,560.000002384E-3,,,,,493.199991070E-9,-519.999980927E-3,
,,,493.599998208E-9,599.999964237E-3,,,,,493.599998208E-9,-560.000002384E-3,
,,,494.000005347E-9,599.999964237E-3,,,,,494.000005347E-9,-519.999980927E-3,
,,,494.400012485E-9,639.999985695E-3,,,,,494.400012485E-9,-519.999980927E-3,
,,,494.800019624E-9,639.999985695E-3,,,,,494.800019624E-9,-519.999980927E-3,
,,,495.200026762E-9,719.999969006E-3,,,,,495.200026762E-9,-479.999989271E-3,
,,,495.600033901E-9,839.999973774E-3,,,,,495.600033901E-9,-399.99997616E-3,
,,,495.999984196E-9,1.000000,,,,,495.999984196E-9,-280.00000119E-3,
,,,496.399991334E-9,1.1200000,,,,,496.399991334E-9,-159.99999642E-3,
,,,496.799998473E-9,1.2800000,,,,,496.799998473E-9,-79.999998212E-3,
,,,497.200005611E-9,1.3600000,,,,,497.200005611E-9,0.0,
,,,497.600012750E-9,1.3600000,,,,,497.600012750E-9,0.0,
,,,498.000019888E-9,1.3199999,,,,,498.000019888E-9,39.99999911E-3,
,,,498.400027027E-9,1.2800000,,,,,498.400027027E-9,39.99999911E-3,
,,,498.800034165E-9,1.2800000,,,,,498.800034165E-9,39.99999911E-3,
,,,499.199984461E-9,1.2800000,,,,,499.199984461E-9,79.999998212E-3,
,,,499.599991599E-9,1.2400000,,,,,499.599991599E-9,79.999998212E-3,
,,,499.999998738E-9,1.2400000,,,,,499.999998738E-9,119.9999973E-3,
,,,500.400005876E-9,1.1999999,,,,,500.400005876E-9,79.999998212E-3,
,,,500.800013015E-9,1.1200000,,,,,500.800013015E-9,0.0,
,,,501.200020153E-9,1.0799999,,,,,501.200020153E-9,-79.999998212E-3,
,,,501.600027292E-9,1.000000,,,,,501.600027292E-9,-199.99998808E-3,
,,,502.000034430E-9,959.999978542E-3,,,,,502.000034430E-9,-280.00000119E-3,
,,,502.399984725E-9,839.999973774E-3,,,,,502.399984725E-9,-359.99998450E-3,
,,,502.799991864E-9,719.999969006E-3,,,,,502.799991864E-9,-399.99997616E-3,
,,,503.199999002E-9,560.000002384E-3,,,,,503.199999002E-9,-399.99997616E-3,
,,,503.600006141E-9,359.99998450E-3,,,,,503.600006141E-9,-399.99997616E-3,
,,,504.000013279E-9,199.99998808E-3,,,,,504.000013279E-9,-359.99998450E-3,
,,,504.400020418E-9,159.99999642E-3,,,,,504.400020418E-9,-319.99999285E-3,
,,,504.800027556E-9,199.99998808E-3,,,,,504.800027556E-9,-319.99999285E-3,
,,,505.200034695E-9,359.99998450E-3,,,,,505.200034695E-9,-319.99999285E-3,
,,,505.599984990E-9,519.999980927E-3,,,,,505.599984990E-9,-359.99998450E-3,
,,,505.999992129E-9,719.999969006E-3,,,,,505.999992129E-9,-359.99998450E-3,
,,,506.399999267E-9,839.999973774E-3,,,,,506.399999267E-9,-280.00000119E-3,
,,,506.800006406E-9,879.999995232E-3,,,,,506.800006406E-9,-199.99998808E-3,
,,,507.200013544E-9,919.999957085E-3,,,,,507.200013544E-9,-79.999998212E-3,
,,,507.600020683E-9,959.999978542E-3,,,,,507.600020683E-9,0.0,
,,,508.000027821E-9,1.0799999,,,,,508.000027821E-9,119.9999973E-3,
,,,508.400034960E-9,1.1600000,,,,,508.400034960E-9,159.99999642E-3,
,,,508.799985255E-9,1.2800000,,,,,508.799985255E-9,199.99998808E-3,
,,,509.199992393E-9,1.3600000,,,,,509.199992393E-9,199.99998808E-3,
,,,509.599999532E-9,1.3199999,,,,,509.599999532E-9,159.99999642E-3,
,,,510.000006670E-9,1.1999999,,,,,510.000006670E-9,159.99999642E-3,
,,,510.400013809E-9,1.0799999,,,,,510.400013809E-9,119.9999973E-3,
,,,510.800020947E-9,919.999957085E-3,,,,,510.800020947E-9,79.999998212E-3,
,,,511.200028086E-9,839.999973774E-3,,,,,511.200028086E-9,39.99999911E-3,
,,,511.599978381E-9,799.999952316E-3,,,,,511.599978381E-9,-39.99999911E-3,
,,,511.999985520E-9,799.999952316E-3,,,,,511.999985520E-9,-79.999998212E-3,
,,,512.399992658E-9,839.999973774E-3,,,,,512.399992658E-9,-119.9999973E-3,
,,,512.799999797E-9,919.999957085E-3,,,,,512.799999797E-9,-119.9999973E-3,
,,,513.200006935E-9,959.999978542E-3,,,,,513.200006935E-9,-119.9999973E-3,
,,,513.600014074E-9,879.999995232E-3,,,,,513.600014074E-9,-199.99998808E-3,
,,,514.000021212E-9,799.999952316E-3,,,,,514.000021212E-9,-280.00000119E-3,
,,,514.400028351E-9,719.999969006E-3,,,,,514.400028351E-9,-399.99997616E-3,
,,,514.799978646E-9,639.999985695E-3,,,,,514.799978646E-9,-479.999989271E-3,
,,,515.199985784E-9,639.999985695E-3,,,,,515.199985784E-9,-560.000002384E-3,
,,,515.599992923E-9,680.000007153E-3,,,,,515.599992923E-9,-599.999964237E-3,
,,,516.000000061E-9,759.999990463E-3,,,,,516.000000061E-9,-560.000002384E-3,
,,,516.400007200E-9,839.999973774E-3,,,,,516.400007200E-9,-519.999980927E-3,
,,,516.800014339E-9,879.999995232E-3,,,,,516.800014339E-9,-479.999989271E-3,
,,,517.200021477E-9,919.999957085E-3,,,,,517.200021477E-9,-399.99997616E-3,
,,,517.600028616E-9,919.999957085E-3,,,,,517.600028616E-9,-359.99998450E-3,
,,,517.999978911E-9,919.999957085E-3,,,,,517.999978911E-9,-319.99999285E-3,
,,,518.399986049E-9,919.999957085E-3,,,,,518.399986049E-9,-280.00000119E-3,
,,,518.799993188E-9,959.999978542E-3,,,,,518.799993188E-9,-239.99999464E-3,
,,,519.200000326E-9,1.000000,,,,,519.200000326E-9,-199.99998808E-3,
,,,519.600007465E-9,1.0400000,,,,,519.600007465E-9,-199.99998808E-3,
,,,520.000014603E-9,1.1200000,,,,,520.000014603E-9,-199.99998808E-3,
,,,520.400021742E-9,1.1600000,,,,,520.400021742E-9,-159.99999642E-3,
,,,520.800028880E-9,1.1600000,,,,,520.800028880E-9,-119.9999973E-3,
,,,521.199979175E-9,1.1200000,,,,,521.199979175E-9,-79.999998212E-3,
,,,521.599986314E-9,1.0400000,,,,,521.599986314E-9,-79.999998212E-3,
,,,521.999993452E-9,919.999957085E-3,,,,,521.999993452E-9,-79.999998212E-3,
,,,522.400000591E-9,799.999952316E-3,,,,,522.400000591E-9,-119.9999973E-3,
,,,522.800007730E-9,719.999969006E-3,,,,,522.800007730E-9,-199.99998808E-3,
,,,523.200014868E-9,639.999985695E-3,,,,,523.200014868E-9,-239.99999464E-3,
,,,523.600022007E-9,560.000002384E-3,,,,,523.600022007E-9,-239.99999464E-3,
,,,524.000029145E-9,560.000002384E-3,,,,,524.000029145E-9,-239.99999464E-3,
,,,524.399979440E-9,560.000002384E-3,,,,,524.399979440E-9,-199.99998808E-3,
,,,524.799986579E-9,560.000002384E-3,,,,,524.799986579E-9,-159.99999642E-3,
,,,525.199993717E-9,599.999964237E-3,,,,,525.199993717E-9,-119.9999973E-3,
,,,525.600000856E-9,599.999964237E-3,,,,,525.600000856E-9,-159.99999642E-3,
,,,526.000007994E-9,599.999964237E-3,,,,,526.000007994E-9,-199.99998808E-3,
,,,526.400015133E-9,560.000002384E-3,,,,,526.400015133E-9,-199.99998808E-3,
,,,526.800022271E-9,560.000002384E-3,,,,,526.800022271E-9,-159.99999642E-3,
,,,527.200029410E-9,560.000002384E-3,,,,,527.200029410E-9,-79.999998212E-3,
,,,527.599979705E-9,599.999964237E-3,,,,,527.599979705E-9,-79.999998212E-3,
,,,527.999986843E-9,680.000007153E-3,,,,,527.999986843E-9,-79.999998212E-3,
,,,528.399993982E-9,759.999990463E-3,,,,,528.399993982E-9,-119.9999973E-3,
,,,528.800001121E-9,839.999973774E-3,,,,,528.800001121E-9,-119.9999973E-3,
,,,529.200008259E-9,879.999995232E-3,,,,,529.200008259E-9,-119.9999973E-3,
,,,529.600015398E-9,799.999952316E-3,,,,,529.600015398E-9,-119.9999973E-3,
,,,530.000022536E-9,719.999969006E-3,,,,,530.000022536E-9,-119.9999973E-3,
,,,530.400029675E-9,639.999985695E-3,,,,,530.400029675E-9,-119.9999973E-3,
,,,530.799979970E-9,560.000002384E-3,,,,,530.799979970E-9,-159.99999642E-3,
,,,531.199987108E-9,560.000002384E-3,,,,,531.199987108E-9,-119.9999973E-3,
,,,531.599994247E-9,639.999985695E-3,,,,,531.599994247E-9,-119.9999973E-3,
,,,532.000001385E-9,759.999990463E-3,,,,,532.000001385E-9,-79.999998212E-3,
,,,532.400008524E-9,879.999995232E-3,,,,,532.400008524E-9,-39.99999911E-3,
,,,532.800015662E-9,1.0400000,,,,,532.800015662E-9,-39.99999911E-3,
,,,533.200022801E-9,1.1600000,,,,,533.200022801E-9,-39.99999911E-3,
,,,533.600029939E-9,1.1600000,,,,,533.600029939E-9,-79.999998212E-3,
,,,533.999980235E-9,1.1600000,,,,,533.999980235E-9,-79.999998212E-3,
,,,534.399987373E-9,1.1200000,,,,,534.399987373E-9,-79.999998212E-3,
,,,534.799994512E-9,1.1200000,,,,,534.799994512E-9,-39.99999911E-3,
,,,535.200001650E-9,1.1600000,,,,,535.200001650E-9,0.0,
,,,535.600008789E-9,1.1999999,,,,,535.600008789E-9,-39.99999911E-3,
,,,536.000015927E-9,1.2800000,,,,,536.000015927E-9,-39.99999911E-3,
,,,536.400023066E-9,1.3199999,,,,,536.400023066E-9,-79.999998212E-3,
,,,536.800030204E-9,1.3600000,,,,,536.800030204E-9,-79.999998212E-3,
,,,537.199980499E-9,1.3600000,,,,,537.199980499E-9,-79.999998212E-3,
,,,537.599987638E-9,1.2800000,,,,,537.599987638E-9,-79.999998212E-3,
,,,537.999994776E-9,1.1600000,,,,,537.999994776E-9,-39.99999911E-3,
,,,538.400001915E-9,1.0799999,,,,,538.400001915E-9,-79.999998212E-3,
,,,538.800009053E-9,1.000000,,,,,538.800009053E-9,-79.999998212E-3,
,,,539.200016192E-9,1.000000,,,,,539.200016192E-9,-119.9999973E-3,
,,,539.600023330E-9,1.000000,,,,,539.600023330E-9,-199.99998808E-3,
,,,540.000030469E-9,1.000000,,,,,540.000030469E-9,-280.00000119E-3,
,,,540.399980764E-9,959.999978542E-3,,,,,540.399980764E-9,-319.99999285E-3,
,,,540.799987903E-9,879.999995232E-3,,,,,540.799987903E-9,-359.99998450E-3,
,,,541.199995041E-9,799.999952316E-3,,,,,541.199995041E-9,-399.99997616E-3,
,,,541.600002180E-9,680.000007153E-3,,,,,541.600002180E-9,-439.999997616E-3,
,,,542.000009318E-9,560.000002384E-3,,,,,542.000009318E-9,-479.999989271E-3,
,,,542.400016457E-9,439.999997616E-3,,,,,542.400016457E-9,-519.999980927E-3,
,,,542.800023595E-9,399.99997616E-3,,,,,542.800023595E-9,-519.999980927E-3,
,,,543.200030734E-9,359.99998450E-3,,,,,543.200030734E-9,-479.999989271E-3,
,,,543.599981029E-9,319.99999285E-3,,,,,543.599981029E-9,-439.999997616E-3,
,,,543.999988167E-9,359.99998450E-3,,,,,543.999988167E-9,-399.99997616E-3,
,,,544.399995306E-9,399.99997616E-3,,,,,544.399995306E-9,-359.99998450E-3,
,,,544.800002444E-9,479.999989271E-3,,,,,544.800002444E-9,-359.99998450E-3,
,,,545.200009583E-9,599.999964237E-3,,,,,545.200009583E-9,-319.99999285E-3,
,,,545.600016721E-9,719.999969006E-3,,,,,545.600016721E-9,-319.99999285E-3,
,,,546.000023860E-9,879.999995232E-3,,,,,546.000023860E-9,-280.00000119E-3,
,,,546.400030998E-9,1.0799999,,,,,546.400030998E-9,-199.99998808E-3,
,,,546.799981294E-9,1.2400000,,,,,546.799981294E-9,-39.99999911E-3,
,,,547.199988432E-9,1.3600000,,,,,547.199988432E-9,159.99999642E-3,
,,,547.599995571E-9,1.4000000,,,,,547.599995571E-9,280.00000119E-3,
,,,548.000002709E-9,1.4399999,,,,,548.000002709E-9,439.999997616E-3,
,,,548.400009848E-9,1.4800000,,,,,548.400009848E-9,479.999989271E-3,
,,,548.800016986E-9,1.4800000,,,,,548.800016986E-9,479.999989271E-3,
,,,549.200024125E-9,1.4399999,,,,,549.200024125E-9,479.999989271E-3,
,,,549.600031263E-9,1.3600000,,,,,549.600031263E-9,399.99997616E-3,
,,,549.999981558E-9,1.1999999,,,,,549.999981558E-9,319.99999285E-3,
,,,550.399988697E-9,1.0799999,,,,,550.399988697E-9,199.99998808E-3,
,,,550.799995835E-9,879.999995232E-3,,,,,550.799995835E-9,119.9999973E-3,
,,,551.200002974E-9,719.999969006E-3,,,,,551.200002974E-9,39.99999911E-3,
,,,551.600010112E-9,560.000002384E-3,,,,,551.600010112E-9,-39.99999911E-3,
,,,552.000017251E-9,439.999997616E-3,,,,,552.000017251E-9,-119.9999973E-3,
,,,552.400024389E-9,359.99998450E-3,,,,,552.400024389E-9,-159.99999642E-3,
,,,552.800031528E-9,280.00000119E-3,,,,,552.800031528E-9,-280.00000119E-3,
,,,553.199981823E-9,239.99999464E-3,,,,,553.199981823E-9,-359.99998450E-3,
,,,553.599988962E-9,199.99998808E-3,,,,,553.599988962E-9,-519.999980927E-3,
,,,553.999996100E-9,199.99998808E-3,,,,,553.999996100E-9,-639.999985695E-3,
,,,554.400003239E-9,159.99999642E-3,,,,,554.400003239E-9,-719.999969006E-3,
,,,554.800010377E-9,199.99998808E-3,,,,,554.800010377E-9,-759.999990463E-3,
,,,555.200017516E-9,239.99999464E-3,,,,,555.200017516E-9,-719.999969006E-3,
,,,555.600024654E-9,319.99999285E-3,,,,,555.600024654E-9,-680.000007153E-3,
,,,556.000031793E-9,439.999997616E-3,,,,,556.000031793E-9,-599.999964237E-3,
,,,556.399982088E-9,560.000002384E-3,,,,,556.399982088E-9,-519.999980927E-3,
,,,556.799989226E-9,719.999969006E-3,,,,,556.799989226E-9,-439.999997616E-3,
,,,557.199996365E-9,879.999995232E-3,,,,,557.199996365E-9,-319.99999285E-3,
,,,557.600003503E-9,1.000000,,,,,557.600003503E-9,-239.99999464E-3,
,,,558.000010642E-9,1.1600000,,,,,558.000010642E-9,-119.9999973E-3,
,,,558.400017781E-9,1.3199999,,,,,558.400017781E-9,0.0,
,,,558.800024919E-9,1.4800000,,,,,558.800024919E-9,119.9999973E-3,
,,,559.200032058E-9,1.6400000,,,,,559.200032058E-9,239.99999464E-3,
,,,559.599982353E-9,1.7600000,,,,,559.599982353E-9,319.99999285E-3,
,,,559.999989491E-9,1.8399999,,,,,559.999989491E-9,439.999997616E-3,
,,,560.399996630E-9,1.8800000,,,,,560.399996630E-9,519.999980927E-3,
,,,560.800003768E-9,1.8000000,,,,,560.800003768E-9,560.000002384E-3,
,,,561.200010907E-9,1.6799999,,,,,561.200010907E-9,560.000002384E-3,
,,,561.600018045E-9,1.4399999,,,,,561.600018045E-9,479.999989271E-3,
,,,562.000025184E-9,1.1999999,,,,,562.000025184E-9,319.99999285E-3,
,,,562.400032322E-9,919.999957085E-3,,,,,562.400032322E-9,199.99998808E-3,
,,,562.799982617E-9,680.000007153E-3,,,,,562.799982617E-9,39.99999911E-3,
,,,563.199989756E-9,439.999997616E-3,,,,,563.199989756E-9,-79.999998212E-3,
,,,563.599996894E-9,239.99999464E-3,,,,,563.599996894E-9,-199.99998808E-3,
,,,564.000004033E-9,119.9999973E-3,,,,,564.000004033E-9,-319.99999285E-3,
,,,564.400011172E-9,39.99999911E-3,,,,,564.400011172E-9,-479.999989271E-3,
,,,564.800018310E-9,0.0,,,,,564.800018310E-9,-639.999985695E-3,
,,,565.200025449E-9,0.0,,,,,565.200025449E-9,-799.999952316E-3,
,,,565.600032587E-9,39.99999911E-3,,,,,565.600032587E-9,-879.999995232E-3,
,,,565.999982882E-9,119.9999973E-3,,,,,565.999982882E-9,-919.999957085E-3,
,,,566.399990021E-9,239.99999464E-3,,,,,566.399990021E-9,-839.999973774E-3,
,,,566.799997159E-9,439.999997616E-3,,,,,566.799997159E-9,-719.999969006E-3,
,,,567.200004298E-9,639.999985695E-3,,,,,567.200004298E-9,-560.000002384E-3,
,,,567.600011436E-9,839.999973774E-3,,,,,567.600011436E-9,-439.999997616E-3,
,,,568.000018575E-9,1.0400000,,,,,568.000018575E-9,-280.00000119E-3,
,,,568.400025713E-9,1.1600000,,,,,568.400025713E-9,-119.9999973E-3,
,,,568.800032852E-9,1.2800000,,,,,568.800032852E-9,39.99999911E-3,
,,,569.199983147E-9,1.3600000,,,,,569.199983147E-9,199.99998808E-3,
,,,569.599990285E-9,1.3600000,,,,,569.599990285E-9,280.00000119E-3,
,,,569.999997424E-9,1.3600000,,,,,569.999997424E-9,359.99998450E-3,
,,,570.400004563E-9,1.3600000,,,,,570.400004563E-9,359.99998450E-3,
,,,570.800011701E-9,1.3600000,,,,,570.800011701E-9,319.99999285E-3,
,,,571.200018840E-9,1.3600000,,,,,571.200018840E-9,280.00000119E-3,
,,,571.600025978E-9,1.3199999,,,,,571.600025978E-9,280.00000119E-3,
,,,572.000033117E-9,1.3199999,,,,,572.000033117E-9,280.00000119E-3,
,,,572.399983412E-9,1.2800000,,,,,572.399983412E-9,280.00000119E-3,
,,,572.799990550E-9,1.2800000,,,,,572.799990550E-9,239.99999464E-3,
,,,573.199997689E-9,1.2400000,,,,,573.199997689E-9,199.99998808E-3,
,,,573.600004827E-9,1.1600000,,,,,573.600004827E-9,39.99999911E-3,
,,,574.000011966E-9,1.0400000,,,,,574.000011966E-9,-119.9999973E-3,
,,,574.400019104E-9,919.999957085E-3,,,,,574.400019104E-9,-239.99999464E-3,
,,,574.800026243E-9,799.999952316E-3,,,,,574.800026243E-9,-319.99999285E-3,
,,,575.200033381E-9,719.999969006E-3,,,,,575.200033381E-9,-359.99998450E-3,
,,,575.599983677E-9,639.999985695E-3,,,,,575.599983677E-9,-399.99997616E-3,
,,,575.999990815E-9,639.999985695E-3,,,,,575.999990815E-9,-439.999997616E-3,
,,,576.399997954E-9,599.999964237E-3,,,,,576.399997954E-9,-479.999989271E-3,
,,,576.800005092E-9,599.999964237E-3,,,,,576.800005092E-9,-519.999980927E-3,
,,,577.200012231E-9,599.999964237E-3,,,,,577.200012231E-9,-519.999980927E-3,
,,,577.600019369E-9,560.000002384E-3,,,,,577.600019369E-9,-479.999989271E-3,
,,,578.000026508E-9,560.000002384E-3,,,,,578.000026508E-9,-399.99997616E-3,
,,,578.400033646E-9,599.999964237E-3,,,,,578.400033646E-9,-280.00000119E-3,
,,,578.799983941E-9,719.999969006E-3,,,,,578.799983941E-9,-199.99998808E-3,
,,,579.199991080E-9,839.999973774E-3,,,,,579.199991080E-9,-119.9999973E-3,
,,,579.599998218E-9,1.000000,,,,,579.599998218E-9,-79.999998212E-3,
,,,580.000005357E-9,1.1200000,,,,,580.000005357E-9,-79.999998212E-3,
,,,580.400012495E-9,1.1999999,,,,,580.400012495E-9,-39.99999911E-3,
,,,580.800019634E-9,1.2400000,,,,,580.800019634E-9,-39.99999911E-3,
,,,581.200026772E-9,1.1999999,,,,,581.200026772E-9,0.0,
,,,581.600033911E-9,1.0799999,,,,,581.600033911E-9,-39.99999911E-3,
,,,581.999984206E-9,959.999978542E-3,,,,,581.999984206E-9,-39.99999911E-3,
,,,582.399991345E-9,799.999952316E-3,,,,,582.399991345E-9,-39.99999911E-3,
,,,582.799998483E-9,639.999985695E-3,,,,,582.799998483E-9,-39.99999911E-3,
,,,583.200005622E-9,560.000002384E-3,,,,,583.200005622E-9,-39.99999911E-3,
,,,583.600012760E-9,519.999980927E-3,,,,,583.600012760E-9,-119.9999973E-3,
,,,584.000019899E-9,519.999980927E-3,,,,,584.000019899E-9,-199.99998808E-3,
,,,584.400027037E-9,560.000002384E-3,,,,,584.400027037E-9,-319.99999285E-3,
,,,584.800034176E-9,599.999964237E-3,,,,,584.800034176E-9,-439.999997616E-3,
,,,585.199984471E-9,639.999985695E-3,,,,,585.199984471E-9,-519.999980927E-3,
,,,585.599991609E-9,639.999985695E-3,,,,,585.599991609E-9,-479.999989271E-3,
,,,585.999998748E-9,639.999985695E-3,,,,,585.999998748E-9,-439.999997616E-3,
,,,586.400005886E-9,680.000007153E-3,,,,,586.400005886E-9,-359.99998450E-3,
,,,586.800013025E-9,719.999969006E-3,,,,,586.800013025E-9,-280.00000119E-3,
,,,587.200020163E-9,799.999952316E-3,,,,,587.200020163E-9,-239.99999464E-3,
,,,587.600027302E-9,839.999973774E-3,,,,,587.600027302E-9,-280.00000119E-3,
,,,588.000034440E-9,879.999995232E-3,,,,,588.000034440E-9,-280.00000119E-3,
,,,588.399984736E-9,919.999957085E-3,,,,,588.399984736E-9,-199.99998808E-3,
,,,588.799991874E-9,919.999957085E-3,,,,,588.799991874E-9,-119.9999973E-3,
,,,589.199999013E-9,919.999957085E-3,,,,,589.199999013E-9,-39.99999911E-3,
,,,589.600006151E-9,879.999995232E-3,,,,,589.600006151E-9,-39.99999911E-3,
,,,590.000013290E-9,919.999957085E-3,,,,,590.000013290E-9,-39.99999911E-3,
,,,590.400020428E-9,919.999957085E-3,,,,,590.400020428E-9,-39.99999911E-3,
,,,590.800027567E-9,959.999978542E-3,,,,,590.800027567E-9,-39.99999911E-3,
,,,591.200034705E-9,1.000000,,,,,591.200034705E-9,0.0,
,,,591.599985000E-9,1.0400000,,,,,591.599985000E-9,79.999998212E-3,
,,,591.999992139E-9,1.0799999,,,,,591.999992139E-9,159.99999642E-3,
,,,592.399999277E-9,1.1200000,,,,,592.399999277E-9,159.99999642E-3,
,,,592.800006416E-9,1.1600000,,,,,592.800006416E-9,39.99999911E-3,
,,,593.200013554E-9,1.1999999,,,,,593.200013554E-9,-79.999998212E-3,
,,,593.600020693E-9,1.1200000,,,,,593.600020693E-9,-199.99998808E-3,
,,,594.000027831E-9,1.0400000,,,,,594.000027831E-9,-280.00000119E-3,
,,,594.400034970E-9,919.999957085E-3,,,,,594.400034970E-9,-280.00000119E-3,
,,,594.799985265E-9,839.999973774E-3,,,,,594.799985265E-9,-280.00000119E-3,
,,,595.199992404E-9,799.999952316E-3,,,,,595.199992404E-9,-239.99999464E-3,
,,,595.599999542E-9,759.999990463E-3,,,,,595.599999542E-9,-319.99999285E-3,
,,,596.000006681E-9,759.999990463E-3,,,,,596.000006681E-9,-399.99997616E-3,
,,,596.400013819E-9,759.999990463E-3,,,,,596.400013819E-9,-439.999997616E-3,
,,,596.800020958E-9,759.999990463E-3,,,,,596.800020958E-9,-439.999997616E-3,
,,,597.200028096E-9,799.999952316E-3,,,,,597.200028096E-9,-359.99998450E-3,
,,,597.600035235E-9,839.999973774E-3,,,,,597.600035235E-9,-280.00000119E-3,
,,,597.999985530E-9,919.999957085E-3,,,,,597.999985530E-9,-199.99998808E-3,
,,,598.399992668E-9,1.000000,,,,,598.399992668E-9,-159.99999642E-3,
,,,598.799999807E-9,1.0400000,,,,,598.799999807E-9,-119.9999973E-3,
,,,599.200006945E-9,1.1200000,,,,,599.200006945E-9,-79.999998212E-3,
,,,599.600014084E-9,1.1600000,,,,,599.600014084E-9,-39.99999911E-3,
,,,600.000021223E-9,1.1999999,,,,,600.000021223E-9,-39.99999911E-3,
,,,600.400028361E-9,1.1600000,,,,,600.400028361E-9,-39.99999911E-3,
,,,600.800035500E-9,1.0799999,,,,,600.800035500E-9,-79.999998212E-3,
,,,601.199985795E-9,1.000000,,,,,601.199985795E-9,-119.9999973E-3,
,,,601.599992933E-9,839.999973774E-3,,,,,601.599992933E-9,-199.99998808E-3,
,,,602.000000072E-9,680.000007153E-3,,,,,602.000000072E-9,-280.00000119E-3,
,,,602.400007210E-9,599.999964237E-3,,,,,602.400007210E-9,-280.00000119E-3,
,,,602.800014349E-9,519.999980927E-3,,,,,602.800014349E-9,-280.00000119E-3,
,,,603.200021487E-9,560.000002384E-3,,,,,603.200021487E-9,-280.00000119E-3,
,,,603.600028626E-9,639.999985695E-3,,,,,603.600028626E-9,-319.99999285E-3,
,,,604.000035764E-9,719.999969006E-3,,,,,604.000035764E-9,-359.99998450E-3,
,,,604.399986059E-9,799.999952316E-3,,,,,604.399986059E-9,-399.99997616E-3,
,,,604.799993198E-9,799.999952316E-3,,,,,604.799993198E-9,-399.99997616E-3,
,,,605.200000336E-9,839.999973774E-3,,,,,605.200000336E-9,-399.99997616E-3,
,,,605.600007475E-9,839.999973774E-3,,,,,605.600007475E-9,-399.99997616E-3,
,,,606.000014614E-9,839.999973774E-3,,,,,606.000014614E-9,-399.99997616E-3,
,,,606.400021752E-9,919.999957085E-3,,,,,606.400021752E-9,-359.99998450E-3,
,,,606.800028891E-9,1.000000,,,,,606.800028891E-9,-319.99999285E-3,
,,,607.200036029E-9,1.0799999,,,,,607.200036029E-9,-239.99999464E-3,
,,,607.599986324E-9,1.1200000,,,,,607.599986324E-9,-119.9999973E-3,
,,,607.999993463E-9,1.1600000,,,,,607.999993463E-9,-39.99999911E-3,
,,,608.400000601E-9,1.1200000,,,,,608.400000601E-9,39.99999911E-3,
,,,608.800007740E-9,1.0400000,,,,,608.800007740E-9,39.99999911E-3,
,,,609.200014878E-9,959.999978542E-3,,,,,609.200014878E-9,0.0,
,,,609.600022017E-9,879.999995232E-3,,,,,609.600022017E-9,-79.999998212E-3,
,,,610.000029155E-9,839.999973774E-3,,,,,610.000029155E-9,-119.9999973E-3,
,,,610.400036294E-9,839.999973774E-3,,,,,610.400036294E-9,-119.9999973E-3,
,,,610.799986589E-9,919.999957085E-3,,,,,610.799986589E-9,-79.999998212E-3,
,,,611.199993727E-9,1.000000,,,,,611.199993727E-9,0.0,
,,,611.600000866E-9,1.0799999,,,,,611.600000866E-9,0.0,
,,,612.000008005E-9,1.1200000,,,,,612.000008005E-9,-39.99999911E-3,
,,,612.400015143E-9,1.1200000,,,,,612.400015143E-9,-79.999998212E-3,
,,,612.800022282E-9,1.000000,,,,,612.800022282E-9,-159.99999642E-3,
,,,613.200029420E-9,839.999973774E-3,,,,,613.200029420E-9,-239.99999464E-3,
,,,613.599979715E-9,680.000007153E-3,,,,,613.599979715E-9,-280.00000119E-3,
,,,613.999986854E-9,560.000002384E-3,,,,,613.999986854E-9,-280.00000119E-3,
,,,614.399993992E-9,479.999989271E-3,,,,,614.399993992E-9,-319.99999285E-3,
,,,614.800001131E-9,519.999980927E-3,,,,,614.800001131E-9,-359.99998450E-3,
,,,615.200008269E-9,560.000002384E-3,,,,,615.200008269E-9,-399.99997616E-3,
,,,615.600015408E-9,560.000002384E-3,,,,,615.600015408E-9,-479.999989271E-3,
,,,616.000022546E-9,599.999964237E-3,,,,,616.000022546E-9,-479.999989271E-3,
,,,616.400029685E-9,639.999985695E-3,,,,,616.400029685E-9,-399.99997616E-3,
,,,616.799979980E-9,719.999969006E-3,,,,,616.799979980E-9,-280.00000119E-3,
,,,617.199987119E-9,839.999973774E-3,,,,,617.199987119E-9,-119.9999973E-3,
,,,617.599994257E-9,959.999978542E-3,,,,,617.599994257E-9,-39.99999911E-3,
,,,618.000001396E-9,1.1200000,,,,,618.000001396E-9,0.0,
,,,618.400008534E-9,1.2400000,,,,,618.400008534E-9,39.99999911E-3,
,,,618.800015673E-9,1.2800000,,,,,618.800015673E-9,39.99999911E-3,
,,,619.200022811E-9,1.2800000,,,,,619.200022811E-9,79.999998212E-3,
,,,619.600029950E-9,1.2400000,,,,,619.600029950E-9,119.9999973E-3,
,,,619.999980245E-9,1.1999999,,,,,619.999980245E-9,159.99999642E-3,
,,,620.399987383E-9,1.1200000,,,,,620.399987383E-9,119.9999973E-3,
,,,620.799994522E-9,1.000000,,,,,620.799994522E-9,39.99999911E-3,
,,,621.200001660E-9,919.999957085E-3,,,,,621.200001660E-9,-39.99999911E-3,
,,,621.600008799E-9,839.999973774E-3,,,,,621.600008799E-9,-119.9999973E-3,
,,,622.000015937E-9,759.999990463E-3,,,,,622.000015937E-9,-199.99998808E-3,
,,,622.400023076E-9,719.999969006E-3,,,,,622.400023076E-9,-239.99999464E-3,
,,,622.800030214E-9,719.999969006E-3,,,,,622.800030214E-9,-239.99999464E-3,
,,,623.199980510E-9,719.999969006E-3,,,,,623.199980510E-9,-199.99998808E-3,
,,,623.599987648E-9,680.000007153E-3,,,,,623.599987648E-9,-239.99999464E-3,
,,,623.999994787E-9,639.999985695E-3,,,,,623.999994787E-9,-239.99999464E-3,
,,,624.400001925E-9,599.999964237E-3,,,,,624.400001925E-9,-280.00000119E-3,
,,,624.800009064E-9,599.999964237E-3,,,,,624.800009064E-9,-319.99999285E-3,
,,,625.200016202E-9,599.999964237E-3,,,,,625.200016202E-9,-319.99999285E-3,
,,,625.600023341E-9,560.000002384E-3,,,,,625.600023341E-9,-359.99998450E-3,
,,,626.000030479E-9,599.999964237E-3,,,,,626.000030479E-9,-359.99998450E-3,
,,,626.399980774E-9,599.999964237E-3,,,,,626.399980774E-9,-319.99999285E-3,
,,,626.799987913E-9,599.999964237E-3,,,,,626.799987913E-9,-280.00000119E-3,
,,,627.199995051E-9,639.999985695E-3,,,,,627.199995051E-9,-239.99999464E-3,
,,,627.600002190E-9,680.000007153E-3,,,,,627.600002190E-9,-239.99999464E-3,
,,,628.000009328E-9,759.999990463E-3,,,,,628.000009328E-9,-239.99999464E-3,
,,,628.400016467E-9,799.999952316E-3,,,,,628.400016467E-9,-239.99999464E-3,
,,,628.800023605E-9,879.999995232E-3,,,,,628.800023605E-9,-199.99998808E-3,
,,,629.200030744E-9,1.000000,,,,,629.200030744E-9,-119.9999973E-3,
,,,629.599981039E-9,1.1200000,,,,,629.599981039E-9,-39.99999911E-3,
,,,629.999988178E-9,1.2400000,,,,,629.999988178E-9,39.99999911E-3,
,,,630.399995316E-9,1.3600000,,,,,630.399995316E-9,79.999998212E-3,
,,,630.800002455E-9,1.4800000,,,,,630.800002455E-9,119.9999973E-3,
,,,631.200009593E-9,1.5599999,,,,,631.200009593E-9,159.99999642E-3,
,,,631.600016732E-9,1.5200000,,,,,631.600016732E-9,119.9999973E-3,
,,,632.000023870E-9,1.4399999,,,,,632.000023870E-9,119.9999973E-3,
,,,632.400031009E-9,1.3199999,,,,,632.400031009E-9,119.9999973E-3,
,,,632.799981304E-9,1.2400000,,,,,632.799981304E-9,159.99999642E-3,
,,,633.199988442E-9,1.1600000,,,,,633.199988442E-9,199.99998808E-3,
,,,633.599995581E-9,1.1200000,,,,,633.599995581E-9,159.99999642E-3,
,,,634.000002719E-9,1.0400000,,,,,634.000002719E-9,119.9999973E-3,
,,,634.400009858E-9,959.999978542E-3,,,,,634.400009858E-9,0.0,
,,,634.800016996E-9,839.999973774E-3,,,,,634.800016996E-9,-79.999998212E-3,
,,,635.200024135E-9,719.999969006E-3,,,,,635.200024135E-9,-159.99999642E-3,
,,,635.600031273E-9,599.999964237E-3,,,,,635.600031273E-9,-199.99998808E-3,
,,,635.999981569E-9,479.999989271E-3,,,,,635.999981569E-9,-199.99998808E-3,
,,,636.399988707E-9,479.999989271E-3,,,,,636.399988707E-9,-199.99998808E-3,
,,,636.799995846E-9,519.999980927E-3,,,,,636.799995846E-9,-199.99998808E-3,
,,,637.200002984E-9,560.000002384E-3,,,,,637.200002984E-9,-199.99998808E-3,
,,,637.600010123E-9,560.000002384E-3,,,,,637.600010123E-9,-239.99999464E-3,
,,,638.000017261E-9,560.000002384E-3,,,,,638.000017261E-9,-239.99999464E-3,
,,,638.400024400E-9,560.000002384E-3,,,,,638.400024400E-9,-239.99999464E-3,
,,,638.800031538E-9,519.999980927E-3,,,,,638.800031538E-9,-199.99998808E-3,
,,,639.199981833E-9,560.000002384E-3,,,,,639.199981833E-9,-159.99999642E-3,
,,,639.599988972E-9,599.999964237E-3,,,,,639.599988972E-9,-239.99999464E-3,
,,,639.999996110E-9,639.999985695E-3,,,,,639.999996110E-9,-280.00000119E-3,
,,,640.400003249E-9,680.000007153E-3,,,,,640.400003249E-9,-359.99998450E-3,
,,,640.800010387E-9,719.999969006E-3,,,,,640.800010387E-9,-399.99997616E-3,
,,,641.200017526E-9,759.999990463E-3,,,,,641.200017526E-9,-359.99998450E-3,
,,,641.600024665E-9,719.999969006E-3,,,,,641.600024665E-9,-280.00000119E-3,
,,,642.000031803E-9,719.999969006E-3,,,,,642.000031803E-9,-119.9999973E-3,
,,,642.399982098E-9,759.999990463E-3,,,,,642.399982098E-9,0.0,
,,,642.799989237E-9,839.999973774E-3,,,,,642.799989237E-9,79.999998212E-3,
,,,643.199996375E-9,959.999978542E-3,,,,,643.199996375E-9,119.9999973E-3,
,,,643.600003514E-9,1.000000,,,,,643.600003514E-9,39.99999911E-3,
,,,644.000010652E-9,1.0400000,,,,,644.000010652E-9,-39.99999911E-3,
,,,644.400017791E-9,1.0799999,,,,,644.400017791E-9,-119.9999973E-3,
,,,644.800024929E-9,1.0400000,,,,,644.800024929E-9,-119.9999973E-3,
,,,645.200032068E-9,1.000000,,,,,645.200032068E-9,-79.999998212E-3,
,,,645.599982363E-9,919.999957085E-3,,,,,645.599982363E-9,-79.999998212E-3,
,,,645.999989501E-9,839.999973774E-3,,,,,645.999989501E-9,-39.99999911E-3,
,,,646.399996640E-9,759.999990463E-3,,,,,646.399996640E-9,-79.999998212E-3,
,,,646.800003778E-9,680.000007153E-3,,,,,646.800003778E-9,-119.9999973E-3,
,,,647.200010917E-9,680.000007153E-3,,,,,647.200010917E-9,-119.9999973E-3,
,,,647.600018056E-9,719.999969006E-3,,,,,647.600018056E-9,-119.9999973E-3,
,,,648.000025194E-9,759.999990463E-3,,,,,648.000025194E-9,-79.999998212E-3,
,,,648.400032333E-9,799.999952316E-3,,,,,648.400032333E-9,-39.99999911E-3,
,,,648.799982628E-9,839.999973774E-3,,,,,648.799982628E-9,-79.999998212E-3,
,,,649.199989766E-9,839.999973774E-3,,,,,649.199989766E-9,-79.999998212E-3,
,,,649.599996905E-9,680.000007153E-3,,,,,649.599996905E-9,-119.9999973E-3,
,,,650.000004043E-9,560.000002384E-3,,,,,650.000004043E-9,-119.9999973E-3,
,,,650.400011182E-9,479.999989271E-3,,,,,650.400011182E-9,-39.99999911E-3,
,,,650.800018320E-9,479.999989271E-3,,,,,650.800018320E-9,79.999998212E-3,
,,,651.200025459E-9,599.999964237E-3,,,,,651.200025459E-9,159.99999642E-3,
,,,651.600032597E-9,799.999952316E-3,,,,,651.600032597E-9,79.999998212E-3,
,,,651.999982892E-9,1.000000,,,,,651.999982892E-9,39.99999911E-3,
,,,652.399990031E-9,1.1200000,,,,,652.399990031E-9,-39.99999911E-3,
,,,652.799997169E-9,1.1200000,,,,,652.799997169E-9,-79.999998212E-3,
,,,653.200004308E-9,1.0400000,,,,,653.200004308E-9,-39.99999911E-3,
,,,653.600011447E-9,879.999995232E-3,,,,,653.600011447E-9,39.99999911E-3,
,,,654.000018585E-9,759.999990463E-3,,,,,654.000018585E-9,159.99999642E-3,
,,,654.400025724E-9,719.999969006E-3,,,,,654.400025724E-9,239.99999464E-3,
,,,654.800032862E-9,799.999952316E-3,,,,,654.800032862E-9,199.99998808E-3,
,,,655.199983157E-9,879.999995232E-3,,,,,655.199983157E-9,159.99999642E-3,
,,,655.599990296E-9,879.999995232E-3,,,,,655.599990296E-9,119.9999973E-3,
,,,655.999997434E-9,839.999973774E-3,,,,,655.999997434E-9,119.9999973E-3,
,,,656.400004573E-9,759.999990463E-3,,,,,656.400004573E-9,79.999998212E-3,
,,,656.800011711E-9,639.999985695E-3,,,,,656.800011711E-9,0.0,
,,,657.200018850E-9,519.999980927E-3,,,,,657.200018850E-9,-119.9999973E-3,
,,,657.600025988E-9,439.999997616E-3,,,,,657.600025988E-9,-319.99999285E-3,
,,,658.000033127E-9,359.99998450E-3,,,,,658.000033127E-9,-479.999989271E-3,
,,,658.399983422E-9,319.99999285E-3,,,,,658.399983422E-9,-560.000002384E-3,
,,,658.799990561E-9,239.99999464E-3,,,,,658.799990561E-9,-519.999980927E-3,
,,,659.199997699E-9,199.99998808E-3,,,,,659.199997699E-9,-439.999997616E-3,
,,,659.600004838E-9,119.9999973E-3,,,,,659.600004838E-9,-439.999997616E-3,
,,,660.000011976E-9,119.9999973E-3,,,,,660.000011976E-9,-399.99997616E-3,
,,,660.400019115E-9,119.9999973E-3,,,,,660.400019115E-9,-439.999997616E-3,
,,,660.800026253E-9,159.99999642E-3,,,,,660.800026253E-9,-519.999980927E-3,
,,,661.200033392E-9,239.99999464E-3,,,,,661.200033392E-9,-519.999980927E-3,
,,,661.599983687E-9,239.99999464E-3,,,,,661.599983687E-9,-479.999989271E-3,
,,,661.999990825E-9,280.00000119E-3,,,,,661.999990825E-9,-359.99998450E-3,
,,,662.399997964E-9,359.99998450E-3,,,,,662.399997964E-9,-239.99999464E-3,
,,,662.800005102E-9,439.999997616E-3,,,,,662.800005102E-9,-159.99999642E-3,
,,,663.200012241E-9,599.999964237E-3,,,,,663.200012241E-9,-79.999998212E-3,
,,,663.600019379E-9,759.999990463E-3,,,,,663.600019379E-9,0.0,
,,,664.000026518E-9,919.999957085E-3,,,,,664.000026518E-9,79.999998212E-3,
,,,664.400033656E-9,1.0400000,,,,,664.400033656E-9,199.99998808E-3,
,,,664.799983952E-9,1.1600000,,,,,664.799983952E-9,280.00000119E-3,
,,,665.199991090E-9,1.2800000,,,,,665.199991090E-9,319.99999285E-3,
,,,665.599998229E-9,1.3199999,,,,,665.599998229E-9,280.00000119E-3,
,,,666.000005367E-9,1.3600000,,,,,666.000005367E-9,239.99999464E-3,
,,,666.400012506E-9,1.3199999,,,,,666.400012506E-9,280.00000119E-3,
,,,666.800019644E-9,1.2400000,,,,,666.800019644E-9,399.99997616E-3,
,,,667.200026783E-9,1.1999999,,,,,667.200026783E-9,519.999980927E-3,
,,,667.600033921E-9,1.1200000,,,,,667.600033921E-9,599.999964237E-3,
,,,667.999984216E-9,1.0799999,,,,,667.999984216E-9,639.999985695E-3,
,,,668.399991355E-9,1.0400000,,,,,668.399991355E-9,560.000002384E-3,
,,,668.799998493E-9,1.0400000,,,,,668.799998493E-9,359.99998450E-3,
,,,669.200005632E-9,1.000000,,,,,669.200005632E-9,199.99998808E-3,
,,,669.600012770E-9,919.999957085E-3,,,,,669.600012770E-9,119.9999973E-3,
,,,670.000019909E-9,839.999973774E-3,,,,,670.000019909E-9,39.99999911E-3,
,,,670.400027047E-9,719.999969006E-3,,,,,670.400027047E-9,0.0,
,,,670.800034186E-9,519.999980927E-3,,,,,670.800034186E-9,-39.99999911E-3,
,,,671.199984481E-9,359.99998450E-3,,,,,671.199984481E-9,-79.999998212E-3,
,,,671.599991620E-9,159.99999642E-3,,,,,671.599991620E-9,-199.99998808E-3,
,,,671.999998758E-9,0.0,,,,,671.999998758E-9,-319.99999285E-3,
,,,672.400005897E-9,-79.999998212E-3,,,,,672.400005897E-9,-399.99997616E-3,
,,,672.800013035E-9,-119.9999973E-3,,,,,672.800013035E-9,-399.99997616E-3,
,,,673.200020174E-9,-119.9999973E-3,,,,,673.200020174E-9,-399.99997616E-3,
,,,673.600027312E-9,-159.99999642E-3,,,,,673.600027312E-9,-479.999989271E-3,
,,,674.000034451E-9,-199.99998808E-3,,,,,674.000034451E-9,-560.000002384E-3,
,,,674.399984746E-9,-159.99999642E-3,,,,,674.399984746E-9,-639.999985695E-3,
,,,674.799991884E-9,-79.999998212E-3,,,,,674.799991884E-9,-680.000007153E-3,
,,,675.199999023E-9,39.99999911E-3,,,,,675.199999023E-9,-680.000007153E-3,
,,,675.600006161E-9,239.99999464E-3,,,,,675.600006161E-9,-560.000002384E-3,
,,,676.000013300E-9,519.999980927E-3,,,,,676.000013300E-9,-359.99998450E-3,
,,,676.400020438E-9,719.999969006E-3,,,,,676.400020438E-9,-199.99998808E-3,
,,,676.800027577E-9,879.999995232E-3,,,,,676.800027577E-9,-119.9999973E-3,
,,,677.200034715E-9,1.000000,,,,,677.200034715E-9,-39.99999911E-3,
,,,677.599985011E-9,1.000000,,,,,677.599985011E-9,-39.99999911E-3,
,,,677.999992149E-9,1.0400000,,,,,677.999992149E-9,0.0,
,,,678.399999288E-9,1.0799999,,,,,678.399999288E-9,79.999998212E-3,
,,,678.800006426E-9,1.1600000,,,,,678.800006426E-9,239.99999464E-3,
,,,679.200013565E-9,1.2400000,,,,,679.200013565E-9,399.99997616E-3,
,,,679.600020703E-9,1.2400000,,,,,679.600020703E-9,439.999997616E-3,
,,,680.000027842E-9,1.1600000,,,,,680.000027842E-9,479.999989271E-3,
,,,680.400034980E-9,1.000000,,,,,680.400034980E-9,439.999997616E-3,
,,,680.799985275E-9,799.999952316E-3,,,,,680.799985275E-9,359.99998450E-3,
,,,681.199992414E-9,639.999985695E-3,,,,,681.199992414E-9,319.99999285E-3,
,,,681.599999552E-9,560.000002384E-3,,,,,681.599999552E-9,280.00000119E-3,
,,,682.000006691E-9,560.000002384E-3,,,,,682.000006691E-9,239.99999464E-3,
,,,682.400013829E-9,599.999964237E-3,,,,,682.400013829E-9,159.99999642E-3,
,,,682.800020968E-9,639.999985695E-3,,,,,682.800020968E-9,39.99999911E-3,
,,,683.200028107E-9,680.000007153E-3,,,,,683.200028107E-9,-39.99999911E-3,
,,,683.600035245E-9,599.999964237E-3,,,,,683.600035245E-9,-119.9999973E-3,
,,,683.999985540E-9,479.999989271E-3,,,,,683.999985540E-9,-159.99999642E-3,
,,,684.399992679E-9,359.99998450E-3,,,,,684.399992679E-9,-199.99998808E-3,
,,,684.799999817E-9,280.00000119E-3,,,,,684.799999817E-9,-199.99998808E-3,
,,,685.200006956E-9,239.99999464E-3,,,,,685.200006956E-9,-199.99998808E-3,
,,,685.600014094E-9,239.99999464E-3,,,,,685.600014094E-9,-280.00000119E-3,
,,,686.000021233E-9,319.99999285E-3,,,,,686.000021233E-9,-319.99999285E-3,
,,,686.400028371E-9,359.99998450E-3,,,,,686.400028371E-9,-319.99999285E-3,
,,,686.800035510E-9,359.99998450E-3,,,,,686.800035510E-9,-280.00000119E-3,
,,,687.199985805E-9,399.99997616E-3,,,,,687.199985805E-9,-239.99999464E-3,
,,,687.599992943E-9,439.999997616E-3,,,,,687.599992943E-9,-239.99999464E-3,
,,,688.000000082E-9,519.999980927E-3,,,,,688.000000082E-9,-199.99998808E-3,
,,,688.400007220E-9,639.999985695E-3,,,,,688.400007220E-9,-159.99999642E-3,
,,,688.800014359E-9,719.999969006E-3,,,,,688.800014359E-9,-159.99999642E-3,
,,,689.200021498E-9,799.999952316E-3,,,,,689.200021498E-9,-119.9999973E-3,
,,,689.600028636E-9,799.999952316E-3,,,,,689.600028636E-9,-39.99999911E-3,
,,,690.000035775E-9,799.999952316E-3,,,,,690.000035775E-9,79.999998212E-3,
,,,690.399986070E-9,799.999952316E-3,,,,,690.399986070E-9,159.99999642E-3,
,,,690.799993208E-9,839.999973774E-3,,,,,690.799993208E-9,199.99998808E-3,
,,,691.200000347E-9,879.999995232E-3,,,,,691.200000347E-9,239.99999464E-3,
,,,691.600007485E-9,919.999957085E-3,,,,,691.600007485E-9,199.99998808E-3,
,,,692.000014624E-9,919.999957085E-3,,,,,692.000014624E-9,159.99999642E-3,
,,,692.400021762E-9,879.999995232E-3,,,,,692.400021762E-9,159.99999642E-3,
,,,692.800028901E-9,759.999990463E-3,,,,,692.800028901E-9,199.99998808E-3,
,,,693.200036039E-9,680.000007153E-3,,,,,693.200036039E-9,199.99998808E-3,
,,,693.599986334E-9,560.000002384E-3,,,,,693.599986334E-9,119.9999973E-3,
,,,693.999993473E-9,479.999989271E-3,,,,,693.999993473E-9,39.99999911E-3,
,,,694.400000611E-9,479.999989271E-3,,,,,694.400000611E-9,-79.999998212E-3,
,,,694.800007750E-9,519.999980927E-3,,,,,694.800007750E-9,-159.99999642E-3,
,,,695.200014889E-9,560.000002384E-3,,,,,695.200014889E-9,-199.99998808E-3,
,,,695.600022027E-9,560.000002384E-3,,,,,695.600022027E-9,-239.99999464E-3,
,,,696.000029166E-9,599.999964237E-3,,,,,696.000029166E-9,-239.99999464E-3,
,,,696.400036304E-9,560.000002384E-3,,,,,696.400036304E-9,-239.99999464E-3,
,,,696.799986599E-9,519.999980927E-3,,,,,696.799986599E-9,-239.99999464E-3,
,,,697.199993738E-9,479.999989271E-3,,,,,697.199993738E-9,-239.99999464E-3,
,,,697.600000876E-9,399.99997616E-3,,,,,697.600000876E-9,-199.99998808E-3,
,,,698.000008015E-9,319.99999285E-3,,,,,698.000008015E-9,-119.9999973E-3,
,,,698.400015153E-9,280.00000119E-3,,,,,698.400015153E-9,-79.999998212E-3,
,,,698.800022292E-9,280.00000119E-3,,,,,698.800022292E-9,-39.99999911E-3,
,,,699.200029430E-9,319.99999285E-3,,,,,699.200029430E-9,0.0,
,,,699.600036569E-9,399.99997616E-3,,,,,699.600036569E-9,-79.999998212E-3,
,,,699.999986864E-9,479.999989271E-3,,,,,699.999986864E-9,-119.9999973E-3,
,,,700.399994003E-9,560.000002384E-3,,,,,700.399994003E-9,-119.9999973E-3,
,,,700.800001141E-9,599.999964237E-3,,,,,700.800001141E-9,0.0,
,,,701.200008280E-9,639.999985695E-3,,,,,701.200008280E-9,119.9999973E-3,
,,,701.600015418E-9,639.999985695E-3,,,,,701.600015418E-9,199.99998808E-3,
,,,702.000022557E-9,680.000007153E-3,,,,,702.000022557E-9,239.99999464E-3,
,,,702.400029695E-9,759.999990463E-3,,,,,702.400029695E-9,239.99999464E-3,
,,,702.800036834E-9,839.999973774E-3,,,,,702.800036834E-9,239.99999464E-3,
,,,703.199987129E-9,919.999957085E-3,,,,,703.199987129E-9,199.99998808E-3,
,,,703.599994267E-9,919.999957085E-3,,,,,703.599994267E-9,199.99998808E-3,
,,,704.000001406E-9,919.999957085E-3,,,,,704.000001406E-9,239.99999464E-3,
,,,704.400008544E-9,839.999973774E-3,,,,,704.400008544E-9,159.99999642E-3,
,,,704.800015683E-9,719.999969006E-3,,,,,704.800015683E-9,79.999998212E-3,
,,,705.200022821E-9,599.999964237E-3,,,,,705.200022821E-9,-39.99999911E-3,
,,,705.600029960E-9,560.000002384E-3,,,,,705.600029960E-9,-119.9999973E-3,
,,,706.000037098E-9,519.999980927E-3,,,,,706.000037098E-9,-159.99999642E-3,
,,,706.399987394E-9,560.000002384E-3,,,,,706.399987394E-9,-159.99999642E-3,
,,,706.799994532E-9,599.999964237E-3,,,,,706.799994532E-9,-119.9999973E-3,
,,,707.200001671E-9,599.999964237E-3,,,,,707.200001671E-9,-39.99999911E-3,
,,,707.600008809E-9,519.999980927E-3,,,,,707.600008809E-9,-79.999998212E-3,
,,,708.000015948E-9,439.999997616E-3,,,,,708.000015948E-9,-119.9999973E-3,
,,,708.400023086E-9,399.99997616E-3,,,,,708.400023086E-9,-159.99999642E-3,
,,,708.800030225E-9,399.99997616E-3,,,,,708.800030225E-9,-199.99998808E-3,
,,,709.200037363E-9,439.999997616E-3,,,,,709.200037363E-9,-199.99998808E-3,
,,,709.599987658E-9,479.999989271E-3,,,,,709.599987658E-9,-199.99998808E-3,
,,,709.999994797E-9,519.999980927E-3,,,,,709.999994797E-9,-159.99999642E-3,
,,,710.400001935E-9,519.999980927E-3,,,,,710.400001935E-9,-119.9999973E-3,
,,,710.800009074E-9,479.999989271E-3,,,,,710.800009074E-9,-79.999998212E-3,
,,,711.200016212E-9,399.99997616E-3,,,,,711.200016212E-9,-79.999998212E-3,
,,,711.600023351E-9,319.99999285E-3,,,,,711.600023351E-9,-119.9999973E-3,
,,,712.000030489E-9,280.00000119E-3,,,,,712.000030489E-9,-159.99999642E-3,
,,,712.400037628E-9,280.00000119E-3,,,,,712.400037628E-9,-159.99999642E-3,
,,,712.799987923E-9,359.99998450E-3,,,,,712.799987923E-9,-159.99999642E-3,
,,,713.199995062E-9,439.999997616E-3,,,,,713.199995062E-9,-119.9999973E-3,
,,,713.600002200E-9,479.999989271E-3,,,,,713.600002200E-9,-79.999998212E-3,
,,,714.000009339E-9,479.999989271E-3,,,,,714.000009339E-9,-39.99999911E-3,
,,,714.400016477E-9,519.999980927E-3,,,,,714.400016477E-9,0.0,
,,,714.800023616E-9,519.999980927E-3,,,,,714.800023616E-9,79.999998212E-3,
,,,715.200030754E-9,519.999980927E-3,,,,,715.200030754E-9,119.9999973E-3,
,,,715.599981049E-9,519.999980927E-3,,,,,715.599981049E-9,119.9999973E-3,
,,,715.999988188E-9,560.000002384E-3,,,,,715.999988188E-9,119.9999973E-3,
,,,716.399995326E-9,519.999980927E-3,,,,,716.399995326E-9,79.999998212E-3,
,,,716.800002465E-9,479.999989271E-3,,,,,716.800002465E-9,39.99999911E-3,
,,,717.200009603E-9,439.999997616E-3,,,,,717.200009603E-9,0.0,
,,,717.600016742E-9,359.99998450E-3,,,,,717.600016742E-9,0.0,
,,,718.000023880E-9,280.00000119E-3,,,,,718.000023880E-9,0.0,
,,,718.400031019E-9,239.99999464E-3,,,,,718.400031019E-9,39.99999911E-3,
,,,718.799981314E-9,239.99999464E-3,,,,,718.799981314E-9,39.99999911E-3,
,,,719.199988453E-9,239.99999464E-3,,,,,719.199988453E-9,39.99999911E-3,
,,,719.599995591E-9,199.99998808E-3,,,,,719.599995591E-9,0.0,
,,,720.000002730E-9,199.99998808E-3,,,,,720.000002730E-9,-39.99999911E-3,
,,,720.400009868E-9,199.99998808E-3,,,,,720.400009868E-9,-39.99999911E-3,
,,,720.800017007E-9,199.99998808E-3,,,,,720.800017007E-9,-39.99999911E-3,
,,,721.200024145E-9,280.00000119E-3,,,,,721.200024145E-9,0.0,
,,,721.600031284E-9,359.99998450E-3,,,,,721.600031284E-9,-39.99999911E-3,
,,,721.999981579E-9,439.999997616E-3,,,,,721.999981579E-9,-39.99999911E-3,
,,,722.399988717E-9,560.000002384E-3,,,,,722.399988717E-9,-79.999998212E-3,
,,,722.799995856E-9,639.999985695E-3,,,,,722.799995856E-9,-79.999998212E-3,
,,,723.200002994E-9,680.000007153E-3,,,,,723.200002994E-9,-79.999998212E-3,
,,,723.600010133E-9,680.000007153E-3,,,,,723.600010133E-9,-39.99999911E-3,
,,,724.000017271E-9,639.999985695E-3,,,,,724.000017271E-9,0.0,
,,,724.400024410E-9,599.999964237E-3,,,,,724.400024410E-9,39.99999911E-3,
,,,724.800031549E-9,560.000002384E-3,,,,,724.800031549E-9,39.99999911E-3,
,,,725.199981844E-9,560.000002384E-3,,,,,725.199981844E-9,39.99999911E-3,
,,,725.599988982E-9,560.000002384E-3,,,,,725.599988982E-9,0.0,
,,,725.999996121E-9,560.000002384E-3,,,,,725.999996121E-9,0.0,
,,,726.400003259E-9,599.999964237E-3,,,,,726.400003259E-9,0.0,
,,,726.800010398E-9,639.999985695E-3,,,,,726.800010398E-9,39.99999911E-3,
,,,727.200017536E-9,639.999985695E-3,,,,,727.200017536E-9,119.9999973E-3,
,,,727.600024675E-9,560.000002384E-3,,,,,727.600024675E-9,119.9999973E-3,
,,,728.000031813E-9,519.999980927E-3,,,,,728.000031813E-9,119.9999973E-3,
,,,728.399982108E-9,399.99997616E-3,,,,,728.399982108E-9,79.999998212E-3,
,,,728.799989247E-9,319.99999285E-3,,,,,728.799989247E-9,0.0,
,,,729.199996385E-9,239.99999464E-3,,,,,729.199996385E-9,-39.99999911E-3,
,,,729.600003524E-9,199.99998808E-3,,,,,729.600003524E-9,-79.999998212E-3,
,,,730.000010662E-9,199.99998808E-3,,,,,730.000010662E-9,-119.9999973E-3,
,,,730.400017801E-9,199.99998808E-3,,,,,730.400017801E-9,-159.99999642E-3,
,,,730.800024940E-9,199.99998808E-3,,,,,730.800024940E-9,-199.99998808E-3,
,,,731.200032078E-9,199.99998808E-3,,,,,731.200032078E-9,-199.99998808E-3,
,,,731.599982373E-9,159.99999642E-3,,,,,731.599982373E-9,-199.99998808E-3,
,,,731.999989512E-9,119.9999973E-3,,,,,731.999989512E-9,-159.99999642E-3,
,,,732.399996650E-9,119.9999973E-3,,,,,732.399996650E-9,-119.9999973E-3,
,,,732.800003789E-9,119.9999973E-3,,,,,732.800003789E-9,-79.999998212E-3,
,,,733.200010927E-9,199.99998808E-3,,,,,733.200010927E-9,-39.99999911E-3,
,,,733.600018066E-9,280.00000119E-3,,,,,733.600018066E-9,-39.99999911E-3,
,,,734.000025204E-9,399.99997616E-3,,,,,734.000025204E-9,-39.99999911E-3,
,,,734.400032343E-9,519.999980927E-3,,,,,734.400032343E-9,-39.99999911E-3,
,,,734.799982638E-9,560.000002384E-3,,,,,734.799982638E-9,0.0,
,,,735.199989776E-9,599.999964237E-3,,,,,735.199989776E-9,79.999998212E-3,
,,,735.599996915E-9,560.000002384E-3,,,,,735.599996915E-9,119.9999973E-3,
,,,736.000004053E-9,560.000002384E-3,,,,,736.000004053E-9,159.99999642E-3,
,,,736.400011192E-9,560.000002384E-3,,,,,736.400011192E-9,199.99998808E-3,
,,,736.800018331E-9,639.999985695E-3,,,,,736.800018331E-9,239.99999464E-3,
,,,737.200025469E-9,680.000007153E-3,,,,,737.200025469E-9,280.00000119E-3,
,,,737.600032608E-9,680.000007153E-3,,,,,737.600032608E-9,280.00000119E-3,
,,,737.999982903E-9,639.999985695E-3,,,,,737.999982903E-9,280.00000119E-3,
,,,738.399990041E-9,599.999964237E-3,,,,,738.399990041E-9,280.00000119E-3,
,,,738.799997180E-9,479.999989271E-3,,,,,738.799997180E-9,239.99999464E-3,
,,,739.200004318E-9,439.999997616E-3,,,,,739.200004318E-9,239.99999464E-3,
,,,739.600011457E-9,439.999997616E-3,,,,,739.600011457E-9,199.99998808E-3,
,,,740.000018595E-9,439.999997616E-3,,,,,740.000018595E-9,159.99999642E-3,
,,,740.400025734E-9,479.999989271E-3,,,,,740.400025734E-9,119.9999973E-3,
,,,740.800032872E-9,439.999997616E-3,,,,,740.800032872E-9,119.9999973E-3,
,,,741.199983167E-9,439.999997616E-3,,,,,741.199983167E-9,119.9999973E-3,
,,,741.599990306E-9,359.99998450E-3,,,,,741.599990306E-9,79.999998212E-3,
,,,741.999997445E-9,280.00000119E-3,,,,,741.999997445E-9,0.0,
,,,742.400004583E-9,239.99999464E-3,,,,,742.400004583E-9,-39.99999911E-3,
,,,742.800011722E-9,199.99998808E-3,,,,,742.800011722E-9,-159.99999642E-3,
,,,743.200018860E-9,159.99999642E-3,,,,,743.200018860E-9,-199.99998808E-3,
,,,743.600025999E-9,119.9999973E-3,,,,,743.600025999E-9,-239.99999464E-3,
,,,744.000033137E-9,119.9999973E-3,,,,,744.000033137E-9,-239.99999464E-3,
,,,744.399983432E-9,79.999998212E-3,,,,,744.399983432E-9,-239.99999464E-3,
,,,744.799990571E-9,79.999998212E-3,,,,,744.799990571E-9,-199.99998808E-3,
,,,745.199997709E-9,119.9999973E-3,,,,,745.199997709E-9,-159.99999642E-3,
,,,745.600004848E-9,159.99999642E-3,,,,,745.600004848E-9,-159.99999642E-3,
,,,746.000011986E-9,199.99998808E-3,,,,,746.000011986E-9,-159.99999642E-3,
,,,746.400019125E-9,239.99999464E-3,,,,,746.400019125E-9,-119.9999973E-3,
,,,746.800026263E-9,280.00000119E-3,,,,,746.800026263E-9,-119.9999973E-3,
,,,747.200033402E-9,359.99998450E-3,,,,,747.200033402E-9,-79.999998212E-3,
,,,747.599983697E-9,399.99997616E-3,,,,,747.599983697E-9,-79.999998212E-3,
,,,747.999990836E-9,479.999989271E-3,,,,,747.999990836E-9,-79.999998212E-3,
,,,748.399997974E-9,560.000002384E-3,,,,,748.399997974E-9,-39.99999911E-3,
,,,748.800005113E-9,599.999964237E-3,,,,,748.800005113E-9,39.99999911E-3,
,,,749.200012251E-9,680.000007153E-3,,,,,749.200012251E-9,119.9999973E-3,
,,,749.600019390E-9,680.000007153E-3,,,,,749.600019390E-9,159.99999642E-3,
,,,750.000026528E-9,719.999969006E-3,,,,,750.000026528E-9,159.99999642E-3,
,,,750.400033667E-9,719.999969006E-3,,,,,750.400033667E-9,199.99998808E-3,
,,,750.799983962E-9,719.999969006E-3,,,,,750.799983962E-9,199.99998808E-3,
,,,751.199991100E-9,719.999969006E-3,,,,,751.199991100E-9,199.99998808E-3,
,,,751.599998239E-9,680.000007153E-3,,,,,751.599998239E-9,199.99998808E-3,
,,,752.000005377E-9,639.999985695E-3,,,,,752.000005377E-9,199.99998808E-3,
,,,752.400012516E-9,599.999964237E-3,,,,,752.400012516E-9,239.99999464E-3,
,,,752.800019654E-9,560.000002384E-3,,,,,752.800019654E-9,199.99998808E-3,
,,,753.200026793E-9,519.999980927E-3,,,,,753.200026793E-9,199.99998808E-3,
,,,753.600033931E-9,439.999997616E-3,,,,,753.600033931E-9,119.9999973E-3,
,,,753.999984227E-9,399.99997616E-3,,,,,753.999984227E-9,79.999998212E-3,
,,,754.399991365E-9,359.99998450E-3,,,,,754.399991365E-9,79.999998212E-3,
,,,754.799998504E-9,280.00000119E-3,,,,,754.799998504E-9,79.999998212E-3,
,,,755.200005642E-9,239.99999464E-3,,,,,755.200005642E-9,79.999998212E-3,
,,,755.600012781E-9,159.99999642E-3,,,,,755.600012781E-9,39.99999911E-3,
,,,756.000019919E-9,119.9999973E-3,,,,,756.000019919E-9,0.0,
,,,756.400027058E-9,79.999998212E-3,,,,,756.400027058E-9,-39.99999911E-3,
,,,756.800034196E-9,79.999998212E-3,,,,,756.800034196E-9,-79.999998212E-3,
,,,757.199984491E-9,119.9999973E-3,,,,,757.199984491E-9,-79.999998212E-3,
,,,757.599991630E-9,159.99999642E-3,,,,,757.599991630E-9,-79.999998212E-3,
,,,757.999998768E-9,199.99998808E-3,,,,,757.999998768E-9,-39.99999911E-3,
,,,758.400005907E-9,239.99999464E-3,,,,,758.400005907E-9,0.0,
,,,758.800013045E-9,280.00000119E-3,,,,,758.800013045E-9,0.0,
,,,759.200020184E-9,319.99999285E-3,,,,,759.200020184E-9,0.0,
,,,759.600027322E-9,319.99999285E-3,,,,,759.600027322E-9,-39.99999911E-3,
,,,760.000034461E-9,359.99998450E-3,,,,,760.000034461E-9,-79.999998212E-3,
,,,760.399984756E-9,439.999997616E-3,,,,,760.399984756E-9,-79.999998212E-3,
,,,760.799991895E-9,519.999980927E-3,,,,,760.799991895E-9,-39.99999911E-3,
,,,761.199999033E-9,599.999964237E-3,,,,,761.199999033E-9,0.0,
,,,761.600006172E-9,639.999985695E-3,,,,,761.600006172E-9,39.99999911E-3,
,,,762.000013310E-9,639.999985695E-3,,,,,762.000013310E-9,39.99999911E-3,
,,,762.400020449E-9,599.999964237E-3,,,,,762.400020449E-9,79.999998212E-3,
,,,762.800027587E-9,560.000002384E-3,,,,,762.800027587E-9,39.99999911E-3,
,,,763.200034726E-9,519.999980927E-3,,,,,763.200034726E-9,39.99999911E-3,
,,,763.599985021E-9,479.999989271E-3,,,,,763.599985021E-9,0.0,
,,,763.999992159E-9,479.999989271E-3,,,,,763.999992159E-9,0.0,
,,,764.399999298E-9,439.999997616E-3,,,,,764.399999298E-9,-39.99999911E-3,
,,,764.800006436E-9,439.999997616E-3,,,,,764.800006436E-9,-39.99999911E-3,
,,,765.200013575E-9,399.99997616E-3,,,,,765.200013575E-9,-39.99999911E-3,
,,,765.600020713E-9,319.99999285E-3,,,,,765.600020713E-9,-39.99999911E-3,
,,,766.000027852E-9,280.00000119E-3,,,,,766.000027852E-9,-39.99999911E-3,
,,,766.400034991E-9,239.99999464E-3,,,,,766.400034991E-9,-79.999998212E-3,
,,,766.799985286E-9,239.99999464E-3,,,,,766.799985286E-9,-79.999998212E-3,
,,,767.199992424E-9,280.00000119E-3,,,,,767.199992424E-9,-79.999998212E-3,
,,,767.599999563E-9,280.00000119E-3,,,,,767.599999563E-9,-119.9999973E-3,
,,,768.000006701E-9,280.00000119E-3,,,,,768.000006701E-9,-79.999998212E-3,
,,,768.400013840E-9,280.00000119E-3,,,,,768.400013840E-9,-79.999998212E-3,
,,,768.800020978E-9,280.00000119E-3,,,,,768.800020978E-9,-79.999998212E-3,
,,,769.200028117E-9,280.00000119E-3,,,,,769.200028117E-9,-39.99999911E-3,
,,,769.600035255E-9,280.00000119E-3,,,,,769.600035255E-9,-39.99999911E-3,
,,,769.999985550E-9,280.00000119E-3,,,,,769.999985550E-9,0.0,
,,,770.399992689E-9,319.99999285E-3,,,,,770.399992689E-9,39.99999911E-3,
,,,770.799999827E-9,399.99997616E-3,,,,,770.799999827E-9,39.99999911E-3,
,,,771.200006966E-9,479.999989271E-3,,,,,771.200006966E-9,39.99999911E-3,
,,,771.600014104E-9,479.999989271E-3,,,,,771.600014104E-9,39.99999911E-3,
,,,772.000021243E-9,519.999980927E-3,,,,,772.000021243E-9,79.999998212E-3,
,,,772.400028382E-9,519.999980927E-3,,,,,772.400028382E-9,119.9999973E-3,
,,,772.800035520E-9,519.999980927E-3,,,,,772.800035520E-9,119.9999973E-3,
,,,773.199985815E-9,519.999980927E-3,,,,,773.199985815E-9,159.99999642E-3,
,,,773.599992954E-9,519.999980927E-3,,,,,773.599992954E-9,119.9999973E-3,
,,,774.000000092E-9,519.999980927E-3,,,,,774.000000092E-9,119.9999973E-3,
,,,774.400007231E-9,479.999989271E-3,,,,,774.400007231E-9,119.9999973E-3,
,,,774.800014369E-9,439.999997616E-3,,,,,774.800014369E-9,119.9999973E-3,
,,,775.200021508E-9,399.99997616E-3,,,,,775.200021508E-9,159.99999642E-3,
,,,775.600028646E-9,319.99999285E-3,,,,,775.600028646E-9,119.9999973E-3,
,,,776.000035785E-9,239.99999464E-3,,,,,776.000035785E-9,39.99999911E-3,
,,,776.399986080E-9,199.99998808E-3,,,,,776.399986080E-9,0.0,
,,,776.799993218E-9,159.99999642E-3,,,,,776.799993218E-9,-79.999998212E-3,
,,,777.200000357E-9,159.99999642E-3,,,,,777.200000357E-9,-119.9999973E-3,
,,,777.600007495E-9,119.9999973E-3,,,,,777.600007495E-9,-159.99999642E-3,
,,,778.000014634E-9,119.9999973E-3,,,,,778.000014634E-9,-159.99999642E-3,
,,,778.400021773E-9,79.999998212E-3,,,,,778.400021773E-9,-159.99999642E-3,
,,,778.800028911E-9,79.999998212E-3,,,,,778.800028911E-9,-159.99999642E-3,
,,,779.200036050E-9,119.9999973E-3,,,,,779.200036050E-9,-119.9999973E-3,
,,,779.599986345E-9,159.99999642E-3,,,,,779.599986345E-9,-119.9999973E-3,
,,,779.999993483E-9,199.99998808E-3,,,,,779.999993483E-9,-119.9999973E-3,
,,,780.400000622E-9,239.99999464E-3,,,,,780.400000622E-9,-79.999998212E-3,
,,,780.800007760E-9,280.00000119E-3,,,,,780.800007760E-9,-79.999998212E-3,
,,,781.200014899E-9,319.99999285E-3,,,,,781.200014899E-9,-39.99999911E-3,
,,,781.600022037E-9,359.99998450E-3,,,,,781.600022037E-9,-39.99999911E-3,
,,,782.000029176E-9,359.99998450E-3,,,,,782.000029176E-9,-39.99999911E-3,
,,,782.400036314E-9,399.99997616E-3,,,,,782.400036314E-9,0.0,
,,,782.799986609E-9,399.99997616E-3,,,,,782.799986609E-9,79.999998212E-3,
,,,783.199993748E-9,399.99997616E-3,,,,,783.199993748E-9,159.99999642E-3,
,,,783.600000887E-9,399.99997616E-3,,,,,783.600000887E-9,159.99999642E-3,
,,,784.000008025E-9,399.99997616E-3,,,,,784.000008025E-9,199.99998808E-3,
,,,784.400015164E-9,439.999997616E-3,,,,,784.400015164E-9,159.99999642E-3,
,,,784.800022302E-9,439.999997616E-3,,,,,784.800022302E-9,159.99999642E-3,
,,,785.200029441E-9,439.999997616E-3,,,,,785.200029441E-9,159.99999642E-3,
,,,785.600036579E-9,399.99997616E-3,,,,,785.600036579E-9,159.99999642E-3,
,,,785.999986874E-9,359.99998450E-3,,,,,785.999986874E-9,159.99999642E-3,
,,,786.399994013E-9,319.99999285E-3,,,,,786.399994013E-9,119.9999973E-3,
,,,786.800001151E-9,280.00000119E-3,,,,,786.800001151E-9,79.999998212E-3,
,,,787.200008290E-9,239.99999464E-3,,,,,787.200008290E-9,39.99999911E-3,
,,,787.600015428E-9,199.99998808E-3,,,,,787.600015428E-9,-39.99999911E-3,
,,,788.000022567E-9,199.99998808E-3,,,,,788.000022567E-9,-119.9999973E-3,
,,,788.400029705E-9,159.99999642E-3,,,,,788.400029705E-9,-159.99999642E-3,
,,,788.800036844E-9,159.99999642E-3,,,,,788.800036844E-9,-159.99999642E-3,
,,,789.199987139E-9,159.99999642E-3,,,,,789.199987139E-9,-159.99999642E-3,
,,,789.599994278E-9,119.9999973E-3,,,,,789.599994278E-9,-199.99998808E-3,
,,,790.000001416E-9,119.9999973E-3,,,,,790.000001416E-9,-199.99998808E-3,
,,,790.400008555E-9,119.9999973E-3,,,,,790.400008555E-9,-239.99999464E-3,
,,,790.800015693E-9,159.99999642E-3,,,,,790.800015693E-9,-239.99999464E-3,
,,,791.200022832E-9,199.99998808E-3,,,,,791.200022832E-9,-199.99998808E-3,
,,,791.600029970E-9,199.99998808E-3,,,,,791.600029970E-9,-159.99999642E-3,
,,,792.000037109E-9,239.99999464E-3,,,,,792.000037109E-9,-119.9999973E-3,
,,,792.399987404E-9,280.00000119E-3,,,,,792.399987404E-9,-79.999998212E-3,
,,,792.799994542E-9,280.00000119E-3,,,,,792.799994542E-9,0.0,
,,,793.200001681E-9,319.99999285E-3,,,,,793.200001681E-9,79.999998212E-3,
,,,793.600008819E-9,319.99999285E-3,,,,,793.600008819E-9,119.9999973E-3,
,,,794.000015958E-9,319.99999285E-3,,,,,794.000015958E-9,119.9999973E-3,
,,,794.400023096E-9,359.99998450E-3,,,,,794.400023096E-9,159.99999642E-3,
,,,794.800030235E-9,439.999997616E-3,,,,,794.800030235E-9,159.99999642E-3,
,,,795.200037373E-9,479.999989271E-3,,,,,795.200037373E-9,159.99999642E-3,
,,,795.599987669E-9,479.999989271E-3,,,,,795.599987669E-9,159.99999642E-3,
,,,795.999994807E-9,479.999989271E-3,,,,,795.999994807E-9,159.99999642E-3,
,,,796.400001946E-9,439.999997616E-3,,,,,796.400001946E-9,199.99998808E-3,
,,,796.800009084E-9,399.99997616E-3,,,,,796.800009084E-9,239.99999464E-3,
,,,797.200016223E-9,399.99997616E-3,,,,,797.200016223E-9,280.00000119E-3,
,,,797.600023361E-9,399.99997616E-3,,,,,797.600023361E-9,239.99999464E-3,
,,,798.000030500E-9,399.99997616E-3,,,,,798.000030500E-9,199.99998808E-3,
,,,798.400037638E-9,399.99997616E-3,,,,,798.400037638E-9,159.99999642E-3,
,,,798.799987933E-9,399.99997616E-3,,,,,798.799987933E-9,119.9999973E-3,
,,,799.199995072E-9,359.99998450E-3,,,,,799.199995072E-9,119.9999973E-3,
,,,799.600002210E-9,280.00000119E-3,,,,,799.600002210E-9,79.999998212E-3,
,,,800.000009349E-9,199.99998808E-3,,,,,800.000009349E-9,39.99999911E-3,
,,,800.400016487E-9,159.99999642E-3,,,,,800.400016487E-9,0.0,
,,,800.800023626E-9,119.9999973E-3,,,,,800.800023626E-9,-39.99999911E-3,
,,,801.200030764E-9,119.9999973E-3,,,,,801.200030764E-9,-39.99999911E-3,
,,,801.600037903E-9,79.999998212E-3,,,,,801.600037903E-9,-79.999998212E-3,
,,,801.999988198E-9,79.999998212E-3,,,,,801.999988198E-9,-39.99999911E-3,
,,,802.399995337E-9,39.99999911E-3,,,,,802.399995337E-9,-39.99999911E-3,
,,,802.800002475E-9,39.99999911E-3,,,,,802.800002475E-9,-39.99999911E-3,
,,,803.200009614E-9,39.99999911E-3,,,,,803.200009614E-9,-39.99999911E-3,
,,,803.600016752E-9,39.99999911E-3,,,,,803.600016752E-9,-79.999998212E-3,
,,,804.000023891E-9,79.999998212E-3,,,,,804.000023891E-9,-79.999998212E-3,
,,,804.400031029E-9,119.9999973E-3,,,,,804.400031029E-9,-119.9999973E-3,
,,,804.800038168E-9,159.99999642E-3,,,,,804.800038168E-9,-119.9999973E-3,
,,,805.199988463E-9,239.99999464E-3,,,,,805.199988463E-9,-79.999998212E-3,
,,,805.599995601E-9,280.00000119E-3,,,,,805.599995601E-9,-79.999998212E-3,
,,,806.000002740E-9,319.99999285E-3,,,,,806.000002740E-9,-39.99999911E-3,
,,,806.400009878E-9,359.99998450E-3,,,,,806.400009878E-9,0.0,
,,,806.800017017E-9,439.999997616E-3,,,,,806.800017017E-9,0.0,
,,,807.200024155E-9,479.999989271E-3,,,,,807.200024155E-9,39.99999911E-3,
,,,807.600031294E-9,479.999989271E-3,,,,,807.600031294E-9,39.99999911E-3,
,,,808.000038433E-9,519.999980927E-3,,,,,808.000038433E-9,39.99999911E-3,
,,,808.399988728E-9,519.999980927E-3,,,,,808.399988728E-9,39.99999911E-3,
,,,808.799995866E-9,479.999989271E-3,,,,,808.799995866E-9,79.999998212E-3,
,,,809.200003005E-9,479.999989271E-3,,,,,809.200003005E-9,119.9999973E-3,
,,,809.600010143E-9,439.999997616E-3,,,,,809.600010143E-9,119.9999973E-3,
,,,810.000017282E-9,399.99997616E-3,,,,,810.000017282E-9,159.99999642E-3,
,,,810.400024420E-9,359.99998450E-3,,,,,810.400024420E-9,159.99999642E-3,
,,,810.800031559E-9,319.99999285E-3,,,,,810.800031559E-9,119.9999973E-3,
,,,811.200038697E-9,319.99999285E-3,,,,,811.200038697E-9,119.9999973E-3,
,,,811.599988992E-9,280.00000119E-3,,,,,811.599988992E-9,79.999998212E-3,
,,,811.999996131E-9,280.00000119E-3,,,,,811.999996131E-9,79.999998212E-3,
,,,812.400003269E-9,239.99999464E-3,,,,,812.400003269E-9,39.99999911E-3,
,,,812.800010408E-9,199.99998808E-3,,,,,812.800010408E-9,39.99999911E-3,
,,,813.200017546E-9,159.99999642E-3,,,,,813.200017546E-9,39.99999911E-3,
,,,813.600024685E-9,119.9999973E-3,,,,,813.600024685E-9,0.0,
,,,814.000031824E-9,79.999998212E-3,,,,,814.000031824E-9,0.0,
,,,814.400038962E-9,79.999998212E-3,,,,,814.400038962E-9,0.0,
,,,814.799989257E-9,79.999998212E-3,,,,,814.799989257E-9,0.0,
,,,815.199996396E-9,79.999998212E-3,,,,,815.199996396E-9,0.0,
,,,815.600003534E-9,79.999998212E-3,,,,,815.600003534E-9,0.0,
,,,816.000010673E-9,79.999998212E-3,,,,,816.000010673E-9,0.0,
,,,816.400017811E-9,79.999998212E-3,,,,,816.400017811E-9,0.0,
,,,816.800024950E-9,79.999998212E-3,,,,,816.800024950E-9,0.0,
,,,817.200032088E-9,119.9999973E-3,,,,,817.200032088E-9,0.0,
,,,817.599982383E-9,119.9999973E-3,,,,,817.599982383E-9,0.0,
,,,817.999989522E-9,159.99999642E-3,,,,,817.999989522E-9,0.0,
,,,818.399996660E-9,199.99998808E-3,,,,,818.399996660E-9,39.99999911E-3,
,,,818.800003799E-9,280.00000119E-3,,,,,818.800003799E-9,79.999998212E-3,
,,,819.200010937E-9,319.99999285E-3,,,,,819.200010937E-9,119.9999973E-3,
,,,819.600018076E-9,319.99999285E-3,,,,,819.600018076E-9,119.9999973E-3,
,,,820.000025215E-9,359.99998450E-3,,,,,820.000025215E-9,159.99999642E-3,
,,,820.400032353E-9,359.99998450E-3,,,,,820.400032353E-9,199.99998808E-3,
,,,820.799982648E-9,359.99998450E-3,,,,,820.799982648E-9,199.99998808E-3,
,,,821.199989787E-9,359.99998450E-3,,,,,821.199989787E-9,239.99999464E-3,
,,,821.599996925E-9,319.99999285E-3,,,,,821.599996925E-9,199.99998808E-3,
,,,822.000004064E-9,319.99999285E-3,,,,,822.000004064E-9,199.99998808E-3,
,,,822.400011202E-9,280.00000119E-3,,,,,822.400011202E-9,159.99999642E-3,
,,,822.800018341E-9,239.99999464E-3,,,,,822.800018341E-9,159.99999642E-3,
,,,823.200025479E-9,239.99999464E-3,,,,,823.200025479E-9,159.99999642E-3,
,,,823.600032618E-9,199.99998808E-3,,,,,823.600032618E-9,119.9999973E-3,
,,,823.999982913E-9,239.99999464E-3,,,,,823.999982913E-9,79.999998212E-3,
,,,824.399990051E-9,239.99999464E-3,,,,,824.399990051E-9,39.99999911E-3,
,,,824.799997190E-9,199.99998808E-3,,,,,824.799997190E-9,0.0,
,,,825.200004329E-9,239.99999464E-3,,,,,825.200004329E-9,0.0,
,,,825.600011467E-9,239.99999464E-3,,,,,825.600011467E-9,-39.99999911E-3,
,,,826.000018606E-9,280.00000119E-3,,,,,826.000018606E-9,-79.999998212E-3,
,,,826.400025744E-9,319.99999285E-3,,,,,826.400025744E-9,-79.999998212E-3,
,,,826.800032883E-9,280.00000119E-3,,,,,826.800032883E-9,-79.999998212E-3,
,,,827.199983178E-9,280.00000119E-3,,,,,827.199983178E-9,-39.99999911E-3,
,,,827.599990316E-9,239.99999464E-3,,,,,827.599990316E-9,-39.99999911E-3,
,,,827.999997455E-9,280.00000119E-3,,,,,827.999997455E-9,-39.99999911E-3,
,,,828.400004593E-9,280.00000119E-3,,,,,828.400004593E-9,-39.99999911E-3,
,,,828.800011732E-9,280.00000119E-3,,,,,828.800011732E-9,-79.999998212E-3,
,,,829.200018870E-9,319.99999285E-3,,,,,829.200018870E-9,-39.99999911E-3,
,,,829.600026009E-9,280.00000119E-3,,,,,829.600026009E-9,-39.99999911E-3,
,,,830.000033147E-9,280.00000119E-3,,,,,830.000033147E-9,0.0,
,,,830.399983442E-9,280.00000119E-3,,,,,830.399983442E-9,39.99999911E-3,
,,,830.799990581E-9,280.00000119E-3,,,,,830.799990581E-9,39.99999911E-3,
,,,831.199997720E-9,280.00000119E-3,,,,,831.199997720E-9,79.999998212E-3,
,,,831.600004858E-9,280.00000119E-3,,,,,831.600004858E-9,79.999998212E-3,
,,,832.000011997E-9,280.00000119E-3,,,,,832.000011997E-9,119.9999973E-3,
,,,832.400019135E-9,239.99999464E-3,,,,,832.400019135E-9,79.999998212E-3,
,,,832.800026274E-9,199.99998808E-3,,,,,832.800026274E-9,79.999998212E-3,
,,,833.200033412E-9,159.99999642E-3,,,,,833.200033412E-9,79.999998212E-3,
,,,833.599983707E-9,119.9999973E-3,,,,,833.599983707E-9,79.999998212E-3,
,,,833.999990846E-9,119.9999973E-3,,,,,833.999990846E-9,79.999998212E-3,
,,,834.399997984E-9,79.999998212E-3,,,,,834.399997984E-9,79.999998212E-3,
,,,834.800005123E-9,79.999998212E-3,,,,,834.800005123E-9,79.999998212E-3,
,,,835.200012261E-9,79.999998212E-3,,,,,835.200012261E-9,79.999998212E-3,
,,,835.600019400E-9,39.99999911E-3,,,,,835.600019400E-9,39.99999911E-3,
,,,836.000026538E-9,79.999998212E-3,,,,,836.000026538E-9,79.999998212E-3,
,,,836.400033677E-9,79.999998212E-3,,,,,836.400033677E-9,79.999998212E-3,
,,,836.799983972E-9,79.999998212E-3,,,,,836.799983972E-9,79.999998212E-3,
,,,837.199991111E-9,119.9999973E-3,,,,,837.199991111E-9,119.9999973E-3,
,,,837.599998249E-9,119.9999973E-3,,,,,837.599998249E-9,79.999998212E-3,
,,,838.000005388E-9,159.99999642E-3,,,,,838.000005388E-9,79.999998212E-3,
,,,838.400012526E-9,199.99998808E-3,,,,,838.400012526E-9,39.99999911E-3,
,,,838.800019665E-9,239.99999464E-3,,,,,838.800019665E-9,39.99999911E-3,
,,,839.200026803E-9,280.00000119E-3,,,,,839.200026803E-9,79.999998212E-3,
,,,839.600033942E-9,280.00000119E-3,,,,,839.600033942E-9,79.999998212E-3,
,,,839.999984237E-9,280.00000119E-3,,,,,839.999984237E-9,119.9999973E-3,
,,,840.399991375E-9,280.00000119E-3,,,,,840.399991375E-9,159.99999642E-3,
,,,840.799998514E-9,280.00000119E-3,,,,,840.799998514E-9,119.9999973E-3,
,,,841.200005652E-9,319.99999285E-3,,,,,841.200005652E-9,119.9999973E-3,
,,,841.600012791E-9,319.99999285E-3,,,,,841.600012791E-9,79.999998212E-3,
,,,842.000019929E-9,319.99999285E-3,,,,,842.000019929E-9,39.99999911E-3,
,,,842.400027068E-9,280.00000119E-3,,,,,842.400027068E-9,0.0,
,,,842.800034206E-9,280.00000119E-3,,,,,842.800034206E-9,0.0,
,,,843.199984502E-9,280.00000119E-3,,,,,843.199984502E-9,0.0,
,,,843.599991640E-9,239.99999464E-3,,,,,843.599991640E-9,0.0,
,,,843.999998779E-9,239.99999464E-3,,,,,843.999998779E-9,0.0,
,,,844.400005917E-9,239.99999464E-3,,,,,844.400005917E-9,39.99999911E-3,
,,,844.800013056E-9,239.99999464E-3,,,,,844.800013056E-9,0.0,
,,,845.200020194E-9,239.99999464E-3,,,,,845.200020194E-9,0.0,
,,,845.600027333E-9,199.99998808E-3,,,,,845.600027333E-9,-39.99999911E-3,
,,,846.000034471E-9,199.99998808E-3,,,,,846.000034471E-9,-39.99999911E-3,
,,,846.399984766E-9,159.99999642E-3,,,,,846.399984766E-9,-79.999998212E-3,
,,,846.799991905E-9,119.9999973E-3,,,,,846.799991905E-9,-79.999998212E-3,
,,,847.199999043E-9,79.999998212E-3,,,,,847.199999043E-9,-79.999998212E-3,
,,,847.600006182E-9,39.99999911E-3,,,,,847.600006182E-9,-119.9999973E-3,
,,,848.000013320E-9,39.99999911E-3,,,,,848.000013320E-9,-119.9999973E-3,
,,,848.400020459E-9,39.99999911E-3,,,,,848.400020459E-9,-79.999998212E-3,
,,,848.800027597E-9,39.99999911E-3,,,,,848.800027597E-9,-39.99999911E-3,
,,,849.200034736E-9,79.999998212E-3,,,,,849.200034736E-9,0.0,
,,,849.599985031E-9,79.999998212E-3,,,,,849.599985031E-9,0.0,
,,,849.999992170E-9,119.9999973E-3,,,,,849.999992170E-9,0.0,
,,,850.399999308E-9,159.99999642E-3,,,,,850.399999308E-9,39.99999911E-3,
,,,850.800006447E-9,159.99999642E-3,,,,,850.800006447E-9,39.99999911E-3,
,,,851.200013585E-9,199.99998808E-3,,,,,851.200013585E-9,79.999998212E-3,
,,,851.600020724E-9,199.99998808E-3,,,,,851.600020724E-9,79.999998212E-3,
,,,852.000027862E-9,199.99998808E-3,,,,,852.000027862E-9,79.999998212E-3,
,,,852.400035001E-9,239.99999464E-3,,,,,852.400035001E-9,79.999998212E-3,
,,,852.799985296E-9,239.99999464E-3,,,,,852.799985296E-9,79.999998212E-3,
,,,853.199992434E-9,280.00000119E-3,,,,,853.199992434E-9,119.9999973E-3,
,,,853.599999573E-9,239.99999464E-3,,,,,853.599999573E-9,119.9999973E-3,
,,,854.000006711E-9,239.99999464E-3,,,,,854.000006711E-9,119.9999973E-3,
,,,854.400013850E-9,199.99998808E-3,,,,,854.400013850E-9,119.9999973E-3,
,,,854.800020988E-9,199.99998808E-3,,,,,854.800020988E-9,119.9999973E-3,
,,,855.200028127E-9,199.99998808E-3,,,,,855.200028127E-9,119.9999973E-3,
,,,855.600035266E-9,199.99998808E-3,,,,,855.600035266E-9,79.999998212E-3,
,,,855.999985561E-9,199.99998808E-3,,,,,855.999985561E-9,39.99999911E-3,
,,,856.399992699E-9,159.99999642E-3,,,,,856.399992699E-9,39.99999911E-3,
,,,856.799999838E-9,119.9999973E-3,,,,,856.799999838E-9,39.99999911E-3,
,,,857.200006976E-9,119.9999973E-3,,,,,857.200006976E-9,79.999998212E-3,
,,,857.600014115E-9,119.9999973E-3,,,,,857.600014115E-9,39.99999911E-3,
,,,858.000021253E-9,119.9999973E-3,,,,,858.000021253E-9,39.99999911E-3,
,,,858.400028392E-9,79.999998212E-3,,,,,858.400028392E-9,0.0,
,,,858.800035530E-9,79.999998212E-3,,,,,858.800035530E-9,-39.99999911E-3,
,,,859.199985825E-9,79.999998212E-3,,,,,859.199985825E-9,-39.99999911E-3,
,,,859.599992964E-9,79.999998212E-3,,,,,859.599992964E-9,-79.999998212E-3,
,,,860.000000102E-9,79.999998212E-3,,,,,860.000000102E-9,-79.999998212E-3,
,,,860.400007241E-9,119.9999973E-3,,,,,860.400007241E-9,-39.99999911E-3,
,,,860.800014379E-9,119.9999973E-3,,,,,860.800014379E-9,-39.99999911E-3,
,,,861.200021518E-9,159.99999642E-3,,,,,861.200021518E-9,0.0,
,,,861.600028657E-9,159.99999642E-3,,,,,861.600028657E-9,0.0,
,,,862.000035795E-9,199.99998808E-3,,,,,862.000035795E-9,0.0,
,,,862.399986090E-9,239.99999464E-3,,,,,862.399986090E-9,0.0,
,,,862.799993229E-9,280.00000119E-3,,,,,862.799993229E-9,0.0,
,,,863.200000367E-9,319.99999285E-3,,,,,863.200000367E-9,0.0,
,,,863.600007506E-9,319.99999285E-3,,,,,863.600007506E-9,-39.99999911E-3,
,,,864.000014644E-9,319.99999285E-3,,,,,864.000014644E-9,0.0,
,,,864.400021783E-9,359.99998450E-3,,,,,864.400021783E-9,0.0,
,,,864.800028921E-9,359.99998450E-3,,,,,864.800028921E-9,39.99999911E-3,
,,,865.200036060E-9,399.99997616E-3,,,,,865.200036060E-9,79.999998212E-3,
,,,865.599986355E-9,399.99997616E-3,,,,,865.599986355E-9,79.999998212E-3,
,,,865.999993493E-9,399.99997616E-3,,,,,865.999993493E-9,79.999998212E-3,
,,,866.400000632E-9,359.99998450E-3,,,,,866.400000632E-9,79.999998212E-3,
,,,866.800007771E-9,319.99999285E-3,,,,,866.800007771E-9,79.999998212E-3,
,,,867.200014909E-9,280.00000119E-3,,,,,867.200014909E-9,119.9999973E-3,
,,,867.600022048E-9,239.99999464E-3,,,,,867.600022048E-9,119.9999973E-3,
,,,868.000029186E-9,199.99998808E-3,,,,,868.000029186E-9,119.9999973E-3,
,,,868.400036325E-9,159.99999642E-3,,,,,868.400036325E-9,79.999998212E-3,
,,,868.799986620E-9,119.9999973E-3,,,,,868.799986620E-9,39.99999911E-3,
,,,869.199993758E-9,119.9999973E-3,,,,,869.199993758E-9,39.99999911E-3,
,,,869.600000897E-9,79.999998212E-3,,,,,869.600000897E-9,39.99999911E-3,
,,,870.000008035E-9,79.999998212E-3,,,,,870.000008035E-9,39.99999911E-3,
,,,870.400015174E-9,39.99999911E-3,,,,,870.400015174E-9,0.0,
,,,870.800022312E-9,39.99999911E-3,,,,,870.800022312E-9,0.0,
,,,871.200029451E-9,39.99999911E-3,,,,,871.200029451E-9,0.0,
,,,871.600036589E-9,0.0,,,,,871.600036589E-9,0.0,
,,,871.999986884E-9,39.99999911E-3,,,,,871.999986884E-9,0.0,
,,,872.399994023E-9,39.99999911E-3,,,,,872.399994023E-9,0.0,
,,,872.800001162E-9,39.99999911E-3,,,,,872.800001162E-9,0.0,
,,,873.200008300E-9,79.999998212E-3,,,,,873.200008300E-9,0.0,
,,,873.600015439E-9,79.999998212E-3,,,,,873.600015439E-9,0.0,
,,,874.000022577E-9,79.999998212E-3,,,,,874.000022577E-9,0.0,
,,,874.400029716E-9,119.9999973E-3,,,,,874.400029716E-9,39.99999911E-3,
,,,874.800036854E-9,79.999998212E-3,,,,,874.800036854E-9,39.99999911E-3,
,,,875.199987149E-9,119.9999973E-3,,,,,875.199987149E-9,79.999998212E-3,
,,,875.599994288E-9,159.99999642E-3,,,,,875.599994288E-9,39.99999911E-3,
,,,876.000001426E-9,199.99998808E-3,,,,,876.000001426E-9,39.99999911E-3,
,,,876.400008565E-9,239.99999464E-3,,,,,876.400008565E-9,39.99999911E-3,
,,,876.800015703E-9,280.00000119E-3,,,,,876.800015703E-9,0.0,
,,,877.200022842E-9,319.99999285E-3,,,,,877.200022842E-9,39.99999911E-3,
,,,877.600029980E-9,319.99999285E-3,,,,,877.600029980E-9,39.99999911E-3,
,,,878.000037119E-9,319.99999285E-3,,,,,878.000037119E-9,39.99999911E-3,
,,,878.399987414E-9,280.00000119E-3,,,,,878.399987414E-9,79.999998212E-3,
,,,878.799994553E-9,239.99999464E-3,,,,,878.799994553E-9,79.999998212E-3,
,,,879.200001691E-9,239.99999464E-3,,,,,879.200001691E-9,119.9999973E-3,
,,,879.600008830E-9,239.99999464E-3,,,,,879.600008830E-9,79.999998212E-3,
,,,880.000015968E-9,239.99999464E-3,,,,,880.000015968E-9,79.999998212E-3,
,,,880.400023107E-9,199.99998808E-3,,,,,880.400023107E-9,39.99999911E-3,
,,,880.800030245E-9,199.99998808E-3,,,,,880.800030245E-9,39.99999911E-3,
,,,881.200037384E-9,199.99998808E-3,,,,,881.200037384E-9,39.99999911E-3,
,,,881.599987679E-9,199.99998808E-3,,,,,881.599987679E-9,39.99999911E-3,
,,,881.999994817E-9,199.99998808E-3,,,,,881.999994817E-9,39.99999911E-3,
,,,882.400001956E-9,239.99999464E-3,,,,,882.400001956E-9,39.99999911E-3,
,,,882.800009094E-9,239.99999464E-3,,,,,882.800009094E-9,39.99999911E-3,
,,,883.200016233E-9,239.99999464E-3,,,,,883.200016233E-9,39.99999911E-3,
,,,883.600023371E-9,199.99998808E-3,,,,,883.600023371E-9,0.0,
,,,884.000030510E-9,159.99999642E-3,,,,,884.000030510E-9,39.99999911E-3,
,,,884.400037648E-9,159.99999642E-3,,,,,884.400037648E-9,39.99999911E-3,
,,,884.799987944E-9,159.99999642E-3,,,,,884.799987944E-9,39.99999911E-3,
,,,885.199995082E-9,199.99998808E-3,,,,,885.199995082E-9,79.999998212E-3,
,,,885.600002221E-9,159.99999642E-3,,,,,885.600002221E-9,79.999998212E-3,
,,,886.000009359E-9,159.99999642E-3,,,,,886.000009359E-9,79.999998212E-3,
,,,886.400016498E-9,159.99999642E-3,,,,,886.400016498E-9,119.9999973E-3,
,,,886.800023636E-9,159.99999642E-3,,,,,886.800023636E-9,119.9999973E-3,
,,,887.200030775E-9,159.99999642E-3,,,,,887.200030775E-9,159.99999642E-3,
,,,887.600037913E-9,159.99999642E-3,,,,,887.600037913E-9,159.99999642E-3,
,,,887.999988208E-9,159.99999642E-3,,,,,887.999988208E-9,159.99999642E-3,
,,,888.399995347E-9,159.99999642E-3,,,,,888.399995347E-9,119.9999973E-3,
,,,888.800002485E-9,159.99999642E-3,,,,,888.800002485E-9,119.9999973E-3,
,,,889.200009624E-9,159.99999642E-3,,,,,889.200009624E-9,119.9999973E-3,
,,,889.600016762E-9,119.9999973E-3,,,,,889.600016762E-9,79.999998212E-3,
,,,890.000023901E-9,119.9999973E-3,,,,,890.000023901E-9,79.999998212E-3,
,,,890.400031039E-9,119.9999973E-3,,,,,890.400031039E-9,39.99999911E-3,
,,,890.800038178E-9,119.9999973E-3,,,,,890.800038178E-9,39.99999911E-3,
,,,891.199988473E-9,119.9999973E-3,,,,,891.199988473E-9,39.99999911E-3,
,,,891.599995612E-9,119.9999973E-3,,,,,891.599995612E-9,39.99999911E-3,
,,,892.000002750E-9,119.9999973E-3,,,,,892.000002750E-9,39.99999911E-3,
,,,892.400009889E-9,79.999998212E-3,,,,,892.400009889E-9,39.99999911E-3,
,,,892.800017027E-9,79.999998212E-3,,,,,892.800017027E-9,39.99999911E-3,
,,,893.200024166E-9,79.999998212E-3,,,,,893.200024166E-9,39.99999911E-3,
,,,893.600031304E-9,39.99999911E-3,,,,,893.600031304E-9,0.0,
,,,894.000038443E-9,79.999998212E-3,,,,,894.000038443E-9,0.0,
,,,894.399988738E-9,79.999998212E-3,,,,,894.399988738E-9,0.0,
,,,894.799995876E-9,79.999998212E-3,,,,,894.799995876E-9,0.0,
,,,895.200003015E-9,119.9999973E-3,,,,,895.200003015E-9,39.99999911E-3,
,,,895.600010153E-9,119.9999973E-3,,,,,895.600010153E-9,39.99999911E-3,
,,,896.000017292E-9,159.99999642E-3,,,,,896.000017292E-9,39.99999911E-3,
,,,896.400024430E-9,119.9999973E-3,,,,,896.400024430E-9,79.999998212E-3,
,,,896.800031569E-9,119.9999973E-3,,,,,896.800031569E-9,79.999998212E-3,
,,,897.200038708E-9,119.9999973E-3,,,,,897.200038708E-9,79.999998212E-3,
,,,897.599989003E-9,79.999998212E-3,,,,,897.599989003E-9,79.999998212E-3,
,,,897.999996141E-9,119.9999973E-3,,,,,897.999996141E-9,79.999998212E-3,
,,,898.400003280E-9,119.9999973E-3,,,,,898.400003280E-9,79.999998212E-3,
,,,898.800010418E-9,119.9999973E-3,,,,,898.800010418E-9,79.999998212E-3,
,,,899.200017557E-9,159.99999642E-3,,,,,899.200017557E-9,79.999998212E-3,
,,,899.600024695E-9,159.99999642E-3,,,,,899.600024695E-9,79.999998212E-3,
,,,900.000031834E-9,159.99999642E-3,,,,,900.000031834E-9,79.999998212E-3,
,,,900.400038972E-9,199.99998808E-3,,,,,900.400038972E-9,119.9999973E-3,
,,,900.799989267E-9,199.99998808E-3,,,,,900.799989267E-9,119.9999973E-3,
,,,901.199996406E-9,199.99998808E-3,,,,,901.199996406E-9,159.99999642E-3,
,,,901.600003544E-9,159.99999642E-3,,,,,901.600003544E-9,159.99999642E-3,
,,,902.000010683E-9,159.99999642E-3,,,,,902.000010683E-9,159.99999642E-3,
,,,902.400017821E-9,159.99999642E-3,,,,,902.400017821E-9,119.9999973E-3,
,,,902.800024960E-9,119.9999973E-3,,,,,902.800024960E-9,119.9999973E-3,
,,,903.200032099E-9,159.99999642E-3,,,,,903.200032099E-9,119.9999973E-3,
,,,903.600039237E-9,159.99999642E-3,,,,,903.600039237E-9,119.9999973E-3,
,,,903.999989532E-9,159.99999642E-3,,,,,903.999989532E-9,119.9999973E-3,
,,,904.399996671E-9,199.99998808E-3,,,,,904.399996671E-9,119.9999973E-3,
,,,904.800003809E-9,159.99999642E-3,,,,,904.800003809E-9,119.9999973E-3,
,,,905.200010948E-9,159.99999642E-3,,,,,905.200010948E-9,119.9999973E-3,
,,,905.600018086E-9,119.9999973E-3,,,,,905.600018086E-9,79.999998212E-3,
,,,906.000025225E-9,79.999998212E-3,,,,,906.000025225E-9,79.999998212E-3,
,,,906.400032363E-9,39.99999911E-3,,,,,906.400032363E-9,39.99999911E-3,
,,,906.800039502E-9,39.99999911E-3,,,,,906.800039502E-9,39.99999911E-3,
,,,907.199989797E-9,79.999998212E-3,,,,,907.199989797E-9,39.99999911E-3,
,,,907.599996935E-9,79.999998212E-3,,,,,907.599996935E-9,0.0,
,,,908.000004074E-9,79.999998212E-3,,,,,908.000004074E-9,39.99999911E-3,
,,,908.400011213E-9,119.9999973E-3,,,,,908.400011213E-9,39.99999911E-3,
,,,908.800018351E-9,119.9999973E-3,,,,,908.800018351E-9,39.99999911E-3,
,,,909.200025490E-9,119.9999973E-3,,,,,909.200025490E-9,79.999998212E-3,
,,,909.600032628E-9,119.9999973E-3,,,,,909.600032628E-9,79.999998212E-3,
,,,910.000039767E-9,119.9999973E-3,,,,,910.000039767E-9,79.999998212E-3,
,,,910.399990062E-9,159.99999642E-3,,,,,910.399990062E-9,39.99999911E-3,
,,,910.799997200E-9,159.99999642E-3,,,,,910.799997200E-9,39.99999911E-3,
,,,911.200004339E-9,159.99999642E-3,,,,,911.200004339E-9,39.99999911E-3,
,,,911.600011477E-9,119.9999973E-3,,,,,911.600011477E-9,0.0,
,,,912.000018616E-9,79.999998212E-3,,,,,912.000018616E-9,39.99999911E-3,
,,,912.400025754E-9,79.999998212E-3,,,,,912.400025754E-9,39.99999911E-3,
,,,912.800032893E-9,79.999998212E-3,,,,,912.800032893E-9,39.99999911E-3,
,,,913.200040031E-9,119.9999973E-3,,,,,913.200040031E-9,79.999998212E-3,
,,,913.599990326E-9,119.9999973E-3,,,,,913.599990326E-9,79.999998212E-3,
,,,913.999997465E-9,119.9999973E-3,,,,,913.999997465E-9,79.999998212E-3,
,,,914.400004604E-9,79.999998212E-3,,,,,914.400004604E-9,39.99999911E-3,
,,,914.800011742E-9,39.99999911E-3,,,,,914.800011742E-9,39.99999911E-3,
,,,915.200018881E-9,39.99999911E-3,,,,,915.200018881E-9,39.99999911E-3,
,,,915.600026019E-9,39.99999911E-3,,,,,915.600026019E-9,0.0,
,,,916.000033158E-9,39.99999911E-3,,,,,916.000033158E-9,39.99999911E-3,
,,,916.400040296E-9,79.999998212E-3,,,,,916.400040296E-9,39.99999911E-3,
,,,916.799990591E-9,79.999998212E-3,,,,,916.799990591E-9,39.99999911E-3,
,,,917.199997730E-9,119.9999973E-3,,,,,917.199997730E-9,79.999998212E-3,
,,,917.600004868E-9,79.999998212E-3,,,,,917.600004868E-9,79.999998212E-3,
,,,918.000012007E-9,79.999998212E-3,,,,,918.000012007E-9,79.999998212E-3,
,,,918.400019145E-9,79.999998212E-3,,,,,918.400019145E-9,79.999998212E-3,
,,,918.800026284E-9,79.999998212E-3,,,,,918.800026284E-9,79.999998212E-3,
,,,919.200033422E-9,119.9999973E-3,,,,,919.200033422E-9,79.999998212E-3,
,,,919.599983717E-9,119.9999973E-3,,,,,919.599983717E-9,79.999998212E-3,
,,,919.999990856E-9,119.9999973E-3,,,,,919.999990856E-9,79.999998212E-3,
,,,920.399997995E-9,119.9999973E-3,,,,,920.399997995E-9,79.999998212E-3,
,,,920.800005133E-9,159.99999642E-3,,,,,920.800005133E-9,79.999998212E-3,
,,,921.200012272E-9,199.99998808E-3,,,,,921.200012272E-9,119.9999973E-3,
,,,921.600019410E-9,199.99998808E-3,,,,,921.600019410E-9,119.9999973E-3,
,,,922.000026549E-9,199.99998808E-3,,,,,922.000026549E-9,159.99999642E-3,
,,,922.400033687E-9,199.99998808E-3,,,,,922.400033687E-9,199.99998808E-3,
,,,922.799983982E-9,199.99998808E-3,,,,,922.799983982E-9,199.99998808E-3,
,,,923.199991121E-9,199.99998808E-3,,,,,923.199991121E-9,199.99998808E-3,
,,,923.599998259E-9,199.99998808E-3,,,,,923.599998259E-9,159.99999642E-3,
,,,924.000005398E-9,199.99998808E-3,,,,,924.000005398E-9,119.9999973E-3,
,,,924.400012536E-9,199.99998808E-3,,,,,924.400012536E-9,119.9999973E-3,
,,,924.800019675E-9,199.99998808E-3,,,,,924.800019675E-9,119.9999973E-3,
,,,925.200026813E-9,199.99998808E-3,,,,,925.200026813E-9,119.9999973E-3,
,,,925.600033952E-9,159.99999642E-3,,,,,925.600033952E-9,119.9999973E-3,
,,,925.999984247E-9,159.99999642E-3,,,,,925.999984247E-9,119.9999973E-3,
,,,926.399991386E-9,159.99999642E-3,,,,,926.399991386E-9,119.9999973E-3,
,,,926.799998524E-9,159.99999642E-3,,,,,926.799998524E-9,119.9999973E-3,
,,,927.200005663E-9,159.99999642E-3,,,,,927.200005663E-9,119.9999973E-3,
,,,927.600012801E-9,119.9999973E-3,,,,,927.600012801E-9,79.999998212E-3,
,,,928.000019940E-9,119.9999973E-3,,,,,928.000019940E-9,39.99999911E-3,
,,,928.400027078E-9,119.9999973E-3,,,,,928.400027078E-9,0.0,
,,,928.800034217E-9,119.9999973E-3,,,,,928.800034217E-9,0.0,
,,,929.199984512E-9,159.99999642E-3,,,,,929.199984512E-9,0.0,
,,,929.599991650E-9,119.9999973E-3,,,,,929.599991650E-9,0.0,
,,,929.999998789E-9,79.999998212E-3,,,,,929.999998789E-9,39.99999911E-3,
,,,930.400005927E-9,79.999998212E-3,,,,,930.400005927E-9,79.999998212E-3,
,,,930.800013066E-9,79.999998212E-3,,,,,930.800013066E-9,39.99999911E-3,
,,,931.200020204E-9,79.999998212E-3,,,,,931.200020204E-9,39.99999911E-3,
,,,931.600027343E-9,79.999998212E-3,,,,,931.600027343E-9,39.99999911E-3,
,,,932.000034481E-9,79.999998212E-3,,,,,932.000034481E-9,39.99999911E-3,
,,,932.399984777E-9,79.999998212E-3,,,,,932.399984777E-9,39.99999911E-3,
,,,932.799991915E-9,39.99999911E-3,,,,,932.799991915E-9,39.99999911E-3,
,,,933.199999054E-9,79.999998212E-3,,,,,933.199999054E-9,39.99999911E-3,
,,,933.600006192E-9,79.999998212E-3,,,,,933.600006192E-9,39.99999911E-3,
,,,934.000013331E-9,119.9999973E-3,,,,,934.000013331E-9,39.99999911E-3,
,,,934.400020469E-9,159.99999642E-3,,,,,934.400020469E-9,39.99999911E-3,
,,,934.800027608E-9,159.99999642E-3,,,,,934.800027608E-9,39.99999911E-3,
,,,935.200034746E-9,159.99999642E-3,,,,,935.200034746E-9,39.99999911E-3,
,,,935.599985041E-9,119.9999973E-3,,,,,935.599985041E-9,39.99999911E-3,
,,,935.999992180E-9,119.9999973E-3,,,,,935.999992180E-9,39.99999911E-3,
,,,936.399999318E-9,119.9999973E-3,,,,,936.399999318E-9,79.999998212E-3,
,,,936.800006457E-9,79.999998212E-3,,,,,936.800006457E-9,79.999998212E-3,
,,,937.200013595E-9,119.9999973E-3,,,,,937.200013595E-9,79.999998212E-3,
,,,937.600020734E-9,119.9999973E-3,,,,,937.600020734E-9,79.999998212E-3,
,,,938.000027872E-9,119.9999973E-3,,,,,938.000027872E-9,79.999998212E-3,
,,,938.400035011E-9,159.99999642E-3,,,,,938.400035011E-9,79.999998212E-3,
,,,938.799985306E-9,159.99999642E-3,,,,,938.799985306E-9,79.999998212E-3,
,,,939.199992445E-9,159.99999642E-3,,,,,939.199992445E-9,79.999998212E-3,
,,,939.599999583E-9,119.9999973E-3,,,,,939.599999583E-9,79.999998212E-3,
,,,940.000006722E-9,119.9999973E-3,,,,,940.000006722E-9,79.999998212E-3,
,,,940.400013860E-9,119.9999973E-3,,,,,940.400013860E-9,119.9999973E-3,
,,,940.800020999E-9,159.99999642E-3,,,,,940.800020999E-9,119.9999973E-3,
,,,941.200028137E-9,199.99998808E-3,,,,,941.200028137E-9,119.9999973E-3,
,,,941.600035276E-9,159.99999642E-3,,,,,941.600035276E-9,79.999998212E-3,
,,,941.999985571E-9,159.99999642E-3,,,,,941.999985571E-9,79.999998212E-3,
,,,942.399992709E-9,159.99999642E-3,,,,,942.399992709E-9,79.999998212E-3,
,,,942.799999848E-9,159.99999642E-3,,,,,942.799999848E-9,79.999998212E-3,
,,,943.200006986E-9,199.99998808E-3,,,,,943.200006986E-9,79.999998212E-3,
,,,943.600014125E-9,199.99998808E-3,,,,,943.600014125E-9,79.999998212E-3,
,,,944.000021263E-9,199.99998808E-3,,,,,944.000021263E-9,79.999998212E-3,
,,,944.400028402E-9,199.99998808E-3,,,,,944.400028402E-9,79.999998212E-3,
,,,944.800035541E-9,199.99998808E-3,,,,,944.800035541E-9,79.999998212E-3,
,,,945.199985836E-9,199.99998808E-3,,,,,945.199985836E-9,79.999998212E-3,
,,,945.599992974E-9,159.99999642E-3,,,,,945.599992974E-9,39.99999911E-3,
,,,946.000000113E-9,159.99999642E-3,,,,,946.000000113E-9,39.99999911E-3,
,,,946.400007251E-9,119.9999973E-3,,,,,946.400007251E-9,39.99999911E-3,
,,,946.800014390E-9,119.9999973E-3,,,,,946.800014390E-9,0.0,
,,,947.200021528E-9,119.9999973E-3,,,,,947.200021528E-9,39.99999911E-3,
,,,947.600028667E-9,119.9999973E-3,,,,,947.600028667E-9,39.99999911E-3,
,,,948.000035805E-9,119.9999973E-3,,,,,948.000035805E-9,39.99999911E-3,
,,,948.399986100E-9,79.999998212E-3,,,,,948.399986100E-9,79.999998212E-3,
,,,948.799993239E-9,79.999998212E-3,,,,,948.799993239E-9,79.999998212E-3,
,,,949.200000377E-9,79.999998212E-3,,,,,949.200000377E-9,79.999998212E-3,
,,,949.600007516E-9,79.999998212E-3,,,,,949.600007516E-9,79.999998212E-3,
,,,950.000014655E-9,79.999998212E-3,,,,,950.000014655E-9,79.999998212E-3,
,,,950.400021793E-9,79.999998212E-3,,,,,950.400021793E-9,79.999998212E-3,
,,,950.800028932E-9,79.999998212E-3,,,,,950.800028932E-9,79.999998212E-3,
,,,951.200036070E-9,79.999998212E-3,,,,,951.200036070E-9,79.999998212E-3,
,,,951.599986365E-9,39.99999911E-3,,,,,951.599986365E-9,79.999998212E-3,
,,,951.999993504E-9,39.99999911E-3,,,,,951.999993504E-9,79.999998212E-3,
,,,952.400000642E-9,39.99999911E-3,,,,,952.400000642E-9,39.99999911E-3,
,,,952.800007781E-9,39.99999911E-3,,,,,952.800007781E-9,39.99999911E-3,
,,,953.200014919E-9,79.999998212E-3,,,,,953.200014919E-9,39.99999911E-3,
,,,953.600022058E-9,79.999998212E-3,,,,,953.600022058E-9,39.99999911E-3,
,,,954.000029196E-9,79.999998212E-3,,,,,954.000029196E-9,39.99999911E-3,
,,,954.399979491E-9,79.999998212E-3,,,,,954.399979491E-9,79.999998212E-3,
,,,954.800043473E-9,79.999998212E-3,,,,,954.800043473E-9,79.999998212E-3,
,,,955.199993768E-9,79.999998212E-3,,,,,955.199993768E-9,79.999998212E-3,
,,,955.600057750E-9,79.999998212E-3,,,,,955.600057750E-9,39.99999911E-3,
,,,956.000008046E-9,79.999998212E-3,,,,,956.000008046E-9,39.99999911E-3,
,,,956.399958341E-9,79.999998212E-3,,,,,956.399958341E-9,39.99999911E-3,
,,,956.800022323E-9,79.999998212E-3,,,,,956.800022323E-9,39.99999911E-3,
,,,957.199972618E-9,79.999998212E-3,,,,,957.199972618E-9,39.99999911E-3,
,,,957.600036600E-9,39.99999911E-3,,,,,957.600036600E-9,39.99999911E-3,
,,,957.999986895E-9,79.999998212E-3,,,,,957.999986895E-9,39.99999911E-3,
,,,958.400050877E-9,79.999998212E-3,,,,,958.400050877E-9,39.99999911E-3,
,,,958.800001172E-9,119.9999973E-3,,,,,958.800001172E-9,39.99999911E-3,
,,,959.200065154E-9,159.99999642E-3,,,,,959.200065154E-9,39.99999911E-3,
,,,959.600015449E-9,159.99999642E-3,,,,,959.600015449E-9,39.99999911E-3,
,,,959.999965744E-9,159.99999642E-3,,,,,959.999965744E-9,39.99999911E-3,
,,,960.400029726E-9,159.99999642E-3,,,,,960.400029726E-9,39.99999911E-3,
,,,960.799980021E-9,159.99999642E-3,,,,,960.799980021E-9,39.99999911E-3,
,,,961.200044003E-9,159.99999642E-3,,,,,961.200044003E-9,39.99999911E-3,
,,,961.599994298E-9,119.9999973E-3,,,,,961.599994298E-9,39.99999911E-3,
,,,962.000058280E-9,119.9999973E-3,,,,,962.000058280E-9,39.99999911E-3,
,,,962.400008575E-9,79.999998212E-3,,,,,962.400008575E-9,39.99999911E-3,
,,,962.799958870E-9,79.999998212E-3,,,,,962.799958870E-9,39.99999911E-3,
,,,963.200022852E-9,79.999998212E-3,,,,,963.200022852E-9,39.99999911E-3,
,,,963.599973147E-9,79.999998212E-3,,,,,963.599973147E-9,39.99999911E-3,
,,,964.000037129E-9,79.999998212E-3,,,,,964.000037129E-9,39.99999911E-3,
,,,964.399987424E-9,79.999998212E-3,,,,,964.399987424E-9,39.99999911E-3,
,,,964.800051406E-9,79.999998212E-3,,,,,964.800051406E-9,39.99999911E-3,
,,,965.200001701E-9,79.999998212E-3,,,,,965.200001701E-9,79.999998212E-3,
,,,965.600065683E-9,79.999998212E-3,,,,,965.600065683E-9,39.99999911E-3,
,,,966.000015978E-9,79.999998212E-3,,,,,966.000015978E-9,39.99999911E-3,
,,,966.399966273E-9,79.999998212E-3,,,,,966.399966273E-9,39.99999911E-3,
,,,966.800030255E-9,79.999998212E-3,,,,,966.800030255E-9,39.99999911E-3,
,,,967.199980551E-9,79.999998212E-3,,,,,967.199980551E-9,79.999998212E-3,
,,,967.600044532E-9,79.999998212E-3,,,,,967.600044532E-9,79.999998212E-3,
,,,967.999994828E-9,79.999998212E-3,,,,,967.999994828E-9,119.9999973E-3,
,,,968.400058809E-9,119.9999973E-3,,,,,968.400058809E-9,79.999998212E-3,
,,,968.800009105E-9,119.9999973E-3,,,,,968.800009105E-9,79.999998212E-3,
,,,969.199959400E-9,119.9999973E-3,,,,,969.199959400E-9,79.999998212E-3,
,,,969.600023382E-9,119.9999973E-3,,,,,969.600023382E-9,39.99999911E-3,
,,,969.999973677E-9,119.9999973E-3,,,,,969.999973677E-9,79.999998212E-3,
,,,970.400037659E-9,119.9999973E-3,,,,,970.400037659E-9,79.999998212E-3,
,,,970.799987954E-9,119.9999973E-3,,,,,970.799987954E-9,79.999998212E-3,
,,,971.200051936E-9,119.9999973E-3,,,,,971.200051936E-9,119.9999973E-3,
,,,971.600002231E-9,79.999998212E-3,,,,,971.600002231E-9,119.9999973E-3,
,,,972.000066213E-9,79.999998212E-3,,,,,972.000066213E-9,119.9999973E-3,
,,,972.400016508E-9,39.99999911E-3,,,,,972.400016508E-9,79.999998212E-3,
,,,972.799966803E-9,0.0,,,,,972.799966803E-9,79.999998212E-3,
,,,973.200030785E-9,0.0,,,,,973.200030785E-9,79.999998212E-3,
,,,973.599981080E-9,-39.99999911E-3,,,,,973.599981080E-9,79.999998212E-3,
,,,974.000045062E-9,0.0,,,,,974.000045062E-9,79.999998212E-3,
,,,974.399995357E-9,0.0,,,,,974.399995357E-9,79.999998212E-3,
,,,974.800059339E-9,0.0,,,,,974.800059339E-9,79.999998212E-3,
,,,975.200009634E-9,0.0,,,,,975.200009634E-9,79.999998212E-3,
,,,975.599959929E-9,0.0,,,,,975.599959929E-9,39.99999911E-3,
,,,976.000023911E-9,0.0,,,,,976.000023911E-9,39.99999911E-3,
,,,976.399974206E-9,39.99999911E-3,,,,,976.399974206E-9,39.99999911E-3,
,,,976.800038188E-9,39.99999911E-3,,,,,976.800038188E-9,39.99999911E-3,
,,,977.199988483E-9,79.999998212E-3,,,,,977.199988483E-9,79.999998212E-3,
,,,977.600052465E-9,79.999998212E-3,,,,,977.600052465E-9,79.999998212E-3,
,,,978.000002760E-9,79.999998212E-3,,,,,978.000002760E-9,119.9999973E-3,
,,,978.400066742E-9,119.9999973E-3,,,,,978.400066742E-9,79.999998212E-3,
,,,978.800017037E-9,119.9999973E-3,,,,,978.800017037E-9,79.999998212E-3,
,,,979.199967333E-9,119.9999973E-3,,,,,979.199967333E-9,79.999998212E-3,
,,,979.600031314E-9,119.9999973E-3,,,,,979.600031314E-9,39.99999911E-3,
,,,979.999981610E-9,119.9999973E-3,,,,,979.999981610E-9,79.999998212E-3,
,,,980.400045592E-9,119.9999973E-3,,,,,980.400045592E-9,79.999998212E-3,
,,,980.799995887E-9,119.9999973E-3,,,,,980.799995887E-9,79.999998212E-3,
,,,981.200059869E-9,159.99999642E-3,,,,,981.200059869E-9,119.9999973E-3,
,,,981.600010164E-9,159.99999642E-3,,,,,981.600010164E-9,79.999998212E-3,
,,,981.999960459E-9,159.99999642E-3,,,,,981.999960459E-9,79.999998212E-3,
,,,982.400024441E-9,119.9999973E-3,,,,,982.400024441E-9,39.99999911E-3,
,,,982.799974736E-9,79.999998212E-3,,,,,982.799974736E-9,39.99999911E-3,
,,,983.200038718E-9,79.999998212E-3,,,,,983.200038718E-9,39.99999911E-3,
,,,983.599989013E-9,79.999998212E-3,,,,,983.599989013E-9,39.99999911E-3,
,,,984.000052995E-9,79.999998212E-3,,,,,984.000052995E-9,39.99999911E-3,
,,,984.400003290E-9,79.999998212E-3,,,,,984.400003290E-9,39.99999911E-3,
,,,984.800067272E-9,79.999998212E-3,,,,,984.800067272E-9,39.99999911E-3,
,,,985.200017567E-9,79.999998212E-3,,,,,985.200017567E-9,39.99999911E-3,
,,,985.599967862E-9,79.999998212E-3,,,,,985.599967862E-9,39.99999911E-3,
,,,986.000031844E-9,79.999998212E-3,,,,,986.000031844E-9,39.99999911E-3,
,,,986.399982139E-9,39.99999911E-3,,,,,986.399982139E-9,79.999998212E-3,
,,,986.800046121E-9,39.99999911E-3,,,,,986.800046121E-9,79.999998212E-3,
,,,987.199996416E-9,39.99999911E-3,,,,,987.199996416E-9,79.999998212E-3,
,,,987.600060398E-9,39.99999911E-3,,,,,987.600060398E-9,79.999998212E-3,
,,,988.000010693E-9,39.99999911E-3,,,,,988.000010693E-9,79.999998212E-3,
,,,988.399960988E-9,79.999998212E-3,,,,,988.399960988E-9,79.999998212E-3,
,,,988.800024970E-9,79.999998212E-3,,,,,988.800024970E-9,79.999998212E-3,
,,,989.199975265E-9,79.999998212E-3,,,,,989.199975265E-9,79.999998212E-3,
,,,989.600039247E-9,79.999998212E-3,,,,,989.600039247E-9,79.999998212E-3,
,,,989.999989542E-9,79.999998212E-3,,,,,989.999989542E-9,79.999998212E-3,
,,,990.400053524E-9,79.999998212E-3,,,,,990.400053524E-9,119.9999973E-3,
,,,990.800003819E-9,79.999998212E-3,,,,,990.800003819E-9,119.9999973E-3,
,,,991.200067801E-9,79.999998212E-3,,,,,991.200067801E-9,159.99999642E-3,
,,,991.600018097E-9,79.999998212E-3,,,,,991.600018097E-9,119.9999973E-3,
,,,991.999968392E-9,79.999998212E-3,,,,,991.999968392E-9,119.9999973E-3,
,,,992.400032374E-9,79.999998212E-3,,,,,992.400032374E-9,119.9999973E-3,
,,,992.799982669E-9,79.999998212E-3,,,,,992.799982669E-9,119.9999973E-3,
,,,993.200046651E-9,119.9999973E-3,,,,,993.200046651E-9,119.9999973E-3,
,,,993.599996946E-9,119.9999973E-3,,,,,993.599996946E-9,79.999998212E-3,
,,,994.000060928E-9,119.9999973E-3,,,,,994.000060928E-9,79.999998212E-3,
,,,994.400011223E-9,79.999998212E-3,,,,,994.400011223E-9,79.999998212E-3,
,,,994.799961518E-9,79.999998212E-3,,,,,994.799961518E-9,79.999998212E-3,
,,,995.200025500E-9,79.999998212E-3,,,,,995.200025500E-9,79.999998212E-3,
,,,995.599975795E-9,39.99999911E-3,,,,,995.599975795E-9,39.99999911E-3,
,,,996.000039777E-9,39.99999911E-3,,,,,996.000039777E-9,39.99999911E-3,
,,,996.399990072E-9,39.99999911E-3,,,,,996.399990072E-9,39.99999911E-3,
,,,996.800054054E-9,39.99999911E-3,,,,,996.800054054E-9,39.99999911E-3,
,,,997.200004349E-9,79.999998212E-3,,,,,997.200004349E-9,39.99999911E-3,
,,,997.600068331E-9,79.999998212E-3,,,,,997.600068331E-9,39.99999911E-3,
,,,998.000018626E-9,79.999998212E-3,,,,,998.000018626E-9,39.99999911E-3,
,,,998.399968921E-9,119.9999973E-3,,,,,998.399968921E-9,39.99999911E-3,
,,,998.800032903E-9,119.9999973E-3,,,,,998.800032903E-9,39.99999911E-3,
,,,999.199983198E-9,119.9999973E-3,,,,,999.199983198E-9,39.99999911E-3,
,,,999.600047180E-9,79.999998212E-3,,,,,999.600047180E-9,39.99999911E-3,
,,,1.000000E-6,79.999998212E-3,,,,,1.000000E-6,39.99999911E-3,
,,,1.0004001E-6,79.999998212E-3,,,,,1.0004001E-6,39.99999911E-3,
,,,1.0008000E-6,79.999998212E-3,,,,,1.0008000E-6,39.99999911E-3,
,,,1.0012000E-6,119.9999973E-3,,,,,1.0012000E-6,79.999998212E-3,
,,,1.0016000E-6,119.9999973E-3,,,,,1.0016000E-6,39.99999911E-3,
,,,1.0020000E-6,119.9999973E-3,,,,,1.0020000E-6,39.99999911E-3,
,,,1.0024000E-6,79.999998212E-3,,,,,1.0024000E-6,39.99999911E-3,
,,,1.0028000E-6,79.999998212E-3,,,,,1.0028000E-6,39.99999911E-3,
,,,1.0032001E-6,79.999998212E-3,,,,,1.0032001E-6,79.999998212E-3,
,,,1.0036000E-6,39.99999911E-3,,,,,1.0036000E-6,39.99999911E-3,
