Record Length,2500,Points,-279.99999475E-9,0.0,,Record Length,2500,Points,-279.99999475E-9,399.99997616E-3,,Record Length,2500,Points,-279.99999475E-9,8.000000000,
Sample Interval,400.00000370E-12,s,-279.59998761E-9,0.0,,Sample Interval,400.00000370E-12,s,-279.59998761E-9,439.999997616E-3,,Sample Interval,400.00000370E-12,s,-279.59998761E-9,8.000000000,
Trigger Point,699.999977518,Samples,-279.20000889E-9,0.0,,Trigger Point,699.999977518,Samples,-279.20000889E-9,439.999997616E-3,,Trigger Point,699.999977518,Samples,-279.20000889E-9,8.000000000,
,,,-278.80000175E-9,0.0,,,,,-278.80000175E-9,439.999997616E-3,,,,,-278.80000175E-9,8.400000572,
,,,-278.39999461E-9,39.99999911E-3,,,,,-278.39999461E-9,479.999989271E-3,,,,,-278.39999461E-9,8.400000572,
,,,-277.99998747E-9,0.0,,,,,-277.99998747E-9,479.999989271E-3,,,,,-277.99998747E-9,8.400000572,
Source,CH1,,-277.60000876E-9,0.0,,Source,CH2,,-277.60000876E-9,479.999989271E-3,,Source,MATH,,-277.60000876E-9,8.400000572,
Vertical Units,Volts,,-277.20000162E-9,-39.99999911E-3,,Vertical Units,Volts,,-277.20000162E-9,479.999989271E-3,,Vertical Units,Volts,,-277.20000162E-9,8.400000572,
Vertical Scale,999.999977648E-3,,-276.79999448E-9,-39.99999911E-3,,Vertical Scale,999.999977648E-3,,-276.79999448E-9,479.999989271E-3,,Vertical Scale,10.0000001,,-276.79999448E-9,8.800000191,
Vertical Offset,0,,-276.39998734E-9,-79.999998212E-3,,Vertical Offset,0,,-276.39998734E-9,439.999997616E-3,,Vertical Offset,0,,-276.39998734E-9,8.800000191,
Horizontal Units,s,,-276.00000863E-9,-79.999998212E-3,,Horizontal Units,s,,-276.00000863E-9,439.999997616E-3,,Horizontal Units,s,,-276.00000863E-9,8.800000191,
Horizontal Scale,100.0000013E-9,,-275.60000149E-9,-39.99999911E-3,,Horizontal Scale,100.0000013E-9,,-275.60000149E-9,439.999997616E-3,,Horizontal Scale,100.0000013E-9,,-275.60000149E-9,8.800000191,
Pt Fmt,Y,,-275.19999435E-9,-39.99999911E-3,,Pt Fmt,Y,,-275.19999435E-9,439.999997616E-3,,Pt Fmt,Y,,-275.19999435E-9,8.800000191,
Yzero,-1.7200000,,-274.79998721E-9,0.0,,Yzero,-1.5600000,,-274.79998721E-9,439.999997616E-3,,Yzero,0.0,,-274.79998721E-9,8.400000572,
Probe Atten,1.000000,,-274.40000849E-9,39.99999911E-3,,Probe Atten,1.000000,,-274.40000849E-9,439.999997616E-3,,,,,-274.40000849E-9,8.400000572,
,,,-274.00000135E-9,0.0,,,,,-274.00000135E-9,439.999997616E-3,,,,,-274.00000135E-9,8.400000572,
Note,TBS 1104 - 3:17:24 PM   2/3/2026,,-273.59999422E-9,0.0,,Note,TBS 1104 - 3:17:24 PM   2/3/2026,,-273.59999422E-9,439.999997616E-3,,Note,TBS 1104 - 3:17:24 PM   2/3/2026,,-273.59999422E-9,8.400000572,
,,,-273.19998708E-9,-39.99999911E-3,,,,,-273.19998708E-9,439.999997616E-3,,,,,-273.19998708E-9,8.400000572,
,,,-272.80000836E-9,-39.99999911E-3,,,,,-272.80000836E-9,439.999997616E-3,,,,,-272.80000836E-9,8.800000191,
,,,-272.40000122E-9,-39.99999911E-3,,,,,-272.40000122E-9,439.999997616E-3,,,,,-272.40000122E-9,8.800000191,
,,,-271.99999408E-9,-39.99999911E-3,,,,,-271.99999408E-9,439.999997616E-3,,,,,-271.99999408E-9,8.800000191,
,,,-271.59998695E-9,0.0,,,,,-271.59998695E-9,439.999997616E-3,,,,,-271.59998695E-9,8.800000191,
,,,-271.20000823E-9,-39.99999911E-3,,,,,-271.20000823E-9,439.999997616E-3,,,,,-271.20000823E-9,8.800000191,
,,,-270.80000109E-9,-39.99999911E-3,,,,,-270.80000109E-9,439.999997616E-3,,,,,-270.80000109E-9,8.800000191,
,,,-270.39999395E-9,-39.99999911E-3,,,,,-270.39999395E-9,439.999997616E-3,,,,,-270.39999395E-9,8.800000191,
,,,-269.99998681E-9,-39.99999911E-3,,,,,-269.99998681E-9,439.999997616E-3,,,,,-269.99998681E-9,8.800000191,
,,,-269.60000810E-9,0.0,,,,,-269.60000810E-9,439.999997616E-3,,,,,-269.60000810E-9,8.800000191,
,,,-269.20000096E-9,-39.99999911E-3,,,,,-269.20000096E-9,439.999997616E-3,,,,,-269.20000096E-9,8.800000191,
,,,-268.79999382E-9,-39.99999911E-3,,,,,-268.79999382E-9,439.999997616E-3,,,,,-268.79999382E-9,8.800000191,
,,,-268.39998668E-9,-39.99999911E-3,,,,,-268.39998668E-9,439.999997616E-3,,,,,-268.39998668E-9,8.800000191,
,,,-268.00000796E-9,-39.99999911E-3,,,,,-268.00000796E-9,439.999997616E-3,,,,,-268.00000796E-9,8.800000191,
,,,-267.60000083E-9,0.0,,,,,-267.60000083E-9,439.999997616E-3,,,,,-267.60000083E-9,8.800000191,
,,,-267.19999369E-9,0.0,,,,,-267.19999369E-9,439.999997616E-3,,,,,-267.19999369E-9,8.800000191,
,,,-266.79998655E-9,0.0,,,,,-266.79998655E-9,439.999997616E-3,,,,,-266.79998655E-9,8.800000191,
,,,-266.40000783E-9,0.0,,,,,-266.40000783E-9,439.999997616E-3,,,,,-266.40000783E-9,8.800000191,
,,,-266.00000069E-9,0.0,,,,,-266.00000069E-9,439.999997616E-3,,,,,-266.00000069E-9,8.800000191,
,,,-265.59999355E-9,39.99999911E-3,,,,,-265.59999355E-9,439.999997616E-3,,,,,-265.59999355E-9,8.800000191,
,,,-265.19998642E-9,0.0,,,,,-265.19998642E-9,439.999997616E-3,,,,,-265.19998642E-9,8.800000191,
,,,-264.80000770E-9,0.0,,,,,-264.80000770E-9,439.999997616E-3,,,,,-264.80000770E-9,8.800000191,
,,,-264.40000056E-9,0.0,,,,,-264.40000056E-9,439.999997616E-3,,,,,-264.40000056E-9,8.800000191,
,,,-263.99999342E-9,-39.99999911E-3,,,,,-263.99999342E-9,439.999997616E-3,,,,,-263.99999342E-9,8.800000191,
,,,-263.59998628E-9,0.0,,,,,-263.59998628E-9,439.999997616E-3,,,,,-263.59998628E-9,8.800000191,
,,,-263.20000757E-9,0.0,,,,,-263.20000757E-9,399.99997616E-3,,,,,-263.20000757E-9,8.800000191,
,,,-262.80000043E-9,0.0,,,,,-262.80000043E-9,439.999997616E-3,,,,,-262.80000043E-9,8.800000191,
,,,-262.39999329E-9,39.99999911E-3,,,,,-262.39999329E-9,439.999997616E-3,,,,,-262.39999329E-9,8.800000191,
,,,-261.99998615E-9,39.99999911E-3,,,,,-261.99998615E-9,439.999997616E-3,,,,,-261.99998615E-9,8.800000191,
,,,-261.60000743E-9,39.99999911E-3,,,,,-261.60000743E-9,479.999989271E-3,,,,,-261.60000743E-9,9.199999809,
,,,-261.20000030E-9,39.99999911E-3,,,,,-261.20000030E-9,479.999989271E-3,,,,,-261.20000030E-9,9.199999809,
,,,-260.79999316E-9,39.99999911E-3,,,,,-260.79999316E-9,479.999989271E-3,,,,,-260.79999316E-9,9.600000381,
,,,-260.39998602E-9,39.99999911E-3,,,,,-260.39998602E-9,479.999989271E-3,,,,,-260.39998602E-9,9.199999809,
,,,-260.00000730E-9,39.99999911E-3,,,,,-260.00000730E-9,479.999989271E-3,,,,,-260.00000730E-9,9.199999809,
,,,-259.60000016E-9,39.99999911E-3,,,,,-259.60000016E-9,479.999989271E-3,,,,,-259.60000016E-9,9.199999809,
,,,-259.19999302E-9,39.99999911E-3,,,,,-259.19999302E-9,479.999989271E-3,,,,,-259.19999302E-9,9.199999809,
,,,-258.79998589E-9,39.99999911E-3,,,,,-258.79998589E-9,479.999989271E-3,,,,,-258.79998589E-9,9.600000381,
,,,-258.40000717E-9,39.99999911E-3,,,,,-258.40000717E-9,479.999989271E-3,,,,,-258.40000717E-9,9.600000381,
,,,-258.00000003E-9,39.99999911E-3,,,,,-258.00000003E-9,479.999989271E-3,,,,,-258.00000003E-9,9.600000381,
,,,-257.59999289E-9,79.999998212E-3,,,,,-257.59999289E-9,479.999989271E-3,,,,,-257.59999289E-9,9.600000381,
,,,-257.19998575E-9,79.999998212E-3,,,,,-257.19998575E-9,439.999997616E-3,,,,,-257.19998575E-9,9.600000381,
,,,-256.80000704E-9,119.9999973E-3,,,,,-256.80000704E-9,439.999997616E-3,,,,,-256.80000704E-9,9.199999809,
,,,-256.39999990E-9,79.999998212E-3,,,,,-256.39999990E-9,399.99997616E-3,,,,,-256.39999990E-9,9.600000381,
,,,-255.99999276E-9,79.999998212E-3,,,,,-255.99999276E-9,399.99997616E-3,,,,,-255.99999276E-9,9.600000381,
,,,-255.59998562E-9,79.999998212E-3,,,,,-255.59998562E-9,399.99997616E-3,,,,,-255.59998562E-9,9.600000381,
,,,-255.20000690E-9,79.999998212E-3,,,,,-255.20000690E-9,399.99997616E-3,,,,,-255.20000690E-9,9.600000381,
,,,-254.79999977E-9,79.999998212E-3,,,,,-254.79999977E-9,399.99997616E-3,,,,,-254.79999977E-9,9.600000381,
,,,-254.39999263E-9,79.999998212E-3,,,,,-254.39999263E-9,359.99998450E-3,,,,,-254.39999263E-9,9.600000381,
,,,-253.99998549E-9,79.999998212E-3,,,,,-253.99998549E-9,359.99998450E-3,,,,,-253.99998549E-9,9.600000381,
,,,-253.60000677E-9,79.999998212E-3,,,,,-253.60000677E-9,359.99998450E-3,,,,,-253.60000677E-9,9.600000381,
,,,-253.19999963E-9,39.99999911E-3,,,,,-253.19999963E-9,359.99998450E-3,,,,,-253.19999963E-9,9.600000381,
,,,-252.79999250E-9,79.999998212E-3,,,,,-252.79999250E-9,359.99998450E-3,,,,,-252.79999250E-9,9.600000381,
,,,-252.39998536E-9,79.999998212E-3,,,,,-252.39998536E-9,399.99997616E-3,,,,,-252.39998536E-9,9.600000381,
,,,-252.00000664E-9,79.999998212E-3,,,,,-252.00000664E-9,399.99997616E-3,,,,,-252.00000664E-9,9.600000381,
,,,-251.59999950E-9,119.9999973E-3,,,,,-251.59999950E-9,399.99997616E-3,,,,,-251.59999950E-9,9.600000381,
,,,-251.19999236E-9,119.9999973E-3,,,,,-251.19999236E-9,399.99997616E-3,,,,,-251.19999236E-9,9.600000381,
,,,-250.79998522E-9,119.9999973E-3,,,,,-250.79998522E-9,399.99997616E-3,,,,,-250.79998522E-9,9.600000381,
,,,-250.40000651E-9,119.9999973E-3,,,,,-250.40000651E-9,359.99998450E-3,,,,,-250.40000651E-9,9.600000381,
,,,-249.99999937E-9,119.9999973E-3,,,,,-249.99999937E-9,359.99998450E-3,,,,,-249.99999937E-9,10.0000000,
,,,-249.59999223E-9,119.9999973E-3,,,,,-249.59999223E-9,359.99998450E-3,,,,,-249.59999223E-9,10.0000000,
,,,-249.19998509E-9,119.9999973E-3,,,,,-249.19998509E-9,359.99998450E-3,,,,,-249.19998509E-9,10.0000000,
,,,-248.80000637E-9,119.9999973E-3,,,,,-248.80000637E-9,359.99998450E-3,,,,,-248.80000637E-9,9.600000381,
,,,-248.39999924E-9,79.999998212E-3,,,,,-248.39999924E-9,399.99997616E-3,,,,,-248.39999924E-9,10.0000000,
,,,-247.99999210E-9,79.999998212E-3,,,,,-247.99999210E-9,399.99997616E-3,,,,,-247.99999210E-9,9.600000381,
,,,-247.59998496E-9,79.999998212E-3,,,,,-247.59998496E-9,399.99997616E-3,,,,,-247.59998496E-9,9.600000381,
,,,-247.20000624E-9,79.999998212E-3,,,,,-247.20000624E-9,359.99998450E-3,,,,,-247.20000624E-9,9.600000381,
,,,-246.79999910E-9,79.999998212E-3,,,,,-246.79999910E-9,319.99999285E-3,,,,,-246.79999910E-9,9.600000381,
,,,-246.39999197E-9,119.9999973E-3,,,,,-246.39999197E-9,319.99999285E-3,,,,,-246.39999197E-9,9.600000381,
,,,-245.99998483E-9,119.9999973E-3,,,,,-245.99998483E-9,319.99999285E-3,,,,,-245.99998483E-9,9.600000381,
,,,-245.60000611E-9,119.9999973E-3,,,,,-245.60000611E-9,359.99998450E-3,,,,,-245.60000611E-9,9.600000381,
,,,-245.19999897E-9,119.9999973E-3,,,,,-245.19999897E-9,319.99999285E-3,,,,,-245.19999897E-9,9.600000381,
,,,-244.79999183E-9,119.9999973E-3,,,,,-244.79999183E-9,319.99999285E-3,,,,,-244.79999183E-9,9.600000381,
,,,-244.39998469E-9,79.999998212E-3,,,,,-244.39998469E-9,280.00000119E-3,,,,,-244.39998469E-9,9.600000381,
,,,-244.00000598E-9,39.99999911E-3,,,,,-244.00000598E-9,280.00000119E-3,,,,,-244.00000598E-9,10.0000000,
,,,-243.59999884E-9,39.99999911E-3,,,,,-243.59999884E-9,280.00000119E-3,,,,,-243.59999884E-9,9.600000381,
,,,-243.19999170E-9,39.99999911E-3,,,,,-243.19999170E-9,280.00000119E-3,,,,,-243.19999170E-9,9.600000381,
,,,-242.79998456E-9,39.99999911E-3,,,,,-242.79998456E-9,280.00000119E-3,,,,,-242.79998456E-9,9.600000381,
,,,-242.40000585E-9,79.999998212E-3,,,,,-242.40000585E-9,319.99999285E-3,,,,,-242.40000585E-9,9.600000381,
,,,-241.99999871E-9,79.999998212E-3,,,,,-241.99999871E-9,319.99999285E-3,,,,,-241.99999871E-9,9.600000381,
,,,-241.59999157E-9,119.9999973E-3,,,,,-241.59999157E-9,319.99999285E-3,,,,,-241.59999157E-9,9.600000381,
,,,-241.19998443E-9,119.9999973E-3,,,,,-241.19998443E-9,280.00000119E-3,,,,,-241.19998443E-9,9.600000381,
,,,-240.80000571E-9,119.9999973E-3,,,,,-240.80000571E-9,280.00000119E-3,,,,,-240.80000571E-9,10.0000000,
,,,-240.39999857E-9,79.999998212E-3,,,,,-240.39999857E-9,280.00000119E-3,,,,,-240.39999857E-9,10.0000000,
,,,-239.99999144E-9,79.999998212E-3,,,,,-239.99999144E-9,280.00000119E-3,,,,,-239.99999144E-9,10.0000000,
,,,-239.59998430E-9,79.999998212E-3,,,,,-239.59998430E-9,319.99999285E-3,,,,,-239.59998430E-9,10.0000000,
,,,-239.20000558E-9,79.999998212E-3,,,,,-239.20000558E-9,319.99999285E-3,,,,,-239.20000558E-9,10.0000000,
,,,-238.79999844E-9,79.999998212E-3,,,,,-238.79999844E-9,319.99999285E-3,,,,,-238.79999844E-9,10.0000000,
,,,-238.39999130E-9,79.999998212E-3,,,,,-238.39999130E-9,319.99999285E-3,,,,,-238.39999130E-9,10.0000000,
,,,-237.99999838E-9,79.999998212E-3,,,,,-237.99999838E-9,319.99999285E-3,,,,,-237.99999838E-9,10.0000000,
,,,-237.59999124E-9,79.999998212E-3,,,,,-237.59999124E-9,319.99999285E-3,,,,,-237.59999124E-9,10.0000000,
,,,-237.19999831E-9,39.99999911E-3,,,,,-237.19999831E-9,319.99999285E-3,,,,,-237.19999831E-9,9.600000381,
,,,-236.79999117E-9,79.999998212E-3,,,,,-236.79999117E-9,319.99999285E-3,,,,,-236.79999117E-9,10.0000000,
,,,-236.39999824E-9,79.999998212E-3,,,,,-236.39999824E-9,319.99999285E-3,,,,,-236.39999824E-9,10.0000000,
,,,-235.99999111E-9,79.999998212E-3,,,,,-235.99999111E-9,319.99999285E-3,,,,,-235.99999111E-9,10.0000000,
,,,-235.59999818E-9,119.9999973E-3,,,,,-235.59999818E-9,319.99999285E-3,,,,,-235.59999818E-9,10.4000006,
,,,-235.19999104E-9,119.9999973E-3,,,,,-235.19999104E-9,319.99999285E-3,,,,,-235.19999104E-9,10.0000000,
,,,-234.79999811E-9,119.9999973E-3,,,,,-234.79999811E-9,319.99999285E-3,,,,,-234.79999811E-9,10.0000000,
,,,-234.39999097E-9,79.999998212E-3,,,,,-234.39999097E-9,319.99999285E-3,,,,,-234.39999097E-9,10.0000000,
,,,-233.99999804E-9,79.999998212E-3,,,,,-233.99999804E-9,319.99999285E-3,,,,,-233.99999804E-9,10.0000000,
,,,-233.59999091E-9,79.999998212E-3,,,,,-233.59999091E-9,359.99998450E-3,,,,,-233.59999091E-9,10.0000000,
,,,-233.19999798E-9,39.99999911E-3,,,,,-233.19999798E-9,319.99999285E-3,,,,,-233.19999798E-9,10.0000000,
,,,-232.79999084E-9,79.999998212E-3,,,,,-232.79999084E-9,319.99999285E-3,,,,,-232.79999084E-9,10.0000000,
,,,-232.39999791E-9,79.999998212E-3,,,,,-232.39999791E-9,319.99999285E-3,,,,,-232.39999791E-9,10.0000000,
,,,-231.99999077E-9,79.999998212E-3,,,,,-231.99999077E-9,280.00000119E-3,,,,,-231.99999077E-9,10.0000000,
,,,-231.59999785E-9,119.9999973E-3,,,,,-231.59999785E-9,319.99999285E-3,,,,,-231.59999785E-9,10.0000000,
,,,-231.19999071E-9,119.9999973E-3,,,,,-231.19999071E-9,319.99999285E-3,,,,,-231.19999071E-9,10.0000000,
,,,-230.79999778E-9,119.9999973E-3,,,,,-230.79999778E-9,319.99999285E-3,,,,,-230.79999778E-9,10.0000000,
,,,-230.39999064E-9,79.999998212E-3,,,,,-230.39999064E-9,359.99998450E-3,,,,,-230.39999064E-9,10.0000000,
,,,-229.99999771E-9,79.999998212E-3,,,,,-229.99999771E-9,359.99998450E-3,,,,,-229.99999771E-9,10.0000000,
,,,-229.59999058E-9,79.999998212E-3,,,,,-229.59999058E-9,359.99998450E-3,,,,,-229.59999058E-9,10.0000000,
,,,-229.19999765E-9,39.99999911E-3,,,,,-229.19999765E-9,319.99999285E-3,,,,,-229.19999765E-9,10.0000000,
,,,-228.79999051E-9,79.999998212E-3,,,,,-228.79999051E-9,319.99999285E-3,,,,,-228.79999051E-9,10.0000000,
,,,-228.39999758E-9,79.999998212E-3,,,,,-228.39999758E-9,319.99999285E-3,,,,,-228.39999758E-9,10.4000006,
,,,-227.99999044E-9,79.999998212E-3,,,,,-227.99999044E-9,319.99999285E-3,,,,,-227.99999044E-9,10.0000000,
,,,-227.59999752E-9,119.9999973E-3,,,,,-227.59999752E-9,359.99998450E-3,,,,,-227.59999752E-9,10.0000000,
,,,-227.19999038E-9,79.999998212E-3,,,,,-227.19999038E-9,319.99999285E-3,,,,,-227.19999038E-9,10.0000000,
,,,-226.79999745E-9,79.999998212E-3,,,,,-226.79999745E-9,319.99999285E-3,,,,,-226.79999745E-9,10.0000000,
,,,-226.39999031E-9,79.999998212E-3,,,,,-226.39999031E-9,280.00000119E-3,,,,,-226.39999031E-9,10.0000000,
,,,-225.99999738E-9,79.999998212E-3,,,,,-225.99999738E-9,280.00000119E-3,,,,,-225.99999738E-9,10.0000000,
,,,-225.59999024E-9,79.999998212E-3,,,,,-225.59999024E-9,280.00000119E-3,,,,,-225.59999024E-9,10.0000000,
,,,-225.19999732E-9,39.99999911E-3,,,,,-225.19999732E-9,280.00000119E-3,,,,,-225.19999732E-9,10.0000000,
,,,-224.79999018E-9,39.99999911E-3,,,,,-224.79999018E-9,280.00000119E-3,,,,,-224.79999018E-9,10.4000006,
,,,-224.39999725E-9,39.99999911E-3,,,,,-224.39999725E-9,319.99999285E-3,,,,,-224.39999725E-9,10.4000006,
,,,-223.99999011E-9,39.99999911E-3,,,,,-223.99999011E-9,280.00000119E-3,,,,,-223.99999011E-9,10.4000006,
,,,-223.59999718E-9,39.99999911E-3,,,,,-223.59999718E-9,280.00000119E-3,,,,,-223.59999718E-9,10.8000002,
,,,-223.19999005E-9,39.99999911E-3,,,,,-223.19999005E-9,239.99999464E-3,,,,,-223.19999005E-9,10.8000002,
,,,-222.79999712E-9,39.99999911E-3,,,,,-222.79999712E-9,239.99999464E-3,,,,,-222.79999712E-9,10.4000006,
,,,-222.39998998E-9,39.99999911E-3,,,,,-222.39998998E-9,239.99999464E-3,,,,,-222.39998998E-9,10.0000000,
,,,-221.99999705E-9,39.99999911E-3,,,,,-221.99999705E-9,280.00000119E-3,,,,,-221.99999705E-9,10.0000000,
,,,-221.59998991E-9,39.99999911E-3,,,,,-221.59998991E-9,319.99999285E-3,,,,,-221.59998991E-9,10.0000000,
,,,-221.19999699E-9,39.99999911E-3,,,,,-221.19999699E-9,280.00000119E-3,,,,,-221.19999699E-9,10.0000000,
,,,-220.79998985E-9,39.99999911E-3,,,,,-220.79998985E-9,280.00000119E-3,,,,,-220.79998985E-9,10.0000000,
,,,-220.39999692E-9,39.99999911E-3,,,,,-220.39999692E-9,239.99999464E-3,,,,,-220.39999692E-9,10.0000000,
,,,-219.99998978E-9,39.99999911E-3,,,,,-219.99998978E-9,239.99999464E-3,,,,,-219.99998978E-9,10.0000000,
,,,-219.59999685E-9,39.99999911E-3,,,,,-219.59999685E-9,239.99999464E-3,,,,,-219.59999685E-9,10.0000000,
,,,-219.19998971E-9,39.99999911E-3,,,,,-219.19998971E-9,239.99999464E-3,,,,,-219.19998971E-9,10.0000000,
,,,-218.79999679E-9,39.99999911E-3,,,,,-218.79999679E-9,239.99999464E-3,,,,,-218.79999679E-9,10.0000000,
,,,-218.39998965E-9,39.99999911E-3,,,,,-218.39998965E-9,280.00000119E-3,,,,,-218.39998965E-9,10.0000000,
,,,-217.99999672E-9,39.99999911E-3,,,,,-217.99999672E-9,280.00000119E-3,,,,,-217.99999672E-9,10.0000000,
,,,-217.59998958E-9,79.999998212E-3,,,,,-217.59998958E-9,319.99999285E-3,,,,,-217.59998958E-9,10.0000000,
,,,-217.19999665E-9,79.999998212E-3,,,,,-217.19999665E-9,319.99999285E-3,,,,,-217.19999665E-9,10.0000000,
,,,-216.79998952E-9,79.999998212E-3,,,,,-216.79998952E-9,319.99999285E-3,,,,,-216.79998952E-9,10.0000000,
,,,-216.39999659E-9,79.999998212E-3,,,,,-216.39999659E-9,280.00000119E-3,,,,,-216.39999659E-9,10.0000000,
,,,-215.99998945E-9,79.999998212E-3,,,,,-215.99998945E-9,280.00000119E-3,,,,,-215.99998945E-9,10.0000000,
,,,-215.59999652E-9,79.999998212E-3,,,,,-215.59999652E-9,280.00000119E-3,,,,,-215.59999652E-9,9.600000381,
,,,-215.19998938E-9,39.99999911E-3,,,,,-215.19998938E-9,239.99999464E-3,,,,,-215.19998938E-9,10.0000000,
,,,-214.79999646E-9,39.99999911E-3,,,,,-214.79999646E-9,239.99999464E-3,,,,,-214.79999646E-9,10.0000000,
,,,-214.39998932E-9,39.99999911E-3,,,,,-214.39998932E-9,280.00000119E-3,,,,,-214.39998932E-9,10.0000000,
,,,-213.99999639E-9,39.99999911E-3,,,,,-213.99999639E-9,319.99999285E-3,,,,,-213.99999639E-9,10.0000000,
,,,-213.59998925E-9,39.99999911E-3,,,,,-213.59998925E-9,359.99998450E-3,,,,,-213.59998925E-9,10.0000000,
,,,-213.19999632E-9,39.99999911E-3,,,,,-213.19999632E-9,319.99999285E-3,,,,,-213.19999632E-9,10.0000000,
,,,-212.79998919E-9,39.99999911E-3,,,,,-212.79998919E-9,319.99999285E-3,,,,,-212.79998919E-9,10.0000000,
,,,-212.39999626E-9,39.99999911E-3,,,,,-212.39999626E-9,319.99999285E-3,,,,,-212.39999626E-9,10.0000000,
,,,-211.99998912E-9,39.99999911E-3,,,,,-211.99998912E-9,280.00000119E-3,,,,,-211.99998912E-9,10.0000000,
,,,-211.59999619E-9,39.99999911E-3,,,,,-211.59999619E-9,319.99999285E-3,,,,,-211.59999619E-9,10.0000000,
,,,-211.19998905E-9,39.99999911E-3,,,,,-211.19998905E-9,319.99999285E-3,,,,,-211.19998905E-9,10.0000000,
,,,-210.79999613E-9,39.99999911E-3,,,,,-210.79999613E-9,319.99999285E-3,,,,,-210.79999613E-9,9.600000381,
,,,-210.39998899E-9,39.99999911E-3,,,,,-210.39998899E-9,359.99998450E-3,,,,,-210.39998899E-9,10.0000000,
,,,-209.99999606E-9,39.99999911E-3,,,,,-209.99999606E-9,359.99998450E-3,,,,,-209.99999606E-9,10.0000000,
,,,-209.59998892E-9,39.99999911E-3,,,,,-209.59998892E-9,359.99998450E-3,,,,,-209.59998892E-9,10.0000000,
,,,-209.19999599E-9,0.0,,,,,-209.19999599E-9,319.99999285E-3,,,,,-209.19999599E-9,10.0000000,
,,,-208.79998885E-9,0.0,,,,,-208.79998885E-9,319.99999285E-3,,,,,-208.79998885E-9,10.0000000,
,,,-208.39999593E-9,0.0,,,,,-208.39999593E-9,319.99999285E-3,,,,,-208.39999593E-9,10.0000000,
,,,-207.99998879E-9,0.0,,,,,-207.99998879E-9,319.99999285E-3,,,,,-207.99998879E-9,10.0000000,
,,,-207.59999586E-9,39.99999911E-3,,,,,-207.59999586E-9,359.99998450E-3,,,,,-207.59999586E-9,10.0000000,
,,,-207.19998872E-9,39.99999911E-3,,,,,-207.19998872E-9,359.99998450E-3,,,,,-207.19998872E-9,10.0000000,
,,,-206.79999579E-9,39.99999911E-3,,,,,-206.79999579E-9,359.99998450E-3,,,,,-206.79999579E-9,10.0000000,
,,,-206.39998866E-9,39.99999911E-3,,,,,-206.39998866E-9,359.99998450E-3,,,,,-206.39998866E-9,10.0000000,
,,,-205.99999573E-9,39.99999911E-3,,,,,-205.99999573E-9,359.99998450E-3,,,,,-205.99999573E-9,10.0000000,
,,,-205.59998859E-9,39.99999911E-3,,,,,-205.59998859E-9,359.99998450E-3,,,,,-205.59998859E-9,10.0000000,
,,,-205.19999566E-9,0.0,,,,,-205.19999566E-9,359.99998450E-3,,,,,-205.19999566E-9,10.0000000,
,,,-204.79998852E-9,0.0,,,,,-204.79998852E-9,359.99998450E-3,,,,,-204.79998852E-9,10.0000000,
,,,-204.39999560E-9,0.0,,,,,-204.39999560E-9,359.99998450E-3,,,,,-204.39999560E-9,10.0000000,
,,,-203.99998846E-9,0.0,,,,,-203.99998846E-9,359.99998450E-3,,,,,-203.99998846E-9,10.0000000,
,,,-203.59999553E-9,39.99999911E-3,,,,,-203.59999553E-9,399.99997616E-3,,,,,-203.59999553E-9,10.0000000,
,,,-203.19998839E-9,39.99999911E-3,,,,,-203.19998839E-9,399.99997616E-3,,,,,-203.19998839E-9,10.0000000,
,,,-202.79999546E-9,39.99999911E-3,,,,,-202.79999546E-9,399.99997616E-3,,,,,-202.79999546E-9,10.0000000,
,,,-202.39998832E-9,39.99999911E-3,,,,,-202.39998832E-9,439.999997616E-3,,,,,-202.39998832E-9,10.0000000,
,,,-201.99999540E-9,39.99999911E-3,,,,,-201.99999540E-9,439.999997616E-3,,,,,-201.99999540E-9,10.0000000,
,,,-201.59998826E-9,79.999998212E-3,,,,,-201.59998826E-9,439.999997616E-3,,,,,-201.59998826E-9,10.0000000,
,,,-201.19999533E-9,39.99999911E-3,,,,,-201.19999533E-9,399.99997616E-3,,,,,-201.19999533E-9,10.0000000,
,,,-200.79998819E-9,39.99999911E-3,,,,,-200.79998819E-9,399.99997616E-3,,,,,-200.79998819E-9,10.0000000,
,,,-200.39999526E-9,39.99999911E-3,,,,,-200.39999526E-9,399.99997616E-3,,,,,-200.39999526E-9,10.0000000,
,,,-199.99998813E-9,39.99999911E-3,,,,,-199.99998813E-9,399.99997616E-3,,,,,-199.99998813E-9,10.0000000,
,,,-199.59999520E-9,39.99999911E-3,,,,,-199.59999520E-9,399.99997616E-3,,,,,-199.59999520E-9,10.0000000,
,,,-199.19998806E-9,39.99999911E-3,,,,,-199.19998806E-9,399.99997616E-3,,,,,-199.19998806E-9,10.0000000,
,,,-198.79999513E-9,39.99999911E-3,,,,,-198.79999513E-9,399.99997616E-3,,,,,-198.79999513E-9,9.600000381,
,,,-198.39998799E-9,0.0,,,,,-198.39998799E-9,399.99997616E-3,,,,,-198.39998799E-9,9.600000381,
,,,-197.99999507E-9,0.0,,,,,-197.99999507E-9,399.99997616E-3,,,,,-197.99999507E-9,9.600000381,
,,,-197.59998793E-9,0.0,,,,,-197.59998793E-9,439.999997616E-3,,,,,-197.59998793E-9,10.0000000,
,,,-197.19999500E-9,0.0,,,,,-197.19999500E-9,399.99997616E-3,,,,,-197.19999500E-9,10.0000000,
,,,-196.79998786E-9,0.0,,,,,-196.79998786E-9,399.99997616E-3,,,,,-196.79998786E-9,10.0000000,
,,,-196.39999493E-9,0.0,,,,,-196.39999493E-9,399.99997616E-3,,,,,-196.39999493E-9,10.0000000,
,,,-195.99998780E-9,0.0,,,,,-195.99998780E-9,399.99997616E-3,,,,,-195.99998780E-9,10.0000000,
,,,-195.59999487E-9,0.0,,,,,-195.59999487E-9,399.99997616E-3,,,,,-195.59999487E-9,10.0000000,
,,,-195.19998773E-9,0.0,,,,,-195.19998773E-9,399.99997616E-3,,,,,-195.19998773E-9,10.0000000,
,,,-194.79999480E-9,0.0,,,,,-194.79999480E-9,399.99997616E-3,,,,,-194.79999480E-9,10.0000000,
,,,-194.39998766E-9,0.0,,,,,-194.39998766E-9,399.99997616E-3,,,,,-194.39998766E-9,10.0000000,
,,,-193.99999474E-9,0.0,,,,,-193.99999474E-9,399.99997616E-3,,,,,-193.99999474E-9,10.0000000,
,,,-193.59998760E-9,0.0,,,,,-193.59998760E-9,399.99997616E-3,,,,,-193.59998760E-9,10.4000006,
,,,-193.19999467E-9,0.0,,,,,-193.19999467E-9,399.99997616E-3,,,,,-193.19999467E-9,10.4000006,
,,,-192.79998753E-9,0.0,,,,,-192.79998753E-9,399.99997616E-3,,,,,-192.79998753E-9,10.4000006,
,,,-192.39999460E-9,-39.99999911E-3,,,,,-192.39999460E-9,439.999997616E-3,,,,,-192.39999460E-9,10.4000006,
,,,-191.99998746E-9,-39.99999911E-3,,,,,-191.99998746E-9,439.999997616E-3,,,,,-191.99998746E-9,10.0000000,
,,,-191.59999454E-9,-39.99999911E-3,,,,,-191.59999454E-9,439.999997616E-3,,,,,-191.59999454E-9,10.0000000,
,,,-191.19998740E-9,-79.999998212E-3,,,,,-191.19998740E-9,439.999997616E-3,,,,,-191.19998740E-9,10.0000000,
,,,-190.79999447E-9,-39.99999911E-3,,,,,-190.79999447E-9,439.999997616E-3,,,,,-190.79999447E-9,9.600000381,
,,,-190.39998733E-9,-39.99999911E-3,,,,,-190.39998733E-9,439.999997616E-3,,,,,-190.39998733E-9,9.600000381,
,,,-189.99999440E-9,-39.99999911E-3,,,,,-189.99999440E-9,439.999997616E-3,,,,,-189.99999440E-9,9.600000381,
,,,-189.59998727E-9,0.0,,,,,-189.59998727E-9,439.999997616E-3,,,,,-189.59998727E-9,10.0000000,
,,,-189.19999434E-9,0.0,,,,,-189.19999434E-9,439.999997616E-3,,,,,-189.19999434E-9,10.0000000,
,,,-188.79998720E-9,0.0,,,,,-188.79998720E-9,439.999997616E-3,,,,,-188.79998720E-9,10.0000000,
,,,-188.39999427E-9,0.0,,,,,-188.39999427E-9,399.99997616E-3,,,,,-188.39999427E-9,10.0000000,
,,,-187.99998713E-9,0.0,,,,,-187.99998713E-9,399.99997616E-3,,,,,-187.99998713E-9,10.0000000,
,,,-187.59999421E-9,39.99999911E-3,,,,,-187.59999421E-9,399.99997616E-3,,,,,-187.59999421E-9,10.0000000,
,,,-187.19998707E-9,39.99999911E-3,,,,,-187.19998707E-9,359.99998450E-3,,,,,-187.19998707E-9,10.0000000,
,,,-186.79999414E-9,39.99999911E-3,,,,,-186.79999414E-9,399.99997616E-3,,,,,-186.79999414E-9,10.0000000,
,,,-186.39998700E-9,0.0,,,,,-186.39998700E-9,399.99997616E-3,,,,,-186.39998700E-9,10.0000000,
,,,-185.99999407E-9,0.0,,,,,-185.99999407E-9,399.99997616E-3,,,,,-185.99999407E-9,10.0000000,
,,,-185.59998693E-9,0.0,,,,,-185.59998693E-9,439.999997616E-3,,,,,-185.59998693E-9,10.0000000,
,,,-185.19999401E-9,0.0,,,,,-185.19999401E-9,439.999997616E-3,,,,,-185.19999401E-9,10.0000000,
,,,-184.79998687E-9,0.0,,,,,-184.79998687E-9,439.999997616E-3,,,,,-184.79998687E-9,10.4000006,
,,,-184.39999394E-9,39.99999911E-3,,,,,-184.39999394E-9,439.999997616E-3,,,,,-184.39999394E-9,10.0000000,
,,,-183.99998680E-9,39.99999911E-3,,,,,-183.99998680E-9,439.999997616E-3,,,,,-183.99998680E-9,10.0000000,
,,,-183.59999387E-9,39.99999911E-3,,,,,-183.59999387E-9,479.999989271E-3,,,,,-183.59999387E-9,10.0000000,
,,,-183.19998674E-9,39.99999911E-3,,,,,-183.19998674E-9,479.999989271E-3,,,,,-183.19998674E-9,10.0000000,
,,,-182.79999381E-9,39.99999911E-3,,,,,-182.79999381E-9,479.999989271E-3,,,,,-182.79999381E-9,9.600000381,
,,,-182.39998667E-9,79.999998212E-3,,,,,-182.39998667E-9,479.999989271E-3,,,,,-182.39998667E-9,10.0000000,
,,,-181.99999374E-9,79.999998212E-3,,,,,-181.99999374E-9,479.999989271E-3,,,,,-181.99999374E-9,10.0000000,
,,,-181.59998660E-9,79.999998212E-3,,,,,-181.59998660E-9,479.999989271E-3,,,,,-181.59998660E-9,10.0000000,
,,,-181.19999368E-9,39.99999911E-3,,,,,-181.19999368E-9,479.999989271E-3,,,,,-181.19999368E-9,10.0000000,
,,,-180.79998654E-9,39.99999911E-3,,,,,-180.79998654E-9,479.999989271E-3,,,,,-180.79998654E-9,10.0000000,
,,,-180.39999361E-9,39.99999911E-3,,,,,-180.39999361E-9,439.999997616E-3,,,,,-180.39999361E-9,10.0000000,
,,,-179.99998647E-9,39.99999911E-3,,,,,-179.99998647E-9,439.999997616E-3,,,,,-179.99998647E-9,10.0000000,
,,,-179.59999354E-9,39.99999911E-3,,,,,-179.59999354E-9,439.999997616E-3,,,,,-179.59999354E-9,10.0000000,
,,,-179.19998641E-9,39.99999911E-3,,,,,-179.19998641E-9,439.999997616E-3,,,,,-179.19998641E-9,10.0000000,
,,,-178.79999348E-9,39.99999911E-3,,,,,-178.79999348E-9,439.999997616E-3,,,,,-178.79999348E-9,10.0000000,
,,,-178.39998634E-9,0.0,,,,,-178.39998634E-9,439.999997616E-3,,,,,-178.39998634E-9,10.0000000,
,,,-177.99999341E-9,0.0,,,,,-177.99999341E-9,439.999997616E-3,,,,,-177.99999341E-9,10.4000006,
,,,-177.59998627E-9,0.0,,,,,-177.59998627E-9,439.999997616E-3,,,,,-177.59998627E-9,10.4000006,
,,,-177.19999335E-9,-39.99999911E-3,,,,,-177.19999335E-9,439.999997616E-3,,,,,-177.19999335E-9,10.4000006,
,,,-176.80000042E-9,0.0,,,,,-176.80000042E-9,439.999997616E-3,,,,,-176.80000042E-9,10.4000006,
,,,-176.39999328E-9,0.0,,,,,-176.39999328E-9,439.999997616E-3,,,,,-176.39999328E-9,10.4000006,
,,,-176.00000035E-9,0.0,,,,,-176.00000035E-9,439.999997616E-3,,,,,-176.00000035E-9,10.4000006,
,,,-175.59999321E-9,39.99999911E-3,,,,,-175.59999321E-9,439.999997616E-3,,,,,-175.59999321E-9,10.0000000,
,,,-175.20000029E-9,0.0,,,,,-175.20000029E-9,439.999997616E-3,,,,,-175.20000029E-9,10.0000000,
,,,-174.79999315E-9,0.0,,,,,-174.79999315E-9,439.999997616E-3,,,,,-174.79999315E-9,9.600000381,
,,,-174.40000022E-9,0.0,,,,,-174.40000022E-9,399.99997616E-3,,,,,-174.40000022E-9,9.600000381,
,,,-173.99999308E-9,0.0,,,,,-173.99999308E-9,399.99997616E-3,,,,,-173.99999308E-9,9.600000381,
,,,-173.60000015E-9,39.99999911E-3,,,,,-173.60000015E-9,399.99997616E-3,,,,,-173.60000015E-9,10.0000000,
,,,-173.19999301E-9,39.99999911E-3,,,,,-173.19999301E-9,399.99997616E-3,,,,,-173.19999301E-9,10.0000000,
,,,-172.80000009E-9,39.99999911E-3,,,,,-172.80000009E-9,399.99997616E-3,,,,,-172.80000009E-9,10.4000006,
,,,-172.39999295E-9,39.99999911E-3,,,,,-172.39999295E-9,439.999997616E-3,,,,,-172.39999295E-9,10.4000006,
,,,-172.00000002E-9,39.99999911E-3,,,,,-172.00000002E-9,439.999997616E-3,,,,,-172.00000002E-9,10.0000000,
,,,-171.59999288E-9,39.99999911E-3,,,,,-171.59999288E-9,439.999997616E-3,,,,,-171.59999288E-9,10.4000006,
,,,-171.19999995E-9,39.99999911E-3,,,,,-171.19999995E-9,399.99997616E-3,,,,,-171.19999995E-9,10.4000006,
,,,-170.79999282E-9,39.99999911E-3,,,,,-170.79999282E-9,399.99997616E-3,,,,,-170.79999282E-9,10.4000006,
,,,-170.39999989E-9,0.0,,,,,-170.39999989E-9,399.99997616E-3,,,,,-170.39999989E-9,10.4000006,
,,,-169.99999275E-9,0.0,,,,,-169.99999275E-9,359.99998450E-3,,,,,-169.99999275E-9,10.0000000,
,,,-169.59999982E-9,0.0,,,,,-169.59999982E-9,399.99997616E-3,,,,,-169.59999982E-9,10.4000006,
,,,-169.19999268E-9,-39.99999911E-3,,,,,-169.19999268E-9,399.99997616E-3,,,,,-169.19999268E-9,10.4000006,
,,,-168.79999976E-9,-39.99999911E-3,,,,,-168.79999976E-9,399.99997616E-3,,,,,-168.79999976E-9,10.4000006,
,,,-168.39999262E-9,0.0,,,,,-168.39999262E-9,439.999997616E-3,,,,,-168.39999262E-9,10.4000006,
,,,-167.99999969E-9,39.99999911E-3,,,,,-167.99999969E-9,439.999997616E-3,,,,,-167.99999969E-9,10.0000000,
,,,-167.59999255E-9,79.999998212E-3,,,,,-167.59999255E-9,439.999997616E-3,,,,,-167.59999255E-9,10.4000006,
,,,-167.19999962E-9,79.999998212E-3,,,,,-167.19999962E-9,439.999997616E-3,,,,,-167.19999962E-9,10.4000006,
,,,-166.79999248E-9,79.999998212E-3,,,,,-166.79999248E-9,439.999997616E-3,,,,,-166.79999248E-9,10.0000000,
,,,-166.39999956E-9,39.99999911E-3,,,,,-166.39999956E-9,399.99997616E-3,,,,,-166.39999956E-9,10.0000000,
,,,-165.99999242E-9,39.99999911E-3,,,,,-165.99999242E-9,399.99997616E-3,,,,,-165.99999242E-9,10.0000000,
,,,-165.59999949E-9,39.99999911E-3,,,,,-165.59999949E-9,399.99997616E-3,,,,,-165.59999949E-9,10.0000000,
,,,-165.19999235E-9,39.99999911E-3,,,,,-165.19999235E-9,399.99997616E-3,,,,,-165.19999235E-9,10.0000000,
,,,-164.79999942E-9,39.99999911E-3,,,,,-164.79999942E-9,399.99997616E-3,,,,,-164.79999942E-9,10.0000000,
,,,-164.39999229E-9,79.999998212E-3,,,,,-164.39999229E-9,399.99997616E-3,,,,,-164.39999229E-9,10.0000000,
,,,-163.99999936E-9,79.999998212E-3,,,,,-163.99999936E-9,399.99997616E-3,,,,,-163.99999936E-9,10.0000000,
,,,-163.59999222E-9,79.999998212E-3,,,,,-163.59999222E-9,399.99997616E-3,,,,,-163.59999222E-9,10.0000000,
,,,-163.19999929E-9,39.99999911E-3,,,,,-163.19999929E-9,359.99998450E-3,,,,,-163.19999929E-9,10.0000000,
,,,-162.79999215E-9,39.99999911E-3,,,,,-162.79999215E-9,359.99998450E-3,,,,,-162.79999215E-9,10.4000006,
,,,-162.39999923E-9,39.99999911E-3,,,,,-162.39999923E-9,359.99998450E-3,,,,,-162.39999923E-9,10.4000006,
,,,-161.99999209E-9,39.99999911E-3,,,,,-161.99999209E-9,359.99998450E-3,,,,,-161.99999209E-9,10.4000006,
,,,-161.59999916E-9,79.999998212E-3,,,,,-161.59999916E-9,359.99998450E-3,,,,,-161.59999916E-9,10.0000000,
,,,-161.19999202E-9,79.999998212E-3,,,,,-161.19999202E-9,319.99999285E-3,,,,,-161.19999202E-9,10.0000000,
,,,-160.79999909E-9,79.999998212E-3,,,,,-160.79999909E-9,319.99999285E-3,,,,,-160.79999909E-9,10.0000000,
,,,-160.39999196E-9,39.99999911E-3,,,,,-160.39999196E-9,319.99999285E-3,,,,,-160.39999196E-9,10.0000000,
,,,-159.99999903E-9,39.99999911E-3,,,,,-159.99999903E-9,319.99999285E-3,,,,,-159.99999903E-9,10.0000000,
,,,-159.59999189E-9,39.99999911E-3,,,,,-159.59999189E-9,359.99998450E-3,,,,,-159.59999189E-9,10.0000000,
,,,-159.19999896E-9,0.0,,,,,-159.19999896E-9,359.99998450E-3,,,,,-159.19999896E-9,10.0000000,
,,,-158.79999182E-9,39.99999911E-3,,,,,-158.79999182E-9,359.99998450E-3,,,,,-158.79999182E-9,10.0000000,
,,,-158.39999890E-9,39.99999911E-3,,,,,-158.39999890E-9,359.99998450E-3,,,,,-158.39999890E-9,10.0000000,
,,,-157.99999176E-9,39.99999911E-3,,,,,-157.99999176E-9,359.99998450E-3,,,,,-157.99999176E-9,10.4000006,
,,,-157.59999883E-9,79.999998212E-3,,,,,-157.59999883E-9,359.99998450E-3,,,,,-157.59999883E-9,10.0000000,
,,,-157.19999169E-9,79.999998212E-3,,,,,-157.19999169E-9,319.99999285E-3,,,,,-157.19999169E-9,10.0000000,
,,,-156.79999876E-9,79.999998212E-3,,,,,-156.79999876E-9,319.99999285E-3,,,,,-156.79999876E-9,10.0000000,
,,,-156.39999162E-9,39.99999911E-3,,,,,-156.39999162E-9,319.99999285E-3,,,,,-156.39999162E-9,10.0000000,
,,,-155.99999870E-9,39.99999911E-3,,,,,-155.99999870E-9,280.00000119E-3,,,,,-155.99999870E-9,10.0000000,
,,,-155.59999156E-9,39.99999911E-3,,,,,-155.59999156E-9,319.99999285E-3,,,,,-155.59999156E-9,10.0000000,
,,,-155.19999863E-9,39.99999911E-3,,,,,-155.19999863E-9,319.99999285E-3,,,,,-155.19999863E-9,10.0000000,
,,,-154.79999149E-9,39.99999911E-3,,,,,-154.79999149E-9,319.99999285E-3,,,,,-154.79999149E-9,10.4000006,
,,,-154.39999856E-9,79.999998212E-3,,,,,-154.39999856E-9,319.99999285E-3,,,,,-154.39999856E-9,10.0000000,
,,,-153.99999143E-9,79.999998212E-3,,,,,-153.99999143E-9,319.99999285E-3,,,,,-153.99999143E-9,10.4000006,
,,,-153.59999850E-9,79.999998212E-3,,,,,-153.59999850E-9,319.99999285E-3,,,,,-153.59999850E-9,10.4000006,
,,,-153.19999136E-9,79.999998212E-3,,,,,-153.19999136E-9,319.99999285E-3,,,,,-153.19999136E-9,10.4000006,
,,,-152.79999843E-9,79.999998212E-3,,,,,-152.79999843E-9,319.99999285E-3,,,,,-152.79999843E-9,10.4000006,
,,,-152.39999129E-9,119.9999973E-3,,,,,-152.39999129E-9,359.99998450E-3,,,,,-152.39999129E-9,10.4000006,
,,,-151.99999837E-9,119.9999973E-3,,,,,-151.99999837E-9,359.99998450E-3,,,,,-151.99999837E-9,10.4000006,
,,,-151.59999123E-9,119.9999973E-3,,,,,-151.59999123E-9,359.99998450E-3,,,,,-151.59999123E-9,10.0000000,
,,,-151.19999830E-9,79.999998212E-3,,,,,-151.19999830E-9,319.99999285E-3,,,,,-151.19999830E-9,10.0000000,
,,,-150.79999116E-9,79.999998212E-3,,,,,-150.79999116E-9,319.99999285E-3,,,,,-150.79999116E-9,10.0000000,
,,,-150.39999823E-9,39.99999911E-3,,,,,-150.39999823E-9,319.99999285E-3,,,,,-150.39999823E-9,10.0000000,
,,,-149.99999109E-9,39.99999911E-3,,,,,-149.99999109E-9,319.99999285E-3,,,,,-149.99999109E-9,10.0000000,
,,,-149.59999817E-9,79.999998212E-3,,,,,-149.59999817E-9,359.99998450E-3,,,,,-149.59999817E-9,10.4000006,
,,,-149.19999103E-9,79.999998212E-3,,,,,-149.19999103E-9,359.99998450E-3,,,,,-149.19999103E-9,10.4000006,
,,,-148.79999810E-9,119.9999973E-3,,,,,-148.79999810E-9,359.99998450E-3,,,,,-148.79999810E-9,10.4000006,
,,,-148.3999910E-9,159.99999642E-3,,,,,-148.3999910E-9,319.99999285E-3,,,,,-148.3999910E-9,10.4000006,
,,,-147.9999980E-9,159.99999642E-3,,,,,-147.9999980E-9,319.99999285E-3,,,,,-147.9999980E-9,10.4000006,
,,,-147.5999909E-9,159.99999642E-3,,,,,-147.5999909E-9,319.99999285E-3,,,,,-147.5999909E-9,10.4000006,
,,,-147.1999980E-9,119.9999973E-3,,,,,-147.1999980E-9,319.99999285E-3,,,,,-147.1999980E-9,10.4000006,
,,,-146.7999908E-9,119.9999973E-3,,,,,-146.7999908E-9,319.99999285E-3,,,,,-146.7999908E-9,10.4000006,
,,,-146.3999979E-9,119.9999973E-3,,,,,-146.3999979E-9,319.99999285E-3,,,,,-146.3999979E-9,10.4000006,
,,,-145.9999908E-9,119.9999973E-3,,,,,-145.9999908E-9,319.99999285E-3,,,,,-145.9999908E-9,10.4000006,
,,,-145.5999978E-9,119.9999973E-3,,,,,-145.5999978E-9,319.99999285E-3,,,,,-145.5999978E-9,10.4000006,
,,,-145.1999907E-9,119.9999973E-3,,,,,-145.1999907E-9,280.00000119E-3,,,,,-145.1999907E-9,10.4000006,
,,,-144.7999978E-9,119.9999973E-3,,,,,-144.7999978E-9,280.00000119E-3,,,,,-144.7999978E-9,10.8000002,
,,,-144.3999906E-9,79.999998212E-3,,,,,-144.3999906E-9,280.00000119E-3,,,,,-144.3999906E-9,10.8000002,
,,,-143.9999977E-9,79.999998212E-3,,,,,-143.9999977E-9,239.99999464E-3,,,,,-143.9999977E-9,10.8000002,
,,,-143.5999906E-9,79.999998212E-3,,,,,-143.5999906E-9,280.00000119E-3,,,,,-143.5999906E-9,10.4000006,
,,,-143.1999976E-9,79.999998212E-3,,,,,-143.1999976E-9,280.00000119E-3,,,,,-143.1999976E-9,10.4000006,
,,,-142.7999905E-9,79.999998212E-3,,,,,-142.7999905E-9,280.00000119E-3,,,,,-142.7999905E-9,10.8000002,
,,,-142.3999976E-9,79.999998212E-3,,,,,-142.3999976E-9,280.00000119E-3,,,,,-142.3999976E-9,10.8000002,
,,,-141.9999904E-9,79.999998212E-3,,,,,-141.9999904E-9,280.00000119E-3,,,,,-141.9999904E-9,10.8000002,
,,,-141.5999975E-9,79.999998212E-3,,,,,-141.5999975E-9,280.00000119E-3,,,,,-141.5999975E-9,10.4000006,
,,,-141.1999904E-9,79.999998212E-3,,,,,-141.1999904E-9,280.00000119E-3,,,,,-141.1999904E-9,10.4000006,
,,,-140.7999974E-9,79.999998212E-3,,,,,-140.7999974E-9,280.00000119E-3,,,,,-140.7999974E-9,10.4000006,
,,,-140.3999903E-9,79.999998212E-3,,,,,-140.3999903E-9,319.99999285E-3,,,,,-140.3999903E-9,10.4000006,
,,,-139.9999974E-9,79.999998212E-3,,,,,-139.9999974E-9,319.99999285E-3,,,,,-139.9999974E-9,10.4000006,
,,,-139.5999902E-9,79.999998212E-3,,,,,-139.5999902E-9,359.99998450E-3,,,,,-139.5999902E-9,10.4000006,
,,,-139.1999973E-9,79.999998212E-3,,,,,-139.1999973E-9,319.99999285E-3,,,,,-139.1999973E-9,10.8000002,
,,,-138.7999902E-9,79.999998212E-3,,,,,-138.7999902E-9,280.00000119E-3,,,,,-138.7999902E-9,10.8000002,
,,,-138.3999972E-9,39.99999911E-3,,,,,-138.3999972E-9,239.99999464E-3,,,,,-138.3999972E-9,10.8000002,
,,,-137.9999901E-9,39.99999911E-3,,,,,-137.9999901E-9,239.99999464E-3,,,,,-137.9999901E-9,10.8000002,
,,,-137.5999972E-9,39.99999911E-3,,,,,-137.5999972E-9,280.00000119E-3,,,,,-137.5999972E-9,10.8000002,
,,,-137.1999900E-9,0.0,,,,,-137.1999900E-9,280.00000119E-3,,,,,-137.1999900E-9,10.8000002,
,,,-136.7999971E-9,0.0,,,,,-136.7999971E-9,280.00000119E-3,,,,,-136.7999971E-9,10.8000002,
,,,-136.3999900E-9,39.99999911E-3,,,,,-136.3999900E-9,319.99999285E-3,,,,,-136.3999900E-9,10.8000002,
,,,-135.9999970E-9,79.999998212E-3,,,,,-135.9999970E-9,319.99999285E-3,,,,,-135.9999970E-9,10.8000002,
,,,-135.5999899E-9,119.9999973E-3,,,,,-135.5999899E-9,319.99999285E-3,,,,,-135.5999899E-9,11.1999998,
,,,-135.1999970E-9,119.9999973E-3,,,,,-135.1999970E-9,280.00000119E-3,,,,,-135.1999970E-9,11.1999998,
,,,-134.7999898E-9,119.9999973E-3,,,,,-134.7999898E-9,280.00000119E-3,,,,,-134.7999898E-9,11.1999998,
,,,-134.3999969E-9,79.999998212E-3,,,,,-134.3999969E-9,280.00000119E-3,,,,,-134.3999969E-9,11.1999998,
,,,-133.9999898E-9,79.999998212E-3,,,,,-133.9999898E-9,280.00000119E-3,,,,,-133.9999898E-9,10.8000002,
,,,-133.5999968E-9,79.999998212E-3,,,,,-133.5999968E-9,319.99999285E-3,,,,,-133.5999968E-9,10.8000002,
,,,-133.1999897E-9,79.999998212E-3,,,,,-133.1999897E-9,280.00000119E-3,,,,,-133.1999897E-9,10.8000002,
,,,-132.7999968E-9,79.999998212E-3,,,,,-132.7999968E-9,280.00000119E-3,,,,,-132.7999968E-9,10.8000002,
,,,-132.3999896E-9,79.999998212E-3,,,,,-132.3999896E-9,280.00000119E-3,,,,,-132.3999896E-9,10.8000002,
,,,-131.9999967E-9,79.999998212E-3,,,,,-131.9999967E-9,280.00000119E-3,,,,,-131.9999967E-9,10.8000002,
,,,-131.5999896E-9,79.999998212E-3,,,,,-131.5999896E-9,319.99999285E-3,,,,,-131.5999896E-9,10.8000002,
,,,-131.1999966E-9,79.999998212E-3,,,,,-131.1999966E-9,280.00000119E-3,,,,,-131.1999966E-9,10.8000002,
,,,-130.7999895E-9,79.999998212E-3,,,,,-130.7999895E-9,280.00000119E-3,,,,,-130.7999895E-9,10.4000006,
,,,-130.3999966E-9,39.99999911E-3,,,,,-130.3999966E-9,239.99999464E-3,,,,,-130.3999966E-9,10.4000006,
,,,-129.9999894E-9,39.99999911E-3,,,,,-129.9999894E-9,239.99999464E-3,,,,,-129.9999894E-9,10.8000002,
,,,-129.5999965E-9,39.99999911E-3,,,,,-129.5999965E-9,280.00000119E-3,,,,,-129.5999965E-9,10.8000002,
,,,-129.1999894E-9,39.99999911E-3,,,,,-129.1999894E-9,280.00000119E-3,,,,,-129.1999894E-9,10.8000002,
,,,-128.7999964E-9,39.99999911E-3,,,,,-128.7999964E-9,319.99999285E-3,,,,,-128.7999964E-9,11.1999998,
,,,-128.3999893E-9,79.999998212E-3,,,,,-128.3999893E-9,359.99998450E-3,,,,,-128.3999893E-9,11.1999998,
,,,-127.9999964E-9,39.99999911E-3,,,,,-127.9999964E-9,319.99999285E-3,,,,,-127.9999964E-9,11.1999998,
,,,-127.5999892E-9,39.99999911E-3,,,,,-127.5999892E-9,319.99999285E-3,,,,,-127.5999892E-9,10.8000002,
,,,-127.1999963E-9,0.0,,,,,-127.1999963E-9,319.99999285E-3,,,,,-127.1999963E-9,10.8000002,
,,,-126.7999892E-9,-39.99999911E-3,,,,,-126.7999892E-9,319.99999285E-3,,,,,-126.7999892E-9,10.8000002,
,,,-126.3999962E-9,-39.99999911E-3,,,,,-126.3999962E-9,359.99998450E-3,,,,,-126.3999962E-9,10.8000002,
,,,-125.9999891E-9,-39.99999911E-3,,,,,-125.9999891E-9,359.99998450E-3,,,,,-125.9999891E-9,10.8000002,
,,,-125.5999962E-9,0.0,,,,,-125.5999962E-9,399.99997616E-3,,,,,-125.5999962E-9,10.8000002,
,,,-125.1999890E-9,0.0,,,,,-125.1999890E-9,359.99998450E-3,,,,,-125.1999890E-9,10.8000002,
,,,-124.7999961E-9,0.0,,,,,-124.7999961E-9,319.99999285E-3,,,,,-124.7999961E-9,11.1999998,
,,,-124.3999890E-9,0.0,,,,,-124.3999890E-9,319.99999285E-3,,,,,-124.3999890E-9,11.1999998,
,,,-123.9999960E-9,0.0,,,,,-123.9999960E-9,319.99999285E-3,,,,,-123.9999960E-9,11.1999998,
,,,-123.5999889E-9,0.0,,,,,-123.5999889E-9,359.99998450E-3,,,,,-123.5999889E-9,11.1999998,
,,,-123.1999960E-9,0.0,,,,,-123.1999960E-9,359.99998450E-3,,,,,-123.1999960E-9,11.1999998,
,,,-122.7999888E-9,0.0,,,,,-122.7999888E-9,359.99998450E-3,,,,,-122.7999888E-9,10.8000002,
,,,-122.3999959E-9,39.99999911E-3,,,,,-122.3999959E-9,359.99998450E-3,,,,,-122.3999959E-9,10.8000002,
,,,-121.9999888E-9,39.99999911E-3,,,,,-121.9999888E-9,359.99998450E-3,,,,,-121.9999888E-9,10.8000002,
,,,-121.5999959E-9,39.99999911E-3,,,,,-121.5999959E-9,399.99997616E-3,,,,,-121.5999959E-9,11.1999998,
,,,-121.1999887E-9,39.99999911E-3,,,,,-121.1999887E-9,399.99997616E-3,,,,,-121.1999887E-9,11.1999998,
,,,-120.7999958E-9,39.99999911E-3,,,,,-120.7999958E-9,399.99997616E-3,,,,,-120.7999958E-9,11.1999998,
,,,-120.3999886E-9,39.99999911E-3,,,,,-120.3999886E-9,359.99998450E-3,,,,,-120.3999886E-9,11.1999998,
,,,-119.9999957E-9,39.99999911E-3,,,,,-119.9999957E-9,359.99998450E-3,,,,,-119.9999957E-9,11.6000004,
,,,-119.5999886E-9,79.999998212E-3,,,,,-119.5999886E-9,359.99998450E-3,,,,,-119.5999886E-9,11.6000004,
,,,-119.1999957E-9,79.999998212E-3,,,,,-119.1999957E-9,319.99999285E-3,,,,,-119.1999957E-9,11.6000004,
,,,-118.7999956E-9,79.999998212E-3,,,,,-118.7999956E-9,359.99998450E-3,,,,,-118.7999956E-9,11.1999998,
,,,-118.3999956E-9,39.99999911E-3,,,,,-118.3999956E-9,359.99998450E-3,,,,,-118.3999956E-9,11.1999998,
,,,-117.9999956E-9,39.99999911E-3,,,,,-117.9999956E-9,359.99998450E-3,,,,,-117.9999956E-9,11.1999998,
,,,-117.5999955E-9,39.99999911E-3,,,,,-117.5999955E-9,399.99997616E-3,,,,,-117.5999955E-9,11.1999998,
,,,-117.1999955E-9,0.0,,,,,-117.1999955E-9,399.99997616E-3,,,,,-117.1999955E-9,11.1999998,
,,,-116.7999955E-9,0.0,,,,,-116.7999955E-9,399.99997616E-3,,,,,-116.7999955E-9,11.6000004,
,,,-116.3999954E-9,0.0,,,,,-116.3999954E-9,399.99997616E-3,,,,,-116.3999954E-9,11.6000004,
,,,-115.9999954E-9,0.0,,,,,-115.9999954E-9,399.99997616E-3,,,,,-115.9999954E-9,12.0000000,
,,,-115.5999954E-9,0.0,,,,,-115.5999954E-9,399.99997616E-3,,,,,-115.5999954E-9,11.6000004,
,,,-115.1999953E-9,0.0,,,,,-115.1999953E-9,359.99998450E-3,,,,,-115.1999953E-9,11.6000004,
,,,-114.7999953E-9,0.0,,,,,-114.7999953E-9,359.99998450E-3,,,,,-114.7999953E-9,11.6000004,
,,,-114.3999953E-9,0.0,,,,,-114.3999953E-9,359.99998450E-3,,,,,-114.3999953E-9,11.6000004,
,,,-113.9999952E-9,0.0,,,,,-113.9999952E-9,359.99998450E-3,,,,,-113.9999952E-9,11.6000004,
,,,-113.5999952E-9,0.0,,,,,-113.5999952E-9,399.99997616E-3,,,,,-113.5999952E-9,11.6000004,
,,,-113.1999952E-9,0.0,,,,,-113.1999952E-9,399.99997616E-3,,,,,-113.1999952E-9,11.6000004,
,,,-112.7999951E-9,0.0,,,,,-112.7999951E-9,399.99997616E-3,,,,,-112.7999951E-9,11.6000004,
,,,-112.3999951E-9,0.0,,,,,-112.3999951E-9,399.99997616E-3,,,,,-112.3999951E-9,12.0000000,
,,,-111.9999951E-9,0.0,,,,,-111.9999951E-9,399.99997616E-3,,,,,-111.9999951E-9,12.0000000,
,,,-111.5999950E-9,39.99999911E-3,,,,,-111.5999950E-9,399.99997616E-3,,,,,-111.5999950E-9,12.0000000,
,,,-111.1999950E-9,39.99999911E-3,,,,,-111.1999950E-9,399.99997616E-3,,,,,-111.1999950E-9,12.0000000,
,,,-110.7999950E-9,39.99999911E-3,,,,,-110.7999950E-9,399.99997616E-3,,,,,-110.7999950E-9,11.6000004,
,,,-110.3999949E-9,39.99999911E-3,,,,,-110.3999949E-9,359.99998450E-3,,,,,-110.3999949E-9,11.6000004,
,,,-109.9999949E-9,39.99999911E-3,,,,,-109.9999949E-9,359.99998450E-3,,,,,-109.9999949E-9,11.6000004,
,,,-109.5999949E-9,39.99999911E-3,,,,,-109.5999949E-9,359.99998450E-3,,,,,-109.5999949E-9,11.6000004,
,,,-109.1999948E-9,0.0,,,,,-109.1999948E-9,359.99998450E-3,,,,,-109.1999948E-9,11.6000004,
,,,-108.7999948E-9,0.0,,,,,-108.7999948E-9,359.99998450E-3,,,,,-108.7999948E-9,12.0000000,
,,,-108.3999948E-9,0.0,,,,,-108.3999948E-9,399.99997616E-3,,,,,-108.3999948E-9,12.0000000,
,,,-107.9999947E-9,0.0,,,,,-107.9999947E-9,399.99997616E-3,,,,,-107.9999947E-9,12.0000000,
,,,-107.5999947E-9,39.99999911E-3,,,,,-107.5999947E-9,399.99997616E-3,,,,,-107.5999947E-9,12.0000000,
,,,-107.1999947E-9,39.99999911E-3,,,,,-107.1999947E-9,399.99997616E-3,,,,,-107.1999947E-9,12.0000000,
,,,-106.7999946E-9,39.99999911E-3,,,,,-106.7999946E-9,399.99997616E-3,,,,,-106.7999946E-9,12.0000000,
,,,-106.3999946E-9,39.99999911E-3,,,,,-106.3999946E-9,399.99997616E-3,,,,,-106.3999946E-9,12.0000000,
,,,-105.9999946E-9,39.99999911E-3,,,,,-105.9999946E-9,399.99997616E-3,,,,,-105.9999946E-9,11.6000004,
,,,-105.5999945E-9,39.99999911E-3,,,,,-105.5999945E-9,399.99997616E-3,,,,,-105.5999945E-9,12.0000000,
,,,-105.1999945E-9,0.0,,,,,-105.1999945E-9,399.99997616E-3,,,,,-105.1999945E-9,12.0000000,
,,,-104.7999945E-9,0.0,,,,,-104.7999945E-9,399.99997616E-3,,,,,-104.7999945E-9,12.0000000,
,,,-104.3999944E-9,0.0,,,,,-104.3999944E-9,399.99997616E-3,,,,,-104.3999944E-9,12.0000000,
,,,-103.9999944E-9,0.0,,,,,-103.9999944E-9,399.99997616E-3,,,,,-103.9999944E-9,12.0000000,
,,,-103.5999944E-9,39.99999911E-3,,,,,-103.5999944E-9,439.999997616E-3,,,,,-103.5999944E-9,12.0000000,
,,,-103.1999943E-9,0.0,,,,,-103.1999943E-9,439.999997616E-3,,,,,-103.1999943E-9,12.0000000,
,,,-102.7999943E-9,0.0,,,,,-102.7999943E-9,439.999997616E-3,,,,,-102.7999943E-9,12.0000000,
,,,-102.3999943E-9,0.0,,,,,-102.3999943E-9,479.999989271E-3,,,,,-102.3999943E-9,12.0000000,
,,,-101.9999942E-9,0.0,,,,,-101.9999942E-9,479.999989271E-3,,,,,-101.9999942E-9,12.0000000,
,,,-101.5999942E-9,39.99999911E-3,,,,,-101.5999942E-9,479.999989271E-3,,,,,-101.5999942E-9,12.0000000,
,,,-101.1999942E-9,39.99999911E-3,,,,,-101.1999942E-9,439.999997616E-3,,,,,-101.1999942E-9,12.0000000,
,,,-100.7999941E-9,39.99999911E-3,,,,,-100.7999941E-9,439.999997616E-3,,,,,-100.7999941E-9,12.0000000,
,,,-100.3999941E-9,39.99999911E-3,,,,,-100.3999941E-9,439.999997616E-3,,,,,-100.3999941E-9,12.0000000,
,,,-99.999994063E-9,39.99999911E-3,,,,,-99.999994063E-9,439.999997616E-3,,,,,-99.999994063E-9,12.0000000,
,,,-99.599994030E-9,39.99999911E-3,,,,,-99.599994030E-9,439.999997616E-3,,,,,-99.599994030E-9,12.0000000,
,,,-99.199993997E-9,39.99999911E-3,,,,,-99.199993997E-9,439.999997616E-3,,,,,-99.199993997E-9,12.0000000,
,,,-98.799993964E-9,39.99999911E-3,,,,,-98.799993964E-9,439.999997616E-3,,,,,-98.799993964E-9,12.0000000,
,,,-98.399993931E-9,39.99999911E-3,,,,,-98.399993931E-9,439.999997616E-3,,,,,-98.399993931E-9,12.0000000,
,,,-97.999993898E-9,39.99999911E-3,,,,,-97.999993898E-9,439.999997616E-3,,,,,-97.999993898E-9,12.4000006,
,,,-97.599993865E-9,39.99999911E-3,,,,,-97.599993865E-9,439.999997616E-3,,,,,-97.599993865E-9,12.0000000,
,,,-97.199993832E-9,39.99999911E-3,,,,,-97.199993832E-9,439.999997616E-3,,,,,-97.199993832E-9,12.0000000,
,,,-96.799993798E-9,39.99999911E-3,,,,,-96.799993798E-9,439.999997616E-3,,,,,-96.799993798E-9,12.0000000,
,,,-96.399993765E-9,39.99999911E-3,,,,,-96.399993765E-9,479.999989271E-3,,,,,-96.399993765E-9,12.0000000,
,,,-95.999993732E-9,39.99999911E-3,,,,,-95.999993732E-9,479.999989271E-3,,,,,-95.999993732E-9,12.0000000,
,,,-95.599993699E-9,39.99999911E-3,,,,,-95.599993699E-9,479.999989271E-3,,,,,-95.599993699E-9,12.0000000,
,,,-95.199993666E-9,39.99999911E-3,,,,,-95.199993666E-9,479.999989271E-3,,,,,-95.199993666E-9,12.0000000,
,,,-94.799993633E-9,39.99999911E-3,,,,,-94.799993633E-9,479.999989271E-3,,,,,-94.799993633E-9,12.4000006,
,,,-94.399993600E-9,39.99999911E-3,,,,,-94.399993600E-9,439.999997616E-3,,,,,-94.399993600E-9,12.4000006,
,,,-93.999993567E-9,39.99999911E-3,,,,,-93.999993567E-9,439.999997616E-3,,,,,-93.999993567E-9,12.4000006,
,,,-93.599993534E-9,39.99999911E-3,,,,,-93.599993534E-9,439.999997616E-3,,,,,-93.599993534E-9,12.4000006,
,,,-93.199993501E-9,39.99999911E-3,,,,,-93.199993501E-9,439.999997616E-3,,,,,-93.199993501E-9,12.4000006,
,,,-92.799993467E-9,39.99999911E-3,,,,,-92.799993467E-9,439.999997616E-3,,,,,-92.799993467E-9,12.8000002,
,,,-92.399993434E-9,39.99999911E-3,,,,,-92.399993434E-9,439.999997616E-3,,,,,-92.399993434E-9,12.8000002,
,,,-91.999993401E-9,39.99999911E-3,,,,,-91.999993401E-9,439.999997616E-3,,,,,-91.999993401E-9,12.8000002,
,,,-91.599993368E-9,39.99999911E-3,,,,,-91.599993368E-9,439.999997616E-3,,,,,-91.599993368E-9,12.8000002,
,,,-91.199993335E-9,39.99999911E-3,,,,,-91.199993335E-9,439.999997616E-3,,,,,-91.199993335E-9,12.8000002,
,,,-90.799993302E-9,39.99999911E-3,,,,,-90.799993302E-9,439.999997616E-3,,,,,-90.799993302E-9,12.8000002,
,,,-90.399993269E-9,39.99999911E-3,,,,,-90.399993269E-9,439.999997616E-3,,,,,-90.399993269E-9,12.8000002,
,,,-89.999993236E-9,39.99999911E-3,,,,,-89.999993236E-9,439.999997616E-3,,,,,-89.999993236E-9,12.8000002,
,,,-89.599993203E-9,39.99999911E-3,,,,,-89.599993203E-9,439.999997616E-3,,,,,-89.599993203E-9,12.4000006,
,,,-89.199993170E-9,39.99999911E-3,,,,,-89.199993170E-9,439.999997616E-3,,,,,-89.199993170E-9,12.4000006,
,,,-88.799993136E-9,39.99999911E-3,,,,,-88.799993136E-9,439.999997616E-3,,,,,-88.799993136E-9,12.4000006,
,,,-88.399993103E-9,39.99999911E-3,,,,,-88.399993103E-9,399.99997616E-3,,,,,-88.399993103E-9,12.4000006,
,,,-87.999993070E-9,39.99999911E-3,,,,,-87.999993070E-9,399.99997616E-3,,,,,-87.999993070E-9,12.4000006,
,,,-87.599993037E-9,79.999998212E-3,,,,,-87.599993037E-9,399.99997616E-3,,,,,-87.599993037E-9,12.4000006,
,,,-87.199993004E-9,79.999998212E-3,,,,,-87.199993004E-9,399.99997616E-3,,,,,-87.199993004E-9,12.4000006,
,,,-86.799992971E-9,79.999998212E-3,,,,,-86.799992971E-9,399.99997616E-3,,,,,-86.799992971E-9,12.8000002,
,,,-86.399992938E-9,39.99999911E-3,,,,,-86.399992938E-9,399.99997616E-3,,,,,-86.399992938E-9,12.8000002,
,,,-85.999992905E-9,39.99999911E-3,,,,,-85.999992905E-9,399.99997616E-3,,,,,-85.999992905E-9,12.8000002,
,,,-85.599992872E-9,39.99999911E-3,,,,,-85.599992872E-9,399.99997616E-3,,,,,-85.599992872E-9,12.8000002,
,,,-85.199992839E-9,0.0,,,,,-85.199992839E-9,399.99997616E-3,,,,,-85.199992839E-9,12.8000002,
,,,-84.799992806E-9,39.99999911E-3,,,,,-84.799992806E-9,399.99997616E-3,,,,,-84.799992806E-9,13.1999998,
,,,-84.399992772E-9,39.99999911E-3,,,,,-84.399992772E-9,399.99997616E-3,,,,,-84.399992772E-9,13.1999998,
,,,-83.999992739E-9,39.99999911E-3,,,,,-83.999992739E-9,399.99997616E-3,,,,,-83.999992739E-9,12.8000002,
,,,-83.599992706E-9,79.999998212E-3,,,,,-83.599992706E-9,399.99997616E-3,,,,,-83.599992706E-9,12.8000002,
,,,-83.199992673E-9,79.999998212E-3,,,,,-83.199992673E-9,399.99997616E-3,,,,,-83.199992673E-9,12.8000002,
,,,-82.799992640E-9,79.999998212E-3,,,,,-82.799992640E-9,399.99997616E-3,,,,,-82.799992640E-9,13.1999998,
,,,-82.399992607E-9,39.99999911E-3,,,,,-82.399992607E-9,439.999997616E-3,,,,,-82.399992607E-9,13.1999998,
,,,-81.999992574E-9,39.99999911E-3,,,,,-81.999992574E-9,439.999997616E-3,,,,,-81.999992574E-9,13.1999998,
,,,-81.599992541E-9,39.99999911E-3,,,,,-81.599992541E-9,439.999997616E-3,,,,,-81.599992541E-9,13.1999998,
,,,-81.199992508E-9,0.0,,,,,-81.199992508E-9,399.99997616E-3,,,,,-81.199992508E-9,13.1999998,
,,,-80.799992475E-9,39.99999911E-3,,,,,-80.799992475E-9,359.99998450E-3,,,,,-80.799992475E-9,12.8000002,
,,,-80.399992441E-9,39.99999911E-3,,,,,-80.399992441E-9,319.99999285E-3,,,,,-80.399992441E-9,12.8000002,
,,,-79.999992408E-9,39.99999911E-3,,,,,-79.999992408E-9,319.99999285E-3,,,,,-79.999992408E-9,12.8000002,
,,,-79.599992375E-9,79.999998212E-3,,,,,-79.599992375E-9,359.99998450E-3,,,,,-79.599992375E-9,12.8000002,
,,,-79.199992342E-9,79.999998212E-3,,,,,-79.199992342E-9,359.99998450E-3,,,,,-79.199992342E-9,12.8000002,
,,,-78.799992309E-9,79.999998212E-3,,,,,-78.799992309E-9,359.99998450E-3,,,,,-78.799992309E-9,13.1999998,
,,,-78.399992276E-9,39.99999911E-3,,,,,-78.399992276E-9,359.99998450E-3,,,,,-78.399992276E-9,13.1999998,
,,,-77.999992243E-9,0.0,,,,,-77.999992243E-9,359.99998450E-3,,,,,-77.999992243E-9,13.1999998,
,,,-77.599992210E-9,0.0,,,,,-77.599992210E-9,359.99998450E-3,,,,,-77.599992210E-9,13.1999998,
,,,-77.199992177E-9,0.0,,,,,-77.199992177E-9,359.99998450E-3,,,,,-77.199992177E-9,13.1999998,
,,,-76.799992144E-9,0.0,,,,,-76.799992144E-9,359.99998450E-3,,,,,-76.799992144E-9,12.8000002,
,,,-76.399992111E-9,39.99999911E-3,,,,,-76.399992111E-9,359.99998450E-3,,,,,-76.399992111E-9,12.8000002,
,,,-75.999992077E-9,39.99999911E-3,,,,,-75.999992077E-9,359.99998450E-3,,,,,-75.999992077E-9,12.8000002,
,,,-75.599992044E-9,39.99999911E-3,,,,,-75.599992044E-9,359.99998450E-3,,,,,-75.599992044E-9,12.8000002,
,,,-75.199992011E-9,39.99999911E-3,,,,,-75.199992011E-9,319.99999285E-3,,,,,-75.199992011E-9,13.1999998,
,,,-74.799991978E-9,39.99999911E-3,,,,,-74.799991978E-9,319.99999285E-3,,,,,-74.799991978E-9,13.1999998,
,,,-74.399991945E-9,39.99999911E-3,,,,,-74.399991945E-9,319.99999285E-3,,,,,-74.399991945E-9,13.1999998,
,,,-73.999991912E-9,39.99999911E-3,,,,,-73.999991912E-9,280.00000119E-3,,,,,-73.999991912E-9,13.1999998,
,,,-73.599991879E-9,79.999998212E-3,,,,,-73.599991879E-9,319.99999285E-3,,,,,-73.599991879E-9,13.1999998,
,,,-73.199991846E-9,79.999998212E-3,,,,,-73.199991846E-9,319.99999285E-3,,,,,-73.199991846E-9,13.1999998,
,,,-72.799991813E-9,79.999998212E-3,,,,,-72.799991813E-9,319.99999285E-3,,,,,-72.799991813E-9,13.1999998,
,,,-72.399991780E-9,79.999998212E-3,,,,,-72.399991780E-9,319.99999285E-3,,,,,-72.399991780E-9,13.1999998,
,,,-71.999991746E-9,79.999998212E-3,,,,,-71.999991746E-9,319.99999285E-3,,,,,-71.999991746E-9,13.1999998,
,,,-71.599991713E-9,79.999998212E-3,,,,,-71.599991713E-9,319.99999285E-3,,,,,-71.599991713E-9,13.1999998,
,,,-71.199991680E-9,79.999998212E-3,,,,,-71.199991680E-9,319.99999285E-3,,,,,-71.199991680E-9,13.1999998,
,,,-70.799991647E-9,79.999998212E-3,,,,,-70.799991647E-9,319.99999285E-3,,,,,-70.799991647E-9,13.1999998,
,,,-70.399991614E-9,79.999998212E-3,,,,,-70.399991614E-9,319.99999285E-3,,,,,-70.399991614E-9,13.1999998,
,,,-69.999991581E-9,79.999998212E-3,,,,,-69.999991581E-9,319.99999285E-3,,,,,-69.999991581E-9,13.1999998,
,,,-69.599991548E-9,79.999998212E-3,,,,,-69.599991548E-9,319.99999285E-3,,,,,-69.599991548E-9,13.1999998,
,,,-69.199991515E-9,79.999998212E-3,,,,,-69.199991515E-9,319.99999285E-3,,,,,-69.199991515E-9,13.1999998,
,,,-68.799991482E-9,79.999998212E-3,,,,,-68.799991482E-9,319.99999285E-3,,,,,-68.799991482E-9,13.1999998,
,,,-68.399991449E-9,79.999998212E-3,,,,,-68.399991449E-9,359.99998450E-3,,,,,-68.399991449E-9,13.1999998,
,,,-67.999991415E-9,79.999998212E-3,,,,,-67.999991415E-9,359.99998450E-3,,,,,-67.999991415E-9,13.1999998,
,,,-67.599991382E-9,119.9999973E-3,,,,,-67.599991382E-9,359.99998450E-3,,,,,-67.599991382E-9,13.1999998,
,,,-67.199991349E-9,79.999998212E-3,,,,,-67.199991349E-9,359.99998450E-3,,,,,-67.199991349E-9,13.1999998,
,,,-66.799991316E-9,79.999998212E-3,,,,,-66.799991316E-9,359.99998450E-3,,,,,-66.799991316E-9,13.1999998,
,,,-66.399991283E-9,79.999998212E-3,,,,,-66.399991283E-9,319.99999285E-3,,,,,-66.399991283E-9,13.1999998,
,,,-65.999991250E-9,79.999998212E-3,,,,,-65.999991250E-9,319.99999285E-3,,,,,-65.999991250E-9,13.1999998,
,,,-65.599991217E-9,119.9999973E-3,,,,,-65.599991217E-9,319.99999285E-3,,,,,-65.599991217E-9,13.1999998,
,,,-65.199991184E-9,119.9999973E-3,,,,,-65.199991184E-9,280.00000119E-3,,,,,-65.199991184E-9,13.1999998,
,,,-64.799991151E-9,119.9999973E-3,,,,,-64.799991151E-9,280.00000119E-3,,,,,-64.799991151E-9,13.1999998,
,,,-64.399991118E-9,79.999998212E-3,,,,,-64.399991118E-9,280.00000119E-3,,,,,-64.399991118E-9,13.1999998,
,,,-63.999991085E-9,79.999998212E-3,,,,,-63.999991085E-9,239.99999464E-3,,,,,-63.999991085E-9,13.1999998,
,,,-63.599991051E-9,79.999998212E-3,,,,,-63.599991051E-9,280.00000119E-3,,,,,-63.599991051E-9,13.1999998,
,,,-63.199991018E-9,79.999998212E-3,,,,,-63.199991018E-9,280.00000119E-3,,,,,-63.199991018E-9,13.1999998,
,,,-62.799990985E-9,79.999998212E-3,,,,,-62.799990985E-9,280.00000119E-3,,,,,-62.799990985E-9,13.1999998,
,,,-62.399990952E-9,39.99999911E-3,,,,,-62.399990952E-9,280.00000119E-3,,,,,-62.399990952E-9,13.1999998,
,,,-61.999990919E-9,39.99999911E-3,,,,,-61.999990919E-9,280.00000119E-3,,,,,-61.999990919E-9,13.1999998,
,,,-61.599990886E-9,39.99999911E-3,,,,,-61.599990886E-9,280.00000119E-3,,,,,-61.599990886E-9,13.1999998,
,,,-61.199990853E-9,0.0,,,,,-61.199990853E-9,280.00000119E-3,,,,,-61.199990853E-9,13.1999998,
,,,-60.799990820E-9,39.99999911E-3,,,,,-60.799990820E-9,280.00000119E-3,,,,,-60.799990820E-9,13.6000004,
,,,-60.399990787E-9,39.99999911E-3,,,,,-60.399990787E-9,319.99999285E-3,,,,,-60.399990787E-9,13.6000004,
,,,-59.999990754E-9,39.99999911E-3,,,,,-59.999990754E-9,319.99999285E-3,,,,,-59.999990754E-9,13.6000004,
,,,-59.599990720E-9,79.999998212E-3,,,,,-59.599990720E-9,319.99999285E-3,,,,,-59.599990720E-9,13.6000004,
,,,-59.199990687E-9,79.999998212E-3,,,,,-59.199990687E-9,280.00000119E-3,,,,,-59.199990687E-9,13.6000004,
,,,-58.799990654E-9,79.999998212E-3,,,,,-58.799990654E-9,239.99999464E-3,,,,,-58.799990654E-9,13.1999998,
,,,-58.399990621E-9,79.999998212E-3,,,,,-58.399990621E-9,239.99999464E-3,,,,,-58.399990621E-9,13.1999998,
,,,-57.999990588E-9,79.999998212E-3,,,,,-57.999990588E-9,239.99999464E-3,,,,,-57.999990588E-9,13.1999998,
,,,-57.599990555E-9,79.999998212E-3,,,,,-57.599990555E-9,280.00000119E-3,,,,,-57.599990555E-9,13.1999998,
,,,-57.199990522E-9,79.999998212E-3,,,,,-57.199990522E-9,280.00000119E-3,,,,,-57.199990522E-9,13.1999998,
,,,-56.799990489E-9,79.999998212E-3,,,,,-56.799990489E-9,280.00000119E-3,,,,,-56.799990489E-9,13.1999998,
,,,-56.399990456E-9,79.999998212E-3,,,,,-56.399990456E-9,280.00000119E-3,,,,,-56.399990456E-9,13.1999998,
,,,-55.999990423E-9,79.999998212E-3,,,,,-55.999990423E-9,280.00000119E-3,,,,,-55.999990423E-9,13.1999998,
,,,-55.599990390E-9,79.999998212E-3,,,,,-55.599990390E-9,319.99999285E-3,,,,,-55.599990390E-9,13.1999998,
,,,-55.199990356E-9,79.999998212E-3,,,,,-55.199990356E-9,280.00000119E-3,,,,,-55.199990356E-9,13.1999998,
,,,-54.799990323E-9,79.999998212E-3,,,,,-54.799990323E-9,280.00000119E-3,,,,,-54.799990323E-9,13.1999998,
,,,-54.39999029E-9,79.999998212E-3,,,,,-54.39999029E-9,280.00000119E-3,,,,,-54.39999029E-9,13.1999998,
,,,-53.99999026E-9,79.999998212E-3,,,,,-53.99999026E-9,280.00000119E-3,,,,,-53.99999026E-9,13.1999998,
,,,-53.59999022E-9,79.999998212E-3,,,,,-53.59999022E-9,319.99999285E-3,,,,,-53.59999022E-9,13.1999998,
,,,-53.19999019E-9,79.999998212E-3,,,,,-53.19999019E-9,280.00000119E-3,,,,,-53.19999019E-9,13.1999998,
,,,-52.79999016E-9,79.999998212E-3,,,,,-52.79999016E-9,239.99999464E-3,,,,,-52.79999016E-9,13.1999998,
,,,-52.39999012E-9,119.9999973E-3,,,,,-52.39999012E-9,239.99999464E-3,,,,,-52.39999012E-9,13.1999998,
,,,-51.99999009E-9,79.999998212E-3,,,,,-51.99999009E-9,239.99999464E-3,,,,,-51.99999009E-9,13.1999998,
,,,-51.59999006E-9,79.999998212E-3,,,,,-51.59999006E-9,280.00000119E-3,,,,,-51.59999006E-9,13.1999998,
,,,-51.19999003E-9,39.99999911E-3,,,,,-51.19999003E-9,280.00000119E-3,,,,,-51.19999003E-9,13.1999998,
,,,-50.79998999E-9,39.99999911E-3,,,,,-50.79998999E-9,319.99999285E-3,,,,,-50.79998999E-9,12.8000002,
,,,-50.39998996E-9,39.99999911E-3,,,,,-50.39998996E-9,280.00000119E-3,,,,,-50.39998996E-9,12.8000002,
,,,-49.99998993E-9,79.999998212E-3,,,,,-49.99998993E-9,239.99999464E-3,,,,,-49.99998993E-9,12.8000002,
,,,-49.59998989E-9,119.9999973E-3,,,,,-49.59998989E-9,199.99998808E-3,,,,,-49.59998989E-9,13.1999998,
,,,-49.19999341E-9,79.999998212E-3,,,,,-49.19999341E-9,199.99998808E-3,,,,,-49.19999341E-9,13.1999998,
,,,-48.79999338E-9,79.999998212E-3,,,,,-48.79999338E-9,239.99999464E-3,,,,,-48.79999338E-9,13.1999998,
,,,-48.39999335E-9,39.99999911E-3,,,,,-48.39999335E-9,280.00000119E-3,,,,,-48.39999335E-9,13.1999998,
,,,-47.99999331E-9,39.99999911E-3,,,,,-47.99999331E-9,319.99999285E-3,,,,,-47.99999331E-9,13.1999998,
,,,-47.59999328E-9,39.99999911E-3,,,,,-47.59999328E-9,359.99998450E-3,,,,,-47.59999328E-9,12.8000002,
,,,-47.19999325E-9,39.99999911E-3,,,,,-47.19999325E-9,280.00000119E-3,,,,,-47.19999325E-9,12.8000002,
,,,-46.79999321E-9,79.999998212E-3,,,,,-46.79999321E-9,239.99999464E-3,,,,,-46.79999321E-9,13.1999998,
,,,-46.39999318E-9,79.999998212E-3,,,,,-46.39999318E-9,239.99999464E-3,,,,,-46.39999318E-9,13.6000004,
,,,-45.99999315E-9,39.99999911E-3,,,,,-45.99999315E-9,280.00000119E-3,,,,,-45.99999315E-9,14.0000000,
,,,-45.59999311E-9,39.99999911E-3,,,,,-45.59999311E-9,359.99998450E-3,,,,,-45.59999311E-9,14.0000000,
,,,-45.19999308E-9,39.99999911E-3,,,,,-45.19999308E-9,319.99999285E-3,,,,,-45.19999308E-9,14.0000000,
,,,-44.79999305E-9,39.99999911E-3,,,,,-44.79999305E-9,319.99999285E-3,,,,,-44.79999305E-9,13.6000004,
,,,-44.39999302E-9,79.999998212E-3,,,,,-44.39999302E-9,280.00000119E-3,,,,,-44.39999302E-9,13.1999998,
,,,-43.99999298E-9,79.999998212E-3,,,,,-43.99999298E-9,280.00000119E-3,,,,,-43.99999298E-9,12.8000002,
,,,-43.59999295E-9,79.999998212E-3,,,,,-43.59999295E-9,280.00000119E-3,,,,,-43.59999295E-9,12.8000002,
,,,-43.19999292E-9,39.99999911E-3,,,,,-43.19999292E-9,319.99999285E-3,,,,,-43.19999292E-9,12.8000002,
,,,-42.79999288E-9,39.99999911E-3,,,,,-42.79999288E-9,359.99998450E-3,,,,,-42.79999288E-9,13.1999998,
,,,-42.39999285E-9,79.999998212E-3,,,,,-42.39999285E-9,399.99997616E-3,,,,,-42.39999285E-9,13.6000004,
,,,-41.99999282E-9,119.9999973E-3,,,,,-41.99999282E-9,359.99998450E-3,,,,,-41.99999282E-9,13.6000004,
,,,-41.59999278E-9,199.99998808E-3,,,,,-41.59999278E-9,359.99998450E-3,,,,,-41.59999278E-9,13.1999998,
,,,-41.19999275E-9,119.9999973E-3,,,,,-41.19999275E-9,359.99998450E-3,,,,,-41.19999275E-9,12.4000006,
,,,-40.79999272E-9,39.99999911E-3,,,,,-40.79999272E-9,399.99997616E-3,,,,,-40.79999272E-9,12.0000000,
,,,-40.39999268E-9,-39.99999911E-3,,,,,-40.39999268E-9,399.99997616E-3,,,,,-40.39999268E-9,12.0000000,
,,,-39.99999265E-9,-79.999998212E-3,,,,,-39.99999265E-9,399.99997616E-3,,,,,-39.99999265E-9,12.4000006,
,,,-39.59999262E-9,-39.99999911E-3,,,,,-39.59999262E-9,359.99998450E-3,,,,,-39.59999262E-9,13.1999998,
,,,-39.19999259E-9,0.0,,,,,-39.19999259E-9,280.00000119E-3,,,,,-39.19999259E-9,14.0000000,
,,,-38.79999255E-9,79.999998212E-3,,,,,-38.79999255E-9,239.99999464E-3,,,,,-38.79999255E-9,14.4000006,
,,,-38.39999252E-9,79.999998212E-3,,,,,-38.39999252E-9,280.00000119E-3,,,,,-38.39999252E-9,14.0000000,
,,,-37.99999249E-9,39.99999911E-3,,,,,-37.99999249E-9,359.99998450E-3,,,,,-37.99999249E-9,13.6000004,
,,,-37.59999245E-9,0.0,,,,,-37.59999245E-9,479.999989271E-3,,,,,-37.59999245E-9,13.1999998,
,,,-37.19999242E-9,0.0,,,,,-37.19999242E-9,479.999989271E-3,,,,,-37.19999242E-9,12.8000002,
,,,-36.79999239E-9,0.0,,,,,-36.79999239E-9,439.999997616E-3,,,,,-36.79999239E-9,12.8000002,
,,,-36.39999235E-9,39.99999911E-3,,,,,-36.39999235E-9,359.99998450E-3,,,,,-36.39999235E-9,13.6000004,
,,,-35.99999232E-9,79.999998212E-3,,,,,-35.99999232E-9,280.00000119E-3,,,,,-35.99999232E-9,14.4000006,
,,,-35.59999229E-9,119.9999973E-3,,,,,-35.59999229E-9,239.99999464E-3,,,,,-35.59999229E-9,14.8000002,
,,,-35.19999225E-9,79.999998212E-3,,,,,-35.19999225E-9,280.00000119E-3,,,,,-35.19999225E-9,14.8000002,
,,,-34.79999222E-9,79.999998212E-3,,,,,-34.79999222E-9,399.99997616E-3,,,,,-34.79999222E-9,14.0000000,
,,,-34.39999219E-9,79.999998212E-3,,,,,-34.39999219E-9,519.999980927E-3,,,,,-34.39999219E-9,13.1999998,
,,,-33.99999216E-9,119.9999973E-3,,,,,-33.99999216E-9,560.000002384E-3,,,,,-33.99999216E-9,12.4000006,
,,,-33.59999212E-9,159.99999642E-3,,,,,-33.59999212E-9,599.999964237E-3,,,,,-33.59999212E-9,12.4000006,
,,,-33.19999209E-9,159.99999642E-3,,,,,-33.19999209E-9,519.999980927E-3,,,,,-33.19999209E-9,12.4000006,
,,,-32.79999206E-9,159.99999642E-3,,,,,-32.79999206E-9,439.999997616E-3,,,,,-32.79999206E-9,12.8000002,
,,,-32.39999202E-9,159.99999642E-3,,,,,-32.39999202E-9,399.99997616E-3,,,,,-32.39999202E-9,13.6000004,
,,,-31.99999199E-9,239.99999464E-3,,,,,-31.99999199E-9,439.999997616E-3,,,,,-31.99999199E-9,14.0000000,
,,,-31.59999196E-9,280.00000119E-3,,,,,-31.59999196E-9,479.999989271E-3,,,,,-31.59999196E-9,13.6000004,
,,,-31.19999192E-9,199.99998808E-3,,,,,-31.19999192E-9,599.999964237E-3,,,,,-31.19999192E-9,12.8000002,
,,,-30.79999189E-9,79.999998212E-3,,,,,-30.79999189E-9,680.000007153E-3,,,,,-30.79999189E-9,12.0000000,
,,,-30.39999186E-9,-39.99999911E-3,,,,,-30.39999186E-9,680.000007153E-3,,,,,-30.39999186E-9,11.6000004,
,,,-29.99999182E-9,-119.9999973E-3,,,,,-29.99999182E-9,560.000002384E-3,,,,,-29.99999182E-9,11.1999998,
,,,-29.59999179E-9,-119.9999973E-3,,,,,-29.59999179E-9,439.999997616E-3,,,,,-29.59999179E-9,12.0000000,
,,,-29.19999176E-9,0.0,,,,,-29.19999176E-9,280.00000119E-3,,,,,-29.19999176E-9,12.8000002,
,,,-28.79999172E-9,119.9999973E-3,,,,,-28.79999172E-9,199.99998808E-3,,,,,-28.79999172E-9,14.0000000,
,,,-28.39999169E-9,159.99999642E-3,,,,,-28.39999169E-9,280.00000119E-3,,,,,-28.39999169E-9,14.0000000,
,,,-27.99999166E-9,79.999998212E-3,,,,,-27.99999166E-9,519.999980927E-3,,,,,-27.99999166E-9,14.0000000,
,,,-27.59999163E-9,0.0,,,,,-27.59999163E-9,719.999969006E-3,,,,,-27.59999163E-9,13.1999998,
,,,-27.19999159E-9,-79.999998212E-3,,,,,-27.19999159E-9,719.999969006E-3,,,,,-27.19999159E-9,12.4000006,
,,,-26.79999156E-9,-119.9999973E-3,,,,,-26.79999156E-9,639.999985695E-3,,,,,-26.79999156E-9,12.0000000,
,,,-26.39999153E-9,-79.999998212E-3,,,,,-26.39999153E-9,479.999989271E-3,,,,,-26.39999153E-9,12.4000006,
,,,-25.99999149E-9,39.99999911E-3,,,,,-25.99999149E-9,280.00000119E-3,,,,,-25.99999149E-9,13.1999998,
,,,-25.59999146E-9,159.99999642E-3,,,,,-25.59999146E-9,159.99999642E-3,,,,,-25.59999146E-9,14.0000000,
,,,-25.19999143E-9,119.9999973E-3,,,,,-25.19999143E-9,319.99999285E-3,,,,,-25.19999143E-9,15.1999998,
,,,-24.79999139E-9,39.99999911E-3,,,,,-24.79999139E-9,560.000002384E-3,,,,,-24.79999139E-9,15.1999998,
,,,-24.39999136E-9,0.0,,,,,-24.39999136E-9,680.000007153E-3,,,,,-24.39999136E-9,14.4000006,
,,,-23.99999133E-9,0.0,,,,,-23.99999133E-9,680.000007153E-3,,,,,-23.99999133E-9,13.6000004,
,,,-23.59999129E-9,39.99999911E-3,,,,,-23.59999129E-9,639.999985695E-3,,,,,-23.59999129E-9,12.8000002,
,,,-23.19999126E-9,119.9999973E-3,,,,,-23.19999126E-9,439.999997616E-3,,,,,-23.19999126E-9,12.4000006,
,,,-22.79999123E-9,239.99999464E-3,,,,,-22.79999123E-9,319.99999285E-3,,,,,-22.79999123E-9,12.4000006,
,,,-22.39999120E-9,319.99999285E-3,,,,,-22.39999120E-9,399.99997616E-3,,,,,-22.39999120E-9,12.8000002,
,,,-21.99999116E-9,319.99999285E-3,,,,,-21.99999116E-9,639.999985695E-3,,,,,-21.99999116E-9,13.6000004,
,,,-21.59999113E-9,319.99999285E-3,,,,,-21.59999113E-9,879.999995232E-3,,,,,-21.59999113E-9,13.6000004,
,,,-21.19999110E-9,199.99998808E-3,,,,,-21.19999110E-9,959.999978542E-3,,,,,-21.19999110E-9,13.6000004,
,,,-20.79999106E-9,119.9999973E-3,,,,,-20.79999106E-9,1.000000,,,,,-20.79999106E-9,12.8000002,
,,,-20.39999103E-9,39.99999911E-3,,,,,-20.39999103E-9,919.999957085E-3,,,,,-20.39999103E-9,11.6000004,
,,,-19.9999910E-9,39.99999911E-3,,,,,-19.9999910E-9,719.999969006E-3,,,,,-19.9999910E-9,11.1999998,
,,,-19.5999910E-9,39.99999911E-3,,,,,-19.5999910E-9,560.000002384E-3,,,,,-19.5999910E-9,11.6000004,
,,,-19.1999909E-9,79.999998212E-3,,,,,-19.1999909E-9,599.999964237E-3,,,,,-19.1999909E-9,12.4000006,
,,,-18.7999909E-9,79.999998212E-3,,,,,-18.7999909E-9,680.000007153E-3,,,,,-18.7999909E-9,13.6000004,
,,,-18.3999909E-9,0.0,,,,,-18.3999909E-9,719.999969006E-3,,,,,-18.3999909E-9,14.4000006,
,,,-17.9999908E-9,-159.99999642E-3,,,,,-17.9999908E-9,639.999985695E-3,,,,,-17.9999908E-9,14.8000002,
,,,-17.5999908E-9,-280.00000119E-3,,,,,-17.5999908E-9,560.000002384E-3,,,,,-17.5999908E-9,14.0000000,
,,,-17.1999908E-9,-359.99998450E-3,,,,,-17.1999908E-9,319.99999285E-3,,,,,-17.1999908E-9,12.8000002,
,,,-16.7999907E-9,-359.99998450E-3,,,,,-16.7999907E-9,119.9999973E-3,,,,,-16.7999907E-9,12.4000006,
,,,-16.3999907E-9,-280.00000119E-3,,,,,-16.3999907E-9,79.999998212E-3,,,,,-16.3999907E-9,12.4000006,
,,,-15.9999907E-9,-159.99999642E-3,,,,,-15.9999907E-9,199.99998808E-3,,,,,-15.9999907E-9,13.1999998,
,,,-15.5999906E-9,-39.99999911E-3,,,,,-15.5999906E-9,359.99998450E-3,,,,,-15.5999906E-9,14.4000006,
,,,-15.1999906E-9,-79.999998212E-3,,,,,-15.1999906E-9,399.99997616E-3,,,,,-15.1999906E-9,15.6000004,
,,,-14.7999915E-9,-119.9999973E-3,,,,,-14.7999915E-9,439.999997616E-3,,,,,-14.7999915E-9,15.6000004,
,,,-14.3999914E-9,-119.9999973E-3,,,,,-14.3999914E-9,439.999997616E-3,,,,,-14.3999914E-9,15.1999998,
,,,-13.9999914E-9,-119.9999973E-3,,,,,-13.9999914E-9,359.99998450E-3,,,,,-13.9999914E-9,14.0000000,
,,,-13.5999914E-9,-39.99999911E-3,,,,,-13.5999914E-9,359.99998450E-3,,,,,-13.5999914E-9,12.8000002,
,,,-13.1999913E-9,119.9999973E-3,,,,,-13.1999913E-9,479.999989271E-3,,,,,-13.1999913E-9,12.0000000,
,,,-12.7999913E-9,280.00000119E-3,,,,,-12.7999913E-9,680.000007153E-3,,,,,-12.7999913E-9,12.0000000,
,,,-12.3999913E-9,399.99997616E-3,,,,,-12.3999913E-9,839.999973774E-3,,,,,-12.3999913E-9,13.1999998,
,,,-11.9999912E-9,439.999997616E-3,,,,,-11.9999912E-9,959.999978542E-3,,,,,-11.9999912E-9,14.4000006,
,,,-11.5999912E-9,439.999997616E-3,,,,,-11.5999912E-9,1.0400000,,,,,-11.5999912E-9,14.8000002,
,,,-11.1999912E-9,359.99998450E-3,,,,,-11.1999912E-9,1.0400000,,,,,-11.1999912E-9,14.0000000,
,,,-10.7999911E-9,280.00000119E-3,,,,,-10.7999911E-9,1.0799999,,,,,-10.7999911E-9,12.8000002,
,,,-10.3999911E-9,280.00000119E-3,,,,,-10.3999911E-9,1.0799999,,,,,-10.3999911E-9,11.6000004,
,,,-9.999991057E-9,319.99999285E-3,,,,,-9.999991057E-9,1.1200000,,,,,-9.999991057E-9,10.4000006,
,,,-9.599991024E-9,359.99998450E-3,,,,,-9.599991024E-9,1.1200000,,,,,-9.599991024E-9,10.8000002,
,,,-9.199990991E-9,319.99999285E-3,,,,,-9.199990991E-9,1.0400000,,,,,-9.199990991E-9,11.6000004,
,,,-8.799990958E-9,199.99998808E-3,,,,,-8.799990958E-9,919.999957085E-3,,,,,-8.799990958E-9,12.0000000,
,,,-8.399990925E-9,39.99999911E-3,,,,,-8.399990925E-9,759.999990463E-3,,,,,-8.399990925E-9,12.8000002,
,,,-7.999990892E-9,-159.99999642E-3,,,,,-7.999990892E-9,519.999980927E-3,,,,,-7.999990892E-9,12.8000002,
,,,-7.599990859E-9,-319.99999285E-3,,,,,-7.599990859E-9,359.99998450E-3,,,,,-7.599990859E-9,12.0000000,
,,,-7.19999127E-9,-399.99997616E-3,,,,,-7.19999127E-9,319.99999285E-3,,,,,-7.19999127E-9,11.6000004,
,,,-6.79999124E-9,-399.99997616E-3,,,,,-6.79999124E-9,319.99999285E-3,,,,,-6.79999124E-9,11.6000004,
,,,-6.39999120E-9,-399.99997616E-3,,,,,-6.39999120E-9,399.99997616E-3,,,,,-6.39999120E-9,12.4000006,
,,,-5.99999117E-9,-399.99997616E-3,,,,,-5.99999117E-9,439.999997616E-3,,,,,-5.99999117E-9,13.1999998,
,,,-5.59999114E-9,-399.99997616E-3,,,,,-5.59999114E-9,439.999997616E-3,,,,,-5.59999114E-9,13.6000004,
,,,-5.19999110E-9,-479.999989271E-3,,,,,-5.19999110E-9,119.9999973E-3,,,,,-5.19999110E-9,14.4000006,
,,,-4.79999107E-9,-479.999989271E-3,,,,,-4.79999107E-9,-159.99999642E-3,,,,,-4.79999107E-9,14.0000000,
,,,-4.39999104E-9,-439.999997616E-3,,,,,-4.39999104E-9,-319.99999285E-3,,,,,-4.39999104E-9,14.0000000,
,,,-3.99999101E-9,-280.00000119E-3,,,,,-3.99999101E-9,-280.00000119E-3,,,,,-3.99999101E-9,13.1999998,
,,,-3.59999097E-9,-119.9999973E-3,,,,,-3.59999097E-9,-79.999998212E-3,,,,,-3.59999097E-9,13.1999998,
,,,-3.19999094E-9,-39.99999911E-3,,,,,-3.19999094E-9,359.99998450E-3,,,,,-3.19999094E-9,13.1999998,
,,,-2.79999113E-9,39.99999911E-3,,,,,-2.79999113E-9,799.999952316E-3,,,,,-2.79999113E-9,13.1999998,
,,,-2.3999911E-9,159.99999642E-3,,,,,-2.3999911E-9,1.0400000,,,,,-2.3999911E-9,13.6000004,
,,,-1.9999911E-9,280.00000119E-3,,,,,-1.9999911E-9,1.0400000,,,,,-1.9999911E-9,13.6000004,
,,,-1.5999910E-9,439.999997616E-3,,,,,-1.5999910E-9,1.000000,,,,,-1.5999910E-9,13.6000004,
,,,-1.1999910E-9,560.000002384E-3,,,,,-1.1999910E-9,1.000000,,,,,-1.1999910E-9,13.1999998,
,,,-799.991014598E-12,680.000007153E-3,,,,,-799.991014598E-12,1.0799999,,,,,-799.991014598E-12,12.8000002,
,,,-399.99101090E-12,719.999969006E-3,,,,,-399.99101090E-12,1.2800000,,,,,-399.99101090E-12,12.4000006,
,,,8.992806382E-15,719.999969006E-3,,,,,8.992806382E-15,1.5200000,,,,,8.992806382E-15,12.0000000,
,,,400.00899651E-12,680.000007153E-3,,,,,400.00899651E-12,1.6400000,,,,,400.00899651E-12,12.0000000,
,,,800.009000211E-12,639.999985695E-3,,,,,800.009000211E-12,1.4000000,,,,,800.009000211E-12,12.4000006,
,,,1.2000090E-9,599.999964237E-3,,,,,1.2000090E-9,1.0799999,,,,,1.2000090E-9,12.4000006,
,,,1.6000090E-9,479.999989271E-3,,,,,1.6000090E-9,879.999995232E-3,,,,,1.6000090E-9,12.8000002,
,,,2.0000090E-9,359.99998450E-3,,,,,2.0000090E-9,839.999973774E-3,,,,,2.0000090E-9,13.1999998,
,,,2.4000091E-9,239.99999464E-3,,,,,2.4000091E-9,879.999995232E-3,,,,,2.4000091E-9,13.1999998,
,,,2.80000911E-9,39.99999911E-3,,,,,2.80000911E-9,1.1200000,,,,,2.80000911E-9,13.1999998,
,,,3.20000915E-9,-119.9999973E-3,,,,,3.20000915E-9,1.2800000,,,,,3.20000915E-9,13.1999998,
,,,3.60000896E-9,-280.00000119E-3,,,,,3.60000896E-9,1.2400000,,,,,3.60000896E-9,12.4000006,
,,,4.00000921E-9,-399.99997616E-3,,,,,4.00000921E-9,879.999995232E-3,,,,,4.00000921E-9,12.4000006,
,,,4.40000925E-9,-479.999989271E-3,,,,,4.40000925E-9,479.999989271E-3,,,,,4.40000925E-9,12.4000006,
,,,4.80000928E-9,-599.999964237E-3,,,,,4.80000928E-9,119.9999973E-3,,,,,4.80000928E-9,12.8000002,
,,,5.20000887E-9,-680.000007153E-3,,,,,5.20000887E-9,-79.999998212E-3,,,,,5.20000887E-9,13.6000004,
,,,5.60000890E-9,-719.999969006E-3,,,,,5.60000890E-9,-79.999998212E-3,,,,,5.60000890E-9,14.4000006,
,,,6.00000893E-9,-759.999990463E-3,,,,,6.00000893E-9,119.9999973E-3,,,,,6.00000893E-9,14.8000002,
,,,6.40000897E-9,-719.999969006E-3,,,,,6.40000897E-9,319.99999285E-3,,,,,6.40000897E-9,14.4000006,
,,,6.80000900E-9,-599.999964237E-3,,,,,6.80000900E-9,199.99998808E-3,,,,,6.80000900E-9,13.6000004,
,,,7.20000903E-9,-439.999997616E-3,,,,,7.20000903E-9,0.0,,,,,7.20000903E-9,12.8000002,
,,,7.600009511E-9,-239.99999464E-3,,,,,7.600009511E-9,-199.99998808E-3,,,,,7.600009511E-9,12.8000002,
,,,8.000009544E-9,-79.999998212E-3,,,,,8.000009544E-9,-280.00000119E-3,,,,,8.000009544E-9,12.8000002,
,,,8.400008689E-9,79.999998212E-3,,,,,8.400008689E-9,-239.99999464E-3,,,,,8.400008689E-9,13.6000004,
,,,8.800008722E-9,199.99998808E-3,,,,,8.800008722E-9,119.9999973E-3,,,,,8.800008722E-9,14.4000006,
,,,9.200008755E-9,319.99999285E-3,,,,,9.200008755E-9,519.999980927E-3,,,,,9.200008755E-9,14.8000002,
,,,9.600008788E-9,479.999989271E-3,,,,,9.600008788E-9,799.999952316E-3,,,,,9.600008788E-9,14.4000006,
,,,10.0000088E-9,719.999969006E-3,,,,,10.0000088E-9,879.999995232E-3,,,,,10.0000088E-9,13.6000004,
,,,10.4000089E-9,919.999957085E-3,,,,,10.4000089E-9,959.999978542E-3,,,,,10.4000089E-9,12.4000006,
,,,10.8000089E-9,1.000000,,,,,10.8000089E-9,1.000000,,,,,10.8000089E-9,11.6000004,
,,,11.2000089E-9,1.000000,,,,,11.2000089E-9,1.0799999,,,,,11.2000089E-9,11.6000004,
,,,11.6000090E-9,919.999957085E-3,,,,,11.6000090E-9,1.2400000,,,,,11.6000090E-9,12.4000006,
,,,12.0000090E-9,799.999952316E-3,,,,,12.0000090E-9,1.4399999,,,,,12.0000090E-9,13.6000004,
,,,12.4000090E-9,680.000007153E-3,,,,,12.4000090E-9,1.5999999,,,,,12.4000090E-9,14.8000002,
,,,12.8000091E-9,599.999964237E-3,,,,,12.8000091E-9,1.4399999,,,,,12.8000091E-9,15.6000004,
,,,13.2000091E-9,519.999980927E-3,,,,,13.2000091E-9,1.2400000,,,,,13.2000091E-9,14.8000002,
,,,13.6000091E-9,399.99997616E-3,,,,,13.6000091E-9,1.0799999,,,,,13.6000091E-9,13.1999998,
,,,14.0000092E-9,199.99998808E-3,,,,,14.0000092E-9,1.000000,,,,,14.0000092E-9,12.0000000,
,,,14.4000092E-9,39.99999911E-3,,,,,14.4000092E-9,959.999978542E-3,,,,,14.4000092E-9,10.8000002,
,,,14.8000092E-9,-199.99998808E-3,,,,,14.8000092E-9,959.999978542E-3,,,,,14.8000092E-9,10.4000006,
,,,15.2000084E-9,-359.99998450E-3,,,,,15.2000084E-9,919.999957085E-3,,,,,15.2000084E-9,10.8000002,
,,,15.6000084E-9,-519.999980927E-3,,,,,15.6000084E-9,839.999973774E-3,,,,,15.6000084E-9,11.6000004,
,,,16.0000084E-9,-599.999964237E-3,,,,,16.0000084E-9,639.999985695E-3,,,,,16.0000084E-9,12.0000000,
,,,16.4000085E-9,-639.999985695E-3,,,,,16.4000085E-9,439.999997616E-3,,,,,16.4000085E-9,12.0000000,
,,,16.8000085E-9,-759.999990463E-3,,,,,16.8000085E-9,319.99999285E-3,,,,,16.8000085E-9,11.6000004,
,,,17.2000085E-9,-799.999952316E-3,,,,,17.2000085E-9,199.99998808E-3,,,,,17.2000085E-9,11.1999998,
,,,17.6000086E-9,-759.999990463E-3,,,,,17.6000086E-9,39.99999911E-3,,,,,17.6000086E-9,11.1999998,
,,,18.0000086E-9,-639.999985695E-3,,,,,18.0000086E-9,-119.9999973E-3,,,,,18.0000086E-9,11.1999998,
,,,18.4000086E-9,-439.999997616E-3,,,,,18.4000086E-9,-239.99999464E-3,,,,,18.4000086E-9,11.1999998,
,,,18.8000087E-9,-319.99999285E-3,,,,,18.8000087E-9,-239.99999464E-3,,,,,18.8000087E-9,11.6000004,
,,,19.2000087E-9,-159.99999642E-3,,,,,19.2000087E-9,-119.9999973E-3,,,,,19.2000087E-9,11.6000004,
,,,19.6000087E-9,-39.99999911E-3,,,,,19.6000087E-9,159.99999642E-3,,,,,19.6000087E-9,11.1999998,
,,,20.0000088E-9,79.999998212E-3,,,,,20.0000088E-9,479.999989271E-3,,,,,20.0000088E-9,11.6000004,
,,,20.40000879E-9,280.00000119E-3,,,,,20.40000879E-9,839.999973774E-3,,,,,20.40000879E-9,12.0000000,
,,,20.80000883E-9,599.999964237E-3,,,,,20.80000883E-9,1.000000,,,,,20.80000883E-9,12.8000002,
,,,21.20000886E-9,879.999995232E-3,,,,,21.20000886E-9,1.1200000,,,,,21.20000886E-9,13.1999998,
,,,21.60000889E-9,1.0799999,,,,,21.60000889E-9,1.3199999,,,,,21.60000889E-9,12.8000002,
,,,22.00000893E-9,1.1200000,,,,,22.00000893E-9,1.5999999,,,,,22.00000893E-9,12.8000002,
,,,22.40000896E-9,1.0799999,,,,,22.40000896E-9,1.8399999,,,,,22.40000896E-9,12.4000006,
,,,22.80000899E-9,1.000000,,,,,22.80000899E-9,1.9200000,,,,,22.80000899E-9,12.0000000,
,,,23.20000903E-9,919.999957085E-3,,,,,23.20000903E-9,1.9200000,,,,,23.20000903E-9,12.4000006,
,,,23.60000906E-9,839.999973774E-3,,,,,23.60000906E-9,1.7199999,,,,,23.60000906E-9,13.1999998,
,,,24.00000909E-9,839.999973774E-3,,,,,24.00000909E-9,1.4000000,,,,,24.00000909E-9,14.0000000,
,,,24.40000912E-9,759.999990463E-3,,,,,24.40000912E-9,1.1600000,,,,,24.40000912E-9,13.1999998,
,,,24.80000916E-9,479.999989271E-3,,,,,24.80000916E-9,1.1600000,,,,,24.80000916E-9,12.0000000,
,,,25.20000919E-9,199.99998808E-3,,,,,25.20000919E-9,1.1600000,,,,,25.20000919E-9,10.4000006,
,,,25.60000922E-9,-39.99999911E-3,,,,,25.60000922E-9,1.1200000,,,,,25.60000922E-9,8.800000191,
,,,26.00000926E-9,-199.99998808E-3,,,,,26.00000926E-9,959.999978542E-3,,,,,26.00000926E-9,7.20000029,
,,,26.40000929E-9,-280.00000119E-3,,,,,26.40000929E-9,719.999969006E-3,,,,,26.40000929E-9,7.599999905,
,,,26.80000932E-9,-359.99998450E-3,,,,,26.80000932E-9,319.99999285E-3,,,,,26.80000932E-9,8.400000572,
,,,27.20000936E-9,-439.999997616E-3,,,,,27.20000936E-9,-79.999998212E-3,,,,,27.20000936E-9,8.800000191,
,,,27.60000939E-9,-599.999964237E-3,,,,,27.60000939E-9,-239.99999464E-3,,,,,27.60000939E-9,8.800000191,
,,,28.00000942E-9,-839.999973774E-3,,,,,28.00000942E-9,-199.99998808E-3,,,,,28.00000942E-9,8.400000572,
,,,28.40000946E-9,-1.000000,,,,,28.40000946E-9,-159.99999642E-3,,,,,28.40000946E-9,6.80000019,
,,,28.80000949E-9,-959.999978542E-3,,,,,28.80000949E-9,-359.99998450E-3,,,,,28.80000949E-9,5.59999990,
,,,29.20000952E-9,-839.999973774E-3,,,,,29.20000952E-9,-599.999964237E-3,,,,,29.20000952E-9,4.80000019,
,,,29.60000955E-9,-639.999985695E-3,,,,,29.60000955E-9,-799.999952316E-3,,,,,29.60000955E-9,6.00000000,
,,,30.00000959E-9,-399.99997616E-3,,,,,30.00000959E-9,-959.999978542E-3,,,,,30.00000959E-9,6.80000019,
,,,30.40000962E-9,-159.99999642E-3,,,,,30.40000962E-9,-919.999957085E-3,,,,,30.40000962E-9,7.599999905,
,,,30.80000965E-9,-79.999998212E-3,,,,,30.80000965E-9,-439.999997616E-3,,,,,30.80000965E-9,8.000000000,
,,,31.20000969E-9,39.99999911E-3,,,,,31.20000969E-9,79.999998212E-3,,,,,31.20000969E-9,7.599999905,
,,,31.60000972E-9,239.99999464E-3,,,,,31.60000972E-9,479.999989271E-3,,,,,31.60000972E-9,6.80000019,
,,,32.00000975E-9,519.999980927E-3,,,,,32.00000975E-9,599.999964237E-3,,,,,32.00000975E-9,6.00000000,
,,,32.40000979E-9,799.999952316E-3,,,,,32.40000979E-9,639.999985695E-3,,,,,32.40000979E-9,6.00000000,
,,,32.80000982E-9,959.999978542E-3,,,,,32.80000982E-9,479.999989271E-3,,,,,32.80000982E-9,6.40000010,
,,,33.20000985E-9,1.0799999,,,,,33.20000985E-9,399.99997616E-3,,,,,33.20000985E-9,6.00000000,
,,,33.60000989E-9,1.0799999,,,,,33.60000989E-9,639.999985695E-3,,,,,33.60000989E-9,6.00000000,
,,,34.00000992E-9,1.000000,,,,,34.00000992E-9,1.1600000,,,,,34.00000992E-9,5.59999990,
,,,34.40000995E-9,959.999978542E-3,,,,,34.40000995E-9,1.7600000,,,,,34.40000995E-9,5.20000029,
,,,34.80000998E-9,1.000000,,,,,34.80000998E-9,2.1599998,,,,,34.80000998E-9,5.20000029,
,,,35.20001002E-9,1.0799999,,,,,35.20001002E-9,2.3999999,,,,,35.20001002E-9,5.59999990,
,,,35.60001005E-9,1.000000,,,,,35.60001005E-9,2.5200000,,,,,35.60001005E-9,6.00000000,
,,,36.00001008E-9,839.999973774E-3,,,,,36.00001008E-9,2.4800000,,,,,36.00001008E-9,6.40000010,
,,,36.40001012E-9,599.999964237E-3,,,,,36.40001012E-9,2.4400001,,,,,36.40001012E-9,6.40000010,
,,,36.80001015E-9,280.00000119E-3,,,,,36.80001015E-9,2.4800000,,,,,36.80001015E-9,6.40000010,
,,,37.20001018E-9,0.0,,,,,37.20001018E-9,2.4800000,,,,,37.20001018E-9,7.20000029,
,,,37.60001022E-9,-199.99998808E-3,,,,,37.60001022E-9,2.2800000,,,,,37.60001022E-9,8.000000000,
,,,38.00001025E-9,-239.99999464E-3,,,,,38.00001025E-9,1.8800000,,,,,38.00001025E-9,9.199999809,
,,,38.40001028E-9,-280.00000119E-3,,,,,38.40001028E-9,1.4800000,,,,,38.40001028E-9,9.199999809,
,,,38.80001032E-9,-479.999989271E-3,,,,,38.80001032E-9,1.1600000,,,,,38.80001032E-9,9.199999809,
,,,39.20001035E-9,-639.999985695E-3,,,,,39.20001035E-9,879.999995232E-3,,,,,39.20001035E-9,8.400000572,
,,,39.60001038E-9,-799.999952316E-3,,,,,39.60001038E-9,719.999969006E-3,,,,,39.60001038E-9,6.80000019,
,,,40.00001042E-9,-879.999995232E-3,,,,,40.00001042E-9,599.999964237E-3,,,,,40.00001042E-9,6.40000010,
,,,40.40001045E-9,-879.999995232E-3,,,,,40.40001045E-9,439.999997616E-3,,,,,40.40001045E-9,7.599999905,
,,,40.80001048E-9,-759.999990463E-3,,,,,40.80001048E-9,39.99999911E-3,,,,,40.80001048E-9,9.600000381,
,,,41.20001051E-9,-599.999964237E-3,,,,,41.20001051E-9,-280.00000119E-3,,,,,41.20001051E-9,10.8000002,
,,,41.60001055E-9,-439.999997616E-3,,,,,41.60001055E-9,-439.999997616E-3,,,,,41.60001055E-9,11.6000004,
,,,42.00001058E-9,-319.99999285E-3,,,,,42.00001058E-9,-359.99998450E-3,,,,,42.00001058E-9,11.1999998,
,,,42.40001061E-9,-159.99999642E-3,,,,,42.40001061E-9,-119.9999973E-3,,,,,42.40001061E-9,10.0000000,
,,,42.80001065E-9,79.999998212E-3,,,,,42.80001065E-9,239.99999464E-3,,,,,42.80001065E-9,8.400000572,
,,,43.20001068E-9,319.99999285E-3,,,,,43.20001068E-9,680.000007153E-3,,,,,43.20001068E-9,8.000000000,
,,,43.60001071E-9,560.000002384E-3,,,,,43.60001071E-9,1.000000,,,,,43.60001071E-9,8.400000572,
,,,44.00001075E-9,759.999990463E-3,,,,,44.00001075E-9,1.1600000,,,,,44.00001075E-9,9.199999809,
,,,44.40001078E-9,919.999957085E-3,,,,,44.40001078E-9,1.3199999,,,,,44.40001078E-9,10.0000000,
,,,44.80001081E-9,959.999978542E-3,,,,,44.80001081E-9,1.4800000,,,,,44.80001081E-9,10.0000000,
,,,45.20001085E-9,959.999978542E-3,,,,,45.20001085E-9,1.6400000,,,,,45.20001085E-9,10.0000000,
,,,45.60001088E-9,1.0400000,,,,,45.60001088E-9,1.8399999,,,,,45.60001088E-9,9.199999809,
,,,46.00001091E-9,1.1600000,,,,,46.00001091E-9,2.0400000,,,,,46.00001091E-9,8.800000191,
,,,46.40001094E-9,1.2400000,,,,,46.40001094E-9,2.1599998,,,,,46.40001094E-9,9.600000381,
,,,46.80001098E-9,1.1600000,,,,,46.80001098E-9,2.1599998,,,,,46.80001098E-9,10.4000006,
,,,47.20001101E-9,1.0400000,,,,,47.20001101E-9,2.0799999,,,,,47.20001101E-9,11.6000004,
,,,47.60001104E-9,839.999973774E-3,,,,,47.60001104E-9,1.8399999,,,,,47.60001104E-9,12.4000006,
,,,48.00001108E-9,639.999985695E-3,,,,,48.00001108E-9,1.5200000,,,,,48.00001108E-9,12.8000002,
,,,48.40001111E-9,439.999997616E-3,,,,,48.40001111E-9,1.1999999,,,,,48.40001111E-9,12.8000002,
,,,48.80001114E-9,280.00000119E-3,,,,,48.80001114E-9,919.999957085E-3,,,,,48.80001114E-9,12.4000006,
,,,49.20001118E-9,159.99999642E-3,,,,,49.20001118E-9,639.999985695E-3,,,,,49.20001118E-9,12.4000006,
,,,49.60001121E-9,-79.999998212E-3,,,,,49.60001121E-9,479.999989271E-3,,,,,49.60001121E-9,12.0000000,
,,,50.00001124E-9,-319.99999285E-3,,,,,50.00001124E-9,359.99998450E-3,,,,,50.00001124E-9,12.4000006,
,,,50.40001128E-9,-560.000002384E-3,,,,,50.40001128E-9,199.99998808E-3,,,,,50.40001128E-9,12.0000000,
,,,50.80001131E-9,-719.999969006E-3,,,,,50.80001131E-9,-199.99998808E-3,,,,,50.80001131E-9,11.6000004,
,,,51.20001134E-9,-799.999952316E-3,,,,,51.20001134E-9,-599.999964237E-3,,,,,51.20001134E-9,11.6000004,
,,,51.60001137E-9,-839.999973774E-3,,,,,51.60001137E-9,-919.999957085E-3,,,,,51.60001137E-9,12.0000000,
,,,52.00001141E-9,-839.999973774E-3,,,,,52.00001141E-9,-1.0799999,,,,,52.00001141E-9,12.8000002,
,,,52.40001144E-9,-799.999952316E-3,,,,,52.40001144E-9,-1.0799999,,,,,52.40001144E-9,13.1999998,
,,,52.80001147E-9,-839.999973774E-3,,,,,52.80001147E-9,-879.999995232E-3,,,,,52.80001147E-9,13.6000004,
,,,53.20000795E-9,-799.999952316E-3,,,,,53.20000795E-9,-560.000002384E-3,,,,,53.20000795E-9,14.0000000,
,,,53.60000799E-9,-680.000007153E-3,,,,,53.60000799E-9,-239.99999464E-3,,,,,53.60000799E-9,14.0000000,
,,,54.00000802E-9,-399.99997616E-3,,,,,54.00000802E-9,-39.99999911E-3,,,,,54.00000802E-9,14.0000000,
,,,54.40000805E-9,-79.999998212E-3,,,,,54.40000805E-9,239.99999464E-3,,,,,54.40000805E-9,14.8000002,
,,,54.800008087E-9,119.9999973E-3,,,,,54.800008087E-9,519.999980927E-3,,,,,54.800008087E-9,15.6000004,
,,,55.200008120E-9,319.99999285E-3,,,,,55.200008120E-9,839.999973774E-3,,,,,55.200008120E-9,16.0000000,
,,,55.600008153E-9,519.999980927E-3,,,,,55.600008153E-9,1.0799999,,,,,55.600008153E-9,15.6000004,
,,,56.000008186E-9,639.999985695E-3,,,,,56.000008186E-9,1.2800000,,,,,56.000008186E-9,14.8000002,
,,,56.400008219E-9,799.999952316E-3,,,,,56.400008219E-9,1.4399999,,,,,56.400008219E-9,14.0000000,
,,,56.800008252E-9,959.999978542E-3,,,,,56.800008252E-9,1.4800000,,,,,56.800008252E-9,13.6000004,
,,,57.200008285E-9,1.1200000,,,,,57.200008285E-9,1.5599999,,,,,57.200008285E-9,13.1999998,
,,,57.600008319E-9,1.1999999,,,,,57.600008319E-9,1.6799999,,,,,57.600008319E-9,14.0000000,
,,,58.000008352E-9,1.1200000,,,,,58.000008352E-9,1.9200000,,,,,58.000008352E-9,14.8000002,
,,,58.400008385E-9,1.0799999,,,,,58.400008385E-9,2.0799999,,,,,58.400008385E-9,15.1999998,
,,,58.800008418E-9,1.0799999,,,,,58.800008418E-9,2.0000000,,,,,58.800008418E-9,15.1999998,
,,,59.200008451E-9,1.0799999,,,,,59.200008451E-9,1.8000000,,,,,59.200008451E-9,15.1999998,
,,,59.600008484E-9,1.0400000,,,,,59.600008484E-9,1.5999999,,,,,59.600008484E-9,14.8000002,
,,,60.000012070E-9,959.999978542E-3,,,,,60.000012070E-9,1.4000000,,,,,60.000012070E-9,14.8000002,
,,,60.400012103E-9,799.999952316E-3,,,,,60.400012103E-9,1.1999999,,,,,60.400012103E-9,14.8000002,
,,,60.800012136E-9,479.999989271E-3,,,,,60.800012136E-9,1.0799999,,,,,60.800012136E-9,14.8000002,
,,,61.200012169E-9,199.99998808E-3,,,,,61.200012169E-9,959.999978542E-3,,,,,61.200012169E-9,15.1999998,
,,,61.600012202E-9,0.0,,,,,61.600012202E-9,759.999990463E-3,,,,,61.600012202E-9,16.0000000,
,,,62.000012235E-9,-119.9999973E-3,,,,,62.000012235E-9,399.99997616E-3,,,,,62.000012235E-9,16.3999996,
,,,62.400012268E-9,-199.99998808E-3,,,,,62.400012268E-9,119.9999973E-3,,,,,62.400012268E-9,16.3999996,
,,,62.800012302E-9,-399.99997616E-3,,,,,62.800012302E-9,0.0,,,,,62.800012302E-9,16.0000000,
,,,63.200012335E-9,-599.999964237E-3,,,,,63.200012335E-9,39.99999911E-3,,,,,63.200012335E-9,15.6000004,
,,,63.600012368E-9,-799.999952316E-3,,,,,63.600012368E-9,119.9999973E-3,,,,,63.600012368E-9,14.8000002,
,,,64.000012401E-9,-879.999995232E-3,,,,,64.000012401E-9,319.99999285E-3,,,,,64.000012401E-9,14.4000006,
,,,64.400012434E-9,-879.999995232E-3,,,,,64.400012434E-9,439.999997616E-3,,,,,64.400012434E-9,14.8000002,
,,,64.800012467E-9,-680.000007153E-3,,,,,64.800012467E-9,319.99999285E-3,,,,,64.800012467E-9,15.6000004,
,,,65.200012500E-9,-439.999997616E-3,,,,,65.200012500E-9,239.99999464E-3,,,,,65.200012500E-9,16.8000011,
,,,65.600012533E-9,-199.99998808E-3,,,,,65.600012533E-9,319.99999285E-3,,,,,65.600012533E-9,17.6000004,
,,,66.000012566E-9,-79.999998212E-3,,,,,66.000012566E-9,560.000002384E-3,,,,,66.000012566E-9,18.3999996,
,,,66.400012599E-9,79.999998212E-3,,,,,66.400012599E-9,919.999957085E-3,,,,,66.400012599E-9,18.0000000,
,,,66.800012632E-9,239.99999464E-3,,,,,66.800012632E-9,1.2800000,,,,,66.800012632E-9,17.6000004,
,,,67.200012666E-9,479.999989271E-3,,,,,67.200012666E-9,1.6799999,,,,,67.200012666E-9,17.2000008,
,,,67.600012699E-9,719.999969006E-3,,,,,67.600012699E-9,2.0000000,,,,,67.600012699E-9,16.8000011,
,,,68.000012732E-9,1.000000,,,,,68.000012732E-9,2.2800000,,,,,68.000012732E-9,16.3999996,
,,,68.400012765E-9,1.2400000,,,,,68.400012765E-9,2.4800000,,,,,68.400012765E-9,16.8000011,
,,,68.800012798E-9,1.3199999,,,,,68.800012798E-9,2.6399999,,,,,68.800012798E-9,17.2000008,
,,,69.200012831E-9,1.3600000,,,,,69.200012831E-9,2.75999999,,,,,69.200012831E-9,17.2000008,
,,,69.600012864E-9,1.4000000,,,,,69.600012864E-9,2.72000003,,,,,69.600012864E-9,16.8000011,
,,,70.000012897E-9,1.4399999,,,,,70.000012897E-9,2.5599999,,,,,70.000012897E-9,16.3999996,
,,,70.400012930E-9,1.4399999,,,,,70.400012930E-9,2.4400001,,,,,70.400012930E-9,16.0000000,
,,,70.800012963E-9,1.2800000,,,,,70.800012963E-9,2.4800000,,,,,70.800012963E-9,15.6000004,
,,,71.200012997E-9,1.0799999,,,,,71.200012997E-9,2.5599999,,,,,71.200012997E-9,15.6000004,
,,,71.600013030E-9,879.999995232E-3,,,,,71.600013030E-9,2.72000003,,,,,71.600013030E-9,16.0000000,
,,,72.000013063E-9,639.999985695E-3,,,,,72.000013063E-9,2.87999988,,,,,72.000013063E-9,16.3999996,
,,,72.400013096E-9,479.999989271E-3,,,,,72.400013096E-9,2.91999984,,,,,72.400013096E-9,16.8000011,
,,,72.800013129E-9,399.99997616E-3,,,,,72.800013129E-9,2.6399999,,,,,72.800013129E-9,16.8000011,
,,,73.200013162E-9,319.99999285E-3,,,,,73.200013162E-9,2.2800000,,,,,73.200013162E-9,16.8000011,
,,,73.600013195E-9,119.9999973E-3,,,,,73.600013195E-9,2.0000000,,,,,73.600013195E-9,16.3999996,
,,,74.000013228E-9,-239.99999464E-3,,,,,74.000013228E-9,1.7600000,,,,,74.000013228E-9,16.0000000,
,,,74.400013261E-9,-560.000002384E-3,,,,,74.400013261E-9,1.4800000,,,,,74.400013261E-9,15.6000004,
,,,74.800013294E-9,-759.999990463E-3,,,,,74.800013294E-9,1.0400000,,,,,74.800013294E-9,15.6000004,
,,,75.200013328E-9,-839.999973774E-3,,,,,75.200013328E-9,599.999964237E-3,,,,,75.200013328E-9,16.0000000,
,,,75.600013361E-9,-839.999973774E-3,,,,,75.600013361E-9,159.99999642E-3,,,,,75.600013361E-9,16.8000011,
,,,76.000013394E-9,-799.999952316E-3,,,,,76.000013394E-9,-159.99999642E-3,,,,,76.000013394E-9,17.2000008,
,,,76.400013427E-9,-759.999990463E-3,,,,,76.400013427E-9,-280.00000119E-3,,,,,76.400013427E-9,17.6000004,
,,,76.800013460E-9,-839.999973774E-3,,,,,76.800013460E-9,0.0,,,,,76.800013460E-9,17.2000008,
,,,77.200013493E-9,-879.999995232E-3,,,,,77.200013493E-9,439.999997616E-3,,,,,77.200013493E-9,16.8000011,
,,,77.600013526E-9,-759.999990463E-3,,,,,77.600013526E-9,879.999995232E-3,,,,,77.600013526E-9,16.0000000,
,,,78.000013559E-9,-439.999997616E-3,,,,,78.000013559E-9,1.2400000,,,,,78.000013559E-9,16.0000000,
,,,78.400006487E-9,-79.999998212E-3,,,,,78.400006487E-9,1.6400000,,,,,78.400006487E-9,16.0000000,
,,,78.800006520E-9,199.99998808E-3,,,,,78.800006520E-9,2.0000000,,,,,78.800006520E-9,16.3999996,
,,,79.200006553E-9,479.999989271E-3,,,,,79.200006553E-9,2.3999999,,,,,79.200006553E-9,16.8000011,
,,,79.600006586E-9,719.999969006E-3,,,,,79.600006586E-9,2.79999995,,,,,79.600006586E-9,16.8000011,
,,,80.000006619E-9,879.999995232E-3,,,,,80.000006619E-9,3.15999985,,,,,80.000006619E-9,16.3999996,
,,,80.400006652E-9,1.0400000,,,,,80.400006652E-9,3.43999982,,,,,80.400006652E-9,15.6000004,
,,,80.800006685E-9,1.2400000,,,,,80.800006685E-9,3.51999998,,,,,80.800006685E-9,14.4000006,
,,,81.200006719E-9,1.4000000,,,,,81.200006719E-9,3.51999998,,,,,81.200006719E-9,13.6000004,
,,,81.600006752E-9,1.4399999,,,,,81.600006752E-9,3.48000002,,,,,81.600006752E-9,12.8000002,
,,,82.000006785E-9,1.3600000,,,,,82.000006785E-9,3.39999986,,,,,82.000006785E-9,12.8000002,
,,,82.400006818E-9,1.2400000,,,,,82.400006818E-9,3.27999997,,,,,82.400006818E-9,13.1999998,
,,,82.800006851E-9,1.1200000,,,,,82.800006851E-9,2.96000004,,,,,82.800006851E-9,14.4000006,
,,,83.200006884E-9,1.0400000,,,,,83.200006884E-9,2.5999999,,,,,83.200006884E-9,14.8000002,
,,,83.600006917E-9,919.999957085E-3,,,,,83.600006917E-9,2.2400000,,,,,83.600006917E-9,15.1999998,
,,,84.000006950E-9,799.999952316E-3,,,,,84.000006950E-9,1.9599999,,,,,84.000006950E-9,15.1999998,
,,,84.400006983E-9,639.999985695E-3,,,,,84.400006983E-9,1.7600000,,,,,84.400006983E-9,14.8000002,
,,,84.800007016E-9,319.99999285E-3,,,,,84.800007016E-9,1.7600000,,,,,84.800007016E-9,14.4000006,
,,,85.200007049E-9,79.999998212E-3,,,,,85.200007049E-9,1.7600000,,,,,85.200007049E-9,14.4000006,
,,,85.600007083E-9,-79.999998212E-3,,,,,85.600007083E-9,1.7199999,,,,,85.600007083E-9,15.1999998,
,,,86.000007116E-9,-119.9999973E-3,,,,,86.000007116E-9,1.4800000,,,,,86.000007116E-9,16.3999996,
,,,86.400007149E-9,-159.99999642E-3,,,,,86.400007149E-9,1.2800000,,,,,86.400007149E-9,16.8000011,
,,,86.800007182E-9,-359.99998450E-3,,,,,86.800007182E-9,1.0799999,,,,,86.800007182E-9,16.8000011,
,,,87.200007215E-9,-599.999964237E-3,,,,,87.200007215E-9,959.999978542E-3,,,,,87.200007215E-9,15.6000004,
,,,87.600007248E-9,-759.999990463E-3,,,,,87.600007248E-9,879.999995232E-3,,,,,87.600007248E-9,14.0000000,
,,,88.000007281E-9,-879.999995232E-3,,,,,88.000007281E-9,839.999973774E-3,,,,,88.000007281E-9,12.4000006,
,,,88.400007314E-9,-839.999973774E-3,,,,,88.400007314E-9,839.999973774E-3,,,,,88.400007314E-9,11.6000004,
,,,88.800007347E-9,-639.999985695E-3,,,,,88.800007347E-9,719.999969006E-3,,,,,88.800007347E-9,12.0000000,
,,,89.200007380E-9,-399.99997616E-3,,,,,89.200007380E-9,719.999969006E-3,,,,,89.200007380E-9,12.4000006,
,,,89.600007414E-9,-280.00000119E-3,,,,,89.600007414E-9,879.999995232E-3,,,,,89.600007414E-9,13.6000004,
,,,90.000007447E-9,-280.00000119E-3,,,,,90.000007447E-9,1.1999999,,,,,90.000007447E-9,14.4000006,
,,,90.400007480E-9,-199.99998808E-3,,,,,90.400007480E-9,1.5999999,,,,,90.400007480E-9,14.4000006,
,,,90.800007513E-9,0.0,,,,,90.800007513E-9,1.8399999,,,,,90.800007513E-9,14.0000000,
,,,91.200007546E-9,280.00000119E-3,,,,,91.200007546E-9,2.0799999,,,,,91.200007546E-9,12.8000002,
,,,91.600007579E-9,560.000002384E-3,,,,,91.600007579E-9,2.2800000,,,,,91.600007579E-9,12.4000006,
,,,92.000007612E-9,839.999973774E-3,,,,,92.000007612E-9,2.4400001,,,,,92.000007612E-9,11.6000004,
,,,92.400007645E-9,1.0400000,,,,,92.400007645E-9,2.5999999,,,,,92.400007645E-9,11.6000004,
,,,92.800007678E-9,1.000000,,,,,92.800007678E-9,2.6799998,,,,,92.800007678E-9,12.0000000,
,,,93.200007711E-9,959.999978542E-3,,,,,93.200007711E-9,2.72000003,,,,,93.200007711E-9,12.8000002,
,,,93.600007744E-9,919.999957085E-3,,,,,93.600007744E-9,2.6399999,,,,,93.600007744E-9,13.6000004,
,,,94.000007778E-9,1.000000,,,,,94.000007778E-9,2.3999999,,,,,94.000007778E-9,14.4000006,
,,,94.400007811E-9,1.0799999,,,,,94.400007811E-9,2.2000000,,,,,94.400007811E-9,14.0000000,
,,,94.800007844E-9,1.000000,,,,,94.800007844E-9,2.1199999,,,,,94.800007844E-9,13.6000004,
,,,95.200007877E-9,879.999995232E-3,,,,,95.200007877E-9,2.0400000,,,,,95.200007877E-9,13.1999998,
,,,95.600007910E-9,680.000007153E-3,,,,,95.600007910E-9,1.8800000,,,,,95.600007910E-9,12.8000002,
,,,96.000007943E-9,439.999997616E-3,,,,,96.000007943E-9,1.6400000,,,,,96.000007943E-9,12.8000002,
,,,96.400007976E-9,280.00000119E-3,,,,,96.400007976E-9,1.3600000,,,,,96.400007976E-9,14.0000000,
,,,96.800008009E-9,199.99998808E-3,,,,,96.800008009E-9,959.999978542E-3,,,,,96.800008009E-9,14.8000002,
,,,97.200008042E-9,119.9999973E-3,,,,,97.200008042E-9,599.999964237E-3,,,,,97.200008042E-9,15.6000004,
,,,97.600008075E-9,39.99999911E-3,,,,,97.600008075E-9,399.99997616E-3,,,,,97.600008075E-9,15.1999998,
,,,98.000008109E-9,-159.99999642E-3,,,,,98.000008109E-9,359.99998450E-3,,,,,98.000008109E-9,14.8000002,
,,,98.400008142E-9,-319.99999285E-3,,,,,98.400008142E-9,359.99998450E-3,,,,,98.400008142E-9,14.4000006,
,,,98.800008175E-9,-439.999997616E-3,,,,,98.800008175E-9,159.99999642E-3,,,,,98.800008175E-9,13.6000004,
,,,99.200008208E-9,-519.999980927E-3,,,,,99.200008208E-9,0.0,,,,,99.200008208E-9,14.0000000,
,,,99.600008241E-9,-519.999980927E-3,,,,,99.600008241E-9,-79.999998212E-3,,,,,99.600008241E-9,15.1999998,
,,,100.0000083E-9,-479.999989271E-3,,,,,100.0000083E-9,-119.9999973E-3,,,,,100.0000083E-9,16.3999996,
,,,100.4000083E-9,-439.999997616E-3,,,,,100.4000083E-9,-39.99999911E-3,,,,,100.4000083E-9,16.8000011,
,,,100.8000083E-9,-479.999989271E-3,,,,,100.8000083E-9,199.99998808E-3,,,,,100.8000083E-9,16.3999996,
,,,101.2000084E-9,-479.999989271E-3,,,,,101.2000084E-9,439.999997616E-3,,,,,101.2000084E-9,16.0000000,
,,,101.6000084E-9,-399.99997616E-3,,,,,101.6000084E-9,560.000002384E-3,,,,,101.6000084E-9,15.1999998,
,,,102.0000084E-9,-239.99999464E-3,,,,,102.0000084E-9,519.999980927E-3,,,,,102.0000084E-9,14.8000002,
,,,102.4000085E-9,-39.99999911E-3,,,,,102.4000085E-9,519.999980927E-3,,,,,102.4000085E-9,14.8000002,
,,,102.8000085E-9,79.999998212E-3,,,,,102.8000085E-9,599.999964237E-3,,,,,102.8000085E-9,15.6000004,
,,,103.2000085E-9,239.99999464E-3,,,,,103.2000085E-9,759.999990463E-3,,,,,103.2000085E-9,16.3999996,
,,,103.6000086E-9,359.99998450E-3,,,,,103.6000086E-9,1.000000,,,,,103.6000086E-9,17.6000004,
,,,104.0000086E-9,439.999997616E-3,,,,,104.0000086E-9,1.2800000,,,,,104.0000086E-9,18.0000000,
,,,104.4000086E-9,560.000002384E-3,,,,,104.4000086E-9,1.4800000,,,,,104.4000086E-9,18.0000000,
,,,104.8000087E-9,680.000007153E-3,,,,,104.8000087E-9,1.4800000,,,,,104.8000087E-9,17.6000004,
,,,105.2000087E-9,759.999990463E-3,,,,,105.2000087E-9,1.4399999,,,,,105.2000087E-9,17.2000008,
,,,105.6000087E-9,759.999990463E-3,,,,,105.6000087E-9,1.3600000,,,,,105.6000087E-9,16.3999996,
,,,106.0000088E-9,639.999985695E-3,,,,,106.0000088E-9,1.3199999,,,,,106.0000088E-9,16.0000000,
,,,106.4000088E-9,560.000002384E-3,,,,,106.4000088E-9,1.1999999,,,,,106.4000088E-9,16.0000000,
,,,106.8000088E-9,479.999989271E-3,,,,,106.8000088E-9,1.000000,,,,,106.8000088E-9,16.3999996,
,,,107.2000089E-9,439.999997616E-3,,,,,107.2000089E-9,759.999990463E-3,,,,,107.2000089E-9,16.3999996,
,,,107.6000089E-9,439.999997616E-3,,,,,107.6000089E-9,479.999989271E-3,,,,,107.6000089E-9,16.0000000,
,,,108.0000089E-9,399.99997616E-3,,,,,108.0000089E-9,280.00000119E-3,,,,,108.0000089E-9,15.6000004,
,,,108.4000090E-9,399.99997616E-3,,,,,108.4000090E-9,159.99999642E-3,,,,,108.4000090E-9,15.1999998,
,,,108.8000090E-9,239.99999464E-3,,,,,108.8000090E-9,199.99998808E-3,,,,,108.8000090E-9,14.4000006,
,,,109.2000090E-9,119.9999973E-3,,,,,109.2000090E-9,319.99999285E-3,,,,,109.2000090E-9,14.4000006,
,,,109.6000091E-9,79.999998212E-3,,,,,109.6000091E-9,280.00000119E-3,,,,,109.6000091E-9,14.8000002,
,,,110.0000091E-9,79.999998212E-3,,,,,110.0000091E-9,119.9999973E-3,,,,,110.0000091E-9,14.8000002,
,,,110.4000091E-9,119.9999973E-3,,,,,110.4000091E-9,-39.99999911E-3,,,,,110.4000091E-9,14.8000002,
,,,110.8000092E-9,39.99999911E-3,,,,,110.8000092E-9,-280.00000119E-3,,,,,110.8000092E-9,14.8000002,
,,,111.2000092E-9,-39.99999911E-3,,,,,111.2000092E-9,-439.999997616E-3,,,,,111.2000092E-9,14.8000002,
,,,111.6000092E-9,-159.99999642E-3,,,,,111.6000092E-9,-359.99998450E-3,,,,,111.6000092E-9,14.8000002,
,,,112.0000093E-9,-239.99999464E-3,,,,,112.0000093E-9,-79.999998212E-3,,,,,112.0000093E-9,14.8000002,
,,,112.4000093E-9,-239.99999464E-3,,,,,112.4000093E-9,239.99999464E-3,,,,,112.4000093E-9,14.8000002,
,,,112.8000093E-9,-79.999998212E-3,,,,,112.8000093E-9,399.99997616E-3,,,,,112.8000093E-9,14.8000002,
,,,113.2000094E-9,159.99999642E-3,,,,,113.2000094E-9,560.000002384E-3,,,,,113.2000094E-9,14.4000006,
,,,113.6000094E-9,280.00000119E-3,,,,,113.6000094E-9,719.999969006E-3,,,,,113.6000094E-9,14.0000000,
,,,114.0000094E-9,319.99999285E-3,,,,,114.0000094E-9,879.999995232E-3,,,,,114.0000094E-9,14.0000000,
,,,114.4000095E-9,319.99999285E-3,,,,,114.4000095E-9,1.0799999,,,,,114.4000095E-9,14.0000000,
,,,114.8000095E-9,280.00000119E-3,,,,,114.8000095E-9,1.2400000,,,,,114.8000095E-9,14.4000006,
,,,115.2000095E-9,319.99999285E-3,,,,,115.2000095E-9,1.3199999,,,,,115.2000095E-9,14.8000002,
,,,115.6000096E-9,439.999997616E-3,,,,,115.6000096E-9,1.2800000,,,,,115.6000096E-9,14.8000002,
,,,116.0000096E-9,599.999964237E-3,,,,,116.0000096E-9,1.0799999,,,,,116.0000096E-9,14.4000006,
,,,116.4000096E-9,719.999969006E-3,,,,,116.4000096E-9,919.999957085E-3,,,,,116.4000096E-9,14.4000006,
,,,116.8000097E-9,639.999985695E-3,,,,,116.8000097E-9,959.999978542E-3,,,,,116.8000097E-9,14.0000000,
,,,117.2000097E-9,599.999964237E-3,,,,,117.2000097E-9,1.0799999,,,,,117.2000097E-9,13.6000004,
,,,117.6000097E-9,560.000002384E-3,,,,,117.6000097E-9,1.1999999,,,,,117.6000097E-9,14.0000000,
,,,118.0000098E-9,599.999964237E-3,,,,,118.0000098E-9,1.3199999,,,,,118.0000098E-9,14.4000006,
,,,118.4000098E-9,639.999985695E-3,,,,,118.4000098E-9,1.3600000,,,,,118.4000098E-9,14.4000006,
,,,118.8000098E-9,680.000007153E-3,,,,,118.8000098E-9,1.1200000,,,,,118.8000098E-9,14.0000000,
,,,119.2000099E-9,680.000007153E-3,,,,,119.2000099E-9,879.999995232E-3,,,,,119.2000099E-9,13.1999998,
,,,119.6000170E-9,599.999964237E-3,,,,,119.6000170E-9,680.000007153E-3,,,,,119.6000170E-9,12.4000006,
,,,120.0000099E-9,479.999989271E-3,,,,,120.0000099E-9,599.999964237E-3,,,,,120.0000099E-9,11.6000004,
,,,120.4000171E-9,399.99997616E-3,,,,,120.4000171E-9,599.999964237E-3,,,,,120.4000171E-9,12.4000006,
,,,120.8000100E-9,399.99997616E-3,,,,,120.8000100E-9,639.999985695E-3,,,,,120.8000100E-9,13.1999998,
,,,121.2000171E-9,439.999997616E-3,,,,,121.2000171E-9,680.000007153E-3,,,,,121.2000171E-9,14.4000006,
,,,121.6000101E-9,359.99998450E-3,,,,,121.6000101E-9,599.999964237E-3,,,,,121.6000101E-9,15.6000004,
,,,122.0000172E-9,239.99999464E-3,,,,,122.0000172E-9,479.999989271E-3,,,,,122.0000172E-9,16.0000000,
,,,122.4000101E-9,119.9999973E-3,,,,,122.4000101E-9,359.99998450E-3,,,,,122.4000101E-9,15.1999998,
,,,122.8000173E-9,39.99999911E-3,,,,,122.8000173E-9,280.00000119E-3,,,,,122.8000173E-9,14.4000006,
,,,123.2000102E-9,0.0,,,,,123.2000102E-9,239.99999464E-3,,,,,123.2000102E-9,14.4000006,
,,,123.6000173E-9,79.999998212E-3,,,,,123.6000173E-9,319.99999285E-3,,,,,123.6000173E-9,14.4000006,
,,,124.0000103E-9,159.99999642E-3,,,,,124.0000103E-9,479.999989271E-3,,,,,124.0000103E-9,15.1999998,
,,,124.4000174E-9,239.99999464E-3,,,,,124.4000174E-9,639.999985695E-3,,,,,124.4000174E-9,16.0000000,
,,,124.8000103E-9,119.9999973E-3,,,,,124.8000103E-9,599.999964237E-3,,,,,124.8000103E-9,16.8000011,
,,,125.2000175E-9,0.0,,,,,125.2000175E-9,560.000002384E-3,,,,,125.2000175E-9,16.8000011,
,,,125.6000104E-9,-79.999998212E-3,,,,,125.6000104E-9,519.999980927E-3,,,,,125.6000104E-9,16.8000011,
,,,126.0000175E-9,-39.99999911E-3,,,,,126.0000175E-9,519.999980927E-3,,,,,126.0000175E-9,16.3999996,
,,,126.4000105E-9,39.99999911E-3,,,,,126.4000105E-9,560.000002384E-3,,,,,126.4000105E-9,16.3999996,
,,,126.8000176E-9,119.9999973E-3,,,,,126.8000176E-9,719.999969006E-3,,,,,126.8000176E-9,16.3999996,
,,,127.2000105E-9,239.99999464E-3,,,,,127.2000105E-9,839.999973774E-3,,,,,127.2000105E-9,16.3999996,
,,,127.6000177E-9,319.99999285E-3,,,,,127.6000177E-9,879.999995232E-3,,,,,127.6000177E-9,16.8000011,
,,,128.0000106E-9,359.99998450E-3,,,,,128.0000106E-9,799.999952316E-3,,,,,128.0000106E-9,16.8000011,
,,,128.4000177E-9,359.99998450E-3,,,,,128.4000177E-9,680.000007153E-3,,,,,128.4000177E-9,16.8000011,
,,,128.8000107E-9,359.99998450E-3,,,,,128.8000107E-9,479.999989271E-3,,,,,128.8000107E-9,16.3999996,
,,,129.2000178E-9,359.99998450E-3,,,,,129.2000178E-9,319.99999285E-3,,,,,129.2000178E-9,16.3999996,
,,,129.6000107E-9,319.99999285E-3,,,,,129.6000107E-9,280.00000119E-3,,,,,129.6000107E-9,16.0000000,
,,,130.0000037E-9,280.00000119E-3,,,,,130.0000037E-9,280.00000119E-3,,,,,130.0000037E-9,15.1999998,
,,,130.4000108E-9,239.99999464E-3,,,,,130.4000108E-9,280.00000119E-3,,,,,130.4000108E-9,14.4000006,
,,,130.8000037E-9,199.99998808E-3,,,,,130.8000037E-9,79.999998212E-3,,,,,130.8000037E-9,14.0000000,
,,,131.2000109E-9,159.99999642E-3,,,,,131.2000109E-9,-119.9999973E-3,,,,,131.2000109E-9,14.0000000,
,,,131.6000038E-9,159.99999642E-3,,,,,131.6000038E-9,-239.99999464E-3,,,,,131.6000038E-9,14.0000000,
,,,132.0000109E-9,159.99999642E-3,,,,,132.0000109E-9,-280.00000119E-3,,,,,132.0000109E-9,14.4000006,
,,,132.4000038E-9,159.99999642E-3,,,,,132.4000038E-9,-239.99999464E-3,,,,,132.4000038E-9,15.1999998,
,,,132.8000110E-9,79.999998212E-3,,,,,132.8000110E-9,-159.99999642E-3,,,,,132.8000110E-9,15.6000004,
,,,133.2000039E-9,0.0,,,,,133.2000039E-9,-39.99999911E-3,,,,,133.2000039E-9,15.6000004,
,,,133.6000111E-9,-79.999998212E-3,,,,,133.6000111E-9,-39.99999911E-3,,,,,133.6000111E-9,15.6000004,
,,,134.0000040E-9,-199.99998808E-3,,,,,134.0000040E-9,-119.9999973E-3,,,,,134.0000040E-9,14.8000002,
,,,134.4000111E-9,-239.99999464E-3,,,,,134.4000111E-9,-119.9999973E-3,,,,,134.4000111E-9,14.4000006,
,,,134.8000040E-9,-319.99999285E-3,,,,,134.8000040E-9,0.0,,,,,134.8000040E-9,14.0000000,
,,,135.2000112E-9,-359.99998450E-3,,,,,135.2000112E-9,159.99999642E-3,,,,,135.2000112E-9,14.4000006,
,,,135.6000041E-9,-359.99998450E-3,,,,,135.6000041E-9,319.99999285E-3,,,,,135.6000041E-9,15.1999998,
,,,136.0000113E-9,-359.99998450E-3,,,,,136.0000113E-9,439.999997616E-3,,,,,136.0000113E-9,15.6000004,
,,,136.4000042E-9,-280.00000119E-3,,,,,136.4000042E-9,560.000002384E-3,,,,,136.4000042E-9,15.6000004,
,,,136.8000113E-9,-239.99999464E-3,,,,,136.8000113E-9,599.999964237E-3,,,,,136.8000113E-9,14.8000002,
,,,137.2000042E-9,-159.99999642E-3,,,,,137.2000042E-9,680.000007153E-3,,,,,137.2000042E-9,14.4000006,
,,,137.6000114E-9,-119.9999973E-3,,,,,137.6000114E-9,879.999995232E-3,,,,,137.6000114E-9,13.6000004,
,,,138.0000043E-9,-79.999998212E-3,,,,,138.0000043E-9,1.1999999,,,,,138.0000043E-9,12.8000002,
,,,138.4000115E-9,0.0,,,,,138.4000115E-9,1.4399999,,,,,138.4000115E-9,13.6000004,
,,,138.8000044E-9,79.999998212E-3,,,,,138.8000044E-9,1.4399999,,,,,138.8000044E-9,14.4000006,
,,,139.2000115E-9,159.99999642E-3,,,,,139.2000115E-9,1.3199999,,,,,139.2000115E-9,14.8000002,
,,,139.6000044E-9,280.00000119E-3,,,,,139.6000044E-9,1.1999999,,,,,139.6000044E-9,14.8000002,
,,,140.0000116E-9,359.99998450E-3,,,,,140.0000116E-9,1.000000,,,,,140.0000116E-9,14.4000006,
,,,140.4000045E-9,439.999997616E-3,,,,,140.4000045E-9,919.999957085E-3,,,,,140.4000045E-9,13.1999998,
,,,140.8000116E-9,399.99997616E-3,,,,,140.8000116E-9,1.000000,,,,,140.8000116E-9,12.0000000,
,,,141.2000046E-9,399.99997616E-3,,,,,141.2000046E-9,1.1200000,,,,,141.2000046E-9,12.0000000,
,,,141.6000117E-9,399.99997616E-3,,,,,141.6000117E-9,1.1200000,,,,,141.6000117E-9,13.1999998,
,,,142.0000046E-9,439.999997616E-3,,,,,142.0000046E-9,959.999978542E-3,,,,,142.0000046E-9,14.4000006,
,,,142.4000118E-9,439.999997616E-3,,,,,142.4000118E-9,759.999990463E-3,,,,,142.4000118E-9,15.1999998,
,,,142.8000047E-9,399.99997616E-3,,,,,142.8000047E-9,519.999980927E-3,,,,,142.8000047E-9,16.0000000,
,,,143.2000118E-9,319.99999285E-3,,,,,143.2000118E-9,319.99999285E-3,,,,,143.2000118E-9,15.6000004,
,,,143.6000048E-9,199.99998808E-3,,,,,143.6000048E-9,239.99999464E-3,,,,,143.6000048E-9,15.1999998,
,,,144.0000119E-9,39.99999911E-3,,,,,144.0000119E-9,280.00000119E-3,,,,,144.0000119E-9,14.4000006,
,,,144.4000048E-9,-79.999998212E-3,,,,,144.4000048E-9,359.99998450E-3,,,,,144.4000048E-9,14.8000002,
,,,144.8000120E-9,-159.99999642E-3,,,,,144.8000120E-9,319.99999285E-3,,,,,144.8000120E-9,15.6000004,
,,,145.2000049E-9,-239.99999464E-3,,,,,145.2000049E-9,239.99999464E-3,,,,,145.2000049E-9,16.3999996,
,,,145.6000120E-9,-319.99999285E-3,,,,,145.6000120E-9,239.99999464E-3,,,,,145.6000120E-9,17.6000004,
,,,146.0000050E-9,-399.99997616E-3,,,,,146.0000050E-9,239.99999464E-3,,,,,146.0000050E-9,18.3999996,
,,,146.4000121E-9,-439.999997616E-3,,,,,146.4000121E-9,280.00000119E-3,,,,,146.4000121E-9,18.8000011,
,,,146.8000050E-9,-479.999989271E-3,,,,,146.8000050E-9,239.99999464E-3,,,,,146.8000050E-9,18.8000011,
,,,147.2000122E-9,-439.999997616E-3,,,,,147.2000122E-9,239.99999464E-3,,,,,147.2000122E-9,18.8000011,
,,,147.6000051E-9,-359.99998450E-3,,,,,147.6000051E-9,199.99998808E-3,,,,,147.6000051E-9,18.0000000,
,,,148.0000122E-9,-280.00000119E-3,,,,,148.0000122E-9,239.99999464E-3,,,,,148.0000122E-9,18.0000000,
,,,148.4000052E-9,-159.99999642E-3,,,,,148.4000052E-9,319.99999285E-3,,,,,148.4000052E-9,18.0000000,
,,,148.80001231E-9,-119.9999973E-3,,,,,148.80001231E-9,519.999980927E-3,,,,,148.80001231E-9,18.3999996,
,,,149.20000524E-9,-39.99999911E-3,,,,,149.20000524E-9,799.999952316E-3,,,,,149.20000524E-9,18.8000011,
,,,149.60001238E-9,119.9999973E-3,,,,,149.60001238E-9,959.999978542E-3,,,,,149.60001238E-9,19.2000008,
,,,150.00000531E-9,319.99999285E-3,,,,,150.00000531E-9,1.0400000,,,,,150.00000531E-9,19.2000008,
,,,150.40001244E-9,519.999980927E-3,,,,,150.40001244E-9,1.1200000,,,,,150.40001244E-9,18.3999996,
,,,150.80000537E-9,680.000007153E-3,,,,,150.80000537E-9,1.1600000,,,,,150.80000537E-9,17.6000004,
,,,151.20001251E-9,799.999952316E-3,,,,,151.20001251E-9,1.2400000,,,,,151.20001251E-9,16.8000011,
,,,151.60000544E-9,879.999995232E-3,,,,,151.60000544E-9,1.3199999,,,,,151.60000544E-9,16.3999996,
,,,152.00001258E-9,879.999995232E-3,,,,,152.00001258E-9,1.4000000,,,,,152.00001258E-9,16.3999996,
,,,152.40000550E-9,879.999995232E-3,,,,,152.40000550E-9,1.4399999,,,,,152.40000550E-9,16.8000011,
,,,152.80001264E-9,879.999995232E-3,,,,,152.80001264E-9,1.2800000,,,,,152.80001264E-9,17.2000008,
,,,153.20000557E-9,879.999995232E-3,,,,,153.20000557E-9,1.1200000,,,,,153.20000557E-9,16.8000011,
,,,153.60001271E-9,839.999973774E-3,,,,,153.60001271E-9,959.999978542E-3,,,,,153.60001271E-9,16.0000000,
,,,154.00000564E-9,719.999969006E-3,,,,,154.00000564E-9,879.999995232E-3,,,,,154.00000564E-9,15.1999998,
,,,154.40001278E-9,599.999964237E-3,,,,,154.40001278E-9,799.999952316E-3,,,,,154.40001278E-9,14.8000002,
,,,154.80000570E-9,359.99998450E-3,,,,,154.80000570E-9,639.999985695E-3,,,,,154.80000570E-9,14.8000002,
,,,155.20001284E-9,119.9999973E-3,,,,,155.20001284E-9,479.999989271E-3,,,,,155.20001284E-9,15.1999998,
,,,155.60000577E-9,-79.999998212E-3,,,,,155.60000577E-9,239.99999464E-3,,,,,155.60000577E-9,16.0000000,
,,,156.00001291E-9,-199.99998808E-3,,,,,156.00001291E-9,-79.999998212E-3,,,,,156.00001291E-9,16.3999996,
,,,156.40000584E-9,-280.00000119E-3,,,,,156.40000584E-9,-280.00000119E-3,,,,,156.40000584E-9,16.8000011,
,,,156.80001297E-9,-439.999997616E-3,,,,,156.80001297E-9,-319.99999285E-3,,,,,156.80001297E-9,16.3999996,
,,,157.20000590E-9,-560.000002384E-3,,,,,157.20000590E-9,-280.00000119E-3,,,,,157.20000590E-9,16.0000000,
,,,157.60001304E-9,-680.000007153E-3,,,,,157.60001304E-9,-280.00000119E-3,,,,,157.60001304E-9,15.6000004,
,,,158.00000597E-9,-799.999952316E-3,,,,,158.00000597E-9,-280.00000119E-3,,,,,158.00000597E-9,15.1999998,
,,,158.40001311E-9,-839.999973774E-3,,,,,158.40001311E-9,-319.99999285E-3,,,,,158.40001311E-9,15.6000004,
,,,158.80000603E-9,-839.999973774E-3,,,,,158.80000603E-9,-439.999997616E-3,,,,,158.80000603E-9,16.0000000,
,,,159.20001317E-9,-799.999952316E-3,,,,,159.20001317E-9,-479.999989271E-3,,,,,159.20001317E-9,16.3999996,
,,,159.60000610E-9,-759.999990463E-3,,,,,159.60000610E-9,-439.999997616E-3,,,,,159.60000610E-9,16.8000011,
,,,160.00001324E-9,-639.999985695E-3,,,,,160.00001324E-9,-280.00000119E-3,,,,,160.00001324E-9,16.8000011,
,,,160.40000617E-9,-519.999980927E-3,,,,,160.40000617E-9,-39.99999911E-3,,,,,160.40000617E-9,16.3999996,
,,,160.80001330E-9,-399.99997616E-3,,,,,160.80001330E-9,159.99999642E-3,,,,,160.80001330E-9,16.0000000,
,,,161.20000623E-9,-239.99999464E-3,,,,,161.20000623E-9,399.99997616E-3,,,,,161.20000623E-9,15.1999998,
,,,161.60001337E-9,-39.99999911E-3,,,,,161.60001337E-9,639.999985695E-3,,,,,161.60001337E-9,14.8000002,
,,,162.00000630E-9,119.9999973E-3,,,,,162.00000630E-9,879.999995232E-3,,,,,162.00000630E-9,14.8000002,
,,,162.40001344E-9,319.99999285E-3,,,,,162.40001344E-9,1.1600000,,,,,162.40001344E-9,15.1999998,
,,,162.80000636E-9,479.999989271E-3,,,,,162.80000636E-9,1.3600000,,,,,162.80000636E-9,16.0000000,
,,,163.20001350E-9,599.999964237E-3,,,,,163.20001350E-9,1.5200000,,,,,163.20001350E-9,16.3999996,
,,,163.60000643E-9,719.999969006E-3,,,,,163.60000643E-9,1.6400000,,,,,163.60000643E-9,16.8000011,
,,,164.00001357E-9,759.999990463E-3,,,,,164.00001357E-9,1.7199999,,,,,164.00001357E-9,17.2000008,
,,,164.40000650E-9,799.999952316E-3,,,,,164.40000650E-9,1.7600000,,,,,164.40000650E-9,17.2000008,
,,,164.80001364E-9,719.999969006E-3,,,,,164.80001364E-9,1.8000000,,,,,164.80001364E-9,16.8000011,
,,,165.20000656E-9,639.999985695E-3,,,,,165.20000656E-9,1.8000000,,,,,165.20000656E-9,16.3999996,
,,,165.60001370E-9,519.999980927E-3,,,,,165.60001370E-9,1.7199999,,,,,165.60001370E-9,16.3999996,
,,,166.00000663E-9,399.99997616E-3,,,,,166.00000663E-9,1.5200000,,,,,166.00000663E-9,16.3999996,
,,,166.40001377E-9,239.99999464E-3,,,,,166.40001377E-9,1.3199999,,,,,166.40001377E-9,16.8000011,
,,,166.80000670E-9,0.0,,,,,166.80000670E-9,1.1200000,,,,,166.80000670E-9,17.2000008,
,,,167.20001383E-9,-199.99998808E-3,,,,,167.20001383E-9,919.999957085E-3,,,,,167.20001383E-9,18.0000000,
,,,167.60000676E-9,-399.99997616E-3,,,,,167.60000676E-9,759.999990463E-3,,,,,167.60000676E-9,18.3999996,
,,,168.00001390E-9,-560.000002384E-3,,,,,168.00001390E-9,639.999985695E-3,,,,,168.00001390E-9,18.3999996,
,,,168.40000683E-9,-639.999985695E-3,,,,,168.40000683E-9,519.999980927E-3,,,,,168.40000683E-9,18.3999996,
,,,168.80001397E-9,-719.999969006E-3,,,,,168.80001397E-9,319.99999285E-3,,,,,168.80001397E-9,18.0000000,
,,,169.20000689E-9,-719.999969006E-3,,,,,169.20000689E-9,119.9999973E-3,,,,,169.20000689E-9,18.3999996,
,,,169.60001403E-9,-759.999990463E-3,,,,,169.60001403E-9,39.99999911E-3,,,,,169.60001403E-9,18.8000011,
,,,170.00000696E-9,-799.999952316E-3,,,,,170.00000696E-9,39.99999911E-3,,,,,170.00000696E-9,18.8000011,
,,,170.40001410E-9,-799.999952316E-3,,,,,170.40001410E-9,39.99999911E-3,,,,,170.40001410E-9,19.2000008,
,,,170.80000703E-9,-759.999990463E-3,,,,,170.80000703E-9,0.0,,,,,170.80000703E-9,18.8000011,
,,,171.20001417E-9,-680.000007153E-3,,,,,171.20001417E-9,-39.99999911E-3,,,,,171.20001417E-9,18.8000011,
,,,171.60000709E-9,-519.999980927E-3,,,,,171.60000709E-9,-79.999998212E-3,,,,,171.60000709E-9,18.3999996,
,,,172.00001423E-9,-280.00000119E-3,,,,,172.00001423E-9,-39.99999911E-3,,,,,172.00001423E-9,18.3999996,
,,,172.40000716E-9,-39.99999911E-3,,,,,172.40000716E-9,39.99999911E-3,,,,,172.40000716E-9,18.3999996,
,,,172.80001430E-9,119.9999973E-3,,,,,172.80001430E-9,199.99998808E-3,,,,,172.80001430E-9,18.3999996,
,,,173.20000723E-9,280.00000119E-3,,,,,173.20000723E-9,439.999997616E-3,,,,,173.20000723E-9,18.3999996,
,,,173.60001436E-9,439.999997616E-3,,,,,173.60001436E-9,639.999985695E-3,,,,,173.60001436E-9,18.8000011,
,,,174.00000729E-9,599.999964237E-3,,,,,174.00000729E-9,759.999990463E-3,,,,,174.00000729E-9,18.8000011,
,,,174.40001443E-9,799.999952316E-3,,,,,174.40001443E-9,919.999957085E-3,,,,,174.40001443E-9,18.8000011,
,,,174.80000736E-9,919.999957085E-3,,,,,174.80000736E-9,1.0799999,,,,,174.80000736E-9,18.8000011,
,,,175.20001450E-9,1.0400000,,,,,175.20001450E-9,1.1999999,,,,,175.20001450E-9,18.8000011,
,,,175.60000742E-9,1.0400000,,,,,175.60000742E-9,1.3199999,,,,,175.60000742E-9,18.3999996,
,,,176.00001456E-9,1.000000,,,,,176.00001456E-9,1.3199999,,,,,176.00001456E-9,18.3999996,
,,,176.40000749E-9,919.999957085E-3,,,,,176.40000749E-9,1.2800000,,,,,176.40000749E-9,18.3999996,
,,,176.80001463E-9,839.999973774E-3,,,,,176.80001463E-9,1.0400000,,,,,176.80001463E-9,18.3999996,
,,,177.20000756E-9,719.999969006E-3,,,,,177.20000756E-9,799.999952316E-3,,,,,177.20000756E-9,18.3999996,
,,,177.60001469E-9,599.999964237E-3,,,,,177.60001469E-9,680.000007153E-3,,,,,177.60001469E-9,18.3999996,
,,,178.00000762E-9,399.99997616E-3,,,,,178.00000762E-9,680.000007153E-3,,,,,178.00000762E-9,18.0000000,
,,,178.40001476E-9,199.99998808E-3,,,,,178.40001476E-9,680.000007153E-3,,,,,178.40001476E-9,17.2000008,
,,,178.80000769E-9,-39.99999911E-3,,,,,178.80000769E-9,560.000002384E-3,,,,,178.80000769E-9,17.2000008,
,,,179.20001483E-9,-280.00000119E-3,,,,,179.20001483E-9,399.99997616E-3,,,,,179.20001483E-9,16.8000011,
,,,179.60000775E-9,-439.999997616E-3,,,,,179.60000775E-9,159.99999642E-3,,,,,179.60000775E-9,16.8000011,
,,,180.00001489E-9,-560.000002384E-3,,,,,180.00001489E-9,-199.99998808E-3,,,,,180.00001489E-9,16.8000011,
,,,180.40000782E-9,-599.999964237E-3,,,,,180.40000782E-9,-439.999997616E-3,,,,,180.40000782E-9,16.8000011,
,,,180.80001496E-9,-680.000007153E-3,,,,,180.80001496E-9,-519.999980927E-3,,,,,180.80001496E-9,16.8000011,
,,,181.20000789E-9,-719.999969006E-3,,,,,181.20000789E-9,-479.999989271E-3,,,,,181.20000789E-9,16.3999996,
,,,181.60001503E-9,-719.999969006E-3,,,,,181.60001503E-9,-399.99997616E-3,,,,,181.60001503E-9,16.3999996,
,,,182.00000795E-9,-639.999985695E-3,,,,,182.00000795E-9,-319.99999285E-3,,,,,182.00000795E-9,16.0000000,
,,,182.40001509E-9,-519.999980927E-3,,,,,182.40001509E-9,-239.99999464E-3,,,,,182.40001509E-9,16.0000000,
,,,182.80000802E-9,-399.99997616E-3,,,,,182.80000802E-9,-239.99999464E-3,,,,,182.80000802E-9,16.0000000,
,,,183.20001516E-9,-239.99999464E-3,,,,,183.20001516E-9,-199.99998808E-3,,,,,183.20001516E-9,15.6000004,
,,,183.60000809E-9,-159.99999642E-3,,,,,183.60000809E-9,-119.9999973E-3,,,,,183.60000809E-9,15.1999998,
,,,184.00001522E-9,-79.999998212E-3,,,,,184.00001522E-9,79.999998212E-3,,,,,184.00001522E-9,14.8000002,
,,,184.40000815E-9,0.0,,,,,184.40000815E-9,280.00000119E-3,,,,,184.40000815E-9,14.8000002,
,,,184.80001529E-9,119.9999973E-3,,,,,184.80001529E-9,399.99997616E-3,,,,,184.80001529E-9,15.1999998,
,,,185.20000822E-9,280.00000119E-3,,,,,185.20000822E-9,560.000002384E-3,,,,,185.20000822E-9,15.6000004,
,,,185.60001536E-9,439.999997616E-3,,,,,185.60001536E-9,719.999969006E-3,,,,,185.60001536E-9,16.0000000,
,,,186.00000828E-9,639.999985695E-3,,,,,186.00000828E-9,919.999957085E-3,,,,,186.00000828E-9,16.3999996,
,,,186.40001542E-9,799.999952316E-3,,,,,186.40001542E-9,1.1200000,,,,,186.40001542E-9,16.3999996,
,,,186.80000835E-9,799.999952316E-3,,,,,186.80000835E-9,1.2800000,,,,,186.80000835E-9,16.0000000,
,,,187.20001549E-9,759.999990463E-3,,,,,187.20001549E-9,1.4000000,,,,,187.20001549E-9,16.0000000,
,,,187.60000842E-9,680.000007153E-3,,,,,187.60000842E-9,1.4000000,,,,,187.60000842E-9,16.3999996,
,,,188.00001556E-9,560.000002384E-3,,,,,188.00001556E-9,1.2800000,,,,,188.00001556E-9,16.8000011,
,,,188.40000848E-9,479.999989271E-3,,,,,188.40000848E-9,1.1600000,,,,,188.40000848E-9,17.2000008,
,,,188.80001562E-9,359.99998450E-3,,,,,188.80001562E-9,1.0400000,,,,,188.80001562E-9,18.3999996,
,,,189.20000855E-9,239.99999464E-3,,,,,189.20000855E-9,919.999957085E-3,,,,,189.20000855E-9,18.8000011,
,,,189.60001569E-9,39.99999911E-3,,,,,189.60001569E-9,799.999952316E-3,,,,,189.60001569E-9,19.2000008,
,,,190.00000862E-9,-159.99999642E-3,,,,,190.00000862E-9,639.999985695E-3,,,,,190.00000862E-9,19.2000008,
,,,190.40001575E-9,-359.99998450E-3,,,,,190.40001575E-9,519.999980927E-3,,,,,190.40001575E-9,19.2000008,
,,,190.80000868E-9,-519.999980927E-3,,,,,190.80000868E-9,359.99998450E-3,,,,,190.80000868E-9,19.2000008,
,,,191.20001582E-9,-639.999985695E-3,,,,,191.20001582E-9,199.99998808E-3,,,,,191.20001582E-9,19.2000008,
,,,191.60000875E-9,-680.000007153E-3,,,,,191.60000875E-9,79.999998212E-3,,,,,191.60000875E-9,20.0000000,
,,,192.00001589E-9,-639.999985695E-3,,,,,192.00001589E-9,0.0,,,,,192.00001589E-9,20.0000000,
,,,192.40000881E-9,-560.000002384E-3,,,,,192.40000881E-9,-79.999998212E-3,,,,,192.40000881E-9,20.0000000,
,,,192.80001595E-9,-519.999980927E-3,,,,,192.80001595E-9,-159.99999642E-3,,,,,192.80001595E-9,20.0000000,
,,,193.20000888E-9,-439.999997616E-3,,,,,193.20000888E-9,-199.99998808E-3,,,,,193.20000888E-9,20.0000000,
,,,193.60001602E-9,-319.99999285E-3,,,,,193.60001602E-9,-119.9999973E-3,,,,,193.60001602E-9,20.39999962,
,,,194.00000895E-9,-159.99999642E-3,,,,,194.00000895E-9,0.0,,,,,194.00000895E-9,20.39999962,
,,,194.40001608E-9,0.0,,,,,194.40001608E-9,199.99998808E-3,,,,,194.40001608E-9,20.80000114,
,,,194.80000901E-9,159.99999642E-3,,,,,194.80000901E-9,359.99998450E-3,,,,,194.80000901E-9,20.80000114,
,,,195.20001615E-9,359.99998450E-3,,,,,195.20001615E-9,519.999980927E-3,,,,,195.20001615E-9,20.80000114,
,,,195.60000908E-9,560.000002384E-3,,,,,195.60000908E-9,639.999985695E-3,,,,,195.60000908E-9,20.39999962,
,,,196.00001622E-9,759.999990463E-3,,,,,196.00001622E-9,680.000007153E-3,,,,,196.00001622E-9,20.0000000,
,,,196.40000914E-9,959.999978542E-3,,,,,196.40000914E-9,759.999990463E-3,,,,,196.40000914E-9,19.6000004,
,,,196.80001628E-9,1.0400000,,,,,196.80001628E-9,879.999995232E-3,,,,,196.80001628E-9,19.2000008,
,,,197.20000921E-9,1.0799999,,,,,197.20000921E-9,1.000000,,,,,197.20000921E-9,19.2000008,
,,,197.60001635E-9,1.1200000,,,,,197.60001635E-9,1.1200000,,,,,197.60001635E-9,18.8000011,
,,,198.00000928E-9,1.1600000,,,,,198.00000928E-9,1.1600000,,,,,198.00000928E-9,18.3999996,
,,,198.40001642E-9,1.1600000,,,,,198.40001642E-9,1.1600000,,,,,198.40001642E-9,18.3999996,
,,,198.80000934E-9,1.0799999,,,,,198.80000934E-9,1.0799999,,,,,198.80000934E-9,18.0000000,
,,,199.20001648E-9,959.999978542E-3,,,,,199.20001648E-9,1.000000,,,,,199.20001648E-9,18.0000000,
,,,199.60000941E-9,839.999973774E-3,,,,,199.60000941E-9,879.999995232E-3,,,,,199.60000941E-9,17.6000004,
,,,200.00001655E-9,639.999985695E-3,,,,,200.00001655E-9,799.999952316E-3,,,,,200.00001655E-9,17.2000008,
,,,200.40000948E-9,439.999997616E-3,,,,,200.40000948E-9,639.999985695E-3,,,,,200.40000948E-9,16.8000011,
,,,200.80001661E-9,199.99998808E-3,,,,,200.80001661E-9,399.99997616E-3,,,,,200.80001661E-9,16.8000011,
,,,201.20000954E-9,-39.99999911E-3,,,,,201.20000954E-9,159.99999642E-3,,,,,201.20000954E-9,16.3999996,
,,,201.60001668E-9,-239.99999464E-3,,,,,201.60001668E-9,-79.999998212E-3,,,,,201.60001668E-9,16.0000000,
,,,202.00000961E-9,-399.99997616E-3,,,,,202.00000961E-9,-239.99999464E-3,,,,,202.00000961E-9,16.0000000,
,,,202.40001675E-9,-560.000002384E-3,,,,,202.40001675E-9,-359.99998450E-3,,,,,202.40001675E-9,16.0000000,
,,,202.80000967E-9,-719.999969006E-3,,,,,202.80000967E-9,-479.999989271E-3,,,,,202.80000967E-9,15.6000004,
,,,203.20001681E-9,-839.999973774E-3,,,,,203.20001681E-9,-560.000002384E-3,,,,,203.20001681E-9,15.6000004,
,,,203.60000974E-9,-879.999995232E-3,,,,,203.60000974E-9,-680.000007153E-3,,,,,203.60000974E-9,15.6000004,
,,,204.00001688E-9,-879.999995232E-3,,,,,204.00001688E-9,-759.999990463E-3,,,,,204.00001688E-9,15.6000004,
,,,204.40000981E-9,-799.999952316E-3,,,,,204.40000981E-9,-759.999990463E-3,,,,,204.40000981E-9,15.6000004,
,,,204.80001695E-9,-719.999969006E-3,,,,,204.80001695E-9,-719.999969006E-3,,,,,204.80001695E-9,16.0000000,
,,,205.20000987E-9,-599.999964237E-3,,,,,205.20000987E-9,-599.999964237E-3,,,,,205.20000987E-9,16.0000000,
,,,205.60001701E-9,-479.999989271E-3,,,,,205.60001701E-9,-439.999997616E-3,,,,,205.60001701E-9,16.3999996,
,,,206.00000994E-9,-319.99999285E-3,,,,,206.00000994E-9,-280.00000119E-3,,,,,206.00000994E-9,16.8000011,
,,,206.40001708E-9,-159.99999642E-3,,,,,206.40001708E-9,-39.99999911E-3,,,,,206.40001708E-9,16.8000011,
,,,206.80001001E-9,0.0,,,,,206.80001001E-9,159.99999642E-3,,,,,206.80001001E-9,17.2000008,
,,,207.20001714E-9,159.99999642E-3,,,,,207.20001714E-9,399.99997616E-3,,,,,207.20001714E-9,17.2000008,
,,,207.60001007E-9,280.00000119E-3,,,,,207.60001007E-9,639.999985695E-3,,,,,207.60001007E-9,16.8000011,
,,,208.00001721E-9,439.999997616E-3,,,,,208.00001721E-9,879.999995232E-3,,,,,208.00001721E-9,16.8000011,
,,,208.40001014E-9,560.000002384E-3,,,,,208.40001014E-9,1.0799999,,,,,208.40001014E-9,17.2000008,
,,,208.80001728E-9,639.999985695E-3,,,,,208.80001728E-9,1.1999999,,,,,208.80001728E-9,17.2000008,
,,,209.20001020E-9,680.000007153E-3,,,,,209.20001020E-9,1.3199999,,,,,209.20001020E-9,17.6000004,
,,,209.60001734E-9,719.999969006E-3,,,,,209.60001734E-9,1.4000000,,,,,209.60001734E-9,17.6000004,
,,,210.00001027E-9,759.999990463E-3,,,,,210.00001027E-9,1.4399999,,,,,210.00001027E-9,17.2000008,
,,,210.40001741E-9,719.999969006E-3,,,,,210.40001741E-9,1.4800000,,,,,210.40001741E-9,17.2000008,
,,,210.80001034E-9,599.999964237E-3,,,,,210.80001034E-9,1.4399999,,,,,210.80001034E-9,17.2000008,
,,,211.20001747E-9,439.999997616E-3,,,,,211.20001747E-9,1.3199999,,,,,211.20001747E-9,17.6000004,
,,,211.60001040E-9,280.00000119E-3,,,,,211.60001040E-9,1.1600000,,,,,211.60001040E-9,18.0000000,
,,,212.00001754E-9,119.9999973E-3,,,,,212.00001754E-9,919.999957085E-3,,,,,212.00001754E-9,18.3999996,
,,,212.40001047E-9,-39.99999911E-3,,,,,212.40001047E-9,680.000007153E-3,,,,,212.40001047E-9,18.3999996,
,,,212.80001761E-9,-199.99998808E-3,,,,,212.80001761E-9,439.999997616E-3,,,,,212.80001761E-9,18.8000011,
,,,213.20001053E-9,-359.99998450E-3,,,,,213.20001053E-9,239.99999464E-3,,,,,213.20001053E-9,18.8000011,
,,,213.60001767E-9,-560.000002384E-3,,,,,213.60001767E-9,39.99999911E-3,,,,,213.60001767E-9,18.8000011,
,,,214.00001060E-9,-759.999990463E-3,,,,,214.00001060E-9,-199.99998808E-3,,,,,214.00001060E-9,19.2000008,
,,,214.40001774E-9,-879.999995232E-3,,,,,214.40001774E-9,-359.99998450E-3,,,,,214.40001774E-9,19.6000004,
,,,214.80001067E-9,-1.000000,,,,,214.80001067E-9,-519.999980927E-3,,,,,214.80001067E-9,20.0000000,
,,,215.20001781E-9,-1.0400000,,,,,215.20001781E-9,-599.999964237E-3,,,,,215.20001781E-9,20.39999962,
,,,215.60001073E-9,-959.999978542E-3,,,,,215.60001073E-9,-639.999985695E-3,,,,,215.60001073E-9,20.39999962,
,,,216.00001787E-9,-839.999973774E-3,,,,,216.00001787E-9,-680.000007153E-3,,,,,216.00001787E-9,20.80000114,
,,,216.40001080E-9,-680.000007153E-3,,,,,216.40001080E-9,-639.999985695E-3,,,,,216.40001080E-9,20.80000114,
,,,216.80001794E-9,-560.000002384E-3,,,,,216.80001794E-9,-639.999985695E-3,,,,,216.80001794E-9,20.80000114,
,,,217.20001087E-9,-439.999997616E-3,,,,,217.20001087E-9,-560.000002384E-3,,,,,217.20001087E-9,20.80000114,
,,,217.60001800E-9,-239.99999464E-3,,,,,217.60001800E-9,-359.99998450E-3,,,,,217.60001800E-9,20.80000114,
,,,218.00001093E-9,0.0,,,,,218.00001093E-9,-79.999998212E-3,,,,,218.00001093E-9,21.20000076,
,,,218.40001807E-9,280.00000119E-3,,,,,218.40001807E-9,239.99999464E-3,,,,,218.40001807E-9,21.20000076,
,,,218.80001100E-9,560.000002384E-3,,,,,218.80001100E-9,519.999980927E-3,,,,,218.80001100E-9,21.20000076,
,,,219.20001814E-9,839.999973774E-3,,,,,219.20001814E-9,799.999952316E-3,,,,,219.20001814E-9,20.80000114,
,,,219.60001106E-9,1.0400000,,,,,219.60001106E-9,1.000000,,,,,219.60001106E-9,20.39999962,
,,,220.00001820E-9,1.1999999,,,,,220.00001820E-9,1.1600000,,,,,220.00001820E-9,20.0000000,
,,,220.40001113E-9,1.3600000,,,,,220.40001113E-9,1.3199999,,,,,220.40001113E-9,20.0000000,
,,,220.80001827E-9,1.4399999,,,,,220.80001827E-9,1.4800000,,,,,220.80001827E-9,20.0000000,
,,,221.20001120E-9,1.4800000,,,,,221.20001120E-9,1.5999999,,,,,221.20001120E-9,19.6000004,
,,,221.60001834E-9,1.5200000,,,,,221.60001834E-9,1.6799999,,,,,221.60001834E-9,18.8000011,
,,,222.00001126E-9,1.4800000,,,,,222.00001126E-9,1.6400000,,,,,222.00001126E-9,18.3999996,
,,,222.40001840E-9,1.4000000,,,,,222.40001840E-9,1.5599999,,,,,222.40001840E-9,18.3999996,
,,,222.80001133E-9,1.1999999,,,,,222.80001133E-9,1.4000000,,,,,222.80001133E-9,18.0000000,
,,,223.20001847E-9,1.000000,,,,,223.20001847E-9,1.1999999,,,,,223.20001847E-9,18.0000000,
,,,223.60001140E-9,719.999969006E-3,,,,,223.60001140E-9,1.000000,,,,,223.60001140E-9,18.0000000,
,,,224.00001853E-9,479.999989271E-3,,,,,224.00001853E-9,799.999952316E-3,,,,,224.00001853E-9,17.6000004,
,,,224.40001146E-9,199.99998808E-3,,,,,224.40001146E-9,560.000002384E-3,,,,,224.40001146E-9,17.6000004,
,,,224.80001860E-9,-79.999998212E-3,,,,,224.80001860E-9,199.99998808E-3,,,,,224.80001860E-9,17.6000004,
,,,225.20001153E-9,-319.99999285E-3,,,,,225.20001153E-9,-119.9999973E-3,,,,,225.20001153E-9,17.2000008,
,,,225.60001867E-9,-519.999980927E-3,,,,,225.60001867E-9,-439.999997616E-3,,,,,225.60001867E-9,17.2000008,
,,,226.00001159E-9,-719.999969006E-3,,,,,226.00001159E-9,-639.999985695E-3,,,,,226.00001159E-9,17.2000008,
,,,226.40001873E-9,-879.999995232E-3,,,,,226.40001873E-9,-759.999990463E-3,,,,,226.40001873E-9,17.2000008,
,,,226.80001166E-9,-1.000000,,,,,226.80001166E-9,-839.999973774E-3,,,,,226.80001166E-9,17.2000008,
,,,227.20001880E-9,-1.0400000,,,,,227.20001880E-9,-879.999995232E-3,,,,,227.20001880E-9,17.2000008,
,,,227.60001173E-9,-1.0400000,,,,,227.60001173E-9,-919.999957085E-3,,,,,227.60001173E-9,17.2000008,
,,,228.00001886E-9,-1.000000,,,,,228.00001886E-9,-919.999957085E-3,,,,,228.00001886E-9,17.2000008,
,,,228.40001179E-9,-879.999995232E-3,,,,,228.40001179E-9,-839.999973774E-3,,,,,228.40001179E-9,17.2000008,
,,,228.80001893E-9,-799.999952316E-3,,,,,228.80001893E-9,-719.999969006E-3,,,,,228.80001893E-9,17.6000004,
,,,229.20001186E-9,-639.999985695E-3,,,,,229.20001186E-9,-479.999989271E-3,,,,,229.20001186E-9,17.6000004,
,,,229.60001900E-9,-479.999989271E-3,,,,,229.60001900E-9,-239.99999464E-3,,,,,229.60001900E-9,17.6000004,
,,,230.00001192E-9,-319.99999285E-3,,,,,230.00001192E-9,0.0,,,,,230.00001192E-9,17.6000004,
,,,230.40001906E-9,-119.9999973E-3,,,,,230.40001906E-9,280.00000119E-3,,,,,230.40001906E-9,17.2000008,
,,,230.80001199E-9,119.9999973E-3,,,,,230.80001199E-9,519.999980927E-3,,,,,230.80001199E-9,16.8000011,
,,,231.20001913E-9,359.99998450E-3,,,,,231.20001913E-9,759.999990463E-3,,,,,231.20001913E-9,16.8000011,
,,,231.60001206E-9,560.000002384E-3,,,,,231.60001206E-9,1.0400000,,,,,231.60001206E-9,16.8000011,
,,,232.00001920E-9,759.999990463E-3,,,,,232.00001920E-9,1.3199999,,,,,232.00001920E-9,17.2000008,
,,,232.40001212E-9,879.999995232E-3,,,,,232.40001212E-9,1.5999999,,,,,232.40001212E-9,17.6000004,
,,,232.80000505E-9,919.999957085E-3,,,,,232.80000505E-9,1.7600000,,,,,232.80000505E-9,18.0000000,
,,,233.20001219E-9,879.999995232E-3,,,,,233.20001219E-9,1.8800000,,,,,233.20001219E-9,18.3999996,
,,,233.60000512E-9,839.999973774E-3,,,,,233.60000512E-9,1.9200000,,,,,233.60000512E-9,18.0000000,
,,,234.00001226E-9,719.999969006E-3,,,,,234.00001226E-9,1.8399999,,,,,234.00001226E-9,18.0000000,
,,,234.40000518E-9,599.999964237E-3,,,,,234.40000518E-9,1.7199999,,,,,234.40000518E-9,18.3999996,
,,,234.80001232E-9,439.999997616E-3,,,,,234.80001232E-9,1.5599999,,,,,234.80001232E-9,18.8000011,
,,,235.20000525E-9,239.99999464E-3,,,,,235.20000525E-9,1.3600000,,,,,235.20000525E-9,19.2000008,
,,,235.60001239E-9,39.99999911E-3,,,,,235.60001239E-9,1.0799999,,,,,235.60001239E-9,19.6000004,
,,,236.00000532E-9,-159.99999642E-3,,,,,236.00000532E-9,799.999952316E-3,,,,,236.00000532E-9,20.0000000,
,,,236.40001245E-9,-359.99998450E-3,,,,,236.40001245E-9,519.999980927E-3,,,,,236.40001245E-9,20.0000000,
,,,236.80000538E-9,-599.999964237E-3,,,,,236.80000538E-9,199.99998808E-3,,,,,236.80000538E-9,20.39999962,
,,,237.20001252E-9,-759.999990463E-3,,,,,237.20001252E-9,-79.999998212E-3,,,,,237.20001252E-9,20.39999962,
,,,237.60000545E-9,-919.999957085E-3,,,,,237.60000545E-9,-359.99998450E-3,,,,,237.60000545E-9,20.39999962,
,,,238.00001259E-9,-1.0400000,,,,,238.00001259E-9,-599.999964237E-3,,,,,238.00001259E-9,20.80000114,
,,,238.40000551E-9,-1.1200000,,,,,238.40000551E-9,-759.999990463E-3,,,,,238.40000551E-9,21.20000076,
,,,238.79999844E-9,-1.1600000,,,,,238.79999844E-9,-879.999995232E-3,,,,,238.79999844E-9,21.20000076,
,,,239.20000558E-9,-1.1200000,,,,,239.20000558E-9,-959.999978542E-3,,,,,239.20000558E-9,21.60000038,
,,,239.60001272E-9,-1.0400000,,,,,239.60001272E-9,-919.999957085E-3,,,,,239.60001272E-9,21.60000038,
,,,240.00001986E-9,-919.999957085E-3,,,,,240.00001986E-9,-799.999952316E-3,,,,,240.00001986E-9,21.60000038,
,,,240.39999857E-9,-719.999969006E-3,,,,,240.39999857E-9,-639.999985695E-3,,,,,240.39999857E-9,21.60000038,
,,,240.80000571E-9,-519.999980927E-3,,,,,240.80000571E-9,-479.999989271E-3,,,,,240.80000571E-9,21.60000038,
,,,241.20001285E-9,-280.00000119E-3,,,,,241.20001285E-9,-239.99999464E-3,,,,,241.20001285E-9,21.60000038,
,,,241.60001999E-9,0.0,,,,,241.60001999E-9,39.99999911E-3,,,,,241.60001999E-9,21.60000038,
,,,241.99999871E-9,239.99999464E-3,,,,,241.99999871E-9,359.99998450E-3,,,,,241.99999871E-9,21.20000076,
,,,242.40000585E-9,519.999980927E-3,,,,,242.40000585E-9,639.999985695E-3,,,,,242.40000585E-9,20.80000114,
,,,242.80001298E-9,719.999969006E-3,,,,,242.80001298E-9,839.999973774E-3,,,,,242.80001298E-9,20.0000000,
,,,243.20002012E-9,919.999957085E-3,,,,,243.20002012E-9,1.0400000,,,,,243.20002012E-9,20.0000000,
,,,243.59999884E-9,1.0799999,,,,,243.59999884E-9,1.2400000,,,,,243.59999884E-9,19.6000004,
,,,244.00000598E-9,1.1999999,,,,,244.00000598E-9,1.3600000,,,,,244.00000598E-9,19.6000004,
,,,244.40001312E-9,1.3199999,,,,,244.40001312E-9,1.5200000,,,,,244.40001312E-9,19.6000004,
,,,244.80002025E-9,1.3600000,,,,,244.80002025E-9,1.6400000,,,,,244.80002025E-9,19.2000008,
,,,245.19999897E-9,1.3199999,,,,,245.19999897E-9,1.7600000,,,,,245.19999897E-9,18.8000011,
,,,245.60000611E-9,1.2400000,,,,,245.60000611E-9,1.8000000,,,,,245.60000611E-9,18.8000011,
,,,246.00001325E-9,1.0799999,,,,,246.00001325E-9,1.7199999,,,,,246.00001325E-9,18.3999996,
,,,246.40002039E-9,919.999957085E-3,,,,,246.40002039E-9,1.5999999,,,,,246.40002039E-9,18.3999996,
,,,246.79999910E-9,719.999969006E-3,,,,,246.79999910E-9,1.3600000,,,,,246.79999910E-9,18.3999996,
,,,247.20000624E-9,479.999989271E-3,,,,,247.20000624E-9,1.0400000,,,,,247.20000624E-9,18.3999996,
,,,247.60001338E-9,280.00000119E-3,,,,,247.60001338E-9,799.999952316E-3,,,,,247.60001338E-9,18.8000011,
,,,248.00002052E-9,79.999998212E-3,,,,,248.00002052E-9,560.000002384E-3,,,,,248.00002052E-9,18.8000011,
,,,248.39999924E-9,-79.999998212E-3,,,,,248.39999924E-9,319.99999285E-3,,,,,248.39999924E-9,18.8000011,
,,,248.80000637E-9,-319.99999285E-3,,,,,248.80000637E-9,39.99999911E-3,,,,,248.80000637E-9,18.3999996,
,,,249.20001351E-9,-519.999980927E-3,,,,,249.20001351E-9,-199.99998808E-3,,,,,249.20001351E-9,18.3999996,
,,,249.60002065E-9,-719.999969006E-3,,,,,249.60002065E-9,-399.99997616E-3,,,,,249.60002065E-9,18.3999996,
,,,249.99999937E-9,-839.999973774E-3,,,,,249.99999937E-9,-599.999964237E-3,,,,,249.99999937E-9,18.0000000,
,,,250.40000651E-9,-919.999957085E-3,,,,,250.40000651E-9,-719.999969006E-3,,,,,250.40000651E-9,18.0000000,
,,,250.80001365E-9,-959.999978542E-3,,,,,250.80001365E-9,-759.999990463E-3,,,,,250.80001365E-9,18.0000000,
,,,251.20002078E-9,-919.999957085E-3,,,,,251.20002078E-9,-680.000007153E-3,,,,,251.20002078E-9,17.6000004,
,,,251.59999950E-9,-839.999973774E-3,,,,,251.59999950E-9,-560.000002384E-3,,,,,251.59999950E-9,17.6000004,
,,,252.00000664E-9,-719.999969006E-3,,,,,252.00000664E-9,-359.99998450E-3,,,,,252.00000664E-9,17.6000004,
,,,252.40001378E-9,-560.000002384E-3,,,,,252.40001378E-9,-119.9999973E-3,,,,,252.40001378E-9,17.2000008,
,,,252.80002092E-9,-439.999997616E-3,,,,,252.80002092E-9,119.9999973E-3,,,,,252.80002092E-9,17.2000008,
,,,253.19999963E-9,-239.99999464E-3,,,,,253.19999963E-9,359.99998450E-3,,,,,253.19999963E-9,17.2000008,
,,,253.60000677E-9,-79.999998212E-3,,,,,253.60000677E-9,639.999985695E-3,,,,,253.60000677E-9,17.6000004,
,,,254.00001391E-9,79.999998212E-3,,,,,254.00001391E-9,879.999995232E-3,,,,,254.00001391E-9,18.0000000,
,,,254.40002105E-9,239.99999464E-3,,,,,254.40002105E-9,1.1200000,,,,,254.40002105E-9,18.0000000,
,,,254.79999977E-9,399.99997616E-3,,,,,254.79999977E-9,1.3199999,,,,,254.79999977E-9,18.3999996,
,,,255.20000690E-9,519.999980927E-3,,,,,255.20000690E-9,1.5599999,,,,,255.20000690E-9,18.8000011,
,,,255.60001404E-9,639.999985695E-3,,,,,255.60001404E-9,1.6799999,,,,,255.60001404E-9,18.8000011,
,,,256.00002118E-9,680.000007153E-3,,,,,256.00002118E-9,1.8000000,,,,,256.00002118E-9,19.2000008,
,,,256.39999990E-9,719.999969006E-3,,,,,256.39999990E-9,1.8399999,,,,,256.39999990E-9,19.2000008,
,,,256.80000704E-9,680.000007153E-3,,,,,256.80000704E-9,1.7600000,,,,,256.80000704E-9,19.2000008,
,,,257.20001418E-9,599.999964237E-3,,,,,257.20001418E-9,1.6400000,,,,,257.20001418E-9,19.2000008,
,,,257.60002131E-9,479.999989271E-3,,,,,257.60002131E-9,1.4800000,,,,,257.60002131E-9,19.2000008,
,,,258.00000003E-9,359.99998450E-3,,,,,258.00000003E-9,1.2800000,,,,,258.00000003E-9,19.2000008,
,,,258.40000717E-9,199.99998808E-3,,,,,258.40000717E-9,1.0799999,,,,,258.40000717E-9,20.0000000,
,,,258.80001431E-9,0.0,,,,,258.80001431E-9,839.999973774E-3,,,,,258.80001431E-9,20.39999962,
,,,259.20002145E-9,-159.99999642E-3,,,,,259.20002145E-9,560.000002384E-3,,,,,259.20002145E-9,20.39999962,
,,,259.60000016E-9,-319.99999285E-3,,,,,259.60000016E-9,280.00000119E-3,,,,,259.60000016E-9,20.39999962,
,,,260.00000730E-9,-479.999989271E-3,,,,,260.00000730E-9,39.99999911E-3,,,,,260.00000730E-9,20.39999962,
,,,260.40001444E-9,-560.000002384E-3,,,,,260.40001444E-9,-199.99998808E-3,,,,,260.40001444E-9,20.39999962,
,,,260.80002158E-9,-680.000007153E-3,,,,,260.80002158E-9,-399.99997616E-3,,,,,260.80002158E-9,20.39999962,
,,,261.20000030E-9,-719.999969006E-3,,,,,261.20000030E-9,-599.999964237E-3,,,,,261.20000030E-9,20.80000114,
,,,261.60000743E-9,-719.999969006E-3,,,,,261.60000743E-9,-719.999969006E-3,,,,,261.60000743E-9,21.20000076,
,,,262.00001457E-9,-719.999969006E-3,,,,,262.00001457E-9,-839.999973774E-3,,,,,262.00001457E-9,21.60000038,
,,,262.40002171E-9,-639.999985695E-3,,,,,262.40002171E-9,-839.999973774E-3,,,,,262.40002171E-9,22.00000000,
,,,262.80000043E-9,-560.000002384E-3,,,,,262.80000043E-9,-799.999952316E-3,,,,,262.80000043E-9,22.00000000,
,,,263.20000757E-9,-439.999997616E-3,,,,,263.20000757E-9,-719.999969006E-3,,,,,263.20000757E-9,22.00000000,
,,,263.60001470E-9,-319.99999285E-3,,,,,263.60001470E-9,-519.999980927E-3,,,,,263.60001470E-9,21.60000038,
,,,264.00002184E-9,-159.99999642E-3,,,,,264.00002184E-9,-239.99999464E-3,,,,,264.00002184E-9,21.20000076,
,,,264.40000056E-9,0.0,,,,,264.40000056E-9,39.99999911E-3,,,,,264.40000056E-9,20.80000114,
,,,264.80000770E-9,159.99999642E-3,,,,,264.80000770E-9,239.99999464E-3,,,,,264.80000770E-9,20.80000114,
,,,265.20001484E-9,319.99999285E-3,,,,,265.20001484E-9,439.999997616E-3,,,,,265.20001484E-9,20.39999962,
,,,265.60002198E-9,479.999989271E-3,,,,,265.60002198E-9,639.999985695E-3,,,,,265.60002198E-9,20.0000000,
,,,266.00000069E-9,639.999985695E-3,,,,,266.00000069E-9,799.999952316E-3,,,,,266.00000069E-9,20.0000000,
,,,266.40000783E-9,799.999952316E-3,,,,,266.40000783E-9,1.000000,,,,,266.40000783E-9,20.0000000,
,,,266.80001497E-9,879.999995232E-3,,,,,266.80001497E-9,1.1999999,,,,,266.80001497E-9,20.0000000,
,,,267.20002211E-9,919.999957085E-3,,,,,267.20002211E-9,1.3600000,,,,,267.20002211E-9,20.0000000,
,,,267.60000083E-9,959.999978542E-3,,,,,267.60000083E-9,1.4800000,,,,,267.60000083E-9,20.0000000,
,,,268.00000796E-9,919.999957085E-3,,,,,268.00000796E-9,1.4800000,,,,,268.00000796E-9,20.0000000,
,,,268.40001510E-9,879.999995232E-3,,,,,268.40001510E-9,1.4800000,,,,,268.40001510E-9,19.6000004,
,,,268.80002224E-9,799.999952316E-3,,,,,268.80002224E-9,1.4000000,,,,,268.80002224E-9,19.6000004,
,,,269.20000096E-9,680.000007153E-3,,,,,269.20000096E-9,1.2800000,,,,,269.20000096E-9,19.2000008,
,,,269.60000810E-9,560.000002384E-3,,,,,269.60000810E-9,1.1600000,,,,,269.60000810E-9,18.8000011,
,,,270.00001523E-9,399.99997616E-3,,,,,270.00001523E-9,1.000000,,,,,270.00001523E-9,18.3999996,
,,,270.40002237E-9,280.00000119E-3,,,,,270.40002237E-9,839.999973774E-3,,,,,270.40002237E-9,18.0000000,
,,,270.80000109E-9,119.9999973E-3,,,,,270.80000109E-9,519.999980927E-3,,,,,270.80000109E-9,17.6000004,
,,,271.20000823E-9,-39.99999911E-3,,,,,271.20000823E-9,239.99999464E-3,,,,,271.20000823E-9,18.0000000,
,,,271.60001537E-9,-159.99999642E-3,,,,,271.60001537E-9,0.0,,,,,271.60001537E-9,18.0000000,
,,,272.00002251E-9,-319.99999285E-3,,,,,272.00002251E-9,-159.99999642E-3,,,,,272.00002251E-9,18.0000000,
,,,272.40000122E-9,-439.999997616E-3,,,,,272.40000122E-9,-280.00000119E-3,,,,,272.40000122E-9,18.0000000,
,,,272.80000836E-9,-560.000002384E-3,,,,,272.80000836E-9,-359.99998450E-3,,,,,272.80000836E-9,18.0000000,
,,,273.20001550E-9,-599.999964237E-3,,,,,273.20001550E-9,-399.99997616E-3,,,,,273.20001550E-9,18.0000000,
,,,273.60002264E-9,-599.999964237E-3,,,,,273.60002264E-9,-439.999997616E-3,,,,,273.60002264E-9,18.0000000,
,,,274.00000135E-9,-599.999964237E-3,,,,,274.00000135E-9,-439.999997616E-3,,,,,274.00000135E-9,18.0000000,
,,,274.40000849E-9,-519.999980927E-3,,,,,274.40000849E-9,-399.99997616E-3,,,,,274.40000849E-9,18.0000000,
,,,274.80001563E-9,-479.999989271E-3,,,,,274.80001563E-9,-319.99999285E-3,,,,,274.80001563E-9,18.0000000,
,,,275.20002277E-9,-399.99997616E-3,,,,,275.20002277E-9,-159.99999642E-3,,,,,275.20002277E-9,18.3999996,
,,,275.60000149E-9,-280.00000119E-3,,,,,275.60000149E-9,79.999998212E-3,,,,,275.60000149E-9,18.3999996,
,,,276.00000863E-9,-159.99999642E-3,,,,,276.00000863E-9,359.99998450E-3,,,,,276.00000863E-9,18.8000011,
,,,276.40001576E-9,0.0,,,,,276.40001576E-9,639.999985695E-3,,,,,276.40001576E-9,19.6000004,
,,,276.80002290E-9,119.9999973E-3,,,,,276.80002290E-9,839.999973774E-3,,,,,276.80002290E-9,20.0000000,
,,,277.20000162E-9,280.00000119E-3,,,,,277.20000162E-9,1.0400000,,,,,277.20000162E-9,20.39999962,
,,,277.60000876E-9,399.99997616E-3,,,,,277.60000876E-9,1.1999999,,,,,277.60000876E-9,20.0000000,
,,,278.00001590E-9,479.999989271E-3,,,,,278.00001590E-9,1.3600000,,,,,278.00001590E-9,20.0000000,
,,,278.40002303E-9,519.999980927E-3,,,,,278.40002303E-9,1.4800000,,,,,278.40002303E-9,20.0000000,
,,,278.80000175E-9,479.999989271E-3,,,,,278.80000175E-9,1.5599999,,,,,278.80000175E-9,20.0000000,
,,,279.20000889E-9,439.999997616E-3,,,,,279.20000889E-9,1.6400000,,,,,279.20000889E-9,20.39999962,
,,,279.60001603E-9,399.99997616E-3,,,,,279.60001603E-9,1.5999999,,,,,279.60001603E-9,20.39999962,
,,,280.00002317E-9,319.99999285E-3,,,,,280.00002317E-9,1.4800000,,,,,280.00002317E-9,20.80000114,
,,,280.40000188E-9,280.00000119E-3,,,,,280.40000188E-9,1.3199999,,,,,280.40000188E-9,20.80000114,
,,,280.80000902E-9,199.99998808E-3,,,,,280.80000902E-9,1.1200000,,,,,280.80000902E-9,20.39999962,
,,,281.20001616E-9,119.9999973E-3,,,,,281.20001616E-9,879.999995232E-3,,,,,281.20001616E-9,20.39999962,
,,,281.60002330E-9,79.999998212E-3,,,,,281.60002330E-9,680.000007153E-3,,,,,281.60002330E-9,20.39999962,
,,,282.00000202E-9,0.0,,,,,282.00000202E-9,519.999980927E-3,,,,,282.00000202E-9,20.39999962,
,,,282.40000916E-9,-39.99999911E-3,,,,,282.40000916E-9,359.99998450E-3,,,,,282.40000916E-9,20.80000114,
,,,282.80001629E-9,-159.99999642E-3,,,,,282.80001629E-9,159.99999642E-3,,,,,282.80001629E-9,20.80000114,
,,,283.20002343E-9,-239.99999464E-3,,,,,283.20002343E-9,-39.99999911E-3,,,,,283.20002343E-9,20.80000114,
,,,283.60000215E-9,-280.00000119E-3,,,,,283.60000215E-9,-239.99999464E-3,,,,,283.60000215E-9,20.80000114,
,,,284.00000929E-9,-280.00000119E-3,,,,,284.00000929E-9,-399.99997616E-3,,,,,284.00000929E-9,20.39999962,
,,,284.40001643E-9,-280.00000119E-3,,,,,284.40001643E-9,-519.999980927E-3,,,,,284.40001643E-9,20.39999962,
,,,284.80002356E-9,-280.00000119E-3,,,,,284.80002356E-9,-639.999985695E-3,,,,,284.80002356E-9,20.39999962,
,,,285.20000228E-9,-239.99999464E-3,,,,,285.20000228E-9,-680.000007153E-3,,,,,285.20000228E-9,20.39999962,
,,,285.60000942E-9,-199.99998808E-3,,,,,285.60000942E-9,-639.999985695E-3,,,,,285.60000942E-9,20.39999962,
,,,286.00001656E-9,-159.99999642E-3,,,,,286.00001656E-9,-560.000002384E-3,,,,,286.00001656E-9,20.39999962,
,,,286.40002370E-9,-79.999998212E-3,,,,,286.40002370E-9,-399.99997616E-3,,,,,286.40002370E-9,20.39999962,
,,,286.80000241E-9,0.0,,,,,286.80000241E-9,-280.00000119E-3,,,,,286.80000241E-9,20.39999962,
,,,287.20000955E-9,79.999998212E-3,,,,,287.20000955E-9,-119.9999973E-3,,,,,287.20000955E-9,20.80000114,
,,,287.60001669E-9,199.99998808E-3,,,,,287.60001669E-9,79.999998212E-3,,,,,287.60001669E-9,20.80000114,
,,,288.00002383E-9,359.99998450E-3,,,,,288.00002383E-9,239.99999464E-3,,,,,288.00002383E-9,20.80000114,
,,,288.40000255E-9,479.999989271E-3,,,,,288.40000255E-9,439.999997616E-3,,,,,288.40000255E-9,20.39999962,
,,,288.80000968E-9,519.999980927E-3,,,,,288.80000968E-9,560.000002384E-3,,,,,288.80000968E-9,20.39999962,
,,,289.20001682E-9,560.000002384E-3,,,,,289.20001682E-9,680.000007153E-3,,,,,289.20001682E-9,20.0000000,
,,,289.60002396E-9,599.999964237E-3,,,,,289.60002396E-9,799.999952316E-3,,,,,289.60002396E-9,20.0000000,
,,,290.00000268E-9,599.999964237E-3,,,,,290.00000268E-9,919.999957085E-3,,,,,290.00000268E-9,19.6000004,
,,,290.40000982E-9,599.999964237E-3,,,,,290.40000982E-9,1.0400000,,,,,290.40000982E-9,20.0000000,
,,,290.80001696E-9,560.000002384E-3,,,,,290.80001696E-9,1.0799999,,,,,290.80001696E-9,20.0000000,
,,,291.20002409E-9,519.999980927E-3,,,,,291.20002409E-9,1.0400000,,,,,291.20002409E-9,20.0000000,
,,,291.60000281E-9,479.999989271E-3,,,,,291.60000281E-9,1.000000,,,,,291.60000281E-9,20.0000000,
,,,292.00000995E-9,399.99997616E-3,,,,,292.00000995E-9,879.999995232E-3,,,,,292.00000995E-9,20.0000000,
,,,292.40001709E-9,319.99999285E-3,,,,,292.40001709E-9,759.999990463E-3,,,,,292.40001709E-9,19.6000004,
,,,292.80002423E-9,239.99999464E-3,,,,,292.80002423E-9,599.999964237E-3,,,,,292.80002423E-9,19.2000008,
,,,293.20000294E-9,159.99999642E-3,,,,,293.20000294E-9,439.999997616E-3,,,,,293.20000294E-9,18.8000011,
,,,293.60001008E-9,79.999998212E-3,,,,,293.60001008E-9,319.99999285E-3,,,,,293.60001008E-9,19.2000008,
,,,294.00001722E-9,0.0,,,,,294.00001722E-9,159.99999642E-3,,,,,294.00001722E-9,19.2000008,
,,,294.40002436E-9,-79.999998212E-3,,,,,294.40002436E-9,39.99999911E-3,,,,,294.40002436E-9,19.2000008,
,,,294.80000308E-9,-159.99999642E-3,,,,,294.80000308E-9,-119.9999973E-3,,,,,294.80000308E-9,19.2000008,
,,,295.20001021E-9,-239.99999464E-3,,,,,295.20001021E-9,-199.99998808E-3,,,,,295.20001021E-9,19.2000008,
,,,295.60001735E-9,-280.00000119E-3,,,,,295.60001735E-9,-280.00000119E-3,,,,,295.60001735E-9,18.8000011,
,,,296.00002449E-9,-319.99999285E-3,,,,,296.00002449E-9,-319.99999285E-3,,,,,296.00002449E-9,18.8000011,
,,,296.40000321E-9,-319.99999285E-3,,,,,296.40000321E-9,-319.99999285E-3,,,,,296.40000321E-9,18.8000011,
,,,296.80001035E-9,-359.99998450E-3,,,,,296.80001035E-9,-319.99999285E-3,,,,,296.80001035E-9,18.8000011,
,,,297.20001749E-9,-359.99998450E-3,,,,,297.20001749E-9,-280.00000119E-3,,,,,297.20001749E-9,19.2000008,
,,,297.60002462E-9,-359.99998450E-3,,,,,297.60002462E-9,-159.99999642E-3,,,,,297.60002462E-9,19.2000008,
,,,298.00000334E-9,-280.00000119E-3,,,,,298.00000334E-9,39.99999911E-3,,,,,298.00000334E-9,19.6000004,
,,,298.40001048E-9,-199.99998808E-3,,,,,298.40001048E-9,239.99999464E-3,,,,,298.40001048E-9,19.6000004,
,,,298.80001762E-9,-119.9999973E-3,,,,,298.80001762E-9,439.999997616E-3,,,,,298.80001762E-9,19.6000004,
,,,299.20002476E-9,0.0,,,,,299.20002476E-9,639.999985695E-3,,,,,299.20002476E-9,19.6000004,
,,,299.60000347E-9,39.99999911E-3,,,,,299.60000347E-9,839.999973774E-3,,,,,299.60000347E-9,19.6000004,
,,,300.00001061E-9,119.9999973E-3,,,,,300.00001061E-9,1.000000,,,,,300.00001061E-9,19.6000004,
,,,300.40001775E-9,159.99999642E-3,,,,,300.40001775E-9,1.1200000,,,,,300.40001775E-9,19.6000004,
,,,300.80002489E-9,199.99998808E-3,,,,,300.80002489E-9,1.1999999,,,,,300.80002489E-9,20.0000000,
,,,301.20000361E-9,199.99998808E-3,,,,,301.20000361E-9,1.2800000,,,,,301.20000361E-9,20.39999962,
,,,301.60001074E-9,239.99999464E-3,,,,,301.60001074E-9,1.3199999,,,,,301.60001074E-9,20.39999962,
,,,302.00001788E-9,280.00000119E-3,,,,,302.00001788E-9,1.3199999,,,,,302.00001788E-9,20.39999962,
,,,302.40002502E-9,280.00000119E-3,,,,,302.40002502E-9,1.2800000,,,,,302.40002502E-9,20.39999962,
,,,302.80000374E-9,239.99999464E-3,,,,,302.80000374E-9,1.1999999,,,,,302.80000374E-9,20.80000114,
,,,303.20001088E-9,199.99998808E-3,,,,,303.20001088E-9,1.0799999,,,,,303.20001088E-9,20.80000114,
,,,303.60001801E-9,159.99999642E-3,,,,,303.60001801E-9,959.999978542E-3,,,,,303.60001801E-9,20.80000114,
,,,304.00002515E-9,79.999998212E-3,,,,,304.00002515E-9,839.999973774E-3,,,,,304.00002515E-9,20.80000114,
,,,304.40000387E-9,39.99999911E-3,,,,,304.40000387E-9,719.999969006E-3,,,,,304.40000387E-9,20.80000114,
,,,304.80001101E-9,-39.99999911E-3,,,,,304.80001101E-9,519.999980927E-3,,,,,304.80001101E-9,21.20000076,
,,,305.20001815E-9,-39.99999911E-3,,,,,305.20001815E-9,280.00000119E-3,,,,,305.20001815E-9,21.20000076,
,,,305.60002529E-9,-39.99999911E-3,,,,,305.60002529E-9,79.999998212E-3,,,,,305.60002529E-9,21.60000038,
,,,306.00000400E-9,-39.99999911E-3,,,,,306.00000400E-9,-39.99999911E-3,,,,,306.00000400E-9,22.00000000,
,,,306.40001114E-9,0.0,,,,,306.40001114E-9,-159.99999642E-3,,,,,306.40001114E-9,22.39999962,
,,,306.80001828E-9,0.0,,,,,306.80001828E-9,-239.99999464E-3,,,,,306.80001828E-9,22.39999962,
,,,307.20002542E-9,0.0,,,,,307.20002542E-9,-319.99999285E-3,,,,,307.20002542E-9,22.39999962,
,,,307.60000413E-9,-39.99999911E-3,,,,,307.60000413E-9,-359.99998450E-3,,,,,307.60000413E-9,22.00000000,
,,,308.00001127E-9,-39.99999911E-3,,,,,308.00001127E-9,-439.999997616E-3,,,,,308.00001127E-9,21.60000038,
,,,308.40001841E-9,-39.99999911E-3,,,,,308.40001841E-9,-439.999997616E-3,,,,,308.40001841E-9,21.20000076,
,,,308.80002555E-9,-39.99999911E-3,,,,,308.80002555E-9,-479.999989271E-3,,,,,308.80002555E-9,20.80000114,
,,,309.20000427E-9,39.99999911E-3,,,,,309.20000427E-9,-439.999997616E-3,,,,,309.20000427E-9,20.80000114,
,,,309.60001141E-9,119.9999973E-3,,,,,309.60001141E-9,-359.99998450E-3,,,,,309.60001141E-9,20.39999962,
,,,310.00001854E-9,199.99998808E-3,,,,,310.00001854E-9,-159.99999642E-3,,,,,310.00001854E-9,20.39999962,
,,,310.40002568E-9,280.00000119E-3,,,,,310.40002568E-9,79.999998212E-3,,,,,310.40002568E-9,20.39999962,
,,,310.80000440E-9,319.99999285E-3,,,,,310.80000440E-9,239.99999464E-3,,,,,310.80000440E-9,20.80000114,
,,,311.20001154E-9,319.99999285E-3,,,,,311.20001154E-9,439.999997616E-3,,,,,311.20001154E-9,20.80000114,
,,,311.60001868E-9,359.99998450E-3,,,,,311.60001868E-9,560.000002384E-3,,,,,311.60001868E-9,20.80000114,
,,,312.00002581E-9,399.99997616E-3,,,,,312.00002581E-9,639.999985695E-3,,,,,312.00002581E-9,20.39999962,
,,,312.40000453E-9,439.999997616E-3,,,,,312.40000453E-9,759.999990463E-3,,,,,312.40000453E-9,20.39999962,
,,,312.80001167E-9,439.999997616E-3,,,,,312.80001167E-9,839.999973774E-3,,,,,312.80001167E-9,20.0000000,
,,,313.20001881E-9,439.999997616E-3,,,,,313.20001881E-9,959.999978542E-3,,,,,313.20001881E-9,20.0000000,
,,,313.60002595E-9,399.99997616E-3,,,,,313.60002595E-9,1.000000,,,,,313.60002595E-9,19.6000004,
,,,314.00000466E-9,359.99998450E-3,,,,,314.00000466E-9,1.0400000,,,,,314.00000466E-9,19.6000004,
,,,314.40001180E-9,359.99998450E-3,,,,,314.40001180E-9,1.0400000,,,,,314.40001180E-9,19.6000004,
,,,314.80001894E-9,359.99998450E-3,,,,,314.80001894E-9,919.999957085E-3,,,,,314.80001894E-9,19.6000004,
,,,315.20002608E-9,359.99998450E-3,,,,,315.20002608E-9,799.999952316E-3,,,,,315.20002608E-9,19.6000004,
,,,315.60000480E-9,319.99999285E-3,,,,,315.60000480E-9,680.000007153E-3,,,,,315.60000480E-9,19.6000004,
,,,316.00001194E-9,319.99999285E-3,,,,,316.00001194E-9,560.000002384E-3,,,,,316.00001194E-9,19.6000004,
,,,316.40001907E-9,280.00000119E-3,,,,,316.40001907E-9,479.999989271E-3,,,,,316.40001907E-9,19.6000004,
,,,316.80002621E-9,159.99999642E-3,,,,,316.80002621E-9,359.99998450E-3,,,,,316.80002621E-9,19.6000004,
,,,317.20000493E-9,79.999998212E-3,,,,,317.20000493E-9,239.99999464E-3,,,,,317.20000493E-9,19.6000004,
,,,317.60001207E-9,0.0,,,,,317.60001207E-9,119.9999973E-3,,,,,317.60001207E-9,19.6000004,
,,,318.00001921E-9,-79.999998212E-3,,,,,318.00001921E-9,0.0,,,,,318.00001921E-9,19.6000004,
,,,318.40002634E-9,-119.9999973E-3,,,,,318.40002634E-9,-39.99999911E-3,,,,,318.40002634E-9,19.2000008,
,,,318.80000506E-9,-159.99999642E-3,,,,,318.80000506E-9,-79.999998212E-3,,,,,318.80000506E-9,19.2000008,
,,,319.20001220E-9,-199.99998808E-3,,,,,319.20001220E-9,-39.99999911E-3,,,,,319.20001220E-9,19.2000008,
,,,319.60001934E-9,-239.99999464E-3,,,,,319.60001934E-9,0.0,,,,,319.60001934E-9,19.6000004,
,,,320.00002648E-9,-239.99999464E-3,,,,,320.00002648E-9,39.99999911E-3,,,,,320.00002648E-9,19.6000004,
,,,320.40000519E-9,-239.99999464E-3,,,,,320.40000519E-9,79.999998212E-3,,,,,320.40000519E-9,20.39999962,
,,,320.80001233E-9,-239.99999464E-3,,,,,320.80001233E-9,79.999998212E-3,,,,,320.80001233E-9,20.80000114,
,,,321.20001947E-9,-239.99999464E-3,,,,,321.20001947E-9,119.9999973E-3,,,,,321.20001947E-9,21.20000076,
,,,321.60002661E-9,-239.99999464E-3,,,,,321.60002661E-9,199.99998808E-3,,,,,321.60002661E-9,20.80000114,
,,,322.00000533E-9,-280.00000119E-3,,,,,322.00000533E-9,359.99998450E-3,,,,,322.00000533E-9,20.80000114,
,,,322.40001246E-9,-239.99999464E-3,,,,,322.40001246E-9,560.000002384E-3,,,,,322.40001246E-9,20.80000114,
,,,322.80001960E-9,-239.99999464E-3,,,,,322.80001960E-9,759.999990463E-3,,,,,322.80001960E-9,20.80000114,
,,,323.20002674E-9,-199.99998808E-3,,,,,323.20002674E-9,919.999957085E-3,,,,,323.20002674E-9,21.20000076,
,,,323.60000546E-9,-159.99999642E-3,,,,,323.60000546E-9,1.0400000,,,,,323.60000546E-9,21.60000038,
,,,324.00001260E-9,-119.9999973E-3,,,,,324.00001260E-9,1.0400000,,,,,324.00001260E-9,22.00000000,
,,,324.40001974E-9,-79.999998212E-3,,,,,324.40001974E-9,1.0799999,,,,,324.40001974E-9,22.00000000,
,,,324.80002687E-9,-79.999998212E-3,,,,,324.80002687E-9,1.0799999,,,,,324.80002687E-9,22.00000000,
,,,325.20000559E-9,-79.999998212E-3,,,,,325.20000559E-9,1.0799999,,,,,325.20000559E-9,22.00000000,
,,,325.60001273E-9,-39.99999911E-3,,,,,325.60001273E-9,1.0799999,,,,,325.60001273E-9,22.00000000,
,,,326.00001987E-9,-39.99999911E-3,,,,,326.00001987E-9,1.0799999,,,,,326.00001987E-9,22.00000000,
,,,326.40002701E-9,0.0,,,,,326.40002701E-9,1.0799999,,,,,326.40002701E-9,22.00000000,
,,,326.80000572E-9,0.0,,,,,326.80000572E-9,1.000000,,,,,326.80000572E-9,22.00000000,
,,,327.20001286E-9,39.99999911E-3,,,,,327.20001286E-9,919.999957085E-3,,,,,327.20001286E-9,22.39999962,
,,,327.60002000E-9,79.999998212E-3,,,,,327.60002000E-9,799.999952316E-3,,,,,327.60002000E-9,22.39999962,
,,,328.00002714E-9,119.9999973E-3,,,,,328.00002714E-9,639.999985695E-3,,,,,328.00002714E-9,22.39999962,
,,,328.40000586E-9,159.99999642E-3,,,,,328.40000586E-9,479.999989271E-3,,,,,328.40000586E-9,22.39999962,
,,,328.80001299E-9,159.99999642E-3,,,,,328.80001299E-9,319.99999285E-3,,,,,328.80001299E-9,22.00000000,
,,,329.20002013E-9,199.99998808E-3,,,,,329.20002013E-9,239.99999464E-3,,,,,329.20002013E-9,22.00000000,
,,,329.60002727E-9,159.99999642E-3,,,,,329.60002727E-9,159.99999642E-3,,,,,329.60002727E-9,21.60000038,
,,,330.00000599E-9,119.9999973E-3,,,,,330.00000599E-9,119.9999973E-3,,,,,330.00000599E-9,21.60000038,
,,,330.40001313E-9,119.9999973E-3,,,,,330.40001313E-9,79.999998212E-3,,,,,330.40001313E-9,21.60000038,
,,,330.80002027E-9,79.999998212E-3,,,,,330.80002027E-9,39.99999911E-3,,,,,330.80002027E-9,21.60000038,
,,,331.20002740E-9,119.9999973E-3,,,,,331.20002740E-9,0.0,,,,,331.20002740E-9,21.20000076,
,,,331.60000612E-9,119.9999973E-3,,,,,331.60000612E-9,-39.99999911E-3,,,,,331.60000612E-9,20.80000114,
,,,332.00001326E-9,119.9999973E-3,,,,,332.00001326E-9,-39.99999911E-3,,,,,332.00001326E-9,20.80000114,
,,,332.40002040E-9,119.9999973E-3,,,,,332.40002040E-9,0.0,,,,,332.40002040E-9,20.80000114,
,,,332.80002754E-9,79.999998212E-3,,,,,332.80002754E-9,39.99999911E-3,,,,,332.80002754E-9,20.80000114,
,,,333.20000625E-9,39.99999911E-3,,,,,333.20000625E-9,119.9999973E-3,,,,,333.20000625E-9,20.39999962,
,,,333.60001339E-9,0.0,,,,,333.60001339E-9,159.99999642E-3,,,,,333.60001339E-9,20.39999962,
,,,334.00002053E-9,0.0,,,,,334.00002053E-9,239.99999464E-3,,,,,334.00002053E-9,20.39999962,
,,,334.39999925E-9,0.0,,,,,334.39999925E-9,359.99998450E-3,,,,,334.39999925E-9,20.39999962,
,,,334.80000639E-9,-39.99999911E-3,,,,,334.80000639E-9,479.999989271E-3,,,,,334.80000639E-9,20.39999962,
,,,335.20001352E-9,0.0,,,,,335.20001352E-9,560.000002384E-3,,,,,335.20001352E-9,20.0000000,
,,,335.60002066E-9,0.0,,,,,335.60002066E-9,680.000007153E-3,,,,,335.60002066E-9,20.0000000,
,,,335.99999938E-9,0.0,,,,,335.99999938E-9,719.999969006E-3,,,,,335.99999938E-9,20.0000000,
,,,336.40000652E-9,39.99999911E-3,,,,,336.40000652E-9,759.999990463E-3,,,,,336.40000652E-9,20.0000000,
,,,336.80001366E-9,39.99999911E-3,,,,,336.80001366E-9,719.999969006E-3,,,,,336.80001366E-9,20.0000000,
,,,337.20002079E-9,79.999998212E-3,,,,,337.20002079E-9,680.000007153E-3,,,,,337.20002079E-9,20.0000000,
,,,337.59999951E-9,119.9999973E-3,,,,,337.59999951E-9,680.000007153E-3,,,,,337.59999951E-9,20.39999962,
,,,338.00000665E-9,119.9999973E-3,,,,,338.00000665E-9,680.000007153E-3,,,,,338.00000665E-9,20.80000114,
,,,338.40001379E-9,159.99999642E-3,,,,,338.40001379E-9,719.999969006E-3,,,,,338.40001379E-9,20.80000114,
,,,338.80002093E-9,159.99999642E-3,,,,,338.80002093E-9,719.999969006E-3,,,,,338.80002093E-9,20.80000114,
,,,339.19999964E-9,199.99998808E-3,,,,,339.19999964E-9,680.000007153E-3,,,,,339.19999964E-9,20.80000114,
,,,339.60000678E-9,159.99999642E-3,,,,,339.60000678E-9,599.999964237E-3,,,,,339.60000678E-9,20.39999962,
,,,340.00001392E-9,159.99999642E-3,,,,,340.00001392E-9,519.999980927E-3,,,,,340.00001392E-9,20.0000000,
,,,340.40002106E-9,119.9999973E-3,,,,,340.40002106E-9,439.999997616E-3,,,,,340.40002106E-9,20.0000000,
,,,340.79999978E-9,79.999998212E-3,,,,,340.79999978E-9,399.99997616E-3,,,,,340.79999978E-9,20.0000000,
,,,341.20000691E-9,39.99999911E-3,,,,,341.20000691E-9,399.99997616E-3,,,,,341.20000691E-9,20.39999962,
,,,341.60001405E-9,39.99999911E-3,,,,,341.60001405E-9,399.99997616E-3,,,,,341.60001405E-9,20.80000114,
,,,342.00002119E-9,39.99999911E-3,,,,,342.00002119E-9,359.99998450E-3,,,,,342.00002119E-9,21.20000076,
,,,342.39999991E-9,79.999998212E-3,,,,,342.39999991E-9,399.99997616E-3,,,,,342.39999991E-9,21.60000038,
,,,342.80000705E-9,79.999998212E-3,,,,,342.80000705E-9,399.99997616E-3,,,,,342.80000705E-9,21.60000038,
,,,343.20001419E-9,39.99999911E-3,,,,,343.20001419E-9,399.99997616E-3,,,,,343.20001419E-9,21.60000038,
,,,343.60002132E-9,0.0,,,,,343.60002132E-9,479.999989271E-3,,,,,343.60002132E-9,21.60000038,
,,,344.00000004E-9,-79.999998212E-3,,,,,344.00000004E-9,560.000002384E-3,,,,,344.00000004E-9,21.20000076,
,,,344.40000718E-9,-119.9999973E-3,,,,,344.40000718E-9,639.999985695E-3,,,,,344.40000718E-9,21.60000038,
,,,344.80001432E-9,-159.99999642E-3,,,,,344.80001432E-9,680.000007153E-3,,,,,344.80001432E-9,21.60000038,
,,,345.20002146E-9,-199.99998808E-3,,,,,345.20002146E-9,680.000007153E-3,,,,,345.20002146E-9,22.00000000,
,,,345.60000017E-9,-239.99999464E-3,,,,,345.60000017E-9,639.999985695E-3,,,,,345.60000017E-9,22.00000000,
,,,346.00000731E-9,-280.00000119E-3,,,,,346.00000731E-9,599.999964237E-3,,,,,346.00000731E-9,22.00000000,
,,,346.40001445E-9,-280.00000119E-3,,,,,346.40001445E-9,560.000002384E-3,,,,,346.40001445E-9,22.00000000,
,,,346.80002159E-9,-319.99999285E-3,,,,,346.80002159E-9,560.000002384E-3,,,,,346.80002159E-9,22.00000000,
,,,347.20000031E-9,-319.99999285E-3,,,,,347.20000031E-9,599.999964237E-3,,,,,347.20000031E-9,22.39999962,
,,,347.60000744E-9,-319.99999285E-3,,,,,347.60000744E-9,639.999985695E-3,,,,,347.60000744E-9,22.80000114,
,,,348.00001458E-9,-239.99999464E-3,,,,,348.00001458E-9,680.000007153E-3,,,,,348.00001458E-9,22.80000114,
,,,348.40002172E-9,-159.99999642E-3,,,,,348.40002172E-9,719.999969006E-3,,,,,348.40002172E-9,23.20000076,
,,,348.80000044E-9,-79.999998212E-3,,,,,348.80000044E-9,639.999985695E-3,,,,,348.80000044E-9,23.20000076,
,,,349.20000758E-9,39.99999911E-3,,,,,349.20000758E-9,560.000002384E-3,,,,,349.20000758E-9,23.20000076,
,,,349.60001472E-9,79.999998212E-3,,,,,349.60001472E-9,479.999989271E-3,,,,,349.60001472E-9,23.20000076,
,,,350.00002185E-9,159.99999642E-3,,,,,350.00002185E-9,399.99997616E-3,,,,,350.00002185E-9,23.20000076,
,,,350.40000057E-9,199.99998808E-3,,,,,350.40000057E-9,359.99998450E-3,,,,,350.40000057E-9,22.80000114,
,,,350.80000771E-9,199.99998808E-3,,,,,350.80000771E-9,319.99999285E-3,,,,,350.80000771E-9,22.80000114,
,,,351.20001485E-9,199.99998808E-3,,,,,351.20001485E-9,280.00000119E-3,,,,,351.20001485E-9,22.39999962,
,,,351.60002199E-9,239.99999464E-3,,,,,351.60002199E-9,239.99999464E-3,,,,,351.60002199E-9,22.00000000,
,,,352.00000070E-9,280.00000119E-3,,,,,352.00000070E-9,159.99999642E-3,,,,,352.00000070E-9,21.60000038,
,,,352.40000784E-9,359.99998450E-3,,,,,352.40000784E-9,159.99999642E-3,,,,,352.40000784E-9,21.60000038,
,,,352.80001498E-9,359.99998450E-3,,,,,352.80001498E-9,159.99999642E-3,,,,,352.80001498E-9,21.20000076,
,,,353.20002212E-9,399.99997616E-3,,,,,353.20002212E-9,199.99998808E-3,,,,,353.20002212E-9,21.60000038,
,,,353.60000084E-9,399.99997616E-3,,,,,353.60000084E-9,239.99999464E-3,,,,,353.60000084E-9,21.20000076,
,,,354.00000797E-9,359.99998450E-3,,,,,354.00000797E-9,319.99999285E-3,,,,,354.00000797E-9,21.60000038,
,,,354.40001511E-9,359.99998450E-3,,,,,354.40001511E-9,399.99997616E-3,,,,,354.40001511E-9,21.60000038,
,,,354.80002225E-9,319.99999285E-3,,,,,354.80002225E-9,399.99997616E-3,,,,,354.80002225E-9,21.60000038,
,,,355.20000097E-9,239.99999464E-3,,,,,355.20000097E-9,439.999997616E-3,,,,,355.20000097E-9,21.20000076,
,,,355.60000811E-9,199.99998808E-3,,,,,355.60000811E-9,479.999989271E-3,,,,,355.60000811E-9,21.20000076,
,,,356.00001524E-9,159.99999642E-3,,,,,356.00001524E-9,519.999980927E-3,,,,,356.00001524E-9,20.80000114,
,,,356.40002238E-9,119.9999973E-3,,,,,356.40002238E-9,599.999964237E-3,,,,,356.40002238E-9,20.80000114,
,,,356.80000110E-9,39.99999911E-3,,,,,356.80000110E-9,680.000007153E-3,,,,,356.80000110E-9,20.39999962,
,,,357.20000824E-9,0.0,,,,,357.20000824E-9,719.999969006E-3,,,,,357.20000824E-9,20.39999962,
,,,357.60001538E-9,-39.99999911E-3,,,,,357.60001538E-9,759.999990463E-3,,,,,357.60001538E-9,20.39999962,
,,,358.00002252E-9,-39.99999911E-3,,,,,358.00002252E-9,719.999969006E-3,,,,,358.00002252E-9,20.39999962,
,,,358.40000123E-9,-39.99999911E-3,,,,,358.40000123E-9,680.000007153E-3,,,,,358.40000123E-9,20.39999962,
,,,358.80000837E-9,-39.99999911E-3,,,,,358.80000837E-9,599.999964237E-3,,,,,358.80000837E-9,20.39999962,
,,,359.20001551E-9,-39.99999911E-3,,,,,359.20001551E-9,560.000002384E-3,,,,,359.20001551E-9,20.80000114,
,,,359.60002265E-9,0.0,,,,,359.60002265E-9,560.000002384E-3,,,,,359.60002265E-9,20.80000114,
,,,360.00000136E-9,0.0,,,,,360.00000136E-9,560.000002384E-3,,,,,360.00000136E-9,20.80000114,
,,,360.40000850E-9,0.0,,,,,360.40000850E-9,560.000002384E-3,,,,,360.40000850E-9,20.39999962,
,,,360.80001564E-9,0.0,,,,,360.80001564E-9,519.999980927E-3,,,,,360.80001564E-9,20.0000000,
,,,361.20002278E-9,39.99999911E-3,,,,,361.20002278E-9,479.999989271E-3,,,,,361.20002278E-9,19.6000004,
,,,361.60000150E-9,79.999998212E-3,,,,,361.60000150E-9,439.999997616E-3,,,,,361.60000150E-9,19.2000008,
,,,362.00000864E-9,79.999998212E-3,,,,,362.00000864E-9,399.99997616E-3,,,,,362.00000864E-9,19.2000008,
,,,362.40001577E-9,79.999998212E-3,,,,,362.40001577E-9,359.99998450E-3,,,,,362.40001577E-9,19.6000004,
,,,362.80002291E-9,79.999998212E-3,,,,,362.80002291E-9,319.99999285E-3,,,,,362.80002291E-9,20.0000000,
,,,363.20000163E-9,79.999998212E-3,,,,,363.20000163E-9,319.99999285E-3,,,,,363.20000163E-9,20.80000114,
,,,363.60000877E-9,79.999998212E-3,,,,,363.60000877E-9,280.00000119E-3,,,,,363.60000877E-9,21.60000038,
,,,364.00001591E-9,79.999998212E-3,,,,,364.00001591E-9,280.00000119E-3,,,,,364.00001591E-9,22.00000000,
,,,364.40002305E-9,119.9999973E-3,,,,,364.40002305E-9,280.00000119E-3,,,,,364.40002305E-9,22.00000000,
,,,364.80000176E-9,119.9999973E-3,,,,,364.80000176E-9,280.00000119E-3,,,,,364.80000176E-9,22.00000000,
,,,365.20000890E-9,119.9999973E-3,,,,,365.20000890E-9,359.99998450E-3,,,,,365.20000890E-9,22.00000000,
,,,365.60001604E-9,79.999998212E-3,,,,,365.60001604E-9,439.999997616E-3,,,,,365.60001604E-9,22.00000000,
,,,366.00002318E-9,39.99999911E-3,,,,,366.00002318E-9,560.000002384E-3,,,,,366.00002318E-9,22.00000000,
,,,366.40000189E-9,0.0,,,,,366.40000189E-9,639.999985695E-3,,,,,366.40000189E-9,22.00000000,
,,,366.80000903E-9,-79.999998212E-3,,,,,366.80000903E-9,599.999964237E-3,,,,,366.80000903E-9,22.00000000,
,,,367.20001617E-9,-199.99998808E-3,,,,,367.20001617E-9,560.000002384E-3,,,,,367.20001617E-9,22.39999962,
,,,367.60002331E-9,-239.99999464E-3,,,,,367.60002331E-9,519.999980927E-3,,,,,367.60002331E-9,22.80000114,
,,,368.00000203E-9,-239.99999464E-3,,,,,368.00000203E-9,519.999980927E-3,,,,,368.00000203E-9,23.20000076,
,,,368.40000917E-9,-239.99999464E-3,,,,,368.40000917E-9,519.999980927E-3,,,,,368.40000917E-9,23.60000038,
,,,368.80001630E-9,-239.99999464E-3,,,,,368.80001630E-9,560.000002384E-3,,,,,368.80001630E-9,23.60000038,
,,,369.20002344E-9,-199.99998808E-3,,,,,369.20002344E-9,639.999985695E-3,,,,,369.20002344E-9,23.60000038,
,,,369.60000216E-9,-159.99999642E-3,,,,,369.60000216E-9,680.000007153E-3,,,,,369.60000216E-9,23.60000038,
,,,370.00000930E-9,-79.999998212E-3,,,,,370.00000930E-9,719.999969006E-3,,,,,370.00000930E-9,23.60000038,
,,,370.40001644E-9,0.0,,,,,370.40001644E-9,719.999969006E-3,,,,,370.40001644E-9,23.60000038,
,,,370.80002357E-9,0.0,,,,,370.80002357E-9,639.999985695E-3,,,,,370.80002357E-9,23.60000038,
,,,371.20000229E-9,39.99999911E-3,,,,,371.20000229E-9,599.999964237E-3,,,,,371.20000229E-9,23.20000076,
,,,371.60000943E-9,79.999998212E-3,,,,,371.60000943E-9,519.999980927E-3,,,,,371.60000943E-9,23.20000076,
,,,372.00001657E-9,119.9999973E-3,,,,,372.00001657E-9,439.999997616E-3,,,,,372.00001657E-9,22.80000114,
,,,372.40002371E-9,199.99998808E-3,,,,,372.40002371E-9,359.99998450E-3,,,,,372.40002371E-9,22.80000114,
,,,372.80000242E-9,239.99999464E-3,,,,,372.80000242E-9,280.00000119E-3,,,,,372.80000242E-9,22.39999962,
,,,373.20000956E-9,239.99999464E-3,,,,,373.20000956E-9,199.99998808E-3,,,,,373.20000956E-9,22.00000000,
,,,373.60001670E-9,280.00000119E-3,,,,,373.60001670E-9,119.9999973E-3,,,,,373.60001670E-9,21.60000038,
,,,374.00002384E-9,280.00000119E-3,,,,,374.00002384E-9,39.99999911E-3,,,,,374.00002384E-9,21.60000038,
,,,374.40000256E-9,319.99999285E-3,,,,,374.40000256E-9,39.99999911E-3,,,,,374.40000256E-9,21.60000038,
,,,374.80000969E-9,319.99999285E-3,,,,,374.80000969E-9,39.99999911E-3,,,,,374.80000969E-9,21.20000076,
,,,375.20001683E-9,319.99999285E-3,,,,,375.20001683E-9,39.99999911E-3,,,,,375.20001683E-9,20.80000114,
,,,375.60002397E-9,280.00000119E-3,,,,,375.60002397E-9,39.99999911E-3,,,,,375.60002397E-9,20.80000114,
,,,376.00000269E-9,239.99999464E-3,,,,,376.00000269E-9,39.99999911E-3,,,,,376.00000269E-9,20.80000114,
,,,376.40000983E-9,239.99999464E-3,,,,,376.40000983E-9,39.99999911E-3,,,,,376.40000983E-9,20.80000114,
,,,376.80001697E-9,239.99999464E-3,,,,,376.80001697E-9,39.99999911E-3,,,,,376.80001697E-9,20.80000114,
,,,377.20002410E-9,239.99999464E-3,,,,,377.20002410E-9,39.99999911E-3,,,,,377.20002410E-9,20.80000114,
,,,377.60000282E-9,199.99998808E-3,,,,,377.60000282E-9,79.999998212E-3,,,,,377.60000282E-9,20.80000114,
,,,378.00000996E-9,159.99999642E-3,,,,,378.00000996E-9,159.99999642E-3,,,,,378.00000996E-9,21.20000076,
,,,378.40001710E-9,119.9999973E-3,,,,,378.40001710E-9,280.00000119E-3,,,,,378.40001710E-9,21.20000076,
,,,378.80002424E-9,39.99999911E-3,,,,,378.80002424E-9,359.99998450E-3,,,,,378.80002424E-9,20.80000114,
,,,379.20000295E-9,39.99999911E-3,,,,,379.20000295E-9,439.999997616E-3,,,,,379.20000295E-9,20.80000114,
,,,379.60001009E-9,39.99999911E-3,,,,,379.60001009E-9,479.999989271E-3,,,,,379.60001009E-9,20.80000114,
,,,380.00001723E-9,79.999998212E-3,,,,,380.00001723E-9,479.999989271E-3,,,,,380.00001723E-9,20.80000114,
,,,380.40002437E-9,119.9999973E-3,,,,,380.40002437E-9,479.999989271E-3,,,,,380.40002437E-9,21.20000076,
,,,380.80000309E-9,119.9999973E-3,,,,,380.80000309E-9,519.999980927E-3,,,,,380.80000309E-9,21.20000076,
,,,381.20001022E-9,159.99999642E-3,,,,,381.20001022E-9,560.000002384E-3,,,,,381.20001022E-9,21.20000076,
,,,381.60001736E-9,199.99998808E-3,,,,,381.60001736E-9,599.999964237E-3,,,,,381.60001736E-9,20.80000114,
,,,382.00002450E-9,199.99998808E-3,,,,,382.00002450E-9,680.000007153E-3,,,,,382.00002450E-9,20.39999962,
,,,382.40000322E-9,239.99999464E-3,,,,,382.40000322E-9,759.999990463E-3,,,,,382.40000322E-9,20.0000000,
,,,382.80001036E-9,239.99999464E-3,,,,,382.80001036E-9,759.999990463E-3,,,,,382.80001036E-9,20.0000000,
,,,383.20001750E-9,280.00000119E-3,,,,,383.20001750E-9,799.999952316E-3,,,,,383.20001750E-9,20.0000000,
,,,383.60002463E-9,239.99999464E-3,,,,,383.60002463E-9,759.999990463E-3,,,,,383.60002463E-9,20.39999962,
,,,384.00000335E-9,239.99999464E-3,,,,,384.00000335E-9,759.999990463E-3,,,,,384.00000335E-9,20.80000114,
,,,384.40001049E-9,239.99999464E-3,,,,,384.40001049E-9,719.999969006E-3,,,,,384.40001049E-9,21.20000076,
,,,384.80001763E-9,239.99999464E-3,,,,,384.80001763E-9,639.999985695E-3,,,,,384.80001763E-9,21.60000038,
,,,385.20002477E-9,239.99999464E-3,,,,,385.20002477E-9,599.999964237E-3,,,,,385.20002477E-9,22.00000000,
,,,385.60000348E-9,280.00000119E-3,,,,,385.60000348E-9,479.999989271E-3,,,,,385.60000348E-9,22.00000000,
,,,386.00001062E-9,280.00000119E-3,,,,,386.00001062E-9,399.99997616E-3,,,,,386.00001062E-9,22.00000000,
,,,386.40001776E-9,280.00000119E-3,,,,,386.40001776E-9,319.99999285E-3,,,,,386.40001776E-9,22.00000000,
,,,386.80002490E-9,199.99998808E-3,,,,,386.80002490E-9,280.00000119E-3,,,,,386.80002490E-9,22.00000000,
,,,387.20000362E-9,119.9999973E-3,,,,,387.20000362E-9,280.00000119E-3,,,,,387.20000362E-9,22.00000000,
,,,387.60001075E-9,39.99999911E-3,,,,,387.60001075E-9,319.99999285E-3,,,,,387.60001075E-9,22.39999962,
,,,388.00001789E-9,-39.99999911E-3,,,,,388.00001789E-9,319.99999285E-3,,,,,388.00001789E-9,22.80000114,
,,,388.40002503E-9,-119.9999973E-3,,,,,388.40002503E-9,319.99999285E-3,,,,,388.40002503E-9,22.80000114,
,,,388.80000375E-9,-199.99998808E-3,,,,,388.80000375E-9,239.99999464E-3,,,,,388.80000375E-9,23.20000076,
,,,389.20001089E-9,-280.00000119E-3,,,,,389.20001089E-9,199.99998808E-3,,,,,389.20001089E-9,23.20000076,
,,,389.60001802E-9,-319.99999285E-3,,,,,389.60001802E-9,159.99999642E-3,,,,,389.60001802E-9,23.20000076,
,,,390.00002516E-9,-359.99998450E-3,,,,,390.00002516E-9,199.99998808E-3,,,,,390.00002516E-9,23.60000038,
,,,390.40000388E-9,-319.99999285E-3,,,,,390.40000388E-9,239.99999464E-3,,,,,390.40000388E-9,24.00000000,
,,,390.80001102E-9,-280.00000119E-3,,,,,390.80001102E-9,319.99999285E-3,,,,,390.80001102E-9,24.00000000,
,,,391.20001816E-9,-199.99998808E-3,,,,,391.20001816E-9,439.999997616E-3,,,,,391.20001816E-9,24.00000000,
,,,391.60002530E-9,-119.9999973E-3,,,,,391.60002530E-9,479.999989271E-3,,,,,391.60002530E-9,24.00000000,
,,,392.00000401E-9,-39.99999911E-3,,,,,392.00000401E-9,439.999997616E-3,,,,,392.00000401E-9,24.00000000,
,,,392.40001115E-9,39.99999911E-3,,,,,392.40001115E-9,439.999997616E-3,,,,,392.40001115E-9,24.00000000,
,,,392.80001829E-9,79.999998212E-3,,,,,392.80001829E-9,399.99997616E-3,,,,,392.80001829E-9,23.60000038,
,,,393.20002543E-9,79.999998212E-3,,,,,393.20002543E-9,359.99998450E-3,,,,,393.20002543E-9,23.60000038,
,,,393.60000414E-9,119.9999973E-3,,,,,393.60000414E-9,319.99999285E-3,,,,,393.60000414E-9,23.20000076,
,,,394.00001128E-9,119.9999973E-3,,,,,394.00001128E-9,319.99999285E-3,,,,,394.00001128E-9,22.80000114,
,,,394.40001842E-9,159.99999642E-3,,,,,394.40001842E-9,319.99999285E-3,,,,,394.40001842E-9,22.39999962,
,,,394.80002556E-9,159.99999642E-3,,,,,394.80002556E-9,280.00000119E-3,,,,,394.80002556E-9,22.00000000,
,,,395.20000428E-9,199.99998808E-3,,,,,395.20000428E-9,280.00000119E-3,,,,,395.20000428E-9,22.00000000,
,,,395.60001142E-9,239.99999464E-3,,,,,395.60001142E-9,239.99999464E-3,,,,,395.60001142E-9,22.00000000,
,,,396.00001855E-9,280.00000119E-3,,,,,396.00001855E-9,239.99999464E-3,,,,,396.00001855E-9,22.00000000,
,,,396.40002569E-9,319.99999285E-3,,,,,396.40002569E-9,239.99999464E-3,,,,,396.40002569E-9,22.39999962,
,,,396.80000441E-9,280.00000119E-3,,,,,396.80000441E-9,239.99999464E-3,,,,,396.80000441E-9,22.39999962,
,,,397.20001155E-9,239.99999464E-3,,,,,397.20001155E-9,280.00000119E-3,,,,,397.20001155E-9,22.39999962,
,,,397.60001869E-9,199.99998808E-3,,,,,397.60001869E-9,280.00000119E-3,,,,,397.60001869E-9,22.39999962,
,,,398.00002583E-9,159.99999642E-3,,,,,398.00002583E-9,280.00000119E-3,,,,,398.00002583E-9,22.39999962,
,,,398.40000454E-9,119.9999973E-3,,,,,398.40000454E-9,239.99999464E-3,,,,,398.40000454E-9,22.39999962,
,,,398.80001168E-9,39.99999911E-3,,,,,398.80001168E-9,159.99999642E-3,,,,,398.80001168E-9,22.00000000,
,,,399.20001882E-9,0.0,,,,,399.20001882E-9,159.99999642E-3,,,,,399.20001882E-9,22.00000000,
,,,399.60002596E-9,-39.99999911E-3,,,,,399.60002596E-9,159.99999642E-3,,,,,399.60002596E-9,22.00000000,
,,,400.00000467E-9,-79.999998212E-3,,,,,400.00000467E-9,199.99998808E-3,,,,,400.00000467E-9,21.60000038,
,,,400.40001181E-9,-79.999998212E-3,,,,,400.40001181E-9,280.00000119E-3,,,,,400.40001181E-9,21.60000038,
,,,400.80001895E-9,-79.999998212E-3,,,,,400.80001895E-9,319.99999285E-3,,,,,400.80001895E-9,21.20000076,
,,,401.20002609E-9,-79.999998212E-3,,,,,401.20002609E-9,359.99998450E-3,,,,,401.20002609E-9,21.20000076,
,,,401.60000481E-9,-39.99999911E-3,,,,,401.60000481E-9,399.99997616E-3,,,,,401.60000481E-9,21.20000076,
,,,402.00001195E-9,0.0,,,,,402.00001195E-9,439.999997616E-3,,,,,402.00001195E-9,21.20000076,
,,,402.40001908E-9,39.99999911E-3,,,,,402.40001908E-9,479.999989271E-3,,,,,402.40001908E-9,21.20000076,
,,,402.80002622E-9,39.99999911E-3,,,,,402.80002622E-9,519.999980927E-3,,,,,402.80002622E-9,21.20000076,
,,,403.20000494E-9,39.99999911E-3,,,,,403.20000494E-9,599.999964237E-3,,,,,403.20000494E-9,20.80000114,
,,,403.600012078E-9,0.0,,,,,403.600012078E-9,639.999985695E-3,,,,,403.600012078E-9,20.39999962,
,,,404.000019216E-9,0.0,,,,,404.000019216E-9,680.000007153E-3,,,,,404.000019216E-9,20.0000000,
,,,404.400026355E-9,0.0,,,,,404.400026355E-9,719.999969006E-3,,,,,404.400026355E-9,19.6000004,
,,,404.800005072E-9,-39.99999911E-3,,,,,404.800005072E-9,680.000007153E-3,,,,,404.800005072E-9,19.6000004,
,,,405.200012210E-9,-39.99999911E-3,,,,,405.200012210E-9,680.000007153E-3,,,,,405.200012210E-9,20.39999962,
,,,405.600019349E-9,0.0,,,,,405.600019349E-9,680.000007153E-3,,,,,405.600019349E-9,21.20000076,
,,,406.000026487E-9,39.99999911E-3,,,,,406.000026487E-9,639.999985695E-3,,,,,406.000026487E-9,22.00000000,
,,,406.400005204E-9,119.9999973E-3,,,,,406.400005204E-9,639.999985695E-3,,,,,406.400005204E-9,22.39999962,
,,,406.800012343E-9,159.99999642E-3,,,,,406.800012343E-9,560.000002384E-3,,,,,406.800012343E-9,22.80000114,
,,,407.200019481E-9,159.99999642E-3,,,,,407.200019481E-9,519.999980927E-3,,,,,407.200019481E-9,22.80000114,
,,,407.600026620E-9,199.99998808E-3,,,,,407.600026620E-9,479.999989271E-3,,,,,407.600026620E-9,22.80000114,
,,,408.000005336E-9,159.99999642E-3,,,,,408.000005336E-9,439.999997616E-3,,,,,408.000005336E-9,22.39999962,
,,,408.400012475E-9,119.9999973E-3,,,,,408.400012475E-9,439.999997616E-3,,,,,408.400012475E-9,22.39999962,
,,,408.800019613E-9,39.99999911E-3,,,,,408.800019613E-9,439.999997616E-3,,,,,408.800019613E-9,22.39999962,
,,,409.200026752E-9,0.0,,,,,409.200026752E-9,439.999997616E-3,,,,,409.200026752E-9,22.80000114,
,,,409.600005469E-9,-79.999998212E-3,,,,,409.600005469E-9,399.99997616E-3,,,,,409.600005469E-9,23.60000038,
,,,410.000012607E-9,-159.99999642E-3,,,,,410.000012607E-9,359.99998450E-3,,,,,410.000012607E-9,24.00000000,
,,,410.400019746E-9,-199.99998808E-3,,,,,410.400019746E-9,319.99999285E-3,,,,,410.400019746E-9,24.39999962,
,,,410.800026884E-9,-239.99999464E-3,,,,,410.800026884E-9,280.00000119E-3,,,,,410.800026884E-9,24.39999962,
,,,411.200005601E-9,-239.99999464E-3,,,,,411.200005601E-9,280.00000119E-3,,,,,411.200005601E-9,24.80000114,
,,,411.600012740E-9,-239.99999464E-3,,,,,411.600012740E-9,359.99998450E-3,,,,,411.600012740E-9,24.39999962,
,,,412.000019878E-9,-239.99999464E-3,,,,,412.000019878E-9,479.999989271E-3,,,,,412.000019878E-9,24.39999962,
,,,412.400027017E-9,-159.99999642E-3,,,,,412.400027017E-9,599.999964237E-3,,,,,412.400027017E-9,24.80000114,
,,,412.800005734E-9,-79.999998212E-3,,,,,412.800005734E-9,639.999985695E-3,,,,,412.800005734E-9,24.39999962,
,,,413.200012872E-9,0.0,,,,,413.200012872E-9,680.000007153E-3,,,,,413.200012872E-9,24.80000114,
,,,413.600020011E-9,79.999998212E-3,,,,,413.600020011E-9,680.000007153E-3,,,,,413.600020011E-9,24.80000114,
,,,414.000027149E-9,119.9999973E-3,,,,,414.000027149E-9,680.000007153E-3,,,,,414.000027149E-9,24.80000114,
,,,414.400005866E-9,159.99999642E-3,,,,,414.400005866E-9,639.999985695E-3,,,,,414.400005866E-9,24.39999962,
,,,414.800013004E-9,159.99999642E-3,,,,,414.800013004E-9,599.999964237E-3,,,,,414.800013004E-9,24.00000000,
,,,415.200020143E-9,199.99998808E-3,,,,,415.200020143E-9,599.999964237E-3,,,,,415.200020143E-9,23.60000038,
,,,415.600027281E-9,239.99999464E-3,,,,,415.600027281E-9,599.999964237E-3,,,,,415.600027281E-9,23.20000076,
,,,416.000005998E-9,319.99999285E-3,,,,,416.000005998E-9,560.000002384E-3,,,,,416.000005998E-9,22.80000114,
,,,416.400013137E-9,359.99998450E-3,,,,,416.400013137E-9,560.000002384E-3,,,,,416.400013137E-9,22.80000114,
,,,416.800020275E-9,359.99998450E-3,,,,,416.800020275E-9,479.999989271E-3,,,,,416.800020275E-9,22.39999962,
,,,417.200027414E-9,319.99999285E-3,,,,,417.200027414E-9,439.999997616E-3,,,,,417.200027414E-9,22.00000000,
,,,417.600006131E-9,280.00000119E-3,,,,,417.600006131E-9,359.99998450E-3,,,,,417.600006131E-9,22.00000000,
,,,418.000013269E-9,199.99998808E-3,,,,,418.000013269E-9,280.00000119E-3,,,,,418.000013269E-9,22.00000000,
,,,418.400020408E-9,159.99999642E-3,,,,,418.400020408E-9,199.99998808E-3,,,,,418.400020408E-9,22.00000000,
,,,418.800027546E-9,79.999998212E-3,,,,,418.800027546E-9,79.999998212E-3,,,,,418.800027546E-9,22.00000000,
,,,419.200006263E-9,0.0,,,,,419.200006263E-9,0.0,,,,,419.200006263E-9,22.00000000,
,,,419.600013402E-9,-39.99999911E-3,,,,,419.600013402E-9,-39.99999911E-3,,,,,419.600013402E-9,22.00000000,
,,,420.000020540E-9,-79.999998212E-3,,,,,420.000020540E-9,-79.999998212E-3,,,,,420.000020540E-9,22.00000000,
,,,420.400027679E-9,-119.9999973E-3,,,,,420.400027679E-9,-39.99999911E-3,,,,,420.400027679E-9,22.00000000,
,,,420.800006395E-9,-159.99999642E-3,,,,,420.800006395E-9,-39.99999911E-3,,,,,420.800006395E-9,21.60000038,
,,,421.200013534E-9,-159.99999642E-3,,,,,421.200013534E-9,39.99999911E-3,,,,,421.200013534E-9,21.60000038,
,,,421.600020672E-9,-159.99999642E-3,,,,,421.600020672E-9,79.999998212E-3,,,,,421.600020672E-9,21.60000038,
,,,422.000027811E-9,-119.9999973E-3,,,,,422.000027811E-9,159.99999642E-3,,,,,422.000027811E-9,21.60000038,
,,,422.400006528E-9,-39.99999911E-3,,,,,422.400006528E-9,239.99999464E-3,,,,,422.400006528E-9,21.60000038,
,,,422.800013666E-9,0.0,,,,,422.800013666E-9,280.00000119E-3,,,,,422.800013666E-9,21.60000038,
,,,423.200020805E-9,39.99999911E-3,,,,,423.200020805E-9,359.99998450E-3,,,,,423.200020805E-9,21.60000038,
,,,423.600027943E-9,79.999998212E-3,,,,,423.600027943E-9,439.999997616E-3,,,,,423.600027943E-9,21.60000038,
,,,424.000006660E-9,79.999998212E-3,,,,,424.000006660E-9,560.000002384E-3,,,,,424.000006660E-9,21.20000076,
,,,424.400013799E-9,119.9999973E-3,,,,,424.400013799E-9,719.999969006E-3,,,,,424.400013799E-9,20.80000114,
,,,424.800020937E-9,79.999998212E-3,,,,,424.800020937E-9,839.999973774E-3,,,,,424.800020937E-9,20.0000000,
,,,425.200028076E-9,79.999998212E-3,,,,,425.200028076E-9,959.999978542E-3,,,,,425.200028076E-9,20.0000000,
,,,425.600006793E-9,79.999998212E-3,,,,,425.600006793E-9,1.000000,,,,,425.600006793E-9,20.0000000,
,,,426.000013931E-9,79.999998212E-3,,,,,426.000013931E-9,1.0400000,,,,,426.000013931E-9,20.39999962,
,,,426.400021070E-9,119.9999973E-3,,,,,426.400021070E-9,1.0400000,,,,,426.400021070E-9,21.60000038,
,,,426.800028208E-9,119.9999973E-3,,,,,426.800028208E-9,1.000000,,,,,426.800028208E-9,22.39999962,
,,,427.200006925E-9,119.9999973E-3,,,,,427.200006925E-9,1.000000,,,,,427.200006925E-9,23.20000076,
,,,427.600014064E-9,159.99999642E-3,,,,,427.600014064E-9,1.000000,,,,,427.600014064E-9,23.60000038,
,,,428.000021202E-9,159.99999642E-3,,,,,428.000021202E-9,959.999978542E-3,,,,,428.000021202E-9,23.60000038,
,,,428.400028341E-9,159.99999642E-3,,,,,428.400028341E-9,919.999957085E-3,,,,,428.400028341E-9,23.20000076,
,,,428.800007057E-9,159.99999642E-3,,,,,428.800007057E-9,799.999952316E-3,,,,,428.800007057E-9,22.80000114,
,,,429.200014196E-9,119.9999973E-3,,,,,429.200014196E-9,639.999985695E-3,,,,,429.200014196E-9,22.39999962,
,,,429.600021334E-9,79.999998212E-3,,,,,429.600021334E-9,519.999980927E-3,,,,,429.600021334E-9,22.39999962,
,,,430.000028473E-9,0.0,,,,,430.000028473E-9,399.99997616E-3,,,,,430.000028473E-9,22.80000114,
,,,430.400007190E-9,-79.999998212E-3,,,,,430.400007190E-9,280.00000119E-3,,,,,430.400007190E-9,22.80000114,
,,,430.800014328E-9,-159.99999642E-3,,,,,430.800014328E-9,159.99999642E-3,,,,,430.800014328E-9,23.20000076,
,,,431.200021467E-9,-199.99998808E-3,,,,,431.200021467E-9,119.9999973E-3,,,,,431.200021467E-9,23.20000076,
,,,431.600028605E-9,-199.99998808E-3,,,,,431.600028605E-9,79.999998212E-3,,,,,431.600028605E-9,23.20000076,
,,,432.000007322E-9,-199.99998808E-3,,,,,432.000007322E-9,79.999998212E-3,,,,,432.000007322E-9,23.60000038,
,,,432.400014461E-9,-119.9999973E-3,,,,,432.400014461E-9,159.99999642E-3,,,,,432.400014461E-9,24.00000000,
,,,432.800021599E-9,-79.999998212E-3,,,,,432.800021599E-9,280.00000119E-3,,,,,432.800021599E-9,24.80000114,
,,,433.200028738E-9,-39.99999911E-3,,,,,433.200028738E-9,399.99997616E-3,,,,,433.200028738E-9,25.20000076,
,,,433.600007455E-9,0.0,,,,,433.600007455E-9,519.999980927E-3,,,,,433.600007455E-9,25.20000076,
,,,434.000014593E-9,0.0,,,,,434.000014593E-9,639.999985695E-3,,,,,434.000014593E-9,25.20000076,
,,,434.400021732E-9,0.0,,,,,434.400021732E-9,680.000007153E-3,,,,,434.400021732E-9,24.80000114,
,,,434.800028870E-9,-39.99999911E-3,,,,,434.800028870E-9,560.000002384E-3,,,,,434.800028870E-9,24.39999962,
,,,435.200007587E-9,0.0,,,,,435.200007587E-9,439.999997616E-3,,,,,435.200007587E-9,24.00000000,
,,,435.600014725E-9,0.0,,,,,435.600014725E-9,359.99998450E-3,,,,,435.600014725E-9,23.20000076,
,,,436.000021864E-9,39.99999911E-3,,,,,436.000021864E-9,280.00000119E-3,,,,,436.000021864E-9,22.80000114,
,,,436.400029002E-9,79.999998212E-3,,,,,436.400029002E-9,319.99999285E-3,,,,,436.400029002E-9,22.39999962,
,,,436.800007719E-9,79.999998212E-3,,,,,436.800007719E-9,399.99997616E-3,,,,,436.800007719E-9,22.00000000,
,,,437.200014858E-9,119.9999973E-3,,,,,437.200014858E-9,560.000002384E-3,,,,,437.200014858E-9,22.39999962,
,,,437.600021996E-9,159.99999642E-3,,,,,437.600021996E-9,680.000007153E-3,,,,,437.600021996E-9,22.39999962,
,,,438.000000713E-9,239.99999464E-3,,,,,438.000000713E-9,719.999969006E-3,,,,,438.000000713E-9,22.39999962,
,,,438.400007852E-9,280.00000119E-3,,,,,438.400007852E-9,759.999990463E-3,,,,,438.400007852E-9,22.80000114,
,,,438.800014990E-9,239.99999464E-3,,,,,438.800014990E-9,680.000007153E-3,,,,,438.800014990E-9,23.20000076,
,,,439.200022129E-9,199.99998808E-3,,,,,439.200022129E-9,639.999985695E-3,,,,,439.200022129E-9,22.80000114,
,,,439.600000846E-9,119.9999973E-3,,,,,439.600000846E-9,560.000002384E-3,,,,,439.600000846E-9,22.80000114,
,,,440.000007984E-9,39.99999911E-3,,,,,440.000007984E-9,519.999980927E-3,,,,,440.000007984E-9,22.00000000,
,,,440.400015123E-9,-39.99999911E-3,,,,,440.400015123E-9,519.999980927E-3,,,,,440.400015123E-9,21.20000076,
,,,440.800022261E-9,-79.999998212E-3,,,,,440.800022261E-9,479.999989271E-3,,,,,440.800022261E-9,20.80000114,
,,,441.200000978E-9,-119.9999973E-3,,,,,441.200000978E-9,399.99997616E-3,,,,,441.200000978E-9,20.39999962,
,,,441.600008116E-9,-79.999998212E-3,,,,,441.600008116E-9,359.99998450E-3,,,,,441.600008116E-9,20.39999962,
,,,442.000015255E-9,-39.99999911E-3,,,,,442.000015255E-9,280.00000119E-3,,,,,442.000015255E-9,20.39999962,
,,,442.400022393E-9,39.99999911E-3,,,,,442.400022393E-9,199.99998808E-3,,,,,442.400022393E-9,20.80000114,
,,,442.800001110E-9,39.99999911E-3,,,,,442.800001110E-9,119.9999973E-3,,,,,442.800001110E-9,20.80000114,
,,,443.200008249E-9,39.99999911E-3,,,,,443.200008249E-9,79.999998212E-3,,,,,443.200008249E-9,21.20000076,
,,,443.600015387E-9,0.0,,,,,443.600015387E-9,39.99999911E-3,,,,,443.600015387E-9,20.80000114,
,,,444.000022526E-9,-39.99999911E-3,,,,,444.000022526E-9,39.99999911E-3,,,,,444.000022526E-9,20.80000114,
,,,444.400001243E-9,-39.99999911E-3,,,,,444.400001243E-9,79.999998212E-3,,,,,444.400001243E-9,20.0000000,
,,,444.800008381E-9,-39.99999911E-3,,,,,444.800008381E-9,159.99999642E-3,,,,,444.800008381E-9,20.0000000,
,,,445.200015520E-9,0.0,,,,,445.200015520E-9,239.99999464E-3,,,,,445.200015520E-9,20.0000000,
,,,445.600022658E-9,79.999998212E-3,,,,,445.600022658E-9,359.99998450E-3,,,,,445.600022658E-9,20.0000000,
,,,446.000001375E-9,119.9999973E-3,,,,,446.000001375E-9,439.999997616E-3,,,,,446.000001375E-9,20.80000114,
,,,446.400008514E-9,199.99998808E-3,,,,,446.400008514E-9,479.999989271E-3,,,,,446.400008514E-9,20.80000114,
,,,446.800015652E-9,199.99998808E-3,,,,,446.800015652E-9,399.99997616E-3,,,,,446.800015652E-9,21.20000076,
,,,447.200022791E-9,159.99999642E-3,,,,,447.200022791E-9,359.99998450E-3,,,,,447.200022791E-9,21.20000076,
,,,447.600001507E-9,119.9999973E-3,,,,,447.600001507E-9,280.00000119E-3,,,,,447.600001507E-9,21.20000076,
,,,448.000008646E-9,39.99999911E-3,,,,,448.000008646E-9,199.99998808E-3,,,,,448.000008646E-9,21.60000038,
,,,448.400015785E-9,0.0,,,,,448.400015785E-9,199.99998808E-3,,,,,448.400015785E-9,22.00000000,
,,,448.800022923E-9,-39.99999911E-3,,,,,448.800022923E-9,199.99998808E-3,,,,,448.800022923E-9,22.39999962,
,,,449.200001640E-9,-79.999998212E-3,,,,,449.200001640E-9,239.99999464E-3,,,,,449.200001640E-9,22.80000114,
,,,449.600008778E-9,-119.9999973E-3,,,,,449.600008778E-9,280.00000119E-3,,,,,449.600008778E-9,23.20000076,
,,,450.000015917E-9,-159.99999642E-3,,,,,450.000015917E-9,239.99999464E-3,,,,,450.000015917E-9,23.20000076,
,,,450.400023055E-9,-199.99998808E-3,,,,,450.400023055E-9,199.99998808E-3,,,,,450.400023055E-9,22.80000114,
,,,450.800001772E-9,-239.99999464E-3,,,,,450.800001772E-9,79.999998212E-3,,,,,450.800001772E-9,22.39999962,
,,,451.200008911E-9,-239.99999464E-3,,,,,451.200008911E-9,0.0,,,,,451.200008911E-9,22.39999962,
,,,451.600016049E-9,-239.99999464E-3,,,,,451.600016049E-9,-79.999998212E-3,,,,,451.600016049E-9,22.80000114,
,,,452.000023188E-9,-199.99998808E-3,,,,,452.000023188E-9,-119.9999973E-3,,,,,452.000023188E-9,23.60000038,
,,,452.400001905E-9,-159.99999642E-3,,,,,452.400001905E-9,-79.999998212E-3,,,,,452.400001905E-9,24.00000000,
,,,452.800009043E-9,-119.9999973E-3,,,,,452.800009043E-9,-39.99999911E-3,,,,,452.800009043E-9,24.39999962,
,,,453.200016182E-9,-39.99999911E-3,,,,,453.200016182E-9,79.999998212E-3,,,,,453.200016182E-9,24.80000114,
,,,453.600023320E-9,0.0,,,,,453.600023320E-9,199.99998808E-3,,,,,453.600023320E-9,24.39999962,
,,,454.000002037E-9,39.99999911E-3,,,,,454.000002037E-9,319.99999285E-3,,,,,454.000002037E-9,24.00000000,
,,,454.400009176E-9,79.999998212E-3,,,,,454.400009176E-9,439.999997616E-3,,,,,454.400009176E-9,23.20000076,
,,,454.800016314E-9,79.999998212E-3,,,,,454.800016314E-9,479.999989271E-3,,,,,454.800016314E-9,23.20000076,
,,,455.200023453E-9,79.999998212E-3,,,,,455.200023453E-9,479.999989271E-3,,,,,455.200023453E-9,22.39999962,
,,,455.600002169E-9,119.9999973E-3,,,,,455.600002169E-9,439.999997616E-3,,,,,455.600002169E-9,22.39999962,
,,,456.000009308E-9,119.9999973E-3,,,,,456.000009308E-9,439.999997616E-3,,,,,456.000009308E-9,22.00000000,
,,,456.400016446E-9,159.99999642E-3,,,,,456.400016446E-9,439.999997616E-3,,,,,456.400016446E-9,21.60000038,
,,,456.800023585E-9,159.99999642E-3,,,,,456.800023585E-9,479.999989271E-3,,,,,456.800023585E-9,21.60000038,
,,,457.200002302E-9,199.99998808E-3,,,,,457.200002302E-9,519.999980927E-3,,,,,457.200002302E-9,21.20000076,
,,,457.600009440E-9,239.99999464E-3,,,,,457.600009440E-9,560.000002384E-3,,,,,457.600009440E-9,21.20000076,
,,,458.000016579E-9,319.99999285E-3,,,,,458.000016579E-9,639.999985695E-3,,,,,458.000016579E-9,21.60000038,
,,,458.400023717E-9,359.99998450E-3,,,,,458.400023717E-9,639.999985695E-3,,,,,458.400023717E-9,21.60000038,
,,,458.800002434E-9,319.99999285E-3,,,,,458.800002434E-9,560.000002384E-3,,,,,458.800002434E-9,22.00000000,
,,,459.200009573E-9,239.99999464E-3,,,,,459.200009573E-9,439.999997616E-3,,,,,459.200009573E-9,22.00000000,
,,,459.600016711E-9,159.99999642E-3,,,,,459.600016711E-9,319.99999285E-3,,,,,459.600016711E-9,21.60000038,
,,,460.000023850E-9,39.99999911E-3,,,,,460.000023850E-9,239.99999464E-3,,,,,460.000023850E-9,21.60000038,
,,,460.400002567E-9,0.0,,,,,460.400002567E-9,159.99999642E-3,,,,,460.400002567E-9,21.20000076,
,,,460.800009705E-9,-39.99999911E-3,,,,,460.800009705E-9,79.999998212E-3,,,,,460.800009705E-9,20.80000114,
,,,461.200016844E-9,-39.99999911E-3,,,,,461.200016844E-9,39.99999911E-3,,,,,461.200016844E-9,20.39999962,
,,,461.600023982E-9,-39.99999911E-3,,,,,461.600023982E-9,0.0,,,,,461.600023982E-9,19.6000004,
,,,462.000002699E-9,-39.99999911E-3,,,,,462.000002699E-9,0.0,,,,,462.000002699E-9,19.6000004,
,,,462.400009837E-9,0.0,,,,,462.400009837E-9,0.0,,,,,462.400009837E-9,19.6000004,
,,,462.800016976E-9,-39.99999911E-3,,,,,462.800016976E-9,-79.999998212E-3,,,,,462.800016976E-9,20.0000000,
,,,463.200024114E-9,-39.99999911E-3,,,,,463.200024114E-9,-159.99999642E-3,,,,,463.200024114E-9,20.39999962,
,,,463.600002831E-9,-39.99999911E-3,,,,,463.600002831E-9,-239.99999464E-3,,,,,463.600002831E-9,21.20000076,
,,,464.000009970E-9,-39.99999911E-3,,,,,464.000009970E-9,-280.00000119E-3,,,,,464.000009970E-9,22.00000000,
,,,464.400017108E-9,0.0,,,,,464.400017108E-9,-280.00000119E-3,,,,,464.400017108E-9,22.00000000,
,,,464.800024247E-9,0.0,,,,,464.800024247E-9,-239.99999464E-3,,,,,464.800024247E-9,22.39999962,
,,,465.200002964E-9,39.99999911E-3,,,,,465.200002964E-9,-159.99999642E-3,,,,,465.200002964E-9,22.00000000,
,,,465.600010102E-9,79.999998212E-3,,,,,465.600010102E-9,-79.999998212E-3,,,,,465.600010102E-9,21.60000038,
,,,466.000017241E-9,79.999998212E-3,,,,,466.000017241E-9,-39.99999911E-3,,,,,466.000017241E-9,21.20000076,
,,,466.400024379E-9,79.999998212E-3,,,,,466.400024379E-9,39.99999911E-3,,,,,466.400024379E-9,21.20000076,
,,,466.800003096E-9,79.999998212E-3,,,,,466.800003096E-9,39.99999911E-3,,,,,466.800003096E-9,20.80000114,
,,,467.200010235E-9,119.9999973E-3,,,,,467.200010235E-9,79.999998212E-3,,,,,467.200010235E-9,21.20000076,
,,,467.600017373E-9,159.99999642E-3,,,,,467.600017373E-9,119.9999973E-3,,,,,467.600017373E-9,21.20000076,
,,,468.000024512E-9,239.99999464E-3,,,,,468.000024512E-9,199.99998808E-3,,,,,468.000024512E-9,21.60000038,
,,,468.400003228E-9,280.00000119E-3,,,,,468.400003228E-9,280.00000119E-3,,,,,468.400003228E-9,22.00000000,
,,,468.800010367E-9,280.00000119E-3,,,,,468.800010367E-9,319.99999285E-3,,,,,468.800010367E-9,22.00000000,
,,,469.200017506E-9,239.99999464E-3,,,,,469.200017506E-9,359.99998450E-3,,,,,469.200017506E-9,22.39999962,
,,,469.600024644E-9,199.99998808E-3,,,,,469.600024644E-9,439.999997616E-3,,,,,469.600024644E-9,22.39999962,
,,,470.000003361E-9,199.99998808E-3,,,,,470.000003361E-9,519.999980927E-3,,,,,470.000003361E-9,22.39999962,
,,,470.400010499E-9,159.99999642E-3,,,,,470.400010499E-9,599.999964237E-3,,,,,470.400010499E-9,22.39999962,
,,,470.800017638E-9,79.999998212E-3,,,,,470.800017638E-9,560.000002384E-3,,,,,470.800017638E-9,22.39999962,
,,,471.200024776E-9,39.99999911E-3,,,,,471.200024776E-9,479.999989271E-3,,,,,471.200024776E-9,22.39999962,
,,,471.600003493E-9,0.0,,,,,471.600003493E-9,319.99999285E-3,,,,,471.600003493E-9,22.39999962,
,,,472.000010632E-9,-39.99999911E-3,,,,,472.000010632E-9,119.9999973E-3,,,,,472.000010632E-9,22.39999962,
,,,472.400017770E-9,-39.99999911E-3,,,,,472.400017770E-9,-39.99999911E-3,,,,,472.400017770E-9,22.00000000,
,,,472.800024909E-9,-119.9999973E-3,,,,,472.800024909E-9,-159.99999642E-3,,,,,472.800024909E-9,22.00000000,
,,,473.200003626E-9,-159.99999642E-3,,,,,473.200003626E-9,-199.99998808E-3,,,,,473.200003626E-9,22.00000000,
,,,473.600010764E-9,-199.99998808E-3,,,,,473.600010764E-9,-119.9999973E-3,,,,,473.600010764E-9,21.60000038,
,,,474.000017903E-9,-239.99999464E-3,,,,,474.000017903E-9,-39.99999911E-3,,,,,474.000017903E-9,21.60000038,
,,,474.400025041E-9,-239.99999464E-3,,,,,474.400025041E-9,79.999998212E-3,,,,,474.400025041E-9,21.20000076,
,,,474.800003758E-9,-280.00000119E-3,,,,,474.800003758E-9,39.99999911E-3,,,,,474.800003758E-9,21.20000076,
,,,475.200010897E-9,-280.00000119E-3,,,,,475.200010897E-9,0.0,,,,,475.200010897E-9,20.80000114,
,,,475.600018035E-9,-239.99999464E-3,,,,,475.600018035E-9,-39.99999911E-3,,,,,475.600018035E-9,20.39999962,
,,,476.000025174E-9,-199.99998808E-3,,,,,476.000025174E-9,-119.9999973E-3,,,,,476.000025174E-9,20.39999962,
,,,476.400003890E-9,-159.99999642E-3,,,,,476.400003890E-9,-159.99999642E-3,,,,,476.400003890E-9,20.0000000,
,,,476.800011029E-9,-159.99999642E-3,,,,,476.800011029E-9,-199.99998808E-3,,,,,476.800011029E-9,20.0000000,
,,,477.199989746E-9,-119.9999973E-3,,,,,477.199989746E-9,-199.99998808E-3,,,,,477.199989746E-9,20.0000000,
,,,477.599996884E-9,-79.999998212E-3,,,,,477.599996884E-9,-159.99999642E-3,,,,,477.599996884E-9,20.80000114,
,,,478.000004023E-9,-39.99999911E-3,,,,,478.000004023E-9,-79.999998212E-3,,,,,478.000004023E-9,21.20000076,
,,,478.400011161E-9,39.99999911E-3,,,,,478.400011161E-9,0.0,,,,,478.400011161E-9,21.20000076,
,,,478.800018300E-9,79.999998212E-3,,,,,478.800018300E-9,0.0,,,,,478.800018300E-9,21.20000076,
,,,479.200025438E-9,79.999998212E-3,,,,,479.200025438E-9,39.99999911E-3,,,,,479.200025438E-9,21.60000038,
,,,479.600032577E-9,119.9999973E-3,,,,,479.600032577E-9,0.0,,,,,479.600032577E-9,21.60000038,
,,,480.000039715E-9,119.9999973E-3,,,,,480.000039715E-9,0.0,,,,,480.000039715E-9,21.60000038,
,,,480.399990010E-9,119.9999973E-3,,,,,480.399990010E-9,0.0,,,,,480.399990010E-9,21.20000076,
,,,480.799997149E-9,79.999998212E-3,,,,,480.799997149E-9,39.99999911E-3,,,,,480.799997149E-9,21.20000076,
,,,481.200004288E-9,79.999998212E-3,,,,,481.200004288E-9,119.9999973E-3,,,,,481.200004288E-9,21.20000076,
,,,481.600011426E-9,79.999998212E-3,,,,,481.600011426E-9,199.99998808E-3,,,,,481.600011426E-9,21.20000076,
,,,482.000018565E-9,79.999998212E-3,,,,,482.000018565E-9,280.00000119E-3,,,,,482.000018565E-9,21.20000076,
,,,482.400025703E-9,119.9999973E-3,,,,,482.400025703E-9,359.99998450E-3,,,,,482.400025703E-9,21.20000076,
,,,482.800032842E-9,119.9999973E-3,,,,,482.800032842E-9,359.99998450E-3,,,,,482.800032842E-9,21.20000076,
,,,483.200039980E-9,119.9999973E-3,,,,,483.200039980E-9,359.99998450E-3,,,,,483.200039980E-9,21.20000076,
,,,483.599990275E-9,159.99999642E-3,,,,,483.599990275E-9,319.99999285E-3,,,,,483.599990275E-9,21.20000076,
,,,483.999997414E-9,159.99999642E-3,,,,,483.999997414E-9,199.99998808E-3,,,,,483.999997414E-9,20.80000114,
,,,484.400004552E-9,159.99999642E-3,,,,,484.400004552E-9,159.99999642E-3,,,,,484.400004552E-9,20.80000114,
,,,484.800011691E-9,119.9999973E-3,,,,,484.800011691E-9,119.9999973E-3,,,,,484.800011691E-9,20.80000114,
,,,485.200018829E-9,79.999998212E-3,,,,,485.200018829E-9,159.99999642E-3,,,,,485.200018829E-9,21.20000076,
,,,485.600025968E-9,79.999998212E-3,,,,,485.600025968E-9,239.99999464E-3,,,,,485.600025968E-9,21.20000076,
,,,486.000033106E-9,79.999998212E-3,,,,,486.000033106E-9,280.00000119E-3,,,,,486.000033106E-9,21.20000076,
,,,486.400040245E-9,119.9999973E-3,,,,,486.400040245E-9,359.99998450E-3,,,,,486.400040245E-9,20.80000114,
,,,486.799990540E-9,159.99999642E-3,,,,,486.799990540E-9,319.99999285E-3,,,,,486.799990540E-9,20.39999962,
,,,487.199997679E-9,159.99999642E-3,,,,,487.199997679E-9,280.00000119E-3,,,,,487.199997679E-9,20.0000000,
,,,487.600004817E-9,199.99998808E-3,,,,,487.600004817E-9,239.99999464E-3,,,,,487.600004817E-9,19.6000004,
,,,488.000011956E-9,159.99999642E-3,,,,,488.000011956E-9,159.99999642E-3,,,,,488.000011956E-9,19.6000004,
,,,488.400019094E-9,119.9999973E-3,,,,,488.400019094E-9,119.9999973E-3,,,,,488.400019094E-9,20.0000000,
,,,488.800026233E-9,39.99999911E-3,,,,,488.800026233E-9,119.9999973E-3,,,,,488.800026233E-9,20.39999962,
,,,489.200033371E-9,-39.99999911E-3,,,,,489.200033371E-9,119.9999973E-3,,,,,489.200033371E-9,20.39999962,
,,,489.600040510E-9,-119.9999973E-3,,,,,489.600040510E-9,159.99999642E-3,,,,,489.600040510E-9,20.39999962,
,,,489.999990805E-9,-119.9999973E-3,,,,,489.999990805E-9,199.99998808E-3,,,,,489.999990805E-9,20.39999962,
,,,490.399997943E-9,-119.9999973E-3,,,,,490.399997943E-9,239.99999464E-3,,,,,490.399997943E-9,20.0000000,
,,,490.800005082E-9,-119.9999973E-3,,,,,490.800005082E-9,159.99999642E-3,,,,,490.800005082E-9,20.0000000,
,,,491.200012220E-9,-79.999998212E-3,,,,,491.200012220E-9,119.9999973E-3,,,,,491.200012220E-9,20.39999962,
,,,491.600019359E-9,-39.99999911E-3,,,,,491.600019359E-9,39.99999911E-3,,,,,491.600019359E-9,20.39999962,
,,,492.000026497E-9,-39.99999911E-3,,,,,492.000026497E-9,-39.99999911E-3,,,,,492.000026497E-9,20.80000114,
,,,492.400033636E-9,0.0,,,,,492.400033636E-9,-39.99999911E-3,,,,,492.400033636E-9,21.20000076,
,,,492.800040774E-9,0.0,,,,,492.800040774E-9,-39.99999911E-3,,,,,492.800040774E-9,21.20000076,
,,,493.199991070E-9,0.0,,,,,493.199991070E-9,0.0,,,,,493.199991070E-9,21.20000076,
,,,493.599998208E-9,0.0,,,,,493.599998208E-9,39.99999911E-3,,,,,493.599998208E-9,21.20000076,
,,,494.000005347E-9,-39.99999911E-3,,,,,494.000005347E-9,79.999998212E-3,,,,,494.000005347E-9,21.20000076,
,,,494.400012485E-9,0.0,,,,,494.400012485E-9,159.99999642E-3,,,,,494.400012485E-9,21.20000076,
,,,494.800019624E-9,39.99999911E-3,,,,,494.800019624E-9,199.99998808E-3,,,,,494.800019624E-9,21.20000076,
,,,495.200026762E-9,79.999998212E-3,,,,,495.200026762E-9,199.99998808E-3,,,,,495.200026762E-9,21.60000038,
,,,495.600033901E-9,119.9999973E-3,,,,,495.600033901E-9,239.99999464E-3,,,,,495.600033901E-9,21.60000038,
,,,496.000041039E-9,159.99999642E-3,,,,,496.000041039E-9,239.99999464E-3,,,,,496.000041039E-9,21.60000038,
,,,496.399991334E-9,199.99998808E-3,,,,,496.399991334E-9,280.00000119E-3,,,,,496.399991334E-9,21.20000076,
,,,496.799998473E-9,159.99999642E-3,,,,,496.799998473E-9,280.00000119E-3,,,,,496.799998473E-9,20.80000114,
,,,497.200005611E-9,159.99999642E-3,,,,,497.200005611E-9,319.99999285E-3,,,,,497.200005611E-9,20.39999962,
,,,497.600012750E-9,119.9999973E-3,,,,,497.600012750E-9,359.99998450E-3,,,,,497.600012750E-9,20.0000000,
,,,498.000019888E-9,79.999998212E-3,,,,,498.000019888E-9,359.99998450E-3,,,,,498.000019888E-9,20.0000000,
,,,498.400027027E-9,79.999998212E-3,,,,,498.400027027E-9,359.99998450E-3,,,,,498.400027027E-9,20.0000000,
,,,498.800034165E-9,39.99999911E-3,,,,,498.800034165E-9,280.00000119E-3,,,,,498.800034165E-9,20.39999962,
,,,499.200041304E-9,0.0,,,,,499.200041304E-9,239.99999464E-3,,,,,499.200041304E-9,20.39999962,
,,,499.599991599E-9,-39.99999911E-3,,,,,499.599991599E-9,119.9999973E-3,,,,,499.599991599E-9,20.39999962,
,,,499.999998738E-9,-39.99999911E-3,,,,,499.999998738E-9,39.99999911E-3,,,,,499.999998738E-9,20.39999962,
,,,500.400005876E-9,-79.999998212E-3,,,,,500.400005876E-9,0.0,,,,,500.400005876E-9,20.39999962,
,,,500.800013015E-9,-159.99999642E-3,,,,,500.800013015E-9,0.0,,,,,500.800013015E-9,20.0000000,
,,,501.200020153E-9,-199.99998808E-3,,,,,501.200020153E-9,39.99999911E-3,,,,,501.200020153E-9,19.6000004,
,,,501.600027292E-9,-239.99999464E-3,,,,,501.600027292E-9,79.999998212E-3,,,,,501.600027292E-9,19.6000004,
,,,502.000034430E-9,-280.00000119E-3,,,,,502.000034430E-9,119.9999973E-3,,,,,502.000034430E-9,19.2000008,
,,,502.400041569E-9,-280.00000119E-3,,,,,502.400041569E-9,159.99999642E-3,,,,,502.400041569E-9,19.2000008,
,,,502.799991864E-9,-280.00000119E-3,,,,,502.799991864E-9,119.9999973E-3,,,,,502.799991864E-9,19.2000008,
,,,503.199999002E-9,-239.99999464E-3,,,,,503.199999002E-9,79.999998212E-3,,,,,503.199999002E-9,18.8000011,
,,,503.600006141E-9,-199.99998808E-3,,,,,503.600006141E-9,79.999998212E-3,,,,,503.600006141E-9,18.8000011,
,,,504.000013279E-9,-119.9999973E-3,,,,,504.000013279E-9,79.999998212E-3,,,,,504.000013279E-9,18.8000011,
,,,504.400020418E-9,-79.999998212E-3,,,,,504.400020418E-9,119.9999973E-3,,,,,504.400020418E-9,18.8000011,
,,,504.800027556E-9,-79.999998212E-3,,,,,504.800027556E-9,159.99999642E-3,,,,,504.800027556E-9,18.8000011,
,,,505.200034695E-9,-39.99999911E-3,,,,,505.200034695E-9,199.99998808E-3,,,,,505.200034695E-9,19.2000008,
,,,505.600041834E-9,-39.99999911E-3,,,,,505.600041834E-9,239.99999464E-3,,,,,505.600041834E-9,19.2000008,
,,,505.999992129E-9,-39.99999911E-3,,,,,505.999992129E-9,280.00000119E-3,,,,,505.999992129E-9,19.6000004,
,,,506.399999267E-9,0.0,,,,,506.399999267E-9,319.99999285E-3,,,,,506.399999267E-9,19.2000008,
,,,506.800006406E-9,39.99999911E-3,,,,,506.800006406E-9,319.99999285E-3,,,,,506.800006406E-9,19.2000008,
,,,507.200013544E-9,119.9999973E-3,,,,,507.200013544E-9,319.99999285E-3,,,,,507.200013544E-9,19.2000008,
,,,507.600020683E-9,159.99999642E-3,,,,,507.600020683E-9,319.99999285E-3,,,,,507.600020683E-9,19.2000008,
,,,508.000027821E-9,199.99998808E-3,,,,,508.000027821E-9,280.00000119E-3,,,,,508.000027821E-9,19.6000004,
,,,508.400034960E-9,239.99999464E-3,,,,,508.400034960E-9,319.99999285E-3,,,,,508.400034960E-9,19.6000004,
,,,508.800042098E-9,199.99998808E-3,,,,,508.800042098E-9,319.99999285E-3,,,,,508.800042098E-9,19.6000004,
,,,509.199992393E-9,199.99998808E-3,,,,,509.199992393E-9,359.99998450E-3,,,,,509.199992393E-9,20.0000000,
,,,509.599999532E-9,159.99999642E-3,,,,,509.599999532E-9,399.99997616E-3,,,,,509.599999532E-9,20.0000000,
,,,510.000006670E-9,159.99999642E-3,,,,,510.000006670E-9,439.999997616E-3,,,,,510.000006670E-9,20.0000000,
,,,510.400013809E-9,119.9999973E-3,,,,,510.400013809E-9,479.999989271E-3,,,,,510.400013809E-9,20.39999962,
,,,510.800020947E-9,39.99999911E-3,,,,,510.800020947E-9,519.999980927E-3,,,,,510.800020947E-9,20.39999962,
,,,511.200028086E-9,0.0,,,,,511.200028086E-9,519.999980927E-3,,,,,511.200028086E-9,20.39999962,
,,,511.600035225E-9,-39.99999911E-3,,,,,511.600035225E-9,519.999980927E-3,,,,,511.600035225E-9,20.80000114,
,,,512.000042363E-9,-79.999998212E-3,,,,,512.000042363E-9,479.999989271E-3,,,,,512.000042363E-9,20.80000114,
,,,512.399992658E-9,-79.999998212E-3,,,,,512.399992658E-9,439.999997616E-3,,,,,512.399992658E-9,20.80000114,
,,,512.799999797E-9,-159.99999642E-3,,,,,512.799999797E-9,359.99998450E-3,,,,,512.799999797E-9,20.80000114,
,,,513.200006935E-9,-199.99998808E-3,,,,,513.200006935E-9,280.00000119E-3,,,,,513.200006935E-9,20.80000114,
,,,513.600014074E-9,-239.99999464E-3,,,,,513.600014074E-9,199.99998808E-3,,,,,513.600014074E-9,20.80000114,
,,,514.000021212E-9,-239.99999464E-3,,,,,514.000021212E-9,159.99999642E-3,,,,,514.000021212E-9,20.80000114,
,,,514.400028351E-9,-239.99999464E-3,,,,,514.400028351E-9,159.99999642E-3,,,,,514.400028351E-9,20.80000114,
,,,514.800035489E-9,-239.99999464E-3,,,,,514.800035489E-9,159.99999642E-3,,,,,514.800035489E-9,21.20000076,
,,,515.200042628E-9,-199.99998808E-3,,,,,515.200042628E-9,159.99999642E-3,,,,,515.200042628E-9,20.80000114,
,,,515.599992923E-9,-159.99999642E-3,,,,,515.599992923E-9,199.99998808E-3,,,,,515.599992923E-9,20.80000114,
,,,516.000000061E-9,-79.999998212E-3,,,,,516.000000061E-9,199.99998808E-3,,,,,516.000000061E-9,20.80000114,
,,,516.400007200E-9,0.0,,,,,516.400007200E-9,199.99998808E-3,,,,,516.400007200E-9,20.39999962,
,,,516.800014339E-9,39.99999911E-3,,,,,516.800014339E-9,199.99998808E-3,,,,,516.800014339E-9,20.0000000,
,,,517.200021477E-9,39.99999911E-3,,,,,517.200021477E-9,239.99999464E-3,,,,,517.200021477E-9,19.6000004,
,,,517.600028616E-9,79.999998212E-3,,,,,517.600028616E-9,280.00000119E-3,,,,,517.600028616E-9,19.6000004,
,,,518.000035754E-9,79.999998212E-3,,,,,518.000035754E-9,280.00000119E-3,,,,,518.000035754E-9,19.2000008,
,,,518.400042893E-9,79.999998212E-3,,,,,518.400042893E-9,319.99999285E-3,,,,,518.400042893E-9,19.2000008,
,,,518.799993188E-9,79.999998212E-3,,,,,518.799993188E-9,280.00000119E-3,,,,,518.799993188E-9,19.2000008,
,,,519.200000326E-9,79.999998212E-3,,,,,519.200000326E-9,280.00000119E-3,,,,,519.200000326E-9,19.2000008,
,,,519.600007465E-9,79.999998212E-3,,,,,519.600007465E-9,239.99999464E-3,,,,,519.600007465E-9,19.2000008,
,,,520.000014603E-9,79.999998212E-3,,,,,520.000014603E-9,239.99999464E-3,,,,,520.000014603E-9,19.2000008,
,,,520.400021742E-9,79.999998212E-3,,,,,520.400021742E-9,199.99998808E-3,,,,,520.400021742E-9,19.2000008,
,,,520.800028880E-9,39.99999911E-3,,,,,520.800028880E-9,119.9999973E-3,,,,,520.800028880E-9,19.2000008,
,,,521.200036019E-9,-39.99999911E-3,,,,,521.200036019E-9,79.999998212E-3,,,,,521.200036019E-9,18.8000011,
,,,521.600043157E-9,-79.999998212E-3,,,,,521.600043157E-9,39.99999911E-3,,,,,521.600043157E-9,18.8000011,
,,,521.999993452E-9,-119.9999973E-3,,,,,521.999993452E-9,39.99999911E-3,,,,,521.999993452E-9,18.8000011,
,,,522.400000591E-9,-159.99999642E-3,,,,,522.400000591E-9,39.99999911E-3,,,,,522.400000591E-9,18.3999996,
,,,522.800007730E-9,-199.99998808E-3,,,,,522.800007730E-9,0.0,,,,,522.800007730E-9,18.3999996,
,,,523.200014868E-9,-199.99998808E-3,,,,,523.200014868E-9,0.0,,,,,523.200014868E-9,18.0000000,
,,,523.600022007E-9,-159.99999642E-3,,,,,523.600022007E-9,39.99999911E-3,,,,,523.600022007E-9,18.0000000,
,,,524.000029145E-9,-119.9999973E-3,,,,,524.000029145E-9,79.999998212E-3,,,,,524.000029145E-9,18.0000000,
,,,524.400036284E-9,-79.999998212E-3,,,,,524.400036284E-9,119.9999973E-3,,,,,524.400036284E-9,18.0000000,
,,,524.800043422E-9,-79.999998212E-3,,,,,524.800043422E-9,119.9999973E-3,,,,,524.800043422E-9,18.3999996,
,,,525.199993717E-9,-79.999998212E-3,,,,,525.199993717E-9,159.99999642E-3,,,,,525.199993717E-9,18.3999996,
,,,525.600000856E-9,-79.999998212E-3,,,,,525.600000856E-9,199.99998808E-3,,,,,525.600000856E-9,18.3999996,
,,,526.000007994E-9,-119.9999973E-3,,,,,526.000007994E-9,199.99998808E-3,,,,,526.000007994E-9,18.3999996,
,,,526.400015133E-9,-79.999998212E-3,,,,,526.400015133E-9,239.99999464E-3,,,,,526.400015133E-9,18.8000011,
,,,526.800022271E-9,-79.999998212E-3,,,,,526.800022271E-9,239.99999464E-3,,,,,526.800022271E-9,18.8000011,
,,,527.200029410E-9,-39.99999911E-3,,,,,527.200029410E-9,280.00000119E-3,,,,,527.200029410E-9,18.8000011,
,,,527.600036548E-9,0.0,,,,,527.600036548E-9,319.99999285E-3,,,,,527.600036548E-9,19.2000008,
,,,528.000043687E-9,39.99999911E-3,,,,,528.000043687E-9,319.99999285E-3,,,,,528.000043687E-9,19.2000008,
,,,528.399993982E-9,79.999998212E-3,,,,,528.399993982E-9,319.99999285E-3,,,,,528.399993982E-9,19.2000008,
,,,528.800001121E-9,79.999998212E-3,,,,,528.800001121E-9,280.00000119E-3,,,,,528.800001121E-9,19.2000008,
,,,529.200008259E-9,119.9999973E-3,,,,,529.200008259E-9,239.99999464E-3,,,,,529.200008259E-9,19.2000008,
,,,529.600015398E-9,119.9999973E-3,,,,,529.600015398E-9,199.99998808E-3,,,,,529.600015398E-9,19.6000004,
,,,530.000022536E-9,119.9999973E-3,,,,,530.000022536E-9,159.99999642E-3,,,,,530.000022536E-9,19.6000004,
,,,530.400029675E-9,119.9999973E-3,,,,,530.400029675E-9,159.99999642E-3,,,,,530.400029675E-9,19.6000004,
,,,530.800036813E-9,79.999998212E-3,,,,,530.800036813E-9,119.9999973E-3,,,,,530.800036813E-9,19.6000004,
,,,531.200043952E-9,39.99999911E-3,,,,,531.200043952E-9,159.99999642E-3,,,,,531.200043952E-9,20.0000000,
,,,531.599994247E-9,0.0,,,,,531.599994247E-9,159.99999642E-3,,,,,531.599994247E-9,20.0000000,
,,,532.000001385E-9,0.0,,,,,532.000001385E-9,159.99999642E-3,,,,,532.000001385E-9,20.39999962,
,,,532.400008524E-9,0.0,,,,,532.400008524E-9,159.99999642E-3,,,,,532.400008524E-9,20.39999962,
,,,532.800015662E-9,-39.99999911E-3,,,,,532.800015662E-9,159.99999642E-3,,,,,532.800015662E-9,20.39999962,
,,,533.200022801E-9,-39.99999911E-3,,,,,533.200022801E-9,159.99999642E-3,,,,,533.200022801E-9,20.0000000,
,,,533.600029939E-9,-79.999998212E-3,,,,,533.600029939E-9,119.9999973E-3,,,,,533.600029939E-9,20.0000000,
,,,534.000037078E-9,-79.999998212E-3,,,,,534.000037078E-9,79.999998212E-3,,,,,534.000037078E-9,20.0000000,
,,,534.400044216E-9,-79.999998212E-3,,,,,534.400044216E-9,79.999998212E-3,,,,,534.400044216E-9,20.0000000,
,,,534.799994512E-9,-119.9999973E-3,,,,,534.799994512E-9,39.99999911E-3,,,,,534.799994512E-9,20.0000000,
,,,535.200001650E-9,-79.999998212E-3,,,,,535.200001650E-9,39.99999911E-3,,,,,535.200001650E-9,20.0000000,
,,,535.600008789E-9,-79.999998212E-3,,,,,535.600008789E-9,39.99999911E-3,,,,,535.600008789E-9,20.0000000,
,,,536.000015927E-9,-79.999998212E-3,,,,,536.000015927E-9,79.999998212E-3,,,,,536.000015927E-9,19.6000004,
,,,536.400023066E-9,-39.99999911E-3,,,,,536.400023066E-9,119.9999973E-3,,,,,536.400023066E-9,19.6000004,
,,,536.800030204E-9,-39.99999911E-3,,,,,536.800030204E-9,119.9999973E-3,,,,,536.800030204E-9,19.6000004,
,,,537.200037343E-9,0.0,,,,,537.200037343E-9,119.9999973E-3,,,,,537.200037343E-9,19.6000004,
,,,537.600044481E-9,39.99999911E-3,,,,,537.600044481E-9,119.9999973E-3,,,,,537.600044481E-9,19.2000008,
,,,537.999994776E-9,39.99999911E-3,,,,,537.999994776E-9,79.999998212E-3,,,,,537.999994776E-9,19.2000008,
,,,538.400001915E-9,79.999998212E-3,,,,,538.400001915E-9,119.9999973E-3,,,,,538.400001915E-9,18.8000011,
,,,538.800009053E-9,79.999998212E-3,,,,,538.800009053E-9,119.9999973E-3,,,,,538.800009053E-9,18.8000011,
,,,539.200016192E-9,79.999998212E-3,,,,,539.200016192E-9,159.99999642E-3,,,,,539.200016192E-9,18.3999996,
,,,539.600023330E-9,79.999998212E-3,,,,,539.600023330E-9,199.99998808E-3,,,,,539.600023330E-9,18.3999996,
,,,540.000030469E-9,79.999998212E-3,,,,,540.000030469E-9,199.99998808E-3,,,,,540.000030469E-9,18.3999996,
,,,540.400037607E-9,119.9999973E-3,,,,,540.400037607E-9,199.99998808E-3,,,,,540.400037607E-9,18.3999996,
,,,540.799987903E-9,159.99999642E-3,,,,,540.799987903E-9,159.99999642E-3,,,,,540.799987903E-9,18.3999996,
,,,541.199995041E-9,159.99999642E-3,,,,,541.199995041E-9,119.9999973E-3,,,,,541.199995041E-9,18.3999996,
,,,541.600002180E-9,199.99998808E-3,,,,,541.600002180E-9,119.9999973E-3,,,,,541.600002180E-9,18.3999996,
,,,542.000009318E-9,159.99999642E-3,,,,,542.000009318E-9,119.9999973E-3,,,,,542.000009318E-9,18.3999996,
,,,542.400016457E-9,159.99999642E-3,,,,,542.400016457E-9,159.99999642E-3,,,,,542.400016457E-9,18.3999996,
,,,542.800023595E-9,79.999998212E-3,,,,,542.800023595E-9,119.9999973E-3,,,,,542.800023595E-9,18.3999996,
,,,543.200030734E-9,39.99999911E-3,,,,,543.200030734E-9,79.999998212E-3,,,,,543.200030734E-9,18.0000000,
,,,543.600037872E-9,0.0,,,,,543.600037872E-9,39.99999911E-3,,,,,543.600037872E-9,18.0000000,
,,,543.999988167E-9,0.0,,,,,543.999988167E-9,0.0,,,,,543.999988167E-9,18.0000000,
,,,544.399995306E-9,39.99999911E-3,,,,,544.399995306E-9,0.0,,,,,544.399995306E-9,18.0000000,
,,,544.800002444E-9,39.99999911E-3,,,,,544.800002444E-9,-39.99999911E-3,,,,,544.800002444E-9,18.3999996,
,,,545.200009583E-9,39.99999911E-3,,,,,545.200009583E-9,-39.99999911E-3,,,,,545.200009583E-9,18.3999996,
,,,545.600016721E-9,0.0,,,,,545.600016721E-9,-39.99999911E-3,,,,,545.600016721E-9,18.3999996,
,,,546.000023860E-9,-39.99999911E-3,,,,,546.000023860E-9,-79.999998212E-3,,,,,546.000023860E-9,18.3999996,
,,,546.400030998E-9,-39.99999911E-3,,,,,546.400030998E-9,-39.99999911E-3,,,,,546.400030998E-9,18.3999996,
,,,546.800038137E-9,-79.999998212E-3,,,,,546.800038137E-9,-39.99999911E-3,,,,,546.800038137E-9,18.0000000,
,,,547.199988432E-9,-39.99999911E-3,,,,,547.199988432E-9,-39.99999911E-3,,,,,547.199988432E-9,18.0000000,
,,,547.599995571E-9,-39.99999911E-3,,,,,547.599995571E-9,0.0,,,,,547.599995571E-9,18.0000000,
,,,548.000002709E-9,-39.99999911E-3,,,,,548.000002709E-9,39.99999911E-3,,,,,548.000002709E-9,18.3999996,
,,,548.400009848E-9,-39.99999911E-3,,,,,548.400009848E-9,79.999998212E-3,,,,,548.400009848E-9,18.3999996,
,,,548.800016986E-9,-39.99999911E-3,,,,,548.800016986E-9,79.999998212E-3,,,,,548.800016986E-9,18.3999996,
,,,549.200024125E-9,-39.99999911E-3,,,,,549.200024125E-9,79.999998212E-3,,,,,549.200024125E-9,18.8000011,
,,,549.600031263E-9,0.0,,,,,549.600031263E-9,39.99999911E-3,,,,,549.600031263E-9,18.8000011,
,,,550.000038402E-9,0.0,,,,,550.000038402E-9,-39.99999911E-3,,,,,550.000038402E-9,18.8000011,
,,,550.399988697E-9,0.0,,,,,550.399988697E-9,-119.9999973E-3,,,,,550.399988697E-9,18.8000011,
,,,550.799995835E-9,0.0,,,,,550.799995835E-9,-159.99999642E-3,,,,,550.799995835E-9,18.8000011,
,,,551.200002974E-9,0.0,,,,,551.200002974E-9,-159.99999642E-3,,,,,551.200002974E-9,18.8000011,
,,,551.600010112E-9,0.0,,,,,551.600010112E-9,-119.9999973E-3,,,,,551.600010112E-9,19.2000008,
,,,552.000017251E-9,0.0,,,,,552.000017251E-9,-119.9999973E-3,,,,,552.000017251E-9,19.2000008,
,,,552.400024389E-9,0.0,,,,,552.400024389E-9,-79.999998212E-3,,,,,552.400024389E-9,19.2000008,
,,,552.800031528E-9,0.0,,,,,552.800031528E-9,-119.9999973E-3,,,,,552.800031528E-9,19.2000008,
,,,553.200038667E-9,0.0,,,,,553.200038667E-9,-119.9999973E-3,,,,,553.200038667E-9,19.2000008,
,,,553.599988962E-9,-39.99999911E-3,,,,,553.599988962E-9,-119.9999973E-3,,,,,553.599988962E-9,19.6000004,
,,,553.999996100E-9,-39.99999911E-3,,,,,553.999996100E-9,-159.99999642E-3,,,,,553.999996100E-9,19.6000004,
,,,554.400003239E-9,-39.99999911E-3,,,,,554.400003239E-9,-119.9999973E-3,,,,,554.400003239E-9,19.6000004,
,,,554.800010377E-9,-79.999998212E-3,,,,,554.800010377E-9,-119.9999973E-3,,,,,554.800010377E-9,19.6000004,
,,,555.200017516E-9,-79.999998212E-3,,,,,555.200017516E-9,-119.9999973E-3,,,,,555.200017516E-9,19.6000004,
,,,555.600024654E-9,-79.999998212E-3,,,,,555.600024654E-9,-79.999998212E-3,,,,,555.600024654E-9,19.6000004,
,,,556.000031793E-9,-39.99999911E-3,,,,,556.000031793E-9,-39.99999911E-3,,,,,556.000031793E-9,19.6000004,
,,,556.400038931E-9,0.0,,,,,556.400038931E-9,0.0,,,,,556.400038931E-9,19.6000004,
,,,556.799989226E-9,0.0,,,,,556.799989226E-9,0.0,,,,,556.799989226E-9,19.2000008,
,,,557.199996365E-9,0.0,,,,,557.199996365E-9,0.0,,,,,557.199996365E-9,19.2000008,
,,,557.600003503E-9,39.99999911E-3,,,,,557.600003503E-9,39.99999911E-3,,,,,557.600003503E-9,19.2000008,
,,,558.000010642E-9,39.99999911E-3,,,,,558.000010642E-9,39.99999911E-3,,,,,558.000010642E-9,19.2000008,
,,,558.400017781E-9,79.999998212E-3,,,,,558.400017781E-9,79.999998212E-3,,,,,558.400017781E-9,18.8000011,
,,,558.800024919E-9,79.999998212E-3,,,,,558.800024919E-9,79.999998212E-3,,,,,558.800024919E-9,18.8000011,
,,,559.200032058E-9,119.9999973E-3,,,,,559.200032058E-9,79.999998212E-3,,,,,559.200032058E-9,18.8000011,
,,,559.600039196E-9,79.999998212E-3,,,,,559.600039196E-9,79.999998212E-3,,,,,559.600039196E-9,18.3999996,
,,,559.999989491E-9,79.999998212E-3,,,,,559.999989491E-9,79.999998212E-3,,,,,559.999989491E-9,18.3999996,
,,,560.399996630E-9,79.999998212E-3,,,,,560.399996630E-9,79.999998212E-3,,,,,560.399996630E-9,18.3999996,
,,,560.800003768E-9,79.999998212E-3,,,,,560.800003768E-9,79.999998212E-3,,,,,560.800003768E-9,18.3999996,
,,,561.200010907E-9,79.999998212E-3,,,,,561.200010907E-9,79.999998212E-3,,,,,561.200010907E-9,18.3999996,
,,,561.600018045E-9,79.999998212E-3,,,,,561.600018045E-9,39.99999911E-3,,,,,561.600018045E-9,18.3999996,
,,,562.000025184E-9,39.99999911E-3,,,,,562.000025184E-9,0.0,,,,,562.000025184E-9,18.3999996,
,,,562.400032322E-9,39.99999911E-3,,,,,562.400032322E-9,-39.99999911E-3,,,,,562.400032322E-9,18.3999996,
,,,562.800039461E-9,0.0,,,,,562.800039461E-9,-119.9999973E-3,,,,,562.800039461E-9,18.3999996,
,,,563.199989756E-9,-39.99999911E-3,,,,,563.199989756E-9,-159.99999642E-3,,,,,563.199989756E-9,18.3999996,
,,,563.599996894E-9,-79.999998212E-3,,,,,563.599996894E-9,-159.99999642E-3,,,,,563.599996894E-9,18.3999996,
,,,564.000004033E-9,-79.999998212E-3,,,,,564.000004033E-9,-159.99999642E-3,,,,,564.000004033E-9,18.0000000,
,,,564.400011172E-9,-39.99999911E-3,,,,,564.400011172E-9,-159.99999642E-3,,,,,564.400011172E-9,18.0000000,
,,,564.800018310E-9,-39.99999911E-3,,,,,564.800018310E-9,-199.99998808E-3,,,,,564.800018310E-9,18.3999996,
,,,565.200025449E-9,-39.99999911E-3,,,,,565.200025449E-9,-199.99998808E-3,,,,,565.200025449E-9,18.3999996,
,,,565.600032587E-9,0.0,,,,,565.600032587E-9,-199.99998808E-3,,,,,565.600032587E-9,18.3999996,
,,,566.000039726E-9,39.99999911E-3,,,,,566.000039726E-9,-199.99998808E-3,,,,,566.000039726E-9,18.3999996,
,,,566.399990021E-9,79.999998212E-3,,,,,566.399990021E-9,-159.99999642E-3,,,,,566.399990021E-9,18.3999996,
,,,566.799997159E-9,79.999998212E-3,,,,,566.799997159E-9,-119.9999973E-3,,,,,566.799997159E-9,18.3999996,
,,,567.200004298E-9,79.999998212E-3,,,,,567.200004298E-9,-39.99999911E-3,,,,,567.200004298E-9,18.3999996,
,,,567.600011436E-9,79.999998212E-3,,,,,567.600011436E-9,39.99999911E-3,,,,,567.600011436E-9,18.0000000,
,,,568.000018575E-9,79.999998212E-3,,,,,568.000018575E-9,119.9999973E-3,,,,,568.000018575E-9,18.0000000,
,,,568.400025713E-9,79.999998212E-3,,,,,568.400025713E-9,199.99998808E-3,,,,,568.400025713E-9,18.3999996,
,,,568.800032852E-9,79.999998212E-3,,,,,568.800032852E-9,239.99999464E-3,,,,,568.800032852E-9,18.8000011,
,,,569.200039990E-9,79.999998212E-3,,,,,569.200039990E-9,239.99999464E-3,,,,,569.200039990E-9,19.2000008,
,,,569.599990285E-9,119.9999973E-3,,,,,569.599990285E-9,280.00000119E-3,,,,,569.599990285E-9,19.2000008,
,,,569.999997424E-9,119.9999973E-3,,,,,569.999997424E-9,239.99999464E-3,,,,,569.999997424E-9,19.2000008,
,,,570.400004563E-9,159.99999642E-3,,,,,570.400004563E-9,239.99999464E-3,,,,,570.400004563E-9,18.8000011,
,,,570.800011701E-9,119.9999973E-3,,,,,570.800011701E-9,199.99998808E-3,,,,,570.800011701E-9,19.2000008,
,,,571.200018840E-9,79.999998212E-3,,,,,571.200018840E-9,159.99999642E-3,,,,,571.200018840E-9,18.8000011,
,,,571.600025978E-9,39.99999911E-3,,,,,571.600025978E-9,119.9999973E-3,,,,,571.600025978E-9,19.2000008,
,,,572.000033117E-9,0.0,,,,,572.000033117E-9,79.999998212E-3,,,,,572.000033117E-9,19.2000008,
,,,572.400040255E-9,0.0,,,,,572.400040255E-9,79.999998212E-3,,,,,572.400040255E-9,19.6000004,
,,,572.799990550E-9,-39.99999911E-3,,,,,572.799990550E-9,39.99999911E-3,,,,,572.799990550E-9,19.6000004,
,,,573.199997689E-9,-79.999998212E-3,,,,,573.199997689E-9,0.0,,,,,573.199997689E-9,19.6000004,
,,,573.600004827E-9,-119.9999973E-3,,,,,573.600004827E-9,-39.99999911E-3,,,,,573.600004827E-9,19.6000004,
,,,574.000011966E-9,-119.9999973E-3,,,,,574.000011966E-9,-79.999998212E-3,,,,,574.000011966E-9,19.6000004,
,,,574.400019104E-9,-119.9999973E-3,,,,,574.400019104E-9,-79.999998212E-3,,,,,574.400019104E-9,19.6000004,
,,,574.800026243E-9,-159.99999642E-3,,,,,574.800026243E-9,-119.9999973E-3,,,,,574.800026243E-9,19.6000004,
,,,575.200033381E-9,-199.99998808E-3,,,,,575.200033381E-9,-119.9999973E-3,,,,,575.200033381E-9,19.6000004,
,,,575.600040520E-9,-239.99999464E-3,,,,,575.600040520E-9,-159.99999642E-3,,,,,575.600040520E-9,19.2000008,
,,,575.999990815E-9,-239.99999464E-3,,,,,575.999990815E-9,-159.99999642E-3,,,,,575.999990815E-9,19.2000008,
,,,576.399997954E-9,-239.99999464E-3,,,,,576.399997954E-9,-159.99999642E-3,,,,,576.399997954E-9,19.2000008,
,,,576.800005092E-9,-239.99999464E-3,,,,,576.800005092E-9,-159.99999642E-3,,,,,576.800005092E-9,19.2000008,
,,,577.200012231E-9,-199.99998808E-3,,,,,577.200012231E-9,-159.99999642E-3,,,,,577.200012231E-9,18.8000011,
,,,577.600019369E-9,-159.99999642E-3,,,,,577.600019369E-9,-119.9999973E-3,,,,,577.600019369E-9,18.8000011,
,,,578.000026508E-9,-119.9999973E-3,,,,,578.000026508E-9,-79.999998212E-3,,,,,578.000026508E-9,18.8000011,
,,,578.400033646E-9,-39.99999911E-3,,,,,578.400033646E-9,0.0,,,,,578.400033646E-9,18.8000011,
,,,578.800040785E-9,0.0,,,,,578.800040785E-9,39.99999911E-3,,,,,578.800040785E-9,18.8000011,
,,,579.199991080E-9,0.0,,,,,579.199991080E-9,79.999998212E-3,,,,,579.199991080E-9,19.2000008,
,,,579.599998218E-9,39.99999911E-3,,,,,579.599998218E-9,119.9999973E-3,,,,,579.599998218E-9,19.2000008,
,,,580.000005357E-9,39.99999911E-3,,,,,580.000005357E-9,199.99998808E-3,,,,,580.000005357E-9,19.2000008,
,,,580.400012495E-9,79.999998212E-3,,,,,580.400012495E-9,239.99999464E-3,,,,,580.400012495E-9,18.8000011,
,,,580.800019634E-9,79.999998212E-3,,,,,580.800019634E-9,239.99999464E-3,,,,,580.800019634E-9,18.8000011,
,,,581.200026772E-9,79.999998212E-3,,,,,581.200026772E-9,280.00000119E-3,,,,,581.200026772E-9,18.8000011,
,,,581.600033911E-9,119.9999973E-3,,,,,581.600033911E-9,280.00000119E-3,,,,,581.600033911E-9,18.8000011,
,,,582.000041049E-9,119.9999973E-3,,,,,582.000041049E-9,239.99999464E-3,,,,,582.000041049E-9,18.8000011,
,,,582.399991345E-9,119.9999973E-3,,,,,582.399991345E-9,239.99999464E-3,,,,,582.399991345E-9,18.3999996,
,,,582.799998483E-9,79.999998212E-3,,,,,582.799998483E-9,199.99998808E-3,,,,,582.799998483E-9,18.3999996,
,,,583.200005622E-9,39.99999911E-3,,,,,583.200005622E-9,159.99999642E-3,,,,,583.200005622E-9,18.8000011,
,,,583.600012760E-9,0.0,,,,,583.600012760E-9,119.9999973E-3,,,,,583.600012760E-9,18.8000011,
,,,584.000019899E-9,-39.99999911E-3,,,,,584.000019899E-9,79.999998212E-3,,,,,584.000019899E-9,19.2000008,
,,,584.400027037E-9,-79.999998212E-3,,,,,584.400027037E-9,39.99999911E-3,,,,,584.400027037E-9,19.2000008,
,,,584.800034176E-9,-119.9999973E-3,,,,,584.800034176E-9,0.0,,,,,584.800034176E-9,19.2000008,
,,,585.200041314E-9,-159.99999642E-3,,,,,585.200041314E-9,-39.99999911E-3,,,,,585.200041314E-9,18.8000011,
,,,585.599991609E-9,-199.99998808E-3,,,,,585.599991609E-9,-79.999998212E-3,,,,,585.599991609E-9,19.2000008,
,,,585.999998748E-9,-199.99998808E-3,,,,,585.999998748E-9,-79.999998212E-3,,,,,585.999998748E-9,18.8000011,
,,,586.400005886E-9,-159.99999642E-3,,,,,586.400005886E-9,-79.999998212E-3,,,,,586.400005886E-9,18.8000011,
,,,586.800013025E-9,-159.99999642E-3,,,,,586.800013025E-9,-119.9999973E-3,,,,,586.800013025E-9,18.8000011,
,,,587.200020163E-9,-159.99999642E-3,,,,,587.200020163E-9,-119.9999973E-3,,,,,587.200020163E-9,18.8000011,
,,,587.600027302E-9,-119.9999973E-3,,,,,587.600027302E-9,-119.9999973E-3,,,,,587.600027302E-9,18.8000011,
,,,588.000034440E-9,-119.9999973E-3,,,,,588.000034440E-9,-119.9999973E-3,,,,,588.000034440E-9,18.8000011,
,,,588.400041579E-9,-79.999998212E-3,,,,,588.400041579E-9,-39.99999911E-3,,,,,588.400041579E-9,18.8000011,
,,,588.799991874E-9,-79.999998212E-3,,,,,588.799991874E-9,39.99999911E-3,,,,,588.799991874E-9,18.8000011,
,,,589.199999013E-9,-79.999998212E-3,,,,,589.199999013E-9,159.99999642E-3,,,,,589.199999013E-9,18.3999996,
,,,589.600006151E-9,-39.99999911E-3,,,,,589.600006151E-9,280.00000119E-3,,,,,589.600006151E-9,18.3999996,
,,,590.000013290E-9,0.0,,,,,590.000013290E-9,319.99999285E-3,,,,,590.000013290E-9,18.8000011,
,,,590.400020428E-9,39.99999911E-3,,,,,590.400020428E-9,359.99998450E-3,,,,,590.400020428E-9,18.8000011,
,,,590.800027567E-9,79.999998212E-3,,,,,590.800027567E-9,359.99998450E-3,,,,,590.800027567E-9,18.8000011,
,,,591.200034705E-9,79.999998212E-3,,,,,591.200034705E-9,399.99997616E-3,,,,,591.200034705E-9,18.8000011,
,,,591.600041844E-9,119.9999973E-3,,,,,591.600041844E-9,399.99997616E-3,,,,,591.600041844E-9,18.8000011,
,,,591.999992139E-9,119.9999973E-3,,,,,591.999992139E-9,399.99997616E-3,,,,,591.999992139E-9,18.8000011,
,,,592.399999277E-9,119.9999973E-3,,,,,592.399999277E-9,399.99997616E-3,,,,,592.399999277E-9,18.8000011,
,,,592.800006416E-9,79.999998212E-3,,,,,592.800006416E-9,359.99998450E-3,,,,,592.800006416E-9,18.8000011,
,,,593.200013554E-9,79.999998212E-3,,,,,593.200013554E-9,359.99998450E-3,,,,,593.200013554E-9,19.2000008,
,,,593.600020693E-9,39.99999911E-3,,,,,593.600020693E-9,319.99999285E-3,,,,,593.600020693E-9,19.2000008,
,,,594.000027831E-9,0.0,,,,,594.000027831E-9,280.00000119E-3,,,,,594.000027831E-9,19.6000004,
,,,594.400034970E-9,-39.99999911E-3,,,,,594.400034970E-9,239.99999464E-3,,,,,594.400034970E-9,19.6000004,
,,,594.800042109E-9,-119.9999973E-3,,,,,594.800042109E-9,199.99998808E-3,,,,,594.800042109E-9,20.0000000,
,,,595.199992404E-9,-159.99999642E-3,,,,,595.199992404E-9,159.99999642E-3,,,,,595.199992404E-9,20.0000000,
,,,595.599999542E-9,-199.99998808E-3,,,,,595.599999542E-9,119.9999973E-3,,,,,595.599999542E-9,20.0000000,
,,,596.000006681E-9,-199.99998808E-3,,,,,596.000006681E-9,79.999998212E-3,,,,,596.000006681E-9,20.0000000,
,,,596.400013819E-9,-199.99998808E-3,,,,,596.400013819E-9,39.99999911E-3,,,,,596.400013819E-9,20.39999962,
,,,596.800020958E-9,-199.99998808E-3,,,,,596.800020958E-9,-39.99999911E-3,,,,,596.800020958E-9,20.0000000,
,,,597.200028096E-9,-199.99998808E-3,,,,,597.200028096E-9,-79.999998212E-3,,,,,597.200028096E-9,20.39999962,
,,,597.600035235E-9,-199.99998808E-3,,,,,597.600035235E-9,-79.999998212E-3,,,,,597.600035235E-9,20.0000000,
,,,598.000042373E-9,-239.99999464E-3,,,,,598.000042373E-9,-79.999998212E-3,,,,,598.000042373E-9,20.0000000,
,,,598.399992668E-9,-199.99998808E-3,,,,,598.399992668E-9,-39.99999911E-3,,,,,598.399992668E-9,19.6000004,
,,,598.799999807E-9,-199.99998808E-3,,,,,598.799999807E-9,-39.99999911E-3,,,,,598.799999807E-9,19.6000004,
,,,599.200006945E-9,-159.99999642E-3,,,,,599.200006945E-9,-39.99999911E-3,,,,,599.200006945E-9,19.2000008,
,,,599.600014084E-9,-119.9999973E-3,,,,,599.600014084E-9,0.0,,,,,599.600014084E-9,19.2000008,
,,,600.000021223E-9,-79.999998212E-3,,,,,600.000021223E-9,0.0,,,,,600.000021223E-9,19.2000008,
,,,600.400028361E-9,-39.99999911E-3,,,,,600.400028361E-9,39.99999911E-3,,,,,600.400028361E-9,18.8000011,
,,,600.800035500E-9,-39.99999911E-3,,,,,600.800035500E-9,39.99999911E-3,,,,,600.800035500E-9,18.8000011,
,,,601.200042638E-9,-39.99999911E-3,,,,,601.200042638E-9,79.999998212E-3,,,,,601.200042638E-9,18.8000011,
,,,601.599992933E-9,-39.99999911E-3,,,,,601.599992933E-9,119.9999973E-3,,,,,601.599992933E-9,18.8000011,
,,,602.000000072E-9,-39.99999911E-3,,,,,602.000000072E-9,199.99998808E-3,,,,,602.000000072E-9,18.3999996,
,,,602.400007210E-9,0.0,,,,,602.400007210E-9,280.00000119E-3,,,,,602.400007210E-9,18.3999996,
,,,602.800014349E-9,0.0,,,,,602.800014349E-9,280.00000119E-3,,,,,602.800014349E-9,18.3999996,
,,,603.200021487E-9,39.99999911E-3,,,,,603.200021487E-9,319.99999285E-3,,,,,603.200021487E-9,18.3999996,
,,,603.600028626E-9,79.999998212E-3,,,,,603.600028626E-9,319.99999285E-3,,,,,603.600028626E-9,18.3999996,
,,,604.000035764E-9,119.9999973E-3,,,,,604.000035764E-9,319.99999285E-3,,,,,604.000035764E-9,18.3999996,
,,,604.400042903E-9,119.9999973E-3,,,,,604.400042903E-9,319.99999285E-3,,,,,604.400042903E-9,18.3999996,
,,,604.799993198E-9,79.999998212E-3,,,,,604.799993198E-9,280.00000119E-3,,,,,604.799993198E-9,18.3999996,
,,,605.200000336E-9,0.0,,,,,605.200000336E-9,280.00000119E-3,,,,,605.200000336E-9,18.0000000,
,,,605.600007475E-9,-39.99999911E-3,,,,,605.600007475E-9,239.99999464E-3,,,,,605.600007475E-9,18.0000000,
,,,606.000014614E-9,-39.99999911E-3,,,,,606.000014614E-9,159.99999642E-3,,,,,606.000014614E-9,18.0000000,
,,,606.400021752E-9,-39.99999911E-3,,,,,606.400021752E-9,119.9999973E-3,,,,,606.400021752E-9,18.0000000,
,,,606.800028891E-9,-39.99999911E-3,,,,,606.800028891E-9,39.99999911E-3,,,,,606.800028891E-9,18.0000000,
,,,607.200036029E-9,-39.99999911E-3,,,,,607.200036029E-9,-39.99999911E-3,,,,,607.200036029E-9,18.0000000,
,,,607.600043168E-9,-79.999998212E-3,,,,,607.600043168E-9,-79.999998212E-3,,,,,607.600043168E-9,18.0000000,
,,,607.999993463E-9,-79.999998212E-3,,,,,607.999993463E-9,-119.9999973E-3,,,,,607.999993463E-9,18.0000000,
,,,608.400000601E-9,-79.999998212E-3,,,,,608.400000601E-9,-119.9999973E-3,,,,,608.400000601E-9,18.3999996,
,,,608.800007740E-9,-119.9999973E-3,,,,,608.800007740E-9,-119.9999973E-3,,,,,608.800007740E-9,18.3999996,
,,,609.200014878E-9,-79.999998212E-3,,,,,609.200014878E-9,-119.9999973E-3,,,,,609.200014878E-9,18.8000011,
,,,609.600022017E-9,-79.999998212E-3,,,,,609.600022017E-9,-79.999998212E-3,,,,,609.600022017E-9,18.8000011,
,,,610.000029155E-9,-79.999998212E-3,,,,,610.000029155E-9,-39.99999911E-3,,,,,610.000029155E-9,19.2000008,
,,,610.400036294E-9,-39.99999911E-3,,,,,610.400036294E-9,39.99999911E-3,,,,,610.400036294E-9,19.2000008,
,,,610.800043432E-9,-39.99999911E-3,,,,,610.800043432E-9,39.99999911E-3,,,,,610.800043432E-9,19.2000008,
,,,611.199993727E-9,0.0,,,,,611.199993727E-9,79.999998212E-3,,,,,611.199993727E-9,19.2000008,
,,,611.600000866E-9,39.99999911E-3,,,,,611.600000866E-9,119.9999973E-3,,,,,611.600000866E-9,19.6000004,
,,,612.000008005E-9,39.99999911E-3,,,,,612.000008005E-9,159.99999642E-3,,,,,612.000008005E-9,19.6000004,
,,,612.400015143E-9,39.99999911E-3,,,,,612.400015143E-9,199.99998808E-3,,,,,612.400015143E-9,19.6000004,
,,,612.800022282E-9,39.99999911E-3,,,,,612.800022282E-9,239.99999464E-3,,,,,612.800022282E-9,19.6000004,
,,,613.200029420E-9,39.99999911E-3,,,,,613.200029420E-9,239.99999464E-3,,,,,613.200029420E-9,19.6000004,
,,,613.600036559E-9,39.99999911E-3,,,,,613.600036559E-9,280.00000119E-3,,,,,613.600036559E-9,19.6000004,
,,,614.000043697E-9,39.99999911E-3,,,,,614.000043697E-9,280.00000119E-3,,,,,614.000043697E-9,19.6000004,
,,,614.399993992E-9,39.99999911E-3,,,,,614.399993992E-9,280.00000119E-3,,,,,614.399993992E-9,19.6000004,
,,,614.800001131E-9,0.0,,,,,614.800001131E-9,239.99999464E-3,,,,,614.800001131E-9,19.6000004,
,,,615.200008269E-9,0.0,,,,,615.200008269E-9,199.99998808E-3,,,,,615.200008269E-9,19.6000004,
,,,615.600015408E-9,-39.99999911E-3,,,,,615.600015408E-9,199.99998808E-3,,,,,615.600015408E-9,19.6000004,
,,,616.000022546E-9,-39.99999911E-3,,,,,616.000022546E-9,199.99998808E-3,,,,,616.000022546E-9,19.2000008,
,,,616.400029685E-9,-39.99999911E-3,,,,,616.400029685E-9,199.99998808E-3,,,,,616.400029685E-9,19.2000008,
,,,616.800036823E-9,-79.999998212E-3,,,,,616.800036823E-9,159.99999642E-3,,,,,616.800036823E-9,19.2000008,
,,,617.200043962E-9,-119.9999973E-3,,,,,617.200043962E-9,79.999998212E-3,,,,,617.200043962E-9,19.2000008,
,,,617.599994257E-9,-159.99999642E-3,,,,,617.599994257E-9,39.99999911E-3,,,,,617.599994257E-9,19.2000008,
,,,618.000001396E-9,-159.99999642E-3,,,,,618.000001396E-9,0.0,,,,,618.000001396E-9,19.2000008,
,,,618.400008534E-9,-119.9999973E-3,,,,,618.400008534E-9,-39.99999911E-3,,,,,618.400008534E-9,19.2000008,
,,,618.800015673E-9,-119.9999973E-3,,,,,618.800015673E-9,-79.999998212E-3,,,,,618.800015673E-9,19.2000008,
,,,619.200022811E-9,-79.999998212E-3,,,,,619.200022811E-9,-79.999998212E-3,,,,,619.200022811E-9,19.2000008,
,,,619.600029950E-9,-39.99999911E-3,,,,,619.600029950E-9,-79.999998212E-3,,,,,619.600029950E-9,19.2000008,
,,,620.000037088E-9,-39.99999911E-3,,,,,620.000037088E-9,-119.9999973E-3,,,,,620.000037088E-9,19.2000008,
,,,620.400044227E-9,0.0,,,,,620.400044227E-9,-79.999998212E-3,,,,,620.400044227E-9,19.2000008,
,,,620.799994522E-9,0.0,,,,,620.799994522E-9,-79.999998212E-3,,,,,620.799994522E-9,19.2000008,
,,,621.200001660E-9,0.0,,,,,621.200001660E-9,-79.999998212E-3,,,,,621.200001660E-9,18.8000011,
,,,621.600008799E-9,39.99999911E-3,,,,,621.600008799E-9,-39.99999911E-3,,,,,621.600008799E-9,18.8000011,
,,,622.000015937E-9,39.99999911E-3,,,,,622.000015937E-9,-39.99999911E-3,,,,,622.000015937E-9,18.3999996,
,,,622.400023076E-9,79.999998212E-3,,,,,622.400023076E-9,0.0,,,,,622.400023076E-9,18.3999996,
,,,622.800030214E-9,79.999998212E-3,,,,,622.800030214E-9,0.0,,,,,622.800030214E-9,18.3999996,
,,,623.200037353E-9,79.999998212E-3,,,,,623.200037353E-9,0.0,,,,,623.200037353E-9,18.3999996,
,,,623.600044491E-9,79.999998212E-3,,,,,623.600044491E-9,39.99999911E-3,,,,,623.600044491E-9,18.3999996,
,,,623.999994787E-9,79.999998212E-3,,,,,623.999994787E-9,79.999998212E-3,,,,,623.999994787E-9,18.3999996,
,,,624.400001925E-9,119.9999973E-3,,,,,624.400001925E-9,119.9999973E-3,,,,,624.400001925E-9,18.3999996,
,,,624.800009064E-9,119.9999973E-3,,,,,624.800009064E-9,119.9999973E-3,,,,,624.800009064E-9,18.3999996,
,,,625.200016202E-9,119.9999973E-3,,,,,625.200016202E-9,159.99999642E-3,,,,,625.200016202E-9,18.3999996,
,,,625.600023341E-9,79.999998212E-3,,,,,625.600023341E-9,159.99999642E-3,,,,,625.600023341E-9,18.3999996,
,,,626.000030479E-9,39.99999911E-3,,,,,626.000030479E-9,159.99999642E-3,,,,,626.000030479E-9,18.3999996,
,,,626.400037618E-9,39.99999911E-3,,,,,626.400037618E-9,159.99999642E-3,,,,,626.400037618E-9,18.3999996,
,,,626.800044756E-9,0.0,,,,,626.800044756E-9,119.9999973E-3,,,,,626.800044756E-9,18.3999996,
,,,627.199995051E-9,0.0,,,,,627.199995051E-9,39.99999911E-3,,,,,627.199995051E-9,18.3999996,
,,,627.600002190E-9,0.0,,,,,627.600002190E-9,0.0,,,,,627.600002190E-9,18.3999996,
,,,628.000009328E-9,0.0,,,,,628.000009328E-9,-39.99999911E-3,,,,,628.000009328E-9,18.3999996,
,,,628.400016467E-9,39.99999911E-3,,,,,628.400016467E-9,-39.99999911E-3,,,,,628.400016467E-9,18.3999996,
,,,628.800023605E-9,39.99999911E-3,,,,,628.800023605E-9,-79.999998212E-3,,,,,628.800023605E-9,18.3999996,
,,,629.200030744E-9,39.99999911E-3,,,,,629.200030744E-9,-79.999998212E-3,,,,,629.200030744E-9,18.3999996,
,,,629.600037882E-9,0.0,,,,,629.600037882E-9,-119.9999973E-3,,,,,629.600037882E-9,18.3999996,
,,,630.000045021E-9,-39.99999911E-3,,,,,630.000045021E-9,-119.9999973E-3,,,,,630.000045021E-9,18.3999996,
,,,630.399995316E-9,-39.99999911E-3,,,,,630.399995316E-9,-119.9999973E-3,,,,,630.399995316E-9,18.3999996,
,,,630.800002455E-9,-39.99999911E-3,,,,,630.800002455E-9,-159.99999642E-3,,,,,630.800002455E-9,18.3999996,
,,,631.200009593E-9,-39.99999911E-3,,,,,631.200009593E-9,-159.99999642E-3,,,,,631.200009593E-9,18.8000011,
,,,631.600016732E-9,0.0,,,,,631.600016732E-9,-199.99998808E-3,,,,,631.600016732E-9,18.8000011,
,,,632.000023870E-9,0.0,,,,,632.000023870E-9,-199.99998808E-3,,,,,632.000023870E-9,18.8000011,
,,,632.400031009E-9,39.99999911E-3,,,,,632.400031009E-9,-159.99999642E-3,,,,,632.400031009E-9,18.8000011,
,,,632.800038147E-9,39.99999911E-3,,,,,632.800038147E-9,-159.99999642E-3,,,,,632.800038147E-9,18.8000011,
,,,633.200045286E-9,39.99999911E-3,,,,,633.200045286E-9,-119.9999973E-3,,,,,633.200045286E-9,19.2000008,
,,,633.599995581E-9,79.999998212E-3,,,,,633.599995581E-9,-79.999998212E-3,,,,,633.599995581E-9,19.2000008,
,,,634.000002719E-9,79.999998212E-3,,,,,634.000002719E-9,-79.999998212E-3,,,,,634.000002719E-9,19.2000008,
,,,634.400009858E-9,79.999998212E-3,,,,,634.400009858E-9,-39.99999911E-3,,,,,634.400009858E-9,19.6000004,
,,,634.800016996E-9,39.99999911E-3,,,,,634.800016996E-9,-39.99999911E-3,,,,,634.800016996E-9,19.2000008,
,,,635.200024135E-9,0.0,,,,,635.200024135E-9,-39.99999911E-3,,,,,635.200024135E-9,19.6000004,
,,,635.600031273E-9,0.0,,,,,635.600031273E-9,-39.99999911E-3,,,,,635.600031273E-9,19.6000004,
,,,636.000038412E-9,0.0,,,,,636.000038412E-9,-39.99999911E-3,,,,,636.000038412E-9,19.2000008,
,,,636.400045551E-9,0.0,,,,,636.400045551E-9,-39.99999911E-3,,,,,636.400045551E-9,19.2000008,
,,,636.799995846E-9,-39.99999911E-3,,,,,636.799995846E-9,-39.99999911E-3,,,,,636.799995846E-9,19.2000008,
,,,637.200002984E-9,-39.99999911E-3,,,,,637.200002984E-9,-39.99999911E-3,,,,,637.200002984E-9,18.8000011,
,,,637.600010123E-9,-79.999998212E-3,,,,,637.600010123E-9,-39.99999911E-3,,,,,637.600010123E-9,18.8000011,
,,,638.000017261E-9,-119.9999973E-3,,,,,638.000017261E-9,-39.99999911E-3,,,,,638.000017261E-9,18.8000011,
,,,638.400024400E-9,-119.9999973E-3,,,,,638.400024400E-9,0.0,,,,,638.400024400E-9,18.8000011,
,,,638.800031538E-9,-119.9999973E-3,,,,,638.800031538E-9,0.0,,,,,638.800031538E-9,18.8000011,
,,,639.200038677E-9,-119.9999973E-3,,,,,639.200038677E-9,0.0,,,,,639.200038677E-9,18.8000011,
,,,639.600045815E-9,-79.999998212E-3,,,,,639.600045815E-9,-39.99999911E-3,,,,,639.600045815E-9,18.8000011,
,,,639.999996110E-9,-79.999998212E-3,,,,,639.999996110E-9,-79.999998212E-3,,,,,639.999996110E-9,18.8000011,
,,,640.400003249E-9,-39.99999911E-3,,,,,640.400003249E-9,-79.999998212E-3,,,,,640.400003249E-9,18.8000011,
,,,640.800010387E-9,-39.99999911E-3,,,,,640.800010387E-9,-79.999998212E-3,,,,,640.800010387E-9,18.8000011,
,,,641.200017526E-9,-39.99999911E-3,,,,,641.200017526E-9,-79.999998212E-3,,,,,641.200017526E-9,18.8000011,
,,,641.600024665E-9,0.0,,,,,641.600024665E-9,-39.99999911E-3,,,,,641.600024665E-9,18.8000011,
,,,642.000031803E-9,39.99999911E-3,,,,,642.000031803E-9,-39.99999911E-3,,,,,642.000031803E-9,18.8000011,
,,,642.400038942E-9,79.999998212E-3,,,,,642.400038942E-9,-39.99999911E-3,,,,,642.400038942E-9,18.3999996,
,,,642.799989237E-9,39.99999911E-3,,,,,642.799989237E-9,-39.99999911E-3,,,,,642.799989237E-9,18.3999996,
,,,643.199996375E-9,39.99999911E-3,,,,,643.199996375E-9,-39.99999911E-3,,,,,643.199996375E-9,18.0000000,
,,,643.600003514E-9,39.99999911E-3,,,,,643.600003514E-9,0.0,,,,,643.600003514E-9,18.0000000,
,,,644.000010652E-9,39.99999911E-3,,,,,644.000010652E-9,0.0,,,,,644.000010652E-9,18.0000000,
,,,644.400017791E-9,79.999998212E-3,,,,,644.400017791E-9,0.0,,,,,644.400017791E-9,18.0000000,
,,,644.800024929E-9,79.999998212E-3,,,,,644.800024929E-9,-39.99999911E-3,,,,,644.800024929E-9,18.0000000,
,,,645.200032068E-9,119.9999973E-3,,,,,645.200032068E-9,0.0,,,,,645.200032068E-9,18.0000000,
,,,645.600039206E-9,79.999998212E-3,,,,,645.600039206E-9,0.0,,,,,645.600039206E-9,18.0000000,
,,,645.999989501E-9,79.999998212E-3,,,,,645.999989501E-9,39.99999911E-3,,,,,645.999989501E-9,18.0000000,
,,,646.399996640E-9,39.99999911E-3,,,,,646.399996640E-9,79.999998212E-3,,,,,646.399996640E-9,18.0000000,
,,,646.800003778E-9,0.0,,,,,646.800003778E-9,79.999998212E-3,,,,,646.800003778E-9,17.6000004,
,,,647.200010917E-9,0.0,,,,,647.200010917E-9,79.999998212E-3,,,,,647.200010917E-9,18.0000000,
,,,647.600018056E-9,-39.99999911E-3,,,,,647.600018056E-9,79.999998212E-3,,,,,647.600018056E-9,18.0000000,
,,,648.000025194E-9,-39.99999911E-3,,,,,648.000025194E-9,79.999998212E-3,,,,,648.000025194E-9,18.0000000,
,,,648.400032333E-9,-39.99999911E-3,,,,,648.400032333E-9,79.999998212E-3,,,,,648.400032333E-9,18.0000000,
,,,648.800039471E-9,-39.99999911E-3,,,,,648.800039471E-9,0.0,,,,,648.800039471E-9,18.0000000,
,,,649.199989766E-9,-39.99999911E-3,,,,,649.199989766E-9,-39.99999911E-3,,,,,649.199989766E-9,18.3999996,
,,,649.599996905E-9,-79.999998212E-3,,,,,649.599996905E-9,-79.999998212E-3,,,,,649.599996905E-9,18.3999996,
,,,650.000004043E-9,-79.999998212E-3,,,,,650.000004043E-9,-79.999998212E-3,,,,,650.000004043E-9,18.3999996,
,,,650.400011182E-9,-79.999998212E-3,,,,,650.400011182E-9,-79.999998212E-3,,,,,650.400011182E-9,18.3999996,
,,,650.800018320E-9,-119.9999973E-3,,,,,650.800018320E-9,-119.9999973E-3,,,,,650.800018320E-9,18.3999996,
,,,651.200025459E-9,-119.9999973E-3,,,,,651.200025459E-9,-119.9999973E-3,,,,,651.200025459E-9,18.3999996,
,,,651.600032597E-9,-79.999998212E-3,,,,,651.600032597E-9,-119.9999973E-3,,,,,651.600032597E-9,18.3999996,
,,,652.000039736E-9,-39.99999911E-3,,,,,652.000039736E-9,-159.99999642E-3,,,,,652.000039736E-9,18.3999996,
,,,652.399990031E-9,0.0,,,,,652.399990031E-9,-119.9999973E-3,,,,,652.399990031E-9,18.3999996,
,,,652.799997169E-9,0.0,,,,,652.799997169E-9,-119.9999973E-3,,,,,652.799997169E-9,18.3999996,
,,,653.200004308E-9,0.0,,,,,653.200004308E-9,-119.9999973E-3,,,,,653.200004308E-9,18.3999996,
,,,653.600011447E-9,0.0,,,,,653.600011447E-9,-79.999998212E-3,,,,,653.600011447E-9,18.3999996,
,,,654.000018585E-9,0.0,,,,,654.000018585E-9,-79.999998212E-3,,,,,654.000018585E-9,18.8000011,
,,,654.400025724E-9,0.0,,,,,654.400025724E-9,-79.999998212E-3,,,,,654.400025724E-9,18.8000011,
,,,654.800032862E-9,0.0,,,,,654.800032862E-9,-79.999998212E-3,,,,,654.800032862E-9,18.8000011,
,,,655.200040001E-9,0.0,,,,,655.200040001E-9,-39.99999911E-3,,,,,655.200040001E-9,18.8000011,
,,,655.599990296E-9,0.0,,,,,655.599990296E-9,0.0,,,,,655.599990296E-9,18.8000011,
,,,655.999997434E-9,0.0,,,,,655.999997434E-9,0.0,,,,,655.999997434E-9,18.8000011,
,,,656.400004573E-9,0.0,,,,,656.400004573E-9,39.99999911E-3,,,,,656.400004573E-9,18.8000011,
,,,656.800011711E-9,0.0,,,,,656.800011711E-9,39.99999911E-3,,,,,656.800011711E-9,18.8000011,
,,,657.200018850E-9,0.0,,,,,657.200018850E-9,39.99999911E-3,,,,,657.200018850E-9,18.8000011,
,,,657.600025988E-9,0.0,,,,,657.600025988E-9,39.99999911E-3,,,,,657.600025988E-9,18.8000011,
,,,658.000033127E-9,0.0,,,,,658.000033127E-9,39.99999911E-3,,,,,658.000033127E-9,18.8000011,
,,,658.400040265E-9,0.0,,,,,658.400040265E-9,39.99999911E-3,,,,,658.400040265E-9,18.8000011,
,,,658.799990561E-9,-39.99999911E-3,,,,,658.799990561E-9,39.99999911E-3,,,,,658.799990561E-9,18.3999996,
,,,659.199997699E-9,-39.99999911E-3,,,,,659.199997699E-9,39.99999911E-3,,,,,659.199997699E-9,18.3999996,
,,,659.600004838E-9,-79.999998212E-3,,,,,659.600004838E-9,79.999998212E-3,,,,,659.600004838E-9,18.3999996,
,,,660.000011976E-9,-79.999998212E-3,,,,,660.000011976E-9,79.999998212E-3,,,,,660.000011976E-9,18.3999996,
,,,660.400019115E-9,-79.999998212E-3,,,,,660.400019115E-9,119.9999973E-3,,,,,660.400019115E-9,18.3999996,
,,,660.800026253E-9,-79.999998212E-3,,,,,660.800026253E-9,119.9999973E-3,,,,,660.800026253E-9,18.3999996,
,,,661.200033392E-9,-79.999998212E-3,,,,,661.200033392E-9,119.9999973E-3,,,,,661.200033392E-9,18.3999996,
,,,661.600040530E-9,-79.999998212E-3,,,,,661.600040530E-9,79.999998212E-3,,,,,661.600040530E-9,18.3999996,
,,,661.999990825E-9,-79.999998212E-3,,,,,661.999990825E-9,39.99999911E-3,,,,,661.999990825E-9,18.3999996,
,,,662.399997964E-9,-79.999998212E-3,,,,,662.399997964E-9,39.99999911E-3,,,,,662.399997964E-9,18.0000000,
,,,662.800005102E-9,-79.999998212E-3,,,,,662.800005102E-9,39.99999911E-3,,,,,662.800005102E-9,18.0000000,
,,,663.200012241E-9,-79.999998212E-3,,,,,663.200012241E-9,39.99999911E-3,,,,,663.200012241E-9,17.6000004,
,,,663.600019379E-9,-79.999998212E-3,,,,,663.600019379E-9,0.0,,,,,663.600019379E-9,17.6000004,
,,,664.000026518E-9,-79.999998212E-3,,,,,664.000026518E-9,-39.99999911E-3,,,,,664.000026518E-9,17.6000004,
,,,664.400033656E-9,-79.999998212E-3,,,,,664.400033656E-9,-79.999998212E-3,,,,,664.400033656E-9,17.6000004,
,,,664.800040795E-9,-79.999998212E-3,,,,,664.800040795E-9,-119.9999973E-3,,,,,664.800040795E-9,17.6000004,
,,,665.199991090E-9,-79.999998212E-3,,,,,665.199991090E-9,-119.9999973E-3,,,,,665.199991090E-9,17.6000004,
,,,665.599998229E-9,-39.99999911E-3,,,,,665.599998229E-9,-119.9999973E-3,,,,,665.599998229E-9,17.6000004,
,,,666.000005367E-9,-39.99999911E-3,,,,,666.000005367E-9,-79.999998212E-3,,,,,666.000005367E-9,17.2000008,
,,,666.400012506E-9,-39.99999911E-3,,,,,666.400012506E-9,-39.99999911E-3,,,,,666.400012506E-9,17.2000008,
,,,666.800019644E-9,-39.99999911E-3,,,,,666.800019644E-9,-39.99999911E-3,,,,,666.800019644E-9,17.2000008,
,,,667.200026783E-9,-39.99999911E-3,,,,,667.200026783E-9,-39.99999911E-3,,,,,667.200026783E-9,17.2000008,
,,,667.600033921E-9,-39.99999911E-3,,,,,667.600033921E-9,0.0,,,,,667.600033921E-9,17.2000008,
,,,668.000041060E-9,-39.99999911E-3,,,,,668.000041060E-9,0.0,,,,,668.000041060E-9,17.6000004,
,,,668.399991355E-9,-39.99999911E-3,,,,,668.399991355E-9,39.99999911E-3,,,,,668.399991355E-9,17.6000004,
,,,668.799998493E-9,-39.99999911E-3,,,,,668.799998493E-9,39.99999911E-3,,,,,668.799998493E-9,17.6000004,
,,,669.200005632E-9,-39.99999911E-3,,,,,669.200005632E-9,39.99999911E-3,,,,,669.200005632E-9,17.2000008,
,,,669.600012770E-9,-39.99999911E-3,,,,,669.600012770E-9,79.999998212E-3,,,,,669.600012770E-9,17.2000008,
,,,670.000019909E-9,-39.99999911E-3,,,,,670.000019909E-9,79.999998212E-3,,,,,670.000019909E-9,17.2000008,
,,,670.400027047E-9,-39.99999911E-3,,,,,670.400027047E-9,119.9999973E-3,,,,,670.400027047E-9,17.2000008,
,,,670.800034186E-9,-39.99999911E-3,,,,,670.800034186E-9,119.9999973E-3,,,,,670.800034186E-9,17.2000008,
,,,671.200041324E-9,-39.99999911E-3,,,,,671.200041324E-9,119.9999973E-3,,,,,671.200041324E-9,17.2000008,
,,,671.599991620E-9,-39.99999911E-3,,,,,671.599991620E-9,119.9999973E-3,,,,,671.599991620E-9,17.6000004,
,,,671.999998758E-9,-39.99999911E-3,,,,,671.999998758E-9,119.9999973E-3,,,,,671.999998758E-9,17.6000004,
,,,672.400005897E-9,0.0,,,,,672.400005897E-9,119.9999973E-3,,,,,672.400005897E-9,17.6000004,
,,,672.800013035E-9,0.0,,,,,672.800013035E-9,119.9999973E-3,,,,,672.800013035E-9,17.6000004,
,,,673.200020174E-9,39.99999911E-3,,,,,673.200020174E-9,119.9999973E-3,,,,,673.200020174E-9,17.6000004,
,,,673.600027312E-9,39.99999911E-3,,,,,673.600027312E-9,119.9999973E-3,,,,,673.600027312E-9,17.6000004,
,,,674.000034451E-9,0.0,,,,,674.000034451E-9,119.9999973E-3,,,,,674.000034451E-9,17.6000004,
,,,674.400041589E-9,0.0,,,,,674.400041589E-9,159.99999642E-3,,,,,674.400041589E-9,17.6000004,
,,,674.799991884E-9,-39.99999911E-3,,,,,674.799991884E-9,159.99999642E-3,,,,,674.799991884E-9,17.6000004,
,,,675.199999023E-9,-39.99999911E-3,,,,,675.199999023E-9,159.99999642E-3,,,,,675.199999023E-9,18.0000000,
,,,675.600006161E-9,-39.99999911E-3,,,,,675.600006161E-9,119.9999973E-3,,,,,675.600006161E-9,18.0000000,
,,,676.000013300E-9,-39.99999911E-3,,,,,676.000013300E-9,79.999998212E-3,,,,,676.000013300E-9,18.3999996,
,,,676.400020438E-9,-39.99999911E-3,,,,,676.400020438E-9,79.999998212E-3,,,,,676.400020438E-9,18.3999996,
,,,676.800027577E-9,-39.99999911E-3,,,,,676.800027577E-9,39.99999911E-3,,,,,676.800027577E-9,18.3999996,
,,,677.200034715E-9,-39.99999911E-3,,,,,677.200034715E-9,39.99999911E-3,,,,,677.200034715E-9,18.0000000,
,,,677.600041854E-9,-79.999998212E-3,,,,,677.600041854E-9,39.99999911E-3,,,,,677.600041854E-9,18.0000000,
,,,677.999992149E-9,-79.999998212E-3,,,,,677.999992149E-9,39.99999911E-3,,,,,677.999992149E-9,17.6000004,
,,,678.399999288E-9,-79.999998212E-3,,,,,678.399999288E-9,39.99999911E-3,,,,,678.399999288E-9,17.6000004,
,,,678.800006426E-9,-119.9999973E-3,,,,,678.800006426E-9,39.99999911E-3,,,,,678.800006426E-9,17.6000004,
,,,679.200013565E-9,-119.9999973E-3,,,,,679.200013565E-9,39.99999911E-3,,,,,679.200013565E-9,17.6000004,
,,,679.600020703E-9,-119.9999973E-3,,,,,679.600020703E-9,39.99999911E-3,,,,,679.600020703E-9,17.6000004,
,,,680.000027842E-9,-119.9999973E-3,,,,,680.000027842E-9,39.99999911E-3,,,,,680.000027842E-9,17.6000004,
,,,680.400034980E-9,-119.9999973E-3,,,,,680.400034980E-9,79.999998212E-3,,,,,680.400034980E-9,17.6000004,
,,,680.800042119E-9,-119.9999973E-3,,,,,680.800042119E-9,79.999998212E-3,,,,,680.800042119E-9,17.6000004,
,,,681.199992414E-9,-119.9999973E-3,,,,,681.199992414E-9,79.999998212E-3,,,,,681.199992414E-9,17.6000004,
,,,681.599999552E-9,-119.9999973E-3,,,,,681.599999552E-9,79.999998212E-3,,,,,681.599999552E-9,17.6000004,
,,,682.000006691E-9,-119.9999973E-3,,,,,682.000006691E-9,79.999998212E-3,,,,,682.000006691E-9,17.6000004,
,,,682.400013829E-9,-119.9999973E-3,,,,,682.400013829E-9,119.9999973E-3,,,,,682.400013829E-9,17.6000004,
,,,682.800020968E-9,-119.9999973E-3,,,,,682.800020968E-9,119.9999973E-3,,,,,682.800020968E-9,17.6000004,
,,,683.200028107E-9,-119.9999973E-3,,,,,683.200028107E-9,119.9999973E-3,,,,,683.200028107E-9,17.6000004,
,,,683.600035245E-9,-79.999998212E-3,,,,,683.600035245E-9,79.999998212E-3,,,,,683.600035245E-9,17.6000004,
,,,684.000042384E-9,-79.999998212E-3,,,,,684.000042384E-9,79.999998212E-3,,,,,684.000042384E-9,17.6000004,
,,,684.399992679E-9,-39.99999911E-3,,,,,684.399992679E-9,79.999998212E-3,,,,,684.399992679E-9,17.6000004,
,,,684.799999817E-9,-39.99999911E-3,,,,,684.799999817E-9,79.999998212E-3,,,,,684.799999817E-9,17.6000004,
,,,685.200006956E-9,0.0,,,,,685.200006956E-9,79.999998212E-3,,,,,685.200006956E-9,17.2000008,
,,,685.600014094E-9,39.99999911E-3,,,,,685.600014094E-9,119.9999973E-3,,,,,685.600014094E-9,17.2000008,
,,,686.000021233E-9,39.99999911E-3,,,,,686.000021233E-9,119.9999973E-3,,,,,686.000021233E-9,17.2000008,
,,,686.400028371E-9,39.99999911E-3,,,,,686.400028371E-9,119.9999973E-3,,,,,686.400028371E-9,16.8000011,
,,,686.800035510E-9,39.99999911E-3,,,,,686.800035510E-9,79.999998212E-3,,,,,686.800035510E-9,16.8000011,
,,,687.200042648E-9,39.99999911E-3,,,,,687.200042648E-9,79.999998212E-3,,,,,687.200042648E-9,16.8000011,
,,,687.599992943E-9,0.0,,,,,687.599992943E-9,79.999998212E-3,,,,,687.599992943E-9,16.8000011,
,,,688.000000082E-9,0.0,,,,,688.000000082E-9,79.999998212E-3,,,,,688.000000082E-9,16.8000011,
,,,688.400007220E-9,0.0,,,,,688.400007220E-9,79.999998212E-3,,,,,688.400007220E-9,16.8000011,
,,,688.800014359E-9,-39.99999911E-3,,,,,688.800014359E-9,79.999998212E-3,,,,,688.800014359E-9,16.8000011,
,,,689.200021498E-9,-39.99999911E-3,,,,,689.200021498E-9,79.999998212E-3,,,,,689.200021498E-9,16.8000011,
,,,689.600028636E-9,-79.999998212E-3,,,,,689.600028636E-9,39.99999911E-3,,,,,689.600028636E-9,16.8000011,
,,,690.000035775E-9,-79.999998212E-3,,,,,690.000035775E-9,39.99999911E-3,,,,,690.000035775E-9,16.8000011,
,,,690.400042913E-9,-79.999998212E-3,,,,,690.400042913E-9,39.99999911E-3,,,,,690.400042913E-9,16.8000011,
,,,690.799993208E-9,-79.999998212E-3,,,,,690.799993208E-9,0.0,,,,,690.799993208E-9,16.8000011,
,,,691.200000347E-9,-79.999998212E-3,,,,,691.200000347E-9,39.99999911E-3,,,,,691.200000347E-9,16.8000011,
,,,691.600007485E-9,-79.999998212E-3,,,,,691.600007485E-9,39.99999911E-3,,,,,691.600007485E-9,16.8000011,
,,,692.000014624E-9,-79.999998212E-3,,,,,692.000014624E-9,39.99999911E-3,,,,,692.000014624E-9,16.8000011,
,,,692.400021762E-9,-79.999998212E-3,,,,,692.400021762E-9,79.999998212E-3,,,,,692.400021762E-9,16.8000011,
,,,692.800028901E-9,-119.9999973E-3,,,,,692.800028901E-9,79.999998212E-3,,,,,692.800028901E-9,16.8000011,
,,,693.200036039E-9,-119.9999973E-3,,,,,693.200036039E-9,119.9999973E-3,,,,,693.200036039E-9,16.8000011,
,,,693.600043178E-9,-79.999998212E-3,,,,,693.600043178E-9,79.999998212E-3,,,,,693.600043178E-9,16.8000011,
,,,693.999993473E-9,-39.99999911E-3,,,,,693.999993473E-9,79.999998212E-3,,,,,693.999993473E-9,17.2000008,
,,,694.400000611E-9,0.0,,,,,694.400000611E-9,79.999998212E-3,,,,,694.400000611E-9,17.2000008,
,,,694.800007750E-9,0.0,,,,,694.800007750E-9,79.999998212E-3,,,,,694.800007750E-9,17.2000008,
,,,695.200014889E-9,0.0,,,,,695.200014889E-9,79.999998212E-3,,,,,695.200014889E-9,17.2000008,
,,,695.600022027E-9,0.0,,,,,695.600022027E-9,119.9999973E-3,,,,,695.600022027E-9,17.2000008,
,,,696.000029166E-9,0.0,,,,,696.000029166E-9,119.9999973E-3,,,,,696.000029166E-9,17.2000008,
,,,696.400036304E-9,39.99999911E-3,,,,,696.400036304E-9,119.9999973E-3,,,,,696.400036304E-9,17.6000004,
,,,696.800043443E-9,39.99999911E-3,,,,,696.800043443E-9,119.9999973E-3,,,,,696.800043443E-9,17.6000004,
,,,697.199993738E-9,39.99999911E-3,,,,,697.199993738E-9,119.9999973E-3,,,,,697.199993738E-9,17.6000004,
,,,697.600000876E-9,79.999998212E-3,,,,,697.600000876E-9,79.999998212E-3,,,,,697.600000876E-9,17.6000004,
,,,698.000008015E-9,79.999998212E-3,,,,,698.000008015E-9,79.999998212E-3,,,,,698.000008015E-9,17.6000004,
,,,698.400015153E-9,79.999998212E-3,,,,,698.400015153E-9,79.999998212E-3,,,,,698.400015153E-9,17.6000004,
,,,698.800022292E-9,39.99999911E-3,,,,,698.800022292E-9,39.99999911E-3,,,,,698.800022292E-9,17.6000004,
,,,699.200029430E-9,39.99999911E-3,,,,,699.200029430E-9,39.99999911E-3,,,,,699.200029430E-9,17.6000004,
,,,699.600036569E-9,0.0,,,,,699.600036569E-9,39.99999911E-3,,,,,699.600036569E-9,17.6000004,
,,,700.000043707E-9,-39.99999911E-3,,,,,700.000043707E-9,39.99999911E-3,,,,,700.000043707E-9,17.6000004,
,,,700.399994003E-9,-39.99999911E-3,,,,,700.399994003E-9,39.99999911E-3,,,,,700.399994003E-9,18.0000000,
,,,700.800001141E-9,-79.999998212E-3,,,,,700.800001141E-9,0.0,,,,,700.800001141E-9,18.0000000,
,,,701.200008280E-9,-39.99999911E-3,,,,,701.200008280E-9,0.0,,,,,701.200008280E-9,17.6000004,
,,,701.600015418E-9,-39.99999911E-3,,,,,701.600015418E-9,0.0,,,,,701.600015418E-9,17.2000008,
,,,702.000022557E-9,-39.99999911E-3,,,,,702.000022557E-9,0.0,,,,,702.000022557E-9,16.8000011,
,,,702.400029695E-9,-39.99999911E-3,,,,,702.400029695E-9,0.0,,,,,702.400029695E-9,16.8000011,
,,,702.800036834E-9,-79.999998212E-3,,,,,702.800036834E-9,0.0,,,,,702.800036834E-9,16.8000011,
,,,703.200043972E-9,-79.999998212E-3,,,,,703.200043972E-9,0.0,,,,,703.200043972E-9,16.8000011,
,,,703.599994267E-9,-79.999998212E-3,,,,,703.599994267E-9,0.0,,,,,703.599994267E-9,16.8000011,
,,,704.000001406E-9,-119.9999973E-3,,,,,704.000001406E-9,0.0,,,,,704.000001406E-9,16.8000011,
,,,704.400008544E-9,-79.999998212E-3,,,,,704.400008544E-9,39.99999911E-3,,,,,704.400008544E-9,16.8000011,
,,,704.800015683E-9,-79.999998212E-3,,,,,704.800015683E-9,0.0,,,,,704.800015683E-9,16.3999996,
,,,705.200022821E-9,-79.999998212E-3,,,,,705.200022821E-9,0.0,,,,,705.200022821E-9,16.3999996,
,,,705.600029960E-9,-39.99999911E-3,,,,,705.600029960E-9,0.0,,,,,705.600029960E-9,16.3999996,
,,,706.000037098E-9,-39.99999911E-3,,,,,706.000037098E-9,-39.99999911E-3,,,,,706.000037098E-9,16.3999996,
,,,706.400044237E-9,0.0,,,,,706.400044237E-9,0.0,,,,,706.400044237E-9,16.0000000,
,,,706.799994532E-9,-39.99999911E-3,,,,,706.799994532E-9,0.0,,,,,706.799994532E-9,16.0000000,
,,,707.200001671E-9,-39.99999911E-3,,,,,707.200001671E-9,0.0,,,,,707.200001671E-9,16.3999996,
,,,707.600008809E-9,-39.99999911E-3,,,,,707.600008809E-9,39.99999911E-3,,,,,707.600008809E-9,16.0000000,
,,,708.000015948E-9,-39.99999911E-3,,,,,708.000015948E-9,0.0,,,,,708.000015948E-9,16.3999996,
,,,708.400023086E-9,0.0,,,,,708.400023086E-9,0.0,,,,,708.400023086E-9,16.3999996,
,,,708.800030225E-9,0.0,,,,,708.800030225E-9,-39.99999911E-3,,,,,708.800030225E-9,16.3999996,
,,,709.200037363E-9,0.0,,,,,709.200037363E-9,-39.99999911E-3,,,,,709.200037363E-9,16.3999996,
,,,709.600044502E-9,0.0,,,,,709.600044502E-9,-39.99999911E-3,,,,,709.600044502E-9,16.3999996,
,,,709.999994797E-9,0.0,,,,,709.999994797E-9,-39.99999911E-3,,,,,709.999994797E-9,16.3999996,
,,,710.400001935E-9,0.0,,,,,710.400001935E-9,0.0,,,,,710.400001935E-9,16.8000011,
,,,710.800009074E-9,0.0,,,,,710.800009074E-9,-39.99999911E-3,,,,,710.800009074E-9,16.8000011,
,,,711.200016212E-9,0.0,,,,,711.200016212E-9,-39.99999911E-3,,,,,711.200016212E-9,16.8000011,
,,,711.600023351E-9,0.0,,,,,711.600023351E-9,-79.999998212E-3,,,,,711.600023351E-9,16.8000011,
,,,712.000030489E-9,0.0,,,,,712.000030489E-9,-79.999998212E-3,,,,,712.000030489E-9,16.8000011,
,,,712.400037628E-9,0.0,,,,,712.400037628E-9,-79.999998212E-3,,,,,712.400037628E-9,16.8000011,
,,,712.800044766E-9,0.0,,,,,712.800044766E-9,-79.999998212E-3,,,,,712.800044766E-9,16.8000011,
,,,713.199995062E-9,0.0,,,,,713.199995062E-9,-39.99999911E-3,,,,,713.199995062E-9,16.8000011,
,,,713.600002200E-9,39.99999911E-3,,,,,713.600002200E-9,0.0,,,,,713.600002200E-9,16.8000011,
,,,714.000009339E-9,0.0,,,,,714.000009339E-9,-39.99999911E-3,,,,,714.000009339E-9,16.8000011,
,,,714.400016477E-9,0.0,,,,,714.400016477E-9,-39.99999911E-3,,,,,714.400016477E-9,17.2000008,
,,,714.800023616E-9,-39.99999911E-3,,,,,714.800023616E-9,-79.999998212E-3,,,,,714.800023616E-9,17.2000008,
,,,715.200030754E-9,-39.99999911E-3,,,,,715.200030754E-9,-39.99999911E-3,,,,,715.200030754E-9,16.8000011,
,,,715.600037893E-9,-39.99999911E-3,,,,,715.600037893E-9,-39.99999911E-3,,,,,715.600037893E-9,16.8000011,
,,,716.000045031E-9,-39.99999911E-3,,,,,716.000045031E-9,-39.99999911E-3,,,,,716.000045031E-9,16.8000011,
,,,716.399995326E-9,0.0,,,,,716.399995326E-9,0.0,,,,,716.399995326E-9,16.8000011,
,,,716.800002465E-9,-39.99999911E-3,,,,,716.800002465E-9,0.0,,,,,716.800002465E-9,16.8000011,
,,,717.200009603E-9,-39.99999911E-3,,,,,717.200009603E-9,39.99999911E-3,,,,,717.200009603E-9,17.2000008,
,,,717.600016742E-9,-39.99999911E-3,,,,,717.600016742E-9,0.0,,,,,717.600016742E-9,17.2000008,
,,,718.000023880E-9,-39.99999911E-3,,,,,718.000023880E-9,0.0,,,,,718.000023880E-9,17.2000008,
,,,718.400031019E-9,0.0,,,,,718.400031019E-9,0.0,,,,,718.400031019E-9,16.8000011,
,,,718.800038157E-9,-39.99999911E-3,,,,,718.800038157E-9,0.0,,,,,718.800038157E-9,16.8000011,
,,,719.200045296E-9,-39.99999911E-3,,,,,719.200045296E-9,0.0,,,,,719.200045296E-9,16.8000011,
,,,719.599995591E-9,-39.99999911E-3,,,,,719.599995591E-9,-39.99999911E-3,,,,,719.599995591E-9,17.2000008,
