Record Length,2500,Points,-335.99999938E-9,0.0,,Record Length,2500,Points,-335.99999938E-9,560.000002384E-3,,Record Length,2500,Points,-335.99999938E-9,10.4000006,
Sample Interval,400.00000370E-12,s,-335.59999224E-9,0.0,,Sample Interval,400.00000370E-12,s,-335.59999224E-9,560.000002384E-3,,Sample Interval,400.00000370E-12,s,-335.59999224E-9,10.4000006,
Trigger Point,839.999987232,Samples,-335.20001352E-9,39.99999911E-3,,Trigger Point,839.999987232,Samples,-335.20001352E-9,560.000002384E-3,,Trigger Point,839.999987232,Samples,-335.20001352E-9,10.4000006,
,,,-334.80000639E-9,39.99999911E-3,,,,,-334.80000639E-9,560.000002384E-3,,,,,-334.80000639E-9,10.4000006,
,,,-334.39999925E-9,39.99999911E-3,,,,,-334.39999925E-9,560.000002384E-3,,,,,-334.39999925E-9,10.4000006,
,,,-333.99999211E-9,0.0,,,,,-333.99999211E-9,560.000002384E-3,,,,,-333.99999211E-9,10.8000002,
Source,CH1,,-333.60001339E-9,0.0,,Source,CH2,,-333.60001339E-9,560.000002384E-3,,Source,MATH,,-333.60001339E-9,10.8000002,
Vertical Units,Volts,,-333.20000625E-9,0.0,,Vertical Units,Volts,,-333.20000625E-9,560.000002384E-3,,Vertical Units,Volts,,-333.20000625E-9,10.8000002,
Vertical Scale,999.999977648E-3,,-332.79999911E-9,0.0,,Vertical Scale,999.999977648E-3,,-332.79999911E-9,560.000002384E-3,,Vertical Scale,10.0000001,,-332.79999911E-9,10.8000002,
Vertical Offset,0,,-332.39999198E-9,0.0,,Vertical Offset,0,,-332.39999198E-9,560.000002384E-3,,Vertical Offset,0,,-332.39999198E-9,10.8000002,
Horizontal Units,s,,-332.00001326E-9,0.0,,Horizontal Units,s,,-332.00001326E-9,560.000002384E-3,,Horizontal Units,s,,-332.00001326E-9,10.8000002,
Horizontal Scale,100.0000013E-9,,-331.60000612E-9,0.0,,Horizontal Scale,100.0000013E-9,,-331.60000612E-9,560.000002384E-3,,Horizontal Scale,100.0000013E-9,,-331.60000612E-9,10.8000002,
Pt Fmt,Y,,-331.19999898E-9,0.0,,Pt Fmt,Y,,-331.19999898E-9,599.999964237E-3,,Pt Fmt,Y,,-331.19999898E-9,10.8000002,
Yzero,-1.7200000,,-330.79999184E-9,0.0,,Yzero,-640.000000000E-3,,-330.79999184E-9,599.999964237E-3,,Yzero,0.0,,-330.79999184E-9,10.8000002,
Probe Atten,1.000000,,-330.40001313E-9,0.0,,Probe Atten,1.000000,,-330.40001313E-9,599.999964237E-3,,,,,-330.40001313E-9,10.8000002,
,,,-330.00000599E-9,-39.99999911E-3,,,,,-330.00000599E-9,560.000002384E-3,,,,,-330.00000599E-9,10.8000002,
Note,TBS 1104 - 3:10:32 PM   2/3/2026,,-329.59999885E-9,-39.99999911E-3,,Note,TBS 1104 - 3:10:32 PM   2/3/2026,,-329.59999885E-9,560.000002384E-3,,Note,TBS 1104 - 3:10:32 PM   2/3/2026,,-329.59999885E-9,10.8000002,
,,,-329.19999171E-9,-39.99999911E-3,,,,,-329.19999171E-9,560.000002384E-3,,,,,-329.19999171E-9,10.8000002,
,,,-328.80001299E-9,-39.99999911E-3,,,,,-328.80001299E-9,560.000002384E-3,,,,,-328.80001299E-9,10.8000002,
,,,-328.40000586E-9,-39.99999911E-3,,,,,-328.40000586E-9,560.000002384E-3,,,,,-328.40000586E-9,10.8000002,
,,,-327.99999872E-9,-39.99999911E-3,,,,,-327.99999872E-9,560.000002384E-3,,,,,-327.99999872E-9,10.8000002,
,,,-327.59999158E-9,-39.99999911E-3,,,,,-327.59999158E-9,560.000002384E-3,,,,,-327.59999158E-9,10.8000002,
,,,-327.20001286E-9,-39.99999911E-3,,,,,-327.20001286E-9,519.999980927E-3,,,,,-327.20001286E-9,10.8000002,
,,,-326.80000572E-9,-39.99999911E-3,,,,,-326.80000572E-9,519.999980927E-3,,,,,-326.80000572E-9,10.8000002,
,,,-326.39999858E-9,0.0,,,,,-326.39999858E-9,519.999980927E-3,,,,,-326.39999858E-9,10.8000002,
,,,-325.99999145E-9,0.0,,,,,-325.99999145E-9,519.999980927E-3,,,,,-325.99999145E-9,11.1999998,
,,,-325.60001273E-9,0.0,,,,,-325.60001273E-9,519.999980927E-3,,,,,-325.60001273E-9,11.1999998,
,,,-325.20000559E-9,0.0,,,,,-325.20000559E-9,519.999980927E-3,,,,,-325.20000559E-9,11.1999998,
,,,-324.79999845E-9,0.0,,,,,-324.79999845E-9,519.999980927E-3,,,,,-324.79999845E-9,11.1999998,
,,,-324.39999131E-9,0.0,,,,,-324.39999131E-9,519.999980927E-3,,,,,-324.39999131E-9,11.1999998,
,,,-324.00001260E-9,0.0,,,,,-324.00001260E-9,519.999980927E-3,,,,,-324.00001260E-9,11.1999998,
,,,-323.60000546E-9,0.0,,,,,-323.60000546E-9,519.999980927E-3,,,,,-323.60000546E-9,11.1999998,
,,,-323.19999832E-9,0.0,,,,,-323.19999832E-9,519.999980927E-3,,,,,-323.19999832E-9,11.1999998,
,,,-322.79999118E-9,0.0,,,,,-322.79999118E-9,519.999980927E-3,,,,,-322.79999118E-9,11.1999998,
,,,-322.40001246E-9,0.0,,,,,-322.40001246E-9,519.999980927E-3,,,,,-322.40001246E-9,11.1999998,
,,,-322.00000533E-9,-39.99999911E-3,,,,,-322.00000533E-9,519.999980927E-3,,,,,-322.00000533E-9,11.1999998,
,,,-321.59999819E-9,-39.99999911E-3,,,,,-321.59999819E-9,519.999980927E-3,,,,,-321.59999819E-9,11.1999998,
,,,-321.19999105E-9,-39.99999911E-3,,,,,-321.19999105E-9,560.000002384E-3,,,,,-321.19999105E-9,11.1999998,
,,,-320.80001233E-9,0.0,,,,,-320.80001233E-9,560.000002384E-3,,,,,-320.80001233E-9,11.1999998,
,,,-320.40000519E-9,39.99999911E-3,,,,,-320.40000519E-9,599.999964237E-3,,,,,-320.40000519E-9,11.1999998,
,,,-319.99999806E-9,39.99999911E-3,,,,,-319.99999806E-9,599.999964237E-3,,,,,-319.99999806E-9,11.1999998,
,,,-319.59999092E-9,79.999998212E-3,,,,,-319.59999092E-9,599.999964237E-3,,,,,-319.59999092E-9,11.1999998,
,,,-319.20001220E-9,39.99999911E-3,,,,,-319.20001220E-9,560.000002384E-3,,,,,-319.20001220E-9,11.1999998,
,,,-318.80000506E-9,39.99999911E-3,,,,,-318.80000506E-9,519.999980927E-3,,,,,-318.80000506E-9,11.1999998,
,,,-318.39999792E-9,39.99999911E-3,,,,,-318.39999792E-9,519.999980927E-3,,,,,-318.39999792E-9,11.1999998,
,,,-317.99999078E-9,0.0,,,,,-317.99999078E-9,479.999989271E-3,,,,,-317.99999078E-9,11.1999998,
,,,-317.60001207E-9,39.99999911E-3,,,,,-317.60001207E-9,479.999989271E-3,,,,,-317.60001207E-9,11.1999998,
,,,-317.20000493E-9,39.99999911E-3,,,,,-317.20000493E-9,479.999989271E-3,,,,,-317.20000493E-9,11.1999998,
,,,-316.79999779E-9,39.99999911E-3,,,,,-316.79999779E-9,519.999980927E-3,,,,,-316.79999779E-9,11.6000004,
,,,-316.39999065E-9,79.999998212E-3,,,,,-316.39999065E-9,560.000002384E-3,,,,,-316.39999065E-9,11.1999998,
,,,-316.00001194E-9,79.999998212E-3,,,,,-316.00001194E-9,560.000002384E-3,,,,,-316.00001194E-9,11.6000004,
,,,-315.60000480E-9,79.999998212E-3,,,,,-315.60000480E-9,560.000002384E-3,,,,,-315.60000480E-9,11.6000004,
,,,-315.19999766E-9,79.999998212E-3,,,,,-315.19999766E-9,560.000002384E-3,,,,,-315.19999766E-9,11.6000004,
,,,-314.79999052E-9,79.999998212E-3,,,,,-314.79999052E-9,560.000002384E-3,,,,,-314.79999052E-9,11.1999998,
,,,-314.40001180E-9,119.9999973E-3,,,,,-314.40001180E-9,560.000002384E-3,,,,,-314.40001180E-9,11.1999998,
,,,-314.00000466E-9,119.9999973E-3,,,,,-314.00000466E-9,560.000002384E-3,,,,,-314.00000466E-9,11.1999998,
,,,-313.59999753E-9,119.9999973E-3,,,,,-313.59999753E-9,560.000002384E-3,,,,,-313.59999753E-9,11.1999998,
,,,-313.19999039E-9,79.999998212E-3,,,,,-313.19999039E-9,560.000002384E-3,,,,,-313.19999039E-9,11.1999998,
,,,-312.80001167E-9,79.999998212E-3,,,,,-312.80001167E-9,560.000002384E-3,,,,,-312.80001167E-9,11.6000004,
,,,-312.40000453E-9,79.999998212E-3,,,,,-312.40000453E-9,560.000002384E-3,,,,,-312.40000453E-9,11.6000004,
,,,-311.99999739E-9,39.99999911E-3,,,,,-311.99999739E-9,519.999980927E-3,,,,,-311.99999739E-9,11.6000004,
,,,-311.59999025E-9,39.99999911E-3,,,,,-311.59999025E-9,479.999989271E-3,,,,,-311.59999025E-9,11.6000004,
,,,-311.20001154E-9,39.99999911E-3,,,,,-311.20001154E-9,479.999989271E-3,,,,,-311.20001154E-9,11.6000004,
,,,-310.80000440E-9,79.999998212E-3,,,,,-310.80000440E-9,479.999989271E-3,,,,,-310.80000440E-9,12.0000000,
,,,-310.39999726E-9,119.9999973E-3,,,,,-310.39999726E-9,519.999980927E-3,,,,,-310.39999726E-9,12.0000000,
,,,-309.99999012E-9,119.9999973E-3,,,,,-309.99999012E-9,519.999980927E-3,,,,,-309.99999012E-9,11.6000004,
,,,-309.60001141E-9,159.99999642E-3,,,,,-309.60001141E-9,519.999980927E-3,,,,,-309.60001141E-9,11.6000004,
,,,-309.20000427E-9,159.99999642E-3,,,,,-309.20000427E-9,479.999989271E-3,,,,,-309.20000427E-9,11.6000004,
,,,-308.79999713E-9,159.99999642E-3,,,,,-308.79999713E-9,479.999989271E-3,,,,,-308.79999713E-9,11.6000004,
,,,-308.39998999E-9,159.99999642E-3,,,,,-308.39998999E-9,479.999989271E-3,,,,,-308.39998999E-9,11.6000004,
,,,-308.00001127E-9,119.9999973E-3,,,,,-308.00001127E-9,479.999989271E-3,,,,,-308.00001127E-9,12.0000000,
,,,-307.60000413E-9,119.9999973E-3,,,,,-307.60000413E-9,479.999989271E-3,,,,,-307.60000413E-9,12.0000000,
,,,-307.19999700E-9,79.999998212E-3,,,,,-307.19999700E-9,519.999980927E-3,,,,,-307.19999700E-9,12.0000000,
,,,-306.79998986E-9,79.999998212E-3,,,,,-306.79998986E-9,519.999980927E-3,,,,,-306.79998986E-9,12.0000000,
,,,-306.40001114E-9,79.999998212E-3,,,,,-306.40001114E-9,519.999980927E-3,,,,,-306.40001114E-9,12.0000000,
,,,-306.00000400E-9,39.99999911E-3,,,,,-306.00000400E-9,479.999989271E-3,,,,,-306.00000400E-9,11.6000004,
,,,-305.59999686E-9,79.999998212E-3,,,,,-305.59999686E-9,439.999997616E-3,,,,,-305.59999686E-9,11.6000004,
,,,-305.19998973E-9,79.999998212E-3,,,,,-305.19998973E-9,399.99997616E-3,,,,,-305.19998973E-9,11.6000004,
,,,-304.80001101E-9,79.999998212E-3,,,,,-304.80001101E-9,399.99997616E-3,,,,,-304.80001101E-9,11.6000004,
,,,-304.40000387E-9,119.9999973E-3,,,,,-304.40000387E-9,439.999997616E-3,,,,,-304.40000387E-9,11.6000004,
,,,-303.99999673E-9,119.9999973E-3,,,,,-303.99999673E-9,439.999997616E-3,,,,,-303.99999673E-9,11.6000004,
,,,-303.59998959E-9,159.99999642E-3,,,,,-303.59998959E-9,439.999997616E-3,,,,,-303.59998959E-9,12.0000000,
,,,-303.20001088E-9,119.9999973E-3,,,,,-303.20001088E-9,439.999997616E-3,,,,,-303.20001088E-9,12.0000000,
,,,-302.80000374E-9,119.9999973E-3,,,,,-302.80000374E-9,439.999997616E-3,,,,,-302.80000374E-9,12.0000000,
,,,-302.39999660E-9,119.9999973E-3,,,,,-302.39999660E-9,439.999997616E-3,,,,,-302.39999660E-9,12.0000000,
,,,-301.99998946E-9,119.9999973E-3,,,,,-301.99998946E-9,439.999997616E-3,,,,,-301.99998946E-9,12.0000000,
,,,-301.60001074E-9,119.9999973E-3,,,,,-301.60001074E-9,439.999997616E-3,,,,,-301.60001074E-9,12.0000000,
,,,-301.20000361E-9,159.99999642E-3,,,,,-301.20000361E-9,439.999997616E-3,,,,,-301.20000361E-9,12.0000000,
,,,-300.79999647E-9,159.99999642E-3,,,,,-300.79999647E-9,439.999997616E-3,,,,,-300.79999647E-9,12.0000000,
,,,-300.39998933E-9,159.99999642E-3,,,,,-300.39998933E-9,439.999997616E-3,,,,,-300.39998933E-9,12.0000000,
,,,-300.00001061E-9,159.99999642E-3,,,,,-300.00001061E-9,439.999997616E-3,,,,,-300.00001061E-9,11.6000004,
,,,-299.60000347E-9,159.99999642E-3,,,,,-299.60000347E-9,439.999997616E-3,,,,,-299.60000347E-9,11.6000004,
,,,-299.19999633E-9,159.99999642E-3,,,,,-299.19999633E-9,439.999997616E-3,,,,,-299.19999633E-9,11.6000004,
,,,-298.79998920E-9,159.99999642E-3,,,,,-298.79998920E-9,439.999997616E-3,,,,,-298.79998920E-9,12.0000000,
,,,-298.40001048E-9,159.99999642E-3,,,,,-298.40001048E-9,439.999997616E-3,,,,,-298.40001048E-9,12.0000000,
,,,-298.00000334E-9,159.99999642E-3,,,,,-298.00000334E-9,439.999997616E-3,,,,,-298.00000334E-9,12.4000006,
,,,-297.59999620E-9,159.99999642E-3,,,,,-297.59999620E-9,439.999997616E-3,,,,,-297.59999620E-9,12.4000006,
,,,-297.19998906E-9,159.99999642E-3,,,,,-297.19998906E-9,399.99997616E-3,,,,,-297.19998906E-9,12.0000000,
,,,-296.80001035E-9,159.99999642E-3,,,,,-296.80001035E-9,399.99997616E-3,,,,,-296.80001035E-9,12.0000000,
,,,-296.40000321E-9,199.99998808E-3,,,,,-296.40000321E-9,399.99997616E-3,,,,,-296.40000321E-9,12.0000000,
,,,-295.99999607E-9,159.99999642E-3,,,,,-295.99999607E-9,359.99998450E-3,,,,,-295.99999607E-9,12.4000006,
,,,-295.59998893E-9,159.99999642E-3,,,,,-295.59998893E-9,359.99998450E-3,,,,,-295.59998893E-9,12.4000006,
,,,-295.20001021E-9,119.9999973E-3,,,,,-295.20001021E-9,359.99998450E-3,,,,,-295.20001021E-9,12.4000006,
,,,-294.80000308E-9,119.9999973E-3,,,,,-294.80000308E-9,359.99998450E-3,,,,,-294.80000308E-9,12.4000006,
,,,-294.39999594E-9,119.9999973E-3,,,,,-294.39999594E-9,399.99997616E-3,,,,,-294.39999594E-9,12.4000006,
,,,-293.99998880E-9,119.9999973E-3,,,,,-293.99998880E-9,359.99998450E-3,,,,,-293.99998880E-9,12.4000006,
,,,-293.60001008E-9,119.9999973E-3,,,,,-293.60001008E-9,359.99998450E-3,,,,,-293.60001008E-9,12.4000006,
,,,-293.20000294E-9,119.9999973E-3,,,,,-293.20000294E-9,359.99998450E-3,,,,,-293.20000294E-9,12.4000006,
,,,-292.79999580E-9,119.9999973E-3,,,,,-292.79999580E-9,359.99998450E-3,,,,,-292.79999580E-9,12.4000006,
,,,-292.39998867E-9,119.9999973E-3,,,,,-292.39998867E-9,359.99998450E-3,,,,,-292.39998867E-9,12.4000006,
,,,-292.00000995E-9,119.9999973E-3,,,,,-292.00000995E-9,359.99998450E-3,,,,,-292.00000995E-9,12.0000000,
,,,-291.60000281E-9,119.9999973E-3,,,,,-291.60000281E-9,359.99998450E-3,,,,,-291.60000281E-9,12.0000000,
,,,-291.19999567E-9,79.999998212E-3,,,,,-291.19999567E-9,359.99998450E-3,,,,,-291.19999567E-9,12.0000000,
,,,-290.79998853E-9,79.999998212E-3,,,,,-290.79998853E-9,359.99998450E-3,,,,,-290.79998853E-9,12.0000000,
,,,-290.40000982E-9,79.999998212E-3,,,,,-290.40000982E-9,399.99997616E-3,,,,,-290.40000982E-9,12.0000000,
,,,-290.00000268E-9,79.999998212E-3,,,,,-290.00000268E-9,359.99998450E-3,,,,,-290.00000268E-9,12.0000000,
,,,-289.59999554E-9,79.999998212E-3,,,,,-289.59999554E-9,359.99998450E-3,,,,,-289.59999554E-9,12.0000000,
,,,-289.19998840E-9,79.999998212E-3,,,,,-289.19998840E-9,359.99998450E-3,,,,,-289.19998840E-9,12.0000000,
,,,-288.80000968E-9,79.999998212E-3,,,,,-288.80000968E-9,359.99998450E-3,,,,,-288.80000968E-9,12.0000000,
,,,-288.40000255E-9,79.999998212E-3,,,,,-288.40000255E-9,399.99997616E-3,,,,,-288.40000255E-9,12.0000000,
,,,-287.99999541E-9,39.99999911E-3,,,,,-287.99999541E-9,399.99997616E-3,,,,,-287.99999541E-9,12.4000006,
,,,-287.59998827E-9,39.99999911E-3,,,,,-287.59998827E-9,399.99997616E-3,,,,,-287.59998827E-9,12.4000006,
,,,-287.20000955E-9,79.999998212E-3,,,,,-287.20000955E-9,399.99997616E-3,,,,,-287.20000955E-9,12.4000006,
,,,-286.80000241E-9,119.9999973E-3,,,,,-286.80000241E-9,399.99997616E-3,,,,,-286.80000241E-9,12.4000006,
,,,-286.39999528E-9,159.99999642E-3,,,,,-286.39999528E-9,439.999997616E-3,,,,,-286.39999528E-9,12.4000006,
,,,-285.99998814E-9,159.99999642E-3,,,,,-285.99998814E-9,439.999997616E-3,,,,,-285.99998814E-9,12.0000000,
,,,-285.60000942E-9,159.99999642E-3,,,,,-285.60000942E-9,439.999997616E-3,,,,,-285.60000942E-9,12.0000000,
,,,-285.20000228E-9,119.9999973E-3,,,,,-285.20000228E-9,399.99997616E-3,,,,,-285.20000228E-9,12.0000000,
,,,-284.79999514E-9,79.999998212E-3,,,,,-284.79999514E-9,399.99997616E-3,,,,,-284.79999514E-9,12.0000000,
,,,-284.39998800E-9,79.999998212E-3,,,,,-284.39998800E-9,399.99997616E-3,,,,,-284.39998800E-9,12.0000000,
,,,-284.00000929E-9,79.999998212E-3,,,,,-284.00000929E-9,359.99998450E-3,,,,,-284.00000929E-9,12.0000000,
,,,-283.60000215E-9,79.999998212E-3,,,,,-283.60000215E-9,359.99998450E-3,,,,,-283.60000215E-9,12.0000000,
,,,-283.19999501E-9,79.999998212E-3,,,,,-283.19999501E-9,359.99998450E-3,,,,,-283.19999501E-9,12.4000006,
,,,-282.79998787E-9,79.999998212E-3,,,,,-282.79998787E-9,359.99998450E-3,,,,,-282.79998787E-9,12.4000006,
,,,-282.40000916E-9,79.999998212E-3,,,,,-282.40000916E-9,399.99997616E-3,,,,,-282.40000916E-9,12.4000006,
,,,-282.00000202E-9,39.99999911E-3,,,,,-282.00000202E-9,399.99997616E-3,,,,,-282.00000202E-9,12.4000006,
,,,-281.59999488E-9,39.99999911E-3,,,,,-281.59999488E-9,399.99997616E-3,,,,,-281.59999488E-9,12.4000006,
,,,-281.19998774E-9,79.999998212E-3,,,,,-281.19998774E-9,399.99997616E-3,,,,,-281.19998774E-9,12.0000000,
,,,-280.80000902E-9,119.9999973E-3,,,,,-280.80000902E-9,399.99997616E-3,,,,,-280.80000902E-9,12.0000000,
,,,-280.40000188E-9,159.99999642E-3,,,,,-280.40000188E-9,439.999997616E-3,,,,,-280.40000188E-9,12.0000000,
,,,-279.99999475E-9,119.9999973E-3,,,,,-279.99999475E-9,399.99997616E-3,,,,,-279.99999475E-9,12.4000006,
,,,-279.59998761E-9,119.9999973E-3,,,,,-279.59998761E-9,399.99997616E-3,,,,,-279.59998761E-9,12.4000006,
,,,-279.20000889E-9,119.9999973E-3,,,,,-279.20000889E-9,399.99997616E-3,,,,,-279.20000889E-9,12.4000006,
,,,-278.80000175E-9,119.9999973E-3,,,,,-278.80000175E-9,399.99997616E-3,,,,,-278.80000175E-9,12.4000006,
,,,-278.39999461E-9,119.9999973E-3,,,,,-278.39999461E-9,399.99997616E-3,,,,,-278.39999461E-9,12.4000006,
,,,-277.99998747E-9,119.9999973E-3,,,,,-277.99998747E-9,359.99998450E-3,,,,,-277.99998747E-9,12.4000006,
,,,-277.60000876E-9,119.9999973E-3,,,,,-277.60000876E-9,359.99998450E-3,,,,,-277.60000876E-9,12.4000006,
,,,-277.20000162E-9,79.999998212E-3,,,,,-277.20000162E-9,359.99998450E-3,,,,,-277.20000162E-9,12.4000006,
,,,-276.79999448E-9,79.999998212E-3,,,,,-276.79999448E-9,359.99998450E-3,,,,,-276.79999448E-9,12.4000006,
,,,-276.39998734E-9,79.999998212E-3,,,,,-276.39998734E-9,399.99997616E-3,,,,,-276.39998734E-9,12.8000002,
,,,-276.00000863E-9,79.999998212E-3,,,,,-276.00000863E-9,399.99997616E-3,,,,,-276.00000863E-9,12.4000006,
,,,-275.60000149E-9,79.999998212E-3,,,,,-275.60000149E-9,439.999997616E-3,,,,,-275.60000149E-9,12.4000006,
,,,-275.19999435E-9,79.999998212E-3,,,,,-275.19999435E-9,399.99997616E-3,,,,,-275.19999435E-9,12.4000006,
,,,-274.79998721E-9,79.999998212E-3,,,,,-274.79998721E-9,399.99997616E-3,,,,,-274.79998721E-9,12.4000006,
,,,-274.40000849E-9,79.999998212E-3,,,,,-274.40000849E-9,399.99997616E-3,,,,,-274.40000849E-9,12.4000006,
,,,-274.00000135E-9,79.999998212E-3,,,,,-274.00000135E-9,399.99997616E-3,,,,,-274.00000135E-9,12.4000006,
,,,-273.59999422E-9,79.999998212E-3,,,,,-273.59999422E-9,399.99997616E-3,,,,,-273.59999422E-9,12.4000006,
,,,-273.19998708E-9,79.999998212E-3,,,,,-273.19998708E-9,359.99998450E-3,,,,,-273.19998708E-9,12.8000002,
,,,-272.80000836E-9,79.999998212E-3,,,,,-272.80000836E-9,359.99998450E-3,,,,,-272.80000836E-9,12.4000006,
,,,-272.40000122E-9,79.999998212E-3,,,,,-272.40000122E-9,359.99998450E-3,,,,,-272.40000122E-9,12.4000006,
,,,-271.99999408E-9,39.99999911E-3,,,,,-271.99999408E-9,319.99999285E-3,,,,,-271.99999408E-9,12.4000006,
,,,-271.59998695E-9,39.99999911E-3,,,,,-271.59998695E-9,359.99998450E-3,,,,,-271.59998695E-9,12.4000006,
,,,-271.20000823E-9,39.99999911E-3,,,,,-271.20000823E-9,359.99998450E-3,,,,,-271.20000823E-9,12.4000006,
,,,-270.80000109E-9,39.99999911E-3,,,,,-270.80000109E-9,359.99998450E-3,,,,,-270.80000109E-9,12.4000006,
,,,-270.39999395E-9,79.999998212E-3,,,,,-270.39999395E-9,399.99997616E-3,,,,,-270.39999395E-9,12.4000006,
,,,-269.99998681E-9,79.999998212E-3,,,,,-269.99998681E-9,359.99998450E-3,,,,,-269.99998681E-9,12.4000006,
,,,-269.60000810E-9,79.999998212E-3,,,,,-269.60000810E-9,359.99998450E-3,,,,,-269.60000810E-9,12.4000006,
,,,-269.20000096E-9,79.999998212E-3,,,,,-269.20000096E-9,359.99998450E-3,,,,,-269.20000096E-9,12.4000006,
,,,-268.79999382E-9,79.999998212E-3,,,,,-268.79999382E-9,359.99998450E-3,,,,,-268.79999382E-9,12.4000006,
,,,-268.39998668E-9,79.999998212E-3,,,,,-268.39998668E-9,399.99997616E-3,,,,,-268.39998668E-9,12.4000006,
,,,-268.00000796E-9,39.99999911E-3,,,,,-268.00000796E-9,399.99997616E-3,,,,,-268.00000796E-9,12.4000006,
,,,-267.60000083E-9,39.99999911E-3,,,,,-267.60000083E-9,399.99997616E-3,,,,,-267.60000083E-9,12.4000006,
,,,-267.19999369E-9,39.99999911E-3,,,,,-267.19999369E-9,439.999997616E-3,,,,,-267.19999369E-9,12.4000006,
,,,-266.79998655E-9,39.99999911E-3,,,,,-266.79998655E-9,439.999997616E-3,,,,,-266.79998655E-9,12.4000006,
,,,-266.40000783E-9,79.999998212E-3,,,,,-266.40000783E-9,439.999997616E-3,,,,,-266.40000783E-9,12.4000006,
,,,-266.00000069E-9,79.999998212E-3,,,,,-266.00000069E-9,439.999997616E-3,,,,,-266.00000069E-9,12.4000006,
,,,-265.59999355E-9,79.999998212E-3,,,,,-265.59999355E-9,439.999997616E-3,,,,,-265.59999355E-9,12.4000006,
,,,-265.19998642E-9,79.999998212E-3,,,,,-265.19998642E-9,439.999997616E-3,,,,,-265.19998642E-9,12.4000006,
,,,-264.80000770E-9,79.999998212E-3,,,,,-264.80000770E-9,439.999997616E-3,,,,,-264.80000770E-9,12.4000006,
,,,-264.40000056E-9,79.999998212E-3,,,,,-264.40000056E-9,439.999997616E-3,,,,,-264.40000056E-9,12.4000006,
,,,-263.99999342E-9,39.99999911E-3,,,,,-263.99999342E-9,439.999997616E-3,,,,,-263.99999342E-9,12.4000006,
,,,-263.59998628E-9,39.99999911E-3,,,,,-263.59998628E-9,439.999997616E-3,,,,,-263.59998628E-9,12.4000006,
,,,-263.20000757E-9,39.99999911E-3,,,,,-263.20000757E-9,439.999997616E-3,,,,,-263.20000757E-9,12.4000006,
,,,-262.80000043E-9,39.99999911E-3,,,,,-262.80000043E-9,439.999997616E-3,,,,,-262.80000043E-9,12.4000006,
,,,-262.39999329E-9,39.99999911E-3,,,,,-262.39999329E-9,439.999997616E-3,,,,,-262.39999329E-9,12.4000006,
,,,-261.99998615E-9,39.99999911E-3,,,,,-261.99998615E-9,439.999997616E-3,,,,,-261.99998615E-9,12.4000006,
,,,-261.60000743E-9,39.99999911E-3,,,,,-261.60000743E-9,439.999997616E-3,,,,,-261.60000743E-9,12.4000006,
,,,-261.20000030E-9,39.99999911E-3,,,,,-261.20000030E-9,439.999997616E-3,,,,,-261.20000030E-9,12.4000006,
,,,-260.79999316E-9,39.99999911E-3,,,,,-260.79999316E-9,439.999997616E-3,,,,,-260.79999316E-9,12.0000000,
,,,-260.39998602E-9,39.99999911E-3,,,,,-260.39998602E-9,479.999989271E-3,,,,,-260.39998602E-9,12.4000006,
,,,-260.00000730E-9,0.0,,,,,-260.00000730E-9,479.999989271E-3,,,,,-260.00000730E-9,12.4000006,
,,,-259.60000016E-9,0.0,,,,,-259.60000016E-9,519.999980927E-3,,,,,-259.60000016E-9,12.4000006,
,,,-259.19999302E-9,-39.99999911E-3,,,,,-259.19999302E-9,479.999989271E-3,,,,,-259.19999302E-9,12.8000002,
,,,-258.79998589E-9,-39.99999911E-3,,,,,-258.79998589E-9,479.999989271E-3,,,,,-258.79998589E-9,12.8000002,
,,,-258.40000717E-9,0.0,,,,,-258.40000717E-9,479.999989271E-3,,,,,-258.40000717E-9,12.8000002,
,,,-258.00000003E-9,0.0,,,,,-258.00000003E-9,479.999989271E-3,,,,,-258.00000003E-9,12.4000006,
,,,-257.59999289E-9,39.99999911E-3,,,,,-257.59999289E-9,479.999989271E-3,,,,,-257.59999289E-9,12.4000006,
,,,-257.19998575E-9,79.999998212E-3,,,,,-257.19998575E-9,479.999989271E-3,,,,,-257.19998575E-9,12.4000006,
,,,-256.80000704E-9,79.999998212E-3,,,,,-256.80000704E-9,479.999989271E-3,,,,,-256.80000704E-9,12.4000006,
,,,-256.39999990E-9,79.999998212E-3,,,,,-256.39999990E-9,479.999989271E-3,,,,,-256.39999990E-9,12.4000006,
,,,-255.99999276E-9,39.99999911E-3,,,,,-255.99999276E-9,479.999989271E-3,,,,,-255.99999276E-9,12.4000006,
,,,-255.59998562E-9,39.99999911E-3,,,,,-255.59998562E-9,479.999989271E-3,,,,,-255.59998562E-9,12.4000006,
,,,-255.20000690E-9,39.99999911E-3,,,,,-255.20000690E-9,519.999980927E-3,,,,,-255.20000690E-9,12.4000006,
,,,-254.79999977E-9,39.99999911E-3,,,,,-254.79999977E-9,519.999980927E-3,,,,,-254.79999977E-9,12.4000006,
,,,-254.39999263E-9,39.99999911E-3,,,,,-254.39999263E-9,519.999980927E-3,,,,,-254.39999263E-9,12.4000006,
,,,-253.99998549E-9,39.99999911E-3,,,,,-253.99998549E-9,479.999989271E-3,,,,,-253.99998549E-9,12.4000006,
,,,-253.60000677E-9,39.99999911E-3,,,,,-253.60000677E-9,479.999989271E-3,,,,,-253.60000677E-9,12.4000006,
,,,-253.19999963E-9,39.99999911E-3,,,,,-253.19999963E-9,479.999989271E-3,,,,,-253.19999963E-9,12.4000006,
,,,-252.79999250E-9,39.99999911E-3,,,,,-252.79999250E-9,439.999997616E-3,,,,,-252.79999250E-9,12.0000000,
,,,-252.39998536E-9,79.999998212E-3,,,,,-252.39998536E-9,479.999989271E-3,,,,,-252.39998536E-9,12.4000006,
,,,-252.00000664E-9,39.99999911E-3,,,,,-252.00000664E-9,479.999989271E-3,,,,,-252.00000664E-9,12.4000006,
,,,-251.59999950E-9,39.99999911E-3,,,,,-251.59999950E-9,479.999989271E-3,,,,,-251.59999950E-9,12.4000006,
,,,-251.19999236E-9,0.0,,,,,-251.19999236E-9,519.999980927E-3,,,,,-251.19999236E-9,12.8000002,
,,,-250.79998522E-9,0.0,,,,,-250.79998522E-9,519.999980927E-3,,,,,-250.79998522E-9,12.4000006,
,,,-250.40000651E-9,0.0,,,,,-250.40000651E-9,519.999980927E-3,,,,,-250.40000651E-9,12.4000006,
,,,-249.99999937E-9,0.0,,,,,-249.99999937E-9,519.999980927E-3,,,,,-249.99999937E-9,12.4000006,
,,,-249.59999223E-9,0.0,,,,,-249.59999223E-9,519.999980927E-3,,,,,-249.59999223E-9,12.4000006,
,,,-249.19998509E-9,0.0,,,,,-249.19998509E-9,519.999980927E-3,,,,,-249.19998509E-9,12.4000006,
,,,-248.80000637E-9,0.0,,,,,-248.80000637E-9,519.999980927E-3,,,,,-248.80000637E-9,12.4000006,
,,,-248.39999924E-9,0.0,,,,,-248.39999924E-9,560.000002384E-3,,,,,-248.39999924E-9,12.4000006,
,,,-247.99999210E-9,0.0,,,,,-247.99999210E-9,560.000002384E-3,,,,,-247.99999210E-9,12.4000006,
,,,-247.59998496E-9,0.0,,,,,-247.59998496E-9,560.000002384E-3,,,,,-247.59998496E-9,12.4000006,
,,,-247.20000624E-9,39.99999911E-3,,,,,-247.20000624E-9,560.000002384E-3,,,,,-247.20000624E-9,12.0000000,
,,,-246.79999910E-9,39.99999911E-3,,,,,-246.79999910E-9,560.000002384E-3,,,,,-246.79999910E-9,12.4000006,
,,,-246.39999197E-9,39.99999911E-3,,,,,-246.39999197E-9,560.000002384E-3,,,,,-246.39999197E-9,12.4000006,
,,,-245.99998483E-9,0.0,,,,,-245.99998483E-9,519.999980927E-3,,,,,-245.99998483E-9,12.8000002,
,,,-245.60000611E-9,0.0,,,,,-245.60000611E-9,519.999980927E-3,,,,,-245.60000611E-9,12.8000002,
,,,-245.19999897E-9,0.0,,,,,-245.19999897E-9,519.999980927E-3,,,,,-245.19999897E-9,12.8000002,
,,,-244.79999183E-9,-39.99999911E-3,,,,,-244.79999183E-9,519.999980927E-3,,,,,-244.79999183E-9,12.8000002,
,,,-244.39998469E-9,0.0,,,,,-244.39998469E-9,519.999980927E-3,,,,,-244.39998469E-9,12.8000002,
,,,-244.00000598E-9,0.0,,,,,-244.00000598E-9,519.999980927E-3,,,,,-244.00000598E-9,12.4000006,
,,,-243.59999884E-9,0.0,,,,,-243.59999884E-9,519.999980927E-3,,,,,-243.59999884E-9,12.4000006,
,,,-243.19999170E-9,0.0,,,,,-243.19999170E-9,479.999989271E-3,,,,,-243.19999170E-9,12.4000006,
,,,-242.79998456E-9,0.0,,,,,-242.79998456E-9,479.999989271E-3,,,,,-242.79998456E-9,12.4000006,
,,,-242.40000585E-9,0.0,,,,,-242.40000585E-9,479.999989271E-3,,,,,-242.40000585E-9,12.4000006,
,,,-241.99999871E-9,0.0,,,,,-241.99999871E-9,439.999997616E-3,,,,,-241.99999871E-9,12.4000006,
,,,-241.59999157E-9,0.0,,,,,-241.59999157E-9,479.999989271E-3,,,,,-241.59999157E-9,12.4000006,
,,,-241.19998443E-9,0.0,,,,,-241.19998443E-9,479.999989271E-3,,,,,-241.19998443E-9,12.8000002,
,,,-240.80000571E-9,0.0,,,,,-240.80000571E-9,479.999989271E-3,,,,,-240.80000571E-9,12.4000006,
,,,-240.39999857E-9,0.0,,,,,-240.39999857E-9,519.999980927E-3,,,,,-240.39999857E-9,12.4000006,
,,,-239.99999144E-9,0.0,,,,,-239.99999144E-9,519.999980927E-3,,,,,-239.99999144E-9,12.4000006,
,,,-239.59998430E-9,0.0,,,,,-239.59998430E-9,519.999980927E-3,,,,,-239.59998430E-9,12.4000006,
,,,-239.20000558E-9,0.0,,,,,-239.20000558E-9,560.000002384E-3,,,,,-239.20000558E-9,12.4000006,
,,,-238.79999844E-9,0.0,,,,,-238.79999844E-9,560.000002384E-3,,,,,-238.79999844E-9,12.8000002,
,,,-238.39999130E-9,0.0,,,,,-238.39999130E-9,560.000002384E-3,,,,,-238.39999130E-9,12.4000006,
,,,-237.99999838E-9,0.0,,,,,-237.99999838E-9,519.999980927E-3,,,,,-237.99999838E-9,12.4000006,
,,,-237.59999124E-9,0.0,,,,,-237.59999124E-9,519.999980927E-3,,,,,-237.59999124E-9,12.4000006,
,,,-237.19999831E-9,39.99999911E-3,,,,,-237.19999831E-9,519.999980927E-3,,,,,-237.19999831E-9,12.4000006,
,,,-236.79999117E-9,39.99999911E-3,,,,,-236.79999117E-9,519.999980927E-3,,,,,-236.79999117E-9,12.4000006,
,,,-236.39999824E-9,39.99999911E-3,,,,,-236.39999824E-9,560.000002384E-3,,,,,-236.39999824E-9,12.4000006,
,,,-235.99999111E-9,39.99999911E-3,,,,,-235.99999111E-9,519.999980927E-3,,,,,-235.99999111E-9,12.4000006,
,,,-235.59999818E-9,39.99999911E-3,,,,,-235.59999818E-9,519.999980927E-3,,,,,-235.59999818E-9,12.4000006,
,,,-235.19999104E-9,79.999998212E-3,,,,,-235.19999104E-9,519.999980927E-3,,,,,-235.19999104E-9,12.4000006,
,,,-234.79999811E-9,79.999998212E-3,,,,,-234.79999811E-9,519.999980927E-3,,,,,-234.79999811E-9,12.8000002,
,,,-234.39999097E-9,79.999998212E-3,,,,,-234.39999097E-9,560.000002384E-3,,,,,-234.39999097E-9,12.4000006,
,,,-233.99999804E-9,79.999998212E-3,,,,,-233.99999804E-9,560.000002384E-3,,,,,-233.99999804E-9,12.8000002,
,,,-233.59999091E-9,79.999998212E-3,,,,,-233.59999091E-9,560.000002384E-3,,,,,-233.59999091E-9,12.4000006,
,,,-233.19999798E-9,119.9999973E-3,,,,,-233.19999798E-9,560.000002384E-3,,,,,-233.19999798E-9,12.4000006,
,,,-232.80000505E-9,119.9999973E-3,,,,,-232.80000505E-9,560.000002384E-3,,,,,-232.80000505E-9,12.4000006,
,,,-232.39999791E-9,119.9999973E-3,,,,,-232.39999791E-9,599.999964237E-3,,,,,-232.39999791E-9,12.4000006,
,,,-232.00000498E-9,79.999998212E-3,,,,,-232.00000498E-9,560.000002384E-3,,,,,-232.00000498E-9,12.4000006,
,,,-231.59999785E-9,39.99999911E-3,,,,,-231.59999785E-9,560.000002384E-3,,,,,-231.59999785E-9,12.4000006,
,,,-231.20000492E-9,0.0,,,,,-231.20000492E-9,560.000002384E-3,,,,,-231.20000492E-9,12.4000006,
,,,-230.79999778E-9,0.0,,,,,-230.79999778E-9,560.000002384E-3,,,,,-230.79999778E-9,12.4000006,
,,,-230.40000485E-9,0.0,,,,,-230.40000485E-9,560.000002384E-3,,,,,-230.40000485E-9,12.4000006,
,,,-229.99999771E-9,0.0,,,,,-229.99999771E-9,519.999980927E-3,,,,,-229.99999771E-9,12.4000006,
,,,-229.60000479E-9,0.0,,,,,-229.60000479E-9,519.999980927E-3,,,,,-229.60000479E-9,12.4000006,
,,,-229.19999765E-9,0.0,,,,,-229.19999765E-9,519.999980927E-3,,,,,-229.19999765E-9,12.4000006,
,,,-228.80000472E-9,0.0,,,,,-228.80000472E-9,519.999980927E-3,,,,,-228.80000472E-9,12.4000006,
,,,-228.39999758E-9,0.0,,,,,-228.39999758E-9,519.999980927E-3,,,,,-228.39999758E-9,12.4000006,
,,,-228.00000465E-9,-39.99999911E-3,,,,,-228.00000465E-9,519.999980927E-3,,,,,-228.00000465E-9,12.4000006,
,,,-227.59999752E-9,-39.99999911E-3,,,,,-227.59999752E-9,519.999980927E-3,,,,,-227.59999752E-9,12.4000006,
,,,-227.20000459E-9,0.0,,,,,-227.20000459E-9,479.999989271E-3,,,,,-227.20000459E-9,12.4000006,
,,,-226.79999745E-9,39.99999911E-3,,,,,-226.79999745E-9,479.999989271E-3,,,,,-226.79999745E-9,12.4000006,
,,,-226.40000452E-9,79.999998212E-3,,,,,-226.40000452E-9,479.999989271E-3,,,,,-226.40000452E-9,12.4000006,
,,,-225.99999738E-9,39.99999911E-3,,,,,-225.99999738E-9,479.999989271E-3,,,,,-225.99999738E-9,12.4000006,
,,,-225.60000446E-9,39.99999911E-3,,,,,-225.60000446E-9,479.999989271E-3,,,,,-225.60000446E-9,12.4000006,
,,,-225.19999732E-9,39.99999911E-3,,,,,-225.19999732E-9,479.999989271E-3,,,,,-225.19999732E-9,12.8000002,
,,,-224.80000439E-9,0.0,,,,,-224.80000439E-9,479.999989271E-3,,,,,-224.80000439E-9,12.4000006,
,,,-224.39999725E-9,39.99999911E-3,,,,,-224.39999725E-9,479.999989271E-3,,,,,-224.39999725E-9,12.4000006,
,,,-224.00000432E-9,39.99999911E-3,,,,,-224.00000432E-9,479.999989271E-3,,,,,-224.00000432E-9,12.4000006,
,,,-223.59999718E-9,39.99999911E-3,,,,,-223.59999718E-9,479.999989271E-3,,,,,-223.59999718E-9,12.4000006,
,,,-223.20000426E-9,39.99999911E-3,,,,,-223.20000426E-9,479.999989271E-3,,,,,-223.20000426E-9,12.4000006,
,,,-222.79999712E-9,39.99999911E-3,,,,,-222.79999712E-9,479.999989271E-3,,,,,-222.79999712E-9,12.8000002,
,,,-222.40000419E-9,39.99999911E-3,,,,,-222.40000419E-9,479.999989271E-3,,,,,-222.40000419E-9,12.8000002,
,,,-221.99999705E-9,39.99999911E-3,,,,,-221.99999705E-9,479.999989271E-3,,,,,-221.99999705E-9,12.8000002,
,,,-221.60000412E-9,39.99999911E-3,,,,,-221.60000412E-9,479.999989271E-3,,,,,-221.60000412E-9,12.4000006,
,,,-221.19999699E-9,79.999998212E-3,,,,,-221.19999699E-9,519.999980927E-3,,,,,-221.19999699E-9,12.4000006,
,,,-220.80000406E-9,79.999998212E-3,,,,,-220.80000406E-9,519.999980927E-3,,,,,-220.80000406E-9,12.0000000,
,,,-220.39999692E-9,119.9999973E-3,,,,,-220.39999692E-9,519.999980927E-3,,,,,-220.39999692E-9,12.0000000,
,,,-220.00000399E-9,79.999998212E-3,,,,,-220.00000399E-9,479.999989271E-3,,,,,-220.00000399E-9,12.4000006,
,,,-219.59999685E-9,79.999998212E-3,,,,,-219.59999685E-9,479.999989271E-3,,,,,-219.59999685E-9,12.4000006,
,,,-219.20000393E-9,79.999998212E-3,,,,,-219.20000393E-9,439.999997616E-3,,,,,-219.20000393E-9,12.4000006,
,,,-218.79999679E-9,79.999998212E-3,,,,,-218.79999679E-9,439.999997616E-3,,,,,-218.79999679E-9,12.4000006,
,,,-218.40000386E-9,119.9999973E-3,,,,,-218.40000386E-9,439.999997616E-3,,,,,-218.40000386E-9,12.4000006,
,,,-217.99999672E-9,79.999998212E-3,,,,,-217.99999672E-9,439.999997616E-3,,,,,-217.99999672E-9,12.4000006,
,,,-217.60000379E-9,79.999998212E-3,,,,,-217.60000379E-9,439.999997616E-3,,,,,-217.60000379E-9,12.4000006,
,,,-217.19999665E-9,79.999998212E-3,,,,,-217.19999665E-9,479.999989271E-3,,,,,-217.19999665E-9,12.4000006,
,,,-216.80000373E-9,79.999998212E-3,,,,,-216.80000373E-9,479.999989271E-3,,,,,-216.80000373E-9,12.4000006,
,,,-216.39999659E-9,119.9999973E-3,,,,,-216.39999659E-9,479.999989271E-3,,,,,-216.39999659E-9,12.4000006,
,,,-216.00000366E-9,119.9999973E-3,,,,,-216.00000366E-9,439.999997616E-3,,,,,-216.00000366E-9,12.4000006,
,,,-215.59999652E-9,119.9999973E-3,,,,,-215.59999652E-9,439.999997616E-3,,,,,-215.59999652E-9,12.8000002,
,,,-215.20000359E-9,119.9999973E-3,,,,,-215.20000359E-9,439.999997616E-3,,,,,-215.20000359E-9,12.8000002,
,,,-214.79999646E-9,119.9999973E-3,,,,,-214.79999646E-9,399.99997616E-3,,,,,-214.79999646E-9,12.8000002,
,,,-214.40000353E-9,119.9999973E-3,,,,,-214.40000353E-9,439.999997616E-3,,,,,-214.40000353E-9,12.8000002,
,,,-213.99999639E-9,119.9999973E-3,,,,,-213.99999639E-9,439.999997616E-3,,,,,-213.99999639E-9,12.8000002,
,,,-213.60000346E-9,119.9999973E-3,,,,,-213.60000346E-9,439.999997616E-3,,,,,-213.60000346E-9,12.4000006,
,,,-213.19999632E-9,119.9999973E-3,,,,,-213.19999632E-9,439.999997616E-3,,,,,-213.19999632E-9,12.4000006,
,,,-212.80000340E-9,119.9999973E-3,,,,,-212.80000340E-9,439.999997616E-3,,,,,-212.80000340E-9,12.4000006,
,,,-212.39999626E-9,119.9999973E-3,,,,,-212.39999626E-9,439.999997616E-3,,,,,-212.39999626E-9,12.4000006,
,,,-212.00000333E-9,119.9999973E-3,,,,,-212.00000333E-9,439.999997616E-3,,,,,-212.00000333E-9,12.8000002,
,,,-211.59999619E-9,119.9999973E-3,,,,,-211.59999619E-9,439.999997616E-3,,,,,-211.59999619E-9,12.8000002,
,,,-211.20000326E-9,119.9999973E-3,,,,,-211.20000326E-9,479.999989271E-3,,,,,-211.20000326E-9,13.1999998,
,,,-210.79999613E-9,119.9999973E-3,,,,,-210.79999613E-9,479.999989271E-3,,,,,-210.79999613E-9,12.8000002,
,,,-210.40000320E-9,119.9999973E-3,,,,,-210.40000320E-9,479.999989271E-3,,,,,-210.40000320E-9,12.8000002,
,,,-209.99999606E-9,119.9999973E-3,,,,,-209.99999606E-9,439.999997616E-3,,,,,-209.99999606E-9,12.8000002,
,,,-209.60000313E-9,119.9999973E-3,,,,,-209.60000313E-9,439.999997616E-3,,,,,-209.60000313E-9,12.8000002,
,,,-209.19999599E-9,119.9999973E-3,,,,,-209.19999599E-9,439.999997616E-3,,,,,-209.19999599E-9,12.8000002,
,,,-208.80000307E-9,119.9999973E-3,,,,,-208.80000307E-9,439.999997616E-3,,,,,-208.80000307E-9,12.8000002,
,,,-208.39999593E-9,119.9999973E-3,,,,,-208.39999593E-9,439.999997616E-3,,,,,-208.39999593E-9,12.8000002,
,,,-208.00000300E-9,119.9999973E-3,,,,,-208.00000300E-9,439.999997616E-3,,,,,-208.00000300E-9,12.8000002,
,,,-207.59999586E-9,119.9999973E-3,,,,,-207.59999586E-9,439.999997616E-3,,,,,-207.59999586E-9,12.8000002,
,,,-207.20000293E-9,119.9999973E-3,,,,,-207.20000293E-9,439.999997616E-3,,,,,-207.20000293E-9,12.8000002,
,,,-206.79999579E-9,119.9999973E-3,,,,,-206.79999579E-9,439.999997616E-3,,,,,-206.79999579E-9,12.8000002,
,,,-206.40000287E-9,119.9999973E-3,,,,,-206.40000287E-9,439.999997616E-3,,,,,-206.40000287E-9,12.8000002,
,,,-205.99999573E-9,119.9999973E-3,,,,,-205.99999573E-9,399.99997616E-3,,,,,-205.99999573E-9,13.1999998,
,,,-205.60000280E-9,119.9999973E-3,,,,,-205.60000280E-9,399.99997616E-3,,,,,-205.60000280E-9,13.1999998,
,,,-205.19999566E-9,159.99999642E-3,,,,,-205.19999566E-9,399.99997616E-3,,,,,-205.19999566E-9,13.1999998,
,,,-204.80000273E-9,159.99999642E-3,,,,,-204.80000273E-9,399.99997616E-3,,,,,-204.80000273E-9,13.1999998,
,,,-204.39999560E-9,159.99999642E-3,,,,,-204.39999560E-9,399.99997616E-3,,,,,-204.39999560E-9,13.1999998,
,,,-204.00000267E-9,119.9999973E-3,,,,,-204.00000267E-9,399.99997616E-3,,,,,-204.00000267E-9,12.8000002,
,,,-203.59999553E-9,119.9999973E-3,,,,,-203.59999553E-9,399.99997616E-3,,,,,-203.59999553E-9,12.8000002,
,,,-203.20000260E-9,119.9999973E-3,,,,,-203.20000260E-9,399.99997616E-3,,,,,-203.20000260E-9,12.8000002,
,,,-202.79999546E-9,119.9999973E-3,,,,,-202.79999546E-9,399.99997616E-3,,,,,-202.79999546E-9,12.8000002,
,,,-202.40000254E-9,159.99999642E-3,,,,,-202.40000254E-9,439.999997616E-3,,,,,-202.40000254E-9,12.8000002,
,,,-201.99999540E-9,159.99999642E-3,,,,,-201.99999540E-9,399.99997616E-3,,,,,-201.99999540E-9,12.8000002,
,,,-201.60000247E-9,159.99999642E-3,,,,,-201.60000247E-9,399.99997616E-3,,,,,-201.60000247E-9,12.8000002,
,,,-201.19999533E-9,119.9999973E-3,,,,,-201.19999533E-9,399.99997616E-3,,,,,-201.19999533E-9,12.8000002,
,,,-200.80000240E-9,119.9999973E-3,,,,,-200.80000240E-9,399.99997616E-3,,,,,-200.80000240E-9,12.8000002,
,,,-200.39999526E-9,119.9999973E-3,,,,,-200.39999526E-9,439.999997616E-3,,,,,-200.39999526E-9,12.8000002,
,,,-200.00000234E-9,119.9999973E-3,,,,,-200.00000234E-9,439.999997616E-3,,,,,-200.00000234E-9,12.8000002,
,,,-199.59999520E-9,119.9999973E-3,,,,,-199.59999520E-9,439.999997616E-3,,,,,-199.59999520E-9,12.8000002,
,,,-199.20000227E-9,119.9999973E-3,,,,,-199.20000227E-9,399.99997616E-3,,,,,-199.20000227E-9,12.8000002,
,,,-198.79999513E-9,119.9999973E-3,,,,,-198.79999513E-9,399.99997616E-3,,,,,-198.79999513E-9,13.1999998,
,,,-198.40000220E-9,119.9999973E-3,,,,,-198.40000220E-9,399.99997616E-3,,,,,-198.40000220E-9,13.1999998,
,,,-197.99999507E-9,119.9999973E-3,,,,,-197.99999507E-9,399.99997616E-3,,,,,-197.99999507E-9,13.6000004,
,,,-197.60000214E-9,119.9999973E-3,,,,,-197.60000214E-9,399.99997616E-3,,,,,-197.60000214E-9,13.6000004,
,,,-197.19999500E-9,159.99999642E-3,,,,,-197.19999500E-9,399.99997616E-3,,,,,-197.19999500E-9,13.6000004,
,,,-196.80000207E-9,119.9999973E-3,,,,,-196.80000207E-9,399.99997616E-3,,,,,-196.80000207E-9,13.1999998,
,,,-196.39999493E-9,119.9999973E-3,,,,,-196.39999493E-9,399.99997616E-3,,,,,-196.39999493E-9,13.1999998,
,,,-196.00000201E-9,79.999998212E-3,,,,,-196.00000201E-9,399.99997616E-3,,,,,-196.00000201E-9,13.1999998,
,,,-195.59999487E-9,79.999998212E-3,,,,,-195.59999487E-9,399.99997616E-3,,,,,-195.59999487E-9,13.1999998,
,,,-195.20000194E-9,79.999998212E-3,,,,,-195.20000194E-9,439.999997616E-3,,,,,-195.20000194E-9,13.1999998,
,,,-194.79999480E-9,79.999998212E-3,,,,,-194.79999480E-9,439.999997616E-3,,,,,-194.79999480E-9,13.6000004,
,,,-194.40000187E-9,119.9999973E-3,,,,,-194.40000187E-9,439.999997616E-3,,,,,-194.40000187E-9,13.6000004,
,,,-193.99999474E-9,79.999998212E-3,,,,,-193.99999474E-9,399.99997616E-3,,,,,-193.99999474E-9,13.6000004,
,,,-193.60000181E-9,79.999998212E-3,,,,,-193.60000181E-9,359.99998450E-3,,,,,-193.60000181E-9,13.6000004,
,,,-193.19999467E-9,79.999998212E-3,,,,,-193.19999467E-9,359.99998450E-3,,,,,-193.19999467E-9,13.1999998,
,,,-192.80000174E-9,79.999998212E-3,,,,,-192.80000174E-9,359.99998450E-3,,,,,-192.80000174E-9,13.1999998,
,,,-192.39999460E-9,79.999998212E-3,,,,,-192.39999460E-9,359.99998450E-3,,,,,-192.39999460E-9,13.1999998,
,,,-192.00000168E-9,79.999998212E-3,,,,,-192.00000168E-9,359.99998450E-3,,,,,-192.00000168E-9,13.1999998,
,,,-191.59999454E-9,79.999998212E-3,,,,,-191.59999454E-9,359.99998450E-3,,,,,-191.59999454E-9,13.1999998,
,,,-191.20000161E-9,79.999998212E-3,,,,,-191.20000161E-9,359.99998450E-3,,,,,-191.20000161E-9,13.1999998,
,,,-190.79999447E-9,79.999998212E-3,,,,,-190.79999447E-9,359.99998450E-3,,,,,-190.79999447E-9,13.1999998,
,,,-190.40000154E-9,79.999998212E-3,,,,,-190.40000154E-9,399.99997616E-3,,,,,-190.40000154E-9,13.1999998,
,,,-189.99999440E-9,79.999998212E-3,,,,,-189.99999440E-9,359.99998450E-3,,,,,-189.99999440E-9,13.6000004,
,,,-189.60000148E-9,79.999998212E-3,,,,,-189.60000148E-9,359.99998450E-3,,,,,-189.60000148E-9,13.6000004,
,,,-189.19999434E-9,79.999998212E-3,,,,,-189.19999434E-9,359.99998450E-3,,,,,-189.19999434E-9,13.6000004,
,,,-188.80000141E-9,79.999998212E-3,,,,,-188.80000141E-9,359.99998450E-3,,,,,-188.80000141E-9,13.6000004,
,,,-188.39999427E-9,79.999998212E-3,,,,,-188.39999427E-9,399.99997616E-3,,,,,-188.39999427E-9,13.6000004,
,,,-188.00000134E-9,79.999998212E-3,,,,,-188.00000134E-9,399.99997616E-3,,,,,-188.00000134E-9,13.1999998,
,,,-187.59999421E-9,79.999998212E-3,,,,,-187.59999421E-9,439.999997616E-3,,,,,-187.59999421E-9,13.1999998,
,,,-187.20000128E-9,79.999998212E-3,,,,,-187.20000128E-9,399.99997616E-3,,,,,-187.20000128E-9,13.1999998,
,,,-186.79999414E-9,79.999998212E-3,,,,,-186.79999414E-9,399.99997616E-3,,,,,-186.79999414E-9,13.1999998,
,,,-186.40000121E-9,79.999998212E-3,,,,,-186.40000121E-9,399.99997616E-3,,,,,-186.40000121E-9,13.6000004,
,,,-185.99999407E-9,79.999998212E-3,,,,,-185.99999407E-9,399.99997616E-3,,,,,-185.99999407E-9,13.6000004,
,,,-185.60000115E-9,79.999998212E-3,,,,,-185.60000115E-9,399.99997616E-3,,,,,-185.60000115E-9,13.6000004,
,,,-185.19999401E-9,79.999998212E-3,,,,,-185.19999401E-9,439.999997616E-3,,,,,-185.19999401E-9,13.6000004,
,,,-184.80000108E-9,79.999998212E-3,,,,,-184.80000108E-9,399.99997616E-3,,,,,-184.80000108E-9,13.6000004,
,,,-184.39999394E-9,79.999998212E-3,,,,,-184.39999394E-9,399.99997616E-3,,,,,-184.39999394E-9,13.6000004,
,,,-184.00000101E-9,39.99999911E-3,,,,,-184.00000101E-9,359.99998450E-3,,,,,-184.00000101E-9,14.0000000,
,,,-183.59999387E-9,79.999998212E-3,,,,,-183.59999387E-9,359.99998450E-3,,,,,-183.59999387E-9,14.0000000,
,,,-183.20000095E-9,79.999998212E-3,,,,,-183.20000095E-9,359.99998450E-3,,,,,-183.20000095E-9,14.0000000,
,,,-182.79999381E-9,79.999998212E-3,,,,,-182.79999381E-9,399.99997616E-3,,,,,-182.79999381E-9,14.0000000,
,,,-182.40000088E-9,119.9999973E-3,,,,,-182.40000088E-9,439.999997616E-3,,,,,-182.40000088E-9,14.0000000,
,,,-181.99999374E-9,119.9999973E-3,,,,,-181.99999374E-9,439.999997616E-3,,,,,-181.99999374E-9,14.0000000,
,,,-181.60000081E-9,119.9999973E-3,,,,,-181.60000081E-9,479.999989271E-3,,,,,-181.60000081E-9,13.6000004,
,,,-181.19999368E-9,79.999998212E-3,,,,,-181.19999368E-9,439.999997616E-3,,,,,-181.19999368E-9,14.0000000,
,,,-180.80000075E-9,39.99999911E-3,,,,,-180.80000075E-9,439.999997616E-3,,,,,-180.80000075E-9,14.0000000,
,,,-180.39999361E-9,39.99999911E-3,,,,,-180.39999361E-9,439.999997616E-3,,,,,-180.39999361E-9,14.0000000,
,,,-180.00000068E-9,39.99999911E-3,,,,,-180.00000068E-9,439.999997616E-3,,,,,-180.00000068E-9,14.0000000,
,,,-179.59999354E-9,39.99999911E-3,,,,,-179.59999354E-9,439.999997616E-3,,,,,-179.59999354E-9,14.0000000,
,,,-179.20000062E-9,39.99999911E-3,,,,,-179.20000062E-9,439.999997616E-3,,,,,-179.20000062E-9,14.0000000,
,,,-178.79999348E-9,39.99999911E-3,,,,,-178.79999348E-9,439.999997616E-3,,,,,-178.79999348E-9,14.0000000,
,,,-178.40000055E-9,39.99999911E-3,,,,,-178.40000055E-9,439.999997616E-3,,,,,-178.40000055E-9,14.0000000,
,,,-177.99999341E-9,39.99999911E-3,,,,,-177.99999341E-9,439.999997616E-3,,,,,-177.99999341E-9,14.4000006,
,,,-177.60000048E-9,39.99999911E-3,,,,,-177.60000048E-9,439.999997616E-3,,,,,-177.60000048E-9,14.4000006,
,,,-177.19999335E-9,39.99999911E-3,,,,,-177.19999335E-9,439.999997616E-3,,,,,-177.19999335E-9,14.4000006,
,,,-176.80000042E-9,39.99999911E-3,,,,,-176.80000042E-9,439.999997616E-3,,,,,-176.80000042E-9,14.4000006,
,,,-176.39999328E-9,39.99999911E-3,,,,,-176.39999328E-9,439.999997616E-3,,,,,-176.39999328E-9,14.4000006,
,,,-176.00000035E-9,39.99999911E-3,,,,,-176.00000035E-9,439.999997616E-3,,,,,-176.00000035E-9,14.4000006,
,,,-175.59999321E-9,39.99999911E-3,,,,,-175.59999321E-9,439.999997616E-3,,,,,-175.59999321E-9,14.4000006,
,,,-175.20000029E-9,39.99999911E-3,,,,,-175.20000029E-9,439.999997616E-3,,,,,-175.20000029E-9,14.4000006,
,,,-174.79999315E-9,39.99999911E-3,,,,,-174.79999315E-9,439.999997616E-3,,,,,-174.79999315E-9,14.4000006,
,,,-174.40000022E-9,39.99999911E-3,,,,,-174.40000022E-9,479.999989271E-3,,,,,-174.40000022E-9,14.4000006,
,,,-173.99999308E-9,39.99999911E-3,,,,,-173.99999308E-9,439.999997616E-3,,,,,-173.99999308E-9,14.8000002,
,,,-173.60000015E-9,39.99999911E-3,,,,,-173.60000015E-9,439.999997616E-3,,,,,-173.60000015E-9,14.8000002,
,,,-173.19999301E-9,79.999998212E-3,,,,,-173.19999301E-9,439.999997616E-3,,,,,-173.19999301E-9,14.4000006,
,,,-172.80000009E-9,79.999998212E-3,,,,,-172.80000009E-9,439.999997616E-3,,,,,-172.80000009E-9,14.4000006,
,,,-172.39999295E-9,79.999998212E-3,,,,,-172.39999295E-9,479.999989271E-3,,,,,-172.39999295E-9,14.4000006,
,,,-172.00000002E-9,79.999998212E-3,,,,,-172.00000002E-9,479.999989271E-3,,,,,-172.00000002E-9,14.4000006,
,,,-171.59999288E-9,79.999998212E-3,,,,,-171.59999288E-9,479.999989271E-3,,,,,-171.59999288E-9,14.4000006,
,,,-171.19999995E-9,39.99999911E-3,,,,,-171.19999995E-9,439.999997616E-3,,,,,-171.19999995E-9,14.4000006,
,,,-170.79999282E-9,39.99999911E-3,,,,,-170.79999282E-9,439.999997616E-3,,,,,-170.79999282E-9,14.4000006,
,,,-170.39999989E-9,39.99999911E-3,,,,,-170.39999989E-9,439.999997616E-3,,,,,-170.39999989E-9,14.4000006,
,,,-169.99999275E-9,39.99999911E-3,,,,,-169.99999275E-9,439.999997616E-3,,,,,-169.99999275E-9,14.4000006,
,,,-169.59999982E-9,39.99999911E-3,,,,,-169.59999982E-9,439.999997616E-3,,,,,-169.59999982E-9,14.4000006,
,,,-169.19999268E-9,39.99999911E-3,,,,,-169.19999268E-9,479.999989271E-3,,,,,-169.19999268E-9,14.8000002,
,,,-168.79999976E-9,39.99999911E-3,,,,,-168.79999976E-9,479.999989271E-3,,,,,-168.79999976E-9,14.4000006,
,,,-168.39999262E-9,39.99999911E-3,,,,,-168.39999262E-9,479.999989271E-3,,,,,-168.39999262E-9,14.4000006,
,,,-167.99999969E-9,0.0,,,,,-167.99999969E-9,479.999989271E-3,,,,,-167.99999969E-9,14.4000006,
,,,-167.59999255E-9,39.99999911E-3,,,,,-167.59999255E-9,479.999989271E-3,,,,,-167.59999255E-9,14.4000006,
,,,-167.19999962E-9,39.99999911E-3,,,,,-167.19999962E-9,519.999980927E-3,,,,,-167.19999962E-9,14.8000002,
,,,-166.79999248E-9,39.99999911E-3,,,,,-166.79999248E-9,519.999980927E-3,,,,,-166.79999248E-9,14.8000002,
,,,-166.39999956E-9,79.999998212E-3,,,,,-166.39999956E-9,519.999980927E-3,,,,,-166.39999956E-9,14.8000002,
,,,-165.99999242E-9,39.99999911E-3,,,,,-165.99999242E-9,519.999980927E-3,,,,,-165.99999242E-9,14.8000002,
,,,-165.59999949E-9,39.99999911E-3,,,,,-165.59999949E-9,519.999980927E-3,,,,,-165.59999949E-9,14.8000002,
,,,-165.19999235E-9,39.99999911E-3,,,,,-165.19999235E-9,479.999989271E-3,,,,,-165.19999235E-9,14.8000002,
,,,-164.79999942E-9,39.99999911E-3,,,,,-164.79999942E-9,479.999989271E-3,,,,,-164.79999942E-9,14.8000002,
,,,-164.39999229E-9,39.99999911E-3,,,,,-164.39999229E-9,479.999989271E-3,,,,,-164.39999229E-9,14.8000002,
,,,-163.99999936E-9,39.99999911E-3,,,,,-163.99999936E-9,479.999989271E-3,,,,,-163.99999936E-9,14.8000002,
,,,-163.59999222E-9,39.99999911E-3,,,,,-163.59999222E-9,479.999989271E-3,,,,,-163.59999222E-9,14.8000002,
,,,-163.19999929E-9,39.99999911E-3,,,,,-163.19999929E-9,519.999980927E-3,,,,,-163.19999929E-9,14.8000002,
,,,-162.79999215E-9,39.99999911E-3,,,,,-162.79999215E-9,519.999980927E-3,,,,,-162.79999215E-9,14.8000002,
,,,-162.39999923E-9,79.999998212E-3,,,,,-162.39999923E-9,560.000002384E-3,,,,,-162.39999923E-9,14.8000002,
,,,-161.99999209E-9,79.999998212E-3,,,,,-161.99999209E-9,519.999980927E-3,,,,,-161.99999209E-9,15.1999998,
,,,-161.59999916E-9,79.999998212E-3,,,,,-161.59999916E-9,519.999980927E-3,,,,,-161.59999916E-9,15.6000004,
,,,-161.19999202E-9,79.999998212E-3,,,,,-161.19999202E-9,519.999980927E-3,,,,,-161.19999202E-9,15.6000004,
,,,-160.79999909E-9,79.999998212E-3,,,,,-160.79999909E-9,519.999980927E-3,,,,,-160.79999909E-9,15.1999998,
,,,-160.39999196E-9,79.999998212E-3,,,,,-160.39999196E-9,560.000002384E-3,,,,,-160.39999196E-9,15.1999998,
,,,-159.99999903E-9,39.99999911E-3,,,,,-159.99999903E-9,560.000002384E-3,,,,,-159.99999903E-9,15.1999998,
,,,-159.59999189E-9,0.0,,,,,-159.59999189E-9,599.999964237E-3,,,,,-159.59999189E-9,14.8000002,
,,,-159.19999896E-9,0.0,,,,,-159.19999896E-9,560.000002384E-3,,,,,-159.19999896E-9,14.8000002,
,,,-158.79999182E-9,0.0,,,,,-158.79999182E-9,519.999980927E-3,,,,,-158.79999182E-9,15.1999998,
,,,-158.39999890E-9,39.99999911E-3,,,,,-158.39999890E-9,479.999989271E-3,,,,,-158.39999890E-9,15.1999998,
,,,-157.99999176E-9,39.99999911E-3,,,,,-157.99999176E-9,439.999997616E-3,,,,,-157.99999176E-9,15.1999998,
,,,-157.59999883E-9,79.999998212E-3,,,,,-157.59999883E-9,439.999997616E-3,,,,,-157.59999883E-9,15.1999998,
,,,-157.19999169E-9,39.99999911E-3,,,,,-157.19999169E-9,479.999989271E-3,,,,,-157.19999169E-9,15.1999998,
,,,-156.79999876E-9,0.0,,,,,-156.79999876E-9,519.999980927E-3,,,,,-156.79999876E-9,14.8000002,
,,,-156.39999162E-9,0.0,,,,,-156.39999162E-9,560.000002384E-3,,,,,-156.39999162E-9,14.8000002,
,,,-155.99999870E-9,-39.99999911E-3,,,,,-155.99999870E-9,560.000002384E-3,,,,,-155.99999870E-9,14.8000002,
,,,-155.59999156E-9,-39.99999911E-3,,,,,-155.59999156E-9,519.999980927E-3,,,,,-155.59999156E-9,14.8000002,
,,,-155.19999863E-9,0.0,,,,,-155.19999863E-9,479.999989271E-3,,,,,-155.19999863E-9,15.1999998,
,,,-154.79999149E-9,79.999998212E-3,,,,,-154.79999149E-9,399.99997616E-3,,,,,-154.79999149E-9,15.1999998,
,,,-154.39999856E-9,119.9999973E-3,,,,,-154.39999856E-9,399.99997616E-3,,,,,-154.39999856E-9,15.6000004,
,,,-153.99999143E-9,79.999998212E-3,,,,,-153.99999143E-9,479.999989271E-3,,,,,-153.99999143E-9,15.6000004,
,,,-153.59999850E-9,39.99999911E-3,,,,,-153.59999850E-9,599.999964237E-3,,,,,-153.59999850E-9,15.6000004,
,,,-153.19999136E-9,0.0,,,,,-153.19999136E-9,680.000007153E-3,,,,,-153.19999136E-9,15.6000004,
,,,-152.79999843E-9,0.0,,,,,-152.79999843E-9,639.999985695E-3,,,,,-152.79999843E-9,15.1999998,
,,,-152.39999129E-9,0.0,,,,,-152.39999129E-9,599.999964237E-3,,,,,-152.39999129E-9,15.1999998,
,,,-151.99999837E-9,79.999998212E-3,,,,,-151.99999837E-9,439.999997616E-3,,,,,-151.99999837E-9,15.1999998,
,,,-151.59999123E-9,159.99999642E-3,,,,,-151.59999123E-9,319.99999285E-3,,,,,-151.59999123E-9,15.6000004,
,,,-151.19999830E-9,159.99999642E-3,,,,,-151.19999830E-9,399.99997616E-3,,,,,-151.19999830E-9,15.6000004,
,,,-150.79999116E-9,119.9999973E-3,,,,,-150.79999116E-9,599.999964237E-3,,,,,-150.79999116E-9,15.6000004,
,,,-150.39999823E-9,79.999998212E-3,,,,,-150.39999823E-9,799.999952316E-3,,,,,-150.39999823E-9,15.1999998,
,,,-149.99999109E-9,0.0,,,,,-149.99999109E-9,839.999973774E-3,,,,,-149.99999109E-9,15.1999998,
,,,-149.59999817E-9,-39.99999911E-3,,,,,-149.59999817E-9,799.999952316E-3,,,,,-149.59999817E-9,15.1999998,
,,,-149.19999103E-9,0.0,,,,,-149.19999103E-9,639.999985695E-3,,,,,-149.19999103E-9,15.1999998,
,,,-148.79999810E-9,79.999998212E-3,,,,,-148.79999810E-9,399.99997616E-3,,,,,-148.79999810E-9,15.6000004,
,,,-148.3999910E-9,199.99998808E-3,,,,,-148.3999910E-9,280.00000119E-3,,,,,-148.3999910E-9,15.6000004,
,,,-147.9999980E-9,159.99999642E-3,,,,,-147.9999980E-9,439.999997616E-3,,,,,-147.9999980E-9,16.0000000,
,,,-147.5999909E-9,119.9999973E-3,,,,,-147.5999909E-9,680.000007153E-3,,,,,-147.5999909E-9,16.0000000,
,,,-147.1999980E-9,0.0,,,,,-147.1999980E-9,879.999995232E-3,,,,,-147.1999980E-9,16.0000000,
,,,-146.7999908E-9,-79.999998212E-3,,,,,-146.7999908E-9,919.999957085E-3,,,,,-146.7999908E-9,15.6000004,
,,,-146.3999979E-9,-79.999998212E-3,,,,,-146.3999979E-9,879.999995232E-3,,,,,-146.3999979E-9,15.1999998,
,,,-145.9999908E-9,0.0,,,,,-145.9999908E-9,599.999964237E-3,,,,,-145.9999908E-9,15.1999998,
,,,-145.5999978E-9,119.9999973E-3,,,,,-145.5999978E-9,319.99999285E-3,,,,,-145.5999978E-9,15.6000004,
,,,-145.1999907E-9,159.99999642E-3,,,,,-145.1999907E-9,280.00000119E-3,,,,,-145.1999907E-9,15.6000004,
,,,-144.7999978E-9,119.9999973E-3,,,,,-144.7999978E-9,479.999989271E-3,,,,,-144.7999978E-9,16.0000000,
,,,-144.3999906E-9,39.99999911E-3,,,,,-144.3999906E-9,680.000007153E-3,,,,,-144.3999906E-9,16.0000000,
,,,-143.9999977E-9,-39.99999911E-3,,,,,-143.9999977E-9,719.999969006E-3,,,,,-143.9999977E-9,15.6000004,
,,,-143.5999906E-9,-39.99999911E-3,,,,,-143.5999906E-9,680.000007153E-3,,,,,-143.5999906E-9,15.1999998,
,,,-143.1999976E-9,0.0,,,,,-143.1999976E-9,479.999989271E-3,,,,,-143.1999976E-9,15.1999998,
,,,-142.7999905E-9,79.999998212E-3,,,,,-142.7999905E-9,199.99998808E-3,,,,,-142.7999905E-9,15.1999998,
,,,-142.3999976E-9,199.99998808E-3,,,,,-142.3999976E-9,39.99999911E-3,,,,,-142.3999976E-9,15.1999998,
,,,-141.9999904E-9,159.99999642E-3,,,,,-141.9999904E-9,239.99999464E-3,,,,,-141.9999904E-9,15.6000004,
,,,-141.5999975E-9,79.999998212E-3,,,,,-141.5999975E-9,519.999980927E-3,,,,,-141.5999975E-9,16.0000000,
,,,-141.1999904E-9,39.99999911E-3,,,,,-141.1999904E-9,759.999990463E-3,,,,,-141.1999904E-9,16.3999996,
,,,-140.7999974E-9,0.0,,,,,-140.7999974E-9,879.999995232E-3,,,,,-140.7999974E-9,16.3999996,
,,,-140.3999903E-9,39.99999911E-3,,,,,-140.3999903E-9,919.999957085E-3,,,,,-140.3999903E-9,16.0000000,
,,,-139.9999974E-9,119.9999973E-3,,,,,-139.9999974E-9,719.999969006E-3,,,,,-139.9999974E-9,15.6000004,
,,,-139.5999902E-9,199.99998808E-3,,,,,-139.5999902E-9,599.999964237E-3,,,,,-139.5999902E-9,15.1999998,
,,,-139.1999973E-9,239.99999464E-3,,,,,-139.1999973E-9,639.999985695E-3,,,,,-139.1999973E-9,14.8000002,
,,,-138.7999902E-9,199.99998808E-3,,,,,-138.7999902E-9,919.999957085E-3,,,,,-138.7999902E-9,14.8000002,
,,,-138.3999972E-9,159.99999642E-3,,,,,-138.3999972E-9,1.1600000,,,,,-138.3999972E-9,15.1999998,
,,,-137.9999901E-9,119.9999973E-3,,,,,-137.9999901E-9,1.1600000,,,,,-137.9999901E-9,15.6000004,
,,,-137.5999972E-9,119.9999973E-3,,,,,-137.5999972E-9,1.1200000,,,,,-137.5999972E-9,15.6000004,
,,,-137.1999900E-9,159.99999642E-3,,,,,-137.1999900E-9,879.999995232E-3,,,,,-137.1999900E-9,15.6000004,
,,,-136.7999971E-9,199.99998808E-3,,,,,-136.7999971E-9,560.000002384E-3,,,,,-136.7999971E-9,14.8000002,
,,,-136.3999900E-9,199.99998808E-3,,,,,-136.3999900E-9,399.99997616E-3,,,,,-136.3999900E-9,14.0000000,
,,,-135.9999970E-9,119.9999973E-3,,,,,-135.9999970E-9,599.999964237E-3,,,,,-135.9999970E-9,14.0000000,
,,,-135.5999899E-9,39.99999911E-3,,,,,-135.5999899E-9,839.999973774E-3,,,,,-135.5999899E-9,14.4000006,
,,,-135.1999970E-9,39.99999911E-3,,,,,-135.1999970E-9,1.000000,,,,,-135.1999970E-9,14.8000002,
,,,-134.7999898E-9,79.999998212E-3,,,,,-134.7999898E-9,1.000000,,,,,-134.7999898E-9,15.6000004,
,,,-134.3999969E-9,119.9999973E-3,,,,,-134.3999969E-9,879.999995232E-3,,,,,-134.3999969E-9,15.6000004,
,,,-133.9999898E-9,119.9999973E-3,,,,,-133.9999898E-9,560.000002384E-3,,,,,-133.9999898E-9,15.6000004,
,,,-133.5999968E-9,119.9999973E-3,,,,,-133.5999968E-9,280.00000119E-3,,,,,-133.5999968E-9,14.8000002,
,,,-133.1999897E-9,79.999998212E-3,,,,,-133.1999897E-9,280.00000119E-3,,,,,-133.1999897E-9,14.0000000,
,,,-132.7999968E-9,0.0,,,,,-132.7999968E-9,519.999980927E-3,,,,,-132.7999968E-9,13.6000004,
,,,-132.3999896E-9,0.0,,,,,-132.3999896E-9,839.999973774E-3,,,,,-132.3999896E-9,13.6000004,
,,,-131.9999967E-9,39.99999911E-3,,,,,-131.9999967E-9,959.999978542E-3,,,,,-131.9999967E-9,14.0000000,
,,,-131.5999896E-9,159.99999642E-3,,,,,-131.5999896E-9,959.999978542E-3,,,,,-131.5999896E-9,14.0000000,
,,,-131.1999966E-9,199.99998808E-3,,,,,-131.1999966E-9,839.999973774E-3,,,,,-131.1999966E-9,14.0000000,
,,,-130.8000037E-9,199.99998808E-3,,,,,-130.8000037E-9,639.999985695E-3,,,,,-130.8000037E-9,13.1999998,
,,,-130.3999966E-9,159.99999642E-3,,,,,-130.3999966E-9,560.000002384E-3,,,,,-130.3999966E-9,12.4000006,
,,,-130.0000037E-9,79.999998212E-3,,,,,-130.0000037E-9,799.999952316E-3,,,,,-130.0000037E-9,12.4000006,
,,,-129.5999965E-9,39.99999911E-3,,,,,-129.5999965E-9,1.1200000,,,,,-129.5999965E-9,12.8000002,
,,,-129.2000036E-9,79.999998212E-3,,,,,-129.2000036E-9,1.3199999,,,,,-129.2000036E-9,13.6000004,
,,,-128.7999964E-9,239.99999464E-3,,,,,-128.7999964E-9,1.3199999,,,,,-128.7999964E-9,14.0000000,
,,,-128.4000035E-9,359.99998450E-3,,,,,-128.4000035E-9,1.2800000,,,,,-128.4000035E-9,14.4000006,
,,,-127.9999964E-9,319.99999285E-3,,,,,-127.9999964E-9,1.1999999,,,,,-127.9999964E-9,14.4000006,
,,,-127.6000035E-9,239.99999464E-3,,,,,-127.6000035E-9,1.1600000,,,,,-127.6000035E-9,14.0000000,
,,,-127.1999963E-9,159.99999642E-3,,,,,-127.1999963E-9,1.2800000,,,,,-127.1999963E-9,13.6000004,
,,,-126.8000034E-9,79.999998212E-3,,,,,-126.8000034E-9,1.4800000,,,,,-126.8000034E-9,14.0000000,
,,,-126.3999962E-9,79.999998212E-3,,,,,-126.3999962E-9,1.6400000,,,,,-126.3999962E-9,14.4000006,
,,,-126.0000033E-9,199.99998808E-3,,,,,-126.0000033E-9,1.5200000,,,,,-126.0000033E-9,14.4000006,
,,,-125.5999962E-9,319.99999285E-3,,,,,-125.5999962E-9,1.3199999,,,,,-125.5999962E-9,14.4000006,
,,,-125.2000033E-9,359.99998450E-3,,,,,-125.2000033E-9,1.1999999,,,,,-125.2000033E-9,14.4000006,
,,,-124.7999961E-9,280.00000119E-3,,,,,-124.7999961E-9,1.1600000,,,,,-124.7999961E-9,14.4000006,
,,,-124.4000032E-9,159.99999642E-3,,,,,-124.4000032E-9,1.1600000,,,,,-124.4000032E-9,14.4000006,
,,,-123.9999960E-9,39.99999911E-3,,,,,-123.9999960E-9,1.1999999,,,,,-123.9999960E-9,14.8000002,
,,,-123.6000031E-9,0.0,,,,,-123.6000031E-9,1.2400000,,,,,-123.6000031E-9,15.6000004,
,,,-123.1999960E-9,39.99999911E-3,,,,,-123.1999960E-9,1.1200000,,,,,-123.1999960E-9,16.0000000,
,,,-122.8000031E-9,159.99999642E-3,,,,,-122.8000031E-9,919.999957085E-3,,,,,-122.8000031E-9,15.6000004,
,,,-122.3999959E-9,280.00000119E-3,,,,,-122.3999959E-9,759.999990463E-3,,,,,-122.3999959E-9,15.1999998,
,,,-122.0000030E-9,199.99998808E-3,,,,,-122.0000030E-9,799.999952316E-3,,,,,-122.0000030E-9,14.8000002,
,,,-121.5999959E-9,159.99999642E-3,,,,,-121.5999959E-9,919.999957085E-3,,,,,-121.5999959E-9,14.8000002,
,,,-121.2000029E-9,119.9999973E-3,,,,,-121.2000029E-9,1.000000,,,,,-121.2000029E-9,14.8000002,
,,,-120.7999958E-9,119.9999973E-3,,,,,-120.7999958E-9,1.0400000,,,,,-120.7999958E-9,15.6000004,
,,,-120.4000029E-9,199.99998808E-3,,,,,-120.4000029E-9,1.000000,,,,,-120.4000029E-9,16.0000000,
,,,-119.9999957E-9,280.00000119E-3,,,,,-119.9999957E-9,799.999952316E-3,,,,,-119.9999957E-9,16.0000000,
,,,-119.6000028E-9,319.99999285E-3,,,,,-119.6000028E-9,680.000007153E-3,,,,,-119.6000028E-9,15.1999998,
,,,-119.1999957E-9,319.99999285E-3,,,,,-119.1999957E-9,680.000007153E-3,,,,,-119.1999957E-9,14.4000006,
,,,-118.7999956E-9,239.99999464E-3,,,,,-118.7999956E-9,879.999995232E-3,,,,,-118.7999956E-9,14.0000000,
,,,-118.3999956E-9,199.99998808E-3,,,,,-118.3999956E-9,1.0799999,,,,,-118.3999956E-9,14.0000000,
,,,-117.9999956E-9,239.99999464E-3,,,,,-117.9999956E-9,1.0400000,,,,,-117.9999956E-9,14.4000006,
,,,-117.5999955E-9,319.99999285E-3,,,,,-117.5999955E-9,1.000000,,,,,-117.5999955E-9,14.8000002,
,,,-117.1999955E-9,359.99998450E-3,,,,,-117.1999955E-9,919.999957085E-3,,,,,-117.1999955E-9,14.8000002,
,,,-116.7999955E-9,319.99999285E-3,,,,,-116.7999955E-9,879.999995232E-3,,,,,-116.7999955E-9,14.4000006,
,,,-116.3999954E-9,280.00000119E-3,,,,,-116.3999954E-9,919.999957085E-3,,,,,-116.3999954E-9,14.0000000,
,,,-115.9999954E-9,199.99998808E-3,,,,,-115.9999954E-9,1.1200000,,,,,-115.9999954E-9,14.0000000,
,,,-115.5999954E-9,159.99999642E-3,,,,,-115.5999954E-9,1.3199999,,,,,-115.5999954E-9,14.4000006,
,,,-115.1999953E-9,159.99999642E-3,,,,,-115.1999953E-9,1.3600000,,,,,-115.1999953E-9,15.1999998,
,,,-114.7999953E-9,239.99999464E-3,,,,,-114.7999953E-9,1.2400000,,,,,-114.7999953E-9,15.6000004,
,,,-114.3999953E-9,280.00000119E-3,,,,,-114.3999953E-9,1.1200000,,,,,-114.3999953E-9,16.3999996,
,,,-113.9999952E-9,159.99999642E-3,,,,,-113.9999952E-9,1.1200000,,,,,-113.9999952E-9,16.0000000,
,,,-113.5999952E-9,39.99999911E-3,,,,,-113.5999952E-9,1.1600000,,,,,-113.5999952E-9,15.6000004,
,,,-113.1999952E-9,0.0,,,,,-113.1999952E-9,1.2400000,,,,,-113.1999952E-9,14.8000002,
,,,-112.7999951E-9,0.0,,,,,-112.7999951E-9,1.2800000,,,,,-112.7999951E-9,15.1999998,
,,,-112.3999951E-9,79.999998212E-3,,,,,-112.3999951E-9,1.2800000,,,,,-112.3999951E-9,16.0000000,
,,,-111.9999951E-9,119.9999973E-3,,,,,-111.9999951E-9,1.000000,,,,,-111.9999951E-9,16.3999996,
,,,-111.5999950E-9,159.99999642E-3,,,,,-111.5999950E-9,719.999969006E-3,,,,,-111.5999950E-9,16.3999996,
,,,-111.1999950E-9,119.9999973E-3,,,,,-111.1999950E-9,639.999985695E-3,,,,,-111.1999950E-9,16.0000000,
,,,-110.7999950E-9,0.0,,,,,-110.7999950E-9,680.000007153E-3,,,,,-110.7999950E-9,15.6000004,
,,,-110.3999949E-9,-39.99999911E-3,,,,,-110.3999949E-9,839.999973774E-3,,,,,-110.3999949E-9,15.1999998,
,,,-109.9999949E-9,39.99999911E-3,,,,,-109.9999949E-9,919.999957085E-3,,,,,-109.9999949E-9,15.1999998,
,,,-109.5999949E-9,159.99999642E-3,,,,,-109.5999949E-9,1.000000,,,,,-109.5999949E-9,16.0000000,
,,,-109.1999948E-9,239.99999464E-3,,,,,-109.1999948E-9,1.000000,,,,,-109.1999948E-9,16.8000011,
,,,-108.7999948E-9,239.99999464E-3,,,,,-108.7999948E-9,879.999995232E-3,,,,,-108.7999948E-9,16.8000011,
,,,-108.3999948E-9,239.99999464E-3,,,,,-108.3999948E-9,839.999973774E-3,,,,,-108.3999948E-9,16.8000011,
,,,-107.9999947E-9,199.99998808E-3,,,,,-107.9999947E-9,959.999978542E-3,,,,,-107.9999947E-9,16.3999996,
,,,-107.5999947E-9,199.99998808E-3,,,,,-107.5999947E-9,1.1600000,,,,,-107.5999947E-9,16.0000000,
,,,-107.1999947E-9,280.00000119E-3,,,,,-107.1999947E-9,1.2400000,,,,,-107.1999947E-9,16.0000000,
,,,-106.7999946E-9,439.999997616E-3,,,,,-106.7999946E-9,1.2800000,,,,,-106.7999946E-9,16.8000011,
,,,-106.3999946E-9,560.000002384E-3,,,,,-106.3999946E-9,1.2800000,,,,,-106.3999946E-9,17.6000004,
,,,-105.9999946E-9,479.999989271E-3,,,,,-105.9999946E-9,1.1999999,,,,,-105.9999946E-9,18.0000000,
,,,-105.5999945E-9,359.99998450E-3,,,,,-105.5999945E-9,1.1200000,,,,,-105.5999945E-9,18.0000000,
,,,-105.1999945E-9,280.00000119E-3,,,,,-105.1999945E-9,1.1200000,,,,,-105.1999945E-9,17.6000004,
,,,-104.7999945E-9,280.00000119E-3,,,,,-104.7999945E-9,1.1200000,,,,,-104.7999945E-9,17.2000008,
,,,-104.3999944E-9,280.00000119E-3,,,,,-104.3999944E-9,1.1200000,,,,,-104.3999944E-9,17.2000008,
,,,-103.9999944E-9,280.00000119E-3,,,,,-103.9999944E-9,1.000000,,,,,-103.9999944E-9,17.2000008,
,,,-103.5999944E-9,319.99999285E-3,,,,,-103.5999944E-9,879.999995232E-3,,,,,-103.5999944E-9,18.0000000,
,,,-103.1999943E-9,239.99999464E-3,,,,,-103.1999943E-9,759.999990463E-3,,,,,-103.1999943E-9,18.3999996,
,,,-102.7999943E-9,119.9999973E-3,,,,,-102.7999943E-9,680.000007153E-3,,,,,-102.7999943E-9,18.0000000,
,,,-102.3999943E-9,39.99999911E-3,,,,,-102.3999943E-9,639.999985695E-3,,,,,-102.3999943E-9,17.6000004,
,,,-101.9999942E-9,79.999998212E-3,,,,,-101.9999942E-9,560.000002384E-3,,,,,-101.9999942E-9,17.2000008,
,,,-101.5999942E-9,119.9999973E-3,,,,,-101.5999942E-9,519.999980927E-3,,,,,-101.5999942E-9,17.2000008,
,,,-101.1999942E-9,119.9999973E-3,,,,,-101.1999942E-9,519.999980927E-3,,,,,-101.1999942E-9,17.2000008,
,,,-100.7999941E-9,79.999998212E-3,,,,,-100.7999941E-9,560.000002384E-3,,,,,-100.7999941E-9,17.6000004,
,,,-100.3999941E-9,39.99999911E-3,,,,,-100.3999941E-9,599.999964237E-3,,,,,-100.3999941E-9,17.6000004,
,,,-99.999994063E-9,0.0,,,,,-99.999994063E-9,560.000002384E-3,,,,,-99.999994063E-9,17.6000004,
,,,-99.599994030E-9,0.0,,,,,-99.599994030E-9,479.999989271E-3,,,,,-99.599994030E-9,17.2000008,
,,,-99.199993997E-9,119.9999973E-3,,,,,-99.199993997E-9,439.999997616E-3,,,,,-99.199993997E-9,16.8000011,
,,,-98.799993964E-9,280.00000119E-3,,,,,-98.799993964E-9,399.99997616E-3,,,,,-98.799993964E-9,16.8000011,
,,,-98.399993931E-9,439.999997616E-3,,,,,-98.399993931E-9,439.999997616E-3,,,,,-98.399993931E-9,16.8000011,
,,,-97.999993898E-9,359.99998450E-3,,,,,-97.999993898E-9,599.999964237E-3,,,,,-97.999993898E-9,16.8000011,
,,,-97.599993865E-9,319.99999285E-3,,,,,-97.599993865E-9,799.999952316E-3,,,,,-97.599993865E-9,17.6000004,
,,,-97.199993832E-9,280.00000119E-3,,,,,-97.199993832E-9,879.999995232E-3,,,,,-97.199993832E-9,17.6000004,
,,,-96.799993798E-9,359.99998450E-3,,,,,-96.799993798E-9,799.999952316E-3,,,,,-96.799993798E-9,17.2000008,
,,,-96.399993765E-9,479.999989271E-3,,,,,-96.399993765E-9,759.999990463E-3,,,,,-96.399993765E-9,16.8000011,
,,,-95.999993732E-9,599.999964237E-3,,,,,-95.999993732E-9,719.999969006E-3,,,,,-95.999993732E-9,16.3999996,
,,,-95.599993699E-9,639.999985695E-3,,,,,-95.599993699E-9,759.999990463E-3,,,,,-95.599993699E-9,16.3999996,
,,,-95.199993666E-9,599.999964237E-3,,,,,-95.199993666E-9,879.999995232E-3,,,,,-95.199993666E-9,16.8000011,
,,,-94.799993633E-9,439.999997616E-3,,,,,-94.799993633E-9,1.1200000,,,,,-94.799993633E-9,17.2000008,
,,,-94.399993600E-9,319.99999285E-3,,,,,-94.399993600E-9,1.2400000,,,,,-94.399993600E-9,17.6000004,
,,,-93.999993567E-9,399.99997616E-3,,,,,-93.999993567E-9,1.0400000,,,,,-93.999993567E-9,17.6000004,
,,,-93.599993534E-9,519.999980927E-3,,,,,-93.599993534E-9,799.999952316E-3,,,,,-93.599993534E-9,17.2000008,
,,,-93.199993501E-9,560.000002384E-3,,,,,-93.199993501E-9,680.000007153E-3,,,,,-93.199993501E-9,16.8000011,
,,,-92.799993467E-9,519.999980927E-3,,,,,-92.799993467E-9,719.999969006E-3,,,,,-92.799993467E-9,16.8000011,
,,,-92.399993434E-9,399.99997616E-3,,,,,-92.399993434E-9,879.999995232E-3,,,,,-92.399993434E-9,16.8000011,
,,,-91.999993401E-9,239.99999464E-3,,,,,-91.999993401E-9,1.1600000,,,,,-91.999993401E-9,17.6000004,
,,,-91.599993368E-9,119.9999973E-3,,,,,-91.599993368E-9,1.4800000,,,,,-91.599993368E-9,18.0000000,
,,,-91.199993335E-9,119.9999973E-3,,,,,-91.199993335E-9,1.5999999,,,,,-91.199993335E-9,18.3999996,
,,,-90.799993302E-9,280.00000119E-3,,,,,-90.799993302E-9,1.5599999,,,,,-90.799993302E-9,18.3999996,
,,,-90.399993269E-9,399.99997616E-3,,,,,-90.399993269E-9,1.5200000,,,,,-90.399993269E-9,17.6000004,
,,,-89.999993236E-9,280.00000119E-3,,,,,-89.999993236E-9,1.6400000,,,,,-89.999993236E-9,17.2000008,
,,,-89.599993203E-9,159.99999642E-3,,,,,-89.599993203E-9,1.8399999,,,,,-89.599993203E-9,17.2000008,
,,,-89.199993170E-9,119.9999973E-3,,,,,-89.199993170E-9,2.0400000,,,,,-89.199993170E-9,17.2000008,
,,,-88.799993136E-9,159.99999642E-3,,,,,-88.799993136E-9,2.2400000,,,,,-88.799993136E-9,17.6000004,
,,,-88.399993103E-9,280.00000119E-3,,,,,-88.399993103E-9,2.3199999,,,,,-88.399993103E-9,18.0000000,
,,,-87.999993070E-9,439.999997616E-3,,,,,-87.999993070E-9,2.1599998,,,,,-87.999993070E-9,18.0000000,
,,,-87.599993037E-9,560.000002384E-3,,,,,-87.599993037E-9,2.0000000,,,,,-87.599993037E-9,18.0000000,
,,,-87.199993004E-9,599.999964237E-3,,,,,-87.199993004E-9,2.0000000,,,,,-87.199993004E-9,18.0000000,
,,,-86.799992971E-9,479.999989271E-3,,,,,-86.799992971E-9,2.2000000,,,,,-86.799992971E-9,18.0000000,
,,,-86.399992938E-9,399.99997616E-3,,,,,-86.399992938E-9,2.3999999,,,,,-86.399992938E-9,18.0000000,
,,,-85.999992905E-9,479.999989271E-3,,,,,-85.999992905E-9,2.4400001,,,,,-85.999992905E-9,18.3999996,
,,,-85.599992872E-9,639.999985695E-3,,,,,-85.599992872E-9,2.4800000,,,,,-85.599992872E-9,18.3999996,
,,,-85.199992839E-9,719.999969006E-3,,,,,-85.199992839E-9,2.3999999,,,,,-85.199992839E-9,18.3999996,
,,,-84.799992806E-9,759.999990463E-3,,,,,-84.799992806E-9,2.3199999,,,,,-84.799992806E-9,18.0000000,
,,,-84.399992772E-9,719.999969006E-3,,,,,-84.399992772E-9,2.2800000,,,,,-84.399992772E-9,18.0000000,
,,,-83.999992739E-9,599.999964237E-3,,,,,-83.999992739E-9,2.4400001,,,,,-83.999992739E-9,18.0000000,
,,,-83.599992706E-9,479.999989271E-3,,,,,-83.599992706E-9,2.6799998,,,,,-83.599992706E-9,18.0000000,
,,,-83.199992673E-9,519.999980927E-3,,,,,-83.199992673E-9,2.83999991,,,,,-83.199992673E-9,18.0000000,
,,,-82.799992640E-9,639.999985695E-3,,,,,-82.799992640E-9,2.91999984,,,,,-82.799992640E-9,17.6000004,
,,,-82.399992607E-9,759.999990463E-3,,,,,-82.399992607E-9,3.03999996,,,,,-82.399992607E-9,17.6000004,
,,,-81.999992574E-9,639.999985695E-3,,,,,-81.999992574E-9,3.15999985,,,,,-81.999992574E-9,17.2000008,
,,,-81.599992541E-9,479.999989271E-3,,,,,-81.599992541E-9,3.27999997,,,,,-81.599992541E-9,16.8000011,
,,,-81.199992508E-9,399.99997616E-3,,,,,-81.199992508E-9,3.39999986,,,,,-81.199992508E-9,16.8000011,
,,,-80.799992475E-9,439.999997616E-3,,,,,-80.799992475E-9,3.43999982,,,,,-80.799992475E-9,16.8000011,
,,,-80.399992441E-9,479.999989271E-3,,,,,-80.399992441E-9,3.35999990,,,,,-80.399992441E-9,17.2000008,
,,,-79.999992408E-9,519.999980927E-3,,,,,-79.999992408E-9,3.00000000,,,,,-79.999992408E-9,17.2000008,
,,,-79.599999481E-9,599.999964237E-3,,,,,-79.599999481E-9,2.6799998,,,,,-79.599999481E-9,17.2000008,
,,,-79.199999448E-9,519.999980927E-3,,,,,-79.199999448E-9,2.4800000,,,,,-79.199999448E-9,17.6000004,
,,,-78.799999415E-9,359.99998450E-3,,,,,-78.799999415E-9,2.4800000,,,,,-78.799999415E-9,17.6000004,
,,,-78.399999381E-9,280.00000119E-3,,,,,-78.399999381E-9,2.5599999,,,,,-78.399999381E-9,17.6000004,
,,,-77.999999348E-9,359.99998450E-3,,,,,-77.999999348E-9,2.4800000,,,,,-77.999999348E-9,17.6000004,
,,,-77.599999315E-9,479.999989271E-3,,,,,-77.599999315E-9,2.3999999,,,,,-77.599999315E-9,17.6000004,
,,,-77.199999282E-9,519.999980927E-3,,,,,-77.199999282E-9,2.2400000,,,,,-77.199999282E-9,17.6000004,
,,,-76.799999249E-9,479.999989271E-3,,,,,-76.799999249E-9,2.0400000,,,,,-76.799999249E-9,17.2000008,
,,,-76.399999216E-9,399.99997616E-3,,,,,-76.399999216E-9,1.9200000,,,,,-76.399999216E-9,16.3999996,
,,,-75.999999183E-9,280.00000119E-3,,,,,-75.999999183E-9,2.0400000,,,,,-75.999999183E-9,16.0000000,
,,,-75.599999150E-9,239.99999464E-3,,,,,-75.599999150E-9,2.2800000,,,,,-75.599999150E-9,16.0000000,
,,,-75.199999117E-9,319.99999285E-3,,,,,-75.199999117E-9,2.4400001,,,,,-75.199999117E-9,16.0000000,
,,,-74.799999084E-9,519.999980927E-3,,,,,-74.799999084E-9,2.4800000,,,,,-74.799999084E-9,16.3999996,
,,,-74.399999050E-9,719.999969006E-3,,,,,-74.399999050E-9,2.5599999,,,,,-74.399999050E-9,16.3999996,
,,,-73.999999017E-9,639.999985695E-3,,,,,-73.999999017E-9,2.6399999,,,,,-73.999999017E-9,16.3999996,
,,,-73.599998984E-9,560.000002384E-3,,,,,-73.599998984E-9,2.72000003,,,,,-73.599998984E-9,16.3999996,
,,,-73.199998951E-9,519.999980927E-3,,,,,-73.199998951E-9,2.75999999,,,,,-73.199998951E-9,16.0000000,
,,,-72.799998918E-9,560.000002384E-3,,,,,-72.799998918E-9,2.72000003,,,,,-72.799998918E-9,16.0000000,
,,,-72.399998885E-9,639.999985695E-3,,,,,-72.399998885E-9,2.6399999,,,,,-72.399998885E-9,16.0000000,
,,,-71.999998852E-9,719.999969006E-3,,,,,-71.999998852E-9,2.3999999,,,,,-71.999998852E-9,16.0000000,
,,,-71.599998819E-9,759.999990463E-3,,,,,-71.599998819E-9,2.1599998,,,,,-71.599998819E-9,16.3999996,
,,,-71.199998786E-9,719.999969006E-3,,,,,-71.199998786E-9,2.0400000,,,,,-71.199998786E-9,16.3999996,
,,,-70.799998753E-9,560.000002384E-3,,,,,-70.799998753E-9,2.0799999,,,,,-70.799998753E-9,16.3999996,
,,,-70.399998719E-9,439.999997616E-3,,,,,-70.399998719E-9,2.1599998,,,,,-70.399998719E-9,16.3999996,
,,,-69.999998686E-9,519.999980927E-3,,,,,-69.999998686E-9,2.1199999,,,,,-69.999998686E-9,16.3999996,
,,,-69.599998653E-9,639.999985695E-3,,,,,-69.599998653E-9,2.0400000,,,,,-69.599998653E-9,16.0000000,
,,,-69.199998620E-9,680.000007153E-3,,,,,-69.199998620E-9,2.0000000,,,,,-69.199998620E-9,15.6000004,
,,,-68.799998587E-9,639.999985695E-3,,,,,-68.799998587E-9,2.0000000,,,,,-68.799998587E-9,15.6000004,
,,,-68.399998554E-9,560.000002384E-3,,,,,-68.399998554E-9,2.0000000,,,,,-68.399998554E-9,15.6000004,
,,,-67.999998521E-9,439.999997616E-3,,,,,-67.999998521E-9,2.0400000,,,,,-67.999998521E-9,15.6000004,
,,,-67.599998488E-9,399.99997616E-3,,,,,-67.599998488E-9,2.0799999,,,,,-67.599998488E-9,15.6000004,
,,,-67.199998455E-9,519.999980927E-3,,,,,-67.199998455E-9,2.0400000,,,,,-67.199998455E-9,16.0000000,
,,,-66.799998422E-9,759.999990463E-3,,,,,-66.799998422E-9,1.8800000,,,,,-66.799998422E-9,16.0000000,
,,,-66.399998389E-9,959.999978542E-3,,,,,-66.399998389E-9,1.7600000,,,,,-66.399998389E-9,16.0000000,
,,,-65.999998355E-9,879.999995232E-3,,,,,-65.999998355E-9,1.8399999,,,,,-65.999998355E-9,16.0000000,
,,,-65.599998322E-9,719.999969006E-3,,,,,-65.599998322E-9,1.9599999,,,,,-65.599998322E-9,16.0000000,
,,,-65.199998289E-9,639.999985695E-3,,,,,-65.199998289E-9,2.1599998,,,,,-65.199998289E-9,16.3999996,
,,,-64.799998256E-9,680.000007153E-3,,,,,-64.799998256E-9,2.2800000,,,,,-64.799998256E-9,16.8000011,
,,,-64.399998223E-9,759.999990463E-3,,,,,-64.399998223E-9,2.4400001,,,,,-64.399998223E-9,16.8000011,
,,,-63.999998190E-9,919.999957085E-3,,,,,-63.999998190E-9,2.4400001,,,,,-63.999998190E-9,16.3999996,
,,,-63.599998157E-9,1.0799999,,,,,-63.599998157E-9,2.4800000,,,,,-63.599998157E-9,16.3999996,
,,,-63.199998124E-9,1.0799999,,,,,-63.199998124E-9,2.5999999,,,,,-63.199998124E-9,16.0000000,
,,,-62.799998091E-9,959.999978542E-3,,,,,-62.799998091E-9,2.79999995,,,,,-62.799998091E-9,16.0000000,
,,,-62.399998058E-9,839.999973774E-3,,,,,-62.399998058E-9,3.00000000,,,,,-62.399998058E-9,16.0000000,
,,,-61.999998024E-9,919.999957085E-3,,,,,-61.999998024E-9,3.00000000,,,,,-61.999998024E-9,16.3999996,
,,,-61.599997991E-9,1.0400000,,,,,-61.599997991E-9,2.91999984,,,,,-61.599997991E-9,16.3999996,
,,,-61.199997958E-9,1.1600000,,,,,-61.199997958E-9,2.79999995,,,,,-61.199997958E-9,16.8000011,
,,,-60.799997925E-9,1.1999999,,,,,-60.799997925E-9,2.6799998,,,,,-60.799997925E-9,16.8000011,
,,,-60.399997892E-9,1.2400000,,,,,-60.399997892E-9,2.6799998,,,,,-60.399997892E-9,16.8000011,
,,,-59.999997859E-9,1.1200000,,,,,-59.999997859E-9,2.96000004,,,,,-59.999997859E-9,16.8000011,
,,,-59.599994273E-9,1.000000,,,,,-59.599994273E-9,3.35999990,,,,,-59.599994273E-9,17.2000008,
,,,-59.199994240E-9,1.0400000,,,,,-59.199994240E-9,3.72000003,,,,,-59.199994240E-9,17.2000008,
,,,-58.799994207E-9,1.2400000,,,,,-58.799994207E-9,4.00000000,,,,,-58.799994207E-9,16.8000011,
,,,-58.399994174E-9,1.4000000,,,,,-58.399994174E-9,4.27999973,,,,,-58.399994174E-9,16.0000000,
,,,-57.999994141E-9,1.3199999,,,,,-57.999994141E-9,4.51999998,,,,,-57.999994141E-9,15.6000004,
,,,-57.599994108E-9,1.1600000,,,,,-57.599994108E-9,4.75999975,,,,,-57.599994108E-9,14.8000002,
,,,-57.199994075E-9,1.0799999,,,,,-57.199994075E-9,4.88000011,,,,,-57.199994075E-9,14.4000006,
,,,-56.799994042E-9,1.000000,,,,,-56.799994042E-9,4.96000004,,,,,-56.799994042E-9,14.8000002,
,,,-56.399994008E-9,1.0400000,,,,,-56.399994008E-9,4.96000004,,,,,-56.399994008E-9,15.1999998,
,,,-55.999993975E-9,1.1600000,,,,,-55.999993975E-9,4.79999971,,,,,-55.999993975E-9,15.6000004,
,,,-55.599993942E-9,1.2800000,,,,,-55.599993942E-9,4.67999983,,,,,-55.599993942E-9,15.6000004,
,,,-55.199993909E-9,1.1999999,,,,,-55.199993909E-9,4.67999983,,,,,-55.199993909E-9,15.6000004,
,,,-54.799993876E-9,1.000000,,,,,-54.799993876E-9,4.79999971,,,,,-54.799993876E-9,15.6000004,
,,,-54.39999740E-9,839.999973774E-3,,,,,-54.39999740E-9,4.92000008,,,,,-54.39999740E-9,15.6000004,
,,,-53.99999736E-9,919.999957085E-3,,,,,-53.99999736E-9,4.88000011,,,,,-53.99999736E-9,15.6000004,
,,,-53.59999733E-9,1.0799999,,,,,-53.59999733E-9,4.83999968,,,,,-53.59999733E-9,15.6000004,
,,,-53.19999730E-9,1.1999999,,,,,-53.19999730E-9,4.71999979,,,,,-53.19999730E-9,15.6000004,
,,,-52.79999726E-9,1.2800000,,,,,-52.79999726E-9,4.63999987,,,,,-52.79999726E-9,15.6000004,
,,,-52.39999723E-9,1.2800000,,,,,-52.39999723E-9,4.63999987,,,,,-52.39999723E-9,15.6000004,
,,,-51.99999720E-9,1.0799999,,,,,-51.99999720E-9,4.88000011,,,,,-51.99999720E-9,15.1999998,
,,,-51.59999716E-9,879.999995232E-3,,,,,-51.59999716E-9,5.19999981,,,,,-51.59999716E-9,14.8000002,
,,,-51.19999713E-9,879.999995232E-3,,,,,-51.19999713E-9,5.44000006,,,,,-51.19999713E-9,14.4000006,
,,,-50.79999710E-9,1.0799999,,,,,-50.79999710E-9,5.63999987,,,,,-50.79999710E-9,14.4000006,
,,,-50.39999706E-9,1.2400000,,,,,-50.39999706E-9,5.71999979,,,,,-50.39999706E-9,14.0000000,
,,,-49.99999703E-9,1.1600000,,,,,-49.99999703E-9,5.71999979,,,,,-49.99999703E-9,13.6000004,
,,,-49.59999700E-9,1.0400000,,,,,-49.59999700E-9,5.71999979,,,,,-49.59999700E-9,13.1999998,
,,,-49.19999697E-9,879.999995232E-3,,,,,-49.19999697E-9,5.71999979,,,,,-49.19999697E-9,12.8000002,
,,,-48.79999693E-9,719.999969006E-3,,,,,-48.79999693E-9,5.71999979,,,,,-48.79999693E-9,12.4000006,
,,,-48.39999690E-9,639.999985695E-3,,,,,-48.39999690E-9,5.71999979,,,,,-48.39999690E-9,12.0000000,
,,,-47.99999687E-9,719.999969006E-3,,,,,-47.99999687E-9,5.59999990,,,,,-47.99999687E-9,12.0000000,
,,,-47.59999683E-9,839.999973774E-3,,,,,-47.59999683E-9,5.40000010,,,,,-47.59999683E-9,12.0000000,
,,,-47.19999680E-9,799.999952316E-3,,,,,-47.19999680E-9,5.27999973,,,,,-47.19999680E-9,12.0000000,
,,,-46.79999677E-9,560.000002384E-3,,,,,-46.79999677E-9,5.19999981,,,,,-46.79999677E-9,12.0000000,
,,,-46.39999673E-9,399.99997616E-3,,,,,-46.39999673E-9,5.15999985,,,,,-46.39999673E-9,12.4000006,
,,,-45.99999670E-9,399.99997616E-3,,,,,-45.99999670E-9,5.03999996,,,,,-45.99999670E-9,12.4000006,
,,,-45.59999667E-9,439.999997616E-3,,,,,-45.59999667E-9,4.83999968,,,,,-45.59999667E-9,12.4000006,
,,,-45.19999663E-9,560.000002384E-3,,,,,-45.19999663E-9,4.55999994,,,,,-45.19999663E-9,12.0000000,
,,,-44.79999660E-9,599.999964237E-3,,,,,-44.79999660E-9,4.19999981,,,,,-44.79999660E-9,12.4000006,
,,,-44.39999657E-9,599.999964237E-3,,,,,-44.39999657E-9,3.91999984,,,,,-44.39999657E-9,12.4000006,
,,,-43.99999654E-9,439.999997616E-3,,,,,-43.99999654E-9,3.87999988,,,,,-43.99999654E-9,13.1999998,
,,,-43.59999650E-9,280.00000119E-3,,,,,-43.59999650E-9,3.87999988,,,,,-43.59999650E-9,13.6000004,
,,,-43.19999647E-9,239.99999464E-3,,,,,-43.19999647E-9,3.83999991,,,,,-43.19999647E-9,14.4000006,
,,,-42.79999644E-9,319.99999285E-3,,,,,-42.79999644E-9,3.63999987,,,,,-42.79999644E-9,14.4000006,
,,,-42.39999640E-9,439.999997616E-3,,,,,-42.39999640E-9,3.39999986,,,,,-42.39999640E-9,14.4000006,
,,,-41.99999637E-9,439.999997616E-3,,,,,-41.99999637E-9,3.15999985,,,,,-41.99999637E-9,14.4000006,
,,,-41.59999634E-9,479.999989271E-3,,,,,-41.59999634E-9,2.96000004,,,,,-41.59999634E-9,14.4000006,
,,,-41.19999630E-9,479.999989271E-3,,,,,-41.19999630E-9,2.83999991,,,,,-41.19999630E-9,14.4000006,
,,,-40.79999627E-9,519.999980927E-3,,,,,-40.79999627E-9,2.75999999,,,,,-40.79999627E-9,15.1999998,
,,,-40.39999624E-9,560.000002384E-3,,,,,-40.39999624E-9,2.6399999,,,,,-40.39999624E-9,16.0000000,
,,,-39.99999620E-9,560.000002384E-3,,,,,-39.99999620E-9,2.2800000,,,,,-39.99999620E-9,16.3999996,
,,,-39.59999617E-9,560.000002384E-3,,,,,-39.59999617E-9,1.9599999,,,,,-39.59999617E-9,16.3999996,
,,,-39.19999614E-9,479.999989271E-3,,,,,-39.19999614E-9,1.7199999,,,,,-39.19999614E-9,16.3999996,
,,,-38.79999610E-9,399.99997616E-3,,,,,-38.79999610E-9,1.5999999,,,,,-38.79999610E-9,15.6000004,
,,,-38.39999607E-9,359.99998450E-3,,,,,-38.39999607E-9,1.5599999,,,,,-38.39999607E-9,15.6000004,
,,,-37.99999604E-9,399.99997616E-3,,,,,-37.99999604E-9,1.5200000,,,,,-37.99999604E-9,15.6000004,
,,,-37.59999601E-9,519.999980927E-3,,,,,-37.59999601E-9,1.4800000,,,,,-37.59999601E-9,15.6000004,
,,,-37.19999597E-9,519.999980927E-3,,,,,-37.19999597E-9,1.3600000,,,,,-37.19999597E-9,16.0000000,
,,,-36.79999594E-9,479.999989271E-3,,,,,-36.79999594E-9,1.1200000,,,,,-36.79999594E-9,16.0000000,
,,,-36.39999591E-9,439.999997616E-3,,,,,-36.39999591E-9,919.999957085E-3,,,,,-36.39999591E-9,16.0000000,
,,,-35.99999587E-9,359.99998450E-3,,,,,-35.99999587E-9,919.999957085E-3,,,,,-35.99999587E-9,16.0000000,
,,,-35.59999584E-9,319.99999285E-3,,,,,-35.59999584E-9,1.000000,,,,,-35.59999584E-9,16.0000000,
,,,-35.19999581E-9,359.99998450E-3,,,,,-35.19999581E-9,1.1200000,,,,,-35.19999581E-9,15.6000004,
,,,-34.79999577E-9,439.999997616E-3,,,,,-34.79999577E-9,1.1999999,,,,,-34.79999577E-9,16.0000000,
,,,-34.39999574E-9,519.999980927E-3,,,,,-34.39999574E-9,1.2400000,,,,,-34.39999574E-9,16.0000000,
,,,-33.99999571E-9,439.999997616E-3,,,,,-33.99999571E-9,1.0799999,,,,,-33.99999571E-9,16.0000000,
,,,-33.59999567E-9,319.99999285E-3,,,,,-33.59999567E-9,919.999957085E-3,,,,,-33.59999567E-9,16.3999996,
,,,-33.19999564E-9,239.99999464E-3,,,,,-33.19999564E-9,799.999952316E-3,,,,,-33.19999564E-9,16.0000000,
,,,-32.79999561E-9,199.99998808E-3,,,,,-32.79999561E-9,799.999952316E-3,,,,,-32.79999561E-9,15.1999998,
,,,-32.39999558E-9,239.99999464E-3,,,,,-32.39999558E-9,839.999973774E-3,,,,,-32.39999558E-9,14.4000006,
,,,-31.99999554E-9,319.99999285E-3,,,,,-31.99999554E-9,919.999957085E-3,,,,,-31.99999554E-9,13.6000004,
,,,-31.59999551E-9,399.99997616E-3,,,,,-31.59999551E-9,1.000000,,,,,-31.59999551E-9,12.8000002,
,,,-31.19999548E-9,399.99997616E-3,,,,,-31.19999548E-9,1.000000,,,,,-31.19999548E-9,12.4000006,
,,,-30.79999544E-9,319.99999285E-3,,,,,-30.79999544E-9,919.999957085E-3,,,,,-30.79999544E-9,12.0000000,
,,,-30.39999541E-9,280.00000119E-3,,,,,-30.39999541E-9,839.999973774E-3,,,,,-30.39999541E-9,12.0000000,
,,,-29.99999538E-9,239.99999464E-3,,,,,-29.99999538E-9,759.999990463E-3,,,,,-29.99999538E-9,11.6000004,
,,,-29.59999534E-9,239.99999464E-3,,,,,-29.59999534E-9,759.999990463E-3,,,,,-29.59999534E-9,11.6000004,
,,,-29.19999531E-9,280.00000119E-3,,,,,-29.19999531E-9,879.999995232E-3,,,,,-29.19999531E-9,12.0000000,
,,,-28.79999528E-9,359.99998450E-3,,,,,-28.79999528E-9,1.0799999,,,,,-28.79999528E-9,12.4000006,
,,,-28.39999524E-9,439.999997616E-3,,,,,-28.39999524E-9,1.2800000,,,,,-28.39999524E-9,12.8000002,
,,,-27.99999521E-9,479.999989271E-3,,,,,-27.99999521E-9,1.2800000,,,,,-27.99999521E-9,13.1999998,
,,,-27.59999518E-9,479.999989271E-3,,,,,-27.59999518E-9,1.2400000,,,,,-27.59999518E-9,13.6000004,
,,,-27.19999515E-9,519.999980927E-3,,,,,-27.19999515E-9,1.0799999,,,,,-27.19999515E-9,14.0000000,
,,,-26.79999511E-9,560.000002384E-3,,,,,-26.79999511E-9,879.999995232E-3,,,,,-26.79999511E-9,14.0000000,
,,,-26.39999508E-9,599.999964237E-3,,,,,-26.39999508E-9,759.999990463E-3,,,,,-26.39999508E-9,13.6000004,
,,,-25.99999505E-9,519.999980927E-3,,,,,-25.99999505E-9,839.999973774E-3,,,,,-25.99999505E-9,13.6000004,
,,,-25.59999501E-9,479.999989271E-3,,,,,-25.59999501E-9,959.999978542E-3,,,,,-25.59999501E-9,14.4000006,
,,,-25.19999498E-9,479.999989271E-3,,,,,-25.19999498E-9,959.999978542E-3,,,,,-25.19999498E-9,14.4000006,
,,,-24.79999495E-9,479.999989271E-3,,,,,-24.79999495E-9,799.999952316E-3,,,,,-24.79999495E-9,14.4000006,
,,,-24.39999491E-9,519.999980927E-3,,,,,-24.39999491E-9,599.999964237E-3,,,,,-24.39999491E-9,14.4000006,
,,,-23.99999488E-9,519.999980927E-3,,,,,-23.99999488E-9,319.99999285E-3,,,,,-23.99999488E-9,14.4000006,
,,,-23.59999485E-9,560.000002384E-3,,,,,-23.59999485E-9,119.9999973E-3,,,,,-23.59999485E-9,14.8000002,
,,,-23.19999481E-9,519.999980927E-3,,,,,-23.19999481E-9,159.99999642E-3,,,,,-23.19999481E-9,15.1999998,
,,,-22.79999478E-9,439.999997616E-3,,,,,-22.79999478E-9,439.999997616E-3,,,,,-22.79999478E-9,16.0000000,
,,,-22.39999475E-9,399.99997616E-3,,,,,-22.39999475E-9,759.999990463E-3,,,,,-22.39999475E-9,16.3999996,
,,,-21.99999471E-9,399.99997616E-3,,,,,-21.99999471E-9,879.999995232E-3,,,,,-21.99999471E-9,16.8000011,
,,,-21.59999468E-9,439.999997616E-3,,,,,-21.59999468E-9,959.999978542E-3,,,,,-21.59999468E-9,16.3999996,
,,,-21.19999465E-9,439.999997616E-3,,,,,-21.19999465E-9,919.999957085E-3,,,,,-21.19999465E-9,16.0000000,
,,,-20.79999462E-9,359.99998450E-3,,,,,-20.79999462E-9,799.999952316E-3,,,,,-20.79999462E-9,16.0000000,
,,,-20.39999458E-9,280.00000119E-3,,,,,-20.39999458E-9,680.000007153E-3,,,,,-20.39999458E-9,16.0000000,
,,,-19.9999945E-9,159.99999642E-3,,,,,-19.9999945E-9,639.999985695E-3,,,,,-19.9999945E-9,16.0000000,
,,,-19.5999945E-9,119.9999973E-3,,,,,-19.5999945E-9,639.999985695E-3,,,,,-19.5999945E-9,16.3999996,
,,,-19.1999945E-9,119.9999973E-3,,,,,-19.1999945E-9,560.000002384E-3,,,,,-19.1999945E-9,16.3999996,
,,,-18.7999945E-9,239.99999464E-3,,,,,-18.7999945E-9,399.99997616E-3,,,,,-18.7999945E-9,16.3999996,
,,,-18.3999944E-9,280.00000119E-3,,,,,-18.3999944E-9,280.00000119E-3,,,,,-18.3999944E-9,16.0000000,
,,,-17.9999944E-9,159.99999642E-3,,,,,-17.9999944E-9,319.99999285E-3,,,,,-17.9999944E-9,16.0000000,
,,,-17.5999944E-9,0.0,,,,,-17.5999944E-9,399.99997616E-3,,,,,-17.5999944E-9,16.0000000,
,,,-17.1999943E-9,-79.999998212E-3,,,,,-17.1999943E-9,519.999980927E-3,,,,,-17.1999943E-9,16.3999996,
,,,-16.7999943E-9,-119.9999973E-3,,,,,-16.7999943E-9,639.999985695E-3,,,,,-16.7999943E-9,16.3999996,
,,,-16.3999943E-9,-79.999998212E-3,,,,,-16.3999943E-9,759.999990463E-3,,,,,-16.3999943E-9,16.8000011,
,,,-15.9999942E-9,0.0,,,,,-15.9999942E-9,719.999969006E-3,,,,,-15.9999942E-9,16.3999996,
,,,-15.5999960E-9,79.999998212E-3,,,,,-15.5999960E-9,719.999969006E-3,,,,,-15.5999960E-9,16.0000000,
,,,-15.1999959E-9,79.999998212E-3,,,,,-15.1999959E-9,839.999973774E-3,,,,,-15.1999959E-9,15.6000004,
,,,-14.7999950E-9,-39.99999911E-3,,,,,-14.7999950E-9,1.0799999,,,,,-14.7999950E-9,15.6000004,
,,,-14.3999950E-9,-119.9999973E-3,,,,,-14.3999950E-9,1.2800000,,,,,-14.3999950E-9,16.0000000,
,,,-13.9999949E-9,-79.999998212E-3,,,,,-13.9999949E-9,1.3199999,,,,,-13.9999949E-9,16.0000000,
,,,-13.5999949E-9,39.99999911E-3,,,,,-13.5999949E-9,1.3199999,,,,,-13.5999949E-9,15.6000004,
,,,-13.1999949E-9,159.99999642E-3,,,,,-13.1999949E-9,1.2800000,,,,,-13.1999949E-9,15.6000004,
,,,-12.7999948E-9,280.00000119E-3,,,,,-12.7999948E-9,1.2800000,,,,,-12.7999948E-9,15.1999998,
,,,-12.3999948E-9,359.99998450E-3,,,,,-12.3999948E-9,1.3199999,,,,,-12.3999948E-9,14.8000002,
,,,-11.9999948E-9,280.00000119E-3,,,,,-11.9999948E-9,1.4800000,,,,,-11.9999948E-9,14.4000006,
,,,-11.5999947E-9,199.99998808E-3,,,,,-11.5999947E-9,1.5999999,,,,,-11.5999947E-9,14.4000006,
,,,-11.1999947E-9,199.99998808E-3,,,,,-11.1999947E-9,1.5999999,,,,,-11.1999947E-9,14.4000006,
,,,-10.7999947E-9,280.00000119E-3,,,,,-10.7999947E-9,1.4399999,,,,,-10.7999947E-9,14.0000000,
,,,-10.3999946E-9,359.99998450E-3,,,,,-10.3999946E-9,1.3199999,,,,,-10.3999946E-9,13.6000004,
,,,-9.999994610E-9,319.99999285E-3,,,,,-9.999994610E-9,1.3600000,,,,,-9.999994610E-9,14.0000000,
,,,-9.599995465E-9,280.00000119E-3,,,,,-9.599995465E-9,1.4399999,,,,,-9.599995465E-9,14.0000000,
,,,-9.199995432E-9,239.99999464E-3,,,,,-9.199995432E-9,1.5599999,,,,,-9.199995432E-9,14.8000002,
,,,-8.799995399E-9,199.99998808E-3,,,,,-8.799995399E-9,1.5999999,,,,,-8.799995399E-9,15.1999998,
,,,-8.399995366E-9,199.99998808E-3,,,,,-8.399995366E-9,1.5599999,,,,,-8.399995366E-9,15.6000004,
,,,-7.999995333E-9,199.99998808E-3,,,,,-7.999995333E-9,1.3199999,,,,,-7.999995333E-9,15.6000004,
,,,-7.599995300E-9,199.99998808E-3,,,,,-7.599995300E-9,1.1200000,,,,,-7.599995300E-9,15.1999998,
,,,-7.19999482E-9,119.9999973E-3,,,,,-7.19999482E-9,1.0400000,,,,,-7.19999482E-9,15.1999998,
,,,-6.79999479E-9,-79.999998212E-3,,,,,-6.79999479E-9,1.1200000,,,,,-6.79999479E-9,16.0000000,
,,,-6.39999520E-9,-239.99999464E-3,,,,,-6.39999520E-9,1.2400000,,,,,-6.39999520E-9,17.2000008,
,,,-5.99999517E-9,-319.99999285E-3,,,,,-5.99999517E-9,1.2400000,,,,,-5.99999517E-9,18.0000000,
,,,-5.59999513E-9,-359.99998450E-3,,,,,-5.59999513E-9,1.2400000,,,,,-5.59999513E-9,18.8000011,
,,,-5.19999510E-9,-399.99997616E-3,,,,,-5.19999510E-9,1.1999999,,,,,-5.19999510E-9,19.2000008,
,,,-4.79999507E-9,-399.99997616E-3,,,,,-4.79999507E-9,1.1200000,,,,,-4.79999507E-9,19.2000008,
,,,-4.39999503E-9,-399.99997616E-3,,,,,-4.39999503E-9,1.0799999,,,,,-4.39999503E-9,19.2000008,
,,,-3.99999500E-9,-479.999989271E-3,,,,,-3.99999500E-9,1.1600000,,,,,-3.99999500E-9,20.0000000,
,,,-3.59999497E-9,-519.999980927E-3,,,,,-3.59999497E-9,1.2400000,,,,,-3.59999497E-9,20.80000114,
,,,-3.19999494E-9,-479.999989271E-3,,,,,-3.19999494E-9,1.1999999,,,,,-3.19999494E-9,21.60000038,
,,,-2.79999490E-9,-359.99998450E-3,,,,,-2.79999490E-9,1.0799999,,,,,-2.79999490E-9,22.00000000,
,,,-2.3999949E-9,-159.99999642E-3,,,,,-2.3999949E-9,1.000000,,,,,-2.3999949E-9,22.00000000,
,,,-1.9999948E-9,-39.99999911E-3,,,,,-1.9999948E-9,959.999978542E-3,,,,,-1.9999948E-9,21.60000038,
,,,-1.5999949E-9,119.9999973E-3,,,,,-1.5999949E-9,1.000000,,,,,-1.5999949E-9,21.20000076,
,,,-1.1999949E-9,280.00000119E-3,,,,,-1.1999949E-9,1.1600000,,,,,-1.1999949E-9,21.20000076,
,,,-799.994900378E-12,439.999997616E-3,,,,,-799.994900378E-12,1.3199999,,,,,-799.994900378E-12,21.60000038,
,,,-399.99489668E-12,599.999964237E-3,,,,,-399.99489668E-12,1.4800000,,,,,-399.99489668E-12,21.60000038,
,,,5.10702585E-15,759.999990463E-3,,,,,5.10702585E-15,1.4800000,,,,,5.10702585E-15,21.60000038,
,,,400.00511073E-12,919.999957085E-3,,,,,400.00511073E-12,1.4800000,,,,,400.00511073E-12,20.80000114,
,,,800.005114430E-12,1.0400000,,,,,800.005114430E-12,1.5200000,,,,,800.005114430E-12,20.0000000,
,,,1.2000051E-9,1.0799999,,,,,1.2000051E-9,1.5999999,,,,,1.2000051E-9,18.8000011,
,,,1.6000051E-9,1.1200000,,,,,1.6000051E-9,1.7199999,,,,,1.6000051E-9,17.6000004,
,,,2.0000051E-9,1.1600000,,,,,2.0000051E-9,1.8000000,,,,,2.0000051E-9,17.2000008,
,,,2.4000051E-9,1.1999999,,,,,2.4000051E-9,1.8000000,,,,,2.4000051E-9,17.6000004,
,,,2.80000512E-9,1.1999999,,,,,2.80000512E-9,1.7199999,,,,,2.80000512E-9,18.0000000,
,,,3.20000515E-9,1.1200000,,,,,3.20000515E-9,1.4800000,,,,,3.20000515E-9,18.3999996,
,,,3.60000518E-9,1.000000,,,,,3.60000518E-9,1.1999999,,,,,3.60000518E-9,18.0000000,
,,,4.00000522E-9,719.999969006E-3,,,,,4.00000522E-9,919.999957085E-3,,,,,4.00000522E-9,17.6000004,
,,,4.40000525E-9,439.999997616E-3,,,,,4.40000525E-9,680.000007153E-3,,,,,4.40000525E-9,16.8000011,
,,,4.80000528E-9,199.99998808E-3,,,,,4.80000528E-9,479.999989271E-3,,,,,4.80000528E-9,16.3999996,
,,,5.20000532E-9,39.99999911E-3,,,,,5.20000532E-9,319.99999285E-3,,,,,5.20000532E-9,16.8000011,
,,,5.60000535E-9,-119.9999973E-3,,,,,5.60000535E-9,159.99999642E-3,,,,,5.60000535E-9,17.6000004,
,,,6.00000538E-9,-359.99998450E-3,,,,,6.00000538E-9,-79.999998212E-3,,,,,6.00000538E-9,18.8000011,
,,,6.40000497E-9,-599.999964237E-3,,,,,6.40000497E-9,-319.99999285E-3,,,,,6.40000497E-9,19.6000004,
,,,6.80000500E-9,-799.999952316E-3,,,,,6.80000500E-9,-560.000002384E-3,,,,,6.80000500E-9,20.0000000,
,,,7.20000504E-9,-959.999978542E-3,,,,,7.20000504E-9,-799.999952316E-3,,,,,7.20000504E-9,19.6000004,
,,,7.600005070E-9,-1.0400000,,,,,7.600005070E-9,-919.999957085E-3,,,,,7.600005070E-9,18.8000011,
,,,8.000005103E-9,-1.0799999,,,,,8.000005103E-9,-919.999957085E-3,,,,,8.000005103E-9,18.3999996,
,,,8.400005136E-9,-1.000000,,,,,8.400005136E-9,-839.999973774E-3,,,,,8.400005136E-9,18.8000011,
,,,8.800005169E-9,-959.999978542E-3,,,,,8.800005169E-9,-680.000007153E-3,,,,,8.800005169E-9,18.8000011,
,,,9.200005202E-9,-879.999995232E-3,,,,,9.200005202E-9,-519.999980927E-3,,,,,9.200005202E-9,19.2000008,
,,,9.600005235E-9,-719.999969006E-3,,,,,9.600005235E-9,-359.99998450E-3,,,,,9.600005235E-9,19.6000004,
,,,10.0000053E-9,-519.999980927E-3,,,,,10.0000053E-9,-359.99998450E-3,,,,,10.0000053E-9,19.2000008,
,,,10.4000053E-9,-239.99999464E-3,,,,,10.4000053E-9,-319.99999285E-3,,,,,10.4000053E-9,18.0000000,
,,,10.8000053E-9,39.99999911E-3,,,,,10.8000053E-9,-119.9999973E-3,,,,,10.8000053E-9,17.2000008,
,,,11.2000054E-9,280.00000119E-3,,,,,11.2000054E-9,280.00000119E-3,,,,,11.2000054E-9,16.3999996,
,,,11.6000054E-9,479.999989271E-3,,,,,11.6000054E-9,759.999990463E-3,,,,,11.6000054E-9,16.3999996,
,,,12.0000054E-9,599.999964237E-3,,,,,12.0000054E-9,1.1999999,,,,,12.0000054E-9,16.8000011,
,,,12.4000055E-9,680.000007153E-3,,,,,12.4000055E-9,1.5999999,,,,,12.4000055E-9,17.6000004,
,,,12.8000055E-9,839.999973774E-3,,,,,12.8000055E-9,1.8000000,,,,,12.8000055E-9,18.3999996,
,,,13.2000055E-9,1.0400000,,,,,13.2000055E-9,1.8399999,,,,,13.2000055E-9,18.3999996,
,,,13.6000056E-9,1.1999999,,,,,13.6000056E-9,1.9200000,,,,,13.6000056E-9,18.0000000,
,,,14.0000056E-9,1.2400000,,,,,14.0000056E-9,2.1599998,,,,,14.0000056E-9,17.6000004,
,,,14.4000056E-9,1.1999999,,,,,14.4000056E-9,2.3999999,,,,,14.4000056E-9,17.2000008,
,,,14.8000057E-9,1.0400000,,,,,14.8000057E-9,2.5999999,,,,,14.8000057E-9,17.2000008,
,,,15.2000048E-9,799.999952316E-3,,,,,15.2000048E-9,2.6799998,,,,,15.2000048E-9,17.6000004,
,,,15.6000048E-9,560.000002384E-3,,,,,15.6000048E-9,2.6399999,,,,,15.6000048E-9,18.3999996,
,,,16.0000049E-9,359.99998450E-3,,,,,16.0000049E-9,2.2800000,,,,,16.0000049E-9,18.8000011,
,,,16.4000049E-9,119.9999973E-3,,,,,16.4000049E-9,1.8399999,,,,,16.4000049E-9,19.2000008,
,,,16.8000049E-9,-119.9999973E-3,,,,,16.8000049E-9,1.5200000,,,,,16.8000049E-9,19.6000004,
,,,17.2000050E-9,-439.999997616E-3,,,,,17.2000050E-9,1.3600000,,,,,17.2000050E-9,19.6000004,
,,,17.6000050E-9,-719.999969006E-3,,,,,17.6000050E-9,1.1999999,,,,,17.6000050E-9,19.6000004,
,,,18.0000050E-9,-1.000000,,,,,18.0000050E-9,919.999957085E-3,,,,,18.0000050E-9,20.0000000,
,,,18.4000051E-9,-1.1999999,,,,,18.4000051E-9,639.999985695E-3,,,,,18.4000051E-9,20.39999962,
,,,18.8000051E-9,-1.3600000,,,,,18.8000051E-9,319.99999285E-3,,,,,18.8000051E-9,21.20000076,
,,,19.2000051E-9,-1.4000000,,,,,19.2000051E-9,-39.99999911E-3,,,,,19.2000051E-9,21.60000038,
,,,19.6000052E-9,-1.3600000,,,,,19.6000052E-9,-280.00000119E-3,,,,,19.6000052E-9,22.00000000,
,,,20.0000052E-9,-1.4000000,,,,,20.0000052E-9,-319.99999285E-3,,,,,20.0000052E-9,22.80000114,
,,,20.40000524E-9,-1.3600000,,,,,20.40000524E-9,-280.00000119E-3,,,,,20.40000524E-9,23.60000038,
,,,20.80000527E-9,-1.1999999,,,,,20.80000527E-9,-280.00000119E-3,,,,,20.80000527E-9,24.00000000,
,,,21.20000531E-9,-959.999978542E-3,,,,,21.20000531E-9,-319.99999285E-3,,,,,21.20000531E-9,24.00000000,
,,,21.60000534E-9,-639.999985695E-3,,,,,21.60000534E-9,-280.00000119E-3,,,,,21.60000534E-9,24.00000000,
,,,22.00000537E-9,-319.99999285E-3,,,,,22.00000537E-9,-119.9999973E-3,,,,,22.00000537E-9,23.60000038,
,,,22.40000541E-9,0.0,,,,,22.40000541E-9,119.9999973E-3,,,,,22.40000541E-9,23.60000038,
,,,22.80000544E-9,319.99999285E-3,,,,,22.80000544E-9,439.999997616E-3,,,,,22.80000544E-9,23.20000076,
,,,23.20000547E-9,599.999964237E-3,,,,,23.20000547E-9,839.999973774E-3,,,,,23.20000547E-9,23.20000076,
,,,23.60000551E-9,879.999995232E-3,,,,,23.60000551E-9,1.1999999,,,,,23.60000551E-9,23.20000076,
,,,24.00000554E-9,1.1600000,,,,,24.00000554E-9,1.4000000,,,,,24.00000554E-9,23.20000076,
,,,24.40000557E-9,1.4000000,,,,,24.40000557E-9,1.5999999,,,,,24.40000557E-9,23.20000076,
,,,24.80000560E-9,1.5599999,,,,,24.80000560E-9,1.8399999,,,,,24.80000560E-9,22.80000114,
,,,25.20000564E-9,1.6400000,,,,,25.20000564E-9,2.1199999,,,,,25.20000564E-9,22.39999962,
,,,25.60000567E-9,1.6400000,,,,,25.60000567E-9,2.3199999,,,,,25.60000567E-9,22.00000000,
,,,26.00000570E-9,1.5599999,,,,,26.00000570E-9,2.3599999,,,,,26.00000570E-9,21.60000038,
,,,26.40000574E-9,1.4399999,,,,,26.40000574E-9,2.3199999,,,,,26.40000574E-9,21.60000038,
,,,26.80000577E-9,1.3199999,,,,,26.80000577E-9,2.2000000,,,,,26.80000577E-9,21.20000076,
,,,27.20000580E-9,1.1600000,,,,,27.20000580E-9,2.0000000,,,,,27.20000580E-9,20.80000114,
,,,27.60000584E-9,919.999957085E-3,,,,,27.60000584E-9,1.8000000,,,,,27.60000584E-9,20.39999962,
,,,28.00000587E-9,560.000002384E-3,,,,,28.00000587E-9,1.5999999,,,,,28.00000587E-9,19.6000004,
,,,28.40000590E-9,199.99998808E-3,,,,,28.40000590E-9,1.3600000,,,,,28.40000590E-9,19.2000008,
,,,28.80000594E-9,-119.9999973E-3,,,,,28.80000594E-9,1.000000,,,,,28.80000594E-9,18.8000011,
,,,29.20000597E-9,-399.99997616E-3,,,,,29.20000597E-9,519.999980927E-3,,,,,29.20000597E-9,18.3999996,
,,,29.60000600E-9,-639.999985695E-3,,,,,29.60000600E-9,79.999998212E-3,,,,,29.60000600E-9,18.3999996,
,,,30.00000603E-9,-839.999973774E-3,,,,,30.00000603E-9,-239.99999464E-3,,,,,30.00000603E-9,18.3999996,
,,,30.40000607E-9,-959.999978542E-3,,,,,30.40000607E-9,-479.999989271E-3,,,,,30.40000607E-9,18.3999996,
,,,30.80000610E-9,-1.0799999,,,,,30.80000610E-9,-599.999964237E-3,,,,,30.80000610E-9,18.3999996,
,,,31.20000613E-9,-1.1600000,,,,,31.20000613E-9,-639.999985695E-3,,,,,31.20000613E-9,17.6000004,
,,,31.60000617E-9,-1.1600000,,,,,31.60000617E-9,-639.999985695E-3,,,,,31.60000617E-9,16.8000011,
,,,32.00000620E-9,-1.0799999,,,,,32.00000620E-9,-759.999990463E-3,,,,,32.00000620E-9,16.8000011,
,,,32.40000623E-9,-919.999957085E-3,,,,,32.40000623E-9,-799.999952316E-3,,,,,32.40000623E-9,16.8000011,
,,,32.80000627E-9,-719.999969006E-3,,,,,32.80000627E-9,-719.999969006E-3,,,,,32.80000627E-9,16.8000011,
,,,33.20000630E-9,-519.999980927E-3,,,,,33.20000630E-9,-519.999980927E-3,,,,,33.20000630E-9,16.8000011,
,,,33.60000633E-9,-319.99999285E-3,,,,,33.60000633E-9,-280.00000119E-3,,,,,33.60000633E-9,17.2000008,
,,,34.00000637E-9,-159.99999642E-3,,,,,34.00000637E-9,-39.99999911E-3,,,,,34.00000637E-9,17.2000008,
,,,34.40000640E-9,0.0,,,,,34.40000640E-9,199.99998808E-3,,,,,34.40000640E-9,17.2000008,
,,,34.80000643E-9,239.99999464E-3,,,,,34.80000643E-9,479.999989271E-3,,,,,34.80000643E-9,17.6000004,
,,,35.20000647E-9,479.999989271E-3,,,,,35.20000647E-9,759.999990463E-3,,,,,35.20000647E-9,18.0000000,
,,,35.60000650E-9,719.999969006E-3,,,,,35.60000650E-9,1.0799999,,,,,35.60000650E-9,18.3999996,
,,,36.00000653E-9,879.999995232E-3,,,,,36.00000653E-9,1.4000000,,,,,36.00000653E-9,18.8000011,
,,,36.40000656E-9,1.000000,,,,,36.40000656E-9,1.7199999,,,,,36.40000656E-9,19.2000008,
,,,36.80000660E-9,1.0400000,,,,,36.80000660E-9,1.8800000,,,,,36.80000660E-9,19.6000004,
,,,37.20000663E-9,1.0400000,,,,,37.20000663E-9,1.9200000,,,,,37.20000663E-9,20.0000000,
,,,37.60000666E-9,1.000000,,,,,37.60000666E-9,1.9200000,,,,,37.60000666E-9,20.39999962,
,,,38.00000670E-9,879.999995232E-3,,,,,38.00000670E-9,1.8800000,,,,,38.00000670E-9,20.80000114,
,,,38.40000673E-9,759.999990463E-3,,,,,38.40000673E-9,1.8399999,,,,,38.40000673E-9,21.60000038,
,,,38.80000676E-9,560.000002384E-3,,,,,38.80000676E-9,1.8000000,,,,,38.80000676E-9,22.39999962,
,,,39.20000680E-9,319.99999285E-3,,,,,39.20000680E-9,1.7199999,,,,,39.20000680E-9,22.80000114,
,,,39.60000683E-9,79.999998212E-3,,,,,39.60000683E-9,1.5599999,,,,,39.60000683E-9,23.20000076,
,,,40.00000686E-9,-119.9999973E-3,,,,,40.00000686E-9,1.1999999,,,,,40.00000686E-9,23.60000038,
,,,40.40000690E-9,-280.00000119E-3,,,,,40.40000690E-9,799.999952316E-3,,,,,40.40000690E-9,23.60000038,
,,,40.80000693E-9,-479.999989271E-3,,,,,40.80000693E-9,439.999997616E-3,,,,,40.80000693E-9,23.60000038,
,,,41.20000696E-9,-599.999964237E-3,,,,,41.20000696E-9,159.99999642E-3,,,,,41.20000696E-9,23.60000038,
,,,41.60000699E-9,-719.999969006E-3,,,,,41.60000699E-9,-39.99999911E-3,,,,,41.60000699E-9,24.00000000,
,,,42.00000703E-9,-799.999952316E-3,,,,,42.00000703E-9,-159.99999642E-3,,,,,42.00000703E-9,24.39999962,
,,,42.40000706E-9,-839.999973774E-3,,,,,42.40000706E-9,-239.99999464E-3,,,,,42.40000706E-9,24.39999962,
,,,42.80000709E-9,-759.999990463E-3,,,,,42.80000709E-9,-319.99999285E-3,,,,,42.80000709E-9,24.80000114,
,,,43.20000713E-9,-639.999985695E-3,,,,,43.20000713E-9,-359.99998450E-3,,,,,43.20000713E-9,24.39999962,
,,,43.60000716E-9,-479.999989271E-3,,,,,43.60000716E-9,-399.99997616E-3,,,,,43.60000716E-9,24.00000000,
,,,44.00000719E-9,-359.99998450E-3,,,,,44.00000719E-9,-399.99997616E-3,,,,,44.00000719E-9,24.00000000,
,,,44.40000723E-9,-199.99998808E-3,,,,,44.40000723E-9,-319.99999285E-3,,,,,44.40000723E-9,23.60000038,
,,,44.80000726E-9,-39.99999911E-3,,,,,44.80000726E-9,-199.99998808E-3,,,,,44.80000726E-9,23.60000038,
,,,45.20000729E-9,119.9999973E-3,,,,,45.20000729E-9,0.0,,,,,45.20000729E-9,23.60000038,
,,,45.60000733E-9,359.99998450E-3,,,,,45.60000733E-9,199.99998808E-3,,,,,45.60000733E-9,24.00000000,
,,,46.00000736E-9,599.999964237E-3,,,,,46.00000736E-9,399.99997616E-3,,,,,46.00000736E-9,24.00000000,
,,,46.40000739E-9,799.999952316E-3,,,,,46.40000739E-9,560.000002384E-3,,,,,46.40000739E-9,23.60000038,
,,,46.80000742E-9,1.000000,,,,,46.80000742E-9,759.999990463E-3,,,,,46.80000742E-9,23.20000076,
,,,47.20000746E-9,1.1200000,,,,,47.20000746E-9,879.999995232E-3,,,,,47.20000746E-9,22.80000114,
,,,47.60000749E-9,1.1999999,,,,,47.60000749E-9,1.000000,,,,,47.60000749E-9,22.39999962,
,,,48.00000397E-9,1.2400000,,,,,48.00000397E-9,1.0799999,,,,,48.00000397E-9,22.39999962,
,,,48.40000400E-9,1.2800000,,,,,48.40000400E-9,1.1999999,,,,,48.40000400E-9,22.00000000,
,,,48.80000404E-9,1.2400000,,,,,48.80000404E-9,1.2800000,,,,,48.80000404E-9,22.00000000,
,,,49.20000407E-9,1.1600000,,,,,49.20000407E-9,1.4000000,,,,,49.20000407E-9,22.00000000,
,,,49.60000410E-9,1.0799999,,,,,49.60000410E-9,1.4399999,,,,,49.60000410E-9,21.60000038,
,,,50.00000414E-9,919.999957085E-3,,,,,50.00000414E-9,1.3600000,,,,,50.00000414E-9,21.20000076,
,,,50.40000417E-9,719.999969006E-3,,,,,50.40000417E-9,1.2400000,,,,,50.40000417E-9,20.80000114,
,,,50.80000420E-9,519.999980927E-3,,,,,50.80000420E-9,1.0400000,,,,,50.80000420E-9,20.39999962,
,,,51.20000424E-9,359.99998450E-3,,,,,51.20000424E-9,839.999973774E-3,,,,,51.20000424E-9,19.6000004,
,,,51.60000427E-9,159.99999642E-3,,,,,51.60000427E-9,639.999985695E-3,,,,,51.60000427E-9,18.8000011,
,,,52.00000430E-9,-79.999998212E-3,,,,,52.00000430E-9,439.999997616E-3,,,,,52.00000430E-9,18.0000000,
,,,52.40000434E-9,-239.99999464E-3,,,,,52.40000434E-9,199.99998808E-3,,,,,52.40000434E-9,18.0000000,
,,,52.80000437E-9,-399.99997616E-3,,,,,52.80000437E-9,-39.99999911E-3,,,,,52.80000437E-9,18.0000000,
,,,53.20000440E-9,-519.999980927E-3,,,,,53.20000440E-9,-280.00000119E-3,,,,,53.20000440E-9,18.0000000,
,,,53.60000443E-9,-560.000002384E-3,,,,,53.60000443E-9,-479.999989271E-3,,,,,53.60000443E-9,18.0000000,
,,,54.00000447E-9,-560.000002384E-3,,,,,54.00000447E-9,-560.000002384E-3,,,,,54.00000447E-9,18.0000000,
,,,54.40000450E-9,-519.999980927E-3,,,,,54.40000450E-9,-560.000002384E-3,,,,,54.40000450E-9,17.6000004,
,,,54.800004534E-9,-479.999989271E-3,,,,,54.800004534E-9,-479.999989271E-3,,,,,54.800004534E-9,17.6000004,
,,,55.200004567E-9,-479.999989271E-3,,,,,55.200004567E-9,-319.99999285E-3,,,,,55.200004567E-9,18.0000000,
,,,55.600004600E-9,-439.999997616E-3,,,,,55.600004600E-9,-159.99999642E-3,,,,,55.600004600E-9,18.3999996,
,,,56.000004633E-9,-399.99997616E-3,,,,,56.000004633E-9,-79.999998212E-3,,,,,56.000004633E-9,18.8000011,
,,,56.400004667E-9,-319.99999285E-3,,,,,56.400004667E-9,0.0,,,,,56.400004667E-9,19.2000008,
,,,56.800004700E-9,-199.99998808E-3,,,,,56.800004700E-9,159.99999642E-3,,,,,56.800004700E-9,19.6000004,
,,,57.200004733E-9,-79.999998212E-3,,,,,57.200004733E-9,439.999997616E-3,,,,,57.200004733E-9,20.0000000,
,,,57.600004766E-9,79.999998212E-3,,,,,57.600004766E-9,719.999969006E-3,,,,,57.600004766E-9,20.0000000,
,,,58.000004799E-9,159.99999642E-3,,,,,58.000004799E-9,919.999957085E-3,,,,,58.000004799E-9,20.39999962,
,,,58.400004832E-9,280.00000119E-3,,,,,58.400004832E-9,1.1600000,,,,,58.400004832E-9,20.80000114,
,,,58.800004865E-9,359.99998450E-3,,,,,58.800004865E-9,1.2800000,,,,,58.800004865E-9,21.20000076,
,,,59.200004898E-9,439.999997616E-3,,,,,59.200004898E-9,1.4000000,,,,,59.200004898E-9,21.60000038,
,,,59.600004931E-9,479.999989271E-3,,,,,59.600004931E-9,1.4800000,,,,,59.600004931E-9,22.00000000,
,,,60.000004964E-9,439.999997616E-3,,,,,60.000004964E-9,1.5599999,,,,,60.000004964E-9,22.00000000,
,,,60.400004998E-9,399.99997616E-3,,,,,60.400004998E-9,1.6400000,,,,,60.400004998E-9,22.00000000,
,,,60.800005031E-9,319.99999285E-3,,,,,60.800005031E-9,1.5999999,,,,,60.800005031E-9,21.60000038,
,,,61.200005064E-9,199.99998808E-3,,,,,61.200005064E-9,1.4399999,,,,,61.200005064E-9,22.00000000,
,,,61.600005097E-9,119.9999973E-3,,,,,61.600005097E-9,1.2800000,,,,,61.600005097E-9,22.39999962,
,,,62.000005130E-9,0.0,,,,,62.000005130E-9,1.0799999,,,,,62.000005130E-9,22.80000114,
,,,62.400005163E-9,-159.99999642E-3,,,,,62.400005163E-9,839.999973774E-3,,,,,62.400005163E-9,23.20000076,
,,,62.800005196E-9,-280.00000119E-3,,,,,62.800005196E-9,639.999985695E-3,,,,,62.800005196E-9,23.60000038,
,,,63.200005229E-9,-439.999997616E-3,,,,,63.200005229E-9,439.999997616E-3,,,,,63.200005229E-9,23.60000038,
,,,63.600005262E-9,-519.999980927E-3,,,,,63.600005262E-9,239.99999464E-3,,,,,63.600005262E-9,23.60000038,
,,,64.000005295E-9,-599.999964237E-3,,,,,64.000005295E-9,-39.99999911E-3,,,,,64.000005295E-9,23.60000038,
,,,64.400005328E-9,-639.999985695E-3,,,,,64.400005328E-9,-319.99999285E-3,,,,,64.400005328E-9,24.00000000,
,,,64.800005362E-9,-680.000007153E-3,,,,,64.800005362E-9,-479.999989271E-3,,,,,64.800005362E-9,24.00000000,
,,,65.200005395E-9,-639.999985695E-3,,,,,65.200005395E-9,-560.000002384E-3,,,,,65.200005395E-9,24.39999962,
,,,65.600005428E-9,-599.999964237E-3,,,,,65.600005428E-9,-599.999964237E-3,,,,,65.600005428E-9,24.00000000,
,,,66.000005461E-9,-560.000002384E-3,,,,,66.000005461E-9,-639.999985695E-3,,,,,66.000005461E-9,24.00000000,
,,,66.400005494E-9,-439.999997616E-3,,,,,66.400005494E-9,-599.999964237E-3,,,,,66.400005494E-9,23.60000038,
,,,66.800005527E-9,-280.00000119E-3,,,,,66.800005527E-9,-519.999980927E-3,,,,,66.800005527E-9,23.20000076,
,,,67.200005560E-9,-119.9999973E-3,,,,,67.200005560E-9,-439.999997616E-3,,,,,67.200005560E-9,23.60000038,
,,,67.600005593E-9,79.999998212E-3,,,,,67.600005593E-9,-239.99999464E-3,,,,,67.600005593E-9,23.60000038,
,,,68.000005626E-9,199.99998808E-3,,,,,68.000005626E-9,0.0,,,,,68.000005626E-9,23.60000038,
,,,68.400005659E-9,359.99998450E-3,,,,,68.400005659E-9,280.00000119E-3,,,,,68.400005659E-9,23.60000038,
,,,68.800005693E-9,479.999989271E-3,,,,,68.800005693E-9,519.999980927E-3,,,,,68.800005693E-9,23.20000076,
,,,69.200005726E-9,599.999964237E-3,,,,,69.200005726E-9,680.000007153E-3,,,,,69.200005726E-9,22.39999962,
,,,69.600005759E-9,759.999990463E-3,,,,,69.600005759E-9,799.999952316E-3,,,,,69.600005759E-9,22.00000000,
,,,70.000005792E-9,879.999995232E-3,,,,,70.000005792E-9,919.999957085E-3,,,,,70.000005792E-9,22.00000000,
,,,70.400005825E-9,1.000000,,,,,70.400005825E-9,1.0400000,,,,,70.400005825E-9,22.00000000,
,,,70.800005858E-9,1.0799999,,,,,70.800005858E-9,1.1600000,,,,,70.800005858E-9,22.00000000,
,,,71.200005891E-9,1.0799999,,,,,71.200005891E-9,1.2800000,,,,,71.200005891E-9,22.00000000,
,,,71.600005924E-9,1.0400000,,,,,71.600005924E-9,1.3600000,,,,,71.600005924E-9,21.60000038,
,,,72.000005957E-9,919.999957085E-3,,,,,72.000005957E-9,1.3199999,,,,,72.000005957E-9,21.60000038,
,,,72.400005990E-9,799.999952316E-3,,,,,72.400005990E-9,1.2400000,,,,,72.400005990E-9,21.60000038,
,,,72.800006023E-9,680.000007153E-3,,,,,72.800006023E-9,1.1600000,,,,,72.800006023E-9,21.20000076,
,,,73.200006057E-9,599.999964237E-3,,,,,73.200006057E-9,1.0799999,,,,,73.200006057E-9,21.60000038,
,,,73.600006090E-9,479.999989271E-3,,,,,73.600006090E-9,959.999978542E-3,,,,,73.600006090E-9,21.60000038,
,,,74.000006123E-9,319.99999285E-3,,,,,74.000006123E-9,759.999990463E-3,,,,,74.000006123E-9,21.20000076,
,,,74.400006156E-9,199.99998808E-3,,,,,74.400006156E-9,560.000002384E-3,,,,,74.400006156E-9,20.80000114,
,,,74.800006189E-9,79.999998212E-3,,,,,74.800006189E-9,359.99998450E-3,,,,,74.800006189E-9,20.39999962,
,,,75.200006222E-9,0.0,,,,,75.200006222E-9,119.9999973E-3,,,,,75.200006222E-9,20.0000000,
,,,75.600006255E-9,-79.999998212E-3,,,,,75.600006255E-9,-79.999998212E-3,,,,,75.600006255E-9,20.0000000,
,,,76.000006288E-9,-159.99999642E-3,,,,,76.000006288E-9,-199.99998808E-3,,,,,76.000006288E-9,20.0000000,
,,,76.400006321E-9,-199.99998808E-3,,,,,76.400006321E-9,-239.99999464E-3,,,,,76.400006321E-9,20.0000000,
,,,76.800006354E-9,-239.99999464E-3,,,,,76.800006354E-9,-280.00000119E-3,,,,,76.800006354E-9,20.0000000,
,,,77.200006388E-9,-319.99999285E-3,,,,,77.200006388E-9,-359.99998450E-3,,,,,77.200006388E-9,20.0000000,
,,,77.600006421E-9,-359.99998450E-3,,,,,77.600006421E-9,-399.99997616E-3,,,,,77.600006421E-9,19.6000004,
,,,78.000006454E-9,-359.99998450E-3,,,,,78.000006454E-9,-479.999989271E-3,,,,,78.000006454E-9,19.2000008,
,,,78.400006487E-9,-319.99999285E-3,,,,,78.400006487E-9,-439.999997616E-3,,,,,78.400006487E-9,18.8000011,
,,,78.800006520E-9,-239.99999464E-3,,,,,78.800006520E-9,-319.99999285E-3,,,,,78.800006520E-9,18.8000011,
,,,79.200006553E-9,-159.99999642E-3,,,,,79.200006553E-9,-79.999998212E-3,,,,,79.200006553E-9,19.2000008,
,,,79.600006586E-9,-39.99999911E-3,,,,,79.600006586E-9,199.99998808E-3,,,,,79.600006586E-9,19.6000004,
,,,80.000006619E-9,39.99999911E-3,,,,,80.000006619E-9,439.999997616E-3,,,,,80.000006619E-9,20.0000000,
,,,80.400006652E-9,159.99999642E-3,,,,,80.400006652E-9,719.999969006E-3,,,,,80.400006652E-9,20.39999962,
,,,80.800006685E-9,280.00000119E-3,,,,,80.800006685E-9,919.999957085E-3,,,,,80.800006685E-9,20.80000114,
,,,81.200006719E-9,359.99998450E-3,,,,,81.200006719E-9,1.0400000,,,,,81.200006719E-9,20.80000114,
,,,81.600006752E-9,439.999997616E-3,,,,,81.600006752E-9,1.1999999,,,,,81.600006752E-9,21.20000076,
,,,82.000006785E-9,399.99997616E-3,,,,,82.000006785E-9,1.3600000,,,,,82.000006785E-9,21.60000038,
,,,82.400006818E-9,359.99998450E-3,,,,,82.400006818E-9,1.4800000,,,,,82.400006818E-9,22.00000000,
,,,82.800006851E-9,319.99999285E-3,,,,,82.800006851E-9,1.5999999,,,,,82.800006851E-9,22.39999962,
,,,83.200006884E-9,280.00000119E-3,,,,,83.200006884E-9,1.6400000,,,,,83.200006884E-9,22.80000114,
,,,83.600006917E-9,239.99999464E-3,,,,,83.600006917E-9,1.6400000,,,,,83.600006917E-9,23.20000076,
,,,84.000006950E-9,119.9999973E-3,,,,,84.000006950E-9,1.4800000,,,,,84.000006950E-9,23.60000038,
,,,84.400006983E-9,39.99999911E-3,,,,,84.400006983E-9,1.2800000,,,,,84.400006983E-9,23.60000038,
,,,84.800007016E-9,-79.999998212E-3,,,,,84.800007016E-9,1.0799999,,,,,84.800007016E-9,23.60000038,
,,,85.200007049E-9,-159.99999642E-3,,,,,85.200007049E-9,879.999995232E-3,,,,,85.200007049E-9,23.60000038,
,,,85.600007083E-9,-239.99999464E-3,,,,,85.600007083E-9,719.999969006E-3,,,,,85.600007083E-9,24.00000000,
,,,86.000007116E-9,-319.99999285E-3,,,,,86.000007116E-9,560.000002384E-3,,,,,86.000007116E-9,24.39999962,
,,,86.400007149E-9,-399.99997616E-3,,,,,86.400007149E-9,439.999997616E-3,,,,,86.400007149E-9,24.80000114,
,,,86.800007182E-9,-439.999997616E-3,,,,,86.800007182E-9,239.99999464E-3,,,,,86.800007182E-9,25.20000076,
,,,87.200007215E-9,-479.999989271E-3,,,,,87.200007215E-9,39.99999911E-3,,,,,87.200007215E-9,24.80000114,
,,,87.600007248E-9,-479.999989271E-3,,,,,87.600007248E-9,-159.99999642E-3,,,,,87.600007248E-9,24.39999962,
,,,88.000007281E-9,-479.999989271E-3,,,,,88.000007281E-9,-319.99999285E-3,,,,,88.000007281E-9,24.00000000,
,,,88.400007314E-9,-439.999997616E-3,,,,,88.400007314E-9,-439.999997616E-3,,,,,88.400007314E-9,24.00000000,
,,,88.800007347E-9,-359.99998450E-3,,,,,88.800007347E-9,-439.999997616E-3,,,,,88.800007347E-9,23.60000038,
,,,89.200007380E-9,-239.99999464E-3,,,,,89.200007380E-9,-359.99998450E-3,,,,,89.200007380E-9,23.60000038,
,,,89.600007414E-9,-119.9999973E-3,,,,,89.600007414E-9,-239.99999464E-3,,,,,89.600007414E-9,23.60000038,
,,,90.000007447E-9,-39.99999911E-3,,,,,90.000007447E-9,-199.99998808E-3,,,,,90.000007447E-9,23.20000076,
,,,90.400007480E-9,39.99999911E-3,,,,,90.400007480E-9,-119.9999973E-3,,,,,90.400007480E-9,22.80000114,
,,,90.800007513E-9,159.99999642E-3,,,,,90.800007513E-9,-39.99999911E-3,,,,,90.800007513E-9,22.39999962,
,,,91.200007546E-9,239.99999464E-3,,,,,91.200007546E-9,159.99999642E-3,,,,,91.200007546E-9,22.00000000,
,,,91.600007579E-9,359.99998450E-3,,,,,91.600007579E-9,359.99998450E-3,,,,,91.600007579E-9,21.60000038,
,,,92.000007612E-9,439.999997616E-3,,,,,92.000007612E-9,560.000002384E-3,,,,,92.000007612E-9,21.60000038,
,,,92.400007645E-9,519.999980927E-3,,,,,92.400007645E-9,719.999969006E-3,,,,,92.400007645E-9,21.20000076,
,,,92.800007678E-9,560.000002384E-3,,,,,92.800007678E-9,799.999952316E-3,,,,,92.800007678E-9,21.20000076,
,,,93.200007711E-9,560.000002384E-3,,,,,93.200007711E-9,799.999952316E-3,,,,,93.200007711E-9,21.20000076,
,,,93.600007744E-9,560.000002384E-3,,,,,93.600007744E-9,839.999973774E-3,,,,,93.600007744E-9,20.80000114,
,,,94.000007778E-9,479.999989271E-3,,,,,94.000007778E-9,919.999957085E-3,,,,,94.000007778E-9,20.80000114,
,,,94.400007811E-9,439.999997616E-3,,,,,94.400007811E-9,1.000000,,,,,94.400007811E-9,20.39999962,
,,,94.800007844E-9,359.99998450E-3,,,,,94.800007844E-9,1.0400000,,,,,94.800007844E-9,20.0000000,
,,,95.200007877E-9,280.00000119E-3,,,,,95.200007877E-9,1.0799999,,,,,95.200007877E-9,20.0000000,
,,,95.600007910E-9,199.99998808E-3,,,,,95.600007910E-9,1.0799999,,,,,95.600007910E-9,20.0000000,
,,,96.000007943E-9,119.9999973E-3,,,,,96.000007943E-9,919.999957085E-3,,,,,96.000007943E-9,20.0000000,
,,,96.400007976E-9,39.99999911E-3,,,,,96.400007976E-9,759.999990463E-3,,,,,96.400007976E-9,20.39999962,
,,,96.800008009E-9,0.0,,,,,96.800008009E-9,599.999964237E-3,,,,,96.800008009E-9,20.80000114,
,,,97.200008042E-9,-79.999998212E-3,,,,,97.200008042E-9,519.999980927E-3,,,,,97.200008042E-9,21.20000076,
,,,97.600008075E-9,-119.9999973E-3,,,,,97.600008075E-9,439.999997616E-3,,,,,97.600008075E-9,21.60000038,
,,,98.000008109E-9,-199.99998808E-3,,,,,98.000008109E-9,359.99998450E-3,,,,,98.000008109E-9,22.00000000,
,,,98.400008142E-9,-280.00000119E-3,,,,,98.400008142E-9,280.00000119E-3,,,,,98.400008142E-9,22.00000000,
,,,98.800008175E-9,-280.00000119E-3,,,,,98.800008175E-9,239.99999464E-3,,,,,98.800008175E-9,22.00000000,
,,,99.200008208E-9,-280.00000119E-3,,,,,99.200008208E-9,159.99999642E-3,,,,,99.200008208E-9,21.60000038,
,,,99.600008241E-9,-199.99998808E-3,,,,,99.600008241E-9,159.99999642E-3,,,,,99.600008241E-9,21.20000076,
,,,100.0000083E-9,-199.99998808E-3,,,,,100.0000083E-9,199.99998808E-3,,,,,100.0000083E-9,20.80000114,
,,,100.4000083E-9,-159.99999642E-3,,,,,100.4000083E-9,239.99999464E-3,,,,,100.4000083E-9,20.39999962,
,,,100.8000083E-9,-119.9999973E-3,,,,,100.8000083E-9,359.99998450E-3,,,,,100.8000083E-9,20.39999962,
,,,101.2000084E-9,-119.9999973E-3,,,,,101.2000084E-9,439.999997616E-3,,,,,101.2000084E-9,20.0000000,
,,,101.6000084E-9,-39.99999911E-3,,,,,101.6000084E-9,599.999964237E-3,,,,,101.6000084E-9,20.0000000,
,,,102.0000084E-9,39.99999911E-3,,,,,102.0000084E-9,719.999969006E-3,,,,,102.0000084E-9,20.39999962,
,,,102.4000085E-9,159.99999642E-3,,,,,102.4000085E-9,919.999957085E-3,,,,,102.4000085E-9,20.39999962,
,,,102.8000085E-9,239.99999464E-3,,,,,102.8000085E-9,1.0799999,,,,,102.8000085E-9,20.39999962,
,,,103.2000085E-9,280.00000119E-3,,,,,103.2000085E-9,1.2400000,,,,,103.2000085E-9,20.80000114,
,,,103.6000086E-9,319.99999285E-3,,,,,103.6000086E-9,1.3600000,,,,,103.6000086E-9,20.80000114,
,,,104.0000086E-9,280.00000119E-3,,,,,104.0000086E-9,1.4000000,,,,,104.0000086E-9,21.20000076,
,,,104.4000086E-9,199.99998808E-3,,,,,104.4000086E-9,1.4399999,,,,,104.4000086E-9,21.20000076,
,,,104.8000087E-9,159.99999642E-3,,,,,104.8000087E-9,1.4800000,,,,,104.8000087E-9,21.20000076,
,,,105.2000087E-9,119.9999973E-3,,,,,105.2000087E-9,1.4800000,,,,,105.2000087E-9,21.20000076,
,,,105.6000087E-9,79.999998212E-3,,,,,105.6000087E-9,1.4399999,,,,,105.6000087E-9,21.60000038,
,,,106.0000088E-9,-39.99999911E-3,,,,,106.0000088E-9,1.3199999,,,,,106.0000088E-9,21.60000038,
,,,106.4000088E-9,-119.9999973E-3,,,,,106.4000088E-9,1.1999999,,,,,106.4000088E-9,22.00000000,
,,,106.8000088E-9,-239.99999464E-3,,,,,106.8000088E-9,1.000000,,,,,106.8000088E-9,22.39999962,
,,,107.2000089E-9,-319.99999285E-3,,,,,107.2000089E-9,799.999952316E-3,,,,,107.2000089E-9,22.80000114,
,,,107.6000089E-9,-399.99997616E-3,,,,,107.6000089E-9,599.999964237E-3,,,,,107.6000089E-9,23.20000076,
,,,108.0000089E-9,-479.999989271E-3,,,,,108.0000089E-9,399.99997616E-3,,,,,108.0000089E-9,23.20000076,
,,,108.4000090E-9,-560.000002384E-3,,,,,108.4000090E-9,280.00000119E-3,,,,,108.4000090E-9,23.60000038,
,,,108.8000090E-9,-599.999964237E-3,,,,,108.8000090E-9,79.999998212E-3,,,,,108.8000090E-9,23.60000038,
,,,109.2000090E-9,-599.999964237E-3,,,,,109.2000090E-9,-79.999998212E-3,,,,,109.2000090E-9,24.39999962,
,,,109.6000091E-9,-519.999980927E-3,,,,,109.6000091E-9,-199.99998808E-3,,,,,109.6000091E-9,24.80000114,
,,,110.0000091E-9,-439.999997616E-3,,,,,110.0000091E-9,-280.00000119E-3,,,,,110.0000091E-9,24.80000114,
,,,110.4000091E-9,-319.99999285E-3,,,,,110.4000091E-9,-319.99999285E-3,,,,,110.4000091E-9,25.20000076,
,,,110.8000092E-9,-199.99998808E-3,,,,,110.8000092E-9,-319.99999285E-3,,,,,110.8000092E-9,25.20000076,
,,,111.2000092E-9,-39.99999911E-3,,,,,111.2000092E-9,-280.00000119E-3,,,,,111.2000092E-9,24.80000114,
,,,111.6000092E-9,119.9999973E-3,,,,,111.6000092E-9,-159.99999642E-3,,,,,111.6000092E-9,24.80000114,
,,,112.0000093E-9,239.99999464E-3,,,,,112.0000093E-9,-79.999998212E-3,,,,,112.0000093E-9,24.39999962,
,,,112.4000093E-9,359.99998450E-3,,,,,112.4000093E-9,39.99999911E-3,,,,,112.4000093E-9,24.00000000,
,,,112.8000093E-9,479.999989271E-3,,,,,112.8000093E-9,199.99998808E-3,,,,,112.8000093E-9,23.60000038,
,,,113.2000094E-9,599.999964237E-3,,,,,113.2000094E-9,399.99997616E-3,,,,,113.2000094E-9,23.20000076,
,,,113.6000094E-9,759.999990463E-3,,,,,113.6000094E-9,599.999964237E-3,,,,,113.6000094E-9,22.39999962,
,,,114.0000094E-9,879.999995232E-3,,,,,114.0000094E-9,759.999990463E-3,,,,,114.0000094E-9,21.60000038,
,,,114.4000095E-9,1.000000,,,,,114.4000095E-9,959.999978542E-3,,,,,114.4000095E-9,21.20000076,
,,,114.8000095E-9,1.0400000,,,,,114.8000095E-9,1.0799999,,,,,114.8000095E-9,20.80000114,
,,,115.2000095E-9,1.0799999,,,,,115.2000095E-9,1.1999999,,,,,115.2000095E-9,20.80000114,
,,,115.6000096E-9,1.0799999,,,,,115.6000096E-9,1.2800000,,,,,115.6000096E-9,20.80000114,
,,,116.0000096E-9,1.000000,,,,,116.0000096E-9,1.3600000,,,,,116.0000096E-9,20.80000114,
,,,116.4000096E-9,879.999995232E-3,,,,,116.4000096E-9,1.4000000,,,,,116.4000096E-9,20.39999962,
,,,116.8000097E-9,759.999990463E-3,,,,,116.8000097E-9,1.4399999,,,,,116.8000097E-9,20.39999962,
,,,117.2000097E-9,639.999985695E-3,,,,,117.2000097E-9,1.4000000,,,,,117.2000097E-9,20.0000000,
,,,117.6000097E-9,479.999989271E-3,,,,,117.6000097E-9,1.2800000,,,,,117.6000097E-9,20.0000000,
,,,118.0000098E-9,280.00000119E-3,,,,,118.0000098E-9,1.0400000,,,,,118.0000098E-9,19.6000004,
,,,118.4000098E-9,119.9999973E-3,,,,,118.4000098E-9,799.999952316E-3,,,,,118.4000098E-9,19.2000008,
,,,118.8000098E-9,-79.999998212E-3,,,,,118.8000098E-9,560.000002384E-3,,,,,118.8000098E-9,19.2000008,
,,,119.2000099E-9,-280.00000119E-3,,,,,119.2000099E-9,319.99999285E-3,,,,,119.2000099E-9,19.2000008,
,,,119.6000028E-9,-439.999997616E-3,,,,,119.6000028E-9,159.99999642E-3,,,,,119.6000028E-9,19.6000004,
,,,120.0000099E-9,-560.000002384E-3,,,,,120.0000099E-9,0.0,,,,,120.0000099E-9,19.6000004,
,,,120.4000029E-9,-639.999985695E-3,,,,,120.4000029E-9,-119.9999973E-3,,,,,120.4000029E-9,20.0000000,
,,,120.8000100E-9,-680.000007153E-3,,,,,120.8000100E-9,-239.99999464E-3,,,,,120.8000100E-9,20.39999962,
,,,121.2000029E-9,-680.000007153E-3,,,,,121.2000029E-9,-319.99999285E-3,,,,,121.2000029E-9,20.39999962,
,,,121.6000101E-9,-639.999985695E-3,,,,,121.6000101E-9,-359.99998450E-3,,,,,121.6000101E-9,20.39999962,
,,,122.0000030E-9,-599.999964237E-3,,,,,122.0000030E-9,-359.99998450E-3,,,,,122.0000030E-9,20.39999962,
,,,122.4000101E-9,-519.999980927E-3,,,,,122.4000101E-9,-319.99999285E-3,,,,,122.4000101E-9,20.39999962,
,,,122.8000031E-9,-439.999997616E-3,,,,,122.8000031E-9,-199.99998808E-3,,,,,122.8000031E-9,20.80000114,
,,,123.2000102E-9,-359.99998450E-3,,,,,123.2000102E-9,0.0,,,,,123.2000102E-9,21.20000076,
,,,123.6000031E-9,-199.99998808E-3,,,,,123.6000031E-9,239.99999464E-3,,,,,123.6000031E-9,22.00000000,
,,,124.0000103E-9,-79.999998212E-3,,,,,124.0000103E-9,479.999989271E-3,,,,,124.0000103E-9,22.80000114,
,,,124.4000032E-9,119.9999973E-3,,,,,124.4000032E-9,719.999969006E-3,,,,,124.4000032E-9,23.60000038,
,,,124.8000103E-9,280.00000119E-3,,,,,124.8000103E-9,919.999957085E-3,,,,,124.8000103E-9,24.00000000,
,,,125.2000033E-9,439.999997616E-3,,,,,125.2000033E-9,1.1200000,,,,,125.2000033E-9,24.39999962,
,,,125.6000104E-9,560.000002384E-3,,,,,125.6000104E-9,1.3600000,,,,,125.6000104E-9,24.00000000,
,,,126.0000033E-9,639.999985695E-3,,,,,126.0000033E-9,1.5999999,,,,,126.0000033E-9,23.60000038,
,,,126.4000105E-9,680.000007153E-3,,,,,126.4000105E-9,1.8000000,,,,,126.4000105E-9,23.20000076,
,,,126.8000034E-9,639.999985695E-3,,,,,126.8000034E-9,2.0000000,,,,,126.8000034E-9,22.80000114,
,,,127.2000105E-9,560.000002384E-3,,,,,127.2000105E-9,2.0799999,,,,,127.2000105E-9,22.80000114,
,,,127.6000035E-9,479.999989271E-3,,,,,127.6000035E-9,2.1199999,,,,,127.6000035E-9,22.80000114,
,,,128.0000106E-9,359.99998450E-3,,,,,128.0000106E-9,1.9599999,,,,,128.0000106E-9,22.80000114,
,,,128.4000035E-9,199.99998808E-3,,,,,128.4000035E-9,1.7600000,,,,,128.4000035E-9,22.39999962,
,,,128.8000107E-9,79.999998212E-3,,,,,128.8000107E-9,1.5200000,,,,,128.8000107E-9,22.39999962,
,,,129.2000036E-9,-79.999998212E-3,,,,,129.2000036E-9,1.2400000,,,,,129.2000036E-9,22.80000114,
,,,129.6000107E-9,-199.99998808E-3,,,,,129.6000107E-9,1.000000,,,,,129.6000107E-9,22.80000114,
,,,130.0000037E-9,-359.99998450E-3,,,,,130.0000037E-9,759.999990463E-3,,,,,130.0000037E-9,23.20000076,
,,,130.4000108E-9,-479.999989271E-3,,,,,130.4000108E-9,519.999980927E-3,,,,,130.4000108E-9,23.20000076,
,,,130.8000037E-9,-560.000002384E-3,,,,,130.8000037E-9,239.99999464E-3,,,,,130.8000037E-9,23.60000038,
,,,131.2000109E-9,-599.999964237E-3,,,,,131.2000109E-9,0.0,,,,,131.2000109E-9,23.60000038,
,,,131.6000038E-9,-599.999964237E-3,,,,,131.6000038E-9,-199.99998808E-3,,,,,131.6000038E-9,23.20000076,
,,,132.0000109E-9,-639.999985695E-3,,,,,132.0000109E-9,-399.99997616E-3,,,,,132.0000109E-9,23.20000076,
,,,132.4000038E-9,-639.999985695E-3,,,,,132.4000038E-9,-519.999980927E-3,,,,,132.4000038E-9,22.80000114,
,,,132.8000110E-9,-599.999964237E-3,,,,,132.8000110E-9,-639.999985695E-3,,,,,132.8000110E-9,22.80000114,
,,,133.2000039E-9,-599.999964237E-3,,,,,133.2000039E-9,-719.999969006E-3,,,,,133.2000039E-9,22.39999962,
,,,133.6000111E-9,-519.999980927E-3,,,,,133.6000111E-9,-759.999990463E-3,,,,,133.6000111E-9,22.00000000,
,,,134.0000040E-9,-399.99997616E-3,,,,,134.0000040E-9,-799.999952316E-3,,,,,134.0000040E-9,22.00000000,
,,,134.4000111E-9,-280.00000119E-3,,,,,134.4000111E-9,-719.999969006E-3,,,,,134.4000111E-9,21.60000038,
,,,134.8000040E-9,-79.999998212E-3,,,,,134.8000040E-9,-560.000002384E-3,,,,,134.8000040E-9,21.60000038,
,,,135.2000112E-9,79.999998212E-3,,,,,135.2000112E-9,-280.00000119E-3,,,,,135.2000112E-9,21.60000038,
,,,135.6000041E-9,280.00000119E-3,,,,,135.6000041E-9,39.99999911E-3,,,,,135.6000041E-9,21.60000038,
,,,136.0000113E-9,439.999997616E-3,,,,,136.0000113E-9,319.99999285E-3,,,,,136.0000113E-9,21.60000038,
,,,136.4000042E-9,639.999985695E-3,,,,,136.4000042E-9,560.000002384E-3,,,,,136.4000042E-9,22.00000000,
,,,136.8000113E-9,759.999990463E-3,,,,,136.8000113E-9,759.999990463E-3,,,,,136.8000113E-9,22.00000000,
,,,137.2000042E-9,879.999995232E-3,,,,,137.2000042E-9,879.999995232E-3,,,,,137.2000042E-9,22.00000000,
,,,137.6000114E-9,1.000000,,,,,137.6000114E-9,1.000000,,,,,137.6000114E-9,22.39999962,
,,,138.0000043E-9,1.0400000,,,,,138.0000043E-9,1.1600000,,,,,138.0000043E-9,22.39999962,
,,,138.4000115E-9,1.0799999,,,,,138.4000115E-9,1.3600000,,,,,138.4000115E-9,22.00000000,
,,,138.8000044E-9,1.0400000,,,,,138.8000044E-9,1.5200000,,,,,138.8000044E-9,22.00000000,
,,,139.2000115E-9,959.999978542E-3,,,,,139.2000115E-9,1.6400000,,,,,139.2000115E-9,21.60000038,
,,,139.6000044E-9,879.999995232E-3,,,,,139.6000044E-9,1.6799999,,,,,139.6000044E-9,22.00000000,
,,,140.0000116E-9,759.999990463E-3,,,,,140.0000116E-9,1.5599999,,,,,140.0000116E-9,21.60000038,
,,,140.4000045E-9,639.999985695E-3,,,,,140.4000045E-9,1.4000000,,,,,140.4000045E-9,21.20000076,
,,,140.8000116E-9,519.999980927E-3,,,,,140.8000116E-9,1.1999999,,,,,140.8000116E-9,20.80000114,
,,,141.2000046E-9,399.99997616E-3,,,,,141.2000046E-9,959.999978542E-3,,,,,141.2000046E-9,20.80000114,
,,,141.6000117E-9,239.99999464E-3,,,,,141.6000117E-9,719.999969006E-3,,,,,141.6000117E-9,20.80000114,
,,,142.0000046E-9,39.99999911E-3,,,,,142.0000046E-9,479.999989271E-3,,,,,142.0000046E-9,20.80000114,
,,,142.4000118E-9,-119.9999973E-3,,,,,142.4000118E-9,319.99999285E-3,,,,,142.4000118E-9,20.80000114,
,,,142.8000047E-9,-280.00000119E-3,,,,,142.8000047E-9,159.99999642E-3,,,,,142.8000047E-9,20.39999962,
,,,143.2000118E-9,-399.99997616E-3,,,,,143.2000118E-9,0.0,,,,,143.2000118E-9,20.39999962,
,,,143.6000048E-9,-439.999997616E-3,,,,,143.6000048E-9,-119.9999973E-3,,,,,143.6000048E-9,20.0000000,
,,,144.0000119E-9,-479.999989271E-3,,,,,144.0000119E-9,-280.00000119E-3,,,,,144.0000119E-9,20.0000000,
,,,144.4000048E-9,-479.999989271E-3,,,,,144.4000048E-9,-359.99998450E-3,,,,,144.4000048E-9,20.39999962,
,,,144.8000120E-9,-439.999997616E-3,,,,,144.8000120E-9,-439.999997616E-3,,,,,144.8000120E-9,20.80000114,
,,,145.2000049E-9,-399.99997616E-3,,,,,145.2000049E-9,-439.999997616E-3,,,,,145.2000049E-9,21.20000076,
,,,145.6000120E-9,-319.99999285E-3,,,,,145.6000120E-9,-399.99997616E-3,,,,,145.6000120E-9,22.00000000,
,,,146.0000050E-9,-239.99999464E-3,,,,,146.0000050E-9,-319.99999285E-3,,,,,146.0000050E-9,22.39999962,
,,,146.4000121E-9,-119.9999973E-3,,,,,146.4000121E-9,-199.99998808E-3,,,,,146.4000121E-9,22.80000114,
,,,146.8000050E-9,0.0,,,,,146.8000050E-9,-39.99999911E-3,,,,,146.8000050E-9,22.80000114,
,,,147.2000122E-9,159.99999642E-3,,,,,147.2000122E-9,159.99999642E-3,,,,,147.2000122E-9,23.20000076,
,,,147.6000051E-9,280.00000119E-3,,,,,147.6000051E-9,399.99997616E-3,,,,,147.6000051E-9,23.20000076,
,,,148.0000122E-9,319.99999285E-3,,,,,148.0000122E-9,680.000007153E-3,,,,,148.0000122E-9,23.60000038,
,,,148.4000052E-9,359.99998450E-3,,,,,148.4000052E-9,959.999978542E-3,,,,,148.4000052E-9,23.60000038,
,,,148.80001231E-9,399.99997616E-3,,,,,148.80001231E-9,1.1600000,,,,,148.80001231E-9,24.00000000,
,,,149.20000524E-9,399.99997616E-3,,,,,149.20000524E-9,1.2800000,,,,,149.20000524E-9,24.00000000,
,,,149.60001238E-9,439.999997616E-3,,,,,149.60001238E-9,1.3600000,,,,,149.60001238E-9,24.39999962,
,,,150.00000531E-9,399.99997616E-3,,,,,150.00000531E-9,1.3600000,,,,,150.00000531E-9,24.80000114,
,,,150.40001244E-9,399.99997616E-3,,,,,150.40001244E-9,1.3199999,,,,,150.40001244E-9,25.20000076,
,,,150.80000537E-9,359.99998450E-3,,,,,150.80000537E-9,1.3199999,,,,,150.80000537E-9,25.20000076,
,,,151.20001251E-9,319.99999285E-3,,,,,151.20001251E-9,1.3199999,,,,,151.20001251E-9,25.20000076,
,,,151.60000544E-9,280.00000119E-3,,,,,151.60000544E-9,1.3199999,,,,,151.60000544E-9,25.20000076,
,,,152.00001258E-9,199.99998808E-3,,,,,152.00001258E-9,1.2800000,,,,,152.00001258E-9,24.80000114,
,,,152.40000550E-9,159.99999642E-3,,,,,152.40000550E-9,1.1600000,,,,,152.40000550E-9,24.39999962,
,,,152.80001264E-9,119.9999973E-3,,,,,152.80001264E-9,1.000000,,,,,152.80001264E-9,23.60000038,
,,,153.20000557E-9,79.999998212E-3,,,,,153.20000557E-9,799.999952316E-3,,,,,153.20000557E-9,23.60000038,
,,,153.60001271E-9,39.99999911E-3,,,,,153.60001271E-9,560.000002384E-3,,,,,153.60001271E-9,23.60000038,
,,,154.00000564E-9,0.0,,,,,154.00000564E-9,319.99999285E-3,,,,,154.00000564E-9,23.20000076,
,,,154.40001278E-9,-39.99999911E-3,,,,,154.40001278E-9,119.9999973E-3,,,,,154.40001278E-9,22.80000114,
,,,154.80000570E-9,-79.999998212E-3,,,,,154.80000570E-9,-79.999998212E-3,,,,,154.80000570E-9,22.39999962,
,,,155.20001284E-9,-79.999998212E-3,,,,,155.20001284E-9,-239.99999464E-3,,,,,155.20001284E-9,22.00000000,
,,,155.60000577E-9,-79.999998212E-3,,,,,155.60000577E-9,-319.99999285E-3,,,,,155.60000577E-9,21.20000076,
,,,156.00001291E-9,-79.999998212E-3,,,,,156.00001291E-9,-399.99997616E-3,,,,,156.00001291E-9,21.20000076,
,,,156.40000584E-9,-39.99999911E-3,,,,,156.40000584E-9,-439.999997616E-3,,,,,156.40000584E-9,21.20000076,
,,,156.80001297E-9,0.0,,,,,156.80001297E-9,-399.99997616E-3,,,,,156.80001297E-9,21.20000076,
,,,157.20000590E-9,39.99999911E-3,,,,,157.20000590E-9,-280.00000119E-3,,,,,157.20000590E-9,21.60000038,
,,,157.60001304E-9,119.9999973E-3,,,,,157.60001304E-9,-159.99999642E-3,,,,,157.60001304E-9,22.00000000,
,,,158.00000597E-9,159.99999642E-3,,,,,158.00000597E-9,-79.999998212E-3,,,,,158.00000597E-9,22.00000000,
,,,158.40001311E-9,159.99999642E-3,,,,,158.40001311E-9,0.0,,,,,158.40001311E-9,22.00000000,
,,,158.80000603E-9,199.99998808E-3,,,,,158.80000603E-9,39.99999911E-3,,,,,158.80000603E-9,22.00000000,
,,,159.20001317E-9,199.99998808E-3,,,,,159.20001317E-9,119.9999973E-3,,,,,159.20001317E-9,22.39999962,
,,,159.60000610E-9,239.99999464E-3,,,,,159.60000610E-9,199.99998808E-3,,,,,159.60000610E-9,22.80000114,
,,,160.00001324E-9,280.00000119E-3,,,,,160.00001324E-9,319.99999285E-3,,,,,160.00001324E-9,22.80000114,
,,,160.40000617E-9,280.00000119E-3,,,,,160.40000617E-9,519.999980927E-3,,,,,160.40000617E-9,22.80000114,
,,,160.80001330E-9,319.99999285E-3,,,,,160.80001330E-9,680.000007153E-3,,,,,160.80001330E-9,22.80000114,
,,,161.20000623E-9,280.00000119E-3,,,,,161.20000623E-9,799.999952316E-3,,,,,161.20000623E-9,22.39999962,
,,,161.60001337E-9,280.00000119E-3,,,,,161.60001337E-9,919.999957085E-3,,,,,161.60001337E-9,22.00000000,
,,,162.00000630E-9,280.00000119E-3,,,,,162.00000630E-9,879.999995232E-3,,,,,162.00000630E-9,22.00000000,
,,,162.40001344E-9,280.00000119E-3,,,,,162.40001344E-9,839.999973774E-3,,,,,162.40001344E-9,22.39999962,
,,,162.80000636E-9,280.00000119E-3,,,,,162.80000636E-9,799.999952316E-3,,,,,162.80000636E-9,22.39999962,
,,,163.20001350E-9,239.99999464E-3,,,,,163.20001350E-9,759.999990463E-3,,,,,163.20001350E-9,22.39999962,
,,,163.60000643E-9,239.99999464E-3,,,,,163.60000643E-9,759.999990463E-3,,,,,163.60000643E-9,22.39999962,
,,,164.00001357E-9,159.99999642E-3,,,,,164.00001357E-9,759.999990463E-3,,,,,164.00001357E-9,22.39999962,
,,,164.40000650E-9,79.999998212E-3,,,,,164.40000650E-9,759.999990463E-3,,,,,164.40000650E-9,22.00000000,
,,,164.80001364E-9,0.0,,,,,164.80001364E-9,719.999969006E-3,,,,,164.80001364E-9,22.00000000,
,,,165.20000656E-9,-79.999998212E-3,,,,,165.20000656E-9,639.999985695E-3,,,,,165.20000656E-9,22.00000000,
,,,165.60001370E-9,-119.9999973E-3,,,,,165.60001370E-9,560.000002384E-3,,,,,165.60001370E-9,21.60000038,
,,,166.00000663E-9,-159.99999642E-3,,,,,166.00000663E-9,439.999997616E-3,,,,,166.00000663E-9,22.00000000,
,,,166.40001377E-9,-199.99998808E-3,,,,,166.40001377E-9,359.99998450E-3,,,,,166.40001377E-9,22.00000000,
,,,166.80000670E-9,-239.99999464E-3,,,,,166.80000670E-9,319.99999285E-3,,,,,166.80000670E-9,22.39999962,
,,,167.20001383E-9,-239.99999464E-3,,,,,167.20001383E-9,319.99999285E-3,,,,,167.20001383E-9,22.80000114,
,,,167.60000676E-9,-199.99998808E-3,,,,,167.60000676E-9,319.99999285E-3,,,,,167.60000676E-9,22.80000114,
,,,168.00001390E-9,-199.99998808E-3,,,,,168.00001390E-9,319.99999285E-3,,,,,168.00001390E-9,23.20000076,
,,,168.40000683E-9,-159.99999642E-3,,,,,168.40000683E-9,319.99999285E-3,,,,,168.40000683E-9,22.80000114,
,,,168.80001397E-9,-119.9999973E-3,,,,,168.80001397E-9,399.99997616E-3,,,,,168.80001397E-9,22.80000114,
,,,169.20000689E-9,-119.9999973E-3,,,,,169.20000689E-9,479.999989271E-3,,,,,169.20000689E-9,22.80000114,
,,,169.60001403E-9,-79.999998212E-3,,,,,169.60001403E-9,599.999964237E-3,,,,,169.60001403E-9,22.80000114,
,,,170.00000696E-9,-79.999998212E-3,,,,,170.00000696E-9,680.000007153E-3,,,,,170.00000696E-9,22.80000114,
,,,170.40001410E-9,-79.999998212E-3,,,,,170.40001410E-9,759.999990463E-3,,,,,170.40001410E-9,23.20000076,
,,,170.80000703E-9,-119.9999973E-3,,,,,170.80000703E-9,759.999990463E-3,,,,,170.80000703E-9,23.60000038,
,,,171.20001417E-9,-159.99999642E-3,,,,,171.20001417E-9,719.999969006E-3,,,,,171.20001417E-9,24.00000000,
,,,171.60000709E-9,-159.99999642E-3,,,,,171.60000709E-9,719.999969006E-3,,,,,171.60000709E-9,24.80000114,
,,,172.00001423E-9,-199.99998808E-3,,,,,172.00001423E-9,719.999969006E-3,,,,,172.00001423E-9,25.20000076,
,,,172.40000716E-9,-199.99998808E-3,,,,,172.40000716E-9,799.999952316E-3,,,,,172.40000716E-9,25.60000038,
,,,172.80001430E-9,-159.99999642E-3,,,,,172.80001430E-9,879.999995232E-3,,,,,172.80001430E-9,25.60000038,
,,,173.20000723E-9,-119.9999973E-3,,,,,173.20000723E-9,919.999957085E-3,,,,,173.20000723E-9,26.00000000,
,,,173.60001436E-9,-39.99999911E-3,,,,,173.60001436E-9,959.999978542E-3,,,,,173.60001436E-9,26.39999962,
,,,174.00000729E-9,0.0,,,,,174.00000729E-9,879.999995232E-3,,,,,174.00000729E-9,26.80000114,
,,,174.40001443E-9,39.99999911E-3,,,,,174.40001443E-9,759.999990463E-3,,,,,174.40001443E-9,26.80000114,
,,,174.80000736E-9,79.999998212E-3,,,,,174.80000736E-9,639.999985695E-3,,,,,174.80000736E-9,26.80000114,
,,,175.20001450E-9,79.999998212E-3,,,,,175.20001450E-9,560.000002384E-3,,,,,175.20001450E-9,26.00000000,
,,,175.60000742E-9,119.9999973E-3,,,,,175.60000742E-9,479.999989271E-3,,,,,175.60000742E-9,25.60000038,
,,,176.00001456E-9,119.9999973E-3,,,,,176.00001456E-9,359.99998450E-3,,,,,176.00001456E-9,25.20000076,
,,,176.40000749E-9,119.9999973E-3,,,,,176.40000749E-9,280.00000119E-3,,,,,176.40000749E-9,24.80000114,
,,,176.80000042E-9,159.99999642E-3,,,,,176.80000042E-9,159.99999642E-3,,,,,176.80000042E-9,24.39999962,
,,,177.20000756E-9,199.99998808E-3,,,,,177.20000756E-9,39.99999911E-3,,,,,177.20000756E-9,24.00000000,
,,,177.60000048E-9,239.99999464E-3,,,,,177.60000048E-9,-39.99999911E-3,,,,,177.60000048E-9,24.00000000,
,,,178.00000762E-9,239.99999464E-3,,,,,178.00000762E-9,-79.999998212E-3,,,,,178.00000762E-9,23.60000038,
,,,178.40000055E-9,280.00000119E-3,,,,,178.40000055E-9,-39.99999911E-3,,,,,178.40000055E-9,23.60000038,
,,,178.80000769E-9,319.99999285E-3,,,,,178.80000769E-9,0.0,,,,,178.80000769E-9,23.60000038,
,,,179.20000062E-9,359.99998450E-3,,,,,179.20000062E-9,79.999998212E-3,,,,,179.20000062E-9,23.60000038,
,,,179.60000775E-9,359.99998450E-3,,,,,179.60000775E-9,159.99999642E-3,,,,,179.60000775E-9,23.60000038,
,,,180.00000068E-9,319.99999285E-3,,,,,180.00000068E-9,199.99998808E-3,,,,,180.00000068E-9,23.60000038,
,,,180.40000782E-9,239.99999464E-3,,,,,180.40000782E-9,280.00000119E-3,,,,,180.40000782E-9,23.60000038,
,,,180.80000075E-9,199.99998808E-3,,,,,180.80000075E-9,359.99998450E-3,,,,,180.80000075E-9,23.20000076,
,,,181.20000789E-9,199.99998808E-3,,,,,181.20000789E-9,399.99997616E-3,,,,,181.20000789E-9,23.20000076,
,,,181.60000081E-9,199.99998808E-3,,,,,181.60000081E-9,519.999980927E-3,,,,,181.60000081E-9,22.39999962,
,,,182.00000795E-9,199.99998808E-3,,,,,182.00000795E-9,599.999964237E-3,,,,,182.00000795E-9,22.39999962,
,,,182.40000088E-9,199.99998808E-3,,,,,182.40000088E-9,680.000007153E-3,,,,,182.40000088E-9,22.39999962,
,,,182.80000802E-9,239.99999464E-3,,,,,182.80000802E-9,799.999952316E-3,,,,,182.80000802E-9,22.39999962,
,,,183.20000095E-9,239.99999464E-3,,,,,183.20000095E-9,879.999995232E-3,,,,,183.20000095E-9,22.39999962,
,,,183.60000809E-9,280.00000119E-3,,,,,183.60000809E-9,959.999978542E-3,,,,,183.60000809E-9,22.80000114,
,,,184.00000101E-9,239.99999464E-3,,,,,184.00000101E-9,959.999978542E-3,,,,,184.00000101E-9,23.20000076,
,,,184.40000815E-9,199.99998808E-3,,,,,184.40000815E-9,1.000000,,,,,184.40000815E-9,22.80000114,
,,,184.80000108E-9,159.99999642E-3,,,,,184.80000108E-9,1.000000,,,,,184.80000108E-9,22.80000114,
,,,185.20000822E-9,159.99999642E-3,,,,,185.20000822E-9,1.000000,,,,,185.20000822E-9,22.39999962,
,,,185.60000115E-9,159.99999642E-3,,,,,185.60000115E-9,1.000000,,,,,185.60000115E-9,22.00000000,
,,,186.00000828E-9,159.99999642E-3,,,,,186.00000828E-9,959.999978542E-3,,,,,186.00000828E-9,22.00000000,
,,,186.40000121E-9,159.99999642E-3,,,,,186.40000121E-9,959.999978542E-3,,,,,186.40000121E-9,22.00000000,
,,,186.80000835E-9,159.99999642E-3,,,,,186.80000835E-9,919.999957085E-3,,,,,186.80000835E-9,22.39999962,
,,,187.20000128E-9,119.9999973E-3,,,,,187.20000128E-9,839.999973774E-3,,,,,187.20000128E-9,23.20000076,
,,,187.60000842E-9,119.9999973E-3,,,,,187.60000842E-9,799.999952316E-3,,,,,187.60000842E-9,23.60000038,
,,,188.00000134E-9,79.999998212E-3,,,,,188.00000134E-9,719.999969006E-3,,,,,188.00000134E-9,24.39999962,
,,,188.40000848E-9,39.99999911E-3,,,,,188.40000848E-9,639.999985695E-3,,,,,188.40000848E-9,25.20000076,
,,,188.80000141E-9,0.0,,,,,188.80000141E-9,519.999980927E-3,,,,,188.80000141E-9,26.00000000,
,,,189.20000855E-9,0.0,,,,,189.20000855E-9,439.999997616E-3,,,,,189.20000855E-9,26.39999962,
,,,189.60000148E-9,0.0,,,,,189.60000148E-9,359.99998450E-3,,,,,189.60000148E-9,26.39999962,
,,,190.00000862E-9,-79.999998212E-3,,,,,190.00000862E-9,319.99999285E-3,,,,,190.00000862E-9,26.39999962,
,,,190.40000154E-9,-119.9999973E-3,,,,,190.40000154E-9,319.99999285E-3,,,,,190.40000154E-9,26.39999962,
,,,190.80000868E-9,-159.99999642E-3,,,,,190.80000868E-9,319.99999285E-3,,,,,190.80000868E-9,26.39999962,
,,,191.20000161E-9,-199.99998808E-3,,,,,191.20000161E-9,280.00000119E-3,,,,,191.20000161E-9,26.39999962,
,,,191.60000875E-9,-199.99998808E-3,,,,,191.60000875E-9,319.99999285E-3,,,,,191.60000875E-9,26.39999962,
,,,192.00000168E-9,-280.00000119E-3,,,,,192.00000168E-9,319.99999285E-3,,,,,192.00000168E-9,26.39999962,
,,,192.40000881E-9,-319.99999285E-3,,,,,192.40000881E-9,319.99999285E-3,,,,,192.40000881E-9,26.39999962,
,,,192.80000174E-9,-359.99998450E-3,,,,,192.80000174E-9,359.99998450E-3,,,,,192.80000174E-9,26.39999962,
,,,193.20000888E-9,-359.99998450E-3,,,,,193.20000888E-9,439.999997616E-3,,,,,193.20000888E-9,26.80000114,
,,,193.60000181E-9,-359.99998450E-3,,,,,193.60000181E-9,560.000002384E-3,,,,,193.60000181E-9,26.80000114,
,,,194.00000895E-9,-319.99999285E-3,,,,,194.00000895E-9,680.000007153E-3,,,,,194.00000895E-9,27.20000076,
,,,194.40000187E-9,-239.99999464E-3,,,,,194.40000187E-9,799.999952316E-3,,,,,194.40000187E-9,27.60000038,
,,,194.80000901E-9,-159.99999642E-3,,,,,194.80000901E-9,919.999957085E-3,,,,,194.80000901E-9,27.60000038,
,,,195.20000194E-9,-79.999998212E-3,,,,,195.20000194E-9,1.0799999,,,,,195.20000194E-9,27.20000076,
,,,195.60000908E-9,0.0,,,,,195.60000908E-9,1.1600000,,,,,195.60000908E-9,27.20000076,
,,,196.00000201E-9,0.0,,,,,196.00000201E-9,1.1200000,,,,,196.00000201E-9,26.39999962,
,,,196.40000914E-9,39.99999911E-3,,,,,196.40000914E-9,1.0799999,,,,,196.40000914E-9,26.00000000,
,,,196.80000207E-9,39.99999911E-3,,,,,196.80000207E-9,959.999978542E-3,,,,,196.80000207E-9,25.60000038,
,,,197.20000921E-9,79.999998212E-3,,,,,197.20000921E-9,839.999973774E-3,,,,,197.20000921E-9,25.20000076,
,,,197.60000214E-9,119.9999973E-3,,,,,197.60000214E-9,719.999969006E-3,,,,,197.60000214E-9,25.20000076,
,,,198.00000928E-9,199.99998808E-3,,,,,198.00000928E-9,639.999985695E-3,,,,,198.00000928E-9,24.80000114,
,,,198.40000220E-9,280.00000119E-3,,,,,198.40000220E-9,599.999964237E-3,,,,,198.40000220E-9,24.80000114,
,,,198.80000934E-9,319.99999285E-3,,,,,198.80000934E-9,599.999964237E-3,,,,,198.80000934E-9,24.80000114,
,,,199.20000227E-9,359.99998450E-3,,,,,199.20000227E-9,599.999964237E-3,,,,,199.20000227E-9,24.80000114,
,,,199.60000941E-9,399.99997616E-3,,,,,199.60000941E-9,599.999964237E-3,,,,,199.60000941E-9,24.80000114,
,,,200.00000234E-9,359.99998450E-3,,,,,200.00000234E-9,519.999980927E-3,,,,,200.00000234E-9,24.80000114,
,,,200.40000948E-9,319.99999285E-3,,,,,200.40000948E-9,439.999997616E-3,,,,,200.40000948E-9,24.80000114,
,,,200.80000240E-9,239.99999464E-3,,,,,200.80000240E-9,319.99999285E-3,,,,,200.80000240E-9,24.80000114,
,,,201.20000954E-9,159.99999642E-3,,,,,201.20000954E-9,239.99999464E-3,,,,,201.20000954E-9,24.39999962,
,,,201.60000247E-9,79.999998212E-3,,,,,201.60000247E-9,199.99998808E-3,,,,,201.60000247E-9,24.39999962,
,,,202.00000961E-9,-39.99999911E-3,,,,,202.00000961E-9,159.99999642E-3,,,,,202.00000961E-9,24.00000000,
,,,202.40000254E-9,-119.9999973E-3,,,,,202.40000254E-9,159.99999642E-3,,,,,202.40000254E-9,23.60000038,
,,,202.80000967E-9,-159.99999642E-3,,,,,202.80000967E-9,119.9999973E-3,,,,,202.80000967E-9,23.60000038,
,,,203.20000260E-9,-199.99998808E-3,,,,,203.20000260E-9,119.9999973E-3,,,,,203.20000260E-9,23.60000038,
,,,203.60000974E-9,-199.99998808E-3,,,,,203.60000974E-9,159.99999642E-3,,,,,203.60000974E-9,23.60000038,
,,,204.00000267E-9,-239.99999464E-3,,,,,204.00000267E-9,159.99999642E-3,,,,,204.00000267E-9,24.00000000,
,,,204.40000981E-9,-239.99999464E-3,,,,,204.40000981E-9,239.99999464E-3,,,,,204.40000981E-9,24.39999962,
,,,204.80000273E-9,-239.99999464E-3,,,,,204.80000273E-9,280.00000119E-3,,,,,204.80000273E-9,24.39999962,
,,,205.20000987E-9,-199.99998808E-3,,,,,205.20000987E-9,359.99998450E-3,,,,,205.20000987E-9,24.39999962,
,,,205.60000280E-9,-159.99999642E-3,,,,,205.60000280E-9,479.999989271E-3,,,,,205.60000280E-9,24.00000000,
,,,206.00000994E-9,-159.99999642E-3,,,,,206.00000994E-9,599.999964237E-3,,,,,206.00000994E-9,23.60000038,
,,,206.40000287E-9,-119.9999973E-3,,,,,206.40000287E-9,719.999969006E-3,,,,,206.40000287E-9,22.80000114,
,,,206.80001001E-9,-79.999998212E-3,,,,,206.80001001E-9,839.999973774E-3,,,,,206.80001001E-9,22.80000114,
,,,207.20000293E-9,0.0,,,,,207.20000293E-9,1.000000,,,,,207.20000293E-9,22.80000114,
,,,207.60001007E-9,79.999998212E-3,,,,,207.60001007E-9,1.1200000,,,,,207.60001007E-9,22.80000114,
,,,208.00000300E-9,159.99999642E-3,,,,,208.00000300E-9,1.1999999,,,,,208.00000300E-9,23.20000076,
,,,208.40001014E-9,239.99999464E-3,,,,,208.40001014E-9,1.2400000,,,,,208.40001014E-9,24.00000000,
,,,208.80000307E-9,319.99999285E-3,,,,,208.80000307E-9,1.2800000,,,,,208.80000307E-9,24.80000114,
,,,209.20001020E-9,399.99997616E-3,,,,,209.20001020E-9,1.2400000,,,,,209.20001020E-9,25.20000076,
,,,209.60000313E-9,479.999989271E-3,,,,,209.60000313E-9,1.1999999,,,,,209.60000313E-9,26.00000000,
,,,210.00001027E-9,479.999989271E-3,,,,,210.00001027E-9,1.1200000,,,,,210.00001027E-9,26.39999962,
,,,210.40000320E-9,479.999989271E-3,,,,,210.40000320E-9,1.0799999,,,,,210.40000320E-9,26.39999962,
,,,210.80001034E-9,439.999997616E-3,,,,,210.80001034E-9,1.0400000,,,,,210.80001034E-9,26.39999962,
,,,211.20000326E-9,439.999997616E-3,,,,,211.20000326E-9,1.0400000,,,,,211.20000326E-9,26.39999962,
,,,211.60001040E-9,399.99997616E-3,,,,,211.60001040E-9,1.000000,,,,,211.60001040E-9,26.39999962,
,,,212.00000333E-9,319.99999285E-3,,,,,212.00000333E-9,879.999995232E-3,,,,,212.00000333E-9,26.39999962,
,,,212.40001047E-9,280.00000119E-3,,,,,212.40001047E-9,719.999969006E-3,,,,,212.40001047E-9,26.80000114,
,,,212.80000340E-9,159.99999642E-3,,,,,212.80000340E-9,519.999980927E-3,,,,,212.80000340E-9,26.80000114,
,,,213.20001053E-9,79.999998212E-3,,,,,213.20001053E-9,319.99999285E-3,,,,,213.20001053E-9,26.80000114,
,,,213.60000346E-9,0.0,,,,,213.60000346E-9,199.99998808E-3,,,,,213.60000346E-9,26.80000114,
,,,214.00001060E-9,-79.999998212E-3,,,,,214.00001060E-9,119.9999973E-3,,,,,214.00001060E-9,27.20000076,
,,,214.40000353E-9,-159.99999642E-3,,,,,214.40000353E-9,79.999998212E-3,,,,,214.40000353E-9,27.60000038,
,,,214.80001067E-9,-199.99998808E-3,,,,,214.80001067E-9,119.9999973E-3,,,,,214.80001067E-9,28.00000000,
,,,215.20000359E-9,-199.99998808E-3,,,,,215.20000359E-9,199.99998808E-3,,,,,215.20000359E-9,28.39999962,
,,,215.60001073E-9,-159.99999642E-3,,,,,215.60001073E-9,280.00000119E-3,,,,,215.60001073E-9,28.80000114,
,,,216.00000366E-9,-159.99999642E-3,,,,,216.00000366E-9,359.99998450E-3,,,,,216.00000366E-9,28.80000114,
,,,216.40001080E-9,-119.9999973E-3,,,,,216.40001080E-9,439.999997616E-3,,,,,216.40001080E-9,28.39999962,
,,,216.80000373E-9,-159.99999642E-3,,,,,216.80000373E-9,439.999997616E-3,,,,,216.80000373E-9,28.00000000,
,,,217.20001087E-9,-199.99998808E-3,,,,,217.20001087E-9,399.99997616E-3,,,,,217.20001087E-9,27.20000076,
,,,217.60000379E-9,-199.99998808E-3,,,,,217.60000379E-9,319.99999285E-3,,,,,217.60000379E-9,26.80000114,
,,,218.00001093E-9,-199.99998808E-3,,,,,218.00001093E-9,199.99998808E-3,,,,,218.00001093E-9,26.00000000,
,,,218.40000386E-9,-119.9999973E-3,,,,,218.40000386E-9,159.99999642E-3,,,,,218.40000386E-9,25.60000038,
,,,218.80001100E-9,-39.99999911E-3,,,,,218.80001100E-9,199.99998808E-3,,,,,218.80001100E-9,25.20000076,
,,,219.20000393E-9,79.999998212E-3,,,,,219.20000393E-9,280.00000119E-3,,,,,219.20000393E-9,24.80000114,
,,,219.60001106E-9,199.99998808E-3,,,,,219.60001106E-9,439.999997616E-3,,,,,219.60001106E-9,24.39999962,
,,,220.00000399E-9,280.00000119E-3,,,,,220.00000399E-9,560.000002384E-3,,,,,220.00000399E-9,24.39999962,
,,,220.40001113E-9,359.99998450E-3,,,,,220.40001113E-9,639.999985695E-3,,,,,220.40001113E-9,24.80000114,
,,,220.80000406E-9,399.99997616E-3,,,,,220.80000406E-9,639.999985695E-3,,,,,220.80000406E-9,25.20000076,
,,,221.20001120E-9,439.999997616E-3,,,,,221.20001120E-9,560.000002384E-3,,,,,221.20001120E-9,25.20000076,
,,,221.60000412E-9,479.999989271E-3,,,,,221.60000412E-9,479.999989271E-3,,,,,221.60000412E-9,25.60000038,
,,,222.00001126E-9,439.999997616E-3,,,,,222.00001126E-9,439.999997616E-3,,,,,222.00001126E-9,25.20000076,
,,,222.40000419E-9,399.99997616E-3,,,,,222.40000419E-9,399.99997616E-3,,,,,222.40000419E-9,25.20000076,
,,,222.80001133E-9,359.99998450E-3,,,,,222.80001133E-9,479.999989271E-3,,,,,222.80001133E-9,24.39999962,
,,,223.20000426E-9,359.99998450E-3,,,,,223.20000426E-9,560.000002384E-3,,,,,223.20000426E-9,24.39999962,
,,,223.60001140E-9,359.99998450E-3,,,,,223.60001140E-9,639.999985695E-3,,,,,223.60001140E-9,24.00000000,
,,,224.00000432E-9,359.99998450E-3,,,,,224.00000432E-9,599.999964237E-3,,,,,224.00000432E-9,24.00000000,
,,,224.40001146E-9,399.99997616E-3,,,,,224.40001146E-9,560.000002384E-3,,,,,224.40001146E-9,24.39999962,
,,,224.80000439E-9,359.99998450E-3,,,,,224.80000439E-9,519.999980927E-3,,,,,224.80000439E-9,24.80000114,
,,,225.20001153E-9,359.99998450E-3,,,,,225.20001153E-9,399.99997616E-3,,,,,225.20001153E-9,25.20000076,
,,,225.60000446E-9,319.99999285E-3,,,,,225.60000446E-9,359.99998450E-3,,,,,225.60000446E-9,25.20000076,
,,,226.00001159E-9,239.99999464E-3,,,,,226.00001159E-9,319.99999285E-3,,,,,226.00001159E-9,25.60000038,
,,,226.40000452E-9,199.99998808E-3,,,,,226.40000452E-9,319.99999285E-3,,,,,226.40000452E-9,25.20000076,
,,,226.80001166E-9,119.9999973E-3,,,,,226.80001166E-9,359.99998450E-3,,,,,226.80001166E-9,24.39999962,
,,,227.20000459E-9,0.0,,,,,227.20000459E-9,439.999997616E-3,,,,,227.20000459E-9,24.00000000,
,,,227.60001173E-9,-39.99999911E-3,,,,,227.60001173E-9,519.999980927E-3,,,,,227.60001173E-9,23.20000076,
,,,228.00000465E-9,-79.999998212E-3,,,,,228.00000465E-9,599.999964237E-3,,,,,228.00000465E-9,23.20000076,
,,,228.40001179E-9,-79.999998212E-3,,,,,228.40001179E-9,639.999985695E-3,,,,,228.40001179E-9,23.20000076,
,,,228.80000472E-9,-79.999998212E-3,,,,,228.80000472E-9,680.000007153E-3,,,,,228.80000472E-9,24.00000000,
,,,229.20001186E-9,-79.999998212E-3,,,,,229.20001186E-9,639.999985695E-3,,,,,229.20001186E-9,24.80000114,
,,,229.60000479E-9,-39.99999911E-3,,,,,229.60000479E-9,639.999985695E-3,,,,,229.60000479E-9,25.60000038,
,,,230.00001192E-9,-79.999998212E-3,,,,,230.00001192E-9,599.999964237E-3,,,,,230.00001192E-9,26.39999962,
,,,230.40000485E-9,-79.999998212E-3,,,,,230.40000485E-9,599.999964237E-3,,,,,230.40000485E-9,26.80000114,
,,,230.80001199E-9,-119.9999973E-3,,,,,230.80001199E-9,599.999964237E-3,,,,,230.80001199E-9,26.80000114,
,,,231.20000492E-9,-119.9999973E-3,,,,,231.20000492E-9,680.000007153E-3,,,,,231.20000492E-9,26.80000114,
,,,231.60001206E-9,-79.999998212E-3,,,,,231.60001206E-9,759.999990463E-3,,,,,231.60001206E-9,26.39999962,
,,,232.00000498E-9,-79.999998212E-3,,,,,232.00000498E-9,799.999952316E-3,,,,,232.00000498E-9,26.39999962,
,,,232.40001212E-9,-39.99999911E-3,,,,,232.40001212E-9,799.999952316E-3,,,,,232.40001212E-9,26.39999962,
,,,232.80000505E-9,0.0,,,,,232.80000505E-9,759.999990463E-3,,,,,232.80000505E-9,26.39999962,
,,,233.20001219E-9,0.0,,,,,233.20001219E-9,639.999985695E-3,,,,,233.20001219E-9,26.39999962,
,,,233.60000512E-9,39.99999911E-3,,,,,233.60000512E-9,519.999980927E-3,,,,,233.60000512E-9,26.80000114,
,,,234.00001226E-9,0.0,,,,,234.00001226E-9,359.99998450E-3,,,,,234.00001226E-9,26.80000114,
,,,234.40000518E-9,0.0,,,,,234.40000518E-9,239.99999464E-3,,,,,234.40000518E-9,26.80000114,
,,,234.80001232E-9,0.0,,,,,234.80001232E-9,239.99999464E-3,,,,,234.80001232E-9,27.20000076,
,,,235.20000525E-9,39.99999911E-3,,,,,235.20000525E-9,280.00000119E-3,,,,,235.20000525E-9,27.60000038,
,,,235.60001239E-9,119.9999973E-3,,,,,235.60001239E-9,439.999997616E-3,,,,,235.60001239E-9,28.39999962,
,,,236.00000532E-9,159.99999642E-3,,,,,236.00000532E-9,639.999985695E-3,,,,,236.00000532E-9,29.20000076,
,,,236.40001245E-9,199.99998808E-3,,,,,236.40001245E-9,799.999952316E-3,,,,,236.40001245E-9,29.20000076,
,,,236.80000538E-9,239.99999464E-3,,,,,236.80000538E-9,879.999995232E-3,,,,,236.80000538E-9,29.60000038,
,,,237.20001252E-9,239.99999464E-3,,,,,237.20001252E-9,839.999973774E-3,,,,,237.20001252E-9,29.20000076,
,,,237.60000545E-9,239.99999464E-3,,,,,237.60000545E-9,759.999990463E-3,,,,,237.60000545E-9,28.39999962,
,,,238.00001259E-9,199.99998808E-3,,,,,238.00001259E-9,560.000002384E-3,,,,,238.00001259E-9,27.60000038,
,,,238.40000551E-9,159.99999642E-3,,,,,238.40000551E-9,359.99998450E-3,,,,,238.40000551E-9,26.80000114,
,,,238.79999844E-9,119.9999973E-3,,,,,238.79999844E-9,239.99999464E-3,,,,,238.79999844E-9,26.39999962,
,,,239.20000558E-9,119.9999973E-3,,,,,239.20000558E-9,199.99998808E-3,,,,,239.20000558E-9,26.00000000,
,,,239.60001272E-9,159.99999642E-3,,,,,239.60001272E-9,239.99999464E-3,,,,,239.60001272E-9,25.60000038,
,,,240.00001986E-9,159.99999642E-3,,,,,240.00001986E-9,319.99999285E-3,,,,,240.00001986E-9,26.00000000,
,,,240.39999857E-9,159.99999642E-3,,,,,240.39999857E-9,439.999997616E-3,,,,,240.39999857E-9,26.00000000,
,,,240.80000571E-9,199.99998808E-3,,,,,240.80000571E-9,479.999989271E-3,,,,,240.80000571E-9,26.39999962,
,,,241.20001285E-9,199.99998808E-3,,,,,241.20001285E-9,439.999997616E-3,,,,,241.20001285E-9,26.39999962,
,,,241.60001999E-9,199.99998808E-3,,,,,241.60001999E-9,399.99997616E-3,,,,,241.60001999E-9,26.39999962,
,,,241.99999871E-9,119.9999973E-3,,,,,241.99999871E-9,280.00000119E-3,,,,,241.99999871E-9,26.39999962,
,,,242.40000585E-9,0.0,,,,,242.40000585E-9,199.99998808E-3,,,,,242.40000585E-9,26.00000000,
,,,242.80001298E-9,-119.9999973E-3,,,,,242.80001298E-9,119.9999973E-3,,,,,242.80001298E-9,25.60000038,
,,,243.20002012E-9,-199.99998808E-3,,,,,243.20002012E-9,159.99999642E-3,,,,,243.20002012E-9,24.80000114,
,,,243.59999884E-9,-239.99999464E-3,,,,,243.59999884E-9,199.99998808E-3,,,,,243.59999884E-9,24.39999962,
,,,244.00000598E-9,-239.99999464E-3,,,,,244.00000598E-9,239.99999464E-3,,,,,244.00000598E-9,24.00000000,
,,,244.40001312E-9,-159.99999642E-3,,,,,244.40001312E-9,239.99999464E-3,,,,,244.40001312E-9,23.60000038,
,,,244.80002025E-9,-39.99999911E-3,,,,,244.80002025E-9,239.99999464E-3,,,,,244.80002025E-9,24.00000000,
,,,245.19999897E-9,39.99999911E-3,,,,,245.19999897E-9,199.99998808E-3,,,,,245.19999897E-9,24.39999962,
,,,245.60000611E-9,159.99999642E-3,,,,,245.60000611E-9,159.99999642E-3,,,,,245.60000611E-9,24.80000114,
,,,246.00001325E-9,159.99999642E-3,,,,,246.00001325E-9,79.999998212E-3,,,,,246.00001325E-9,24.80000114,
,,,246.40002039E-9,199.99998808E-3,,,,,246.40002039E-9,79.999998212E-3,,,,,246.40002039E-9,25.20000076,
,,,246.79999910E-9,199.99998808E-3,,,,,246.79999910E-9,79.999998212E-3,,,,,246.79999910E-9,24.80000114,
,,,247.20000624E-9,199.99998808E-3,,,,,247.20000624E-9,159.99999642E-3,,,,,247.20000624E-9,24.39999962,
,,,247.60001338E-9,239.99999464E-3,,,,,247.60001338E-9,280.00000119E-3,,,,,247.60001338E-9,23.60000038,
,,,248.00002052E-9,280.00000119E-3,,,,,248.00002052E-9,439.999997616E-3,,,,,248.00002052E-9,23.20000076,
,,,248.39999924E-9,359.99998450E-3,,,,,248.39999924E-9,599.999964237E-3,,,,,248.39999924E-9,23.20000076,
,,,248.80000637E-9,439.999997616E-3,,,,,248.80000637E-9,759.999990463E-3,,,,,248.80000637E-9,23.20000076,
,,,249.20001351E-9,479.999989271E-3,,,,,249.20001351E-9,879.999995232E-3,,,,,249.20001351E-9,24.00000000,
,,,249.60002065E-9,560.000002384E-3,,,,,249.60002065E-9,959.999978542E-3,,,,,249.60002065E-9,24.39999962,
,,,249.99999937E-9,560.000002384E-3,,,,,249.99999937E-9,919.999957085E-3,,,,,249.99999937E-9,25.60000038,
,,,250.40000651E-9,519.999980927E-3,,,,,250.40000651E-9,839.999973774E-3,,,,,250.40000651E-9,26.39999962,
,,,250.80001365E-9,439.999997616E-3,,,,,250.80001365E-9,799.999952316E-3,,,,,250.80001365E-9,27.20000076,
,,,251.20002078E-9,359.99998450E-3,,,,,251.20002078E-9,799.999952316E-3,,,,,251.20002078E-9,27.20000076,
,,,251.59999950E-9,239.99999464E-3,,,,,251.59999950E-9,839.999973774E-3,,,,,251.59999950E-9,27.20000076,
,,,252.00000664E-9,119.9999973E-3,,,,,252.00000664E-9,879.999995232E-3,,,,,252.00000664E-9,27.20000076,
,,,252.40001378E-9,39.99999911E-3,,,,,252.40001378E-9,919.999957085E-3,,,,,252.40001378E-9,27.20000076,
,,,252.80002092E-9,0.0,,,,,252.80002092E-9,879.999995232E-3,,,,,252.80002092E-9,27.20000076,
,,,253.19999963E-9,-79.999998212E-3,,,,,253.19999963E-9,839.999973774E-3,,,,,253.19999963E-9,27.20000076,
,,,253.60000677E-9,-119.9999973E-3,,,,,253.60000677E-9,719.999969006E-3,,,,,253.60000677E-9,27.20000076,
,,,254.00001391E-9,-239.99999464E-3,,,,,254.00001391E-9,479.999989271E-3,,,,,254.00001391E-9,27.20000076,
,,,254.40002105E-9,-319.99999285E-3,,,,,254.40002105E-9,280.00000119E-3,,,,,254.40002105E-9,27.60000038,
,,,254.79999977E-9,-359.99998450E-3,,,,,254.79999977E-9,119.9999973E-3,,,,,254.79999977E-9,28.00000000,
,,,255.20000690E-9,-399.99997616E-3,,,,,255.20000690E-9,0.0,,,,,255.20000690E-9,28.39999962,
,,,255.60001404E-9,-359.99998450E-3,,,,,255.60001404E-9,0.0,,,,,255.60001404E-9,28.80000114,
,,,256.00002118E-9,-319.99999285E-3,,,,,256.00002118E-9,39.99999911E-3,,,,,256.00002118E-9,29.60000038,
,,,256.39999990E-9,-239.99999464E-3,,,,,256.39999990E-9,199.99998808E-3,,,,,256.39999990E-9,30.00000000,
,,,256.80000704E-9,-159.99999642E-3,,,,,256.80000704E-9,359.99998450E-3,,,,,256.80000704E-9,30.00000000,
,,,257.20001418E-9,-79.999998212E-3,,,,,257.20001418E-9,519.999980927E-3,,,,,257.20001418E-9,30.00000000,
,,,257.60002131E-9,0.0,,,,,257.60002131E-9,639.999985695E-3,,,,,257.60002131E-9,29.60000038,
,,,258.00000003E-9,0.0,,,,,258.00000003E-9,599.999964237E-3,,,,,258.00000003E-9,28.80000114,
,,,258.40000717E-9,0.0,,,,,258.40000717E-9,479.999989271E-3,,,,,258.40000717E-9,28.00000000,
,,,258.80001431E-9,39.99999911E-3,,,,,258.80001431E-9,359.99998450E-3,,,,,258.80001431E-9,27.20000076,
,,,259.20002145E-9,119.9999973E-3,,,,,259.20002145E-9,280.00000119E-3,,,,,259.20002145E-9,26.39999962,
,,,259.60000016E-9,199.99998808E-3,,,,,259.60000016E-9,239.99999464E-3,,,,,259.60000016E-9,25.60000038,
,,,260.00000730E-9,280.00000119E-3,,,,,260.00000730E-9,319.99999285E-3,,,,,260.00000730E-9,25.20000076,
,,,260.40001444E-9,359.99998450E-3,,,,,260.40001444E-9,479.999989271E-3,,,,,260.40001444E-9,25.20000076,
,,,260.80002158E-9,439.999997616E-3,,,,,260.80002158E-9,639.999985695E-3,,,,,260.80002158E-9,25.60000038,
,,,261.20000030E-9,479.999989271E-3,,,,,261.20000030E-9,759.999990463E-3,,,,,261.20000030E-9,26.00000000,
,,,261.60000743E-9,519.999980927E-3,,,,,261.60000743E-9,839.999973774E-3,,,,,261.60000743E-9,26.39999962,
,,,262.00001457E-9,479.999989271E-3,,,,,262.00001457E-9,759.999990463E-3,,,,,262.00001457E-9,26.39999962,
,,,262.40002171E-9,439.999997616E-3,,,,,262.40002171E-9,680.000007153E-3,,,,,262.40002171E-9,26.39999962,
,,,262.80000043E-9,359.99998450E-3,,,,,262.80000043E-9,560.000002384E-3,,,,,262.80000043E-9,26.39999962,
,,,263.20000757E-9,280.00000119E-3,,,,,263.20000757E-9,519.999980927E-3,,,,,263.20000757E-9,26.00000000,
,,,263.60001470E-9,159.99999642E-3,,,,,263.60001470E-9,479.999989271E-3,,,,,263.60001470E-9,25.20000076,
,,,264.00002184E-9,39.99999911E-3,,,,,264.00002184E-9,519.999980927E-3,,,,,264.00002184E-9,24.80000114,
,,,264.40000056E-9,-39.99999911E-3,,,,,264.40000056E-9,599.999964237E-3,,,,,264.40000056E-9,24.39999962,
,,,264.80000770E-9,-39.99999911E-3,,,,,264.80000770E-9,639.999985695E-3,,,,,264.80000770E-9,24.00000000,
,,,265.20001484E-9,-39.99999911E-3,,,,,265.20001484E-9,639.999985695E-3,,,,,265.20001484E-9,24.00000000,
,,,265.60002198E-9,0.0,,,,,265.60002198E-9,599.999964237E-3,,,,,265.60002198E-9,24.39999962,
,,,266.00000069E-9,0.0,,,,,266.00000069E-9,479.999989271E-3,,,,,266.00000069E-9,24.80000114,
,,,266.40000783E-9,0.0,,,,,266.40000783E-9,359.99998450E-3,,,,,266.40000783E-9,25.20000076,
,,,266.80001497E-9,-39.99999911E-3,,,,,266.80001497E-9,280.00000119E-3,,,,,266.80001497E-9,25.20000076,
,,,267.20002211E-9,-119.9999973E-3,,,,,267.20002211E-9,239.99999464E-3,,,,,267.20002211E-9,25.20000076,
,,,267.60000083E-9,-199.99998808E-3,,,,,267.60000083E-9,239.99999464E-3,,,,,267.60000083E-9,24.80000114,
,,,268.00000796E-9,-239.99999464E-3,,,,,268.00000796E-9,280.00000119E-3,,,,,268.00000796E-9,24.39999962,
,,,268.40001510E-9,-239.99999464E-3,,,,,268.40001510E-9,359.99998450E-3,,,,,268.40001510E-9,23.60000038,
,,,268.80002224E-9,-199.99998808E-3,,,,,268.80002224E-9,439.999997616E-3,,,,,268.80002224E-9,23.20000076,
,,,269.20000096E-9,-119.9999973E-3,,,,,269.20000096E-9,479.999989271E-3,,,,,269.20000096E-9,23.20000076,
,,,269.60000810E-9,-39.99999911E-3,,,,,269.60000810E-9,560.000002384E-3,,,,,269.60000810E-9,23.60000038,
,,,270.00001523E-9,39.99999911E-3,,,,,270.00001523E-9,560.000002384E-3,,,,,270.00001523E-9,24.39999962,
,,,270.40002237E-9,159.99999642E-3,,,,,270.40002237E-9,599.999964237E-3,,,,,270.40002237E-9,25.60000038,
,,,270.80000109E-9,199.99998808E-3,,,,,270.80000109E-9,599.999964237E-3,,,,,270.80000109E-9,26.39999962,
,,,271.20000823E-9,199.99998808E-3,,,,,271.20000823E-9,599.999964237E-3,,,,,271.20000823E-9,26.39999962,
,,,271.60001537E-9,199.99998808E-3,,,,,271.60001537E-9,639.999985695E-3,,,,,271.60001537E-9,26.39999962,
,,,272.00002251E-9,159.99999642E-3,,,,,272.00002251E-9,719.999969006E-3,,,,,272.00002251E-9,26.39999962,
,,,272.40000122E-9,79.999998212E-3,,,,,272.40000122E-9,799.999952316E-3,,,,,272.40000122E-9,26.39999962,
,,,272.80000836E-9,39.99999911E-3,,,,,272.80000836E-9,959.999978542E-3,,,,,272.80000836E-9,26.39999962,
,,,273.20001550E-9,0.0,,,,,273.20001550E-9,1.0799999,,,,,273.20001550E-9,26.80000114,
,,,273.60002264E-9,0.0,,,,,273.60002264E-9,1.1600000,,,,,273.60002264E-9,26.80000114,
,,,274.00000135E-9,-79.999998212E-3,,,,,274.00000135E-9,1.0799999,,,,,274.00000135E-9,27.20000076,
,,,274.40000849E-9,-119.9999973E-3,,,,,274.40000849E-9,919.999957085E-3,,,,,274.40000849E-9,27.20000076,
,,,274.80001563E-9,-159.99999642E-3,,,,,274.80001563E-9,719.999969006E-3,,,,,274.80001563E-9,27.20000076,
,,,275.20002277E-9,-159.99999642E-3,,,,,275.20002277E-9,479.999989271E-3,,,,,275.20002277E-9,27.20000076,
,,,275.60000149E-9,-159.99999642E-3,,,,,275.60000149E-9,319.99999285E-3,,,,,275.60000149E-9,27.60000038,
,,,276.00000863E-9,-159.99999642E-3,,,,,276.00000863E-9,280.00000119E-3,,,,,276.00000863E-9,28.39999962,
,,,276.40001576E-9,-119.9999973E-3,,,,,276.40001576E-9,359.99998450E-3,,,,,276.40001576E-9,29.20000076,
,,,276.80002290E-9,-79.999998212E-3,,,,,276.80002290E-9,519.999980927E-3,,,,,276.80002290E-9,30.00000000,
,,,277.20000162E-9,-79.999998212E-3,,,,,277.20000162E-9,759.999990463E-3,,,,,277.20000162E-9,30.39999962,
,,,277.60000876E-9,-39.99999911E-3,,,,,277.60000876E-9,959.999978542E-3,,,,,277.60000876E-9,30.39999962,
,,,278.00001590E-9,-79.999998212E-3,,,,,278.00001590E-9,919.999957085E-3,,,,,278.00001590E-9,30.00000000,
,,,278.40002303E-9,-79.999998212E-3,,,,,278.40002303E-9,799.999952316E-3,,,,,278.40002303E-9,29.20000076,
,,,278.80000175E-9,-79.999998212E-3,,,,,278.80000175E-9,560.000002384E-3,,,,,278.80000175E-9,28.39999962,
,,,279.20000889E-9,-39.99999911E-3,,,,,279.20000889E-9,319.99999285E-3,,,,,279.20000889E-9,27.60000038,
,,,279.60001603E-9,39.99999911E-3,,,,,279.60001603E-9,119.9999973E-3,,,,,279.60001603E-9,26.80000114,
,,,279.99999475E-9,79.999998212E-3,,,,,279.99999475E-9,79.999998212E-3,,,,,279.99999475E-9,26.39999962,
,,,280.40000188E-9,119.9999973E-3,,,,,280.40000188E-9,159.99999642E-3,,,,,280.40000188E-9,25.60000038,
,,,280.80000902E-9,159.99999642E-3,,,,,280.80000902E-9,319.99999285E-3,,,,,280.80000902E-9,25.60000038,
,,,281.20001616E-9,199.99998808E-3,,,,,281.20001616E-9,479.999989271E-3,,,,,281.20001616E-9,25.60000038,
,,,281.59999488E-9,239.99999464E-3,,,,,281.59999488E-9,639.999985695E-3,,,,,281.59999488E-9,26.00000000,
,,,282.00000202E-9,239.99999464E-3,,,,,282.00000202E-9,599.999964237E-3,,,,,282.00000202E-9,26.39999962,
,,,282.40000916E-9,239.99999464E-3,,,,,282.40000916E-9,560.000002384E-3,,,,,282.40000916E-9,26.80000114,
,,,282.80001629E-9,199.99998808E-3,,,,,282.80001629E-9,439.999997616E-3,,,,,282.80001629E-9,27.20000076,
,,,283.19999501E-9,159.99999642E-3,,,,,283.19999501E-9,359.99998450E-3,,,,,283.19999501E-9,26.80000114,
,,,283.60000215E-9,119.9999973E-3,,,,,283.60000215E-9,319.99999285E-3,,,,,283.60000215E-9,26.00000000,
,,,284.00000929E-9,39.99999911E-3,,,,,284.00000929E-9,399.99997616E-3,,,,,284.00000929E-9,25.60000038,
,,,284.40001643E-9,-39.99999911E-3,,,,,284.40001643E-9,560.000002384E-3,,,,,284.40001643E-9,24.80000114,
,,,284.79999514E-9,-39.99999911E-3,,,,,284.79999514E-9,680.000007153E-3,,,,,284.79999514E-9,24.39999962,
,,,285.20000228E-9,39.99999911E-3,,,,,285.20000228E-9,759.999990463E-3,,,,,285.20000228E-9,24.39999962,
,,,285.60000942E-9,119.9999973E-3,,,,,285.60000942E-9,839.999973774E-3,,,,,285.60000942E-9,24.39999962,
,,,286.00001656E-9,199.99998808E-3,,,,,286.00001656E-9,799.999952316E-3,,,,,286.00001656E-9,24.00000000,
,,,286.39999528E-9,239.99999464E-3,,,,,286.39999528E-9,719.999969006E-3,,,,,286.39999528E-9,24.00000000,
,,,286.80000241E-9,239.99999464E-3,,,,,286.80000241E-9,599.999964237E-3,,,,,286.80000241E-9,24.00000000,
,,,287.20000955E-9,199.99998808E-3,,,,,287.20000955E-9,479.999989271E-3,,,,,287.20000955E-9,23.60000038,
,,,287.60001669E-9,119.9999973E-3,,,,,287.60001669E-9,399.99997616E-3,,,,,287.60001669E-9,23.20000076,
,,,287.99999541E-9,39.99999911E-3,,,,,287.99999541E-9,399.99997616E-3,,,,,287.99999541E-9,22.80000114,
,,,288.40000255E-9,0.0,,,,,288.40000255E-9,439.999997616E-3,,,,,288.40000255E-9,22.80000114,
,,,288.80000968E-9,0.0,,,,,288.80000968E-9,560.000002384E-3,,,,,288.80000968E-9,23.20000076,
,,,289.20001682E-9,39.99999911E-3,,,,,289.20001682E-9,719.999969006E-3,,,,,289.20001682E-9,23.20000076,
,,,289.59999554E-9,159.99999642E-3,,,,,289.59999554E-9,879.999995232E-3,,,,,289.59999554E-9,23.60000038,
,,,290.00000268E-9,239.99999464E-3,,,,,290.00000268E-9,919.999957085E-3,,,,,290.00000268E-9,24.39999962,
,,,290.40000982E-9,359.99998450E-3,,,,,290.40000982E-9,879.999995232E-3,,,,,290.40000982E-9,24.39999962,
,,,290.80001696E-9,399.99997616E-3,,,,,290.80001696E-9,799.999952316E-3,,,,,290.80001696E-9,24.80000114,
,,,291.19999567E-9,399.99997616E-3,,,,,291.19999567E-9,639.999985695E-3,,,,,291.19999567E-9,25.20000076,
,,,291.60000281E-9,359.99998450E-3,,,,,291.60000281E-9,519.999980927E-3,,,,,291.60000281E-9,25.60000038,
,,,292.00000995E-9,280.00000119E-3,,,,,292.00000995E-9,479.999989271E-3,,,,,292.00000995E-9,26.39999962,
,,,292.40001709E-9,159.99999642E-3,,,,,292.40001709E-9,479.999989271E-3,,,,,292.40001709E-9,27.20000076,
,,,292.79999580E-9,79.999998212E-3,,,,,292.79999580E-9,519.999980927E-3,,,,,292.79999580E-9,27.60000038,
,,,293.20000294E-9,0.0,,,,,293.20000294E-9,599.999964237E-3,,,,,293.20000294E-9,27.60000038,
,,,293.60001008E-9,-79.999998212E-3,,,,,293.60001008E-9,680.000007153E-3,,,,,293.60001008E-9,27.60000038,
,,,294.00001722E-9,-199.99998808E-3,,,,,294.00001722E-9,680.000007153E-3,,,,,294.00001722E-9,27.60000038,
,,,294.39999594E-9,-280.00000119E-3,,,,,294.39999594E-9,639.999985695E-3,,,,,294.39999594E-9,27.60000038,
,,,294.80000308E-9,-359.99998450E-3,,,,,294.80000308E-9,519.999980927E-3,,,,,294.80000308E-9,27.60000038,
,,,295.20001021E-9,-399.99997616E-3,,,,,295.20001021E-9,359.99998450E-3,,,,,295.20001021E-9,28.39999962,
,,,295.60001735E-9,-359.99998450E-3,,,,,295.60001735E-9,239.99999464E-3,,,,,295.60001735E-9,28.80000114,
,,,295.99999607E-9,-319.99999285E-3,,,,,295.99999607E-9,119.9999973E-3,,,,,295.99999607E-9,29.60000038,
,,,296.40000321E-9,-239.99999464E-3,,,,,296.40000321E-9,119.9999973E-3,,,,,296.40000321E-9,30.39999962,
,,,296.80001035E-9,-199.99998808E-3,,,,,296.80001035E-9,239.99999464E-3,,,,,296.80001035E-9,30.80000114,
,,,297.20001749E-9,-119.9999973E-3,,,,,297.20001749E-9,519.999980927E-3,,,,,297.20001749E-9,30.80000114,
,,,297.59999620E-9,-79.999998212E-3,,,,,297.59999620E-9,759.999990463E-3,,,,,297.59999620E-9,30.80000114,
,,,298.00000334E-9,-79.999998212E-3,,,,,298.00000334E-9,879.999995232E-3,,,,,298.00000334E-9,30.80000114,
,,,298.40001048E-9,-79.999998212E-3,,,,,298.40001048E-9,919.999957085E-3,,,,,298.40001048E-9,30.00000000,
,,,298.80001762E-9,-39.99999911E-3,,,,,298.80001762E-9,839.999973774E-3,,,,,298.80001762E-9,29.20000076,
,,,299.19999633E-9,39.99999911E-3,,,,,299.19999633E-9,599.999964237E-3,,,,,299.19999633E-9,28.00000000,
,,,299.60000347E-9,119.9999973E-3,,,,,299.60000347E-9,439.999997616E-3,,,,,299.60000347E-9,26.80000114,
,,,300.00001061E-9,199.99998808E-3,,,,,300.00001061E-9,359.99998450E-3,,,,,300.00001061E-9,25.20000076,
,,,300.40001775E-9,280.00000119E-3,,,,,300.40001775E-9,359.99998450E-3,,,,,300.40001775E-9,24.39999962,
,,,300.79999647E-9,359.99998450E-3,,,,,300.79999647E-9,479.999989271E-3,,,,,300.79999647E-9,24.00000000,
,,,301.20000361E-9,399.99997616E-3,,,,,301.20000361E-9,680.000007153E-3,,,,,301.20000361E-9,24.39999962,
,,,301.60001074E-9,479.999989271E-3,,,,,301.60001074E-9,879.999995232E-3,,,,,301.60001074E-9,24.80000114,
,,,302.00001788E-9,519.999980927E-3,,,,,302.00001788E-9,879.999995232E-3,,,,,302.00001788E-9,25.20000076,
,,,302.39999660E-9,519.999980927E-3,,,,,302.39999660E-9,799.999952316E-3,,,,,302.39999660E-9,25.60000038,
,,,302.80000374E-9,479.999989271E-3,,,,,302.80000374E-9,680.000007153E-3,,,,,302.80000374E-9,26.00000000,
,,,303.20001088E-9,399.99997616E-3,,,,,303.20001088E-9,479.999989271E-3,,,,,303.20001088E-9,25.60000038,
,,,303.60001801E-9,280.00000119E-3,,,,,303.60001801E-9,359.99998450E-3,,,,,303.60001801E-9,25.20000076,
,,,303.99999673E-9,79.999998212E-3,,,,,303.99999673E-9,280.00000119E-3,,,,,303.99999673E-9,24.39999962,
,,,304.40000387E-9,-79.999998212E-3,,,,,304.40000387E-9,280.00000119E-3,,,,,304.40000387E-9,24.00000000,
,,,304.80001101E-9,-159.99999642E-3,,,,,304.80001101E-9,319.99999285E-3,,,,,304.80001101E-9,23.60000038,
,,,305.20001815E-9,-239.99999464E-3,,,,,305.20001815E-9,359.99998450E-3,,,,,305.20001815E-9,23.60000038,
,,,305.59999686E-9,-239.99999464E-3,,,,,305.59999686E-9,359.99998450E-3,,,,,305.59999686E-9,23.60000038,
,,,306.00000400E-9,-239.99999464E-3,,,,,306.00000400E-9,280.00000119E-3,,,,,306.00000400E-9,24.00000000,
,,,306.40001114E-9,-239.99999464E-3,,,,,306.40001114E-9,199.99998808E-3,,,,,306.40001114E-9,24.00000000,
,,,306.80001828E-9,-280.00000119E-3,,,,,306.80001828E-9,119.9999973E-3,,,,,306.80001828E-9,24.00000000,
,,,307.19999700E-9,-319.99999285E-3,,,,,307.19999700E-9,39.99999911E-3,,,,,307.19999700E-9,23.60000038,
,,,307.60000413E-9,-319.99999285E-3,,,,,307.60000413E-9,39.99999911E-3,,,,,307.60000413E-9,23.60000038,
,,,308.00001127E-9,-359.99998450E-3,,,,,308.00001127E-9,79.999998212E-3,,,,,308.00001127E-9,23.60000038,
,,,308.40001841E-9,-359.99998450E-3,,,,,308.40001841E-9,239.99999464E-3,,,,,308.40001841E-9,23.60000038,
,,,308.79999713E-9,-280.00000119E-3,,,,,308.79999713E-9,399.99997616E-3,,,,,308.79999713E-9,23.60000038,
,,,309.20000427E-9,-159.99999642E-3,,,,,309.20000427E-9,639.999985695E-3,,,,,309.20000427E-9,24.00000000,
,,,309.60001141E-9,0.0,,,,,309.60001141E-9,839.999973774E-3,,,,,309.60001141E-9,24.00000000,
,,,310.00001854E-9,119.9999973E-3,,,,,310.00001854E-9,919.999957085E-3,,,,,310.00001854E-9,24.39999962,
,,,310.39999726E-9,239.99999464E-3,,,,,310.39999726E-9,919.999957085E-3,,,,,310.39999726E-9,24.39999962,
,,,310.80000440E-9,359.99998450E-3,,,,,310.80000440E-9,839.999973774E-3,,,,,310.80000440E-9,24.39999962,
,,,311.20001154E-9,439.999997616E-3,,,,,311.20001154E-9,719.999969006E-3,,,,,311.20001154E-9,24.80000114,
,,,311.60001868E-9,560.000002384E-3,,,,,311.60001868E-9,599.999964237E-3,,,,,311.60001868E-9,24.80000114,
,,,311.99999739E-9,639.999985695E-3,,,,,311.99999739E-9,519.999980927E-3,,,,,311.99999739E-9,25.20000076,
,,,312.40000453E-9,719.999969006E-3,,,,,312.40000453E-9,479.999989271E-3,,,,,312.40000453E-9,26.00000000,
,,,312.80001167E-9,759.999990463E-3,,,,,312.80001167E-9,560.000002384E-3,,,,,312.80001167E-9,26.39999962,
,,,313.20001881E-9,719.999969006E-3,,,,,313.20001881E-9,680.000007153E-3,,,,,313.20001881E-9,26.80000114,
,,,313.59999753E-9,639.999985695E-3,,,,,313.59999753E-9,799.999952316E-3,,,,,313.59999753E-9,26.80000114,
,,,314.00000466E-9,479.999989271E-3,,,,,314.00000466E-9,879.999995232E-3,,,,,314.00000466E-9,26.80000114,
,,,314.40001180E-9,359.99998450E-3,,,,,314.40001180E-9,879.999995232E-3,,,,,314.40001180E-9,26.80000114,
,,,314.80001894E-9,199.99998808E-3,,,,,314.80001894E-9,759.999990463E-3,,,,,314.80001894E-9,27.20000076,
,,,315.19999766E-9,79.999998212E-3,,,,,315.19999766E-9,519.999980927E-3,,,,,315.19999766E-9,27.60000038,
,,,315.60000480E-9,-39.99999911E-3,,,,,315.60000480E-9,239.99999464E-3,,,,,315.60000480E-9,28.39999962,
,,,316.00001194E-9,-159.99999642E-3,,,,,316.00001194E-9,-79.999998212E-3,,,,,316.00001194E-9,28.80000114,
,,,316.40001907E-9,-280.00000119E-3,,,,,316.40001907E-9,-319.99999285E-3,,,,,316.40001907E-9,28.80000114,
,,,316.79999779E-9,-399.99997616E-3,,,,,316.79999779E-9,-399.99997616E-3,,,,,316.79999779E-9,28.80000114,
,,,317.20000493E-9,-479.999989271E-3,,,,,317.20000493E-9,-280.00000119E-3,,,,,317.20000493E-9,28.80000114,
,,,317.60001207E-9,-560.000002384E-3,,,,,317.60001207E-9,-119.9999973E-3,,,,,317.60001207E-9,29.20000076,
,,,318.00001921E-9,-639.999985695E-3,,,,,318.00001921E-9,0.0,,,,,318.00001921E-9,29.20000076,
,,,318.39999792E-9,-680.000007153E-3,,,,,318.39999792E-9,79.999998212E-3,,,,,318.39999792E-9,29.20000076,
,,,318.80000506E-9,-719.999969006E-3,,,,,318.80000506E-9,39.99999911E-3,,,,,318.80000506E-9,29.20000076,
,,,319.20001220E-9,-680.000007153E-3,,,,,319.20001220E-9,-119.9999973E-3,,,,,319.20001220E-9,28.39999962,
,,,319.60001934E-9,-599.999964237E-3,,,,,319.60001934E-9,-199.99998808E-3,,,,,319.60001934E-9,27.60000038,
,,,319.99999806E-9,-519.999980927E-3,,,,,319.99999806E-9,-159.99999642E-3,,,,,319.99999806E-9,26.80000114,
,,,320.40000519E-9,-359.99998450E-3,,,,,320.40000519E-9,0.0,,,,,320.40000519E-9,26.00000000,
,,,320.80001233E-9,-159.99999642E-3,,,,,320.80001233E-9,239.99999464E-3,,,,,320.80001233E-9,25.60000038,
,,,321.20001947E-9,39.99999911E-3,,,,,321.20001947E-9,560.000002384E-3,,,,,321.20001947E-9,25.20000076,
,,,321.59999819E-9,280.00000119E-3,,,,,321.59999819E-9,879.999995232E-3,,,,,321.59999819E-9,25.20000076,
,,,322.00000533E-9,439.999997616E-3,,,,,322.00000533E-9,1.000000,,,,,322.00000533E-9,25.20000076,
,,,322.40001246E-9,599.999964237E-3,,,,,322.40001246E-9,1.0799999,,,,,322.40001246E-9,25.20000076,
,,,322.80001960E-9,719.999969006E-3,,,,,322.80001960E-9,1.0400000,,,,,322.80001960E-9,25.20000076,
,,,323.19999832E-9,759.999990463E-3,,,,,323.19999832E-9,919.999957085E-3,,,,,323.19999832E-9,25.20000076,
,,,323.60000546E-9,799.999952316E-3,,,,,323.60000546E-9,799.999952316E-3,,,,,323.60000546E-9,24.80000114,
,,,324.00001260E-9,719.999969006E-3,,,,,324.00001260E-9,639.999985695E-3,,,,,324.00001260E-9,24.39999962,
,,,324.40001974E-9,680.000007153E-3,,,,,324.40001974E-9,560.000002384E-3,,,,,324.40001974E-9,24.00000000,
,,,324.79999845E-9,599.999964237E-3,,,,,324.79999845E-9,479.999989271E-3,,,,,324.79999845E-9,23.60000038,
,,,325.20000559E-9,560.000002384E-3,,,,,325.20000559E-9,479.999989271E-3,,,,,325.20000559E-9,22.80000114,
,,,325.60001273E-9,519.999980927E-3,,,,,325.60001273E-9,479.999989271E-3,,,,,325.60001273E-9,22.39999962,
,,,326.00001987E-9,439.999997616E-3,,,,,326.00001987E-9,479.999989271E-3,,,,,326.00001987E-9,22.39999962,
,,,326.39999858E-9,399.99997616E-3,,,,,326.39999858E-9,439.999997616E-3,,,,,326.39999858E-9,22.39999962,
,,,326.80000572E-9,319.99999285E-3,,,,,326.80000572E-9,319.99999285E-3,,,,,326.80000572E-9,22.39999962,
,,,327.20001286E-9,199.99998808E-3,,,,,327.20001286E-9,119.9999973E-3,,,,,327.20001286E-9,22.80000114,
,,,327.60002000E-9,119.9999973E-3,,,,,327.60002000E-9,-119.9999973E-3,,,,,327.60002000E-9,22.80000114,
,,,327.99999872E-9,0.0,,,,,327.99999872E-9,-359.99998450E-3,,,,,327.99999872E-9,22.80000114,
,,,328.40000586E-9,-79.999998212E-3,,,,,328.40000586E-9,-519.999980927E-3,,,,,328.40000586E-9,23.20000076,
,,,328.80001299E-9,-199.99998808E-3,,,,,328.80001299E-9,-560.000002384E-3,,,,,328.80001299E-9,23.60000038,
,,,329.20002013E-9,-280.00000119E-3,,,,,329.20002013E-9,-439.999997616E-3,,,,,329.20002013E-9,24.00000000,
,,,329.59999885E-9,-319.99999285E-3,,,,,329.59999885E-9,-280.00000119E-3,,,,,329.59999885E-9,24.39999962,
,,,330.00000599E-9,-399.99997616E-3,,,,,330.00000599E-9,-239.99999464E-3,,,,,330.00000599E-9,24.39999962,
,,,330.40001313E-9,-399.99997616E-3,,,,,330.40001313E-9,-199.99998808E-3,,,,,330.40001313E-9,24.39999962,
,,,330.80002027E-9,-399.99997616E-3,,,,,330.80002027E-9,-239.99999464E-3,,,,,330.80002027E-9,24.80000114,
,,,331.19999898E-9,-319.99999285E-3,,,,,331.19999898E-9,-359.99998450E-3,,,,,331.19999898E-9,25.20000076,
,,,331.60000612E-9,-239.99999464E-3,,,,,331.60000612E-9,-399.99997616E-3,,,,,331.60000612E-9,25.20000076,
,,,332.00001326E-9,-159.99999642E-3,,,,,332.00001326E-9,-399.99997616E-3,,,,,332.00001326E-9,25.60000038,
,,,332.40002040E-9,-79.999998212E-3,,,,,332.40002040E-9,-359.99998450E-3,,,,,332.40002040E-9,26.39999962,
,,,332.79999911E-9,39.99999911E-3,,,,,332.79999911E-9,-199.99998808E-3,,,,,332.79999911E-9,26.80000114,
,,,333.20000625E-9,79.999998212E-3,,,,,333.20000625E-9,0.0,,,,,333.20000625E-9,27.20000076,
,,,333.60001339E-9,159.99999642E-3,,,,,333.60001339E-9,239.99999464E-3,,,,,333.60001339E-9,27.60000038,
,,,334.00002053E-9,199.99998808E-3,,,,,334.00002053E-9,479.999989271E-3,,,,,334.00002053E-9,28.00000000,
,,,334.39999925E-9,199.99998808E-3,,,,,334.39999925E-9,680.000007153E-3,,,,,334.39999925E-9,28.00000000,
,,,334.80000639E-9,239.99999464E-3,,,,,334.80000639E-9,839.999973774E-3,,,,,334.80000639E-9,28.00000000,
,,,335.20001352E-9,280.00000119E-3,,,,,335.20001352E-9,879.999995232E-3,,,,,335.20001352E-9,28.00000000,
,,,335.60002066E-9,319.99999285E-3,,,,,335.60002066E-9,839.999973774E-3,,,,,335.60002066E-9,28.00000000,
,,,335.99999938E-9,319.99999285E-3,,,,,335.99999938E-9,680.000007153E-3,,,,,335.99999938E-9,27.60000038,
,,,336.40000652E-9,359.99998450E-3,,,,,336.40000652E-9,519.999980927E-3,,,,,336.40000652E-9,27.20000076,
,,,336.80001366E-9,319.99999285E-3,,,,,336.80001366E-9,479.999989271E-3,,,,,336.80001366E-9,26.80000114,
,,,337.20002079E-9,280.00000119E-3,,,,,337.20002079E-9,519.999980927E-3,,,,,337.20002079E-9,26.39999962,
,,,337.59999951E-9,239.99999464E-3,,,,,337.59999951E-9,639.999985695E-3,,,,,337.59999951E-9,26.00000000,
,,,338.00000665E-9,159.99999642E-3,,,,,338.00000665E-9,799.999952316E-3,,,,,338.00000665E-9,26.00000000,
,,,338.40001379E-9,79.999998212E-3,,,,,338.40001379E-9,959.999978542E-3,,,,,338.40001379E-9,26.00000000,
,,,338.80002093E-9,0.0,,,,,338.80002093E-9,919.999957085E-3,,,,,338.80002093E-9,26.00000000,
,,,339.19999964E-9,-39.99999911E-3,,,,,339.19999964E-9,759.999990463E-3,,,,,339.19999964E-9,26.00000000,
,,,339.60000678E-9,-79.999998212E-3,,,,,339.60000678E-9,519.999980927E-3,,,,,339.60000678E-9,26.00000000,
,,,340.00001392E-9,-119.9999973E-3,,,,,340.00001392E-9,239.99999464E-3,,,,,340.00001392E-9,25.60000038,
,,,340.40002106E-9,-119.9999973E-3,,,,,340.40002106E-9,39.99999911E-3,,,,,340.40002106E-9,25.20000076,
,,,340.79999978E-9,-159.99999642E-3,,,,,340.79999978E-9,-79.999998212E-3,,,,,340.79999978E-9,24.80000114,
,,,341.20000691E-9,-159.99999642E-3,,,,,341.20000691E-9,-39.99999911E-3,,,,,341.20000691E-9,24.39999962,
,,,341.60001405E-9,-159.99999642E-3,,,,,341.60001405E-9,0.0,,,,,341.60001405E-9,24.00000000,
,,,342.00002119E-9,-159.99999642E-3,,,,,342.00002119E-9,0.0,,,,,342.00002119E-9,24.00000000,
,,,342.39999991E-9,-159.99999642E-3,,,,,342.39999991E-9,-39.99999911E-3,,,,,342.39999991E-9,23.60000038,
,,,342.80000705E-9,-199.99998808E-3,,,,,342.80000705E-9,-119.9999973E-3,,,,,342.80000705E-9,24.00000000,
,,,343.20001419E-9,-239.99999464E-3,,,,,343.20001419E-9,-319.99999285E-3,,,,,343.20001419E-9,24.39999962,
,,,343.60002132E-9,-239.99999464E-3,,,,,343.60002132E-9,-479.999989271E-3,,,,,343.60002132E-9,24.80000114,
,,,344.00000004E-9,-280.00000119E-3,,,,,344.00000004E-9,-599.999964237E-3,,,,,344.00000004E-9,25.60000038,
,,,344.40000718E-9,-280.00000119E-3,,,,,344.40000718E-9,-639.999985695E-3,,,,,344.40000718E-9,26.00000000,
,,,344.80001432E-9,-280.00000119E-3,,,,,344.80001432E-9,-639.999985695E-3,,,,,344.80001432E-9,26.39999962,
,,,345.20002146E-9,-280.00000119E-3,,,,,345.20002146E-9,-519.999980927E-3,,,,,345.20002146E-9,26.00000000,
,,,345.60000017E-9,-239.99999464E-3,,,,,345.60000017E-9,-359.99998450E-3,,,,,345.60000017E-9,25.60000038,
,,,346.00000731E-9,-199.99998808E-3,,,,,346.00000731E-9,-239.99999464E-3,,,,,346.00000731E-9,25.20000076,
,,,346.40001445E-9,-159.99999642E-3,,,,,346.40001445E-9,-119.9999973E-3,,,,,346.40001445E-9,24.80000114,
,,,346.80002159E-9,-79.999998212E-3,,,,,346.80002159E-9,0.0,,,,,346.80002159E-9,24.39999962,
,,,347.20000031E-9,0.0,,,,,347.20000031E-9,39.99999911E-3,,,,,347.20000031E-9,24.39999962,
,,,347.60000744E-9,79.999998212E-3,,,,,347.60000744E-9,79.999998212E-3,,,,,347.60000744E-9,24.80000114,
,,,348.00001458E-9,119.9999973E-3,,,,,348.00001458E-9,79.999998212E-3,,,,,348.00001458E-9,24.80000114,
,,,348.40002172E-9,199.99998808E-3,,,,,348.40002172E-9,79.999998212E-3,,,,,348.40002172E-9,24.80000114,
,,,348.80000044E-9,239.99999464E-3,,,,,348.80000044E-9,159.99999642E-3,,,,,348.80000044E-9,24.39999962,
,,,349.20000758E-9,319.99999285E-3,,,,,349.20000758E-9,319.99999285E-3,,,,,349.20000758E-9,24.00000000,
,,,349.60001472E-9,359.99998450E-3,,,,,349.60001472E-9,519.999980927E-3,,,,,349.60001472E-9,23.60000038,
,,,350.00002185E-9,359.99998450E-3,,,,,350.00002185E-9,719.999969006E-3,,,,,350.00002185E-9,23.20000076,
,,,350.40000057E-9,399.99997616E-3,,,,,350.40000057E-9,879.999995232E-3,,,,,350.40000057E-9,22.80000114,
,,,350.80000771E-9,399.99997616E-3,,,,,350.80000771E-9,959.999978542E-3,,,,,350.80000771E-9,22.80000114,
,,,351.20001485E-9,399.99997616E-3,,,,,351.20001485E-9,959.999978542E-3,,,,,351.20001485E-9,22.80000114,
,,,351.60002199E-9,439.999997616E-3,,,,,351.60002199E-9,879.999995232E-3,,,,,351.60002199E-9,22.80000114,
,,,352.00000070E-9,439.999997616E-3,,,,,352.00000070E-9,719.999969006E-3,,,,,352.00000070E-9,23.20000076,
,,,352.40000784E-9,399.99997616E-3,,,,,352.40000784E-9,599.999964237E-3,,,,,352.40000784E-9,23.60000038,
,,,352.80001498E-9,319.99999285E-3,,,,,352.80001498E-9,439.999997616E-3,,,,,352.80001498E-9,24.00000000,
,,,353.20002212E-9,199.99998808E-3,,,,,353.20002212E-9,319.99999285E-3,,,,,353.20002212E-9,24.00000000,
,,,353.60000084E-9,79.999998212E-3,,,,,353.60000084E-9,280.00000119E-3,,,,,353.60000084E-9,24.80000114,
,,,354.00000797E-9,-79.999998212E-3,,,,,354.00000797E-9,239.99999464E-3,,,,,354.00000797E-9,24.80000114,
,,,354.40001511E-9,-239.99999464E-3,,,,,354.40001511E-9,239.99999464E-3,,,,,354.40001511E-9,25.20000076,
,,,354.80002225E-9,-359.99998450E-3,,,,,354.80002225E-9,199.99998808E-3,,,,,354.80002225E-9,25.60000038,
,,,355.20000097E-9,-439.999997616E-3,,,,,355.20000097E-9,159.99999642E-3,,,,,355.20000097E-9,25.60000038,
,,,355.60000811E-9,-479.999989271E-3,,,,,355.60000811E-9,79.999998212E-3,,,,,355.60000811E-9,25.60000038,
,,,356.00001524E-9,-519.999980927E-3,,,,,356.00001524E-9,-119.9999973E-3,,,,,356.00001524E-9,26.00000000,
,,,356.40002238E-9,-519.999980927E-3,,,,,356.40002238E-9,-280.00000119E-3,,,,,356.40002238E-9,26.39999962,
,,,356.80000110E-9,-479.999989271E-3,,,,,356.80000110E-9,-439.999997616E-3,,,,,356.80000110E-9,26.80000114,
,,,357.20000824E-9,-519.999980927E-3,,,,,357.20000824E-9,-479.999989271E-3,,,,,357.20000824E-9,26.80000114,
,,,357.60001538E-9,-479.999989271E-3,,,,,357.60001538E-9,-439.999997616E-3,,,,,357.60001538E-9,27.20000076,
,,,358.00002252E-9,-479.999989271E-3,,,,,358.00002252E-9,-319.99999285E-3,,,,,358.00002252E-9,27.20000076,
,,,358.40000123E-9,-399.99997616E-3,,,,,358.40000123E-9,-159.99999642E-3,,,,,358.40000123E-9,27.60000038,
,,,358.80000837E-9,-319.99999285E-3,,,,,358.80000837E-9,-39.99999911E-3,,,,,358.80000837E-9,27.60000038,
,,,359.20001551E-9,-239.99999464E-3,,,,,359.20001551E-9,39.99999911E-3,,,,,359.20001551E-9,28.00000000,
,,,359.60002265E-9,-119.9999973E-3,,,,,359.60002265E-9,79.999998212E-3,,,,,359.60002265E-9,28.00000000,
,,,360.00000136E-9,-39.99999911E-3,,,,,360.00000136E-9,79.999998212E-3,,,,,360.00000136E-9,27.60000038,
,,,360.40000850E-9,79.999998212E-3,,,,,360.40000850E-9,79.999998212E-3,,,,,360.40000850E-9,27.20000076,
,,,360.80001564E-9,199.99998808E-3,,,,,360.80001564E-9,159.99999642E-3,,,,,360.80001564E-9,26.80000114,
,,,361.20002278E-9,280.00000119E-3,,,,,361.20002278E-9,239.99999464E-3,,,,,361.20002278E-9,26.39999962,
,,,361.60000150E-9,359.99998450E-3,,,,,361.60000150E-9,399.99997616E-3,,,,,361.60000150E-9,26.00000000,
,,,362.00000864E-9,359.99998450E-3,,,,,362.00000864E-9,519.999980927E-3,,,,,362.00000864E-9,25.60000038,
,,,362.40001577E-9,399.99997616E-3,,,,,362.40001577E-9,639.999985695E-3,,,,,362.40001577E-9,25.20000076,
,,,362.80002291E-9,399.99997616E-3,,,,,362.80002291E-9,680.000007153E-3,,,,,362.80002291E-9,25.20000076,
,,,363.20000163E-9,399.99997616E-3,,,,,363.20000163E-9,719.999969006E-3,,,,,363.20000163E-9,25.20000076,
,,,363.60000877E-9,399.99997616E-3,,,,,363.60000877E-9,719.999969006E-3,,,,,363.60000877E-9,25.20000076,
,,,364.00001591E-9,399.99997616E-3,,,,,364.00001591E-9,639.999985695E-3,,,,,364.00001591E-9,25.20000076,
,,,364.40002305E-9,359.99998450E-3,,,,,364.40002305E-9,519.999980927E-3,,,,,364.40002305E-9,24.80000114,
,,,364.80000176E-9,319.99999285E-3,,,,,364.80000176E-9,399.99997616E-3,,,,,364.80000176E-9,24.39999962,
,,,365.20000890E-9,199.99998808E-3,,,,,365.20000890E-9,319.99999285E-3,,,,,365.20000890E-9,24.39999962,
,,,365.60001604E-9,79.999998212E-3,,,,,365.60001604E-9,280.00000119E-3,,,,,365.60001604E-9,24.39999962,
,,,366.00002318E-9,-79.999998212E-3,,,,,366.00002318E-9,280.00000119E-3,,,,,366.00002318E-9,24.00000000,
,,,366.40000189E-9,-159.99999642E-3,,,,,366.40000189E-9,280.00000119E-3,,,,,366.40000189E-9,23.20000076,
,,,366.80000903E-9,-239.99999464E-3,,,,,366.80000903E-9,239.99999464E-3,,,,,366.80000903E-9,22.80000114,
,,,367.20001617E-9,-239.99999464E-3,,,,,367.20001617E-9,159.99999642E-3,,,,,367.20001617E-9,22.00000000,
,,,367.60002331E-9,-199.99998808E-3,,,,,367.60002331E-9,79.999998212E-3,,,,,367.60002331E-9,21.60000038,
,,,368.00000203E-9,-199.99998808E-3,,,,,368.00000203E-9,-39.99999911E-3,,,,,368.00000203E-9,21.60000038,
,,,368.40000917E-9,-199.99998808E-3,,,,,368.40000917E-9,-119.9999973E-3,,,,,368.40000917E-9,21.60000038,
,,,368.80001630E-9,-159.99999642E-3,,,,,368.80001630E-9,-199.99998808E-3,,,,,368.80001630E-9,22.00000000,
,,,369.20002344E-9,-159.99999642E-3,,,,,369.20002344E-9,-199.99998808E-3,,,,,369.20002344E-9,22.00000000,
,,,369.60000216E-9,-159.99999642E-3,,,,,369.60000216E-9,-159.99999642E-3,,,,,369.60000216E-9,22.00000000,
,,,370.00000930E-9,-159.99999642E-3,,,,,370.00000930E-9,-119.9999973E-3,,,,,370.00000930E-9,22.00000000,
,,,370.40001644E-9,-159.99999642E-3,,,,,370.40001644E-9,-39.99999911E-3,,,,,370.40001644E-9,22.00000000,
,,,370.80002357E-9,-119.9999973E-3,,,,,370.80002357E-9,39.99999911E-3,,,,,370.80002357E-9,22.39999962,
,,,371.20000229E-9,-39.99999911E-3,,,,,371.20000229E-9,119.9999973E-3,,,,,371.20000229E-9,22.39999962,
,,,371.60000943E-9,79.999998212E-3,,,,,371.60000943E-9,199.99998808E-3,,,,,371.60000943E-9,22.80000114,
,,,372.00001657E-9,159.99999642E-3,,,,,372.00001657E-9,239.99999464E-3,,,,,372.00001657E-9,23.20000076,
,,,372.40002371E-9,239.99999464E-3,,,,,372.40002371E-9,319.99999285E-3,,,,,372.40002371E-9,23.20000076,
,,,372.80000242E-9,280.00000119E-3,,,,,372.80000242E-9,359.99998450E-3,,,,,372.80000242E-9,23.60000038,
,,,373.20000956E-9,319.99999285E-3,,,,,373.20000956E-9,399.99997616E-3,,,,,373.20000956E-9,24.00000000,
,,,373.60001670E-9,319.99999285E-3,,,,,373.60001670E-9,439.999997616E-3,,,,,373.60001670E-9,24.39999962,
,,,374.00002384E-9,280.00000119E-3,,,,,374.00002384E-9,479.999989271E-3,,,,,374.00002384E-9,24.80000114,
,,,374.40000256E-9,239.99999464E-3,,,,,374.40000256E-9,599.999964237E-3,,,,,374.40000256E-9,24.80000114,
,,,374.80000969E-9,199.99998808E-3,,,,,374.80000969E-9,680.000007153E-3,,,,,374.80000969E-9,25.20000076,
,,,375.20001683E-9,159.99999642E-3,,,,,375.20001683E-9,799.999952316E-3,,,,,375.20001683E-9,25.60000038,
,,,375.60002397E-9,119.9999973E-3,,,,,375.60002397E-9,839.999973774E-3,,,,,375.60002397E-9,25.60000038,
,,,376.00000269E-9,39.99999911E-3,,,,,376.00000269E-9,759.999990463E-3,,,,,376.00000269E-9,25.60000038,
,,,376.40000983E-9,0.0,,,,,376.40000983E-9,639.999985695E-3,,,,,376.40000983E-9,26.00000000,
,,,376.80001697E-9,-39.99999911E-3,,,,,376.80001697E-9,439.999997616E-3,,,,,376.80001697E-9,26.00000000,
,,,377.20002410E-9,-79.999998212E-3,,,,,377.20002410E-9,280.00000119E-3,,,,,377.20002410E-9,26.39999962,
,,,377.60000282E-9,-79.999998212E-3,,,,,377.60000282E-9,159.99999642E-3,,,,,377.60000282E-9,26.39999962,
,,,378.00000996E-9,-159.99999642E-3,,,,,378.00000996E-9,119.9999973E-3,,,,,378.00000996E-9,26.39999962,
,,,378.40001710E-9,-199.99998808E-3,,,,,378.40001710E-9,119.9999973E-3,,,,,378.40001710E-9,26.39999962,
,,,378.80002424E-9,-239.99999464E-3,,,,,378.80002424E-9,79.999998212E-3,,,,,378.80002424E-9,26.00000000,
,,,379.20000295E-9,-280.00000119E-3,,,,,379.20000295E-9,39.99999911E-3,,,,,379.20000295E-9,26.00000000,
,,,379.60001009E-9,-280.00000119E-3,,,,,379.60001009E-9,39.99999911E-3,,,,,379.60001009E-9,26.00000000,
,,,380.00001723E-9,-280.00000119E-3,,,,,380.00001723E-9,0.0,,,,,380.00001723E-9,25.60000038,
,,,380.40002437E-9,-239.99999464E-3,,,,,380.40002437E-9,0.0,,,,,380.40002437E-9,25.60000038,
,,,380.80000309E-9,-199.99998808E-3,,,,,380.80000309E-9,0.0,,,,,380.80000309E-9,25.60000038,
,,,381.20001022E-9,-199.99998808E-3,,,,,381.20001022E-9,39.99999911E-3,,,,,381.20001022E-9,25.60000038,
,,,381.60001736E-9,-159.99999642E-3,,,,,381.60001736E-9,119.9999973E-3,,,,,381.60001736E-9,25.20000076,
,,,381.99999608E-9,-119.9999973E-3,,,,,381.99999608E-9,159.99999642E-3,,,,,381.99999608E-9,24.80000114,
,,,382.40000322E-9,-79.999998212E-3,,,,,382.40000322E-9,239.99999464E-3,,,,,382.40000322E-9,24.80000114,
,,,382.80001036E-9,-39.99999911E-3,,,,,382.80001036E-9,280.00000119E-3,,,,,382.80001036E-9,24.39999962,
,,,383.20001750E-9,39.99999911E-3,,,,,383.20001750E-9,280.00000119E-3,,,,,383.20001750E-9,24.39999962,
,,,383.59999621E-9,119.9999973E-3,,,,,383.59999621E-9,319.99999285E-3,,,,,383.59999621E-9,24.00000000,
,,,384.00000335E-9,119.9999973E-3,,,,,384.00000335E-9,319.99999285E-3,,,,,384.00000335E-9,23.60000038,
,,,384.40001049E-9,159.99999642E-3,,,,,384.40001049E-9,319.99999285E-3,,,,,384.40001049E-9,23.20000076,
,,,384.80001763E-9,159.99999642E-3,,,,,384.80001763E-9,359.99998450E-3,,,,,384.80001763E-9,23.20000076,
,,,385.19999634E-9,119.9999973E-3,,,,,385.19999634E-9,359.99998450E-3,,,,,385.19999634E-9,22.80000114,
,,,385.60000348E-9,119.9999973E-3,,,,,385.60000348E-9,399.99997616E-3,,,,,385.60000348E-9,22.80000114,
,,,386.00001062E-9,79.999998212E-3,,,,,386.00001062E-9,359.99998450E-3,,,,,386.00001062E-9,22.80000114,
,,,386.40001776E-9,39.99999911E-3,,,,,386.40001776E-9,359.99998450E-3,,,,,386.40001776E-9,22.39999962,
,,,386.79999648E-9,0.0,,,,,386.79999648E-9,359.99998450E-3,,,,,386.79999648E-9,22.39999962,
,,,387.20000362E-9,-39.99999911E-3,,,,,387.20000362E-9,359.99998450E-3,,,,,387.20000362E-9,22.00000000,
,,,387.60001075E-9,-39.99999911E-3,,,,,387.60001075E-9,359.99998450E-3,,,,,387.60001075E-9,21.60000038,
,,,388.00001789E-9,-39.99999911E-3,,,,,388.00001789E-9,319.99999285E-3,,,,,388.00001789E-9,21.20000076,
,,,388.39999661E-9,-39.99999911E-3,,,,,388.39999661E-9,239.99999464E-3,,,,,388.39999661E-9,20.80000114,
,,,388.80000375E-9,-79.999998212E-3,,,,,388.80000375E-9,159.99999642E-3,,,,,388.80000375E-9,20.80000114,
,,,389.20001089E-9,-119.9999973E-3,,,,,389.20001089E-9,79.999998212E-3,,,,,389.20001089E-9,20.80000114,
,,,389.60001802E-9,-119.9999973E-3,,,,,389.60001802E-9,0.0,,,,,389.60001802E-9,20.80000114,
,,,389.99999674E-9,-159.99999642E-3,,,,,389.99999674E-9,-79.999998212E-3,,,,,389.99999674E-9,21.20000076,
,,,390.40000388E-9,-159.99999642E-3,,,,,390.40000388E-9,-119.9999973E-3,,,,,390.40000388E-9,20.80000114,
,,,390.80001102E-9,-159.99999642E-3,,,,,390.80001102E-9,-119.9999973E-3,,,,,390.80001102E-9,21.20000076,
,,,391.20001816E-9,-119.9999973E-3,,,,,391.20001816E-9,-119.9999973E-3,,,,,391.20001816E-9,21.60000038,
,,,391.59999687E-9,-39.99999911E-3,,,,,391.59999687E-9,-39.99999911E-3,,,,,391.59999687E-9,22.00000000,
,,,392.00000401E-9,0.0,,,,,392.00000401E-9,39.99999911E-3,,,,,392.00000401E-9,22.39999962,
,,,392.40001115E-9,39.99999911E-3,,,,,392.40001115E-9,119.9999973E-3,,,,,392.40001115E-9,22.80000114,
,,,392.80001829E-9,79.999998212E-3,,,,,392.80001829E-9,199.99998808E-3,,,,,392.80001829E-9,23.20000076,
,,,393.19999701E-9,159.99999642E-3,,,,,393.19999701E-9,280.00000119E-3,,,,,393.19999701E-9,23.60000038,
,,,393.60000414E-9,239.99999464E-3,,,,,393.60000414E-9,319.99999285E-3,,,,,393.60000414E-9,23.60000038,
,,,394.00001128E-9,239.99999464E-3,,,,,394.00001128E-9,319.99999285E-3,,,,,394.00001128E-9,23.60000038,
,,,394.40001842E-9,280.00000119E-3,,,,,394.40001842E-9,319.99999285E-3,,,,,394.40001842E-9,24.00000000,
,,,394.79999714E-9,239.99999464E-3,,,,,394.79999714E-9,399.99997616E-3,,,,,394.79999714E-9,24.00000000,
,,,395.20000428E-9,239.99999464E-3,,,,,395.20000428E-9,479.999989271E-3,,,,,395.20000428E-9,24.39999962,
,,,395.60001142E-9,239.99999464E-3,,,,,395.60001142E-9,599.999964237E-3,,,,,395.60001142E-9,24.80000114,
,,,396.00001855E-9,239.99999464E-3,,,,,396.00001855E-9,639.999985695E-3,,,,,396.00001855E-9,25.20000076,
,,,396.39999727E-9,239.99999464E-3,,,,,396.39999727E-9,639.999985695E-3,,,,,396.39999727E-9,25.60000038,
,,,396.80000441E-9,280.00000119E-3,,,,,396.80000441E-9,599.999964237E-3,,,,,396.80000441E-9,25.60000038,
,,,397.20001155E-9,239.99999464E-3,,,,,397.20001155E-9,479.999989271E-3,,,,,397.20001155E-9,26.00000000,
,,,397.60001869E-9,239.99999464E-3,,,,,397.60001869E-9,359.99998450E-3,,,,,397.60001869E-9,25.60000038,
,,,397.99999740E-9,159.99999642E-3,,,,,397.99999740E-9,239.99999464E-3,,,,,397.99999740E-9,25.20000076,
,,,398.40000454E-9,79.999998212E-3,,,,,398.40000454E-9,159.99999642E-3,,,,,398.40000454E-9,24.80000114,
,,,398.80001168E-9,0.0,,,,,398.80001168E-9,119.9999973E-3,,,,,398.80001168E-9,24.80000114,
,,,399.20001882E-9,-79.999998212E-3,,,,,399.20001882E-9,39.99999911E-3,,,,,399.20001882E-9,24.39999962,
,,,399.59999754E-9,-119.9999973E-3,,,,,399.59999754E-9,0.0,,,,,399.59999754E-9,24.80000114,
,,,400.00000467E-9,-199.99998808E-3,,,,,400.00000467E-9,-79.999998212E-3,,,,,400.00000467E-9,24.80000114,
,,,400.40001181E-9,-280.00000119E-3,,,,,400.40001181E-9,-159.99999642E-3,,,,,400.40001181E-9,24.80000114,
,,,400.80001895E-9,-319.99999285E-3,,,,,400.80001895E-9,-280.00000119E-3,,,,,400.80001895E-9,24.39999962,
,,,401.19999767E-9,-399.99997616E-3,,,,,401.19999767E-9,-359.99998450E-3,,,,,401.19999767E-9,24.39999962,
,,,401.60000481E-9,-399.99997616E-3,,,,,401.60000481E-9,-439.999997616E-3,,,,,401.60000481E-9,24.00000000,
,,,402.00001195E-9,-439.999997616E-3,,,,,402.00001195E-9,-519.999980927E-3,,,,,402.00001195E-9,23.60000038,
,,,402.40001908E-9,-399.99997616E-3,,,,,402.40001908E-9,-519.999980927E-3,,,,,402.40001908E-9,23.20000076,
,,,402.79999780E-9,-359.99998450E-3,,,,,402.79999780E-9,-519.999980927E-3,,,,,402.79999780E-9,22.80000114,
,,,403.20000494E-9,-280.00000119E-3,,,,,403.20000494E-9,-479.999989271E-3,,,,,403.20000494E-9,22.39999962,
,,,403.600012078E-9,-159.99999642E-3,,,,,403.600012078E-9,-359.99998450E-3,,,,,403.600012078E-9,22.00000000,
,,,404.000019216E-9,-119.9999973E-3,,,,,404.000019216E-9,-239.99999464E-3,,,,,404.000019216E-9,22.00000000,
,,,404.399997933E-9,0.0,,,,,404.399997933E-9,-79.999998212E-3,,,,,404.399997933E-9,22.00000000,
,,,404.800005072E-9,79.999998212E-3,,,,,404.800005072E-9,39.99999911E-3,,,,,404.800005072E-9,22.39999962,
,,,405.200012210E-9,199.99998808E-3,,,,,405.200012210E-9,199.99998808E-3,,,,,405.200012210E-9,22.39999962,
,,,405.600019349E-9,319.99999285E-3,,,,,405.600019349E-9,319.99999285E-3,,,,,405.600019349E-9,22.39999962,
,,,405.999998065E-9,399.99997616E-3,,,,,405.999998065E-9,399.99997616E-3,,,,,405.999998065E-9,22.39999962,
,,,406.400005204E-9,479.999989271E-3,,,,,406.400005204E-9,479.999989271E-3,,,,,406.400005204E-9,22.39999962,
,,,406.800012343E-9,519.999980927E-3,,,,,406.800012343E-9,560.000002384E-3,,,,,406.800012343E-9,22.39999962,
,,,407.200019481E-9,560.000002384E-3,,,,,407.200019481E-9,639.999985695E-3,,,,,407.200019481E-9,22.00000000,
,,,407.599998198E-9,560.000002384E-3,,,,,407.599998198E-9,719.999969006E-3,,,,,407.599998198E-9,22.00000000,
,,,408.000005336E-9,519.999980927E-3,,,,,408.000005336E-9,759.999990463E-3,,,,,408.000005336E-9,22.00000000,
,,,408.400012475E-9,439.999997616E-3,,,,,408.400012475E-9,759.999990463E-3,,,,,408.400012475E-9,22.00000000,
,,,408.800019613E-9,399.99997616E-3,,,,,408.800019613E-9,680.000007153E-3,,,,,408.800019613E-9,22.00000000,
,,,409.199998330E-9,319.99999285E-3,,,,,409.199998330E-9,560.000002384E-3,,,,,409.199998330E-9,21.60000038,
,,,409.600005469E-9,239.99999464E-3,,,,,409.600005469E-9,399.99997616E-3,,,,,409.600005469E-9,21.60000038,
,,,410.000012607E-9,159.99999642E-3,,,,,410.000012607E-9,239.99999464E-3,,,,,410.000012607E-9,21.60000038,
,,,410.400019746E-9,79.999998212E-3,,,,,410.400019746E-9,119.9999973E-3,,,,,410.400019746E-9,22.00000000,
,,,410.799998463E-9,0.0,,,,,410.799998463E-9,0.0,,,,,410.799998463E-9,22.00000000,
,,,411.200005601E-9,-79.999998212E-3,,,,,411.200005601E-9,-119.9999973E-3,,,,,411.200005601E-9,22.00000000,
,,,411.600012740E-9,-159.99999642E-3,,,,,411.600012740E-9,-199.99998808E-3,,,,,411.600012740E-9,22.00000000,
,,,412.000019878E-9,-239.99999464E-3,,,,,412.000019878E-9,-280.00000119E-3,,,,,412.000019878E-9,22.00000000,
,,,412.399998595E-9,-319.99999285E-3,,,,,412.399998595E-9,-359.99998450E-3,,,,,412.399998595E-9,22.00000000,
,,,412.800005734E-9,-359.99998450E-3,,,,,412.800005734E-9,-399.99997616E-3,,,,,412.800005734E-9,22.39999962,
,,,413.200012872E-9,-359.99998450E-3,,,,,413.200012872E-9,-479.999989271E-3,,,,,413.200012872E-9,22.80000114,
,,,413.600020011E-9,-359.99998450E-3,,,,,413.600020011E-9,-519.999980927E-3,,,,,413.600020011E-9,22.80000114,
,,,413.999998727E-9,-319.99999285E-3,,,,,413.999998727E-9,-599.999964237E-3,,,,,413.999998727E-9,23.20000076,
,,,414.400005866E-9,-280.00000119E-3,,,,,414.400005866E-9,-599.999964237E-3,,,,,414.400005866E-9,23.60000038,
,,,414.800013004E-9,-239.99999464E-3,,,,,414.800013004E-9,-599.999964237E-3,,,,,414.800013004E-9,23.60000038,
,,,415.200020143E-9,-199.99998808E-3,,,,,415.200020143E-9,-519.999980927E-3,,,,,415.200020143E-9,23.60000038,
,,,415.599998860E-9,-119.9999973E-3,,,,,415.599998860E-9,-399.99997616E-3,,,,,415.599998860E-9,23.20000076,
,,,416.000005998E-9,-79.999998212E-3,,,,,416.000005998E-9,-239.99999464E-3,,,,,416.000005998E-9,23.20000076,
,,,416.400013137E-9,0.0,,,,,416.400013137E-9,-79.999998212E-3,,,,,416.400013137E-9,23.60000038,
,,,416.800020275E-9,79.999998212E-3,,,,,416.800020275E-9,39.99999911E-3,,,,,416.800020275E-9,23.60000038,
,,,417.199998992E-9,119.9999973E-3,,,,,417.199998992E-9,119.9999973E-3,,,,,417.199998992E-9,23.60000038,
,,,417.600006131E-9,199.99998808E-3,,,,,417.600006131E-9,199.99998808E-3,,,,,417.600006131E-9,23.60000038,
,,,418.000013269E-9,239.99999464E-3,,,,,418.000013269E-9,239.99999464E-3,,,,,418.000013269E-9,23.60000038,
,,,418.400020408E-9,239.99999464E-3,,,,,418.400020408E-9,319.99999285E-3,,,,,418.400020408E-9,23.60000038,
,,,418.799999125E-9,280.00000119E-3,,,,,418.799999125E-9,399.99997616E-3,,,,,418.799999125E-9,23.60000038,
,,,419.200006263E-9,319.99999285E-3,,,,,419.200006263E-9,479.999989271E-3,,,,,419.200006263E-9,24.00000000,
,,,419.600013402E-9,319.99999285E-3,,,,,419.600013402E-9,519.999980927E-3,,,,,419.600013402E-9,24.39999962,
,,,420.000020540E-9,280.00000119E-3,,,,,420.000020540E-9,479.999989271E-3,,,,,420.000020540E-9,24.39999962,
,,,420.399999257E-9,239.99999464E-3,,,,,420.399999257E-9,439.999997616E-3,,,,,420.399999257E-9,24.39999962,
,,,420.800006395E-9,199.99998808E-3,,,,,420.800006395E-9,359.99998450E-3,,,,,420.800006395E-9,24.00000000,
,,,421.200013534E-9,119.9999973E-3,,,,,421.200013534E-9,280.00000119E-3,,,,,421.200013534E-9,24.00000000,
,,,421.600020672E-9,39.99999911E-3,,,,,421.600020672E-9,199.99998808E-3,,,,,421.600020672E-9,23.60000038,
,,,421.999999389E-9,-39.99999911E-3,,,,,421.999999389E-9,119.9999973E-3,,,,,421.999999389E-9,23.60000038,
,,,422.400006528E-9,-79.999998212E-3,,,,,422.400006528E-9,39.99999911E-3,,,,,422.400006528E-9,23.60000038,
,,,422.800013666E-9,-119.9999973E-3,,,,,422.800013666E-9,-39.99999911E-3,,,,,422.800013666E-9,23.60000038,
,,,423.200020805E-9,-159.99999642E-3,,,,,423.200020805E-9,-119.9999973E-3,,,,,423.200020805E-9,23.60000038,
,,,423.599999522E-9,-159.99999642E-3,,,,,423.599999522E-9,-159.99999642E-3,,,,,423.599999522E-9,23.20000076,
,,,424.000006660E-9,-199.99998808E-3,,,,,424.000006660E-9,-199.99998808E-3,,,,,424.000006660E-9,23.20000076,
,,,424.400013799E-9,-239.99999464E-3,,,,,424.400013799E-9,-239.99999464E-3,,,,,424.400013799E-9,22.80000114,
,,,424.800020937E-9,-280.00000119E-3,,,,,424.800020937E-9,-280.00000119E-3,,,,,424.800020937E-9,22.39999962,
,,,425.199999654E-9,-280.00000119E-3,,,,,425.199999654E-9,-319.99999285E-3,,,,,425.199999654E-9,22.39999962,
,,,425.600006793E-9,-280.00000119E-3,,,,,425.600006793E-9,-359.99998450E-3,,,,,425.600006793E-9,22.39999962,
,,,426.000013931E-9,-280.00000119E-3,,,,,426.000013931E-9,-439.999997616E-3,,,,,426.000013931E-9,22.00000000,
,,,426.400021070E-9,-280.00000119E-3,,,,,426.400021070E-9,-439.999997616E-3,,,,,426.400021070E-9,22.00000000,
,,,426.799999786E-9,-239.99999464E-3,,,,,426.799999786E-9,-439.999997616E-3,,,,,426.799999786E-9,22.00000000,
,,,427.200006925E-9,-199.99998808E-3,,,,,427.200006925E-9,-399.99997616E-3,,,,,427.200006925E-9,21.60000038,
,,,427.600014064E-9,-119.9999973E-3,,,,,427.600014064E-9,-280.00000119E-3,,,,,427.600014064E-9,21.60000038,
,,,428.000021202E-9,-79.999998212E-3,,,,,428.000021202E-9,-159.99999642E-3,,,,,428.000021202E-9,21.20000076,
,,,428.399999919E-9,0.0,,,,,428.399999919E-9,-39.99999911E-3,,,,,428.399999919E-9,21.20000076,
,,,428.800007057E-9,79.999998212E-3,,,,,428.800007057E-9,79.999998212E-3,,,,,428.800007057E-9,20.80000114,
,,,429.200014196E-9,119.9999973E-3,,,,,429.200014196E-9,119.9999973E-3,,,,,429.200014196E-9,20.80000114,
,,,429.600021334E-9,199.99998808E-3,,,,,429.600021334E-9,199.99998808E-3,,,,,429.600021334E-9,20.80000114,
,,,430.000000051E-9,199.99998808E-3,,,,,430.000000051E-9,199.99998808E-3,,,,,430.000000051E-9,20.39999962,
,,,430.400007190E-9,239.99999464E-3,,,,,430.400007190E-9,239.99999464E-3,,,,,430.400007190E-9,20.39999962,
,,,430.800014328E-9,239.99999464E-3,,,,,430.800014328E-9,199.99998808E-3,,,,,430.800014328E-9,20.39999962,
,,,431.200021467E-9,239.99999464E-3,,,,,431.200021467E-9,199.99998808E-3,,,,,431.200021467E-9,20.39999962,
,,,431.600000184E-9,239.99999464E-3,,,,,431.600000184E-9,199.99998808E-3,,,,,431.600000184E-9,20.39999962,
,,,432.000007322E-9,199.99998808E-3,,,,,432.000007322E-9,199.99998808E-3,,,,,432.000007322E-9,20.80000114,
,,,432.400014461E-9,199.99998808E-3,,,,,432.400014461E-9,239.99999464E-3,,,,,432.400014461E-9,21.20000076,
,,,432.800021599E-9,159.99999642E-3,,,,,432.800021599E-9,280.00000119E-3,,,,,432.800021599E-9,21.60000038,
,,,433.200000316E-9,119.9999973E-3,,,,,433.200000316E-9,239.99999464E-3,,,,,433.200000316E-9,22.00000000,
,,,433.600007455E-9,119.9999973E-3,,,,,433.600007455E-9,199.99998808E-3,,,,,433.600007455E-9,22.39999962,
,,,434.000014593E-9,79.999998212E-3,,,,,434.000014593E-9,79.999998212E-3,,,,,434.000014593E-9,22.80000114,
,,,434.400021732E-9,39.99999911E-3,,,,,434.400021732E-9,-79.999998212E-3,,,,,434.400021732E-9,22.80000114,
,,,434.800000448E-9,0.0,,,,,434.800000448E-9,-199.99998808E-3,,,,,434.800000448E-9,22.80000114,
,,,435.200007587E-9,0.0,,,,,435.200007587E-9,-280.00000119E-3,,,,,435.200007587E-9,22.80000114,
,,,435.600014725E-9,0.0,,,,,435.600014725E-9,-280.00000119E-3,,,,,435.600014725E-9,23.20000076,
,,,436.000021864E-9,0.0,,,,,436.000021864E-9,-280.00000119E-3,,,,,436.000021864E-9,23.20000076,
,,,436.400000581E-9,0.0,,,,,436.400000581E-9,-199.99998808E-3,,,,,436.400000581E-9,23.20000076,
,,,436.800007719E-9,0.0,,,,,436.800007719E-9,-159.99999642E-3,,,,,436.800007719E-9,23.20000076,
,,,437.200014858E-9,-39.99999911E-3,,,,,437.200014858E-9,-159.99999642E-3,,,,,437.200014858E-9,23.20000076,
,,,437.600021996E-9,-39.99999911E-3,,,,,437.600021996E-9,-119.9999973E-3,,,,,437.600021996E-9,23.20000076,
,,,438.000000713E-9,-79.999998212E-3,,,,,438.000000713E-9,-159.99999642E-3,,,,,438.000000713E-9,23.20000076,
,,,438.400007852E-9,-119.9999973E-3,,,,,438.400007852E-9,-159.99999642E-3,,,,,438.400007852E-9,23.20000076,
,,,438.800014990E-9,-119.9999973E-3,,,,,438.800014990E-9,-119.9999973E-3,,,,,438.800014990E-9,23.60000038,
,,,439.200022129E-9,-119.9999973E-3,,,,,439.200022129E-9,-39.99999911E-3,,,,,439.200022129E-9,23.60000038,
,,,439.600000846E-9,-119.9999973E-3,,,,,439.600000846E-9,39.99999911E-3,,,,,439.600000846E-9,23.60000038,
,,,440.000007984E-9,-159.99999642E-3,,,,,440.000007984E-9,79.999998212E-3,,,,,440.000007984E-9,23.20000076,
,,,440.400015123E-9,-159.99999642E-3,,,,,440.400015123E-9,159.99999642E-3,,,,,440.400015123E-9,23.20000076,
,,,440.800022261E-9,-159.99999642E-3,,,,,440.800022261E-9,199.99998808E-3,,,,,440.800022261E-9,23.20000076,
,,,441.200000978E-9,-199.99998808E-3,,,,,441.200000978E-9,239.99999464E-3,,,,,441.200000978E-9,22.80000114,
,,,441.600008116E-9,-159.99999642E-3,,,,,441.600008116E-9,280.00000119E-3,,,,,441.600008116E-9,22.80000114,
,,,442.000015255E-9,-159.99999642E-3,,,,,442.000015255E-9,239.99999464E-3,,,,,442.000015255E-9,22.80000114,
,,,442.400022393E-9,-159.99999642E-3,,,,,442.400022393E-9,239.99999464E-3,,,,,442.400022393E-9,22.39999962,
,,,442.800001110E-9,-119.9999973E-3,,,,,442.800001110E-9,199.99998808E-3,,,,,442.800001110E-9,22.80000114,
,,,443.200008249E-9,-79.999998212E-3,,,,,443.200008249E-9,159.99999642E-3,,,,,443.200008249E-9,22.80000114,
,,,443.600015387E-9,-39.99999911E-3,,,,,443.600015387E-9,159.99999642E-3,,,,,443.600015387E-9,22.80000114,
,,,444.000022526E-9,-39.99999911E-3,,,,,444.000022526E-9,119.9999973E-3,,,,,444.000022526E-9,23.20000076,
,,,444.400001243E-9,0.0,,,,,444.400001243E-9,119.9999973E-3,,,,,444.400001243E-9,22.80000114,
,,,444.800008381E-9,0.0,,,,,444.800008381E-9,119.9999973E-3,,,,,444.800008381E-9,22.80000114,
,,,445.200015520E-9,0.0,,,,,445.200015520E-9,119.9999973E-3,,,,,445.200015520E-9,22.39999962,
,,,445.600022658E-9,0.0,,,,,445.600022658E-9,119.9999973E-3,,,,,445.600022658E-9,22.39999962,
,,,446.000001375E-9,-39.99999911E-3,,,,,446.000001375E-9,79.999998212E-3,,,,,446.000001375E-9,22.39999962,
,,,446.400008514E-9,0.0,,,,,446.400008514E-9,39.99999911E-3,,,,,446.400008514E-9,22.39999962,
,,,446.800015652E-9,0.0,,,,,446.800015652E-9,0.0,,,,,446.800015652E-9,22.39999962,
,,,447.200022791E-9,39.99999911E-3,,,,,447.200022791E-9,-39.99999911E-3,,,,,447.200022791E-9,22.00000000,
,,,447.600001507E-9,79.999998212E-3,,,,,447.600001507E-9,-39.99999911E-3,,,,,447.600001507E-9,22.00000000,
,,,448.000008646E-9,79.999998212E-3,,,,,448.000008646E-9,-39.99999911E-3,,,,,448.000008646E-9,22.00000000,
,,,448.400015785E-9,79.999998212E-3,,,,,448.400015785E-9,-39.99999911E-3,,,,,448.400015785E-9,22.00000000,
,,,448.800022923E-9,39.99999911E-3,,,,,448.800022923E-9,0.0,,,,,448.800022923E-9,22.00000000,
,,,449.200001640E-9,39.99999911E-3,,,,,449.200001640E-9,39.99999911E-3,,,,,449.200001640E-9,21.60000038,
,,,449.600008778E-9,0.0,,,,,449.600008778E-9,79.999998212E-3,,,,,449.600008778E-9,21.60000038,
,,,450.000015917E-9,-39.99999911E-3,,,,,450.000015917E-9,39.99999911E-3,,,,,450.000015917E-9,21.20000076,
,,,450.400023055E-9,-79.999998212E-3,,,,,450.400023055E-9,39.99999911E-3,,,,,450.400023055E-9,20.80000114,
,,,450.800001772E-9,-119.9999973E-3,,,,,450.800001772E-9,0.0,,,,,450.800001772E-9,20.39999962,
,,,451.200008911E-9,-119.9999973E-3,,,,,451.200008911E-9,0.0,,,,,451.200008911E-9,20.39999962,
,,,451.600016049E-9,-79.999998212E-3,,,,,451.600016049E-9,0.0,,,,,451.600016049E-9,20.39999962,
,,,452.000023188E-9,-79.999998212E-3,,,,,452.000023188E-9,0.0,,,,,452.000023188E-9,20.80000114,
,,,452.400001905E-9,-79.999998212E-3,,,,,452.400001905E-9,79.999998212E-3,,,,,452.400001905E-9,20.80000114,
,,,452.800009043E-9,-39.99999911E-3,,,,,452.800009043E-9,159.99999642E-3,,,,,452.800009043E-9,21.20000076,
,,,453.200016182E-9,-39.99999911E-3,,,,,453.200016182E-9,199.99998808E-3,,,,,453.200016182E-9,21.20000076,
,,,453.600023320E-9,-39.99999911E-3,,,,,453.600023320E-9,280.00000119E-3,,,,,453.600023320E-9,21.20000076,
,,,454.000002037E-9,-39.99999911E-3,,,,,454.000002037E-9,239.99999464E-3,,,,,454.000002037E-9,21.20000076,
,,,454.400009176E-9,-39.99999911E-3,,,,,454.400009176E-9,199.99998808E-3,,,,,454.400009176E-9,21.60000038,
,,,454.800016314E-9,-39.99999911E-3,,,,,454.800016314E-9,159.99999642E-3,,,,,454.800016314E-9,21.60000038,
,,,455.200023453E-9,-39.99999911E-3,,,,,455.200023453E-9,119.9999973E-3,,,,,455.200023453E-9,21.60000038,
,,,455.600002169E-9,0.0,,,,,455.600002169E-9,119.9999973E-3,,,,,455.600002169E-9,22.00000000,
,,,456.000009308E-9,0.0,,,,,456.000009308E-9,79.999998212E-3,,,,,456.000009308E-9,22.00000000,
,,,456.400016446E-9,0.0,,,,,456.400016446E-9,79.999998212E-3,,,,,456.400016446E-9,22.00000000,
,,,456.800023585E-9,39.99999911E-3,,,,,456.800023585E-9,119.9999973E-3,,,,,456.800023585E-9,22.00000000,
,,,457.200002302E-9,39.99999911E-3,,,,,457.200002302E-9,119.9999973E-3,,,,,457.200002302E-9,22.39999962,
,,,457.600009440E-9,39.99999911E-3,,,,,457.600009440E-9,159.99999642E-3,,,,,457.600009440E-9,22.39999962,
,,,458.000016579E-9,39.99999911E-3,,,,,458.000016579E-9,119.9999973E-3,,,,,458.000016579E-9,22.80000114,
,,,458.400023717E-9,39.99999911E-3,,,,,458.400023717E-9,119.9999973E-3,,,,,458.400023717E-9,22.80000114,
,,,458.800002434E-9,0.0,,,,,458.800002434E-9,119.9999973E-3,,,,,458.800002434E-9,22.80000114,
,,,459.200009573E-9,0.0,,,,,459.200009573E-9,119.9999973E-3,,,,,459.200009573E-9,22.80000114,
,,,459.600016711E-9,0.0,,,,,459.600016711E-9,119.9999973E-3,,,,,459.600016711E-9,22.80000114,
,,,460.000023850E-9,-39.99999911E-3,,,,,460.000023850E-9,119.9999973E-3,,,,,460.000023850E-9,23.20000076,
,,,460.400002567E-9,-39.99999911E-3,,,,,460.400002567E-9,119.9999973E-3,,,,,460.400002567E-9,23.20000076,
,,,460.800009705E-9,-79.999998212E-3,,,,,460.800009705E-9,119.9999973E-3,,,,,460.800009705E-9,23.20000076,
,,,461.200016844E-9,-79.999998212E-3,,,,,461.200016844E-9,119.9999973E-3,,,,,461.200016844E-9,23.60000038,
,,,461.600023982E-9,-79.999998212E-3,,,,,461.600023982E-9,119.9999973E-3,,,,,461.600023982E-9,23.60000038,
,,,462.000002699E-9,-119.9999973E-3,,,,,462.000002699E-9,119.9999973E-3,,,,,462.000002699E-9,23.60000038,
,,,462.400009837E-9,-119.9999973E-3,,,,,462.400009837E-9,119.9999973E-3,,,,,462.400009837E-9,23.60000038,
,,,462.800016976E-9,-159.99999642E-3,,,,,462.800016976E-9,119.9999973E-3,,,,,462.800016976E-9,23.20000076,
,,,463.200024114E-9,-159.99999642E-3,,,,,463.200024114E-9,119.9999973E-3,,,,,463.200024114E-9,23.20000076,
,,,463.600002831E-9,-159.99999642E-3,,,,,463.600002831E-9,119.9999973E-3,,,,,463.600002831E-9,23.20000076,
,,,464.000009970E-9,-199.99998808E-3,,,,,464.000009970E-9,79.999998212E-3,,,,,464.000009970E-9,22.80000114,
,,,464.400017108E-9,-159.99999642E-3,,,,,464.400017108E-9,79.999998212E-3,,,,,464.400017108E-9,22.80000114,
,,,464.800024247E-9,-159.99999642E-3,,,,,464.800024247E-9,119.9999973E-3,,,,,464.800024247E-9,22.80000114,
,,,465.200002964E-9,-159.99999642E-3,,,,,465.200002964E-9,159.99999642E-3,,,,,465.200002964E-9,22.39999962,
,,,465.600010102E-9,-119.9999973E-3,,,,,465.600010102E-9,199.99998808E-3,,,,,465.600010102E-9,22.39999962,
,,,466.000017241E-9,-119.9999973E-3,,,,,466.000017241E-9,199.99998808E-3,,,,,466.000017241E-9,22.39999962,
,,,466.400024379E-9,-119.9999973E-3,,,,,466.400024379E-9,199.99998808E-3,,,,,466.400024379E-9,22.39999962,
,,,466.800003096E-9,-79.999998212E-3,,,,,466.800003096E-9,159.99999642E-3,,,,,466.800003096E-9,22.39999962,
,,,467.200010235E-9,-79.999998212E-3,,,,,467.200010235E-9,119.9999973E-3,,,,,467.200010235E-9,22.00000000,
,,,467.600017373E-9,-39.99999911E-3,,,,,467.600017373E-9,79.999998212E-3,,,,,467.600017373E-9,21.60000038,
,,,468.000024512E-9,-39.99999911E-3,,,,,468.000024512E-9,39.99999911E-3,,,,,468.000024512E-9,21.60000038,
,,,468.400003228E-9,-39.99999911E-3,,,,,468.400003228E-9,39.99999911E-3,,,,,468.400003228E-9,21.20000076,
,,,468.800010367E-9,0.0,,,,,468.800010367E-9,39.99999911E-3,,,,,468.800010367E-9,21.20000076,
,,,469.200017506E-9,39.99999911E-3,,,,,469.200017506E-9,79.999998212E-3,,,,,469.200017506E-9,20.80000114,
,,,469.600024644E-9,79.999998212E-3,,,,,469.600024644E-9,119.9999973E-3,,,,,469.600024644E-9,20.80000114,
,,,470.000003361E-9,79.999998212E-3,,,,,470.000003361E-9,119.9999973E-3,,,,,470.000003361E-9,20.80000114,
,,,470.400010499E-9,119.9999973E-3,,,,,470.400010499E-9,159.99999642E-3,,,,,470.400010499E-9,20.80000114,
,,,470.800017638E-9,119.9999973E-3,,,,,470.800017638E-9,119.9999973E-3,,,,,470.800017638E-9,20.80000114,
,,,471.200024776E-9,119.9999973E-3,,,,,471.200024776E-9,119.9999973E-3,,,,,471.200024776E-9,20.80000114,
,,,471.600003493E-9,119.9999973E-3,,,,,471.600003493E-9,119.9999973E-3,,,,,471.600003493E-9,20.80000114,
,,,472.000010632E-9,119.9999973E-3,,,,,472.000010632E-9,79.999998212E-3,,,,,472.000010632E-9,20.80000114,
,,,472.400017770E-9,119.9999973E-3,,,,,472.400017770E-9,119.9999973E-3,,,,,472.400017770E-9,20.80000114,
,,,472.800024909E-9,119.9999973E-3,,,,,472.800024909E-9,119.9999973E-3,,,,,472.800024909E-9,20.80000114,
,,,473.200003626E-9,79.999998212E-3,,,,,473.200003626E-9,119.9999973E-3,,,,,473.200003626E-9,21.20000076,
,,,473.600010764E-9,79.999998212E-3,,,,,473.600010764E-9,159.99999642E-3,,,,,473.600010764E-9,21.20000076,
,,,474.000017903E-9,39.99999911E-3,,,,,474.000017903E-9,159.99999642E-3,,,,,474.000017903E-9,21.20000076,
,,,474.400025041E-9,0.0,,,,,474.400025041E-9,159.99999642E-3,,,,,474.400025041E-9,21.60000038,
,,,474.800003758E-9,-39.99999911E-3,,,,,474.800003758E-9,119.9999973E-3,,,,,474.800003758E-9,21.60000038,
,,,475.200010897E-9,-79.999998212E-3,,,,,475.200010897E-9,79.999998212E-3,,,,,475.200010897E-9,21.60000038,
,,,475.600018035E-9,-79.999998212E-3,,,,,475.600018035E-9,79.999998212E-3,,,,,475.600018035E-9,21.60000038,
,,,476.000025174E-9,-119.9999973E-3,,,,,476.000025174E-9,39.99999911E-3,,,,,476.000025174E-9,22.00000000,
,,,476.400003890E-9,-79.999998212E-3,,,,,476.400003890E-9,79.999998212E-3,,,,,476.400003890E-9,22.39999962,
,,,476.800011029E-9,-79.999998212E-3,,,,,476.800011029E-9,79.999998212E-3,,,,,476.800011029E-9,22.39999962,
,,,477.199989746E-9,-119.9999973E-3,,,,,477.199989746E-9,79.999998212E-3,,,,,477.199989746E-9,22.39999962,
,,,477.599996884E-9,-79.999998212E-3,,,,,477.599996884E-9,79.999998212E-3,,,,,477.599996884E-9,22.80000114,
,,,478.000004023E-9,-79.999998212E-3,,,,,478.000004023E-9,79.999998212E-3,,,,,478.000004023E-9,22.80000114,
,,,478.400011161E-9,-39.99999911E-3,,,,,478.400011161E-9,79.999998212E-3,,,,,478.400011161E-9,22.80000114,
,,,478.800018300E-9,0.0,,,,,478.800018300E-9,39.99999911E-3,,,,,478.800018300E-9,22.80000114,
,,,479.200025438E-9,0.0,,,,,479.200025438E-9,39.99999911E-3,,,,,479.200025438E-9,22.80000114,
,,,479.600032577E-9,39.99999911E-3,,,,,479.600032577E-9,39.99999911E-3,,,,,479.600032577E-9,22.80000114,
,,,480.000039715E-9,0.0,,,,,480.000039715E-9,0.0,,,,,480.000039715E-9,22.80000114,
,,,480.399990010E-9,0.0,,,,,480.399990010E-9,0.0,,,,,480.399990010E-9,22.80000114,
,,,480.799997149E-9,0.0,,,,,480.799997149E-9,0.0,,,,,480.799997149E-9,22.80000114,
,,,481.200004288E-9,39.99999911E-3,,,,,481.200004288E-9,0.0,,,,,481.200004288E-9,22.80000114,
,,,481.600011426E-9,79.999998212E-3,,,,,481.600011426E-9,39.99999911E-3,,,,,481.600011426E-9,22.80000114,
,,,482.000018565E-9,79.999998212E-3,,,,,482.000018565E-9,39.99999911E-3,,,,,482.000018565E-9,22.80000114,
,,,482.400025703E-9,79.999998212E-3,,,,,482.400025703E-9,79.999998212E-3,,,,,482.400025703E-9,22.80000114,
,,,482.800032842E-9,79.999998212E-3,,,,,482.800032842E-9,39.99999911E-3,,,,,482.800032842E-9,22.80000114,
,,,483.199983137E-9,79.999998212E-3,,,,,483.199983137E-9,39.99999911E-3,,,,,483.199983137E-9,22.80000114,
,,,483.599990275E-9,79.999998212E-3,,,,,483.599990275E-9,0.0,,,,,483.599990275E-9,22.80000114,
,,,483.999997414E-9,79.999998212E-3,,,,,483.999997414E-9,-39.99999911E-3,,,,,483.999997414E-9,22.39999962,
,,,484.400004552E-9,79.999998212E-3,,,,,484.400004552E-9,-39.99999911E-3,,,,,484.400004552E-9,22.80000114,
,,,484.800011691E-9,39.99999911E-3,,,,,484.800011691E-9,-39.99999911E-3,,,,,484.800011691E-9,22.39999962,
,,,485.200018829E-9,39.99999911E-3,,,,,485.200018829E-9,-39.99999911E-3,,,,,485.200018829E-9,22.39999962,
,,,485.600025968E-9,0.0,,,,,485.600025968E-9,0.0,,,,,485.600025968E-9,22.39999962,
,,,486.000033106E-9,-39.99999911E-3,,,,,486.000033106E-9,0.0,,,,,486.000033106E-9,22.00000000,
,,,486.399983401E-9,-79.999998212E-3,,,,,486.399983401E-9,0.0,,,,,486.399983401E-9,22.39999962,
,,,486.799990540E-9,-79.999998212E-3,,,,,486.799990540E-9,-39.99999911E-3,,,,,486.799990540E-9,22.00000000,
,,,487.199997679E-9,-79.999998212E-3,,,,,487.199997679E-9,-39.99999911E-3,,,,,487.199997679E-9,22.00000000,
,,,487.600004817E-9,-39.99999911E-3,,,,,487.600004817E-9,-39.99999911E-3,,,,,487.600004817E-9,21.60000038,
,,,488.000011956E-9,-39.99999911E-3,,,,,488.000011956E-9,-79.999998212E-3,,,,,488.000011956E-9,21.60000038,
,,,488.400019094E-9,-39.99999911E-3,,,,,488.400019094E-9,-79.999998212E-3,,,,,488.400019094E-9,21.20000076,
,,,488.800026233E-9,0.0,,,,,488.800026233E-9,-39.99999911E-3,,,,,488.800026233E-9,20.80000114,
,,,489.200033371E-9,0.0,,,,,489.200033371E-9,0.0,,,,,489.200033371E-9,20.80000114,
,,,489.599983666E-9,0.0,,,,,489.599983666E-9,39.99999911E-3,,,,,489.599983666E-9,20.80000114,
,,,489.999990805E-9,0.0,,,,,489.999990805E-9,39.99999911E-3,,,,,489.999990805E-9,20.39999962,
,,,490.399997943E-9,0.0,,,,,490.399997943E-9,79.999998212E-3,,,,,490.399997943E-9,20.39999962,
,,,490.800005082E-9,39.99999911E-3,,,,,490.800005082E-9,39.99999911E-3,,,,,490.800005082E-9,20.39999962,
,,,491.200012220E-9,79.999998212E-3,,,,,491.200012220E-9,39.99999911E-3,,,,,491.200012220E-9,20.39999962,
,,,491.600019359E-9,119.9999973E-3,,,,,491.600019359E-9,0.0,,,,,491.600019359E-9,20.39999962,
,,,492.000026497E-9,119.9999973E-3,,,,,492.000026497E-9,-39.99999911E-3,,,,,492.000026497E-9,20.39999962,
,,,492.400033636E-9,159.99999642E-3,,,,,492.400033636E-9,-39.99999911E-3,,,,,492.400033636E-9,20.39999962,
,,,492.799983931E-9,159.99999642E-3,,,,,492.799983931E-9,-39.99999911E-3,,,,,492.799983931E-9,20.39999962,
,,,493.199991070E-9,119.9999973E-3,,,,,493.199991070E-9,-39.99999911E-3,,,,,493.199991070E-9,20.39999962,
,,,493.599998208E-9,119.9999973E-3,,,,,493.599998208E-9,0.0,,,,,493.599998208E-9,20.39999962,
,,,494.000005347E-9,79.999998212E-3,,,,,494.000005347E-9,0.0,,,,,494.000005347E-9,20.39999962,
,,,494.400012485E-9,79.999998212E-3,,,,,494.400012485E-9,0.0,,,,,494.400012485E-9,20.80000114,
,,,494.800019624E-9,39.99999911E-3,,,,,494.800019624E-9,0.0,,,,,494.800019624E-9,21.20000076,
,,,495.200026762E-9,0.0,,,,,495.200026762E-9,-39.99999911E-3,,,,,495.200026762E-9,21.60000038,
,,,495.600033901E-9,0.0,,,,,495.600033901E-9,-39.99999911E-3,,,,,495.600033901E-9,21.60000038,
,,,495.999984196E-9,-39.99999911E-3,,,,,495.999984196E-9,-79.999998212E-3,,,,,495.999984196E-9,22.00000000,
,,,496.399991334E-9,-39.99999911E-3,,,,,496.399991334E-9,-119.9999973E-3,,,,,496.399991334E-9,22.00000000,
,,,496.799998473E-9,-39.99999911E-3,,,,,496.799998473E-9,-119.9999973E-3,,,,,496.799998473E-9,22.39999962,
,,,497.200005611E-9,-39.99999911E-3,,,,,497.200005611E-9,-119.9999973E-3,,,,,497.200005611E-9,22.39999962,
,,,497.600012750E-9,-39.99999911E-3,,,,,497.600012750E-9,-119.9999973E-3,,,,,497.600012750E-9,22.39999962,
,,,498.000019888E-9,-39.99999911E-3,,,,,498.000019888E-9,-159.99999642E-3,,,,,498.000019888E-9,22.39999962,
,,,498.400027027E-9,-39.99999911E-3,,,,,498.400027027E-9,-159.99999642E-3,,,,,498.400027027E-9,22.39999962,
,,,498.800034165E-9,-39.99999911E-3,,,,,498.800034165E-9,-159.99999642E-3,,,,,498.800034165E-9,22.39999962,
,,,499.199984461E-9,-39.99999911E-3,,,,,499.199984461E-9,-159.99999642E-3,,,,,499.199984461E-9,22.80000114,
,,,499.599991599E-9,0.0,,,,,499.599991599E-9,-159.99999642E-3,,,,,499.599991599E-9,22.80000114,
,,,499.999998738E-9,0.0,,,,,499.999998738E-9,-159.99999642E-3,,,,,499.999998738E-9,22.80000114,
,,,500.400005876E-9,0.0,,,,,500.400005876E-9,-159.99999642E-3,,,,,500.400005876E-9,22.80000114,
,,,500.800013015E-9,39.99999911E-3,,,,,500.800013015E-9,-159.99999642E-3,,,,,500.800013015E-9,22.39999962,
,,,501.200020153E-9,39.99999911E-3,,,,,501.200020153E-9,-159.99999642E-3,,,,,501.200020153E-9,22.39999962,
,,,501.600027292E-9,79.999998212E-3,,,,,501.600027292E-9,-119.9999973E-3,,,,,501.600027292E-9,22.39999962,
,,,502.000034430E-9,79.999998212E-3,,,,,502.000034430E-9,-119.9999973E-3,,,,,502.000034430E-9,22.39999962,
,,,502.399984725E-9,79.999998212E-3,,,,,502.399984725E-9,-79.999998212E-3,,,,,502.399984725E-9,22.39999962,
,,,502.799991864E-9,119.9999973E-3,,,,,502.799991864E-9,-39.99999911E-3,,,,,502.799991864E-9,22.80000114,
,,,503.199999002E-9,119.9999973E-3,,,,,503.199999002E-9,-39.99999911E-3,,,,,503.199999002E-9,22.39999962,
,,,503.600006141E-9,119.9999973E-3,,,,,503.600006141E-9,-39.99999911E-3,,,,,503.600006141E-9,22.39999962,
,,,504.000013279E-9,79.999998212E-3,,,,,504.000013279E-9,-79.999998212E-3,,,,,504.000013279E-9,22.00000000,
,,,504.400020418E-9,39.99999911E-3,,,,,504.400020418E-9,-79.999998212E-3,,,,,504.400020418E-9,22.00000000,
,,,504.800027556E-9,39.99999911E-3,,,,,504.800027556E-9,-79.999998212E-3,,,,,504.800027556E-9,22.00000000,
,,,505.200034695E-9,39.99999911E-3,,,,,505.200034695E-9,-119.9999973E-3,,,,,505.200034695E-9,22.00000000,
,,,505.599984990E-9,39.99999911E-3,,,,,505.599984990E-9,-79.999998212E-3,,,,,505.599984990E-9,22.00000000,
,,,505.999992129E-9,0.0,,,,,505.999992129E-9,-79.999998212E-3,,,,,505.999992129E-9,21.60000038,
,,,506.399999267E-9,0.0,,,,,506.399999267E-9,-79.999998212E-3,,,,,506.399999267E-9,21.60000038,
,,,506.800006406E-9,-39.99999911E-3,,,,,506.800006406E-9,-39.99999911E-3,,,,,506.800006406E-9,21.60000038,
,,,507.200013544E-9,-79.999998212E-3,,,,,507.200013544E-9,-79.999998212E-3,,,,,507.200013544E-9,21.60000038,
,,,507.600020683E-9,-79.999998212E-3,,,,,507.600020683E-9,-79.999998212E-3,,,,,507.600020683E-9,21.60000038,
,,,508.000027821E-9,-79.999998212E-3,,,,,508.000027821E-9,-119.9999973E-3,,,,,508.000027821E-9,21.60000038,
,,,508.400034960E-9,-79.999998212E-3,,,,,508.400034960E-9,-119.9999973E-3,,,,,508.400034960E-9,21.20000076,
,,,508.799985255E-9,-39.99999911E-3,,,,,508.799985255E-9,-119.9999973E-3,,,,,508.799985255E-9,21.20000076,
,,,509.199992393E-9,-39.99999911E-3,,,,,509.199992393E-9,-79.999998212E-3,,,,,509.199992393E-9,21.20000076,
,,,509.599999532E-9,-39.99999911E-3,,,,,509.599999532E-9,-39.99999911E-3,,,,,509.599999532E-9,20.80000114,
,,,510.000006670E-9,-39.99999911E-3,,,,,510.000006670E-9,-39.99999911E-3,,,,,510.000006670E-9,20.80000114,
,,,510.400013809E-9,-39.99999911E-3,,,,,510.400013809E-9,0.0,,,,,510.400013809E-9,20.80000114,
,,,510.800020947E-9,0.0,,,,,510.800020947E-9,0.0,,,,,510.800020947E-9,20.80000114,
,,,511.200028086E-9,0.0,,,,,511.200028086E-9,0.0,,,,,511.200028086E-9,21.20000076,
,,,511.600035225E-9,39.99999911E-3,,,,,511.600035225E-9,0.0,,,,,511.600035225E-9,21.20000076,
,,,511.999985520E-9,39.99999911E-3,,,,,511.999985520E-9,-39.99999911E-3,,,,,511.999985520E-9,20.80000114,
,,,512.399992658E-9,79.999998212E-3,,,,,512.399992658E-9,-79.999998212E-3,,,,,512.399992658E-9,20.80000114,
,,,512.799999797E-9,39.99999911E-3,,,,,512.799999797E-9,-79.999998212E-3,,,,,512.799999797E-9,20.80000114,
,,,513.200006935E-9,39.99999911E-3,,,,,513.200006935E-9,-79.999998212E-3,,,,,513.200006935E-9,20.39999962,
,,,513.600014074E-9,39.99999911E-3,,,,,513.600014074E-9,-79.999998212E-3,,,,,513.600014074E-9,20.39999962,
,,,514.000021212E-9,39.99999911E-3,,,,,514.000021212E-9,-79.999998212E-3,,,,,514.000021212E-9,20.80000114,
,,,514.400028351E-9,39.99999911E-3,,,,,514.400028351E-9,-79.999998212E-3,,,,,514.400028351E-9,20.80000114,
,,,514.800035489E-9,0.0,,,,,514.800035489E-9,-79.999998212E-3,,,,,514.800035489E-9,21.20000076,
,,,515.199985784E-9,0.0,,,,,515.199985784E-9,-79.999998212E-3,,,,,515.199985784E-9,21.20000076,
,,,515.599992923E-9,0.0,,,,,515.599992923E-9,-79.999998212E-3,,,,,515.599992923E-9,21.20000076,
,,,516.000000061E-9,-39.99999911E-3,,,,,516.000000061E-9,-119.9999973E-3,,,,,516.000000061E-9,21.20000076,
,,,516.400007200E-9,-39.99999911E-3,,,,,516.400007200E-9,-119.9999973E-3,,,,,516.400007200E-9,21.20000076,
,,,516.800014339E-9,-39.99999911E-3,,,,,516.800014339E-9,-119.9999973E-3,,,,,516.800014339E-9,21.60000038,
,,,517.200021477E-9,-39.99999911E-3,,,,,517.200021477E-9,-159.99999642E-3,,,,,517.200021477E-9,21.60000038,
,,,517.600028616E-9,-39.99999911E-3,,,,,517.600028616E-9,-119.9999973E-3,,,,,517.600028616E-9,21.60000038,
,,,518.000035754E-9,-39.99999911E-3,,,,,518.000035754E-9,-119.9999973E-3,,,,,518.000035754E-9,22.00000000,
,,,518.399986049E-9,-39.99999911E-3,,,,,518.399986049E-9,-119.9999973E-3,,,,,518.399986049E-9,22.00000000,
,,,518.799993188E-9,-79.999998212E-3,,,,,518.799993188E-9,-79.999998212E-3,,,,,518.799993188E-9,22.00000000,
,,,519.200000326E-9,-79.999998212E-3,,,,,519.200000326E-9,-79.999998212E-3,,,,,519.200000326E-9,22.00000000,
,,,519.600007465E-9,-79.999998212E-3,,,,,519.600007465E-9,-79.999998212E-3,,,,,519.600007465E-9,22.00000000,
,,,520.000014603E-9,-119.9999973E-3,,,,,520.000014603E-9,-79.999998212E-3,,,,,520.000014603E-9,21.60000038,
,,,520.400021742E-9,-79.999998212E-3,,,,,520.400021742E-9,-79.999998212E-3,,,,,520.400021742E-9,21.60000038,
,,,520.800028880E-9,-79.999998212E-3,,,,,520.800028880E-9,-79.999998212E-3,,,,,520.800028880E-9,22.00000000,
,,,521.200036019E-9,-79.999998212E-3,,,,,521.200036019E-9,-79.999998212E-3,,,,,521.200036019E-9,22.00000000,
,,,521.599986314E-9,-39.99999911E-3,,,,,521.599986314E-9,-39.99999911E-3,,,,,521.599986314E-9,22.00000000,
,,,521.999993452E-9,-39.99999911E-3,,,,,521.999993452E-9,-39.99999911E-3,,,,,521.999993452E-9,22.00000000,
,,,522.400000591E-9,0.0,,,,,522.400000591E-9,0.0,,,,,522.400000591E-9,22.00000000,
,,,522.800007730E-9,39.99999911E-3,,,,,522.800007730E-9,39.99999911E-3,,,,,522.800007730E-9,22.00000000,
,,,523.200014868E-9,39.99999911E-3,,,,,523.200014868E-9,39.99999911E-3,,,,,523.200014868E-9,22.00000000,
,,,523.600022007E-9,39.99999911E-3,,,,,523.600022007E-9,79.999998212E-3,,,,,523.600022007E-9,22.00000000,
,,,524.000029145E-9,39.99999911E-3,,,,,524.000029145E-9,79.999998212E-3,,,,,524.000029145E-9,22.39999962,
,,,524.400036284E-9,39.99999911E-3,,,,,524.400036284E-9,79.999998212E-3,,,,,524.400036284E-9,22.39999962,
,,,524.799986579E-9,0.0,,,,,524.799986579E-9,39.99999911E-3,,,,,524.799986579E-9,22.39999962,
,,,525.199993717E-9,0.0,,,,,525.199993717E-9,39.99999911E-3,,,,,525.199993717E-9,22.39999962,
,,,525.600000856E-9,0.0,,,,,525.600000856E-9,39.99999911E-3,,,,,525.600000856E-9,22.39999962,
,,,526.000007994E-9,-39.99999911E-3,,,,,526.000007994E-9,0.0,,,,,526.000007994E-9,22.39999962,
,,,526.400015133E-9,-39.99999911E-3,,,,,526.400015133E-9,0.0,,,,,526.400015133E-9,22.39999962,
,,,526.800022271E-9,-79.999998212E-3,,,,,526.800022271E-9,-39.99999911E-3,,,,,526.800022271E-9,22.00000000,
,,,527.200029410E-9,-79.999998212E-3,,,,,527.200029410E-9,-39.99999911E-3,,,,,527.200029410E-9,22.00000000,
,,,527.600036548E-9,-79.999998212E-3,,,,,527.600036548E-9,-39.99999911E-3,,,,,527.600036548E-9,21.60000038,
,,,527.999986843E-9,-119.9999973E-3,,,,,527.999986843E-9,-79.999998212E-3,,,,,527.999986843E-9,21.20000076,
,,,528.399993982E-9,-119.9999973E-3,,,,,528.399993982E-9,-79.999998212E-3,,,,,528.399993982E-9,21.20000076,
,,,528.800001121E-9,-159.99999642E-3,,,,,528.800001121E-9,-119.9999973E-3,,,,,528.800001121E-9,21.20000076,
,,,529.200008259E-9,-159.99999642E-3,,,,,529.200008259E-9,-119.9999973E-3,,,,,529.200008259E-9,20.80000114,
,,,529.600015398E-9,-159.99999642E-3,,,,,529.600015398E-9,-119.9999973E-3,,,,,529.600015398E-9,20.80000114,
,,,530.000022536E-9,-199.99998808E-3,,,,,530.000022536E-9,-119.9999973E-3,,,,,530.000022536E-9,20.39999962,
,,,530.400029675E-9,-159.99999642E-3,,,,,530.400029675E-9,-79.999998212E-3,,,,,530.400029675E-9,20.39999962,
,,,530.800036813E-9,-159.99999642E-3,,,,,530.800036813E-9,-39.99999911E-3,,,,,530.800036813E-9,20.39999962,
,,,531.199987108E-9,-159.99999642E-3,,,,,531.199987108E-9,0.0,,,,,531.199987108E-9,20.0000000,
,,,531.599994247E-9,-119.9999973E-3,,,,,531.599994247E-9,39.99999911E-3,,,,,531.599994247E-9,20.0000000,
,,,532.000001385E-9,-119.9999973E-3,,,,,532.000001385E-9,39.99999911E-3,,,,,532.000001385E-9,20.0000000,
,,,532.400008524E-9,-79.999998212E-3,,,,,532.400008524E-9,79.999998212E-3,,,,,532.400008524E-9,20.0000000,
,,,532.800015662E-9,-39.99999911E-3,,,,,532.800015662E-9,39.99999911E-3,,,,,532.800015662E-9,20.39999962,
,,,533.200022801E-9,-39.99999911E-3,,,,,533.200022801E-9,39.99999911E-3,,,,,533.200022801E-9,20.39999962,
,,,533.600029939E-9,0.0,,,,,533.600029939E-9,39.99999911E-3,,,,,533.600029939E-9,20.39999962,
,,,534.000037078E-9,0.0,,,,,534.000037078E-9,39.99999911E-3,,,,,534.000037078E-9,20.39999962,
,,,534.399987373E-9,0.0,,,,,534.399987373E-9,39.99999911E-3,,,,,534.399987373E-9,20.39999962,
,,,534.799994512E-9,39.99999911E-3,,,,,534.799994512E-9,39.99999911E-3,,,,,534.799994512E-9,20.39999962,
,,,535.200001650E-9,39.99999911E-3,,,,,535.200001650E-9,39.99999911E-3,,,,,535.200001650E-9,20.39999962,
,,,535.600008789E-9,39.99999911E-3,,,,,535.600008789E-9,39.99999911E-3,,,,,535.600008789E-9,20.39999962,
,,,536.000015927E-9,39.99999911E-3,,,,,536.000015927E-9,39.99999911E-3,,,,,536.000015927E-9,20.80000114,
,,,536.400023066E-9,39.99999911E-3,,,,,536.400023066E-9,39.99999911E-3,,,,,536.400023066E-9,20.80000114,
,,,536.800030204E-9,39.99999911E-3,,,,,536.800030204E-9,39.99999911E-3,,,,,536.800030204E-9,21.20000076,
,,,537.200037343E-9,39.99999911E-3,,,,,537.200037343E-9,39.99999911E-3,,,,,537.200037343E-9,21.20000076,
,,,537.599987638E-9,79.999998212E-3,,,,,537.599987638E-9,39.99999911E-3,,,,,537.599987638E-9,21.20000076,
,,,537.999994776E-9,39.99999911E-3,,,,,537.999994776E-9,39.99999911E-3,,,,,537.999994776E-9,21.20000076,
,,,538.400001915E-9,39.99999911E-3,,,,,538.400001915E-9,39.99999911E-3,,,,,538.400001915E-9,21.20000076,
,,,538.800009053E-9,0.0,,,,,538.800009053E-9,39.99999911E-3,,,,,538.800009053E-9,21.20000076,
,,,539.200016192E-9,-39.99999911E-3,,,,,539.200016192E-9,39.99999911E-3,,,,,539.200016192E-9,21.60000038,
,,,539.600023330E-9,-39.99999911E-3,,,,,539.600023330E-9,39.99999911E-3,,,,,539.600023330E-9,21.60000038,
,,,540.000030469E-9,-79.999998212E-3,,,,,540.000030469E-9,39.99999911E-3,,,,,540.000030469E-9,21.60000038,
,,,540.400037607E-9,-39.99999911E-3,,,,,540.400037607E-9,39.99999911E-3,,,,,540.400037607E-9,21.20000076,
,,,540.799987903E-9,-39.99999911E-3,,,,,540.799987903E-9,79.999998212E-3,,,,,540.799987903E-9,21.20000076,
,,,541.199995041E-9,-39.99999911E-3,,,,,541.199995041E-9,79.999998212E-3,,,,,541.199995041E-9,21.20000076,
,,,541.600002180E-9,-39.99999911E-3,,,,,541.600002180E-9,79.999998212E-3,,,,,541.600002180E-9,21.20000076,
,,,542.000009318E-9,-79.999998212E-3,,,,,542.000009318E-9,79.999998212E-3,,,,,542.000009318E-9,21.60000038,
,,,542.400016457E-9,-79.999998212E-3,,,,,542.400016457E-9,79.999998212E-3,,,,,542.400016457E-9,22.00000000,
,,,542.800023595E-9,-119.9999973E-3,,,,,542.800023595E-9,79.999998212E-3,,,,,542.800023595E-9,22.00000000,
,,,543.200030734E-9,-119.9999973E-3,,,,,543.200030734E-9,79.999998212E-3,,,,,543.200030734E-9,22.00000000,
,,,543.600037872E-9,-79.999998212E-3,,,,,543.600037872E-9,119.9999973E-3,,,,,543.600037872E-9,22.00000000,
,,,543.999988167E-9,-79.999998212E-3,,,,,543.999988167E-9,119.9999973E-3,,,,,543.999988167E-9,21.60000038,
,,,544.399995306E-9,-39.99999911E-3,,,,,544.399995306E-9,159.99999642E-3,,,,,544.399995306E-9,21.60000038,
,,,544.800002444E-9,0.0,,,,,544.800002444E-9,159.99999642E-3,,,,,544.800002444E-9,21.60000038,
,,,545.200009583E-9,0.0,,,,,545.200009583E-9,119.9999973E-3,,,,,545.200009583E-9,21.60000038,
,,,545.600016721E-9,0.0,,,,,545.600016721E-9,119.9999973E-3,,,,,545.600016721E-9,21.60000038,
,,,546.000023860E-9,0.0,,,,,546.000023860E-9,79.999998212E-3,,,,,546.000023860E-9,21.20000076,
,,,546.400030998E-9,0.0,,,,,546.400030998E-9,39.99999911E-3,,,,,546.400030998E-9,20.80000114,
,,,546.800038137E-9,-39.99999911E-3,,,,,546.800038137E-9,39.99999911E-3,,,,,546.800038137E-9,20.80000114,
,,,547.199988432E-9,-39.99999911E-3,,,,,547.199988432E-9,39.99999911E-3,,,,,547.199988432E-9,21.20000076,
,,,547.599995571E-9,-39.99999911E-3,,,,,547.599995571E-9,39.99999911E-3,,,,,547.599995571E-9,21.20000076,
,,,548.000002709E-9,-79.999998212E-3,,,,,548.000002709E-9,39.99999911E-3,,,,,548.000002709E-9,21.20000076,
,,,548.400009848E-9,-79.999998212E-3,,,,,548.400009848E-9,39.99999911E-3,,,,,548.400009848E-9,20.80000114,
,,,548.800016986E-9,-79.999998212E-3,,,,,548.800016986E-9,0.0,,,,,548.800016986E-9,20.80000114,
,,,549.200024125E-9,-79.999998212E-3,,,,,549.200024125E-9,-39.99999911E-3,,,,,549.200024125E-9,20.80000114,
,,,549.600031263E-9,-79.999998212E-3,,,,,549.600031263E-9,-39.99999911E-3,,,,,549.600031263E-9,20.80000114,
,,,550.000038402E-9,-79.999998212E-3,,,,,550.000038402E-9,-39.99999911E-3,,,,,550.000038402E-9,20.39999962,
,,,550.399988697E-9,-79.999998212E-3,,,,,550.399988697E-9,-39.99999911E-3,,,,,550.399988697E-9,20.39999962,
,,,550.799995835E-9,-79.999998212E-3,,,,,550.799995835E-9,0.0,,,,,550.799995835E-9,20.39999962,
,,,551.200002974E-9,-79.999998212E-3,,,,,551.200002974E-9,0.0,,,,,551.200002974E-9,20.39999962,
,,,551.600010112E-9,-39.99999911E-3,,,,,551.600010112E-9,39.99999911E-3,,,,,551.600010112E-9,20.39999962,
,,,552.000017251E-9,-39.99999911E-3,,,,,552.000017251E-9,39.99999911E-3,,,,,552.000017251E-9,20.0000000,
,,,552.400024389E-9,-39.99999911E-3,,,,,552.400024389E-9,39.99999911E-3,,,,,552.400024389E-9,20.39999962,
,,,552.800031528E-9,-39.99999911E-3,,,,,552.800031528E-9,79.999998212E-3,,,,,552.800031528E-9,20.0000000,
,,,553.200038667E-9,-39.99999911E-3,,,,,553.200038667E-9,79.999998212E-3,,,,,553.200038667E-9,20.0000000,
,,,553.599988962E-9,-39.99999911E-3,,,,,553.599988962E-9,79.999998212E-3,,,,,553.599988962E-9,20.0000000,
,,,553.999996100E-9,-39.99999911E-3,,,,,553.999996100E-9,79.999998212E-3,,,,,553.999996100E-9,20.0000000,
,,,554.400003239E-9,-39.99999911E-3,,,,,554.400003239E-9,79.999998212E-3,,,,,554.400003239E-9,20.0000000,
,,,554.800010377E-9,0.0,,,,,554.800010377E-9,119.9999973E-3,,,,,554.800010377E-9,20.39999962,
,,,555.200017516E-9,0.0,,,,,555.200017516E-9,119.9999973E-3,,,,,555.200017516E-9,20.39999962,
,,,555.600024654E-9,0.0,,,,,555.600024654E-9,119.9999973E-3,,,,,555.600024654E-9,20.0000000,
,,,556.000031793E-9,0.0,,,,,556.000031793E-9,119.9999973E-3,,,,,556.000031793E-9,20.0000000,
,,,556.400038931E-9,0.0,,,,,556.400038931E-9,119.9999973E-3,,,,,556.400038931E-9,20.39999962,
,,,556.799989226E-9,0.0,,,,,556.799989226E-9,119.9999973E-3,,,,,556.799989226E-9,20.39999962,
,,,557.199996365E-9,0.0,,,,,557.199996365E-9,79.999998212E-3,,,,,557.199996365E-9,20.39999962,
,,,557.600003503E-9,39.99999911E-3,,,,,557.600003503E-9,79.999998212E-3,,,,,557.600003503E-9,20.39999962,
,,,558.000010642E-9,0.0,,,,,558.000010642E-9,0.0,,,,,558.000010642E-9,20.80000114,
,,,558.400017781E-9,0.0,,,,,558.400017781E-9,-39.99999911E-3,,,,,558.400017781E-9,20.80000114,
,,,558.800024919E-9,0.0,,,,,558.800024919E-9,-79.999998212E-3,,,,,558.800024919E-9,20.80000114,
,,,559.200032058E-9,0.0,,,,,559.200032058E-9,-79.999998212E-3,,,,,559.200032058E-9,20.80000114,
,,,559.600039196E-9,0.0,,,,,559.600039196E-9,-79.999998212E-3,,,,,559.600039196E-9,20.80000114,
,,,559.999989491E-9,0.0,,,,,559.999989491E-9,-79.999998212E-3,,,,,559.999989491E-9,20.80000114,
,,,560.399996630E-9,0.0,,,,,560.399996630E-9,-39.99999911E-3,,,,,560.399996630E-9,20.80000114,
,,,560.800003768E-9,0.0,,,,,560.800003768E-9,0.0,,,,,560.800003768E-9,20.80000114,
,,,561.200010907E-9,0.0,,,,,561.200010907E-9,0.0,,,,,561.200010907E-9,21.20000076,
,,,561.600018045E-9,39.99999911E-3,,,,,561.600018045E-9,0.0,,,,,561.600018045E-9,21.20000076,
,,,562.000025184E-9,39.99999911E-3,,,,,562.000025184E-9,-39.99999911E-3,,,,,562.000025184E-9,21.20000076,
,,,562.400032322E-9,39.99999911E-3,,,,,562.400032322E-9,-39.99999911E-3,,,,,562.400032322E-9,21.20000076,
,,,562.800039461E-9,0.0,,,,,562.800039461E-9,-39.99999911E-3,,,,,562.800039461E-9,20.80000114,
,,,563.199989756E-9,0.0,,,,,563.199989756E-9,-39.99999911E-3,,,,,563.199989756E-9,20.80000114,
,,,563.599996894E-9,0.0,,,,,563.599996894E-9,0.0,,,,,563.599996894E-9,20.80000114,
,,,564.000004033E-9,0.0,,,,,564.000004033E-9,0.0,,,,,564.000004033E-9,20.80000114,
,,,564.400011172E-9,0.0,,,,,564.400011172E-9,39.99999911E-3,,,,,564.400011172E-9,21.20000076,
,,,564.800018310E-9,39.99999911E-3,,,,,564.800018310E-9,79.999998212E-3,,,,,564.800018310E-9,21.20000076,
,,,565.200025449E-9,39.99999911E-3,,,,,565.200025449E-9,79.999998212E-3,,,,,565.200025449E-9,21.60000038,
,,,565.600032587E-9,39.99999911E-3,,,,,565.600032587E-9,79.999998212E-3,,,,,565.600032587E-9,21.60000038,
,,,566.000039726E-9,0.0,,,,,566.000039726E-9,39.99999911E-3,,,,,566.000039726E-9,21.20000076,
,,,566.399990021E-9,0.0,,,,,566.399990021E-9,39.99999911E-3,,,,,566.399990021E-9,21.20000076,
,,,566.799997159E-9,0.0,,,,,566.799997159E-9,0.0,,,,,566.799997159E-9,20.80000114,
,,,567.200004298E-9,0.0,,,,,567.200004298E-9,0.0,,,,,567.200004298E-9,20.80000114,
,,,567.600011436E-9,0.0,,,,,567.600011436E-9,0.0,,,,,567.600011436E-9,20.39999962,
,,,568.000018575E-9,-39.99999911E-3,,,,,568.000018575E-9,-39.99999911E-3,,,,,568.000018575E-9,20.39999962,
,,,568.400025713E-9,-39.99999911E-3,,,,,568.400025713E-9,-39.99999911E-3,,,,,568.400025713E-9,20.0000000,
,,,568.800032852E-9,-39.99999911E-3,,,,,568.800032852E-9,-79.999998212E-3,,,,,568.800032852E-9,20.0000000,
,,,569.200039990E-9,-39.99999911E-3,,,,,569.200039990E-9,-79.999998212E-3,,,,,569.200039990E-9,19.6000004,
,,,569.599990285E-9,-39.99999911E-3,,,,,569.599990285E-9,-79.999998212E-3,,,,,569.599990285E-9,19.6000004,
,,,569.999997424E-9,-39.99999911E-3,,,,,569.999997424E-9,-119.9999973E-3,,,,,569.999997424E-9,19.6000004,
,,,570.400004563E-9,-39.99999911E-3,,,,,570.400004563E-9,-119.9999973E-3,,,,,570.400004563E-9,19.6000004,
,,,570.800011701E-9,-39.99999911E-3,,,,,570.800011701E-9,-119.9999973E-3,,,,,570.800011701E-9,19.6000004,
,,,571.200018840E-9,-39.99999911E-3,,,,,571.200018840E-9,-119.9999973E-3,,,,,571.200018840E-9,19.6000004,
,,,571.600025978E-9,-39.99999911E-3,,,,,571.600025978E-9,-79.999998212E-3,,,,,571.600025978E-9,19.6000004,
,,,572.000033117E-9,-39.99999911E-3,,,,,572.000033117E-9,-119.9999973E-3,,,,,572.000033117E-9,19.6000004,
,,,572.400040255E-9,-39.99999911E-3,,,,,572.400040255E-9,-119.9999973E-3,,,,,572.400040255E-9,20.0000000,
,,,572.799990550E-9,0.0,,,,,572.799990550E-9,-119.9999973E-3,,,,,572.799990550E-9,19.6000004,
,,,573.199997689E-9,0.0,,,,,573.199997689E-9,-119.9999973E-3,,,,,573.199997689E-9,19.6000004,
,,,573.600004827E-9,0.0,,,,,573.600004827E-9,-79.999998212E-3,,,,,573.600004827E-9,19.6000004,
,,,574.000011966E-9,0.0,,,,,574.000011966E-9,-79.999998212E-3,,,,,574.000011966E-9,19.2000008,
,,,574.400019104E-9,0.0,,,,,574.400019104E-9,-79.999998212E-3,,,,,574.400019104E-9,19.2000008,
,,,574.800026243E-9,39.99999911E-3,,,,,574.800026243E-9,-39.99999911E-3,,,,,574.800026243E-9,19.6000004,
,,,575.200033381E-9,39.99999911E-3,,,,,575.200033381E-9,-39.99999911E-3,,,,,575.200033381E-9,19.6000004,
,,,575.600040520E-9,79.999998212E-3,,,,,575.600040520E-9,-39.99999911E-3,,,,,575.600040520E-9,19.6000004,
,,,575.999990815E-9,79.999998212E-3,,,,,575.999990815E-9,-39.99999911E-3,,,,,575.999990815E-9,19.6000004,
,,,576.399997954E-9,79.999998212E-3,,,,,576.399997954E-9,0.0,,,,,576.399997954E-9,19.6000004,
,,,576.800005092E-9,39.99999911E-3,,,,,576.800005092E-9,39.99999911E-3,,,,,576.800005092E-9,20.0000000,
,,,577.200012231E-9,0.0,,,,,577.200012231E-9,0.0,,,,,577.200012231E-9,20.0000000,
,,,577.600019369E-9,0.0,,,,,577.600019369E-9,0.0,,,,,577.600019369E-9,20.0000000,
,,,578.000026508E-9,0.0,,,,,578.000026508E-9,-39.99999911E-3,,,,,578.000026508E-9,20.0000000,
,,,578.400033646E-9,0.0,,,,,578.400033646E-9,-79.999998212E-3,,,,,578.400033646E-9,20.39999962,
,,,578.800040785E-9,39.99999911E-3,,,,,578.800040785E-9,-119.9999973E-3,,,,,578.800040785E-9,20.80000114,
,,,579.199991080E-9,0.0,,,,,579.199991080E-9,-159.99999642E-3,,,,,579.199991080E-9,20.80000114,
,,,579.599998218E-9,0.0,,,,,579.599998218E-9,-159.99999642E-3,,,,,579.599998218E-9,20.80000114,
,,,580.000005357E-9,-39.99999911E-3,,,,,580.000005357E-9,-199.99998808E-3,,,,,580.000005357E-9,20.39999962,
,,,580.400012495E-9,-39.99999911E-3,,,,,580.400012495E-9,-199.99998808E-3,,,,,580.400012495E-9,20.39999962,
,,,580.800019634E-9,-79.999998212E-3,,,,,580.800019634E-9,-199.99998808E-3,,,,,580.800019634E-9,20.39999962,
,,,581.200026772E-9,-79.999998212E-3,,,,,581.200026772E-9,-199.99998808E-3,,,,,581.200026772E-9,20.80000114,
,,,581.600033911E-9,-39.99999911E-3,,,,,581.600033911E-9,-199.99998808E-3,,,,,581.600033911E-9,20.39999962,
,,,582.000041049E-9,-39.99999911E-3,,,,,582.000041049E-9,-199.99998808E-3,,,,,582.000041049E-9,20.39999962,
,,,582.399991345E-9,0.0,,,,,582.399991345E-9,-199.99998808E-3,,,,,582.399991345E-9,20.39999962,
,,,582.799998483E-9,39.99999911E-3,,,,,582.799998483E-9,-199.99998808E-3,,,,,582.799998483E-9,20.0000000,
,,,583.200005622E-9,39.99999911E-3,,,,,583.200005622E-9,-199.99998808E-3,,,,,583.200005622E-9,20.0000000,
,,,583.600012760E-9,79.999998212E-3,,,,,583.600012760E-9,-159.99999642E-3,,,,,583.600012760E-9,20.0000000,
,,,584.000019899E-9,79.999998212E-3,,,,,584.000019899E-9,-159.99999642E-3,,,,,584.000019899E-9,20.39999962,
,,,584.400027037E-9,79.999998212E-3,,,,,584.400027037E-9,-119.9999973E-3,,,,,584.400027037E-9,20.39999962,
,,,584.800034176E-9,39.99999911E-3,,,,,584.800034176E-9,-79.999998212E-3,,,,,584.800034176E-9,20.80000114,
,,,585.200041314E-9,39.99999911E-3,,,,,585.200041314E-9,-79.999998212E-3,,,,,585.200041314E-9,20.80000114,
,,,585.599991609E-9,39.99999911E-3,,,,,585.599991609E-9,-39.99999911E-3,,,,,585.599991609E-9,20.80000114,
,,,585.999998748E-9,39.99999911E-3,,,,,585.999998748E-9,-39.99999911E-3,,,,,585.999998748E-9,20.39999962,
,,,586.400005886E-9,39.99999911E-3,,,,,586.400005886E-9,-39.99999911E-3,,,,,586.400005886E-9,20.39999962,
,,,586.800013025E-9,79.999998212E-3,,,,,586.800013025E-9,0.0,,,,,586.800013025E-9,20.39999962,
,,,587.200020163E-9,79.999998212E-3,,,,,587.200020163E-9,0.0,,,,,587.200020163E-9,20.0000000,
,,,587.600027302E-9,79.999998212E-3,,,,,587.600027302E-9,0.0,,,,,587.600027302E-9,20.0000000,
,,,588.000034440E-9,39.99999911E-3,,,,,588.000034440E-9,-39.99999911E-3,,,,,588.000034440E-9,19.6000004,
,,,588.399984736E-9,0.0,,,,,588.399984736E-9,-39.99999911E-3,,,,,588.399984736E-9,19.6000004,
,,,588.799991874E-9,-39.99999911E-3,,,,,588.799991874E-9,-39.99999911E-3,,,,,588.799991874E-9,19.6000004,
,,,589.199999013E-9,-39.99999911E-3,,,,,589.199999013E-9,-39.99999911E-3,,,,,589.199999013E-9,19.6000004,
,,,589.600006151E-9,-39.99999911E-3,,,,,589.600006151E-9,-39.99999911E-3,,,,,589.600006151E-9,19.6000004,
,,,590.000013290E-9,-39.99999911E-3,,,,,590.000013290E-9,-79.999998212E-3,,,,,590.000013290E-9,19.6000004,
,,,590.400020428E-9,-39.99999911E-3,,,,,590.400020428E-9,-119.9999973E-3,,,,,590.400020428E-9,19.6000004,
,,,590.800027567E-9,-39.99999911E-3,,,,,590.800027567E-9,-159.99999642E-3,,,,,590.800027567E-9,19.6000004,
,,,591.200034705E-9,-39.99999911E-3,,,,,591.200034705E-9,-159.99999642E-3,,,,,591.200034705E-9,19.6000004,
,,,591.599985000E-9,-39.99999911E-3,,,,,591.599985000E-9,-159.99999642E-3,,,,,591.599985000E-9,19.6000004,
,,,591.999992139E-9,-39.99999911E-3,,,,,591.999992139E-9,-159.99999642E-3,,,,,591.999992139E-9,19.6000004,
,,,592.399999277E-9,-39.99999911E-3,,,,,592.399999277E-9,-159.99999642E-3,,,,,592.399999277E-9,19.6000004,
,,,592.800006416E-9,-79.999998212E-3,,,,,592.800006416E-9,-159.99999642E-3,,,,,592.800006416E-9,19.6000004,
,,,593.200013554E-9,-79.999998212E-3,,,,,593.200013554E-9,-159.99999642E-3,,,,,593.200013554E-9,19.6000004,
,,,593.600020693E-9,-79.999998212E-3,,,,,593.600020693E-9,-159.99999642E-3,,,,,593.600020693E-9,19.6000004,
,,,594.000027831E-9,-79.999998212E-3,,,,,594.000027831E-9,-159.99999642E-3,,,,,594.000027831E-9,19.2000008,
,,,594.400034970E-9,-79.999998212E-3,,,,,594.400034970E-9,-159.99999642E-3,,,,,594.400034970E-9,19.2000008,
,,,594.799985265E-9,-39.99999911E-3,,,,,594.799985265E-9,-119.9999973E-3,,,,,594.799985265E-9,19.2000008,
,,,595.199992404E-9,0.0,,,,,595.199992404E-9,-119.9999973E-3,,,,,595.199992404E-9,19.6000004,
,,,595.599999542E-9,39.99999911E-3,,,,,595.599999542E-9,-119.9999973E-3,,,,,595.599999542E-9,19.6000004,
,,,596.000006681E-9,39.99999911E-3,,,,,596.000006681E-9,-119.9999973E-3,,,,,596.000006681E-9,19.6000004,
,,,596.400013819E-9,39.99999911E-3,,,,,596.400013819E-9,-119.9999973E-3,,,,,596.400013819E-9,19.2000008,
,,,596.800020958E-9,39.99999911E-3,,,,,596.800020958E-9,-79.999998212E-3,,,,,596.800020958E-9,19.2000008,
,,,597.200028096E-9,39.99999911E-3,,,,,597.200028096E-9,-39.99999911E-3,,,,,597.200028096E-9,19.6000004,
,,,597.600035235E-9,39.99999911E-3,,,,,597.600035235E-9,0.0,,,,,597.600035235E-9,19.6000004,
,,,597.999985530E-9,0.0,,,,,597.999985530E-9,-39.99999911E-3,,,,,597.999985530E-9,20.0000000,
,,,598.399992668E-9,0.0,,,,,598.399992668E-9,-39.99999911E-3,,,,,598.399992668E-9,20.0000000,
,,,598.799999807E-9,0.0,,,,,598.799999807E-9,-79.999998212E-3,,,,,598.799999807E-9,19.6000004,
,,,599.200006945E-9,0.0,,,,,599.200006945E-9,-79.999998212E-3,,,,,599.200006945E-9,19.6000004,
,,,599.600014084E-9,0.0,,,,,599.600014084E-9,-79.999998212E-3,,,,,599.600014084E-9,19.6000004,
,,,600.000021223E-9,-39.99999911E-3,,,,,600.000021223E-9,-79.999998212E-3,,,,,600.000021223E-9,20.0000000,
,,,600.400028361E-9,-39.99999911E-3,,,,,600.400028361E-9,-79.999998212E-3,,,,,600.400028361E-9,20.0000000,
,,,600.800035500E-9,-39.99999911E-3,,,,,600.800035500E-9,-79.999998212E-3,,,,,600.800035500E-9,19.6000004,
,,,601.199985795E-9,-39.99999911E-3,,,,,601.199985795E-9,-119.9999973E-3,,,,,601.199985795E-9,19.6000004,
,,,601.599992933E-9,-39.99999911E-3,,,,,601.599992933E-9,-119.9999973E-3,,,,,601.599992933E-9,19.6000004,
,,,602.000000072E-9,-39.99999911E-3,,,,,602.000000072E-9,-159.99999642E-3,,,,,602.000000072E-9,19.6000004,
,,,602.400007210E-9,-39.99999911E-3,,,,,602.400007210E-9,-199.99998808E-3,,,,,602.400007210E-9,20.0000000,
,,,602.800014349E-9,-39.99999911E-3,,,,,602.800014349E-9,-199.99998808E-3,,,,,602.800014349E-9,20.0000000,
,,,603.200021487E-9,-39.99999911E-3,,,,,603.200021487E-9,-199.99998808E-3,,,,,603.200021487E-9,20.0000000,
,,,603.600028626E-9,0.0,,,,,603.600028626E-9,-159.99999642E-3,,,,,603.600028626E-9,20.0000000,
,,,604.000035764E-9,0.0,,,,,604.000035764E-9,-159.99999642E-3,,,,,604.000035764E-9,19.6000004,
,,,604.399986059E-9,0.0,,,,,604.399986059E-9,-119.9999973E-3,,,,,604.399986059E-9,19.6000004,
,,,604.799993198E-9,39.99999911E-3,,,,,604.799993198E-9,-79.999998212E-3,,,,,604.799993198E-9,19.6000004,
,,,605.200000336E-9,39.99999911E-3,,,,,605.200000336E-9,-79.999998212E-3,,,,,605.200000336E-9,20.0000000,
,,,605.600007475E-9,39.99999911E-3,,,,,605.600007475E-9,-39.99999911E-3,,,,,605.600007475E-9,20.0000000,
,,,606.000014614E-9,0.0,,,,,606.000014614E-9,-39.99999911E-3,,,,,606.000014614E-9,19.6000004,
,,,606.400021752E-9,0.0,,,,,606.400021752E-9,-39.99999911E-3,,,,,606.400021752E-9,20.0000000,
,,,606.800028891E-9,0.0,,,,,606.800028891E-9,-39.99999911E-3,,,,,606.800028891E-9,19.6000004,
,,,607.200036029E-9,0.0,,,,,607.200036029E-9,-39.99999911E-3,,,,,607.200036029E-9,19.6000004,
,,,607.599986324E-9,39.99999911E-3,,,,,607.599986324E-9,0.0,,,,,607.599986324E-9,19.6000004,
,,,607.999993463E-9,39.99999911E-3,,,,,607.999993463E-9,0.0,,,,,607.999993463E-9,19.2000008,
,,,608.400000601E-9,39.99999911E-3,,,,,608.400000601E-9,0.0,,,,,608.400000601E-9,19.2000008,
,,,608.800007740E-9,0.0,,,,,608.800007740E-9,0.0,,,,,608.800007740E-9,19.2000008,
,,,609.200014878E-9,-39.99999911E-3,,,,,609.200014878E-9,0.0,,,,,609.200014878E-9,19.2000008,
,,,609.600022017E-9,-39.99999911E-3,,,,,609.600022017E-9,39.99999911E-3,,,,,609.600022017E-9,19.2000008,
,,,610.000029155E-9,-79.999998212E-3,,,,,610.000029155E-9,0.0,,,,,610.000029155E-9,18.8000011,
,,,610.400036294E-9,-79.999998212E-3,,,,,610.400036294E-9,0.0,,,,,610.400036294E-9,19.2000008,
,,,610.799986589E-9,-119.9999973E-3,,,,,610.799986589E-9,0.0,,,,,610.799986589E-9,19.2000008,
,,,611.199993727E-9,-119.9999973E-3,,,,,611.199993727E-9,0.0,,,,,611.199993727E-9,19.2000008,
,,,611.600000866E-9,-119.9999973E-3,,,,,611.600000866E-9,0.0,,,,,611.600000866E-9,19.2000008,
,,,612.000008005E-9,-119.9999973E-3,,,,,612.000008005E-9,0.0,,,,,612.000008005E-9,19.2000008,
,,,612.400015143E-9,-119.9999973E-3,,,,,612.400015143E-9,0.0,,,,,612.400015143E-9,19.2000008,
,,,612.800022282E-9,-79.999998212E-3,,,,,612.800022282E-9,-39.99999911E-3,,,,,612.800022282E-9,19.2000008,
,,,613.200029420E-9,-79.999998212E-3,,,,,613.200029420E-9,-79.999998212E-3,,,,,613.200029420E-9,19.2000008,
,,,613.600036559E-9,-79.999998212E-3,,,,,613.600036559E-9,-79.999998212E-3,,,,,613.600036559E-9,19.2000008,
,,,613.999986854E-9,-79.999998212E-3,,,,,613.999986854E-9,-79.999998212E-3,,,,,613.999986854E-9,19.2000008,
,,,614.399993992E-9,-79.999998212E-3,,,,,614.399993992E-9,-79.999998212E-3,,,,,614.399993992E-9,19.2000008,
,,,614.800001131E-9,-79.999998212E-3,,,,,614.800001131E-9,-119.9999973E-3,,,,,614.800001131E-9,19.2000008,
,,,615.200008269E-9,-79.999998212E-3,,,,,615.200008269E-9,-119.9999973E-3,,,,,615.200008269E-9,19.6000004,
,,,615.600015408E-9,-39.99999911E-3,,,,,615.600015408E-9,-119.9999973E-3,,,,,615.600015408E-9,19.2000008,
,,,616.000022546E-9,-39.99999911E-3,,,,,616.000022546E-9,-119.9999973E-3,,,,,616.000022546E-9,19.2000008,
,,,616.400029685E-9,-39.99999911E-3,,,,,616.400029685E-9,-79.999998212E-3,,,,,616.400029685E-9,19.2000008,
,,,616.800036823E-9,-39.99999911E-3,,,,,616.800036823E-9,-39.99999911E-3,,,,,616.800036823E-9,19.2000008,
,,,617.199987119E-9,-39.99999911E-3,,,,,617.199987119E-9,0.0,,,,,617.199987119E-9,19.2000008,
,,,617.599994257E-9,0.0,,,,,617.599994257E-9,39.99999911E-3,,,,,617.599994257E-9,19.6000004,
,,,618.000001396E-9,0.0,,,,,618.000001396E-9,39.99999911E-3,,,,,618.000001396E-9,19.2000008,
,,,618.400008534E-9,39.99999911E-3,,,,,618.400008534E-9,79.999998212E-3,,,,,618.400008534E-9,19.2000008,
,,,618.800015673E-9,0.0,,,,,618.800015673E-9,79.999998212E-3,,,,,618.800015673E-9,19.2000008,
,,,619.200022811E-9,0.0,,,,,619.200022811E-9,79.999998212E-3,,,,,619.200022811E-9,19.2000008,
,,,619.600029950E-9,0.0,,,,,619.600029950E-9,79.999998212E-3,,,,,619.600029950E-9,19.2000008,
,,,620.000037088E-9,0.0,,,,,620.000037088E-9,79.999998212E-3,,,,,620.000037088E-9,19.6000004,
,,,620.399987383E-9,0.0,,,,,620.399987383E-9,79.999998212E-3,,,,,620.399987383E-9,19.6000004,
,,,620.799994522E-9,0.0,,,,,620.799994522E-9,79.999998212E-3,,,,,620.799994522E-9,19.6000004,
,,,621.200001660E-9,0.0,,,,,621.200001660E-9,79.999998212E-3,,,,,621.200001660E-9,19.6000004,
,,,621.600008799E-9,0.0,,,,,621.600008799E-9,79.999998212E-3,,,,,621.600008799E-9,19.6000004,
,,,622.000015937E-9,0.0,,,,,622.000015937E-9,39.99999911E-3,,,,,622.000015937E-9,20.0000000,
,,,622.400023076E-9,0.0,,,,,622.400023076E-9,39.99999911E-3,,,,,622.400023076E-9,20.0000000,
,,,622.800030214E-9,-39.99999911E-3,,,,,622.800030214E-9,0.0,,,,,622.800030214E-9,20.0000000,
,,,623.200037353E-9,-39.99999911E-3,,,,,623.200037353E-9,-39.99999911E-3,,,,,623.200037353E-9,19.6000004,
,,,623.599987648E-9,-39.99999911E-3,,,,,623.599987648E-9,-39.99999911E-3,,,,,623.599987648E-9,19.6000004,
,,,623.999994787E-9,-39.99999911E-3,,,,,623.999994787E-9,-39.99999911E-3,,,,,623.999994787E-9,19.6000004,
,,,624.400001925E-9,-39.99999911E-3,,,,,624.400001925E-9,-39.99999911E-3,,,,,624.400001925E-9,19.6000004,
,,,624.800009064E-9,-39.99999911E-3,,,,,624.800009064E-9,0.0,,,,,624.800009064E-9,19.6000004,
,,,625.200016202E-9,-39.99999911E-3,,,,,625.200016202E-9,0.0,,,,,625.200016202E-9,19.6000004,
,,,625.600023341E-9,-39.99999911E-3,,,,,625.600023341E-9,0.0,,,,,625.600023341E-9,20.0000000,
,,,626.000030479E-9,-39.99999911E-3,,,,,626.000030479E-9,0.0,,,,,626.000030479E-9,20.0000000,
,,,626.400037618E-9,-39.99999911E-3,,,,,626.400037618E-9,0.0,,,,,626.400037618E-9,20.0000000,
,,,626.799987913E-9,0.0,,,,,626.799987913E-9,39.99999911E-3,,,,,626.799987913E-9,20.0000000,
,,,627.199995051E-9,-39.99999911E-3,,,,,627.199995051E-9,39.99999911E-3,,,,,627.199995051E-9,20.0000000,
,,,627.600002190E-9,-39.99999911E-3,,,,,627.600002190E-9,39.99999911E-3,,,,,627.600002190E-9,20.0000000,
,,,628.000009328E-9,-79.999998212E-3,,,,,628.000009328E-9,39.99999911E-3,,,,,628.000009328E-9,19.6000004,
,,,628.400016467E-9,-79.999998212E-3,,,,,628.400016467E-9,39.99999911E-3,,,,,628.400016467E-9,19.6000004,
,,,628.800023605E-9,-79.999998212E-3,,,,,628.800023605E-9,39.99999911E-3,,,,,628.800023605E-9,19.2000008,
,,,629.200030744E-9,-79.999998212E-3,,,,,629.200030744E-9,39.99999911E-3,,,,,629.200030744E-9,19.2000008,
,,,629.600037882E-9,-79.999998212E-3,,,,,629.600037882E-9,79.999998212E-3,,,,,629.600037882E-9,19.2000008,
,,,629.999988178E-9,-79.999998212E-3,,,,,629.999988178E-9,79.999998212E-3,,,,,629.999988178E-9,19.2000008,
,,,630.399995316E-9,-79.999998212E-3,,,,,630.399995316E-9,79.999998212E-3,,,,,630.399995316E-9,19.2000008,
,,,630.800002455E-9,-119.9999973E-3,,,,,630.800002455E-9,39.99999911E-3,,,,,630.800002455E-9,19.6000004,
,,,631.200009593E-9,-119.9999973E-3,,,,,631.200009593E-9,39.99999911E-3,,,,,631.200009593E-9,19.6000004,
,,,631.600016732E-9,-119.9999973E-3,,,,,631.600016732E-9,39.99999911E-3,,,,,631.600016732E-9,19.2000008,
,,,632.000023870E-9,-159.99999642E-3,,,,,632.000023870E-9,0.0,,,,,632.000023870E-9,18.8000011,
,,,632.400031009E-9,-119.9999973E-3,,,,,632.400031009E-9,0.0,,,,,632.400031009E-9,18.8000011,
,,,632.800038147E-9,-119.9999973E-3,,,,,632.800038147E-9,0.0,,,,,632.800038147E-9,18.8000011,
,,,633.199988442E-9,-119.9999973E-3,,,,,633.199988442E-9,0.0,,,,,633.199988442E-9,18.8000011,
,,,633.599995581E-9,-79.999998212E-3,,,,,633.599995581E-9,39.99999911E-3,,,,,633.599995581E-9,18.8000011,
,,,634.000002719E-9,-79.999998212E-3,,,,,634.000002719E-9,0.0,,,,,634.000002719E-9,18.8000011,
,,,634.400009858E-9,-39.99999911E-3,,,,,634.400009858E-9,0.0,,,,,634.400009858E-9,18.8000011,
,,,634.800016996E-9,-79.999998212E-3,,,,,634.800016996E-9,-39.99999911E-3,,,,,634.800016996E-9,18.8000011,
,,,635.200024135E-9,-79.999998212E-3,,,,,635.200024135E-9,-39.99999911E-3,,,,,635.200024135E-9,19.2000008,
,,,635.600031273E-9,-79.999998212E-3,,,,,635.600031273E-9,-39.99999911E-3,,,,,635.600031273E-9,19.2000008,
,,,636.000038412E-9,-79.999998212E-3,,,,,636.000038412E-9,-79.999998212E-3,,,,,636.000038412E-9,19.2000008,
,,,636.399988707E-9,-79.999998212E-3,,,,,636.399988707E-9,-79.999998212E-3,,,,,636.399988707E-9,19.2000008,
,,,636.799995846E-9,-39.99999911E-3,,,,,636.799995846E-9,-39.99999911E-3,,,,,636.799995846E-9,19.2000008,
,,,637.200002984E-9,-39.99999911E-3,,,,,637.200002984E-9,0.0,,,,,637.200002984E-9,19.2000008,
,,,637.600010123E-9,0.0,,,,,637.600010123E-9,39.99999911E-3,,,,,637.600010123E-9,19.2000008,
,,,638.000017261E-9,0.0,,,,,638.000017261E-9,39.99999911E-3,,,,,638.000017261E-9,19.2000008,
,,,638.400024400E-9,0.0,,,,,638.400024400E-9,39.99999911E-3,,,,,638.400024400E-9,19.6000004,
,,,638.800031538E-9,0.0,,,,,638.800031538E-9,39.99999911E-3,,,,,638.800031538E-9,19.2000008,
,,,639.200038677E-9,0.0,,,,,639.200038677E-9,39.99999911E-3,,,,,639.200038677E-9,19.2000008,
,,,639.599988972E-9,39.99999911E-3,,,,,639.599988972E-9,39.99999911E-3,,,,,639.599988972E-9,19.2000008,
,,,639.999996110E-9,39.99999911E-3,,,,,639.999996110E-9,39.99999911E-3,,,,,639.999996110E-9,19.2000008,
,,,640.400003249E-9,39.99999911E-3,,,,,640.400003249E-9,39.99999911E-3,,,,,640.400003249E-9,19.2000008,
,,,640.800010387E-9,0.0,,,,,640.800010387E-9,39.99999911E-3,,,,,640.800010387E-9,19.6000004,
,,,641.200017526E-9,0.0,,,,,641.200017526E-9,39.99999911E-3,,,,,641.200017526E-9,19.6000004,
,,,641.600024665E-9,0.0,,,,,641.600024665E-9,79.999998212E-3,,,,,641.600024665E-9,19.6000004,
,,,642.000031803E-9,0.0,,,,,642.000031803E-9,39.99999911E-3,,,,,642.000031803E-9,19.6000004,
,,,642.400038942E-9,0.0,,,,,642.400038942E-9,39.99999911E-3,,,,,642.400038942E-9,19.6000004,
,,,642.799989237E-9,-39.99999911E-3,,,,,642.799989237E-9,0.0,,,,,642.799989237E-9,19.6000004,
,,,643.199996375E-9,-39.99999911E-3,,,,,643.199996375E-9,0.0,,,,,643.199996375E-9,19.6000004,
,,,643.600003514E-9,-39.99999911E-3,,,,,643.600003514E-9,0.0,,,,,643.600003514E-9,19.6000004,
,,,644.000010652E-9,-39.99999911E-3,,,,,644.000010652E-9,0.0,,,,,644.000010652E-9,19.6000004,
,,,644.400017791E-9,-39.99999911E-3,,,,,644.400017791E-9,0.0,,,,,644.400017791E-9,19.6000004,
,,,644.800024929E-9,-39.99999911E-3,,,,,644.800024929E-9,-39.99999911E-3,,,,,644.800024929E-9,19.6000004,
,,,645.200032068E-9,-39.99999911E-3,,,,,645.200032068E-9,-39.99999911E-3,,,,,645.200032068E-9,19.6000004,
,,,645.600039206E-9,-39.99999911E-3,,,,,645.600039206E-9,-39.99999911E-3,,,,,645.600039206E-9,19.6000004,
,,,645.999989501E-9,-39.99999911E-3,,,,,645.999989501E-9,-39.99999911E-3,,,,,645.999989501E-9,19.6000004,
,,,646.399996640E-9,-39.99999911E-3,,,,,646.399996640E-9,-39.99999911E-3,,,,,646.399996640E-9,19.6000004,
,,,646.800003778E-9,-39.99999911E-3,,,,,646.800003778E-9,0.0,,,,,646.800003778E-9,19.6000004,
,,,647.200010917E-9,-39.99999911E-3,,,,,647.200010917E-9,0.0,,,,,647.200010917E-9,19.6000004,
,,,647.600018056E-9,-39.99999911E-3,,,,,647.600018056E-9,0.0,,,,,647.600018056E-9,19.6000004,
,,,648.000025194E-9,-39.99999911E-3,,,,,648.000025194E-9,-39.99999911E-3,,,,,648.000025194E-9,19.2000008,
,,,648.400032333E-9,-39.99999911E-3,,,,,648.400032333E-9,-79.999998212E-3,,,,,648.400032333E-9,19.2000008,
,,,648.800039471E-9,-39.99999911E-3,,,,,648.800039471E-9,-119.9999973E-3,,,,,648.800039471E-9,19.2000008,
,,,649.199989766E-9,-39.99999911E-3,,,,,649.199989766E-9,-119.9999973E-3,,,,,649.199989766E-9,19.2000008,
,,,649.599996905E-9,-39.99999911E-3,,,,,649.599996905E-9,-79.999998212E-3,,,,,649.599996905E-9,19.2000008,
,,,650.000004043E-9,-39.99999911E-3,,,,,650.000004043E-9,-79.999998212E-3,,,,,650.000004043E-9,19.2000008,
,,,650.400011182E-9,-39.99999911E-3,,,,,650.400011182E-9,-39.99999911E-3,,,,,650.400011182E-9,19.2000008,
,,,650.800018320E-9,-39.99999911E-3,,,,,650.800018320E-9,0.0,,,,,650.800018320E-9,19.2000008,
,,,651.200025459E-9,-39.99999911E-3,,,,,651.200025459E-9,0.0,,,,,651.200025459E-9,19.2000008,
,,,651.600032597E-9,-39.99999911E-3,,,,,651.600032597E-9,0.0,,,,,651.600032597E-9,19.2000008,
,,,652.000039736E-9,-79.999998212E-3,,,,,652.000039736E-9,0.0,,,,,652.000039736E-9,18.8000011,
,,,652.399990031E-9,-39.99999911E-3,,,,,652.399990031E-9,0.0,,,,,652.399990031E-9,18.8000011,
,,,652.799997169E-9,-39.99999911E-3,,,,,652.799997169E-9,0.0,,,,,652.799997169E-9,18.8000011,
,,,653.200004308E-9,-39.99999911E-3,,,,,653.200004308E-9,0.0,,,,,653.200004308E-9,18.8000011,
,,,653.600011447E-9,0.0,,,,,653.600011447E-9,0.0,,,,,653.600011447E-9,18.8000011,
,,,654.000018585E-9,0.0,,,,,654.000018585E-9,0.0,,,,,654.000018585E-9,18.8000011,
,,,654.400025724E-9,0.0,,,,,654.400025724E-9,0.0,,,,,654.400025724E-9,18.8000011,
,,,654.800032862E-9,0.0,,,,,654.800032862E-9,0.0,,,,,654.800032862E-9,18.8000011,
,,,655.200040001E-9,0.0,,,,,655.200040001E-9,0.0,,,,,655.200040001E-9,18.8000011,
,,,655.599990296E-9,0.0,,,,,655.599990296E-9,0.0,,,,,655.599990296E-9,18.8000011,
,,,655.999997434E-9,0.0,,,,,655.999997434E-9,-39.99999911E-3,,,,,655.999997434E-9,18.8000011,
,,,656.400004573E-9,0.0,,,,,656.400004573E-9,-79.999998212E-3,,,,,656.400004573E-9,18.8000011,
,,,656.800011711E-9,-39.99999911E-3,,,,,656.800011711E-9,-79.999998212E-3,,,,,656.800011711E-9,18.8000011,
,,,657.200018850E-9,-39.99999911E-3,,,,,657.200018850E-9,-79.999998212E-3,,,,,657.200018850E-9,18.8000011,
,,,657.600025988E-9,-39.99999911E-3,,,,,657.600025988E-9,-79.999998212E-3,,,,,657.600025988E-9,18.8000011,
,,,658.000033127E-9,-39.99999911E-3,,,,,658.000033127E-9,-79.999998212E-3,,,,,658.000033127E-9,18.8000011,
,,,658.400040265E-9,-39.99999911E-3,,,,,658.400040265E-9,-79.999998212E-3,,,,,658.400040265E-9,18.8000011,
,,,658.799990561E-9,0.0,,,,,658.799990561E-9,-119.9999973E-3,,,,,658.799990561E-9,18.8000011,
,,,659.199997699E-9,0.0,,,,,659.199997699E-9,-119.9999973E-3,,,,,659.199997699E-9,18.8000011,
,,,659.600004838E-9,39.99999911E-3,,,,,659.600004838E-9,-119.9999973E-3,,,,,659.600004838E-9,18.8000011,
,,,660.000011976E-9,0.0,,,,,660.000011976E-9,-119.9999973E-3,,,,,660.000011976E-9,19.2000008,
,,,660.400019115E-9,0.0,,,,,660.400019115E-9,-119.9999973E-3,,,,,660.400019115E-9,19.2000008,
,,,660.800026253E-9,0.0,,,,,660.800026253E-9,-79.999998212E-3,,,,,660.800026253E-9,18.8000011,
,,,661.200033392E-9,0.0,,,,,661.200033392E-9,-79.999998212E-3,,,,,661.200033392E-9,19.2000008,
,,,661.600040530E-9,39.99999911E-3,,,,,661.600040530E-9,-79.999998212E-3,,,,,661.600040530E-9,19.2000008,
,,,661.999990825E-9,0.0,,,,,661.999990825E-9,-79.999998212E-3,,,,,661.999990825E-9,19.2000008,
,,,662.399997964E-9,0.0,,,,,662.399997964E-9,-79.999998212E-3,,,,,662.399997964E-9,19.2000008,
,,,662.800005102E-9,0.0,,,,,662.800005102E-9,-39.99999911E-3,,,,,662.800005102E-9,19.2000008,
,,,663.200012241E-9,0.0,,,,,663.200012241E-9,-39.99999911E-3,,,,,663.200012241E-9,19.2000008,
,,,663.600019379E-9,39.99999911E-3,,,,,663.600019379E-9,-39.99999911E-3,,,,,663.600019379E-9,19.2000008,
