Record Length,2500,Points,159.99999903E-9,0.0,,Record Length,2500,Points,159.99999903E-9,479.999989271E-3,,Record Length,2500,Points,159.99999903E-9,12.0000000,
Sample Interval,400.00000370E-12,s,160.39999196E-9,0.0,,Sample Interval,400.00000370E-12,s,160.39999196E-9,519.999980927E-3,,Sample Interval,400.00000370E-12,s,160.39999196E-9,11.6000004,
Trigger Point,-399.99999223,Samples,160.79999909E-9,-39.99999911E-3,,Trigger Point,-399.99999223,Samples,160.79999909E-9,519.999980927E-3,,Trigger Point,-399.99999223,Samples,160.79999909E-9,11.6000004,
,,,161.19999202E-9,0.0,,,,,161.19999202E-9,519.999980927E-3,,,,,161.19999202E-9,11.6000004,
,,,161.59999916E-9,0.0,,,,,161.59999916E-9,519.999980927E-3,,,,,161.59999916E-9,11.6000004,
,,,161.99999209E-9,0.0,,,,,161.99999209E-9,519.999980927E-3,,,,,161.99999209E-9,11.6000004,
Source,CH1,,162.39999923E-9,39.99999911E-3,,Source,CH2,,162.39999923E-9,560.000002384E-3,,Source,MATH,,162.39999923E-9,11.6000004,
Vertical Units,Volts,,162.79999215E-9,39.99999911E-3,,Vertical Units,Volts,,162.79999215E-9,560.000002384E-3,,Vertical Units,Volts,,162.79999215E-9,11.6000004,
Vertical Scale,999.999977648E-3,,163.19999929E-9,39.99999911E-3,,Vertical Scale,999.999977648E-3,,163.19999929E-9,560.000002384E-3,,Vertical Scale,10.0000001,,163.19999929E-9,11.6000004,
Vertical Offset,0,,163.59999222E-9,0.0,,Vertical Offset,0,,163.59999222E-9,599.999964237E-3,,Vertical Offset,0,,163.59999222E-9,11.6000004,
Horizontal Units,s,,163.99999936E-9,0.0,,Horizontal Units,s,,163.99999936E-9,599.999964237E-3,,Horizontal Units,s,,163.99999936E-9,11.6000004,
Horizontal Scale,100.0000013E-9,,164.39999229E-9,0.0,,Horizontal Scale,100.0000013E-9,,164.39999229E-9,599.999964237E-3,,Horizontal Scale,100.0000013E-9,,164.39999229E-9,11.6000004,
Pt Fmt,Y,,164.79999942E-9,-39.99999911E-3,,Pt Fmt,Y,,164.79999942E-9,599.999964237E-3,,Pt Fmt,Y,,164.79999942E-9,11.6000004,
Yzero,-1.7200000,,165.19999235E-9,0.0,,Yzero,-1.5600000,,165.19999235E-9,599.999964237E-3,,Yzero,0.0,,165.19999235E-9,11.6000004,
Probe Atten,1.000000,,165.59999949E-9,0.0,,Probe Atten,1.000000,,165.59999949E-9,560.000002384E-3,,,,,165.59999949E-9,11.6000004,
,,,165.99999242E-9,0.0,,,,,165.99999242E-9,519.999980927E-3,,,,,165.99999242E-9,11.6000004,
Note,TBS 1104 - 2:54:33 PM   2/5/2026,,166.39999956E-9,39.99999911E-3,,Note,TBS 1104 - 2:54:33 PM   2/5/2026,,166.39999956E-9,519.999980927E-3,,Note,TBS 1104 - 2:54:33 PM   2/5/2026,,166.39999956E-9,11.6000004,
,,,166.79999248E-9,0.0,,,,,166.79999248E-9,519.999980927E-3,,,,,166.79999248E-9,12.0000000,
,,,167.19999962E-9,0.0,,,,,167.19999962E-9,519.999980927E-3,,,,,167.19999962E-9,12.0000000,
,,,167.59999255E-9,0.0,,,,,167.59999255E-9,560.000002384E-3,,,,,167.59999255E-9,12.0000000,
,,,167.99999969E-9,0.0,,,,,167.99999969E-9,519.999980927E-3,,,,,167.99999969E-9,12.0000000,
,,,168.39999262E-9,0.0,,,,,168.39999262E-9,519.999980927E-3,,,,,168.39999262E-9,12.0000000,
,,,168.79999976E-9,0.0,,,,,168.79999976E-9,479.999989271E-3,,,,,168.79999976E-9,12.0000000,
,,,169.19999268E-9,0.0,,,,,169.19999268E-9,479.999989271E-3,,,,,169.19999268E-9,11.6000004,
,,,169.59999982E-9,0.0,,,,,169.59999982E-9,479.999989271E-3,,,,,169.59999982E-9,11.6000004,
,,,169.99999275E-9,0.0,,,,,169.99999275E-9,479.999989271E-3,,,,,169.99999275E-9,12.0000000,
,,,170.39999989E-9,0.0,,,,,170.39999989E-9,519.999980927E-3,,,,,170.39999989E-9,12.0000000,
,,,170.79999282E-9,0.0,,,,,170.79999282E-9,519.999980927E-3,,,,,170.79999282E-9,12.4000006,
,,,171.19999995E-9,0.0,,,,,171.19999995E-9,560.000002384E-3,,,,,171.19999995E-9,12.4000006,
,,,171.59999288E-9,0.0,,,,,171.59999288E-9,519.999980927E-3,,,,,171.59999288E-9,12.4000006,
,,,172.00000002E-9,0.0,,,,,172.00000002E-9,519.999980927E-3,,,,,172.00000002E-9,12.4000006,
,,,172.39999295E-9,39.99999911E-3,,,,,172.39999295E-9,519.999980927E-3,,,,,172.39999295E-9,12.4000006,
,,,172.80000009E-9,39.99999911E-3,,,,,172.80000009E-9,479.999989271E-3,,,,,172.80000009E-9,12.0000000,
,,,173.19999301E-9,79.999998212E-3,,,,,173.19999301E-9,479.999989271E-3,,,,,173.19999301E-9,12.0000000,
,,,173.60000015E-9,39.99999911E-3,,,,,173.60000015E-9,519.999980927E-3,,,,,173.60000015E-9,12.0000000,
,,,173.99999308E-9,39.99999911E-3,,,,,173.99999308E-9,560.000002384E-3,,,,,173.99999308E-9,12.0000000,
,,,174.40000022E-9,39.99999911E-3,,,,,174.40000022E-9,599.999964237E-3,,,,,174.40000022E-9,12.0000000,
,,,174.79999315E-9,39.99999911E-3,,,,,174.79999315E-9,599.999964237E-3,,,,,174.79999315E-9,12.4000006,
,,,175.20000029E-9,39.99999911E-3,,,,,175.20000029E-9,599.999964237E-3,,,,,175.20000029E-9,12.4000006,
,,,175.59999321E-9,39.99999911E-3,,,,,175.59999321E-9,599.999964237E-3,,,,,175.59999321E-9,12.4000006,
,,,176.00000035E-9,39.99999911E-3,,,,,176.00000035E-9,599.999964237E-3,,,,,176.00000035E-9,12.4000006,
,,,176.39999328E-9,39.99999911E-3,,,,,176.39999328E-9,599.999964237E-3,,,,,176.39999328E-9,12.4000006,
,,,176.80000042E-9,39.99999911E-3,,,,,176.80000042E-9,560.000002384E-3,,,,,176.80000042E-9,12.4000006,
,,,177.19999335E-9,39.99999911E-3,,,,,177.19999335E-9,560.000002384E-3,,,,,177.19999335E-9,12.4000006,
,,,177.60000048E-9,39.99999911E-3,,,,,177.60000048E-9,560.000002384E-3,,,,,177.60000048E-9,12.4000006,
,,,177.99999341E-9,39.99999911E-3,,,,,177.99999341E-9,560.000002384E-3,,,,,177.99999341E-9,12.4000006,
,,,178.40000055E-9,39.99999911E-3,,,,,178.40000055E-9,599.999964237E-3,,,,,178.40000055E-9,12.4000006,
,,,178.79999348E-9,39.99999911E-3,,,,,178.79999348E-9,560.000002384E-3,,,,,178.79999348E-9,12.4000006,
,,,179.20000062E-9,39.99999911E-3,,,,,179.20000062E-9,560.000002384E-3,,,,,179.20000062E-9,12.4000006,
,,,179.59999354E-9,0.0,,,,,179.59999354E-9,560.000002384E-3,,,,,179.59999354E-9,12.0000000,
,,,180.00000068E-9,0.0,,,,,180.00000068E-9,560.000002384E-3,,,,,180.00000068E-9,12.0000000,
,,,180.39999361E-9,0.0,,,,,180.39999361E-9,560.000002384E-3,,,,,180.39999361E-9,12.0000000,
,,,180.80000075E-9,0.0,,,,,180.80000075E-9,560.000002384E-3,,,,,180.80000075E-9,12.0000000,
,,,181.19999368E-9,0.0,,,,,181.19999368E-9,560.000002384E-3,,,,,181.19999368E-9,12.0000000,
,,,181.60000081E-9,39.99999911E-3,,,,,181.60000081E-9,560.000002384E-3,,,,,181.60000081E-9,12.0000000,
,,,181.99999374E-9,39.99999911E-3,,,,,181.99999374E-9,560.000002384E-3,,,,,181.99999374E-9,12.4000006,
,,,182.40000088E-9,39.99999911E-3,,,,,182.40000088E-9,560.000002384E-3,,,,,182.40000088E-9,12.4000006,
,,,182.79999381E-9,39.99999911E-3,,,,,182.79999381E-9,519.999980927E-3,,,,,182.79999381E-9,12.4000006,
,,,183.20000095E-9,39.99999911E-3,,,,,183.20000095E-9,519.999980927E-3,,,,,183.20000095E-9,12.4000006,
,,,183.59999387E-9,79.999998212E-3,,,,,183.59999387E-9,479.999989271E-3,,,,,183.59999387E-9,12.4000006,
,,,184.00000101E-9,79.999998212E-3,,,,,184.00000101E-9,479.999989271E-3,,,,,184.00000101E-9,12.4000006,
,,,184.39999394E-9,119.9999973E-3,,,,,184.39999394E-9,519.999980927E-3,,,,,184.39999394E-9,12.4000006,
,,,184.80000108E-9,79.999998212E-3,,,,,184.80000108E-9,519.999980927E-3,,,,,184.80000108E-9,12.8000002,
,,,185.19999401E-9,79.999998212E-3,,,,,185.19999401E-9,560.000002384E-3,,,,,185.19999401E-9,12.8000002,
,,,185.60000115E-9,39.99999911E-3,,,,,185.60000115E-9,599.999964237E-3,,,,,185.60000115E-9,12.8000002,
,,,185.99999407E-9,39.99999911E-3,,,,,185.99999407E-9,560.000002384E-3,,,,,185.99999407E-9,12.8000002,
,,,186.40000121E-9,39.99999911E-3,,,,,186.40000121E-9,560.000002384E-3,,,,,186.40000121E-9,12.8000002,
,,,186.79999414E-9,39.99999911E-3,,,,,186.79999414E-9,560.000002384E-3,,,,,186.79999414E-9,12.8000002,
,,,187.20000128E-9,79.999998212E-3,,,,,187.20000128E-9,560.000002384E-3,,,,,187.20000128E-9,12.4000006,
,,,187.59999421E-9,119.9999973E-3,,,,,187.59999421E-9,560.000002384E-3,,,,,187.59999421E-9,12.8000002,
,,,188.00000134E-9,119.9999973E-3,,,,,188.00000134E-9,560.000002384E-3,,,,,188.00000134E-9,12.8000002,
,,,188.39999427E-9,119.9999973E-3,,,,,188.39999427E-9,560.000002384E-3,,,,,188.39999427E-9,12.8000002,
,,,188.80000141E-9,79.999998212E-3,,,,,188.80000141E-9,560.000002384E-3,,,,,188.80000141E-9,13.1999998,
,,,189.19999434E-9,39.99999911E-3,,,,,189.19999434E-9,560.000002384E-3,,,,,189.19999434E-9,13.1999998,
,,,189.60000148E-9,39.99999911E-3,,,,,189.60000148E-9,560.000002384E-3,,,,,189.60000148E-9,13.1999998,
,,,189.99999440E-9,39.99999911E-3,,,,,189.99999440E-9,560.000002384E-3,,,,,189.99999440E-9,12.8000002,
,,,190.40000154E-9,79.999998212E-3,,,,,190.40000154E-9,560.000002384E-3,,,,,190.40000154E-9,12.8000002,
,,,190.79999447E-9,39.99999911E-3,,,,,190.79999447E-9,560.000002384E-3,,,,,190.79999447E-9,13.1999998,
,,,191.20000161E-9,39.99999911E-3,,,,,191.20000161E-9,560.000002384E-3,,,,,191.20000161E-9,12.8000002,
,,,191.59999454E-9,0.0,,,,,191.59999454E-9,560.000002384E-3,,,,,191.59999454E-9,13.1999998,
,,,192.00000168E-9,0.0,,,,,192.00000168E-9,560.000002384E-3,,,,,192.00000168E-9,13.1999998,
,,,192.39999460E-9,0.0,,,,,192.39999460E-9,560.000002384E-3,,,,,192.39999460E-9,13.1999998,
,,,192.80000174E-9,0.0,,,,,192.80000174E-9,560.000002384E-3,,,,,192.80000174E-9,13.1999998,
,,,193.19999467E-9,0.0,,,,,193.19999467E-9,560.000002384E-3,,,,,193.19999467E-9,13.1999998,
,,,193.60000181E-9,39.99999911E-3,,,,,193.60000181E-9,560.000002384E-3,,,,,193.60000181E-9,13.1999998,
,,,193.99999474E-9,39.99999911E-3,,,,,193.99999474E-9,560.000002384E-3,,,,,193.99999474E-9,13.1999998,
,,,194.40000187E-9,79.999998212E-3,,,,,194.40000187E-9,560.000002384E-3,,,,,194.40000187E-9,13.1999998,
,,,194.79999480E-9,39.99999911E-3,,,,,194.79999480E-9,560.000002384E-3,,,,,194.79999480E-9,13.1999998,
,,,195.20000194E-9,39.99999911E-3,,,,,195.20000194E-9,560.000002384E-3,,,,,195.20000194E-9,13.6000004,
,,,195.59999487E-9,0.0,,,,,195.59999487E-9,560.000002384E-3,,,,,195.59999487E-9,13.6000004,
,,,196.00000201E-9,0.0,,,,,196.00000201E-9,560.000002384E-3,,,,,196.00000201E-9,13.6000004,
,,,196.39999493E-9,0.0,,,,,196.39999493E-9,560.000002384E-3,,,,,196.39999493E-9,13.6000004,
,,,196.80000207E-9,0.0,,,,,196.80000207E-9,560.000002384E-3,,,,,196.80000207E-9,13.1999998,
,,,197.19999500E-9,0.0,,,,,197.19999500E-9,560.000002384E-3,,,,,197.19999500E-9,13.1999998,
,,,197.60000214E-9,39.99999911E-3,,,,,197.60000214E-9,519.999980927E-3,,,,,197.60000214E-9,13.1999998,
,,,197.99999507E-9,39.99999911E-3,,,,,197.99999507E-9,479.999989271E-3,,,,,197.99999507E-9,13.1999998,
,,,198.40000220E-9,39.99999911E-3,,,,,198.40000220E-9,479.999989271E-3,,,,,198.40000220E-9,13.1999998,
,,,198.79999513E-9,0.0,,,,,198.79999513E-9,439.999997616E-3,,,,,198.79999513E-9,13.1999998,
,,,199.20000227E-9,0.0,,,,,199.20000227E-9,439.999997616E-3,,,,,199.20000227E-9,13.1999998,
,,,199.59999520E-9,-39.99999911E-3,,,,,199.59999520E-9,479.999989271E-3,,,,,199.59999520E-9,13.6000004,
,,,200.00000234E-9,-39.99999911E-3,,,,,200.00000234E-9,479.999989271E-3,,,,,200.00000234E-9,13.6000004,
,,,200.39999526E-9,0.0,,,,,200.39999526E-9,519.999980927E-3,,,,,200.39999526E-9,13.6000004,
,,,200.80000240E-9,0.0,,,,,200.80000240E-9,479.999989271E-3,,,,,200.80000240E-9,14.0000000,
,,,201.19999533E-9,39.99999911E-3,,,,,201.19999533E-9,479.999989271E-3,,,,,201.19999533E-9,14.0000000,
,,,201.60000247E-9,79.999998212E-3,,,,,201.60000247E-9,439.999997616E-3,,,,,201.60000247E-9,14.0000000,
,,,201.99999540E-9,79.999998212E-3,,,,,201.99999540E-9,439.999997616E-3,,,,,201.99999540E-9,14.0000000,
,,,202.40000254E-9,119.9999973E-3,,,,,202.40000254E-9,439.999997616E-3,,,,,202.40000254E-9,14.0000000,
,,,202.79999546E-9,119.9999973E-3,,,,,202.79999546E-9,439.999997616E-3,,,,,202.79999546E-9,14.0000000,
,,,203.20000260E-9,119.9999973E-3,,,,,203.20000260E-9,439.999997616E-3,,,,,203.20000260E-9,14.0000000,
,,,203.59999553E-9,79.999998212E-3,,,,,203.59999553E-9,479.999989271E-3,,,,,203.59999553E-9,14.0000000,
,,,204.00000267E-9,79.999998212E-3,,,,,204.00000267E-9,479.999989271E-3,,,,,204.00000267E-9,14.0000000,
,,,204.39999560E-9,79.999998212E-3,,,,,204.39999560E-9,479.999989271E-3,,,,,204.39999560E-9,14.0000000,
,,,204.80000273E-9,79.999998212E-3,,,,,204.80000273E-9,479.999989271E-3,,,,,204.80000273E-9,13.6000004,
,,,205.19999566E-9,79.999998212E-3,,,,,205.19999566E-9,479.999989271E-3,,,,,205.19999566E-9,13.6000004,
,,,205.60000280E-9,79.999998212E-3,,,,,205.60000280E-9,479.999989271E-3,,,,,205.60000280E-9,13.6000004,
,,,205.99999573E-9,79.999998212E-3,,,,,205.99999573E-9,479.999989271E-3,,,,,205.99999573E-9,13.6000004,
,,,206.40000287E-9,79.999998212E-3,,,,,206.40000287E-9,519.999980927E-3,,,,,206.40000287E-9,13.6000004,
,,,206.79999579E-9,39.99999911E-3,,,,,206.79999579E-9,479.999989271E-3,,,,,206.79999579E-9,14.0000000,
,,,207.20000293E-9,39.99999911E-3,,,,,207.20000293E-9,479.999989271E-3,,,,,207.20000293E-9,14.0000000,
,,,207.59999586E-9,39.99999911E-3,,,,,207.59999586E-9,479.999989271E-3,,,,,207.59999586E-9,14.4000006,
,,,208.00000300E-9,0.0,,,,,208.00000300E-9,479.999989271E-3,,,,,208.00000300E-9,14.4000006,
,,,208.39999593E-9,39.99999911E-3,,,,,208.39999593E-9,479.999989271E-3,,,,,208.39999593E-9,14.8000002,
,,,208.80000307E-9,39.99999911E-3,,,,,208.80000307E-9,479.999989271E-3,,,,,208.80000307E-9,14.8000002,
,,,209.19999599E-9,39.99999911E-3,,,,,209.19999599E-9,479.999989271E-3,,,,,209.19999599E-9,14.8000002,
,,,209.60000313E-9,79.999998212E-3,,,,,209.60000313E-9,479.999989271E-3,,,,,209.60000313E-9,14.8000002,
,,,209.99999606E-9,79.999998212E-3,,,,,209.99999606E-9,479.999989271E-3,,,,,209.99999606E-9,14.8000002,
,,,210.40000320E-9,119.9999973E-3,,,,,210.40000320E-9,519.999980927E-3,,,,,210.40000320E-9,14.4000006,
,,,210.79999613E-9,119.9999973E-3,,,,,210.79999613E-9,479.999989271E-3,,,,,210.79999613E-9,14.0000000,
,,,211.20000326E-9,159.99999642E-3,,,,,211.20000326E-9,479.999989271E-3,,,,,211.20000326E-9,14.0000000,
,,,211.59999619E-9,119.9999973E-3,,,,,211.59999619E-9,439.999997616E-3,,,,,211.59999619E-9,14.0000000,
,,,212.00000333E-9,79.999998212E-3,,,,,212.00000333E-9,399.99997616E-3,,,,,212.00000333E-9,14.4000006,
,,,212.39999626E-9,39.99999911E-3,,,,,212.39999626E-9,399.99997616E-3,,,,,212.39999626E-9,14.4000006,
,,,212.80000340E-9,-39.99999911E-3,,,,,212.80000340E-9,399.99997616E-3,,,,,212.80000340E-9,14.8000002,
,,,213.19999632E-9,-39.99999911E-3,,,,,213.19999632E-9,439.999997616E-3,,,,,213.19999632E-9,14.8000002,
,,,213.60000346E-9,-39.99999911E-3,,,,,213.60000346E-9,479.999989271E-3,,,,,213.60000346E-9,14.8000002,
,,,213.99999639E-9,0.0,,,,,213.99999639E-9,519.999980927E-3,,,,,213.99999639E-9,14.8000002,
,,,214.40000353E-9,39.99999911E-3,,,,,214.40000353E-9,560.000002384E-3,,,,,214.40000353E-9,14.8000002,
,,,214.79999646E-9,39.99999911E-3,,,,,214.79999646E-9,519.999980927E-3,,,,,214.79999646E-9,14.8000002,
,,,215.20000359E-9,79.999998212E-3,,,,,215.20000359E-9,439.999997616E-3,,,,,215.20000359E-9,14.8000002,
,,,215.59999652E-9,39.99999911E-3,,,,,215.59999652E-9,399.99997616E-3,,,,,215.59999652E-9,14.8000002,
,,,216.00000366E-9,39.99999911E-3,,,,,216.00000366E-9,399.99997616E-3,,,,,216.00000366E-9,15.1999998,
,,,216.39999659E-9,39.99999911E-3,,,,,216.39999659E-9,399.99997616E-3,,,,,216.39999659E-9,15.1999998,
,,,216.80000373E-9,0.0,,,,,216.80000373E-9,399.99997616E-3,,,,,216.80000373E-9,15.1999998,
,,,217.19999665E-9,39.99999911E-3,,,,,217.19999665E-9,399.99997616E-3,,,,,217.19999665E-9,15.1999998,
,,,217.60000379E-9,39.99999911E-3,,,,,217.60000379E-9,439.999997616E-3,,,,,217.60000379E-9,15.1999998,
,,,217.99999672E-9,39.99999911E-3,,,,,217.99999672E-9,439.999997616E-3,,,,,217.99999672E-9,14.8000002,
,,,218.40000386E-9,79.999998212E-3,,,,,218.40000386E-9,479.999989271E-3,,,,,218.40000386E-9,14.8000002,
,,,218.79999679E-9,79.999998212E-3,,,,,218.79999679E-9,439.999997616E-3,,,,,218.79999679E-9,14.8000002,
,,,219.20000393E-9,119.9999973E-3,,,,,219.20000393E-9,439.999997616E-3,,,,,219.20000393E-9,14.8000002,
,,,219.59999685E-9,119.9999973E-3,,,,,219.59999685E-9,399.99997616E-3,,,,,219.59999685E-9,14.8000002,
,,,220.00000399E-9,79.999998212E-3,,,,,220.00000399E-9,399.99997616E-3,,,,,220.00000399E-9,14.8000002,
,,,220.39999692E-9,79.999998212E-3,,,,,220.39999692E-9,399.99997616E-3,,,,,220.39999692E-9,15.1999998,
,,,220.80000406E-9,39.99999911E-3,,,,,220.80000406E-9,359.99998450E-3,,,,,220.80000406E-9,15.1999998,
,,,221.19999699E-9,0.0,,,,,221.19999699E-9,359.99998450E-3,,,,,221.19999699E-9,15.1999998,
,,,221.60000412E-9,-39.99999911E-3,,,,,221.60000412E-9,399.99997616E-3,,,,,221.60000412E-9,15.1999998,
,,,221.99999705E-9,-39.99999911E-3,,,,,221.99999705E-9,479.999989271E-3,,,,,221.99999705E-9,15.1999998,
,,,222.40000419E-9,0.0,,,,,222.40000419E-9,560.000002384E-3,,,,,222.40000419E-9,15.6000004,
,,,222.79999712E-9,39.99999911E-3,,,,,222.79999712E-9,560.000002384E-3,,,,,222.79999712E-9,15.6000004,
,,,223.20000426E-9,119.9999973E-3,,,,,223.20000426E-9,560.000002384E-3,,,,,223.20000426E-9,15.6000004,
,,,223.59999718E-9,159.99999642E-3,,,,,223.59999718E-9,519.999980927E-3,,,,,223.59999718E-9,15.6000004,
,,,224.00000432E-9,199.99998808E-3,,,,,224.00000432E-9,479.999989271E-3,,,,,224.00000432E-9,15.6000004,
,,,224.39999725E-9,199.99998808E-3,,,,,224.39999725E-9,439.999997616E-3,,,,,224.39999725E-9,15.6000004,
,,,224.80000439E-9,159.99999642E-3,,,,,224.80000439E-9,399.99997616E-3,,,,,224.80000439E-9,15.6000004,
,,,225.19999732E-9,79.999998212E-3,,,,,225.19999732E-9,359.99998450E-3,,,,,225.19999732E-9,15.6000004,
,,,225.60000446E-9,39.99999911E-3,,,,,225.60000446E-9,399.99997616E-3,,,,,225.60000446E-9,15.6000004,
,,,225.99999738E-9,0.0,,,,,225.99999738E-9,479.999989271E-3,,,,,225.99999738E-9,15.6000004,
,,,226.40000452E-9,0.0,,,,,226.40000452E-9,560.000002384E-3,,,,,226.40000452E-9,15.6000004,
,,,226.79999745E-9,-39.99999911E-3,,,,,226.79999745E-9,560.000002384E-3,,,,,226.79999745E-9,15.1999998,
,,,227.20000459E-9,0.0,,,,,227.20000459E-9,560.000002384E-3,,,,,227.20000459E-9,14.8000002,
,,,227.59999752E-9,0.0,,,,,227.59999752E-9,519.999980927E-3,,,,,227.59999752E-9,14.8000002,
,,,228.00000465E-9,0.0,,,,,228.00000465E-9,479.999989271E-3,,,,,228.00000465E-9,15.1999998,
,,,228.39999758E-9,0.0,,,,,228.39999758E-9,439.999997616E-3,,,,,228.39999758E-9,15.6000004,
,,,228.80000472E-9,0.0,,,,,228.80000472E-9,399.99997616E-3,,,,,228.80000472E-9,16.0000000,
,,,229.19999765E-9,0.0,,,,,229.19999765E-9,399.99997616E-3,,,,,229.19999765E-9,16.0000000,
,,,229.60000479E-9,0.0,,,,,229.60000479E-9,439.999997616E-3,,,,,229.60000479E-9,16.3999996,
,,,229.99999771E-9,0.0,,,,,229.99999771E-9,479.999989271E-3,,,,,229.99999771E-9,16.3999996,
,,,230.40000485E-9,0.0,,,,,230.40000485E-9,519.999980927E-3,,,,,230.40000485E-9,16.3999996,
,,,230.79999778E-9,0.0,,,,,230.79999778E-9,560.000002384E-3,,,,,230.79999778E-9,16.0000000,
,,,231.20000492E-9,0.0,,,,,231.20000492E-9,560.000002384E-3,,,,,231.20000492E-9,16.0000000,
,,,231.59999785E-9,39.99999911E-3,,,,,231.59999785E-9,560.000002384E-3,,,,,231.59999785E-9,16.0000000,
,,,232.00000498E-9,79.999998212E-3,,,,,232.00000498E-9,560.000002384E-3,,,,,232.00000498E-9,16.0000000,
,,,232.39999791E-9,119.9999973E-3,,,,,232.39999791E-9,519.999980927E-3,,,,,232.39999791E-9,16.0000000,
,,,232.80000505E-9,79.999998212E-3,,,,,232.80000505E-9,479.999989271E-3,,,,,232.80000505E-9,15.6000004,
,,,233.19999798E-9,79.999998212E-3,,,,,233.19999798E-9,439.999997616E-3,,,,,233.19999798E-9,15.6000004,
,,,233.60000512E-9,39.99999911E-3,,,,,233.60000512E-9,439.999997616E-3,,,,,233.60000512E-9,15.6000004,
,,,233.99999804E-9,39.99999911E-3,,,,,233.99999804E-9,479.999989271E-3,,,,,233.99999804E-9,15.6000004,
,,,234.40000518E-9,39.99999911E-3,,,,,234.40000518E-9,519.999980927E-3,,,,,234.40000518E-9,16.0000000,
,,,234.79999811E-9,0.0,,,,,234.79999811E-9,560.000002384E-3,,,,,234.79999811E-9,16.3999996,
,,,235.20000525E-9,0.0,,,,,235.20000525E-9,560.000002384E-3,,,,,235.20000525E-9,16.3999996,
,,,235.59999818E-9,-39.99999911E-3,,,,,235.59999818E-9,599.999964237E-3,,,,,235.59999818E-9,16.3999996,
,,,236.00000532E-9,-39.99999911E-3,,,,,236.00000532E-9,599.999964237E-3,,,,,236.00000532E-9,16.3999996,
,,,236.39999824E-9,-39.99999911E-3,,,,,236.39999824E-9,599.999964237E-3,,,,,236.39999824E-9,16.3999996,
,,,236.80000538E-9,-39.99999911E-3,,,,,236.80000538E-9,560.000002384E-3,,,,,236.80000538E-9,16.8000011,
,,,237.19999831E-9,0.0,,,,,237.19999831E-9,519.999980927E-3,,,,,237.19999831E-9,16.8000011,
,,,237.60000545E-9,39.99999911E-3,,,,,237.60000545E-9,519.999980927E-3,,,,,237.60000545E-9,16.8000011,
,,,237.99999838E-9,79.999998212E-3,,,,,237.99999838E-9,519.999980927E-3,,,,,237.99999838E-9,16.3999996,
,,,238.40000551E-9,119.9999973E-3,,,,,238.40000551E-9,560.000002384E-3,,,,,238.40000551E-9,16.3999996,
,,,238.79999844E-9,119.9999973E-3,,,,,238.79999844E-9,560.000002384E-3,,,,,238.79999844E-9,16.0000000,
,,,239.20000558E-9,159.99999642E-3,,,,,239.20000558E-9,599.999964237E-3,,,,,239.20000558E-9,16.0000000,
,,,239.60001272E-9,119.9999973E-3,,,,,239.60001272E-9,560.000002384E-3,,,,,239.60001272E-9,16.0000000,
,,,239.99999144E-9,79.999998212E-3,,,,,239.99999144E-9,560.000002384E-3,,,,,239.99999144E-9,16.0000000,
,,,240.39999857E-9,39.99999911E-3,,,,,240.39999857E-9,519.999980927E-3,,,,,240.39999857E-9,16.0000000,
,,,240.80000571E-9,-39.99999911E-3,,,,,240.80000571E-9,479.999989271E-3,,,,,240.80000571E-9,16.0000000,
,,,241.20001285E-9,-79.999998212E-3,,,,,241.20001285E-9,479.999989271E-3,,,,,241.20001285E-9,16.0000000,
,,,241.59999157E-9,-79.999998212E-3,,,,,241.59999157E-9,479.999989271E-3,,,,,241.59999157E-9,16.0000000,
,,,241.99999871E-9,-39.99999911E-3,,,,,241.99999871E-9,479.999989271E-3,,,,,241.99999871E-9,16.0000000,
,,,242.40000585E-9,39.99999911E-3,,,,,242.40000585E-9,519.999980927E-3,,,,,242.40000585E-9,16.3999996,
,,,242.80001298E-9,39.99999911E-3,,,,,242.80001298E-9,560.000002384E-3,,,,,242.80001298E-9,16.3999996,
,,,243.19999170E-9,79.999998212E-3,,,,,243.19999170E-9,599.999964237E-3,,,,,243.19999170E-9,16.3999996,
,,,243.59999884E-9,39.99999911E-3,,,,,243.59999884E-9,639.999985695E-3,,,,,243.59999884E-9,16.3999996,
,,,244.00000598E-9,0.0,,,,,244.00000598E-9,599.999964237E-3,,,,,244.00000598E-9,16.3999996,
,,,244.40001312E-9,-39.99999911E-3,,,,,244.40001312E-9,599.999964237E-3,,,,,244.40001312E-9,16.3999996,
,,,244.79999183E-9,-79.999998212E-3,,,,,244.79999183E-9,560.000002384E-3,,,,,244.79999183E-9,16.3999996,
,,,245.19999897E-9,-39.99999911E-3,,,,,245.19999897E-9,519.999980927E-3,,,,,245.19999897E-9,16.0000000,
,,,245.60000611E-9,39.99999911E-3,,,,,245.60000611E-9,479.999989271E-3,,,,,245.60000611E-9,16.0000000,
,,,246.00001325E-9,119.9999973E-3,,,,,246.00001325E-9,479.999989271E-3,,,,,246.00001325E-9,16.0000000,
,,,246.39999197E-9,199.99998808E-3,,,,,246.39999197E-9,519.999980927E-3,,,,,246.39999197E-9,16.0000000,
,,,246.79999910E-9,159.99999642E-3,,,,,246.79999910E-9,519.999980927E-3,,,,,246.79999910E-9,16.0000000,
,,,247.20000624E-9,119.9999973E-3,,,,,247.20000624E-9,560.000002384E-3,,,,,247.20000624E-9,16.0000000,
,,,247.60001338E-9,79.999998212E-3,,,,,247.60001338E-9,599.999964237E-3,,,,,247.60001338E-9,15.6000004,
,,,247.99999210E-9,0.0,,,,,247.99999210E-9,599.999964237E-3,,,,,247.99999210E-9,15.6000004,
,,,248.39999924E-9,-39.99999911E-3,,,,,248.39999924E-9,599.999964237E-3,,,,,248.39999924E-9,15.6000004,
,,,248.80000637E-9,-119.9999973E-3,,,,,248.80000637E-9,560.000002384E-3,,,,,248.80000637E-9,16.0000000,
,,,249.20001351E-9,-119.9999973E-3,,,,,249.20001351E-9,560.000002384E-3,,,,,249.20001351E-9,16.3999996,
,,,249.59999223E-9,-119.9999973E-3,,,,,249.59999223E-9,560.000002384E-3,,,,,249.59999223E-9,16.8000011,
,,,249.99999937E-9,-79.999998212E-3,,,,,249.99999937E-9,599.999964237E-3,,,,,249.99999937E-9,16.8000011,
,,,250.40000651E-9,0.0,,,,,250.40000651E-9,680.000007153E-3,,,,,250.40000651E-9,17.2000008,
,,,250.80001365E-9,39.99999911E-3,,,,,250.80001365E-9,719.999969006E-3,,,,,250.80001365E-9,16.8000011,
,,,251.19999236E-9,39.99999911E-3,,,,,251.19999236E-9,719.999969006E-3,,,,,251.19999236E-9,16.8000011,
,,,251.59999950E-9,79.999998212E-3,,,,,251.59999950E-9,759.999990463E-3,,,,,251.59999950E-9,16.3999996,
,,,252.00000664E-9,39.99999911E-3,,,,,252.00000664E-9,719.999969006E-3,,,,,252.00000664E-9,16.0000000,
,,,252.40001378E-9,39.99999911E-3,,,,,252.40001378E-9,680.000007153E-3,,,,,252.40001378E-9,16.0000000,
,,,252.79999250E-9,0.0,,,,,252.79999250E-9,599.999964237E-3,,,,,252.79999250E-9,15.6000004,
,,,253.19999963E-9,39.99999911E-3,,,,,253.19999963E-9,519.999980927E-3,,,,,253.19999963E-9,15.6000004,
,,,253.60000677E-9,39.99999911E-3,,,,,253.60000677E-9,479.999989271E-3,,,,,253.60000677E-9,15.6000004,
,,,254.00001391E-9,39.99999911E-3,,,,,254.00001391E-9,439.999997616E-3,,,,,254.00001391E-9,16.0000000,
,,,254.39999263E-9,79.999998212E-3,,,,,254.39999263E-9,479.999989271E-3,,,,,254.39999263E-9,16.0000000,
,,,254.79999977E-9,39.99999911E-3,,,,,254.79999977E-9,519.999980927E-3,,,,,254.79999977E-9,16.3999996,
,,,255.20000690E-9,0.0,,,,,255.20000690E-9,639.999985695E-3,,,,,255.20000690E-9,16.0000000,
,,,255.60001404E-9,-39.99999911E-3,,,,,255.60001404E-9,680.000007153E-3,,,,,255.60001404E-9,16.0000000,
,,,255.99999276E-9,-79.999998212E-3,,,,,255.99999276E-9,719.999969006E-3,,,,,255.99999276E-9,16.0000000,
,,,256.39999990E-9,-79.999998212E-3,,,,,256.39999990E-9,759.999990463E-3,,,,,256.39999990E-9,16.0000000,
,,,256.80000704E-9,-119.9999973E-3,,,,,256.80000704E-9,719.999969006E-3,,,,,256.80000704E-9,16.3999996,
,,,257.20001418E-9,-119.9999973E-3,,,,,257.20001418E-9,680.000007153E-3,,,,,257.20001418E-9,16.8000011,
,,,257.59999289E-9,-79.999998212E-3,,,,,257.59999289E-9,639.999985695E-3,,,,,257.59999289E-9,17.2000008,
,,,258.00000003E-9,-39.99999911E-3,,,,,258.00000003E-9,639.999985695E-3,,,,,258.00000003E-9,17.6000004,
,,,258.40000717E-9,39.99999911E-3,,,,,258.40000717E-9,639.999985695E-3,,,,,258.40000717E-9,17.2000008,
,,,258.80001431E-9,79.999998212E-3,,,,,258.80001431E-9,639.999985695E-3,,,,,258.80001431E-9,16.8000011,
,,,259.19999302E-9,119.9999973E-3,,,,,259.19999302E-9,680.000007153E-3,,,,,259.19999302E-9,16.3999996,
,,,259.60000016E-9,159.99999642E-3,,,,,259.60000016E-9,719.999969006E-3,,,,,259.60000016E-9,16.0000000,
,,,260.00000730E-9,119.9999973E-3,,,,,260.00000730E-9,719.999969006E-3,,,,,260.00000730E-9,15.6000004,
,,,260.40001444E-9,119.9999973E-3,,,,,260.40001444E-9,680.000007153E-3,,,,,260.40001444E-9,15.6000004,
,,,260.79999316E-9,79.999998212E-3,,,,,260.79999316E-9,560.000002384E-3,,,,,260.79999316E-9,15.6000004,
,,,261.20000030E-9,39.99999911E-3,,,,,261.20000030E-9,479.999989271E-3,,,,,261.20000030E-9,15.6000004,
,,,261.60000743E-9,0.0,,,,,261.60000743E-9,399.99997616E-3,,,,,261.60000743E-9,16.0000000,
,,,262.00001457E-9,-39.99999911E-3,,,,,262.00001457E-9,359.99998450E-3,,,,,262.00001457E-9,16.3999996,
,,,262.39999329E-9,-79.999998212E-3,,,,,262.39999329E-9,399.99997616E-3,,,,,262.39999329E-9,16.3999996,
,,,262.80000043E-9,-119.9999973E-3,,,,,262.80000043E-9,519.999980927E-3,,,,,262.80000043E-9,16.3999996,
,,,263.20000757E-9,-119.9999973E-3,,,,,263.20000757E-9,639.999985695E-3,,,,,263.20000757E-9,16.3999996,
,,,263.59998628E-9,-119.9999973E-3,,,,,263.59998628E-9,759.999990463E-3,,,,,263.59998628E-9,16.3999996,
,,,263.99999342E-9,-79.999998212E-3,,,,,263.99999342E-9,799.999952316E-3,,,,,263.99999342E-9,16.3999996,
,,,264.40000056E-9,0.0,,,,,264.40000056E-9,839.999973774E-3,,,,,264.40000056E-9,16.8000011,
,,,264.80000770E-9,0.0,,,,,264.80000770E-9,759.999990463E-3,,,,,264.80000770E-9,17.2000008,
,,,265.19998642E-9,39.99999911E-3,,,,,265.19998642E-9,639.999985695E-3,,,,,265.19998642E-9,17.2000008,
,,,265.59999355E-9,79.999998212E-3,,,,,265.59999355E-9,560.000002384E-3,,,,,265.59999355E-9,17.2000008,
,,,266.00000069E-9,119.9999973E-3,,,,,266.00000069E-9,519.999980927E-3,,,,,266.00000069E-9,16.8000011,
,,,266.40000783E-9,159.99999642E-3,,,,,266.40000783E-9,519.999980927E-3,,,,,266.40000783E-9,16.0000000,
,,,266.79998655E-9,119.9999973E-3,,,,,266.79998655E-9,560.000002384E-3,,,,,266.79998655E-9,15.6000004,
,,,267.19999369E-9,79.999998212E-3,,,,,267.19999369E-9,599.999964237E-3,,,,,267.19999369E-9,15.6000004,
,,,267.60000083E-9,39.99999911E-3,,,,,267.60000083E-9,599.999964237E-3,,,,,267.60000083E-9,15.6000004,
,,,268.00000796E-9,39.99999911E-3,,,,,268.00000796E-9,599.999964237E-3,,,,,268.00000796E-9,16.0000000,
,,,268.39998668E-9,39.99999911E-3,,,,,268.39998668E-9,560.000002384E-3,,,,,268.39998668E-9,16.0000000,
,,,268.79999382E-9,0.0,,,,,268.79999382E-9,519.999980927E-3,,,,,268.79999382E-9,16.0000000,
,,,269.20000096E-9,0.0,,,,,269.20000096E-9,519.999980927E-3,,,,,269.20000096E-9,16.3999996,
,,,269.60000810E-9,-39.99999911E-3,,,,,269.60000810E-9,519.999980927E-3,,,,,269.60000810E-9,16.3999996,
,,,269.99998681E-9,-39.99999911E-3,,,,,269.99998681E-9,599.999964237E-3,,,,,269.99998681E-9,16.3999996,
,,,270.39999395E-9,-39.99999911E-3,,,,,270.39999395E-9,680.000007153E-3,,,,,270.39999395E-9,16.8000011,
,,,270.80000109E-9,-39.99999911E-3,,,,,270.80000109E-9,719.999969006E-3,,,,,270.80000109E-9,16.8000011,
,,,271.20000823E-9,0.0,,,,,271.20000823E-9,759.999990463E-3,,,,,271.20000823E-9,17.2000008,
,,,271.59998695E-9,39.99999911E-3,,,,,271.59998695E-9,799.999952316E-3,,,,,271.59998695E-9,17.6000004,
,,,271.99999408E-9,119.9999973E-3,,,,,271.99999408E-9,759.999990463E-3,,,,,271.99999408E-9,17.6000004,
,,,272.40000122E-9,159.99999642E-3,,,,,272.40000122E-9,719.999969006E-3,,,,,272.40000122E-9,17.2000008,
,,,272.80000836E-9,159.99999642E-3,,,,,272.80000836E-9,639.999985695E-3,,,,,272.80000836E-9,16.8000011,
,,,273.19998708E-9,199.99998808E-3,,,,,273.19998708E-9,599.999964237E-3,,,,,273.19998708E-9,16.0000000,
,,,273.59999422E-9,199.99998808E-3,,,,,273.59999422E-9,560.000002384E-3,,,,,273.59999422E-9,15.6000004,
,,,274.00000135E-9,159.99999642E-3,,,,,274.00000135E-9,519.999980927E-3,,,,,274.00000135E-9,15.6000004,
,,,274.40000849E-9,159.99999642E-3,,,,,274.40000849E-9,479.999989271E-3,,,,,274.40000849E-9,16.0000000,
,,,274.79998721E-9,79.999998212E-3,,,,,274.79998721E-9,479.999989271E-3,,,,,274.79998721E-9,16.3999996,
,,,275.19999435E-9,39.99999911E-3,,,,,275.19999435E-9,479.999989271E-3,,,,,275.19999435E-9,16.8000011,
,,,275.60000149E-9,0.0,,,,,275.60000149E-9,519.999980927E-3,,,,,275.60000149E-9,16.8000011,
,,,276.00000863E-9,-39.99999911E-3,,,,,276.00000863E-9,599.999964237E-3,,,,,276.00000863E-9,16.8000011,
,,,276.39998734E-9,-39.99999911E-3,,,,,276.39998734E-9,680.000007153E-3,,,,,276.39998734E-9,16.8000011,
,,,276.79999448E-9,-79.999998212E-3,,,,,276.79999448E-9,680.000007153E-3,,,,,276.79999448E-9,16.8000011,
,,,277.20000162E-9,-79.999998212E-3,,,,,277.20000162E-9,719.999969006E-3,,,,,277.20000162E-9,16.8000011,
,,,277.60000876E-9,-79.999998212E-3,,,,,277.60000876E-9,680.000007153E-3,,,,,277.60000876E-9,16.8000011,
,,,277.99998747E-9,-39.99999911E-3,,,,,277.99998747E-9,680.000007153E-3,,,,,277.99998747E-9,17.2000008,
,,,278.39999461E-9,39.99999911E-3,,,,,278.39999461E-9,680.000007153E-3,,,,,278.39999461E-9,17.6000004,
,,,278.80000175E-9,79.999998212E-3,,,,,278.80000175E-9,680.000007153E-3,,,,,278.80000175E-9,17.6000004,
,,,279.20000889E-9,119.9999973E-3,,,,,279.20000889E-9,680.000007153E-3,,,,,279.20000889E-9,17.6000004,
,,,279.59998761E-9,159.99999642E-3,,,,,279.59998761E-9,680.000007153E-3,,,,,279.59998761E-9,17.2000008,
,,,279.99999475E-9,119.9999973E-3,,,,,279.99999475E-9,639.999985695E-3,,,,,279.99999475E-9,16.8000011,
,,,280.40000188E-9,119.9999973E-3,,,,,280.40000188E-9,639.999985695E-3,,,,,280.40000188E-9,16.0000000,
,,,280.80000902E-9,79.999998212E-3,,,,,280.80000902E-9,519.999980927E-3,,,,,280.80000902E-9,15.6000004,
,,,281.19998774E-9,79.999998212E-3,,,,,281.19998774E-9,439.999997616E-3,,,,,281.19998774E-9,16.0000000,
,,,281.59999488E-9,39.99999911E-3,,,,,281.59999488E-9,359.99998450E-3,,,,,281.59999488E-9,16.0000000,
,,,282.00000202E-9,39.99999911E-3,,,,,282.00000202E-9,359.99998450E-3,,,,,282.00000202E-9,16.3999996,
,,,282.40000916E-9,39.99999911E-3,,,,,282.40000916E-9,399.99997616E-3,,,,,282.40000916E-9,17.2000008,
,,,282.79998787E-9,0.0,,,,,282.79998787E-9,479.999989271E-3,,,,,282.79998787E-9,17.6000004,
,,,283.19999501E-9,-39.99999911E-3,,,,,283.19999501E-9,560.000002384E-3,,,,,283.19999501E-9,17.6000004,
,,,283.60000215E-9,-79.999998212E-3,,,,,283.60000215E-9,639.999985695E-3,,,,,283.60000215E-9,17.6000004,
,,,284.00000929E-9,-79.999998212E-3,,,,,284.00000929E-9,680.000007153E-3,,,,,284.00000929E-9,17.6000004,
,,,284.39998800E-9,-39.99999911E-3,,,,,284.39998800E-9,719.999969006E-3,,,,,284.39998800E-9,17.6000004,
,,,284.79999514E-9,-39.99999911E-3,,,,,284.79999514E-9,680.000007153E-3,,,,,284.79999514E-9,17.6000004,
,,,285.20000228E-9,0.0,,,,,285.20000228E-9,599.999964237E-3,,,,,285.20000228E-9,17.6000004,
,,,285.60000942E-9,79.999998212E-3,,,,,285.60000942E-9,560.000002384E-3,,,,,285.60000942E-9,17.6000004,
,,,285.99998814E-9,119.9999973E-3,,,,,285.99998814E-9,519.999980927E-3,,,,,285.99998814E-9,17.2000008,
,,,286.39999528E-9,199.99998808E-3,,,,,286.39999528E-9,519.999980927E-3,,,,,286.39999528E-9,16.8000011,
,,,286.80000241E-9,199.99998808E-3,,,,,286.80000241E-9,479.999989271E-3,,,,,286.80000241E-9,16.3999996,
,,,287.20000955E-9,159.99999642E-3,,,,,287.20000955E-9,479.999989271E-3,,,,,287.20000955E-9,16.0000000,
,,,287.59998827E-9,119.9999973E-3,,,,,287.59998827E-9,479.999989271E-3,,,,,287.59998827E-9,16.0000000,
,,,287.99999541E-9,79.999998212E-3,,,,,287.99999541E-9,479.999989271E-3,,,,,287.99999541E-9,16.3999996,
,,,288.40000255E-9,39.99999911E-3,,,,,288.40000255E-9,479.999989271E-3,,,,,288.40000255E-9,16.8000011,
,,,288.80000968E-9,0.0,,,,,288.80000968E-9,439.999997616E-3,,,,,288.80000968E-9,17.2000008,
,,,289.19998840E-9,0.0,,,,,289.19998840E-9,439.999997616E-3,,,,,289.19998840E-9,17.6000004,
,,,289.59999554E-9,0.0,,,,,289.59999554E-9,439.999997616E-3,,,,,289.59999554E-9,17.6000004,
,,,290.00000268E-9,0.0,,,,,290.00000268E-9,439.999997616E-3,,,,,290.00000268E-9,17.6000004,
,,,290.40000982E-9,0.0,,,,,290.40000982E-9,479.999989271E-3,,,,,290.40000982E-9,17.6000004,
,,,290.79998853E-9,-39.99999911E-3,,,,,290.79998853E-9,560.000002384E-3,,,,,290.79998853E-9,17.6000004,
,,,291.19999567E-9,-39.99999911E-3,,,,,291.19999567E-9,639.999985695E-3,,,,,291.19999567E-9,17.6000004,
,,,291.60000281E-9,0.0,,,,,291.60000281E-9,719.999969006E-3,,,,,291.60000281E-9,17.6000004,
,,,292.00000995E-9,39.99999911E-3,,,,,292.00000995E-9,759.999990463E-3,,,,,292.00000995E-9,17.2000008,
,,,292.39998867E-9,119.9999973E-3,,,,,292.39998867E-9,759.999990463E-3,,,,,292.39998867E-9,17.2000008,
,,,292.79999580E-9,159.99999642E-3,,,,,292.79999580E-9,639.999985695E-3,,,,,292.79999580E-9,17.2000008,
,,,293.20000294E-9,159.99999642E-3,,,,,293.20000294E-9,519.999980927E-3,,,,,293.20000294E-9,16.8000011,
,,,293.60001008E-9,159.99999642E-3,,,,,293.60001008E-9,439.999997616E-3,,,,,293.60001008E-9,16.8000011,
,,,293.99998880E-9,159.99999642E-3,,,,,293.99998880E-9,359.99998450E-3,,,,,293.99998880E-9,16.8000011,
,,,294.39999594E-9,119.9999973E-3,,,,,294.39999594E-9,359.99998450E-3,,,,,294.39999594E-9,16.8000011,
,,,294.80000308E-9,39.99999911E-3,,,,,294.80000308E-9,399.99997616E-3,,,,,294.80000308E-9,16.8000011,
,,,295.20001021E-9,0.0,,,,,295.20001021E-9,439.999997616E-3,,,,,295.20001021E-9,17.2000008,
,,,295.59998893E-9,-39.99999911E-3,,,,,295.59998893E-9,479.999989271E-3,,,,,295.59998893E-9,17.2000008,
,,,295.99999607E-9,-39.99999911E-3,,,,,295.99999607E-9,519.999980927E-3,,,,,295.99999607E-9,17.6000004,
,,,296.40000321E-9,-39.99999911E-3,,,,,296.40000321E-9,519.999980927E-3,,,,,296.40000321E-9,17.6000004,
,,,296.80001035E-9,0.0,,,,,296.80001035E-9,479.999989271E-3,,,,,296.80001035E-9,17.6000004,
,,,297.19998906E-9,39.99999911E-3,,,,,297.19998906E-9,439.999997616E-3,,,,,297.19998906E-9,17.6000004,
,,,297.59999620E-9,79.999998212E-3,,,,,297.59999620E-9,439.999997616E-3,,,,,297.59999620E-9,18.0000000,
,,,298.00000334E-9,79.999998212E-3,,,,,298.00000334E-9,479.999989271E-3,,,,,298.00000334E-9,18.0000000,
,,,298.40001048E-9,119.9999973E-3,,,,,298.40001048E-9,519.999980927E-3,,,,,298.40001048E-9,17.6000004,
,,,298.79998920E-9,79.999998212E-3,,,,,298.79998920E-9,519.999980927E-3,,,,,298.79998920E-9,17.6000004,
,,,299.19999633E-9,79.999998212E-3,,,,,299.19999633E-9,560.000002384E-3,,,,,299.19999633E-9,17.6000004,
,,,299.60000347E-9,79.999998212E-3,,,,,299.60000347E-9,560.000002384E-3,,,,,299.60000347E-9,17.6000004,
,,,300.00001061E-9,79.999998212E-3,,,,,300.00001061E-9,519.999980927E-3,,,,,300.00001061E-9,17.2000008,
,,,300.39998933E-9,79.999998212E-3,,,,,300.39998933E-9,519.999980927E-3,,,,,300.39998933E-9,17.2000008,
,,,300.79999647E-9,79.999998212E-3,,,,,300.79999647E-9,479.999989271E-3,,,,,300.79999647E-9,17.2000008,
,,,301.20000361E-9,79.999998212E-3,,,,,301.20000361E-9,479.999989271E-3,,,,,301.20000361E-9,17.2000008,
,,,301.60001074E-9,39.99999911E-3,,,,,301.60001074E-9,439.999997616E-3,,,,,301.60001074E-9,17.2000008,
,,,301.99998946E-9,39.99999911E-3,,,,,301.99998946E-9,399.99997616E-3,,,,,301.99998946E-9,17.2000008,
,,,302.39999660E-9,39.99999911E-3,,,,,302.39999660E-9,399.99997616E-3,,,,,302.39999660E-9,17.6000004,
,,,302.80000374E-9,0.0,,,,,302.80000374E-9,359.99998450E-3,,,,,302.80000374E-9,18.0000000,
,,,303.20001088E-9,39.99999911E-3,,,,,303.20001088E-9,359.99998450E-3,,,,,303.20001088E-9,18.0000000,
,,,303.59998959E-9,39.99999911E-3,,,,,303.59998959E-9,399.99997616E-3,,,,,303.59998959E-9,18.3999996,
,,,303.99999673E-9,39.99999911E-3,,,,,303.99999673E-9,479.999989271E-3,,,,,303.99999673E-9,18.3999996,
,,,304.40000387E-9,79.999998212E-3,,,,,304.40000387E-9,560.000002384E-3,,,,,304.40000387E-9,18.0000000,
,,,304.80001101E-9,79.999998212E-3,,,,,304.80001101E-9,560.000002384E-3,,,,,304.80001101E-9,18.0000000,
,,,305.19998973E-9,119.9999973E-3,,,,,305.19998973E-9,519.999980927E-3,,,,,305.19998973E-9,17.6000004,
,,,305.59999686E-9,159.99999642E-3,,,,,305.59999686E-9,479.999989271E-3,,,,,305.59999686E-9,17.2000008,
,,,306.00000400E-9,159.99999642E-3,,,,,306.00000400E-9,479.999989271E-3,,,,,306.00000400E-9,17.2000008,
,,,306.40001114E-9,159.99999642E-3,,,,,306.40001114E-9,479.999989271E-3,,,,,306.40001114E-9,17.2000008,
,,,306.79998986E-9,79.999998212E-3,,,,,306.79998986E-9,519.999980927E-3,,,,,306.79998986E-9,17.2000008,
,,,307.19999700E-9,39.99999911E-3,,,,,307.19999700E-9,560.000002384E-3,,,,,307.19999700E-9,17.6000004,
,,,307.60000413E-9,0.0,,,,,307.60000413E-9,599.999964237E-3,,,,,307.60000413E-9,17.6000004,
,,,308.00001127E-9,0.0,,,,,308.00001127E-9,560.000002384E-3,,,,,308.00001127E-9,17.6000004,
,,,308.39998999E-9,0.0,,,,,308.39998999E-9,519.999980927E-3,,,,,308.39998999E-9,17.6000004,
,,,308.79999713E-9,0.0,,,,,308.79999713E-9,439.999997616E-3,,,,,308.79999713E-9,17.6000004,
,,,309.20000427E-9,39.99999911E-3,,,,,309.20000427E-9,399.99997616E-3,,,,,309.20000427E-9,17.6000004,
,,,309.60001141E-9,79.999998212E-3,,,,,309.60001141E-9,399.99997616E-3,,,,,309.60001141E-9,17.6000004,
,,,309.99999012E-9,119.9999973E-3,,,,,309.99999012E-9,439.999997616E-3,,,,,309.99999012E-9,18.0000000,
,,,310.39999726E-9,159.99999642E-3,,,,,310.39999726E-9,479.999989271E-3,,,,,310.39999726E-9,18.0000000,
,,,310.80000440E-9,119.9999973E-3,,,,,310.80000440E-9,439.999997616E-3,,,,,310.80000440E-9,18.3999996,
,,,311.20001154E-9,119.9999973E-3,,,,,311.20001154E-9,439.999997616E-3,,,,,311.20001154E-9,18.3999996,
,,,311.59999025E-9,79.999998212E-3,,,,,311.59999025E-9,399.99997616E-3,,,,,311.59999025E-9,18.3999996,
,,,311.99999739E-9,39.99999911E-3,,,,,311.99999739E-9,399.99997616E-3,,,,,311.99999739E-9,18.0000000,
,,,312.40000453E-9,39.99999911E-3,,,,,312.40000453E-9,399.99997616E-3,,,,,312.40000453E-9,17.6000004,
,,,312.80001167E-9,0.0,,,,,312.80001167E-9,439.999997616E-3,,,,,312.80001167E-9,17.2000008,
,,,313.19999039E-9,0.0,,,,,313.19999039E-9,479.999989271E-3,,,,,313.19999039E-9,17.6000004,
,,,313.59999753E-9,0.0,,,,,313.59999753E-9,519.999980927E-3,,,,,313.59999753E-9,17.6000004,
,,,314.00000466E-9,-39.99999911E-3,,,,,314.00000466E-9,560.000002384E-3,,,,,314.00000466E-9,17.6000004,
,,,314.40001180E-9,0.0,,,,,314.40001180E-9,560.000002384E-3,,,,,314.40001180E-9,18.0000000,
,,,314.79999052E-9,0.0,,,,,314.79999052E-9,519.999980927E-3,,,,,314.79999052E-9,18.0000000,
,,,315.19999766E-9,0.0,,,,,315.19999766E-9,479.999989271E-3,,,,,315.19999766E-9,18.0000000,
,,,315.60000480E-9,39.99999911E-3,,,,,315.60000480E-9,479.999989271E-3,,,,,315.60000480E-9,18.0000000,
,,,316.00001194E-9,39.99999911E-3,,,,,316.00001194E-9,479.999989271E-3,,,,,316.00001194E-9,18.0000000,
,,,316.39999065E-9,39.99999911E-3,,,,,316.39999065E-9,479.999989271E-3,,,,,316.39999065E-9,18.0000000,
,,,316.79999779E-9,39.99999911E-3,,,,,316.79999779E-9,439.999997616E-3,,,,,316.79999779E-9,18.0000000,
,,,317.20000493E-9,39.99999911E-3,,,,,317.20000493E-9,399.99997616E-3,,,,,317.20000493E-9,18.0000000,
,,,317.60001207E-9,79.999998212E-3,,,,,317.60001207E-9,359.99998450E-3,,,,,317.60001207E-9,18.3999996,
,,,317.99999078E-9,79.999998212E-3,,,,,317.99999078E-9,359.99998450E-3,,,,,317.99999078E-9,18.3999996,
,,,318.39999792E-9,119.9999973E-3,,,,,318.39999792E-9,399.99997616E-3,,,,,318.39999792E-9,18.3999996,
,,,318.80000506E-9,79.999998212E-3,,,,,318.80000506E-9,439.999997616E-3,,,,,318.80000506E-9,18.0000000,
,,,319.20001220E-9,39.99999911E-3,,,,,319.20001220E-9,519.999980927E-3,,,,,319.20001220E-9,18.0000000,
,,,319.59999092E-9,0.0,,,,,319.59999092E-9,560.000002384E-3,,,,,319.59999092E-9,17.6000004,
,,,319.99999806E-9,0.0,,,,,319.99999806E-9,599.999964237E-3,,,,,319.99999806E-9,17.6000004,
,,,320.40000519E-9,0.0,,,,,320.40000519E-9,599.999964237E-3,,,,,320.40000519E-9,18.0000000,
,,,320.80001233E-9,0.0,,,,,320.80001233E-9,519.999980927E-3,,,,,320.80001233E-9,18.0000000,
,,,321.19999105E-9,39.99999911E-3,,,,,321.19999105E-9,479.999989271E-3,,,,,321.19999105E-9,18.0000000,
,,,321.59999819E-9,79.999998212E-3,,,,,321.59999819E-9,479.999989271E-3,,,,,321.59999819E-9,17.6000004,
,,,322.00000533E-9,79.999998212E-3,,,,,322.00000533E-9,479.999989271E-3,,,,,322.00000533E-9,17.6000004,
,,,322.40001246E-9,119.9999973E-3,,,,,322.40001246E-9,519.999980927E-3,,,,,322.40001246E-9,17.6000004,
,,,322.79999118E-9,79.999998212E-3,,,,,322.79999118E-9,479.999989271E-3,,,,,322.79999118E-9,18.0000000,
,,,323.19999832E-9,79.999998212E-3,,,,,323.19999832E-9,479.999989271E-3,,,,,323.19999832E-9,18.0000000,
,,,323.60000546E-9,39.99999911E-3,,,,,323.60000546E-9,439.999997616E-3,,,,,323.60000546E-9,18.0000000,
,,,324.00001260E-9,0.0,,,,,324.00001260E-9,399.99997616E-3,,,,,324.00001260E-9,18.0000000,
,,,324.39999131E-9,0.0,,,,,324.39999131E-9,399.99997616E-3,,,,,324.39999131E-9,18.3999996,
,,,324.79999845E-9,0.0,,,,,324.79999845E-9,399.99997616E-3,,,,,324.79999845E-9,18.0000000,
,,,325.20000559E-9,0.0,,,,,325.20000559E-9,439.999997616E-3,,,,,325.20000559E-9,18.0000000,
,,,325.60001273E-9,39.99999911E-3,,,,,325.60001273E-9,479.999989271E-3,,,,,325.60001273E-9,18.0000000,
,,,325.99999145E-9,39.99999911E-3,,,,,325.99999145E-9,560.000002384E-3,,,,,325.99999145E-9,17.6000004,
,,,326.39999858E-9,39.99999911E-3,,,,,326.39999858E-9,639.999985695E-3,,,,,326.39999858E-9,18.0000000,
,,,326.80000572E-9,0.0,,,,,326.80000572E-9,639.999985695E-3,,,,,326.80000572E-9,18.0000000,
,,,327.20001286E-9,-39.99999911E-3,,,,,327.20001286E-9,639.999985695E-3,,,,,327.20001286E-9,18.0000000,
,,,327.59999158E-9,-39.99999911E-3,,,,,327.59999158E-9,599.999964237E-3,,,,,327.59999158E-9,18.0000000,
,,,327.99999872E-9,0.0,,,,,327.99999872E-9,560.000002384E-3,,,,,327.99999872E-9,17.6000004,
,,,328.40000586E-9,39.99999911E-3,,,,,328.40000586E-9,560.000002384E-3,,,,,328.40000586E-9,17.6000004,
,,,328.80001299E-9,79.999998212E-3,,,,,328.80001299E-9,560.000002384E-3,,,,,328.80001299E-9,17.2000008,
,,,329.19999171E-9,79.999998212E-3,,,,,329.19999171E-9,560.000002384E-3,,,,,329.19999171E-9,17.2000008,
,,,329.59999885E-9,119.9999973E-3,,,,,329.59999885E-9,599.999964237E-3,,,,,329.59999885E-9,17.6000004,
,,,330.00000599E-9,119.9999973E-3,,,,,330.00000599E-9,560.000002384E-3,,,,,330.00000599E-9,18.0000000,
,,,330.40001313E-9,119.9999973E-3,,,,,330.40001313E-9,560.000002384E-3,,,,,330.40001313E-9,18.0000000,
,,,330.79999184E-9,79.999998212E-3,,,,,330.79999184E-9,479.999989271E-3,,,,,330.79999184E-9,18.3999996,
,,,331.19999898E-9,39.99999911E-3,,,,,331.19999898E-9,439.999997616E-3,,,,,331.19999898E-9,18.3999996,
,,,331.60000612E-9,0.0,,,,,331.60000612E-9,439.999997616E-3,,,,,331.60000612E-9,18.3999996,
,,,332.00001326E-9,-39.99999911E-3,,,,,332.00001326E-9,439.999997616E-3,,,,,332.00001326E-9,18.3999996,
,,,332.39999198E-9,-79.999998212E-3,,,,,332.39999198E-9,519.999980927E-3,,,,,332.39999198E-9,18.3999996,
,,,332.79999911E-9,-119.9999973E-3,,,,,332.79999911E-9,560.000002384E-3,,,,,332.79999911E-9,18.0000000,
,,,333.20000625E-9,-119.9999973E-3,,,,,333.20000625E-9,639.999985695E-3,,,,,333.20000625E-9,18.0000000,
,,,333.60001339E-9,-79.999998212E-3,,,,,333.60001339E-9,680.000007153E-3,,,,,333.60001339E-9,18.0000000,
,,,333.99999211E-9,-39.99999911E-3,,,,,333.99999211E-9,639.999985695E-3,,,,,333.99999211E-9,17.6000004,
,,,334.39999925E-9,0.0,,,,,334.39999925E-9,639.999985695E-3,,,,,334.39999925E-9,17.6000004,
,,,334.80000639E-9,0.0,,,,,334.80000639E-9,639.999985695E-3,,,,,334.80000639E-9,17.6000004,
,,,335.20001352E-9,0.0,,,,,335.20001352E-9,639.999985695E-3,,,,,335.20001352E-9,17.6000004,
,,,335.59999224E-9,39.99999911E-3,,,,,335.59999224E-9,599.999964237E-3,,,,,335.59999224E-9,17.6000004,
,,,335.99999938E-9,39.99999911E-3,,,,,335.99999938E-9,599.999964237E-3,,,,,335.99999938E-9,17.6000004,
,,,336.40000652E-9,79.999998212E-3,,,,,336.40000652E-9,599.999964237E-3,,,,,336.40000652E-9,17.6000004,
,,,336.80001366E-9,79.999998212E-3,,,,,336.80001366E-9,560.000002384E-3,,,,,336.80001366E-9,18.0000000,
,,,337.19999237E-9,79.999998212E-3,,,,,337.19999237E-9,599.999964237E-3,,,,,337.19999237E-9,18.0000000,
,,,337.59999951E-9,79.999998212E-3,,,,,337.59999951E-9,599.999964237E-3,,,,,337.59999951E-9,18.3999996,
,,,338.00000665E-9,39.99999911E-3,,,,,338.00000665E-9,599.999964237E-3,,,,,338.00000665E-9,18.3999996,
,,,338.40001379E-9,39.99999911E-3,,,,,338.40001379E-9,639.999985695E-3,,,,,338.40001379E-9,18.3999996,
,,,338.79999251E-9,-39.99999911E-3,,,,,338.79999251E-9,599.999964237E-3,,,,,338.79999251E-9,18.0000000,
,,,339.19999964E-9,-79.999998212E-3,,,,,339.19999964E-9,560.000002384E-3,,,,,339.19999964E-9,18.0000000,
,,,339.60000678E-9,-119.9999973E-3,,,,,339.60000678E-9,519.999980927E-3,,,,,339.60000678E-9,18.0000000,
,,,340.00001392E-9,-119.9999973E-3,,,,,340.00001392E-9,519.999980927E-3,,,,,340.00001392E-9,18.3999996,
,,,340.39999264E-9,-79.999998212E-3,,,,,340.39999264E-9,560.000002384E-3,,,,,340.39999264E-9,18.3999996,
,,,340.79999978E-9,-39.99999911E-3,,,,,340.79999978E-9,599.999964237E-3,,,,,340.79999978E-9,18.3999996,
,,,341.20000691E-9,0.0,,,,,341.20000691E-9,680.000007153E-3,,,,,341.20000691E-9,18.3999996,
,,,341.60001405E-9,39.99999911E-3,,,,,341.60001405E-9,719.999969006E-3,,,,,341.60001405E-9,18.3999996,
,,,341.99999277E-9,39.99999911E-3,,,,,341.99999277E-9,719.999969006E-3,,,,,341.99999277E-9,18.3999996,
,,,342.39999991E-9,79.999998212E-3,,,,,342.39999991E-9,719.999969006E-3,,,,,342.39999991E-9,18.0000000,
,,,342.80000705E-9,39.99999911E-3,,,,,342.80000705E-9,639.999985695E-3,,,,,342.80000705E-9,18.0000000,
,,,343.20001419E-9,39.99999911E-3,,,,,343.20001419E-9,560.000002384E-3,,,,,343.20001419E-9,18.0000000,
,,,343.59999290E-9,0.0,,,,,343.59999290E-9,519.999980927E-3,,,,,343.59999290E-9,18.0000000,
,,,344.00000004E-9,0.0,,,,,344.00000004E-9,519.999980927E-3,,,,,344.00000004E-9,18.0000000,
,,,344.40000718E-9,0.0,,,,,344.40000718E-9,560.000002384E-3,,,,,344.40000718E-9,18.3999996,
,,,344.80001432E-9,-39.99999911E-3,,,,,344.80001432E-9,560.000002384E-3,,,,,344.80001432E-9,18.8000011,
,,,345.19999303E-9,-39.99999911E-3,,,,,345.19999303E-9,560.000002384E-3,,,,,345.19999303E-9,18.8000011,
,,,345.60000017E-9,-39.99999911E-3,,,,,345.60000017E-9,560.000002384E-3,,,,,345.60000017E-9,18.8000011,
,,,346.00000731E-9,-79.999998212E-3,,,,,346.00000731E-9,560.000002384E-3,,,,,346.00000731E-9,18.8000011,
,,,346.40001445E-9,-39.99999911E-3,,,,,346.40001445E-9,560.000002384E-3,,,,,346.40001445E-9,18.8000011,
,,,346.79999317E-9,-39.99999911E-3,,,,,346.79999317E-9,560.000002384E-3,,,,,346.79999317E-9,18.3999996,
,,,347.20000031E-9,-39.99999911E-3,,,,,347.20000031E-9,599.999964237E-3,,,,,347.20000031E-9,18.3999996,
,,,347.60000744E-9,0.0,,,,,347.60000744E-9,639.999985695E-3,,,,,347.60000744E-9,18.3999996,
,,,348.00001458E-9,0.0,,,,,348.00001458E-9,639.999985695E-3,,,,,348.00001458E-9,18.3999996,
,,,348.39999330E-9,0.0,,,,,348.39999330E-9,639.999985695E-3,,,,,348.39999330E-9,18.3999996,
,,,348.80000044E-9,0.0,,,,,348.80000044E-9,639.999985695E-3,,,,,348.80000044E-9,18.0000000,
,,,349.20000758E-9,39.99999911E-3,,,,,349.20000758E-9,639.999985695E-3,,,,,349.20000758E-9,18.0000000,
,,,349.60001472E-9,79.999998212E-3,,,,,349.60001472E-9,639.999985695E-3,,,,,349.60001472E-9,18.0000000,
,,,349.99999343E-9,79.999998212E-3,,,,,349.99999343E-9,639.999985695E-3,,,,,349.99999343E-9,18.0000000,
,,,350.40000057E-9,79.999998212E-3,,,,,350.40000057E-9,680.000007153E-3,,,,,350.40000057E-9,18.0000000,
,,,350.80000771E-9,39.99999911E-3,,,,,350.80000771E-9,639.999985695E-3,,,,,350.80000771E-9,18.0000000,
,,,351.20001485E-9,0.0,,,,,351.20001485E-9,639.999985695E-3,,,,,351.20001485E-9,18.0000000,
,,,351.59999356E-9,0.0,,,,,351.59999356E-9,599.999964237E-3,,,,,351.59999356E-9,18.3999996,
,,,352.00000070E-9,0.0,,,,,352.00000070E-9,560.000002384E-3,,,,,352.00000070E-9,18.3999996,
,,,352.40000784E-9,0.0,,,,,352.40000784E-9,519.999980927E-3,,,,,352.40000784E-9,18.3999996,
,,,352.80001498E-9,-39.99999911E-3,,,,,352.80001498E-9,479.999989271E-3,,,,,352.80001498E-9,18.8000011,
,,,353.19999370E-9,0.0,,,,,353.19999370E-9,479.999989271E-3,,,,,353.19999370E-9,18.3999996,
,,,353.60000084E-9,0.0,,,,,353.60000084E-9,519.999980927E-3,,,,,353.60000084E-9,18.3999996,
,,,354.00000797E-9,39.99999911E-3,,,,,354.00000797E-9,560.000002384E-3,,,,,354.00000797E-9,18.3999996,
,,,354.40001511E-9,79.999998212E-3,,,,,354.40001511E-9,639.999985695E-3,,,,,354.40001511E-9,18.3999996,
,,,354.79999383E-9,79.999998212E-3,,,,,354.79999383E-9,639.999985695E-3,,,,,354.79999383E-9,18.3999996,
,,,355.20000097E-9,119.9999973E-3,,,,,355.20000097E-9,680.000007153E-3,,,,,355.20000097E-9,18.3999996,
,,,355.60000811E-9,119.9999973E-3,,,,,355.60000811E-9,639.999985695E-3,,,,,355.60000811E-9,18.0000000,
,,,356.00001524E-9,119.9999973E-3,,,,,356.00001524E-9,639.999985695E-3,,,,,356.00001524E-9,18.0000000,
,,,356.39999396E-9,119.9999973E-3,,,,,356.39999396E-9,639.999985695E-3,,,,,356.39999396E-9,18.3999996,
,,,356.80000110E-9,79.999998212E-3,,,,,356.80000110E-9,639.999985695E-3,,,,,356.80000110E-9,18.3999996,
,,,357.20000824E-9,79.999998212E-3,,,,,357.20000824E-9,639.999985695E-3,,,,,357.20000824E-9,18.3999996,
,,,357.60001538E-9,39.99999911E-3,,,,,357.60001538E-9,680.000007153E-3,,,,,357.60001538E-9,18.3999996,
,,,357.99999409E-9,0.0,,,,,357.99999409E-9,639.999985695E-3,,,,,357.99999409E-9,18.8000011,
,,,358.40000123E-9,0.0,,,,,358.40000123E-9,639.999985695E-3,,,,,358.40000123E-9,18.8000011,
,,,358.80000837E-9,-39.99999911E-3,,,,,358.80000837E-9,599.999964237E-3,,,,,358.80000837E-9,19.2000008,
,,,359.20001551E-9,-39.99999911E-3,,,,,359.20001551E-9,560.000002384E-3,,,,,359.20001551E-9,19.2000008,
,,,359.59999423E-9,0.0,,,,,359.59999423E-9,560.000002384E-3,,,,,359.59999423E-9,19.2000008,
,,,360.00000136E-9,39.99999911E-3,,,,,360.00000136E-9,560.000002384E-3,,,,,360.00000136E-9,19.2000008,
,,,360.40000850E-9,79.999998212E-3,,,,,360.40000850E-9,599.999964237E-3,,,,,360.40000850E-9,19.2000008,
,,,360.80001564E-9,79.999998212E-3,,,,,360.80001564E-9,599.999964237E-3,,,,,360.80001564E-9,19.2000008,
,,,361.19999436E-9,79.999998212E-3,,,,,361.19999436E-9,599.999964237E-3,,,,,361.19999436E-9,18.8000011,
,,,361.60000150E-9,79.999998212E-3,,,,,361.60000150E-9,599.999964237E-3,,,,,361.60000150E-9,18.8000011,
,,,362.00000864E-9,79.999998212E-3,,,,,362.00000864E-9,599.999964237E-3,,,,,362.00000864E-9,18.8000011,
,,,362.40001577E-9,119.9999973E-3,,,,,362.40001577E-9,639.999985695E-3,,,,,362.40001577E-9,18.3999996,
,,,362.79999449E-9,119.9999973E-3,,,,,362.79999449E-9,639.999985695E-3,,,,,362.79999449E-9,18.8000011,
,,,363.20000163E-9,119.9999973E-3,,,,,363.20000163E-9,639.999985695E-3,,,,,363.20000163E-9,18.8000011,
,,,363.60000877E-9,79.999998212E-3,,,,,363.60000877E-9,639.999985695E-3,,,,,363.60000877E-9,19.2000008,
,,,364.00001591E-9,39.99999911E-3,,,,,364.00001591E-9,599.999964237E-3,,,,,364.00001591E-9,19.2000008,
,,,364.39999462E-9,39.99999911E-3,,,,,364.39999462E-9,599.999964237E-3,,,,,364.39999462E-9,19.2000008,
,,,364.80000176E-9,0.0,,,,,364.80000176E-9,560.000002384E-3,,,,,364.80000176E-9,19.2000008,
,,,365.20000890E-9,0.0,,,,,365.20000890E-9,519.999980927E-3,,,,,365.20000890E-9,19.2000008,
,,,365.59998762E-9,-39.99999911E-3,,,,,365.59998762E-9,519.999980927E-3,,,,,365.59998762E-9,19.2000008,
,,,365.99999476E-9,-39.99999911E-3,,,,,365.99999476E-9,519.999980927E-3,,,,,365.99999476E-9,19.6000004,
,,,366.40000189E-9,0.0,,,,,366.40000189E-9,560.000002384E-3,,,,,366.40000189E-9,19.6000004,
,,,366.80000903E-9,0.0,,,,,366.80000903E-9,560.000002384E-3,,,,,366.80000903E-9,19.6000004,
,,,367.19998775E-9,39.99999911E-3,,,,,367.19998775E-9,560.000002384E-3,,,,,367.19998775E-9,19.6000004,
,,,367.59999489E-9,79.999998212E-3,,,,,367.59999489E-9,560.000002384E-3,,,,,367.59999489E-9,19.2000008,
,,,368.00000203E-9,79.999998212E-3,,,,,368.00000203E-9,519.999980927E-3,,,,,368.00000203E-9,19.2000008,
,,,368.40000917E-9,79.999998212E-3,,,,,368.40000917E-9,560.000002384E-3,,,,,368.40000917E-9,19.2000008,
,,,368.79998788E-9,79.999998212E-3,,,,,368.79998788E-9,560.000002384E-3,,,,,368.79998788E-9,19.2000008,
,,,369.19999502E-9,79.999998212E-3,,,,,369.19999502E-9,599.999964237E-3,,,,,369.19999502E-9,19.2000008,
,,,369.60000216E-9,79.999998212E-3,,,,,369.60000216E-9,639.999985695E-3,,,,,369.60000216E-9,19.2000008,
,,,370.00000930E-9,79.999998212E-3,,,,,370.00000930E-9,680.000007153E-3,,,,,370.00000930E-9,19.2000008,
,,,370.39998801E-9,79.999998212E-3,,,,,370.39998801E-9,680.000007153E-3,,,,,370.39998801E-9,19.2000008,
,,,370.79999515E-9,79.999998212E-3,,,,,370.79999515E-9,639.999985695E-3,,,,,370.79999515E-9,19.2000008,
,,,371.20000229E-9,79.999998212E-3,,,,,371.20000229E-9,560.000002384E-3,,,,,371.20000229E-9,19.2000008,
,,,371.60000943E-9,79.999998212E-3,,,,,371.60000943E-9,519.999980927E-3,,,,,371.60000943E-9,19.2000008,
,,,371.99998815E-9,79.999998212E-3,,,,,371.99998815E-9,519.999980927E-3,,,,,371.99998815E-9,19.2000008,
,,,372.39999529E-9,79.999998212E-3,,,,,372.39999529E-9,519.999980927E-3,,,,,372.39999529E-9,19.2000008,
,,,372.80000242E-9,39.99999911E-3,,,,,372.80000242E-9,479.999989271E-3,,,,,372.80000242E-9,19.6000004,
,,,373.20000956E-9,79.999998212E-3,,,,,373.20000956E-9,479.999989271E-3,,,,,373.20000956E-9,19.6000004,
,,,373.59998828E-9,79.999998212E-3,,,,,373.59998828E-9,519.999980927E-3,,,,,373.59998828E-9,19.6000004,
,,,373.99999542E-9,79.999998212E-3,,,,,373.99999542E-9,560.000002384E-3,,,,,373.99999542E-9,20.0000000,
,,,374.40000256E-9,119.9999973E-3,,,,,374.40000256E-9,599.999964237E-3,,,,,374.40000256E-9,19.6000004,
,,,374.80000969E-9,79.999998212E-3,,,,,374.80000969E-9,599.999964237E-3,,,,,374.80000969E-9,19.6000004,
,,,375.19998841E-9,79.999998212E-3,,,,,375.19998841E-9,599.999964237E-3,,,,,375.19998841E-9,19.6000004,
,,,375.59999555E-9,79.999998212E-3,,,,,375.59999555E-9,560.000002384E-3,,,,,375.59999555E-9,19.2000008,
,,,376.00000269E-9,79.999998212E-3,,,,,376.00000269E-9,560.000002384E-3,,,,,376.00000269E-9,19.2000008,
,,,376.40000983E-9,79.999998212E-3,,,,,376.40000983E-9,560.000002384E-3,,,,,376.40000983E-9,19.2000008,
,,,376.79998854E-9,79.999998212E-3,,,,,376.79998854E-9,519.999980927E-3,,,,,376.79998854E-9,19.6000004,
,,,377.19999568E-9,79.999998212E-3,,,,,377.19999568E-9,519.999980927E-3,,,,,377.19999568E-9,20.0000000,
,,,377.60000282E-9,39.99999911E-3,,,,,377.60000282E-9,519.999980927E-3,,,,,377.60000282E-9,20.0000000,
,,,378.00000996E-9,39.99999911E-3,,,,,378.00000996E-9,519.999980927E-3,,,,,378.00000996E-9,20.39999962,
,,,378.39998868E-9,39.99999911E-3,,,,,378.39998868E-9,560.000002384E-3,,,,,378.39998868E-9,20.39999962,
,,,378.79999581E-9,0.0,,,,,378.79999581E-9,560.000002384E-3,,,,,378.79999581E-9,20.0000000,
,,,379.20000295E-9,0.0,,,,,379.20000295E-9,560.000002384E-3,,,,,379.20000295E-9,20.0000000,
,,,379.60001009E-9,39.99999911E-3,,,,,379.60001009E-9,560.000002384E-3,,,,,379.60001009E-9,20.0000000,
,,,379.99998881E-9,79.999998212E-3,,,,,379.99998881E-9,560.000002384E-3,,,,,379.99998881E-9,20.0000000,
,,,380.39999595E-9,119.9999973E-3,,,,,380.39999595E-9,560.000002384E-3,,,,,380.39999595E-9,20.0000000,
,,,380.80000309E-9,119.9999973E-3,,,,,380.80000309E-9,560.000002384E-3,,,,,380.80000309E-9,20.39999962,
,,,381.20001022E-9,119.9999973E-3,,,,,381.20001022E-9,560.000002384E-3,,,,,381.20001022E-9,20.39999962,
,,,381.59998894E-9,79.999998212E-3,,,,,381.59998894E-9,519.999980927E-3,,,,,381.59998894E-9,20.0000000,
,,,381.99999608E-9,39.99999911E-3,,,,,381.99999608E-9,519.999980927E-3,,,,,381.99999608E-9,20.39999962,
,,,382.40000322E-9,39.99999911E-3,,,,,382.40000322E-9,519.999980927E-3,,,,,382.40000322E-9,20.39999962,
,,,382.80001036E-9,39.99999911E-3,,,,,382.80001036E-9,519.999980927E-3,,,,,382.80001036E-9,20.39999962,
,,,383.19998907E-9,39.99999911E-3,,,,,383.19998907E-9,519.999980927E-3,,,,,383.19998907E-9,20.39999962,
,,,383.59999621E-9,39.99999911E-3,,,,,383.59999621E-9,479.999989271E-3,,,,,383.59999621E-9,20.39999962,
,,,384.00000335E-9,39.99999911E-3,,,,,384.00000335E-9,479.999989271E-3,,,,,384.00000335E-9,20.39999962,
,,,384.40001049E-9,39.99999911E-3,,,,,384.40001049E-9,479.999989271E-3,,,,,384.40001049E-9,20.39999962,
,,,384.79998921E-9,39.99999911E-3,,,,,384.79998921E-9,479.999989271E-3,,,,,384.79998921E-9,20.80000114,
,,,385.19999634E-9,39.99999911E-3,,,,,385.19999634E-9,479.999989271E-3,,,,,385.19999634E-9,20.80000114,
,,,385.60000348E-9,79.999998212E-3,,,,,385.60000348E-9,519.999980927E-3,,,,,385.60000348E-9,20.80000114,
,,,386.00001062E-9,79.999998212E-3,,,,,386.00001062E-9,519.999980927E-3,,,,,386.00001062E-9,20.80000114,
,,,386.39998934E-9,119.9999973E-3,,,,,386.39998934E-9,560.000002384E-3,,,,,386.39998934E-9,20.80000114,
,,,386.79999648E-9,79.999998212E-3,,,,,386.79999648E-9,519.999980927E-3,,,,,386.79999648E-9,20.80000114,
,,,387.20000362E-9,79.999998212E-3,,,,,387.20000362E-9,519.999980927E-3,,,,,387.20000362E-9,20.80000114,
,,,387.60001075E-9,79.999998212E-3,,,,,387.60001075E-9,519.999980927E-3,,,,,387.60001075E-9,20.80000114,
,,,387.99998947E-9,79.999998212E-3,,,,,387.99998947E-9,519.999980927E-3,,,,,387.99998947E-9,20.80000114,
,,,388.39999661E-9,79.999998212E-3,,,,,388.39999661E-9,560.000002384E-3,,,,,388.39999661E-9,20.80000114,
,,,388.80000375E-9,79.999998212E-3,,,,,388.80000375E-9,519.999980927E-3,,,,,388.80000375E-9,20.39999962,
,,,389.20001089E-9,79.999998212E-3,,,,,389.20001089E-9,519.999980927E-3,,,,,389.20001089E-9,20.39999962,
,,,389.59998960E-9,79.999998212E-3,,,,,389.59998960E-9,479.999989271E-3,,,,,389.59998960E-9,20.39999962,
,,,389.99999674E-9,79.999998212E-3,,,,,389.99999674E-9,479.999989271E-3,,,,,389.99999674E-9,20.80000114,
,,,390.40000388E-9,119.9999973E-3,,,,,390.40000388E-9,479.999989271E-3,,,,,390.40000388E-9,20.80000114,
,,,390.80001102E-9,119.9999973E-3,,,,,390.80001102E-9,439.999997616E-3,,,,,390.80001102E-9,20.80000114,
,,,391.19998974E-9,119.9999973E-3,,,,,391.19998974E-9,439.999997616E-3,,,,,391.19998974E-9,20.80000114,
,,,391.59999687E-9,119.9999973E-3,,,,,391.59999687E-9,479.999989271E-3,,,,,391.59999687E-9,20.80000114,
,,,392.00000401E-9,119.9999973E-3,,,,,392.00000401E-9,519.999980927E-3,,,,,392.00000401E-9,20.80000114,
,,,392.40001115E-9,119.9999973E-3,,,,,392.40001115E-9,560.000002384E-3,,,,,392.40001115E-9,20.80000114,
,,,392.79998987E-9,119.9999973E-3,,,,,392.79998987E-9,560.000002384E-3,,,,,392.79998987E-9,20.80000114,
,,,393.19999701E-9,119.9999973E-3,,,,,393.19999701E-9,560.000002384E-3,,,,,393.19999701E-9,21.20000076,
,,,393.60000414E-9,79.999998212E-3,,,,,393.60000414E-9,560.000002384E-3,,,,,393.60000414E-9,20.80000114,
,,,394.00001128E-9,39.99999911E-3,,,,,394.00001128E-9,560.000002384E-3,,,,,394.00001128E-9,20.80000114,
,,,394.39999000E-9,39.99999911E-3,,,,,394.39999000E-9,560.000002384E-3,,,,,394.39999000E-9,20.80000114,
,,,394.79999714E-9,0.0,,,,,394.79999714E-9,560.000002384E-3,,,,,394.79999714E-9,20.80000114,
,,,395.20000428E-9,0.0,,,,,395.20000428E-9,560.000002384E-3,,,,,395.20000428E-9,20.80000114,
,,,395.60001142E-9,39.99999911E-3,,,,,395.60001142E-9,519.999980927E-3,,,,,395.60001142E-9,20.80000114,
,,,395.99999013E-9,39.99999911E-3,,,,,395.99999013E-9,479.999989271E-3,,,,,395.99999013E-9,20.80000114,
,,,396.39999727E-9,79.999998212E-3,,,,,396.39999727E-9,479.999989271E-3,,,,,396.39999727E-9,21.20000076,
,,,396.80000441E-9,39.99999911E-3,,,,,396.80000441E-9,439.999997616E-3,,,,,396.80000441E-9,21.20000076,
,,,397.20001155E-9,39.99999911E-3,,,,,397.20001155E-9,439.999997616E-3,,,,,397.20001155E-9,21.20000076,
,,,397.59999027E-9,39.99999911E-3,,,,,397.59999027E-9,439.999997616E-3,,,,,397.59999027E-9,21.20000076,
,,,397.99999740E-9,39.99999911E-3,,,,,397.99999740E-9,479.999989271E-3,,,,,397.99999740E-9,21.20000076,
,,,398.40000454E-9,79.999998212E-3,,,,,398.40000454E-9,519.999980927E-3,,,,,398.40000454E-9,21.20000076,
,,,398.80001168E-9,79.999998212E-3,,,,,398.80001168E-9,519.999980927E-3,,,,,398.80001168E-9,20.80000114,
,,,399.19999040E-9,79.999998212E-3,,,,,399.19999040E-9,519.999980927E-3,,,,,399.19999040E-9,20.80000114,
,,,399.59999754E-9,39.99999911E-3,,,,,399.59999754E-9,560.000002384E-3,,,,,399.59999754E-9,21.20000076,
,,,400.00000467E-9,39.99999911E-3,,,,,400.00000467E-9,560.000002384E-3,,,,,400.00000467E-9,21.20000076,
,,,400.40001181E-9,39.99999911E-3,,,,,400.40001181E-9,599.999964237E-3,,,,,400.40001181E-9,21.20000076,
,,,400.79999053E-9,39.99999911E-3,,,,,400.79999053E-9,560.000002384E-3,,,,,400.79999053E-9,21.60000038,
,,,401.19999767E-9,39.99999911E-3,,,,,401.19999767E-9,560.000002384E-3,,,,,401.19999767E-9,21.60000038,
,,,401.60000481E-9,39.99999911E-3,,,,,401.60000481E-9,519.999980927E-3,,,,,401.60000481E-9,21.60000038,
,,,402.00001195E-9,39.99999911E-3,,,,,402.00001195E-9,519.999980927E-3,,,,,402.00001195E-9,21.60000038,
,,,402.39999066E-9,39.99999911E-3,,,,,402.39999066E-9,519.999980927E-3,,,,,402.39999066E-9,21.60000038,
,,,402.79999780E-9,39.99999911E-3,,,,,402.79999780E-9,479.999989271E-3,,,,,402.79999780E-9,21.60000038,
,,,403.20000494E-9,39.99999911E-3,,,,,403.20000494E-9,479.999989271E-3,,,,,403.20000494E-9,21.60000038,
,,,403.600012078E-9,79.999998212E-3,,,,,403.600012078E-9,439.999997616E-3,,,,,403.600012078E-9,21.60000038,
,,,403.999990795E-9,79.999998212E-3,,,,,403.999990795E-9,439.999997616E-3,,,,,403.999990795E-9,21.60000038,
,,,404.399997933E-9,79.999998212E-3,,,,,404.399997933E-9,479.999989271E-3,,,,,404.399997933E-9,21.20000076,
,,,404.800005072E-9,39.99999911E-3,,,,,404.800005072E-9,479.999989271E-3,,,,,404.800005072E-9,21.60000038,
,,,405.200012210E-9,39.99999911E-3,,,,,405.200012210E-9,519.999980927E-3,,,,,405.200012210E-9,21.60000038,
,,,405.599990927E-9,39.99999911E-3,,,,,405.599990927E-9,560.000002384E-3,,,,,405.599990927E-9,21.60000038,
,,,405.999998065E-9,39.99999911E-3,,,,,405.999998065E-9,560.000002384E-3,,,,,405.999998065E-9,22.00000000,
,,,406.400005204E-9,79.999998212E-3,,,,,406.400005204E-9,560.000002384E-3,,,,,406.400005204E-9,22.00000000,
,,,406.800012343E-9,79.999998212E-3,,,,,406.800012343E-9,560.000002384E-3,,,,,406.800012343E-9,22.00000000,
,,,407.199991059E-9,79.999998212E-3,,,,,407.199991059E-9,560.000002384E-3,,,,,407.199991059E-9,22.00000000,
,,,407.599998198E-9,39.99999911E-3,,,,,407.599998198E-9,599.999964237E-3,,,,,407.599998198E-9,22.00000000,
,,,408.000005336E-9,0.0,,,,,408.000005336E-9,560.000002384E-3,,,,,408.000005336E-9,21.60000038,
,,,408.400012475E-9,0.0,,,,,408.400012475E-9,560.000002384E-3,,,,,408.400012475E-9,21.60000038,
,,,408.799991192E-9,0.0,,,,,408.799991192E-9,519.999980927E-3,,,,,408.799991192E-9,21.60000038,
,,,409.199998330E-9,0.0,,,,,409.199998330E-9,479.999989271E-3,,,,,409.199998330E-9,21.60000038,
,,,409.600005469E-9,39.99999911E-3,,,,,409.600005469E-9,439.999997616E-3,,,,,409.600005469E-9,21.60000038,
,,,410.000012607E-9,39.99999911E-3,,,,,410.000012607E-9,439.999997616E-3,,,,,410.000012607E-9,21.60000038,
,,,410.399991324E-9,79.999998212E-3,,,,,410.399991324E-9,479.999989271E-3,,,,,410.399991324E-9,21.60000038,
,,,410.799998463E-9,39.99999911E-3,,,,,410.799998463E-9,479.999989271E-3,,,,,410.799998463E-9,21.60000038,
,,,411.200005601E-9,39.99999911E-3,,,,,411.200005601E-9,519.999980927E-3,,,,,411.200005601E-9,21.60000038,
,,,411.600012740E-9,39.99999911E-3,,,,,411.600012740E-9,560.000002384E-3,,,,,411.600012740E-9,21.60000038,
,,,411.999991456E-9,39.99999911E-3,,,,,411.999991456E-9,560.000002384E-3,,,,,411.999991456E-9,21.60000038,
,,,412.399998595E-9,79.999998212E-3,,,,,412.399998595E-9,599.999964237E-3,,,,,412.399998595E-9,21.60000038,
,,,412.800005734E-9,79.999998212E-3,,,,,412.800005734E-9,560.000002384E-3,,,,,412.800005734E-9,21.60000038,
,,,413.200012872E-9,79.999998212E-3,,,,,413.200012872E-9,560.000002384E-3,,,,,413.200012872E-9,21.60000038,
,,,413.599991589E-9,39.99999911E-3,,,,,413.599991589E-9,560.000002384E-3,,,,,413.599991589E-9,21.60000038,
,,,413.999998727E-9,0.0,,,,,413.999998727E-9,560.000002384E-3,,,,,413.999998727E-9,21.60000038,
,,,414.400005866E-9,0.0,,,,,414.400005866E-9,599.999964237E-3,,,,,414.400005866E-9,21.60000038,
,,,414.800013004E-9,-39.99999911E-3,,,,,414.800013004E-9,599.999964237E-3,,,,,414.800013004E-9,21.60000038,
,,,415.199991721E-9,-39.99999911E-3,,,,,415.199991721E-9,599.999964237E-3,,,,,415.199991721E-9,21.60000038,
,,,415.599998860E-9,-79.999998212E-3,,,,,415.599998860E-9,560.000002384E-3,,,,,415.599998860E-9,21.60000038,
,,,416.000005998E-9,-79.999998212E-3,,,,,416.000005998E-9,519.999980927E-3,,,,,416.000005998E-9,21.60000038,
,,,416.400013137E-9,-39.99999911E-3,,,,,416.400013137E-9,519.999980927E-3,,,,,416.400013137E-9,21.60000038,
,,,416.799991854E-9,-39.99999911E-3,,,,,416.799991854E-9,479.999989271E-3,,,,,416.799991854E-9,22.00000000,
,,,417.199998992E-9,0.0,,,,,417.199998992E-9,479.999989271E-3,,,,,417.199998992E-9,22.00000000,
,,,417.600006131E-9,39.99999911E-3,,,,,417.600006131E-9,519.999980927E-3,,,,,417.600006131E-9,22.00000000,
,,,418.000013269E-9,39.99999911E-3,,,,,418.000013269E-9,560.000002384E-3,,,,,418.000013269E-9,22.00000000,
,,,418.399991986E-9,79.999998212E-3,,,,,418.399991986E-9,599.999964237E-3,,,,,418.399991986E-9,22.00000000,
,,,418.799999125E-9,39.99999911E-3,,,,,418.799999125E-9,599.999964237E-3,,,,,418.799999125E-9,21.60000038,
,,,419.200006263E-9,39.99999911E-3,,,,,419.200006263E-9,639.999985695E-3,,,,,419.200006263E-9,21.60000038,
,,,419.600013402E-9,39.99999911E-3,,,,,419.600013402E-9,599.999964237E-3,,,,,419.600013402E-9,21.60000038,
,,,419.999992118E-9,0.0,,,,,419.999992118E-9,599.999964237E-3,,,,,419.999992118E-9,21.60000038,
,,,420.399999257E-9,39.99999911E-3,,,,,420.399999257E-9,599.999964237E-3,,,,,420.399999257E-9,21.60000038,
,,,420.800006395E-9,39.99999911E-3,,,,,420.800006395E-9,599.999964237E-3,,,,,420.800006395E-9,22.00000000,
,,,421.200013534E-9,39.99999911E-3,,,,,421.200013534E-9,599.999964237E-3,,,,,421.200013534E-9,22.00000000,
,,,421.599992251E-9,79.999998212E-3,,,,,421.599992251E-9,599.999964237E-3,,,,,421.599992251E-9,22.00000000,
,,,421.999999389E-9,79.999998212E-3,,,,,421.999999389E-9,599.999964237E-3,,,,,421.999999389E-9,21.60000038,
,,,422.400006528E-9,79.999998212E-3,,,,,422.400006528E-9,599.999964237E-3,,,,,422.400006528E-9,22.00000000,
,,,422.800013666E-9,39.99999911E-3,,,,,422.800013666E-9,599.999964237E-3,,,,,422.800013666E-9,22.00000000,
,,,423.199992383E-9,0.0,,,,,423.199992383E-9,599.999964237E-3,,,,,423.199992383E-9,22.00000000,
,,,423.599999522E-9,-39.99999911E-3,,,,,423.599999522E-9,560.000002384E-3,,,,,423.599999522E-9,22.00000000,
,,,424.000006660E-9,-39.99999911E-3,,,,,424.000006660E-9,560.000002384E-3,,,,,424.000006660E-9,22.00000000,
,,,424.400013799E-9,0.0,,,,,424.400013799E-9,560.000002384E-3,,,,,424.400013799E-9,22.00000000,
,,,424.799992516E-9,0.0,,,,,424.799992516E-9,519.999980927E-3,,,,,424.799992516E-9,22.00000000,
,,,425.199999654E-9,0.0,,,,,425.199999654E-9,519.999980927E-3,,,,,425.199999654E-9,22.00000000,
,,,425.600006793E-9,0.0,,,,,425.600006793E-9,560.000002384E-3,,,,,425.600006793E-9,22.00000000,
,,,426.000013931E-9,0.0,,,,,426.000013931E-9,599.999964237E-3,,,,,426.000013931E-9,22.00000000,
,,,426.399992648E-9,0.0,,,,,426.399992648E-9,639.999985695E-3,,,,,426.399992648E-9,22.00000000,
,,,426.799999786E-9,0.0,,,,,426.799999786E-9,639.999985695E-3,,,,,426.799999786E-9,22.00000000,
,,,427.200006925E-9,0.0,,,,,427.200006925E-9,639.999985695E-3,,,,,427.200006925E-9,22.00000000,
,,,427.600014064E-9,0.0,,,,,427.600014064E-9,639.999985695E-3,,,,,427.600014064E-9,22.00000000,
,,,427.999992780E-9,0.0,,,,,427.999992780E-9,639.999985695E-3,,,,,427.999992780E-9,21.60000038,
,,,428.399999919E-9,0.0,,,,,428.399999919E-9,639.999985695E-3,,,,,428.399999919E-9,21.60000038,
,,,428.800007057E-9,0.0,,,,,428.800007057E-9,599.999964237E-3,,,,,428.800007057E-9,21.60000038,
,,,429.200014196E-9,0.0,,,,,429.200014196E-9,599.999964237E-3,,,,,429.200014196E-9,21.60000038,
,,,429.599992913E-9,39.99999911E-3,,,,,429.599992913E-9,599.999964237E-3,,,,,429.599992913E-9,21.60000038,
,,,430.000000051E-9,39.99999911E-3,,,,,430.000000051E-9,599.999964237E-3,,,,,430.000000051E-9,22.00000000,
,,,430.400007190E-9,79.999998212E-3,,,,,430.400007190E-9,639.999985695E-3,,,,,430.400007190E-9,22.00000000,
,,,430.800014328E-9,79.999998212E-3,,,,,430.800014328E-9,599.999964237E-3,,,,,430.800014328E-9,22.00000000,
,,,431.199993045E-9,79.999998212E-3,,,,,431.199993045E-9,599.999964237E-3,,,,,431.199993045E-9,22.00000000,
,,,431.600000184E-9,39.99999911E-3,,,,,431.600000184E-9,599.999964237E-3,,,,,431.600000184E-9,22.00000000,
,,,432.000007322E-9,39.99999911E-3,,,,,432.000007322E-9,599.999964237E-3,,,,,432.000007322E-9,22.00000000,
,,,432.400014461E-9,39.99999911E-3,,,,,432.400014461E-9,639.999985695E-3,,,,,432.400014461E-9,22.00000000,
,,,432.799993177E-9,0.0,,,,,432.799993177E-9,599.999964237E-3,,,,,432.799993177E-9,22.00000000,
,,,433.200000316E-9,0.0,,,,,433.200000316E-9,599.999964237E-3,,,,,433.200000316E-9,22.00000000,
,,,433.600007455E-9,0.0,,,,,433.600007455E-9,599.999964237E-3,,,,,433.600007455E-9,21.60000038,
,,,434.000014593E-9,0.0,,,,,434.000014593E-9,599.999964237E-3,,,,,434.000014593E-9,22.00000000,
,,,434.399993310E-9,0.0,,,,,434.399993310E-9,639.999985695E-3,,,,,434.399993310E-9,22.00000000,
,,,434.800000448E-9,0.0,,,,,434.800000448E-9,639.999985695E-3,,,,,434.800000448E-9,22.00000000,
,,,435.200007587E-9,0.0,,,,,435.200007587E-9,680.000007153E-3,,,,,435.200007587E-9,22.00000000,
,,,435.600014725E-9,0.0,,,,,435.600014725E-9,639.999985695E-3,,,,,435.600014725E-9,21.60000038,
,,,435.999993442E-9,0.0,,,,,435.999993442E-9,599.999964237E-3,,,,,435.999993442E-9,22.00000000,
,,,436.400000581E-9,39.99999911E-3,,,,,436.400000581E-9,599.999964237E-3,,,,,436.400000581E-9,22.00000000,
,,,436.800007719E-9,39.99999911E-3,,,,,436.800007719E-9,599.999964237E-3,,,,,436.800007719E-9,22.00000000,
,,,437.200014858E-9,79.999998212E-3,,,,,437.200014858E-9,599.999964237E-3,,,,,437.200014858E-9,22.00000000,
,,,437.599993575E-9,39.99999911E-3,,,,,437.599993575E-9,639.999985695E-3,,,,,437.599993575E-9,22.00000000,
,,,438.000000713E-9,39.99999911E-3,,,,,438.000000713E-9,639.999985695E-3,,,,,438.000000713E-9,22.00000000,
,,,438.400007852E-9,39.99999911E-3,,,,,438.400007852E-9,639.999985695E-3,,,,,438.400007852E-9,22.00000000,
,,,438.800014990E-9,0.0,,,,,438.800014990E-9,639.999985695E-3,,,,,438.800014990E-9,22.00000000,
,,,439.199993707E-9,39.99999911E-3,,,,,439.199993707E-9,639.999985695E-3,,,,,439.199993707E-9,22.00000000,
,,,439.600000846E-9,39.99999911E-3,,,,,439.600000846E-9,639.999985695E-3,,,,,439.600000846E-9,22.00000000,
,,,440.000007984E-9,39.99999911E-3,,,,,440.000007984E-9,639.999985695E-3,,,,,440.000007984E-9,21.60000038,
,,,440.400015123E-9,79.999998212E-3,,,,,440.400015123E-9,680.000007153E-3,,,,,440.400015123E-9,21.60000038,
,,,440.799993839E-9,39.99999911E-3,,,,,440.799993839E-9,680.000007153E-3,,,,,440.799993839E-9,22.00000000,
,,,441.200000978E-9,39.99999911E-3,,,,,441.200000978E-9,719.999969006E-3,,,,,441.200000978E-9,22.00000000,
,,,441.600008116E-9,39.99999911E-3,,,,,441.600008116E-9,719.999969006E-3,,,,,441.600008116E-9,22.39999962,
,,,442.000015255E-9,0.0,,,,,442.000015255E-9,680.000007153E-3,,,,,442.000015255E-9,22.00000000,
,,,442.399993972E-9,39.99999911E-3,,,,,442.399993972E-9,680.000007153E-3,,,,,442.399993972E-9,22.00000000,
,,,442.800001110E-9,39.99999911E-3,,,,,442.800001110E-9,639.999985695E-3,,,,,442.800001110E-9,21.60000038,
,,,443.200008249E-9,39.99999911E-3,,,,,443.200008249E-9,599.999964237E-3,,,,,443.200008249E-9,21.60000038,
,,,443.600015387E-9,79.999998212E-3,,,,,443.600015387E-9,560.000002384E-3,,,,,443.600015387E-9,21.60000038,
,,,443.999994104E-9,79.999998212E-3,,,,,443.999994104E-9,560.000002384E-3,,,,,443.999994104E-9,22.00000000,
,,,444.400001243E-9,79.999998212E-3,,,,,444.400001243E-9,599.999964237E-3,,,,,444.400001243E-9,22.00000000,
,,,444.800008381E-9,79.999998212E-3,,,,,444.800008381E-9,599.999964237E-3,,,,,444.800008381E-9,22.00000000,
,,,445.200015520E-9,79.999998212E-3,,,,,445.200015520E-9,599.999964237E-3,,,,,445.200015520E-9,22.00000000,
,,,445.599994237E-9,79.999998212E-3,,,,,445.599994237E-9,639.999985695E-3,,,,,445.599994237E-9,21.60000038,
,,,446.000001375E-9,79.999998212E-3,,,,,446.000001375E-9,639.999985695E-3,,,,,446.000001375E-9,21.60000038,
,,,446.400008514E-9,79.999998212E-3,,,,,446.400008514E-9,639.999985695E-3,,,,,446.400008514E-9,21.60000038,
,,,446.800015652E-9,39.99999911E-3,,,,,446.800015652E-9,599.999964237E-3,,,,,446.800015652E-9,22.00000000,
,,,447.199994369E-9,39.99999911E-3,,,,,447.199994369E-9,599.999964237E-3,,,,,447.199994369E-9,22.00000000,
,,,447.600001507E-9,39.99999911E-3,,,,,447.600001507E-9,599.999964237E-3,,,,,447.600001507E-9,22.00000000,
,,,448.000008646E-9,39.99999911E-3,,,,,448.000008646E-9,599.999964237E-3,,,,,448.000008646E-9,22.00000000,
,,,448.400015785E-9,39.99999911E-3,,,,,448.400015785E-9,639.999985695E-3,,,,,448.400015785E-9,22.00000000,
,,,448.799994501E-9,39.99999911E-3,,,,,448.799994501E-9,639.999985695E-3,,,,,448.799994501E-9,22.00000000,
,,,449.200001640E-9,39.99999911E-3,,,,,449.200001640E-9,639.999985695E-3,,,,,449.200001640E-9,22.00000000,
,,,449.600008778E-9,39.99999911E-3,,,,,449.600008778E-9,599.999964237E-3,,,,,449.600008778E-9,22.00000000,
,,,450.000015917E-9,39.99999911E-3,,,,,450.000015917E-9,599.999964237E-3,,,,,450.000015917E-9,22.00000000,
,,,450.399994634E-9,79.999998212E-3,,,,,450.399994634E-9,599.999964237E-3,,,,,450.399994634E-9,22.00000000,
,,,450.800001772E-9,79.999998212E-3,,,,,450.800001772E-9,560.000002384E-3,,,,,450.800001772E-9,22.39999962,
,,,451.200008911E-9,79.999998212E-3,,,,,451.200008911E-9,560.000002384E-3,,,,,451.200008911E-9,22.39999962,
,,,451.600016049E-9,119.9999973E-3,,,,,451.600016049E-9,560.000002384E-3,,,,,451.600016049E-9,22.39999962,
,,,451.999994766E-9,119.9999973E-3,,,,,451.999994766E-9,560.000002384E-3,,,,,451.999994766E-9,22.39999962,
,,,452.400001905E-9,119.9999973E-3,,,,,452.400001905E-9,599.999964237E-3,,,,,452.400001905E-9,22.39999962,
,,,452.800009043E-9,79.999998212E-3,,,,,452.800009043E-9,599.999964237E-3,,,,,452.800009043E-9,22.00000000,
,,,453.200016182E-9,79.999998212E-3,,,,,453.200016182E-9,599.999964237E-3,,,,,453.200016182E-9,22.00000000,
,,,453.599994898E-9,79.999998212E-3,,,,,453.599994898E-9,639.999985695E-3,,,,,453.599994898E-9,22.00000000,
,,,454.000002037E-9,79.999998212E-3,,,,,454.000002037E-9,639.999985695E-3,,,,,454.000002037E-9,22.00000000,
,,,454.400009176E-9,79.999998212E-3,,,,,454.400009176E-9,639.999985695E-3,,,,,454.400009176E-9,22.00000000,
,,,454.800016314E-9,79.999998212E-3,,,,,454.800016314E-9,599.999964237E-3,,,,,454.800016314E-9,22.00000000,
,,,455.199995031E-9,79.999998212E-3,,,,,455.199995031E-9,599.999964237E-3,,,,,455.199995031E-9,22.39999962,
,,,455.600002169E-9,39.99999911E-3,,,,,455.600002169E-9,599.999964237E-3,,,,,455.600002169E-9,22.39999962,
,,,456.000009308E-9,39.99999911E-3,,,,,456.000009308E-9,599.999964237E-3,,,,,456.000009308E-9,22.39999962,
,,,456.400016446E-9,39.99999911E-3,,,,,456.400016446E-9,599.999964237E-3,,,,,456.400016446E-9,22.39999962,
,,,456.799995163E-9,0.0,,,,,456.799995163E-9,599.999964237E-3,,,,,456.799995163E-9,22.39999962,
,,,457.200002302E-9,39.99999911E-3,,,,,457.200002302E-9,599.999964237E-3,,,,,457.200002302E-9,22.39999962,
,,,457.600009440E-9,39.99999911E-3,,,,,457.600009440E-9,560.000002384E-3,,,,,457.600009440E-9,22.39999962,
,,,458.000016579E-9,39.99999911E-3,,,,,458.000016579E-9,560.000002384E-3,,,,,458.000016579E-9,22.39999962,
,,,458.399995296E-9,79.999998212E-3,,,,,458.399995296E-9,560.000002384E-3,,,,,458.399995296E-9,22.39999962,
,,,458.800002434E-9,39.99999911E-3,,,,,458.800002434E-9,560.000002384E-3,,,,,458.800002434E-9,22.00000000,
,,,459.200009573E-9,39.99999911E-3,,,,,459.200009573E-9,560.000002384E-3,,,,,459.200009573E-9,22.00000000,
,,,459.600016711E-9,39.99999911E-3,,,,,459.600016711E-9,560.000002384E-3,,,,,459.600016711E-9,22.00000000,
,,,459.999995428E-9,39.99999911E-3,,,,,459.999995428E-9,560.000002384E-3,,,,,459.999995428E-9,22.00000000,
,,,460.400002567E-9,79.999998212E-3,,,,,460.400002567E-9,560.000002384E-3,,,,,460.400002567E-9,22.39999962,
,,,460.800009705E-9,39.99999911E-3,,,,,460.800009705E-9,560.000002384E-3,,,,,460.800009705E-9,22.39999962,
,,,461.200016844E-9,39.99999911E-3,,,,,461.200016844E-9,560.000002384E-3,,,,,461.200016844E-9,22.39999962,
,,,461.599995560E-9,39.99999911E-3,,,,,461.599995560E-9,560.000002384E-3,,,,,461.599995560E-9,22.39999962,
,,,462.000002699E-9,39.99999911E-3,,,,,462.000002699E-9,560.000002384E-3,,,,,462.000002699E-9,22.39999962,
,,,462.400009837E-9,79.999998212E-3,,,,,462.400009837E-9,560.000002384E-3,,,,,462.400009837E-9,22.80000114,
,,,462.800016976E-9,79.999998212E-3,,,,,462.800016976E-9,519.999980927E-3,,,,,462.800016976E-9,22.39999962,
,,,463.199995693E-9,79.999998212E-3,,,,,463.199995693E-9,519.999980927E-3,,,,,463.199995693E-9,22.39999962,
,,,463.600002831E-9,79.999998212E-3,,,,,463.600002831E-9,519.999980927E-3,,,,,463.600002831E-9,22.39999962,
,,,464.000009970E-9,79.999998212E-3,,,,,464.000009970E-9,519.999980927E-3,,,,,464.000009970E-9,22.39999962,
,,,464.400017108E-9,79.999998212E-3,,,,,464.400017108E-9,519.999980927E-3,,,,,464.400017108E-9,22.39999962,
,,,464.799995825E-9,39.99999911E-3,,,,,464.799995825E-9,519.999980927E-3,,,,,464.799995825E-9,22.39999962,
,,,465.200002964E-9,39.99999911E-3,,,,,465.200002964E-9,519.999980927E-3,,,,,465.200002964E-9,22.39999962,
,,,465.600010102E-9,39.99999911E-3,,,,,465.600010102E-9,479.999989271E-3,,,,,465.600010102E-9,22.39999962,
,,,466.000017241E-9,0.0,,,,,466.000017241E-9,479.999989271E-3,,,,,466.000017241E-9,22.39999962,
,,,466.399995958E-9,39.99999911E-3,,,,,466.399995958E-9,479.999989271E-3,,,,,466.399995958E-9,22.39999962,
,,,466.800003096E-9,39.99999911E-3,,,,,466.800003096E-9,439.999997616E-3,,,,,466.800003096E-9,22.80000114,
,,,467.200010235E-9,39.99999911E-3,,,,,467.200010235E-9,479.999989271E-3,,,,,467.200010235E-9,22.80000114,
,,,467.599988951E-9,79.999998212E-3,,,,,467.599988951E-9,479.999989271E-3,,,,,467.599988951E-9,22.39999962,
,,,467.999996090E-9,79.999998212E-3,,,,,467.999996090E-9,479.999989271E-3,,,,,467.999996090E-9,22.39999962,
,,,468.400003228E-9,119.9999973E-3,,,,,468.400003228E-9,519.999980927E-3,,,,,468.400003228E-9,22.39999962,
,,,468.800010367E-9,79.999998212E-3,,,,,468.800010367E-9,560.000002384E-3,,,,,468.800010367E-9,22.39999962,
,,,469.199989084E-9,79.999998212E-3,,,,,469.199989084E-9,560.000002384E-3,,,,,469.199989084E-9,22.39999962,
,,,469.599996222E-9,79.999998212E-3,,,,,469.599996222E-9,599.999964237E-3,,,,,469.599996222E-9,22.39999962,
,,,470.000003361E-9,79.999998212E-3,,,,,470.000003361E-9,560.000002384E-3,,,,,470.000003361E-9,22.39999962,
,,,470.400010499E-9,79.999998212E-3,,,,,470.400010499E-9,560.000002384E-3,,,,,470.400010499E-9,22.80000114,
,,,470.799989216E-9,79.999998212E-3,,,,,470.799989216E-9,560.000002384E-3,,,,,470.799989216E-9,22.80000114,
,,,471.199996355E-9,79.999998212E-3,,,,,471.199996355E-9,560.000002384E-3,,,,,471.199996355E-9,22.80000114,
,,,471.600003493E-9,39.99999911E-3,,,,,471.600003493E-9,519.999980927E-3,,,,,471.600003493E-9,22.80000114,
,,,472.000010632E-9,39.99999911E-3,,,,,472.000010632E-9,519.999980927E-3,,,,,472.000010632E-9,22.80000114,
,,,472.399989349E-9,39.99999911E-3,,,,,472.399989349E-9,519.999980927E-3,,,,,472.399989349E-9,22.80000114,
,,,472.799996487E-9,0.0,,,,,472.799996487E-9,519.999980927E-3,,,,,472.799996487E-9,22.80000114,
,,,473.200003626E-9,39.99999911E-3,,,,,473.200003626E-9,519.999980927E-3,,,,,473.200003626E-9,23.20000076,
,,,473.600010764E-9,39.99999911E-3,,,,,473.600010764E-9,479.999989271E-3,,,,,473.600010764E-9,22.80000114,
,,,473.999989481E-9,39.99999911E-3,,,,,473.999989481E-9,479.999989271E-3,,,,,473.999989481E-9,22.80000114,
,,,474.399996619E-9,79.999998212E-3,,,,,474.399996619E-9,479.999989271E-3,,,,,474.399996619E-9,22.80000114,
,,,474.800003758E-9,39.99999911E-3,,,,,474.800003758E-9,479.999989271E-3,,,,,474.800003758E-9,22.80000114,
,,,475.200010897E-9,39.99999911E-3,,,,,475.200010897E-9,479.999989271E-3,,,,,475.200010897E-9,22.80000114,
,,,475.599989613E-9,39.99999911E-3,,,,,475.599989613E-9,519.999980927E-3,,,,,475.599989613E-9,22.80000114,
,,,475.999996752E-9,39.99999911E-3,,,,,475.999996752E-9,519.999980927E-3,,,,,475.999996752E-9,23.20000076,
,,,476.400003890E-9,39.99999911E-3,,,,,476.400003890E-9,560.000002384E-3,,,,,476.400003890E-9,23.20000076,
,,,476.800011029E-9,39.99999911E-3,,,,,476.800011029E-9,519.999980927E-3,,,,,476.800011029E-9,23.20000076,
,,,477.199989746E-9,39.99999911E-3,,,,,477.199989746E-9,519.999980927E-3,,,,,477.199989746E-9,22.80000114,
,,,477.599996884E-9,39.99999911E-3,,,,,477.599996884E-9,479.999989271E-3,,,,,477.599996884E-9,22.80000114,
,,,478.000004023E-9,39.99999911E-3,,,,,478.000004023E-9,479.999989271E-3,,,,,478.000004023E-9,23.20000076,
,,,478.400011161E-9,39.99999911E-3,,,,,478.400011161E-9,479.999989271E-3,,,,,478.400011161E-9,23.20000076,
,,,478.800018300E-9,39.99999911E-3,,,,,478.800018300E-9,439.999997616E-3,,,,,478.800018300E-9,23.20000076,
,,,479.200025438E-9,39.99999911E-3,,,,,479.200025438E-9,479.999989271E-3,,,,,479.200025438E-9,22.80000114,
,,,479.599975733E-9,79.999998212E-3,,,,,479.599975733E-9,479.999989271E-3,,,,,479.599975733E-9,22.80000114,
,,,479.999982872E-9,79.999998212E-3,,,,,479.999982872E-9,479.999989271E-3,,,,,479.999982872E-9,22.80000114,
,,,480.399990010E-9,79.999998212E-3,,,,,480.399990010E-9,519.999980927E-3,,,,,480.399990010E-9,22.80000114,
,,,480.799997149E-9,79.999998212E-3,,,,,480.799997149E-9,479.999989271E-3,,,,,480.799997149E-9,22.80000114,
,,,481.200004288E-9,79.999998212E-3,,,,,481.200004288E-9,479.999989271E-3,,,,,481.200004288E-9,22.80000114,
,,,481.600011426E-9,79.999998212E-3,,,,,481.600011426E-9,479.999989271E-3,,,,,481.600011426E-9,22.80000114,
,,,482.000018565E-9,79.999998212E-3,,,,,482.000018565E-9,439.999997616E-3,,,,,482.000018565E-9,22.80000114,
,,,482.400025703E-9,79.999998212E-3,,,,,482.400025703E-9,479.999989271E-3,,,,,482.400025703E-9,22.80000114,
,,,482.799975998E-9,39.99999911E-3,,,,,482.799975998E-9,479.999989271E-3,,,,,482.799975998E-9,22.80000114,
,,,483.199983137E-9,39.99999911E-3,,,,,483.199983137E-9,479.999989271E-3,,,,,483.199983137E-9,22.80000114,
,,,483.599990275E-9,39.99999911E-3,,,,,483.599990275E-9,519.999980927E-3,,,,,483.599990275E-9,22.80000114,
,,,483.999997414E-9,39.99999911E-3,,,,,483.999997414E-9,519.999980927E-3,,,,,483.999997414E-9,23.20000076,
,,,484.400004552E-9,79.999998212E-3,,,,,484.400004552E-9,519.999980927E-3,,,,,484.400004552E-9,23.20000076,
,,,484.800011691E-9,79.999998212E-3,,,,,484.800011691E-9,519.999980927E-3,,,,,484.800011691E-9,23.60000038,
,,,485.200018829E-9,79.999998212E-3,,,,,485.200018829E-9,519.999980927E-3,,,,,485.200018829E-9,23.60000038,
,,,485.600025968E-9,39.99999911E-3,,,,,485.600025968E-9,519.999980927E-3,,,,,485.600025968E-9,23.20000076,
,,,485.999976263E-9,39.99999911E-3,,,,,485.999976263E-9,519.999980927E-3,,,,,485.999976263E-9,23.20000076,
,,,486.399983401E-9,39.99999911E-3,,,,,486.399983401E-9,519.999980927E-3,,,,,486.399983401E-9,23.20000076,
,,,486.799990540E-9,39.99999911E-3,,,,,486.799990540E-9,519.999980927E-3,,,,,486.799990540E-9,23.20000076,
,,,487.199997679E-9,39.99999911E-3,,,,,487.199997679E-9,519.999980927E-3,,,,,487.199997679E-9,23.20000076,
,,,487.600004817E-9,79.999998212E-3,,,,,487.600004817E-9,519.999980927E-3,,,,,487.600004817E-9,23.20000076,
,,,488.000011956E-9,79.999998212E-3,,,,,488.000011956E-9,519.999980927E-3,,,,,488.000011956E-9,23.20000076,
,,,488.400019094E-9,79.999998212E-3,,,,,488.400019094E-9,519.999980927E-3,,,,,488.400019094E-9,23.20000076,
,,,488.800026233E-9,79.999998212E-3,,,,,488.800026233E-9,519.999980927E-3,,,,,488.800026233E-9,23.20000076,
,,,489.199976528E-9,79.999998212E-3,,,,,489.199976528E-9,519.999980927E-3,,,,,489.199976528E-9,23.20000076,
,,,489.599983666E-9,79.999998212E-3,,,,,489.599983666E-9,519.999980927E-3,,,,,489.599983666E-9,23.20000076,
,,,489.999990805E-9,79.999998212E-3,,,,,489.999990805E-9,519.999980927E-3,,,,,489.999990805E-9,23.20000076,
,,,490.399997943E-9,79.999998212E-3,,,,,490.399997943E-9,519.999980927E-3,,,,,490.399997943E-9,23.20000076,
,,,490.800005082E-9,39.99999911E-3,,,,,490.800005082E-9,479.999989271E-3,,,,,490.800005082E-9,22.80000114,
,,,491.200012220E-9,39.99999911E-3,,,,,491.200012220E-9,479.999989271E-3,,,,,491.200012220E-9,22.80000114,
,,,491.600019359E-9,39.99999911E-3,,,,,491.600019359E-9,479.999989271E-3,,,,,491.600019359E-9,22.80000114,
,,,492.000026497E-9,39.99999911E-3,,,,,492.000026497E-9,439.999997616E-3,,,,,492.000026497E-9,23.20000076,
,,,492.399976793E-9,39.99999911E-3,,,,,492.399976793E-9,479.999989271E-3,,,,,492.399976793E-9,23.20000076,
,,,492.799983931E-9,39.99999911E-3,,,,,492.799983931E-9,479.999989271E-3,,,,,492.799983931E-9,23.20000076,
,,,493.199991070E-9,39.99999911E-3,,,,,493.199991070E-9,479.999989271E-3,,,,,493.199991070E-9,23.20000076,
,,,493.599998208E-9,39.99999911E-3,,,,,493.599998208E-9,479.999989271E-3,,,,,493.599998208E-9,22.80000114,
,,,494.000005347E-9,39.99999911E-3,,,,,494.000005347E-9,479.999989271E-3,,,,,494.000005347E-9,23.20000076,
,,,494.400012485E-9,39.99999911E-3,,,,,494.400012485E-9,479.999989271E-3,,,,,494.400012485E-9,23.20000076,
,,,494.800019624E-9,39.99999911E-3,,,,,494.800019624E-9,479.999989271E-3,,,,,494.800019624E-9,23.20000076,
,,,495.200026762E-9,39.99999911E-3,,,,,495.200026762E-9,479.999989271E-3,,,,,495.200026762E-9,23.20000076,
,,,495.599977057E-9,39.99999911E-3,,,,,495.599977057E-9,479.999989271E-3,,,,,495.599977057E-9,23.20000076,
,,,495.999984196E-9,39.99999911E-3,,,,,495.999984196E-9,439.999997616E-3,,,,,495.999984196E-9,22.80000114,
,,,496.399991334E-9,79.999998212E-3,,,,,496.399991334E-9,479.999989271E-3,,,,,496.399991334E-9,23.20000076,
,,,496.799998473E-9,79.999998212E-3,,,,,496.799998473E-9,479.999989271E-3,,,,,496.799998473E-9,22.80000114,
,,,497.200005611E-9,79.999998212E-3,,,,,497.200005611E-9,519.999980927E-3,,,,,497.200005611E-9,22.80000114,
,,,497.600012750E-9,39.99999911E-3,,,,,497.600012750E-9,560.000002384E-3,,,,,497.600012750E-9,23.20000076,
,,,498.000019888E-9,39.99999911E-3,,,,,498.000019888E-9,519.999980927E-3,,,,,498.000019888E-9,23.20000076,
,,,498.400027027E-9,39.99999911E-3,,,,,498.400027027E-9,519.999980927E-3,,,,,498.400027027E-9,23.20000076,
,,,498.799977322E-9,39.99999911E-3,,,,,498.799977322E-9,479.999989271E-3,,,,,498.799977322E-9,23.20000076,
,,,499.199984461E-9,39.99999911E-3,,,,,499.199984461E-9,519.999980927E-3,,,,,499.199984461E-9,23.20000076,
,,,499.599991599E-9,79.999998212E-3,,,,,499.599991599E-9,519.999980927E-3,,,,,499.599991599E-9,23.20000076,
,,,499.999998738E-9,79.999998212E-3,,,,,499.999998738E-9,519.999980927E-3,,,,,499.999998738E-9,23.20000076,
,,,500.400005876E-9,79.999998212E-3,,,,,500.400005876E-9,560.000002384E-3,,,,,500.400005876E-9,23.20000076,
,,,500.800013015E-9,39.99999911E-3,,,,,500.800013015E-9,519.999980927E-3,,,,,500.800013015E-9,23.20000076,
,,,501.200020153E-9,39.99999911E-3,,,,,501.200020153E-9,519.999980927E-3,,,,,501.200020153E-9,23.20000076,
,,,501.600027292E-9,39.99999911E-3,,,,,501.600027292E-9,519.999980927E-3,,,,,501.600027292E-9,23.20000076,
,,,501.999977587E-9,39.99999911E-3,,,,,501.999977587E-9,479.999989271E-3,,,,,501.999977587E-9,23.20000076,
,,,502.399984725E-9,39.99999911E-3,,,,,502.399984725E-9,519.999980927E-3,,,,,502.399984725E-9,23.20000076,
,,,502.799991864E-9,39.99999911E-3,,,,,502.799991864E-9,519.999980927E-3,,,,,502.799991864E-9,23.20000076,
,,,503.199999002E-9,39.99999911E-3,,,,,503.199999002E-9,519.999980927E-3,,,,,503.199999002E-9,23.20000076,
,,,503.600006141E-9,39.99999911E-3,,,,,503.600006141E-9,519.999980927E-3,,,,,503.600006141E-9,23.20000076,
,,,504.000013279E-9,39.99999911E-3,,,,,504.000013279E-9,519.999980927E-3,,,,,504.000013279E-9,23.60000038,
,,,504.400020418E-9,79.999998212E-3,,,,,504.400020418E-9,519.999980927E-3,,,,,504.400020418E-9,23.20000076,
,,,504.800027556E-9,79.999998212E-3,,,,,504.800027556E-9,519.999980927E-3,,,,,504.800027556E-9,23.60000038,
,,,505.199977852E-9,119.9999973E-3,,,,,505.199977852E-9,519.999980927E-3,,,,,505.199977852E-9,23.60000038,
,,,505.599984990E-9,119.9999973E-3,,,,,505.599984990E-9,560.000002384E-3,,,,,505.599984990E-9,23.60000038,
,,,505.999992129E-9,79.999998212E-3,,,,,505.999992129E-9,560.000002384E-3,,,,,505.999992129E-9,23.60000038,
,,,506.399999267E-9,79.999998212E-3,,,,,506.399999267E-9,599.999964237E-3,,,,,506.399999267E-9,23.60000038,
,,,506.800006406E-9,39.99999911E-3,,,,,506.800006406E-9,560.000002384E-3,,,,,506.800006406E-9,23.60000038,
,,,507.200013544E-9,39.99999911E-3,,,,,507.200013544E-9,560.000002384E-3,,,,,507.200013544E-9,24.00000000,
,,,507.600020683E-9,39.99999911E-3,,,,,507.600020683E-9,560.000002384E-3,,,,,507.600020683E-9,23.60000038,
,,,508.000027821E-9,39.99999911E-3,,,,,508.000027821E-9,560.000002384E-3,,,,,508.000027821E-9,23.60000038,
,,,508.399978116E-9,39.99999911E-3,,,,,508.399978116E-9,560.000002384E-3,,,,,508.399978116E-9,23.60000038,
,,,508.799985255E-9,39.99999911E-3,,,,,508.799985255E-9,560.000002384E-3,,,,,508.799985255E-9,23.60000038,
,,,509.199992393E-9,39.99999911E-3,,,,,509.199992393E-9,560.000002384E-3,,,,,509.199992393E-9,23.60000038,
,,,509.599999532E-9,39.99999911E-3,,,,,509.599999532E-9,560.000002384E-3,,,,,509.599999532E-9,23.60000038,
,,,510.000006670E-9,39.99999911E-3,,,,,510.000006670E-9,560.000002384E-3,,,,,510.000006670E-9,24.00000000,
,,,510.400013809E-9,39.99999911E-3,,,,,510.400013809E-9,599.999964237E-3,,,,,510.400013809E-9,23.60000038,
,,,510.800020947E-9,39.99999911E-3,,,,,510.800020947E-9,599.999964237E-3,,,,,510.800020947E-9,23.60000038,
,,,511.200028086E-9,39.99999911E-3,,,,,511.200028086E-9,599.999964237E-3,,,,,511.200028086E-9,23.60000038,
,,,511.599978381E-9,39.99999911E-3,,,,,511.599978381E-9,560.000002384E-3,,,,,511.599978381E-9,23.20000076,
,,,511.999985520E-9,39.99999911E-3,,,,,511.999985520E-9,560.000002384E-3,,,,,511.999985520E-9,23.60000038,
,,,512.399992658E-9,39.99999911E-3,,,,,512.399992658E-9,560.000002384E-3,,,,,512.399992658E-9,23.60000038,
,,,512.799999797E-9,39.99999911E-3,,,,,512.799999797E-9,560.000002384E-3,,,,,512.799999797E-9,23.60000038,
,,,513.200006935E-9,39.99999911E-3,,,,,513.200006935E-9,560.000002384E-3,,,,,513.200006935E-9,24.00000000,
,,,513.600014074E-9,39.99999911E-3,,,,,513.600014074E-9,599.999964237E-3,,,,,513.600014074E-9,23.60000038,
,,,514.000021212E-9,39.99999911E-3,,,,,514.000021212E-9,599.999964237E-3,,,,,514.000021212E-9,23.60000038,
,,,514.400028351E-9,39.99999911E-3,,,,,514.400028351E-9,599.999964237E-3,,,,,514.400028351E-9,23.20000076,
,,,514.799978646E-9,0.0,,,,,514.799978646E-9,599.999964237E-3,,,,,514.799978646E-9,23.20000076,
,,,515.199985784E-9,0.0,,,,,515.199985784E-9,599.999964237E-3,,,,,515.199985784E-9,23.20000076,
,,,515.599992923E-9,0.0,,,,,515.599992923E-9,599.999964237E-3,,,,,515.599992923E-9,23.20000076,
,,,516.000000061E-9,0.0,,,,,516.000000061E-9,599.999964237E-3,,,,,516.000000061E-9,23.20000076,
,,,516.400007200E-9,39.99999911E-3,,,,,516.400007200E-9,599.999964237E-3,,,,,516.400007200E-9,23.20000076,
,,,516.800014339E-9,39.99999911E-3,,,,,516.800014339E-9,599.999964237E-3,,,,,516.800014339E-9,23.20000076,
,,,517.200021477E-9,39.99999911E-3,,,,,517.200021477E-9,599.999964237E-3,,,,,517.200021477E-9,23.20000076,
,,,517.600028616E-9,39.99999911E-3,,,,,517.600028616E-9,599.999964237E-3,,,,,517.600028616E-9,23.20000076,
,,,517.999978911E-9,39.99999911E-3,,,,,517.999978911E-9,599.999964237E-3,,,,,517.999978911E-9,23.20000076,
,,,518.399986049E-9,39.99999911E-3,,,,,518.399986049E-9,599.999964237E-3,,,,,518.399986049E-9,23.60000038,
,,,518.799993188E-9,39.99999911E-3,,,,,518.799993188E-9,599.999964237E-3,,,,,518.799993188E-9,23.60000038,
,,,519.200000326E-9,39.99999911E-3,,,,,519.200000326E-9,599.999964237E-3,,,,,519.200000326E-9,23.60000038,
,,,519.600007465E-9,39.99999911E-3,,,,,519.600007465E-9,639.999985695E-3,,,,,519.600007465E-9,23.60000038,
,,,520.000014603E-9,39.99999911E-3,,,,,520.000014603E-9,639.999985695E-3,,,,,520.000014603E-9,23.60000038,
,,,520.400021742E-9,79.999998212E-3,,,,,520.400021742E-9,639.999985695E-3,,,,,520.400021742E-9,23.60000038,
,,,520.800028880E-9,39.99999911E-3,,,,,520.800028880E-9,599.999964237E-3,,,,,520.800028880E-9,23.60000038,
,,,521.199979175E-9,39.99999911E-3,,,,,521.199979175E-9,599.999964237E-3,,,,,521.199979175E-9,23.60000038,
,,,521.599986314E-9,39.99999911E-3,,,,,521.599986314E-9,599.999964237E-3,,,,,521.599986314E-9,23.60000038,
,,,521.999993452E-9,39.99999911E-3,,,,,521.999993452E-9,599.999964237E-3,,,,,521.999993452E-9,23.60000038,
,,,522.400000591E-9,39.99999911E-3,,,,,522.400000591E-9,639.999985695E-3,,,,,522.400000591E-9,23.60000038,
,,,522.800007730E-9,39.99999911E-3,,,,,522.800007730E-9,639.999985695E-3,,,,,522.800007730E-9,24.00000000,
,,,523.200014868E-9,39.99999911E-3,,,,,523.200014868E-9,639.999985695E-3,,,,,523.200014868E-9,24.00000000,
,,,523.600022007E-9,39.99999911E-3,,,,,523.600022007E-9,639.999985695E-3,,,,,523.600022007E-9,24.00000000,
,,,524.000029145E-9,39.99999911E-3,,,,,524.000029145E-9,639.999985695E-3,,,,,524.000029145E-9,24.00000000,
,,,524.399979440E-9,39.99999911E-3,,,,,524.399979440E-9,639.999985695E-3,,,,,524.399979440E-9,24.00000000,
,,,524.799986579E-9,39.99999911E-3,,,,,524.799986579E-9,639.999985695E-3,,,,,524.799986579E-9,24.00000000,
,,,525.199993717E-9,39.99999911E-3,,,,,525.199993717E-9,639.999985695E-3,,,,,525.199993717E-9,24.00000000,
,,,525.600000856E-9,39.99999911E-3,,,,,525.600000856E-9,639.999985695E-3,,,,,525.600000856E-9,24.00000000,
,,,526.000007994E-9,39.99999911E-3,,,,,526.000007994E-9,639.999985695E-3,,,,,526.000007994E-9,24.00000000,
,,,526.400015133E-9,39.99999911E-3,,,,,526.400015133E-9,639.999985695E-3,,,,,526.400015133E-9,24.00000000,
,,,526.800022271E-9,0.0,,,,,526.800022271E-9,599.999964237E-3,,,,,526.800022271E-9,24.00000000,
,,,527.200029410E-9,0.0,,,,,527.200029410E-9,599.999964237E-3,,,,,527.200029410E-9,24.00000000,
,,,527.599979705E-9,0.0,,,,,527.599979705E-9,599.999964237E-3,,,,,527.599979705E-9,24.00000000,
,,,527.999986843E-9,0.0,,,,,527.999986843E-9,599.999964237E-3,,,,,527.999986843E-9,24.00000000,
,,,528.399993982E-9,39.99999911E-3,,,,,528.399993982E-9,599.999964237E-3,,,,,528.399993982E-9,24.00000000,
,,,528.800001121E-9,0.0,,,,,528.800001121E-9,599.999964237E-3,,,,,528.800001121E-9,23.60000038,
,,,529.200008259E-9,0.0,,,,,529.200008259E-9,599.999964237E-3,,,,,529.200008259E-9,23.60000038,
,,,529.600015398E-9,0.0,,,,,529.600015398E-9,599.999964237E-3,,,,,529.600015398E-9,23.60000038,
,,,530.000022536E-9,0.0,,,,,530.000022536E-9,599.999964237E-3,,,,,530.000022536E-9,23.60000038,
,,,530.400029675E-9,39.99999911E-3,,,,,530.400029675E-9,599.999964237E-3,,,,,530.400029675E-9,23.60000038,
,,,530.799979970E-9,39.99999911E-3,,,,,530.799979970E-9,599.999964237E-3,,,,,530.799979970E-9,23.60000038,
,,,531.199987108E-9,39.99999911E-3,,,,,531.199987108E-9,599.999964237E-3,,,,,531.199987108E-9,23.60000038,
,,,531.599994247E-9,39.99999911E-3,,,,,531.599994247E-9,560.000002384E-3,,,,,531.599994247E-9,24.00000000,
,,,532.000001385E-9,39.99999911E-3,,,,,532.000001385E-9,560.000002384E-3,,,,,532.000001385E-9,24.00000000,
,,,532.400008524E-9,39.99999911E-3,,,,,532.400008524E-9,560.000002384E-3,,,,,532.400008524E-9,24.00000000,
,,,532.800015662E-9,0.0,,,,,532.800015662E-9,560.000002384E-3,,,,,532.800015662E-9,23.60000038,
,,,533.200022801E-9,0.0,,,,,533.200022801E-9,560.000002384E-3,,,,,533.200022801E-9,23.60000038,
,,,533.600029939E-9,0.0,,,,,533.600029939E-9,599.999964237E-3,,,,,533.600029939E-9,23.60000038,
,,,533.999980235E-9,0.0,,,,,533.999980235E-9,599.999964237E-3,,,,,533.999980235E-9,23.60000038,
,,,534.399987373E-9,39.99999911E-3,,,,,534.399987373E-9,639.999985695E-3,,,,,534.399987373E-9,23.60000038,
,,,534.799994512E-9,39.99999911E-3,,,,,534.799994512E-9,639.999985695E-3,,,,,534.799994512E-9,24.00000000,
,,,535.200001650E-9,39.99999911E-3,,,,,535.200001650E-9,639.999985695E-3,,,,,535.200001650E-9,24.00000000,
,,,535.600008789E-9,39.99999911E-3,,,,,535.600008789E-9,599.999964237E-3,,,,,535.600008789E-9,24.39999962,
,,,536.000015927E-9,39.99999911E-3,,,,,536.000015927E-9,599.999964237E-3,,,,,536.000015927E-9,24.39999962,
,,,536.400023066E-9,79.999998212E-3,,,,,536.400023066E-9,599.999964237E-3,,,,,536.400023066E-9,24.39999962,
,,,536.800030204E-9,79.999998212E-3,,,,,536.800030204E-9,560.000002384E-3,,,,,536.800030204E-9,24.00000000,
,,,537.199980499E-9,79.999998212E-3,,,,,537.199980499E-9,599.999964237E-3,,,,,537.199980499E-9,24.00000000,
,,,537.599987638E-9,79.999998212E-3,,,,,537.599987638E-9,599.999964237E-3,,,,,537.599987638E-9,23.60000038,
,,,537.999994776E-9,79.999998212E-3,,,,,537.999994776E-9,599.999964237E-3,,,,,537.999994776E-9,24.00000000,
,,,538.400001915E-9,79.999998212E-3,,,,,538.400001915E-9,639.999985695E-3,,,,,538.400001915E-9,24.00000000,
,,,538.800009053E-9,79.999998212E-3,,,,,538.800009053E-9,599.999964237E-3,,,,,538.800009053E-9,24.00000000,
,,,539.200016192E-9,79.999998212E-3,,,,,539.200016192E-9,599.999964237E-3,,,,,539.200016192E-9,24.00000000,
,,,539.600023330E-9,79.999998212E-3,,,,,539.600023330E-9,599.999964237E-3,,,,,539.600023330E-9,24.00000000,
,,,540.000030469E-9,79.999998212E-3,,,,,540.000030469E-9,599.999964237E-3,,,,,540.000030469E-9,24.00000000,
,,,540.399980764E-9,79.999998212E-3,,,,,540.399980764E-9,599.999964237E-3,,,,,540.399980764E-9,24.00000000,
,,,540.799987903E-9,79.999998212E-3,,,,,540.799987903E-9,560.000002384E-3,,,,,540.799987903E-9,24.00000000,
,,,541.199995041E-9,79.999998212E-3,,,,,541.199995041E-9,560.000002384E-3,,,,,541.199995041E-9,24.00000000,
,,,541.600002180E-9,79.999998212E-3,,,,,541.600002180E-9,519.999980927E-3,,,,,541.600002180E-9,24.00000000,
,,,542.000009318E-9,79.999998212E-3,,,,,542.000009318E-9,519.999980927E-3,,,,,542.000009318E-9,24.00000000,
,,,542.400016457E-9,79.999998212E-3,,,,,542.400016457E-9,519.999980927E-3,,,,,542.400016457E-9,24.00000000,
,,,542.800023595E-9,39.99999911E-3,,,,,542.800023595E-9,519.999980927E-3,,,,,542.800023595E-9,24.00000000,
,,,543.200030734E-9,39.99999911E-3,,,,,543.200030734E-9,519.999980927E-3,,,,,543.200030734E-9,24.00000000,
,,,543.599981029E-9,39.99999911E-3,,,,,543.599981029E-9,560.000002384E-3,,,,,543.599981029E-9,24.39999962,
,,,543.999988167E-9,0.0,,,,,543.999988167E-9,560.000002384E-3,,,,,543.999988167E-9,24.39999962,
,,,544.399995306E-9,39.99999911E-3,,,,,544.399995306E-9,560.000002384E-3,,,,,544.399995306E-9,24.39999962,
,,,544.800002444E-9,39.99999911E-3,,,,,544.800002444E-9,519.999980927E-3,,,,,544.800002444E-9,24.39999962,
,,,545.200009583E-9,39.99999911E-3,,,,,545.200009583E-9,519.999980927E-3,,,,,545.200009583E-9,24.00000000,
,,,545.600016721E-9,79.999998212E-3,,,,,545.600016721E-9,519.999980927E-3,,,,,545.600016721E-9,24.00000000,
,,,546.000023860E-9,79.999998212E-3,,,,,546.000023860E-9,479.999989271E-3,,,,,546.000023860E-9,24.00000000,
,,,546.400030998E-9,79.999998212E-3,,,,,546.400030998E-9,519.999980927E-3,,,,,546.400030998E-9,24.00000000,
,,,546.799981294E-9,39.99999911E-3,,,,,546.799981294E-9,519.999980927E-3,,,,,546.799981294E-9,24.39999962,
,,,547.199988432E-9,39.99999911E-3,,,,,547.199988432E-9,519.999980927E-3,,,,,547.199988432E-9,24.39999962,
,,,547.599995571E-9,39.99999911E-3,,,,,547.599995571E-9,560.000002384E-3,,,,,547.599995571E-9,24.39999962,
,,,548.000002709E-9,0.0,,,,,548.000002709E-9,560.000002384E-3,,,,,548.000002709E-9,24.00000000,
,,,548.400009848E-9,39.99999911E-3,,,,,548.400009848E-9,560.000002384E-3,,,,,548.400009848E-9,24.39999962,
,,,548.800016986E-9,39.99999911E-3,,,,,548.800016986E-9,560.000002384E-3,,,,,548.800016986E-9,24.39999962,
,,,549.200024125E-9,39.99999911E-3,,,,,549.200024125E-9,560.000002384E-3,,,,,549.200024125E-9,24.39999962,
,,,549.600031263E-9,79.999998212E-3,,,,,549.600031263E-9,599.999964237E-3,,,,,549.600031263E-9,24.39999962,
,,,549.999981558E-9,79.999998212E-3,,,,,549.999981558E-9,599.999964237E-3,,,,,549.999981558E-9,24.39999962,
,,,550.399988697E-9,79.999998212E-3,,,,,550.399988697E-9,599.999964237E-3,,,,,550.399988697E-9,24.39999962,
,,,550.799995835E-9,79.999998212E-3,,,,,550.799995835E-9,560.000002384E-3,,,,,550.799995835E-9,24.80000114,
,,,551.200002974E-9,79.999998212E-3,,,,,551.200002974E-9,560.000002384E-3,,,,,551.200002974E-9,24.80000114,
,,,551.600010112E-9,79.999998212E-3,,,,,551.600010112E-9,560.000002384E-3,,,,,551.600010112E-9,24.80000114,
,,,552.000017251E-9,79.999998212E-3,,,,,552.000017251E-9,560.000002384E-3,,,,,552.000017251E-9,24.80000114,
,,,552.400024389E-9,79.999998212E-3,,,,,552.400024389E-9,560.000002384E-3,,,,,552.400024389E-9,24.80000114,
,,,552.800031528E-9,79.999998212E-3,,,,,552.800031528E-9,560.000002384E-3,,,,,552.800031528E-9,24.80000114,
,,,553.199981823E-9,79.999998212E-3,,,,,553.199981823E-9,560.000002384E-3,,,,,553.199981823E-9,24.80000114,
,,,553.599988962E-9,39.99999911E-3,,,,,553.599988962E-9,560.000002384E-3,,,,,553.599988962E-9,24.80000114,
,,,553.999996100E-9,39.99999911E-3,,,,,553.999996100E-9,560.000002384E-3,,,,,553.999996100E-9,24.80000114,
,,,554.400003239E-9,39.99999911E-3,,,,,554.400003239E-9,560.000002384E-3,,,,,554.400003239E-9,24.80000114,
,,,554.800010377E-9,0.0,,,,,554.800010377E-9,560.000002384E-3,,,,,554.800010377E-9,24.80000114,
,,,555.200017516E-9,39.99999911E-3,,,,,555.200017516E-9,560.000002384E-3,,,,,555.200017516E-9,24.39999962,
,,,555.600024654E-9,39.99999911E-3,,,,,555.600024654E-9,519.999980927E-3,,,,,555.600024654E-9,24.80000114,
,,,556.000031793E-9,39.99999911E-3,,,,,556.000031793E-9,519.999980927E-3,,,,,556.000031793E-9,24.80000114,
,,,556.399982088E-9,79.999998212E-3,,,,,556.399982088E-9,519.999980927E-3,,,,,556.399982088E-9,24.80000114,
,,,556.799989226E-9,39.99999911E-3,,,,,556.799989226E-9,519.999980927E-3,,,,,556.799989226E-9,24.80000114,
,,,557.199996365E-9,39.99999911E-3,,,,,557.199996365E-9,519.999980927E-3,,,,,557.199996365E-9,24.80000114,
,,,557.600003503E-9,39.99999911E-3,,,,,557.600003503E-9,519.999980927E-3,,,,,557.600003503E-9,24.80000114,
,,,558.000010642E-9,39.99999911E-3,,,,,558.000010642E-9,519.999980927E-3,,,,,558.000010642E-9,24.80000114,
,,,558.400017781E-9,79.999998212E-3,,,,,558.400017781E-9,519.999980927E-3,,,,,558.400017781E-9,24.80000114,
,,,558.800024919E-9,39.99999911E-3,,,,,558.800024919E-9,519.999980927E-3,,,,,558.800024919E-9,25.20000076,
,,,559.200032058E-9,39.99999911E-3,,,,,559.200032058E-9,519.999980927E-3,,,,,559.200032058E-9,25.20000076,
,,,559.599982353E-9,39.99999911E-3,,,,,559.599982353E-9,519.999980927E-3,,,,,559.599982353E-9,25.20000076,
,,,559.999989491E-9,39.99999911E-3,,,,,559.999989491E-9,519.999980927E-3,,,,,559.999989491E-9,25.60000038,
,,,560.399996630E-9,79.999998212E-3,,,,,560.399996630E-9,519.999980927E-3,,,,,560.399996630E-9,25.20000076,
,,,560.800003768E-9,79.999998212E-3,,,,,560.800003768E-9,519.999980927E-3,,,,,560.800003768E-9,25.20000076,
,,,561.200010907E-9,79.999998212E-3,,,,,561.200010907E-9,519.999980927E-3,,,,,561.200010907E-9,25.20000076,
,,,561.600018045E-9,79.999998212E-3,,,,,561.600018045E-9,479.999989271E-3,,,,,561.600018045E-9,24.80000114,
,,,562.000025184E-9,79.999998212E-3,,,,,562.000025184E-9,479.999989271E-3,,,,,562.000025184E-9,25.20000076,
,,,562.400032322E-9,79.999998212E-3,,,,,562.400032322E-9,479.999989271E-3,,,,,562.400032322E-9,25.20000076,
,,,562.799982617E-9,79.999998212E-3,,,,,562.799982617E-9,479.999989271E-3,,,,,562.799982617E-9,25.20000076,
,,,563.199989756E-9,79.999998212E-3,,,,,563.199989756E-9,479.999989271E-3,,,,,563.199989756E-9,25.20000076,
,,,563.599996894E-9,39.99999911E-3,,,,,563.599996894E-9,479.999989271E-3,,,,,563.599996894E-9,25.20000076,
,,,564.000004033E-9,39.99999911E-3,,,,,564.000004033E-9,479.999989271E-3,,,,,564.000004033E-9,25.60000038,
,,,564.400011172E-9,39.99999911E-3,,,,,564.400011172E-9,479.999989271E-3,,,,,564.400011172E-9,25.60000038,
,,,564.800018310E-9,39.99999911E-3,,,,,564.800018310E-9,479.999989271E-3,,,,,564.800018310E-9,25.60000038,
,,,565.200025449E-9,39.99999911E-3,,,,,565.200025449E-9,479.999989271E-3,,,,,565.200025449E-9,25.60000038,
,,,565.600032587E-9,39.99999911E-3,,,,,565.600032587E-9,439.999997616E-3,,,,,565.600032587E-9,25.20000076,
,,,565.999982882E-9,39.99999911E-3,,,,,565.999982882E-9,439.999997616E-3,,,,,565.999982882E-9,25.20000076,
,,,566.399990021E-9,39.99999911E-3,,,,,566.399990021E-9,439.999997616E-3,,,,,566.399990021E-9,25.20000076,
,,,566.799997159E-9,39.99999911E-3,,,,,566.799997159E-9,439.999997616E-3,,,,,566.799997159E-9,25.60000038,
,,,567.200004298E-9,39.99999911E-3,,,,,567.200004298E-9,439.999997616E-3,,,,,567.200004298E-9,25.60000038,
,,,567.600011436E-9,79.999998212E-3,,,,,567.600011436E-9,479.999989271E-3,,,,,567.600011436E-9,25.60000038,
,,,568.000018575E-9,79.999998212E-3,,,,,568.000018575E-9,479.999989271E-3,,,,,568.000018575E-9,25.60000038,
,,,568.400025713E-9,79.999998212E-3,,,,,568.400025713E-9,519.999980927E-3,,,,,568.400025713E-9,25.60000038,
,,,568.800032852E-9,79.999998212E-3,,,,,568.800032852E-9,519.999980927E-3,,,,,568.800032852E-9,25.60000038,
,,,569.199983147E-9,79.999998212E-3,,,,,569.199983147E-9,519.999980927E-3,,,,,569.199983147E-9,25.60000038,
,,,569.599990285E-9,119.9999973E-3,,,,,569.599990285E-9,479.999989271E-3,,,,,569.599990285E-9,25.60000038,
,,,569.999997424E-9,79.999998212E-3,,,,,569.999997424E-9,479.999989271E-3,,,,,569.999997424E-9,25.60000038,
,,,570.400004563E-9,79.999998212E-3,,,,,570.400004563E-9,479.999989271E-3,,,,,570.400004563E-9,25.60000038,
,,,570.800011701E-9,39.99999911E-3,,,,,570.800011701E-9,439.999997616E-3,,,,,570.800011701E-9,26.00000000,
,,,571.200018840E-9,39.99999911E-3,,,,,571.200018840E-9,479.999989271E-3,,,,,571.200018840E-9,26.00000000,
,,,571.600025978E-9,39.99999911E-3,,,,,571.600025978E-9,479.999989271E-3,,,,,571.600025978E-9,26.00000000,
,,,571.999976273E-9,79.999998212E-3,,,,,571.999976273E-9,479.999989271E-3,,,,,571.999976273E-9,26.00000000,
,,,572.399983412E-9,119.9999973E-3,,,,,572.399983412E-9,519.999980927E-3,,,,,572.399983412E-9,26.00000000,
,,,572.799990550E-9,119.9999973E-3,,,,,572.799990550E-9,479.999989271E-3,,,,,572.799990550E-9,26.00000000,
,,,573.199997689E-9,119.9999973E-3,,,,,573.199997689E-9,479.999989271E-3,,,,,573.199997689E-9,26.00000000,
,,,573.600004827E-9,79.999998212E-3,,,,,573.600004827E-9,479.999989271E-3,,,,,573.600004827E-9,26.00000000,
,,,574.000011966E-9,39.99999911E-3,,,,,574.000011966E-9,439.999997616E-3,,,,,574.000011966E-9,25.60000038,
,,,574.400019104E-9,39.99999911E-3,,,,,574.400019104E-9,479.999989271E-3,,,,,574.400019104E-9,25.60000038,
,,,574.800026243E-9,39.99999911E-3,,,,,574.800026243E-9,479.999989271E-3,,,,,574.800026243E-9,25.60000038,
,,,575.199976538E-9,39.99999911E-3,,,,,575.199976538E-9,479.999989271E-3,,,,,575.199976538E-9,25.60000038,
,,,575.599983677E-9,79.999998212E-3,,,,,575.599983677E-9,479.999989271E-3,,,,,575.599983677E-9,25.60000038,
,,,575.999990815E-9,79.999998212E-3,,,,,575.999990815E-9,479.999989271E-3,,,,,575.999990815E-9,26.00000000,
,,,576.399997954E-9,79.999998212E-3,,,,,576.399997954E-9,479.999989271E-3,,,,,576.399997954E-9,26.00000000,
,,,576.800005092E-9,39.99999911E-3,,,,,576.800005092E-9,479.999989271E-3,,,,,576.800005092E-9,26.00000000,
,,,577.200012231E-9,39.99999911E-3,,,,,577.200012231E-9,479.999989271E-3,,,,,577.200012231E-9,26.00000000,
,,,577.600019369E-9,39.99999911E-3,,,,,577.600019369E-9,519.999980927E-3,,,,,577.600019369E-9,26.00000000,
,,,578.000026508E-9,39.99999911E-3,,,,,578.000026508E-9,519.999980927E-3,,,,,578.000026508E-9,26.00000000,
,,,578.399976803E-9,39.99999911E-3,,,,,578.399976803E-9,519.999980927E-3,,,,,578.399976803E-9,26.00000000,
,,,578.799983941E-9,39.99999911E-3,,,,,578.799983941E-9,479.999989271E-3,,,,,578.799983941E-9,26.00000000,
,,,579.199991080E-9,39.99999911E-3,,,,,579.199991080E-9,479.999989271E-3,,,,,579.199991080E-9,26.00000000,
,,,579.599998218E-9,39.99999911E-3,,,,,579.599998218E-9,479.999989271E-3,,,,,579.599998218E-9,26.00000000,
,,,580.000005357E-9,39.99999911E-3,,,,,580.000005357E-9,479.999989271E-3,,,,,580.000005357E-9,26.00000000,
,,,580.400012495E-9,79.999998212E-3,,,,,580.400012495E-9,479.999989271E-3,,,,,580.400012495E-9,26.00000000,
,,,580.800019634E-9,79.999998212E-3,,,,,580.800019634E-9,479.999989271E-3,,,,,580.800019634E-9,26.00000000,
,,,581.200026772E-9,79.999998212E-3,,,,,581.200026772E-9,479.999989271E-3,,,,,581.200026772E-9,26.00000000,
,,,581.599977068E-9,79.999998212E-3,,,,,581.599977068E-9,479.999989271E-3,,,,,581.599977068E-9,26.00000000,
,,,581.999984206E-9,79.999998212E-3,,,,,581.999984206E-9,479.999989271E-3,,,,,581.999984206E-9,26.39999962,
,,,582.399991345E-9,79.999998212E-3,,,,,582.399991345E-9,479.999989271E-3,,,,,582.399991345E-9,26.39999962,
,,,582.799998483E-9,79.999998212E-3,,,,,582.799998483E-9,479.999989271E-3,,,,,582.799998483E-9,26.00000000,
,,,583.200005622E-9,79.999998212E-3,,,,,583.200005622E-9,479.999989271E-3,,,,,583.200005622E-9,26.00000000,
,,,583.600012760E-9,79.999998212E-3,,,,,583.600012760E-9,519.999980927E-3,,,,,583.600012760E-9,26.00000000,
,,,584.000019899E-9,79.999998212E-3,,,,,584.000019899E-9,519.999980927E-3,,,,,584.000019899E-9,26.00000000,
,,,584.400027037E-9,79.999998212E-3,,,,,584.400027037E-9,560.000002384E-3,,,,,584.400027037E-9,26.00000000,
,,,584.799977332E-9,39.99999911E-3,,,,,584.799977332E-9,519.999980927E-3,,,,,584.799977332E-9,26.00000000,
,,,585.199984471E-9,39.99999911E-3,,,,,585.199984471E-9,519.999980927E-3,,,,,585.199984471E-9,26.00000000,
,,,585.599991609E-9,39.99999911E-3,,,,,585.599991609E-9,519.999980927E-3,,,,,585.599991609E-9,26.39999962,
,,,585.999998748E-9,39.99999911E-3,,,,,585.999998748E-9,519.999980927E-3,,,,,585.999998748E-9,26.39999962,
,,,586.400005886E-9,79.999998212E-3,,,,,586.400005886E-9,519.999980927E-3,,,,,586.400005886E-9,26.39999962,
,,,586.800013025E-9,79.999998212E-3,,,,,586.800013025E-9,479.999989271E-3,,,,,586.800013025E-9,26.00000000,
,,,587.200020163E-9,79.999998212E-3,,,,,587.200020163E-9,479.999989271E-3,,,,,587.200020163E-9,26.00000000,
,,,587.600027302E-9,79.999998212E-3,,,,,587.600027302E-9,479.999989271E-3,,,,,587.600027302E-9,26.00000000,
,,,587.999977597E-9,79.999998212E-3,,,,,587.999977597E-9,479.999989271E-3,,,,,587.999977597E-9,26.00000000,
,,,588.399984736E-9,119.9999973E-3,,,,,588.399984736E-9,519.999980927E-3,,,,,588.399984736E-9,26.00000000,
,,,588.799991874E-9,79.999998212E-3,,,,,588.799991874E-9,519.999980927E-3,,,,,588.799991874E-9,26.00000000,
,,,589.199999013E-9,79.999998212E-3,,,,,589.199999013E-9,519.999980927E-3,,,,,589.199999013E-9,26.00000000,
,,,589.600006151E-9,39.99999911E-3,,,,,589.600006151E-9,519.999980927E-3,,,,,589.600006151E-9,26.00000000,
,,,590.000013290E-9,39.99999911E-3,,,,,590.000013290E-9,519.999980927E-3,,,,,590.000013290E-9,26.39999962,
,,,590.400020428E-9,39.99999911E-3,,,,,590.400020428E-9,519.999980927E-3,,,,,590.400020428E-9,26.39999962,
,,,590.800027567E-9,0.0,,,,,590.800027567E-9,519.999980927E-3,,,,,590.800027567E-9,26.39999962,
,,,591.199977862E-9,0.0,,,,,591.199977862E-9,519.999980927E-3,,,,,591.199977862E-9,26.39999962,
,,,591.599985000E-9,0.0,,,,,591.599985000E-9,519.999980927E-3,,,,,591.599985000E-9,26.39999962,
,,,591.999992139E-9,-39.99999911E-3,,,,,591.999992139E-9,519.999980927E-3,,,,,591.999992139E-9,26.39999962,
,,,592.399999277E-9,0.0,,,,,592.399999277E-9,560.000002384E-3,,,,,592.399999277E-9,26.39999962,
,,,592.800006416E-9,0.0,,,,,592.800006416E-9,519.999980927E-3,,,,,592.800006416E-9,26.39999962,
,,,593.200013554E-9,0.0,,,,,593.200013554E-9,519.999980927E-3,,,,,593.200013554E-9,26.39999962,
,,,593.600020693E-9,39.99999911E-3,,,,,593.600020693E-9,479.999989271E-3,,,,,593.600020693E-9,26.39999962,
,,,594.000027831E-9,39.99999911E-3,,,,,594.000027831E-9,479.999989271E-3,,,,,594.000027831E-9,26.39999962,
,,,594.399978127E-9,39.99999911E-3,,,,,594.399978127E-9,479.999989271E-3,,,,,594.399978127E-9,26.39999962,
,,,594.799985265E-9,39.99999911E-3,,,,,594.799985265E-9,479.999989271E-3,,,,,594.799985265E-9,26.39999962,
,,,595.199992404E-9,39.99999911E-3,,,,,595.199992404E-9,519.999980927E-3,,,,,595.199992404E-9,26.00000000,
,,,595.599999542E-9,0.0,,,,,595.599999542E-9,560.000002384E-3,,,,,595.599999542E-9,26.00000000,
,,,596.000006681E-9,0.0,,,,,596.000006681E-9,560.000002384E-3,,,,,596.000006681E-9,26.00000000,
,,,596.400013819E-9,0.0,,,,,596.400013819E-9,560.000002384E-3,,,,,596.400013819E-9,26.00000000,
,,,596.800020958E-9,0.0,,,,,596.800020958E-9,560.000002384E-3,,,,,596.800020958E-9,26.39999962,
,,,597.200028096E-9,0.0,,,,,597.200028096E-9,560.000002384E-3,,,,,597.200028096E-9,26.39999962,
,,,597.599978391E-9,0.0,,,,,597.599978391E-9,519.999980927E-3,,,,,597.599978391E-9,26.39999962,
,,,597.999985530E-9,0.0,,,,,597.999985530E-9,519.999980927E-3,,,,,597.999985530E-9,26.39999962,
,,,598.399992668E-9,0.0,,,,,598.399992668E-9,519.999980927E-3,,,,,598.399992668E-9,26.39999962,
,,,598.799999807E-9,0.0,,,,,598.799999807E-9,479.999989271E-3,,,,,598.799999807E-9,26.39999962,
,,,599.200006945E-9,0.0,,,,,599.200006945E-9,519.999980927E-3,,,,,599.200006945E-9,26.39999962,
,,,599.600014084E-9,0.0,,,,,599.600014084E-9,519.999980927E-3,,,,,599.600014084E-9,26.39999962,
,,,600.000021223E-9,0.0,,,,,600.000021223E-9,519.999980927E-3,,,,,600.000021223E-9,26.39999962,
,,,600.400028361E-9,0.0,,,,,600.400028361E-9,560.000002384E-3,,,,,600.400028361E-9,26.39999962,
,,,600.799978656E-9,0.0,,,,,600.799978656E-9,560.000002384E-3,,,,,600.799978656E-9,26.39999962,
,,,601.199985795E-9,0.0,,,,,601.199985795E-9,560.000002384E-3,,,,,601.199985795E-9,26.00000000,
,,,601.599992933E-9,0.0,,,,,601.599992933E-9,560.000002384E-3,,,,,601.599992933E-9,26.00000000,
,,,602.000000072E-9,0.0,,,,,602.000000072E-9,560.000002384E-3,,,,,602.000000072E-9,26.00000000,
,,,602.400007210E-9,0.0,,,,,602.400007210E-9,560.000002384E-3,,,,,602.400007210E-9,26.00000000,
,,,602.800014349E-9,-39.99999911E-3,,,,,602.800014349E-9,560.000002384E-3,,,,,602.800014349E-9,26.00000000,
,,,603.200021487E-9,-39.99999911E-3,,,,,603.200021487E-9,560.000002384E-3,,,,,603.200021487E-9,26.00000000,
,,,603.600028626E-9,0.0,,,,,603.600028626E-9,560.000002384E-3,,,,,603.600028626E-9,26.39999962,
,,,603.999978921E-9,39.99999911E-3,,,,,603.999978921E-9,560.000002384E-3,,,,,603.999978921E-9,26.39999962,
,,,604.399986059E-9,79.999998212E-3,,,,,604.399986059E-9,599.999964237E-3,,,,,604.399986059E-9,26.39999962,
,,,604.799993198E-9,79.999998212E-3,,,,,604.799993198E-9,599.999964237E-3,,,,,604.799993198E-9,26.39999962,
,,,605.200000336E-9,79.999998212E-3,,,,,605.200000336E-9,599.999964237E-3,,,,,605.200000336E-9,26.80000114,
,,,605.600007475E-9,39.99999911E-3,,,,,605.600007475E-9,599.999964237E-3,,,,,605.600007475E-9,26.80000114,
,,,606.000014614E-9,39.99999911E-3,,,,,606.000014614E-9,599.999964237E-3,,,,,606.000014614E-9,26.80000114,
,,,606.400021752E-9,39.99999911E-3,,,,,606.400021752E-9,599.999964237E-3,,,,,606.400021752E-9,26.80000114,
,,,606.800028891E-9,39.99999911E-3,,,,,606.800028891E-9,599.999964237E-3,,,,,606.800028891E-9,26.39999962,
,,,607.199979186E-9,39.99999911E-3,,,,,607.199979186E-9,599.999964237E-3,,,,,607.199979186E-9,26.39999962,
,,,607.599986324E-9,0.0,,,,,607.599986324E-9,639.999985695E-3,,,,,607.599986324E-9,26.39999962,
,,,607.999993463E-9,0.0,,,,,607.999993463E-9,599.999964237E-3,,,,,607.999993463E-9,26.39999962,
,,,608.400000601E-9,0.0,,,,,608.400000601E-9,599.999964237E-3,,,,,608.400000601E-9,26.39999962,
,,,608.800007740E-9,-39.99999911E-3,,,,,608.800007740E-9,560.000002384E-3,,,,,608.800007740E-9,26.00000000,
,,,609.200014878E-9,0.0,,,,,609.200014878E-9,560.000002384E-3,,,,,609.200014878E-9,26.00000000,
,,,609.600022017E-9,0.0,,,,,609.600022017E-9,560.000002384E-3,,,,,609.600022017E-9,26.00000000,
,,,610.000029155E-9,0.0,,,,,610.000029155E-9,560.000002384E-3,,,,,610.000029155E-9,26.00000000,
,,,610.399979450E-9,39.99999911E-3,,,,,610.399979450E-9,599.999964237E-3,,,,,610.399979450E-9,26.00000000,
,,,610.799986589E-9,0.0,,,,,610.799986589E-9,560.000002384E-3,,,,,610.799986589E-9,26.39999962,
,,,611.199993727E-9,0.0,,,,,611.199993727E-9,560.000002384E-3,,,,,611.199993727E-9,26.39999962,
,,,611.600000866E-9,0.0,,,,,611.600000866E-9,560.000002384E-3,,,,,611.600000866E-9,26.39999962,
,,,612.000008005E-9,0.0,,,,,612.000008005E-9,560.000002384E-3,,,,,612.000008005E-9,26.39999962,
,,,612.400015143E-9,39.99999911E-3,,,,,612.400015143E-9,599.999964237E-3,,,,,612.400015143E-9,26.39999962,
,,,612.800022282E-9,0.0,,,,,612.800022282E-9,599.999964237E-3,,,,,612.800022282E-9,26.39999962,
,,,613.200029420E-9,0.0,,,,,613.200029420E-9,599.999964237E-3,,,,,613.200029420E-9,26.39999962,
,,,613.599979715E-9,0.0,,,,,613.599979715E-9,599.999964237E-3,,,,,613.599979715E-9,26.39999962,
,,,613.999986854E-9,-39.99999911E-3,,,,,613.999986854E-9,599.999964237E-3,,,,,613.999986854E-9,26.39999962,
,,,614.399993992E-9,0.0,,,,,614.399993992E-9,599.999964237E-3,,,,,614.399993992E-9,26.39999962,
,,,614.800001131E-9,0.0,,,,,614.800001131E-9,599.999964237E-3,,,,,614.800001131E-9,26.00000000,
,,,615.200008269E-9,0.0,,,,,615.200008269E-9,599.999964237E-3,,,,,615.200008269E-9,26.00000000,
,,,615.600015408E-9,39.99999911E-3,,,,,615.600015408E-9,560.000002384E-3,,,,,615.600015408E-9,26.00000000,
,,,616.000022546E-9,39.99999911E-3,,,,,616.000022546E-9,560.000002384E-3,,,,,616.000022546E-9,26.00000000,
,,,616.400029685E-9,39.99999911E-3,,,,,616.400029685E-9,560.000002384E-3,,,,,616.400029685E-9,26.00000000,
,,,616.799979980E-9,39.99999911E-3,,,,,616.799979980E-9,519.999980927E-3,,,,,616.799979980E-9,26.00000000,
,,,617.199987119E-9,39.99999911E-3,,,,,617.199987119E-9,560.000002384E-3,,,,,617.199987119E-9,26.00000000,
,,,617.599994257E-9,39.99999911E-3,,,,,617.599994257E-9,560.000002384E-3,,,,,617.599994257E-9,26.00000000,
,,,618.000001396E-9,39.99999911E-3,,,,,618.000001396E-9,560.000002384E-3,,,,,618.000001396E-9,26.00000000,
,,,618.400008534E-9,39.99999911E-3,,,,,618.400008534E-9,599.999964237E-3,,,,,618.400008534E-9,26.00000000,
,,,618.800015673E-9,39.99999911E-3,,,,,618.800015673E-9,599.999964237E-3,,,,,618.800015673E-9,26.39999962,
,,,619.200022811E-9,39.99999911E-3,,,,,619.200022811E-9,599.999964237E-3,,,,,619.200022811E-9,26.39999962,
,,,619.600029950E-9,39.99999911E-3,,,,,619.600029950E-9,599.999964237E-3,,,,,619.600029950E-9,26.39999962,
,,,619.999980245E-9,39.99999911E-3,,,,,619.999980245E-9,599.999964237E-3,,,,,619.999980245E-9,26.39999962,
,,,620.399987383E-9,39.99999911E-3,,,,,620.399987383E-9,599.999964237E-3,,,,,620.399987383E-9,26.39999962,
,,,620.799994522E-9,39.99999911E-3,,,,,620.799994522E-9,560.000002384E-3,,,,,620.799994522E-9,26.00000000,
,,,621.200001660E-9,39.99999911E-3,,,,,621.200001660E-9,560.000002384E-3,,,,,621.200001660E-9,26.00000000,
,,,621.600008799E-9,39.99999911E-3,,,,,621.600008799E-9,560.000002384E-3,,,,,621.600008799E-9,26.39999962,
,,,622.000015937E-9,39.99999911E-3,,,,,622.000015937E-9,519.999980927E-3,,,,,622.000015937E-9,26.39999962,
,,,622.400023076E-9,39.99999911E-3,,,,,622.400023076E-9,560.000002384E-3,,,,,622.400023076E-9,26.39999962,
,,,622.800030214E-9,39.99999911E-3,,,,,622.800030214E-9,560.000002384E-3,,,,,622.800030214E-9,26.39999962,
,,,623.199980510E-9,39.99999911E-3,,,,,623.199980510E-9,560.000002384E-3,,,,,623.199980510E-9,26.00000000,
,,,623.599987648E-9,39.99999911E-3,,,,,623.599987648E-9,599.999964237E-3,,,,,623.599987648E-9,26.00000000,
,,,623.999994787E-9,39.99999911E-3,,,,,623.999994787E-9,599.999964237E-3,,,,,623.999994787E-9,26.39999962,
,,,624.400001925E-9,39.99999911E-3,,,,,624.400001925E-9,599.999964237E-3,,,,,624.400001925E-9,26.39999962,
,,,624.800009064E-9,39.99999911E-3,,,,,624.800009064E-9,599.999964237E-3,,,,,624.800009064E-9,26.39999962,
,,,625.200016202E-9,39.99999911E-3,,,,,625.200016202E-9,599.999964237E-3,,,,,625.200016202E-9,26.39999962,
,,,625.600023341E-9,39.99999911E-3,,,,,625.600023341E-9,599.999964237E-3,,,,,625.600023341E-9,26.39999962,
,,,626.000030479E-9,39.99999911E-3,,,,,626.000030479E-9,599.999964237E-3,,,,,626.000030479E-9,26.00000000,
,,,626.399980774E-9,79.999998212E-3,,,,,626.399980774E-9,599.999964237E-3,,,,,626.399980774E-9,26.00000000,
,,,626.799987913E-9,39.99999911E-3,,,,,626.799987913E-9,560.000002384E-3,,,,,626.799987913E-9,26.39999962,
,,,627.199995051E-9,39.99999911E-3,,,,,627.199995051E-9,560.000002384E-3,,,,,627.199995051E-9,26.39999962,
,,,627.600002190E-9,39.99999911E-3,,,,,627.600002190E-9,560.000002384E-3,,,,,627.600002190E-9,26.80000114,
,,,628.000009328E-9,39.99999911E-3,,,,,628.000009328E-9,560.000002384E-3,,,,,628.000009328E-9,26.39999962,
,,,628.400016467E-9,79.999998212E-3,,,,,628.400016467E-9,560.000002384E-3,,,,,628.400016467E-9,26.39999962,
,,,628.800023605E-9,39.99999911E-3,,,,,628.800023605E-9,560.000002384E-3,,,,,628.800023605E-9,26.39999962,
,,,629.200030744E-9,39.99999911E-3,,,,,629.200030744E-9,560.000002384E-3,,,,,629.200030744E-9,26.00000000,
,,,629.599981039E-9,39.99999911E-3,,,,,629.599981039E-9,560.000002384E-3,,,,,629.599981039E-9,26.39999962,
,,,629.999988178E-9,39.99999911E-3,,,,,629.999988178E-9,560.000002384E-3,,,,,629.999988178E-9,26.39999962,
,,,630.399995316E-9,39.99999911E-3,,,,,630.399995316E-9,560.000002384E-3,,,,,630.399995316E-9,26.39999962,
,,,630.800002455E-9,39.99999911E-3,,,,,630.800002455E-9,560.000002384E-3,,,,,630.800002455E-9,26.39999962,
,,,631.200009593E-9,39.99999911E-3,,,,,631.200009593E-9,560.000002384E-3,,,,,631.200009593E-9,26.39999962,
,,,631.600016732E-9,39.99999911E-3,,,,,631.600016732E-9,560.000002384E-3,,,,,631.600016732E-9,26.39999962,
,,,632.000023870E-9,39.99999911E-3,,,,,632.000023870E-9,560.000002384E-3,,,,,632.000023870E-9,26.39999962,
,,,632.400031009E-9,79.999998212E-3,,,,,632.400031009E-9,599.999964237E-3,,,,,632.400031009E-9,26.39999962,
,,,632.799981304E-9,39.99999911E-3,,,,,632.799981304E-9,599.999964237E-3,,,,,632.799981304E-9,26.39999962,
,,,633.199988442E-9,39.99999911E-3,,,,,633.199988442E-9,599.999964237E-3,,,,,633.199988442E-9,26.39999962,
,,,633.599995581E-9,39.99999911E-3,,,,,633.599995581E-9,560.000002384E-3,,,,,633.599995581E-9,26.80000114,
,,,634.000002719E-9,39.99999911E-3,,,,,634.000002719E-9,560.000002384E-3,,,,,634.000002719E-9,26.39999962,
,,,634.400009858E-9,79.999998212E-3,,,,,634.400009858E-9,560.000002384E-3,,,,,634.400009858E-9,26.39999962,
,,,634.800016996E-9,79.999998212E-3,,,,,634.800016996E-9,560.000002384E-3,,,,,634.800016996E-9,26.39999962,
,,,635.200024135E-9,79.999998212E-3,,,,,635.200024135E-9,560.000002384E-3,,,,,635.200024135E-9,26.39999962,
,,,635.600031273E-9,79.999998212E-3,,,,,635.600031273E-9,560.000002384E-3,,,,,635.600031273E-9,26.80000114,
,,,635.999981569E-9,79.999998212E-3,,,,,635.999981569E-9,560.000002384E-3,,,,,635.999981569E-9,26.39999962,
,,,636.399988707E-9,79.999998212E-3,,,,,636.399988707E-9,560.000002384E-3,,,,,636.399988707E-9,26.39999962,
,,,636.799995846E-9,79.999998212E-3,,,,,636.799995846E-9,560.000002384E-3,,,,,636.799995846E-9,26.80000114,
,,,637.200002984E-9,79.999998212E-3,,,,,637.200002984E-9,560.000002384E-3,,,,,637.200002984E-9,26.80000114,
,,,637.600010123E-9,79.999998212E-3,,,,,637.600010123E-9,519.999980927E-3,,,,,637.600010123E-9,26.80000114,
,,,638.000017261E-9,79.999998212E-3,,,,,638.000017261E-9,519.999980927E-3,,,,,638.000017261E-9,26.80000114,
,,,638.400024400E-9,79.999998212E-3,,,,,638.400024400E-9,519.999980927E-3,,,,,638.400024400E-9,26.80000114,
,,,638.800031538E-9,79.999998212E-3,,,,,638.800031538E-9,519.999980927E-3,,,,,638.800031538E-9,26.39999962,
,,,639.199981833E-9,79.999998212E-3,,,,,639.199981833E-9,519.999980927E-3,,,,,639.199981833E-9,26.39999962,
,,,639.599988972E-9,79.999998212E-3,,,,,639.599988972E-9,519.999980927E-3,,,,,639.599988972E-9,26.80000114,
,,,639.999996110E-9,79.999998212E-3,,,,,639.999996110E-9,519.999980927E-3,,,,,639.999996110E-9,26.39999962,
,,,640.400003249E-9,79.999998212E-3,,,,,640.400003249E-9,519.999980927E-3,,,,,640.400003249E-9,26.39999962,
,,,640.800010387E-9,39.99999911E-3,,,,,640.800010387E-9,519.999980927E-3,,,,,640.800010387E-9,26.39999962,
,,,641.200017526E-9,39.99999911E-3,,,,,641.200017526E-9,519.999980927E-3,,,,,641.200017526E-9,26.39999962,
,,,641.600024665E-9,39.99999911E-3,,,,,641.600024665E-9,519.999980927E-3,,,,,641.600024665E-9,26.80000114,
,,,642.000031803E-9,39.99999911E-3,,,,,642.000031803E-9,519.999980927E-3,,,,,642.000031803E-9,26.39999962,
,,,642.399982098E-9,39.99999911E-3,,,,,642.399982098E-9,519.999980927E-3,,,,,642.399982098E-9,26.39999962,
,,,642.799989237E-9,39.99999911E-3,,,,,642.799989237E-9,519.999980927E-3,,,,,642.799989237E-9,26.80000114,
,,,643.199996375E-9,39.99999911E-3,,,,,643.199996375E-9,519.999980927E-3,,,,,643.199996375E-9,26.80000114,
,,,643.600003514E-9,39.99999911E-3,,,,,643.600003514E-9,519.999980927E-3,,,,,643.600003514E-9,26.80000114,
,,,644.000010652E-9,39.99999911E-3,,,,,644.000010652E-9,519.999980927E-3,,,,,644.000010652E-9,26.80000114,
,,,644.400017791E-9,79.999998212E-3,,,,,644.400017791E-9,519.999980927E-3,,,,,644.400017791E-9,26.80000114,
,,,644.800024929E-9,39.99999911E-3,,,,,644.800024929E-9,479.999989271E-3,,,,,644.800024929E-9,26.80000114,
,,,645.200032068E-9,39.99999911E-3,,,,,645.200032068E-9,479.999989271E-3,,,,,645.200032068E-9,26.39999962,
,,,645.599982363E-9,39.99999911E-3,,,,,645.599982363E-9,479.999989271E-3,,,,,645.599982363E-9,26.39999962,
,,,645.999989501E-9,0.0,,,,,645.999989501E-9,439.999997616E-3,,,,,645.999989501E-9,26.80000114,
,,,646.399996640E-9,39.99999911E-3,,,,,646.399996640E-9,479.999989271E-3,,,,,646.399996640E-9,26.80000114,
,,,646.800003778E-9,39.99999911E-3,,,,,646.800003778E-9,479.999989271E-3,,,,,646.800003778E-9,27.20000076,
,,,647.200010917E-9,39.99999911E-3,,,,,647.200010917E-9,479.999989271E-3,,,,,647.200010917E-9,27.20000076,
,,,647.600018056E-9,79.999998212E-3,,,,,647.600018056E-9,519.999980927E-3,,,,,647.600018056E-9,27.20000076,
,,,648.000025194E-9,79.999998212E-3,,,,,648.000025194E-9,519.999980927E-3,,,,,648.000025194E-9,27.20000076,
,,,648.400032333E-9,79.999998212E-3,,,,,648.400032333E-9,519.999980927E-3,,,,,648.400032333E-9,27.20000076,
,,,648.799982628E-9,79.999998212E-3,,,,,648.799982628E-9,479.999989271E-3,,,,,648.799982628E-9,27.20000076,
,,,649.199989766E-9,79.999998212E-3,,,,,649.199989766E-9,439.999997616E-3,,,,,649.199989766E-9,27.20000076,
,,,649.599996905E-9,39.99999911E-3,,,,,649.599996905E-9,399.99997616E-3,,,,,649.599996905E-9,27.20000076,
,,,650.000004043E-9,39.99999911E-3,,,,,650.000004043E-9,399.99997616E-3,,,,,650.000004043E-9,27.20000076,
,,,650.400011182E-9,39.99999911E-3,,,,,650.400011182E-9,439.999997616E-3,,,,,650.400011182E-9,27.20000076,
,,,650.800018320E-9,0.0,,,,,650.800018320E-9,439.999997616E-3,,,,,650.800018320E-9,26.80000114,
,,,651.200025459E-9,0.0,,,,,651.200025459E-9,439.999997616E-3,,,,,651.200025459E-9,26.80000114,
,,,651.600032597E-9,39.99999911E-3,,,,,651.600032597E-9,479.999989271E-3,,,,,651.600032597E-9,26.80000114,
,,,651.999982892E-9,79.999998212E-3,,,,,651.999982892E-9,479.999989271E-3,,,,,651.999982892E-9,26.80000114,
,,,652.399990031E-9,119.9999973E-3,,,,,652.399990031E-9,519.999980927E-3,,,,,652.399990031E-9,26.80000114,
,,,652.799997169E-9,119.9999973E-3,,,,,652.799997169E-9,519.999980927E-3,,,,,652.799997169E-9,27.20000076,
,,,653.200004308E-9,119.9999973E-3,,,,,653.200004308E-9,519.999980927E-3,,,,,653.200004308E-9,27.20000076,
,,,653.600011447E-9,79.999998212E-3,,,,,653.600011447E-9,479.999989271E-3,,,,,653.600011447E-9,27.20000076,
,,,654.000018585E-9,39.99999911E-3,,,,,654.000018585E-9,479.999989271E-3,,,,,654.000018585E-9,26.80000114,
,,,654.400025724E-9,39.99999911E-3,,,,,654.400025724E-9,479.999989271E-3,,,,,654.400025724E-9,26.80000114,
,,,654.800032862E-9,0.0,,,,,654.800032862E-9,479.999989271E-3,,,,,654.800032862E-9,26.80000114,
,,,655.199983157E-9,0.0,,,,,655.199983157E-9,479.999989271E-3,,,,,655.199983157E-9,26.80000114,
,,,655.599990296E-9,39.99999911E-3,,,,,655.599990296E-9,479.999989271E-3,,,,,655.599990296E-9,26.80000114,
,,,655.999997434E-9,39.99999911E-3,,,,,655.999997434E-9,479.999989271E-3,,,,,655.999997434E-9,26.80000114,
,,,656.400004573E-9,79.999998212E-3,,,,,656.400004573E-9,479.999989271E-3,,,,,656.400004573E-9,26.80000114,
,,,656.800011711E-9,39.99999911E-3,,,,,656.800011711E-9,479.999989271E-3,,,,,656.800011711E-9,26.80000114,
,,,657.200018850E-9,39.99999911E-3,,,,,657.200018850E-9,479.999989271E-3,,,,,657.200018850E-9,26.80000114,
,,,657.600025988E-9,39.99999911E-3,,,,,657.600025988E-9,479.999989271E-3,,,,,657.600025988E-9,26.80000114,
,,,658.000033127E-9,0.0,,,,,658.000033127E-9,479.999989271E-3,,,,,658.000033127E-9,27.20000076,
,,,658.399983422E-9,39.99999911E-3,,,,,658.399983422E-9,479.999989271E-3,,,,,658.399983422E-9,27.20000076,
,,,658.799990561E-9,39.99999911E-3,,,,,658.799990561E-9,479.999989271E-3,,,,,658.799990561E-9,27.20000076,
,,,659.199997699E-9,39.99999911E-3,,,,,659.199997699E-9,479.999989271E-3,,,,,659.199997699E-9,27.20000076,
,,,659.600004838E-9,79.999998212E-3,,,,,659.600004838E-9,479.999989271E-3,,,,,659.600004838E-9,27.20000076,
,,,660.000011976E-9,79.999998212E-3,,,,,660.000011976E-9,479.999989271E-3,,,,,660.000011976E-9,27.20000076,
,,,660.400019115E-9,79.999998212E-3,,,,,660.400019115E-9,479.999989271E-3,,,,,660.400019115E-9,27.20000076,
,,,660.800026253E-9,39.99999911E-3,,,,,660.800026253E-9,439.999997616E-3,,,,,660.800026253E-9,27.20000076,
,,,661.200033392E-9,39.99999911E-3,,,,,661.200033392E-9,439.999997616E-3,,,,,661.200033392E-9,27.20000076,
,,,661.599983687E-9,39.99999911E-3,,,,,661.599983687E-9,439.999997616E-3,,,,,661.599983687E-9,27.20000076,
,,,661.999990825E-9,39.99999911E-3,,,,,661.999990825E-9,399.99997616E-3,,,,,661.999990825E-9,27.20000076,
,,,662.399997964E-9,39.99999911E-3,,,,,662.399997964E-9,439.999997616E-3,,,,,662.399997964E-9,27.20000076,
,,,662.800005102E-9,39.99999911E-3,,,,,662.800005102E-9,439.999997616E-3,,,,,662.800005102E-9,27.20000076,
,,,663.200012241E-9,39.99999911E-3,,,,,663.200012241E-9,439.999997616E-3,,,,,663.200012241E-9,27.20000076,
,,,663.600019379E-9,39.99999911E-3,,,,,663.600019379E-9,439.999997616E-3,,,,,663.600019379E-9,27.60000038,
,,,664.000026518E-9,39.99999911E-3,,,,,664.000026518E-9,439.999997616E-3,,,,,664.000026518E-9,27.60000038,
,,,664.400033656E-9,39.99999911E-3,,,,,664.400033656E-9,439.999997616E-3,,,,,664.400033656E-9,27.20000076,
,,,664.799983952E-9,39.99999911E-3,,,,,664.799983952E-9,439.999997616E-3,,,,,664.799983952E-9,27.20000076,
,,,665.199991090E-9,39.99999911E-3,,,,,665.199991090E-9,439.999997616E-3,,,,,665.199991090E-9,27.20000076,
,,,665.599998229E-9,39.99999911E-3,,,,,665.599998229E-9,479.999989271E-3,,,,,665.599998229E-9,27.20000076,
,,,666.000005367E-9,39.99999911E-3,,,,,666.000005367E-9,479.999989271E-3,,,,,666.000005367E-9,27.20000076,
,,,666.400012506E-9,39.99999911E-3,,,,,666.400012506E-9,479.999989271E-3,,,,,666.400012506E-9,27.60000038,
,,,666.800019644E-9,39.99999911E-3,,,,,666.800019644E-9,479.999989271E-3,,,,,666.800019644E-9,27.20000076,
,,,667.200026783E-9,39.99999911E-3,,,,,667.200026783E-9,479.999989271E-3,,,,,667.200026783E-9,27.20000076,
,,,667.600033921E-9,39.99999911E-3,,,,,667.600033921E-9,479.999989271E-3,,,,,667.600033921E-9,27.20000076,
,,,667.999984216E-9,39.99999911E-3,,,,,667.999984216E-9,479.999989271E-3,,,,,667.999984216E-9,27.20000076,
,,,668.399991355E-9,39.99999911E-3,,,,,668.399991355E-9,479.999989271E-3,,,,,668.399991355E-9,27.60000038,
,,,668.799998493E-9,39.99999911E-3,,,,,668.799998493E-9,479.999989271E-3,,,,,668.799998493E-9,27.60000038,
,,,669.200005632E-9,39.99999911E-3,,,,,669.200005632E-9,479.999989271E-3,,,,,669.200005632E-9,27.60000038,
,,,669.600012770E-9,39.99999911E-3,,,,,669.600012770E-9,479.999989271E-3,,,,,669.600012770E-9,27.60000038,
,,,670.000019909E-9,39.99999911E-3,,,,,670.000019909E-9,479.999989271E-3,,,,,670.000019909E-9,27.20000076,
,,,670.400027047E-9,79.999998212E-3,,,,,670.400027047E-9,479.999989271E-3,,,,,670.400027047E-9,27.20000076,
,,,670.800034186E-9,79.999998212E-3,,,,,670.800034186E-9,479.999989271E-3,,,,,670.800034186E-9,26.80000114,
,,,671.199984481E-9,79.999998212E-3,,,,,671.199984481E-9,479.999989271E-3,,,,,671.199984481E-9,26.80000114,
,,,671.599991620E-9,79.999998212E-3,,,,,671.599991620E-9,519.999980927E-3,,,,,671.599991620E-9,26.80000114,
,,,671.999998758E-9,79.999998212E-3,,,,,671.999998758E-9,519.999980927E-3,,,,,671.999998758E-9,27.20000076,
,,,672.400005897E-9,79.999998212E-3,,,,,672.400005897E-9,519.999980927E-3,,,,,672.400005897E-9,27.20000076,
,,,672.800013035E-9,39.99999911E-3,,,,,672.800013035E-9,519.999980927E-3,,,,,672.800013035E-9,27.60000038,
,,,673.200020174E-9,39.99999911E-3,,,,,673.200020174E-9,519.999980927E-3,,,,,673.200020174E-9,27.60000038,
,,,673.600027312E-9,39.99999911E-3,,,,,673.600027312E-9,479.999989271E-3,,,,,673.600027312E-9,27.60000038,
,,,673.999977607E-9,39.99999911E-3,,,,,673.999977607E-9,479.999989271E-3,,,,,673.999977607E-9,27.60000038,
,,,674.399984746E-9,39.99999911E-3,,,,,674.399984746E-9,479.999989271E-3,,,,,674.399984746E-9,27.60000038,
,,,674.799991884E-9,0.0,,,,,674.799991884E-9,479.999989271E-3,,,,,674.799991884E-9,27.60000038,
,,,675.199999023E-9,0.0,,,,,675.199999023E-9,479.999989271E-3,,,,,675.199999023E-9,27.60000038,
,,,675.600006161E-9,-39.99999911E-3,,,,,675.600006161E-9,479.999989271E-3,,,,,675.600006161E-9,27.60000038,
,,,676.000013300E-9,-39.99999911E-3,,,,,676.000013300E-9,479.999989271E-3,,,,,676.000013300E-9,28.00000000,
,,,676.400020438E-9,0.0,,,,,676.400020438E-9,479.999989271E-3,,,,,676.400020438E-9,28.00000000,
,,,676.800027577E-9,0.0,,,,,676.800027577E-9,439.999997616E-3,,,,,676.800027577E-9,28.00000000,
,,,677.199977872E-9,39.99999911E-3,,,,,677.199977872E-9,479.999989271E-3,,,,,677.199977872E-9,28.00000000,
,,,677.599985011E-9,79.999998212E-3,,,,,677.599985011E-9,479.999989271E-3,,,,,677.599985011E-9,27.60000038,
,,,677.999992149E-9,39.99999911E-3,,,,,677.999992149E-9,479.999989271E-3,,,,,677.999992149E-9,27.60000038,
,,,678.399999288E-9,39.99999911E-3,,,,,678.399999288E-9,519.999980927E-3,,,,,678.399999288E-9,27.60000038,
,,,678.800006426E-9,0.0,,,,,678.800006426E-9,519.999980927E-3,,,,,678.800006426E-9,27.60000038,
,,,679.200013565E-9,0.0,,,,,679.200013565E-9,519.999980927E-3,,,,,679.200013565E-9,27.60000038,
,,,679.600020703E-9,0.0,,,,,679.600020703E-9,519.999980927E-3,,,,,679.600020703E-9,27.60000038,
,,,680.000027842E-9,0.0,,,,,680.000027842E-9,519.999980927E-3,,,,,680.000027842E-9,27.60000038,
,,,680.399978137E-9,39.99999911E-3,,,,,680.399978137E-9,519.999980927E-3,,,,,680.399978137E-9,27.60000038,
,,,680.799985275E-9,39.99999911E-3,,,,,680.799985275E-9,519.999980927E-3,,,,,680.799985275E-9,27.60000038,
,,,681.199992414E-9,39.99999911E-3,,,,,681.199992414E-9,519.999980927E-3,,,,,681.199992414E-9,27.60000038,
,,,681.599999552E-9,39.99999911E-3,,,,,681.599999552E-9,519.999980927E-3,,,,,681.599999552E-9,27.60000038,
,,,682.000006691E-9,39.99999911E-3,,,,,682.000006691E-9,519.999980927E-3,,,,,682.000006691E-9,27.60000038,
,,,682.400013829E-9,79.999998212E-3,,,,,682.400013829E-9,519.999980927E-3,,,,,682.400013829E-9,27.60000038,
,,,682.800020968E-9,39.99999911E-3,,,,,682.800020968E-9,519.999980927E-3,,,,,682.800020968E-9,27.60000038,
,,,683.200028107E-9,39.99999911E-3,,,,,683.200028107E-9,519.999980927E-3,,,,,683.200028107E-9,27.60000038,
,,,683.599978402E-9,39.99999911E-3,,,,,683.599978402E-9,519.999980927E-3,,,,,683.599978402E-9,27.60000038,
,,,683.999985540E-9,39.99999911E-3,,,,,683.999985540E-9,519.999980927E-3,,,,,683.999985540E-9,27.60000038,
,,,684.399992679E-9,39.99999911E-3,,,,,684.399992679E-9,519.999980927E-3,,,,,684.399992679E-9,27.60000038,
,,,684.799999817E-9,39.99999911E-3,,,,,684.799999817E-9,519.999980927E-3,,,,,684.799999817E-9,27.60000038,
,,,685.200006956E-9,39.99999911E-3,,,,,685.200006956E-9,519.999980927E-3,,,,,685.200006956E-9,27.60000038,
,,,685.600014094E-9,0.0,,,,,685.600014094E-9,519.999980927E-3,,,,,685.600014094E-9,27.60000038,
,,,686.000021233E-9,0.0,,,,,686.000021233E-9,519.999980927E-3,,,,,686.000021233E-9,27.60000038,
,,,686.400028371E-9,0.0,,,,,686.400028371E-9,560.000002384E-3,,,,,686.400028371E-9,27.60000038,
,,,686.799978666E-9,0.0,,,,,686.799978666E-9,560.000002384E-3,,,,,686.799978666E-9,27.60000038,
,,,687.199985805E-9,0.0,,,,,687.199985805E-9,560.000002384E-3,,,,,687.199985805E-9,27.60000038,
,,,687.599992943E-9,39.99999911E-3,,,,,687.599992943E-9,519.999980927E-3,,,,,687.599992943E-9,27.60000038,
,,,688.000000082E-9,39.99999911E-3,,,,,688.000000082E-9,519.999980927E-3,,,,,688.000000082E-9,28.00000000,
,,,688.400007220E-9,39.99999911E-3,,,,,688.400007220E-9,519.999980927E-3,,,,,688.400007220E-9,27.60000038,
,,,688.800014359E-9,0.0,,,,,688.800014359E-9,479.999989271E-3,,,,,688.800014359E-9,27.60000038,
,,,689.200021498E-9,0.0,,,,,689.200021498E-9,519.999980927E-3,,,,,689.200021498E-9,27.60000038,
,,,689.600028636E-9,0.0,,,,,689.600028636E-9,519.999980927E-3,,,,,689.600028636E-9,27.60000038,
,,,689.999978931E-9,0.0,,,,,689.999978931E-9,519.999980927E-3,,,,,689.999978931E-9,27.60000038,
,,,690.399986070E-9,0.0,,,,,690.399986070E-9,560.000002384E-3,,,,,690.399986070E-9,27.60000038,
,,,690.799993208E-9,0.0,,,,,690.799993208E-9,560.000002384E-3,,,,,690.799993208E-9,27.60000038,
,,,691.200000347E-9,0.0,,,,,691.200000347E-9,560.000002384E-3,,,,,691.200000347E-9,27.60000038,
,,,691.600007485E-9,0.0,,,,,691.600007485E-9,560.000002384E-3,,,,,691.600007485E-9,27.60000038,
,,,692.000014624E-9,0.0,,,,,692.000014624E-9,560.000002384E-3,,,,,692.000014624E-9,27.60000038,
,,,692.400021762E-9,39.99999911E-3,,,,,692.400021762E-9,560.000002384E-3,,,,,692.400021762E-9,28.00000000,
,,,692.800028901E-9,39.99999911E-3,,,,,692.800028901E-9,519.999980927E-3,,,,,692.800028901E-9,28.00000000,
,,,693.199979196E-9,39.99999911E-3,,,,,693.199979196E-9,479.999989271E-3,,,,,693.199979196E-9,28.00000000,
,,,693.599986334E-9,39.99999911E-3,,,,,693.599986334E-9,439.999997616E-3,,,,,693.599986334E-9,28.00000000,
,,,693.999993473E-9,39.99999911E-3,,,,,693.999993473E-9,439.999997616E-3,,,,,693.999993473E-9,28.00000000,
,,,694.400000611E-9,39.99999911E-3,,,,,694.400000611E-9,479.999989271E-3,,,,,694.400000611E-9,28.00000000,
,,,694.800007750E-9,0.0,,,,,694.800007750E-9,479.999989271E-3,,,,,694.800007750E-9,28.00000000,
,,,695.200014889E-9,0.0,,,,,695.200014889E-9,519.999980927E-3,,,,,695.200014889E-9,28.00000000,
,,,695.600022027E-9,0.0,,,,,695.600022027E-9,560.000002384E-3,,,,,695.600022027E-9,28.00000000,
,,,696.000029166E-9,-39.99999911E-3,,,,,696.000029166E-9,560.000002384E-3,,,,,696.000029166E-9,28.00000000,
,,,696.399979461E-9,0.0,,,,,696.399979461E-9,599.999964237E-3,,,,,696.399979461E-9,28.00000000,
,,,696.799986599E-9,0.0,,,,,696.799986599E-9,599.999964237E-3,,,,,696.799986599E-9,28.00000000,
,,,697.199993738E-9,0.0,,,,,697.199993738E-9,599.999964237E-3,,,,,697.199993738E-9,28.00000000,
,,,697.600000876E-9,39.99999911E-3,,,,,697.600000876E-9,560.000002384E-3,,,,,697.600000876E-9,28.00000000,
,,,698.000008015E-9,39.99999911E-3,,,,,698.000008015E-9,560.000002384E-3,,,,,698.000008015E-9,28.00000000,
,,,698.400015153E-9,39.99999911E-3,,,,,698.400015153E-9,560.000002384E-3,,,,,698.400015153E-9,28.00000000,
,,,698.800022292E-9,39.99999911E-3,,,,,698.800022292E-9,560.000002384E-3,,,,,698.800022292E-9,28.00000000,
,,,699.200029430E-9,39.99999911E-3,,,,,699.200029430E-9,560.000002384E-3,,,,,699.200029430E-9,28.00000000,
,,,699.599979725E-9,39.99999911E-3,,,,,699.599979725E-9,599.999964237E-3,,,,,699.599979725E-9,28.00000000,
,,,699.999986864E-9,39.99999911E-3,,,,,699.999986864E-9,599.999964237E-3,,,,,699.999986864E-9,28.00000000,
,,,700.399994003E-9,39.99999911E-3,,,,,700.399994003E-9,599.999964237E-3,,,,,700.399994003E-9,28.00000000,
,,,700.800001141E-9,39.99999911E-3,,,,,700.800001141E-9,560.000002384E-3,,,,,700.800001141E-9,28.00000000,
,,,701.200008280E-9,39.99999911E-3,,,,,701.200008280E-9,560.000002384E-3,,,,,701.200008280E-9,28.00000000,
,,,701.600015418E-9,79.999998212E-3,,,,,701.600015418E-9,560.000002384E-3,,,,,701.600015418E-9,28.00000000,
,,,702.000022557E-9,79.999998212E-3,,,,,702.000022557E-9,560.000002384E-3,,,,,702.000022557E-9,28.00000000,
,,,702.400029695E-9,79.999998212E-3,,,,,702.400029695E-9,560.000002384E-3,,,,,702.400029695E-9,28.00000000,
,,,702.799979990E-9,79.999998212E-3,,,,,702.799979990E-9,560.000002384E-3,,,,,702.799979990E-9,28.00000000,
,,,703.199987129E-9,79.999998212E-3,,,,,703.199987129E-9,560.000002384E-3,,,,,703.199987129E-9,27.60000038,
,,,703.599994267E-9,79.999998212E-3,,,,,703.599994267E-9,560.000002384E-3,,,,,703.599994267E-9,27.60000038,
,,,704.000001406E-9,79.999998212E-3,,,,,704.000001406E-9,560.000002384E-3,,,,,704.000001406E-9,27.60000038,
,,,704.400008544E-9,79.999998212E-3,,,,,704.400008544E-9,560.000002384E-3,,,,,704.400008544E-9,27.60000038,
,,,704.800015683E-9,79.999998212E-3,,,,,704.800015683E-9,560.000002384E-3,,,,,704.800015683E-9,27.60000038,
,,,705.200022821E-9,79.999998212E-3,,,,,705.200022821E-9,560.000002384E-3,,,,,705.200022821E-9,27.60000038,
,,,705.600029960E-9,39.99999911E-3,,,,,705.600029960E-9,519.999980927E-3,,,,,705.600029960E-9,27.60000038,
,,,705.999980255E-9,39.99999911E-3,,,,,705.999980255E-9,519.999980927E-3,,,,,705.999980255E-9,27.60000038,
,,,706.399987394E-9,39.99999911E-3,,,,,706.399987394E-9,519.999980927E-3,,,,,706.399987394E-9,27.60000038,
,,,706.799994532E-9,39.99999911E-3,,,,,706.799994532E-9,479.999989271E-3,,,,,706.799994532E-9,27.60000038,
,,,707.200001671E-9,39.99999911E-3,,,,,707.200001671E-9,519.999980927E-3,,,,,707.200001671E-9,28.00000000,
,,,707.600008809E-9,39.99999911E-3,,,,,707.600008809E-9,519.999980927E-3,,,,,707.600008809E-9,28.00000000,
,,,708.000015948E-9,39.99999911E-3,,,,,708.000015948E-9,519.999980927E-3,,,,,708.000015948E-9,28.00000000,
,,,708.400023086E-9,39.99999911E-3,,,,,708.400023086E-9,560.000002384E-3,,,,,708.400023086E-9,28.00000000,
,,,708.800030225E-9,39.99999911E-3,,,,,708.800030225E-9,560.000002384E-3,,,,,708.800030225E-9,28.00000000,
,,,709.199980520E-9,39.99999911E-3,,,,,709.199980520E-9,560.000002384E-3,,,,,709.199980520E-9,28.00000000,
,,,709.599987658E-9,79.999998212E-3,,,,,709.599987658E-9,599.999964237E-3,,,,,709.599987658E-9,28.39999962,
,,,709.999994797E-9,79.999998212E-3,,,,,709.999994797E-9,599.999964237E-3,,,,,709.999994797E-9,28.39999962,
,,,710.400001935E-9,79.999998212E-3,,,,,710.400001935E-9,599.999964237E-3,,,,,710.400001935E-9,28.80000114,
,,,710.800009074E-9,39.99999911E-3,,,,,710.800009074E-9,599.999964237E-3,,,,,710.800009074E-9,28.80000114,
,,,711.200016212E-9,0.0,,,,,711.200016212E-9,599.999964237E-3,,,,,711.200016212E-9,28.39999962,
,,,711.600023351E-9,0.0,,,,,711.600023351E-9,560.000002384E-3,,,,,711.600023351E-9,28.39999962,
,,,712.000030489E-9,0.0,,,,,712.000030489E-9,560.000002384E-3,,,,,712.000030489E-9,28.80000114,
,,,712.399980785E-9,39.99999911E-3,,,,,712.399980785E-9,560.000002384E-3,,,,,712.399980785E-9,28.80000114,
,,,712.799987923E-9,39.99999911E-3,,,,,712.799987923E-9,560.000002384E-3,,,,,712.799987923E-9,28.80000114,
,,,713.199995062E-9,39.99999911E-3,,,,,713.199995062E-9,560.000002384E-3,,,,,713.199995062E-9,28.80000114,
,,,713.600002200E-9,39.99999911E-3,,,,,713.600002200E-9,560.000002384E-3,,,,,713.600002200E-9,28.80000114,
,,,714.000009339E-9,39.99999911E-3,,,,,714.000009339E-9,560.000002384E-3,,,,,714.000009339E-9,28.39999962,
,,,714.400016477E-9,39.99999911E-3,,,,,714.400016477E-9,560.000002384E-3,,,,,714.400016477E-9,28.80000114,
,,,714.800023616E-9,39.99999911E-3,,,,,714.800023616E-9,519.999980927E-3,,,,,714.800023616E-9,28.80000114,
,,,715.200030754E-9,39.99999911E-3,,,,,715.200030754E-9,519.999980927E-3,,,,,715.200030754E-9,28.80000114,
,,,715.599981049E-9,39.99999911E-3,,,,,715.599981049E-9,519.999980927E-3,,,,,715.599981049E-9,28.80000114,
,,,715.999988188E-9,39.99999911E-3,,,,,715.999988188E-9,479.999989271E-3,,,,,715.999988188E-9,28.39999962,
,,,716.399995326E-9,79.999998212E-3,,,,,716.399995326E-9,519.999980927E-3,,,,,716.399995326E-9,28.39999962,
,,,716.800002465E-9,79.999998212E-3,,,,,716.800002465E-9,519.999980927E-3,,,,,716.800002465E-9,28.39999962,
,,,717.200009603E-9,79.999998212E-3,,,,,717.200009603E-9,519.999980927E-3,,,,,717.200009603E-9,28.39999962,
,,,717.600016742E-9,79.999998212E-3,,,,,717.600016742E-9,519.999980927E-3,,,,,717.600016742E-9,28.39999962,
,,,718.000023880E-9,79.999998212E-3,,,,,718.000023880E-9,519.999980927E-3,,,,,718.000023880E-9,28.39999962,
,,,718.400031019E-9,79.999998212E-3,,,,,718.400031019E-9,519.999980927E-3,,,,,718.400031019E-9,28.39999962,
,,,718.799981314E-9,79.999998212E-3,,,,,718.799981314E-9,519.999980927E-3,,,,,718.799981314E-9,28.39999962,
,,,719.199988453E-9,79.999998212E-3,,,,,719.199988453E-9,519.999980927E-3,,,,,719.199988453E-9,28.00000000,
,,,719.599995591E-9,119.9999973E-3,,,,,719.599995591E-9,519.999980927E-3,,,,,719.599995591E-9,28.00000000,
,,,720.000002730E-9,119.9999973E-3,,,,,720.000002730E-9,519.999980927E-3,,,,,720.000002730E-9,28.00000000,
,,,720.400009868E-9,119.9999973E-3,,,,,720.400009868E-9,519.999980927E-3,,,,,720.400009868E-9,28.00000000,
,,,720.800017007E-9,119.9999973E-3,,,,,720.800017007E-9,519.999980927E-3,,,,,720.800017007E-9,28.00000000,
,,,721.200024145E-9,119.9999973E-3,,,,,721.200024145E-9,519.999980927E-3,,,,,721.200024145E-9,28.00000000,
,,,721.600031284E-9,159.99999642E-3,,,,,721.600031284E-9,519.999980927E-3,,,,,721.600031284E-9,28.00000000,
,,,721.999981579E-9,159.99999642E-3,,,,,721.999981579E-9,519.999980927E-3,,,,,721.999981579E-9,28.00000000,
,,,722.399988717E-9,159.99999642E-3,,,,,722.399988717E-9,519.999980927E-3,,,,,722.399988717E-9,28.00000000,
,,,722.799995856E-9,159.99999642E-3,,,,,722.799995856E-9,479.999989271E-3,,,,,722.799995856E-9,28.39999962,
,,,723.200002994E-9,159.99999642E-3,,,,,723.200002994E-9,479.999989271E-3,,,,,723.200002994E-9,28.39999962,
,,,723.600010133E-9,159.99999642E-3,,,,,723.600010133E-9,479.999989271E-3,,,,,723.600010133E-9,28.39999962,
,,,724.000017271E-9,159.99999642E-3,,,,,724.000017271E-9,439.999997616E-3,,,,,724.000017271E-9,28.39999962,
,,,724.400024410E-9,159.99999642E-3,,,,,724.400024410E-9,479.999989271E-3,,,,,724.400024410E-9,28.39999962,
,,,724.800031549E-9,159.99999642E-3,,,,,724.800031549E-9,479.999989271E-3,,,,,724.800031549E-9,28.39999962,
,,,725.199981844E-9,159.99999642E-3,,,,,725.199981844E-9,479.999989271E-3,,,,,725.199981844E-9,28.39999962,
,,,725.599988982E-9,119.9999973E-3,,,,,725.599988982E-9,519.999980927E-3,,,,,725.599988982E-9,28.39999962,
,,,725.999996121E-9,119.9999973E-3,,,,,725.999996121E-9,519.999980927E-3,,,,,725.999996121E-9,28.39999962,
,,,726.400003259E-9,119.9999973E-3,,,,,726.400003259E-9,560.000002384E-3,,,,,726.400003259E-9,28.39999962,
,,,726.800010398E-9,119.9999973E-3,,,,,726.800010398E-9,560.000002384E-3,,,,,726.800010398E-9,28.39999962,
,,,727.200017536E-9,119.9999973E-3,,,,,727.200017536E-9,560.000002384E-3,,,,,727.200017536E-9,28.39999962,
,,,727.600024675E-9,159.99999642E-3,,,,,727.600024675E-9,599.999964237E-3,,,,,727.600024675E-9,28.39999962,
,,,728.000031813E-9,159.99999642E-3,,,,,728.000031813E-9,599.999964237E-3,,,,,728.000031813E-9,28.39999962,
,,,728.399982108E-9,159.99999642E-3,,,,,728.399982108E-9,639.999985695E-3,,,,,728.399982108E-9,28.39999962,
,,,728.799989247E-9,119.9999973E-3,,,,,728.799989247E-9,639.999985695E-3,,,,,728.799989247E-9,28.39999962,
,,,729.199996385E-9,119.9999973E-3,,,,,729.199996385E-9,639.999985695E-3,,,,,729.199996385E-9,28.39999962,
,,,729.600003524E-9,119.9999973E-3,,,,,729.600003524E-9,680.000007153E-3,,,,,729.600003524E-9,28.39999962,
,,,730.000010662E-9,119.9999973E-3,,,,,730.000010662E-9,680.000007153E-3,,,,,730.000010662E-9,28.39999962,
,,,730.400017801E-9,119.9999973E-3,,,,,730.400017801E-9,680.000007153E-3,,,,,730.400017801E-9,28.39999962,
,,,730.800024940E-9,79.999998212E-3,,,,,730.800024940E-9,680.000007153E-3,,,,,730.800024940E-9,28.39999962,
,,,731.200032078E-9,79.999998212E-3,,,,,731.200032078E-9,680.000007153E-3,,,,,731.200032078E-9,28.39999962,
,,,731.599982373E-9,79.999998212E-3,,,,,731.599982373E-9,680.000007153E-3,,,,,731.599982373E-9,28.39999962,
,,,731.999989512E-9,39.99999911E-3,,,,,731.999989512E-9,680.000007153E-3,,,,,731.999989512E-9,28.39999962,
,,,732.399996650E-9,79.999998212E-3,,,,,732.399996650E-9,680.000007153E-3,,,,,732.399996650E-9,28.39999962,
,,,732.800003789E-9,79.999998212E-3,,,,,732.800003789E-9,680.000007153E-3,,,,,732.800003789E-9,28.39999962,
,,,733.200010927E-9,79.999998212E-3,,,,,733.200010927E-9,680.000007153E-3,,,,,733.200010927E-9,28.39999962,
,,,733.600018066E-9,119.9999973E-3,,,,,733.600018066E-9,680.000007153E-3,,,,,733.600018066E-9,28.80000114,
,,,734.000025204E-9,119.9999973E-3,,,,,734.000025204E-9,680.000007153E-3,,,,,734.000025204E-9,28.80000114,
,,,734.400032343E-9,119.9999973E-3,,,,,734.400032343E-9,680.000007153E-3,,,,,734.400032343E-9,28.80000114,
,,,734.799982638E-9,119.9999973E-3,,,,,734.799982638E-9,639.999985695E-3,,,,,734.799982638E-9,28.80000114,
,,,735.199989776E-9,119.9999973E-3,,,,,735.199989776E-9,639.999985695E-3,,,,,735.199989776E-9,28.80000114,
,,,735.599996915E-9,119.9999973E-3,,,,,735.599996915E-9,639.999985695E-3,,,,,735.599996915E-9,28.80000114,
,,,736.000004053E-9,119.9999973E-3,,,,,736.000004053E-9,599.999964237E-3,,,,,736.000004053E-9,28.80000114,
,,,736.400011192E-9,119.9999973E-3,,,,,736.400011192E-9,639.999985695E-3,,,,,736.400011192E-9,28.80000114,
,,,736.800018331E-9,119.9999973E-3,,,,,736.800018331E-9,639.999985695E-3,,,,,736.800018331E-9,29.20000076,
,,,737.200025469E-9,119.9999973E-3,,,,,737.200025469E-9,639.999985695E-3,,,,,737.200025469E-9,29.20000076,
,,,737.600032608E-9,159.99999642E-3,,,,,737.600032608E-9,680.000007153E-3,,,,,737.600032608E-9,29.60000038,
,,,737.999982903E-9,159.99999642E-3,,,,,737.999982903E-9,639.999985695E-3,,,,,737.999982903E-9,29.60000038,
,,,738.399990041E-9,159.99999642E-3,,,,,738.399990041E-9,639.999985695E-3,,,,,738.399990041E-9,29.60000038,
,,,738.799997180E-9,159.99999642E-3,,,,,738.799997180E-9,599.999964237E-3,,,,,738.799997180E-9,29.60000038,
,,,739.200004318E-9,159.99999642E-3,,,,,739.200004318E-9,599.999964237E-3,,,,,739.200004318E-9,29.20000076,
,,,739.600011457E-9,159.99999642E-3,,,,,739.600011457E-9,599.999964237E-3,,,,,739.600011457E-9,29.20000076,
,,,740.000018595E-9,159.99999642E-3,,,,,740.000018595E-9,599.999964237E-3,,,,,740.000018595E-9,29.20000076,
,,,740.400025734E-9,159.99999642E-3,,,,,740.400025734E-9,599.999964237E-3,,,,,740.400025734E-9,29.20000076,
,,,740.800032872E-9,159.99999642E-3,,,,,740.800032872E-9,560.000002384E-3,,,,,740.800032872E-9,29.20000076,
,,,741.199983167E-9,159.99999642E-3,,,,,741.199983167E-9,519.999980927E-3,,,,,741.199983167E-9,28.80000114,
,,,741.599990306E-9,159.99999642E-3,,,,,741.599990306E-9,479.999989271E-3,,,,,741.599990306E-9,28.80000114,
,,,741.999997445E-9,159.99999642E-3,,,,,741.999997445E-9,479.999989271E-3,,,,,741.999997445E-9,28.80000114,
,,,742.400004583E-9,199.99998808E-3,,,,,742.400004583E-9,479.999989271E-3,,,,,742.400004583E-9,28.80000114,
,,,742.800011722E-9,199.99998808E-3,,,,,742.800011722E-9,479.999989271E-3,,,,,742.800011722E-9,28.80000114,
,,,743.200018860E-9,199.99998808E-3,,,,,743.200018860E-9,479.999989271E-3,,,,,743.200018860E-9,28.80000114,
,,,743.600025999E-9,159.99999642E-3,,,,,743.600025999E-9,519.999980927E-3,,,,,743.600025999E-9,29.20000076,
,,,744.000033137E-9,159.99999642E-3,,,,,744.000033137E-9,479.999989271E-3,,,,,744.000033137E-9,28.80000114,
,,,744.399983432E-9,159.99999642E-3,,,,,744.399983432E-9,479.999989271E-3,,,,,744.399983432E-9,28.80000114,
,,,744.799990571E-9,119.9999973E-3,,,,,744.799990571E-9,439.999997616E-3,,,,,744.799990571E-9,28.80000114,
,,,745.199997709E-9,119.9999973E-3,,,,,745.199997709E-9,439.999997616E-3,,,,,745.199997709E-9,28.80000114,
,,,745.600004848E-9,159.99999642E-3,,,,,745.600004848E-9,439.999997616E-3,,,,,745.600004848E-9,28.80000114,
,,,746.000011986E-9,199.99998808E-3,,,,,746.000011986E-9,479.999989271E-3,,,,,746.000011986E-9,28.80000114,
,,,746.400019125E-9,239.99999464E-3,,,,,746.400019125E-9,560.000002384E-3,,,,,746.400019125E-9,28.80000114,
,,,746.800026263E-9,239.99999464E-3,,,,,746.800026263E-9,599.999964237E-3,,,,,746.800026263E-9,28.80000114,
,,,747.200033402E-9,239.99999464E-3,,,,,747.200033402E-9,639.999985695E-3,,,,,747.200033402E-9,28.80000114,
,,,747.599983697E-9,280.00000119E-3,,,,,747.599983697E-9,680.000007153E-3,,,,,747.599983697E-9,29.20000076,
,,,747.999990836E-9,319.99999285E-3,,,,,747.999990836E-9,680.000007153E-3,,,,,747.999990836E-9,29.20000076,
,,,748.399997974E-9,359.99998450E-3,,,,,748.399997974E-9,680.000007153E-3,,,,,748.399997974E-9,29.20000076,
,,,748.800005113E-9,359.99998450E-3,,,,,748.800005113E-9,719.999969006E-3,,,,,748.800005113E-9,28.80000114,
,,,749.200012251E-9,359.99998450E-3,,,,,749.200012251E-9,759.999990463E-3,,,,,749.200012251E-9,28.80000114,
,,,749.600019390E-9,319.99999285E-3,,,,,749.600019390E-9,799.999952316E-3,,,,,749.600019390E-9,28.80000114,
,,,750.000026528E-9,319.99999285E-3,,,,,750.000026528E-9,799.999952316E-3,,,,,750.000026528E-9,28.80000114,
,,,750.400033667E-9,280.00000119E-3,,,,,750.400033667E-9,839.999973774E-3,,,,,750.400033667E-9,28.80000114,
,,,750.799983962E-9,239.99999464E-3,,,,,750.799983962E-9,799.999952316E-3,,,,,750.799983962E-9,28.80000114,
,,,751.199991100E-9,199.99998808E-3,,,,,751.199991100E-9,799.999952316E-3,,,,,751.199991100E-9,28.80000114,
,,,751.599998239E-9,159.99999642E-3,,,,,751.599998239E-9,799.999952316E-3,,,,,751.599998239E-9,28.80000114,
,,,752.000005377E-9,159.99999642E-3,,,,,752.000005377E-9,799.999952316E-3,,,,,752.000005377E-9,28.80000114,
,,,752.400012516E-9,159.99999642E-3,,,,,752.400012516E-9,799.999952316E-3,,,,,752.400012516E-9,28.80000114,
,,,752.800019654E-9,119.9999973E-3,,,,,752.800019654E-9,759.999990463E-3,,,,,752.800019654E-9,28.80000114,
,,,753.200026793E-9,119.9999973E-3,,,,,753.200026793E-9,759.999990463E-3,,,,,753.200026793E-9,29.20000076,
,,,753.600033931E-9,119.9999973E-3,,,,,753.600033931E-9,719.999969006E-3,,,,,753.600033931E-9,29.20000076,
,,,753.999984227E-9,119.9999973E-3,,,,,753.999984227E-9,680.000007153E-3,,,,,753.999984227E-9,29.20000076,
,,,754.399991365E-9,119.9999973E-3,,,,,754.399991365E-9,680.000007153E-3,,,,,754.399991365E-9,29.60000038,
,,,754.799998504E-9,79.999998212E-3,,,,,754.799998504E-9,680.000007153E-3,,,,,754.799998504E-9,29.60000038,
,,,755.200005642E-9,39.99999911E-3,,,,,755.200005642E-9,680.000007153E-3,,,,,755.200005642E-9,30.00000000,
,,,755.600012781E-9,39.99999911E-3,,,,,755.600012781E-9,719.999969006E-3,,,,,755.600012781E-9,30.00000000,
,,,756.000019919E-9,39.99999911E-3,,,,,756.000019919E-9,719.999969006E-3,,,,,756.000019919E-9,30.00000000,
,,,756.400027058E-9,79.999998212E-3,,,,,756.400027058E-9,759.999990463E-3,,,,,756.400027058E-9,30.00000000,
,,,756.800034196E-9,79.999998212E-3,,,,,756.800034196E-9,719.999969006E-3,,,,,756.800034196E-9,30.00000000,
,,,757.199984491E-9,79.999998212E-3,,,,,757.199984491E-9,719.999969006E-3,,,,,757.199984491E-9,30.00000000,
,,,757.599991630E-9,79.999998212E-3,,,,,757.599991630E-9,719.999969006E-3,,,,,757.599991630E-9,30.00000000,
,,,757.999998768E-9,79.999998212E-3,,,,,757.999998768E-9,759.999990463E-3,,,,,757.999998768E-9,30.00000000,
,,,758.400005907E-9,119.9999973E-3,,,,,758.400005907E-9,799.999952316E-3,,,,,758.400005907E-9,30.00000000,
,,,758.800013045E-9,119.9999973E-3,,,,,758.800013045E-9,799.999952316E-3,,,,,758.800013045E-9,30.39999962,
,,,759.200020184E-9,159.99999642E-3,,,,,759.200020184E-9,799.999952316E-3,,,,,759.200020184E-9,30.39999962,
,,,759.600027322E-9,199.99998808E-3,,,,,759.600027322E-9,759.999990463E-3,,,,,759.600027322E-9,30.39999962,
,,,760.000034461E-9,199.99998808E-3,,,,,760.000034461E-9,719.999969006E-3,,,,,760.000034461E-9,30.39999962,
,,,760.399984756E-9,199.99998808E-3,,,,,760.399984756E-9,719.999969006E-3,,,,,760.399984756E-9,30.00000000,
,,,760.799991895E-9,199.99998808E-3,,,,,760.799991895E-9,719.999969006E-3,,,,,760.799991895E-9,30.00000000,
,,,761.199999033E-9,199.99998808E-3,,,,,761.199999033E-9,719.999969006E-3,,,,,761.199999033E-9,30.00000000,
,,,761.600006172E-9,239.99999464E-3,,,,,761.600006172E-9,680.000007153E-3,,,,,761.600006172E-9,30.00000000,
,,,762.000013310E-9,199.99998808E-3,,,,,762.000013310E-9,680.000007153E-3,,,,,762.000013310E-9,29.60000038,
,,,762.400020449E-9,199.99998808E-3,,,,,762.400020449E-9,639.999985695E-3,,,,,762.400020449E-9,29.60000038,
,,,762.800027587E-9,159.99999642E-3,,,,,762.800027587E-9,599.999964237E-3,,,,,762.800027587E-9,29.60000038,
,,,763.200034726E-9,119.9999973E-3,,,,,763.200034726E-9,560.000002384E-3,,,,,763.200034726E-9,29.60000038,
,,,763.599985021E-9,79.999998212E-3,,,,,763.599985021E-9,519.999980927E-3,,,,,763.599985021E-9,29.60000038,
,,,763.999992159E-9,79.999998212E-3,,,,,763.999992159E-9,519.999980927E-3,,,,,763.999992159E-9,29.60000038,
,,,764.399999298E-9,79.999998212E-3,,,,,764.399999298E-9,519.999980927E-3,,,,,764.399999298E-9,29.60000038,
,,,764.800006436E-9,39.99999911E-3,,,,,764.800006436E-9,479.999989271E-3,,,,,764.800006436E-9,29.60000038,
,,,765.200013575E-9,39.99999911E-3,,,,,765.200013575E-9,439.999997616E-3,,,,,765.200013575E-9,29.20000076,
,,,765.600020713E-9,39.99999911E-3,,,,,765.600020713E-9,439.999997616E-3,,,,,765.600020713E-9,29.20000076,
,,,766.000027852E-9,39.99999911E-3,,,,,766.000027852E-9,439.999997616E-3,,,,,766.000027852E-9,29.20000076,
,,,766.400034991E-9,79.999998212E-3,,,,,766.400034991E-9,439.999997616E-3,,,,,766.400034991E-9,29.20000076,
,,,766.799985286E-9,79.999998212E-3,,,,,766.799985286E-9,399.99997616E-3,,,,,766.799985286E-9,29.20000076,
,,,767.199992424E-9,119.9999973E-3,,,,,767.199992424E-9,439.999997616E-3,,,,,767.199992424E-9,29.20000076,
,,,767.599999563E-9,159.99999642E-3,,,,,767.599999563E-9,439.999997616E-3,,,,,767.599999563E-9,29.20000076,
,,,768.000006701E-9,159.99999642E-3,,,,,768.000006701E-9,479.999989271E-3,,,,,768.000006701E-9,29.20000076,
,,,768.400013840E-9,199.99998808E-3,,,,,768.400013840E-9,519.999980927E-3,,,,,768.400013840E-9,29.20000076,
,,,768.800020978E-9,199.99998808E-3,,,,,768.800020978E-9,519.999980927E-3,,,,,768.800020978E-9,29.20000076,
,,,769.200028117E-9,239.99999464E-3,,,,,769.200028117E-9,560.000002384E-3,,,,,769.200028117E-9,28.80000114,
,,,769.600035255E-9,280.00000119E-3,,,,,769.600035255E-9,599.999964237E-3,,,,,769.600035255E-9,28.80000114,
,,,769.999985550E-9,280.00000119E-3,,,,,769.999985550E-9,599.999964237E-3,,,,,769.999985550E-9,28.80000114,
,,,770.399992689E-9,319.99999285E-3,,,,,770.399992689E-9,639.999985695E-3,,,,,770.399992689E-9,28.80000114,
,,,770.799999827E-9,319.99999285E-3,,,,,770.799999827E-9,639.999985695E-3,,,,,770.799999827E-9,29.20000076,
,,,771.200006966E-9,319.99999285E-3,,,,,771.200006966E-9,680.000007153E-3,,,,,771.200006966E-9,29.20000076,
,,,771.600014104E-9,319.99999285E-3,,,,,771.600014104E-9,719.999969006E-3,,,,,771.600014104E-9,29.20000076,
,,,772.000021243E-9,280.00000119E-3,,,,,772.000021243E-9,719.999969006E-3,,,,,772.000021243E-9,29.20000076,
,,,772.400028382E-9,280.00000119E-3,,,,,772.400028382E-9,719.999969006E-3,,,,,772.400028382E-9,29.20000076,
,,,772.800035520E-9,199.99998808E-3,,,,,772.800035520E-9,719.999969006E-3,,,,,772.800035520E-9,28.80000114,
,,,773.199985815E-9,159.99999642E-3,,,,,773.199985815E-9,719.999969006E-3,,,,,773.199985815E-9,28.80000114,
,,,773.599992954E-9,119.9999973E-3,,,,,773.599992954E-9,719.999969006E-3,,,,,773.599992954E-9,28.80000114,
,,,774.000000092E-9,79.999998212E-3,,,,,774.000000092E-9,719.999969006E-3,,,,,774.000000092E-9,29.20000076,
,,,774.400007231E-9,79.999998212E-3,,,,,774.400007231E-9,759.999990463E-3,,,,,774.400007231E-9,29.20000076,
,,,774.800014369E-9,39.99999911E-3,,,,,774.800014369E-9,719.999969006E-3,,,,,774.800014369E-9,29.20000076,
,,,775.200021508E-9,0.0,,,,,775.200021508E-9,680.000007153E-3,,,,,775.200021508E-9,29.20000076,
,,,775.600028646E-9,0.0,,,,,775.600028646E-9,639.999985695E-3,,,,,775.600028646E-9,29.60000038,
,,,775.999978941E-9,0.0,,,,,775.999978941E-9,599.999964237E-3,,,,,775.999978941E-9,29.60000038,
,,,776.399986080E-9,39.99999911E-3,,,,,776.399986080E-9,560.000002384E-3,,,,,776.399986080E-9,30.00000000,
,,,776.799993218E-9,0.0,,,,,776.799993218E-9,560.000002384E-3,,,,,776.799993218E-9,30.00000000,
,,,777.200000357E-9,0.0,,,,,777.200000357E-9,560.000002384E-3,,,,,777.200000357E-9,30.39999962,
,,,777.600007495E-9,-39.99999911E-3,,,,,777.600007495E-9,560.000002384E-3,,,,,777.600007495E-9,30.39999962,
,,,778.000014634E-9,-39.99999911E-3,,,,,778.000014634E-9,560.000002384E-3,,,,,778.000014634E-9,30.39999962,
,,,778.400021773E-9,-39.99999911E-3,,,,,778.400021773E-9,560.000002384E-3,,,,,778.400021773E-9,30.39999962,
,,,778.800028911E-9,-39.99999911E-3,,,,,778.800028911E-9,519.999980927E-3,,,,,778.800028911E-9,30.39999962,
,,,779.199979206E-9,0.0,,,,,779.199979206E-9,519.999980927E-3,,,,,779.199979206E-9,30.39999962,
,,,779.599986345E-9,39.99999911E-3,,,,,779.599986345E-9,560.000002384E-3,,,,,779.599986345E-9,30.80000114,
,,,779.999993483E-9,39.99999911E-3,,,,,779.999993483E-9,599.999964237E-3,,,,,779.999993483E-9,30.80000114,
,,,780.400000622E-9,79.999998212E-3,,,,,780.400000622E-9,639.999985695E-3,,,,,780.400000622E-9,30.80000114,
,,,780.800007760E-9,79.999998212E-3,,,,,780.800007760E-9,639.999985695E-3,,,,,780.800007760E-9,30.80000114,
,,,781.200014899E-9,119.9999973E-3,,,,,781.200014899E-9,639.999985695E-3,,,,,781.200014899E-9,30.80000114,
,,,781.600022037E-9,159.99999642E-3,,,,,781.600022037E-9,639.999985695E-3,,,,,781.600022037E-9,30.39999962,
,,,782.000029176E-9,159.99999642E-3,,,,,782.000029176E-9,639.999985695E-3,,,,,782.000029176E-9,30.39999962,
,,,782.399979471E-9,199.99998808E-3,,,,,782.399979471E-9,680.000007153E-3,,,,,782.399979471E-9,30.39999962,
,,,782.799986609E-9,199.99998808E-3,,,,,782.799986609E-9,680.000007153E-3,,,,,782.799986609E-9,30.00000000,
,,,783.199993748E-9,199.99998808E-3,,,,,783.199993748E-9,680.000007153E-3,,,,,783.199993748E-9,30.00000000,
,,,783.600000887E-9,239.99999464E-3,,,,,783.600000887E-9,680.000007153E-3,,,,,783.600000887E-9,30.00000000,
,,,784.000008025E-9,239.99999464E-3,,,,,784.000008025E-9,639.999985695E-3,,,,,784.000008025E-9,30.00000000,
,,,784.400015164E-9,239.99999464E-3,,,,,784.400015164E-9,639.999985695E-3,,,,,784.400015164E-9,30.00000000,
,,,784.800022302E-9,199.99998808E-3,,,,,784.800022302E-9,599.999964237E-3,,,,,784.800022302E-9,30.00000000,
,,,785.200029441E-9,159.99999642E-3,,,,,785.200029441E-9,560.000002384E-3,,,,,785.200029441E-9,29.60000038,
,,,785.599979736E-9,119.9999973E-3,,,,,785.599979736E-9,560.000002384E-3,,,,,785.599979736E-9,29.60000038,
,,,785.999986874E-9,79.999998212E-3,,,,,785.999986874E-9,560.000002384E-3,,,,,785.999986874E-9,29.20000076,
,,,786.399994013E-9,79.999998212E-3,,,,,786.399994013E-9,560.000002384E-3,,,,,786.399994013E-9,29.20000076,
,,,786.800001151E-9,39.99999911E-3,,,,,786.800001151E-9,519.999980927E-3,,,,,786.800001151E-9,29.20000076,
,,,787.200008290E-9,0.0,,,,,787.200008290E-9,479.999989271E-3,,,,,787.200008290E-9,29.20000076,
,,,787.600015428E-9,0.0,,,,,787.600015428E-9,439.999997616E-3,,,,,787.600015428E-9,29.20000076,
,,,788.000022567E-9,0.0,,,,,788.000022567E-9,439.999997616E-3,,,,,788.000022567E-9,29.20000076,
,,,788.400029705E-9,0.0,,,,,788.400029705E-9,439.999997616E-3,,,,,788.400029705E-9,28.80000114,
,,,788.799980000E-9,-39.99999911E-3,,,,,788.799980000E-9,439.999997616E-3,,,,,788.799980000E-9,28.80000114,
,,,789.199987139E-9,0.0,,,,,789.199987139E-9,439.999997616E-3,,,,,789.199987139E-9,28.80000114,
,,,789.599994278E-9,0.0,,,,,789.599994278E-9,479.999989271E-3,,,,,789.599994278E-9,28.80000114,
,,,790.000001416E-9,39.99999911E-3,,,,,790.000001416E-9,479.999989271E-3,,,,,790.000001416E-9,28.39999962,
,,,790.400008555E-9,79.999998212E-3,,,,,790.400008555E-9,479.999989271E-3,,,,,790.400008555E-9,28.39999962,
,,,790.800015693E-9,119.9999973E-3,,,,,790.800015693E-9,439.999997616E-3,,,,,790.800015693E-9,28.39999962,
,,,791.200022832E-9,119.9999973E-3,,,,,791.200022832E-9,439.999997616E-3,,,,,791.200022832E-9,28.39999962,
,,,791.600029970E-9,159.99999642E-3,,,,,791.600029970E-9,479.999989271E-3,,,,,791.600029970E-9,28.39999962,
,,,791.999980265E-9,159.99999642E-3,,,,,791.999980265E-9,519.999980927E-3,,,,,791.999980265E-9,28.39999962,
,,,792.399987404E-9,159.99999642E-3,,,,,792.399987404E-9,599.999964237E-3,,,,,792.399987404E-9,28.39999962,
,,,792.799994542E-9,119.9999973E-3,,,,,792.799994542E-9,599.999964237E-3,,,,,792.799994542E-9,28.00000000,
,,,793.200001681E-9,119.9999973E-3,,,,,793.200001681E-9,639.999985695E-3,,,,,793.200001681E-9,28.00000000,
,,,793.600008819E-9,79.999998212E-3,,,,,793.600008819E-9,599.999964237E-3,,,,,793.600008819E-9,28.00000000,
,,,794.000015958E-9,79.999998212E-3,,,,,794.000015958E-9,599.999964237E-3,,,,,794.000015958E-9,28.39999962,
,,,794.400023096E-9,79.999998212E-3,,,,,794.400023096E-9,599.999964237E-3,,,,,794.400023096E-9,28.39999962,
,,,794.800030235E-9,79.999998212E-3,,,,,794.800030235E-9,599.999964237E-3,,,,,794.800030235E-9,28.80000114,
,,,795.199980530E-9,79.999998212E-3,,,,,795.199980530E-9,599.999964237E-3,,,,,795.199980530E-9,28.80000114,
,,,795.599987669E-9,39.99999911E-3,,,,,795.599987669E-9,639.999985695E-3,,,,,795.599987669E-9,29.20000076,
,,,795.999994807E-9,0.0,,,,,795.999994807E-9,599.999964237E-3,,,,,795.999994807E-9,29.60000038,
,,,796.400001946E-9,0.0,,,,,796.400001946E-9,599.999964237E-3,,,,,796.400001946E-9,29.60000038,
,,,796.800009084E-9,0.0,,,,,796.800009084E-9,560.000002384E-3,,,,,796.800009084E-9,30.00000000,
,,,797.200016223E-9,0.0,,,,,797.200016223E-9,560.000002384E-3,,,,,797.200016223E-9,30.00000000,
,,,797.600023361E-9,-39.99999911E-3,,,,,797.600023361E-9,560.000002384E-3,,,,,797.600023361E-9,30.39999962,
,,,798.000030500E-9,-39.99999911E-3,,,,,798.000030500E-9,560.000002384E-3,,,,,798.000030500E-9,30.39999962,
,,,798.399980795E-9,-39.99999911E-3,,,,,798.399980795E-9,560.000002384E-3,,,,,798.399980795E-9,30.39999962,
,,,798.799987933E-9,-79.999998212E-3,,,,,798.799987933E-9,519.999980927E-3,,,,,798.799987933E-9,30.39999962,
,,,799.199995072E-9,-39.99999911E-3,,,,,799.199995072E-9,479.999989271E-3,,,,,799.199995072E-9,30.39999962,
,,,799.600002210E-9,-39.99999911E-3,,,,,799.600002210E-9,439.999997616E-3,,,,,799.600002210E-9,30.39999962,
,,,800.000009349E-9,-39.99999911E-3,,,,,800.000009349E-9,439.999997616E-3,,,,,800.000009349E-9,30.39999962,
,,,800.400016487E-9,0.0,,,,,800.400016487E-9,479.999989271E-3,,,,,800.400016487E-9,30.39999962,
,,,800.800023626E-9,0.0,,,,,800.800023626E-9,479.999989271E-3,,,,,800.800023626E-9,30.39999962,
,,,801.200030764E-9,0.0,,,,,801.200030764E-9,519.999980927E-3,,,,,801.200030764E-9,30.39999962,
,,,801.599981060E-9,39.99999911E-3,,,,,801.599981060E-9,560.000002384E-3,,,,,801.599981060E-9,30.39999962,
,,,801.999988198E-9,79.999998212E-3,,,,,801.999988198E-9,560.000002384E-3,,,,,801.999988198E-9,30.39999962,
,,,802.399995337E-9,119.9999973E-3,,,,,802.399995337E-9,599.999964237E-3,,,,,802.399995337E-9,30.39999962,
,,,802.800002475E-9,119.9999973E-3,,,,,802.800002475E-9,599.999964237E-3,,,,,802.800002475E-9,30.00000000,
,,,803.200009614E-9,159.99999642E-3,,,,,803.200009614E-9,599.999964237E-3,,,,,803.200009614E-9,30.00000000,
,,,803.600016752E-9,159.99999642E-3,,,,,803.600016752E-9,560.000002384E-3,,,,,803.600016752E-9,29.60000038,
,,,804.000023891E-9,119.9999973E-3,,,,,804.000023891E-9,519.999980927E-3,,,,,804.000023891E-9,29.60000038,
,,,804.400031029E-9,119.9999973E-3,,,,,804.400031029E-9,519.999980927E-3,,,,,804.400031029E-9,29.20000076,
,,,804.799981324E-9,79.999998212E-3,,,,,804.799981324E-9,479.999989271E-3,,,,,804.799981324E-9,29.20000076,
,,,805.199988463E-9,79.999998212E-3,,,,,805.199988463E-9,479.999989271E-3,,,,,805.199988463E-9,29.20000076,
,,,805.599995601E-9,39.99999911E-3,,,,,805.599995601E-9,439.999997616E-3,,,,,805.599995601E-9,28.80000114,
,,,806.000002740E-9,39.99999911E-3,,,,,806.000002740E-9,399.99997616E-3,,,,,806.000002740E-9,28.80000114,
,,,806.400009878E-9,39.99999911E-3,,,,,806.400009878E-9,399.99997616E-3,,,,,806.400009878E-9,28.39999962,
,,,806.800017017E-9,0.0,,,,,806.800017017E-9,359.99998450E-3,,,,,806.800017017E-9,28.39999962,
,,,807.200024155E-9,0.0,,,,,807.200024155E-9,399.99997616E-3,,,,,807.200024155E-9,28.39999962,
,,,807.600031294E-9,-39.99999911E-3,,,,,807.600031294E-9,399.99997616E-3,,,,,807.600031294E-9,28.39999962,
,,,807.999981589E-9,-39.99999911E-3,,,,,807.999981589E-9,399.99997616E-3,,,,,807.999981589E-9,28.39999962,
,,,808.399988728E-9,-39.99999911E-3,,,,,808.399988728E-9,399.99997616E-3,,,,,808.399988728E-9,28.39999962,
,,,808.799995866E-9,-79.999998212E-3,,,,,808.799995866E-9,399.99997616E-3,,,,,808.799995866E-9,28.00000000,
,,,809.200003005E-9,-79.999998212E-3,,,,,809.200003005E-9,399.99997616E-3,,,,,809.200003005E-9,28.00000000,
,,,809.600010143E-9,-39.99999911E-3,,,,,809.600010143E-9,399.99997616E-3,,,,,809.600010143E-9,28.00000000,
,,,810.000017282E-9,0.0,,,,,810.000017282E-9,399.99997616E-3,,,,,810.000017282E-9,28.00000000,
,,,810.400024420E-9,39.99999911E-3,,,,,810.400024420E-9,439.999997616E-3,,,,,810.400024420E-9,28.00000000,
,,,810.800031559E-9,39.99999911E-3,,,,,810.800031559E-9,439.999997616E-3,,,,,810.800031559E-9,27.60000038,
,,,811.199981854E-9,39.99999911E-3,,,,,811.199981854E-9,479.999989271E-3,,,,,811.199981854E-9,27.60000038,
,,,811.599988992E-9,79.999998212E-3,,,,,811.599988992E-9,439.999997616E-3,,,,,811.599988992E-9,27.60000038,
,,,811.999996131E-9,119.9999973E-3,,,,,811.999996131E-9,439.999997616E-3,,,,,811.999996131E-9,27.60000038,
,,,812.400003269E-9,159.99999642E-3,,,,,812.400003269E-9,439.999997616E-3,,,,,812.400003269E-9,27.60000038,
,,,812.800010408E-9,159.99999642E-3,,,,,812.800010408E-9,399.99997616E-3,,,,,812.800010408E-9,27.60000038,
,,,813.200017546E-9,199.99998808E-3,,,,,813.200017546E-9,399.99997616E-3,,,,,813.200017546E-9,27.60000038,
,,,813.600024685E-9,199.99998808E-3,,,,,813.600024685E-9,439.999997616E-3,,,,,813.600024685E-9,27.60000038,
,,,814.000031824E-9,159.99999642E-3,,,,,814.000031824E-9,479.999989271E-3,,,,,814.000031824E-9,27.60000038,
,,,814.399982119E-9,159.99999642E-3,,,,,814.399982119E-9,519.999980927E-3,,,,,814.399982119E-9,27.60000038,
,,,814.799989257E-9,119.9999973E-3,,,,,814.799989257E-9,479.999989271E-3,,,,,814.799989257E-9,27.60000038,
,,,815.199996396E-9,119.9999973E-3,,,,,815.199996396E-9,439.999997616E-3,,,,,815.199996396E-9,27.60000038,
,,,815.600003534E-9,79.999998212E-3,,,,,815.600003534E-9,399.99997616E-3,,,,,815.600003534E-9,28.00000000,
,,,816.000010673E-9,79.999998212E-3,,,,,816.000010673E-9,359.99998450E-3,,,,,816.000010673E-9,28.00000000,
,,,816.400017811E-9,79.999998212E-3,,,,,816.400017811E-9,319.99999285E-3,,,,,816.400017811E-9,28.00000000,
,,,816.800024950E-9,39.99999911E-3,,,,,816.800024950E-9,280.00000119E-3,,,,,816.800024950E-9,28.39999962,
,,,817.200032088E-9,39.99999911E-3,,,,,817.200032088E-9,239.99999464E-3,,,,,817.200032088E-9,28.80000114,
,,,817.599982383E-9,0.0,,,,,817.599982383E-9,199.99998808E-3,,,,,817.599982383E-9,29.20000076,
,,,817.999989522E-9,0.0,,,,,817.999989522E-9,159.99999642E-3,,,,,817.999989522E-9,28.80000114,
,,,818.399996660E-9,0.0,,,,,818.399996660E-9,159.99999642E-3,,,,,818.399996660E-9,28.80000114,
,,,818.800003799E-9,-39.99999911E-3,,,,,818.800003799E-9,119.9999973E-3,,,,,818.800003799E-9,28.80000114,
,,,819.200010937E-9,-39.99999911E-3,,,,,819.200010937E-9,119.9999973E-3,,,,,819.200010937E-9,29.20000076,
,,,819.600018076E-9,-79.999998212E-3,,,,,819.600018076E-9,119.9999973E-3,,,,,819.600018076E-9,29.20000076,
,,,820.000025215E-9,-79.999998212E-3,,,,,820.000025215E-9,159.99999642E-3,,,,,820.000025215E-9,29.60000038,
,,,820.400032353E-9,-79.999998212E-3,,,,,820.400032353E-9,239.99999464E-3,,,,,820.400032353E-9,29.60000038,
,,,820.799982648E-9,-79.999998212E-3,,,,,820.799982648E-9,280.00000119E-3,,,,,820.799982648E-9,29.60000038,
,,,821.199989787E-9,-79.999998212E-3,,,,,821.199989787E-9,280.00000119E-3,,,,,821.199989787E-9,29.60000038,
,,,821.599996925E-9,-39.99999911E-3,,,,,821.599996925E-9,319.99999285E-3,,,,,821.599996925E-9,29.20000076,
,,,822.000004064E-9,0.0,,,,,822.000004064E-9,319.99999285E-3,,,,,822.000004064E-9,29.20000076,
,,,822.400011202E-9,79.999998212E-3,,,,,822.400011202E-9,359.99998450E-3,,,,,822.400011202E-9,29.20000076,
,,,822.800018341E-9,79.999998212E-3,,,,,822.800018341E-9,359.99998450E-3,,,,,822.800018341E-9,29.20000076,
,,,823.200025479E-9,119.9999973E-3,,,,,823.200025479E-9,399.99997616E-3,,,,,823.200025479E-9,29.20000076,
,,,823.600032618E-9,119.9999973E-3,,,,,823.600032618E-9,439.999997616E-3,,,,,823.600032618E-9,29.20000076,
,,,823.999982913E-9,119.9999973E-3,,,,,823.999982913E-9,479.999989271E-3,,,,,823.999982913E-9,28.80000114,
,,,824.399990051E-9,119.9999973E-3,,,,,824.399990051E-9,479.999989271E-3,,,,,824.399990051E-9,28.80000114,
,,,824.799997190E-9,79.999998212E-3,,,,,824.799997190E-9,439.999997616E-3,,,,,824.799997190E-9,28.39999962,
,,,825.200004329E-9,39.99999911E-3,,,,,825.200004329E-9,399.99997616E-3,,,,,825.200004329E-9,28.39999962,
,,,825.600011467E-9,39.99999911E-3,,,,,825.600011467E-9,359.99998450E-3,,,,,825.600011467E-9,28.80000114,
,,,826.000018606E-9,39.99999911E-3,,,,,826.000018606E-9,319.99999285E-3,,,,,826.000018606E-9,28.39999962,
,,,826.400025744E-9,39.99999911E-3,,,,,826.400025744E-9,319.99999285E-3,,,,,826.400025744E-9,28.39999962,
,,,826.800032883E-9,0.0,,,,,826.800032883E-9,280.00000119E-3,,,,,826.800032883E-9,28.39999962,
,,,827.199983178E-9,0.0,,,,,827.199983178E-9,239.99999464E-3,,,,,827.199983178E-9,28.39999962,
,,,827.599990316E-9,-39.99999911E-3,,,,,827.599990316E-9,199.99998808E-3,,,,,827.599990316E-9,28.39999962,
,,,827.999997455E-9,-39.99999911E-3,,,,,827.999997455E-9,159.99999642E-3,,,,,827.999997455E-9,28.39999962,
,,,828.400004593E-9,-39.99999911E-3,,,,,828.400004593E-9,159.99999642E-3,,,,,828.400004593E-9,28.80000114,
,,,828.800011732E-9,-79.999998212E-3,,,,,828.800011732E-9,119.9999973E-3,,,,,828.800011732E-9,28.80000114,
,,,829.200018870E-9,-39.99999911E-3,,,,,829.200018870E-9,79.999998212E-3,,,,,829.200018870E-9,28.39999962,
,,,829.600026009E-9,-39.99999911E-3,,,,,829.600026009E-9,39.99999911E-3,,,,,829.600026009E-9,28.39999962,
,,,830.000033147E-9,-39.99999911E-3,,,,,830.000033147E-9,0.0,,,,,830.000033147E-9,28.39999962,
,,,830.399983442E-9,0.0,,,,,830.399983442E-9,0.0,,,,,830.399983442E-9,28.39999962,
,,,830.799990581E-9,0.0,,,,,830.799990581E-9,0.0,,,,,830.799990581E-9,28.00000000,
,,,831.199997720E-9,0.0,,,,,831.199997720E-9,39.99999911E-3,,,,,831.199997720E-9,28.00000000,
,,,831.600004858E-9,39.99999911E-3,,,,,831.600004858E-9,79.999998212E-3,,,,,831.600004858E-9,27.60000038,
,,,832.000011997E-9,39.99999911E-3,,,,,832.000011997E-9,119.9999973E-3,,,,,832.000011997E-9,28.00000000,
,,,832.400019135E-9,79.999998212E-3,,,,,832.400019135E-9,159.99999642E-3,,,,,832.400019135E-9,28.00000000,
,,,832.800026274E-9,79.999998212E-3,,,,,832.800026274E-9,199.99998808E-3,,,,,832.800026274E-9,28.00000000,
,,,833.200033412E-9,119.9999973E-3,,,,,833.200033412E-9,199.99998808E-3,,,,,833.200033412E-9,28.00000000,
,,,833.599983707E-9,159.99999642E-3,,,,,833.599983707E-9,239.99999464E-3,,,,,833.599983707E-9,28.00000000,
,,,833.999990846E-9,159.99999642E-3,,,,,833.999990846E-9,239.99999464E-3,,,,,833.999990846E-9,28.00000000,
,,,834.399997984E-9,159.99999642E-3,,,,,834.399997984E-9,239.99999464E-3,,,,,834.399997984E-9,28.00000000,
,,,834.800005123E-9,159.99999642E-3,,,,,834.800005123E-9,239.99999464E-3,,,,,834.800005123E-9,28.00000000,
,,,835.200012261E-9,159.99999642E-3,,,,,835.200012261E-9,239.99999464E-3,,,,,835.200012261E-9,28.00000000,
,,,835.600019400E-9,159.99999642E-3,,,,,835.600019400E-9,280.00000119E-3,,,,,835.600019400E-9,28.00000000,
,,,836.000026538E-9,159.99999642E-3,,,,,836.000026538E-9,280.00000119E-3,,,,,836.000026538E-9,28.00000000,
,,,836.400033677E-9,159.99999642E-3,,,,,836.400033677E-9,319.99999285E-3,,,,,836.400033677E-9,28.00000000,
,,,836.799983972E-9,79.999998212E-3,,,,,836.799983972E-9,280.00000119E-3,,,,,836.799983972E-9,28.39999962,
,,,837.199991111E-9,39.99999911E-3,,,,,837.199991111E-9,239.99999464E-3,,,,,837.199991111E-9,28.39999962,
,,,837.599998249E-9,0.0,,,,,837.599998249E-9,199.99998808E-3,,,,,837.599998249E-9,28.39999962,
,,,838.000005388E-9,0.0,,,,,838.000005388E-9,199.99998808E-3,,,,,838.000005388E-9,28.39999962,
,,,838.400012526E-9,0.0,,,,,838.400012526E-9,199.99998808E-3,,,,,838.400012526E-9,28.39999962,
,,,838.800019665E-9,-39.99999911E-3,,,,,838.800019665E-9,159.99999642E-3,,,,,838.800019665E-9,28.39999962,
,,,839.200026803E-9,-39.99999911E-3,,,,,839.200026803E-9,159.99999642E-3,,,,,839.200026803E-9,28.39999962,
,,,839.600033942E-9,-79.999998212E-3,,,,,839.600033942E-9,119.9999973E-3,,,,,839.600033942E-9,28.39999962,
,,,839.999984237E-9,-79.999998212E-3,,,,,839.999984237E-9,119.9999973E-3,,,,,839.999984237E-9,28.39999962,
,,,840.399991375E-9,-39.99999911E-3,,,,,840.399991375E-9,119.9999973E-3,,,,,840.399991375E-9,28.39999962,
,,,840.799998514E-9,-39.99999911E-3,,,,,840.799998514E-9,119.9999973E-3,,,,,840.799998514E-9,28.00000000,
,,,841.200005652E-9,0.0,,,,,841.200005652E-9,119.9999973E-3,,,,,841.200005652E-9,28.00000000,
,,,841.600012791E-9,39.99999911E-3,,,,,841.600012791E-9,159.99999642E-3,,,,,841.600012791E-9,27.60000038,
,,,842.000019929E-9,39.99999911E-3,,,,,842.000019929E-9,199.99998808E-3,,,,,842.000019929E-9,27.60000038,
,,,842.400027068E-9,79.999998212E-3,,,,,842.400027068E-9,239.99999464E-3,,,,,842.400027068E-9,27.60000038,
,,,842.800034206E-9,79.999998212E-3,,,,,842.800034206E-9,239.99999464E-3,,,,,842.800034206E-9,27.60000038,
,,,843.199984502E-9,79.999998212E-3,,,,,843.199984502E-9,280.00000119E-3,,,,,843.199984502E-9,27.60000038,
,,,843.599991640E-9,79.999998212E-3,,,,,843.599991640E-9,280.00000119E-3,,,,,843.599991640E-9,28.00000000,
,,,843.999998779E-9,79.999998212E-3,,,,,843.999998779E-9,280.00000119E-3,,,,,843.999998779E-9,28.00000000,
,,,844.400005917E-9,119.9999973E-3,,,,,844.400005917E-9,280.00000119E-3,,,,,844.400005917E-9,28.00000000,
,,,844.800013056E-9,79.999998212E-3,,,,,844.800013056E-9,239.99999464E-3,,,,,844.800013056E-9,28.39999962,
,,,845.200020194E-9,79.999998212E-3,,,,,845.200020194E-9,199.99998808E-3,,,,,845.200020194E-9,28.39999962,
,,,845.600027333E-9,39.99999911E-3,,,,,845.600027333E-9,159.99999642E-3,,,,,845.600027333E-9,28.39999962,
,,,846.000034471E-9,39.99999911E-3,,,,,846.000034471E-9,159.99999642E-3,,,,,846.000034471E-9,28.39999962,
,,,846.399984766E-9,39.99999911E-3,,,,,846.399984766E-9,159.99999642E-3,,,,,846.399984766E-9,28.39999962,
,,,846.799991905E-9,0.0,,,,,846.799991905E-9,79.999998212E-3,,,,,846.799991905E-9,28.80000114,
,,,847.199999043E-9,0.0,,,,,847.199999043E-9,39.99999911E-3,,,,,847.199999043E-9,28.80000114,
,,,847.600006182E-9,0.0,,,,,847.600006182E-9,0.0,,,,,847.600006182E-9,28.80000114,
,,,848.000013320E-9,0.0,,,,,848.000013320E-9,-39.99999911E-3,,,,,848.000013320E-9,29.20000076,
,,,848.400020459E-9,0.0,,,,,848.400020459E-9,-39.99999911E-3,,,,,848.400020459E-9,29.20000076,
,,,848.800027597E-9,-39.99999911E-3,,,,,848.800027597E-9,-79.999998212E-3,,,,,848.800027597E-9,29.20000076,
,,,849.200034736E-9,-79.999998212E-3,,,,,849.200034736E-9,-79.999998212E-3,,,,,849.200034736E-9,29.20000076,
,,,849.599985031E-9,-119.9999973E-3,,,,,849.599985031E-9,-79.999998212E-3,,,,,849.599985031E-9,28.80000114,
,,,849.999992170E-9,-119.9999973E-3,,,,,849.999992170E-9,-79.999998212E-3,,,,,849.999992170E-9,28.80000114,
,,,850.399999308E-9,-79.999998212E-3,,,,,850.399999308E-9,-39.99999911E-3,,,,,850.399999308E-9,28.80000114,
,,,850.800006447E-9,-79.999998212E-3,,,,,850.800006447E-9,0.0,,,,,850.800006447E-9,28.39999962,
,,,851.200013585E-9,-79.999998212E-3,,,,,851.200013585E-9,79.999998212E-3,,,,,851.200013585E-9,28.39999962,
,,,851.600020724E-9,-39.99999911E-3,,,,,851.600020724E-9,119.9999973E-3,,,,,851.600020724E-9,28.39999962,
,,,852.000027862E-9,0.0,,,,,852.000027862E-9,159.99999642E-3,,,,,852.000027862E-9,28.00000000,
,,,852.400035001E-9,39.99999911E-3,,,,,852.400035001E-9,199.99998808E-3,,,,,852.400035001E-9,28.00000000,
,,,852.799985296E-9,39.99999911E-3,,,,,852.799985296E-9,199.99998808E-3,,,,,852.799985296E-9,27.60000038,
,,,853.199992434E-9,39.99999911E-3,,,,,853.199992434E-9,199.99998808E-3,,,,,853.199992434E-9,27.60000038,
,,,853.599999573E-9,39.99999911E-3,,,,,853.599999573E-9,239.99999464E-3,,,,,853.599999573E-9,27.60000038,
,,,854.000006711E-9,39.99999911E-3,,,,,854.000006711E-9,280.00000119E-3,,,,,854.000006711E-9,27.60000038,
,,,854.400013850E-9,79.999998212E-3,,,,,854.400013850E-9,359.99998450E-3,,,,,854.400013850E-9,27.20000076,
,,,854.800020988E-9,79.999998212E-3,,,,,854.800020988E-9,399.99997616E-3,,,,,854.800020988E-9,26.80000114,
,,,855.200028127E-9,79.999998212E-3,,,,,855.200028127E-9,399.99997616E-3,,,,,855.200028127E-9,26.80000114,
,,,855.600035266E-9,79.999998212E-3,,,,,855.600035266E-9,439.999997616E-3,,,,,855.600035266E-9,26.39999962,
,,,855.999985561E-9,39.99999911E-3,,,,,855.999985561E-9,399.99997616E-3,,,,,855.999985561E-9,26.39999962,
,,,856.399992699E-9,39.99999911E-3,,,,,856.399992699E-9,399.99997616E-3,,,,,856.399992699E-9,26.39999962,
,,,856.799999838E-9,0.0,,,,,856.799999838E-9,319.99999285E-3,,,,,856.799999838E-9,26.39999962,
,,,857.200006976E-9,-39.99999911E-3,,,,,857.200006976E-9,280.00000119E-3,,,,,857.200006976E-9,26.39999962,
,,,857.600014115E-9,-79.999998212E-3,,,,,857.600014115E-9,239.99999464E-3,,,,,857.600014115E-9,26.39999962,
,,,858.000021253E-9,-119.9999973E-3,,,,,858.000021253E-9,199.99998808E-3,,,,,858.000021253E-9,26.39999962,
,,,858.400028392E-9,-119.9999973E-3,,,,,858.400028392E-9,199.99998808E-3,,,,,858.400028392E-9,26.39999962,
,,,858.800035530E-9,-159.99999642E-3,,,,,858.800035530E-9,159.99999642E-3,,,,,858.800035530E-9,26.39999962,
,,,859.199985825E-9,-159.99999642E-3,,,,,859.199985825E-9,119.9999973E-3,,,,,859.199985825E-9,26.80000114,
,,,859.599992964E-9,-159.99999642E-3,,,,,859.599992964E-9,79.999998212E-3,,,,,859.599992964E-9,27.20000076,
,,,860.000000102E-9,-119.9999973E-3,,,,,860.000000102E-9,79.999998212E-3,,,,,860.000000102E-9,27.20000076,
,,,860.400007241E-9,-79.999998212E-3,,,,,860.400007241E-9,79.999998212E-3,,,,,860.400007241E-9,27.20000076,
,,,860.800014379E-9,-79.999998212E-3,,,,,860.800014379E-9,39.99999911E-3,,,,,860.800014379E-9,27.60000038,
,,,861.200021518E-9,-79.999998212E-3,,,,,861.200021518E-9,39.99999911E-3,,,,,861.200021518E-9,27.20000076,
,,,861.600028657E-9,-39.99999911E-3,,,,,861.600028657E-9,79.999998212E-3,,,,,861.600028657E-9,27.20000076,
,,,862.000035795E-9,0.0,,,,,862.000035795E-9,119.9999973E-3,,,,,862.000035795E-9,27.20000076,
,,,862.399986090E-9,79.999998212E-3,,,,,862.399986090E-9,159.99999642E-3,,,,,862.399986090E-9,27.20000076,
,,,862.799993229E-9,79.999998212E-3,,,,,862.799993229E-9,159.99999642E-3,,,,,862.799993229E-9,27.60000038,
,,,863.200000367E-9,119.9999973E-3,,,,,863.200000367E-9,199.99998808E-3,,,,,863.200000367E-9,27.60000038,
,,,863.600007506E-9,119.9999973E-3,,,,,863.600007506E-9,239.99999464E-3,,,,,863.600007506E-9,27.60000038,
,,,864.000014644E-9,119.9999973E-3,,,,,864.000014644E-9,280.00000119E-3,,,,,864.000014644E-9,27.60000038,
,,,864.400021783E-9,159.99999642E-3,,,,,864.400021783E-9,319.99999285E-3,,,,,864.400021783E-9,27.60000038,
,,,864.800028921E-9,119.9999973E-3,,,,,864.800028921E-9,359.99998450E-3,,,,,864.800028921E-9,27.60000038,
,,,865.200036060E-9,119.9999973E-3,,,,,865.200036060E-9,359.99998450E-3,,,,,865.200036060E-9,27.60000038,
,,,865.599986355E-9,79.999998212E-3,,,,,865.599986355E-9,399.99997616E-3,,,,,865.599986355E-9,27.60000038,
,,,865.999993493E-9,39.99999911E-3,,,,,865.999993493E-9,399.99997616E-3,,,,,865.999993493E-9,27.60000038,
,,,866.400000632E-9,39.99999911E-3,,,,,866.400000632E-9,399.99997616E-3,,,,,866.400000632E-9,27.60000038,
,,,866.800007771E-9,39.99999911E-3,,,,,866.800007771E-9,359.99998450E-3,,,,,866.800007771E-9,27.60000038,
,,,867.200014909E-9,39.99999911E-3,,,,,867.200014909E-9,280.00000119E-3,,,,,867.200014909E-9,27.60000038,
,,,867.600022048E-9,0.0,,,,,867.600022048E-9,239.99999464E-3,,,,,867.600022048E-9,27.60000038,
,,,868.000029186E-9,0.0,,,,,868.000029186E-9,199.99998808E-3,,,,,868.000029186E-9,27.20000076,
,,,868.400036325E-9,-39.99999911E-3,,,,,868.400036325E-9,199.99998808E-3,,,,,868.400036325E-9,27.20000076,
,,,868.799986620E-9,-79.999998212E-3,,,,,868.799986620E-9,159.99999642E-3,,,,,868.799986620E-9,27.20000076,
,,,869.199993758E-9,-119.9999973E-3,,,,,869.199993758E-9,159.99999642E-3,,,,,869.199993758E-9,26.80000114,
,,,869.600000897E-9,-119.9999973E-3,,,,,869.600000897E-9,119.9999973E-3,,,,,869.600000897E-9,26.80000114,
,,,870.000008035E-9,-119.9999973E-3,,,,,870.000008035E-9,79.999998212E-3,,,,,870.000008035E-9,26.80000114,
,,,870.400015174E-9,-119.9999973E-3,,,,,870.400015174E-9,79.999998212E-3,,,,,870.400015174E-9,26.80000114,
,,,870.800022312E-9,-159.99999642E-3,,,,,870.800022312E-9,79.999998212E-3,,,,,870.800022312E-9,26.80000114,
,,,871.200029451E-9,-119.9999973E-3,,,,,871.200029451E-9,79.999998212E-3,,,,,871.200029451E-9,26.80000114,
,,,871.600036589E-9,-119.9999973E-3,,,,,871.600036589E-9,119.9999973E-3,,,,,871.600036589E-9,26.39999962,
,,,871.999986884E-9,-79.999998212E-3,,,,,871.999986884E-9,119.9999973E-3,,,,,871.999986884E-9,26.39999962,
,,,872.399994023E-9,-39.99999911E-3,,,,,872.399994023E-9,119.9999973E-3,,,,,872.399994023E-9,26.00000000,
,,,872.800001162E-9,-39.99999911E-3,,,,,872.800001162E-9,119.9999973E-3,,,,,872.800001162E-9,26.00000000,
,,,873.200008300E-9,0.0,,,,,873.200008300E-9,159.99999642E-3,,,,,873.200008300E-9,26.00000000,
,,,873.600015439E-9,39.99999911E-3,,,,,873.600015439E-9,199.99998808E-3,,,,,873.600015439E-9,26.00000000,
,,,874.000022577E-9,39.99999911E-3,,,,,874.000022577E-9,239.99999464E-3,,,,,874.000022577E-9,26.00000000,
,,,874.400029716E-9,79.999998212E-3,,,,,874.400029716E-9,280.00000119E-3,,,,,874.400029716E-9,26.00000000,
,,,874.800036854E-9,39.99999911E-3,,,,,874.800036854E-9,280.00000119E-3,,,,,874.800036854E-9,25.60000038,
,,,875.199987149E-9,39.99999911E-3,,,,,875.199987149E-9,280.00000119E-3,,,,,875.199987149E-9,25.60000038,
,,,875.599994288E-9,0.0,,,,,875.599994288E-9,280.00000119E-3,,,,,875.599994288E-9,25.60000038,
,,,876.000001426E-9,0.0,,,,,876.000001426E-9,280.00000119E-3,,,,,876.000001426E-9,25.60000038,
,,,876.400008565E-9,0.0,,,,,876.400008565E-9,280.00000119E-3,,,,,876.400008565E-9,25.60000038,
,,,876.800015703E-9,-39.99999911E-3,,,,,876.800015703E-9,280.00000119E-3,,,,,876.800015703E-9,26.00000000,
,,,877.200022842E-9,-39.99999911E-3,,,,,877.200022842E-9,280.00000119E-3,,,,,877.200022842E-9,26.00000000,
,,,877.600029980E-9,-39.99999911E-3,,,,,877.600029980E-9,239.99999464E-3,,,,,877.600029980E-9,26.39999962,
,,,877.999980275E-9,-39.99999911E-3,,,,,877.999980275E-9,239.99999464E-3,,,,,877.999980275E-9,26.39999962,
,,,878.399987414E-9,-39.99999911E-3,,,,,878.399987414E-9,239.99999464E-3,,,,,878.399987414E-9,26.39999962,
,,,878.799994553E-9,-79.999998212E-3,,,,,878.799994553E-9,199.99998808E-3,,,,,878.799994553E-9,26.39999962,
,,,879.200001691E-9,-79.999998212E-3,,,,,879.200001691E-9,239.99999464E-3,,,,,879.200001691E-9,26.39999962,
,,,879.600008830E-9,-79.999998212E-3,,,,,879.600008830E-9,239.99999464E-3,,,,,879.600008830E-9,26.39999962,
,,,880.000015968E-9,-79.999998212E-3,,,,,880.000015968E-9,239.99999464E-3,,,,,880.000015968E-9,26.39999962,
,,,880.400023107E-9,-39.99999911E-3,,,,,880.400023107E-9,280.00000119E-3,,,,,880.400023107E-9,26.39999962,
,,,880.800030245E-9,-39.99999911E-3,,,,,880.800030245E-9,280.00000119E-3,,,,,880.800030245E-9,26.80000114,
,,,881.199980540E-9,-39.99999911E-3,,,,,881.199980540E-9,319.99999285E-3,,,,,881.199980540E-9,26.80000114,
,,,881.599987679E-9,-39.99999911E-3,,,,,881.599987679E-9,280.00000119E-3,,,,,881.599987679E-9,26.80000114,
,,,881.999994817E-9,-79.999998212E-3,,,,,881.999994817E-9,280.00000119E-3,,,,,881.999994817E-9,26.39999962,
,,,882.400001956E-9,-39.99999911E-3,,,,,882.400001956E-9,280.00000119E-3,,,,,882.400001956E-9,26.39999962,
,,,882.800009094E-9,-39.99999911E-3,,,,,882.800009094E-9,280.00000119E-3,,,,,882.800009094E-9,26.39999962,
,,,883.200016233E-9,0.0,,,,,883.200016233E-9,280.00000119E-3,,,,,883.200016233E-9,26.39999962,
,,,883.600023371E-9,39.99999911E-3,,,,,883.600023371E-9,319.99999285E-3,,,,,883.600023371E-9,26.39999962,
,,,884.000030510E-9,39.99999911E-3,,,,,884.000030510E-9,319.99999285E-3,,,,,884.000030510E-9,26.00000000,
,,,884.399980805E-9,79.999998212E-3,,,,,884.399980805E-9,319.99999285E-3,,,,,884.399980805E-9,26.00000000,
,,,884.799987944E-9,79.999998212E-3,,,,,884.799987944E-9,280.00000119E-3,,,,,884.799987944E-9,26.00000000,
,,,885.199995082E-9,79.999998212E-3,,,,,885.199995082E-9,280.00000119E-3,,,,,885.199995082E-9,26.39999962,
,,,885.600002221E-9,79.999998212E-3,,,,,885.600002221E-9,280.00000119E-3,,,,,885.600002221E-9,26.39999962,
,,,886.000009359E-9,79.999998212E-3,,,,,886.000009359E-9,280.00000119E-3,,,,,886.000009359E-9,26.39999962,
,,,886.400016498E-9,79.999998212E-3,,,,,886.400016498E-9,319.99999285E-3,,,,,886.400016498E-9,26.39999962,
,,,886.800023636E-9,39.99999911E-3,,,,,886.800023636E-9,319.99999285E-3,,,,,886.800023636E-9,26.00000000,
,,,887.200030775E-9,0.0,,,,,887.200030775E-9,319.99999285E-3,,,,,887.200030775E-9,26.00000000,
,,,887.599981070E-9,-39.99999911E-3,,,,,887.599981070E-9,280.00000119E-3,,,,,887.599981070E-9,26.00000000,
,,,887.999988208E-9,-39.99999911E-3,,,,,887.999988208E-9,280.00000119E-3,,,,,887.999988208E-9,26.00000000,
,,,888.399995347E-9,-39.99999911E-3,,,,,888.399995347E-9,239.99999464E-3,,,,,888.399995347E-9,26.00000000,
,,,888.800002485E-9,-79.999998212E-3,,,,,888.800002485E-9,199.99998808E-3,,,,,888.800002485E-9,26.00000000,
,,,889.200009624E-9,-79.999998212E-3,,,,,889.200009624E-9,159.99999642E-3,,,,,889.200009624E-9,26.00000000,
,,,889.600016762E-9,-119.9999973E-3,,,,,889.600016762E-9,119.9999973E-3,,,,,889.600016762E-9,26.00000000,
,,,890.000023901E-9,-119.9999973E-3,,,,,890.000023901E-9,119.9999973E-3,,,,,890.000023901E-9,26.00000000,
,,,890.400031039E-9,-79.999998212E-3,,,,,890.400031039E-9,119.9999973E-3,,,,,890.400031039E-9,26.39999962,
,,,890.799981335E-9,-79.999998212E-3,,,,,890.799981335E-9,79.999998212E-3,,,,,890.799981335E-9,26.39999962,
,,,891.199988473E-9,-39.99999911E-3,,,,,891.199988473E-9,119.9999973E-3,,,,,891.199988473E-9,26.00000000,
,,,891.599995612E-9,0.0,,,,,891.599995612E-9,119.9999973E-3,,,,,891.599995612E-9,26.00000000,
,,,892.000002750E-9,0.0,,,,,892.000002750E-9,119.9999973E-3,,,,,892.000002750E-9,26.00000000,
,,,892.400009889E-9,0.0,,,,,892.400009889E-9,159.99999642E-3,,,,,892.400009889E-9,26.00000000,
,,,892.800017027E-9,0.0,,,,,892.800017027E-9,159.99999642E-3,,,,,892.800017027E-9,26.00000000,
,,,893.200024166E-9,0.0,,,,,893.200024166E-9,159.99999642E-3,,,,,893.200024166E-9,26.00000000,
,,,893.600031304E-9,39.99999911E-3,,,,,893.600031304E-9,159.99999642E-3,,,,,893.600031304E-9,25.60000038,
,,,893.999981599E-9,39.99999911E-3,,,,,893.999981599E-9,159.99999642E-3,,,,,893.999981599E-9,25.60000038,
,,,894.399988738E-9,39.99999911E-3,,,,,894.399988738E-9,199.99998808E-3,,,,,894.399988738E-9,25.60000038,
,,,894.799995876E-9,39.99999911E-3,,,,,894.799995876E-9,199.99998808E-3,,,,,894.799995876E-9,25.60000038,
,,,895.200003015E-9,39.99999911E-3,,,,,895.200003015E-9,199.99998808E-3,,,,,895.200003015E-9,25.60000038,
,,,895.600010153E-9,0.0,,,,,895.600010153E-9,159.99999642E-3,,,,,895.600010153E-9,25.60000038,
,,,896.000017292E-9,0.0,,,,,896.000017292E-9,159.99999642E-3,,,,,896.000017292E-9,26.00000000,
,,,896.400024430E-9,0.0,,,,,896.400024430E-9,159.99999642E-3,,,,,896.400024430E-9,26.00000000,
,,,896.800031569E-9,-39.99999911E-3,,,,,896.800031569E-9,119.9999973E-3,,,,,896.800031569E-9,26.00000000,
,,,897.199981864E-9,-39.99999911E-3,,,,,897.199981864E-9,159.99999642E-3,,,,,897.199981864E-9,26.00000000,
,,,897.599989003E-9,-39.99999911E-3,,,,,897.599989003E-9,159.99999642E-3,,,,,897.599989003E-9,26.00000000,
,,,897.999996141E-9,-39.99999911E-3,,,,,897.999996141E-9,159.99999642E-3,,,,,897.999996141E-9,26.00000000,
,,,898.400003280E-9,0.0,,,,,898.400003280E-9,199.99998808E-3,,,,,898.400003280E-9,26.00000000,
,,,898.800010418E-9,-39.99999911E-3,,,,,898.800010418E-9,199.99998808E-3,,,,,898.800010418E-9,26.00000000,
,,,899.200017557E-9,-39.99999911E-3,,,,,899.200017557E-9,239.99999464E-3,,,,,899.200017557E-9,26.00000000,
,,,899.600024695E-9,-39.99999911E-3,,,,,899.600024695E-9,239.99999464E-3,,,,,899.600024695E-9,26.00000000,
,,,900.000031834E-9,-39.99999911E-3,,,,,900.000031834E-9,199.99998808E-3,,,,,900.000031834E-9,26.00000000,
,,,900.399982129E-9,0.0,,,,,900.399982129E-9,199.99998808E-3,,,,,900.399982129E-9,26.00000000,
,,,900.799989267E-9,0.0,,,,,900.799989267E-9,159.99999642E-3,,,,,900.799989267E-9,26.00000000,
,,,901.199996406E-9,0.0,,,,,901.199996406E-9,159.99999642E-3,,,,,901.199996406E-9,26.00000000,
,,,901.600003544E-9,0.0,,,,,901.600003544E-9,119.9999973E-3,,,,,901.600003544E-9,26.00000000,
,,,902.000010683E-9,0.0,,,,,902.000010683E-9,119.9999973E-3,,,,,902.000010683E-9,26.00000000,
,,,902.400017821E-9,0.0,,,,,902.400017821E-9,119.9999973E-3,,,,,902.400017821E-9,26.00000000,
,,,902.800024960E-9,0.0,,,,,902.800024960E-9,119.9999973E-3,,,,,902.800024960E-9,26.00000000,
,,,903.200032099E-9,0.0,,,,,903.200032099E-9,119.9999973E-3,,,,,903.200032099E-9,26.00000000,
,,,903.599982394E-9,39.99999911E-3,,,,,903.599982394E-9,119.9999973E-3,,,,,903.599982394E-9,26.00000000,
,,,903.999989532E-9,39.99999911E-3,,,,,903.999989532E-9,119.9999973E-3,,,,,903.999989532E-9,26.00000000,
,,,904.399996671E-9,39.99999911E-3,,,,,904.399996671E-9,119.9999973E-3,,,,,904.399996671E-9,26.00000000,
,,,904.800003809E-9,0.0,,,,,904.800003809E-9,79.999998212E-3,,,,,904.800003809E-9,25.60000038,
,,,905.200010948E-9,0.0,,,,,905.200010948E-9,39.99999911E-3,,,,,905.200010948E-9,25.60000038,
,,,905.600018086E-9,0.0,,,,,905.600018086E-9,0.0,,,,,905.600018086E-9,26.00000000,
,,,906.000025225E-9,0.0,,,,,906.000025225E-9,0.0,,,,,906.000025225E-9,26.00000000,
,,,906.400032363E-9,39.99999911E-3,,,,,906.400032363E-9,0.0,,,,,906.400032363E-9,26.00000000,
,,,906.799982658E-9,0.0,,,,,906.799982658E-9,0.0,,,,,906.799982658E-9,26.00000000,
,,,907.199989797E-9,0.0,,,,,907.199989797E-9,0.0,,,,,907.199989797E-9,26.00000000,
,,,907.599996935E-9,-39.99999911E-3,,,,,907.599996935E-9,39.99999911E-3,,,,,907.599996935E-9,26.00000000,
,,,908.000004074E-9,-39.99999911E-3,,,,,908.000004074E-9,39.99999911E-3,,,,,908.000004074E-9,26.39999962,
,,,908.400011213E-9,0.0,,,,,908.400011213E-9,39.99999911E-3,,,,,908.400011213E-9,26.39999962,
,,,908.800018351E-9,0.0,,,,,908.800018351E-9,0.0,,,,,908.800018351E-9,26.39999962,
,,,909.200025490E-9,39.99999911E-3,,,,,909.200025490E-9,39.99999911E-3,,,,,909.200025490E-9,26.39999962,
,,,909.600032628E-9,79.999998212E-3,,,,,909.600032628E-9,39.99999911E-3,,,,,909.600032628E-9,26.39999962,
,,,909.999982923E-9,39.99999911E-3,,,,,909.999982923E-9,79.999998212E-3,,,,,909.999982923E-9,26.39999962,
,,,910.399990062E-9,39.99999911E-3,,,,,910.399990062E-9,119.9999973E-3,,,,,910.399990062E-9,26.39999962,
,,,910.799997200E-9,39.99999911E-3,,,,,910.799997200E-9,119.9999973E-3,,,,,910.799997200E-9,26.39999962,
,,,911.200004339E-9,39.99999911E-3,,,,,911.200004339E-9,159.99999642E-3,,,,,911.200004339E-9,26.00000000,
,,,911.600011477E-9,39.99999911E-3,,,,,911.600011477E-9,159.99999642E-3,,,,,911.600011477E-9,26.00000000,
,,,912.000018616E-9,39.99999911E-3,,,,,912.000018616E-9,159.99999642E-3,,,,,912.000018616E-9,25.60000038,
,,,912.400025754E-9,39.99999911E-3,,,,,912.400025754E-9,159.99999642E-3,,,,,912.400025754E-9,25.60000038,
,,,912.800032893E-9,39.99999911E-3,,,,,912.800032893E-9,119.9999973E-3,,,,,912.800032893E-9,25.60000038,
,,,913.199983188E-9,39.99999911E-3,,,,,913.199983188E-9,119.9999973E-3,,,,,913.199983188E-9,25.60000038,
,,,913.599990326E-9,39.99999911E-3,,,,,913.599990326E-9,79.999998212E-3,,,,,913.599990326E-9,25.60000038,
,,,913.999997465E-9,39.99999911E-3,,,,,913.999997465E-9,79.999998212E-3,,,,,913.999997465E-9,25.60000038,
,,,914.400004604E-9,39.99999911E-3,,,,,914.400004604E-9,79.999998212E-3,,,,,914.400004604E-9,25.60000038,
,,,914.800011742E-9,0.0,,,,,914.800011742E-9,39.99999911E-3,,,,,914.800011742E-9,25.60000038,
,,,915.200018881E-9,0.0,,,,,915.200018881E-9,39.99999911E-3,,,,,915.200018881E-9,25.60000038,
,,,915.600026019E-9,-39.99999911E-3,,,,,915.600026019E-9,0.0,,,,,915.600026019E-9,25.20000076,
,,,916.000033158E-9,-39.99999911E-3,,,,,916.000033158E-9,0.0,,,,,916.000033158E-9,25.60000038,
,,,916.399983453E-9,-39.99999911E-3,,,,,916.399983453E-9,0.0,,,,,916.399983453E-9,25.60000038,
,,,916.799990591E-9,-39.99999911E-3,,,,,916.799990591E-9,-39.99999911E-3,,,,,916.799990591E-9,25.60000038,
,,,917.199997730E-9,-39.99999911E-3,,,,,917.199997730E-9,-39.99999911E-3,,,,,917.199997730E-9,25.60000038,
,,,917.600004868E-9,0.0,,,,,917.600004868E-9,-39.99999911E-3,,,,,917.600004868E-9,25.60000038,
,,,918.000012007E-9,0.0,,,,,918.000012007E-9,-39.99999911E-3,,,,,918.000012007E-9,25.60000038,
,,,918.400019145E-9,0.0,,,,,918.400019145E-9,-39.99999911E-3,,,,,918.400019145E-9,25.20000076,
,,,918.800026284E-9,0.0,,,,,918.800026284E-9,-39.99999911E-3,,,,,918.800026284E-9,25.60000038,
,,,919.200033422E-9,0.0,,,,,919.200033422E-9,-39.99999911E-3,,,,,919.200033422E-9,25.60000038,
,,,919.599983717E-9,0.0,,,,,919.599983717E-9,-39.99999911E-3,,,,,919.599983717E-9,25.60000038,
,,,919.999990856E-9,0.0,,,,,919.999990856E-9,-39.99999911E-3,,,,,919.999990856E-9,26.00000000,
,,,920.399997995E-9,0.0,,,,,920.399997995E-9,0.0,,,,,920.399997995E-9,26.00000000,
,,,920.800005133E-9,0.0,,,,,920.800005133E-9,0.0,,,,,920.800005133E-9,26.00000000,
,,,921.200012272E-9,0.0,,,,,921.200012272E-9,0.0,,,,,921.200012272E-9,26.00000000,
,,,921.600019410E-9,39.99999911E-3,,,,,921.600019410E-9,0.0,,,,,921.600019410E-9,26.00000000,
,,,922.000026549E-9,39.99999911E-3,,,,,922.000026549E-9,0.0,,,,,922.000026549E-9,26.00000000,
,,,922.400033687E-9,39.99999911E-3,,,,,922.400033687E-9,39.99999911E-3,,,,,922.400033687E-9,26.00000000,
,,,922.799983982E-9,39.99999911E-3,,,,,922.799983982E-9,39.99999911E-3,,,,,922.799983982E-9,26.00000000,
,,,923.199991121E-9,39.99999911E-3,,,,,923.199991121E-9,79.999998212E-3,,,,,923.199991121E-9,26.00000000,
,,,923.599998259E-9,39.99999911E-3,,,,,923.599998259E-9,79.999998212E-3,,,,,923.599998259E-9,26.00000000,
,,,924.000005398E-9,39.99999911E-3,,,,,924.000005398E-9,39.99999911E-3,,,,,924.000005398E-9,26.39999962,
,,,924.400012536E-9,79.999998212E-3,,,,,924.400012536E-9,39.99999911E-3,,,,,924.400012536E-9,26.39999962,
,,,924.800019675E-9,39.99999911E-3,,,,,924.800019675E-9,0.0,,,,,924.800019675E-9,26.39999962,
,,,925.200026813E-9,39.99999911E-3,,,,,925.200026813E-9,0.0,,,,,925.200026813E-9,26.39999962,
,,,925.600033952E-9,0.0,,,,,925.600033952E-9,0.0,,,,,925.600033952E-9,26.39999962,
,,,925.999984247E-9,-39.99999911E-3,,,,,925.999984247E-9,0.0,,,,,925.999984247E-9,26.39999962,
,,,926.399991386E-9,-39.99999911E-3,,,,,926.399991386E-9,0.0,,,,,926.399991386E-9,26.39999962,
,,,926.799998524E-9,-39.99999911E-3,,,,,926.799998524E-9,-39.99999911E-3,,,,,926.799998524E-9,26.39999962,
,,,927.200005663E-9,-39.99999911E-3,,,,,927.200005663E-9,-39.99999911E-3,,,,,927.200005663E-9,26.39999962,
,,,927.600012801E-9,-79.999998212E-3,,,,,927.600012801E-9,-39.99999911E-3,,,,,927.600012801E-9,26.80000114,
,,,928.000019940E-9,-79.999998212E-3,,,,,928.000019940E-9,-39.99999911E-3,,,,,928.000019940E-9,26.39999962,
,,,928.400027078E-9,-79.999998212E-3,,,,,928.400027078E-9,-39.99999911E-3,,,,,928.400027078E-9,26.39999962,
,,,928.800034217E-9,-79.999998212E-3,,,,,928.800034217E-9,-39.99999911E-3,,,,,928.800034217E-9,26.39999962,
,,,929.199984512E-9,-79.999998212E-3,,,,,929.199984512E-9,-39.99999911E-3,,,,,929.199984512E-9,26.39999962,
,,,929.599991650E-9,-119.9999973E-3,,,,,929.599991650E-9,-39.99999911E-3,,,,,929.599991650E-9,26.39999962,
,,,929.999998789E-9,-119.9999973E-3,,,,,929.999998789E-9,-39.99999911E-3,,,,,929.999998789E-9,26.00000000,
,,,930.400005927E-9,-119.9999973E-3,,,,,930.400005927E-9,-39.99999911E-3,,,,,930.400005927E-9,26.00000000,
,,,930.800013066E-9,-159.99999642E-3,,,,,930.800013066E-9,-39.99999911E-3,,,,,930.800013066E-9,26.00000000,
,,,931.200020204E-9,-159.99999642E-3,,,,,931.200020204E-9,-39.99999911E-3,,,,,931.200020204E-9,26.00000000,
,,,931.600027343E-9,-119.9999973E-3,,,,,931.600027343E-9,-39.99999911E-3,,,,,931.600027343E-9,26.39999962,
,,,932.000034481E-9,-79.999998212E-3,,,,,932.000034481E-9,-39.99999911E-3,,,,,932.000034481E-9,26.00000000,
,,,932.399984777E-9,-39.99999911E-3,,,,,932.399984777E-9,0.0,,,,,932.399984777E-9,26.00000000,
,,,932.799991915E-9,-39.99999911E-3,,,,,932.799991915E-9,0.0,,,,,932.799991915E-9,25.60000038,
,,,933.199999054E-9,0.0,,,,,933.199999054E-9,39.99999911E-3,,,,,933.199999054E-9,25.60000038,
,,,933.600006192E-9,39.99999911E-3,,,,,933.600006192E-9,79.999998212E-3,,,,,933.600006192E-9,25.60000038,
,,,934.000013331E-9,39.99999911E-3,,,,,934.000013331E-9,79.999998212E-3,,,,,934.000013331E-9,25.60000038,
,,,934.400020469E-9,79.999998212E-3,,,,,934.400020469E-9,119.9999973E-3,,,,,934.400020469E-9,25.60000038,
,,,934.800027608E-9,79.999998212E-3,,,,,934.800027608E-9,119.9999973E-3,,,,,934.800027608E-9,26.00000000,
,,,935.200034746E-9,79.999998212E-3,,,,,935.200034746E-9,119.9999973E-3,,,,,935.200034746E-9,26.00000000,
,,,935.599985041E-9,119.9999973E-3,,,,,935.599985041E-9,119.9999973E-3,,,,,935.599985041E-9,25.60000038,
,,,935.999992180E-9,119.9999973E-3,,,,,935.999992180E-9,119.9999973E-3,,,,,935.999992180E-9,25.60000038,
,,,936.399999318E-9,119.9999973E-3,,,,,936.399999318E-9,119.9999973E-3,,,,,936.399999318E-9,25.60000038,
,,,936.800006457E-9,79.999998212E-3,,,,,936.800006457E-9,79.999998212E-3,,,,,936.800006457E-9,25.60000038,
,,,937.200013595E-9,39.99999911E-3,,,,,937.200013595E-9,79.999998212E-3,,,,,937.200013595E-9,25.60000038,
,,,937.600020734E-9,0.0,,,,,937.600020734E-9,39.99999911E-3,,,,,937.600020734E-9,25.60000038,
,,,938.000027872E-9,0.0,,,,,938.000027872E-9,39.99999911E-3,,,,,938.000027872E-9,26.00000000,
,,,938.400035011E-9,0.0,,,,,938.400035011E-9,39.99999911E-3,,,,,938.400035011E-9,26.00000000,
,,,938.799985306E-9,0.0,,,,,938.799985306E-9,0.0,,,,,938.799985306E-9,25.60000038,
,,,939.199992445E-9,0.0,,,,,939.199992445E-9,0.0,,,,,939.199992445E-9,25.60000038,
,,,939.599999583E-9,-39.99999911E-3,,,,,939.599999583E-9,-39.99999911E-3,,,,,939.599999583E-9,25.60000038,
,,,940.000006722E-9,-39.99999911E-3,,,,,940.000006722E-9,-39.99999911E-3,,,,,940.000006722E-9,25.60000038,
,,,940.400013860E-9,-39.99999911E-3,,,,,940.400013860E-9,-39.99999911E-3,,,,,940.400013860E-9,25.60000038,
,,,940.800020999E-9,-39.99999911E-3,,,,,940.800020999E-9,-39.99999911E-3,,,,,940.800020999E-9,25.60000038,
,,,941.200028137E-9,-39.99999911E-3,,,,,941.200028137E-9,-39.99999911E-3,,,,,941.200028137E-9,25.60000038,
,,,941.600035276E-9,-39.99999911E-3,,,,,941.600035276E-9,-39.99999911E-3,,,,,941.600035276E-9,25.60000038,
,,,941.999985571E-9,-39.99999911E-3,,,,,941.999985571E-9,-39.99999911E-3,,,,,941.999985571E-9,25.20000076,
,,,942.399992709E-9,-39.99999911E-3,,,,,942.399992709E-9,-39.99999911E-3,,,,,942.399992709E-9,25.60000038,
,,,942.799999848E-9,-79.999998212E-3,,,,,942.799999848E-9,-39.99999911E-3,,,,,942.799999848E-9,25.60000038,
,,,943.200006986E-9,-39.99999911E-3,,,,,943.200006986E-9,0.0,,,,,943.200006986E-9,25.60000038,
,,,943.600014125E-9,-39.99999911E-3,,,,,943.600014125E-9,39.99999911E-3,,,,,943.600014125E-9,25.60000038,
,,,944.000021263E-9,-39.99999911E-3,,,,,944.000021263E-9,79.999998212E-3,,,,,944.000021263E-9,26.00000000,
,,,944.400028402E-9,0.0,,,,,944.400028402E-9,119.9999973E-3,,,,,944.400028402E-9,25.60000038,
,,,944.800035541E-9,0.0,,,,,944.800035541E-9,119.9999973E-3,,,,,944.800035541E-9,26.00000000,
,,,945.199985836E-9,0.0,,,,,945.199985836E-9,119.9999973E-3,,,,,945.199985836E-9,26.00000000,
,,,945.599992974E-9,0.0,,,,,945.599992974E-9,119.9999973E-3,,,,,945.599992974E-9,25.60000038,
,,,946.000000113E-9,0.0,,,,,946.000000113E-9,119.9999973E-3,,,,,946.000000113E-9,25.60000038,
,,,946.400007251E-9,39.99999911E-3,,,,,946.400007251E-9,119.9999973E-3,,,,,946.400007251E-9,26.00000000,
,,,946.800014390E-9,39.99999911E-3,,,,,946.800014390E-9,119.9999973E-3,,,,,946.800014390E-9,26.39999962,
,,,947.200021528E-9,39.99999911E-3,,,,,947.200021528E-9,119.9999973E-3,,,,,947.200021528E-9,26.39999962,
,,,947.600028667E-9,0.0,,,,,947.600028667E-9,119.9999973E-3,,,,,947.600028667E-9,26.39999962,
,,,948.000035805E-9,0.0,,,,,948.000035805E-9,119.9999973E-3,,,,,948.000035805E-9,26.39999962,
,,,948.399986100E-9,0.0,,,,,948.399986100E-9,119.9999973E-3,,,,,948.399986100E-9,26.39999962,
,,,948.799993239E-9,0.0,,,,,948.799993239E-9,119.9999973E-3,,,,,948.799993239E-9,26.00000000,
,,,949.200000377E-9,0.0,,,,,949.200000377E-9,119.9999973E-3,,,,,949.200000377E-9,26.00000000,
,,,949.600007516E-9,0.0,,,,,949.600007516E-9,79.999998212E-3,,,,,949.600007516E-9,26.39999962,
,,,950.000014655E-9,0.0,,,,,950.000014655E-9,39.99999911E-3,,,,,950.000014655E-9,26.39999962,
,,,950.400021793E-9,0.0,,,,,950.400021793E-9,39.99999911E-3,,,,,950.400021793E-9,26.39999962,
,,,950.800028932E-9,-39.99999911E-3,,,,,950.800028932E-9,0.0,,,,,950.800028932E-9,26.80000114,
,,,951.200036070E-9,-79.999998212E-3,,,,,951.200036070E-9,0.0,,,,,951.200036070E-9,26.80000114,
,,,951.599986365E-9,-119.9999973E-3,,,,,951.599986365E-9,0.0,,,,,951.599986365E-9,26.80000114,
,,,951.999993504E-9,-119.9999973E-3,,,,,951.999993504E-9,0.0,,,,,951.999993504E-9,26.80000114,
,,,952.400000642E-9,-79.999998212E-3,,,,,952.400000642E-9,0.0,,,,,952.400000642E-9,26.39999962,
,,,952.800007781E-9,-79.999998212E-3,,,,,952.800007781E-9,-39.99999911E-3,,,,,952.800007781E-9,26.39999962,
,,,953.200014919E-9,-79.999998212E-3,,,,,953.200014919E-9,-39.99999911E-3,,,,,953.200014919E-9,26.00000000,
,,,953.600022058E-9,-79.999998212E-3,,,,,953.600022058E-9,0.0,,,,,953.600022058E-9,26.00000000,
,,,954.000029196E-9,-79.999998212E-3,,,,,954.000029196E-9,79.999998212E-3,,,,,954.000029196E-9,26.00000000,
,,,954.399979491E-9,-79.999998212E-3,,,,,954.399979491E-9,119.9999973E-3,,,,,954.399979491E-9,26.00000000,
,,,954.800043473E-9,-79.999998212E-3,,,,,954.800043473E-9,79.999998212E-3,,,,,954.800043473E-9,26.00000000,
,,,955.199993768E-9,-79.999998212E-3,,,,,955.199993768E-9,79.999998212E-3,,,,,955.199993768E-9,26.00000000,
,,,955.600057750E-9,-79.999998212E-3,,,,,955.600057750E-9,79.999998212E-3,,,,,955.600057750E-9,26.00000000,
,,,956.000008046E-9,-79.999998212E-3,,,,,956.000008046E-9,79.999998212E-3,,,,,956.000008046E-9,26.00000000,
,,,956.399958341E-9,-79.999998212E-3,,,,,956.399958341E-9,119.9999973E-3,,,,,956.399958341E-9,26.00000000,
,,,956.800022323E-9,-79.999998212E-3,,,,,956.800022323E-9,119.9999973E-3,,,,,956.800022323E-9,25.60000038,
,,,957.199972618E-9,-79.999998212E-3,,,,,957.199972618E-9,159.99999642E-3,,,,,957.199972618E-9,25.60000038,
,,,957.600036600E-9,-39.99999911E-3,,,,,957.600036600E-9,119.9999973E-3,,,,,957.600036600E-9,25.60000038,
,,,957.999986895E-9,-39.99999911E-3,,,,,957.999986895E-9,119.9999973E-3,,,,,957.999986895E-9,25.60000038,
,,,958.400050877E-9,-39.99999911E-3,,,,,958.400050877E-9,119.9999973E-3,,,,,958.400050877E-9,25.60000038,
,,,958.800001172E-9,-39.99999911E-3,,,,,958.800001172E-9,119.9999973E-3,,,,,958.800001172E-9,25.60000038,
,,,959.200065154E-9,-39.99999911E-3,,,,,959.200065154E-9,119.9999973E-3,,,,,959.200065154E-9,25.60000038,
,,,959.600015449E-9,-39.99999911E-3,,,,,959.600015449E-9,79.999998212E-3,,,,,959.600015449E-9,25.20000076,
,,,959.999965744E-9,-39.99999911E-3,,,,,959.999965744E-9,79.999998212E-3,,,,,959.999965744E-9,25.60000038,
,,,960.400029726E-9,0.0,,,,,960.400029726E-9,79.999998212E-3,,,,,960.400029726E-9,25.60000038,
,,,960.799980021E-9,0.0,,,,,960.799980021E-9,39.99999911E-3,,,,,960.799980021E-9,25.60000038,
,,,961.200044003E-9,0.0,,,,,961.200044003E-9,79.999998212E-3,,,,,961.200044003E-9,25.20000076,
,,,961.599994298E-9,0.0,,,,,961.599994298E-9,79.999998212E-3,,,,,961.599994298E-9,25.20000076,
,,,962.000058280E-9,0.0,,,,,962.000058280E-9,79.999998212E-3,,,,,962.000058280E-9,25.20000076,
,,,962.400008575E-9,0.0,,,,,962.400008575E-9,119.9999973E-3,,,,,962.400008575E-9,25.60000038,
,,,962.799958870E-9,0.0,,,,,962.799958870E-9,119.9999973E-3,,,,,962.799958870E-9,25.60000038,
,,,963.200022852E-9,0.0,,,,,963.200022852E-9,119.9999973E-3,,,,,963.200022852E-9,25.60000038,
,,,963.599973147E-9,0.0,,,,,963.599973147E-9,119.9999973E-3,,,,,963.599973147E-9,25.60000038,
,,,964.000037129E-9,0.0,,,,,964.000037129E-9,119.9999973E-3,,,,,964.000037129E-9,26.00000000,
,,,964.399987424E-9,0.0,,,,,964.399987424E-9,159.99999642E-3,,,,,964.399987424E-9,26.00000000,
,,,964.800051406E-9,0.0,,,,,964.800051406E-9,159.99999642E-3,,,,,964.800051406E-9,26.00000000,
,,,965.200001701E-9,0.0,,,,,965.200001701E-9,199.99998808E-3,,,,,965.200001701E-9,26.00000000,
,,,965.600065683E-9,0.0,,,,,965.600065683E-9,159.99999642E-3,,,,,965.600065683E-9,26.00000000,
,,,966.000015978E-9,0.0,,,,,966.000015978E-9,159.99999642E-3,,,,,966.000015978E-9,26.00000000,
,,,966.399966273E-9,0.0,,,,,966.399966273E-9,159.99999642E-3,,,,,966.399966273E-9,26.00000000,
,,,966.800030255E-9,0.0,,,,,966.800030255E-9,159.99999642E-3,,,,,966.800030255E-9,26.00000000,
,,,967.199980551E-9,0.0,,,,,967.199980551E-9,159.99999642E-3,,,,,967.199980551E-9,26.00000000,
,,,967.600044532E-9,0.0,,,,,967.600044532E-9,119.9999973E-3,,,,,967.600044532E-9,26.39999962,
,,,967.999994828E-9,0.0,,,,,967.999994828E-9,119.9999973E-3,,,,,967.999994828E-9,26.00000000,
,,,968.400058809E-9,0.0,,,,,968.400058809E-9,119.9999973E-3,,,,,968.400058809E-9,26.00000000,
,,,968.800009105E-9,-39.99999911E-3,,,,,968.800009105E-9,79.999998212E-3,,,,,968.800009105E-9,26.00000000,
,,,969.199959400E-9,-39.99999911E-3,,,,,969.199959400E-9,79.999998212E-3,,,,,969.199959400E-9,26.00000000,
,,,969.600023382E-9,-79.999998212E-3,,,,,969.600023382E-9,79.999998212E-3,,,,,969.600023382E-9,26.00000000,
,,,969.999973677E-9,-79.999998212E-3,,,,,969.999973677E-9,79.999998212E-3,,,,,969.999973677E-9,26.00000000,
,,,970.400037659E-9,-79.999998212E-3,,,,,970.400037659E-9,79.999998212E-3,,,,,970.400037659E-9,26.00000000,
,,,970.799987954E-9,-79.999998212E-3,,,,,970.799987954E-9,39.99999911E-3,,,,,970.799987954E-9,25.60000038,
,,,971.200051936E-9,-79.999998212E-3,,,,,971.200051936E-9,39.99999911E-3,,,,,971.200051936E-9,25.60000038,
,,,971.600002231E-9,-39.99999911E-3,,,,,971.600002231E-9,0.0,,,,,971.600002231E-9,25.60000038,
,,,972.000066213E-9,-39.99999911E-3,,,,,972.000066213E-9,0.0,,,,,972.000066213E-9,25.60000038,
,,,972.400016508E-9,-39.99999911E-3,,,,,972.400016508E-9,0.0,,,,,972.400016508E-9,25.60000038,
,,,972.799966803E-9,-39.99999911E-3,,,,,972.799966803E-9,-39.99999911E-3,,,,,972.799966803E-9,25.60000038,
,,,973.200030785E-9,-39.99999911E-3,,,,,973.200030785E-9,0.0,,,,,973.200030785E-9,25.60000038,
,,,973.599981080E-9,0.0,,,,,973.599981080E-9,0.0,,,,,973.599981080E-9,25.20000076,
,,,974.000045062E-9,0.0,,,,,974.000045062E-9,0.0,,,,,974.000045062E-9,25.20000076,
,,,974.399995357E-9,0.0,,,,,974.399995357E-9,39.99999911E-3,,,,,974.399995357E-9,25.20000076,
,,,974.800059339E-9,0.0,,,,,974.800059339E-9,39.99999911E-3,,,,,974.800059339E-9,25.20000076,
,,,975.200009634E-9,0.0,,,,,975.200009634E-9,39.99999911E-3,,,,,975.200009634E-9,25.20000076,
,,,975.599959929E-9,0.0,,,,,975.599959929E-9,79.999998212E-3,,,,,975.599959929E-9,25.20000076,
,,,976.000023911E-9,0.0,,,,,976.000023911E-9,79.999998212E-3,,,,,976.000023911E-9,25.20000076,
,,,976.399974206E-9,0.0,,,,,976.399974206E-9,79.999998212E-3,,,,,976.399974206E-9,25.20000076,
,,,976.800038188E-9,0.0,,,,,976.800038188E-9,79.999998212E-3,,,,,976.800038188E-9,25.20000076,
,,,977.199988483E-9,0.0,,,,,977.199988483E-9,79.999998212E-3,,,,,977.199988483E-9,25.20000076,
,,,977.600052465E-9,39.99999911E-3,,,,,977.600052465E-9,119.9999973E-3,,,,,977.600052465E-9,25.20000076,
,,,978.000002760E-9,0.0,,,,,978.000002760E-9,119.9999973E-3,,,,,978.000002760E-9,25.20000076,
,,,978.400066742E-9,0.0,,,,,978.400066742E-9,119.9999973E-3,,,,,978.400066742E-9,25.20000076,
,,,978.800017037E-9,-39.99999911E-3,,,,,978.800017037E-9,79.999998212E-3,,,,,978.800017037E-9,24.80000114,
,,,979.199967333E-9,-79.999998212E-3,,,,,979.199967333E-9,79.999998212E-3,,,,,979.199967333E-9,24.80000114,
,,,979.600031314E-9,-79.999998212E-3,,,,,979.600031314E-9,79.999998212E-3,,,,,979.600031314E-9,24.80000114,
,,,979.999981610E-9,-79.999998212E-3,,,,,979.999981610E-9,79.999998212E-3,,,,,979.999981610E-9,24.39999962,
,,,980.400045592E-9,-39.99999911E-3,,,,,980.400045592E-9,119.9999973E-3,,,,,980.400045592E-9,24.39999962,
,,,980.799995887E-9,-39.99999911E-3,,,,,980.799995887E-9,79.999998212E-3,,,,,980.799995887E-9,24.80000114,
,,,981.200059869E-9,-39.99999911E-3,,,,,981.200059869E-9,79.999998212E-3,,,,,981.200059869E-9,24.80000114,
,,,981.600010164E-9,-39.99999911E-3,,,,,981.600010164E-9,39.99999911E-3,,,,,981.600010164E-9,24.80000114,
,,,981.999960459E-9,-39.99999911E-3,,,,,981.999960459E-9,39.99999911E-3,,,,,981.999960459E-9,24.80000114,
,,,982.400024441E-9,-39.99999911E-3,,,,,982.400024441E-9,39.99999911E-3,,,,,982.400024441E-9,24.80000114,
,,,982.799974736E-9,-79.999998212E-3,,,,,982.799974736E-9,0.0,,,,,982.799974736E-9,24.80000114,
,,,983.200038718E-9,-79.999998212E-3,,,,,983.200038718E-9,0.0,,,,,983.200038718E-9,24.80000114,
,,,983.599989013E-9,-79.999998212E-3,,,,,983.599989013E-9,0.0,,,,,983.599989013E-9,24.80000114,
,,,984.000052995E-9,-79.999998212E-3,,,,,984.000052995E-9,-39.99999911E-3,,,,,984.000052995E-9,24.80000114,
,,,984.400003290E-9,-39.99999911E-3,,,,,984.400003290E-9,0.0,,,,,984.400003290E-9,24.80000114,
,,,984.799953585E-9,-39.99999911E-3,,,,,984.799953585E-9,0.0,,,,,984.799953585E-9,25.20000076,
,,,985.200017567E-9,-39.99999911E-3,,,,,985.200017567E-9,0.0,,,,,985.200017567E-9,25.20000076,
,,,985.599967862E-9,0.0,,,,,985.599967862E-9,39.99999911E-3,,,,,985.599967862E-9,25.20000076,
,,,986.000031844E-9,0.0,,,,,986.000031844E-9,39.99999911E-3,,,,,986.000031844E-9,25.60000038,
,,,986.399982139E-9,0.0,,,,,986.399982139E-9,79.999998212E-3,,,,,986.399982139E-9,25.60000038,
,,,986.800046121E-9,0.0,,,,,986.800046121E-9,79.999998212E-3,,,,,986.800046121E-9,25.20000076,
,,,987.199996416E-9,0.0,,,,,987.199996416E-9,79.999998212E-3,,,,,987.199996416E-9,24.80000114,
,,,987.600060398E-9,-39.99999911E-3,,,,,987.600060398E-9,79.999998212E-3,,,,,987.600060398E-9,24.80000114,
,,,988.000010693E-9,-39.99999911E-3,,,,,988.000010693E-9,79.999998212E-3,,,,,988.000010693E-9,24.80000114,
,,,988.399960988E-9,-39.99999911E-3,,,,,988.399960988E-9,79.999998212E-3,,,,,988.399960988E-9,24.80000114,
,,,988.800024970E-9,-39.99999911E-3,,,,,988.800024970E-9,79.999998212E-3,,,,,988.800024970E-9,25.20000076,
,,,989.199975265E-9,-39.99999911E-3,,,,,989.199975265E-9,79.999998212E-3,,,,,989.199975265E-9,25.60000038,
,,,989.600039247E-9,-39.99999911E-3,,,,,989.600039247E-9,39.99999911E-3,,,,,989.600039247E-9,25.60000038,
,,,989.999989542E-9,-39.99999911E-3,,,,,989.999989542E-9,39.99999911E-3,,,,,989.999989542E-9,25.60000038,
,,,990.400053524E-9,-39.99999911E-3,,,,,990.400053524E-9,39.99999911E-3,,,,,990.400053524E-9,25.60000038,
,,,990.800003819E-9,-79.999998212E-3,,,,,990.800003819E-9,39.99999911E-3,,,,,990.800003819E-9,25.20000076,
,,,991.199954115E-9,-79.999998212E-3,,,,,991.199954115E-9,39.99999911E-3,,,,,991.199954115E-9,25.20000076,
,,,991.600018097E-9,-79.999998212E-3,,,,,991.600018097E-9,39.99999911E-3,,,,,991.600018097E-9,25.20000076,
,,,991.999968392E-9,-119.9999973E-3,,,,,991.999968392E-9,0.0,,,,,991.999968392E-9,25.20000076,
,,,992.400032374E-9,-79.999998212E-3,,,,,992.400032374E-9,0.0,,,,,992.400032374E-9,25.20000076,
,,,992.799982669E-9,-79.999998212E-3,,,,,992.799982669E-9,-39.99999911E-3,,,,,992.799982669E-9,25.20000076,
,,,993.200046651E-9,-79.999998212E-3,,,,,993.200046651E-9,-79.999998212E-3,,,,,993.200046651E-9,25.20000076,
,,,993.599996946E-9,-39.99999911E-3,,,,,993.599996946E-9,-119.9999973E-3,,,,,993.599996946E-9,25.20000076,
,,,994.000060928E-9,-39.99999911E-3,,,,,994.000060928E-9,-119.9999973E-3,,,,,994.000060928E-9,24.80000114,
,,,994.400011223E-9,-39.99999911E-3,,,,,994.400011223E-9,-79.999998212E-3,,,,,994.400011223E-9,24.80000114,
,,,994.799961518E-9,-39.99999911E-3,,,,,994.799961518E-9,-79.999998212E-3,,,,,994.799961518E-9,24.80000114,
,,,995.200025500E-9,-39.99999911E-3,,,,,995.200025500E-9,-39.99999911E-3,,,,,995.200025500E-9,24.80000114,
,,,995.599975795E-9,0.0,,,,,995.599975795E-9,0.0,,,,,995.599975795E-9,25.20000076,
,,,996.000039777E-9,0.0,,,,,996.000039777E-9,0.0,,,,,996.000039777E-9,25.20000076,
,,,996.399990072E-9,39.99999911E-3,,,,,996.399990072E-9,39.99999911E-3,,,,,996.399990072E-9,25.20000076,
,,,996.800054054E-9,39.99999911E-3,,,,,996.800054054E-9,0.0,,,,,996.800054054E-9,25.20000076,
,,,997.200004349E-9,39.99999911E-3,,,,,997.200004349E-9,0.0,,,,,997.200004349E-9,25.20000076,
,,,997.599954644E-9,39.99999911E-3,,,,,997.599954644E-9,0.0,,,,,997.599954644E-9,25.20000076,
,,,998.000018626E-9,39.99999911E-3,,,,,998.000018626E-9,-39.99999911E-3,,,,,998.000018626E-9,24.80000114,
,,,998.399968921E-9,39.99999911E-3,,,,,998.399968921E-9,0.0,,,,,998.399968921E-9,24.80000114,
,,,998.800032903E-9,39.99999911E-3,,,,,998.800032903E-9,0.0,,,,,998.800032903E-9,24.80000114,
,,,999.199983198E-9,39.99999911E-3,,,,,999.199983198E-9,0.0,,,,,999.199983198E-9,24.80000114,
,,,999.600047180E-9,79.999998212E-3,,,,,999.600047180E-9,39.99999911E-3,,,,,999.600047180E-9,24.80000114,
,,,1.000000E-6,79.999998212E-3,,,,,1.000000E-6,39.99999911E-3,,,,,1.000000E-6,24.80000114,
,,,1.0004001E-6,79.999998212E-3,,,,,1.0004001E-6,39.99999911E-3,,,,,1.0004001E-6,24.80000114,
,,,1.0008000E-6,39.99999911E-3,,,,,1.0008000E-6,0.0,,,,,1.0008000E-6,24.80000114,
,,,1.0012000E-6,0.0,,,,,1.0012000E-6,-39.99999911E-3,,,,,1.0012000E-6,24.80000114,
,,,1.0016000E-6,-39.99999911E-3,,,,,1.0016000E-6,-79.999998212E-3,,,,,1.0016000E-6,24.80000114,
,,,1.0020000E-6,-39.99999911E-3,,,,,1.0020000E-6,-79.999998212E-3,,,,,1.0020000E-6,24.80000114,
,,,1.0024000E-6,-39.99999911E-3,,,,,1.0024000E-6,-79.999998212E-3,,,,,1.0024000E-6,24.80000114,
,,,1.0028000E-6,-79.999998212E-3,,,,,1.0028000E-6,-79.999998212E-3,,,,,1.0028000E-6,24.39999962,
,,,1.0032001E-6,-39.99999911E-3,,,,,1.0032001E-6,-79.999998212E-3,,,,,1.0032001E-6,24.39999962,
,,,1.0036000E-6,-39.99999911E-3,,,,,1.0036000E-6,-79.999998212E-3,,,,,1.0036000E-6,24.39999962,
,,,1.0040000E-6,-39.99999911E-3,,,,,1.0040000E-6,-79.999998212E-3,,,,,1.0040000E-6,24.80000114,
,,,1.0044000E-6,0.0,,,,,1.0044000E-6,-79.999998212E-3,,,,,1.0044000E-6,24.80000114,
,,,1.0048000E-6,-39.99999911E-3,,,,,1.0048000E-6,-79.999998212E-3,,,,,1.0048000E-6,24.80000114,
,,,1.0052000E-6,-39.99999911E-3,,,,,1.0052000E-6,-79.999998212E-3,,,,,1.0052000E-6,24.80000114,
,,,1.0056000E-6,-39.99999911E-3,,,,,1.0056000E-6,-79.999998212E-3,,,,,1.0056000E-6,24.80000114,
,,,1.0060000E-6,-39.99999911E-3,,,,,1.0060000E-6,-79.999998212E-3,,,,,1.0060000E-6,24.80000114,
,,,1.0064000E-6,0.0,,,,,1.0064000E-6,-79.999998212E-3,,,,,1.0064000E-6,24.80000114,
,,,1.0068001E-6,0.0,,,,,1.0068001E-6,-79.999998212E-3,,,,,1.0068001E-6,24.80000114,
,,,1.0072000E-6,0.0,,,,,1.0072000E-6,-79.999998212E-3,,,,,1.0072000E-6,24.39999962,
,,,1.0076000E-6,0.0,,,,,1.0076000E-6,-79.999998212E-3,,,,,1.0076000E-6,24.39999962,
,,,1.0080000E-6,0.0,,,,,1.0080000E-6,-79.999998212E-3,,,,,1.0080000E-6,24.39999962,
,,,1.0084000E-6,0.0,,,,,1.0084000E-6,-39.99999911E-3,,,,,1.0084000E-6,24.80000114,
,,,1.0088000E-6,0.0,,,,,1.0088000E-6,-39.99999911E-3,,,,,1.0088000E-6,24.80000114,
,,,1.0092000E-6,0.0,,,,,1.0092000E-6,0.0,,,,,1.0092000E-6,24.80000114,
,,,1.0096001E-6,0.0,,,,,1.0096001E-6,-39.99999911E-3,,,,,1.0096001E-6,24.80000114,
,,,1.0100000E-6,0.0,,,,,1.0100000E-6,-39.99999911E-3,,,,,1.0100000E-6,24.80000114,
,,,1.0104000E-6,0.0,,,,,1.0104000E-6,-39.99999911E-3,,,,,1.0104000E-6,24.80000114,
,,,1.0108000E-6,-39.99999911E-3,,,,,1.0108000E-6,-39.99999911E-3,,,,,1.0108000E-6,25.20000076,
,,,1.0112000E-6,0.0,,,,,1.0112000E-6,-39.99999911E-3,,,,,1.0112000E-6,25.20000076,
,,,1.0116000E-6,0.0,,,,,1.0116000E-6,0.0,,,,,1.0116000E-6,24.80000114,
,,,1.0120000E-6,0.0,,,,,1.0120000E-6,0.0,,,,,1.0120000E-6,24.80000114,
,,,1.0124000E-6,39.99999911E-3,,,,,1.0124000E-6,39.99999911E-3,,,,,1.0124000E-6,24.80000114,
,,,1.0128000E-6,39.99999911E-3,,,,,1.0128000E-6,0.0,,,,,1.0128000E-6,24.80000114,
,,,1.0132001E-6,39.99999911E-3,,,,,1.0132001E-6,0.0,,,,,1.0132001E-6,24.80000114,
,,,1.0136000E-6,39.99999911E-3,,,,,1.0136000E-6,0.0,,,,,1.0136000E-6,24.80000114,
,,,1.0140000E-6,39.99999911E-3,,,,,1.0140000E-6,0.0,,,,,1.0140000E-6,24.80000114,
,,,1.0144000E-6,39.99999911E-3,,,,,1.0144000E-6,0.0,,,,,1.0144000E-6,24.80000114,
,,,1.0148000E-6,39.99999911E-3,,,,,1.0148000E-6,0.0,,,,,1.0148000E-6,25.20000076,
,,,1.0152000E-6,39.99999911E-3,,,,,1.0152000E-6,0.0,,,,,1.0152000E-6,25.20000076,
,,,1.0156000E-6,0.0,,,,,1.0156000E-6,-39.99999911E-3,,,,,1.0156000E-6,25.20000076,
,,,1.0160001E-6,0.0,,,,,1.0160001E-6,-39.99999911E-3,,,,,1.0160001E-6,25.20000076,
,,,1.0164000E-6,0.0,,,,,1.0164000E-6,-39.99999911E-3,,,,,1.0164000E-6,24.80000114,
,,,1.0168000E-6,0.0,,,,,1.0168000E-6,-79.999998212E-3,,,,,1.0168000E-6,24.80000114,
,,,1.0172000E-6,0.0,,,,,1.0172000E-6,-39.99999911E-3,,,,,1.0172000E-6,24.80000114,
,,,1.0176000E-6,0.0,,,,,1.0176000E-6,-39.99999911E-3,,,,,1.0176000E-6,24.80000114,
,,,1.0180000E-6,0.0,,,,,1.0180000E-6,-39.99999911E-3,,,,,1.0180000E-6,24.39999962,
,,,1.0184000E-6,0.0,,,,,1.0184000E-6,0.0,,,,,1.0184000E-6,24.39999962,
,,,1.0188000E-6,0.0,,,,,1.0188000E-6,0.0,,,,,1.0188000E-6,24.39999962,
,,,1.0192000E-6,0.0,,,,,1.0192000E-6,0.0,,,,,1.0192000E-6,24.39999962,
,,,1.0196001E-6,0.0,,,,,1.0196001E-6,0.0,,,,,1.0196001E-6,24.39999962,
,,,1.0200000E-6,0.0,,,,,1.0200000E-6,0.0,,,,,1.0200000E-6,24.39999962,
,,,1.0204000E-6,0.0,,,,,1.0204000E-6,0.0,,,,,1.0204000E-6,24.39999962,
,,,1.0208000E-6,0.0,,,,,1.0208000E-6,0.0,,,,,1.0208000E-6,24.39999962,
,,,1.0212000E-6,0.0,,,,,1.0212000E-6,0.0,,,,,1.0212000E-6,24.39999962,
,,,1.0216000E-6,-39.99999911E-3,,,,,1.0216000E-6,0.0,,,,,1.0216000E-6,24.39999962,
,,,1.0220000E-6,-39.99999911E-3,,,,,1.0220000E-6,0.0,,,,,1.0220000E-6,24.39999962,
,,,1.0224001E-6,-39.99999911E-3,,,,,1.0224001E-6,0.0,,,,,1.0224001E-6,24.39999962,
,,,1.0228000E-6,-79.999998212E-3,,,,,1.0228000E-6,-39.99999911E-3,,,,,1.0228000E-6,24.39999962,
,,,1.0232000E-6,-79.999998212E-3,,,,,1.0232000E-6,-39.99999911E-3,,,,,1.0232000E-6,24.39999962,
,,,1.0236000E-6,-79.999998212E-3,,,,,1.0236000E-6,-39.99999911E-3,,,,,1.0236000E-6,24.39999962,
,,,1.0240000E-6,-79.999998212E-3,,,,,1.0240000E-6,-79.999998212E-3,,,,,1.0240000E-6,24.39999962,
,,,1.0244000E-6,-39.99999911E-3,,,,,1.0244000E-6,-39.99999911E-3,,,,,1.0244000E-6,24.39999962,
,,,1.0248000E-6,-79.999998212E-3,,,,,1.0248000E-6,-39.99999911E-3,,,,,1.0248000E-6,24.39999962,
,,,1.0252000E-6,-79.999998212E-3,,,,,1.0252000E-6,-39.99999911E-3,,,,,1.0252000E-6,24.00000000,
,,,1.0256000E-6,-79.999998212E-3,,,,,1.0256000E-6,0.0,,,,,1.0256000E-6,24.39999962,
,,,1.0260001E-6,-79.999998212E-3,,,,,1.0260001E-6,0.0,,,,,1.0260001E-6,24.39999962,
,,,1.0264000E-6,-39.99999911E-3,,,,,1.0264000E-6,0.0,,,,,1.0264000E-6,24.39999962,
,,,1.0268000E-6,-39.99999911E-3,,,,,1.0268000E-6,-39.99999911E-3,,,,,1.0268000E-6,24.39999962,
,,,1.0272000E-6,0.0,,,,,1.0272000E-6,-39.99999911E-3,,,,,1.0272000E-6,24.39999962,
,,,1.0276000E-6,-39.99999911E-3,,,,,1.0276000E-6,-39.99999911E-3,,,,,1.0276000E-6,24.39999962,
,,,1.0280000E-6,-39.99999911E-3,,,,,1.0280000E-6,-39.99999911E-3,,,,,1.0280000E-6,24.39999962,
,,,1.0284000E-6,-39.99999911E-3,,,,,1.0284000E-6,0.0,,,,,1.0284000E-6,24.39999962,
,,,1.0288001E-6,-79.999998212E-3,,,,,1.0288001E-6,0.0,,,,,1.0288001E-6,24.80000114,
,,,1.0292000E-6,-39.99999911E-3,,,,,1.0292000E-6,39.99999911E-3,,,,,1.0292000E-6,24.80000114,
,,,1.0296000E-6,-39.99999911E-3,,,,,1.0296000E-6,0.0,,,,,1.0296000E-6,24.39999962,
,,,1.0300000E-6,-39.99999911E-3,,,,,1.0300000E-6,0.0,,,,,1.0300000E-6,24.80000114,
,,,1.0304000E-6,0.0,,,,,1.0304000E-6,0.0,,,,,1.0304000E-6,24.80000114,
,,,1.0308000E-6,0.0,,,,,1.0308000E-6,0.0,,,,,1.0308000E-6,24.80000114,
,,,1.0312000E-6,39.99999911E-3,,,,,1.0312000E-6,0.0,,,,,1.0312000E-6,24.80000114,
,,,1.0316000E-6,0.0,,,,,1.0316000E-6,0.0,,,,,1.0316000E-6,24.80000114,
,,,1.0320000E-6,-39.99999911E-3,,,,,1.0320000E-6,0.0,,,,,1.0320000E-6,24.39999962,
,,,1.0324001E-6,-39.99999911E-3,,,,,1.0324001E-6,0.0,,,,,1.0324001E-6,24.39999962,
,,,1.0328000E-6,-79.999998212E-3,,,,,1.0328000E-6,0.0,,,,,1.0328000E-6,24.39999962,
,,,1.0332000E-6,-79.999998212E-3,,,,,1.0332000E-6,0.0,,,,,1.0332000E-6,24.39999962,
,,,1.0336000E-6,-39.99999911E-3,,,,,1.0336000E-6,39.99999911E-3,,,,,1.0336000E-6,24.00000000,
,,,1.0340000E-6,-39.99999911E-3,,,,,1.0340000E-6,39.99999911E-3,,,,,1.0340000E-6,24.39999962,
,,,1.0344000E-6,0.0,,,,,1.0344000E-6,39.99999911E-3,,,,,1.0344000E-6,24.39999962,
,,,1.0348000E-6,0.0,,,,,1.0348000E-6,39.99999911E-3,,,,,1.0348000E-6,24.39999962,
,,,1.0352001E-6,0.0,,,,,1.0352001E-6,39.99999911E-3,,,,,1.0352001E-6,24.80000114,
,,,1.0356000E-6,0.0,,,,,1.0356000E-6,0.0,,,,,1.0356000E-6,24.39999962,
,,,1.0360000E-6,0.0,,,,,1.0360000E-6,0.0,,,,,1.0360000E-6,24.39999962,
,,,1.0364000E-6,39.99999911E-3,,,,,1.0364000E-6,0.0,,,,,1.0364000E-6,24.00000000,
,,,1.0368000E-6,39.99999911E-3,,,,,1.0368000E-6,0.0,,,,,1.0368000E-6,24.00000000,
,,,1.0372000E-6,39.99999911E-3,,,,,1.0372000E-6,0.0,,,,,1.0372000E-6,24.00000000,
,,,1.0376000E-6,0.0,,,,,1.0376000E-6,-39.99999911E-3,,,,,1.0376000E-6,24.00000000,
,,,1.0380001E-6,0.0,,,,,1.0380001E-6,-39.99999911E-3,,,,,1.0380001E-6,24.00000000,
,,,1.0384000E-6,0.0,,,,,1.0384000E-6,-39.99999911E-3,,,,,1.0384000E-6,24.00000000,
,,,1.0388001E-6,-39.99999911E-3,,,,,1.0388001E-6,-39.99999911E-3,,,,,1.0388001E-6,24.00000000,
,,,1.0392000E-6,0.0,,,,,1.0392000E-6,-39.99999911E-3,,,,,1.0392000E-6,24.00000000,
,,,1.0396000E-6,0.0,,,,,1.0396000E-6,0.0,,,,,1.0396000E-6,24.00000000,
,,,1.0400000E-6,0.0,,,,,1.0400000E-6,0.0,,,,,1.0400000E-6,24.00000000,
,,,1.0404000E-6,39.99999911E-3,,,,,1.0404000E-6,39.99999911E-3,,,,,1.0404000E-6,24.00000000,
,,,1.0408000E-6,0.0,,,,,1.0408000E-6,0.0,,,,,1.0408000E-6,24.00000000,
,,,1.0412000E-6,-39.99999911E-3,,,,,1.0412000E-6,0.0,,,,,1.0412000E-6,23.60000038,
,,,1.0416001E-6,-79.999998212E-3,,,,,1.0416001E-6,0.0,,,,,1.0416001E-6,23.60000038,
,,,1.0420000E-6,-79.999998212E-3,,,,,1.0420000E-6,-39.99999911E-3,,,,,1.0420000E-6,23.60000038,
,,,1.0424000E-6,-39.99999911E-3,,,,,1.0424000E-6,0.0,,,,,1.0424000E-6,23.60000038,
,,,1.0428000E-6,-39.99999911E-3,,,,,1.0428000E-6,0.0,,,,,1.0428000E-6,23.60000038,
,,,1.0432000E-6,-39.99999911E-3,,,,,1.0432000E-6,0.0,,,,,1.0432000E-6,23.60000038,
,,,1.0436000E-6,0.0,,,,,1.0436000E-6,39.99999911E-3,,,,,1.0436000E-6,23.60000038,
,,,1.0440000E-6,0.0,,,,,1.0440000E-6,39.99999911E-3,,,,,1.0440000E-6,23.60000038,
,,,1.0444001E-6,0.0,,,,,1.0444001E-6,39.99999911E-3,,,,,1.0444001E-6,23.60000038,
,,,1.0448000E-6,-39.99999911E-3,,,,,1.0448000E-6,39.99999911E-3,,,,,1.0448000E-6,23.60000038,
,,,1.0452001E-6,-39.99999911E-3,,,,,1.0452001E-6,39.99999911E-3,,,,,1.0452001E-6,23.60000038,
,,,1.0456000E-6,-39.99999911E-3,,,,,1.0456000E-6,39.99999911E-3,,,,,1.0456000E-6,24.00000000,
,,,1.0460000E-6,-39.99999911E-3,,,,,1.0460000E-6,39.99999911E-3,,,,,1.0460000E-6,23.60000038,
,,,1.0464000E-6,-39.99999911E-3,,,,,1.0464000E-6,39.99999911E-3,,,,,1.0464000E-6,23.60000038,
,,,1.0468000E-6,-79.999998212E-3,,,,,1.0468000E-6,0.0,,,,,1.0468000E-6,23.60000038,
,,,1.0472000E-6,-79.999998212E-3,,,,,1.0472000E-6,0.0,,,,,1.0472000E-6,23.60000038,
,,,1.0476000E-6,-119.9999973E-3,,,,,1.0476000E-6,0.0,,,,,1.0476000E-6,23.60000038,
,,,1.0480001E-6,-119.9999973E-3,,,,,1.0480001E-6,0.0,,,,,1.0480001E-6,23.60000038,
,,,1.0484000E-6,-79.999998212E-3,,,,,1.0484000E-6,0.0,,,,,1.0484000E-6,23.60000038,
,,,1.0488000E-6,-79.999998212E-3,,,,,1.0488000E-6,0.0,,,,,1.0488000E-6,23.60000038,
,,,1.0492000E-6,-39.99999911E-3,,,,,1.0492000E-6,0.0,,,,,1.0492000E-6,23.60000038,
,,,1.0496000E-6,0.0,,,,,1.0496000E-6,0.0,,,,,1.0496000E-6,23.60000038,
,,,1.0500000E-6,0.0,,,,,1.0500000E-6,0.0,,,,,1.0500000E-6,23.60000038,
,,,1.0504000E-6,0.0,,,,,1.0504000E-6,39.99999911E-3,,,,,1.0504000E-6,23.60000038,
,,,1.0508001E-6,-39.99999911E-3,,,,,1.0508001E-6,39.99999911E-3,,,,,1.0508001E-6,23.60000038,
,,,1.0512000E-6,-39.99999911E-3,,,,,1.0512000E-6,39.99999911E-3,,,,,1.0512000E-6,23.20000076,
,,,1.0516001E-6,-39.99999911E-3,,,,,1.0516001E-6,0.0,,,,,1.0516001E-6,23.60000038,
,,,1.0520000E-6,-39.99999911E-3,,,,,1.0520000E-6,0.0,,,,,1.0520000E-6,23.60000038,
,,,1.0524000E-6,0.0,,,,,1.0524000E-6,0.0,,,,,1.0524000E-6,23.60000038,
,,,1.0528000E-6,-39.99999911E-3,,,,,1.0528000E-6,0.0,,,,,1.0528000E-6,24.00000000,
,,,1.0532000E-6,-79.999998212E-3,,,,,1.0532000E-6,0.0,,,,,1.0532000E-6,24.00000000,
,,,1.0536000E-6,-79.999998212E-3,,,,,1.0536000E-6,0.0,,,,,1.0536000E-6,24.00000000,
,,,1.0540000E-6,-79.999998212E-3,,,,,1.0540000E-6,0.0,,,,,1.0540000E-6,23.60000038,
,,,1.0544001E-6,-79.999998212E-3,,,,,1.0544001E-6,0.0,,,,,1.0544001E-6,23.60000038,
,,,1.0548000E-6,-79.999998212E-3,,,,,1.0548000E-6,0.0,,,,,1.0548000E-6,23.60000038,
,,,1.0552000E-6,-79.999998212E-3,,,,,1.0552000E-6,0.0,,,,,1.0552000E-6,23.60000038,
,,,1.0556000E-6,-79.999998212E-3,,,,,1.0556000E-6,39.99999911E-3,,,,,1.0556000E-6,23.60000038,
,,,1.0560000E-6,-79.999998212E-3,,,,,1.0560000E-6,39.99999911E-3,,,,,1.0560000E-6,23.60000038,
,,,1.0564000E-6,-79.999998212E-3,,,,,1.0564000E-6,79.999998212E-3,,,,,1.0564000E-6,23.60000038,
,,,1.0568000E-6,-79.999998212E-3,,,,,1.0568000E-6,39.99999911E-3,,,,,1.0568000E-6,23.60000038,
,,,1.0572001E-6,-79.999998212E-3,,,,,1.0572001E-6,0.0,,,,,1.0572001E-6,23.60000038,
,,,1.0576000E-6,-39.99999911E-3,,,,,1.0576000E-6,-39.99999911E-3,,,,,1.0576000E-6,23.60000038,
,,,1.0580001E-6,-39.99999911E-3,,,,,1.0580001E-6,-39.99999911E-3,,,,,1.0580001E-6,23.60000038,
,,,1.0584000E-6,-39.99999911E-3,,,,,1.0584000E-6,0.0,,,,,1.0584000E-6,23.60000038,
,,,1.0588000E-6,-79.999998212E-3,,,,,1.0588000E-6,0.0,,,,,1.0588000E-6,24.00000000,
,,,1.0592000E-6,-79.999998212E-3,,,,,1.0592000E-6,0.0,,,,,1.0592000E-6,24.00000000,
,,,1.0596000E-6,-79.999998212E-3,,,,,1.0596000E-6,39.99999911E-3,,,,,1.0596000E-6,23.60000038,
,,,1.0600000E-6,-79.999998212E-3,,,,,1.0600000E-6,39.99999911E-3,,,,,1.0600000E-6,23.60000038,
,,,1.0604000E-6,-79.999998212E-3,,,,,1.0604000E-6,39.99999911E-3,,,,,1.0604000E-6,23.60000038,
,,,1.0608001E-6,-119.9999973E-3,,,,,1.0608001E-6,39.99999911E-3,,,,,1.0608001E-6,23.20000076,
,,,1.0612000E-6,-79.999998212E-3,,,,,1.0612000E-6,39.99999911E-3,,,,,1.0612000E-6,23.20000076,
,,,1.0616000E-6,-79.999998212E-3,,,,,1.0616000E-6,39.99999911E-3,,,,,1.0616000E-6,23.20000076,
,,,1.0620000E-6,-39.99999911E-3,,,,,1.0620000E-6,39.99999911E-3,,,,,1.0620000E-6,23.20000076,
,,,1.0624000E-6,0.0,,,,,1.0624000E-6,79.999998212E-3,,,,,1.0624000E-6,23.20000076,
,,,1.0628000E-6,0.0,,,,,1.0628000E-6,39.99999911E-3,,,,,1.0628000E-6,23.20000076,
,,,1.0632000E-6,39.99999911E-3,,,,,1.0632000E-6,39.99999911E-3,,,,,1.0632000E-6,23.60000038,
,,,1.0636001E-6,0.0,,,,,1.0636001E-6,39.99999911E-3,,,,,1.0636001E-6,23.20000076,
,,,1.0640000E-6,-39.99999911E-3,,,,,1.0640000E-6,39.99999911E-3,,,,,1.0640000E-6,23.20000076,
,,,1.0644001E-6,-39.99999911E-3,,,,,1.0644001E-6,79.999998212E-3,,,,,1.0644001E-6,23.20000076,
,,,1.0648000E-6,-39.99999911E-3,,,,,1.0648000E-6,39.99999911E-3,,,,,1.0648000E-6,23.20000076,
,,,1.0652000E-6,-39.99999911E-3,,,,,1.0652000E-6,39.99999911E-3,,,,,1.0652000E-6,23.20000076,
,,,1.0656000E-6,-39.99999911E-3,,,,,1.0656000E-6,39.99999911E-3,,,,,1.0656000E-6,23.20000076,
,,,1.0660000E-6,-39.99999911E-3,,,,,1.0660000E-6,39.99999911E-3,,,,,1.0660000E-6,23.20000076,
,,,1.0664000E-6,-39.99999911E-3,,,,,1.0664000E-6,79.999998212E-3,,,,,1.0664000E-6,23.20000076,
,,,1.0668000E-6,-39.99999911E-3,,,,,1.0668000E-6,39.99999911E-3,,,,,1.0668000E-6,23.20000076,
,,,1.0672001E-6,-39.99999911E-3,,,,,1.0672001E-6,39.99999911E-3,,,,,1.0672001E-6,23.20000076,
,,,1.0676000E-6,0.0,,,,,1.0676000E-6,39.99999911E-3,,,,,1.0676000E-6,23.20000076,
,,,1.0680000E-6,0.0,,,,,1.0680000E-6,39.99999911E-3,,,,,1.0680000E-6,23.20000076,
,,,1.0684000E-6,0.0,,,,,1.0684000E-6,39.99999911E-3,,,,,1.0684000E-6,23.20000076,
,,,1.0688000E-6,-39.99999911E-3,,,,,1.0688000E-6,0.0,,,,,1.0688000E-6,23.60000038,
,,,1.0692000E-6,-39.99999911E-3,,,,,1.0692000E-6,0.0,,,,,1.0692000E-6,23.60000038,
,,,1.0696000E-6,-39.99999911E-3,,,,,1.0696000E-6,0.0,,,,,1.0696000E-6,23.60000038,
,,,1.0700001E-6,-39.99999911E-3,,,,,1.0700001E-6,0.0,,,,,1.0700001E-6,23.60000038,
,,,1.0704000E-6,-39.99999911E-3,,,,,1.0704000E-6,39.99999911E-3,,,,,1.0704000E-6,23.60000038,
,,,1.0708001E-6,-39.99999911E-3,,,,,1.0708001E-6,0.0,,,,,1.0708001E-6,23.20000076,
,,,1.0712000E-6,-39.99999911E-3,,,,,1.0712000E-6,0.0,,,,,1.0712000E-6,23.20000076,
,,,1.0716000E-6,-39.99999911E-3,,,,,1.0716000E-6,0.0,,,,,1.0716000E-6,23.20000076,
,,,1.0720000E-6,-39.99999911E-3,,,,,1.0720000E-6,0.0,,,,,1.0720000E-6,23.60000038,
,,,1.0724000E-6,0.0,,,,,1.0724000E-6,0.0,,,,,1.0724000E-6,23.60000038,
,,,1.0728000E-6,0.0,,,,,1.0728000E-6,-39.99999911E-3,,,,,1.0728000E-6,23.60000038,
,,,1.0732000E-6,39.99999911E-3,,,,,1.0732000E-6,-39.99999911E-3,,,,,1.0732000E-6,23.60000038,
,,,1.0736001E-6,0.0,,,,,1.0736001E-6,-39.99999911E-3,,,,,1.0736001E-6,23.20000076,
,,,1.0740000E-6,-39.99999911E-3,,,,,1.0740000E-6,-39.99999911E-3,,,,,1.0740000E-6,23.20000076,
,,,1.0744000E-6,-39.99999911E-3,,,,,1.0744000E-6,0.0,,,,,1.0744000E-6,23.20000076,
,,,1.0748000E-6,-39.99999911E-3,,,,,1.0748000E-6,-39.99999911E-3,,,,,1.0748000E-6,23.20000076,
,,,1.0752000E-6,-39.99999911E-3,,,,,1.0752000E-6,-39.99999911E-3,,,,,1.0752000E-6,23.20000076,
,,,1.0756000E-6,0.0,,,,,1.0756000E-6,-79.999998212E-3,,,,,1.0756000E-6,23.20000076,
,,,1.0760000E-6,0.0,,,,,1.0760000E-6,-79.999998212E-3,,,,,1.0760000E-6,23.20000076,
,,,1.0764001E-6,0.0,,,,,1.0764001E-6,-79.999998212E-3,,,,,1.0764001E-6,23.20000076,
,,,1.0768000E-6,-39.99999911E-3,,,,,1.0768000E-6,-79.999998212E-3,,,,,1.0768000E-6,23.20000076,
,,,1.0772001E-6,-39.99999911E-3,,,,,1.0772001E-6,-39.99999911E-3,,,,,1.0772001E-6,23.20000076,
,,,1.0776000E-6,-39.99999911E-3,,,,,1.0776000E-6,0.0,,,,,1.0776000E-6,23.20000076,
,,,1.0780000E-6,-39.99999911E-3,,,,,1.0780000E-6,0.0,,,,,1.0780000E-6,23.20000076,
,,,1.0784000E-6,0.0,,,,,1.0784000E-6,0.0,,,,,1.0784000E-6,23.20000076,
,,,1.0788000E-6,0.0,,,,,1.0788000E-6,0.0,,,,,1.0788000E-6,23.20000076,
,,,1.0792000E-6,0.0,,,,,1.0792000E-6,0.0,,,,,1.0792000E-6,23.20000076,
,,,1.0796000E-6,0.0,,,,,1.0796000E-6,-39.99999911E-3,,,,,1.0796000E-6,23.20000076,
,,,1.0800001E-6,0.0,,,,,1.0800001E-6,-39.99999911E-3,,,,,1.0800001E-6,23.20000076,
,,,1.0804000E-6,0.0,,,,,1.0804000E-6,-39.99999911E-3,,,,,1.0804000E-6,23.20000076,
,,,1.0808000E-6,0.0,,,,,1.0808000E-6,-39.99999911E-3,,,,,1.0808000E-6,23.20000076,
,,,1.0812000E-6,0.0,,,,,1.0812000E-6,-39.99999911E-3,,,,,1.0812000E-6,23.20000076,
,,,1.0816000E-6,-39.99999911E-3,,,,,1.0816000E-6,-39.99999911E-3,,,,,1.0816000E-6,23.20000076,
,,,1.0820000E-6,-39.99999911E-3,,,,,1.0820000E-6,-39.99999911E-3,,,,,1.0820000E-6,22.80000114,
,,,1.0824000E-6,-39.99999911E-3,,,,,1.0824000E-6,-39.99999911E-3,,,,,1.0824000E-6,23.20000076,
,,,1.0828001E-6,-39.99999911E-3,,,,,1.0828001E-6,-39.99999911E-3,,,,,1.0828001E-6,22.80000114,
,,,1.0832000E-6,-39.99999911E-3,,,,,1.0832000E-6,-39.99999911E-3,,,,,1.0832000E-6,22.80000114,
,,,1.0836000E-6,-39.99999911E-3,,,,,1.0836000E-6,0.0,,,,,1.0836000E-6,22.80000114,
,,,1.0840000E-6,-39.99999911E-3,,,,,1.0840000E-6,0.0,,,,,1.0840000E-6,23.20000076,
,,,1.0844000E-6,-39.99999911E-3,,,,,1.0844000E-6,0.0,,,,,1.0844000E-6,23.20000076,
,,,1.0848000E-6,-39.99999911E-3,,,,,1.0848000E-6,-39.99999911E-3,,,,,1.0848000E-6,23.20000076,
,,,1.0852000E-6,-39.99999911E-3,,,,,1.0852000E-6,-39.99999911E-3,,,,,1.0852000E-6,23.20000076,
,,,1.0856000E-6,0.0,,,,,1.0856000E-6,-39.99999911E-3,,,,,1.0856000E-6,22.80000114,
,,,1.0860000E-6,0.0,,,,,1.0860000E-6,-39.99999911E-3,,,,,1.0860000E-6,23.20000076,
,,,1.0864001E-6,39.99999911E-3,,,,,1.0864001E-6,0.0,,,,,1.0864001E-6,23.20000076,
,,,1.0868000E-6,0.0,,,,,1.0868000E-6,0.0,,,,,1.0868000E-6,23.20000076,
,,,1.0872000E-6,-39.99999911E-3,,,,,1.0872000E-6,0.0,,,,,1.0872000E-6,23.20000076,
,,,1.0876000E-6,-79.999998212E-3,,,,,1.0876000E-6,0.0,,,,,1.0876000E-6,23.20000076,
,,,1.0880000E-6,-79.999998212E-3,,,,,1.0880000E-6,0.0,,,,,1.0880000E-6,23.20000076,
,,,1.0884000E-6,-39.99999911E-3,,,,,1.0884000E-6,39.99999911E-3,,,,,1.0884000E-6,23.20000076,
,,,1.0888000E-6,-39.99999911E-3,,,,,1.0888000E-6,0.0,,,,,1.0888000E-6,23.20000076,
,,,1.0892001E-6,0.0,,,,,1.0892001E-6,0.0,,,,,1.0892001E-6,23.20000076,
,,,1.0896000E-6,39.99999911E-3,,,,,1.0896000E-6,0.0,,,,,1.0896000E-6,23.20000076,
,,,1.0900000E-6,39.99999911E-3,,,,,1.0900000E-6,0.0,,,,,1.0900000E-6,23.20000076,
,,,1.0904000E-6,39.99999911E-3,,,,,1.0904000E-6,39.99999911E-3,,,,,1.0904000E-6,23.20000076,
,,,1.0908000E-6,0.0,,,,,1.0908000E-6,39.99999911E-3,,,,,1.0908000E-6,23.60000038,
,,,1.0912000E-6,0.0,,,,,1.0912000E-6,39.99999911E-3,,,,,1.0912000E-6,23.60000038,
,,,1.0916000E-6,-39.99999911E-3,,,,,1.0916000E-6,0.0,,,,,1.0916000E-6,23.60000038,
,,,1.0920000E-6,-39.99999911E-3,,,,,1.0920000E-6,0.0,,,,,1.0920000E-6,23.60000038,
,,,1.0924000E-6,-39.99999911E-3,,,,,1.0924000E-6,0.0,,,,,1.0924000E-6,23.60000038,
,,,1.0928001E-6,-79.999998212E-3,,,,,1.0928001E-6,-39.99999911E-3,,,,,1.0928001E-6,23.20000076,
,,,1.0932000E-6,-39.99999911E-3,,,,,1.0932000E-6,-39.99999911E-3,,,,,1.0932000E-6,23.20000076,
,,,1.0936000E-6,-39.99999911E-3,,,,,1.0936000E-6,-39.99999911E-3,,,,,1.0936000E-6,23.20000076,
,,,1.0940000E-6,-39.99999911E-3,,,,,1.0940000E-6,-39.99999911E-3,,,,,1.0940000E-6,22.80000114,
,,,1.0944000E-6,0.0,,,,,1.0944000E-6,0.0,,,,,1.0944000E-6,23.20000076,
,,,1.0948000E-6,0.0,,,,,1.0948000E-6,0.0,,,,,1.0948000E-6,23.20000076,
,,,1.0952000E-6,0.0,,,,,1.0952000E-6,0.0,,,,,1.0952000E-6,23.20000076,
,,,1.0956001E-6,0.0,,,,,1.0956001E-6,-39.99999911E-3,,,,,1.0956001E-6,23.60000038,
,,,1.0960000E-6,0.0,,,,,1.0960000E-6,-39.99999911E-3,,,,,1.0960000E-6,23.60000038,
,,,1.0964000E-6,0.0,,,,,1.0964000E-6,-39.99999911E-3,,,,,1.0964000E-6,23.60000038,
,,,1.0968000E-6,0.0,,,,,1.0968000E-6,-39.99999911E-3,,,,,1.0968000E-6,23.20000076,
,,,1.0972000E-6,0.0,,,,,1.0972000E-6,-39.99999911E-3,,,,,1.0972000E-6,23.20000076,
,,,1.0976000E-6,0.0,,,,,1.0976000E-6,-39.99999911E-3,,,,,1.0976000E-6,22.80000114,
,,,1.0980000E-6,0.0,,,,,1.0980000E-6,-39.99999911E-3,,,,,1.0980000E-6,23.20000076,
,,,1.0984000E-6,0.0,,,,,1.0984000E-6,-39.99999911E-3,,,,,1.0984000E-6,23.20000076,
,,,1.0988000E-6,0.0,,,,,1.0988000E-6,-39.99999911E-3,,,,,1.0988000E-6,23.20000076,
,,,1.0992001E-6,0.0,,,,,1.0992001E-6,-39.99999911E-3,,,,,1.0992001E-6,23.20000076,
,,,1.0996000E-6,39.99999911E-3,,,,,1.0996000E-6,-39.99999911E-3,,,,,1.0996000E-6,23.20000076,
,,,1.1000000E-6,39.99999911E-3,,,,,1.1000000E-6,-39.99999911E-3,,,,,1.1000000E-6,23.20000076,
,,,1.1004000E-6,39.99999911E-3,,,,,1.1004000E-6,-39.99999911E-3,,,,,1.1004000E-6,22.80000114,
,,,1.1008000E-6,0.0,,,,,1.1008000E-6,-39.99999911E-3,,,,,1.1008000E-6,22.80000114,
,,,1.1012000E-6,0.0,,,,,1.1012000E-6,-39.99999911E-3,,,,,1.1012000E-6,22.80000114,
,,,1.1016000E-6,0.0,,,,,1.1016000E-6,-39.99999911E-3,,,,,1.1016000E-6,22.80000114,
,,,1.1020001E-6,-39.99999911E-3,,,,,1.1020001E-6,-39.99999911E-3,,,,,1.1020001E-6,22.80000114,
,,,1.1024000E-6,0.0,,,,,1.1024000E-6,-39.99999911E-3,,,,,1.1024000E-6,22.80000114,
,,,1.1028000E-6,0.0,,,,,1.1028000E-6,-79.999998212E-3,,,,,1.1028000E-6,23.20000076,
,,,1.1032000E-6,0.0,,,,,1.1032000E-6,-79.999998212E-3,,,,,1.1032000E-6,23.60000038,
,,,1.1036000E-6,0.0,,,,,1.1036000E-6,-79.999998212E-3,,,,,1.1036000E-6,23.60000038,
,,,1.1040000E-6,0.0,,,,,1.1040000E-6,-79.999998212E-3,,,,,1.1040000E-6,24.00000000,
,,,1.1044000E-6,0.0,,,,,1.1044000E-6,-39.99999911E-3,,,,,1.1044000E-6,24.00000000,
,,,1.1048000E-6,0.0,,,,,1.1048000E-6,-39.99999911E-3,,,,,1.1048000E-6,23.60000038,
,,,1.1052000E-6,0.0,,,,,1.1052000E-6,0.0,,,,,1.1052000E-6,23.60000038,
,,,1.1056001E-6,0.0,,,,,1.1056001E-6,-39.99999911E-3,,,,,1.1056001E-6,23.20000076,
,,,1.1060000E-6,0.0,,,,,1.1060000E-6,-79.999998212E-3,,,,,1.1060000E-6,23.20000076,
,,,1.1064000E-6,0.0,,,,,1.1064000E-6,-79.999998212E-3,,,,,1.1064000E-6,23.20000076,
,,,1.1068000E-6,-39.99999911E-3,,,,,1.1068000E-6,-79.999998212E-3,,,,,1.1068000E-6,23.20000076,
,,,1.1072000E-6,-39.99999911E-3,,,,,1.1072000E-6,-79.999998212E-3,,,,,1.1072000E-6,23.20000076,
,,,1.1076000E-6,-39.99999911E-3,,,,,1.1076000E-6,-39.99999911E-3,,,,,1.1076000E-6,23.20000076,
,,,1.1080000E-6,-39.99999911E-3,,,,,1.1080000E-6,-39.99999911E-3,,,,,1.1080000E-6,23.20000076,
,,,1.1084001E-6,-39.99999911E-3,,,,,1.1084001E-6,-39.99999911E-3,,,,,1.1084001E-6,23.20000076,
,,,1.1088000E-6,-39.99999911E-3,,,,,1.1088000E-6,-39.99999911E-3,,,,,1.1088000E-6,23.20000076,
,,,1.1092000E-6,-39.99999911E-3,,,,,1.1092000E-6,-39.99999911E-3,,,,,1.1092000E-6,23.20000076,
,,,1.1096000E-6,-39.99999911E-3,,,,,1.1096000E-6,-39.99999911E-3,,,,,1.1096000E-6,23.20000076,
,,,1.1100000E-6,-39.99999911E-3,,,,,1.1100000E-6,-39.99999911E-3,,,,,1.1100000E-6,23.20000076,
,,,1.1104000E-6,-39.99999911E-3,,,,,1.1104000E-6,-39.99999911E-3,,,,,1.1104000E-6,22.80000114,
,,,1.1108000E-6,-39.99999911E-3,,,,,1.1108000E-6,-79.999998212E-3,,,,,1.1108000E-6,23.20000076,
,,,1.1112000E-6,-39.99999911E-3,,,,,1.1112000E-6,-79.999998212E-3,,,,,1.1112000E-6,23.20000076,
,,,1.1116000E-6,0.0,,,,,1.1116000E-6,-79.999998212E-3,,,,,1.1116000E-6,23.20000076,
,,,1.1120001E-6,0.0,,,,,1.1120001E-6,-79.999998212E-3,,,,,1.1120001E-6,23.20000076,
,,,1.1124000E-6,39.99999911E-3,,,,,1.1124000E-6,-39.99999911E-3,,,,,1.1124000E-6,23.20000076,
,,,1.1128000E-6,0.0,,,,,1.1128000E-6,-79.999998212E-3,,,,,1.1128000E-6,23.20000076,
,,,1.1132000E-6,0.0,,,,,1.1132000E-6,-79.999998212E-3,,,,,1.1132000E-6,23.20000076,
,,,1.1136000E-6,0.0,,,,,1.1136000E-6,-79.999998212E-3,,,,,1.1136000E-6,23.60000038,
,,,1.1140000E-6,0.0,,,,,1.1140000E-6,-79.999998212E-3,,,,,1.1140000E-6,23.60000038,
,,,1.1144000E-6,0.0,,,,,1.1144000E-6,-39.99999911E-3,,,,,1.1144000E-6,23.60000038,
,,,1.1148001E-6,-39.99999911E-3,,,,,1.1148001E-6,-39.99999911E-3,,,,,1.1148001E-6,23.60000038,
,,,1.1152000E-6,-39.99999911E-3,,,,,1.1152000E-6,-39.99999911E-3,,,,,1.1152000E-6,23.60000038,
,,,1.1156000E-6,-39.99999911E-3,,,,,1.1156000E-6,-39.99999911E-3,,,,,1.1156000E-6,23.60000038,
,,,1.1160000E-6,-39.99999911E-3,,,,,1.1160000E-6,-39.99999911E-3,,,,,1.1160000E-6,23.60000038,
,,,1.1164000E-6,0.0,,,,,1.1164000E-6,0.0,,,,,1.1164000E-6,23.20000076,
,,,1.1168000E-6,-39.99999911E-3,,,,,1.1168000E-6,0.0,,,,,1.1168000E-6,23.20000076,
,,,1.1172000E-6,-39.99999911E-3,,,,,1.1172000E-6,0.0,,,,,1.1172000E-6,23.20000076,
,,,1.1176000E-6,-39.99999911E-3,,,,,1.1176000E-6,-39.99999911E-3,,,,,1.1176000E-6,23.60000038,
,,,1.1180000E-6,-39.99999911E-3,,,,,1.1180000E-6,-39.99999911E-3,,,,,1.1180000E-6,23.20000076,
,,,1.1184001E-6,0.0,,,,,1.1184001E-6,-39.99999911E-3,,,,,1.1184001E-6,23.20000076,
,,,1.1188000E-6,0.0,,,,,1.1188000E-6,-39.99999911E-3,,,,,1.1188000E-6,23.60000038,
,,,1.1192000E-6,0.0,,,,,1.1192000E-6,-39.99999911E-3,,,,,1.1192000E-6,23.60000038,
,,,1.1196000E-6,-39.99999911E-3,,,,,1.1196000E-6,0.0,,,,,1.1196000E-6,23.60000038,
,,,1.1200000E-6,-39.99999911E-3,,,,,1.1200000E-6,0.0,,,,,1.1200000E-6,23.60000038,
,,,1.1204000E-6,-39.99999911E-3,,,,,1.1204000E-6,0.0,,,,,1.1204000E-6,23.60000038,
,,,1.1208000E-6,-39.99999911E-3,,,,,1.1208000E-6,-39.99999911E-3,,,,,1.1208000E-6,23.20000076,
,,,1.1212001E-6,-39.99999911E-3,,,,,1.1212001E-6,-39.99999911E-3,,,,,1.1212001E-6,23.20000076,
,,,1.1216000E-6,-39.99999911E-3,,,,,1.1216000E-6,-39.99999911E-3,,,,,1.1216000E-6,23.20000076,
,,,1.1220000E-6,-39.99999911E-3,,,,,1.1220000E-6,-39.99999911E-3,,,,,1.1220000E-6,23.20000076,
,,,1.1224000E-6,-39.99999911E-3,,,,,1.1224000E-6,-39.99999911E-3,,,,,1.1224000E-6,23.20000076,
,,,1.1228000E-6,-39.99999911E-3,,,,,1.1228000E-6,-39.99999911E-3,,,,,1.1228000E-6,23.20000076,
,,,1.1232000E-6,-39.99999911E-3,,,,,1.1232000E-6,-39.99999911E-3,,,,,1.1232000E-6,23.20000076,
,,,1.1236000E-6,-39.99999911E-3,,,,,1.1236000E-6,-39.99999911E-3,,,,,1.1236000E-6,22.80000114,
,,,1.1240001E-6,-39.99999911E-3,,,,,1.1240001E-6,-39.99999911E-3,,,,,1.1240001E-6,22.80000114,
,,,1.1244000E-6,-39.99999911E-3,,,,,1.1244000E-6,-39.99999911E-3,,,,,1.1244000E-6,22.80000114,
,,,1.1248001E-6,-39.99999911E-3,,,,,1.1248001E-6,-39.99999911E-3,,,,,1.1248001E-6,23.20000076,
,,,1.1252000E-6,-39.99999911E-3,,,,,1.1252000E-6,-39.99999911E-3,,,,,1.1252000E-6,23.20000076,
,,,1.1256000E-6,0.0,,,,,1.1256000E-6,-39.99999911E-3,,,,,1.1256000E-6,23.20000076,
,,,1.1260000E-6,-39.99999911E-3,,,,,1.1260000E-6,-39.99999911E-3,,,,,1.1260000E-6,23.20000076,
,,,1.1264000E-6,-39.99999911E-3,,,,,1.1264000E-6,-39.99999911E-3,,,,,1.1264000E-6,22.80000114,
,,,1.1268000E-6,-79.999998212E-3,,,,,1.1268000E-6,-39.99999911E-3,,,,,1.1268000E-6,22.80000114,
,,,1.1272000E-6,-79.999998212E-3,,,,,1.1272000E-6,-39.99999911E-3,,,,,1.1272000E-6,22.80000114,
,,,1.1276001E-6,-79.999998212E-3,,,,,1.1276001E-6,0.0,,,,,1.1276001E-6,23.20000076,
,,,1.1280000E-6,-79.999998212E-3,,,,,1.1280000E-6,0.0,,,,,1.1280000E-6,23.20000076,
,,,1.1284000E-6,-39.99999911E-3,,,,,1.1284000E-6,0.0,,,,,1.1284000E-6,23.20000076,
,,,1.1288000E-6,-39.99999911E-3,,,,,1.1288000E-6,-39.99999911E-3,,,,,1.1288000E-6,23.20000076,
,,,1.1292000E-6,-39.99999911E-3,,,,,1.1292000E-6,-39.99999911E-3,,,,,1.1292000E-6,23.20000076,
,,,1.1296000E-6,0.0,,,,,1.1296000E-6,-39.99999911E-3,,,,,1.1296000E-6,23.20000076,
,,,1.1300000E-6,0.0,,,,,1.1300000E-6,-39.99999911E-3,,,,,1.1300000E-6,23.20000076,
,,,1.1304001E-6,0.0,,,,,1.1304001E-6,0.0,,,,,1.1304001E-6,23.20000076,
,,,1.1308000E-6,-39.99999911E-3,,,,,1.1308000E-6,0.0,,,,,1.1308000E-6,22.80000114,
,,,1.1312001E-6,-39.99999911E-3,,,,,1.1312001E-6,0.0,,,,,1.1312001E-6,23.20000076,
,,,1.1316000E-6,-39.99999911E-3,,,,,1.1316000E-6,0.0,,,,,1.1316000E-6,23.20000076,
,,,1.1320000E-6,-39.99999911E-3,,,,,1.1320000E-6,0.0,,,,,1.1320000E-6,23.60000038,
,,,1.1324000E-6,-39.99999911E-3,,,,,1.1324000E-6,0.0,,,,,1.1324000E-6,23.60000038,
,,,1.1328000E-6,-79.999998212E-3,,,,,1.1328000E-6,0.0,,,,,1.1328000E-6,23.60000038,
,,,1.1332000E-6,-79.999998212E-3,,,,,1.1332000E-6,0.0,,,,,1.1332000E-6,23.60000038,
,,,1.1336000E-6,-119.9999973E-3,,,,,1.1336000E-6,39.99999911E-3,,,,,1.1336000E-6,23.60000038,
,,,1.1340001E-6,-119.9999973E-3,,,,,1.1340001E-6,39.99999911E-3,,,,,1.1340001E-6,23.20000076,
,,,1.1344000E-6,-79.999998212E-3,,,,,1.1344000E-6,39.99999911E-3,,,,,1.1344000E-6,23.20000076,
,,,1.1348000E-6,-79.999998212E-3,,,,,1.1348000E-6,0.0,,,,,1.1348000E-6,23.20000076,
,,,1.1352000E-6,-39.99999911E-3,,,,,1.1352000E-6,-39.99999911E-3,,,,,1.1352000E-6,23.20000076,
,,,1.1356000E-6,0.0,,,,,1.1356000E-6,-39.99999911E-3,,,,,1.1356000E-6,23.20000076,
,,,1.1360000E-6,0.0,,,,,1.1360000E-6,-39.99999911E-3,,,,,1.1360000E-6,23.60000038,
,,,1.1364000E-6,0.0,,,,,1.1364000E-6,-39.99999911E-3,,,,,1.1364000E-6,23.20000076,
,,,1.1368001E-6,-39.99999911E-3,,,,,1.1368001E-6,-39.99999911E-3,,,,,1.1368001E-6,23.60000038,
,,,1.1372000E-6,-39.99999911E-3,,,,,1.1372000E-6,-39.99999911E-3,,,,,1.1372000E-6,23.60000038,
,,,1.1376001E-6,-39.99999911E-3,,,,,1.1376001E-6,-39.99999911E-3,,,,,1.1376001E-6,23.20000076,
,,,1.1380000E-6,-39.99999911E-3,,,,,1.1380000E-6,-39.99999911E-3,,,,,1.1380000E-6,23.20000076,
,,,1.1384000E-6,-39.99999911E-3,,,,,1.1384000E-6,0.0,,,,,1.1384000E-6,22.80000114,
,,,1.1388000E-6,-39.99999911E-3,,,,,1.1388000E-6,0.0,,,,,1.1388000E-6,23.20000076,
,,,1.1392000E-6,-39.99999911E-3,,,,,1.1392000E-6,0.0,,,,,1.1392000E-6,23.20000076,
,,,1.1396000E-6,-39.99999911E-3,,,,,1.1396000E-6,0.0,,,,,1.1396000E-6,23.20000076,
,,,1.1400000E-6,-39.99999911E-3,,,,,1.1400000E-6,0.0,,,,,1.1400000E-6,23.20000076,
,,,1.1404001E-6,-39.99999911E-3,,,,,1.1404001E-6,0.0,,,,,1.1404001E-6,23.20000076,
,,,1.1408000E-6,-39.99999911E-3,,,,,1.1408000E-6,-39.99999911E-3,,,,,1.1408000E-6,22.80000114,
,,,1.1412000E-6,-39.99999911E-3,,,,,1.1412000E-6,-39.99999911E-3,,,,,1.1412000E-6,22.39999962,
,,,1.1416000E-6,0.0,,,,,1.1416000E-6,-39.99999911E-3,,,,,1.1416000E-6,22.39999962,
,,,1.1420000E-6,0.0,,,,,1.1420000E-6,-79.999998212E-3,,,,,1.1420000E-6,22.80000114,
,,,1.1424000E-6,0.0,,,,,1.1424000E-6,-39.99999911E-3,,,,,1.1424000E-6,22.80000114,
,,,1.1428000E-6,0.0,,,,,1.1428000E-6,-39.99999911E-3,,,,,1.1428000E-6,22.39999962,
,,,1.1432001E-6,0.0,,,,,1.1432001E-6,-39.99999911E-3,,,,,1.1432001E-6,22.39999962,
,,,1.1436000E-6,-39.99999911E-3,,,,,1.1436000E-6,0.0,,,,,1.1436000E-6,22.39999962,
,,,1.1440001E-6,-39.99999911E-3,,,,,1.1440001E-6,0.0,,,,,1.1440001E-6,22.39999962,
,,,1.1444000E-6,-39.99999911E-3,,,,,1.1444000E-6,0.0,,,,,1.1444000E-6,22.39999962,
,,,1.1448000E-6,-79.999998212E-3,,,,,1.1448000E-6,0.0,,,,,1.1448000E-6,22.80000114,
,,,1.1452000E-6,-39.99999911E-3,,,,,1.1452000E-6,0.0,,,,,1.1452000E-6,22.80000114,
,,,1.1456000E-6,-39.99999911E-3,,,,,1.1456000E-6,0.0,,,,,1.1456000E-6,22.80000114,
,,,1.1460000E-6,-39.99999911E-3,,,,,1.1460000E-6,0.0,,,,,1.1460000E-6,22.39999962,
,,,1.1464000E-6,0.0,,,,,1.1464000E-6,39.99999911E-3,,,,,1.1464000E-6,22.39999962,
,,,1.1468001E-6,0.0,,,,,1.1468001E-6,39.99999911E-3,,,,,1.1468001E-6,22.39999962,
,,,1.1472000E-6,0.0,,,,,1.1472000E-6,79.999998212E-3,,,,,1.1472000E-6,22.39999962,
,,,1.1476000E-6,39.99999911E-3,,,,,1.1476000E-6,79.999998212E-3,,,,,1.1476000E-6,22.39999962,
,,,1.1480000E-6,39.99999911E-3,,,,,1.1480000E-6,39.99999911E-3,,,,,1.1480000E-6,22.39999962,
,,,1.1484000E-6,39.99999911E-3,,,,,1.1484000E-6,39.99999911E-3,,,,,1.1484000E-6,22.39999962,
,,,1.1488000E-6,0.0,,,,,1.1488000E-6,0.0,,,,,1.1488000E-6,22.39999962,
,,,1.1492000E-6,-39.99999911E-3,,,,,1.1492000E-6,0.0,,,,,1.1492000E-6,22.39999962,
,,,1.1496001E-6,-79.999998212E-3,,,,,1.1496001E-6,0.0,,,,,1.1496001E-6,22.39999962,
,,,1.1500000E-6,-79.999998212E-3,,,,,1.1500000E-6,0.0,,,,,1.1500000E-6,22.39999962,
,,,1.1504001E-6,-79.999998212E-3,,,,,1.1504001E-6,0.0,,,,,1.1504001E-6,22.39999962,
,,,1.1508000E-6,-79.999998212E-3,,,,,1.1508000E-6,-39.99999911E-3,,,,,1.1508000E-6,22.39999962,
,,,1.1512000E-6,-79.999998212E-3,,,,,1.1512000E-6,-39.99999911E-3,,,,,1.1512000E-6,22.39999962,
,,,1.1516000E-6,-39.99999911E-3,,,,,1.1516000E-6,-39.99999911E-3,,,,,1.1516000E-6,22.39999962,
,,,1.1520000E-6,-39.99999911E-3,,,,,1.1520000E-6,-39.99999911E-3,,,,,1.1520000E-6,22.39999962,
,,,1.1524000E-6,0.0,,,,,1.1524000E-6,0.0,,,,,1.1524000E-6,22.39999962,
,,,1.1528000E-6,0.0,,,,,1.1528000E-6,-39.99999911E-3,,,,,1.1528000E-6,22.39999962,
,,,1.1532001E-6,0.0,,,,,1.1532001E-6,-39.99999911E-3,,,,,1.1532001E-6,22.39999962,
,,,1.1536000E-6,-39.99999911E-3,,,,,1.1536000E-6,-79.999998212E-3,,,,,1.1536000E-6,22.39999962,
,,,1.1540000E-6,-79.999998212E-3,,,,,1.1540000E-6,-79.999998212E-3,,,,,1.1540000E-6,22.80000114,
,,,1.1544000E-6,-79.999998212E-3,,,,,1.1544000E-6,-79.999998212E-3,,,,,1.1544000E-6,22.80000114,
,,,1.1548000E-6,-119.9999973E-3,,,,,1.1548000E-6,-79.999998212E-3,,,,,1.1548000E-6,22.39999962,
,,,1.1552000E-6,-79.999998212E-3,,,,,1.1552000E-6,-79.999998212E-3,,,,,1.1552000E-6,22.39999962,
,,,1.1556000E-6,-79.999998212E-3,,,,,1.1556000E-6,-39.99999911E-3,,,,,1.1556000E-6,22.39999962,
,,,1.1560001E-6,-79.999998212E-3,,,,,1.1560001E-6,-39.99999911E-3,,,,,1.1560001E-6,22.39999962,
,,,1.1564000E-6,-79.999998212E-3,,,,,1.1564000E-6,-39.99999911E-3,,,,,1.1564000E-6,22.39999962,
,,,1.1568001E-6,-79.999998212E-3,,,,,1.1568001E-6,-39.99999911E-3,,,,,1.1568001E-6,22.39999962,
,,,1.1572000E-6,-79.999998212E-3,,,,,1.1572000E-6,0.0,,,,,1.1572000E-6,22.39999962,
,,,1.1576000E-6,-39.99999911E-3,,,,,1.1576000E-6,39.99999911E-3,,,,,1.1576000E-6,22.80000114,
,,,1.1580000E-6,-39.99999911E-3,,,,,1.1580000E-6,39.99999911E-3,,,,,1.1580000E-6,22.80000114,
,,,1.1584000E-6,0.0,,,,,1.1584000E-6,39.99999911E-3,,,,,1.1584000E-6,22.80000114,
,,,1.1588000E-6,0.0,,,,,1.1588000E-6,39.99999911E-3,,,,,1.1588000E-6,22.39999962,
,,,1.1592000E-6,0.0,,,,,1.1592000E-6,39.99999911E-3,,,,,1.1592000E-6,22.00000000,
,,,1.1596001E-6,0.0,,,,,1.1596001E-6,0.0,,,,,1.1596001E-6,22.00000000,
