Record Length,2500,Points,-959.999965744E-9,-39.99999911E-3,,Record Length,2500,Points,-959.999965744E-9,-39.99999911E-3,,Record Length,2500,Points,-959.999965744E-9,0.0,
Sample Interval,3.99999989E-9,s,-956.000008046E-9,0.0,,Sample Interval,3.99999989E-9,s,-956.000008046E-9,-39.99999911E-3,,Sample Interval,3.99999989E-9,s,-956.000008046E-9,400.00000596E-3,
Trigger Point,239.99999822,Samples,-951.999993504E-9,-39.99999911E-3,,Trigger Point,239.99999822,Samples,-951.999993504E-9,0.0,,Trigger Point,239.99999822,Samples,-951.999993504E-9,0.0,
,,,-947.999978962E-9,-39.99999911E-3,,,,,-947.999978962E-9,0.0,,,,,-947.999978962E-9,0.0,
,,,-943.999964420E-9,-39.99999911E-3,,,,,-943.999964420E-9,39.99999911E-3,,,,,-943.999964420E-9,0.0,
,,,-939.999949878E-9,-79.999998212E-3,,,,,-939.999949878E-9,0.0,,,,,-939.999949878E-9,0.0,
Source,CH1,,-935.999992180E-9,-39.99999911E-3,,Source,CH2,,-935.999992180E-9,39.99999911E-3,,Source,MATH,,-935.999992180E-9,0.0,
Vertical Units,Volts,,-931.999977638E-9,-39.99999911E-3,,Vertical Units,Volts,,-931.999977638E-9,39.99999911E-3,,Vertical Units,Volts,,-931.999977638E-9,0.0,
Vertical Scale,999.999977648E-3,,-927.999963096E-9,0.0,,Vertical Scale,999.999977648E-3,,-927.999963096E-9,0.0,,Vertical Scale,10.0000001,,-927.999963096E-9,0.0,
Vertical Offset,0,,-923.999948554E-9,-39.99999911E-3,,Vertical Offset,0,,-923.999948554E-9,0.0,,Vertical Offset,0,,-923.999948554E-9,-400.00000596E-3,
Horizontal Units,s,,-919.999990856E-9,-39.99999911E-3,,Horizontal Units,s,,-919.999990856E-9,39.99999911E-3,,Horizontal Units,s,,-919.999990856E-9,0.0,
Horizontal Scale,999.999971718E-9,,-915.999976314E-9,-39.99999911E-3,,Horizontal Scale,999.999971718E-9,,-915.999976314E-9,0.0,,Horizontal Scale,999.999971718E-9,,-915.999976314E-9,0.0,
Pt Fmt,Y,,-911.999961772E-9,-39.99999911E-3,,Pt Fmt,Y,,-911.999961772E-9,39.99999911E-3,,Pt Fmt,Y,,-911.999961772E-9,0.0,
Yzero,-1.7200000,,-907.999947231E-9,-39.99999911E-3,,Yzero,-1.5600000,,-907.999947231E-9,0.0,,Yzero,0.0,,-907.999947231E-9,400.00000596E-3,
Probe Atten,1.000000,,-903.999989532E-9,0.0,,Probe Atten,1.000000,,-903.999989532E-9,39.99999911E-3,,,,,-903.999989532E-9,400.00000596E-3,
,,,-899.999974990E-9,0.0,,,,,-899.999974990E-9,0.0,,,,,-899.999974990E-9,-400.00000596E-3,
Note,TBS 1104 - 3:32:12 PM   2/5/2026,,-895.999960449E-9,0.0,,Note,TBS 1104 - 3:32:12 PM   2/5/2026,,-895.999960449E-9,-39.99999911E-3,,Note,TBS 1104 - 3:32:12 PM   2/5/2026,,-895.999960449E-9,0.0,
,,,-891.999945907E-9,0.0,,,,,-891.999945907E-9,0.0,,,,,-891.999945907E-9,0.0,
,,,-887.999988208E-9,-39.99999911E-3,,,,,-887.999988208E-9,0.0,,,,,-887.999988208E-9,-400.00000596E-3,
,,,-883.999973667E-9,39.99999911E-3,,,,,-883.999973667E-9,39.99999911E-3,,,,,-883.999973667E-9,0.0,
,,,-879.999959125E-9,0.0,,,,,-879.999959125E-9,39.99999911E-3,,,,,-879.999959125E-9,0.0,
,,,-875.999944583E-9,-39.99999911E-3,,,,,-875.999944583E-9,0.0,,,,,-875.999944583E-9,0.0,
,,,-871.999986884E-9,-39.99999911E-3,,,,,-871.999986884E-9,-39.99999911E-3,,,,,-871.999986884E-9,0.0,
,,,-867.999972343E-9,-39.99999911E-3,,,,,-867.999972343E-9,0.0,,,,,-867.999972343E-9,400.00000596E-3,
,,,-863.999957801E-9,-39.99999911E-3,,,,,-863.999957801E-9,39.99999911E-3,,,,,-863.999957801E-9,0.0,
,,,-859.999943259E-9,-79.999998212E-3,,,,,-859.999943259E-9,39.99999911E-3,,,,,-859.999943259E-9,400.00000596E-3,
,,,-855.999985561E-9,-39.99999911E-3,,,,,-855.999985561E-9,39.99999911E-3,,,,,-855.999985561E-9,400.00000596E-3,
,,,-851.999971019E-9,0.0,,,,,-851.999971019E-9,0.0,,,,,-851.999971019E-9,0.0,
,,,-847.999956477E-9,-39.99999911E-3,,,,,-847.999956477E-9,0.0,,,,,-847.999956477E-9,0.0,
,,,-843.999941935E-9,-39.99999911E-3,,,,,-843.999941935E-9,39.99999911E-3,,,,,-843.999941935E-9,0.0,
,,,-839.999984237E-9,0.0,,,,,-839.999984237E-9,-39.99999911E-3,,,,,-839.999984237E-9,0.0,
,,,-835.999969695E-9,0.0,,,,,-835.999969695E-9,39.99999911E-3,,,,,-835.999969695E-9,400.00000596E-3,
,,,-831.999955153E-9,-39.99999911E-3,,,,,-831.999955153E-9,0.0,,,,,-831.999955153E-9,0.0,
,,,-827.999997455E-9,-39.99999911E-3,,,,,-827.999997455E-9,-39.99999911E-3,,,,,-827.999997455E-9,400.00000596E-3,
,,,-823.999982913E-9,-39.99999911E-3,,,,,-823.999982913E-9,0.0,,,,,-823.999982913E-9,0.0,
,,,-819.999968371E-9,0.0,,,,,-819.999968371E-9,-39.99999911E-3,,,,,-819.999968371E-9,0.0,
,,,-815.999953829E-9,0.0,,,,,-815.999953829E-9,39.99999911E-3,,,,,-815.999953829E-9,400.00000596E-3,
,,,-811.999996131E-9,-39.99999911E-3,,,,,-811.999996131E-9,39.99999911E-3,,,,,-811.999996131E-9,0.0,
,,,-807.999981589E-9,0.0,,,,,-807.999981589E-9,-39.99999911E-3,,,,,-807.999981589E-9,0.0,
,,,-803.999967047E-9,-39.99999911E-3,,,,,-803.999967047E-9,39.99999911E-3,,,,,-803.999967047E-9,400.00000596E-3,
,,,-799.999952505E-9,0.0,,,,,-799.999952505E-9,0.0,,,,,-799.999952505E-9,0.0,
,,,-795.999994807E-9,-39.99999911E-3,,,,,-795.999994807E-9,0.0,,,,,-795.999994807E-9,400.00000596E-3,
,,,-791.999980265E-9,-39.99999911E-3,,,,,-791.999980265E-9,0.0,,,,,-791.999980265E-9,0.0,
,,,-787.999965723E-9,-39.99999911E-3,,,,,-787.999965723E-9,0.0,,,,,-787.999965723E-9,400.00000596E-3,
,,,-783.999951182E-9,0.0,,,,,-783.999951182E-9,39.99999911E-3,,,,,-783.999951182E-9,400.00000596E-3,
,,,-779.999993483E-9,-39.99999911E-3,,,,,-779.999993483E-9,39.99999911E-3,,,,,-779.999993483E-9,0.0,
,,,-775.999978941E-9,-39.99999911E-3,,,,,-775.999978941E-9,-39.99999911E-3,,,,,-775.999978941E-9,0.0,
,,,-771.999964400E-9,-39.99999911E-3,,,,,-771.999964400E-9,0.0,,,,,-771.999964400E-9,0.0,
,,,-767.999949858E-9,-39.99999911E-3,,,,,-767.999949858E-9,0.0,,,,,-767.999949858E-9,400.00000596E-3,
,,,-763.999992159E-9,-39.99999911E-3,,,,,-763.999992159E-9,0.0,,,,,-763.999992159E-9,0.0,
,,,-759.999977618E-9,-39.99999911E-3,,,,,-759.999977618E-9,0.0,,,,,-759.999977618E-9,0.0,
,,,-755.999963076E-9,-39.99999911E-3,,,,,-755.999963076E-9,0.0,,,,,-755.999963076E-9,0.0,
,,,-751.999948534E-9,-39.99999911E-3,,,,,-751.999948534E-9,0.0,,,,,-751.999948534E-9,400.00000596E-3,
,,,-747.999990836E-9,-39.99999911E-3,,,,,-747.999990836E-9,39.99999911E-3,,,,,-747.999990836E-9,400.00000596E-3,
,,,-743.999976294E-9,-39.99999911E-3,,,,,-743.999976294E-9,0.0,,,,,-743.999976294E-9,0.0,
,,,-739.999961752E-9,-39.99999911E-3,,,,,-739.999961752E-9,0.0,,,,,-739.999961752E-9,0.0,
,,,-735.999947210E-9,0.0,,,,,-735.999947210E-9,39.99999911E-3,,,,,-735.999947210E-9,-400.00000596E-3,
,,,-731.999989512E-9,0.0,,,,,-731.999989512E-9,39.99999911E-3,,,,,-731.999989512E-9,0.0,
,,,-727.999974970E-9,-39.99999911E-3,,,,,-727.999974970E-9,-39.99999911E-3,,,,,-727.999974970E-9,400.00000596E-3,
,,,-723.999960428E-9,0.0,,,,,-723.999960428E-9,0.0,,,,,-723.999960428E-9,0.0,
,,,-719.999945886E-9,-39.99999911E-3,,,,,-719.999945886E-9,0.0,,,,,-719.999945886E-9,0.0,
,,,-715.999988188E-9,0.0,,,,,-715.999988188E-9,-39.99999911E-3,,,,,-715.999988188E-9,0.0,
,,,-711.999973646E-9,-39.99999911E-3,,,,,-711.999973646E-9,0.0,,,,,-711.999973646E-9,0.0,
,,,-707.999959104E-9,-79.999998212E-3,,,,,-707.999959104E-9,39.99999911E-3,,,,,-707.999959104E-9,0.0,
,,,-703.999944562E-9,-39.99999911E-3,,,,,-703.999944562E-9,39.99999911E-3,,,,,-703.999944562E-9,0.0,
,,,-699.999986864E-9,0.0,,,,,-699.999986864E-9,39.99999911E-3,,,,,-699.999986864E-9,0.0,
,,,-695.999972322E-9,-39.99999911E-3,,,,,-695.999972322E-9,39.99999911E-3,,,,,-695.999972322E-9,0.0,
,,,-691.999957780E-9,-79.999998212E-3,,,,,-691.999957780E-9,-39.99999911E-3,,,,,-691.999957780E-9,0.0,
,,,-688.000000082E-9,-39.99999911E-3,,,,,-688.000000082E-9,0.0,,,,,-688.000000082E-9,0.0,
,,,-683.999985540E-9,-39.99999911E-3,,,,,-683.999985540E-9,0.0,,,,,-683.999985540E-9,400.00000596E-3,
,,,-679.999970998E-9,-39.99999911E-3,,,,,-679.999970998E-9,39.99999911E-3,,,,,-679.999970998E-9,400.00000596E-3,
,,,-675.999956457E-9,-79.999998212E-3,,,,,-675.999956457E-9,-39.99999911E-3,,,,,-675.999956457E-9,0.0,
,,,-671.999998758E-9,-39.99999911E-3,,,,,-671.999998758E-9,0.0,,,,,-671.999998758E-9,400.00000596E-3,
,,,-667.999984216E-9,0.0,,,,,-667.999984216E-9,79.999998212E-3,,,,,-667.999984216E-9,400.00000596E-3,
,,,-663.999969674E-9,0.0,,,,,-663.999969674E-9,39.99999911E-3,,,,,-663.999969674E-9,0.0,
,,,-659.999955133E-9,-39.99999911E-3,,,,,-659.999955133E-9,0.0,,,,,-659.999955133E-9,0.0,
,,,-655.999997434E-9,0.0,,,,,-655.999997434E-9,0.0,,,,,-655.999997434E-9,400.00000596E-3,
,,,-651.999982892E-9,0.0,,,,,-651.999982892E-9,79.999998212E-3,,,,,-651.999982892E-9,400.00000596E-3,
,,,-647.999968351E-9,0.0,,,,,-647.999968351E-9,-39.99999911E-3,,,,,-647.999968351E-9,800.000011921E-3,
,,,-643.999953809E-9,-39.99999911E-3,,,,,-643.999953809E-9,39.99999911E-3,,,,,-643.999953809E-9,0.0,
,,,-639.999996110E-9,0.0,,,,,-639.999996110E-9,0.0,,,,,-639.999996110E-9,0.0,
,,,-635.999981569E-9,-39.99999911E-3,,,,,-635.999981569E-9,0.0,,,,,-635.999981569E-9,0.0,
,,,-631.999967027E-9,0.0,,,,,-631.999967027E-9,0.0,,,,,-631.999967027E-9,400.00000596E-3,
,,,-627.999952485E-9,-39.99999911E-3,,,,,-627.999952485E-9,0.0,,,,,-627.999952485E-9,0.0,
,,,-623.999994787E-9,-39.99999911E-3,,,,,-623.999994787E-9,0.0,,,,,-623.999994787E-9,400.00000596E-3,
,,,-619.999980245E-9,0.0,,,,,-619.999980245E-9,39.99999911E-3,,,,,-619.999980245E-9,400.00000596E-3,
,,,-615.999965703E-9,-39.99999911E-3,,,,,-615.999965703E-9,0.0,,,,,-615.999965703E-9,0.0,
,,,-611.999951161E-9,-79.999998212E-3,,,,,-611.999951161E-9,0.0,,,,,-611.999951161E-9,0.0,
,,,-607.999993463E-9,0.0,,,,,-607.999993463E-9,0.0,,,,,-607.999993463E-9,400.00000596E-3,
,,,-603.999978921E-9,-39.99999911E-3,,,,,-603.999978921E-9,39.99999911E-3,,,,,-603.999978921E-9,0.0,
,,,-599.999964379E-9,0.0,,,,,-599.999964379E-9,39.99999911E-3,,,,,-599.999964379E-9,400.00000596E-3,
,,,-595.999949837E-9,-39.99999911E-3,,,,,-595.999949837E-9,0.0,,,,,-595.999949837E-9,400.00000596E-3,
,,,-591.999992139E-9,-79.999998212E-3,,,,,-591.999992139E-9,39.99999911E-3,,,,,-591.999992139E-9,400.00000596E-3,
,,,-587.999977597E-9,0.0,,,,,-587.999977597E-9,39.99999911E-3,,,,,-587.999977597E-9,0.0,
,,,-583.999963055E-9,-39.99999911E-3,,,,,-583.999963055E-9,-39.99999911E-3,,,,,-583.999963055E-9,400.00000596E-3,
,,,-579.999948513E-9,-39.99999911E-3,,,,,-579.999948513E-9,0.0,,,,,-579.999948513E-9,0.0,
,,,-575.999990815E-9,-39.99999911E-3,,,,,-575.999990815E-9,0.0,,,,,-575.999990815E-9,400.00000596E-3,
,,,-571.999976273E-9,-39.99999911E-3,,,,,-571.999976273E-9,0.0,,,,,-571.999976273E-9,0.0,
,,,-567.999961731E-9,-39.99999911E-3,,,,,-567.999961731E-9,0.0,,,,,-567.999961731E-9,0.0,
,,,-564.000004033E-9,0.0,,,,,-564.000004033E-9,-39.99999911E-3,,,,,-564.000004033E-9,0.0,
,,,-559.999989491E-9,-39.99999911E-3,,,,,-559.999989491E-9,-39.99999911E-3,,,,,-559.999989491E-9,400.00000596E-3,
,,,-555.999974949E-9,-39.99999911E-3,,,,,-555.999974949E-9,-39.99999911E-3,,,,,-555.999974949E-9,400.00000596E-3,
,,,-551.999960408E-9,-39.99999911E-3,,,,,-551.999960408E-9,39.99999911E-3,,,,,-551.999960408E-9,0.0,
,,,-548.000002709E-9,0.0,,,,,-548.000002709E-9,0.0,,,,,-548.000002709E-9,400.00000596E-3,
,,,-543.999988167E-9,-39.99999911E-3,,,,,-543.999988167E-9,0.0,,,,,-543.999988167E-9,400.00000596E-3,
,,,-539.999973626E-9,0.0,,,,,-539.999973626E-9,0.0,,,,,-539.999973626E-9,0.0,
,,,-535.999959084E-9,0.0,,,,,-535.999959084E-9,39.99999911E-3,,,,,-535.999959084E-9,400.00000596E-3,
,,,-532.000001385E-9,-39.99999911E-3,,,,,-532.000001385E-9,0.0,,,,,-532.000001385E-9,0.0,
,,,-527.999986843E-9,-39.99999911E-3,,,,,-527.999986843E-9,0.0,,,,,-527.999986843E-9,0.0,
,,,-523.999972302E-9,0.0,,,,,-523.999972302E-9,0.0,,,,,-523.999972302E-9,0.0,
,,,-519.999957760E-9,-39.99999911E-3,,,,,-519.999957760E-9,39.99999911E-3,,,,,-519.999957760E-9,0.0,
,,,-516.000000061E-9,0.0,,,,,-516.000000061E-9,0.0,,,,,-516.000000061E-9,400.00000596E-3,
,,,-511.999985520E-9,-39.99999911E-3,,,,,-511.999985520E-9,0.0,,,,,-511.999985520E-9,0.0,
,,,-507.999970978E-9,0.0,,,,,-507.999970978E-9,39.99999911E-3,,,,,-507.999970978E-9,400.00000596E-3,
,,,-503.999956436E-9,-39.99999911E-3,,,,,-503.999956436E-9,0.0,,,,,-503.999956436E-9,0.0,
,,,-499.999998738E-9,-39.99999911E-3,,,,,-499.999998738E-9,0.0,,,,,-499.999998738E-9,800.000011921E-3,
,,,-495.999984196E-9,-39.99999911E-3,,,,,-495.999984196E-9,0.0,,,,,-495.999984196E-9,0.0,
,,,-491.999969654E-9,-39.99999911E-3,,,,,-491.999969654E-9,0.0,,,,,-491.999969654E-9,400.00000596E-3,
,,,-487.999955112E-9,0.0,,,,,-487.999955112E-9,39.99999911E-3,,,,,-487.999955112E-9,400.00000596E-3,
,,,-483.999997414E-9,0.0,,,,,-483.999997414E-9,39.99999911E-3,,,,,-483.999997414E-9,400.00000596E-3,
,,,-479.999982872E-9,-39.99999911E-3,,,,,-479.999982872E-9,39.99999911E-3,,,,,-479.999982872E-9,0.0,
,,,-475.999968330E-9,-79.999998212E-3,,,,,-475.999968330E-9,39.99999911E-3,,,,,-475.999968330E-9,800.000011921E-3,
,,,-471.999982210E-9,0.0,,,,,-471.999982210E-9,39.99999911E-3,,,,,-471.999982210E-9,400.00000596E-3,
,,,-467.999967668E-9,-39.99999911E-3,,,,,-467.999967668E-9,0.0,,,,,-467.999967668E-9,400.00000596E-3,
,,,-463.999981548E-9,-39.99999911E-3,,,,,-463.999981548E-9,-39.99999911E-3,,,,,-463.999981548E-9,-400.00000596E-3,
,,,-459.999967006E-9,-39.99999911E-3,,,,,-459.999967006E-9,0.0,,,,,-459.999967006E-9,400.00000596E-3,
,,,-455.999980886E-9,-39.99999911E-3,,,,,-455.999980886E-9,0.0,,,,,-455.999980886E-9,0.0,
,,,-451.999966344E-9,0.0,,,,,-451.999966344E-9,39.99999911E-3,,,,,-451.999966344E-9,400.00000596E-3,
,,,-447.999980224E-9,-39.99999911E-3,,,,,-447.999980224E-9,39.99999911E-3,,,,,-447.999980224E-9,400.00000596E-3,
,,,-443.999994104E-9,0.0,,,,,-443.999994104E-9,-39.99999911E-3,,,,,-443.999994104E-9,0.0,
,,,-439.999979562E-9,0.0,,,,,-439.999979562E-9,0.0,,,,,-439.999979562E-9,400.00000596E-3,
,,,-435.999993442E-9,0.0,,,,,-435.999993442E-9,0.0,,,,,-435.999993442E-9,0.0,
,,,-431.999978900E-9,-39.99999911E-3,,,,,-431.999978900E-9,39.99999911E-3,,,,,-431.999978900E-9,0.0,
,,,-427.999992780E-9,-39.99999911E-3,,,,,-427.999992780E-9,0.0,,,,,-427.999992780E-9,0.0,
,,,-423.999978238E-9,-39.99999911E-3,,,,,-423.999978238E-9,39.99999911E-3,,,,,-423.999978238E-9,0.0,
,,,-419.999992118E-9,0.0,,,,,-419.999992118E-9,39.99999911E-3,,,,,-419.999992118E-9,0.0,
,,,-415.999977577E-9,-39.99999911E-3,,,,,-415.999977577E-9,0.0,,,,,-415.999977577E-9,400.00000596E-3,
,,,-411.999991456E-9,0.0,,,,,-411.999991456E-9,0.0,,,,,-411.999991456E-9,0.0,
,,,-407.999976915E-9,-39.99999911E-3,,,,,-407.999976915E-9,-39.99999911E-3,,,,,-407.999976915E-9,400.00000596E-3,
,,,-403.999990795E-9,0.0,,,,,-403.999990795E-9,0.0,,,,,-403.999990795E-9,0.0,
,,,-399.99997625E-9,-39.99999911E-3,,,,,-399.99997625E-9,0.0,,,,,-399.99997625E-9,400.00000596E-3,
,,,-395.99999013E-9,-39.99999911E-3,,,,,-395.99999013E-9,39.99999911E-3,,,,,-395.99999013E-9,0.0,
,,,-391.99997559E-9,-39.99999911E-3,,,,,-391.99997559E-9,39.99999911E-3,,,,,-391.99997559E-9,400.00000596E-3,
,,,-387.99998947E-9,0.0,,,,,-387.99998947E-9,0.0,,,,,-387.99998947E-9,400.00000596E-3,
,,,-383.99997493E-9,-39.99999911E-3,,,,,-383.99997493E-9,0.0,,,,,-383.99997493E-9,400.00000596E-3,
,,,-379.99998881E-9,-39.99999911E-3,,,,,-379.99998881E-9,-39.99999911E-3,,,,,-379.99998881E-9,400.00000596E-3,
,,,-375.99997427E-9,0.0,,,,,-375.99997427E-9,39.99999911E-3,,,,,-375.99997427E-9,0.0,
,,,-371.99998815E-9,0.0,,,,,-371.99998815E-9,0.0,,,,,-371.99998815E-9,0.0,
,,,-367.99997361E-9,0.0,,,,,-367.99997361E-9,39.99999911E-3,,,,,-367.99997361E-9,800.000011921E-3,
,,,-363.99998748E-9,-39.99999911E-3,,,,,-363.99998748E-9,0.0,,,,,-363.99998748E-9,-400.00000596E-3,
,,,-359.99997294E-9,-39.99999911E-3,,,,,-359.99997294E-9,39.99999911E-3,,,,,-359.99997294E-9,0.0,
,,,-355.99998682E-9,-39.99999911E-3,,,,,-355.99998682E-9,39.99999911E-3,,,,,-355.99998682E-9,0.0,
,,,-351.99997228E-9,-39.99999911E-3,,,,,-351.99997228E-9,39.99999911E-3,,,,,-351.99997228E-9,400.00000596E-3,
,,,-347.99998616E-9,-39.99999911E-3,,,,,-347.99998616E-9,0.0,,,,,-347.99998616E-9,-400.00000596E-3,
,,,-343.99997162E-9,0.0,,,,,-343.99997162E-9,79.999998212E-3,,,,,-343.99997162E-9,-400.00000596E-3,
,,,-339.99998550E-9,39.99999911E-3,,,,,-339.99998550E-9,239.99999464E-3,,,,,-339.99998550E-9,-1.6000000,
,,,-335.99997096E-9,-39.99999911E-3,,,,,-335.99997096E-9,280.00000119E-3,,,,,-335.99997096E-9,-1.2000000,
,,,-331.99998484E-9,-39.99999911E-3,,,,,-331.99998484E-9,239.99999464E-3,,,,,-331.99998484E-9,-800.000011921E-3,
,,,-327.99997030E-9,-39.99999911E-3,,,,,-327.99997030E-9,199.99998808E-3,,,,,-327.99997030E-9,-800.000011921E-3,
,,,-323.99998418E-9,-39.99999911E-3,,,,,-323.99998418E-9,159.99999642E-3,,,,,-323.99998418E-9,-800.000011921E-3,
,,,-319.99996963E-9,39.99999911E-3,,,,,-319.99996963E-9,119.9999973E-3,,,,,-319.99996963E-9,0.0,
,,,-315.99998351E-9,0.0,,,,,-315.99998351E-9,-39.99999911E-3,,,,,-315.99998351E-9,400.00000596E-3,
,,,-311.99999739E-9,79.999998212E-3,,,,,-311.99999739E-9,0.0,,,,,-311.99999739E-9,400.00000596E-3,
,,,-307.99998285E-9,119.9999973E-3,,,,,-307.99998285E-9,119.9999973E-3,,,,,-307.99998285E-9,0.0,
,,,-303.99999673E-9,0.0,,,,,-303.99999673E-9,39.99999911E-3,,,,,-303.99999673E-9,1.2000000,
,,,-299.99998219E-9,0.0,,,,,-299.99998219E-9,79.999998212E-3,,,,,-299.99998219E-9,1.6000000,
,,,-295.99999607E-9,-39.99999911E-3,,,,,-295.99999607E-9,119.9999973E-3,,,,,-295.99999607E-9,1.6000000,
,,,-291.99998153E-9,-159.99999642E-3,,,,,-291.99998153E-9,39.99999911E-3,,,,,-291.99998153E-9,2.0000000,
,,,-287.99999541E-9,-39.99999911E-3,,,,,-287.99999541E-9,79.999998212E-3,,,,,-287.99999541E-9,2.79999995,
,,,-283.99998087E-9,0.0,,,,,-283.99998087E-9,79.999998212E-3,,,,,-283.99998087E-9,2.79999995,
,,,-279.99999475E-9,0.0,,,,,-279.99999475E-9,119.9999973E-3,,,,,-279.99999475E-9,2.0000000,
,,,-275.99998020E-9,39.99999911E-3,,,,,-275.99998020E-9,119.9999973E-3,,,,,-275.99998020E-9,2.79999995,
,,,-271.99999408E-9,0.0,,,,,-271.99999408E-9,239.99999464E-3,,,,,-271.99999408E-9,2.79999995,
,,,-267.99997954E-9,-79.999998212E-3,,,,,-267.99997954E-9,280.00000119E-3,,,,,-267.99997954E-9,2.79999995,
,,,-263.99999342E-9,-159.99999642E-3,,,,,-263.99999342E-9,239.99999464E-3,,,,,-263.99999342E-9,3.20000005,
,,,-259.99997888E-9,-39.99999911E-3,,,,,-259.99997888E-9,359.99998450E-3,,,,,-259.99997888E-9,3.20000005,
,,,-255.99999276E-9,-79.999998212E-3,,,,,-255.99999276E-9,319.99999285E-3,,,,,-255.99999276E-9,3.60000014,
,,,-251.99997822E-9,0.0,,,,,-251.99997822E-9,280.00000119E-3,,,,,-251.99997822E-9,3.60000014,
,,,-247.99999210E-9,119.9999973E-3,,,,,-247.99999210E-9,399.99997616E-3,,,,,-247.99999210E-9,3.20000005,
,,,-243.99997756E-9,0.0,,,,,-243.99997756E-9,239.99999464E-3,,,,,-243.99997756E-9,3.20000005,
,,,-239.99999144E-9,79.999998212E-3,,,,,-239.99999144E-9,280.00000119E-3,,,,,-239.99999144E-9,3.60000014,
,,,-235.99999111E-9,39.99999911E-3,,,,,-235.99999111E-9,359.99998450E-3,,,,,-235.99999111E-9,4.00000000,
,,,-231.99999077E-9,-39.99999911E-3,,,,,-231.99999077E-9,159.99999642E-3,,,,,-231.99999077E-9,4.40000010,
,,,-227.99999044E-9,39.99999911E-3,,,,,-227.99999044E-9,239.99999464E-3,,,,,-227.99999044E-9,4.80000019,
,,,-223.99999011E-9,79.999998212E-3,,,,,-223.99999011E-9,280.00000119E-3,,,,,-223.99999011E-9,4.80000019,
,,,-219.99998978E-9,39.99999911E-3,,,,,-219.99998978E-9,199.99998808E-3,,,,,-219.99998978E-9,4.80000019,
,,,-215.99998945E-9,39.99999911E-3,,,,,-215.99998945E-9,199.99998808E-3,,,,,-215.99998945E-9,5.20000029,
,,,-211.99998912E-9,79.999998212E-3,,,,,-211.99998912E-9,239.99999464E-3,,,,,-211.99998912E-9,5.59999990,
,,,-207.99998879E-9,39.99999911E-3,,,,,-207.99998879E-9,119.9999973E-3,,,,,-207.99998879E-9,5.59999990,
,,,-203.99998846E-9,0.0,,,,,-203.99998846E-9,159.99999642E-3,,,,,-203.99998846E-9,6.00000000,
,,,-199.99998813E-9,-39.99999911E-3,,,,,-199.99998813E-9,159.99999642E-3,,,,,-199.99998813E-9,6.00000000,
,,,-195.99998780E-9,0.0,,,,,-195.99998780E-9,239.99999464E-3,,,,,-195.99998780E-9,5.59999990,
,,,-191.99998746E-9,0.0,,,,,-191.99998746E-9,319.99999285E-3,,,,,-191.99998746E-9,5.59999990,
,,,-187.99998713E-9,39.99999911E-3,,,,,-187.99998713E-9,359.99998450E-3,,,,,-187.99998713E-9,5.59999990,
,,,-183.99998680E-9,0.0,,,,,-183.99998680E-9,359.99998450E-3,,,,,-183.99998680E-9,5.20000029,
,,,-179.99998647E-9,-39.99999911E-3,,,,,-179.99998647E-9,319.99999285E-3,,,,,-179.99998647E-9,5.20000029,
,,,-175.99998614E-9,0.0,,,,,-175.99998614E-9,359.99998450E-3,,,,,-175.99998614E-9,5.20000029,
,,,-171.99998581E-9,0.0,,,,,-171.99998581E-9,439.999997616E-3,,,,,-171.99998581E-9,5.20000029,
,,,-167.99998548E-9,39.99999911E-3,,,,,-167.99998548E-9,359.99998450E-3,,,,,-167.99998548E-9,5.20000029,
,,,-163.99998515E-9,0.0,,,,,-163.99998515E-9,439.999997616E-3,,,,,-163.99998515E-9,4.80000019,
,,,-159.99998482E-9,39.99999911E-3,,,,,-159.99998482E-9,439.999997616E-3,,,,,-159.99998482E-9,5.20000029,
,,,-155.99998449E-9,0.0,,,,,-155.99998449E-9,439.999997616E-3,,,,,-155.99998449E-9,5.20000029,
,,,-151.99998415E-9,0.0,,,,,-151.99998415E-9,439.999997616E-3,,,,,-151.99998415E-9,4.80000019,
,,,-147.9999838E-9,39.99999911E-3,,,,,-147.9999838E-9,439.999997616E-3,,,,,-147.9999838E-9,5.59999990,
,,,-143.9999835E-9,39.99999911E-3,,,,,-143.9999835E-9,359.99998450E-3,,,,,-143.9999835E-9,5.59999990,
,,,-139.9999832E-9,39.99999911E-3,,,,,-139.9999832E-9,319.99999285E-3,,,,,-139.9999832E-9,6.00000000,
,,,-135.9999828E-9,39.99999911E-3,,,,,-135.9999828E-9,319.99999285E-3,,,,,-135.9999828E-9,6.00000000,
,,,-131.9999825E-9,79.999998212E-3,,,,,-131.9999825E-9,280.00000119E-3,,,,,-131.9999825E-9,6.40000010,
,,,-127.9999822E-9,0.0,,,,,-127.9999822E-9,239.99999464E-3,,,,,-127.9999822E-9,6.80000019,
,,,-123.9999960E-9,79.999998212E-3,,,,,-123.9999960E-9,280.00000119E-3,,,,,-123.9999960E-9,6.80000019,
,,,-119.9999957E-9,39.99999911E-3,,,,,-119.9999957E-9,280.00000119E-3,,,,,-119.9999957E-9,7.20000029,
,,,-115.9999883E-9,39.99999911E-3,,,,,-115.9999883E-9,319.99999285E-3,,,,,-115.9999883E-9,7.599999905,
,,,-111.9999880E-9,39.99999911E-3,,,,,-111.9999880E-9,280.00000119E-3,,,,,-111.9999880E-9,8.000000000,
,,,-107.9999876E-9,0.0,,,,,-107.9999876E-9,280.00000119E-3,,,,,-107.9999876E-9,8.000000000,
,,,-103.9999873E-9,39.99999911E-3,,,,,-103.9999873E-9,359.99998450E-3,,,,,-103.9999873E-9,8.400000572,
,,,-99.999986958E-9,0.0,,,,,-99.999986958E-9,399.99997616E-3,,,,,-99.999986958E-9,8.400000572,
,,,-95.999993732E-9,-39.99999911E-3,,,,,-95.999993732E-9,359.99998450E-3,,,,,-95.999993732E-9,8.000000000,
,,,-91.999993401E-9,-39.99999911E-3,,,,,-91.999993401E-9,439.999997616E-3,,,,,-91.999993401E-9,8.400000572,
,,,-87.999993070E-9,-39.99999911E-3,,,,,-87.999993070E-9,479.999989271E-3,,,,,-87.999993070E-9,8.400000572,
,,,-83.999992739E-9,-39.99999911E-3,,,,,-83.999992739E-9,479.999989271E-3,,,,,-83.999992739E-9,8.800000191,
,,,-79.999992408E-9,-39.99999911E-3,,,,,-79.999992408E-9,439.999997616E-3,,,,,-79.999992408E-9,8.800000191,
,,,-75.999992077E-9,0.0,,,,,-75.999992077E-9,479.999989271E-3,,,,,-75.999992077E-9,8.400000572,
,,,-71.999991746E-9,39.99999911E-3,,,,,-71.999991746E-9,479.999989271E-3,,,,,-71.999991746E-9,8.800000191,
,,,-67.999991415E-9,39.99999911E-3,,,,,-67.999991415E-9,439.999997616E-3,,,,,-67.999991415E-9,8.800000191,
,,,-63.999991085E-9,39.99999911E-3,,,,,-63.999991085E-9,439.999997616E-3,,,,,-63.999991085E-9,8.800000191,
,,,-59.999990754E-9,39.99999911E-3,,,,,-59.999990754E-9,439.999997616E-3,,,,,-59.999990754E-9,8.800000191,
,,,-55.999990423E-9,39.99999911E-3,,,,,-55.999990423E-9,399.99997616E-3,,,,,-55.999990423E-9,9.600000381,
,,,-51.99999009E-9,79.999998212E-3,,,,,-51.99999009E-9,399.99997616E-3,,,,,-51.99999009E-9,9.600000381,
,,,-47.99998976E-9,39.99999911E-3,,,,,-47.99998976E-9,319.99999285E-3,,,,,-47.99998976E-9,9.600000381,
,,,-43.99999298E-9,79.999998212E-3,,,,,-43.99999298E-9,359.99998450E-3,,,,,-43.99999298E-9,10.0000000,
,,,-39.99999265E-9,119.9999973E-3,,,,,-39.99999265E-9,319.99999285E-3,,,,,-39.99999265E-9,9.600000381,
,,,-35.99999232E-9,79.999998212E-3,,,,,-35.99999232E-9,319.99999285E-3,,,,,-35.99999232E-9,10.0000000,
,,,-31.99999199E-9,39.99999911E-3,,,,,-31.99999199E-9,280.00000119E-3,,,,,-31.99999199E-9,10.0000000,
,,,-27.99999166E-9,0.0,,,,,-27.99999166E-9,319.99999285E-3,,,,,-27.99999166E-9,10.0000000,
,,,-23.99999133E-9,0.0,,,,,-23.99999133E-9,319.99999285E-3,,,,,-23.99999133E-9,10.0000000,
,,,-19.9999928E-9,0.0,,,,,-19.9999928E-9,359.99998450E-3,,,,,-19.9999928E-9,10.0000000,
,,,-15.9999924E-9,0.0,,,,,-15.9999924E-9,359.99998450E-3,,,,,-15.9999924E-9,10.0000000,
,,,-11.9999921E-9,-39.99999911E-3,,,,,-11.9999921E-9,399.99997616E-3,,,,,-11.9999921E-9,9.600000381,
,,,-7.999992668E-9,0.0,,,,,-7.999992668E-9,439.999997616E-3,,,,,-7.999992668E-9,9.600000381,
,,,-3.99999278E-9,-39.99999911E-3,,,,,-3.99999278E-9,479.999989271E-3,,,,,-3.99999278E-9,10.0000000,
,,,7.10542727E-15,-39.99999911E-3,,,,,7.10542727E-15,519.999980927E-3,,,,,7.10542727E-15,9.600000381,
,,,4.00000699E-9,0.0,,,,,4.00000699E-9,479.999989271E-3,,,,,4.00000699E-9,9.600000381,
,,,8.000006879E-9,39.99999911E-3,,,,,8.000006879E-9,560.000002384E-3,,,,,8.000006879E-9,9.199999809,
,,,12.0000063E-9,0.0,,,,,12.0000063E-9,519.999980927E-3,,,,,12.0000063E-9,9.600000381,
,,,16.0000067E-9,0.0,,,,,16.0000067E-9,439.999997616E-3,,,,,16.0000067E-9,10.0000000,
,,,20.0000070E-9,39.99999911E-3,,,,,20.0000070E-9,479.999989271E-3,,,,,20.0000070E-9,10.0000000,
,,,24.00000554E-9,39.99999911E-3,,,,,24.00000554E-9,439.999997616E-3,,,,,24.00000554E-9,10.0000000,
,,,28.00000587E-9,79.999998212E-3,,,,,28.00000587E-9,439.999997616E-3,,,,,28.00000587E-9,10.4000006,
,,,32.00000620E-9,79.999998212E-3,,,,,32.00000620E-9,439.999997616E-3,,,,,32.00000620E-9,10.0000000,
,,,36.00000653E-9,79.999998212E-3,,,,,36.00000653E-9,359.99998450E-3,,,,,36.00000653E-9,10.8000002,
,,,40.00000686E-9,39.99999911E-3,,,,,40.00000686E-9,439.999997616E-3,,,,,40.00000686E-9,10.8000002,
,,,44.00000719E-9,39.99999911E-3,,,,,44.00000719E-9,399.99997616E-3,,,,,44.00000719E-9,11.1999998,
,,,48.00000397E-9,0.0,,,,,48.00000397E-9,359.99998450E-3,,,,,48.00000397E-9,12.0000000,
,,,52.00000430E-9,39.99999911E-3,,,,,52.00000430E-9,319.99999285E-3,,,,,52.00000430E-9,12.0000000,
,,,56.000004633E-9,39.99999911E-3,,,,,56.000004633E-9,359.99998450E-3,,,,,56.000004633E-9,12.4000006,
,,,60.000004964E-9,39.99999911E-3,,,,,60.000004964E-9,359.99998450E-3,,,,,60.000004964E-9,12.4000006,
,,,64.000005295E-9,39.99999911E-3,,,,,64.000005295E-9,359.99998450E-3,,,,,64.000005295E-9,12.4000006,
,,,68.000005626E-9,39.99999911E-3,,,,,68.000005626E-9,439.999997616E-3,,,,,68.000005626E-9,12.8000002,
,,,72.000005957E-9,0.0,,,,,72.000005957E-9,479.999989271E-3,,,,,72.000005957E-9,12.8000002,
,,,76.000006288E-9,-39.99999911E-3,,,,,76.000006288E-9,479.999989271E-3,,,,,76.000006288E-9,13.1999998,
,,,80.000006619E-9,-79.999998212E-3,,,,,80.000006619E-9,479.999989271E-3,,,,,80.000006619E-9,13.1999998,
,,,84.000006950E-9,-39.99999911E-3,,,,,84.000006950E-9,519.999980927E-3,,,,,84.000006950E-9,13.1999998,
,,,88.000007281E-9,0.0,,,,,88.000007281E-9,519.999980927E-3,,,,,88.000007281E-9,13.1999998,
,,,92.000007612E-9,79.999998212E-3,,,,,92.000007612E-9,519.999980927E-3,,,,,92.000007612E-9,13.1999998,
,,,96.000007943E-9,39.99999911E-3,,,,,96.000007943E-9,479.999989271E-3,,,,,96.000007943E-9,13.6000004,
,,,100.0000012E-9,39.99999911E-3,,,,,100.0000012E-9,439.999997616E-3,,,,,100.0000012E-9,13.6000004,
,,,104.0000015E-9,0.0,,,,,104.0000015E-9,479.999989271E-3,,,,,104.0000015E-9,13.6000004,
,,,108.0000018E-9,-39.99999911E-3,,,,,108.0000018E-9,399.99997616E-3,,,,,108.0000018E-9,13.6000004,
,,,112.0000022E-9,-79.999998212E-3,,,,,112.0000022E-9,519.999980927E-3,,,,,112.0000022E-9,14.0000000,
,,,116.0000025E-9,-79.999998212E-3,,,,,116.0000025E-9,399.99997616E-3,,,,,116.0000025E-9,14.4000006,
,,,120.0000099E-9,-79.999998212E-3,,,,,120.0000099E-9,439.999997616E-3,,,,,120.0000099E-9,14.4000006,
,,,124.0000103E-9,0.0,,,,,124.0000103E-9,359.99998450E-3,,,,,124.0000103E-9,14.4000006,
,,,128.0000106E-9,0.0,,,,,128.0000106E-9,439.999997616E-3,,,,,128.0000106E-9,14.4000006,
,,,131.9999967E-9,39.99999911E-3,,,,,131.9999967E-9,359.99998450E-3,,,,,131.9999967E-9,14.8000002,
,,,135.9999970E-9,39.99999911E-3,,,,,135.9999970E-9,359.99998450E-3,,,,,135.9999970E-9,15.1999998,
,,,139.9999974E-9,79.999998212E-3,,,,,139.9999974E-9,399.99997616E-3,,,,,139.9999974E-9,14.8000002,
,,,143.9999977E-9,0.0,,,,,143.9999977E-9,359.99998450E-3,,,,,143.9999977E-9,14.8000002,
,,,147.9999980E-9,-39.99999911E-3,,,,,147.9999980E-9,399.99997616E-3,,,,,147.9999980E-9,14.8000002,
,,,151.99999837E-9,-39.99999911E-3,,,,,151.99999837E-9,399.99997616E-3,,,,,151.99999837E-9,14.8000002,
,,,155.99999870E-9,-39.99999911E-3,,,,,155.99999870E-9,439.999997616E-3,,,,,155.99999870E-9,15.1999998,
,,,159.99999903E-9,0.0,,,,,159.99999903E-9,519.999980927E-3,,,,,159.99999903E-9,15.1999998,
,,,163.99999936E-9,-39.99999911E-3,,,,,163.99999936E-9,519.999980927E-3,,,,,163.99999936E-9,15.1999998,
,,,167.99999969E-9,0.0,,,,,167.99999969E-9,519.999980927E-3,,,,,167.99999969E-9,14.8000002,
,,,172.00000002E-9,0.0,,,,,172.00000002E-9,560.000002384E-3,,,,,172.00000002E-9,14.4000006,
,,,176.00000035E-9,39.99999911E-3,,,,,176.00000035E-9,599.999964237E-3,,,,,176.00000035E-9,14.4000006,
,,,180.00000068E-9,-79.999998212E-3,,,,,180.00000068E-9,560.000002384E-3,,,,,180.00000068E-9,14.8000002,
,,,184.00000101E-9,-79.999998212E-3,,,,,184.00000101E-9,560.000002384E-3,,,,,184.00000101E-9,14.8000002,
,,,188.00000134E-9,-39.99999911E-3,,,,,188.00000134E-9,519.999980927E-3,,,,,188.00000134E-9,14.4000006,
,,,192.00000168E-9,0.0,,,,,192.00000168E-9,599.999964237E-3,,,,,192.00000168E-9,15.1999998,
,,,196.00000201E-9,39.99999911E-3,,,,,196.00000201E-9,519.999980927E-3,,,,,196.00000201E-9,14.8000002,
,,,200.00000234E-9,39.99999911E-3,,,,,200.00000234E-9,479.999989271E-3,,,,,200.00000234E-9,15.6000004,
,,,204.00000267E-9,39.99999911E-3,,,,,204.00000267E-9,519.999980927E-3,,,,,204.00000267E-9,15.6000004,
,,,208.00000300E-9,39.99999911E-3,,,,,208.00000300E-9,439.999997616E-3,,,,,208.00000300E-9,15.6000004,
,,,212.00000333E-9,79.999998212E-3,,,,,212.00000333E-9,439.999997616E-3,,,,,212.00000333E-9,16.0000000,
,,,216.00000366E-9,39.99999911E-3,,,,,216.00000366E-9,399.99997616E-3,,,,,216.00000366E-9,16.0000000,
,,,220.00000399E-9,39.99999911E-3,,,,,220.00000399E-9,399.99997616E-3,,,,,220.00000399E-9,16.3999996,
,,,224.00000432E-9,39.99999911E-3,,,,,224.00000432E-9,439.999997616E-3,,,,,224.00000432E-9,16.8000011,
,,,228.00000465E-9,39.99999911E-3,,,,,228.00000465E-9,359.99998450E-3,,,,,228.00000465E-9,16.8000011,
,,,232.00000498E-9,79.999998212E-3,,,,,232.00000498E-9,359.99998450E-3,,,,,232.00000498E-9,17.2000008,
,,,236.00000532E-9,39.99999911E-3,,,,,236.00000532E-9,399.99997616E-3,,,,,236.00000532E-9,17.6000004,
,,,239.99999144E-9,39.99999911E-3,,,,,239.99999144E-9,439.999997616E-3,,,,,239.99999144E-9,17.6000004,
,,,244.00000598E-9,39.99999911E-3,,,,,244.00000598E-9,479.999989271E-3,,,,,244.00000598E-9,18.0000000,
,,,247.99999210E-9,0.0,,,,,247.99999210E-9,439.999997616E-3,,,,,247.99999210E-9,18.0000000,
,,,252.00000664E-9,0.0,,,,,252.00000664E-9,479.999989271E-3,,,,,252.00000664E-9,17.6000004,
,,,255.99999276E-9,0.0,,,,,255.99999276E-9,519.999980927E-3,,,,,255.99999276E-9,17.6000004,
,,,260.00000730E-9,0.0,,,,,260.00000730E-9,560.000002384E-3,,,,,260.00000730E-9,18.0000000,
,,,263.99999342E-9,-39.99999911E-3,,,,,263.99999342E-9,560.000002384E-3,,,,,263.99999342E-9,18.0000000,
,,,268.00000796E-9,39.99999911E-3,,,,,268.00000796E-9,560.000002384E-3,,,,,268.00000796E-9,18.3999996,
,,,271.99999408E-9,39.99999911E-3,,,,,271.99999408E-9,560.000002384E-3,,,,,271.99999408E-9,18.0000000,
,,,276.00000863E-9,0.0,,,,,276.00000863E-9,560.000002384E-3,,,,,276.00000863E-9,18.3999996,
,,,279.99999475E-9,0.0,,,,,279.99999475E-9,519.999980927E-3,,,,,279.99999475E-9,18.0000000,
,,,284.00000929E-9,39.99999911E-3,,,,,284.00000929E-9,519.999980927E-3,,,,,284.00000929E-9,18.3999996,
,,,287.99999541E-9,39.99999911E-3,,,,,287.99999541E-9,479.999989271E-3,,,,,287.99999541E-9,18.3999996,
,,,292.00000995E-9,79.999998212E-3,,,,,292.00000995E-9,479.999989271E-3,,,,,292.00000995E-9,18.3999996,
,,,295.99999607E-9,79.999998212E-3,,,,,295.99999607E-9,519.999980927E-3,,,,,295.99999607E-9,18.8000011,
,,,300.00001061E-9,39.99999911E-3,,,,,300.00001061E-9,439.999997616E-3,,,,,300.00001061E-9,18.8000011,
,,,303.99999673E-9,79.999998212E-3,,,,,303.99999673E-9,399.99997616E-3,,,,,303.99999673E-9,18.8000011,
,,,308.00001127E-9,39.99999911E-3,,,,,308.00001127E-9,399.99997616E-3,,,,,308.00001127E-9,19.2000008,
,,,311.99999739E-9,39.99999911E-3,,,,,311.99999739E-9,399.99997616E-3,,,,,311.99999739E-9,19.2000008,
,,,316.00001194E-9,0.0,,,,,316.00001194E-9,399.99997616E-3,,,,,316.00001194E-9,19.2000008,
,,,319.99999806E-9,39.99999911E-3,,,,,319.99999806E-9,399.99997616E-3,,,,,319.99999806E-9,19.6000004,
,,,323.99998418E-9,79.999998212E-3,,,,,323.99998418E-9,479.999989271E-3,,,,,323.99998418E-9,19.2000008,
,,,327.99999872E-9,-39.99999911E-3,,,,,327.99999872E-9,439.999997616E-3,,,,,327.99999872E-9,19.2000008,
,,,331.99998484E-9,0.0,,,,,331.99998484E-9,439.999997616E-3,,,,,331.99998484E-9,19.6000004,
,,,335.99999938E-9,0.0,,,,,335.99999938E-9,439.999997616E-3,,,,,335.99999938E-9,19.2000008,
,,,339.99998550E-9,0.0,,,,,339.99998550E-9,519.999980927E-3,,,,,339.99998550E-9,19.2000008,
,,,344.00000004E-9,0.0,,,,,344.00000004E-9,519.999980927E-3,,,,,344.00000004E-9,19.2000008,
,,,347.99998616E-9,-39.99999911E-3,,,,,347.99998616E-9,479.999989271E-3,,,,,347.99998616E-9,19.2000008,
,,,352.00000070E-9,39.99999911E-3,,,,,352.00000070E-9,560.000002384E-3,,,,,352.00000070E-9,19.2000008,
,,,355.99998682E-9,39.99999911E-3,,,,,355.99998682E-9,560.000002384E-3,,,,,355.99998682E-9,19.2000008,
,,,360.00000136E-9,0.0,,,,,360.00000136E-9,560.000002384E-3,,,,,360.00000136E-9,19.2000008,
,,,363.99998748E-9,39.99999911E-3,,,,,363.99998748E-9,479.999989271E-3,,,,,363.99998748E-9,19.6000004,
,,,368.00000203E-9,-39.99999911E-3,,,,,368.00000203E-9,519.999980927E-3,,,,,368.00000203E-9,20.0000000,
,,,371.99998815E-9,79.999998212E-3,,,,,371.99998815E-9,560.000002384E-3,,,,,371.99998815E-9,19.6000004,
,,,376.00000269E-9,119.9999973E-3,,,,,376.00000269E-9,519.999980927E-3,,,,,376.00000269E-9,19.6000004,
,,,379.99998881E-9,79.999998212E-3,,,,,379.99998881E-9,479.999989271E-3,,,,,379.99998881E-9,20.0000000,
,,,384.00000335E-9,39.99999911E-3,,,,,384.00000335E-9,479.999989271E-3,,,,,384.00000335E-9,20.39999962,
,,,387.99998947E-9,119.9999973E-3,,,,,387.99998947E-9,439.999997616E-3,,,,,387.99998947E-9,20.39999962,
,,,392.00000401E-9,39.99999911E-3,,,,,392.00000401E-9,479.999989271E-3,,,,,392.00000401E-9,20.39999962,
,,,395.99999013E-9,39.99999911E-3,,,,,395.99999013E-9,399.99997616E-3,,,,,395.99999013E-9,20.80000114,
,,,400.00000467E-9,39.99999911E-3,,,,,400.00000467E-9,439.999997616E-3,,,,,400.00000467E-9,20.80000114,
,,,403.999990795E-9,79.999998212E-3,,,,,403.999990795E-9,399.99997616E-3,,,,,403.999990795E-9,21.20000076,
,,,408.000005336E-9,39.99999911E-3,,,,,408.000005336E-9,399.99997616E-3,,,,,408.000005336E-9,21.60000038,
,,,411.999991456E-9,0.0,,,,,411.999991456E-9,359.99998450E-3,,,,,411.999991456E-9,21.20000076,
,,,416.000005998E-9,39.99999911E-3,,,,,416.000005998E-9,399.99997616E-3,,,,,416.000005998E-9,21.20000076,
,,,419.999992118E-9,79.999998212E-3,,,,,419.999992118E-9,439.999997616E-3,,,,,419.999992118E-9,21.60000038,
,,,424.000006660E-9,79.999998212E-3,,,,,424.000006660E-9,479.999989271E-3,,,,,424.000006660E-9,21.60000038,
,,,427.999992780E-9,39.99999911E-3,,,,,427.999992780E-9,519.999980927E-3,,,,,427.999992780E-9,21.20000076,
,,,432.000007322E-9,39.99999911E-3,,,,,432.000007322E-9,479.999989271E-3,,,,,432.000007322E-9,21.60000038,
,,,435.999993442E-9,0.0,,,,,435.999993442E-9,519.999980927E-3,,,,,435.999993442E-9,22.00000000,
,,,440.000007984E-9,0.0,,,,,440.000007984E-9,519.999980927E-3,,,,,440.000007984E-9,22.00000000,
,,,443.999994104E-9,0.0,,,,,443.999994104E-9,479.999989271E-3,,,,,443.999994104E-9,22.00000000,
,,,447.999980224E-9,0.0,,,,,447.999980224E-9,519.999980927E-3,,,,,447.999980224E-9,21.60000038,
,,,451.999994766E-9,0.0,,,,,451.999994766E-9,519.999980927E-3,,,,,451.999994766E-9,22.00000000,
,,,455.999980886E-9,39.99999911E-3,,,,,455.999980886E-9,560.000002384E-3,,,,,455.999980886E-9,22.00000000,
,,,459.999995428E-9,39.99999911E-3,,,,,459.999995428E-9,519.999980927E-3,,,,,459.999995428E-9,22.00000000,
,,,463.999981548E-9,0.0,,,,,463.999981548E-9,519.999980927E-3,,,,,463.999981548E-9,22.39999962,
,,,467.999996090E-9,79.999998212E-3,,,,,467.999996090E-9,479.999989271E-3,,,,,467.999996090E-9,22.00000000,
,,,471.999982210E-9,39.99999911E-3,,,,,471.999982210E-9,439.999997616E-3,,,,,471.999982210E-9,22.00000000,
,,,475.999996752E-9,39.99999911E-3,,,,,475.999996752E-9,479.999989271E-3,,,,,475.999996752E-9,22.39999962,
,,,479.999982872E-9,79.999998212E-3,,,,,479.999982872E-9,439.999997616E-3,,,,,479.999982872E-9,22.80000114,
,,,483.999997414E-9,79.999998212E-3,,,,,483.999997414E-9,439.999997616E-3,,,,,483.999997414E-9,22.39999962,
,,,488.000011956E-9,39.99999911E-3,,,,,488.000011956E-9,399.99997616E-3,,,,,488.000011956E-9,22.80000114,
,,,491.999969654E-9,79.999998212E-3,,,,,491.999969654E-9,359.99998450E-3,,,,,491.999969654E-9,22.80000114,
,,,495.999984196E-9,0.0,,,,,495.999984196E-9,399.99997616E-3,,,,,495.999984196E-9,23.20000076,
,,,499.999998738E-9,39.99999911E-3,,,,,499.999998738E-9,399.99997616E-3,,,,,499.999998738E-9,22.80000114,
,,,504.000013279E-9,39.99999911E-3,,,,,504.000013279E-9,439.999997616E-3,,,,,504.000013279E-9,22.80000114,
,,,507.999970978E-9,0.0,,,,,507.999970978E-9,479.999989271E-3,,,,,507.999970978E-9,23.20000076,
,,,511.999985520E-9,-39.99999911E-3,,,,,511.999985520E-9,439.999997616E-3,,,,,511.999985520E-9,23.20000076,
,,,516.000000061E-9,39.99999911E-3,,,,,516.000000061E-9,439.999997616E-3,,,,,516.000000061E-9,22.80000114,
,,,520.000014603E-9,39.99999911E-3,,,,,520.000014603E-9,479.999989271E-3,,,,,520.000014603E-9,22.80000114,
,,,523.999972302E-9,0.0,,,,,523.999972302E-9,479.999989271E-3,,,,,523.999972302E-9,22.80000114,
,,,527.999986843E-9,0.0,,,,,527.999986843E-9,560.000002384E-3,,,,,527.999986843E-9,22.80000114,
,,,532.000001385E-9,0.0,,,,,532.000001385E-9,519.999980927E-3,,,,,532.000001385E-9,22.80000114,
,,,536.000015927E-9,39.99999911E-3,,,,,536.000015927E-9,519.999980927E-3,,,,,536.000015927E-9,22.80000114,
,,,539.999973626E-9,0.0,,,,,539.999973626E-9,519.999980927E-3,,,,,539.999973626E-9,23.20000076,
,,,543.999988167E-9,39.99999911E-3,,,,,543.999988167E-9,519.999980927E-3,,,,,543.999988167E-9,22.80000114,
,,,548.000002709E-9,39.99999911E-3,,,,,548.000002709E-9,479.999989271E-3,,,,,548.000002709E-9,22.80000114,
,,,552.000017251E-9,39.99999911E-3,,,,,552.000017251E-9,479.999989271E-3,,,,,552.000017251E-9,23.20000076,
,,,555.999974949E-9,79.999998212E-3,,,,,555.999974949E-9,479.999989271E-3,,,,,555.999974949E-9,23.60000038,
,,,559.999989491E-9,39.99999911E-3,,,,,559.999989491E-9,479.999989271E-3,,,,,559.999989491E-9,24.00000000,
,,,564.000004033E-9,0.0,,,,,564.000004033E-9,359.99998450E-3,,,,,564.000004033E-9,24.00000000,
,,,568.000018575E-9,39.99999911E-3,,,,,568.000018575E-9,359.99998450E-3,,,,,568.000018575E-9,23.60000038,
,,,571.999976273E-9,39.99999911E-3,,,,,571.999976273E-9,399.99997616E-3,,,,,571.999976273E-9,24.00000000,
,,,575.999990815E-9,39.99999911E-3,,,,,575.999990815E-9,399.99997616E-3,,,,,575.999990815E-9,24.39999962,
,,,580.000005357E-9,39.99999911E-3,,,,,580.000005357E-9,399.99997616E-3,,,,,580.000005357E-9,24.80000114,
,,,583.999963055E-9,39.99999911E-3,,,,,583.999963055E-9,399.99997616E-3,,,,,583.999963055E-9,24.39999962,
,,,587.999977597E-9,39.99999911E-3,,,,,587.999977597E-9,439.999997616E-3,,,,,587.999977597E-9,24.39999962,
,,,591.999992139E-9,39.99999911E-3,,,,,591.999992139E-9,399.99997616E-3,,,,,591.999992139E-9,24.80000114,
,,,596.000006681E-9,0.0,,,,,596.000006681E-9,399.99997616E-3,,,,,596.000006681E-9,24.80000114,
,,,599.999964379E-9,39.99999911E-3,,,,,599.999964379E-9,439.999997616E-3,,,,,599.999964379E-9,25.20000076,
,,,603.999978921E-9,79.999998212E-3,,,,,603.999978921E-9,439.999997616E-3,,,,,603.999978921E-9,25.60000038,
,,,607.999993463E-9,0.0,,,,,607.999993463E-9,439.999997616E-3,,,,,607.999993463E-9,25.20000076,
,,,612.000008005E-9,39.99999911E-3,,,,,612.000008005E-9,479.999989271E-3,,,,,612.000008005E-9,25.20000076,
,,,615.999965703E-9,0.0,,,,,615.999965703E-9,519.999980927E-3,,,,,615.999965703E-9,25.60000038,
,,,619.999980245E-9,39.99999911E-3,,,,,619.999980245E-9,519.999980927E-3,,,,,619.999980245E-9,25.60000038,
,,,623.999994787E-9,0.0,,,,,623.999994787E-9,439.999997616E-3,,,,,623.999994787E-9,25.20000076,
,,,628.000009328E-9,79.999998212E-3,,,,,628.000009328E-9,479.999989271E-3,,,,,628.000009328E-9,24.80000114,
,,,631.999967027E-9,79.999998212E-3,,,,,631.999967027E-9,479.999989271E-3,,,,,631.999967027E-9,24.39999962,
,,,635.999981569E-9,0.0,,,,,635.999981569E-9,560.000002384E-3,,,,,635.999981569E-9,25.20000076,
,,,639.999996110E-9,39.99999911E-3,,,,,639.999996110E-9,479.999989271E-3,,,,,639.999996110E-9,26.00000000,
,,,644.000010652E-9,39.99999911E-3,,,,,644.000010652E-9,399.99997616E-3,,,,,644.000010652E-9,25.60000038,
,,,647.999968351E-9,79.999998212E-3,,,,,647.999968351E-9,359.99998450E-3,,,,,647.999968351E-9,24.80000114,
,,,651.999982892E-9,119.9999973E-3,,,,,651.999982892E-9,519.999980927E-3,,,,,651.999982892E-9,24.39999962,
,,,655.999997434E-9,0.0,,,,,655.999997434E-9,479.999989271E-3,,,,,655.999997434E-9,25.20000076,
,,,660.000011976E-9,39.99999911E-3,,,,,660.000011976E-9,399.99997616E-3,,,,,660.000011976E-9,26.39999962,
,,,663.999969674E-9,119.9999973E-3,,,,,663.999969674E-9,479.999989271E-3,,,,,663.999969674E-9,26.00000000,
,,,667.999984216E-9,39.99999911E-3,,,,,667.999984216E-9,359.99998450E-3,,,,,667.999984216E-9,25.20000076,
,,,671.999998758E-9,79.999998212E-3,,,,,671.999998758E-9,399.99997616E-3,,,,,671.999998758E-9,24.39999962,
,,,676.000013300E-9,39.99999911E-3,,,,,676.000013300E-9,399.99997616E-3,,,,,676.000013300E-9,25.20000076,
,,,679.999970998E-9,-39.99999911E-3,,,,,679.999970998E-9,479.999989271E-3,,,,,679.999970998E-9,26.39999962,
,,,683.999985540E-9,39.99999911E-3,,,,,683.999985540E-9,439.999997616E-3,,,,,683.999985540E-9,26.39999962,
,,,688.000000082E-9,119.9999973E-3,,,,,688.000000082E-9,359.99998450E-3,,,,,688.000000082E-9,25.60000038,
,,,692.000014624E-9,39.99999911E-3,,,,,692.000014624E-9,399.99997616E-3,,,,,692.000014624E-9,24.80000114,
,,,695.999972322E-9,119.9999973E-3,,,,,695.999972322E-9,479.999989271E-3,,,,,695.999972322E-9,24.80000114,
,,,699.999986864E-9,39.99999911E-3,,,,,699.999986864E-9,519.999980927E-3,,,,,699.999986864E-9,25.60000038,
,,,704.000001406E-9,-79.999998212E-3,,,,,704.000001406E-9,479.999989271E-3,,,,,704.000001406E-9,26.80000114,
,,,707.999959104E-9,119.9999973E-3,,,,,707.999959104E-9,519.999980927E-3,,,,,707.999959104E-9,26.00000000,
,,,711.999973646E-9,39.99999911E-3,,,,,711.999973646E-9,319.99999285E-3,,,,,711.999973646E-9,25.20000076,
,,,715.999988188E-9,159.99999642E-3,,,,,715.999988188E-9,439.999997616E-3,,,,,715.999988188E-9,24.39999962,
,,,720.000002730E-9,39.99999911E-3,,,,,720.000002730E-9,560.000002384E-3,,,,,720.000002730E-9,25.60000038,
,,,723.999960428E-9,-119.9999973E-3,,,,,723.999960428E-9,479.999989271E-3,,,,,723.999960428E-9,26.80000114,
,,,727.999974970E-9,119.9999973E-3,,,,,727.999974970E-9,479.999989271E-3,,,,,727.999974970E-9,26.80000114,
,,,731.999989512E-9,119.9999973E-3,,,,,731.999989512E-9,319.99999285E-3,,,,,731.999989512E-9,25.20000076,
,,,736.000004053E-9,159.99999642E-3,,,,,736.000004053E-9,359.99998450E-3,,,,,736.000004053E-9,24.80000114,
,,,739.999961752E-9,79.999998212E-3,,,,,739.999961752E-9,479.999989271E-3,,,,,739.999961752E-9,25.20000076,
,,,743.999976294E-9,-39.99999911E-3,,,,,743.999976294E-9,399.99997616E-3,,,,,743.999976294E-9,27.60000038,
,,,747.999990836E-9,119.9999973E-3,,,,,747.999990836E-9,479.999989271E-3,,,,,747.999990836E-9,27.60000038,
,,,752.000005377E-9,79.999998212E-3,,,,,752.000005377E-9,280.00000119E-3,,,,,752.000005377E-9,26.39999962,
,,,755.999963076E-9,0.0,,,,,755.999963076E-9,239.99999464E-3,,,,,755.999963076E-9,25.20000076,
,,,759.999977618E-9,119.9999973E-3,,,,,759.999977618E-9,519.999980927E-3,,,,,759.999977618E-9,25.20000076,
,,,763.999992159E-9,-39.99999911E-3,,,,,763.999992159E-9,399.99997616E-3,,,,,763.999992159E-9,27.60000038,
,,,768.000006701E-9,39.99999911E-3,,,,,768.000006701E-9,439.999997616E-3,,,,,768.000006701E-9,28.39999962,
,,,771.999964400E-9,79.999998212E-3,,,,,771.999964400E-9,359.99998450E-3,,,,,771.999964400E-9,27.20000076,
,,,775.999978941E-9,-39.99999911E-3,,,,,775.999978941E-9,199.99998808E-3,,,,,775.999978941E-9,26.00000000,
,,,779.999993483E-9,119.9999973E-3,,,,,779.999993483E-9,399.99997616E-3,,,,,779.999993483E-9,25.60000038,
,,,784.000008025E-9,0.0,,,,,784.000008025E-9,479.999989271E-3,,,,,784.000008025E-9,27.20000076,
,,,787.999965723E-9,-79.999998212E-3,,,,,787.999965723E-9,399.99997616E-3,,,,,787.999965723E-9,28.39999962,
,,,791.999980265E-9,79.999998212E-3,,,,,791.999980265E-9,519.999980927E-3,,,,,791.999980265E-9,27.60000038,
,,,795.999994807E-9,0.0,,,,,795.999994807E-9,239.99999464E-3,,,,,795.999994807E-9,26.00000000,
,,,800.000009349E-9,159.99999642E-3,,,,,800.000009349E-9,439.999997616E-3,,,,,800.000009349E-9,25.20000076,
,,,803.999967047E-9,0.0,,,,,803.999967047E-9,560.000002384E-3,,,,,803.999967047E-9,26.00000000,
,,,807.999981589E-9,-79.999998212E-3,,,,,807.999981589E-9,319.99999285E-3,,,,,807.999981589E-9,28.39999962,
,,,811.999996131E-9,159.99999642E-3,,,,,811.999996131E-9,599.999964237E-3,,,,,811.999996131E-9,28.00000000,
,,,816.000010673E-9,199.99998808E-3,,,,,816.000010673E-9,319.99999285E-3,,,,,816.000010673E-9,26.80000114,
,,,819.999968371E-9,79.999998212E-3,,,,,819.999968371E-9,319.99999285E-3,,,,,819.999968371E-9,26.00000000,
,,,823.999982913E-9,79.999998212E-3,,,,,823.999982913E-9,479.999989271E-3,,,,,823.999982913E-9,26.00000000,
,,,827.999997455E-9,0.0,,,,,827.999997455E-9,399.99997616E-3,,,,,827.999997455E-9,28.00000000,
,,,831.999955153E-9,119.9999973E-3,,,,,831.999955153E-9,399.99997616E-3,,,,,831.999955153E-9,29.20000076,
,,,835.999969695E-9,159.99999642E-3,,,,,835.999969695E-9,359.99998450E-3,,,,,835.999969695E-9,27.60000038,
,,,839.999984237E-9,79.999998212E-3,,,,,839.999984237E-9,280.00000119E-3,,,,,839.999984237E-9,26.39999962,
,,,843.999998779E-9,159.99999642E-3,,,,,843.999998779E-9,319.99999285E-3,,,,,843.999998779E-9,26.00000000,
,,,847.999956477E-9,119.9999973E-3,,,,,847.999956477E-9,560.000002384E-3,,,,,847.999956477E-9,27.60000038,
,,,851.999971019E-9,119.9999973E-3,,,,,851.999971019E-9,239.99999464E-3,,,,,851.999971019E-9,28.39999962,
,,,855.999985561E-9,39.99999911E-3,,,,,855.999985561E-9,239.99999464E-3,,,,,855.999985561E-9,27.60000038,
,,,860.000000102E-9,39.99999911E-3,,,,,860.000000102E-9,560.000002384E-3,,,,,860.000000102E-9,26.00000000,
,,,863.999957801E-9,119.9999973E-3,,,,,863.999957801E-9,79.999998212E-3,,,,,863.999957801E-9,26.00000000,
,,,867.999972343E-9,39.99999911E-3,,,,,867.999972343E-9,399.99997616E-3,,,,,867.999972343E-9,26.39999962,
,,,871.999986884E-9,119.9999973E-3,,,,,871.999986884E-9,560.000002384E-3,,,,,871.999986884E-9,26.80000114,
,,,876.000001426E-9,0.0,,,,,876.000001426E-9,239.99999464E-3,,,,,876.000001426E-9,27.20000076,
,,,879.999959125E-9,0.0,,,,,879.999959125E-9,119.9999973E-3,,,,,879.999959125E-9,26.00000000,
,,,883.999973667E-9,119.9999973E-3,,,,,883.999973667E-9,319.99999285E-3,,,,,883.999973667E-9,25.20000076,
,,,887.999988208E-9,-39.99999911E-3,,,,,887.999988208E-9,359.99998450E-3,,,,,887.999988208E-9,25.20000076,
,,,892.000002750E-9,-39.99999911E-3,,,,,892.000002750E-9,119.9999973E-3,,,,,892.000002750E-9,26.00000000,
,,,895.999960449E-9,39.99999911E-3,,,,,895.999960449E-9,79.999998212E-3,,,,,895.999960449E-9,26.39999962,
,,,899.999974990E-9,-79.999998212E-3,,,,,899.999974990E-9,280.00000119E-3,,,,,899.999974990E-9,25.60000038,
,,,903.999989532E-9,0.0,,,,,903.999989532E-9,79.999998212E-3,,,,,903.999989532E-9,24.39999962,
,,,908.000004074E-9,-39.99999911E-3,,,,,908.000004074E-9,79.999998212E-3,,,,,908.000004074E-9,24.80000114,
,,,911.999961772E-9,0.0,,,,,911.999961772E-9,359.99998450E-3,,,,,911.999961772E-9,25.20000076,
,,,915.999976314E-9,39.99999911E-3,,,,,915.999976314E-9,119.9999973E-3,,,,,915.999976314E-9,26.00000000,
,,,919.999990856E-9,39.99999911E-3,,,,,919.999990856E-9,79.999998212E-3,,,,,919.999990856E-9,25.20000076,
,,,924.000005398E-9,39.99999911E-3,,,,,924.000005398E-9,239.99999464E-3,,,,,924.000005398E-9,24.39999962,
,,,927.999963096E-9,-39.99999911E-3,,,,,927.999963096E-9,119.9999973E-3,,,,,927.999963096E-9,24.00000000,
,,,931.999977638E-9,39.99999911E-3,,,,,931.999977638E-9,159.99999642E-3,,,,,931.999977638E-9,24.80000114,
,,,935.999992180E-9,0.0,,,,,935.999992180E-9,79.999998212E-3,,,,,935.999992180E-9,25.20000076,
,,,940.000006722E-9,39.99999911E-3,,,,,940.000006722E-9,119.9999973E-3,,,,,940.000006722E-9,24.80000114,
,,,943.999964420E-9,79.999998212E-3,,,,,943.999964420E-9,159.99999642E-3,,,,,943.999964420E-9,24.00000000,
,,,947.999978962E-9,0.0,,,,,947.999978962E-9,39.99999911E-3,,,,,947.999978962E-9,24.00000000,
,,,951.999993504E-9,-39.99999911E-3,,,,,951.999993504E-9,199.99998808E-3,,,,,951.999993504E-9,24.39999962,
,,,956.000008046E-9,0.0,,,,,956.000008046E-9,159.99999642E-3,,,,,956.000008046E-9,25.20000076,
,,,959.999965744E-9,-39.99999911E-3,,,,,959.999965744E-9,0.0,,,,,959.999965744E-9,24.39999962,
,,,963.999923442E-9,-39.99999911E-3,,,,,963.999923442E-9,119.9999973E-3,,,,,963.999923442E-9,23.60000038,
,,,967.999994828E-9,0.0,,,,,967.999994828E-9,199.99998808E-3,,,,,967.999994828E-9,23.60000038,
,,,971.999952526E-9,-39.99999911E-3,,,,,971.999952526E-9,79.999998212E-3,,,,,971.999952526E-9,23.60000038,
,,,976.000023911E-9,0.0,,,,,976.000023911E-9,79.999998212E-3,,,,,976.000023911E-9,24.39999962,
,,,979.999981610E-9,-39.99999911E-3,,,,,979.999981610E-9,79.999998212E-3,,,,,979.999981610E-9,24.00000000,
,,,983.999939308E-9,-39.99999911E-3,,,,,983.999939308E-9,119.9999973E-3,,,,,983.999939308E-9,23.60000038,
,,,988.000010693E-9,-39.99999911E-3,,,,,988.000010693E-9,39.99999911E-3,,,,,988.000010693E-9,23.20000076,
,,,991.999968392E-9,0.0,,,,,991.999968392E-9,79.999998212E-3,,,,,991.999968392E-9,22.80000114,
,,,995.999926090E-9,0.0,,,,,995.999926090E-9,79.999998212E-3,,,,,995.999926090E-9,24.00000000,
,,,1.000000E-6,0.0,,,,,1.000000E-6,39.99999911E-3,,,,,1.000000E-6,24.00000000,
,,,1.0040000E-6,-39.99999911E-3,,,,,1.0040000E-6,39.99999911E-3,,,,,1.0040000E-6,24.00000000,
,,,1.0080000E-6,0.0,,,,,1.0080000E-6,79.999998212E-3,,,,,1.0080000E-6,23.20000076,
,,,1.0120000E-6,0.0,,,,,1.0120000E-6,79.999998212E-3,,,,,1.0120000E-6,23.60000038,
,,,1.0159999E-6,39.99999911E-3,,,,,1.0159999E-6,-39.99999911E-3,,,,,1.0159999E-6,24.00000000,
,,,1.0200000E-6,0.0,,,,,1.0200000E-6,39.99999911E-3,,,,,1.0200000E-6,24.39999962,
,,,1.0240000E-6,-39.99999911E-3,,,,,1.0240000E-6,39.99999911E-3,,,,,1.0240000E-6,23.60000038,
,,,1.0279999E-6,0.0,,,,,1.0279999E-6,0.0,,,,,1.0279999E-6,23.20000076,
,,,1.0320000E-6,39.99999911E-3,,,,,1.0320000E-6,79.999998212E-3,,,,,1.0320000E-6,22.80000114,
,,,1.0360000E-6,-39.99999911E-3,,,,,1.0360000E-6,-39.99999911E-3,,,,,1.0360000E-6,23.60000038,
,,,1.0400000E-6,-39.99999911E-3,,,,,1.0400000E-6,39.99999911E-3,,,,,1.0400000E-6,23.60000038,
,,,1.0440000E-6,-39.99999911E-3,,,,,1.0440000E-6,0.0,,,,,1.0440000E-6,23.20000076,
,,,1.0479999E-6,0.0,,,,,1.0479999E-6,39.99999911E-3,,,,,1.0479999E-6,22.80000114,
,,,1.0520000E-6,-39.99999911E-3,,,,,1.0520000E-6,0.0,,,,,1.0520000E-6,22.39999962,
,,,1.0560000E-6,-39.99999911E-3,,,,,1.0560000E-6,0.0,,,,,1.0560000E-6,22.80000114,
,,,1.0599999E-6,-39.99999911E-3,,,,,1.0599999E-6,0.0,,,,,1.0599999E-6,23.20000076,
,,,1.0640000E-6,0.0,,,,,1.0640000E-6,119.9999973E-3,,,,,1.0640000E-6,22.80000114,
,,,1.0680000E-6,0.0,,,,,1.0680000E-6,39.99999911E-3,,,,,1.0680000E-6,22.39999962,
,,,1.0720000E-6,-39.99999911E-3,,,,,1.0720000E-6,39.99999911E-3,,,,,1.0720000E-6,21.60000038,
,,,1.0760000E-6,-39.99999911E-3,,,,,1.0760000E-6,39.99999911E-3,,,,,1.0760000E-6,22.39999962,
,,,1.0799999E-6,0.0,,,,,1.0799999E-6,0.0,,,,,1.0799999E-6,22.39999962,
,,,1.0840000E-6,0.0,,,,,1.0840000E-6,39.99999911E-3,,,,,1.0840000E-6,22.39999962,
,,,1.0880000E-6,-39.99999911E-3,,,,,1.0880000E-6,0.0,,,,,1.0880000E-6,22.00000000,
,,,1.0919999E-6,39.99999911E-3,,,,,1.0919999E-6,-39.99999911E-3,,,,,1.0919999E-6,21.60000038,
,,,1.0960000E-6,0.0,,,,,1.0960000E-6,0.0,,,,,1.0960000E-6,21.60000038,
,,,1.1000000E-6,0.0,,,,,1.1000000E-6,-39.99999911E-3,,,,,1.1000000E-6,22.00000000,
,,,1.1039999E-6,0.0,,,,,1.1039999E-6,0.0,,,,,1.1039999E-6,22.00000000,
,,,1.1080000E-6,-39.99999911E-3,,,,,1.1080000E-6,-39.99999911E-3,,,,,1.1080000E-6,22.00000000,
,,,1.1119999E-6,39.99999911E-3,,,,,1.1119999E-6,-39.99999911E-3,,,,,1.1119999E-6,21.20000076,
,,,1.1160000E-6,0.0,,,,,1.1160000E-6,-39.99999911E-3,,,,,1.1160000E-6,21.60000038,
,,,1.1200000E-6,-79.999998212E-3,,,,,1.1200000E-6,-39.99999911E-3,,,,,1.1200000E-6,21.20000076,
,,,1.1239999E-6,-39.99999911E-3,,,,,1.1239999E-6,-39.99999911E-3,,,,,1.1239999E-6,21.60000038,
,,,1.1280000E-6,0.0,,,,,1.1280000E-6,-79.999998212E-3,,,,,1.1280000E-6,21.60000038,
,,,1.1320000E-6,0.0,,,,,1.1320000E-6,-39.99999911E-3,,,,,1.1320000E-6,21.20000076,
,,,1.1359999E-6,0.0,,,,,1.1359999E-6,0.0,,,,,1.1359999E-6,20.80000114,
,,,1.1400000E-6,-79.999998212E-3,,,,,1.1400000E-6,-39.99999911E-3,,,,,1.1400000E-6,20.80000114,
,,,1.1440000E-6,0.0,,,,,1.1440000E-6,0.0,,,,,1.1440000E-6,21.20000076,
,,,1.1480000E-6,0.0,,,,,1.1480000E-6,0.0,,,,,1.1480000E-6,21.20000076,
,,,1.1520000E-6,-39.99999911E-3,,,,,1.1520000E-6,0.0,,,,,1.1520000E-6,20.80000114,
,,,1.1559999E-6,-39.99999911E-3,,,,,1.1559999E-6,0.0,,,,,1.1559999E-6,20.80000114,
,,,1.1600000E-6,-79.999998212E-3,,,,,1.1600000E-6,0.0,,,,,1.1600000E-6,20.39999962,
,,,1.1640000E-6,0.0,,,,,1.1640000E-6,0.0,,,,,1.1640000E-6,20.80000114,
,,,1.1679999E-6,-39.99999911E-3,,,,,1.1679999E-6,0.0,,,,,1.1679999E-6,20.80000114,
,,,1.1720000E-6,0.0,,,,,1.1720000E-6,39.99999911E-3,,,,,1.1720000E-6,20.80000114,
,,,1.1760000E-6,0.0,,,,,1.1760000E-6,0.0,,,,,1.1760000E-6,20.80000114,
,,,1.1800000E-6,0.0,,,,,1.1800000E-6,-79.999998212E-3,,,,,1.1800000E-6,20.80000114,
,,,1.1840000E-6,-39.99999911E-3,,,,,1.1840000E-6,-39.99999911E-3,,,,,1.1840000E-6,20.80000114,
,,,1.1879999E-6,0.0,,,,,1.1879999E-6,-79.999998212E-3,,,,,1.1879999E-6,20.80000114,
,,,1.1920000E-6,-39.99999911E-3,,,,,1.1920000E-6,-39.99999911E-3,,,,,1.1920000E-6,20.80000114,
,,,1.1960000E-6,0.0,,,,,1.1960000E-6,-39.99999911E-3,,,,,1.1960000E-6,20.39999962,
,,,1.1999999E-6,39.99999911E-3,,,,,1.1999999E-6,-39.99999911E-3,,,,,1.1999999E-6,20.39999962,
,,,1.2040000E-6,-39.99999911E-3,,,,,1.2040000E-6,-119.9999973E-3,,,,,1.2040000E-6,20.80000114,
,,,1.2080000E-6,-39.99999911E-3,,,,,1.2080000E-6,-79.999998212E-3,,,,,1.2080000E-6,20.0000000,
,,,1.2120000E-6,-39.99999911E-3,,,,,1.2120000E-6,-39.99999911E-3,,,,,1.2120000E-6,20.0000000,
,,,1.2160000E-6,0.0,,,,,1.2160000E-6,-79.999998212E-3,,,,,1.2160000E-6,20.39999962,
,,,1.2199999E-6,-39.99999911E-3,,,,,1.2199999E-6,-79.999998212E-3,,,,,1.2199999E-6,20.0000000,
,,,1.2240000E-6,-39.99999911E-3,,,,,1.2240000E-6,-39.99999911E-3,,,,,1.2240000E-6,19.6000004,
,,,1.2280000E-6,-79.999998212E-3,,,,,1.2280000E-6,0.0,,,,,1.2280000E-6,20.0000000,
,,,1.2319999E-6,-79.999998212E-3,,,,,1.2319999E-6,0.0,,,,,1.2319999E-6,20.0000000,
,,,1.2360000E-6,-39.99999911E-3,,,,,1.2360000E-6,-39.99999911E-3,,,,,1.2360000E-6,20.0000000,
,,,1.2400000E-6,0.0,,,,,1.2400000E-6,-39.99999911E-3,,,,,1.2400000E-6,19.6000004,
,,,1.2439999E-6,-39.99999911E-3,,,,,1.2439999E-6,0.0,,,,,1.2439999E-6,19.6000004,
,,,1.2480000E-6,0.0,,,,,1.2480000E-6,-39.99999911E-3,,,,,1.2480000E-6,19.6000004,
,,,1.2519999E-6,-39.99999911E-3,,,,,1.2519999E-6,0.0,,,,,1.2519999E-6,19.6000004,
,,,1.2560000E-6,0.0,,,,,1.2560000E-6,0.0,,,,,1.2560000E-6,19.6000004,
,,,1.2600000E-6,0.0,,,,,1.2600000E-6,-39.99999911E-3,,,,,1.2600000E-6,19.2000008,
,,,1.2639999E-6,-39.99999911E-3,,,,,1.2639999E-6,-39.99999911E-3,,,,,1.2639999E-6,19.2000008,
,,,1.2680000E-6,0.0,,,,,1.2680000E-6,-79.999998212E-3,,,,,1.2680000E-6,18.8000011,
,,,1.2720000E-6,0.0,,,,,1.2720000E-6,-39.99999911E-3,,,,,1.2720000E-6,19.2000008,
,,,1.2759999E-6,0.0,,,,,1.2759999E-6,-79.999998212E-3,,,,,1.2759999E-6,19.2000008,
,,,1.2800000E-6,-39.99999911E-3,,,,,1.2800000E-6,-39.99999911E-3,,,,,1.2800000E-6,18.8000011,
,,,1.2839999E-6,39.99999911E-3,,,,,1.2839999E-6,-39.99999911E-3,,,,,1.2839999E-6,18.8000011,
,,,1.2880000E-6,-79.999998212E-3,,,,,1.2880000E-6,-79.999998212E-3,,,,,1.2880000E-6,18.8000011,
,,,1.2920000E-6,-39.99999911E-3,,,,,1.2920000E-6,-79.999998212E-3,,,,,1.2920000E-6,19.2000008,
,,,1.2959999E-6,-39.99999911E-3,,,,,1.2959999E-6,-79.999998212E-3,,,,,1.2959999E-6,19.2000008,
,,,1.3000000E-6,-39.99999911E-3,,,,,1.3000000E-6,-39.99999911E-3,,,,,1.3000000E-6,18.8000011,
,,,1.3040000E-6,-39.99999911E-3,,,,,1.3040000E-6,-39.99999911E-3,,,,,1.3040000E-6,18.8000011,
,,,1.3079999E-6,-39.99999911E-3,,,,,1.3079999E-6,-39.99999911E-3,,,,,1.3079999E-6,18.8000011,
,,,1.3120000E-6,-39.99999911E-3,,,,,1.3120000E-6,-39.99999911E-3,,,,,1.3120000E-6,18.8000011,
,,,1.3160000E-6,-39.99999911E-3,,,,,1.3160000E-6,0.0,,,,,1.3160000E-6,18.3999996,
,,,1.3200000E-6,-39.99999911E-3,,,,,1.3200000E-6,-39.99999911E-3,,,,,1.3200000E-6,18.3999996,
,,,1.3240000E-6,-79.999998212E-3,,,,,1.3240000E-6,0.0,,,,,1.3240000E-6,18.3999996,
,,,1.3279999E-6,-39.99999911E-3,,,,,1.3279999E-6,-39.99999911E-3,,,,,1.3279999E-6,18.0000000,
,,,1.3320000E-6,-39.99999911E-3,,,,,1.3320000E-6,-39.99999911E-3,,,,,1.3320000E-6,18.3999996,
,,,1.3360000E-6,-39.99999911E-3,,,,,1.3360000E-6,0.0,,,,,1.3360000E-6,18.0000000,
,,,1.3399999E-6,-39.99999911E-3,,,,,1.3399999E-6,-39.99999911E-3,,,,,1.3399999E-6,18.3999996,
,,,1.3440000E-6,0.0,,,,,1.3440000E-6,0.0,,,,,1.3440000E-6,18.3999996,
,,,1.3480000E-6,-39.99999911E-3,,,,,1.3480000E-6,-39.99999911E-3,,,,,1.3480000E-6,18.0000000,
,,,1.3519999E-6,-79.999998212E-3,,,,,1.3519999E-6,-39.99999911E-3,,,,,1.3519999E-6,18.0000000,
,,,1.3560000E-6,-39.99999911E-3,,,,,1.3560000E-6,-79.999998212E-3,,,,,1.3560000E-6,18.3999996,
,,,1.3599999E-6,-39.99999911E-3,,,,,1.3599999E-6,-79.999998212E-3,,,,,1.3599999E-6,17.6000004,
,,,1.3640000E-6,-39.99999911E-3,,,,,1.3640000E-6,-39.99999911E-3,,,,,1.3640000E-6,18.0000000,
,,,1.3680000E-6,-39.99999911E-3,,,,,1.3680000E-6,-79.999998212E-3,,,,,1.3680000E-6,18.0000000,
,,,1.3719999E-6,-39.99999911E-3,,,,,1.3719999E-6,-39.99999911E-3,,,,,1.3719999E-6,18.0000000,
,,,1.3760000E-6,-39.99999911E-3,,,,,1.3760000E-6,-39.99999911E-3,,,,,1.3760000E-6,18.0000000,
,,,1.3800000E-6,39.99999911E-3,,,,,1.3800000E-6,-79.999998212E-3,,,,,1.3800000E-6,18.0000000,
,,,1.3839999E-6,-39.99999911E-3,,,,,1.3839999E-6,-79.999998212E-3,,,,,1.3839999E-6,18.0000000,
,,,1.3880000E-6,0.0,,,,,1.3880000E-6,-119.9999973E-3,,,,,1.3880000E-6,17.6000004,
,,,1.3919999E-6,-39.99999911E-3,,,,,1.3919999E-6,-39.99999911E-3,,,,,1.3919999E-6,17.6000004,
,,,1.3960000E-6,0.0,,,,,1.3960000E-6,-39.99999911E-3,,,,,1.3960000E-6,17.6000004,
,,,1.4000000E-6,-79.999998212E-3,,,,,1.4000000E-6,-39.99999911E-3,,,,,1.4000000E-6,17.6000004,
,,,1.4039999E-6,-39.99999911E-3,,,,,1.4039999E-6,-39.99999911E-3,,,,,1.4039999E-6,17.6000004,
,,,1.4080000E-6,-39.99999911E-3,,,,,1.4080000E-6,-39.99999911E-3,,,,,1.4080000E-6,17.2000008,
,,,1.4120000E-6,-39.99999911E-3,,,,,1.4120000E-6,0.0,,,,,1.4120000E-6,17.2000008,
,,,1.4159999E-6,-39.99999911E-3,,,,,1.4159999E-6,-39.99999911E-3,,,,,1.4159999E-6,16.8000011,
,,,1.4200000E-6,-39.99999911E-3,,,,,1.4200000E-6,0.0,,,,,1.4200000E-6,16.8000011,
,,,1.4239999E-6,0.0,,,,,1.4239999E-6,0.0,,,,,1.4239999E-6,16.8000011,
,,,1.4280000E-6,-39.99999911E-3,,,,,1.4280000E-6,0.0,,,,,1.4280000E-6,16.8000011,
,,,1.4320000E-6,-39.99999911E-3,,,,,1.4320000E-6,-39.99999911E-3,,,,,1.4320000E-6,17.2000008,
,,,1.4359999E-6,-39.99999911E-3,,,,,1.4359999E-6,-39.99999911E-3,,,,,1.4359999E-6,17.2000008,
,,,1.4400000E-6,-39.99999911E-3,,,,,1.4400000E-6,-79.999998212E-3,,,,,1.4400000E-6,16.3999996,
,,,1.4440000E-6,-39.99999911E-3,,,,,1.4440000E-6,-39.99999911E-3,,,,,1.4440000E-6,16.8000011,
,,,1.4479999E-6,-39.99999911E-3,,,,,1.4479999E-6,-79.999998212E-3,,,,,1.4479999E-6,16.8000011,
,,,1.4520000E-6,39.99999911E-3,,,,,1.4520000E-6,-79.999998212E-3,,,,,1.4520000E-6,16.8000011,
,,,1.4559999E-6,-39.99999911E-3,,,,,1.4559999E-6,-79.999998212E-3,,,,,1.4559999E-6,16.3999996,
,,,1.4600000E-6,0.0,,,,,1.4600000E-6,-39.99999911E-3,,,,,1.4600000E-6,16.8000011,
,,,1.4640000E-6,0.0,,,,,1.4640000E-6,-79.999998212E-3,,,,,1.4640000E-6,16.8000011,
,,,1.4679999E-6,-39.99999911E-3,,,,,1.4679999E-6,-79.999998212E-3,,,,,1.4679999E-6,16.8000011,
,,,1.4720000E-6,-39.99999911E-3,,,,,1.4720000E-6,-39.99999911E-3,,,,,1.4720000E-6,16.3999996,
,,,1.4760000E-6,-39.99999911E-3,,,,,1.4760000E-6,-39.99999911E-3,,,,,1.4760000E-6,16.3999996,
,,,1.4799999E-6,0.0,,,,,1.4799999E-6,-39.99999911E-3,,,,,1.4799999E-6,16.3999996,
,,,1.4840000E-6,-79.999998212E-3,,,,,1.4840000E-6,-39.99999911E-3,,,,,1.4840000E-6,16.3999996,
,,,1.4880000E-6,-79.999998212E-3,,,,,1.4880000E-6,-39.99999911E-3,,,,,1.4880000E-6,15.6000004,
,,,1.4919999E-6,0.0,,,,,1.4919999E-6,-39.99999911E-3,,,,,1.4919999E-6,16.0000000,
,,,1.4960000E-6,0.0,,,,,1.4960000E-6,0.0,,,,,1.4960000E-6,16.3999996,
,,,1.4999999E-6,-79.999998212E-3,,,,,1.4999999E-6,-39.99999911E-3,,,,,1.4999999E-6,16.0000000,
,,,1.5040000E-6,-39.99999911E-3,,,,,1.5040000E-6,-79.999998212E-3,,,,,1.5040000E-6,16.0000000,
,,,1.5080000E-6,0.0,,,,,1.5080000E-6,0.0,,,,,1.5080000E-6,16.0000000,
,,,1.5119999E-6,-39.99999911E-3,,,,,1.5119999E-6,0.0,,,,,1.5119999E-6,16.0000000,
,,,1.5160000E-6,-39.99999911E-3,,,,,1.5160000E-6,0.0,,,,,1.5160000E-6,15.6000004,
,,,1.5200000E-6,-39.99999911E-3,,,,,1.5200000E-6,-39.99999911E-3,,,,,1.5200000E-6,15.6000004,
,,,1.5239999E-6,0.0,,,,,1.5239999E-6,-39.99999911E-3,,,,,1.5239999E-6,15.6000004,
,,,1.5280000E-6,-39.99999911E-3,,,,,1.5280000E-6,-39.99999911E-3,,,,,1.5280000E-6,16.0000000,
,,,1.5319999E-6,-39.99999911E-3,,,,,1.5319999E-6,-39.99999911E-3,,,,,1.5319999E-6,15.6000004,
,,,1.5360000E-6,-39.99999911E-3,,,,,1.5360000E-6,-119.9999973E-3,,,,,1.5360000E-6,15.6000004,
,,,1.5400000E-6,0.0,,,,,1.5400000E-6,-79.999998212E-3,,,,,1.5400000E-6,15.6000004,
,,,1.5439999E-6,0.0,,,,,1.5439999E-6,-39.99999911E-3,,,,,1.5439999E-6,15.6000004,
,,,1.5480000E-6,-79.999998212E-3,,,,,1.5480000E-6,-39.99999911E-3,,,,,1.5480000E-6,15.6000004,
,,,1.5520000E-6,0.0,,,,,1.5520000E-6,-79.999998212E-3,,,,,1.5520000E-6,15.6000004,
,,,1.5559999E-6,-79.999998212E-3,,,,,1.5559999E-6,-39.99999911E-3,,,,,1.5559999E-6,15.6000004,
,,,1.5600000E-6,0.0,,,,,1.5600000E-6,-39.99999911E-3,,,,,1.5600000E-6,15.1999998,
,,,1.5639999E-6,-79.999998212E-3,,,,,1.5639999E-6,-79.999998212E-3,,,,,1.5639999E-6,15.1999998,
,,,1.5680000E-6,0.0,,,,,1.5680000E-6,-39.99999911E-3,,,,,1.5680000E-6,15.1999998,
,,,1.5720000E-6,-39.99999911E-3,,,,,1.5720000E-6,-39.99999911E-3,,,,,1.5720000E-6,15.6000004,
,,,1.5759999E-6,-39.99999911E-3,,,,,1.5759999E-6,-39.99999911E-3,,,,,1.5759999E-6,15.1999998,
,,,1.5800000E-6,-39.99999911E-3,,,,,1.5800000E-6,0.0,,,,,1.5800000E-6,14.8000002,
,,,1.5840000E-6,-39.99999911E-3,,,,,1.5840000E-6,-79.999998212E-3,,,,,1.5840000E-6,14.8000002,
,,,1.5879999E-6,-79.999998212E-3,,,,,1.5879999E-6,-39.99999911E-3,,,,,1.5879999E-6,14.8000002,
,,,1.5920000E-6,0.0,,,,,1.5920000E-6,39.99999911E-3,,,,,1.5920000E-6,14.4000006,
,,,1.5959999E-6,-39.99999911E-3,,,,,1.5959999E-6,0.0,,,,,1.5959999E-6,14.8000002,
,,,1.5999999E-6,-79.999998212E-3,,,,,1.5999999E-6,0.0,,,,,1.5999999E-6,14.8000002,
,,,1.6040000E-6,-39.99999911E-3,,,,,1.6040000E-6,0.0,,,,,1.6040000E-6,14.8000002,
,,,1.6079999E-6,0.0,,,,,1.6079999E-6,-79.999998212E-3,,,,,1.6079999E-6,14.4000006,
,,,1.6120000E-6,0.0,,,,,1.6120000E-6,0.0,,,,,1.6120000E-6,14.8000002,
,,,1.6160000E-6,-39.99999911E-3,,,,,1.6160000E-6,-39.99999911E-3,,,,,1.6160000E-6,14.4000006,
,,,1.6199999E-6,0.0,,,,,1.6199999E-6,-79.999998212E-3,,,,,1.6199999E-6,14.4000006,
,,,1.6240000E-6,0.0,,,,,1.6240000E-6,-39.99999911E-3,,,,,1.6240000E-6,14.4000006,
,,,1.6279999E-6,-39.99999911E-3,,,,,1.6279999E-6,-79.999998212E-3,,,,,1.6279999E-6,14.8000002,
,,,1.6319999E-6,-79.999998212E-3,,,,,1.6319999E-6,-79.999998212E-3,,,,,1.6319999E-6,14.4000006,
,,,1.6360000E-6,-39.99999911E-3,,,,,1.6360000E-6,-39.99999911E-3,,,,,1.6360000E-6,14.4000006,
,,,1.6399999E-6,0.0,,,,,1.6399999E-6,-39.99999911E-3,,,,,1.6399999E-6,14.0000000,
,,,1.6440000E-6,-39.99999911E-3,,,,,1.6440000E-6,-39.99999911E-3,,,,,1.6440000E-6,14.4000006,
,,,1.6480000E-6,-79.999998212E-3,,,,,1.6480000E-6,-39.99999911E-3,,,,,1.6480000E-6,14.0000000,
,,,1.6519999E-6,-79.999998212E-3,,,,,1.6519999E-6,-39.99999911E-3,,,,,1.6519999E-6,14.4000006,
,,,1.6560000E-6,0.0,,,,,1.6560000E-6,-39.99999911E-3,,,,,1.6560000E-6,14.0000000,
,,,1.6600000E-6,-39.99999911E-3,,,,,1.6600000E-6,-79.999998212E-3,,,,,1.6600000E-6,14.0000000,
,,,1.6639999E-6,-79.999998212E-3,,,,,1.6639999E-6,-39.99999911E-3,,,,,1.6639999E-6,14.0000000,
,,,1.6680000E-6,-39.99999911E-3,,,,,1.6680000E-6,-39.99999911E-3,,,,,1.6680000E-6,13.6000004,
,,,1.6719999E-6,-39.99999911E-3,,,,,1.6719999E-6,-39.99999911E-3,,,,,1.6719999E-6,14.0000000,
,,,1.6760000E-6,-39.99999911E-3,,,,,1.6760000E-6,-39.99999911E-3,,,,,1.6760000E-6,14.0000000,
,,,1.6800000E-6,-39.99999911E-3,,,,,1.6800000E-6,-39.99999911E-3,,,,,1.6800000E-6,14.0000000,
,,,1.6839999E-6,-39.99999911E-3,,,,,1.6839999E-6,-39.99999911E-3,,,,,1.6839999E-6,13.6000004,
,,,1.6880000E-6,-39.99999911E-3,,,,,1.6880000E-6,-79.999998212E-3,,,,,1.6880000E-6,13.6000004,
,,,1.6920000E-6,-39.99999911E-3,,,,,1.6920000E-6,-79.999998212E-3,,,,,1.6920000E-6,13.6000004,
,,,1.6959999E-6,-39.99999911E-3,,,,,1.6959999E-6,-39.99999911E-3,,,,,1.6959999E-6,13.6000004,
,,,1.7000000E-6,-39.99999911E-3,,,,,1.7000000E-6,-79.999998212E-3,,,,,1.7000000E-6,13.6000004,
,,,1.7039999E-6,-79.999998212E-3,,,,,1.7039999E-6,-39.99999911E-3,,,,,1.7039999E-6,13.1999998,
,,,1.7080000E-6,-39.99999911E-3,,,,,1.7080000E-6,-39.99999911E-3,,,,,1.7080000E-6,13.1999998,
,,,1.7120000E-6,0.0,,,,,1.7120000E-6,-39.99999911E-3,,,,,1.7120000E-6,13.1999998,
,,,1.7159999E-6,0.0,,,,,1.7159999E-6,-79.999998212E-3,,,,,1.7159999E-6,13.6000004,
,,,1.7200000E-6,0.0,,,,,1.7200000E-6,-79.999998212E-3,,,,,1.7200000E-6,13.6000004,
,,,1.7240000E-6,-39.99999911E-3,,,,,1.7240000E-6,-39.99999911E-3,,,,,1.7240000E-6,13.6000004,
,,,1.7279999E-6,0.0,,,,,1.7279999E-6,-79.999998212E-3,,,,,1.7279999E-6,13.1999998,
,,,1.7320000E-6,0.0,,,,,1.7320000E-6,-79.999998212E-3,,,,,1.7320000E-6,13.6000004,
,,,1.7359999E-6,-39.99999911E-3,,,,,1.7359999E-6,-79.999998212E-3,,,,,1.7359999E-6,13.1999998,
,,,1.7399999E-6,-39.99999911E-3,,,,,1.7399999E-6,-39.99999911E-3,,,,,1.7399999E-6,13.1999998,
,,,1.7440000E-6,-79.999998212E-3,,,,,1.7440000E-6,-39.99999911E-3,,,,,1.7440000E-6,13.6000004,
,,,1.7479999E-6,-79.999998212E-3,,,,,1.7479999E-6,-79.999998212E-3,,,,,1.7479999E-6,12.8000002,
,,,1.7520000E-6,-39.99999911E-3,,,,,1.7520000E-6,-79.999998212E-3,,,,,1.7520000E-6,13.1999998,
,,,1.7560000E-6,-39.99999911E-3,,,,,1.7560000E-6,-79.999998212E-3,,,,,1.7560000E-6,12.8000002,
,,,1.7599999E-6,0.0,,,,,1.7599999E-6,-39.99999911E-3,,,,,1.7599999E-6,12.8000002,
,,,1.7640000E-6,-39.99999911E-3,,,,,1.7640000E-6,-39.99999911E-3,,,,,1.7640000E-6,12.8000002,
,,,1.7679999E-6,-39.99999911E-3,,,,,1.7679999E-6,-39.99999911E-3,,,,,1.7679999E-6,12.8000002,
,,,1.7719999E-6,-39.99999911E-3,,,,,1.7719999E-6,-39.99999911E-3,,,,,1.7719999E-6,12.8000002,
,,,1.7760000E-6,-39.99999911E-3,,,,,1.7760000E-6,-79.999998212E-3,,,,,1.7760000E-6,12.8000002,
,,,1.7799999E-6,-79.999998212E-3,,,,,1.7799999E-6,-39.99999911E-3,,,,,1.7799999E-6,12.4000006,
,,,1.7840000E-6,-39.99999911E-3,,,,,1.7840000E-6,-79.999998212E-3,,,,,1.7840000E-6,12.4000006,
,,,1.7880000E-6,0.0,,,,,1.7880000E-6,-39.99999911E-3,,,,,1.7880000E-6,12.4000006,
,,,1.7919999E-6,0.0,,,,,1.7919999E-6,-79.999998212E-3,,,,,1.7919999E-6,12.8000002,
,,,1.7960000E-6,-79.999998212E-3,,,,,1.7960000E-6,-79.999998212E-3,,,,,1.7960000E-6,12.4000006,
,,,1.7999999E-6,-79.999998212E-3,,,,,1.7999999E-6,-79.999998212E-3,,,,,1.7999999E-6,12.4000006,
,,,1.8039999E-6,-39.99999911E-3,,,,,1.8039999E-6,0.0,,,,,1.8039999E-6,12.4000006,
,,,1.8080000E-6,0.0,,,,,1.8080000E-6,-39.99999911E-3,,,,,1.8080000E-6,12.0000000,
,,,1.8119999E-6,-39.99999911E-3,,,,,1.8119999E-6,-119.9999973E-3,,,,,1.8119999E-6,12.4000006,
,,,1.8160000E-6,-39.99999911E-3,,,,,1.8160000E-6,-39.99999911E-3,,,,,1.8160000E-6,12.0000000,
,,,1.8200000E-6,-39.99999911E-3,,,,,1.8200000E-6,-39.99999911E-3,,,,,1.8200000E-6,12.0000000,
,,,1.8239999E-6,0.0,,,,,1.8239999E-6,0.0,,,,,1.8239999E-6,12.0000000,
,,,1.8280000E-6,-39.99999911E-3,,,,,1.8280000E-6,-79.999998212E-3,,,,,1.8280000E-6,12.4000006,
,,,1.8320000E-6,-39.99999911E-3,,,,,1.8320000E-6,-79.999998212E-3,,,,,1.8320000E-6,12.4000006,
,,,1.8359999E-6,0.0,,,,,1.8359999E-6,-39.99999911E-3,,,,,1.8359999E-6,12.0000000,
,,,1.8400000E-6,0.0,,,,,1.8400000E-6,0.0,,,,,1.8400000E-6,12.0000000,
,,,1.8439999E-6,-39.99999911E-3,,,,,1.8439999E-6,-79.999998212E-3,,,,,1.8439999E-6,11.6000004,
,,,1.8480000E-6,0.0,,,,,1.8480000E-6,-39.99999911E-3,,,,,1.8480000E-6,11.6000004,
,,,1.8520000E-6,-39.99999911E-3,,,,,1.8520000E-6,-39.99999911E-3,,,,,1.8520000E-6,12.0000000,
,,,1.8559999E-6,-39.99999911E-3,,,,,1.8559999E-6,0.0,,,,,1.8559999E-6,12.0000000,
,,,1.8600000E-6,0.0,,,,,1.8600000E-6,-39.99999911E-3,,,,,1.8600000E-6,12.0000000,
,,,1.8640000E-6,-39.99999911E-3,,,,,1.8640000E-6,-39.99999911E-3,,,,,1.8640000E-6,11.6000004,
,,,1.8679999E-6,0.0,,,,,1.8679999E-6,-39.99999911E-3,,,,,1.8679999E-6,11.6000004,
,,,1.8720000E-6,-39.99999911E-3,,,,,1.8720000E-6,-39.99999911E-3,,,,,1.8720000E-6,11.6000004,
,,,1.8759999E-6,0.0,,,,,1.8759999E-6,-79.999998212E-3,,,,,1.8759999E-6,11.6000004,
,,,1.8799999E-6,-39.99999911E-3,,,,,1.8799999E-6,-39.99999911E-3,,,,,1.8799999E-6,11.1999998,
,,,1.8840000E-6,-79.999998212E-3,,,,,1.8840000E-6,-79.999998212E-3,,,,,1.8840000E-6,11.6000004,
,,,1.8879999E-6,-39.99999911E-3,,,,,1.8879999E-6,-79.999998212E-3,,,,,1.8879999E-6,11.6000004,
,,,1.8920000E-6,0.0,,,,,1.8920000E-6,-39.99999911E-3,,,,,1.8920000E-6,11.6000004,
,,,1.8960000E-6,-39.99999911E-3,,,,,1.8960000E-6,-79.999998212E-3,,,,,1.8960000E-6,11.6000004,
,,,1.8999999E-6,-39.99999911E-3,,,,,1.8999999E-6,-79.999998212E-3,,,,,1.8999999E-6,11.6000004,
,,,1.9040000E-6,0.0,,,,,1.9040000E-6,-79.999998212E-3,,,,,1.9040000E-6,11.1999998,
,,,1.9080001E-6,-39.99999911E-3,,,,,1.9080001E-6,-39.99999911E-3,,,,,1.9080001E-6,11.1999998,
,,,1.9120000E-6,-39.99999911E-3,,,,,1.9120000E-6,-79.999998212E-3,,,,,1.9120000E-6,11.1999998,
,,,1.9160000E-6,-39.99999911E-3,,,,,1.9160000E-6,-79.999998212E-3,,,,,1.9160000E-6,11.1999998,
,,,1.9199999E-6,0.0,,,,,1.9199999E-6,-79.999998212E-3,,,,,1.9199999E-6,11.1999998,
,,,1.9239999E-6,-39.99999911E-3,,,,,1.9239999E-6,0.0,,,,,1.9239999E-6,11.1999998,
,,,1.9279998E-6,-39.99999911E-3,,,,,1.9279998E-6,-39.99999911E-3,,,,,1.9279998E-6,10.8000002,
,,,1.9320000E-6,-79.999998212E-3,,,,,1.9320000E-6,-79.999998212E-3,,,,,1.9320000E-6,11.1999998,
,,,1.9360000E-6,-79.999998212E-3,,,,,1.9360000E-6,-39.99999911E-3,,,,,1.9360000E-6,10.8000002,
,,,1.9399999E-6,0.0,,,,,1.9399999E-6,-39.99999911E-3,,,,,1.9399999E-6,10.4000006,
,,,1.9439999E-6,-39.99999911E-3,,,,,1.9439999E-6,-39.99999911E-3,,,,,1.9439999E-6,10.4000006,
,,,1.9479999E-6,-39.99999911E-3,,,,,1.9479999E-6,-39.99999911E-3,,,,,1.9479999E-6,10.8000002,
,,,1.9520000E-6,-39.99999911E-3,,,,,1.9520000E-6,-39.99999911E-3,,,,,1.9520000E-6,10.4000006,
,,,1.9560000E-6,0.0,,,,,1.9560000E-6,-39.99999911E-3,,,,,1.9560000E-6,10.8000002,
,,,1.9600000E-6,0.0,,,,,1.9600000E-6,-39.99999911E-3,,,,,1.9600000E-6,10.8000002,
,,,1.9639999E-6,-39.99999911E-3,,,,,1.9639999E-6,-79.999998212E-3,,,,,1.9639999E-6,10.4000006,
,,,1.9679999E-6,-39.99999911E-3,,,,,1.9679999E-6,-39.99999911E-3,,,,,1.9679999E-6,10.4000006,
,,,1.9720001E-6,-39.99999911E-3,,,,,1.9720001E-6,-39.99999911E-3,,,,,1.9720001E-6,10.4000006,
,,,1.9760000E-6,-39.99999911E-3,,,,,1.9760000E-6,-79.999998212E-3,,,,,1.9760000E-6,10.4000006,
,,,1.9800000E-6,-39.99999911E-3,,,,,1.9800000E-6,-39.99999911E-3,,,,,1.9800000E-6,10.4000006,
,,,1.9839999E-6,-39.99999911E-3,,,,,1.9839999E-6,-79.999998212E-3,,,,,1.9839999E-6,10.4000006,
,,,1.9879999E-6,0.0,,,,,1.9879999E-6,0.0,,,,,1.9879999E-6,10.4000006,
,,,1.9919999E-6,-39.99999911E-3,,,,,1.9919999E-6,-79.999998212E-3,,,,,1.9919999E-6,10.8000002,
,,,1.9960000E-6,-79.999998212E-3,,,,,1.9960000E-6,-119.9999973E-3,,,,,1.9960000E-6,10.4000006,
,,,2.0000000E-6,-39.99999911E-3,,,,,2.0000000E-6,-39.99999911E-3,,,,,2.0000000E-6,10.0000000,
,,,2.0040000E-6,-39.99999911E-3,,,,,2.0040000E-6,-79.999998212E-3,,,,,2.0040000E-6,10.0000000,
,,,2.0079999E-6,-39.99999911E-3,,,,,2.0079999E-6,0.0,,,,,2.0079999E-6,10.4000006,
,,,2.0119999E-6,-39.99999911E-3,,,,,2.0119999E-6,-39.99999911E-3,,,,,2.0119999E-6,10.0000000,
,,,2.0160001E-6,-39.99999911E-3,,,,,2.0160001E-6,-79.999998212E-3,,,,,2.0160001E-6,10.4000006,
,,,2.0200000E-6,-39.99999911E-3,,,,,2.0200000E-6,0.0,,,,,2.0200000E-6,10.4000006,
,,,2.0240000E-6,-39.99999911E-3,,,,,2.0240000E-6,0.0,,,,,2.0240000E-6,10.0000000,
,,,2.0279999E-6,-79.999998212E-3,,,,,2.0279999E-6,-39.99999911E-3,,,,,2.0279999E-6,10.0000000,
,,,2.0319999E-6,-39.99999911E-3,,,,,2.0319999E-6,-39.99999911E-3,,,,,2.0319999E-6,10.4000006,
,,,2.0359998E-6,-39.99999911E-3,,,,,2.0359998E-6,-39.99999911E-3,,,,,2.0359998E-6,10.0000000,
,,,2.0400000E-6,-39.99999911E-3,,,,,2.0400000E-6,-39.99999911E-3,,,,,2.0400000E-6,9.600000381,
,,,2.0440000E-6,-79.999998212E-3,,,,,2.0440000E-6,-39.99999911E-3,,,,,2.0440000E-6,9.600000381,
,,,2.0479999E-6,0.0,,,,,2.0479999E-6,-79.999998212E-3,,,,,2.0479999E-6,10.0000000,
,,,2.0519999E-6,-39.99999911E-3,,,,,2.0519999E-6,-39.99999911E-3,,,,,2.0519999E-6,10.0000000,
,,,2.0559999E-6,-39.99999911E-3,,,,,2.0559999E-6,-79.999998212E-3,,,,,2.0559999E-6,9.600000381,
,,,2.0600000E-6,-79.999998212E-3,,,,,2.0600000E-6,-79.999998212E-3,,,,,2.0600000E-6,10.0000000,
,,,2.0640000E-6,-39.99999911E-3,,,,,2.0640000E-6,-39.99999911E-3,,,,,2.0640000E-6,9.600000381,
,,,2.0680000E-6,0.0,,,,,2.0680000E-6,-39.99999911E-3,,,,,2.0680000E-6,9.600000381,
,,,2.0719999E-6,-39.99999911E-3,,,,,2.0719999E-6,-79.999998212E-3,,,,,2.0719999E-6,9.600000381,
,,,2.0759999E-6,0.0,,,,,2.0759999E-6,-39.99999911E-3,,,,,2.0759999E-6,9.600000381,
,,,2.0800001E-6,-39.99999911E-3,,,,,2.0800001E-6,-79.999998212E-3,,,,,2.0800001E-6,9.600000381,
,,,2.0840000E-6,-39.99999911E-3,,,,,2.0840000E-6,-39.99999911E-3,,,,,2.0840000E-6,9.199999809,
,,,2.0880000E-6,-39.99999911E-3,,,,,2.0880000E-6,-79.999998212E-3,,,,,2.0880000E-6,9.600000381,
,,,2.0919999E-6,-39.99999911E-3,,,,,2.0919999E-6,-39.99999911E-3,,,,,2.0919999E-6,9.600000381,
,,,2.0959999E-6,-39.99999911E-3,,,,,2.0959999E-6,-39.99999911E-3,,,,,2.0959999E-6,9.600000381,
,,,2.0999998E-6,-79.999998212E-3,,,,,2.0999998E-6,-39.99999911E-3,,,,,2.0999998E-6,9.600000381,
,,,2.1040000E-6,-39.99999911E-3,,,,,2.1040000E-6,-79.999998212E-3,,,,,2.1040000E-6,9.199999809,
,,,2.1080000E-6,-39.99999911E-3,,,,,2.1080000E-6,-39.99999911E-3,,,,,2.1080000E-6,9.199999809,
,,,2.1119999E-6,-39.99999911E-3,,,,,2.1119999E-6,-39.99999911E-3,,,,,2.1119999E-6,9.600000381,
,,,2.1159999E-6,-79.999998212E-3,,,,,2.1159999E-6,-39.99999911E-3,,,,,2.1159999E-6,8.800000191,
,,,2.1199999E-6,-39.99999911E-3,,,,,2.1199999E-6,-39.99999911E-3,,,,,2.1199999E-6,8.800000191,
,,,2.1240000E-6,-79.999998212E-3,,,,,2.1240000E-6,-79.999998212E-3,,,,,2.1240000E-6,9.199999809,
,,,2.1280000E-6,-79.999998212E-3,,,,,2.1280000E-6,-79.999998212E-3,,,,,2.1280000E-6,9.199999809,
,,,2.1320000E-6,0.0,,,,,2.1320000E-6,-39.99999911E-3,,,,,2.1320000E-6,8.800000191,
,,,2.1359999E-6,0.0,,,,,2.1359999E-6,-39.99999911E-3,,,,,2.1359999E-6,8.800000191,
,,,2.1399999E-6,-39.99999911E-3,,,,,2.1399999E-6,0.0,,,,,2.1399999E-6,9.199999809,
,,,2.1439998E-6,-39.99999911E-3,,,,,2.1439998E-6,-39.99999911E-3,,,,,2.1439998E-6,9.199999809,
,,,2.1480000E-6,-79.999998212E-3,,,,,2.1480000E-6,-79.999998212E-3,,,,,2.1480000E-6,8.800000191,
,,,2.1520000E-6,-39.99999911E-3,,,,,2.1520000E-6,-79.999998212E-3,,,,,2.1520000E-6,8.800000191,
,,,2.1559999E-6,-39.99999911E-3,,,,,2.1559999E-6,0.0,,,,,2.1559999E-6,8.800000191,
,,,2.1599999E-6,0.0,,,,,2.1599999E-6,-79.999998212E-3,,,,,2.1599999E-6,8.800000191,
,,,2.1639999E-6,0.0,,,,,2.1639999E-6,-39.99999911E-3,,,,,2.1639999E-6,8.800000191,
,,,2.1680000E-6,0.0,,,,,2.1680000E-6,-39.99999911E-3,,,,,2.1680000E-6,8.800000191,
,,,2.1720000E-6,0.0,,,,,2.1720000E-6,-79.999998212E-3,,,,,2.1720000E-6,8.800000191,
,,,2.1760000E-6,-39.99999911E-3,,,,,2.1760000E-6,-119.9999973E-3,,,,,2.1760000E-6,8.400000572,
,,,2.1799999E-6,-39.99999911E-3,,,,,2.1799999E-6,-39.99999911E-3,,,,,2.1799999E-6,8.800000191,
,,,2.1839999E-6,0.0,,,,,2.1839999E-6,0.0,,,,,2.1839999E-6,8.400000572,
,,,2.1880001E-6,-39.99999911E-3,,,,,2.1880001E-6,-39.99999911E-3,,,,,2.1880001E-6,8.800000191,
,,,2.1920000E-6,-39.99999911E-3,,,,,2.1920000E-6,0.0,,,,,2.1920000E-6,8.800000191,
,,,2.1960000E-6,-39.99999911E-3,,,,,2.1960000E-6,-39.99999911E-3,,,,,2.1960000E-6,8.400000572,
,,,2.1999999E-6,-39.99999911E-3,,,,,2.1999999E-6,-39.99999911E-3,,,,,2.1999999E-6,8.800000191,
,,,2.2039999E-6,-79.999998212E-3,,,,,2.2039999E-6,-39.99999911E-3,,,,,2.2039999E-6,8.800000191,
,,,2.2079998E-6,-39.99999911E-3,,,,,2.2079998E-6,-79.999998212E-3,,,,,2.2079998E-6,8.400000572,
,,,2.2120000E-6,-39.99999911E-3,,,,,2.2120000E-6,0.0,,,,,2.2120000E-6,8.400000572,
,,,2.2160000E-6,-39.99999911E-3,,,,,2.2160000E-6,-39.99999911E-3,,,,,2.2160000E-6,8.400000572,
,,,2.2199999E-6,0.0,,,,,2.2199999E-6,-39.99999911E-3,,,,,2.2199999E-6,8.400000572,
,,,2.2239999E-6,-39.99999911E-3,,,,,2.2239999E-6,-39.99999911E-3,,,,,2.2239999E-6,8.400000572,
,,,2.2279999E-6,-39.99999911E-3,,,,,2.2279999E-6,-79.999998212E-3,,,,,2.2279999E-6,8.400000572,
,,,2.2320000E-6,0.0,,,,,2.2320000E-6,-39.99999911E-3,,,,,2.2320000E-6,8.400000572,
,,,2.2360000E-6,0.0,,,,,2.2360000E-6,0.0,,,,,2.2360000E-6,8.000000000,
,,,2.2400000E-6,0.0,,,,,2.2400000E-6,-79.999998212E-3,,,,,2.2400000E-6,8.400000572,
,,,2.2439999E-6,0.0,,,,,2.2439999E-6,-79.999998212E-3,,,,,2.2439999E-6,8.000000000,
,,,2.2479999E-6,-39.99999911E-3,,,,,2.2479999E-6,-79.999998212E-3,,,,,2.2479999E-6,8.400000572,
,,,2.2519998E-6,-39.99999911E-3,,,,,2.2519998E-6,-39.99999911E-3,,,,,2.2519998E-6,8.000000000,
,,,2.2560000E-6,-79.999998212E-3,,,,,2.2560000E-6,-79.999998212E-3,,,,,2.2560000E-6,8.000000000,
,,,2.2600000E-6,0.0,,,,,2.2600000E-6,-79.999998212E-3,,,,,2.2600000E-6,8.000000000,
,,,2.2639999E-6,-39.99999911E-3,,,,,2.2639999E-6,-79.999998212E-3,,,,,2.2639999E-6,8.000000000,
,,,2.2679999E-6,0.0,,,,,2.2679999E-6,-79.999998212E-3,,,,,2.2679999E-6,8.000000000,
,,,2.2719998E-6,-39.99999911E-3,,,,,2.2719998E-6,-39.99999911E-3,,,,,2.2719998E-6,8.000000000,
,,,2.2760000E-6,-39.99999911E-3,,,,,2.2760000E-6,-39.99999911E-3,,,,,2.2760000E-6,7.599999905,
,,,2.2800000E-6,-39.99999911E-3,,,,,2.2800000E-6,-39.99999911E-3,,,,,2.2800000E-6,8.000000000,
,,,2.2839999E-6,0.0,,,,,2.2839999E-6,-39.99999911E-3,,,,,2.2839999E-6,8.000000000,
,,,2.2879999E-6,-39.99999911E-3,,,,,2.2879999E-6,-39.99999911E-3,,,,,2.2879999E-6,8.000000000,
,,,2.2919999E-6,-39.99999911E-3,,,,,2.2919999E-6,-79.999998212E-3,,,,,2.2919999E-6,8.000000000,
,,,2.2960000E-6,-39.99999911E-3,,,,,2.2960000E-6,-39.99999911E-3,,,,,2.2960000E-6,8.000000000,
,,,2.3000000E-6,-39.99999911E-3,,,,,2.3000000E-6,-39.99999911E-3,,,,,2.3000000E-6,7.599999905,
,,,2.3040000E-6,-39.99999911E-3,,,,,2.3040000E-6,-39.99999911E-3,,,,,2.3040000E-6,7.599999905,
,,,2.3079999E-6,-39.99999911E-3,,,,,2.3079999E-6,-79.999998212E-3,,,,,2.3079999E-6,7.599999905,
,,,2.3119999E-6,-39.99999911E-3,,,,,2.3119999E-6,-39.99999911E-3,,,,,2.3119999E-6,7.20000029,
,,,2.3159998E-6,39.99999911E-3,,,,,2.3159998E-6,-39.99999911E-3,,,,,2.3159998E-6,7.599999905,
,,,2.3200000E-6,0.0,,,,,2.3200000E-6,-79.999998212E-3,,,,,2.3200000E-6,7.20000029,
,,,2.3240000E-6,-39.99999911E-3,,,,,2.3240000E-6,0.0,,,,,2.3240000E-6,7.20000029,
,,,2.3279999E-6,-39.99999911E-3,,,,,2.3279999E-6,-79.999998212E-3,,,,,2.3279999E-6,7.599999905,
,,,2.3319999E-6,0.0,,,,,2.3319999E-6,-39.99999911E-3,,,,,2.3319999E-6,7.599999905,
,,,2.3359999E-6,-39.99999911E-3,,,,,2.3359999E-6,-39.99999911E-3,,,,,2.3359999E-6,7.599999905,
,,,2.3400000E-6,-39.99999911E-3,,,,,2.3400000E-6,-39.99999911E-3,,,,,2.3400000E-6,7.599999905,
,,,2.3440000E-6,-39.99999911E-3,,,,,2.3440000E-6,-39.99999911E-3,,,,,2.3440000E-6,7.599999905,
,,,2.3480000E-6,-39.99999911E-3,,,,,2.3480000E-6,-39.99999911E-3,,,,,2.3480000E-6,7.599999905,
,,,2.3519999E-6,39.99999911E-3,,,,,2.3519999E-6,-39.99999911E-3,,,,,2.3519999E-6,7.20000029,
,,,2.3559999E-6,-39.99999911E-3,,,,,2.3559999E-6,-79.999998212E-3,,,,,2.3559999E-6,7.20000029,
,,,2.3600001E-6,-39.99999911E-3,,,,,2.3600001E-6,-79.999998212E-3,,,,,2.3600001E-6,7.20000029,
,,,2.3640000E-6,-79.999998212E-3,,,,,2.3640000E-6,-39.99999911E-3,,,,,2.3640000E-6,7.20000029,
,,,2.3680000E-6,-39.99999911E-3,,,,,2.3680000E-6,0.0,,,,,2.3680000E-6,7.20000029,
,,,2.3719999E-6,-39.99999911E-3,,,,,2.3719999E-6,-39.99999911E-3,,,,,2.3719999E-6,7.20000029,
,,,2.3759999E-6,-39.99999911E-3,,,,,2.3759999E-6,-79.999998212E-3,,,,,2.3759999E-6,7.20000029,
,,,2.3799998E-6,-79.999998212E-3,,,,,2.3799998E-6,-39.99999911E-3,,,,,2.3799998E-6,7.20000029,
,,,2.3840000E-6,0.0,,,,,2.3840000E-6,0.0,,,,,2.3840000E-6,7.20000029,
,,,2.3880000E-6,-39.99999911E-3,,,,,2.3880000E-6,-39.99999911E-3,,,,,2.3880000E-6,6.80000019,
,,,2.3919999E-6,-79.999998212E-3,,,,,2.3919999E-6,-79.999998212E-3,,,,,2.3919999E-6,7.20000029,
,,,2.3959999E-6,-39.99999911E-3,,,,,2.3959999E-6,-39.99999911E-3,,,,,2.3959999E-6,7.20000029,
,,,2.3999999E-6,-79.999998212E-3,,,,,2.3999999E-6,-39.99999911E-3,,,,,2.3999999E-6,6.80000019,
,,,2.4040000E-6,-39.99999911E-3,,,,,2.4040000E-6,-39.99999911E-3,,,,,2.4040000E-6,6.80000019,
,,,2.4080000E-6,0.0,,,,,2.4080000E-6,-39.99999911E-3,,,,,2.4080000E-6,6.80000019,
,,,2.4120000E-6,0.0,,,,,2.4120000E-6,-79.999998212E-3,,,,,2.4120000E-6,6.40000010,
,,,2.4159999E-6,-39.99999911E-3,,,,,2.4159999E-6,-39.99999911E-3,,,,,2.4159999E-6,6.80000019,
,,,2.4199999E-6,0.0,,,,,2.4199999E-6,-39.99999911E-3,,,,,2.4199999E-6,7.20000029,
,,,2.4239998E-6,-39.99999911E-3,,,,,2.4239998E-6,-79.999998212E-3,,,,,2.4239998E-6,6.80000019,
,,,2.4280000E-6,-39.99999911E-3,,,,,2.4280000E-6,-79.999998212E-3,,,,,2.4280000E-6,6.80000019,
,,,2.4320000E-6,-39.99999911E-3,,,,,2.4320000E-6,-39.99999911E-3,,,,,2.4320000E-6,7.20000029,
,,,2.4359999E-6,-39.99999911E-3,,,,,2.4359999E-6,0.0,,,,,2.4359999E-6,6.80000019,
,,,2.4399999E-6,-79.999998212E-3,,,,,2.4399999E-6,-39.99999911E-3,,,,,2.4399999E-6,6.80000019,
,,,2.4439998E-6,0.0,,,,,2.4439998E-6,-39.99999911E-3,,,,,2.4439998E-6,6.80000019,
,,,2.4480000E-6,-39.99999911E-3,,,,,2.4480000E-6,-39.99999911E-3,,,,,2.4480000E-6,6.80000019,
,,,2.4520000E-6,-39.99999911E-3,,,,,2.4520000E-6,-39.99999911E-3,,,,,2.4520000E-6,6.40000010,
,,,2.4559999E-6,-39.99999911E-3,,,,,2.4559999E-6,-79.999998212E-3,,,,,2.4559999E-6,6.40000010,
,,,2.4599999E-6,-39.99999911E-3,,,,,2.4599999E-6,-39.99999911E-3,,,,,2.4599999E-6,6.80000019,
,,,2.4639999E-6,-39.99999911E-3,,,,,2.4639999E-6,0.0,,,,,2.4639999E-6,6.40000010,
,,,2.4680000E-6,0.0,,,,,2.4680000E-6,-39.99999911E-3,,,,,2.4680000E-6,6.40000010,
,,,2.4720000E-6,-39.99999911E-3,,,,,2.4720000E-6,0.0,,,,,2.4720000E-6,6.80000019,
,,,2.4760000E-6,-39.99999911E-3,,,,,2.4760000E-6,-79.999998212E-3,,,,,2.4760000E-6,6.40000010,
,,,2.4799999E-6,-39.99999911E-3,,,,,2.4799999E-6,-39.99999911E-3,,,,,2.4799999E-6,6.40000010,
,,,2.4839999E-6,-39.99999911E-3,,,,,2.4839999E-6,-39.99999911E-3,,,,,2.4839999E-6,6.40000010,
,,,2.4879998E-6,0.0,,,,,2.4879998E-6,-39.99999911E-3,,,,,2.4879998E-6,6.40000010,
,,,2.4920000E-6,-39.99999911E-3,,,,,2.4920000E-6,-39.99999911E-3,,,,,2.4920000E-6,6.40000010,
,,,2.4960000E-6,-39.99999911E-3,,,,,2.4960000E-6,-79.999998212E-3,,,,,2.4960000E-6,6.40000010,
,,,2.4999999E-6,-39.99999911E-3,,,,,2.4999999E-6,-39.99999911E-3,,,,,2.4999999E-6,6.40000010,
,,,2.5039999E-6,-39.99999911E-3,,,,,2.5039999E-6,0.0,,,,,2.5039999E-6,6.00000000,
,,,2.5079999E-6,-39.99999911E-3,,,,,2.5079999E-6,-79.999998212E-3,,,,,2.5079999E-6,6.00000000,
,,,2.5120000E-6,39.99999911E-3,,,,,2.5120000E-6,-39.99999911E-3,,,,,2.5120000E-6,6.00000000,
,,,2.5160000E-6,-39.99999911E-3,,,,,2.5160000E-6,-39.99999911E-3,,,,,2.5160000E-6,6.00000000,
,,,2.5200000E-6,0.0,,,,,2.5200000E-6,-39.99999911E-3,,,,,2.5200000E-6,6.00000000,
,,,2.5239999E-6,-39.99999911E-3,,,,,2.5239999E-6,-39.99999911E-3,,,,,2.5239999E-6,6.40000010,
,,,2.5279999E-6,-39.99999911E-3,,,,,2.5279999E-6,-79.999998212E-3,,,,,2.5279999E-6,6.00000000,
,,,2.5319998E-6,-39.99999911E-3,,,,,2.5319998E-6,-39.99999911E-3,,,,,2.5319998E-6,6.00000000,
,,,2.5360000E-6,-39.99999911E-3,,,,,2.5360000E-6,-39.99999911E-3,,,,,2.5360000E-6,6.00000000,
,,,2.5400000E-6,-39.99999911E-3,,,,,2.5400000E-6,-39.99999911E-3,,,,,2.5400000E-6,6.00000000,
,,,2.5439999E-6,0.0,,,,,2.5439999E-6,-79.999998212E-3,,,,,2.5439999E-6,6.00000000,
,,,2.5479999E-6,-39.99999911E-3,,,,,2.5479999E-6,0.0,,,,,2.5479999E-6,5.59999990,
,,,2.5519998E-6,-39.99999911E-3,,,,,2.5519998E-6,-39.99999911E-3,,,,,2.5519998E-6,5.59999990,
,,,2.5560000E-6,-79.999998212E-3,,,,,2.5560000E-6,-39.99999911E-3,,,,,2.5560000E-6,6.00000000,
,,,2.5600000E-6,-39.99999911E-3,,,,,2.5600000E-6,0.0,,,,,2.5600000E-6,6.00000000,
,,,2.5639999E-6,-39.99999911E-3,,,,,2.5639999E-6,-39.99999911E-3,,,,,2.5639999E-6,5.59999990,
,,,2.5679999E-6,0.0,,,,,2.5679999E-6,-39.99999911E-3,,,,,2.5679999E-6,5.59999990,
,,,2.5719999E-6,-79.999998212E-3,,,,,2.5719999E-6,-39.99999911E-3,,,,,2.5719999E-6,5.59999990,
,,,2.5760000E-6,-39.99999911E-3,,,,,2.5760000E-6,-79.999998212E-3,,,,,2.5760000E-6,5.59999990,
,,,2.5800000E-6,-39.99999911E-3,,,,,2.5800000E-6,0.0,,,,,2.5800000E-6,5.59999990,
,,,2.5840000E-6,0.0,,,,,2.5840000E-6,-39.99999911E-3,,,,,2.5840000E-6,5.59999990,
,,,2.5879999E-6,-79.999998212E-3,,,,,2.5879999E-6,-39.99999911E-3,,,,,2.5879999E-6,6.00000000,
,,,2.5919999E-6,-39.99999911E-3,,,,,2.5919999E-6,-79.999998212E-3,,,,,2.5919999E-6,5.59999990,
,,,2.5959998E-6,-39.99999911E-3,,,,,2.5959998E-6,-39.99999911E-3,,,,,2.5959998E-6,5.59999990,
,,,2.6000000E-6,0.0,,,,,2.6000000E-6,0.0,,,,,2.6000000E-6,5.20000029,
,,,2.6040000E-6,-39.99999911E-3,,,,,2.6040000E-6,-79.999998212E-3,,,,,2.6040000E-6,5.59999990,
,,,2.6079999E-6,0.0,,,,,2.6079999E-6,-39.99999911E-3,,,,,2.6079999E-6,5.59999990,
,,,2.6119999E-6,-39.99999911E-3,,,,,2.6119999E-6,-79.999998212E-3,,,,,2.6119999E-6,5.20000029,
,,,2.6159998E-6,-39.99999911E-3,,,,,2.6159998E-6,-39.99999911E-3,,,,,2.6159998E-6,5.59999990,
,,,2.6200000E-6,-39.99999911E-3,,,,,2.6200000E-6,-79.999998212E-3,,,,,2.6200000E-6,5.59999990,
,,,2.6240000E-6,-79.999998212E-3,,,,,2.6240000E-6,-79.999998212E-3,,,,,2.6240000E-6,5.59999990,
,,,2.6279999E-6,0.0,,,,,2.6279999E-6,-79.999998212E-3,,,,,2.6279999E-6,5.59999990,
,,,2.6319999E-6,-39.99999911E-3,,,,,2.6319999E-6,-39.99999911E-3,,,,,2.6319999E-6,5.20000029,
,,,2.6359999E-6,-39.99999911E-3,,,,,2.6359999E-6,-39.99999911E-3,,,,,2.6359999E-6,5.20000029,
,,,2.6399998E-6,-39.99999911E-3,,,,,2.6399998E-6,-79.999998212E-3,,,,,2.6399998E-6,5.20000029,
,,,2.6440000E-6,-79.999998212E-3,,,,,2.6440000E-6,-39.99999911E-3,,,,,2.6440000E-6,5.20000029,
,,,2.6480000E-6,-39.99999911E-3,,,,,2.6480000E-6,-39.99999911E-3,,,,,2.6480000E-6,5.20000029,
,,,2.6519999E-6,-39.99999911E-3,,,,,2.6519999E-6,-79.999998212E-3,,,,,2.6519999E-6,5.20000029,
,,,2.6559999E-6,-39.99999911E-3,,,,,2.6559999E-6,-39.99999911E-3,,,,,2.6559999E-6,5.20000029,
,,,2.6599998E-6,-39.99999911E-3,,,,,2.6599998E-6,-79.999998212E-3,,,,,2.6599998E-6,5.20000029,
,,,2.6640000E-6,0.0,,,,,2.6640000E-6,-39.99999911E-3,,,,,2.6640000E-6,4.80000019,
,,,2.6680000E-6,39.99999911E-3,,,,,2.6680000E-6,-39.99999911E-3,,,,,2.6680000E-6,5.20000029,
,,,2.6719999E-6,-39.99999911E-3,,,,,2.6719999E-6,-39.99999911E-3,,,,,2.6719999E-6,5.59999990,
,,,2.6759999E-6,-39.99999911E-3,,,,,2.6759999E-6,-79.999998212E-3,,,,,2.6759999E-6,5.20000029,
,,,2.6799999E-6,0.0,,,,,2.6799999E-6,0.0,,,,,2.6799999E-6,5.20000029,
,,,2.6840000E-6,0.0,,,,,2.6840000E-6,-79.999998212E-3,,,,,2.6840000E-6,5.20000029,
,,,2.6880000E-6,-39.99999911E-3,,,,,2.6880000E-6,-79.999998212E-3,,,,,2.6880000E-6,4.80000019,
,,,2.6920000E-6,0.0,,,,,2.6920000E-6,-79.999998212E-3,,,,,2.6920000E-6,5.20000029,
,,,2.6959999E-6,39.99999911E-3,,,,,2.6959999E-6,-79.999998212E-3,,,,,2.6959999E-6,4.80000019,
,,,2.6999999E-6,-39.99999911E-3,,,,,2.6999999E-6,-39.99999911E-3,,,,,2.6999999E-6,4.80000019,
,,,2.7039998E-6,-39.99999911E-3,,,,,2.7039998E-6,-39.99999911E-3,,,,,2.7039998E-6,4.80000019,
,,,2.7080000E-6,-79.999998212E-3,,,,,2.7080000E-6,-79.999998212E-3,,,,,2.7080000E-6,4.80000019,
,,,2.7120000E-6,0.0,,,,,2.7120000E-6,-79.999998212E-3,,,,,2.7120000E-6,4.80000019,
,,,2.7159999E-6,0.0,,,,,2.7159999E-6,0.0,,,,,2.7159999E-6,4.80000019,
,,,2.71999988E-6,-39.99999911E-3,,,,,2.71999988E-6,-39.99999911E-3,,,,,2.71999988E-6,5.20000029,
,,,2.72399984E-6,-39.99999911E-3,,,,,2.72399984E-6,-79.999998212E-3,,,,,2.72399984E-6,5.20000029,
,,,2.72800003E-6,-39.99999911E-3,,,,,2.72800003E-6,-39.99999911E-3,,,,,2.72800003E-6,4.80000019,
,,,2.73199998E-6,0.0,,,,,2.73199998E-6,-39.99999911E-3,,,,,2.73199998E-6,4.80000019,
,,,2.73599994E-6,-39.99999911E-3,,,,,2.73599994E-6,-39.99999911E-3,,,,,2.73599994E-6,4.40000010,
,,,2.73999990E-6,-39.99999911E-3,,,,,2.73999990E-6,-39.99999911E-3,,,,,2.73999990E-6,4.80000019,
,,,2.74399986E-6,-39.99999911E-3,,,,,2.74399986E-6,-39.99999911E-3,,,,,2.74399986E-6,4.40000010,
,,,2.74800004E-6,0.0,,,,,2.74800004E-6,-39.99999911E-3,,,,,2.74800004E-6,4.80000019,
,,,2.75200000E-6,-39.99999911E-3,,,,,2.75200000E-6,-39.99999911E-3,,,,,2.75200000E-6,4.80000019,
,,,2.75599996E-6,-39.99999911E-3,,,,,2.75599996E-6,-79.999998212E-3,,,,,2.75599996E-6,4.80000019,
,,,2.75999992E-6,-39.99999911E-3,,,,,2.75999992E-6,-39.99999911E-3,,,,,2.75999992E-6,4.40000010,
,,,2.76399987E-6,0.0,,,,,2.76399987E-6,-79.999998212E-3,,,,,2.76399987E-6,4.40000010,
,,,2.76799983E-6,-39.99999911E-3,,,,,2.76799983E-6,-39.99999911E-3,,,,,2.76799983E-6,4.80000019,
,,,2.77200002E-6,0.0,,,,,2.77200002E-6,-39.99999911E-3,,,,,2.77200002E-6,4.80000019,
,,,2.77599997E-6,-39.99999911E-3,,,,,2.77599997E-6,-39.99999911E-3,,,,,2.77599997E-6,4.40000010,
,,,2.77999993E-6,-39.99999911E-3,,,,,2.77999993E-6,-39.99999911E-3,,,,,2.77999993E-6,4.80000019,
,,,2.78399989E-6,0.0,,,,,2.78399989E-6,-39.99999911E-3,,,,,2.78399989E-6,4.40000010,
,,,2.78799985E-6,-79.999998212E-3,,,,,2.78799985E-6,-79.999998212E-3,,,,,2.78799985E-6,4.40000010,
,,,2.79200003E-6,-79.999998212E-3,,,,,2.79200003E-6,-79.999998212E-3,,,,,2.79200003E-6,4.40000010,
,,,2.79599999E-6,0.0,,,,,2.79599999E-6,-79.999998212E-3,,,,,2.79599999E-6,4.00000000,
,,,2.79999995E-6,-39.99999911E-3,,,,,2.79999995E-6,-79.999998212E-3,,,,,2.79999995E-6,4.40000010,
,,,2.80399991E-6,-79.999998212E-3,,,,,2.80399991E-6,-39.99999911E-3,,,,,2.80399991E-6,4.40000010,
,,,2.80799986E-6,-79.999998212E-3,,,,,2.80799986E-6,-39.99999911E-3,,,,,2.80799986E-6,4.00000000,
,,,2.81199982E-6,-39.99999911E-3,,,,,2.81199982E-6,-39.99999911E-3,,,,,2.81199982E-6,4.40000010,
,,,2.81600001E-6,-39.99999911E-3,,,,,2.81600001E-6,0.0,,,,,2.81600001E-6,4.40000010,
,,,2.81999996E-6,-79.999998212E-3,,,,,2.81999996E-6,-79.999998212E-3,,,,,2.81999996E-6,4.40000010,
,,,2.82399992E-6,-39.99999911E-3,,,,,2.82399992E-6,-39.99999911E-3,,,,,2.82399992E-6,4.00000000,
,,,2.82799988E-6,0.0,,,,,2.82799988E-6,0.0,,,,,2.82799988E-6,4.00000000,
,,,2.83199984E-6,-39.99999911E-3,,,,,2.83199984E-6,0.0,,,,,2.83199984E-6,4.00000000,
,,,2.83600002E-6,-79.999998212E-3,,,,,2.83600002E-6,-39.99999911E-3,,,,,2.83600002E-6,4.00000000,
,,,2.83999998E-6,-39.99999911E-3,,,,,2.83999998E-6,-79.999998212E-3,,,,,2.83999998E-6,4.40000010,
,,,2.84399994E-6,0.0,,,,,2.84399994E-6,-39.99999911E-3,,,,,2.84399994E-6,4.00000000,
,,,2.84799989E-6,0.0,,,,,2.84799989E-6,-39.99999911E-3,,,,,2.84799989E-6,4.00000000,
,,,2.85199985E-6,-39.99999911E-3,,,,,2.85199985E-6,-79.999998212E-3,,,,,2.85199985E-6,4.00000000,
,,,2.85600004E-6,0.0,,,,,2.85600004E-6,-79.999998212E-3,,,,,2.85600004E-6,4.00000000,
,,,2.86000000E-6,-79.999998212E-3,,,,,2.86000000E-6,-39.99999911E-3,,,,,2.86000000E-6,4.40000010,
,,,2.86399995E-6,-39.99999911E-3,,,,,2.86399995E-6,-39.99999911E-3,,,,,2.86399995E-6,4.00000000,
,,,2.86799991E-6,-39.99999911E-3,,,,,2.86799991E-6,-39.99999911E-3,,,,,2.86799991E-6,4.00000000,
,,,2.87199987E-6,-39.99999911E-3,,,,,2.87199987E-6,-119.9999973E-3,,,,,2.87199987E-6,4.00000000,
,,,2.87599983E-6,-39.99999911E-3,,,,,2.87599983E-6,0.0,,,,,2.87599983E-6,3.60000014,
,,,2.88000001E-6,-39.99999911E-3,,,,,2.88000001E-6,-79.999998212E-3,,,,,2.88000001E-6,4.00000000,
,,,2.88399997E-6,39.99999911E-3,,,,,2.88399997E-6,0.0,,,,,2.88399997E-6,4.00000000,
,,,2.88799993E-6,-39.99999911E-3,,,,,2.88799993E-6,-39.99999911E-3,,,,,2.88799993E-6,4.00000000,
,,,2.89199988E-6,-39.99999911E-3,,,,,2.89199988E-6,-39.99999911E-3,,,,,2.89199988E-6,4.00000000,
,,,2.89599984E-6,-39.99999911E-3,,,,,2.89599984E-6,-39.99999911E-3,,,,,2.89599984E-6,3.60000014,
,,,2.90000003E-6,-39.99999911E-3,,,,,2.90000003E-6,-79.999998212E-3,,,,,2.90000003E-6,3.60000014,
,,,2.90399998E-6,0.0,,,,,2.90399998E-6,-39.99999911E-3,,,,,2.90399998E-6,3.60000014,
,,,2.90799994E-6,0.0,,,,,2.90799994E-6,0.0,,,,,2.90799994E-6,3.60000014,
,,,2.91199990E-6,-39.99999911E-3,,,,,2.91199990E-6,0.0,,,,,2.91199990E-6,3.60000014,
,,,2.91599986E-6,-39.99999911E-3,,,,,2.91599986E-6,-39.99999911E-3,,,,,2.91599986E-6,4.00000000,
,,,2.91999982E-6,-39.99999911E-3,,,,,2.91999982E-6,-39.99999911E-3,,,,,2.91999982E-6,4.00000000,
,,,2.92400000E-6,-39.99999911E-3,,,,,2.92400000E-6,-39.99999911E-3,,,,,2.92400000E-6,3.60000014,
,,,2.92799996E-6,0.0,,,,,2.92799996E-6,0.0,,,,,2.92799996E-6,3.60000014,
,,,2.93199992E-6,-79.999998212E-3,,,,,2.93199992E-6,-39.99999911E-3,,,,,2.93199992E-6,3.60000014,
,,,2.93599987E-6,-79.999998212E-3,,,,,2.93599987E-6,-39.99999911E-3,,,,,2.93599987E-6,3.20000005,
,,,2.93999983E-6,-39.99999911E-3,,,,,2.93999983E-6,-79.999998212E-3,,,,,2.93999983E-6,3.20000005,
,,,2.94400002E-6,-39.99999911E-3,,,,,2.94400002E-6,-39.99999911E-3,,,,,2.94400002E-6,3.60000014,
,,,2.94799997E-6,-39.99999911E-3,,,,,2.94799997E-6,-39.99999911E-3,,,,,2.94799997E-6,3.20000005,
,,,2.95199993E-6,0.0,,,,,2.95199993E-6,-39.99999911E-3,,,,,2.95199993E-6,3.20000005,
,,,2.95599989E-6,-39.99999911E-3,,,,,2.95599989E-6,-79.999998212E-3,,,,,2.95599989E-6,3.60000014,
,,,2.95999985E-6,-39.99999911E-3,,,,,2.95999985E-6,-39.99999911E-3,,,,,2.95999985E-6,3.20000005,
,,,2.96400003E-6,0.0,,,,,2.96400003E-6,-79.999998212E-3,,,,,2.96400003E-6,3.60000014,
,,,2.96799999E-6,-39.99999911E-3,,,,,2.96799999E-6,-79.999998212E-3,,,,,2.96799999E-6,3.20000005,
,,,2.97199995E-6,0.0,,,,,2.97199995E-6,-39.99999911E-3,,,,,2.97199995E-6,3.20000005,
,,,2.97599991E-6,-39.99999911E-3,,,,,2.97599991E-6,-39.99999911E-3,,,,,2.97599991E-6,3.20000005,
,,,2.97999986E-6,0.0,,,,,2.97999986E-6,-79.999998212E-3,,,,,2.97999986E-6,3.20000005,
,,,2.98399982E-6,-39.99999911E-3,,,,,2.98399982E-6,0.0,,,,,2.98399982E-6,3.20000005,
,,,2.98800001E-6,-39.99999911E-3,,,,,2.98800001E-6,-39.99999911E-3,,,,,2.98800001E-6,3.20000005,
,,,2.99199996E-6,-39.99999911E-3,,,,,2.99199996E-6,-79.999998212E-3,,,,,2.99199996E-6,3.20000005,
,,,2.99599992E-6,-39.99999911E-3,,,,,2.99599992E-6,-39.99999911E-3,,,,,2.99599992E-6,3.60000014,
,,,2.99999988E-6,-39.99999911E-3,,,,,2.99999988E-6,-39.99999911E-3,,,,,2.99999988E-6,3.20000005,
,,,3.00399984E-6,-39.99999911E-3,,,,,3.00399984E-6,-39.99999911E-3,,,,,3.00399984E-6,3.20000005,
,,,3.00800002E-6,-39.99999911E-3,,,,,3.00800002E-6,-39.99999911E-3,,,,,3.00800002E-6,2.79999995,
,,,3.01199998E-6,-39.99999911E-3,,,,,3.01199998E-6,-39.99999911E-3,,,,,3.01199998E-6,3.60000014,
,,,3.01599994E-6,-79.999998212E-3,,,,,3.01599994E-6,-39.99999911E-3,,,,,3.01599994E-6,2.79999995,
,,,3.01999989E-6,-79.999998212E-3,,,,,3.01999989E-6,-39.99999911E-3,,,,,3.01999989E-6,3.20000005,
,,,3.02399985E-6,0.0,,,,,3.02399985E-6,-79.999998212E-3,,,,,3.02399985E-6,2.79999995,
,,,3.02799981E-6,-39.99999911E-3,,,,,3.02799981E-6,-39.99999911E-3,,,,,3.02799981E-6,3.20000005,
,,,3.03200000E-6,-39.99999911E-3,,,,,3.03200000E-6,-79.999998212E-3,,,,,3.03200000E-6,3.20000005,
,,,3.03599995E-6,-39.99999911E-3,,,,,3.03599995E-6,-79.999998212E-3,,,,,3.03599995E-6,2.79999995,
,,,3.03999991E-6,-39.99999911E-3,,,,,3.03999991E-6,-39.99999911E-3,,,,,3.03999991E-6,2.79999995,
,,,3.04399987E-6,-39.99999911E-3,,,,,3.04399987E-6,-79.999998212E-3,,,,,3.04399987E-6,2.79999995,
,,,3.04799983E-6,-39.99999911E-3,,,,,3.04799983E-6,-79.999998212E-3,,,,,3.04799983E-6,2.79999995,
,,,3.05200001E-6,-39.99999911E-3,,,,,3.05200001E-6,-39.99999911E-3,,,,,3.05200001E-6,2.79999995,
,,,3.05599997E-6,-39.99999911E-3,,,,,3.05599997E-6,-39.99999911E-3,,,,,3.05599997E-6,2.79999995,
,,,3.05999993E-6,-39.99999911E-3,,,,,3.05999993E-6,-39.99999911E-3,,,,,3.05999993E-6,2.79999995,
,,,3.06399988E-6,-79.999998212E-3,,,,,3.06399988E-6,-39.99999911E-3,,,,,3.06399988E-6,2.79999995,
,,,3.06799984E-6,-39.99999911E-3,,,,,3.06799984E-6,-39.99999911E-3,,,,,3.06799984E-6,2.79999995,
,,,3.07200003E-6,-39.99999911E-3,,,,,3.07200003E-6,-39.99999911E-3,,,,,3.07200003E-6,2.79999995,
,,,3.07599998E-6,0.0,,,,,3.07599998E-6,-39.99999911E-3,,,,,3.07599998E-6,2.79999995,
,,,3.07999994E-6,-39.99999911E-3,,,,,3.07999994E-6,-39.99999911E-3,,,,,3.07999994E-6,2.79999995,
,,,3.08399990E-6,-39.99999911E-3,,,,,3.08399990E-6,-79.999998212E-3,,,,,3.08399990E-6,2.4000001,
,,,3.08799986E-6,-39.99999911E-3,,,,,3.08799986E-6,-39.99999911E-3,,,,,3.08799986E-6,2.79999995,
,,,3.09199982E-6,0.0,,,,,3.09199982E-6,-39.99999911E-3,,,,,3.09199982E-6,2.79999995,
,,,3.09600000E-6,-39.99999911E-3,,,,,3.09600000E-6,-39.99999911E-3,,,,,3.09600000E-6,2.79999995,
,,,3.09999996E-6,-39.99999911E-3,,,,,3.09999996E-6,-39.99999911E-3,,,,,3.09999996E-6,2.4000001,
,,,3.10399992E-6,-39.99999911E-3,,,,,3.10399992E-6,-39.99999911E-3,,,,,3.10399992E-6,2.4000001,
,,,3.10799987E-6,0.0,,,,,3.10799987E-6,-39.99999911E-3,,,,,3.10799987E-6,2.4000001,
,,,3.11199983E-6,-39.99999911E-3,,,,,3.11199983E-6,-39.99999911E-3,,,,,3.11199983E-6,2.4000001,
,,,3.11600002E-6,-39.99999911E-3,,,,,3.11600002E-6,-79.999998212E-3,,,,,3.11600002E-6,2.4000001,
,,,3.11999997E-6,-39.99999911E-3,,,,,3.11999997E-6,-79.999998212E-3,,,,,3.11999997E-6,2.4000001,
,,,3.12399993E-6,-39.99999911E-3,,,,,3.12399993E-6,-79.999998212E-3,,,,,3.12399993E-6,2.79999995,
,,,3.12799989E-6,-39.99999911E-3,,,,,3.12799989E-6,-39.99999911E-3,,,,,3.12799989E-6,2.4000001,
,,,3.13199985E-6,-79.999998212E-3,,,,,3.13199985E-6,-79.999998212E-3,,,,,3.13199985E-6,2.4000001,
,,,3.13600003E-6,0.0,,,,,3.13600003E-6,-79.999998212E-3,,,,,3.13600003E-6,2.4000001,
,,,3.13999999E-6,-39.99999911E-3,,,,,3.13999999E-6,-79.999998212E-3,,,,,3.13999999E-6,2.4000001,
,,,3.14399995E-6,-39.99999911E-3,,,,,3.14399995E-6,0.0,,,,,3.14399995E-6,2.4000001,
,,,3.14799991E-6,-39.99999911E-3,,,,,3.14799991E-6,-79.999998212E-3,,,,,3.14799991E-6,2.4000001,
,,,3.15199986E-6,-39.99999911E-3,,,,,3.15199986E-6,-79.999998212E-3,,,,,3.15199986E-6,2.4000001,
,,,3.15599982E-6,0.0,,,,,3.15599982E-6,-79.999998212E-3,,,,,3.15599982E-6,2.0000000,
,,,3.16000001E-6,0.0,,,,,3.16000001E-6,-39.99999911E-3,,,,,3.16000001E-6,2.0000000,
,,,3.16399996E-6,0.0,,,,,3.16399996E-6,-79.999998212E-3,,,,,3.16399996E-6,2.4000001,
,,,3.16799992E-6,-39.99999911E-3,,,,,3.16799992E-6,-39.99999911E-3,,,,,3.16799992E-6,2.4000001,
,,,3.17199988E-6,-79.999998212E-3,,,,,3.17199988E-6,-39.99999911E-3,,,,,3.17199988E-6,2.4000001,
,,,3.17599984E-6,-39.99999911E-3,,,,,3.17599984E-6,-39.99999911E-3,,,,,3.17599984E-6,2.79999995,
,,,3.18000002E-6,0.0,,,,,3.18000002E-6,-79.999998212E-3,,,,,3.18000002E-6,2.4000001,
,,,3.18399998E-6,-39.99999911E-3,,,,,3.18399998E-6,-79.999998212E-3,,,,,3.18399998E-6,2.4000001,
,,,3.18799994E-6,-39.99999911E-3,,,,,3.18799994E-6,-39.99999911E-3,,,,,3.18799994E-6,2.0000000,
,,,3.19199989E-6,0.0,,,,,3.19199989E-6,-39.99999911E-3,,,,,3.19199989E-6,2.0000000,
,,,3.19599985E-6,-39.99999911E-3,,,,,3.19599985E-6,-39.99999911E-3,,,,,3.19599985E-6,2.0000000,
,,,3.19999981E-6,-39.99999911E-3,,,,,3.19999981E-6,-39.99999911E-3,,,,,3.19999981E-6,2.0000000,
,,,3.20400000E-6,-79.999998212E-3,,,,,3.20400000E-6,-39.99999911E-3,,,,,3.20400000E-6,2.0000000,
,,,3.20799995E-6,-39.99999911E-3,,,,,3.20799995E-6,0.0,,,,,3.20799995E-6,2.4000001,
,,,3.21199991E-6,-39.99999911E-3,,,,,3.21199991E-6,0.0,,,,,3.21199991E-6,2.0000000,
,,,3.21599987E-6,-39.99999911E-3,,,,,3.21599987E-6,-79.999998212E-3,,,,,3.21599987E-6,2.0000000,
,,,3.21999983E-6,0.0,,,,,3.21999983E-6,-79.999998212E-3,,,,,3.21999983E-6,2.0000000,
,,,3.22400001E-6,0.0,,,,,3.22400001E-6,-39.99999911E-3,,,,,3.22400001E-6,1.6000000,
,,,3.22799997E-6,-39.99999911E-3,,,,,3.22799997E-6,-39.99999911E-3,,,,,3.22799997E-6,2.0000000,
,,,3.23199993E-6,-79.999998212E-3,,,,,3.23199993E-6,-39.99999911E-3,,,,,3.23199993E-6,2.0000000,
,,,3.23599988E-6,-39.99999911E-3,,,,,3.23599988E-6,-79.999998212E-3,,,,,3.23599988E-6,1.6000000,
,,,3.23999984E-6,-39.99999911E-3,,,,,3.23999984E-6,-39.99999911E-3,,,,,3.23999984E-6,2.0000000,
,,,3.24400003E-6,-39.99999911E-3,,,,,3.24400003E-6,-79.999998212E-3,,,,,3.24400003E-6,1.6000000,
,,,3.24799998E-6,-79.999998212E-3,,,,,3.24799998E-6,0.0,,,,,3.24799998E-6,2.0000000,
,,,3.25199994E-6,-39.99999911E-3,,,,,3.25199994E-6,-39.99999911E-3,,,,,3.25199994E-6,2.0000000,
,,,3.25599990E-6,-39.99999911E-3,,,,,3.25599990E-6,0.0,,,,,3.25599990E-6,2.0000000,
,,,3.25999986E-6,0.0,,,,,3.25999986E-6,0.0,,,,,3.25999986E-6,2.0000000,
,,,3.26399982E-6,0.0,,,,,3.26399982E-6,-79.999998212E-3,,,,,3.26399982E-6,2.0000000,
,,,3.26800000E-6,-79.999998212E-3,,,,,3.26800000E-6,-119.9999973E-3,,,,,3.26800000E-6,2.0000000,
,,,3.27199996E-6,-39.99999911E-3,,,,,3.27199996E-6,-39.99999911E-3,,,,,3.27199996E-6,1.6000000,
,,,3.27599992E-6,0.0,,,,,3.27599992E-6,-79.999998212E-3,,,,,3.27599992E-6,1.6000000,
,,,3.27999987E-6,-39.99999911E-3,,,,,3.27999987E-6,-39.99999911E-3,,,,,3.27999987E-6,2.0000000,
,,,3.28399983E-6,-79.999998212E-3,,,,,3.28399983E-6,-39.99999911E-3,,,,,3.28399983E-6,2.0000000,
,,,3.28800002E-6,0.0,,,,,3.28800002E-6,-39.99999911E-3,,,,,3.28800002E-6,2.0000000,
,,,3.29199997E-6,0.0,,,,,3.29199997E-6,-39.99999911E-3,,,,,3.29199997E-6,1.6000000,
,,,3.29599993E-6,-39.99999911E-3,,,,,3.29599993E-6,0.0,,,,,3.29599993E-6,1.6000000,
,,,3.29999989E-6,0.0,,,,,3.29999989E-6,-39.99999911E-3,,,,,3.29999989E-6,1.6000000,
,,,3.30399985E-6,-39.99999911E-3,,,,,3.30399985E-6,-39.99999911E-3,,,,,3.30399985E-6,1.6000000,
,,,3.30799980E-6,0.0,,,,,3.30799980E-6,-39.99999911E-3,,,,,3.30799980E-6,1.6000000,
,,,3.31199999E-6,-39.99999911E-3,,,,,3.31199999E-6,-39.99999911E-3,,,,,3.31199999E-6,1.6000000,
,,,3.31599995E-6,-39.99999911E-3,,,,,3.31599995E-6,-39.99999911E-3,,,,,3.31599995E-6,1.6000000,
,,,3.31999991E-6,-39.99999911E-3,,,,,3.31999991E-6,-79.999998212E-3,,,,,3.31999991E-6,1.6000000,
,,,3.32399986E-6,0.0,,,,,3.32399986E-6,-39.99999911E-3,,,,,3.32399986E-6,1.2000000,
,,,3.32799982E-6,-39.99999911E-3,,,,,3.32799982E-6,-39.99999911E-3,,,,,3.32799982E-6,1.2000000,
,,,3.33200001E-6,-39.99999911E-3,,,,,3.33200001E-6,-39.99999911E-3,,,,,3.33200001E-6,1.6000000,
,,,3.33599996E-6,-39.99999911E-3,,,,,3.33599996E-6,-119.9999973E-3,,,,,3.33599996E-6,1.6000000,
,,,3.33999992E-6,-39.99999911E-3,,,,,3.33999992E-6,-39.99999911E-3,,,,,3.33999992E-6,1.6000000,
,,,3.34399988E-6,-39.99999911E-3,,,,,3.34399988E-6,-39.99999911E-3,,,,,3.34399988E-6,1.2000000,
,,,3.34799984E-6,-79.999998212E-3,,,,,3.34799984E-6,-39.99999911E-3,,,,,3.34799984E-6,1.2000000,
,,,3.35200002E-6,0.0,,,,,3.35200002E-6,-79.999998212E-3,,,,,3.35200002E-6,1.6000000,
,,,3.35599998E-6,-39.99999911E-3,,,,,3.35599998E-6,-39.99999911E-3,,,,,3.35599998E-6,1.6000000,
,,,3.35999994E-6,39.99999911E-3,,,,,3.35999994E-6,-39.99999911E-3,,,,,3.35999994E-6,1.2000000,
,,,3.36399989E-6,-39.99999911E-3,,,,,3.36399989E-6,-79.999998212E-3,,,,,3.36399989E-6,1.6000000,
,,,3.36799985E-6,0.0,,,,,3.36799985E-6,-79.999998212E-3,,,,,3.36799985E-6,1.2000000,
,,,3.37199981E-6,0.0,,,,,3.37199981E-6,0.0,,,,,3.37199981E-6,800.000011921E-3,
,,,3.37600000E-6,-39.99999911E-3,,,,,3.37600000E-6,0.0,,,,,3.37600000E-6,1.2000000,
,,,3.37999995E-6,-39.99999911E-3,,,,,3.37999995E-6,-39.99999911E-3,,,,,3.37999995E-6,1.2000000,
,,,3.38399991E-6,-39.99999911E-3,,,,,3.38399991E-6,-79.999998212E-3,,,,,3.38399991E-6,1.6000000,
,,,3.38799987E-6,-39.99999911E-3,,,,,3.38799987E-6,-79.999998212E-3,,,,,3.38799987E-6,1.2000000,
,,,3.39199983E-6,0.0,,,,,3.39199983E-6,-39.99999911E-3,,,,,3.39199983E-6,1.2000000,
,,,3.39600001E-6,-79.999998212E-3,,,,,3.39600001E-6,-39.99999911E-3,,,,,3.39600001E-6,800.000011921E-3,
,,,3.39999997E-6,-39.99999911E-3,,,,,3.39999997E-6,-79.999998212E-3,,,,,3.39999997E-6,1.2000000,
,,,3.40399993E-6,-39.99999911E-3,,,,,3.40399993E-6,-79.999998212E-3,,,,,3.40399993E-6,800.000011921E-3,
,,,3.40799988E-6,-39.99999911E-3,,,,,3.40799988E-6,-39.99999911E-3,,,,,3.40799988E-6,1.2000000,
,,,3.41199984E-6,0.0,,,,,3.41199984E-6,-79.999998212E-3,,,,,3.41199984E-6,1.2000000,
,,,3.41599980E-6,-39.99999911E-3,,,,,3.41599980E-6,-79.999998212E-3,,,,,3.41599980E-6,1.2000000,
,,,3.41999998E-6,-39.99999911E-3,,,,,3.41999998E-6,-79.999998212E-3,,,,,3.41999998E-6,800.000011921E-3,
,,,3.42399994E-6,-39.99999911E-3,,,,,3.42399994E-6,0.0,,,,,3.42399994E-6,800.000011921E-3,
,,,3.42799990E-6,0.0,,,,,3.42799990E-6,-79.999998212E-3,,,,,3.42799990E-6,1.2000000,
,,,3.43199986E-6,-79.999998212E-3,,,,,3.43199986E-6,-79.999998212E-3,,,,,3.43199986E-6,800.000011921E-3,
,,,3.43599982E-6,-79.999998212E-3,,,,,3.43599982E-6,-79.999998212E-3,,,,,3.43599982E-6,1.2000000,
,,,3.44000000E-6,0.0,,,,,3.44000000E-6,-39.99999911E-3,,,,,3.44000000E-6,800.000011921E-3,
,,,3.44399996E-6,-39.99999911E-3,,,,,3.44399996E-6,-39.99999911E-3,,,,,3.44399996E-6,1.2000000,
,,,3.44799992E-6,-39.99999911E-3,,,,,3.44799992E-6,-39.99999911E-3,,,,,3.44799992E-6,1.2000000,
,,,3.45199987E-6,-39.99999911E-3,,,,,3.45199987E-6,-39.99999911E-3,,,,,3.45199987E-6,800.000011921E-3,
,,,3.45599983E-6,-39.99999911E-3,,,,,3.45599983E-6,-39.99999911E-3,,,,,3.45599983E-6,800.000011921E-3,
,,,3.46000002E-6,-39.99999911E-3,,,,,3.46000002E-6,-39.99999911E-3,,,,,3.46000002E-6,800.000011921E-3,
,,,3.46399997E-6,-39.99999911E-3,,,,,3.46399997E-6,-39.99999911E-3,,,,,3.46399997E-6,400.00000596E-3,
,,,3.46799993E-6,-79.999998212E-3,,,,,3.46799993E-6,-39.99999911E-3,,,,,3.46799993E-6,800.000011921E-3,
,,,3.47199989E-6,-39.99999911E-3,,,,,3.47199989E-6,-39.99999911E-3,,,,,3.47199989E-6,800.000011921E-3,
,,,3.47599985E-6,0.0,,,,,3.47599985E-6,0.0,,,,,3.47599985E-6,800.000011921E-3,
,,,3.47999980E-6,0.0,,,,,3.47999980E-6,-39.99999911E-3,,,,,3.47999980E-6,400.00000596E-3,
,,,3.48399999E-6,-79.999998212E-3,,,,,3.48399999E-6,-79.999998212E-3,,,,,3.48399999E-6,400.00000596E-3,
,,,3.48799995E-6,0.0,,,,,3.48799995E-6,-79.999998212E-3,,,,,3.48799995E-6,400.00000596E-3,
,,,3.49199991E-6,0.0,,,,,3.49199991E-6,0.0,,,,,3.49199991E-6,800.000011921E-3,
,,,3.49599986E-6,-39.99999911E-3,,,,,3.49599986E-6,-79.999998212E-3,,,,,3.49599986E-6,800.000011921E-3,
,,,3.49999982E-6,-79.999998212E-3,,,,,3.49999982E-6,-79.999998212E-3,,,,,3.49999982E-6,800.000011921E-3,
,,,3.50400001E-6,0.0,,,,,3.50400001E-6,-39.99999911E-3,,,,,3.50400001E-6,800.000011921E-3,
,,,3.50799996E-6,-39.99999911E-3,,,,,3.50799996E-6,0.0,,,,,3.50799996E-6,400.00000596E-3,
,,,3.51199992E-6,-79.999998212E-3,,,,,3.51199992E-6,-39.99999911E-3,,,,,3.51199992E-6,400.00000596E-3,
,,,3.51599988E-6,-39.99999911E-3,,,,,3.51599988E-6,-119.9999973E-3,,,,,3.51599988E-6,800.000011921E-3,
,,,3.51999984E-6,-39.99999911E-3,,,,,3.51999984E-6,-79.999998212E-3,,,,,3.51999984E-6,400.00000596E-3,
,,,3.52399979E-6,-39.99999911E-3,,,,,3.52399979E-6,-39.99999911E-3,,,,,3.52399979E-6,400.00000596E-3,
,,,3.52799998E-6,-79.999998212E-3,,,,,3.52799998E-6,-39.99999911E-3,,,,,3.52799998E-6,0.0,
,,,3.53199994E-6,-79.999998212E-3,,,,,3.53199994E-6,-39.99999911E-3,,,,,3.53199994E-6,800.000011921E-3,
,,,3.53599989E-6,-39.99999911E-3,,,,,3.53599989E-6,-79.999998212E-3,,,,,3.53599989E-6,400.00000596E-3,
,,,3.53999985E-6,39.99999911E-3,,,,,3.53999985E-6,-39.99999911E-3,,,,,3.53999985E-6,400.00000596E-3,
,,,3.54399981E-6,-79.999998212E-3,,,,,3.54399981E-6,-39.99999911E-3,,,,,3.54399981E-6,400.00000596E-3,
,,,3.54800000E-6,-39.99999911E-3,,,,,3.54800000E-6,-79.999998212E-3,,,,,3.54800000E-6,400.00000596E-3,
,,,3.55199995E-6,-39.99999911E-3,,,,,3.55199995E-6,-79.999998212E-3,,,,,3.55199995E-6,400.00000596E-3,
,,,3.55599991E-6,-39.99999911E-3,,,,,3.55599991E-6,-39.99999911E-3,,,,,3.55599991E-6,0.0,
,,,3.55999987E-6,-39.99999911E-3,,,,,3.55999987E-6,-39.99999911E-3,,,,,3.55999987E-6,400.00000596E-3,
,,,3.56399983E-6,-39.99999911E-3,,,,,3.56399983E-6,-39.99999911E-3,,,,,3.56399983E-6,400.00000596E-3,
,,,3.56800001E-6,-39.99999911E-3,,,,,3.56800001E-6,-79.999998212E-3,,,,,3.56800001E-6,0.0,
,,,3.57199997E-6,0.0,,,,,3.57199997E-6,-39.99999911E-3,,,,,3.57199997E-6,0.0,
,,,3.57599993E-6,-39.99999911E-3,,,,,3.57599993E-6,-79.999998212E-3,,,,,3.57599993E-6,400.00000596E-3,
,,,3.57999988E-6,-79.999998212E-3,,,,,3.57999988E-6,-79.999998212E-3,,,,,3.57999988E-6,400.00000596E-3,
,,,3.58399984E-6,-39.99999911E-3,,,,,3.58399984E-6,-39.99999911E-3,,,,,3.58399984E-6,0.0,
,,,3.58799980E-6,-39.99999911E-3,,,,,3.58799980E-6,-79.999998212E-3,,,,,3.58799980E-6,0.0,
,,,3.59199998E-6,0.0,,,,,3.59199998E-6,-79.999998212E-3,,,,,3.59199998E-6,800.000011921E-3,
,,,3.59599994E-6,-79.999998212E-3,,,,,3.59599994E-6,-39.99999911E-3,,,,,3.59599994E-6,0.0,
,,,3.59999990E-6,-39.99999911E-3,,,,,3.59999990E-6,-79.999998212E-3,,,,,3.59999990E-6,0.0,
,,,3.60399986E-6,-79.999998212E-3,,,,,3.60399986E-6,-39.99999911E-3,,,,,3.60399986E-6,0.0,
,,,3.60799982E-6,-39.99999911E-3,,,,,3.60799982E-6,0.0,,,,,3.60799982E-6,0.0,
,,,3.61200000E-6,-79.999998212E-3,,,,,3.61200000E-6,-79.999998212E-3,,,,,3.61200000E-6,0.0,
,,,3.61599996E-6,-39.99999911E-3,,,,,3.61599996E-6,-79.999998212E-3,,,,,3.61599996E-6,0.0,
,,,3.61999992E-6,-39.99999911E-3,,,,,3.61999992E-6,-39.99999911E-3,,,,,3.61999992E-6,400.00000596E-3,
,,,3.62399987E-6,-39.99999911E-3,,,,,3.62399987E-6,-79.999998212E-3,,,,,3.62399987E-6,0.0,
,,,3.62799983E-6,-39.99999911E-3,,,,,3.62799983E-6,-119.9999973E-3,,,,,3.62799983E-6,0.0,
,,,3.63200002E-6,-39.99999911E-3,,,,,3.63200002E-6,-79.999998212E-3,,,,,3.63200002E-6,0.0,
,,,3.63599997E-6,-39.99999911E-3,,,,,3.63599997E-6,-39.99999911E-3,,,,,3.63599997E-6,0.0,
,,,3.63999993E-6,-79.999998212E-3,,,,,3.63999993E-6,-119.9999973E-3,,,,,3.63999993E-6,0.0,
,,,3.64399989E-6,-79.999998212E-3,,,,,3.64399989E-6,-79.999998212E-3,,,,,3.64399989E-6,-400.00000596E-3,
,,,3.64799985E-6,-79.999998212E-3,,,,,3.64799985E-6,-39.99999911E-3,,,,,3.64799985E-6,0.0,
,,,3.65199980E-6,-39.99999911E-3,,,,,3.65199980E-6,-79.999998212E-3,,,,,3.65199980E-6,-400.00000596E-3,
,,,3.65599999E-6,-39.99999911E-3,,,,,3.65599999E-6,-39.99999911E-3,,,,,3.65599999E-6,-400.00000596E-3,
,,,3.65999995E-6,-39.99999911E-3,,,,,3.65999995E-6,-39.99999911E-3,,,,,3.65999995E-6,0.0,
,,,3.66399991E-6,-39.99999911E-3,,,,,3.66399991E-6,-79.999998212E-3,,,,,3.66399991E-6,0.0,
,,,3.66799986E-6,-39.99999911E-3,,,,,3.66799986E-6,-39.99999911E-3,,,,,3.66799986E-6,-400.00000596E-3,
,,,3.67199982E-6,-39.99999911E-3,,,,,3.67199982E-6,-39.99999911E-3,,,,,3.67199982E-6,0.0,
,,,3.67600001E-6,-39.99999911E-3,,,,,3.67600001E-6,-79.999998212E-3,,,,,3.67600001E-6,-400.00000596E-3,
,,,3.67999996E-6,-39.99999911E-3,,,,,3.67999996E-6,-39.99999911E-3,,,,,3.67999996E-6,-400.00000596E-3,
,,,3.68399992E-6,-39.99999911E-3,,,,,3.68399992E-6,-39.99999911E-3,,,,,3.68399992E-6,-400.00000596E-3,
,,,3.68799988E-6,-39.99999911E-3,,,,,3.68799988E-6,-39.99999911E-3,,,,,3.68799988E-6,-400.00000596E-3,
,,,3.69199984E-6,-39.99999911E-3,,,,,3.69199984E-6,-39.99999911E-3,,,,,3.69199984E-6,-400.00000596E-3,
,,,3.69599979E-6,-79.999998212E-3,,,,,3.69599979E-6,-79.999998212E-3,,,,,3.69599979E-6,0.0,
,,,3.69999998E-6,-39.99999911E-3,,,,,3.69999998E-6,-39.99999911E-3,,,,,3.69999998E-6,-400.00000596E-3,
,,,3.70399994E-6,39.99999911E-3,,,,,3.70399994E-6,-39.99999911E-3,,,,,3.70399994E-6,-400.00000596E-3,
,,,3.70799989E-6,-39.99999911E-3,,,,,3.70799989E-6,-79.999998212E-3,,,,,3.70799989E-6,-400.00000596E-3,
,,,3.71199985E-6,-39.99999911E-3,,,,,3.71199985E-6,-39.99999911E-3,,,,,3.71199985E-6,-400.00000596E-3,
,,,3.71599981E-6,-39.99999911E-3,,,,,3.71599981E-6,-79.999998212E-3,,,,,3.71599981E-6,-400.00000596E-3,
,,,3.72000000E-6,0.0,,,,,3.72000000E-6,-39.99999911E-3,,,,,3.72000000E-6,-400.00000596E-3,
,,,3.72399995E-6,0.0,,,,,3.72399995E-6,-39.99999911E-3,,,,,3.72399995E-6,-400.00000596E-3,
,,,3.72799991E-6,-39.99999911E-3,,,,,3.72799991E-6,-79.999998212E-3,,,,,3.72799991E-6,-400.00000596E-3,
,,,3.73199987E-6,-39.99999911E-3,,,,,3.73199987E-6,-79.999998212E-3,,,,,3.73199987E-6,-800.000011921E-3,
,,,3.73599983E-6,-39.99999911E-3,,,,,3.73599983E-6,-39.99999911E-3,,,,,3.73599983E-6,-400.00000596E-3,
,,,3.74000001E-6,0.0,,,,,3.74000001E-6,-39.99999911E-3,,,,,3.74000001E-6,-400.00000596E-3,
,,,3.74399997E-6,-39.99999911E-3,,,,,3.74399997E-6,-79.999998212E-3,,,,,3.74399997E-6,-400.00000596E-3,
,,,3.74799993E-6,0.0,,,,,3.74799993E-6,-39.99999911E-3,,,,,3.74799993E-6,-400.00000596E-3,
,,,3.75199988E-6,-39.99999911E-3,,,,,3.75199988E-6,-39.99999911E-3,,,,,3.75199988E-6,-800.000011921E-3,
,,,3.75599984E-6,-39.99999911E-3,,,,,3.75599984E-6,-79.999998212E-3,,,,,3.75599984E-6,-400.00000596E-3,
,,,3.75999980E-6,-79.999998212E-3,,,,,3.75999980E-6,-119.9999973E-3,,,,,3.75999980E-6,-400.00000596E-3,
,,,3.76399998E-6,-39.99999911E-3,,,,,3.76399998E-6,-39.99999911E-3,,,,,3.76399998E-6,-400.00000596E-3,
,,,3.76799994E-6,0.0,,,,,3.76799994E-6,-39.99999911E-3,,,,,3.76799994E-6,-800.000011921E-3,
,,,3.77199990E-6,-39.99999911E-3,,,,,3.77199990E-6,-39.99999911E-3,,,,,3.77199990E-6,-400.00000596E-3,
,,,3.77599986E-6,0.0,,,,,3.77599986E-6,-39.99999911E-3,,,,,3.77599986E-6,-800.000011921E-3,
,,,3.77999982E-6,-39.99999911E-3,,,,,3.77999982E-6,-39.99999911E-3,,,,,3.77999982E-6,-800.000011921E-3,
,,,3.78400000E-6,-39.99999911E-3,,,,,3.78400000E-6,-39.99999911E-3,,,,,3.78400000E-6,-800.000011921E-3,
,,,3.78799996E-6,-39.99999911E-3,,,,,3.78799996E-6,-39.99999911E-3,,,,,3.78799996E-6,-800.000011921E-3,
,,,3.79199992E-6,-79.999998212E-3,,,,,3.79199992E-6,-39.99999911E-3,,,,,3.79199992E-6,-800.000011921E-3,
,,,3.79599987E-6,-39.99999911E-3,,,,,3.79599987E-6,-39.99999911E-3,,,,,3.79599987E-6,-800.000011921E-3,
,,,3.79999983E-6,-39.99999911E-3,,,,,3.79999983E-6,-39.99999911E-3,,,,,3.79999983E-6,-800.000011921E-3,
,,,3.80399979E-6,-39.99999911E-3,,,,,3.80399979E-6,0.0,,,,,3.80399979E-6,-800.000011921E-3,
,,,3.80799997E-6,-79.999998212E-3,,,,,3.80799997E-6,-79.999998212E-3,,,,,3.80799997E-6,-800.000011921E-3,
,,,3.81199993E-6,-39.99999911E-3,,,,,3.81199993E-6,-119.9999973E-3,,,,,3.81199993E-6,-400.00000596E-3,
,,,3.81600012E-6,-39.99999911E-3,,,,,3.81600012E-6,-79.999998212E-3,,,,,3.81600012E-6,-800.000011921E-3,
,,,3.82000007E-6,0.0,,,,,3.82000007E-6,-39.99999911E-3,,,,,3.82000007E-6,-400.00000596E-3,
,,,3.82400003E-6,-39.99999911E-3,,,,,3.82400003E-6,-79.999998212E-3,,,,,3.82400003E-6,-1.2000000,
,,,3.82799999E-6,-39.99999911E-3,,,,,3.82799999E-6,-79.999998212E-3,,,,,3.82799999E-6,-800.000011921E-3,
,,,3.83199995E-6,0.0,,,,,3.83199995E-6,-79.999998212E-3,,,,,3.83199995E-6,-800.000011921E-3,
,,,3.83599991E-6,-39.99999911E-3,,,,,3.83599991E-6,-39.99999911E-3,,,,,3.83599991E-6,-1.2000000,
,,,3.83999986E-6,-39.99999911E-3,,,,,3.83999986E-6,-79.999998212E-3,,,,,3.83999986E-6,-800.000011921E-3,
,,,3.84399982E-6,-39.99999911E-3,,,,,3.84399982E-6,-79.999998212E-3,,,,,3.84399982E-6,-800.000011921E-3,
,,,3.84799978E-6,-39.99999911E-3,,,,,3.84799978E-6,-39.99999911E-3,,,,,3.84799978E-6,-800.000011921E-3,
,,,3.85199974E-6,0.0,,,,,3.85199974E-6,-79.999998212E-3,,,,,3.85199974E-6,-1.2000000,
,,,3.85599969E-6,-39.99999911E-3,,,,,3.85599969E-6,-79.999998212E-3,,,,,3.85599969E-6,-800.000011921E-3,
,,,3.86000011E-6,-39.99999911E-3,,,,,3.86000011E-6,0.0,,,,,3.86000011E-6,-1.2000000,
,,,3.86400006E-6,-39.99999911E-3,,,,,3.86400006E-6,-79.999998212E-3,,,,,3.86400006E-6,-800.000011921E-3,
,,,3.86800002E-6,0.0,,,,,3.86800002E-6,-79.999998212E-3,,,,,3.86800002E-6,-1.2000000,
,,,3.87199998E-6,-39.99999911E-3,,,,,3.87199998E-6,-39.99999911E-3,,,,,3.87199998E-6,-1.2000000,
,,,3.87599994E-6,-39.99999911E-3,,,,,3.87599994E-6,-79.999998212E-3,,,,,3.87599994E-6,-1.2000000,
,,,3.87999989E-6,-39.99999911E-3,,,,,3.87999989E-6,-39.99999911E-3,,,,,3.87999989E-6,-800.000011921E-3,
,,,3.88399985E-6,-39.99999911E-3,,,,,3.88399985E-6,-39.99999911E-3,,,,,3.88399985E-6,-1.2000000,
,,,3.88799981E-6,-39.99999911E-3,,,,,3.88799981E-6,-79.999998212E-3,,,,,3.88799981E-6,-1.2000000,
,,,3.89199977E-6,-39.99999911E-3,,,,,3.89199977E-6,-79.999998212E-3,,,,,3.89199977E-6,-1.2000000,
,,,3.89599973E-6,0.0,,,,,3.89599973E-6,-39.99999911E-3,,,,,3.89599973E-6,-1.2000000,
,,,3.89999968E-6,39.99999911E-3,,,,,3.89999968E-6,-79.999998212E-3,,,,,3.89999968E-6,-1.2000000,
,,,3.90400010E-6,-39.99999911E-3,,,,,3.90400010E-6,-39.99999911E-3,,,,,3.90400010E-6,-1.2000000,
,,,3.90800005E-6,-79.999998212E-3,,,,,3.90800005E-6,-39.99999911E-3,,,,,3.90800005E-6,-1.2000000,
,,,3.91200001E-6,-39.99999911E-3,,,,,3.91200001E-6,-119.9999973E-3,,,,,3.91200001E-6,-1.2000000,
,,,3.91599997E-6,-39.99999911E-3,,,,,3.91599997E-6,-79.999998212E-3,,,,,3.91599997E-6,-1.2000000,
,,,3.91999993E-6,-39.99999911E-3,,,,,3.91999993E-6,-39.99999911E-3,,,,,3.91999993E-6,-1.2000000,
,,,3.92399988E-6,-39.99999911E-3,,,,,3.92399988E-6,-39.99999911E-3,,,,,3.92399988E-6,-1.2000000,
,,,3.92799984E-6,0.0,,,,,3.92799984E-6,-79.999998212E-3,,,,,3.92799984E-6,-1.2000000,
,,,3.93199980E-6,-39.99999911E-3,,,,,3.93199980E-6,-79.999998212E-3,,,,,3.93199980E-6,-1.2000000,
,,,3.93599976E-6,0.0,,,,,3.93599976E-6,-79.999998212E-3,,,,,3.93599976E-6,-1.6000000,
,,,3.93999971E-6,-39.99999911E-3,,,,,3.93999971E-6,-79.999998212E-3,,,,,3.93999971E-6,-1.6000000,
,,,3.94399967E-6,-39.99999911E-3,,,,,3.94399967E-6,-39.99999911E-3,,,,,3.94399967E-6,-1.2000000,
,,,3.94800009E-6,-39.99999911E-3,,,,,3.94800009E-6,-79.999998212E-3,,,,,3.94800009E-6,-1.6000000,
,,,3.95200004E-6,-39.99999911E-3,,,,,3.95200004E-6,-79.999998212E-3,,,,,3.95200004E-6,-1.2000000,
,,,3.95600000E-6,-39.99999911E-3,,,,,3.95600000E-6,-39.99999911E-3,,,,,3.95600000E-6,-1.6000000,
,,,3.95999996E-6,-39.99999911E-3,,,,,3.95999996E-6,-39.99999911E-3,,,,,3.95999996E-6,-1.2000000,
,,,3.96399992E-6,-79.999998212E-3,,,,,3.96399992E-6,-39.99999911E-3,,,,,3.96399992E-6,-1.2000000,
,,,3.96799987E-6,-39.99999911E-3,,,,,3.96799987E-6,-39.99999911E-3,,,,,3.96799987E-6,-1.2000000,
,,,3.97199983E-6,-39.99999911E-3,,,,,3.97199983E-6,-39.99999911E-3,,,,,3.97199983E-6,-1.2000000,
,,,3.97599979E-6,-79.999998212E-3,,,,,3.97599979E-6,-79.999998212E-3,,,,,3.97599979E-6,-1.6000000,
,,,3.97999975E-6,-39.99999911E-3,,,,,3.97999975E-6,-79.999998212E-3,,,,,3.97999975E-6,-1.6000000,
,,,3.98399970E-6,-39.99999911E-3,,,,,3.98399970E-6,-39.99999911E-3,,,,,3.98399970E-6,-1.6000000,
,,,3.98800012E-6,0.0,,,,,3.98800012E-6,-39.99999911E-3,,,,,3.98800012E-6,-1.6000000,
,,,3.99200007E-6,-39.99999911E-3,,,,,3.99200007E-6,-79.999998212E-3,,,,,3.99200007E-6,-1.6000000,
,,,3.99600003E-6,0.0,,,,,3.99600003E-6,-79.999998212E-3,,,,,3.99600003E-6,-2.0000000,
,,,3.99999999E-6,-39.99999911E-3,,,,,3.99999999E-6,-39.99999911E-3,,,,,3.99999999E-6,-2.0000000,
,,,4.00399995E-6,-39.99999911E-3,,,,,4.00399995E-6,-79.999998212E-3,,,,,4.00399995E-6,-1.6000000,
,,,4.00799991E-6,-39.99999911E-3,,,,,4.00799991E-6,-79.999998212E-3,,,,,4.00799991E-6,-1.6000000,
,,,4.01199986E-6,-79.999998212E-3,,,,,4.01199986E-6,-119.9999973E-3,,,,,4.01199986E-6,-1.2000000,
,,,4.01599982E-6,0.0,,,,,4.01599982E-6,-39.99999911E-3,,,,,4.01599982E-6,-2.0000000,
,,,4.01999978E-6,-39.99999911E-3,,,,,4.01999978E-6,-39.99999911E-3,,,,,4.01999978E-6,-1.6000000,
,,,4.02399974E-6,-39.99999911E-3,,,,,4.02399974E-6,-39.99999911E-3,,,,,4.02399974E-6,-1.6000000,
,,,4.02799969E-6,-39.99999911E-3,,,,,4.02799969E-6,-39.99999911E-3,,,,,4.02799969E-6,-1.6000000,
,,,4.03200011E-6,0.0,,,,,4.03200011E-6,-39.99999911E-3,,,,,4.03200011E-6,-1.6000000,
,,,4.03600006E-6,-39.99999911E-3,,,,,4.03600006E-6,-79.999998212E-3,,,,,4.03600006E-6,-1.6000000,
,,,4.04000002E-6,0.0,,,,,4.04000002E-6,-79.999998212E-3,,,,,4.04000002E-6,-1.6000000,
,,,4.04399998E-6,-39.99999911E-3,,,,,4.04399998E-6,-39.99999911E-3,,,,,4.04399998E-6,-1.6000000,
,,,4.04799994E-6,-79.999998212E-3,,,,,4.04799994E-6,-39.99999911E-3,,,,,4.04799994E-6,-1.6000000,
,,,4.05199989E-6,-39.99999911E-3,,,,,4.05199989E-6,-79.999998212E-3,,,,,4.05199989E-6,-1.6000000,
,,,4.05599985E-6,-39.99999911E-3,,,,,4.05599985E-6,-39.99999911E-3,,,,,4.05599985E-6,-1.6000000,
,,,4.05999981E-6,-39.99999911E-3,,,,,4.05999981E-6,-119.9999973E-3,,,,,4.05999981E-6,-2.0000000,
,,,4.06399977E-6,-39.99999911E-3,,,,,4.06399977E-6,-39.99999911E-3,,,,,4.06399977E-6,-2.0000000,
,,,4.06799973E-6,-39.99999911E-3,,,,,4.06799973E-6,-79.999998212E-3,,,,,4.06799973E-6,-1.6000000,
,,,4.07199968E-6,-39.99999911E-3,,,,,4.07199968E-6,-79.999998212E-3,,,,,4.07199968E-6,-1.6000000,
,,,4.07600010E-6,-39.99999911E-3,,,,,4.07600010E-6,-119.9999973E-3,,,,,4.07600010E-6,-1.6000000,
,,,4.08000005E-6,-39.99999911E-3,,,,,4.08000005E-6,-119.9999973E-3,,,,,4.08000005E-6,-2.0000000,
,,,4.08400001E-6,-39.99999911E-3,,,,,4.08400001E-6,-79.999998212E-3,,,,,4.08400001E-6,-2.0000000,
,,,4.08799997E-6,-39.99999911E-3,,,,,4.08799997E-6,-39.99999911E-3,,,,,4.08799997E-6,-1.6000000,
,,,4.09199993E-6,-39.99999911E-3,,,,,4.09199993E-6,-39.99999911E-3,,,,,4.09199993E-6,-2.0000000,
,,,4.09599988E-6,-39.99999911E-3,,,,,4.09599988E-6,-39.99999911E-3,,,,,4.09599988E-6,-2.0000000,
,,,4.09999984E-6,-39.99999911E-3,,,,,4.09999984E-6,-39.99999911E-3,,,,,4.09999984E-6,-2.0000000,
,,,4.10399980E-6,-79.999998212E-3,,,,,4.10399980E-6,-79.999998212E-3,,,,,4.10399980E-6,-2.0000000,
,,,4.10799976E-6,-79.999998212E-3,,,,,4.10799976E-6,-79.999998212E-3,,,,,4.10799976E-6,-2.0000000,
,,,4.11199971E-6,-39.99999911E-3,,,,,4.11199971E-6,-79.999998212E-3,,,,,4.11199971E-6,-2.0000000,
,,,4.11599967E-6,-39.99999911E-3,,,,,4.11599967E-6,-39.99999911E-3,,,,,4.11599967E-6,-2.4000001,
,,,4.12000009E-6,-39.99999911E-3,,,,,4.12000009E-6,-39.99999911E-3,,,,,4.12000009E-6,-1.6000000,
,,,4.12400004E-6,-79.999998212E-3,,,,,4.12400004E-6,0.0,,,,,4.12400004E-6,-2.4000001,
,,,4.12800000E-6,-79.999998212E-3,,,,,4.12800000E-6,-119.9999973E-3,,,,,4.12800000E-6,-2.0000000,
,,,4.13199996E-6,-39.99999911E-3,,,,,4.13199996E-6,-39.99999911E-3,,,,,4.13199996E-6,-2.0000000,
,,,4.13599992E-6,0.0,,,,,4.13599992E-6,-39.99999911E-3,,,,,4.13599992E-6,-2.4000001,
,,,4.13999987E-6,-79.999998212E-3,,,,,4.13999987E-6,-39.99999911E-3,,,,,4.13999987E-6,-2.0000000,
,,,4.14399983E-6,0.0,,,,,4.14399983E-6,-39.99999911E-3,,,,,4.14399983E-6,-2.0000000,
,,,4.14799979E-6,-39.99999911E-3,,,,,4.14799979E-6,-79.999998212E-3,,,,,4.14799979E-6,-2.0000000,
,,,4.15199975E-6,0.0,,,,,4.15199975E-6,-79.999998212E-3,,,,,4.15199975E-6,-2.0000000,
,,,4.15599970E-6,-39.99999911E-3,,,,,4.15599970E-6,-79.999998212E-3,,,,,4.15599970E-6,-2.0000000,
,,,4.15999966E-6,-39.99999911E-3,,,,,4.15999966E-6,-79.999998212E-3,,,,,4.15999966E-6,-2.4000001,
,,,4.16400007E-6,-39.99999911E-3,,,,,4.16400007E-6,-119.9999973E-3,,,,,4.16400007E-6,-2.4000001,
,,,4.16800003E-6,-79.999998212E-3,,,,,4.16800003E-6,-79.999998212E-3,,,,,4.16800003E-6,-2.0000000,
,,,4.17199999E-6,-39.99999911E-3,,,,,4.17199999E-6,-39.99999911E-3,,,,,4.17199999E-6,-2.0000000,
,,,4.17599995E-6,-79.999998212E-3,,,,,4.17599995E-6,-79.999998212E-3,,,,,4.17599995E-6,-2.4000001,
,,,4.17999991E-6,-39.99999911E-3,,,,,4.17999991E-6,-79.999998212E-3,,,,,4.17999991E-6,-2.0000000,
,,,4.18399986E-6,-39.99999911E-3,,,,,4.18399986E-6,-39.99999911E-3,,,,,4.18399986E-6,-2.4000001,
,,,4.18799982E-6,0.0,,,,,4.18799982E-6,-119.9999973E-3,,,,,4.18799982E-6,-2.4000001,
,,,4.19199978E-6,-39.99999911E-3,,,,,4.19199978E-6,-79.999998212E-3,,,,,4.19199978E-6,-2.4000001,
,,,4.19599974E-6,-39.99999911E-3,,,,,4.19599974E-6,-39.99999911E-3,,,,,4.19599974E-6,-2.4000001,
,,,4.19999969E-6,-39.99999911E-3,,,,,4.19999969E-6,-39.99999911E-3,,,,,4.19999969E-6,-2.4000001,
,,,4.20400011E-6,0.0,,,,,4.20400011E-6,-39.99999911E-3,,,,,4.20400011E-6,-2.4000001,
,,,4.20800006E-6,-79.999998212E-3,,,,,4.20800006E-6,-79.999998212E-3,,,,,4.20800006E-6,-2.4000001,
,,,4.21200002E-6,0.0,,,,,4.21200002E-6,-119.9999973E-3,,,,,4.21200002E-6,-2.4000001,
,,,4.21599998E-6,-39.99999911E-3,,,,,4.21599998E-6,-39.99999911E-3,,,,,4.21599998E-6,-2.4000001,
,,,4.21999994E-6,-39.99999911E-3,,,,,4.21999994E-6,-79.999998212E-3,,,,,4.21999994E-6,-2.0000000,
,,,4.22399989E-6,-39.99999911E-3,,,,,4.22399989E-6,-39.99999911E-3,,,,,4.22399989E-6,-2.4000001,
,,,4.22799985E-6,-39.99999911E-3,,,,,4.22799985E-6,-79.999998212E-3,,,,,4.22799985E-6,-2.4000001,
,,,4.23199981E-6,0.0,,,,,4.23199981E-6,-79.999998212E-3,,,,,4.23199981E-6,-2.4000001,
,,,4.23599977E-6,-39.99999911E-3,,,,,4.23599977E-6,-79.999998212E-3,,,,,4.23599977E-6,-2.4000001,
,,,4.23999973E-6,0.0,,,,,4.23999973E-6,-79.999998212E-3,,,,,4.23999973E-6,-2.4000001,
,,,4.24399968E-6,-39.99999911E-3,,,,,4.24399968E-6,-79.999998212E-3,,,,,4.24399968E-6,-2.4000001,
,,,4.24800010E-6,0.0,,,,,4.24800010E-6,-79.999998212E-3,,,,,4.24800010E-6,-2.79999995,
,,,4.25200005E-6,0.0,,,,,4.25200005E-6,-39.99999911E-3,,,,,4.25200005E-6,-2.79999995,
,,,4.25600001E-6,-39.99999911E-3,,,,,4.25600001E-6,-39.99999911E-3,,,,,4.25600001E-6,-2.79999995,
,,,4.25999997E-6,-39.99999911E-3,,,,,4.25999997E-6,-39.99999911E-3,,,,,4.25999997E-6,-2.4000001,
,,,4.26399993E-6,0.0,,,,,4.26399993E-6,-79.999998212E-3,,,,,4.26399993E-6,-2.4000001,
,,,4.26799988E-6,-39.99999911E-3,,,,,4.26799988E-6,-79.999998212E-3,,,,,4.26799988E-6,-2.79999995,
,,,4.27199984E-6,-79.999998212E-3,,,,,4.27199984E-6,-39.99999911E-3,,,,,4.27199984E-6,-2.4000001,
,,,4.27599980E-6,-79.999998212E-3,,,,,4.27599980E-6,-39.99999911E-3,,,,,4.27599980E-6,-2.4000001,
,,,4.27999976E-6,0.0,,,,,4.27999976E-6,-79.999998212E-3,,,,,4.27999976E-6,-2.4000001,
,,,4.28399971E-6,-39.99999911E-3,,,,,4.28399971E-6,-39.99999911E-3,,,,,4.28399971E-6,-2.79999995,
,,,4.28799967E-6,-79.999998212E-3,,,,,4.28799967E-6,-39.99999911E-3,,,,,4.28799967E-6,-2.4000001,
,,,4.29200009E-6,-39.99999911E-3,,,,,4.29200009E-6,-79.999998212E-3,,,,,4.29200009E-6,-2.79999995,
,,,4.29600004E-6,0.0,,,,,4.29600004E-6,-79.999998212E-3,,,,,4.29600004E-6,-2.4000001,
,,,4.30000000E-6,-39.99999911E-3,,,,,4.30000000E-6,-79.999998212E-3,,,,,4.30000000E-6,-2.79999995,
,,,4.30399996E-6,-39.99999911E-3,,,,,4.30399996E-6,-79.999998212E-3,,,,,4.30399996E-6,-2.79999995,
,,,4.30799992E-6,-39.99999911E-3,,,,,4.30799992E-6,-119.9999973E-3,,,,,4.30799992E-6,-2.79999995,
,,,4.31199987E-6,-79.999998212E-3,,,,,4.31199987E-6,-79.999998212E-3,,,,,4.31199987E-6,-2.4000001,
,,,4.31599983E-6,0.0,,,,,4.31599983E-6,-39.99999911E-3,,,,,4.31599983E-6,-2.79999995,
,,,4.31999979E-6,-39.99999911E-3,,,,,4.31999979E-6,-39.99999911E-3,,,,,4.31999979E-6,-2.79999995,
,,,4.32399975E-6,-79.999998212E-3,,,,,4.32399975E-6,-79.999998212E-3,,,,,4.32399975E-6,-2.4000001,
,,,4.32799970E-6,-39.99999911E-3,,,,,4.32799970E-6,-79.999998212E-3,,,,,4.32799970E-6,-2.79999995,
,,,4.33199966E-6,-39.99999911E-3,,,,,4.33199966E-6,-39.99999911E-3,,,,,4.33199966E-6,-2.79999995,
,,,4.33600007E-6,-39.99999911E-3,,,,,4.33600007E-6,-39.99999911E-3,,,,,4.33600007E-6,-2.79999995,
,,,4.34000003E-6,-39.99999911E-3,,,,,4.34000003E-6,-39.99999911E-3,,,,,4.34000003E-6,-2.79999995,
,,,4.34399999E-6,-39.99999911E-3,,,,,4.34399999E-6,-119.9999973E-3,,,,,4.34399999E-6,-2.79999995,
,,,4.34799995E-6,-39.99999911E-3,,,,,4.34799995E-6,-39.99999911E-3,,,,,4.34799995E-6,-2.79999995,
,,,4.35199991E-6,-79.999998212E-3,,,,,4.35199991E-6,-39.99999911E-3,,,,,4.35199991E-6,-2.79999995,
,,,4.35599986E-6,-79.999998212E-3,,,,,4.35599986E-6,-39.99999911E-3,,,,,4.35599986E-6,-2.79999995,
,,,4.35999982E-6,-39.99999911E-3,,,,,4.35999982E-6,-79.999998212E-3,,,,,4.35999982E-6,-2.79999995,
,,,4.36399978E-6,-39.99999911E-3,,,,,4.36399978E-6,-39.99999911E-3,,,,,4.36399978E-6,-2.79999995,
,,,4.36799974E-6,-39.99999911E-3,,,,,4.36799974E-6,-39.99999911E-3,,,,,4.36799974E-6,-2.79999995,
,,,4.37199969E-6,-39.99999911E-3,,,,,4.37199969E-6,-79.999998212E-3,,,,,4.37199969E-6,-2.79999995,
,,,4.37600011E-6,-39.99999911E-3,,,,,4.37600011E-6,-39.99999911E-3,,,,,4.37600011E-6,-3.20000005,
,,,4.38000006E-6,-39.99999911E-3,,,,,4.38000006E-6,-79.999998212E-3,,,,,4.38000006E-6,-2.4000001,
,,,4.38400002E-6,0.0,,,,,4.38400002E-6,-39.99999911E-3,,,,,4.38400002E-6,-2.79999995,
,,,4.38799998E-6,-79.999998212E-3,,,,,4.38799998E-6,-79.999998212E-3,,,,,4.38799998E-6,-2.79999995,
,,,4.39199994E-6,-39.99999911E-3,,,,,4.39199994E-6,-79.999998212E-3,,,,,4.39199994E-6,-3.20000005,
,,,4.39599989E-6,-39.99999911E-3,,,,,4.39599989E-6,-79.999998212E-3,,,,,4.39599989E-6,-2.79999995,
,,,4.39999985E-6,-39.99999911E-3,,,,,4.39999985E-6,0.0,,,,,4.39999985E-6,-2.79999995,
,,,4.40399981E-6,-79.999998212E-3,,,,,4.40399981E-6,-79.999998212E-3,,,,,4.40399981E-6,-2.79999995,
,,,4.40799977E-6,-39.99999911E-3,,,,,4.40799977E-6,-79.999998212E-3,,,,,4.40799977E-6,-2.79999995,
,,,4.41199973E-6,-39.99999911E-3,,,,,4.41199973E-6,-79.999998212E-3,,,,,4.41199973E-6,-3.20000005,
,,,4.41599968E-6,-79.999998212E-3,,,,,4.41599968E-6,-39.99999911E-3,,,,,4.41599968E-6,-3.20000005,
,,,4.42000010E-6,-79.999998212E-3,,,,,4.42000010E-6,-39.99999911E-3,,,,,4.42000010E-6,-3.20000005,
,,,4.42400005E-6,-39.99999911E-3,,,,,4.42400005E-6,-39.99999911E-3,,,,,4.42400005E-6,-2.79999995,
,,,4.42800001E-6,-39.99999911E-3,,,,,4.42800001E-6,-39.99999911E-3,,,,,4.42800001E-6,-3.20000005,
,,,4.43199997E-6,-79.999998212E-3,,,,,4.43199997E-6,-79.999998212E-3,,,,,4.43199997E-6,-3.20000005,
,,,4.43599993E-6,-39.99999911E-3,,,,,4.43599993E-6,-119.9999973E-3,,,,,4.43599993E-6,-2.79999995,
,,,4.43999988E-6,-39.99999911E-3,,,,,4.43999988E-6,-39.99999911E-3,,,,,4.43999988E-6,-2.79999995,
,,,4.44399984E-6,-39.99999911E-3,,,,,4.44399984E-6,-39.99999911E-3,,,,,4.44399984E-6,-3.20000005,
,,,4.44799980E-6,0.0,,,,,4.44799980E-6,-79.999998212E-3,,,,,4.44799980E-6,-3.20000005,
,,,4.45199976E-6,-39.99999911E-3,,,,,4.45199976E-6,-79.999998212E-3,,,,,4.45199976E-6,-3.20000005,
,,,4.45599971E-6,-39.99999911E-3,,,,,4.45599971E-6,-119.9999973E-3,,,,,4.45599971E-6,-2.79999995,
,,,4.45999967E-6,-39.99999911E-3,,,,,4.45999967E-6,-79.999998212E-3,,,,,4.45999967E-6,-3.20000005,
,,,4.46400009E-6,-39.99999911E-3,,,,,4.46400009E-6,-79.999998212E-3,,,,,4.46400009E-6,-3.20000005,
,,,4.46800004E-6,-39.99999911E-3,,,,,4.46800004E-6,-39.99999911E-3,,,,,4.46800004E-6,-3.20000005,
,,,4.47200000E-6,-79.999998212E-3,,,,,4.47200000E-6,-79.999998212E-3,,,,,4.47200000E-6,-3.20000005,
,,,4.47599996E-6,-39.99999911E-3,,,,,4.47599996E-6,-79.999998212E-3,,,,,4.47599996E-6,-3.20000005,
,,,4.47999992E-6,-39.99999911E-3,,,,,4.47999992E-6,-39.99999911E-3,,,,,4.47999992E-6,-3.20000005,
,,,4.48399987E-6,-39.99999911E-3,,,,,4.48399987E-6,0.0,,,,,4.48399987E-6,-3.20000005,
,,,4.48799983E-6,-39.99999911E-3,,,,,4.48799983E-6,-39.99999911E-3,,,,,4.48799983E-6,-3.20000005,
,,,4.49199979E-6,-39.99999911E-3,,,,,4.49199979E-6,-39.99999911E-3,,,,,4.49199979E-6,-3.20000005,
,,,4.49599975E-6,-39.99999911E-3,,,,,4.49599975E-6,-79.999998212E-3,,,,,4.49599975E-6,-3.60000014,
,,,4.49999970E-6,-39.99999911E-3,,,,,4.49999970E-6,-39.99999911E-3,,,,,4.49999970E-6,-3.20000005,
,,,4.50399966E-6,-39.99999911E-3,,,,,4.50399966E-6,-79.999998212E-3,,,,,4.50399966E-6,-3.60000014,
,,,4.50800007E-6,-39.99999911E-3,,,,,4.50800007E-6,-119.9999973E-3,,,,,4.50800007E-6,-3.20000005,
,,,4.51200003E-6,0.0,,,,,4.51200003E-6,-39.99999911E-3,,,,,4.51200003E-6,-3.20000005,
,,,4.51599999E-6,-79.999998212E-3,,,,,4.51599999E-6,-79.999998212E-3,,,,,4.51599999E-6,-3.20000005,
,,,4.51999995E-6,-79.999998212E-3,,,,,4.51999995E-6,-39.99999911E-3,,,,,4.51999995E-6,-3.20000005,
,,,4.52399991E-6,-39.99999911E-3,,,,,4.52399991E-6,-79.999998212E-3,,,,,4.52399991E-6,-3.20000005,
,,,4.52799986E-6,-79.999998212E-3,,,,,4.52799986E-6,-39.99999911E-3,,,,,4.52799986E-6,-3.60000014,
,,,4.53199982E-6,-39.99999911E-3,,,,,4.53199982E-6,-39.99999911E-3,,,,,4.53199982E-6,-3.60000014,
,,,4.53599978E-6,-79.999998212E-3,,,,,4.53599978E-6,-119.9999973E-3,,,,,4.53599978E-6,-3.20000005,
,,,4.53999974E-6,-39.99999911E-3,,,,,4.53999974E-6,-79.999998212E-3,,,,,4.53999974E-6,-3.20000005,
,,,4.54399969E-6,-39.99999911E-3,,,,,4.54399969E-6,-39.99999911E-3,,,,,4.54399969E-6,-3.60000014,
,,,4.54799965E-6,0.0,,,,,4.54799965E-6,-79.999998212E-3,,,,,4.54799965E-6,-3.20000005,
,,,4.55200006E-6,-39.99999911E-3,,,,,4.55200006E-6,-79.999998212E-3,,,,,4.55200006E-6,-3.20000005,
,,,4.55600002E-6,-39.99999911E-3,,,,,4.55600002E-6,-39.99999911E-3,,,,,4.55600002E-6,-3.20000005,
,,,4.55999998E-6,-39.99999911E-3,,,,,4.55999998E-6,-39.99999911E-3,,,,,4.55999998E-6,-3.20000005,
,,,4.56399994E-6,0.0,,,,,4.56399994E-6,-39.99999911E-3,,,,,4.56399994E-6,-3.20000005,
,,,4.56799989E-6,-39.99999911E-3,,,,,4.56799989E-6,-79.999998212E-3,,,,,4.56799989E-6,-3.60000014,
,,,4.57199985E-6,-39.99999911E-3,,,,,4.57199985E-6,-79.999998212E-3,,,,,4.57199985E-6,-3.20000005,
,,,4.57599981E-6,-79.999998212E-3,,,,,4.57599981E-6,-79.999998212E-3,,,,,4.57599981E-6,-3.20000005,
,,,4.57999977E-6,-39.99999911E-3,,,,,4.57999977E-6,-39.99999911E-3,,,,,4.57999977E-6,-3.20000005,
,,,4.58399973E-6,-39.99999911E-3,,,,,4.58399973E-6,-79.999998212E-3,,,,,4.58399973E-6,-3.60000014,
,,,4.58799968E-6,-39.99999911E-3,,,,,4.58799968E-6,-79.999998212E-3,,,,,4.58799968E-6,-3.20000005,
,,,4.59200010E-6,-39.99999911E-3,,,,,4.59200010E-6,-39.99999911E-3,,,,,4.59200010E-6,-3.60000014,
,,,4.59600005E-6,-39.99999911E-3,,,,,4.59600005E-6,0.0,,,,,4.59600005E-6,-3.60000014,
,,,4.60000001E-6,-39.99999911E-3,,,,,4.60000001E-6,-79.999998212E-3,,,,,4.60000001E-6,-3.20000005,
,,,4.60399997E-6,-79.999998212E-3,,,,,4.60399997E-6,-39.99999911E-3,,,,,4.60399997E-6,-3.60000014,
,,,4.60799993E-6,-79.999998212E-3,,,,,4.60799993E-6,-79.999998212E-3,,,,,4.60799993E-6,-3.60000014,
,,,4.61199988E-6,-39.99999911E-3,,,,,4.61199988E-6,-39.99999911E-3,,,,,4.61199988E-6,-3.60000014,
,,,4.61599984E-6,-39.99999911E-3,,,,,4.61599984E-6,-79.999998212E-3,,,,,4.61599984E-6,-3.60000014,
,,,4.61999980E-6,-79.999998212E-3,,,,,4.61999980E-6,-79.999998212E-3,,,,,4.61999980E-6,-3.20000005,
,,,4.62399976E-6,-39.99999911E-3,,,,,4.62399976E-6,-39.99999911E-3,,,,,4.62399976E-6,-3.60000014,
,,,4.62799972E-6,-79.999998212E-3,,,,,4.62799972E-6,-39.99999911E-3,,,,,4.62799972E-6,-3.60000014,
,,,4.63199967E-6,-39.99999911E-3,,,,,4.63199967E-6,-79.999998212E-3,,,,,4.63199967E-6,-3.60000014,
,,,4.63600009E-6,-39.99999911E-3,,,,,4.63600009E-6,-79.999998212E-3,,,,,4.63600009E-6,-3.20000005,
,,,4.64000004E-6,-79.999998212E-3,,,,,4.64000004E-6,-79.999998212E-3,,,,,4.64000004E-6,-3.60000014,
,,,4.64400000E-6,-39.99999911E-3,,,,,4.64400000E-6,-79.999998212E-3,,,,,4.64400000E-6,-3.60000014,
,,,4.64799996E-6,-39.99999911E-3,,,,,4.64799996E-6,-39.99999911E-3,,,,,4.64799996E-6,-3.60000014,
,,,4.65199992E-6,-39.99999911E-3,,,,,4.65199992E-6,-39.99999911E-3,,,,,4.65199992E-6,-3.60000014,
,,,4.65599987E-6,-79.999998212E-3,,,,,4.65599987E-6,-39.99999911E-3,,,,,4.65599987E-6,-3.60000014,
,,,4.65999983E-6,-39.99999911E-3,,,,,4.65999983E-6,-39.99999911E-3,,,,,4.65999983E-6,-3.20000005,
,,,4.66399979E-6,-39.99999911E-3,,,,,4.66399979E-6,-39.99999911E-3,,,,,4.66399979E-6,-3.60000014,
,,,4.66799975E-6,-39.99999911E-3,,,,,4.66799975E-6,-119.9999973E-3,,,,,4.66799975E-6,-3.60000014,
,,,4.67199970E-6,-39.99999911E-3,,,,,4.67199970E-6,-79.999998212E-3,,,,,4.67199970E-6,-3.60000014,
,,,4.67599966E-6,-39.99999911E-3,,,,,4.67599966E-6,-79.999998212E-3,,,,,4.67599966E-6,-3.60000014,
,,,4.68000007E-6,-39.99999911E-3,,,,,4.68000007E-6,-39.99999911E-3,,,,,4.68000007E-6,-3.60000014,
,,,4.68400003E-6,0.0,,,,,4.68400003E-6,-79.999998212E-3,,,,,4.68400003E-6,-3.60000014,
,,,4.68799999E-6,-79.999998212E-3,,,,,4.68799999E-6,-39.99999911E-3,,,,,4.68799999E-6,-3.60000014,
,,,4.69199995E-6,0.0,,,,,4.69199995E-6,-39.99999911E-3,,,,,4.69199995E-6,-3.60000014,
,,,4.69599991E-6,-39.99999911E-3,,,,,4.69599991E-6,-39.99999911E-3,,,,,4.69599991E-6,-3.60000014,
,,,4.69999986E-6,-79.999998212E-3,,,,,4.69999986E-6,-79.999998212E-3,,,,,4.69999986E-6,-4.00000000,
,,,4.70399982E-6,-39.99999911E-3,,,,,4.70399982E-6,-79.999998212E-3,,,,,4.70399982E-6,-3.60000014,
,,,4.70799978E-6,0.0,,,,,4.70799978E-6,-79.999998212E-3,,,,,4.70799978E-6,-3.60000014,
,,,4.71199974E-6,0.0,,,,,4.71199974E-6,-39.99999911E-3,,,,,4.71199974E-6,-4.00000000,
,,,4.71599969E-6,-39.99999911E-3,,,,,4.71599969E-6,-39.99999911E-3,,,,,4.71599969E-6,-3.60000014,
,,,4.71999965E-6,-39.99999911E-3,,,,,4.71999965E-6,-39.99999911E-3,,,,,4.71999965E-6,-3.60000014,
,,,4.72400006E-6,-39.99999911E-3,,,,,4.72400006E-6,-79.999998212E-3,,,,,4.72400006E-6,-4.00000000,
,,,4.72800002E-6,0.0,,,,,4.72800002E-6,-79.999998212E-3,,,,,4.72800002E-6,-3.60000014,
,,,4.73199998E-6,0.0,,,,,4.73199998E-6,-79.999998212E-3,,,,,4.73199998E-6,-3.60000014,
,,,4.73599994E-6,-39.99999911E-3,,,,,4.73599994E-6,-79.999998212E-3,,,,,4.73599994E-6,-3.60000014,
,,,4.73999989E-6,-39.99999911E-3,,,,,4.73999989E-6,-79.999998212E-3,,,,,4.73999989E-6,-3.60000014,
,,,4.74399985E-6,0.0,,,,,4.74399985E-6,-39.99999911E-3,,,,,4.74399985E-6,-4.00000000,
,,,4.74799981E-6,-39.99999911E-3,,,,,4.74799981E-6,-39.99999911E-3,,,,,4.74799981E-6,-3.60000014,
,,,4.75199977E-6,-39.99999911E-3,,,,,4.75199977E-6,-79.999998212E-3,,,,,4.75199977E-6,-4.00000000,
,,,4.75599973E-6,-39.99999911E-3,,,,,4.75599973E-6,0.0,,,,,4.75599973E-6,-4.00000000,
,,,4.75999968E-6,-39.99999911E-3,,,,,4.75999968E-6,-39.99999911E-3,,,,,4.75999968E-6,-4.00000000,
,,,4.76400010E-6,0.0,,,,,4.76400010E-6,-39.99999911E-3,,,,,4.76400010E-6,-4.00000000,
,,,4.76800005E-6,-39.99999911E-3,,,,,4.76800005E-6,-119.9999973E-3,,,,,4.76800005E-6,-3.60000014,
,,,4.77200001E-6,-39.99999911E-3,,,,,4.77200001E-6,0.0,,,,,4.77200001E-6,-4.00000000,
,,,4.77599997E-6,-39.99999911E-3,,,,,4.77599997E-6,-79.999998212E-3,,,,,4.77599997E-6,-4.00000000,
,,,4.77999993E-6,-39.99999911E-3,,,,,4.77999993E-6,-79.999998212E-3,,,,,4.77999993E-6,-3.60000014,
,,,4.78399988E-6,-39.99999911E-3,,,,,4.78399988E-6,-39.99999911E-3,,,,,4.78399988E-6,-4.00000000,
,,,4.78799984E-6,0.0,,,,,4.78799984E-6,-39.99999911E-3,,,,,4.78799984E-6,-4.00000000,
,,,4.79199980E-6,-39.99999911E-3,,,,,4.79199980E-6,-39.99999911E-3,,,,,4.79199980E-6,-4.00000000,
,,,4.79599976E-6,-39.99999911E-3,,,,,4.79599976E-6,0.0,,,,,4.79599976E-6,-4.00000000,
,,,4.79999972E-6,-39.99999911E-3,,,,,4.79999972E-6,-79.999998212E-3,,,,,4.79999972E-6,-4.00000000,
,,,4.80399967E-6,-39.99999911E-3,,,,,4.80399967E-6,-79.999998212E-3,,,,,4.80399967E-6,-4.00000000,
,,,4.80800009E-6,0.0,,,,,4.80800009E-6,0.0,,,,,4.80800009E-6,-4.00000000,
,,,4.81200004E-6,-39.99999911E-3,,,,,4.81200004E-6,-39.99999911E-3,,,,,4.81200004E-6,-4.00000000,
,,,4.81600000E-6,0.0,,,,,4.81600000E-6,-39.99999911E-3,,,,,4.81600000E-6,-3.60000014,
,,,4.81999996E-6,-39.99999911E-3,,,,,4.81999996E-6,-79.999998212E-3,,,,,4.81999996E-6,-4.00000000,
,,,4.82399992E-6,0.0,,,,,4.82399992E-6,-39.99999911E-3,,,,,4.82399992E-6,-3.60000014,
,,,4.82799987E-6,-39.99999911E-3,,,,,4.82799987E-6,-79.999998212E-3,,,,,4.82799987E-6,-3.60000014,
,,,4.83199983E-6,-39.99999911E-3,,,,,4.83199983E-6,-79.999998212E-3,,,,,4.83199983E-6,-4.00000000,
,,,4.83599979E-6,-79.999998212E-3,,,,,4.83599979E-6,-39.99999911E-3,,,,,4.83599979E-6,-4.00000000,
,,,4.83999975E-6,-39.99999911E-3,,,,,4.83999975E-6,-39.99999911E-3,,,,,4.83999975E-6,-4.00000000,
,,,4.84399970E-6,-39.99999911E-3,,,,,4.84399970E-6,-79.999998212E-3,,,,,4.84399970E-6,-3.60000014,
,,,4.84799966E-6,0.0,,,,,4.84799966E-6,-39.99999911E-3,,,,,4.84799966E-6,-3.60000014,
,,,4.85200007E-6,-79.999998212E-3,,,,,4.85200007E-6,-79.999998212E-3,,,,,4.85200007E-6,-4.00000000,
,,,4.85600003E-6,-79.999998212E-3,,,,,4.85600003E-6,-39.99999911E-3,,,,,4.85600003E-6,-4.00000000,
,,,4.85999999E-6,-39.99999911E-3,,,,,4.85999999E-6,-79.999998212E-3,,,,,4.85999999E-6,-4.00000000,
,,,4.86399995E-6,-39.99999911E-3,,,,,4.86399995E-6,-39.99999911E-3,,,,,4.86399995E-6,-4.00000000,
,,,4.86799991E-6,-79.999998212E-3,,,,,4.86799991E-6,-79.999998212E-3,,,,,4.86799991E-6,-4.00000000,
,,,4.87199986E-6,-39.99999911E-3,,,,,4.87199986E-6,-39.99999911E-3,,,,,4.87199986E-6,-4.00000000,
,,,4.87599982E-6,-39.99999911E-3,,,,,4.87599982E-6,0.0,,,,,4.87599982E-6,-4.40000010,
,,,4.87999978E-6,-39.99999911E-3,,,,,4.87999978E-6,-39.99999911E-3,,,,,4.87999978E-6,-4.00000000,
,,,4.88399974E-6,-39.99999911E-3,,,,,4.88399974E-6,-79.999998212E-3,,,,,4.88399974E-6,-4.00000000,
,,,4.88799969E-6,-39.99999911E-3,,,,,4.88799969E-6,-39.99999911E-3,,,,,4.88799969E-6,-4.00000000,
,,,4.89199965E-6,-39.99999911E-3,,,,,4.89199965E-6,-39.99999911E-3,,,,,4.89199965E-6,-4.00000000,
,,,4.89600006E-6,-39.99999911E-3,,,,,4.89600006E-6,-79.999998212E-3,,,,,4.89600006E-6,-4.40000010,
,,,4.90000002E-6,-39.99999911E-3,,,,,4.90000002E-6,-39.99999911E-3,,,,,4.90000002E-6,-4.00000000,
,,,4.90399998E-6,-39.99999911E-3,,,,,4.90399998E-6,-119.9999973E-3,,,,,4.90399998E-6,-4.00000000,
,,,4.90799994E-6,0.0,,,,,4.90799994E-6,-39.99999911E-3,,,,,4.90799994E-6,-4.00000000,
,,,4.91199989E-6,-39.99999911E-3,,,,,4.91199989E-6,-39.99999911E-3,,,,,4.91199989E-6,-4.40000010,
,,,4.91599985E-6,-39.99999911E-3,,,,,4.91599985E-6,-79.999998212E-3,,,,,4.91599985E-6,-4.00000000,
,,,4.91999981E-6,-39.99999911E-3,,,,,4.91999981E-6,-79.999998212E-3,,,,,4.91999981E-6,-4.00000000,
,,,4.92399977E-6,-39.99999911E-3,,,,,4.92399977E-6,-79.999998212E-3,,,,,4.92399977E-6,-4.40000010,
,,,4.92799973E-6,0.0,,,,,4.92799973E-6,-79.999998212E-3,,,,,4.92799973E-6,-4.00000000,
,,,4.93199968E-6,-79.999998212E-3,,,,,4.93199968E-6,-39.99999911E-3,,,,,4.93199968E-6,-4.00000000,
,,,4.93599964E-6,-79.999998212E-3,,,,,4.93599964E-6,-39.99999911E-3,,,,,4.93599964E-6,-4.00000000,
,,,4.94000005E-6,-39.99999911E-3,,,,,4.94000005E-6,-39.99999911E-3,,,,,4.94000005E-6,-4.00000000,
,,,4.94400001E-6,0.0,,,,,4.94400001E-6,-39.99999911E-3,,,,,4.94400001E-6,-4.00000000,
,,,4.94799997E-6,-79.999998212E-3,,,,,4.94799997E-6,-79.999998212E-3,,,,,4.94799997E-6,-4.00000000,
,,,4.95199993E-6,-39.99999911E-3,,,,,4.95199993E-6,-39.99999911E-3,,,,,4.95199993E-6,-4.40000010,
,,,4.95599988E-6,-39.99999911E-3,,,,,4.95599988E-6,-39.99999911E-3,,,,,4.95599988E-6,-4.00000000,
,,,4.95999984E-6,-39.99999911E-3,,,,,4.95999984E-6,-39.99999911E-3,,,,,4.95999984E-6,-4.40000010,
,,,4.96399980E-6,-39.99999911E-3,,,,,4.96399980E-6,-39.99999911E-3,,,,,4.96399980E-6,-4.40000010,
,,,4.96799976E-6,-79.999998212E-3,,,,,4.96799976E-6,-79.999998212E-3,,,,,4.96799976E-6,-4.00000000,
,,,4.97199972E-6,-79.999998212E-3,,,,,4.97199972E-6,-39.99999911E-3,,,,,4.97199972E-6,-4.00000000,
,,,4.97599967E-6,-79.999998212E-3,,,,,4.97599967E-6,0.0,,,,,4.97599967E-6,-4.00000000,
,,,4.98000009E-6,-39.99999911E-3,,,,,4.98000009E-6,-79.999998212E-3,,,,,4.98000009E-6,-4.00000000,
,,,4.98400004E-6,-79.999998212E-3,,,,,4.98400004E-6,-79.999998212E-3,,,,,4.98400004E-6,-4.40000010,
,,,4.98800000E-6,-39.99999911E-3,,,,,4.98800000E-6,-39.99999911E-3,,,,,4.98800000E-6,-4.40000010,
,,,4.99199996E-6,-39.99999911E-3,,,,,4.99199996E-6,0.0,,,,,4.99199996E-6,-4.00000000,
,,,4.99599992E-6,-39.99999911E-3,,,,,4.99599992E-6,-39.99999911E-3,,,,,4.99599992E-6,-4.40000010,
,,,4.99999987E-6,-79.999998212E-3,,,,,4.99999987E-6,-79.999998212E-3,,,,,4.99999987E-6,-4.00000000,
,,,5.00399983E-6,-39.99999911E-3,,,,,5.00399983E-6,-39.99999911E-3,,,,,5.00399983E-6,-4.40000010,
,,,5.00799979E-6,-39.99999911E-3,,,,,5.00799979E-6,0.0,,,,,5.00799979E-6,-4.40000010,
,,,5.01199975E-6,0.0,,,,,5.01199975E-6,-39.99999911E-3,,,,,5.01199975E-6,-4.00000000,
,,,5.01599970E-6,-39.99999911E-3,,,,,5.01599970E-6,-79.999998212E-3,,,,,5.01599970E-6,-4.40000010,
,,,5.01999966E-6,-39.99999911E-3,,,,,5.01999966E-6,-39.99999911E-3,,,,,5.01999966E-6,-4.40000010,
,,,5.02400007E-6,-79.999998212E-3,,,,,5.02400007E-6,-39.99999911E-3,,,,,5.02400007E-6,-4.40000010,
,,,5.02800003E-6,-39.99999911E-3,,,,,5.02800003E-6,-39.99999911E-3,,,,,5.02800003E-6,-4.00000000,
,,,5.03199999E-6,-39.99999911E-3,,,,,5.03199999E-6,-79.999998212E-3,,,,,5.03199999E-6,-4.00000000,
,,,5.03599995E-6,0.0,,,,,5.03599995E-6,-79.999998212E-3,,,,,5.03599995E-6,-4.00000000,
,,,5.03999991E-6,-39.99999911E-3,,,,,5.03999991E-6,-39.99999911E-3,,,,,5.03999991E-6,-4.00000000,
,,,5.04399986E-6,-39.99999911E-3,,,,,5.04399986E-6,-79.999998212E-3,,,,,5.04399986E-6,-4.40000010,
,,,5.04799982E-6,-39.99999911E-3,,,,,5.04799982E-6,-39.99999911E-3,,,,,5.04799982E-6,-4.00000000,
,,,5.05199978E-6,-39.99999911E-3,,,,,5.05199978E-6,-79.999998212E-3,,,,,5.05199978E-6,-4.40000010,
,,,5.05599974E-6,-39.99999911E-3,,,,,5.05599974E-6,-79.999998212E-3,,,,,5.05599974E-6,-4.00000000,
,,,5.05999969E-6,-39.99999911E-3,,,,,5.05999969E-6,-39.99999911E-3,,,,,5.05999969E-6,-4.00000000,
,,,5.06399965E-6,-79.999998212E-3,,,,,5.06399965E-6,-79.999998212E-3,,,,,5.06399965E-6,-4.40000010,
,,,5.06800006E-6,-79.999998212E-3,,,,,5.06800006E-6,-79.999998212E-3,,,,,5.06800006E-6,-4.00000000,
,,,5.07200002E-6,-39.99999911E-3,,,,,5.07200002E-6,-39.99999911E-3,,,,,5.07200002E-6,-4.40000010,
,,,5.07599998E-6,-39.99999911E-3,,,,,5.07599998E-6,-39.99999911E-3,,,,,5.07599998E-6,-4.40000010,
,,,5.07999994E-6,-39.99999911E-3,,,,,5.07999994E-6,-79.999998212E-3,,,,,5.07999994E-6,-4.40000010,
,,,5.08399989E-6,-39.99999911E-3,,,,,5.08399989E-6,-39.99999911E-3,,,,,5.08399989E-6,-4.40000010,
,,,5.08799985E-6,0.0,,,,,5.08799985E-6,-39.99999911E-3,,,,,5.08799985E-6,-4.00000000,
,,,5.09199981E-6,-39.99999911E-3,,,,,5.09199981E-6,-39.99999911E-3,,,,,5.09199981E-6,-4.00000000,
,,,5.09599977E-6,-79.999998212E-3,,,,,5.09599977E-6,-39.99999911E-3,,,,,5.09599977E-6,-4.40000010,
,,,5.09999973E-6,-39.99999911E-3,,,,,5.09999973E-6,-79.999998212E-3,,,,,5.09999973E-6,-4.40000010,
,,,5.10399968E-6,-39.99999911E-3,,,,,5.10399968E-6,-39.99999911E-3,,,,,5.10399968E-6,-4.00000000,
,,,5.10799964E-6,-39.99999911E-3,,,,,5.10799964E-6,-39.99999911E-3,,,,,5.10799964E-6,-4.00000000,
,,,5.11200005E-6,-39.99999911E-3,,,,,5.11200005E-6,-39.99999911E-3,,,,,5.11200005E-6,-4.40000010,
,,,5.11600001E-6,-79.999998212E-3,,,,,5.11600001E-6,-119.9999973E-3,,,,,5.11600001E-6,-4.40000010,
,,,5.11999997E-6,-39.99999911E-3,,,,,5.11999997E-6,-39.99999911E-3,,,,,5.11999997E-6,-4.40000010,
,,,5.12399993E-6,39.99999911E-3,,,,,5.12399993E-6,-39.99999911E-3,,,,,5.12399993E-6,-4.40000010,
,,,5.12799988E-6,-79.999998212E-3,,,,,5.12799988E-6,-39.99999911E-3,,,,,5.12799988E-6,-4.40000010,
,,,5.13199984E-6,0.0,,,,,5.13199984E-6,-39.99999911E-3,,,,,5.13199984E-6,-4.40000010,
,,,5.13599980E-6,-39.99999911E-3,,,,,5.13599980E-6,-39.99999911E-3,,,,,5.13599980E-6,-4.00000000,
,,,5.13999976E-6,0.0,,,,,5.13999976E-6,-39.99999911E-3,,,,,5.13999976E-6,-4.40000010,
,,,5.14399972E-6,-39.99999911E-3,,,,,5.14399972E-6,0.0,,,,,5.14399972E-6,-4.40000010,
,,,5.14799967E-6,-39.99999911E-3,,,,,5.14799967E-6,-39.99999911E-3,,,,,5.14799967E-6,-4.00000000,
,,,5.15200009E-6,0.0,,,,,5.15200009E-6,-79.999998212E-3,,,,,5.15200009E-6,-4.00000000,
,,,5.15600004E-6,0.0,,,,,5.15600004E-6,-39.99999911E-3,,,,,5.15600004E-6,-4.00000000,
,,,5.16000000E-6,-39.99999911E-3,,,,,5.16000000E-6,-79.999998212E-3,,,,,5.16000000E-6,-4.40000010,
,,,5.16399996E-6,-79.999998212E-3,,,,,5.16399996E-6,-39.99999911E-3,,,,,5.16399996E-6,-4.00000000,
,,,5.16799992E-6,-39.99999911E-3,,,,,5.16799992E-6,0.0,,,,,5.16799992E-6,-4.40000010,
,,,5.17199987E-6,-39.99999911E-3,,,,,5.17199987E-6,-79.999998212E-3,,,,,5.17199987E-6,-4.40000010,
,,,5.17599983E-6,0.0,,,,,5.17599983E-6,-39.99999911E-3,,,,,5.17599983E-6,-4.00000000,
,,,5.17999979E-6,0.0,,,,,5.17999979E-6,-39.99999911E-3,,,,,5.17999979E-6,-4.40000010,
,,,5.18399975E-6,-39.99999911E-3,,,,,5.18399975E-6,-79.999998212E-3,,,,,5.18399975E-6,-4.40000010,
,,,5.18799970E-6,-79.999998212E-3,,,,,5.18799970E-6,-39.99999911E-3,,,,,5.18799970E-6,-4.40000010,
,,,5.19199966E-6,-79.999998212E-3,,,,,5.19199966E-6,-39.99999911E-3,,,,,5.19199966E-6,-4.40000010,
,,,5.19600007E-6,-39.99999911E-3,,,,,5.19600007E-6,-79.999998212E-3,,,,,5.19600007E-6,-4.40000010,
,,,5.20000003E-6,-79.999998212E-3,,,,,5.20000003E-6,-39.99999911E-3,,,,,5.20000003E-6,-4.80000019,
,,,5.20399999E-6,0.0,,,,,5.20399999E-6,-39.99999911E-3,,,,,5.20399999E-6,-4.40000010,
,,,5.20799995E-6,-39.99999911E-3,,,,,5.20799995E-6,-39.99999911E-3,,,,,5.20799995E-6,-4.40000010,
,,,5.21199991E-6,-39.99999911E-3,,,,,5.21199991E-6,-79.999998212E-3,,,,,5.21199991E-6,-4.40000010,
,,,5.21599986E-6,-39.99999911E-3,,,,,5.21599986E-6,-39.99999911E-3,,,,,5.21599986E-6,-4.40000010,
,,,5.21999982E-6,-39.99999911E-3,,,,,5.21999982E-6,-39.99999911E-3,,,,,5.21999982E-6,-4.40000010,
,,,5.22399978E-6,0.0,,,,,5.22399978E-6,-119.9999973E-3,,,,,5.22399978E-6,-4.40000010,
,,,5.22799974E-6,-39.99999911E-3,,,,,5.22799974E-6,-39.99999911E-3,,,,,5.22799974E-6,-4.40000010,
,,,5.23199969E-6,-39.99999911E-3,,,,,5.23199969E-6,0.0,,,,,5.23199969E-6,-4.80000019,
,,,5.23599965E-6,-79.999998212E-3,,,,,5.23599965E-6,0.0,,,,,5.23599965E-6,-4.40000010,
,,,5.24000006E-6,-79.999998212E-3,,,,,5.24000006E-6,-39.99999911E-3,,,,,5.24000006E-6,-4.40000010,
,,,5.24400002E-6,-39.99999911E-3,,,,,5.24400002E-6,-39.99999911E-3,,,,,5.24400002E-6,-4.40000010,
,,,5.24799998E-6,-79.999998212E-3,,,,,5.24799998E-6,-79.999998212E-3,,,,,5.24799998E-6,-4.40000010,
,,,5.25199994E-6,-39.99999911E-3,,,,,5.25199994E-6,0.0,,,,,5.25199994E-6,-4.40000010,
,,,5.25599989E-6,-39.99999911E-3,,,,,5.25599989E-6,-39.99999911E-3,,,,,5.25599989E-6,-4.40000010,
,,,5.25999985E-6,0.0,,,,,5.25999985E-6,-39.99999911E-3,,,,,5.25999985E-6,-4.40000010,
,,,5.26399981E-6,-39.99999911E-3,,,,,5.26399981E-6,-39.99999911E-3,,,,,5.26399981E-6,-4.40000010,
,,,5.26799977E-6,0.0,,,,,5.26799977E-6,-79.999998212E-3,,,,,5.26799977E-6,-4.40000010,
,,,5.27199973E-6,-39.99999911E-3,,,,,5.27199973E-6,0.0,,,,,5.27199973E-6,-4.40000010,
,,,5.27599968E-6,0.0,,,,,5.27599968E-6,-39.99999911E-3,,,,,5.27599968E-6,-4.40000010,
,,,5.27999964E-6,-39.99999911E-3,,,,,5.27999964E-6,0.0,,,,,5.27999964E-6,-4.40000010,
,,,5.28400005E-6,0.0,,,,,5.28400005E-6,0.0,,,,,5.28400005E-6,-4.40000010,
,,,5.28800001E-6,0.0,,,,,5.28800001E-6,0.0,,,,,5.28800001E-6,-4.80000019,
,,,5.29199997E-6,-79.999998212E-3,,,,,5.29199997E-6,-79.999998212E-3,,,,,5.29199997E-6,-4.40000010,
,,,5.29599993E-6,0.0,,,,,5.29599993E-6,-79.999998212E-3,,,,,5.29599993E-6,-4.40000010,
,,,5.29999988E-6,-39.99999911E-3,,,,,5.29999988E-6,-39.99999911E-3,,,,,5.29999988E-6,-4.80000019,
,,,5.30399984E-6,0.0,,,,,5.30399984E-6,-39.99999911E-3,,,,,5.30399984E-6,-4.40000010,
,,,5.30799980E-6,-79.999998212E-3,,,,,5.30799980E-6,-39.99999911E-3,,,,,5.30799980E-6,-4.80000019,
,,,5.31199976E-6,-39.99999911E-3,,,,,5.31199976E-6,0.0,,,,,5.31199976E-6,-4.80000019,
,,,5.31599972E-6,-79.999998212E-3,,,,,5.31599972E-6,-39.99999911E-3,,,,,5.31599972E-6,-4.40000010,
,,,5.31999967E-6,-39.99999911E-3,,,,,5.31999967E-6,-39.99999911E-3,,,,,5.31999967E-6,-4.40000010,
,,,5.32399963E-6,-39.99999911E-3,,,,,5.32399963E-6,-39.99999911E-3,,,,,5.32399963E-6,-4.80000019,
,,,5.32800004E-6,-39.99999911E-3,,,,,5.32800004E-6,-39.99999911E-3,,,,,5.32800004E-6,-4.80000019,
,,,5.33200000E-6,-39.99999911E-3,,,,,5.33200000E-6,-39.99999911E-3,,,,,5.33200000E-6,-4.40000010,
,,,5.33599996E-6,-39.99999911E-3,,,,,5.33599996E-6,-39.99999911E-3,,,,,5.33599996E-6,-4.40000010,
,,,5.33999992E-6,0.0,,,,,5.33999992E-6,-39.99999911E-3,,,,,5.33999992E-6,-4.40000010,
,,,5.34399987E-6,-79.999998212E-3,,,,,5.34399987E-6,-79.999998212E-3,,,,,5.34399987E-6,-4.40000010,
,,,5.34799983E-6,-39.99999911E-3,,,,,5.34799983E-6,-79.999998212E-3,,,,,5.34799983E-6,-4.80000019,
,,,5.35199979E-6,-39.99999911E-3,,,,,5.35199979E-6,0.0,,,,,5.35199979E-6,-4.80000019,
,,,5.35599975E-6,-39.99999911E-3,,,,,5.35599975E-6,-39.99999911E-3,,,,,5.35599975E-6,-4.80000019,
,,,5.35999970E-6,-39.99999911E-3,,,,,5.35999970E-6,-39.99999911E-3,,,,,5.35999970E-6,-4.80000019,
,,,5.36399966E-6,-39.99999911E-3,,,,,5.36399966E-6,-79.999998212E-3,,,,,5.36399966E-6,-4.40000010,
,,,5.36800007E-6,-39.99999911E-3,,,,,5.36800007E-6,0.0,,,,,5.36800007E-6,-4.40000010,
,,,5.37200003E-6,0.0,,,,,5.37200003E-6,-39.99999911E-3,,,,,5.37200003E-6,-4.40000010,
,,,5.37599999E-6,-39.99999911E-3,,,,,5.37599999E-6,-39.99999911E-3,,,,,5.37599999E-6,-4.80000019,
,,,5.37999995E-6,0.0,,,,,5.37999995E-6,-39.99999911E-3,,,,,5.37999995E-6,-4.80000019,
,,,5.38399991E-6,0.0,,,,,5.38399991E-6,-39.99999911E-3,,,,,5.38399991E-6,-4.40000010,
,,,5.38799986E-6,-39.99999911E-3,,,,,5.38799986E-6,0.0,,,,,5.38799986E-6,-4.40000010,
,,,5.39199982E-6,-39.99999911E-3,,,,,5.39199982E-6,-79.999998212E-3,,,,,5.39199982E-6,-4.40000010,
,,,5.39599978E-6,-39.99999911E-3,,,,,5.39599978E-6,-79.999998212E-3,,,,,5.39599978E-6,-4.80000019,
,,,5.39999974E-6,-39.99999911E-3,,,,,5.39999974E-6,-79.999998212E-3,,,,,5.39999974E-6,-4.80000019,
,,,5.40399969E-6,0.0,,,,,5.40399969E-6,0.0,,,,,5.40399969E-6,-4.40000010,
,,,5.40799965E-6,-39.99999911E-3,,,,,5.40799965E-6,-39.99999911E-3,,,,,5.40799965E-6,-4.80000019,
,,,5.41200006E-6,-39.99999911E-3,,,,,5.41200006E-6,-79.999998212E-3,,,,,5.41200006E-6,-4.40000010,
,,,5.41600002E-6,-39.99999911E-3,,,,,5.41600002E-6,-79.999998212E-3,,,,,5.41600002E-6,-4.80000019,
,,,5.41999998E-6,-79.999998212E-3,,,,,5.41999998E-6,-39.99999911E-3,,,,,5.41999998E-6,-4.80000019,
,,,5.42399994E-6,-39.99999911E-3,,,,,5.42399994E-6,0.0,,,,,5.42399994E-6,-4.40000010,
,,,5.42799989E-6,0.0,,,,,5.42799989E-6,-79.999998212E-3,,,,,5.42799989E-6,-4.80000019,
,,,5.43199985E-6,-39.99999911E-3,,,,,5.43199985E-6,-39.99999911E-3,,,,,5.43199985E-6,-4.80000019,
,,,5.43599981E-6,-39.99999911E-3,,,,,5.43599981E-6,-39.99999911E-3,,,,,5.43599981E-6,-4.40000010,
,,,5.43999977E-6,0.0,,,,,5.43999977E-6,-39.99999911E-3,,,,,5.43999977E-6,-4.80000019,
,,,5.44399973E-6,-39.99999911E-3,,,,,5.44399973E-6,-79.999998212E-3,,,,,5.44399973E-6,-4.40000010,
,,,5.44799968E-6,-39.99999911E-3,,,,,5.44799968E-6,-39.99999911E-3,,,,,5.44799968E-6,-4.80000019,
,,,5.45199964E-6,0.0,,,,,5.45199964E-6,-39.99999911E-3,,,,,5.45199964E-6,-4.40000010,
,,,5.45600005E-6,0.0,,,,,5.45600005E-6,-39.99999911E-3,,,,,5.45600005E-6,-4.40000010,
,,,5.46000001E-6,-39.99999911E-3,,,,,5.46000001E-6,-39.99999911E-3,,,,,5.46000001E-6,-4.80000019,
,,,5.46399997E-6,-39.99999911E-3,,,,,5.46399997E-6,-39.99999911E-3,,,,,5.46399997E-6,-4.40000010,
,,,5.46799993E-6,-39.99999911E-3,,,,,5.46799993E-6,-39.99999911E-3,,,,,5.46799993E-6,-4.80000019,
,,,5.47199988E-6,-79.999998212E-3,,,,,5.47199988E-6,-39.99999911E-3,,,,,5.47199988E-6,-4.40000010,
,,,5.47599984E-6,-39.99999911E-3,,,,,5.47599984E-6,-79.999998212E-3,,,,,5.47599984E-6,-4.40000010,
,,,5.47999980E-6,-39.99999911E-3,,,,,5.47999980E-6,-39.99999911E-3,,,,,5.47999980E-6,-4.80000019,
,,,5.48399976E-6,0.0,,,,,5.48399976E-6,-39.99999911E-3,,,,,5.48399976E-6,-4.80000019,
,,,5.48799972E-6,0.0,,,,,5.48799972E-6,0.0,,,,,5.48799972E-6,-4.80000019,
,,,5.49199967E-6,-39.99999911E-3,,,,,5.49199967E-6,-39.99999911E-3,,,,,5.49199967E-6,-4.80000019,
,,,5.49599963E-6,-39.99999911E-3,,,,,5.49599963E-6,-39.99999911E-3,,,,,5.49599963E-6,-4.80000019,
,,,5.50000004E-6,-79.999998212E-3,,,,,5.50000004E-6,-39.99999911E-3,,,,,5.50000004E-6,-4.40000010,
,,,5.50400000E-6,-39.99999911E-3,,,,,5.50400000E-6,-39.99999911E-3,,,,,5.50400000E-6,-4.40000010,
,,,5.50799996E-6,0.0,,,,,5.50799996E-6,0.0,,,,,5.50799996E-6,-4.80000019,
,,,5.51199992E-6,0.0,,,,,5.51199992E-6,0.0,,,,,5.51199992E-6,-4.80000019,
,,,5.51599987E-6,-39.99999911E-3,,,,,5.51599987E-6,-79.999998212E-3,,,,,5.51599987E-6,-4.40000010,
,,,5.51999983E-6,39.99999911E-3,,,,,5.51999983E-6,0.0,,,,,5.51999983E-6,-4.80000019,
,,,5.52399979E-6,-79.999998212E-3,,,,,5.52399979E-6,-39.99999911E-3,,,,,5.52399979E-6,-4.40000010,
,,,5.52799975E-6,-39.99999911E-3,,,,,5.52799975E-6,-79.999998212E-3,,,,,5.52799975E-6,-4.40000010,
,,,5.53199970E-6,-39.99999911E-3,,,,,5.53199970E-6,-39.99999911E-3,,,,,5.53199970E-6,-4.40000010,
,,,5.53599966E-6,-39.99999911E-3,,,,,5.53599966E-6,-79.999998212E-3,,,,,5.53599966E-6,-4.40000010,
,,,5.54000007E-6,-39.99999911E-3,,,,,5.54000007E-6,0.0,,,,,5.54000007E-6,-4.80000019,
,,,5.54400003E-6,-39.99999911E-3,,,,,5.54400003E-6,-39.99999911E-3,,,,,5.54400003E-6,-4.80000019,
,,,5.54799999E-6,-39.99999911E-3,,,,,5.54799999E-6,-39.99999911E-3,,,,,5.54799999E-6,-4.80000019,
,,,5.55199995E-6,0.0,,,,,5.55199995E-6,-39.99999911E-3,,,,,5.55199995E-6,-4.80000019,
,,,5.55599991E-6,-39.99999911E-3,,,,,5.55599991E-6,-39.99999911E-3,,,,,5.55599991E-6,-4.80000019,
,,,5.55999986E-6,-79.999998212E-3,,,,,5.55999986E-6,-39.99999911E-3,,,,,5.55999986E-6,-4.80000019,
,,,5.56399982E-6,0.0,,,,,5.56399982E-6,0.0,,,,,5.56399982E-6,-4.80000019,
,,,5.56799978E-6,0.0,,,,,5.56799978E-6,-39.99999911E-3,,,,,5.56799978E-6,-4.80000019,
,,,5.57199974E-6,-39.99999911E-3,,,,,5.57199974E-6,-39.99999911E-3,,,,,5.57199974E-6,-4.80000019,
,,,5.57599969E-6,-39.99999911E-3,,,,,5.57599969E-6,-39.99999911E-3,,,,,5.57599969E-6,-4.80000019,
,,,5.57999965E-6,-39.99999911E-3,,,,,5.57999965E-6,-79.999998212E-3,,,,,5.57999965E-6,-4.80000019,
,,,5.58400006E-6,-39.99999911E-3,,,,,5.58400006E-6,-39.99999911E-3,,,,,5.58400006E-6,-4.80000019,
,,,5.58800002E-6,-79.999998212E-3,,,,,5.58800002E-6,0.0,,,,,5.58800002E-6,-4.80000019,
,,,5.59199998E-6,-39.99999911E-3,,,,,5.59199998E-6,-39.99999911E-3,,,,,5.59199998E-6,-4.80000019,
,,,5.59599994E-6,-39.99999911E-3,,,,,5.59599994E-6,-39.99999911E-3,,,,,5.59599994E-6,-4.40000010,
,,,5.59999989E-6,0.0,,,,,5.59999989E-6,-39.99999911E-3,,,,,5.59999989E-6,-4.40000010,
,,,5.60399985E-6,-39.99999911E-3,,,,,5.60399985E-6,0.0,,,,,5.60399985E-6,-4.40000010,
,,,5.60799981E-6,-39.99999911E-3,,,,,5.60799981E-6,-39.99999911E-3,,,,,5.60799981E-6,-4.80000019,
,,,5.61199977E-6,-39.99999911E-3,,,,,5.61199977E-6,0.0,,,,,5.61199977E-6,-4.80000019,
,,,5.61599973E-6,0.0,,,,,5.61599973E-6,-39.99999911E-3,,,,,5.61599973E-6,-4.80000019,
,,,5.61999968E-6,-39.99999911E-3,,,,,5.61999968E-6,-79.999998212E-3,,,,,5.61999968E-6,-4.80000019,
,,,5.62399964E-6,-39.99999911E-3,,,,,5.62399964E-6,-39.99999911E-3,,,,,5.62399964E-6,-4.40000010,
,,,5.62800005E-6,-79.999998212E-3,,,,,5.62800005E-6,0.0,,,,,5.62800005E-6,-4.80000019,
,,,5.63200001E-6,0.0,,,,,5.63200001E-6,0.0,,,,,5.63200001E-6,-4.80000019,
,,,5.63599997E-6,-39.99999911E-3,,,,,5.63599997E-6,-39.99999911E-3,,,,,5.63599997E-6,-4.80000019,
,,,5.63999993E-6,-79.999998212E-3,,,,,5.63999993E-6,-39.99999911E-3,,,,,5.63999993E-6,-4.80000019,
,,,5.64399988E-6,-39.99999911E-3,,,,,5.64399988E-6,-79.999998212E-3,,,,,5.64399988E-6,-4.80000019,
,,,5.64799984E-6,-39.99999911E-3,,,,,5.64799984E-6,0.0,,,,,5.64799984E-6,-4.80000019,
,,,5.65199980E-6,-39.99999911E-3,,,,,5.65199980E-6,0.0,,,,,5.65199980E-6,-4.80000019,
,,,5.65599976E-6,0.0,,,,,5.65599976E-6,-39.99999911E-3,,,,,5.65599976E-6,-4.80000019,
,,,5.65999972E-6,-39.99999911E-3,,,,,5.65999972E-6,-79.999998212E-3,,,,,5.65999972E-6,-4.80000019,
,,,5.66399967E-6,-39.99999911E-3,,,,,5.66399967E-6,-39.99999911E-3,,,,,5.66399967E-6,-4.80000019,
,,,5.66799963E-6,-39.99999911E-3,,,,,5.66799963E-6,-39.99999911E-3,,,,,5.66799963E-6,-4.80000019,
,,,5.67200004E-6,-39.99999911E-3,,,,,5.67200004E-6,-39.99999911E-3,,,,,5.67200004E-6,-4.80000019,
,,,5.67600000E-6,-39.99999911E-3,,,,,5.67600000E-6,0.0,,,,,5.67600000E-6,-4.40000010,
,,,5.67999996E-6,-39.99999911E-3,,,,,5.67999996E-6,0.0,,,,,5.67999996E-6,-4.80000019,
,,,5.68399992E-6,-39.99999911E-3,,,,,5.68399992E-6,0.0,,,,,5.68399992E-6,-4.80000019,
,,,5.68799987E-6,-39.99999911E-3,,,,,5.68799987E-6,-39.99999911E-3,,,,,5.68799987E-6,-4.80000019,
,,,5.69199983E-6,-39.99999911E-3,,,,,5.69199983E-6,-79.999998212E-3,,,,,5.69199983E-6,-4.40000010,
,,,5.69599979E-6,-39.99999911E-3,,,,,5.69599979E-6,-39.99999911E-3,,,,,5.69599979E-6,-4.80000019,
,,,5.69999975E-6,-39.99999911E-3,,,,,5.69999975E-6,-39.99999911E-3,,,,,5.69999975E-6,-5.20000029,
,,,5.70399970E-6,0.0,,,,,5.70399970E-6,0.0,,,,,5.70399970E-6,-4.80000019,
,,,5.70799966E-6,-39.99999911E-3,,,,,5.70799966E-6,-39.99999911E-3,,,,,5.70799966E-6,-4.80000019,
,,,5.71199962E-6,-39.99999911E-3,,,,,5.71199962E-6,-79.999998212E-3,,,,,5.71199962E-6,-4.40000010,
,,,5.71600003E-6,-39.99999911E-3,,,,,5.71600003E-6,-39.99999911E-3,,,,,5.71600003E-6,-4.40000010,
,,,5.71999999E-6,-39.99999911E-3,,,,,5.71999999E-6,-39.99999911E-3,,,,,5.71999999E-6,-4.40000010,
,,,5.72399995E-6,-79.999998212E-3,,,,,5.72399995E-6,0.0,,,,,5.72399995E-6,-4.80000019,
,,,5.72799991E-6,-39.99999911E-3,,,,,5.72799991E-6,0.0,,,,,5.72799991E-6,-4.80000019,
,,,5.73199986E-6,-39.99999911E-3,,,,,5.73199986E-6,-39.99999911E-3,,,,,5.73199986E-6,-4.80000019,
,,,5.73599982E-6,-39.99999911E-3,,,,,5.73599982E-6,-39.99999911E-3,,,,,5.73599982E-6,-4.80000019,
,,,5.73999978E-6,-79.999998212E-3,,,,,5.73999978E-6,-39.99999911E-3,,,,,5.73999978E-6,-4.80000019,
,,,5.74399974E-6,-39.99999911E-3,,,,,5.74399974E-6,0.0,,,,,5.74399974E-6,-4.80000019,
,,,5.74799969E-6,-39.99999911E-3,,,,,5.74799969E-6,0.0,,,,,5.74799969E-6,-4.80000019,
,,,5.75199965E-6,-39.99999911E-3,,,,,5.75199965E-6,-39.99999911E-3,,,,,5.75199965E-6,-4.80000019,
,,,5.75600006E-6,-39.99999911E-3,,,,,5.75600006E-6,-39.99999911E-3,,,,,5.75600006E-6,-4.80000019,
,,,5.76000002E-6,-79.999998212E-3,,,,,5.76000002E-6,0.0,,,,,5.76000002E-6,-4.80000019,
,,,5.76399998E-6,-39.99999911E-3,,,,,5.76399998E-6,0.0,,,,,5.76399998E-6,-4.80000019,
,,,5.76799994E-6,-39.99999911E-3,,,,,5.76799994E-6,0.0,,,,,5.76799994E-6,-4.80000019,
,,,5.77199989E-6,-39.99999911E-3,,,,,5.77199989E-6,-39.99999911E-3,,,,,5.77199989E-6,-4.80000019,
,,,5.77599985E-6,-39.99999911E-3,,,,,5.77599985E-6,0.0,,,,,5.77599985E-6,-4.80000019,
,,,5.77999981E-6,-79.999998212E-3,,,,,5.77999981E-6,-39.99999911E-3,,,,,5.77999981E-6,-4.80000019,
,,,5.78399977E-6,0.0,,,,,5.78399977E-6,0.0,,,,,5.78399977E-6,-4.80000019,
,,,5.78799973E-6,-39.99999911E-3,,,,,5.78799973E-6,0.0,,,,,5.78799973E-6,-5.20000029,
,,,5.79199968E-6,-79.999998212E-3,,,,,5.79199968E-6,0.0,,,,,5.79199968E-6,-4.40000010,
,,,5.79599964E-6,-79.999998212E-3,,,,,5.79599964E-6,-39.99999911E-3,,,,,5.79599964E-6,-4.80000019,
,,,5.80000005E-6,-39.99999911E-3,,,,,5.80000005E-6,0.0,,,,,5.80000005E-6,-4.80000019,
,,,5.80400001E-6,-39.99999911E-3,,,,,5.80400001E-6,-39.99999911E-3,,,,,5.80400001E-6,-4.80000019,
,,,5.80799997E-6,-79.999998212E-3,,,,,5.80799997E-6,-39.99999911E-3,,,,,5.80799997E-6,-4.80000019,
,,,5.81199993E-6,-39.99999911E-3,,,,,5.81199993E-6,-39.99999911E-3,,,,,5.81199993E-6,-4.80000019,
,,,5.81599988E-6,-39.99999911E-3,,,,,5.81599988E-6,0.0,,,,,5.81599988E-6,-4.80000019,
,,,5.81999984E-6,-39.99999911E-3,,,,,5.81999984E-6,0.0,,,,,5.81999984E-6,-4.80000019,
,,,5.82399980E-6,-79.999998212E-3,,,,,5.82399980E-6,-79.999998212E-3,,,,,5.82399980E-6,-4.80000019,
,,,5.82799976E-6,-39.99999911E-3,,,,,5.82799976E-6,0.0,,,,,5.82799976E-6,-4.80000019,
,,,5.83199972E-6,-39.99999911E-3,,,,,5.83199972E-6,-39.99999911E-3,,,,,5.83199972E-6,-4.80000019,
,,,5.83599967E-6,0.0,,,,,5.83599967E-6,-39.99999911E-3,,,,,5.83599967E-6,-4.80000019,
,,,5.83999963E-6,-39.99999911E-3,,,,,5.83999963E-6,39.99999911E-3,,,,,5.83999963E-6,-4.80000019,
,,,5.84400004E-6,-39.99999911E-3,,,,,5.84400004E-6,-79.999998212E-3,,,,,5.84400004E-6,-4.80000019,
,,,5.84800000E-6,0.0,,,,,5.84800000E-6,-39.99999911E-3,,,,,5.84800000E-6,-4.80000019,
,,,5.85199996E-6,0.0,,,,,5.85199996E-6,0.0,,,,,5.85199996E-6,-4.80000019,
,,,5.85599992E-6,-39.99999911E-3,,,,,5.85599992E-6,-39.99999911E-3,,,,,5.85599992E-6,-4.80000019,
,,,5.85999987E-6,-79.999998212E-3,,,,,5.85999987E-6,-39.99999911E-3,,,,,5.85999987E-6,-4.80000019,
,,,5.86399983E-6,0.0,,,,,5.86399983E-6,-39.99999911E-3,,,,,5.86399983E-6,-4.80000019,
,,,5.86799979E-6,-39.99999911E-3,,,,,5.86799979E-6,0.0,,,,,5.86799979E-6,-4.80000019,
,,,5.87199975E-6,-79.999998212E-3,,,,,5.87199975E-6,-39.99999911E-3,,,,,5.87199975E-6,-5.20000029,
,,,5.87599970E-6,-39.99999911E-3,,,,,5.87599970E-6,0.0,,,,,5.87599970E-6,-4.80000019,
,,,5.87999966E-6,0.0,,,,,5.87999966E-6,-39.99999911E-3,,,,,5.87999966E-6,-4.80000019,
,,,5.88399962E-6,-39.99999911E-3,,,,,5.88399962E-6,0.0,,,,,5.88399962E-6,-5.20000029,
,,,5.88800003E-6,-39.99999911E-3,,,,,5.88800003E-6,-79.999998212E-3,,,,,5.88800003E-6,-4.80000019,
,,,5.89199999E-6,-39.99999911E-3,,,,,5.89199999E-6,-79.999998212E-3,,,,,5.89199999E-6,-5.20000029,
,,,5.89599995E-6,-79.999998212E-3,,,,,5.89599995E-6,-79.999998212E-3,,,,,5.89599995E-6,-4.80000019,
,,,5.89999991E-6,-39.99999911E-3,,,,,5.89999991E-6,0.0,,,,,5.89999991E-6,-4.80000019,
,,,5.90399986E-6,-39.99999911E-3,,,,,5.90399986E-6,0.0,,,,,5.90399986E-6,-4.80000019,
,,,5.90799982E-6,-79.999998212E-3,,,,,5.90799982E-6,-39.99999911E-3,,,,,5.90799982E-6,-4.80000019,
,,,5.91199978E-6,-39.99999911E-3,,,,,5.91199978E-6,0.0,,,,,5.91199978E-6,-4.80000019,
,,,5.91599974E-6,-39.99999911E-3,,,,,5.91599974E-6,0.0,,,,,5.91599974E-6,-4.80000019,
,,,5.91999969E-6,-39.99999911E-3,,,,,5.91999969E-6,-39.99999911E-3,,,,,5.91999969E-6,-5.20000029,
,,,5.92399965E-6,-39.99999911E-3,,,,,5.92399965E-6,-79.999998212E-3,,,,,5.92399965E-6,-4.80000019,
,,,5.92800006E-6,-39.99999911E-3,,,,,5.92800006E-6,0.0,,,,,5.92800006E-6,-4.80000019,
,,,5.93200002E-6,-39.99999911E-3,,,,,5.93200002E-6,0.0,,,,,5.93200002E-6,-4.80000019,
,,,5.93599998E-6,0.0,,,,,5.93599998E-6,0.0,,,,,5.93599998E-6,-4.80000019,
,,,5.93999994E-6,-79.999998212E-3,,,,,5.93999994E-6,-39.99999911E-3,,,,,5.93999994E-6,-4.80000019,
,,,5.94399989E-6,-39.99999911E-3,,,,,5.94399989E-6,-39.99999911E-3,,,,,5.94399989E-6,-4.80000019,
,,,5.94799985E-6,0.0,,,,,5.94799985E-6,0.0,,,,,5.94799985E-6,-4.80000019,
,,,5.95199981E-6,0.0,,,,,5.95199981E-6,-39.99999911E-3,,,,,5.95199981E-6,-4.80000019,
,,,5.95599977E-6,-39.99999911E-3,,,,,5.95599977E-6,-39.99999911E-3,,,,,5.95599977E-6,-5.20000029,
,,,5.95999973E-6,-39.99999911E-3,,,,,5.95999973E-6,0.0,,,,,5.95999973E-6,-5.20000029,
,,,5.96399968E-6,-39.99999911E-3,,,,,5.96399968E-6,-39.99999911E-3,,,,,5.96399968E-6,-4.80000019,
,,,5.96799964E-6,-39.99999911E-3,,,,,5.96799964E-6,-39.99999911E-3,,,,,5.96799964E-6,-4.80000019,
,,,5.97200005E-6,-39.99999911E-3,,,,,5.97200005E-6,-39.99999911E-3,,,,,5.97200005E-6,-4.80000019,
,,,5.97600001E-6,-39.99999911E-3,,,,,5.97600001E-6,-79.999998212E-3,,,,,5.97600001E-6,-4.80000019,
,,,5.97999997E-6,-79.999998212E-3,,,,,5.97999997E-6,-39.99999911E-3,,,,,5.97999997E-6,-4.80000019,
,,,5.98399993E-6,-39.99999911E-3,,,,,5.98399993E-6,0.0,,,,,5.98399993E-6,-5.20000029,
,,,5.98799988E-6,-39.99999911E-3,,,,,5.98799988E-6,-79.999998212E-3,,,,,5.98799988E-6,-4.80000019,
,,,5.99199984E-6,-39.99999911E-3,,,,,5.99199984E-6,0.0,,,,,5.99199984E-6,-4.80000019,
,,,5.99599980E-6,-39.99999911E-3,,,,,5.99599980E-6,0.0,,,,,5.99599980E-6,-4.80000019,
,,,5.99999976E-6,-39.99999911E-3,,,,,5.99999976E-6,0.0,,,,,5.99999976E-6,-4.80000019,
,,,6.00399972E-6,-119.9999973E-3,,,,,6.00399972E-6,-39.99999911E-3,,,,,6.00399972E-6,-4.80000019,
,,,6.00799967E-6,-39.99999911E-3,,,,,6.00799967E-6,-39.99999911E-3,,,,,6.00799967E-6,-4.80000019,
,,,6.01199963E-6,-39.99999911E-3,,,,,6.01199963E-6,-39.99999911E-3,,,,,6.01199963E-6,-4.80000019,
,,,6.01600004E-6,-39.99999911E-3,,,,,6.01600004E-6,-79.999998212E-3,,,,,6.01600004E-6,-4.80000019,
,,,6.02000000E-6,-39.99999911E-3,,,,,6.02000000E-6,-39.99999911E-3,,,,,6.02000000E-6,-4.80000019,
,,,6.02399996E-6,-39.99999911E-3,,,,,6.02399996E-6,-39.99999911E-3,,,,,6.02399996E-6,-5.20000029,
,,,6.02799992E-6,-79.999998212E-3,,,,,6.02799992E-6,-39.99999911E-3,,,,,6.02799992E-6,-5.20000029,
,,,6.03199987E-6,-39.99999911E-3,,,,,6.03199987E-6,-39.99999911E-3,,,,,6.03199987E-6,-5.20000029,
,,,6.03599983E-6,0.0,,,,,6.03599983E-6,-39.99999911E-3,,,,,6.03599983E-6,-4.80000019,
,,,6.03999979E-6,-39.99999911E-3,,,,,6.03999979E-6,-79.999998212E-3,,,,,6.03999979E-6,-4.80000019,
,,,6.04399975E-6,-39.99999911E-3,,,,,6.04399975E-6,-39.99999911E-3,,,,,6.04399975E-6,-5.20000029,
,,,6.04799970E-6,-39.99999911E-3,,,,,6.04799970E-6,0.0,,,,,6.04799970E-6,-4.80000019,
,,,6.05199966E-6,0.0,,,,,6.05199966E-6,-39.99999911E-3,,,,,6.05199966E-6,-4.80000019,
,,,6.05599962E-6,0.0,,,,,6.05599962E-6,-39.99999911E-3,,,,,6.05599962E-6,-4.80000019,
,,,6.06000003E-6,-39.99999911E-3,,,,,6.06000003E-6,-39.99999911E-3,,,,,6.06000003E-6,-4.80000019,
,,,6.06399999E-6,-39.99999911E-3,,,,,6.06399999E-6,-39.99999911E-3,,,,,6.06399999E-6,-4.80000019,
,,,6.06799995E-6,-39.99999911E-3,,,,,6.06799995E-6,0.0,,,,,6.06799995E-6,-5.20000029,
,,,6.07199991E-6,-39.99999911E-3,,,,,6.07199991E-6,-79.999998212E-3,,,,,6.07199991E-6,-4.80000019,
,,,6.07599986E-6,0.0,,,,,6.07599986E-6,-39.99999911E-3,,,,,6.07599986E-6,-4.80000019,
,,,6.07999982E-6,-39.99999911E-3,,,,,6.07999982E-6,0.0,,,,,6.07999982E-6,-4.80000019,
,,,6.08399978E-6,-39.99999911E-3,,,,,6.08399978E-6,-39.99999911E-3,,,,,6.08399978E-6,-4.80000019,
,,,6.08799974E-6,-39.99999911E-3,,,,,6.08799974E-6,-39.99999911E-3,,,,,6.08799974E-6,-4.80000019,
,,,6.09199969E-6,-39.99999911E-3,,,,,6.09199969E-6,-39.99999911E-3,,,,,6.09199969E-6,-4.80000019,
,,,6.09599965E-6,-79.999998212E-3,,,,,6.09599965E-6,-39.99999911E-3,,,,,6.09599965E-6,-4.80000019,
,,,6.09999961E-6,-79.999998212E-3,,,,,6.09999961E-6,0.0,,,,,6.09999961E-6,-4.80000019,
,,,6.10400002E-6,-39.99999911E-3,,,,,6.10400002E-6,-39.99999911E-3,,,,,6.10400002E-6,-4.80000019,
,,,6.10799998E-6,-39.99999911E-3,,,,,6.10799998E-6,-79.999998212E-3,,,,,6.10799998E-6,-4.80000019,
,,,6.11199994E-6,-39.99999911E-3,,,,,6.11199994E-6,-39.99999911E-3,,,,,6.11199994E-6,-4.80000019,
,,,6.11599989E-6,-39.99999911E-3,,,,,6.11599989E-6,0.0,,,,,6.11599989E-6,-5.20000029,
,,,6.11999985E-6,-39.99999911E-3,,,,,6.11999985E-6,-79.999998212E-3,,,,,6.11999985E-6,-4.80000019,
,,,6.12399981E-6,-39.99999911E-3,,,,,6.12399981E-6,0.0,,,,,6.12399981E-6,-4.80000019,
,,,6.12799977E-6,-39.99999911E-3,,,,,6.12799977E-6,-39.99999911E-3,,,,,6.12799977E-6,-4.80000019,
,,,6.13199973E-6,0.0,,,,,6.13199973E-6,-39.99999911E-3,,,,,6.13199973E-6,-5.20000029,
,,,6.13599968E-6,-79.999998212E-3,,,,,6.13599968E-6,-39.99999911E-3,,,,,6.13599968E-6,-4.80000019,
,,,6.13999964E-6,-39.99999911E-3,,,,,6.13999964E-6,0.0,,,,,6.13999964E-6,-5.20000029,
,,,6.14400005E-6,-39.99999911E-3,,,,,6.14400005E-6,-39.99999911E-3,,,,,6.14400005E-6,-4.80000019,
,,,6.14800001E-6,0.0,,,,,6.14800001E-6,0.0,,,,,6.14800001E-6,-4.80000019,
,,,6.15199997E-6,-39.99999911E-3,,,,,6.15199997E-6,0.0,,,,,6.15199997E-6,-4.80000019,
,,,6.15599993E-6,-39.99999911E-3,,,,,6.15599993E-6,-39.99999911E-3,,,,,6.15599993E-6,-5.20000029,
,,,6.15999988E-6,-39.99999911E-3,,,,,6.15999988E-6,-39.99999911E-3,,,,,6.15999988E-6,-4.80000019,
,,,6.16399984E-6,-39.99999911E-3,,,,,6.16399984E-6,-39.99999911E-3,,,,,6.16399984E-6,-4.80000019,
,,,6.16799980E-6,-39.99999911E-3,,,,,6.16799980E-6,-79.999998212E-3,,,,,6.16799980E-6,-4.80000019,
,,,6.17199976E-6,-39.99999911E-3,,,,,6.17199976E-6,-39.99999911E-3,,,,,6.17199976E-6,-4.80000019,
,,,6.17599972E-6,-39.99999911E-3,,,,,6.17599972E-6,-39.99999911E-3,,,,,6.17599972E-6,-4.80000019,
,,,6.17999967E-6,-39.99999911E-3,,,,,6.17999967E-6,0.0,,,,,6.17999967E-6,-4.80000019,
,,,6.18399963E-6,0.0,,,,,6.18399963E-6,-39.99999911E-3,,,,,6.18399963E-6,-5.20000029,
,,,6.18800004E-6,-39.99999911E-3,,,,,6.18800004E-6,-79.999998212E-3,,,,,6.18800004E-6,-5.20000029,
,,,6.19200000E-6,-39.99999911E-3,,,,,6.19200000E-6,-39.99999911E-3,,,,,6.19200000E-6,-4.80000019,
,,,6.19599996E-6,0.0,,,,,6.19599996E-6,0.0,,,,,6.19599996E-6,-4.80000019,
,,,6.19999992E-6,-39.99999911E-3,,,,,6.19999992E-6,-39.99999911E-3,,,,,6.19999992E-6,-4.80000019,
,,,6.20399987E-6,-79.999998212E-3,,,,,6.20399987E-6,-39.99999911E-3,,,,,6.20399987E-6,-4.40000010,
,,,6.20799983E-6,-39.99999911E-3,,,,,6.20799983E-6,-39.99999911E-3,,,,,6.20799983E-6,-4.80000019,
,,,6.21199979E-6,-39.99999911E-3,,,,,6.21199979E-6,-39.99999911E-3,,,,,6.21199979E-6,-5.20000029,
,,,6.21599975E-6,-39.99999911E-3,,,,,6.21599975E-6,0.0,,,,,6.21599975E-6,-5.20000029,
,,,6.21999970E-6,0.0,,,,,6.21999970E-6,-39.99999911E-3,,,,,6.21999970E-6,-4.80000019,
,,,6.22399966E-6,-79.999998212E-3,,,,,6.22399966E-6,0.0,,,,,6.22399966E-6,-4.40000010,
,,,6.22799962E-6,-39.99999911E-3,,,,,6.22799962E-6,0.0,,,,,6.22799962E-6,-4.80000019,
,,,6.23200003E-6,0.0,,,,,6.23200003E-6,39.99999911E-3,,,,,6.23200003E-6,-4.80000019,
,,,6.23599999E-6,-79.999998212E-3,,,,,6.23599999E-6,0.0,,,,,6.23599999E-6,-5.20000029,
,,,6.23999995E-6,-39.99999911E-3,,,,,6.23999995E-6,-39.99999911E-3,,,,,6.23999995E-6,-4.80000019,
,,,6.24399991E-6,0.0,,,,,6.24399991E-6,0.0,,,,,6.24399991E-6,-4.80000019,
,,,6.24799986E-6,-39.99999911E-3,,,,,6.24799986E-6,0.0,,,,,6.24799986E-6,-4.80000019,
,,,6.25199982E-6,-39.99999911E-3,,,,,6.25199982E-6,-79.999998212E-3,,,,,6.25199982E-6,-4.80000019,
,,,6.25599978E-6,-79.999998212E-3,,,,,6.25599978E-6,-39.99999911E-3,,,,,6.25599978E-6,-4.80000019,
,,,6.25999974E-6,-39.99999911E-3,,,,,6.25999974E-6,-39.99999911E-3,,,,,6.25999974E-6,-4.80000019,
,,,6.26399969E-6,-79.999998212E-3,,,,,6.26399969E-6,0.0,,,,,6.26399969E-6,-5.20000029,
,,,6.26799965E-6,-79.999998212E-3,,,,,6.26799965E-6,0.0,,,,,6.26799965E-6,-4.80000019,
,,,6.27199961E-6,-39.99999911E-3,,,,,6.27199961E-6,0.0,,,,,6.27199961E-6,-4.80000019,
,,,6.27600002E-6,0.0,,,,,6.27600002E-6,-39.99999911E-3,,,,,6.27600002E-6,-4.80000019,
,,,6.27999998E-6,-39.99999911E-3,,,,,6.27999998E-6,0.0,,,,,6.27999998E-6,-5.20000029,
,,,6.28399994E-6,-39.99999911E-3,,,,,6.28399994E-6,0.0,,,,,6.28399994E-6,-4.80000019,
,,,6.28799989E-6,-39.99999911E-3,,,,,6.28799989E-6,-39.99999911E-3,,,,,6.28799989E-6,-4.80000019,
,,,6.29199985E-6,-39.99999911E-3,,,,,6.29199985E-6,-39.99999911E-3,,,,,6.29199985E-6,-4.80000019,
,,,6.29599981E-6,0.0,,,,,6.29599981E-6,-39.99999911E-3,,,,,6.29599981E-6,-4.80000019,
,,,6.29999977E-6,-39.99999911E-3,,,,,6.29999977E-6,0.0,,,,,6.29999977E-6,-4.80000019,
,,,6.30399973E-6,0.0,,,,,6.30399973E-6,-79.999998212E-3,,,,,6.30399973E-6,-5.20000029,
,,,6.30799968E-6,-39.99999911E-3,,,,,6.30799968E-6,-39.99999911E-3,,,,,6.30799968E-6,-4.80000019,
,,,6.31199964E-6,0.0,,,,,6.31199964E-6,-39.99999911E-3,,,,,6.31199964E-6,-5.20000029,
,,,6.31600005E-6,-39.99999911E-3,,,,,6.31600005E-6,-39.99999911E-3,,,,,6.31600005E-6,-4.80000019,
,,,6.32000001E-6,-39.99999911E-3,,,,,6.32000001E-6,-39.99999911E-3,,,,,6.32000001E-6,-4.80000019,
,,,6.32399997E-6,-79.999998212E-3,,,,,6.32399997E-6,-39.99999911E-3,,,,,6.32399997E-6,-5.20000029,
,,,6.32799993E-6,-39.99999911E-3,,,,,6.32799993E-6,-39.99999911E-3,,,,,6.32799993E-6,-4.80000019,
,,,6.33199988E-6,-39.99999911E-3,,,,,6.33199988E-6,-39.99999911E-3,,,,,6.33199988E-6,-4.80000019,
,,,6.33599984E-6,-39.99999911E-3,,,,,6.33599984E-6,0.0,,,,,6.33599984E-6,-4.80000019,
,,,6.33999980E-6,-79.999998212E-3,,,,,6.33999980E-6,-39.99999911E-3,,,,,6.33999980E-6,-4.80000019,
,,,6.34399976E-6,-39.99999911E-3,,,,,6.34399976E-6,-39.99999911E-3,,,,,6.34399976E-6,-4.80000019,
,,,6.34799972E-6,-39.99999911E-3,,,,,6.34799972E-6,-39.99999911E-3,,,,,6.34799972E-6,-4.80000019,
,,,6.35199967E-6,-39.99999911E-3,,,,,6.35199967E-6,-39.99999911E-3,,,,,6.35199967E-6,-4.80000019,
,,,6.35599963E-6,-39.99999911E-3,,,,,6.35599963E-6,-39.99999911E-3,,,,,6.35599963E-6,-4.80000019,
,,,6.36000004E-6,-39.99999911E-3,,,,,6.36000004E-6,-39.99999911E-3,,,,,6.36000004E-6,-4.80000019,
,,,6.36400000E-6,-39.99999911E-3,,,,,6.36400000E-6,0.0,,,,,6.36400000E-6,-4.80000019,
,,,6.36799996E-6,-39.99999911E-3,,,,,6.36799996E-6,0.0,,,,,6.36799996E-6,-5.20000029,
,,,6.37199992E-6,-79.999998212E-3,,,,,6.37199992E-6,-39.99999911E-3,,,,,6.37199992E-6,-5.20000029,
,,,6.37599987E-6,-39.99999911E-3,,,,,6.37599987E-6,0.0,,,,,6.37599987E-6,-4.80000019,
,,,6.37999983E-6,-39.99999911E-3,,,,,6.37999983E-6,-39.99999911E-3,,,,,6.37999983E-6,-4.80000019,
,,,6.38399979E-6,-79.999998212E-3,,,,,6.38399979E-6,-39.99999911E-3,,,,,6.38399979E-6,-4.80000019,
,,,6.38799975E-6,-39.99999911E-3,,,,,6.38799975E-6,-39.99999911E-3,,,,,6.38799975E-6,-4.80000019,
,,,6.39199970E-6,-39.99999911E-3,,,,,6.39199970E-6,0.0,,,,,6.39199970E-6,-5.20000029,
,,,6.39599966E-6,-39.99999911E-3,,,,,6.39599966E-6,0.0,,,,,6.39599966E-6,-4.80000019,
,,,6.39999962E-6,-79.999998212E-3,,,,,6.39999962E-6,0.0,,,,,6.39999962E-6,-4.80000019,
,,,6.40400003E-6,-39.99999911E-3,,,,,6.40400003E-6,-39.99999911E-3,,,,,6.40400003E-6,-4.80000019,
,,,6.40799999E-6,-39.99999911E-3,,,,,6.40799999E-6,0.0,,,,,6.40799999E-6,-4.80000019,
,,,6.41199995E-6,-39.99999911E-3,,,,,6.41199995E-6,0.0,,,,,6.41199995E-6,-4.80000019,
,,,6.41599991E-6,-79.999998212E-3,,,,,6.41599991E-6,-39.99999911E-3,,,,,6.41599991E-6,-4.80000019,
,,,6.41999986E-6,0.0,,,,,6.41999986E-6,0.0,,,,,6.41999986E-6,-5.20000029,
,,,6.42399982E-6,-79.999998212E-3,,,,,6.42399982E-6,0.0,,,,,6.42399982E-6,-4.80000019,
,,,6.42799978E-6,0.0,,,,,6.42799978E-6,-39.99999911E-3,,,,,6.42799978E-6,-4.80000019,
,,,6.43199974E-6,-39.99999911E-3,,,,,6.43199974E-6,-39.99999911E-3,,,,,6.43199974E-6,-4.80000019,
,,,6.43599969E-6,-39.99999911E-3,,,,,6.43599969E-6,-39.99999911E-3,,,,,6.43599969E-6,-4.80000019,
,,,6.43999965E-6,-79.999998212E-3,,,,,6.43999965E-6,0.0,,,,,6.43999965E-6,-4.80000019,
,,,6.44399961E-6,-79.999998212E-3,,,,,6.44399961E-6,-39.99999911E-3,,,,,6.44399961E-6,-4.80000019,
,,,6.44800002E-6,-39.99999911E-3,,,,,6.44800002E-6,0.0,,,,,6.44800002E-6,-4.80000019,
,,,6.45199998E-6,-79.999998212E-3,,,,,6.45199998E-6,-79.999998212E-3,,,,,6.45199998E-6,-5.20000029,
,,,6.45599994E-6,-39.99999911E-3,,,,,6.45599994E-6,0.0,,,,,6.45599994E-6,-4.80000019,
,,,6.45999990E-6,-39.99999911E-3,,,,,6.45999990E-6,-39.99999911E-3,,,,,6.45999990E-6,-5.20000029,
,,,6.46399985E-6,-39.99999911E-3,,,,,6.46399985E-6,0.0,,,,,6.46399985E-6,-4.80000019,
,,,6.46799981E-6,-39.99999911E-3,,,,,6.46799981E-6,-39.99999911E-3,,,,,6.46799981E-6,-5.20000029,
,,,6.47199977E-6,-39.99999911E-3,,,,,6.47199977E-6,-39.99999911E-3,,,,,6.47199977E-6,-5.20000029,
,,,6.47599973E-6,0.0,,,,,6.47599973E-6,-39.99999911E-3,,,,,6.47599973E-6,-5.20000029,
,,,6.47999968E-6,-79.999998212E-3,,,,,6.47999968E-6,-39.99999911E-3,,,,,6.47999968E-6,-5.20000029,
,,,6.48399964E-6,0.0,,,,,6.48399964E-6,0.0,,,,,6.48399964E-6,-4.80000019,
,,,6.48799960E-6,-39.99999911E-3,,,,,6.48799960E-6,-39.99999911E-3,,,,,6.48799960E-6,-5.20000029,
,,,6.49200001E-6,-39.99999911E-3,,,,,6.49200001E-6,-39.99999911E-3,,,,,6.49200001E-6,-4.80000019,
,,,6.49599997E-6,-39.99999911E-3,,,,,6.49599997E-6,0.0,,,,,6.49599997E-6,-4.80000019,
,,,6.49999993E-6,-79.999998212E-3,,,,,6.49999993E-6,-39.99999911E-3,,,,,6.49999993E-6,-5.20000029,
,,,6.50399988E-6,-39.99999911E-3,,,,,6.50399988E-6,-79.999998212E-3,,,,,6.50399988E-6,-4.80000019,
,,,6.50799984E-6,-39.99999911E-3,,,,,6.50799984E-6,0.0,,,,,6.50799984E-6,-4.80000019,
,,,6.51199980E-6,-39.99999911E-3,,,,,6.51199980E-6,0.0,,,,,6.51199980E-6,-5.20000029,
,,,6.51599976E-6,-79.999998212E-3,,,,,6.51599976E-6,-39.99999911E-3,,,,,6.51599976E-6,-4.80000019,
,,,6.51999972E-6,-79.999998212E-3,,,,,6.51999972E-6,-39.99999911E-3,,,,,6.51999972E-6,-4.80000019,
,,,6.52399967E-6,-39.99999911E-3,,,,,6.52399967E-6,-39.99999911E-3,,,,,6.52399967E-6,-4.80000019,
,,,6.52799963E-6,0.0,,,,,6.52799963E-6,0.0,,,,,6.52799963E-6,-4.80000019,
,,,6.53200004E-6,0.0,,,,,6.53200004E-6,-79.999998212E-3,,,,,6.53200004E-6,-4.80000019,
,,,6.53600000E-6,-39.99999911E-3,,,,,6.53600000E-6,0.0,,,,,6.53600000E-6,-4.80000019,
,,,6.53999996E-6,-39.99999911E-3,,,,,6.53999996E-6,0.0,,,,,6.53999996E-6,-5.20000029,
,,,6.54399992E-6,-39.99999911E-3,,,,,6.54399992E-6,0.0,,,,,6.54399992E-6,-4.80000019,
,,,6.54799987E-6,-79.999998212E-3,,,,,6.54799987E-6,-39.99999911E-3,,,,,6.54799987E-6,-5.20000029,
,,,6.55199983E-6,-39.99999911E-3,,,,,6.55199983E-6,-39.99999911E-3,,,,,6.55199983E-6,-4.80000019,
,,,6.55599979E-6,-79.999998212E-3,,,,,6.55599979E-6,-39.99999911E-3,,,,,6.55599979E-6,-4.80000019,
,,,6.55999975E-6,-39.99999911E-3,,,,,6.55999975E-6,0.0,,,,,6.55999975E-6,-4.40000010,
,,,6.56399970E-6,0.0,,,,,6.56399970E-6,-39.99999911E-3,,,,,6.56399970E-6,-4.80000019,
,,,6.56799966E-6,-39.99999911E-3,,,,,6.56799966E-6,-39.99999911E-3,,,,,6.56799966E-6,-4.80000019,
,,,6.57199962E-6,-39.99999911E-3,,,,,6.57199962E-6,-39.99999911E-3,,,,,6.57199962E-6,-4.80000019,
,,,6.57600003E-6,0.0,,,,,6.57600003E-6,0.0,,,,,6.57600003E-6,-4.80000019,
,,,6.57999999E-6,0.0,,,,,6.57999999E-6,-39.99999911E-3,,,,,6.57999999E-6,-4.80000019,
,,,6.58399995E-6,-39.99999911E-3,,,,,6.58399995E-6,0.0,,,,,6.58399995E-6,-4.80000019,
,,,6.58799991E-6,0.0,,,,,6.58799991E-6,-79.999998212E-3,,,,,6.58799991E-6,-4.80000019,
,,,6.59199986E-6,-39.99999911E-3,,,,,6.59199986E-6,0.0,,,,,6.59199986E-6,-4.40000010,
,,,6.59599982E-6,-39.99999911E-3,,,,,6.59599982E-6,-39.99999911E-3,,,,,6.59599982E-6,-5.20000029,
,,,6.59999978E-6,-39.99999911E-3,,,,,6.59999978E-6,-39.99999911E-3,,,,,6.59999978E-6,-4.80000019,
,,,6.60399974E-6,-39.99999911E-3,,,,,6.60399974E-6,-39.99999911E-3,,,,,6.60399974E-6,-5.20000029,
,,,6.60799969E-6,-39.99999911E-3,,,,,6.60799969E-6,-39.99999911E-3,,,,,6.60799969E-6,-5.20000029,
,,,6.61199965E-6,-39.99999911E-3,,,,,6.61199965E-6,-39.99999911E-3,,,,,6.61199965E-6,-4.80000019,
,,,6.61599961E-6,-39.99999911E-3,,,,,6.61599961E-6,-39.99999911E-3,,,,,6.61599961E-6,-5.20000029,
,,,6.62000002E-6,-39.99999911E-3,,,,,6.62000002E-6,-39.99999911E-3,,,,,6.62000002E-6,-4.80000019,
,,,6.62399998E-6,0.0,,,,,6.62399998E-6,-39.99999911E-3,,,,,6.62399998E-6,-4.80000019,
,,,6.62799994E-6,0.0,,,,,6.62799994E-6,0.0,,,,,6.62799994E-6,-4.80000019,
,,,6.63199990E-6,-39.99999911E-3,,,,,6.63199990E-6,0.0,,,,,6.63199990E-6,-4.80000019,
,,,6.63599985E-6,-39.99999911E-3,,,,,6.63599985E-6,-39.99999911E-3,,,,,6.63599985E-6,-5.20000029,
,,,6.63999981E-6,0.0,,,,,6.63999981E-6,-39.99999911E-3,,,,,6.63999981E-6,-4.80000019,
,,,6.64399977E-6,-39.99999911E-3,,,,,6.64399977E-6,-39.99999911E-3,,,,,6.64399977E-6,-5.20000029,
,,,6.64799973E-6,-39.99999911E-3,,,,,6.64799973E-6,-39.99999911E-3,,,,,6.64799973E-6,-5.20000029,
,,,6.65199968E-6,-79.999998212E-3,,,,,6.65199968E-6,-39.99999911E-3,,,,,6.65199968E-6,-5.20000029,
,,,6.65599964E-6,-79.999998212E-3,,,,,6.65599964E-6,-39.99999911E-3,,,,,6.65599964E-6,-4.80000019,
,,,6.65999960E-6,-39.99999911E-3,,,,,6.65999960E-6,-39.99999911E-3,,,,,6.65999960E-6,-5.20000029,
,,,6.66400001E-6,-79.999998212E-3,,,,,6.66400001E-6,0.0,,,,,6.66400001E-6,-4.80000019,
,,,6.66799997E-6,-39.99999911E-3,,,,,6.66799997E-6,0.0,,,,,6.66799997E-6,-4.80000019,
,,,6.67199993E-6,0.0,,,,,6.67199993E-6,-39.99999911E-3,,,,,6.67199993E-6,-4.80000019,
,,,6.67599988E-6,-39.99999911E-3,,,,,6.67599988E-6,0.0,,,,,6.67599988E-6,-4.80000019,
,,,6.67999984E-6,-39.99999911E-3,,,,,6.67999984E-6,0.0,,,,,6.67999984E-6,-4.80000019,
,,,6.68399980E-6,-39.99999911E-3,,,,,6.68399980E-6,-79.999998212E-3,,,,,6.68399980E-6,-4.80000019,
,,,6.68799976E-6,-39.99999911E-3,,,,,6.68799976E-6,-39.99999911E-3,,,,,6.68799976E-6,-4.80000019,
,,,6.69199972E-6,0.0,,,,,6.69199972E-6,-39.99999911E-3,,,,,6.69199972E-6,-4.80000019,
,,,6.69599967E-6,-79.999998212E-3,,,,,6.69599967E-6,-39.99999911E-3,,,,,6.69599967E-6,-5.20000029,
,,,6.69999963E-6,-39.99999911E-3,,,,,6.69999963E-6,0.0,,,,,6.69999963E-6,-5.20000029,
,,,6.70400004E-6,-39.99999911E-3,,,,,6.70400004E-6,0.0,,,,,6.70400004E-6,-4.80000019,
,,,6.70800000E-6,-39.99999911E-3,,,,,6.70800000E-6,0.0,,,,,6.70800000E-6,-5.20000029,
,,,6.71199996E-6,-39.99999911E-3,,,,,6.71199996E-6,0.0,,,,,6.71199996E-6,-4.80000019,
,,,6.71599992E-6,-39.99999911E-3,,,,,6.71599992E-6,-39.99999911E-3,,,,,6.71599992E-6,-4.80000019,
,,,6.71999987E-6,-39.99999911E-3,,,,,6.71999987E-6,0.0,,,,,6.71999987E-6,-4.80000019,
,,,6.72399983E-6,0.0,,,,,6.72399983E-6,0.0,,,,,6.72399983E-6,-5.20000029,
,,,6.72799979E-6,-39.99999911E-3,,,,,6.72799979E-6,0.0,,,,,6.72799979E-6,-4.80000019,
,,,6.73199975E-6,-39.99999911E-3,,,,,6.73199975E-6,-39.99999911E-3,,,,,6.73199975E-6,-4.80000019,
,,,6.73599970E-6,-39.99999911E-3,,,,,6.73599970E-6,0.0,,,,,6.73599970E-6,-4.80000019,
,,,6.73999966E-6,-39.99999911E-3,,,,,6.73999966E-6,-39.99999911E-3,,,,,6.73999966E-6,-4.80000019,
,,,6.74399962E-6,0.0,,,,,6.74399962E-6,-39.99999911E-3,,,,,6.74399962E-6,-5.20000029,
,,,6.74800003E-6,-39.99999911E-3,,,,,6.74800003E-6,-39.99999911E-3,,,,,6.74800003E-6,-4.80000019,
,,,6.75199999E-6,-39.99999911E-3,,,,,6.75199999E-6,0.0,,,,,6.75199999E-6,-4.80000019,
,,,6.75599995E-6,-39.99999911E-3,,,,,6.75599995E-6,-39.99999911E-3,,,,,6.75599995E-6,-4.80000019,
,,,6.75999991E-6,-39.99999911E-3,,,,,6.75999991E-6,0.0,,,,,6.75999991E-6,-5.20000029,
,,,6.76399986E-6,-79.999998212E-3,,,,,6.76399986E-6,0.0,,,,,6.76399986E-6,-4.80000019,
,,,6.76799982E-6,-39.99999911E-3,,,,,6.76799982E-6,-39.99999911E-3,,,,,6.76799982E-6,-4.80000019,
,,,6.77199978E-6,-79.999998212E-3,,,,,6.77199978E-6,0.0,,,,,6.77199978E-6,-5.20000029,
,,,6.77599974E-6,-39.99999911E-3,,,,,6.77599974E-6,39.99999911E-3,,,,,6.77599974E-6,-4.80000019,
,,,6.77999969E-6,-79.999998212E-3,,,,,6.77999969E-6,-79.999998212E-3,,,,,6.77999969E-6,-4.80000019,
,,,6.78399965E-6,0.0,,,,,6.78399965E-6,0.0,,,,,6.78399965E-6,-4.80000019,
,,,6.78799961E-6,0.0,,,,,6.78799961E-6,0.0,,,,,6.78799961E-6,-5.20000029,
,,,6.79200002E-6,-39.99999911E-3,,,,,6.79200002E-6,39.99999911E-3,,,,,6.79200002E-6,-4.80000019,
,,,6.79599998E-6,-79.999998212E-3,,,,,6.79599998E-6,0.0,,,,,6.79599998E-6,-5.20000029,
,,,6.79999994E-6,-39.99999911E-3,,,,,6.79999994E-6,-39.99999911E-3,,,,,6.79999994E-6,-4.80000019,
,,,6.80399990E-6,-39.99999911E-3,,,,,6.80399990E-6,-39.99999911E-3,,,,,6.80399990E-6,-4.80000019,
,,,6.80799985E-6,-39.99999911E-3,,,,,6.80799985E-6,0.0,,,,,6.80799985E-6,-4.80000019,
,,,6.81199981E-6,-119.9999973E-3,,,,,6.81199981E-6,-39.99999911E-3,,,,,6.81199981E-6,-4.80000019,
,,,6.81599977E-6,-39.99999911E-3,,,,,6.81599977E-6,-39.99999911E-3,,,,,6.81599977E-6,-5.20000029,
,,,6.81999973E-6,-39.99999911E-3,,,,,6.81999973E-6,-39.99999911E-3,,,,,6.81999973E-6,-4.80000019,
,,,6.82399968E-6,0.0,,,,,6.82399968E-6,-39.99999911E-3,,,,,6.82399968E-6,-4.80000019,
,,,6.82799964E-6,0.0,,,,,6.82799964E-6,0.0,,,,,6.82799964E-6,-4.80000019,
,,,6.83199960E-6,-39.99999911E-3,,,,,6.83199960E-6,-39.99999911E-3,,,,,6.83199960E-6,-5.20000029,
,,,6.83600001E-6,-79.999998212E-3,,,,,6.83600001E-6,-39.99999911E-3,,,,,6.83600001E-6,-4.80000019,
,,,6.83999997E-6,-39.99999911E-3,,,,,6.83999997E-6,-79.999998212E-3,,,,,6.83999997E-6,-4.80000019,
,,,6.84399993E-6,-39.99999911E-3,,,,,6.84399993E-6,0.0,,,,,6.84399993E-6,-4.80000019,
,,,6.84799988E-6,0.0,,,,,6.84799988E-6,-39.99999911E-3,,,,,6.84799988E-6,-4.80000019,
,,,6.85199984E-6,-79.999998212E-3,,,,,6.85199984E-6,0.0,,,,,6.85199984E-6,-4.80000019,
,,,6.85599980E-6,0.0,,,,,6.85599980E-6,-39.99999911E-3,,,,,6.85599980E-6,-5.20000029,
,,,6.85999976E-6,0.0,,,,,6.85999976E-6,0.0,,,,,6.85999976E-6,-5.20000029,
,,,6.86399972E-6,-79.999998212E-3,,,,,6.86399972E-6,0.0,,,,,6.86399972E-6,-5.20000029,
,,,6.86799967E-6,0.0,,,,,6.86799967E-6,0.0,,,,,6.86799967E-6,-4.80000019,
,,,6.87199963E-6,-39.99999911E-3,,,,,6.87199963E-6,0.0,,,,,6.87199963E-6,-4.80000019,
,,,6.87599959E-6,-39.99999911E-3,,,,,6.87599959E-6,-39.99999911E-3,,,,,6.87599959E-6,-5.20000029,
,,,6.88000000E-6,-79.999998212E-3,,,,,6.88000000E-6,-39.99999911E-3,,,,,6.88000000E-6,-4.80000019,
,,,6.88399996E-6,-39.99999911E-3,,,,,6.88399996E-6,-39.99999911E-3,,,,,6.88399996E-6,-4.80000019,
,,,6.88799992E-6,0.0,,,,,6.88799992E-6,-39.99999911E-3,,,,,6.88799992E-6,-5.20000029,
,,,6.89199987E-6,-79.999998212E-3,,,,,6.89199987E-6,-39.99999911E-3,,,,,6.89199987E-6,-4.80000019,
,,,6.89599983E-6,-79.999998212E-3,,,,,6.89599983E-6,0.0,,,,,6.89599983E-6,-5.20000029,
,,,6.89999979E-6,-39.99999911E-3,,,,,6.89999979E-6,-39.99999911E-3,,,,,6.89999979E-6,-4.80000019,
,,,6.90399975E-6,-39.99999911E-3,,,,,6.90399975E-6,0.0,,,,,6.90399975E-6,-4.80000019,
,,,6.90799970E-6,-39.99999911E-3,,,,,6.90799970E-6,0.0,,,,,6.90799970E-6,-5.20000029,
,,,6.91199966E-6,-39.99999911E-3,,,,,6.91199966E-6,-39.99999911E-3,,,,,6.91199966E-6,-4.80000019,
,,,6.91599962E-6,-39.99999911E-3,,,,,6.91599962E-6,0.0,,,,,6.91599962E-6,-4.80000019,
,,,6.92000003E-6,-39.99999911E-3,,,,,6.92000003E-6,39.99999911E-3,,,,,6.92000003E-6,-4.80000019,
,,,6.92399999E-6,0.0,,,,,6.92399999E-6,0.0,,,,,6.92399999E-6,-4.80000019,
,,,6.92799995E-6,-39.99999911E-3,,,,,6.92799995E-6,0.0,,,,,6.92799995E-6,-4.80000019,
,,,6.93199991E-6,-39.99999911E-3,,,,,6.93199991E-6,-39.99999911E-3,,,,,6.93199991E-6,-4.80000019,
,,,6.93599986E-6,-39.99999911E-3,,,,,6.93599986E-6,0.0,,,,,6.93599986E-6,-4.80000019,
,,,6.93999982E-6,-39.99999911E-3,,,,,6.93999982E-6,-39.99999911E-3,,,,,6.93999982E-6,-4.80000019,
,,,6.94399978E-6,-39.99999911E-3,,,,,6.94399978E-6,-39.99999911E-3,,,,,6.94399978E-6,-4.80000019,
,,,6.94799974E-6,-79.999998212E-3,,,,,6.94799974E-6,0.0,,,,,6.94799974E-6,-4.80000019,
,,,6.95199969E-6,-39.99999911E-3,,,,,6.95199969E-6,0.0,,,,,6.95199969E-6,-4.80000019,
,,,6.95599965E-6,0.0,,,,,6.95599965E-6,0.0,,,,,6.95599965E-6,-4.80000019,
,,,6.95999961E-6,-39.99999911E-3,,,,,6.95999961E-6,-39.99999911E-3,,,,,6.95999961E-6,-5.20000029,
,,,6.96400002E-6,-39.99999911E-3,,,,,6.96400002E-6,-39.99999911E-3,,,,,6.96400002E-6,-5.20000029,
,,,6.96799998E-6,-39.99999911E-3,,,,,6.96799998E-6,0.0,,,,,6.96799998E-6,-4.80000019,
,,,6.97199994E-6,-39.99999911E-3,,,,,6.97199994E-6,0.0,,,,,6.97199994E-6,-4.80000019,
,,,6.97599990E-6,-79.999998212E-3,,,,,6.97599990E-6,0.0,,,,,6.97599990E-6,-4.80000019,
,,,6.97999985E-6,-79.999998212E-3,,,,,6.97999985E-6,-79.999998212E-3,,,,,6.97999985E-6,-4.80000019,
,,,6.98399981E-6,-79.999998212E-3,,,,,6.98399981E-6,0.0,,,,,6.98399981E-6,-4.80000019,
,,,6.98799977E-6,-39.99999911E-3,,,,,6.98799977E-6,-39.99999911E-3,,,,,6.98799977E-6,-4.80000019,
,,,6.99199973E-6,-39.99999911E-3,,,,,6.99199973E-6,-39.99999911E-3,,,,,6.99199973E-6,-5.20000029,
,,,6.99599968E-6,-79.999998212E-3,,,,,6.99599968E-6,-39.99999911E-3,,,,,6.99599968E-6,-4.80000019,
,,,6.99999964E-6,0.0,,,,,6.99999964E-6,0.0,,,,,6.99999964E-6,-4.80000019,
,,,7.00399960E-6,-39.99999911E-3,,,,,7.00399960E-6,0.0,,,,,7.00399960E-6,-5.20000029,
,,,7.00800001E-6,-39.99999911E-3,,,,,7.00800001E-6,-79.999998212E-3,,,,,7.00800001E-6,-4.80000019,
,,,7.01199997E-6,-39.99999911E-3,,,,,7.01199997E-6,-39.99999911E-3,,,,,7.01199997E-6,-5.20000029,
,,,7.01599993E-6,-39.99999911E-3,,,,,7.01599993E-6,-39.99999911E-3,,,,,7.01599993E-6,-4.80000019,
,,,7.01999988E-6,0.0,,,,,7.01999988E-6,0.0,,,,,7.01999988E-6,-4.80000019,
,,,7.02399984E-6,0.0,,,,,7.02399984E-6,0.0,,,,,7.02399984E-6,-4.80000019,
,,,7.02799980E-6,-39.99999911E-3,,,,,7.02799980E-6,0.0,,,,,7.02799980E-6,-5.20000029,
,,,7.03199976E-6,-39.99999911E-3,,,,,7.03199976E-6,0.0,,,,,7.03199976E-6,-5.20000029,
,,,7.03599972E-6,0.0,,,,,7.03599972E-6,0.0,,,,,7.03599972E-6,-4.80000019,
,,,7.03999967E-6,0.0,,,,,7.03999967E-6,0.0,,,,,7.03999967E-6,-5.20000029,
,,,7.04399963E-6,-39.99999911E-3,,,,,7.04399963E-6,0.0,,,,,7.04399963E-6,-4.80000019,
,,,7.04799959E-6,-39.99999911E-3,,,,,7.04799959E-6,-39.99999911E-3,,,,,7.04799959E-6,-4.40000010,
,,,7.05200000E-6,-79.999998212E-3,,,,,7.05200000E-6,-39.99999911E-3,,,,,7.05200000E-6,-4.80000019,
,,,7.05599996E-6,-39.99999911E-3,,,,,7.05599996E-6,0.0,,,,,7.05599996E-6,-4.80000019,
,,,7.05999992E-6,-79.999998212E-3,,,,,7.05999992E-6,0.0,,,,,7.05999992E-6,-5.20000029,
,,,7.06399987E-6,-39.99999911E-3,,,,,7.06399987E-6,-39.99999911E-3,,,,,7.06399987E-6,-4.80000019,
,,,7.06799983E-6,0.0,,,,,7.06799983E-6,0.0,,,,,7.06799983E-6,-4.80000019,
,,,7.07199979E-6,0.0,,,,,7.07199979E-6,0.0,,,,,7.07199979E-6,-5.20000029,
,,,7.07599975E-6,-79.999998212E-3,,,,,7.07599975E-6,0.0,,,,,7.07599975E-6,-4.80000019,
,,,7.07999970E-6,-39.99999911E-3,,,,,7.07999970E-6,-79.999998212E-3,,,,,7.07999970E-6,-5.20000029,
,,,7.08399966E-6,-39.99999911E-3,,,,,7.08399966E-6,-39.99999911E-3,,,,,7.08399966E-6,-5.20000029,
,,,7.08799962E-6,-39.99999911E-3,,,,,7.08799962E-6,-39.99999911E-3,,,,,7.08799962E-6,-4.80000019,
,,,7.09200003E-6,-79.999998212E-3,,,,,7.09200003E-6,0.0,,,,,7.09200003E-6,-4.80000019,
,,,7.09599999E-6,-39.99999911E-3,,,,,7.09599999E-6,-39.99999911E-3,,,,,7.09599999E-6,-4.80000019,
,,,7.09999995E-6,-39.99999911E-3,,,,,7.09999995E-6,-39.99999911E-3,,,,,7.09999995E-6,-4.80000019,
,,,7.10399991E-6,0.0,,,,,7.10399991E-6,0.0,,,,,7.10399991E-6,-4.80000019,
,,,7.10799986E-6,-39.99999911E-3,,,,,7.10799986E-6,-39.99999911E-3,,,,,7.10799986E-6,-4.80000019,
,,,7.11199982E-6,0.0,,,,,7.11199982E-6,-79.999998212E-3,,,,,7.11199982E-6,-4.80000019,
,,,7.11599978E-6,-39.99999911E-3,,,,,7.11599978E-6,-39.99999911E-3,,,,,7.11599978E-6,-4.80000019,
,,,7.11999974E-6,-39.99999911E-3,,,,,7.11999974E-6,0.0,,,,,7.11999974E-6,-4.80000019,
,,,7.12399969E-6,-39.99999911E-3,,,,,7.12399969E-6,39.99999911E-3,,,,,7.12399969E-6,-4.80000019,
,,,7.12799965E-6,-39.99999911E-3,,,,,7.12799965E-6,-39.99999911E-3,,,,,7.12799965E-6,-4.80000019,
,,,7.13199961E-6,-79.999998212E-3,,,,,7.13199961E-6,-39.99999911E-3,,,,,7.13199961E-6,-4.80000019,
,,,7.13600002E-6,-39.99999911E-3,,,,,7.13600002E-6,0.0,,,,,7.13600002E-6,-5.20000029,
,,,7.13999998E-6,-39.99999911E-3,,,,,7.13999998E-6,0.0,,,,,7.13999998E-6,-5.20000029,
,,,7.14399994E-6,-39.99999911E-3,,,,,7.14399994E-6,-39.99999911E-3,,,,,7.14399994E-6,-4.80000019,
,,,7.14799990E-6,-39.99999911E-3,,,,,7.14799990E-6,0.0,,,,,7.14799990E-6,-5.20000029,
,,,7.15199985E-6,-79.999998212E-3,,,,,7.15199985E-6,0.0,,,,,7.15199985E-6,-4.80000019,
,,,7.15599981E-6,-39.99999911E-3,,,,,7.15599981E-6,-39.99999911E-3,,,,,7.15599981E-6,-4.80000019,
,,,7.15999977E-6,0.0,,,,,7.15999977E-6,-39.99999911E-3,,,,,7.15999977E-6,-4.80000019,
,,,7.16399973E-6,0.0,,,,,7.16399973E-6,0.0,,,,,7.16399973E-6,-5.20000029,
,,,7.16799968E-6,-39.99999911E-3,,,,,7.16799968E-6,0.0,,,,,7.16799968E-6,-5.20000029,
,,,7.17199964E-6,-39.99999911E-3,,,,,7.17199964E-6,0.0,,,,,7.17199964E-6,-4.80000019,
,,,7.17599960E-6,-79.999998212E-3,,,,,7.17599960E-6,-39.99999911E-3,,,,,7.17599960E-6,-4.80000019,
,,,7.18000001E-6,0.0,,,,,7.18000001E-6,0.0,,,,,7.18000001E-6,-4.80000019,
,,,7.18399997E-6,0.0,,,,,7.18399997E-6,0.0,,,,,7.18399997E-6,-4.80000019,
,,,7.18799993E-6,-39.99999911E-3,,,,,7.18799993E-6,0.0,,,,,7.18799993E-6,-4.80000019,
,,,7.19199988E-6,-39.99999911E-3,,,,,7.19199988E-6,-39.99999911E-3,,,,,7.19199988E-6,-4.80000019,
,,,7.19599984E-6,-39.99999911E-3,,,,,7.19599984E-6,0.0,,,,,7.19599984E-6,-4.80000019,
,,,7.19999980E-6,-39.99999911E-3,,,,,7.19999980E-6,0.0,,,,,7.19999980E-6,-4.80000019,
,,,7.20399976E-6,-39.99999911E-3,,,,,7.20399976E-6,-39.99999911E-3,,,,,7.20399976E-6,-4.80000019,
,,,7.20799972E-6,-39.99999911E-3,,,,,7.20799972E-6,0.0,,,,,7.20799972E-6,-4.80000019,
,,,7.21199967E-6,-79.999998212E-3,,,,,7.21199967E-6,-39.99999911E-3,,,,,7.21199967E-6,-4.80000019,
,,,7.21599963E-6,-79.999998212E-3,,,,,7.21599963E-6,0.0,,,,,7.21599963E-6,-4.80000019,
,,,7.21999959E-6,0.0,,,,,7.21999959E-6,39.99999911E-3,,,,,7.21999959E-6,-4.80000019,
,,,7.22400000E-6,-39.99999911E-3,,,,,7.22400000E-6,0.0,,,,,7.22400000E-6,-4.80000019,
,,,7.22799996E-6,-39.99999911E-3,,,,,7.22799996E-6,-39.99999911E-3,,,,,7.22799996E-6,-4.80000019,
,,,7.23199992E-6,-39.99999911E-3,,,,,7.23199992E-6,0.0,,,,,7.23199992E-6,-4.80000019,
,,,7.23599987E-6,-79.999998212E-3,,,,,7.23599987E-6,-39.99999911E-3,,,,,7.23599987E-6,-4.80000019,
,,,7.23999983E-6,-39.99999911E-3,,,,,7.23999983E-6,0.0,,,,,7.23999983E-6,-4.80000019,
,,,7.24399979E-6,-39.99999911E-3,,,,,7.24399979E-6,-39.99999911E-3,,,,,7.24399979E-6,-4.80000019,
,,,7.24799975E-6,-39.99999911E-3,,,,,7.24799975E-6,-39.99999911E-3,,,,,7.24799975E-6,-4.80000019,
,,,7.25199970E-6,-39.99999911E-3,,,,,7.25199970E-6,-39.99999911E-3,,,,,7.25199970E-6,-5.20000029,
,,,7.25599966E-6,0.0,,,,,7.25599966E-6,39.99999911E-3,,,,,7.25599966E-6,-5.20000029,
,,,7.25999962E-6,0.0,,,,,7.25999962E-6,0.0,,,,,7.25999962E-6,-4.80000019,
,,,7.26399958E-6,-79.999998212E-3,,,,,7.26399958E-6,0.0,,,,,7.26399958E-6,-4.80000019,
,,,7.26799999E-6,-39.99999911E-3,,,,,7.26799999E-6,0.0,,,,,7.26799999E-6,-4.80000019,
,,,7.27199995E-6,-79.999998212E-3,,,,,7.27199995E-6,-39.99999911E-3,,,,,7.27199995E-6,-4.80000019,
,,,7.27599991E-6,0.0,,,,,7.27599991E-6,-39.99999911E-3,,,,,7.27599991E-6,-4.80000019,
,,,7.27999986E-6,-39.99999911E-3,,,,,7.27999986E-6,-39.99999911E-3,,,,,7.27999986E-6,-4.80000019,
,,,7.28399982E-6,-39.99999911E-3,,,,,7.28399982E-6,-39.99999911E-3,,,,,7.28399982E-6,-4.80000019,
,,,7.28799978E-6,0.0,,,,,7.28799978E-6,-39.99999911E-3,,,,,7.28799978E-6,-4.80000019,
,,,7.29199974E-6,-39.99999911E-3,,,,,7.29199974E-6,-39.99999911E-3,,,,,7.29199974E-6,-4.80000019,
,,,7.29599969E-6,-39.99999911E-3,,,,,7.29599969E-6,-39.99999911E-3,,,,,7.29599969E-6,-4.80000019,
,,,7.29999965E-6,-39.99999911E-3,,,,,7.29999965E-6,0.0,,,,,7.29999965E-6,-4.80000019,
,,,7.30399961E-6,-79.999998212E-3,,,,,7.30399961E-6,0.0,,,,,7.30399961E-6,-4.80000019,
,,,7.30800002E-6,-39.99999911E-3,,,,,7.30800002E-6,0.0,,,,,7.30800002E-6,-4.80000019,
,,,7.31199998E-6,-39.99999911E-3,,,,,7.31199998E-6,-39.99999911E-3,,,,,7.31199998E-6,-4.80000019,
,,,7.31599994E-6,-39.99999911E-3,,,,,7.31599994E-6,-39.99999911E-3,,,,,7.31599994E-6,-4.80000019,
,,,7.31999990E-6,0.0,,,,,7.31999990E-6,0.0,,,,,7.31999990E-6,-4.80000019,
,,,7.32399985E-6,-79.999998212E-3,,,,,7.32399985E-6,-39.99999911E-3,,,,,7.32399985E-6,-4.80000019,
,,,7.32799981E-6,-39.99999911E-3,,,,,7.32799981E-6,-39.99999911E-3,,,,,7.32799981E-6,-4.80000019,
,,,7.33199977E-6,-39.99999911E-3,,,,,7.33199977E-6,0.0,,,,,7.33199977E-6,-4.80000019,
,,,7.33599973E-6,-39.99999911E-3,,,,,7.33599973E-6,0.0,,,,,7.33599973E-6,-4.80000019,
,,,7.33999968E-6,-39.99999911E-3,,,,,7.33999968E-6,-39.99999911E-3,,,,,7.33999968E-6,-4.80000019,
,,,7.34399964E-6,-39.99999911E-3,,,,,7.34399964E-6,0.0,,,,,7.34399964E-6,-4.80000019,
,,,7.34799960E-6,-79.999998212E-3,,,,,7.34799960E-6,39.99999911E-3,,,,,7.34799960E-6,-5.20000029,
,,,7.35200001E-6,0.0,,,,,7.35200001E-6,0.0,,,,,7.35200001E-6,-4.80000019,
,,,7.35599997E-6,-79.999998212E-3,,,,,7.35599997E-6,-39.99999911E-3,,,,,7.35599997E-6,-4.80000019,
,,,7.35999993E-6,-39.99999911E-3,,,,,7.35999993E-6,0.0,,,,,7.35999993E-6,-4.80000019,
,,,7.36399988E-6,-39.99999911E-3,,,,,7.36399988E-6,0.0,,,,,7.36399988E-6,-4.40000010,
,,,7.36799984E-6,-39.99999911E-3,,,,,7.36799984E-6,0.0,,,,,7.36799984E-6,-4.80000019,
,,,7.37199980E-6,-39.99999911E-3,,,,,7.37199980E-6,-39.99999911E-3,,,,,7.37199980E-6,-5.20000029,
,,,7.37599976E-6,-79.999998212E-3,,,,,7.37599976E-6,-39.99999911E-3,,,,,7.37599976E-6,-4.80000019,
,,,7.37999972E-6,0.0,,,,,7.37999972E-6,-39.99999911E-3,,,,,7.37999972E-6,-4.80000019,
,,,7.38399967E-6,0.0,,,,,7.38399967E-6,-39.99999911E-3,,,,,7.38399967E-6,-4.80000019,
,,,7.38799963E-6,-39.99999911E-3,,,,,7.38799963E-6,0.0,,,,,7.38799963E-6,-4.80000019,
,,,7.391999588E-6,-39.99999911E-3,,,,,7.391999588E-6,-39.99999911E-3,,,,,7.391999588E-6,-4.80000019,
,,,7.396000001E-6,-39.99999911E-3,,,,,7.396000001E-6,0.0,,,,,7.396000001E-6,-4.80000019,
,,,7.399999959E-6,-39.99999911E-3,,,,,7.399999959E-6,39.99999911E-3,,,,,7.399999959E-6,-4.80000019,
,,,7.403999916E-6,0.0,,,,,7.403999916E-6,-39.99999911E-3,,,,,7.403999916E-6,-4.80000019,
,,,7.407999874E-6,-39.99999911E-3,,,,,7.407999874E-6,0.0,,,,,7.407999874E-6,-4.80000019,
,,,7.411999832E-6,-39.99999911E-3,,,,,7.411999832E-6,0.0,,,,,7.411999832E-6,-4.80000019,
,,,7.415999789E-6,0.0,,,,,7.415999789E-6,0.0,,,,,7.415999789E-6,-4.80000019,
,,,7.419999747E-6,-39.99999911E-3,,,,,7.419999747E-6,0.0,,,,,7.419999747E-6,-4.80000019,
,,,7.423999705E-6,-39.99999911E-3,,,,,7.423999705E-6,-39.99999911E-3,,,,,7.423999705E-6,-4.80000019,
,,,7.427999662E-6,-39.99999911E-3,,,,,7.427999662E-6,0.0,,,,,7.427999662E-6,-4.80000019,
,,,7.431999620E-6,0.0,,,,,7.431999620E-6,0.0,,,,,7.431999620E-6,-4.80000019,
,,,7.435999578E-6,-39.99999911E-3,,,,,7.435999578E-6,0.0,,,,,7.435999578E-6,-4.80000019,
,,,7.439999990E-6,-39.99999911E-3,,,,,7.439999990E-6,-39.99999911E-3,,,,,7.439999990E-6,-4.80000019,
,,,7.443999948E-6,0.0,,,,,7.443999948E-6,-39.99999911E-3,,,,,7.443999948E-6,-4.80000019,
,,,7.447999906E-6,-39.99999911E-3,,,,,7.447999906E-6,-39.99999911E-3,,,,,7.447999906E-6,-4.80000019,
,,,7.451999863E-6,0.0,,,,,7.451999863E-6,39.99999911E-3,,,,,7.451999863E-6,-4.80000019,
,,,7.455999821E-6,-39.99999911E-3,,,,,7.455999821E-6,0.0,,,,,7.455999821E-6,-5.20000029,
,,,7.459999779E-6,-79.999998212E-3,,,,,7.459999779E-6,0.0,,,,,7.459999779E-6,-5.20000029,
,,,7.463999737E-6,-39.99999911E-3,,,,,7.463999737E-6,-39.99999911E-3,,,,,7.463999737E-6,-4.80000019,
,,,7.467999694E-6,-39.99999911E-3,,,,,7.467999694E-6,39.99999911E-3,,,,,7.467999694E-6,-5.20000029,
,,,7.471999652E-6,-39.99999911E-3,,,,,7.471999652E-6,0.0,,,,,7.471999652E-6,-4.80000019,
,,,7.475999610E-6,-79.999998212E-3,,,,,7.475999610E-6,-79.999998212E-3,,,,,7.475999610E-6,-4.40000010,
,,,7.480000022E-6,-39.99999911E-3,,,,,7.480000022E-6,-39.99999911E-3,,,,,7.480000022E-6,-4.80000019,
,,,7.483999980E-6,0.0,,,,,7.483999980E-6,0.0,,,,,7.483999980E-6,-4.40000010,
,,,7.487999937E-6,-39.99999911E-3,,,,,7.487999937E-6,39.99999911E-3,,,,,7.487999937E-6,-4.80000019,
,,,7.491999895E-6,-39.99999911E-3,,,,,7.491999895E-6,-39.99999911E-3,,,,,7.491999895E-6,-5.20000029,
,,,7.495999853E-6,-79.999998212E-3,,,,,7.495999853E-6,-39.99999911E-3,,,,,7.495999853E-6,-4.80000019,
,,,7.499999811E-6,-39.99999911E-3,,,,,7.499999811E-6,-39.99999911E-3,,,,,7.499999811E-6,-4.80000019,
,,,7.503999768E-6,0.0,,,,,7.503999768E-6,0.0,,,,,7.503999768E-6,-4.80000019,
,,,7.507999726E-6,-39.99999911E-3,,,,,7.507999726E-6,-39.99999911E-3,,,,,7.507999726E-6,-4.80000019,
,,,7.511999684E-6,-39.99999911E-3,,,,,7.511999684E-6,-39.99999911E-3,,,,,7.511999684E-6,-4.80000019,
,,,7.515999641E-6,-39.99999911E-3,,,,,7.515999641E-6,0.0,,,,,7.515999641E-6,-4.80000019,
,,,7.519999599E-6,-39.99999911E-3,,,,,7.519999599E-6,0.0,,,,,7.519999599E-6,-4.80000019,
,,,7.524000011E-6,-79.999998212E-3,,,,,7.524000011E-6,-39.99999911E-3,,,,,7.524000011E-6,-4.40000010,
,,,7.527999969E-6,-39.99999911E-3,,,,,7.527999969E-6,0.0,,,,,7.527999969E-6,-4.80000019,
,,,7.531999927E-6,-39.99999911E-3,,,,,7.531999927E-6,0.0,,,,,7.531999927E-6,-4.80000019,
,,,7.535999885E-6,-79.999998212E-3,,,,,7.535999885E-6,0.0,,,,,7.535999885E-6,-4.80000019,
,,,7.539999842E-6,-39.99999911E-3,,,,,7.539999842E-6,-39.99999911E-3,,,,,7.539999842E-6,-4.80000019,
,,,7.543999800E-6,-39.99999911E-3,,,,,7.543999800E-6,0.0,,,,,7.543999800E-6,-4.80000019,
,,,7.547999758E-6,-39.99999911E-3,,,,,7.547999758E-6,0.0,,,,,7.547999758E-6,-4.80000019,
,,,7.551999715E-6,0.0,,,,,7.551999715E-6,0.0,,,,,7.551999715E-6,-4.80000019,
,,,7.555999673E-6,0.0,,,,,7.555999673E-6,0.0,,,,,7.555999673E-6,-4.40000010,
,,,7.559999631E-6,-39.99999911E-3,,,,,7.559999631E-6,-39.99999911E-3,,,,,7.559999631E-6,-4.80000019,
,,,7.563999588E-6,-39.99999911E-3,,,,,7.563999588E-6,39.99999911E-3,,,,,7.563999588E-6,-4.80000019,
,,,7.568000001E-6,-39.99999911E-3,,,,,7.568000001E-6,39.99999911E-3,,,,,7.568000001E-6,-4.80000019,
,,,7.571999959E-6,-79.999998212E-3,,,,,7.571999959E-6,-79.999998212E-3,,,,,7.571999959E-6,-4.40000010,
,,,7.575999916E-6,-39.99999911E-3,,,,,7.575999916E-6,0.0,,,,,7.575999916E-6,-4.80000019,
,,,7.579999874E-6,-39.99999911E-3,,,,,7.579999874E-6,0.0,,,,,7.579999874E-6,-4.80000019,
,,,7.583999832E-6,-39.99999911E-3,,,,,7.583999832E-6,0.0,,,,,7.583999832E-6,-4.80000019,
,,,7.587999789E-6,-39.99999911E-3,,,,,7.587999789E-6,0.0,,,,,7.587999789E-6,-4.80000019,
,,,7.591999747E-6,0.0,,,,,7.591999747E-6,-39.99999911E-3,,,,,7.591999747E-6,-4.40000010,
,,,7.595999705E-6,0.0,,,,,7.595999705E-6,0.0,,,,,7.595999705E-6,-4.80000019,
,,,7.599999662E-6,-39.99999911E-3,,,,,7.599999662E-6,0.0,,,,,7.599999662E-6,-4.80000019,
,,,7.603999620E-6,-79.999998212E-3,,,,,7.603999620E-6,-39.99999911E-3,,,,,7.603999620E-6,-4.80000019,
,,,7.607999578E-6,-39.99999911E-3,,,,,7.607999578E-6,0.0,,,,,7.607999578E-6,-4.80000019,
,,,7.611999990E-6,-39.99999911E-3,,,,,7.611999990E-6,0.0,,,,,7.611999990E-6,-4.80000019,
,,,7.615999948E-6,-39.99999911E-3,,,,,7.615999948E-6,39.99999911E-3,,,,,7.615999948E-6,-4.80000019,
,,,7.619999906E-6,-39.99999911E-3,,,,,7.619999906E-6,0.0,,,,,7.619999906E-6,-4.80000019,
,,,7.623999863E-6,-39.99999911E-3,,,,,7.623999863E-6,-79.999998212E-3,,,,,7.623999863E-6,-4.80000019,
,,,7.627999821E-6,-39.99999911E-3,,,,,7.627999821E-6,39.99999911E-3,,,,,7.627999821E-6,-4.80000019,
,,,7.632000234E-6,-39.99999911E-3,,,,,7.632000234E-6,0.0,,,,,7.632000234E-6,-4.80000019,
,,,7.636000191E-6,0.0,,,,,7.636000191E-6,39.99999911E-3,,,,,7.636000191E-6,-4.80000019,
,,,7.640000149E-6,-39.99999911E-3,,,,,7.640000149E-6,0.0,,,,,7.640000149E-6,-4.80000019,
,,,7.644000107E-6,-39.99999911E-3,,,,,7.644000107E-6,0.0,,,,,7.644000107E-6,-4.80000019,
,,,7.648000064E-6,-39.99999911E-3,,,,,7.648000064E-6,-39.99999911E-3,,,,,7.648000064E-6,-4.80000019,
,,,7.652000022E-6,-39.99999911E-3,,,,,7.652000022E-6,-39.99999911E-3,,,,,7.652000022E-6,-4.80000019,
,,,7.655999980E-6,0.0,,,,,7.655999980E-6,0.0,,,,,7.655999980E-6,-4.80000019,
,,,7.659999937E-6,-39.99999911E-3,,,,,7.659999937E-6,0.0,,,,,7.659999937E-6,-4.80000019,
,,,7.663999895E-6,-39.99999911E-3,,,,,7.663999895E-6,0.0,,,,,7.663999895E-6,-4.40000010,
,,,7.667999853E-6,0.0,,,,,7.667999853E-6,-39.99999911E-3,,,,,7.667999853E-6,-4.80000019,
,,,7.671999811E-6,-39.99999911E-3,,,,,7.671999811E-6,-39.99999911E-3,,,,,7.671999811E-6,-4.80000019,
,,,7.675999768E-6,-39.99999911E-3,,,,,7.675999768E-6,0.0,,,,,7.675999768E-6,-4.80000019,
,,,7.679999726E-6,-39.99999911E-3,,,,,7.679999726E-6,-39.99999911E-3,,,,,7.679999726E-6,-4.80000019,
,,,7.683999684E-6,-39.99999911E-3,,,,,7.683999684E-6,0.0,,,,,7.683999684E-6,-4.80000019,
,,,7.687999641E-6,-79.999998212E-3,,,,,7.687999641E-6,-39.99999911E-3,,,,,7.687999641E-6,-4.80000019,
,,,7.691999599E-6,-39.99999911E-3,,,,,7.691999599E-6,-79.999998212E-3,,,,,7.691999599E-6,-4.40000010,
,,,7.695999557E-6,-79.999998212E-3,,,,,7.695999557E-6,0.0,,,,,7.695999557E-6,-4.40000010,
,,,7.699999514E-6,-39.99999911E-3,,,,,7.699999514E-6,0.0,,,,,7.699999514E-6,-5.20000029,
,,,7.703999472E-6,-39.99999911E-3,,,,,7.703999472E-6,0.0,,,,,7.703999472E-6,-4.40000010,
,,,7.707999430E-6,-39.99999911E-3,,,,,7.707999430E-6,0.0,,,,,7.707999430E-6,-4.80000019,
,,,7.711999388E-6,0.0,,,,,7.711999388E-6,0.0,,,,,7.711999388E-6,-4.40000010,
,,,7.715999345E-6,-39.99999911E-3,,,,,7.715999345E-6,0.0,,,,,7.715999345E-6,-4.80000019,
,,,7.720000212E-6,-79.999998212E-3,,,,,7.720000212E-6,-39.99999911E-3,,,,,7.720000212E-6,-4.40000010,
,,,7.724000170E-6,-79.999998212E-3,,,,,7.724000170E-6,0.0,,,,,7.724000170E-6,-4.80000019,
,,,7.728000128E-6,-39.99999911E-3,,,,,7.728000128E-6,0.0,,,,,7.728000128E-6,-4.80000019,
,,,7.732000086E-6,-39.99999911E-3,,,,,7.732000086E-6,-39.99999911E-3,,,,,7.732000086E-6,-4.40000010,
,,,7.736000043E-6,-39.99999911E-3,,,,,7.736000043E-6,39.99999911E-3,,,,,7.736000043E-6,-4.80000019,
,,,7.740000001E-6,-79.999998212E-3,,,,,7.740000001E-6,0.0,,,,,7.740000001E-6,-4.40000010,
,,,7.743999959E-6,-79.999998212E-3,,,,,7.743999959E-6,-39.99999911E-3,,,,,7.743999959E-6,-4.40000010,
,,,7.747999916E-6,-39.99999911E-3,,,,,7.747999916E-6,0.0,,,,,7.747999916E-6,-4.80000019,
,,,7.751999874E-6,0.0,,,,,7.751999874E-6,-39.99999911E-3,,,,,7.751999874E-6,-4.40000010,
,,,7.755999832E-6,-79.999998212E-3,,,,,7.755999832E-6,-39.99999911E-3,,,,,7.755999832E-6,-4.80000019,
,,,7.759999789E-6,-39.99999911E-3,,,,,7.759999789E-6,0.0,,,,,7.759999789E-6,-4.80000019,
,,,7.763999747E-6,-39.99999911E-3,,,,,7.763999747E-6,0.0,,,,,7.763999747E-6,-4.80000019,
,,,7.767999705E-6,-39.99999911E-3,,,,,7.767999705E-6,0.0,,,,,7.767999705E-6,-4.40000010,
,,,7.771999663E-6,-79.999998212E-3,,,,,7.771999663E-6,-39.99999911E-3,,,,,7.771999663E-6,-4.80000019,
,,,7.775999620E-6,-39.99999911E-3,,,,,7.775999620E-6,-39.99999911E-3,,,,,7.775999620E-6,-4.80000019,
,,,7.779999578E-6,-39.99999911E-3,,,,,7.779999578E-6,0.0,,,,,7.779999578E-6,-4.40000010,
,,,7.783999536E-6,-39.99999911E-3,,,,,7.783999536E-6,0.0,,,,,7.783999536E-6,-4.80000019,
,,,7.787999493E-6,-39.99999911E-3,,,,,7.787999493E-6,-39.99999911E-3,,,,,7.787999493E-6,-4.40000010,
,,,7.791999451E-6,-39.99999911E-3,,,,,7.791999451E-6,0.0,,,,,7.791999451E-6,-4.40000010,
,,,7.795999409E-6,-39.99999911E-3,,,,,7.795999409E-6,-79.999998212E-3,,,,,7.795999409E-6,-4.80000019,
,,,7.799999366E-6,0.0,,,,,7.799999366E-6,-39.99999911E-3,,,,,7.799999366E-6,-4.80000019,
,,,7.804000234E-6,-39.99999911E-3,,,,,7.804000234E-6,-39.99999911E-3,,,,,7.804000234E-6,-4.80000019,
,,,7.808000191E-6,-79.999998212E-3,,,,,7.808000191E-6,0.0,,,,,7.808000191E-6,-4.40000010,
,,,7.812000149E-6,0.0,,,,,7.812000149E-6,0.0,,,,,7.812000149E-6,-4.40000010,
,,,7.816000107E-6,0.0,,,,,7.816000107E-6,0.0,,,,,7.816000107E-6,-4.80000019,
,,,7.820000064E-6,-39.99999911E-3,,,,,7.820000064E-6,-39.99999911E-3,,,,,7.820000064E-6,-4.80000019,
,,,7.824000022E-6,-79.999998212E-3,,,,,7.824000022E-6,-39.99999911E-3,,,,,7.824000022E-6,-4.40000010,
,,,7.827999980E-6,-39.99999911E-3,,,,,7.827999980E-6,0.0,,,,,7.827999980E-6,-4.40000010,
,,,7.831999937E-6,-39.99999911E-3,,,,,7.831999937E-6,39.99999911E-3,,,,,7.831999937E-6,-4.80000019,
,,,7.835999895E-6,-39.99999911E-3,,,,,7.835999895E-6,-39.99999911E-3,,,,,7.835999895E-6,-4.80000019,
,,,7.839999853E-6,-39.99999911E-3,,,,,7.839999853E-6,-39.99999911E-3,,,,,7.839999853E-6,-4.80000019,
,,,7.843999811E-6,-39.99999911E-3,,,,,7.843999811E-6,-39.99999911E-3,,,,,7.843999811E-6,-4.40000010,
,,,7.847999768E-6,-39.99999911E-3,,,,,7.847999768E-6,-39.99999911E-3,,,,,7.847999768E-6,-4.40000010,
,,,7.851999726E-6,0.0,,,,,7.851999726E-6,-39.99999911E-3,,,,,7.851999726E-6,-4.80000019,
,,,7.855999684E-6,-39.99999911E-3,,,,,7.855999684E-6,0.0,,,,,7.855999684E-6,-4.40000010,
,,,7.859999641E-6,0.0,,,,,7.859999641E-6,-39.99999911E-3,,,,,7.859999641E-6,-4.40000010,
,,,7.863999599E-6,0.0,,,,,7.863999599E-6,0.0,,,,,7.863999599E-6,-4.40000010,
,,,7.867999557E-6,-39.99999911E-3,,,,,7.867999557E-6,39.99999911E-3,,,,,7.867999557E-6,-4.80000019,
,,,7.871999514E-6,-39.99999911E-3,,,,,7.871999514E-6,-79.999998212E-3,,,,,7.871999514E-6,-4.40000010,
,,,7.875999472E-6,-79.999998212E-3,,,,,7.875999472E-6,0.0,,,,,7.875999472E-6,-4.40000010,
,,,7.879999430E-6,-39.99999911E-3,,,,,7.879999430E-6,0.0,,,,,7.879999430E-6,-4.40000010,
,,,7.883999388E-6,-39.99999911E-3,,,,,7.883999388E-6,0.0,,,,,7.883999388E-6,-4.80000019,
,,,7.887999345E-6,0.0,,,,,7.887999345E-6,0.0,,,,,7.887999345E-6,-4.80000019,
,,,7.892000212E-6,-39.99999911E-3,,,,,7.892000212E-6,-39.99999911E-3,,,,,7.892000212E-6,-4.40000010,
,,,7.896000170E-6,0.0,,,,,7.896000170E-6,0.0,,,,,7.896000170E-6,-4.40000010,
,,,7.900000128E-6,0.0,,,,,7.900000128E-6,-39.99999911E-3,,,,,7.900000128E-6,-4.80000019,
,,,7.904000086E-6,-39.99999911E-3,,,,,7.904000086E-6,-39.99999911E-3,,,,,7.904000086E-6,-4.40000010,
,,,7.908000043E-6,-79.999998212E-3,,,,,7.908000043E-6,0.0,,,,,7.908000043E-6,-4.40000010,
,,,7.912000001E-6,-39.99999911E-3,,,,,7.912000001E-6,0.0,,,,,7.912000001E-6,-4.80000019,
,,,7.915999959E-6,-79.999998212E-3,,,,,7.915999959E-6,0.0,,,,,7.915999959E-6,-4.40000010,
,,,7.919999916E-6,-39.99999911E-3,,,,,7.919999916E-6,0.0,,,,,7.919999916E-6,-4.00000000,
,,,7.923999874E-6,-39.99999911E-3,,,,,7.923999874E-6,39.99999911E-3,,,,,7.923999874E-6,-4.40000010,
,,,7.927999832E-6,-39.99999911E-3,,,,,7.927999832E-6,-39.99999911E-3,,,,,7.927999832E-6,-4.40000010,
,,,7.931999789E-6,-39.99999911E-3,,,,,7.931999789E-6,0.0,,,,,7.931999789E-6,-4.80000019,
,,,7.935999747E-6,-79.999998212E-3,,,,,7.935999747E-6,-39.99999911E-3,,,,,7.935999747E-6,-4.80000019,
,,,7.939999705E-6,-39.99999911E-3,,,,,7.939999705E-6,-39.99999911E-3,,,,,7.939999705E-6,-4.40000010,
,,,7.943999663E-6,-79.999998212E-3,,,,,7.943999663E-6,0.0,,,,,7.943999663E-6,-4.40000010,
,,,7.947999620E-6,-39.99999911E-3,,,,,7.947999620E-6,0.0,,,,,7.947999620E-6,-4.40000010,
,,,7.951999578E-6,-39.99999911E-3,,,,,7.951999578E-6,-39.99999911E-3,,,,,7.951999578E-6,-4.40000010,
,,,7.955999536E-6,-79.999998212E-3,,,,,7.955999536E-6,-39.99999911E-3,,,,,7.955999536E-6,-4.40000010,
,,,7.959999493E-6,-39.99999911E-3,,,,,7.959999493E-6,-39.99999911E-3,,,,,7.959999493E-6,-4.40000010,
,,,7.963999451E-6,-39.99999911E-3,,,,,7.963999451E-6,39.99999911E-3,,,,,7.963999451E-6,-4.80000019,
,,,7.967999409E-6,-79.999998212E-3,,,,,7.967999409E-6,-39.99999911E-3,,,,,7.967999409E-6,-4.80000019,
,,,7.971999366E-6,-39.99999911E-3,,,,,7.971999366E-6,-39.99999911E-3,,,,,7.971999366E-6,-4.40000010,
,,,7.976000234E-6,-39.99999911E-3,,,,,7.976000234E-6,0.0,,,,,7.976000234E-6,-4.40000010,
,,,7.980000191E-6,-39.99999911E-3,,,,,7.980000191E-6,0.0,,,,,7.980000191E-6,-4.80000019,
,,,7.984000149E-6,-39.99999911E-3,,,,,7.984000149E-6,-39.99999911E-3,,,,,7.984000149E-6,-4.40000010,
,,,7.988000107E-6,-39.99999911E-3,,,,,7.988000107E-6,-39.99999911E-3,,,,,7.988000107E-6,-4.40000010,
,,,7.992000064E-6,0.0,,,,,7.992000064E-6,0.0,,,,,7.992000064E-6,-4.40000010,
,,,7.996000022E-6,-39.99999911E-3,,,,,7.996000022E-6,0.0,,,,,7.996000022E-6,-4.40000010,
,,,7.999999980E-6,-39.99999911E-3,,,,,7.999999980E-6,0.0,,,,,7.999999980E-6,-4.80000019,
,,,8.003999938E-6,-39.99999911E-3,,,,,8.003999938E-6,0.0,,,,,8.003999938E-6,-4.40000010,
,,,8.007999895E-6,-39.99999911E-3,,,,,8.007999895E-6,0.0,,,,,8.007999895E-6,-4.40000010,
,,,8.011999853E-6,-39.99999911E-3,,,,,8.011999853E-6,-39.99999911E-3,,,,,8.011999853E-6,-4.40000010,
,,,8.015999811E-6,-39.99999911E-3,,,,,8.015999811E-6,0.0,,,,,8.015999811E-6,-4.40000010,
,,,8.019999768E-6,-39.99999911E-3,,,,,8.019999768E-6,-39.99999911E-3,,,,,8.019999768E-6,-4.00000000,
,,,8.023999726E-6,-39.99999911E-3,,,,,8.023999726E-6,0.0,,,,,8.023999726E-6,-4.80000019,
,,,8.027999684E-6,0.0,,,,,8.027999684E-6,0.0,,,,,8.027999684E-6,-4.40000010,
,,,8.031999641E-6,-39.99999911E-3,,,,,8.031999641E-6,0.0,,,,,8.031999641E-6,-4.40000010,
,,,8.035999599E-6,-79.999998212E-3,,,,,8.035999599E-6,-39.99999911E-3,,,,,8.035999599E-6,-4.40000010,
,,,8.039999557E-6,-39.99999911E-3,,,,,8.039999557E-6,-39.99999911E-3,,,,,8.039999557E-6,-4.40000010,
,,,8.043999514E-6,-39.99999911E-3,,,,,8.043999514E-6,0.0,,,,,8.043999514E-6,-4.40000010,
,,,8.047999472E-6,-39.99999911E-3,,,,,8.047999472E-6,0.0,,,,,8.047999472E-6,-4.40000010,
,,,8.051999430E-6,-39.99999911E-3,,,,,8.051999430E-6,0.0,,,,,8.051999430E-6,-4.40000010,
,,,8.055999388E-6,-39.99999911E-3,,,,,8.055999388E-6,0.0,,,,,8.055999388E-6,-4.40000010,
,,,8.059999345E-6,0.0,,,,,8.059999345E-6,39.99999911E-3,,,,,8.059999345E-6,-4.40000010,
,,,8.064000212E-6,-39.99999911E-3,,,,,8.064000212E-6,-39.99999911E-3,,,,,8.064000212E-6,-4.40000010,
,,,8.068000170E-6,-39.99999911E-3,,,,,8.068000170E-6,0.0,,,,,8.068000170E-6,-4.40000010,
,,,8.072000128E-6,0.0,,,,,8.072000128E-6,-39.99999911E-3,,,,,8.072000128E-6,-4.40000010,
,,,8.076000086E-6,-39.99999911E-3,,,,,8.076000086E-6,0.0,,,,,8.076000086E-6,-4.40000010,
,,,8.080000043E-6,-39.99999911E-3,,,,,8.080000043E-6,-39.99999911E-3,,,,,8.080000043E-6,-4.40000010,
,,,8.084000001E-6,-39.99999911E-3,,,,,8.084000001E-6,-39.99999911E-3,,,,,8.084000001E-6,-4.40000010,
,,,8.087999959E-6,-39.99999911E-3,,,,,8.087999959E-6,-39.99999911E-3,,,,,8.087999959E-6,-4.00000000,
,,,8.091999916E-6,0.0,,,,,8.091999916E-6,0.0,,,,,8.091999916E-6,-4.00000000,
,,,8.095999874E-6,-39.99999911E-3,,,,,8.095999874E-6,0.0,,,,,8.095999874E-6,-4.00000000,
,,,8.099999832E-6,-39.99999911E-3,,,,,8.099999832E-6,0.0,,,,,8.099999832E-6,-4.40000010,
,,,8.103999789E-6,-39.99999911E-3,,,,,8.103999789E-6,0.0,,,,,8.103999789E-6,-4.40000010,
,,,8.107999747E-6,-39.99999911E-3,,,,,8.107999747E-6,0.0,,,,,8.107999747E-6,-4.40000010,
,,,8.111999705E-6,-39.99999911E-3,,,,,8.111999705E-6,-39.99999911E-3,,,,,8.111999705E-6,-4.40000010,
,,,8.115999663E-6,-79.999998212E-3,,,,,8.115999663E-6,-39.99999911E-3,,,,,8.115999663E-6,-4.00000000,
,,,8.119999620E-6,-39.99999911E-3,,,,,8.119999620E-6,0.0,,,,,8.119999620E-6,-4.40000010,
,,,8.123999578E-6,0.0,,,,,8.123999578E-6,0.0,,,,,8.123999578E-6,-4.40000010,
,,,8.127999536E-6,-39.99999911E-3,,,,,8.127999536E-6,-79.999998212E-3,,,,,8.127999536E-6,-4.00000000,
,,,8.131999493E-6,-79.999998212E-3,,,,,8.131999493E-6,-39.99999911E-3,,,,,8.131999493E-6,-4.40000010,
,,,8.135999451E-6,-39.99999911E-3,,,,,8.135999451E-6,-79.999998212E-3,,,,,8.135999451E-6,-4.40000010,
,,,8.139999409E-6,-79.999998212E-3,,,,,8.139999409E-6,0.0,,,,,8.139999409E-6,-4.40000010,
,,,8.143999366E-6,-39.99999911E-3,,,,,8.143999366E-6,0.0,,,,,8.143999366E-6,-4.00000000,
,,,8.147999324E-6,-39.99999911E-3,,,,,8.147999324E-6,-39.99999911E-3,,,,,8.147999324E-6,-4.40000010,
,,,8.152000191E-6,-79.999998212E-3,,,,,8.152000191E-6,-39.99999911E-3,,,,,8.152000191E-6,-4.00000000,
,,,8.156000149E-6,0.0,,,,,8.156000149E-6,0.0,,,,,8.156000149E-6,-4.40000010,
,,,8.160000107E-6,-39.99999911E-3,,,,,8.160000107E-6,0.0,,,,,8.160000107E-6,-4.00000000,
,,,8.164000064E-6,-39.99999911E-3,,,,,8.164000064E-6,0.0,,,,,8.164000064E-6,-4.40000010,
,,,8.168000022E-6,-39.99999911E-3,,,,,8.168000022E-6,0.0,,,,,8.168000022E-6,-4.00000000,
,,,8.171999980E-6,-39.99999911E-3,,,,,8.171999980E-6,-39.99999911E-3,,,,,8.171999980E-6,-4.40000010,
,,,8.175999938E-6,-79.999998212E-3,,,,,8.175999938E-6,0.0,,,,,8.175999938E-6,-4.00000000,
,,,8.179999895E-6,-39.99999911E-3,,,,,8.179999895E-6,-39.99999911E-3,,,,,8.179999895E-6,-4.00000000,
,,,8.183999853E-6,-79.999998212E-3,,,,,8.183999853E-6,0.0,,,,,8.183999853E-6,-4.40000010,
,,,8.187999811E-6,-39.99999911E-3,,,,,8.187999811E-6,-39.99999911E-3,,,,,8.187999811E-6,-4.40000010,
,,,8.191999768E-6,0.0,,,,,8.191999768E-6,-39.99999911E-3,,,,,8.191999768E-6,-4.40000010,
,,,8.195999726E-6,-39.99999911E-3,,,,,8.195999726E-6,-39.99999911E-3,,,,,8.195999726E-6,-4.00000000,
,,,8.199999684E-6,-39.99999911E-3,,,,,8.199999684E-6,0.0,,,,,8.199999684E-6,-4.40000010,
,,,8.203999641E-6,-39.99999911E-3,,,,,8.203999641E-6,0.0,,,,,8.203999641E-6,-4.00000000,
,,,8.207999599E-6,0.0,,,,,8.207999599E-6,0.0,,,,,8.207999599E-6,-4.00000000,
,,,8.211999557E-6,-39.99999911E-3,,,,,8.211999557E-6,-39.99999911E-3,,,,,8.211999557E-6,-4.40000010,
,,,8.215999515E-6,-39.99999911E-3,,,,,8.215999515E-6,0.0,,,,,8.215999515E-6,-4.40000010,
,,,8.219999472E-6,-39.99999911E-3,,,,,8.219999472E-6,-39.99999911E-3,,,,,8.219999472E-6,-4.00000000,
,,,8.223999430E-6,-39.99999911E-3,,,,,8.223999430E-6,0.0,,,,,8.223999430E-6,-4.00000000,
,,,8.227999388E-6,-39.99999911E-3,,,,,8.227999388E-6,0.0,,,,,8.227999388E-6,-4.40000010,
,,,8.231999345E-6,-39.99999911E-3,,,,,8.231999345E-6,-39.99999911E-3,,,,,8.231999345E-6,-4.40000010,
,,,8.236000212E-6,-39.99999911E-3,,,,,8.236000212E-6,-79.999998212E-3,,,,,8.236000212E-6,-4.00000000,
,,,8.240000170E-6,-39.99999911E-3,,,,,8.240000170E-6,0.0,,,,,8.240000170E-6,-4.00000000,
,,,8.244000128E-6,-39.99999911E-3,,,,,8.244000128E-6,39.99999911E-3,,,,,8.244000128E-6,-4.00000000,
,,,8.248000086E-6,-79.999998212E-3,,,,,8.248000086E-6,0.0,,,,,8.248000086E-6,-4.00000000,
,,,8.252000043E-6,-79.999998212E-3,,,,,8.252000043E-6,0.0,,,,,8.252000043E-6,-4.00000000,
,,,8.256000001E-6,39.99999911E-3,,,,,8.256000001E-6,0.0,,,,,8.256000001E-6,-4.00000000,
,,,8.259999959E-6,-39.99999911E-3,,,,,8.259999959E-6,-39.99999911E-3,,,,,8.259999959E-6,-4.00000000,
,,,8.263999916E-6,-39.99999911E-3,,,,,8.263999916E-6,-39.99999911E-3,,,,,8.263999916E-6,-4.40000010,
,,,8.267999874E-6,-39.99999911E-3,,,,,8.267999874E-6,-39.99999911E-3,,,,,8.267999874E-6,-4.00000000,
,,,8.271999832E-6,0.0,,,,,8.271999832E-6,-39.99999911E-3,,,,,8.271999832E-6,-4.00000000,
,,,8.275999789E-6,-39.99999911E-3,,,,,8.275999789E-6,-39.99999911E-3,,,,,8.275999789E-6,-4.40000010,
,,,8.279999747E-6,-39.99999911E-3,,,,,8.279999747E-6,0.0,,,,,8.279999747E-6,-4.00000000,
,,,8.283999705E-6,-39.99999911E-3,,,,,8.283999705E-6,-39.99999911E-3,,,,,8.283999705E-6,-4.40000010,
,,,8.287999663E-6,-79.999998212E-3,,,,,8.287999663E-6,-39.99999911E-3,,,,,8.287999663E-6,-4.00000000,
,,,8.291999620E-6,0.0,,,,,8.291999620E-6,0.0,,,,,8.291999620E-6,-4.00000000,
,,,8.295999578E-6,-39.99999911E-3,,,,,8.295999578E-6,0.0,,,,,8.295999578E-6,-4.40000010,
,,,8.299999536E-6,-39.99999911E-3,,,,,8.299999536E-6,-39.99999911E-3,,,,,8.299999536E-6,-4.00000000,
,,,8.303999493E-6,0.0,,,,,8.303999493E-6,0.0,,,,,8.303999493E-6,-4.00000000,
,,,8.307999451E-6,0.0,,,,,8.307999451E-6,0.0,,,,,8.307999451E-6,-4.00000000,
,,,8.311999409E-6,-39.99999911E-3,,,,,8.311999409E-6,0.0,,,,,8.311999409E-6,-4.00000000,
,,,8.315999366E-6,-39.99999911E-3,,,,,8.315999366E-6,0.0,,,,,8.315999366E-6,-4.00000000,
,,,8.319999324E-6,-39.99999911E-3,,,,,8.319999324E-6,0.0,,,,,8.319999324E-6,-4.00000000,
,,,8.324000191E-6,39.99999911E-3,,,,,8.324000191E-6,0.0,,,,,8.324000191E-6,-4.00000000,
,,,8.328000149E-6,0.0,,,,,8.328000149E-6,0.0,,,,,8.328000149E-6,-4.40000010,
,,,8.332000107E-6,-39.99999911E-3,,,,,8.332000107E-6,0.0,,,,,8.332000107E-6,-4.00000000,
,,,8.336000064E-6,-39.99999911E-3,,,,,8.336000064E-6,-39.99999911E-3,,,,,8.336000064E-6,-4.00000000,
,,,8.340000022E-6,-39.99999911E-3,,,,,8.340000022E-6,0.0,,,,,8.340000022E-6,-4.00000000,
,,,8.343999980E-6,0.0,,,,,8.343999980E-6,0.0,,,,,8.343999980E-6,-3.60000014,
,,,8.347999938E-6,-39.99999911E-3,,,,,8.347999938E-6,-39.99999911E-3,,,,,8.347999938E-6,-4.40000010,
,,,8.351999895E-6,-39.99999911E-3,,,,,8.351999895E-6,0.0,,,,,8.351999895E-6,-4.00000000,
,,,8.355999853E-6,-39.99999911E-3,,,,,8.355999853E-6,0.0,,,,,8.355999853E-6,-4.40000010,
,,,8.359999811E-6,-39.99999911E-3,,,,,8.359999811E-6,0.0,,,,,8.359999811E-6,-4.40000010,
,,,8.363999768E-6,-39.99999911E-3,,,,,8.363999768E-6,-39.99999911E-3,,,,,8.363999768E-6,-4.40000010,
,,,8.367999726E-6,-39.99999911E-3,,,,,8.367999726E-6,0.0,,,,,8.367999726E-6,-4.00000000,
,,,8.371999684E-6,0.0,,,,,8.371999684E-6,0.0,,,,,8.371999684E-6,-4.00000000,
,,,8.375999641E-6,-39.99999911E-3,,,,,8.375999641E-6,-39.99999911E-3,,,,,8.375999641E-6,-4.00000000,
,,,8.379999599E-6,-79.999998212E-3,,,,,8.379999599E-6,0.0,,,,,8.379999599E-6,-4.00000000,
,,,8.383999557E-6,0.0,,,,,8.383999557E-6,0.0,,,,,8.383999557E-6,-4.00000000,
,,,8.387999515E-6,-39.99999911E-3,,,,,8.387999515E-6,0.0,,,,,8.387999515E-6,-4.00000000,
,,,8.391999472E-6,-39.99999911E-3,,,,,8.391999472E-6,-39.99999911E-3,,,,,8.391999472E-6,-4.00000000,
,,,8.395999430E-6,-79.999998212E-3,,,,,8.395999430E-6,-39.99999911E-3,,,,,8.395999430E-6,-4.00000000,
,,,8.399999388E-6,0.0,,,,,8.399999388E-6,0.0,,,,,8.399999388E-6,-4.00000000,
,,,8.403999345E-6,0.0,,,,,8.403999345E-6,0.0,,,,,8.403999345E-6,-4.00000000,
,,,8.408000213E-6,-39.99999911E-3,,,,,8.408000213E-6,-39.99999911E-3,,,,,8.408000213E-6,-4.00000000,
,,,8.412000170E-6,0.0,,,,,8.412000170E-6,0.0,,,,,8.412000170E-6,-4.00000000,
,,,8.416000128E-6,-39.99999911E-3,,,,,8.416000128E-6,-39.99999911E-3,,,,,8.416000128E-6,-4.00000000,
,,,8.420000086E-6,-39.99999911E-3,,,,,8.420000086E-6,0.0,,,,,8.420000086E-6,-4.00000000,
,,,8.424000043E-6,0.0,,,,,8.424000043E-6,-39.99999911E-3,,,,,8.424000043E-6,-4.00000000,
,,,8.428000001E-6,0.0,,,,,8.428000001E-6,0.0,,,,,8.428000001E-6,-4.00000000,
,,,8.431999959E-6,-39.99999911E-3,,,,,8.431999959E-6,0.0,,,,,8.431999959E-6,-4.00000000,
,,,8.435999916E-6,-39.99999911E-3,,,,,8.435999916E-6,-39.99999911E-3,,,,,8.435999916E-6,-3.60000014,
,,,8.439999874E-6,0.0,,,,,8.439999874E-6,0.0,,,,,8.439999874E-6,-4.00000000,
,,,8.443999832E-6,0.0,,,,,8.443999832E-6,0.0,,,,,8.443999832E-6,-4.00000000,
,,,8.447999789E-6,-39.99999911E-3,,,,,8.447999789E-6,0.0,,,,,8.447999789E-6,-4.00000000,
,,,8.451999747E-6,0.0,,,,,8.451999747E-6,0.0,,,,,8.451999747E-6,-4.00000000,
,,,8.455999705E-6,-39.99999911E-3,,,,,8.455999705E-6,0.0,,,,,8.455999705E-6,-4.00000000,
,,,8.459999663E-6,-39.99999911E-3,,,,,8.459999663E-6,-39.99999911E-3,,,,,8.459999663E-6,-4.00000000,
,,,8.463999620E-6,0.0,,,,,8.463999620E-6,0.0,,,,,8.463999620E-6,-4.00000000,
,,,8.467999578E-6,-39.99999911E-3,,,,,8.467999578E-6,-39.99999911E-3,,,,,8.467999578E-6,-4.00000000,
,,,8.471999536E-6,-39.99999911E-3,,,,,8.471999536E-6,0.0,,,,,8.471999536E-6,-4.00000000,
,,,8.475999493E-6,-39.99999911E-3,,,,,8.475999493E-6,-39.99999911E-3,,,,,8.475999493E-6,-4.00000000,
,,,8.479999451E-6,-39.99999911E-3,,,,,8.479999451E-6,-39.99999911E-3,,,,,8.479999451E-6,-4.00000000,
,,,8.483999409E-6,-39.99999911E-3,,,,,8.483999409E-6,-39.99999911E-3,,,,,8.483999409E-6,-4.00000000,
,,,8.487999366E-6,-39.99999911E-3,,,,,8.487999366E-6,0.0,,,,,8.487999366E-6,-4.00000000,
,,,8.491999324E-6,0.0,,,,,8.491999324E-6,0.0,,,,,8.491999324E-6,-3.60000014,
,,,8.496000191E-6,-39.99999911E-3,,,,,8.496000191E-6,39.99999911E-3,,,,,8.496000191E-6,-4.00000000,
,,,8.500000149E-6,-39.99999911E-3,,,,,8.500000149E-6,0.0,,,,,8.500000149E-6,-4.00000000,
,,,8.504000107E-6,-39.99999911E-3,,,,,8.504000107E-6,0.0,,,,,8.504000107E-6,-4.00000000,
,,,8.508000064E-6,-39.99999911E-3,,,,,8.508000064E-6,39.99999911E-3,,,,,8.508000064E-6,-4.00000000,
,,,8.512000022E-6,-39.99999911E-3,,,,,8.512000022E-6,-39.99999911E-3,,,,,8.512000022E-6,-3.60000014,
,,,8.515999980E-6,-39.99999911E-3,,,,,8.515999980E-6,39.99999911E-3,,,,,8.515999980E-6,-4.00000000,
,,,8.519999938E-6,-39.99999911E-3,,,,,8.519999938E-6,0.0,,,,,8.519999938E-6,-3.60000014,
,,,8.523999895E-6,-79.999998212E-3,,,,,8.523999895E-6,0.0,,,,,8.523999895E-6,-4.00000000,
,,,8.527999853E-6,-39.99999911E-3,,,,,8.527999853E-6,0.0,,,,,8.527999853E-6,-4.00000000,
,,,8.531999811E-6,-79.999998212E-3,,,,,8.531999811E-6,0.0,,,,,8.531999811E-6,-4.00000000,
,,,8.535999768E-6,-39.99999911E-3,,,,,8.535999768E-6,39.99999911E-3,,,,,8.535999768E-6,-4.00000000,
,,,8.539999726E-6,0.0,,,,,8.539999726E-6,0.0,,,,,8.539999726E-6,-3.60000014,
,,,8.543999684E-6,0.0,,,,,8.543999684E-6,-79.999998212E-3,,,,,8.543999684E-6,-4.00000000,
,,,8.547999641E-6,-39.99999911E-3,,,,,8.547999641E-6,0.0,,,,,8.547999641E-6,-4.00000000,
,,,8.551999599E-6,-39.99999911E-3,,,,,8.551999599E-6,0.0,,,,,8.551999599E-6,-3.60000014,
,,,8.555999557E-6,-39.99999911E-3,,,,,8.555999557E-6,39.99999911E-3,,,,,8.555999557E-6,-4.00000000,
,,,8.559999515E-6,-79.999998212E-3,,,,,8.559999515E-6,-39.99999911E-3,,,,,8.559999515E-6,-3.60000014,
,,,8.563999472E-6,-39.99999911E-3,,,,,8.563999472E-6,-39.99999911E-3,,,,,8.563999472E-6,-3.60000014,
,,,8.567999430E-6,-39.99999911E-3,,,,,8.567999430E-6,0.0,,,,,8.567999430E-6,-4.00000000,
,,,8.571999388E-6,0.0,,,,,8.571999388E-6,-39.99999911E-3,,,,,8.571999388E-6,-3.60000014,
,,,8.575999345E-6,-39.99999911E-3,,,,,8.575999345E-6,0.0,,,,,8.575999345E-6,-3.60000014,
,,,8.580000213E-6,-79.999998212E-3,,,,,8.580000213E-6,0.0,,,,,8.580000213E-6,-4.00000000,
,,,8.584000170E-6,-39.99999911E-3,,,,,8.584000170E-6,-39.99999911E-3,,,,,8.584000170E-6,-4.00000000,
,,,8.588000128E-6,-39.99999911E-3,,,,,8.588000128E-6,0.0,,,,,8.588000128E-6,-4.00000000,
,,,8.592000086E-6,-39.99999911E-3,,,,,8.592000086E-6,0.0,,,,,8.592000086E-6,-3.60000014,
,,,8.596000043E-6,0.0,,,,,8.596000043E-6,0.0,,,,,8.596000043E-6,-4.00000000,
,,,8.600000001E-6,-39.99999911E-3,,,,,8.600000001E-6,0.0,,,,,8.600000001E-6,-3.60000014,
,,,8.603999959E-6,-39.99999911E-3,,,,,8.603999959E-6,0.0,,,,,8.603999959E-6,-3.60000014,
,,,8.607999916E-6,-39.99999911E-3,,,,,8.607999916E-6,0.0,,,,,8.607999916E-6,-4.00000000,
,,,8.611999874E-6,0.0,,,,,8.611999874E-6,39.99999911E-3,,,,,8.611999874E-6,-4.00000000,
,,,8.615999832E-6,-79.999998212E-3,,,,,8.615999832E-6,0.0,,,,,8.615999832E-6,-3.60000014,
,,,8.619999790E-6,-39.99999911E-3,,,,,8.619999790E-6,0.0,,,,,8.619999790E-6,-4.00000000,
,,,8.623999747E-6,-39.99999911E-3,,,,,8.623999747E-6,0.0,,,,,8.623999747E-6,-3.60000014,
,,,8.627999705E-6,-39.99999911E-3,,,,,8.627999705E-6,0.0,,,,,8.627999705E-6,-3.60000014,
,,,8.631999663E-6,-39.99999911E-3,,,,,8.631999663E-6,-39.99999911E-3,,,,,8.631999663E-6,-3.60000014,
,,,8.635999620E-6,-39.99999911E-3,,,,,8.635999620E-6,39.99999911E-3,,,,,8.635999620E-6,-3.60000014,
,,,8.639999578E-6,-39.99999911E-3,,,,,8.639999578E-6,39.99999911E-3,,,,,8.639999578E-6,-3.20000005,
,,,8.643999536E-6,-39.99999911E-3,,,,,8.643999536E-6,0.0,,,,,8.643999536E-6,-4.00000000,
,,,8.647999493E-6,-39.99999911E-3,,,,,8.647999493E-6,0.0,,,,,8.647999493E-6,-3.60000014,
,,,8.651999451E-6,-39.99999911E-3,,,,,8.651999451E-6,-39.99999911E-3,,,,,8.651999451E-6,-4.00000000,
,,,8.655999409E-6,-39.99999911E-3,,,,,8.655999409E-6,-39.99999911E-3,,,,,8.655999409E-6,-4.00000000,
,,,8.659999367E-6,-39.99999911E-3,,,,,8.659999367E-6,0.0,,,,,8.659999367E-6,-3.60000014,
,,,8.663999324E-6,0.0,,,,,8.663999324E-6,-39.99999911E-3,,,,,8.663999324E-6,-3.60000014,
,,,8.668000191E-6,0.0,,,,,8.668000191E-6,-79.999998212E-3,,,,,8.668000191E-6,-3.60000014,
,,,8.672000149E-6,-39.99999911E-3,,,,,8.672000149E-6,39.99999911E-3,,,,,8.672000149E-6,-4.00000000,
,,,8.676000107E-6,-79.999998212E-3,,,,,8.676000107E-6,0.0,,,,,8.676000107E-6,-3.60000014,
,,,8.680000064E-6,0.0,,,,,8.680000064E-6,39.99999911E-3,,,,,8.680000064E-6,-4.00000000,
,,,8.684000022E-6,0.0,,,,,8.684000022E-6,-39.99999911E-3,,,,,8.684000022E-6,-3.20000005,
,,,8.687999980E-6,0.0,,,,,8.687999980E-6,39.99999911E-3,,,,,8.687999980E-6,-3.60000014,
,,,8.691999938E-6,0.0,,,,,8.691999938E-6,0.0,,,,,8.691999938E-6,-3.60000014,
,,,8.695999895E-6,-39.99999911E-3,,,,,8.695999895E-6,-39.99999911E-3,,,,,8.695999895E-6,-3.60000014,
,,,8.699999853E-6,-79.999998212E-3,,,,,8.699999853E-6,0.0,,,,,8.699999853E-6,-3.60000014,
,,,8.703999811E-6,-39.99999911E-3,,,,,8.703999811E-6,0.0,,,,,8.703999811E-6,-3.60000014,
,,,8.707999768E-6,0.0,,,,,8.707999768E-6,0.0,,,,,8.707999768E-6,-3.20000005,
,,,8.711999726E-6,-79.999998212E-3,,,,,8.711999726E-6,0.0,,,,,8.711999726E-6,-4.00000000,
,,,8.715999684E-6,-39.99999911E-3,,,,,8.715999684E-6,0.0,,,,,8.715999684E-6,-3.60000014,
,,,8.719999641E-6,0.0,,,,,8.719999641E-6,0.0,,,,,8.719999641E-6,-3.60000014,
,,,8.723999599E-6,-39.99999911E-3,,,,,8.723999599E-6,0.0,,,,,8.723999599E-6,-4.00000000,
,,,8.727999557E-6,0.0,,,,,8.727999557E-6,-39.99999911E-3,,,,,8.727999557E-6,-3.60000014,
,,,8.731999515E-6,-39.99999911E-3,,,,,8.731999515E-6,0.0,,,,,8.731999515E-6,-3.60000014,
,,,8.735999472E-6,0.0,,,,,8.735999472E-6,0.0,,,,,8.735999472E-6,-3.60000014,
,,,8.739999430E-6,-39.99999911E-3,,,,,8.739999430E-6,0.0,,,,,8.739999430E-6,-3.60000014,
,,,8.743999388E-6,0.0,,,,,8.743999388E-6,-39.99999911E-3,,,,,8.743999388E-6,-3.60000014,
,,,8.747999345E-6,-39.99999911E-3,,,,,8.747999345E-6,-39.99999911E-3,,,,,8.747999345E-6,-4.00000000,
,,,8.752000213E-6,-39.99999911E-3,,,,,8.752000213E-6,0.0,,,,,8.752000213E-6,-3.60000014,
,,,8.756000170E-6,-39.99999911E-3,,,,,8.756000170E-6,0.0,,,,,8.756000170E-6,-3.60000014,
,,,8.760000128E-6,-79.999998212E-3,,,,,8.760000128E-6,0.0,,,,,8.760000128E-6,-3.60000014,
,,,8.764000086E-6,-39.99999911E-3,,,,,8.764000086E-6,39.99999911E-3,,,,,8.764000086E-6,-3.20000005,
,,,8.768000043E-6,0.0,,,,,8.768000043E-6,39.99999911E-3,,,,,8.768000043E-6,-3.60000014,
,,,8.772000001E-6,-39.99999911E-3,,,,,8.772000001E-6,0.0,,,,,8.772000001E-6,-3.60000014,
,,,8.775999959E-6,0.0,,,,,8.775999959E-6,-39.99999911E-3,,,,,8.775999959E-6,-3.60000014,
,,,8.779999916E-6,-39.99999911E-3,,,,,8.779999916E-6,0.0,,,,,8.779999916E-6,-3.60000014,
,,,8.783999874E-6,-39.99999911E-3,,,,,8.783999874E-6,0.0,,,,,8.783999874E-6,-3.20000005,
,,,8.787999832E-6,0.0,,,,,8.787999832E-6,-39.99999911E-3,,,,,8.787999832E-6,-3.60000014,
,,,8.791999790E-6,-39.99999911E-3,,,,,8.791999790E-6,-39.99999911E-3,,,,,8.791999790E-6,-3.60000014,
,,,8.795999747E-6,-39.99999911E-3,,,,,8.795999747E-6,0.0,,,,,8.795999747E-6,-3.20000005,
,,,8.799999705E-6,0.0,,,,,8.799999705E-6,0.0,,,,,8.799999705E-6,-3.20000005,
,,,8.803999663E-6,-39.99999911E-3,,,,,8.803999663E-6,-39.99999911E-3,,,,,8.803999663E-6,-3.60000014,
,,,8.807999620E-6,-39.99999911E-3,,,,,8.807999620E-6,39.99999911E-3,,,,,8.807999620E-6,-3.60000014,
,,,8.811999578E-6,-39.99999911E-3,,,,,8.811999578E-6,-79.999998212E-3,,,,,8.811999578E-6,-3.60000014,
,,,8.815999536E-6,-39.99999911E-3,,,,,8.815999536E-6,-39.99999911E-3,,,,,8.815999536E-6,-3.60000014,
,,,8.819999493E-6,-39.99999911E-3,,,,,8.819999493E-6,0.0,,,,,8.819999493E-6,-3.20000005,
,,,8.823999451E-6,-39.99999911E-3,,,,,8.823999451E-6,-39.99999911E-3,,,,,8.823999451E-6,-3.60000014,
,,,8.827999409E-6,-39.99999911E-3,,,,,8.827999409E-6,0.0,,,,,8.827999409E-6,-3.60000014,
,,,8.831999367E-6,-79.999998212E-3,,,,,8.831999367E-6,0.0,,,,,8.831999367E-6,-3.60000014,
,,,8.835999324E-6,-79.999998212E-3,,,,,8.835999324E-6,0.0,,,,,8.835999324E-6,-3.20000005,
,,,8.840000191E-6,0.0,,,,,8.840000191E-6,39.99999911E-3,,,,,8.840000191E-6,-3.60000014,
,,,8.844000149E-6,-39.99999911E-3,,,,,8.844000149E-6,0.0,,,,,8.844000149E-6,-3.20000005,
,,,8.848000107E-6,-39.99999911E-3,,,,,8.848000107E-6,0.0,,,,,8.848000107E-6,-3.20000005,
,,,8.852000065E-6,-39.99999911E-3,,,,,8.852000065E-6,0.0,,,,,8.852000065E-6,-3.60000014,
,,,8.856000022E-6,-79.999998212E-3,,,,,8.856000022E-6,-39.99999911E-3,,,,,8.856000022E-6,-3.60000014,
,,,8.859999980E-6,-39.99999911E-3,,,,,8.859999980E-6,0.0,,,,,8.859999980E-6,-3.60000014,
,,,8.863999938E-6,-39.99999911E-3,,,,,8.863999938E-6,0.0,,,,,8.863999938E-6,-3.60000014,
,,,8.867999895E-6,0.0,,,,,8.867999895E-6,39.99999911E-3,,,,,8.867999895E-6,-3.60000014,
,,,8.871999853E-6,-39.99999911E-3,,,,,8.871999853E-6,0.0,,,,,8.871999853E-6,-3.60000014,
,,,8.875999811E-6,-39.99999911E-3,,,,,8.875999811E-6,39.99999911E-3,,,,,8.875999811E-6,-3.20000005,
,,,8.879999768E-6,0.0,,,,,8.879999768E-6,-39.99999911E-3,,,,,8.879999768E-6,-3.60000014,
,,,8.883999726E-6,0.0,,,,,8.883999726E-6,0.0,,,,,8.883999726E-6,-3.20000005,
,,,8.887999684E-6,0.0,,,,,8.887999684E-6,0.0,,,,,8.887999684E-6,-3.20000005,
,,,8.891999641E-6,-39.99999911E-3,,,,,8.891999641E-6,0.0,,,,,8.891999641E-6,-3.20000005,
,,,8.895999599E-6,-39.99999911E-3,,,,,8.895999599E-6,0.0,,,,,8.895999599E-6,-3.20000005,
,,,8.899999557E-6,-39.99999911E-3,,,,,8.899999557E-6,0.0,,,,,8.899999557E-6,-3.60000014,
,,,8.903999515E-6,0.0,,,,,8.903999515E-6,0.0,,,,,8.903999515E-6,-3.20000005,
,,,8.907999472E-6,-39.99999911E-3,,,,,8.907999472E-6,-39.99999911E-3,,,,,8.907999472E-6,-3.20000005,
,,,8.911999430E-6,-39.99999911E-3,,,,,8.911999430E-6,0.0,,,,,8.911999430E-6,-3.60000014,
,,,8.915999388E-6,-39.99999911E-3,,,,,8.915999388E-6,39.99999911E-3,,,,,8.915999388E-6,-3.60000014,
,,,8.919999345E-6,-79.999998212E-3,,,,,8.919999345E-6,0.0,,,,,8.919999345E-6,-3.20000005,
,,,8.923999303E-6,-79.999998212E-3,,,,,8.923999303E-6,0.0,,,,,8.923999303E-6,-3.20000005,
,,,8.928000170E-6,-39.99999911E-3,,,,,8.928000170E-6,-39.99999911E-3,,,,,8.928000170E-6,-3.20000005,
,,,8.932000128E-6,-39.99999911E-3,,,,,8.932000128E-6,39.99999911E-3,,,,,8.932000128E-6,-3.20000005,
,,,8.936000086E-6,0.0,,,,,8.936000086E-6,0.0,,,,,8.936000086E-6,-3.20000005,
,,,8.940000043E-6,-79.999998212E-3,,,,,8.940000043E-6,0.0,,,,,8.940000043E-6,-3.60000014,
,,,8.944000001E-6,0.0,,,,,8.944000001E-6,-39.99999911E-3,,,,,8.944000001E-6,-3.20000005,
,,,8.947999959E-6,-39.99999911E-3,,,,,8.947999959E-6,0.0,,,,,8.947999959E-6,-3.20000005,
,,,8.951999916E-6,0.0,,,,,8.951999916E-6,0.0,,,,,8.951999916E-6,-3.20000005,
,,,8.955999874E-6,-39.99999911E-3,,,,,8.955999874E-6,-39.99999911E-3,,,,,8.955999874E-6,-3.20000005,
,,,8.959999832E-6,-79.999998212E-3,,,,,8.959999832E-6,0.0,,,,,8.959999832E-6,-3.20000005,
,,,8.963999790E-6,-39.99999911E-3,,,,,8.963999790E-6,-39.99999911E-3,,,,,8.963999790E-6,-3.20000005,
,,,8.967999747E-6,0.0,,,,,8.967999747E-6,39.99999911E-3,,,,,8.967999747E-6,-3.20000005,
,,,8.971999705E-6,-39.99999911E-3,,,,,8.971999705E-6,0.0,,,,,8.971999705E-6,-3.20000005,
,,,8.975999663E-6,-39.99999911E-3,,,,,8.975999663E-6,0.0,,,,,8.975999663E-6,-3.20000005,
,,,8.979999620E-6,0.0,,,,,8.979999620E-6,0.0,,,,,8.979999620E-6,-3.20000005,
,,,8.983999578E-6,-39.99999911E-3,,,,,8.983999578E-6,-39.99999911E-3,,,,,8.983999578E-6,-3.20000005,
,,,8.987999536E-6,-79.999998212E-3,,,,,8.987999536E-6,0.0,,,,,8.987999536E-6,-3.60000014,
,,,8.991999493E-6,-39.99999911E-3,,,,,8.991999493E-6,0.0,,,,,8.991999493E-6,-3.20000005,
,,,8.995999451E-6,-39.99999911E-3,,,,,8.995999451E-6,0.0,,,,,8.995999451E-6,-3.20000005,
,,,8.999999409E-6,0.0,,,,,8.999999409E-6,0.0,,,,,8.999999409E-6,-3.20000005,
,,,9.003999367E-6,0.0,,,,,9.003999367E-6,0.0,,,,,9.003999367E-6,-3.20000005,
,,,9.007999324E-6,-39.99999911E-3,,,,,9.007999324E-6,39.99999911E-3,,,,,9.007999324E-6,-2.79999995,
,,,9.012000191E-6,-39.99999911E-3,,,,,9.012000191E-6,-39.99999911E-3,,,,,9.012000191E-6,-3.20000005,
,,,9.016000149E-6,0.0,,,,,9.016000149E-6,0.0,,,,,9.016000149E-6,-3.20000005,
,,,9.020000107E-6,0.0,,,,,9.020000107E-6,0.0,,,,,9.020000107E-6,-3.20000005,
,,,9.024000065E-6,-39.99999911E-3,,,,,9.024000065E-6,0.0,,,,,9.024000065E-6,-3.20000005,
,,,9.028000022E-6,0.0,,,,,9.028000022E-6,0.0,,,,,9.028000022E-6,-2.79999995,
,,,9.031999980E-6,0.0,,,,,9.031999980E-6,39.99999911E-3,,,,,9.031999980E-6,-3.20000005,
,,,9.035999938E-6,-39.99999911E-3,,,,,9.035999938E-6,0.0,,,,,9.035999938E-6,-3.20000005,
