Record Length,2500,Points,-881.999994817E-9,-79.999998212E-3,,Record Length,2500,Points,-881.999994817E-9,119.9999973E-3,
Sample Interval,999.999967622E-12,s,-881.000005393E-9,-39.99999911E-3,,Sample Interval,999.999967622E-12,s,-881.000005393E-9,39.99999911E-3,
Trigger Point,882.000019762,Samples,-880.000015968E-9,-39.99999911E-3,,Trigger Point,882.000019762,Samples,-880.000015968E-9,79.999998212E-3,
,,,-878.999969700E-9,-79.999998212E-3,,,,,-878.999969700E-9,79.999998212E-3,
,,,-877.999980275E-9,-79.999998212E-3,,,,,-877.999980275E-9,79.999998212E-3,
,,,-876.999990851E-9,-39.99999911E-3,,,,,-876.999990851E-9,79.999998212E-3,
Source,CH1,,-876.000001426E-9,-39.99999911E-3,,Source,CH2,,-876.000001426E-9,79.999998212E-3,
Vertical Units,Volts,,-875.000012002E-9,-79.999998212E-3,,Vertical Units,Volts,,-875.000012002E-9,79.999998212E-3,
Vertical Scale,999.999977648E-3,,-874.000022577E-9,-39.99999911E-3,,Vertical Scale,999.999977648E-3,,-874.000022577E-9,79.999998212E-3,
Vertical Offset,0,,-872.999976309E-9,-39.99999911E-3,,Vertical Offset,0,,-872.999976309E-9,79.999998212E-3,
Horizontal Units,s,,-871.999986884E-9,-79.999998212E-3,,Horizontal Units,s,,-871.999986884E-9,79.999998212E-3,
Horizontal Scale,249.99999293E-9,,-870.999997460E-9,-39.99999911E-3,,Horizontal Scale,249.99999293E-9,,-870.999997460E-9,119.9999973E-3,
Pt Fmt,Y,,-870.000008035E-9,-79.999998212E-3,,Pt Fmt,Y,,-870.000008035E-9,119.9999973E-3,
Yzero,1.000000,,-869.000018611E-9,0.0,,Yzero,-2.5600000,,-869.000018611E-9,119.9999973E-3,
Probe Atten,1.000000,,-867.999972343E-9,-39.99999911E-3,,Probe Atten,1.000000,,-867.999972343E-9,79.999998212E-3,
,,,-866.999982918E-9,-39.99999911E-3,,,,,-866.999982918E-9,39.99999911E-3,
Note,TBS 1104 - 3:25:58 PM   2/5/2026,,-865.999993493E-9,-79.999998212E-3,,Note,TBS 1104 - 3:25:58 PM   2/5/2026,,-865.999993493E-9,79.999998212E-3,
,,,-865.000004069E-9,-39.99999911E-3,,,,,-865.000004069E-9,79.999998212E-3,
,,,-864.000014644E-9,-79.999998212E-3,,,,,-864.000014644E-9,79.999998212E-3,
,,,-862.999968376E-9,-39.99999911E-3,,,,,-862.999968376E-9,39.99999911E-3,
,,,-861.999978952E-9,-39.99999911E-3,,,,,-861.999978952E-9,79.999998212E-3,
,,,-860.999989527E-9,-39.99999911E-3,,,,,-860.999989527E-9,79.999998212E-3,
,,,-860.000000102E-9,0.0,,,,,-860.000000102E-9,39.99999911E-3,
,,,-859.000010678E-9,0.0,,,,,-859.000010678E-9,79.999998212E-3,
,,,-858.000021253E-9,-39.99999911E-3,,,,,-858.000021253E-9,79.999998212E-3,
,,,-856.999974985E-9,-39.99999911E-3,,,,,-856.999974985E-9,79.999998212E-3,
,,,-855.999985561E-9,-39.99999911E-3,,,,,-855.999985561E-9,79.999998212E-3,
,,,-854.999996136E-9,-39.99999911E-3,,,,,-854.999996136E-9,79.999998212E-3,
,,,-854.000006711E-9,-39.99999911E-3,,,,,-854.000006711E-9,79.999998212E-3,
,,,-853.000017287E-9,-39.99999911E-3,,,,,-853.000017287E-9,119.9999973E-3,
,,,-851.999971019E-9,-39.99999911E-3,,,,,-851.999971019E-9,119.9999973E-3,
,,,-850.999981594E-9,-39.99999911E-3,,,,,-850.999981594E-9,119.9999973E-3,
,,,-849.999992170E-9,0.0,,,,,-849.999992170E-9,79.999998212E-3,
,,,-849.000002745E-9,-39.99999911E-3,,,,,-849.000002745E-9,79.999998212E-3,
,,,-848.000013320E-9,-39.99999911E-3,,,,,-848.000013320E-9,39.99999911E-3,
,,,-847.000023896E-9,-79.999998212E-3,,,,,-847.000023896E-9,119.9999973E-3,
,,,-845.999977628E-9,-79.999998212E-3,,,,,-845.999977628E-9,79.999998212E-3,
,,,-844.999988203E-9,0.0,,,,,-844.999988203E-9,79.999998212E-3,
,,,-843.999998779E-9,-39.99999911E-3,,,,,-843.999998779E-9,119.9999973E-3,
,,,-843.000009354E-9,-39.99999911E-3,,,,,-843.000009354E-9,79.999998212E-3,
,,,-842.000019929E-9,-39.99999911E-3,,,,,-842.000019929E-9,39.99999911E-3,
,,,-840.999973661E-9,-39.99999911E-3,,,,,-840.999973661E-9,79.999998212E-3,
,,,-839.999984237E-9,-39.99999911E-3,,,,,-839.999984237E-9,39.99999911E-3,
,,,-838.999994812E-9,-39.99999911E-3,,,,,-838.999994812E-9,0.0,
,,,-838.000005388E-9,-39.99999911E-3,,,,,-838.000005388E-9,119.9999973E-3,
,,,-837.000015963E-9,-39.99999911E-3,,,,,-837.000015963E-9,119.9999973E-3,
,,,-835.999969695E-9,-39.99999911E-3,,,,,-835.999969695E-9,79.999998212E-3,
,,,-834.999980270E-9,-39.99999911E-3,,,,,-834.999980270E-9,79.999998212E-3,
,,,-833.999990846E-9,-79.999998212E-3,,,,,-833.999990846E-9,39.99999911E-3,
,,,-833.000001421E-9,-39.99999911E-3,,,,,-833.000001421E-9,79.999998212E-3,
,,,-832.000011997E-9,-79.999998212E-3,,,,,-832.000011997E-9,79.999998212E-3,
,,,-831.000022572E-9,-39.99999911E-3,,,,,-831.000022572E-9,79.999998212E-3,
,,,-829.999976304E-9,-39.99999911E-3,,,,,-829.999976304E-9,119.9999973E-3,
,,,-828.999986879E-9,0.0,,,,,-828.999986879E-9,79.999998212E-3,
,,,-827.999997455E-9,-39.99999911E-3,,,,,-827.999997455E-9,79.999998212E-3,
,,,-827.000008030E-9,-39.99999911E-3,,,,,-827.000008030E-9,79.999998212E-3,
,,,-826.000018606E-9,-39.99999911E-3,,,,,-826.000018606E-9,79.999998212E-3,
,,,-824.999972338E-9,-39.99999911E-3,,,,,-824.999972338E-9,79.999998212E-3,
,,,-823.999982913E-9,-119.9999973E-3,,,,,-823.999982913E-9,79.999998212E-3,
,,,-822.999993488E-9,-79.999998212E-3,,,,,-822.999993488E-9,39.99999911E-3,
,,,-822.000004064E-9,-39.99999911E-3,,,,,-822.000004064E-9,79.999998212E-3,
,,,-821.000014639E-9,-79.999998212E-3,,,,,-821.000014639E-9,79.999998212E-3,
,,,-819.999968371E-9,-79.999998212E-3,,,,,-819.999968371E-9,79.999998212E-3,
,,,-818.999978947E-9,-79.999998212E-3,,,,,-818.999978947E-9,79.999998212E-3,
,,,-817.999989522E-9,-39.99999911E-3,,,,,-817.999989522E-9,39.99999911E-3,
,,,-817.000000097E-9,-39.99999911E-3,,,,,-817.000000097E-9,79.999998212E-3,
,,,-816.000010673E-9,-39.99999911E-3,,,,,-816.000010673E-9,79.999998212E-3,
,,,-815.000021248E-9,-79.999998212E-3,,,,,-815.000021248E-9,79.999998212E-3,
,,,-813.999974980E-9,-79.999998212E-3,,,,,-813.999974980E-9,39.99999911E-3,
,,,-812.999985556E-9,-39.99999911E-3,,,,,-812.999985556E-9,79.999998212E-3,
,,,-811.999996131E-9,-39.99999911E-3,,,,,-811.999996131E-9,79.999998212E-3,
,,,-811.000006706E-9,-39.99999911E-3,,,,,-811.000006706E-9,119.9999973E-3,
,,,-810.000017282E-9,-39.99999911E-3,,,,,-810.000017282E-9,39.99999911E-3,
,,,-808.999971014E-9,-39.99999911E-3,,,,,-808.999971014E-9,79.999998212E-3,
,,,-807.999981589E-9,-79.999998212E-3,,,,,-807.999981589E-9,39.99999911E-3,
,,,-806.999992164E-9,-39.99999911E-3,,,,,-806.999992164E-9,79.999998212E-3,
,,,-806.000002740E-9,-39.99999911E-3,,,,,-806.000002740E-9,119.9999973E-3,
,,,-805.000013315E-9,-39.99999911E-3,,,,,-805.000013315E-9,79.999998212E-3,
,,,-804.000023891E-9,-39.99999911E-3,,,,,-804.000023891E-9,79.999998212E-3,
,,,-802.999977623E-9,-39.99999911E-3,,,,,-802.999977623E-9,119.9999973E-3,
,,,-801.999988198E-9,-39.99999911E-3,,,,,-801.999988198E-9,79.999998212E-3,
,,,-800.999998773E-9,-39.99999911E-3,,,,,-800.999998773E-9,79.999998212E-3,
,,,-800.000009349E-9,-39.99999911E-3,,,,,-800.000009349E-9,79.999998212E-3,
,,,-799.000019924E-9,-39.99999911E-3,,,,,-799.000019924E-9,79.999998212E-3,
,,,-797.999973656E-9,-39.99999911E-3,,,,,-797.999973656E-9,79.999998212E-3,
,,,-796.999984232E-9,-39.99999911E-3,,,,,-796.999984232E-9,79.999998212E-3,
,,,-795.999994807E-9,-39.99999911E-3,,,,,-795.999994807E-9,119.9999973E-3,
,,,-795.000005382E-9,-39.99999911E-3,,,,,-795.000005382E-9,119.9999973E-3,
,,,-794.000015958E-9,-39.99999911E-3,,,,,-794.000015958E-9,79.999998212E-3,
,,,-792.999969690E-9,-39.99999911E-3,,,,,-792.999969690E-9,79.999998212E-3,
,,,-791.999980265E-9,-39.99999911E-3,,,,,-791.999980265E-9,159.99999642E-3,
,,,-790.999990841E-9,-39.99999911E-3,,,,,-790.999990841E-9,159.99999642E-3,
,,,-790.000001416E-9,0.0,,,,,-790.000001416E-9,119.9999973E-3,
,,,-789.000011991E-9,-79.999998212E-3,,,,,-789.000011991E-9,79.999998212E-3,
,,,-788.000022567E-9,-39.99999911E-3,,,,,-788.000022567E-9,79.999998212E-3,
,,,-786.999976299E-9,-39.99999911E-3,,,,,-786.999976299E-9,119.9999973E-3,
,,,-785.999986874E-9,-39.99999911E-3,,,,,-785.999986874E-9,119.9999973E-3,
,,,-784.999997450E-9,-79.999998212E-3,,,,,-784.999997450E-9,79.999998212E-3,
,,,-784.000008025E-9,-39.99999911E-3,,,,,-784.000008025E-9,79.999998212E-3,
,,,-783.000018600E-9,-79.999998212E-3,,,,,-783.000018600E-9,119.9999973E-3,
,,,-781.999972332E-9,-79.999998212E-3,,,,,-781.999972332E-9,39.99999911E-3,
,,,-780.999982908E-9,-39.99999911E-3,,,,,-780.999982908E-9,39.99999911E-3,
,,,-779.999993483E-9,-79.999998212E-3,,,,,-779.999993483E-9,39.99999911E-3,
,,,-779.000004059E-9,-39.99999911E-3,,,,,-779.000004059E-9,79.999998212E-3,
,,,-778.000014634E-9,-39.99999911E-3,,,,,-778.000014634E-9,79.999998212E-3,
,,,-777.000025209E-9,-39.99999911E-3,,,,,-777.000025209E-9,79.999998212E-3,
,,,-775.999978941E-9,-79.999998212E-3,,,,,-775.999978941E-9,79.999998212E-3,
,,,-774.999989517E-9,-39.99999911E-3,,,,,-774.999989517E-9,79.999998212E-3,
,,,-774.000000092E-9,-79.999998212E-3,,,,,-774.000000092E-9,79.999998212E-3,
,,,-773.000010668E-9,-79.999998212E-3,,,,,-773.000010668E-9,39.99999911E-3,
,,,-772.000021243E-9,-39.99999911E-3,,,,,-772.000021243E-9,39.99999911E-3,
,,,-770.999974975E-9,-39.99999911E-3,,,,,-770.999974975E-9,119.9999973E-3,
,,,-769.999985550E-9,-79.999998212E-3,,,,,-769.999985550E-9,39.99999911E-3,
,,,-768.999996126E-9,-79.999998212E-3,,,,,-768.999996126E-9,79.999998212E-3,
,,,-768.000006701E-9,-39.99999911E-3,,,,,-768.000006701E-9,39.99999911E-3,
,,,-767.000017277E-9,-79.999998212E-3,,,,,-767.000017277E-9,39.99999911E-3,
,,,-765.999971009E-9,-79.999998212E-3,,,,,-765.999971009E-9,79.999998212E-3,
,,,-764.999981584E-9,-39.99999911E-3,,,,,-764.999981584E-9,79.999998212E-3,
,,,-763.999992159E-9,-39.99999911E-3,,,,,-763.999992159E-9,39.99999911E-3,
,,,-763.000002735E-9,-79.999998212E-3,,,,,-763.000002735E-9,39.99999911E-3,
,,,-762.000013310E-9,-39.99999911E-3,,,,,-762.000013310E-9,39.99999911E-3,
,,,-761.000023886E-9,-39.99999911E-3,,,,,-761.000023886E-9,39.99999911E-3,
,,,-759.999977618E-9,-39.99999911E-3,,,,,-759.999977618E-9,79.999998212E-3,
,,,-758.999988193E-9,-39.99999911E-3,,,,,-758.999988193E-9,79.999998212E-3,
,,,-757.999998768E-9,-39.99999911E-3,,,,,-757.999998768E-9,79.999998212E-3,
,,,-757.000009344E-9,-79.999998212E-3,,,,,-757.000009344E-9,79.999998212E-3,
,,,-756.000019919E-9,-39.99999911E-3,,,,,-756.000019919E-9,119.9999973E-3,
,,,-754.999973651E-9,-39.99999911E-3,,,,,-754.999973651E-9,79.999998212E-3,
,,,-753.999984227E-9,-39.99999911E-3,,,,,-753.999984227E-9,79.999998212E-3,
,,,-752.999994802E-9,-39.99999911E-3,,,,,-752.999994802E-9,79.999998212E-3,
,,,-752.000005377E-9,-39.99999911E-3,,,,,-752.000005377E-9,79.999998212E-3,
,,,-751.000015953E-9,-39.99999911E-3,,,,,-751.000015953E-9,119.9999973E-3,
,,,-750.000026528E-9,-39.99999911E-3,,,,,-750.000026528E-9,119.9999973E-3,
,,,-748.999980260E-9,-39.99999911E-3,,,,,-748.999980260E-9,79.999998212E-3,
,,,-747.999990836E-9,-39.99999911E-3,,,,,-747.999990836E-9,79.999998212E-3,
,,,-747.000001411E-9,-39.99999911E-3,,,,,-747.000001411E-9,79.999998212E-3,
,,,-746.000011986E-9,-79.999998212E-3,,,,,-746.000011986E-9,79.999998212E-3,
,,,-745.000022562E-9,-39.99999911E-3,,,,,-745.000022562E-9,79.999998212E-3,
,,,-743.999976294E-9,-39.99999911E-3,,,,,-743.999976294E-9,79.999998212E-3,
,,,-742.999986869E-9,-39.99999911E-3,,,,,-742.999986869E-9,119.9999973E-3,
,,,-741.999997445E-9,-39.99999911E-3,,,,,-741.999997445E-9,79.999998212E-3,
,,,-741.000008020E-9,0.0,,,,,-741.000008020E-9,79.999998212E-3,
,,,-740.000018595E-9,0.0,,,,,-740.000018595E-9,79.999998212E-3,
,,,-738.999972327E-9,0.0,,,,,-738.999972327E-9,79.999998212E-3,
,,,-737.999982903E-9,0.0,,,,,-737.999982903E-9,79.999998212E-3,
,,,-736.999993478E-9,0.0,,,,,-736.999993478E-9,79.999998212E-3,
,,,-736.000004053E-9,-39.99999911E-3,,,,,-736.000004053E-9,79.999998212E-3,
,,,-735.000014629E-9,-39.99999911E-3,,,,,-735.000014629E-9,79.999998212E-3,
,,,-734.000025204E-9,-39.99999911E-3,,,,,-734.000025204E-9,79.999998212E-3,
,,,-732.999978936E-9,-39.99999911E-3,,,,,-732.999978936E-9,79.999998212E-3,
,,,-731.999989512E-9,-39.99999911E-3,,,,,-731.999989512E-9,79.999998212E-3,
,,,-731.000000087E-9,0.0,,,,,-731.000000087E-9,79.999998212E-3,
,,,-730.000010662E-9,-119.9999973E-3,,,,,-730.000010662E-9,39.99999911E-3,
,,,-729.000021238E-9,-39.99999911E-3,,,,,-729.000021238E-9,39.99999911E-3,
,,,-727.999974970E-9,-39.99999911E-3,,,,,-727.999974970E-9,79.999998212E-3,
,,,-726.999985545E-9,-79.999998212E-3,,,,,-726.999985545E-9,119.9999973E-3,
,,,-725.999996121E-9,-79.999998212E-3,,,,,-725.999996121E-9,159.99999642E-3,
,,,-725.000006696E-9,-39.99999911E-3,,,,,-725.000006696E-9,119.9999973E-3,
,,,-724.000017271E-9,0.0,,,,,-724.000017271E-9,79.999998212E-3,
,,,-722.999971003E-9,-39.99999911E-3,,,,,-722.999971003E-9,79.999998212E-3,
,,,-721.999981579E-9,-39.99999911E-3,,,,,-721.999981579E-9,39.99999911E-3,
,,,-720.999992154E-9,-79.999998212E-3,,,,,-720.999992154E-9,79.999998212E-3,
,,,-720.000002730E-9,-79.999998212E-3,,,,,-720.000002730E-9,79.999998212E-3,
,,,-719.000013305E-9,-79.999998212E-3,,,,,-719.000013305E-9,39.99999911E-3,
,,,-718.000023880E-9,-79.999998212E-3,,,,,-718.000023880E-9,79.999998212E-3,
,,,-716.999977612E-9,-79.999998212E-3,,,,,-716.999977612E-9,79.999998212E-3,
,,,-715.999988188E-9,-39.99999911E-3,,,,,-715.999988188E-9,39.99999911E-3,
,,,-714.999998763E-9,-39.99999911E-3,,,,,-714.999998763E-9,119.9999973E-3,
,,,-714.000009339E-9,-39.99999911E-3,,,,,-714.000009339E-9,79.999998212E-3,
,,,-713.000019914E-9,-39.99999911E-3,,,,,-713.000019914E-9,79.999998212E-3,
,,,-711.999973646E-9,-79.999998212E-3,,,,,-711.999973646E-9,39.99999911E-3,
,,,-710.999984221E-9,-39.99999911E-3,,,,,-710.999984221E-9,79.999998212E-3,
,,,-709.999994797E-9,0.0,,,,,-709.999994797E-9,79.999998212E-3,
,,,-709.000005372E-9,-79.999998212E-3,,,,,-709.000005372E-9,39.99999911E-3,
,,,-708.000015948E-9,-39.99999911E-3,,,,,-708.000015948E-9,39.99999911E-3,
,,,-707.000026523E-9,-79.999998212E-3,,,,,-707.000026523E-9,79.999998212E-3,
,,,-705.999980255E-9,-39.99999911E-3,,,,,-705.999980255E-9,79.999998212E-3,
,,,-704.999990830E-9,-39.99999911E-3,,,,,-704.999990830E-9,119.9999973E-3,
,,,-704.000001406E-9,-39.99999911E-3,,,,,-704.000001406E-9,39.99999911E-3,
,,,-703.000011981E-9,-39.99999911E-3,,,,,-703.000011981E-9,119.9999973E-3,
,,,-702.000022557E-9,-39.99999911E-3,,,,,-702.000022557E-9,39.99999911E-3,
,,,-700.999976289E-9,-79.999998212E-3,,,,,-700.999976289E-9,79.999998212E-3,
,,,-699.999986864E-9,-39.99999911E-3,,,,,-699.999986864E-9,79.999998212E-3,
,,,-698.999997439E-9,-39.99999911E-3,,,,,-698.999997439E-9,79.999998212E-3,
,,,-698.000008015E-9,-39.99999911E-3,,,,,-698.000008015E-9,119.9999973E-3,
,,,-697.000018590E-9,-79.999998212E-3,,,,,-697.000018590E-9,79.999998212E-3,
,,,-695.999972322E-9,-39.99999911E-3,,,,,-695.999972322E-9,79.999998212E-3,
,,,-694.999982898E-9,0.0,,,,,-694.999982898E-9,119.9999973E-3,
,,,-693.999993473E-9,-39.99999911E-3,,,,,-693.999993473E-9,79.999998212E-3,
,,,-693.000004048E-9,-39.99999911E-3,,,,,-693.000004048E-9,79.999998212E-3,
,,,-692.000014624E-9,-79.999998212E-3,,,,,-692.000014624E-9,79.999998212E-3,
,,,-691.000025199E-9,0.0,,,,,-691.000025199E-9,119.9999973E-3,
,,,-689.999978931E-9,-79.999998212E-3,,,,,-689.999978931E-9,119.9999973E-3,
,,,-688.999989507E-9,-39.99999911E-3,,,,,-688.999989507E-9,79.999998212E-3,
,,,-688.000000082E-9,-79.999998212E-3,,,,,-688.000000082E-9,79.999998212E-3,
,,,-687.000010657E-9,-39.99999911E-3,,,,,-687.000010657E-9,119.9999973E-3,
,,,-686.000021233E-9,-79.999998212E-3,,,,,-686.000021233E-9,79.999998212E-3,
,,,-684.999974965E-9,-39.99999911E-3,,,,,-684.999974965E-9,79.999998212E-3,
,,,-683.999985540E-9,-79.999998212E-3,,,,,-683.999985540E-9,79.999998212E-3,
,,,-682.999996116E-9,-79.999998212E-3,,,,,-682.999996116E-9,79.999998212E-3,
,,,-682.000006691E-9,-39.99999911E-3,,,,,-682.000006691E-9,79.999998212E-3,
,,,-681.000017266E-9,-39.99999911E-3,,,,,-681.000017266E-9,39.99999911E-3,
,,,-680.000027842E-9,-39.99999911E-3,,,,,-680.000027842E-9,79.999998212E-3,
,,,-678.999981574E-9,-39.99999911E-3,,,,,-678.999981574E-9,79.999998212E-3,
,,,-677.999992149E-9,-39.99999911E-3,,,,,-677.999992149E-9,79.999998212E-3,
,,,-677.000002725E-9,-39.99999911E-3,,,,,-677.000002725E-9,79.999998212E-3,
,,,-676.000013300E-9,-39.99999911E-3,,,,,-676.000013300E-9,79.999998212E-3,
,,,-675.000023875E-9,-79.999998212E-3,,,,,-675.000023875E-9,39.99999911E-3,
,,,-673.999977607E-9,-79.999998212E-3,,,,,-673.999977607E-9,79.999998212E-3,
,,,-672.999988183E-9,-79.999998212E-3,,,,,-672.999988183E-9,79.999998212E-3,
,,,-671.999998758E-9,-39.99999911E-3,,,,,-671.999998758E-9,119.9999973E-3,
,,,-671.000009334E-9,-39.99999911E-3,,,,,-671.000009334E-9,79.999998212E-3,
,,,-670.000019909E-9,-39.99999911E-3,,,,,-670.000019909E-9,79.999998212E-3,
,,,-668.999973641E-9,-39.99999911E-3,,,,,-668.999973641E-9,39.99999911E-3,
,,,-667.999984216E-9,-79.999998212E-3,,,,,-667.999984216E-9,79.999998212E-3,
,,,-666.999994792E-9,-79.999998212E-3,,,,,-666.999994792E-9,39.99999911E-3,
,,,-666.000005367E-9,-39.99999911E-3,,,,,-666.000005367E-9,79.999998212E-3,
,,,-665.000015942E-9,-79.999998212E-3,,,,,-665.000015942E-9,79.999998212E-3,
,,,-664.000026518E-9,-39.99999911E-3,,,,,-664.000026518E-9,79.999998212E-3,
,,,-662.999980250E-9,-79.999998212E-3,,,,,-662.999980250E-9,39.99999911E-3,
,,,-661.999990825E-9,-39.99999911E-3,,,,,-661.999990825E-9,79.999998212E-3,
,,,-661.000001401E-9,0.0,,,,,-661.000001401E-9,39.99999911E-3,
,,,-660.000011976E-9,0.0,,,,,-660.000011976E-9,79.999998212E-3,
,,,-659.000022551E-9,-79.999998212E-3,,,,,-659.000022551E-9,119.9999973E-3,
,,,-657.999976283E-9,-39.99999911E-3,,,,,-657.999976283E-9,79.999998212E-3,
,,,-656.999986859E-9,-39.99999911E-3,,,,,-656.999986859E-9,79.999998212E-3,
,,,-655.999997434E-9,-79.999998212E-3,,,,,-655.999997434E-9,119.9999973E-3,
,,,-655.000008010E-9,-39.99999911E-3,,,,,-655.000008010E-9,79.999998212E-3,
,,,-654.000018585E-9,-79.999998212E-3,,,,,-654.000018585E-9,79.999998212E-3,
,,,-653.000029160E-9,0.0,,,,,-653.000029160E-9,39.99999911E-3,
,,,-651.999982892E-9,-79.999998212E-3,,,,,-651.999982892E-9,79.999998212E-3,
,,,-650.999993468E-9,-39.99999911E-3,,,,,-650.999993468E-9,79.999998212E-3,
,,,-650.000004043E-9,-39.99999911E-3,,,,,-650.000004043E-9,79.999998212E-3,
,,,-649.000014619E-9,-39.99999911E-3,,,,,-649.000014619E-9,79.999998212E-3,
,,,-648.000025194E-9,-39.99999911E-3,,,,,-648.000025194E-9,79.999998212E-3,
,,,-646.999978926E-9,-39.99999911E-3,,,,,-646.999978926E-9,119.9999973E-3,
,,,-645.999989501E-9,-39.99999911E-3,,,,,-645.999989501E-9,79.999998212E-3,
,,,-645.000000077E-9,-39.99999911E-3,,,,,-645.000000077E-9,39.99999911E-3,
,,,-644.000010652E-9,-39.99999911E-3,,,,,-644.000010652E-9,79.999998212E-3,
,,,-643.000021228E-9,-79.999998212E-3,,,,,-643.000021228E-9,79.999998212E-3,
,,,-641.999974960E-9,-79.999998212E-3,,,,,-641.999974960E-9,39.99999911E-3,
,,,-640.999985535E-9,-39.99999911E-3,,,,,-640.999985535E-9,79.999998212E-3,
,,,-639.999996110E-9,-39.99999911E-3,,,,,-639.999996110E-9,79.999998212E-3,
,,,-639.000006686E-9,-39.99999911E-3,,,,,-639.000006686E-9,119.9999973E-3,
,,,-638.000017261E-9,-39.99999911E-3,,,,,-638.000017261E-9,119.9999973E-3,
,,,-637.000027837E-9,-39.99999911E-3,,,,,-637.000027837E-9,79.999998212E-3,
,,,-635.999981569E-9,-39.99999911E-3,,,,,-635.999981569E-9,119.9999973E-3,
,,,-634.999992144E-9,-39.99999911E-3,,,,,-634.999992144E-9,79.999998212E-3,
,,,-634.000002719E-9,-79.999998212E-3,,,,,-634.000002719E-9,119.9999973E-3,
,,,-633.000013295E-9,-39.99999911E-3,,,,,-633.000013295E-9,119.9999973E-3,
,,,-632.000023870E-9,0.0,,,,,-632.000023870E-9,39.99999911E-3,
,,,-630.999977602E-9,-39.99999911E-3,,,,,-630.999977602E-9,79.999998212E-3,
,,,-629.999988178E-9,-39.99999911E-3,,,,,-629.999988178E-9,79.999998212E-3,
,,,-628.999998753E-9,-39.99999911E-3,,,,,-628.999998753E-9,79.999998212E-3,
,,,-628.000009328E-9,-39.99999911E-3,,,,,-628.000009328E-9,79.999998212E-3,
,,,-627.000019904E-9,-39.99999911E-3,,,,,-627.000019904E-9,119.9999973E-3,
,,,-625.999973636E-9,0.0,,,,,-625.999973636E-9,79.999998212E-3,
,,,-624.999984211E-9,-39.99999911E-3,,,,,-624.999984211E-9,79.999998212E-3,
,,,-623.999994787E-9,-39.99999911E-3,,,,,-623.999994787E-9,119.9999973E-3,
,,,-623.000005362E-9,-79.999998212E-3,,,,,-623.000005362E-9,79.999998212E-3,
,,,-622.000015937E-9,-39.99999911E-3,,,,,-622.000015937E-9,79.999998212E-3,
,,,-621.000026513E-9,0.0,,,,,-621.000026513E-9,79.999998212E-3,
,,,-619.999980245E-9,-39.99999911E-3,,,,,-619.999980245E-9,79.999998212E-3,
,,,-618.999990820E-9,-39.99999911E-3,,,,,-618.999990820E-9,39.99999911E-3,
,,,-618.000001396E-9,-39.99999911E-3,,,,,-618.000001396E-9,119.9999973E-3,
,,,-617.000011971E-9,-39.99999911E-3,,,,,-617.000011971E-9,79.999998212E-3,
,,,-616.000022546E-9,-79.999998212E-3,,,,,-616.000022546E-9,79.999998212E-3,
,,,-614.999976278E-9,-79.999998212E-3,,,,,-614.999976278E-9,119.9999973E-3,
,,,-613.999986854E-9,-79.999998212E-3,,,,,-613.999986854E-9,79.999998212E-3,
,,,-612.999997429E-9,-39.99999911E-3,,,,,-612.999997429E-9,79.999998212E-3,
,,,-612.000008005E-9,-39.99999911E-3,,,,,-612.000008005E-9,79.999998212E-3,
,,,-611.000018580E-9,-79.999998212E-3,,,,,-611.000018580E-9,79.999998212E-3,
,,,-610.000029155E-9,-79.999998212E-3,,,,,-610.000029155E-9,79.999998212E-3,
,,,-608.999982887E-9,-39.99999911E-3,,,,,-608.999982887E-9,39.99999911E-3,
,,,-607.999993463E-9,-79.999998212E-3,,,,,-607.999993463E-9,79.999998212E-3,
,,,-607.000004038E-9,-39.99999911E-3,,,,,-607.000004038E-9,79.999998212E-3,
,,,-606.000014614E-9,-79.999998212E-3,,,,,-606.000014614E-9,119.9999973E-3,
,,,-605.000025189E-9,-39.99999911E-3,,,,,-605.000025189E-9,79.999998212E-3,
,,,-603.999978921E-9,-79.999998212E-3,,,,,-603.999978921E-9,79.999998212E-3,
,,,-602.999989496E-9,-39.99999911E-3,,,,,-602.999989496E-9,79.999998212E-3,
,,,-602.000000072E-9,-39.99999911E-3,,,,,-602.000000072E-9,119.9999973E-3,
,,,-601.000010647E-9,-79.999998212E-3,,,,,-601.000010647E-9,79.999998212E-3,
,,,-600.000021223E-9,-79.999998212E-3,,,,,-600.000021223E-9,79.999998212E-3,
,,,-598.999974954E-9,-39.99999911E-3,,,,,-598.999974954E-9,79.999998212E-3,
,,,-597.999985530E-9,-39.99999911E-3,,,,,-597.999985530E-9,79.999998212E-3,
,,,-596.999996105E-9,0.0,,,,,-596.999996105E-9,79.999998212E-3,
,,,-596.000006681E-9,-39.99999911E-3,,,,,-596.000006681E-9,79.999998212E-3,
,,,-595.000017256E-9,-39.99999911E-3,,,,,-595.000017256E-9,79.999998212E-3,
,,,-594.000027831E-9,-79.999998212E-3,,,,,-594.000027831E-9,79.999998212E-3,
,,,-592.999981563E-9,-39.99999911E-3,,,,,-592.999981563E-9,119.9999973E-3,
,,,-591.999992139E-9,-39.99999911E-3,,,,,-591.999992139E-9,119.9999973E-3,
,,,-591.000002714E-9,-79.999998212E-3,,,,,-591.000002714E-9,119.9999973E-3,
,,,-590.000013290E-9,-39.99999911E-3,,,,,-590.000013290E-9,79.999998212E-3,
,,,-589.000023865E-9,-39.99999911E-3,,,,,-589.000023865E-9,79.999998212E-3,
,,,-587.999977597E-9,-39.99999911E-3,,,,,-587.999977597E-9,119.9999973E-3,
,,,-586.999988172E-9,-39.99999911E-3,,,,,-586.999988172E-9,79.999998212E-3,
,,,-585.999998748E-9,-39.99999911E-3,,,,,-585.999998748E-9,79.999998212E-3,
,,,-585.000009323E-9,-39.99999911E-3,,,,,-585.000009323E-9,79.999998212E-3,
,,,-584.000019899E-9,-39.99999911E-3,,,,,-584.000019899E-9,79.999998212E-3,
,,,-583.000030474E-9,0.0,,,,,-583.000030474E-9,79.999998212E-3,
,,,-581.999984206E-9,0.0,,,,,-581.999984206E-9,79.999998212E-3,
,,,-580.999994781E-9,-39.99999911E-3,,,,,-580.999994781E-9,119.9999973E-3,
,,,-580.000005357E-9,-79.999998212E-3,,,,,-580.000005357E-9,79.999998212E-3,
,,,-579.000015932E-9,0.0,,,,,-579.000015932E-9,79.999998212E-3,
,,,-578.000026508E-9,-39.99999911E-3,,,,,-578.000026508E-9,79.999998212E-3,
,,,-576.999980240E-9,-39.99999911E-3,,,,,-576.999980240E-9,79.999998212E-3,
,,,-575.999990815E-9,0.0,,,,,-575.999990815E-9,79.999998212E-3,
,,,-575.000001390E-9,-39.99999911E-3,,,,,-575.000001390E-9,119.9999973E-3,
,,,-574.000011966E-9,0.0,,,,,-574.000011966E-9,119.9999973E-3,
,,,-573.000022541E-9,-39.99999911E-3,,,,,-573.000022541E-9,119.9999973E-3,
,,,-571.999976273E-9,-39.99999911E-3,,,,,-571.999976273E-9,119.9999973E-3,
,,,-570.999986849E-9,-79.999998212E-3,,,,,-570.999986849E-9,79.999998212E-3,
,,,-569.999997424E-9,-39.99999911E-3,,,,,-569.999997424E-9,39.99999911E-3,
,,,-569.000007999E-9,-39.99999911E-3,,,,,-569.000007999E-9,79.999998212E-3,
,,,-568.000018575E-9,-79.999998212E-3,,,,,-568.000018575E-9,39.99999911E-3,
,,,-567.000029150E-9,-39.99999911E-3,,,,,-567.000029150E-9,39.99999911E-3,
,,,-565.999982882E-9,-39.99999911E-3,,,,,-565.999982882E-9,39.99999911E-3,
,,,-564.999993458E-9,-39.99999911E-3,,,,,-564.999993458E-9,79.999998212E-3,
,,,-564.000004033E-9,-39.99999911E-3,,,,,-564.000004033E-9,79.999998212E-3,
,,,-563.000014608E-9,-39.99999911E-3,,,,,-563.000014608E-9,79.999998212E-3,
,,,-562.000025184E-9,-39.99999911E-3,,,,,-562.000025184E-9,119.9999973E-3,
,,,-560.999978916E-9,-39.99999911E-3,,,,,-560.999978916E-9,39.99999911E-3,
,,,-559.999989491E-9,-39.99999911E-3,,,,,-559.999989491E-9,119.9999973E-3,
,,,-559.000000067E-9,-79.999998212E-3,,,,,-559.000000067E-9,79.999998212E-3,
,,,-558.000010642E-9,-39.99999911E-3,,,,,-558.000010642E-9,119.9999973E-3,
,,,-557.000021217E-9,-39.99999911E-3,,,,,-557.000021217E-9,159.99999642E-3,
,,,-556.000031793E-9,-79.999998212E-3,,,,,-556.000031793E-9,119.9999973E-3,
,,,-554.999985525E-9,-39.99999911E-3,,,,,-554.999985525E-9,119.9999973E-3,
,,,-553.999996100E-9,-39.99999911E-3,,,,,-553.999996100E-9,79.999998212E-3,
,,,-553.000006676E-9,-39.99999911E-3,,,,,-553.000006676E-9,79.999998212E-3,
,,,-552.000017251E-9,-39.99999911E-3,,,,,-552.000017251E-9,79.999998212E-3,
,,,-551.000027826E-9,-39.99999911E-3,,,,,-551.000027826E-9,119.9999973E-3,
,,,-549.999981558E-9,-39.99999911E-3,,,,,-549.999981558E-9,79.999998212E-3,
,,,-548.999992134E-9,-79.999998212E-3,,,,,-548.999992134E-9,39.99999911E-3,
,,,-548.000002709E-9,0.0,,,,,-548.000002709E-9,79.999998212E-3,
,,,-547.000013285E-9,-39.99999911E-3,,,,,-547.000013285E-9,119.9999973E-3,
,,,-546.000023860E-9,-79.999998212E-3,,,,,-546.000023860E-9,79.999998212E-3,
,,,-544.999977592E-9,-39.99999911E-3,,,,,-544.999977592E-9,79.999998212E-3,
,,,-543.999988167E-9,-39.99999911E-3,,,,,-543.999988167E-9,79.999998212E-3,
,,,-542.999998743E-9,-39.99999911E-3,,,,,-542.999998743E-9,79.999998212E-3,
,,,-542.000009318E-9,-79.999998212E-3,,,,,-542.000009318E-9,119.9999973E-3,
,,,-541.000019894E-9,-39.99999911E-3,,,,,-541.000019894E-9,119.9999973E-3,
,,,-540.000030469E-9,0.0,,,,,-540.000030469E-9,119.9999973E-3,
,,,-538.999984201E-9,-39.99999911E-3,,,,,-538.999984201E-9,119.9999973E-3,
,,,-537.999994776E-9,-39.99999911E-3,,,,,-537.999994776E-9,119.9999973E-3,
,,,-537.000005352E-9,-39.99999911E-3,,,,,-537.000005352E-9,79.999998212E-3,
,,,-536.000015927E-9,-39.99999911E-3,,,,,-536.000015927E-9,39.99999911E-3,
,,,-535.000026503E-9,-79.999998212E-3,,,,,-535.000026503E-9,39.99999911E-3,
,,,-533.999980235E-9,-39.99999911E-3,,,,,-533.999980235E-9,0.0,
,,,-532.999990810E-9,-79.999998212E-3,,,,,-532.999990810E-9,39.99999911E-3,
,,,-532.000001385E-9,-39.99999911E-3,,,,,-532.000001385E-9,39.99999911E-3,
,,,-531.000011961E-9,-79.999998212E-3,,,,,-531.000011961E-9,79.999998212E-3,
,,,-530.000022536E-9,-79.999998212E-3,,,,,-530.000022536E-9,79.999998212E-3,
,,,-529.000033112E-9,-79.999998212E-3,,,,,-529.000033112E-9,79.999998212E-3,
,,,-527.999986843E-9,0.0,,,,,-527.999986843E-9,79.999998212E-3,
,,,-526.999997419E-9,-39.99999911E-3,,,,,-526.999997419E-9,79.999998212E-3,
,,,-526.000007994E-9,-79.999998212E-3,,,,,-526.000007994E-9,79.999998212E-3,
,,,-525.000018570E-9,-39.99999911E-3,,,,,-525.000018570E-9,79.999998212E-3,
,,,-524.000029145E-9,-79.999998212E-3,,,,,-524.000029145E-9,79.999998212E-3,
,,,-522.999982877E-9,-39.99999911E-3,,,,,-522.999982877E-9,79.999998212E-3,
,,,-521.999993452E-9,-39.99999911E-3,,,,,-521.999993452E-9,79.999998212E-3,
,,,-521.000004028E-9,-39.99999911E-3,,,,,-521.000004028E-9,79.999998212E-3,
,,,-520.000014603E-9,-79.999998212E-3,,,,,-520.000014603E-9,119.9999973E-3,
,,,-519.000025179E-9,-39.99999911E-3,,,,,-519.000025179E-9,119.9999973E-3,
,,,-517.999978911E-9,-79.999998212E-3,,,,,-517.999978911E-9,79.999998212E-3,
,,,-516.999989486E-9,-39.99999911E-3,,,,,-516.999989486E-9,79.999998212E-3,
,,,-516.000000061E-9,-79.999998212E-3,,,,,-516.000000061E-9,79.999998212E-3,
,,,-515.000010637E-9,-39.99999911E-3,,,,,-515.000010637E-9,79.999998212E-3,
,,,-514.000021212E-9,-39.99999911E-3,,,,,-514.000021212E-9,119.9999973E-3,
,,,-513.000031788E-9,-39.99999911E-3,,,,,-513.000031788E-9,79.999998212E-3,
,,,-511.999985520E-9,-39.99999911E-3,,,,,-511.999985520E-9,79.999998212E-3,
,,,-510.999996095E-9,-39.99999911E-3,,,,,-510.999996095E-9,39.99999911E-3,
,,,-510.000006670E-9,-39.99999911E-3,,,,,-510.000006670E-9,39.99999911E-3,
,,,-509.000017246E-9,-39.99999911E-3,,,,,-509.000017246E-9,39.99999911E-3,
,,,-508.000027821E-9,-39.99999911E-3,,,,,-508.000027821E-9,79.999998212E-3,
,,,-506.999981553E-9,-79.999998212E-3,,,,,-506.999981553E-9,79.999998212E-3,
,,,-505.999992129E-9,-39.99999911E-3,,,,,-505.999992129E-9,79.999998212E-3,
,,,-505.000002704E-9,0.0,,,,,-505.000002704E-9,119.9999973E-3,
,,,-504.000013279E-9,-79.999998212E-3,,,,,-504.000013279E-9,79.999998212E-3,
,,,-503.000023855E-9,-39.99999911E-3,,,,,-503.000023855E-9,119.9999973E-3,
,,,-501.999977587E-9,-39.99999911E-3,,,,,-501.999977587E-9,39.99999911E-3,
,,,-500.999988162E-9,-39.99999911E-3,,,,,-500.999988162E-9,79.999998212E-3,
,,,-499.999998738E-9,0.0,,,,,-499.999998738E-9,79.999998212E-3,
,,,-499.000009313E-9,-79.999998212E-3,,,,,-499.000009313E-9,119.9999973E-3,
,,,-498.000019888E-9,-39.99999911E-3,,,,,-498.000019888E-9,119.9999973E-3,
,,,-497.000030464E-9,-39.99999911E-3,,,,,-497.000030464E-9,79.999998212E-3,
,,,-495.999984196E-9,-79.999998212E-3,,,,,-495.999984196E-9,119.9999973E-3,
,,,-494.999994771E-9,-39.99999911E-3,,,,,-494.999994771E-9,79.999998212E-3,
,,,-494.000005347E-9,-39.99999911E-3,,,,,-494.000005347E-9,119.9999973E-3,
,,,-493.000015922E-9,-39.99999911E-3,,,,,-493.000015922E-9,79.999998212E-3,
,,,-492.000026497E-9,-79.999998212E-3,,,,,-492.000026497E-9,79.999998212E-3,
,,,-490.999980229E-9,-39.99999911E-3,,,,,-490.999980229E-9,79.999998212E-3,
,,,-489.999990805E-9,-39.99999911E-3,,,,,-489.999990805E-9,79.999998212E-3,
,,,-489.000001380E-9,-79.999998212E-3,,,,,-489.000001380E-9,119.9999973E-3,
,,,-488.000011956E-9,-39.99999911E-3,,,,,-488.000011956E-9,79.999998212E-3,
,,,-487.000022531E-9,-39.99999911E-3,,,,,-487.000022531E-9,79.999998212E-3,
,,,-486.000033106E-9,-39.99999911E-3,,,,,-486.000033106E-9,79.999998212E-3,
,,,-484.999986838E-9,-39.99999911E-3,,,,,-484.999986838E-9,79.999998212E-3,
,,,-483.999997414E-9,-39.99999911E-3,,,,,-483.999997414E-9,39.99999911E-3,
,,,-483.000007989E-9,-79.999998212E-3,,,,,-483.000007989E-9,39.99999911E-3,
,,,-482.000018565E-9,-39.99999911E-3,,,,,-482.000018565E-9,79.999998212E-3,
,,,-481.000029140E-9,-79.999998212E-3,,,,,-481.000029140E-9,79.999998212E-3,
,,,-479.999982872E-9,-39.99999911E-3,,,,,-479.999982872E-9,79.999998212E-3,
,,,-478.999993447E-9,-79.999998212E-3,,,,,-478.999993447E-9,79.999998212E-3,
,,,-478.000004023E-9,-39.99999911E-3,,,,,-478.000004023E-9,39.99999911E-3,
,,,-477.000014598E-9,-39.99999911E-3,,,,,-477.000014598E-9,79.999998212E-3,
,,,-475.999996752E-9,-79.999998212E-3,,,,,-475.999996752E-9,79.999998212E-3,
,,,-475.000007327E-9,-79.999998212E-3,,,,,-475.000007327E-9,119.9999973E-3,
,,,-474.000017903E-9,-79.999998212E-3,,,,,-474.000017903E-9,119.9999973E-3,
,,,-473.000000056E-9,-79.999998212E-3,,,,,-473.000000056E-9,39.99999911E-3,
,,,-472.000010632E-9,-39.99999911E-3,,,,,-472.000010632E-9,79.999998212E-3,
,,,-470.999992785E-9,-39.99999911E-3,,,,,-470.999992785E-9,39.99999911E-3,
,,,-470.000003361E-9,-39.99999911E-3,,,,,-470.000003361E-9,39.99999911E-3,
,,,-469.000013936E-9,-79.999998212E-3,,,,,-469.000013936E-9,39.99999911E-3,
,,,-467.999996090E-9,-39.99999911E-3,,,,,-467.999996090E-9,79.999998212E-3,
,,,-467.000006665E-9,-39.99999911E-3,,,,,-467.000006665E-9,0.0,
,,,-466.000017241E-9,-39.99999911E-3,,,,,-466.000017241E-9,39.99999911E-3,
,,,-464.999999394E-9,-39.99999911E-3,,,,,-464.999999394E-9,39.99999911E-3,
,,,-464.000009970E-9,0.0,,,,,-464.000009970E-9,79.999998212E-3,
,,,-463.000020545E-9,-79.999998212E-3,,,,,-463.000020545E-9,39.99999911E-3,
,,,-462.000002699E-9,-39.99999911E-3,,,,,-462.000002699E-9,79.999998212E-3,
,,,-461.000013274E-9,-39.99999911E-3,,,,,-461.000013274E-9,119.9999973E-3,
,,,-459.999995428E-9,-39.99999911E-3,,,,,-459.999995428E-9,119.9999973E-3,
,,,-459.000006003E-9,0.0,,,,,-459.000006003E-9,119.9999973E-3,
,,,-458.000016579E-9,-39.99999911E-3,,,,,-458.000016579E-9,119.9999973E-3,
,,,-456.999998732E-9,-119.9999973E-3,,,,,-456.999998732E-9,79.999998212E-3,
,,,-456.000009308E-9,-79.999998212E-3,,,,,-456.000009308E-9,79.999998212E-3,
,,,-455.000019883E-9,-39.99999911E-3,,,,,-455.000019883E-9,119.9999973E-3,
,,,-454.000002037E-9,-39.99999911E-3,,,,,-454.000002037E-9,79.999998212E-3,
,,,-453.000012612E-9,-39.99999911E-3,,,,,-453.000012612E-9,79.999998212E-3,
,,,-451.999994766E-9,0.0,,,,,-451.999994766E-9,79.999998212E-3,
,,,-451.000005341E-9,-79.999998212E-3,,,,,-451.000005341E-9,79.999998212E-3,
,,,-450.000015917E-9,-39.99999911E-3,,,,,-450.000015917E-9,79.999998212E-3,
,,,-448.999998071E-9,0.0,,,,,-448.999998071E-9,79.999998212E-3,
,,,-448.000008646E-9,0.0,,,,,-448.000008646E-9,79.999998212E-3,
,,,-447.000019221E-9,-39.99999911E-3,,,,,-447.000019221E-9,39.99999911E-3,
,,,-446.000001375E-9,-39.99999911E-3,,,,,-446.000001375E-9,39.99999911E-3,
,,,-445.000011950E-9,-79.999998212E-3,,,,,-445.000011950E-9,79.999998212E-3,
,,,-443.999994104E-9,-39.99999911E-3,,,,,-443.999994104E-9,79.999998212E-3,
,,,-443.000004680E-9,-39.99999911E-3,,,,,-443.000004680E-9,79.999998212E-3,
,,,-442.000015255E-9,0.0,,,,,-442.000015255E-9,39.99999911E-3,
,,,-440.999997409E-9,0.0,,,,,-440.999997409E-9,79.999998212E-3,
,,,-440.000007984E-9,0.0,,,,,-440.000007984E-9,39.99999911E-3,
,,,-439.000018559E-9,-39.99999911E-3,,,,,-439.000018559E-9,79.999998212E-3,
,,,-438.000000713E-9,-39.99999911E-3,,,,,-438.000000713E-9,119.9999973E-3,
,,,-437.000011289E-9,-79.999998212E-3,,,,,-437.000011289E-9,79.999998212E-3,
,,,-435.999993442E-9,-79.999998212E-3,,,,,-435.999993442E-9,79.999998212E-3,
,,,-435.000004018E-9,-79.999998212E-3,,,,,-435.000004018E-9,119.9999973E-3,
,,,-434.000014593E-9,-79.999998212E-3,,,,,-434.000014593E-9,79.999998212E-3,
,,,-432.999996747E-9,-79.999998212E-3,,,,,-432.999996747E-9,119.9999973E-3,
,,,-432.000007322E-9,-39.99999911E-3,,,,,-432.000007322E-9,79.999998212E-3,
,,,-431.000017898E-9,-39.99999911E-3,,,,,-431.000017898E-9,79.999998212E-3,
,,,-430.000000051E-9,-79.999998212E-3,,,,,-430.000000051E-9,79.999998212E-3,
,,,-429.000010627E-9,-39.99999911E-3,,,,,-429.000010627E-9,119.9999973E-3,
,,,-428.000021202E-9,-39.99999911E-3,,,,,-428.000021202E-9,79.999998212E-3,
,,,-427.000003356E-9,-39.99999911E-3,,,,,-427.000003356E-9,39.99999911E-3,
,,,-426.000013931E-9,-39.99999911E-3,,,,,-426.000013931E-9,79.999998212E-3,
,,,-424.999996085E-9,-79.999998212E-3,,,,,-424.999996085E-9,79.999998212E-3,
,,,-424.000006660E-9,-39.99999911E-3,,,,,-424.000006660E-9,39.99999911E-3,
,,,-423.000017236E-9,-79.999998212E-3,,,,,-423.000017236E-9,79.999998212E-3,
,,,-421.999999389E-9,-79.999998212E-3,,,,,-421.999999389E-9,39.99999911E-3,
,,,-421.000009965E-9,-79.999998212E-3,,,,,-421.000009965E-9,39.99999911E-3,
,,,-420.000020540E-9,-39.99999911E-3,,,,,-420.000020540E-9,79.999998212E-3,
,,,-419.000002694E-9,-79.999998212E-3,,,,,-419.000002694E-9,39.99999911E-3,
,,,-418.000013269E-9,-79.999998212E-3,,,,,-418.000013269E-9,79.999998212E-3,
,,,-416.999995423E-9,-79.999998212E-3,,,,,-416.999995423E-9,79.999998212E-3,
,,,-416.000005998E-9,-79.999998212E-3,,,,,-416.000005998E-9,79.999998212E-3,
,,,-415.000016574E-9,-79.999998212E-3,,,,,-415.000016574E-9,79.999998212E-3,
,,,-413.999998727E-9,-39.99999911E-3,,,,,-413.999998727E-9,79.999998212E-3,
,,,-413.000009303E-9,-79.999998212E-3,,,,,-413.000009303E-9,39.99999911E-3,
,,,-412.000019878E-9,-79.999998212E-3,,,,,-412.000019878E-9,79.999998212E-3,
,,,-411.000002032E-9,-39.99999911E-3,,,,,-411.000002032E-9,79.999998212E-3,
,,,-410.000012607E-9,0.0,,,,,-410.000012607E-9,79.999998212E-3,
,,,-408.999994761E-9,0.0,,,,,-408.999994761E-9,79.999998212E-3,
,,,-408.000005336E-9,-79.999998212E-3,,,,,-408.000005336E-9,79.999998212E-3,
,,,-407.000015912E-9,-79.999998212E-3,,,,,-407.000015912E-9,79.999998212E-3,
,,,-405.999998065E-9,-39.99999911E-3,,,,,-405.999998065E-9,79.999998212E-3,
,,,-405.000008641E-9,-79.999998212E-3,,,,,-405.000008641E-9,79.999998212E-3,
,,,-404.000019216E-9,-39.99999911E-3,,,,,-404.000019216E-9,39.99999911E-3,
,,,-403.00000137E-9,-79.999998212E-3,,,,,-403.00000137E-9,39.99999911E-3,
,,,-402.00001195E-9,-39.99999911E-3,,,,,-402.00001195E-9,79.999998212E-3,
,,,-401.00002252E-9,-79.999998212E-3,,,,,-401.00002252E-9,79.999998212E-3,
,,,-400.00000467E-9,-79.999998212E-3,,,,,-400.00000467E-9,119.9999973E-3,
,,,-399.00001525E-9,0.0,,,,,-399.00001525E-9,79.999998212E-3,
,,,-397.99999740E-9,0.0,,,,,-397.99999740E-9,159.99999642E-3,
,,,-397.00000798E-9,-39.99999911E-3,,,,,-397.00000798E-9,79.999998212E-3,
,,,-396.00001855E-9,-39.99999911E-3,,,,,-396.00001855E-9,79.999998212E-3,
,,,-395.00000071E-9,-39.99999911E-3,,,,,-395.00000071E-9,79.999998212E-3,
,,,-394.00001128E-9,-39.99999911E-3,,,,,-394.00001128E-9,79.999998212E-3,
,,,-393.00002186E-9,-79.999998212E-3,,,,,-393.00002186E-9,119.9999973E-3,
,,,-392.00000401E-9,-39.99999911E-3,,,,,-392.00000401E-9,79.999998212E-3,
,,,-391.00001459E-9,0.0,,,,,-391.00001459E-9,79.999998212E-3,
,,,-389.99999674E-9,-39.99999911E-3,,,,,-389.99999674E-9,119.9999973E-3,
,,,-389.00000732E-9,-39.99999911E-3,,,,,-389.00000732E-9,79.999998212E-3,
,,,-388.00001789E-9,-39.99999911E-3,,,,,-388.00001789E-9,79.999998212E-3,
,,,-387.00000005E-9,-79.999998212E-3,,,,,-387.00000005E-9,79.999998212E-3,
,,,-386.00001062E-9,-79.999998212E-3,,,,,-386.00001062E-9,79.999998212E-3,
,,,-385.00002120E-9,-39.99999911E-3,,,,,-385.00002120E-9,39.99999911E-3,
,,,-384.00000335E-9,-39.99999911E-3,,,,,-384.00000335E-9,79.999998212E-3,
,,,-383.00001393E-9,-39.99999911E-3,,,,,-383.00001393E-9,39.99999911E-3,
,,,-381.99999608E-9,-79.999998212E-3,,,,,-381.99999608E-9,79.999998212E-3,
,,,-381.00000666E-9,-79.999998212E-3,,,,,-381.00000666E-9,79.999998212E-3,
,,,-380.00001723E-9,-39.99999911E-3,,,,,-380.00001723E-9,39.99999911E-3,
,,,-378.99999938E-9,-39.99999911E-3,,,,,-378.99999938E-9,39.99999911E-3,
,,,-378.00000996E-9,-79.999998212E-3,,,,,-378.00000996E-9,39.99999911E-3,
,,,-377.00002053E-9,-79.999998212E-3,,,,,-377.00002053E-9,0.0,
,,,-376.00000269E-9,-39.99999911E-3,,,,,-376.00000269E-9,79.999998212E-3,
,,,-375.00001326E-9,-79.999998212E-3,,,,,-375.00001326E-9,79.999998212E-3,
,,,-373.99999542E-9,-79.999998212E-3,,,,,-373.99999542E-9,119.9999973E-3,
,,,-373.00000599E-9,-79.999998212E-3,,,,,-373.00000599E-9,79.999998212E-3,
,,,-372.00001657E-9,-39.99999911E-3,,,,,-372.00001657E-9,79.999998212E-3,
,,,-370.99999872E-9,-79.999998212E-3,,,,,-370.99999872E-9,79.999998212E-3,
,,,-370.00000930E-9,-79.999998212E-3,,,,,-370.00000930E-9,39.99999911E-3,
,,,-369.00001987E-9,-79.999998212E-3,,,,,-369.00001987E-9,79.999998212E-3,
,,,-368.00000203E-9,-79.999998212E-3,,,,,-368.00000203E-9,79.999998212E-3,
,,,-367.00001260E-9,-39.99999911E-3,,,,,-367.00001260E-9,79.999998212E-3,
,,,-366.00002318E-9,-39.99999911E-3,,,,,-366.00002318E-9,79.999998212E-3,
,,,-365.00000533E-9,-39.99999911E-3,,,,,-365.00000533E-9,119.9999973E-3,
,,,-364.00001591E-9,-39.99999911E-3,,,,,-364.00001591E-9,79.999998212E-3,
,,,-362.99999806E-9,-39.99999911E-3,,,,,-362.99999806E-9,79.999998212E-3,
,,,-362.00000864E-9,-39.99999911E-3,,,,,-362.00000864E-9,119.9999973E-3,
,,,-361.00001921E-9,-79.999998212E-3,,,,,-361.00001921E-9,79.999998212E-3,
,,,-360.00000136E-9,-39.99999911E-3,,,,,-360.00000136E-9,119.9999973E-3,
,,,-359.00001194E-9,39.99999911E-3,,,,,-359.00001194E-9,119.9999973E-3,
,,,-358.00002252E-9,-39.99999911E-3,,,,,-358.00002252E-9,79.999998212E-3,
,,,-357.00000467E-9,-39.99999911E-3,,,,,-357.00000467E-9,79.999998212E-3,
,,,-356.00001524E-9,-39.99999911E-3,,,,,-356.00001524E-9,79.999998212E-3,
,,,-354.99999740E-9,-39.99999911E-3,,,,,-354.99999740E-9,79.999998212E-3,
,,,-354.00000797E-9,0.0,,,,,-354.00000797E-9,79.999998212E-3,
,,,-353.00001855E-9,-39.99999911E-3,,,,,-353.00001855E-9,39.99999911E-3,
,,,-352.00000070E-9,-39.99999911E-3,,,,,-352.00000070E-9,79.999998212E-3,
,,,-351.00001128E-9,-39.99999911E-3,,,,,-351.00001128E-9,79.999998212E-3,
,,,-350.00002185E-9,0.0,,,,,-350.00002185E-9,79.999998212E-3,
,,,-349.00000401E-9,39.99999911E-3,,,,,-349.00000401E-9,79.999998212E-3,
,,,-348.00001458E-9,39.99999911E-3,,,,,-348.00001458E-9,39.99999911E-3,
,,,-346.99999674E-9,0.0,,,,,-346.99999674E-9,39.99999911E-3,
,,,-346.00000731E-9,0.0,,,,,-346.00000731E-9,79.999998212E-3,
,,,-345.00001789E-9,-39.99999911E-3,,,,,-345.00001789E-9,0.0,
,,,-344.00000004E-9,0.0,,,,,-344.00000004E-9,0.0,
,,,-343.00001062E-9,0.0,,,,,-343.00001062E-9,0.0,
,,,-342.00002119E-9,39.99999911E-3,,,,,-342.00002119E-9,0.0,
,,,-341.00000335E-9,79.999998212E-3,,,,,-341.00000335E-9,39.99999911E-3,
,,,-340.00001392E-9,0.0,,,,,-340.00001392E-9,39.99999911E-3,
,,,-338.99999607E-9,0.0,,,,,-338.99999607E-9,0.0,
,,,-338.00000665E-9,0.0,,,,,-338.00000665E-9,-39.99999911E-3,
,,,-337.00001723E-9,0.0,,,,,-337.00001723E-9,0.0,
,,,-335.99999938E-9,0.0,,,,,-335.99999938E-9,0.0,
,,,-335.00000995E-9,39.99999911E-3,,,,,-335.00000995E-9,0.0,
,,,-334.00002053E-9,39.99999911E-3,,,,,-334.00002053E-9,-39.99999911E-3,
,,,-333.00000268E-9,79.999998212E-3,,,,,-333.00000268E-9,-79.999998212E-3,
,,,-332.00001326E-9,79.999998212E-3,,,,,-332.00001326E-9,0.0,
,,,-331.00002383E-9,119.9999973E-3,,,,,-331.00002383E-9,-39.99999911E-3,
,,,-330.00000599E-9,119.9999973E-3,,,,,-330.00000599E-9,0.0,
,,,-329.00001656E-9,119.9999973E-3,,,,,-329.00001656E-9,39.99999911E-3,
,,,-327.99999872E-9,119.9999973E-3,,,,,-327.99999872E-9,0.0,
,,,-327.00000929E-9,79.999998212E-3,,,,,-327.00000929E-9,-39.99999911E-3,
,,,-326.00001987E-9,39.99999911E-3,,,,,-326.00001987E-9,-39.99999911E-3,
,,,-325.00000202E-9,-39.99999911E-3,,,,,-325.00000202E-9,-119.9999973E-3,
,,,-324.00001260E-9,-39.99999911E-3,,,,,-324.00001260E-9,-119.9999973E-3,
,,,-323.00002317E-9,0.0,,,,,-323.00002317E-9,-119.9999973E-3,
,,,-322.00000533E-9,0.0,,,,,-322.00000533E-9,-119.9999973E-3,
,,,-321.00001590E-9,39.99999911E-3,,,,,-321.00001590E-9,-79.999998212E-3,
,,,-319.99999806E-9,79.999998212E-3,,,,,-319.99999806E-9,-79.999998212E-3,
,,,-319.00000863E-9,39.99999911E-3,,,,,-319.00000863E-9,-39.99999911E-3,
,,,-318.00001921E-9,119.9999973E-3,,,,,-318.00001921E-9,-39.99999911E-3,
,,,-317.00000136E-9,39.99999911E-3,,,,,-317.00000136E-9,-79.999998212E-3,
,,,-316.00001194E-9,0.0,,,,,-316.00001194E-9,-119.9999973E-3,
,,,-315.00002251E-9,-39.99999911E-3,,,,,-315.00002251E-9,-79.999998212E-3,
,,,-314.00000466E-9,-39.99999911E-3,,,,,-314.00000466E-9,-119.9999973E-3,
,,,-313.00001524E-9,0.0,,,,,-313.00001524E-9,-119.9999973E-3,
,,,-311.99999739E-9,0.0,,,,,-311.99999739E-9,-119.9999973E-3,
,,,-311.00000797E-9,79.999998212E-3,,,,,-311.00000797E-9,-119.9999973E-3,
,,,-310.00001854E-9,79.999998212E-3,,,,,-310.00001854E-9,-39.99999911E-3,
,,,-309.00000070E-9,79.999998212E-3,,,,,-309.00000070E-9,-79.999998212E-3,
,,,-308.00001127E-9,39.99999911E-3,,,,,-308.00001127E-9,-39.99999911E-3,
,,,-307.00002185E-9,39.99999911E-3,,,,,-307.00002185E-9,-39.99999911E-3,
,,,-306.00000400E-9,39.99999911E-3,,,,,-306.00000400E-9,-79.999998212E-3,
,,,-305.00001458E-9,0.0,,,,,-305.00001458E-9,-119.9999973E-3,
,,,-304.00002515E-9,39.99999911E-3,,,,,-304.00002515E-9,-159.99999642E-3,
,,,-303.00000731E-9,39.99999911E-3,,,,,-303.00000731E-9,-119.9999973E-3,
,,,-302.00001788E-9,79.999998212E-3,,,,,-302.00001788E-9,-119.9999973E-3,
,,,-301.00000004E-9,79.999998212E-3,,,,,-301.00000004E-9,-79.999998212E-3,
,,,-300.00001061E-9,119.9999973E-3,,,,,-300.00001061E-9,-79.999998212E-3,
,,,-299.00002119E-9,119.9999973E-3,,,,,-299.00002119E-9,-39.99999911E-3,
,,,-298.00000334E-9,79.999998212E-3,,,,,-298.00000334E-9,-39.99999911E-3,
,,,-297.00001392E-9,119.9999973E-3,,,,,-297.00001392E-9,-79.999998212E-3,
,,,-296.00002449E-9,79.999998212E-3,,,,,-296.00002449E-9,-39.99999911E-3,
,,,-295.00000664E-9,39.99999911E-3,,,,,-295.00000664E-9,-119.9999973E-3,
,,,-294.00001722E-9,0.0,,,,,-294.00001722E-9,-119.9999973E-3,
,,,-292.99999937E-9,79.999998212E-3,,,,,-292.99999937E-9,-119.9999973E-3,
,,,-292.00000995E-9,39.99999911E-3,,,,,-292.00000995E-9,-119.9999973E-3,
,,,-291.00002052E-9,79.999998212E-3,,,,,-291.00002052E-9,-79.999998212E-3,
,,,-290.00000268E-9,119.9999973E-3,,,,,-290.00000268E-9,-79.999998212E-3,
,,,-289.00001325E-9,159.99999642E-3,,,,,-289.00001325E-9,-39.99999911E-3,
,,,-288.00002383E-9,119.9999973E-3,,,,,-288.00002383E-9,-39.99999911E-3,
,,,-287.00000598E-9,119.9999973E-3,,,,,-287.00000598E-9,-79.999998212E-3,
,,,-286.00001656E-9,119.9999973E-3,,,,,-286.00001656E-9,-79.999998212E-3,
,,,-284.99999871E-9,39.99999911E-3,,,,,-284.99999871E-9,-119.9999973E-3,
,,,-284.00000929E-9,119.9999973E-3,,,,,-284.00000929E-9,-119.9999973E-3,
,,,-283.00001986E-9,79.999998212E-3,,,,,-283.00001986E-9,-119.9999973E-3,
,,,-282.00000202E-9,119.9999973E-3,,,,,-282.00000202E-9,-119.9999973E-3,
,,,-281.00001259E-9,159.99999642E-3,,,,,-281.00001259E-9,-159.99999642E-3,
,,,-280.00002317E-9,199.99998808E-3,,,,,-280.00002317E-9,-79.999998212E-3,
,,,-279.00000532E-9,159.99999642E-3,,,,,-279.00000532E-9,-39.99999911E-3,
,,,-278.00001590E-9,119.9999973E-3,,,,,-278.00001590E-9,-79.999998212E-3,
,,,-276.99999805E-9,199.99998808E-3,,,,,-276.99999805E-9,-79.999998212E-3,
,,,-276.00000863E-9,119.9999973E-3,,,,,-276.00000863E-9,-79.999998212E-3,
,,,-275.00001920E-9,119.9999973E-3,,,,,-275.00001920E-9,-79.999998212E-3,
,,,-274.00000135E-9,119.9999973E-3,,,,,-274.00000135E-9,-79.999998212E-3,
,,,-273.00001193E-9,119.9999973E-3,,,,,-273.00001193E-9,-79.999998212E-3,
,,,-272.00002251E-9,199.99998808E-3,,,,,-272.00002251E-9,-39.99999911E-3,
,,,-271.00000466E-9,199.99998808E-3,,,,,-271.00000466E-9,-39.99999911E-3,
,,,-270.00001523E-9,239.99999464E-3,,,,,-270.00001523E-9,0.0,
,,,-269.00002581E-9,239.99999464E-3,,,,,-269.00002581E-9,-39.99999911E-3,
,,,-268.00000796E-9,199.99998808E-3,,,,,-268.00000796E-9,0.0,
,,,-267.00001854E-9,239.99999464E-3,,,,,-267.00001854E-9,0.0,
,,,-266.00000069E-9,159.99999642E-3,,,,,-266.00000069E-9,-79.999998212E-3,
,,,-265.00001127E-9,239.99999464E-3,,,,,-265.00001127E-9,-79.999998212E-3,
,,,-264.00002184E-9,159.99999642E-3,,,,,-264.00002184E-9,-39.99999911E-3,
,,,-263.00000400E-9,199.99998808E-3,,,,,-263.00000400E-9,-79.999998212E-3,
,,,-262.00001457E-9,199.99998808E-3,,,,,-262.00001457E-9,-79.999998212E-3,
,,,-261.00002515E-9,280.00000119E-3,,,,,-261.00002515E-9,-39.99999911E-3,
,,,-260.00000730E-9,280.00000119E-3,,,,,-260.00000730E-9,0.0,
,,,-259.00001788E-9,319.99999285E-3,,,,,-259.00001788E-9,39.99999911E-3,
,,,-258.00000003E-9,239.99999464E-3,,,,,-258.00000003E-9,0.0,
,,,-257.00001061E-9,199.99998808E-3,,,,,-257.00001061E-9,-39.99999911E-3,
,,,-256.00002118E-9,239.99999464E-3,,,,,-256.00002118E-9,-39.99999911E-3,
,,,-255.00000334E-9,159.99999642E-3,,,,,-255.00000334E-9,-79.999998212E-3,
,,,-254.00001391E-9,159.99999642E-3,,,,,-254.00001391E-9,-119.9999973E-3,
,,,-253.00002449E-9,119.9999973E-3,,,,,-253.00002449E-9,-79.999998212E-3,
,,,-252.00000664E-9,199.99998808E-3,,,,,-252.00000664E-9,-79.999998212E-3,
,,,-251.00001722E-9,239.99999464E-3,,,,,-251.00001722E-9,-39.99999911E-3,
,,,-249.99999937E-9,239.99999464E-3,,,,,-249.99999937E-9,-39.99999911E-3,
,,,-249.00000994E-9,239.99999464E-3,,,,,-249.00000994E-9,0.0,
,,,-248.00002052E-9,239.99999464E-3,,,,,-248.00002052E-9,-39.99999911E-3,
,,,-247.00000267E-9,199.99998808E-3,,,,,-247.00000267E-9,-39.99999911E-3,
,,,-246.00001325E-9,199.99998808E-3,,,,,-246.00001325E-9,-39.99999911E-3,
,,,-245.00002382E-9,199.99998808E-3,,,,,-245.00002382E-9,-119.9999973E-3,
,,,-244.00000598E-9,159.99999642E-3,,,,,-244.00000598E-9,-79.999998212E-3,
,,,-243.00001655E-9,199.99998808E-3,,,,,-243.00001655E-9,-79.999998212E-3,
,,,-241.99999871E-9,159.99999642E-3,,,,,-241.99999871E-9,-39.99999911E-3,
,,,-241.00000928E-9,199.99998808E-3,,,,,-241.00000928E-9,-79.999998212E-3,
,,,-240.00001986E-9,199.99998808E-3,,,,,-240.00001986E-9,-79.999998212E-3,
,,,-239.00000201E-9,199.99998808E-3,,,,,-239.00000201E-9,-39.99999911E-3,
,,,-238.00001259E-9,199.99998808E-3,,,,,-238.00001259E-9,-39.99999911E-3,
,,,-237.00000895E-9,199.99998808E-3,,,,,-237.00000895E-9,-39.99999911E-3,
,,,-236.00001953E-9,239.99999464E-3,,,,,-236.00001953E-9,-39.99999911E-3,
,,,-235.00001589E-9,159.99999642E-3,,,,,-235.00001589E-9,-79.999998212E-3,
,,,-234.00001226E-9,159.99999642E-3,,,,,-234.00001226E-9,-79.999998212E-3,
,,,-233.00000862E-9,159.99999642E-3,,,,,-233.00000862E-9,-79.999998212E-3,
,,,-232.00001920E-9,199.99998808E-3,,,,,-232.00001920E-9,-79.999998212E-3,
,,,-231.00001556E-9,239.99999464E-3,,,,,-231.00001556E-9,-39.99999911E-3,
,,,-230.00001192E-9,280.00000119E-3,,,,,-230.00001192E-9,-39.99999911E-3,
,,,-229.00000829E-9,239.99999464E-3,,,,,-229.00000829E-9,-39.99999911E-3,
,,,-228.00001886E-9,239.99999464E-3,,,,,-228.00001886E-9,-39.99999911E-3,
,,,-227.00001523E-9,239.99999464E-3,,,,,-227.00001523E-9,-39.99999911E-3,
,,,-226.00001159E-9,239.99999464E-3,,,,,-226.00001159E-9,-79.999998212E-3,
,,,-225.00000796E-9,199.99998808E-3,,,,,-225.00000796E-9,-79.999998212E-3,
,,,-224.00001853E-9,280.00000119E-3,,,,,-224.00001853E-9,-79.999998212E-3,
,,,-223.00001490E-9,239.99999464E-3,,,,,-223.00001490E-9,-119.9999973E-3,
,,,-222.00001126E-9,280.00000119E-3,,,,,-222.00001126E-9,-79.999998212E-3,
,,,-221.00000763E-9,199.99998808E-3,,,,,-221.00000763E-9,-39.99999911E-3,
,,,-220.00001820E-9,239.99999464E-3,,,,,-220.00001820E-9,-39.99999911E-3,
,,,-219.00001457E-9,280.00000119E-3,,,,,-219.00001457E-9,-79.999998212E-3,
,,,-218.00001093E-9,199.99998808E-3,,,,,-218.00001093E-9,-119.9999973E-3,
,,,-217.00000730E-9,280.00000119E-3,,,,,-217.00000730E-9,-119.9999973E-3,
,,,-216.00001787E-9,280.00000119E-3,,,,,-216.00001787E-9,-79.999998212E-3,
,,,-215.00001424E-9,239.99999464E-3,,,,,-215.00001424E-9,-119.9999973E-3,
,,,-214.00001060E-9,239.99999464E-3,,,,,-214.00001060E-9,-119.9999973E-3,
,,,-213.00000697E-9,280.00000119E-3,,,,,-213.00000697E-9,-119.9999973E-3,
,,,-212.00001754E-9,280.00000119E-3,,,,,-212.00001754E-9,-79.999998212E-3,
,,,-211.00001391E-9,319.99999285E-3,,,,,-211.00001391E-9,-79.999998212E-3,
,,,-210.00001027E-9,280.00000119E-3,,,,,-210.00001027E-9,-79.999998212E-3,
,,,-209.00002085E-9,319.99999285E-3,,,,,-209.00002085E-9,-119.9999973E-3,
,,,-208.00001721E-9,280.00000119E-3,,,,,-208.00001721E-9,-79.999998212E-3,
,,,-207.00001357E-9,319.99999285E-3,,,,,-207.00001357E-9,-79.999998212E-3,
,,,-206.00000994E-9,280.00000119E-3,,,,,-206.00000994E-9,-119.9999973E-3,
,,,-205.00002051E-9,280.00000119E-3,,,,,-205.00002051E-9,-159.99999642E-3,
,,,-204.00001688E-9,280.00000119E-3,,,,,-204.00001688E-9,-79.999998212E-3,
,,,-203.00001324E-9,280.00000119E-3,,,,,-203.00001324E-9,-119.9999973E-3,
,,,-202.00000961E-9,319.99999285E-3,,,,,-202.00000961E-9,-119.9999973E-3,
,,,-201.00002018E-9,319.99999285E-3,,,,,-201.00002018E-9,-119.9999973E-3,
,,,-200.00001655E-9,319.99999285E-3,,,,,-200.00001655E-9,-79.999998212E-3,
,,,-199.00001291E-9,319.99999285E-3,,,,,-199.00001291E-9,-79.999998212E-3,
,,,-198.00000928E-9,319.99999285E-3,,,,,-198.00000928E-9,-79.999998212E-3,
,,,-197.00001985E-9,319.99999285E-3,,,,,-197.00001985E-9,-79.999998212E-3,
,,,-196.00001622E-9,319.99999285E-3,,,,,-196.00001622E-9,-79.999998212E-3,
,,,-195.00001258E-9,319.99999285E-3,,,,,-195.00001258E-9,-119.9999973E-3,
,,,-194.00000895E-9,319.99999285E-3,,,,,-194.00000895E-9,-119.9999973E-3,
,,,-193.00001952E-9,280.00000119E-3,,,,,-193.00001952E-9,-79.999998212E-3,
,,,-192.00001589E-9,319.99999285E-3,,,,,-192.00001589E-9,-119.9999973E-3,
,,,-191.00001225E-9,319.99999285E-3,,,,,-191.00001225E-9,-159.99999642E-3,
,,,-190.00000862E-9,319.99999285E-3,,,,,-190.00000862E-9,-119.9999973E-3,
,,,-189.00001919E-9,319.99999285E-3,,,,,-189.00001919E-9,-79.999998212E-3,
,,,-188.00001556E-9,319.99999285E-3,,,,,-188.00001556E-9,-79.999998212E-3,
,,,-187.00001192E-9,319.99999285E-3,,,,,-187.00001192E-9,-39.99999911E-3,
,,,-186.00000828E-9,359.99998450E-3,,,,,-186.00000828E-9,-39.99999911E-3,
,,,-185.00001886E-9,359.99998450E-3,,,,,-185.00001886E-9,-79.999998212E-3,
,,,-184.00001522E-9,319.99999285E-3,,,,,-184.00001522E-9,-79.999998212E-3,
,,,-183.00001159E-9,280.00000119E-3,,,,,-183.00001159E-9,-119.9999973E-3,
,,,-182.00000795E-9,280.00000119E-3,,,,,-182.00000795E-9,-119.9999973E-3,
,,,-181.00001853E-9,359.99998450E-3,,,,,-181.00001853E-9,-79.999998212E-3,
,,,-180.00001489E-9,319.99999285E-3,,,,,-180.00001489E-9,-79.999998212E-3,
,,,-179.00001126E-9,359.99998450E-3,,,,,-179.00001126E-9,-119.9999973E-3,
,,,-178.00002183E-9,319.99999285E-3,,,,,-178.00002183E-9,-39.99999911E-3,
,,,-177.00001820E-9,280.00000119E-3,,,,,-177.00001820E-9,-39.99999911E-3,
,,,-176.00001456E-9,319.99999285E-3,,,,,-176.00001456E-9,-79.999998212E-3,
,,,-175.00001093E-9,319.99999285E-3,,,,,-175.00001093E-9,-119.9999973E-3,
,,,-174.00002150E-9,319.99999285E-3,,,,,-174.00002150E-9,-79.999998212E-3,
,,,-173.00001787E-9,280.00000119E-3,,,,,-173.00001787E-9,-79.999998212E-3,
,,,-172.00001423E-9,280.00000119E-3,,,,,-172.00001423E-9,-79.999998212E-3,
,,,-171.00001060E-9,319.99999285E-3,,,,,-171.00001060E-9,-79.999998212E-3,
,,,-170.00002117E-9,319.99999285E-3,,,,,-170.00002117E-9,-79.999998212E-3,
,,,-169.00001754E-9,359.99998450E-3,,,,,-169.00001754E-9,-39.99999911E-3,
,,,-168.00001390E-9,359.99998450E-3,,,,,-168.00001390E-9,-39.99999911E-3,
,,,-167.00001026E-9,319.99999285E-3,,,,,-167.00001026E-9,-39.99999911E-3,
,,,-166.00002084E-9,359.99998450E-3,,,,,-166.00002084E-9,-39.99999911E-3,
,,,-165.00001720E-9,359.99998450E-3,,,,,-165.00001720E-9,0.0,
,,,-164.00001357E-9,319.99999285E-3,,,,,-164.00001357E-9,-39.99999911E-3,
,,,-163.00000993E-9,319.99999285E-3,,,,,-163.00000993E-9,0.0,
,,,-162.00002051E-9,359.99998450E-3,,,,,-162.00002051E-9,-39.99999911E-3,
,,,-161.00001687E-9,319.99999285E-3,,,,,-161.00001687E-9,-39.99999911E-3,
,,,-160.00001324E-9,359.99998450E-3,,,,,-160.00001324E-9,-39.99999911E-3,
,,,-159.00000960E-9,359.99998450E-3,,,,,-159.00000960E-9,-39.99999911E-3,
,,,-158.00002018E-9,399.99997616E-3,,,,,-158.00002018E-9,0.0,
,,,-157.00001654E-9,399.99997616E-3,,,,,-157.00001654E-9,0.0,
,,,-156.00001291E-9,439.999997616E-3,,,,,-156.00001291E-9,0.0,
,,,-155.00000927E-9,399.99997616E-3,,,,,-155.00000927E-9,0.0,
,,,-154.00001985E-9,399.99997616E-3,,,,,-154.00001985E-9,-39.99999911E-3,
,,,-153.00001621E-9,359.99998450E-3,,,,,-153.00001621E-9,-39.99999911E-3,
,,,-152.00001258E-9,399.99997616E-3,,,,,-152.00001258E-9,-79.999998212E-3,
,,,-151.00000894E-9,399.99997616E-3,,,,,-151.00000894E-9,-79.999998212E-3,
,,,-150.00001952E-9,399.99997616E-3,,,,,-150.00001952E-9,-79.999998212E-3,
,,,-149.00001588E-9,439.999997616E-3,,,,,-149.00001588E-9,-79.999998212E-3,
,,,-148.0000122E-9,359.99998450E-3,,,,,-148.0000122E-9,-39.99999911E-3,
,,,-147.0000086E-9,399.99997616E-3,,,,,-147.0000086E-9,-79.999998212E-3,
,,,-146.0000192E-9,359.99998450E-3,,,,,-146.0000192E-9,-39.99999911E-3,
,,,-145.0000156E-9,439.999997616E-3,,,,,-145.0000156E-9,-79.999998212E-3,
,,,-144.0000119E-9,439.999997616E-3,,,,,-144.0000119E-9,-79.999998212E-3,
,,,-143.0000225E-9,359.99998450E-3,,,,,-143.0000225E-9,-79.999998212E-3,
,,,-142.0000189E-9,399.99997616E-3,,,,,-142.0000189E-9,-79.999998212E-3,
,,,-141.0000152E-9,399.99997616E-3,,,,,-141.0000152E-9,-119.9999973E-3,
,,,-140.0000116E-9,359.99998450E-3,,,,,-140.0000116E-9,-39.99999911E-3,
,,,-139.0000222E-9,359.99998450E-3,,,,,-139.0000222E-9,-79.999998212E-3,
,,,-138.0000185E-9,399.99997616E-3,,,,,-138.0000185E-9,-39.99999911E-3,
,,,-137.0000149E-9,359.99998450E-3,,,,,-137.0000149E-9,-79.999998212E-3,
,,,-136.0000113E-9,359.99998450E-3,,,,,-136.0000113E-9,-79.999998212E-3,
,,,-135.0000218E-9,359.99998450E-3,,,,,-135.0000218E-9,-79.999998212E-3,
,,,-134.0000182E-9,319.99999285E-3,,,,,-134.0000182E-9,-79.999998212E-3,
,,,-133.0000146E-9,359.99998450E-3,,,,,-133.0000146E-9,-79.999998212E-3,
,,,-132.0000109E-9,359.99998450E-3,,,,,-132.0000109E-9,-79.999998212E-3,
,,,-131.0000215E-9,359.99998450E-3,,,,,-131.0000215E-9,-119.9999973E-3,
,,,-130.0000179E-9,359.99998450E-3,,,,,-130.0000179E-9,-79.999998212E-3,
,,,-129.0000142E-9,319.99999285E-3,,,,,-129.0000142E-9,-39.99999911E-3,
,,,-128.0000106E-9,359.99998450E-3,,,,,-128.0000106E-9,-79.999998212E-3,
,,,-127.0000212E-9,399.99997616E-3,,,,,-127.0000212E-9,-119.9999973E-3,
,,,-126.0000175E-9,359.99998450E-3,,,,,-126.0000175E-9,-79.999998212E-3,
,,,-125.0000139E-9,359.99998450E-3,,,,,-125.0000139E-9,-119.9999973E-3,
,,,-124.0000103E-9,359.99998450E-3,,,,,-124.0000103E-9,-119.9999973E-3,
,,,-123.0000208E-9,359.99998450E-3,,,,,-123.0000208E-9,-79.999998212E-3,
,,,-122.0000172E-9,359.99998450E-3,,,,,-122.0000172E-9,-119.9999973E-3,
,,,-121.0000136E-9,319.99999285E-3,,,,,-121.0000136E-9,-119.9999973E-3,
,,,-120.0000099E-9,359.99998450E-3,,,,,-120.0000099E-9,-119.9999973E-3,
,,,-119.0000134E-9,319.99999285E-3,,,,,-119.0000134E-9,-119.9999973E-3,
,,,-118.0000169E-9,399.99997616E-3,,,,,-118.0000169E-9,-119.9999973E-3,
,,,-117.0000132E-9,399.99997616E-3,,,,,-117.0000132E-9,-119.9999973E-3,
,,,-116.0000167E-9,399.99997616E-3,,,,,-116.0000167E-9,-119.9999973E-3,
,,,-115.0000131E-9,399.99997616E-3,,,,,-115.0000131E-9,-119.9999973E-3,
,,,-114.0000165E-9,399.99997616E-3,,,,,-114.0000165E-9,-79.999998212E-3,
,,,-113.0000200E-9,439.999997616E-3,,,,,-113.0000200E-9,-79.999998212E-3,
,,,-112.0000164E-9,399.99997616E-3,,,,,-112.0000164E-9,-119.9999973E-3,
,,,-111.0000198E-9,359.99998450E-3,,,,,-111.0000198E-9,-79.999998212E-3,
,,,-110.0000162E-9,359.99998450E-3,,,,,-110.0000162E-9,-119.9999973E-3,
,,,-109.0000197E-9,399.99997616E-3,,,,,-109.0000197E-9,-79.999998212E-3,
,,,-108.0000160E-9,399.99997616E-3,,,,,-108.0000160E-9,-79.999998212E-3,
,,,-107.0000195E-9,399.99997616E-3,,,,,-107.0000195E-9,-79.999998212E-3,
,,,-106.0000159E-9,399.99997616E-3,,,,,-106.0000159E-9,-79.999998212E-3,
,,,-105.0000193E-9,399.99997616E-3,,,,,-105.0000193E-9,0.0,
,,,-104.0000157E-9,439.999997616E-3,,,,,-104.0000157E-9,-39.99999911E-3,
,,,-103.0000192E-9,399.99997616E-3,,,,,-103.0000192E-9,-79.999998212E-3,
,,,-102.0000155E-9,399.99997616E-3,,,,,-102.0000155E-9,-119.9999973E-3,
,,,-101.0000190E-9,399.99997616E-3,,,,,-101.0000190E-9,-79.999998212E-3,
,,,-100.0000154E-9,399.99997616E-3,,,,,-100.0000154E-9,-79.999998212E-3,
,,,-99.000018849E-9,439.999997616E-3,,,,,-99.000018849E-9,-39.99999911E-3,
,,,-98.000015214E-9,439.999997616E-3,,,,,-98.000015214E-9,-79.999998212E-3,
,,,-97.000018684E-9,439.999997616E-3,,,,,-97.000018684E-9,-39.99999911E-3,
,,,-96.000015049E-9,399.99997616E-3,,,,,-96.000015049E-9,-79.999998212E-3,
,,,-95.000018518E-9,439.999997616E-3,,,,,-95.000018518E-9,-39.99999911E-3,
,,,-94.000014883E-9,399.99997616E-3,,,,,-94.000014883E-9,0.0,
,,,-93.000018353E-9,439.999997616E-3,,,,,-93.000018353E-9,-39.99999911E-3,
,,,-92.000014718E-9,439.999997616E-3,,,,,-92.000014718E-9,-39.99999911E-3,
,,,-91.000018188E-9,399.99997616E-3,,,,,-91.000018188E-9,-39.99999911E-3,
,,,-90.000014552E-9,399.99997616E-3,,,,,-90.000014552E-9,-39.99999911E-3,
,,,-89.000018022E-9,439.999997616E-3,,,,,-89.000018022E-9,-39.99999911E-3,
,,,-88.000014387E-9,399.99997616E-3,,,,,-88.000014387E-9,-39.99999911E-3,
,,,-87.000017857E-9,439.999997616E-3,,,,,-87.000017857E-9,-39.99999911E-3,
,,,-86.000014221E-9,439.999997616E-3,,,,,-86.000014221E-9,-39.99999911E-3,
,,,-85.000017691E-9,439.999997616E-3,,,,,-85.000017691E-9,39.99999911E-3,
,,,-84.000014056E-9,439.999997616E-3,,,,,-84.000014056E-9,0.0,
,,,-83.000017526E-9,439.999997616E-3,,,,,-83.000017526E-9,0.0,
,,,-82.000013890E-9,479.999989271E-3,,,,,-82.000013890E-9,-39.99999911E-3,
,,,-81.000017360E-9,439.999997616E-3,,,,,-81.000017360E-9,0.0,
,,,-80.000020830E-9,439.999997616E-3,,,,,-80.000020830E-9,-39.99999911E-3,
,,,-79.000017195E-9,439.999997616E-3,,,,,-79.000017195E-9,0.0,
,,,-78.000020665E-9,439.999997616E-3,,,,,-78.000020665E-9,39.99999911E-3,
,,,-77.000017029E-9,439.999997616E-3,,,,,-77.000017029E-9,0.0,
,,,-76.000020499E-9,439.999997616E-3,,,,,-76.000020499E-9,-39.99999911E-3,
,,,-75.000016864E-9,399.99997616E-3,,,,,-75.000016864E-9,0.0,
,,,-74.000020334E-9,399.99997616E-3,,,,,-74.000020334E-9,0.0,
,,,-73.000016698E-9,399.99997616E-3,,,,,-73.000016698E-9,0.0,
,,,-72.000020168E-9,399.99997616E-3,,,,,-72.000020168E-9,0.0,
,,,-71.000016533E-9,399.99997616E-3,,,,,-71.000016533E-9,0.0,
,,,-70.000020003E-9,399.99997616E-3,,,,,-70.000020003E-9,0.0,
,,,-69.000016367E-9,439.999997616E-3,,,,,-69.000016367E-9,39.99999911E-3,
,,,-68.000019837E-9,399.99997616E-3,,,,,-68.000019837E-9,0.0,
,,,-67.000016202E-9,399.99997616E-3,,,,,-67.000016202E-9,39.99999911E-3,
,,,-66.000019672E-9,399.99997616E-3,,,,,-66.000019672E-9,39.99999911E-3,
,,,-65.000016036E-9,359.99998450E-3,,,,,-65.000016036E-9,0.0,
,,,-64.000019506E-9,439.999997616E-3,,,,,-64.000019506E-9,39.99999911E-3,
,,,-63.000015871E-9,479.999989271E-3,,,,,-63.000015871E-9,0.0,
,,,-62.000019341E-9,399.99997616E-3,,,,,-62.000019341E-9,0.0,
,,,-61.000015705E-9,399.99997616E-3,,,,,-61.000015705E-9,0.0,
,,,-60.000019175E-9,399.99997616E-3,,,,,-60.000019175E-9,0.0,
,,,-59.000019093E-9,439.999997616E-3,,,,,-59.000019093E-9,0.0,
,,,-58.000019010E-9,439.999997616E-3,,,,,-58.000019010E-9,-39.99999911E-3,
,,,-57.000018927E-9,439.999997616E-3,,,,,-57.000018927E-9,-39.99999911E-3,
,,,-56.000018844E-9,439.999997616E-3,,,,,-56.000018844E-9,-39.99999911E-3,
,,,-55.000018762E-9,439.999997616E-3,,,,,-55.000018762E-9,-39.99999911E-3,
,,,-54.00001868E-9,439.999997616E-3,,,,,-54.00001868E-9,-39.99999911E-3,
,,,-53.00001860E-9,439.999997616E-3,,,,,-53.00001860E-9,0.0,
,,,-52.00001851E-9,439.999997616E-3,,,,,-52.00001851E-9,0.0,
,,,-51.00001843E-9,439.999997616E-3,,,,,-51.00001843E-9,-79.999998212E-3,
,,,-50.00001835E-9,439.999997616E-3,,,,,-50.00001835E-9,-39.99999911E-3,
,,,-49.00001827E-9,439.999997616E-3,,,,,-49.00001827E-9,0.0,
,,,-48.00001818E-9,479.999989271E-3,,,,,-48.00001818E-9,-39.99999911E-3,
,,,-47.00001810E-9,479.999989271E-3,,,,,-47.00001810E-9,-39.99999911E-3,
,,,-46.00001802E-9,519.999980927E-3,,,,,-46.00001802E-9,-39.99999911E-3,
,,,-45.00001793E-9,519.999980927E-3,,,,,-45.00001793E-9,0.0,
,,,-44.00001785E-9,479.999989271E-3,,,,,-44.00001785E-9,0.0,
,,,-43.00001777E-9,519.999980927E-3,,,,,-43.00001777E-9,-39.99999911E-3,
,,,-42.00001769E-9,479.999989271E-3,,,,,-42.00001769E-9,-39.99999911E-3,
,,,-41.00001760E-9,479.999989271E-3,,,,,-41.00001760E-9,-79.999998212E-3,
,,,-40.00001752E-9,439.999997616E-3,,,,,-40.00001752E-9,-79.999998212E-3,
,,,-39.00001744E-9,439.999997616E-3,,,,,-39.00001744E-9,-39.99999911E-3,
,,,-38.00001735E-9,519.999980927E-3,,,,,-38.00001735E-9,-119.9999973E-3,
,,,-37.00001727E-9,479.999989271E-3,,,,,-37.00001727E-9,-79.999998212E-3,
,,,-36.00001719E-9,519.999980927E-3,,,,,-36.00001719E-9,-79.999998212E-3,
,,,-35.00001711E-9,519.999980927E-3,,,,,-35.00001711E-9,-119.9999973E-3,
,,,-34.00001702E-9,519.999980927E-3,,,,,-34.00001702E-9,-79.999998212E-3,
,,,-33.00002049E-9,479.999989271E-3,,,,,-33.00002049E-9,-79.999998212E-3,
,,,-32.00002041E-9,519.999980927E-3,,,,,-32.00002041E-9,-159.99999642E-3,
,,,-31.00002033E-9,519.999980927E-3,,,,,-31.00002033E-9,-119.9999973E-3,
,,,-30.00002025E-9,519.999980927E-3,,,,,-30.00002025E-9,-39.99999911E-3,
,,,-29.00001839E-9,479.999989271E-3,,,,,-29.00001839E-9,-159.99999642E-3,
,,,-28.00001830E-9,479.999989271E-3,,,,,-28.00001830E-9,-119.9999973E-3,
,,,-27.00001822E-9,519.999980927E-3,,,,,-27.00001822E-9,-79.999998212E-3,
,,,-26.00001991E-9,519.999980927E-3,,,,,-26.00001991E-9,-119.9999973E-3,
,,,-25.00001983E-9,479.999989271E-3,,,,,-25.00001983E-9,-119.9999973E-3,
,,,-24.00001975E-9,519.999980927E-3,,,,,-24.00001975E-9,-79.999998212E-3,
,,,-23.00001967E-9,479.999989271E-3,,,,,-23.00001967E-9,-119.9999973E-3,
,,,-22.00001958E-9,479.999989271E-3,,,,,-22.00001958E-9,-79.999998212E-3,
,,,-21.00001950E-9,479.999989271E-3,,,,,-21.00001950E-9,-159.99999642E-3,
,,,-20.0000194E-9,479.999989271E-3,,,,,-20.0000194E-9,-159.99999642E-3,
,,,-19.0000193E-9,479.999989271E-3,,,,,-19.0000193E-9,-119.9999973E-3,
,,,-18.0000193E-9,479.999989271E-3,,,,,-18.0000193E-9,-159.99999642E-3,
,,,-17.0000192E-9,479.999989271E-3,,,,,-17.0000192E-9,-119.9999973E-3,
,,,-16.0000191E-9,479.999989271E-3,,,,,-16.0000191E-9,-119.9999973E-3,
,,,-15.0000190E-9,519.999980927E-3,,,,,-15.0000190E-9,-79.999998212E-3,
,,,-14.0000189E-9,439.999997616E-3,,,,,-14.0000189E-9,-79.999998212E-3,
,,,-13.0000197E-9,519.999980927E-3,,,,,-13.0000197E-9,-79.999998212E-3,
,,,-12.0000196E-9,479.999989271E-3,,,,,-12.0000196E-9,-79.999998212E-3,
,,,-11.0000196E-9,479.999989271E-3,,,,,-11.0000196E-9,-79.999998212E-3,
,,,-10.0000195E-9,479.999989271E-3,,,,,-10.0000195E-9,-79.999998212E-3,
,,,-9.000019396E-9,439.999997616E-3,,,,,-9.000019396E-9,-159.99999642E-3,
,,,-8.000019314E-9,439.999997616E-3,,,,,-8.000019314E-9,-79.999998212E-3,
,,,-7.00001968E-9,479.999989271E-3,,,,,-7.00001968E-9,-119.9999973E-3,
,,,-6.00001959E-9,479.999989271E-3,,,,,-6.00001959E-9,-119.9999973E-3,
,,,-5.00001951E-9,479.999989271E-3,,,,,-5.00001951E-9,-79.999998212E-3,
,,,-4.00001987E-9,479.999989271E-3,,,,,-4.00001987E-9,-39.99999911E-3,
,,,-3.00001979E-9,479.999989271E-3,,,,,-3.00001979E-9,-119.9999973E-3,
,,,-2.0000197E-9,519.999980927E-3,,,,,-2.0000197E-9,-79.999998212E-3,
,,,-1.0000197E-9,439.999997616E-3,,,,,-1.0000197E-9,-79.999998212E-3,
,,,-19.7619696E-15,439.999997616E-3,,,,,-19.7619696E-15,-39.99999911E-3,
,,,999.980205652E-12,479.999989271E-3,,,,,999.980205652E-12,-39.99999911E-3,
,,,1.9999802E-9,519.999980927E-3,,,,,1.9999802E-9,-79.999998212E-3,
,,,2.99998026E-9,439.999997616E-3,,,,,2.99998026E-9,-79.999998212E-3,
,,,3.99997990E-9,479.999989271E-3,,,,,3.99997990E-9,-39.99999911E-3,
,,,4.99997999E-9,560.000002384E-3,,,,,4.99997999E-9,0.0,
,,,5.99998007E-9,519.999980927E-3,,,,,5.99998007E-9,-39.99999911E-3,
,,,6.99998015E-9,519.999980927E-3,,,,,6.99998015E-9,-79.999998212E-3,
,,,7.999980234E-9,479.999989271E-3,,,,,7.999980234E-9,-39.99999911E-3,
,,,8.999980317E-9,479.999989271E-3,,,,,8.999980317E-9,-79.999998212E-3,
,,,9.999979511E-9,560.000002384E-3,,,,,9.999979511E-9,-79.999998212E-3,
,,,10.9999796E-9,560.000002384E-3,,,,,10.9999796E-9,-119.9999973E-3,
,,,11.9999797E-9,560.000002384E-3,,,,,11.9999797E-9,-79.999998212E-3,
,,,12.9999798E-9,519.999980927E-3,,,,,12.9999798E-9,-79.999998212E-3,
,,,13.9999798E-9,519.999980927E-3,,,,,13.9999798E-9,-39.99999911E-3,
,,,14.9999799E-9,560.000002384E-3,,,,,14.9999799E-9,0.0,
,,,15.9999800E-9,560.000002384E-3,,,,,15.9999800E-9,-39.99999911E-3,
,,,16.9999801E-9,519.999980927E-3,,,,,16.9999801E-9,0.0,
,,,17.9999802E-9,519.999980927E-3,,,,,17.9999802E-9,-79.999998212E-3,
,,,18.9999803E-9,519.999980927E-3,,,,,18.9999803E-9,-79.999998212E-3,
,,,19.9999803E-9,560.000002384E-3,,,,,19.9999803E-9,-79.999998212E-3,
,,,20.99998042E-9,560.000002384E-3,,,,,20.99998042E-9,-39.99999911E-3,
,,,21.99998050E-9,560.000002384E-3,,,,,21.99998050E-9,-79.999998212E-3,
,,,22.99997881E-9,560.000002384E-3,,,,,22.99997881E-9,-79.999998212E-3,
,,,23.99997889E-9,519.999980927E-3,,,,,23.99997889E-9,-79.999998212E-3,
,,,24.99997898E-9,519.999980927E-3,,,,,24.99997898E-9,-79.999998212E-3,
,,,25.99997906E-9,560.000002384E-3,,,,,25.99997906E-9,-119.9999973E-3,
,,,26.99997914E-9,519.999980927E-3,,,,,26.99997914E-9,-119.9999973E-3,
,,,27.99997922E-9,560.000002384E-3,,,,,27.99997922E-9,-119.9999973E-3,
,,,28.99997931E-9,599.999964237E-3,,,,,28.99997931E-9,-79.999998212E-3,
,,,29.99998117E-9,560.000002384E-3,,,,,29.99998117E-9,-79.999998212E-3,
,,,30.99997770E-9,560.000002384E-3,,,,,30.99997770E-9,-79.999998212E-3,
,,,31.99997778E-9,560.000002384E-3,,,,,31.99997778E-9,-39.99999911E-3,
,,,32.99997786E-9,599.999964237E-3,,,,,32.99997786E-9,-79.999998212E-3,
,,,33.99997794E-9,639.999985695E-3,,,,,33.99997794E-9,-39.99999911E-3,
,,,34.99997803E-9,599.999964237E-3,,,,,34.99997803E-9,-39.99999911E-3,
,,,35.99997811E-9,519.999980927E-3,,,,,35.99997811E-9,-39.99999911E-3,
,,,36.99997819E-9,560.000002384E-3,,,,,36.99997819E-9,-39.99999911E-3,
,,,37.99997828E-9,560.000002384E-3,,,,,37.99997828E-9,-79.999998212E-3,
,,,38.99997836E-9,519.999980927E-3,,,,,38.99997836E-9,-79.999998212E-3,
,,,39.99997844E-9,519.999980927E-3,,,,,39.99997844E-9,-119.9999973E-3,
,,,40.99997852E-9,519.999980927E-3,,,,,40.99997852E-9,-79.999998212E-3,
,,,41.99997861E-9,519.999980927E-3,,,,,41.99997861E-9,-79.999998212E-3,
,,,42.99997869E-9,599.999964237E-3,,,,,42.99997869E-9,-39.99999911E-3,
,,,43.99997877E-9,560.000002384E-3,,,,,43.99997877E-9,-79.999998212E-3,
,,,44.99997885E-9,479.999989271E-3,,,,,44.99997885E-9,-119.9999973E-3,
,,,45.99997894E-9,519.999980927E-3,,,,,45.99997894E-9,-119.9999973E-3,
,,,46.99997902E-9,599.999964237E-3,,,,,46.99997902E-9,-79.999998212E-3,
,,,47.99997910E-9,599.999964237E-3,,,,,47.99997910E-9,-119.9999973E-3,
,,,48.99997919E-9,479.999989271E-3,,,,,48.99997919E-9,-119.9999973E-3,
,,,49.99997927E-9,439.999997616E-3,,,,,49.99997927E-9,-119.9999973E-3,
,,,50.99997935E-9,560.000002384E-3,,,,,50.99997935E-9,-79.999998212E-3,
,,,51.99997943E-9,639.999985695E-3,,,,,51.99997943E-9,-79.999998212E-3,
,,,52.99997952E-9,479.999989271E-3,,,,,52.99997952E-9,-159.99999642E-3,
,,,53.99997960E-9,479.999989271E-3,,,,,53.99997960E-9,-79.999998212E-3,
,,,54.999979682E-9,639.999985695E-3,,,,,54.999979682E-9,-39.99999911E-3,
,,,55.999979764E-9,639.999985695E-3,,,,,55.999979764E-9,-79.999998212E-3,
,,,56.999979847E-9,479.999989271E-3,,,,,56.999979847E-9,-159.99999642E-3,
,,,57.999979930E-9,439.999997616E-3,,,,,57.999979930E-9,-119.9999973E-3,
,,,58.999980013E-9,599.999964237E-3,,,,,58.999980013E-9,-119.9999973E-3,
,,,59.999976543E-9,680.000007153E-3,,,,,59.999976543E-9,-39.99999911E-3,
,,,60.999980178E-9,439.999997616E-3,,,,,60.999980178E-9,-119.9999973E-3,
,,,61.999976708E-9,479.999989271E-3,,,,,61.999976708E-9,-119.9999973E-3,
,,,62.999980344E-9,639.999985695E-3,,,,,62.999980344E-9,-79.999998212E-3,
,,,63.999976874E-9,639.999985695E-3,,,,,63.999976874E-9,-119.9999973E-3,
,,,64.999980509E-9,519.999980927E-3,,,,,64.999980509E-9,-119.9999973E-3,
,,,65.999977039E-9,560.000002384E-3,,,,,65.999977039E-9,-119.9999973E-3,
,,,66.999980675E-9,639.999985695E-3,,,,,66.999980675E-9,-39.99999911E-3,
,,,67.999977205E-9,599.999964237E-3,,,,,67.999977205E-9,-119.9999973E-3,
,,,68.999980840E-9,519.999980927E-3,,,,,68.999980840E-9,-159.99999642E-3,
,,,69.999977370E-9,560.000002384E-3,,,,,69.999977370E-9,-119.9999973E-3,
,,,70.999981006E-9,599.999964237E-3,,,,,70.999981006E-9,-79.999998212E-3,
,,,71.999977536E-9,560.000002384E-3,,,,,71.999977536E-9,-119.9999973E-3,
,,,72.999981171E-9,560.000002384E-3,,,,,72.999981171E-9,-199.99998808E-3,
,,,73.999977701E-9,639.999985695E-3,,,,,73.999977701E-9,-159.99999642E-3,
,,,74.999981337E-9,599.999964237E-3,,,,,74.999981337E-9,-79.999998212E-3,
,,,75.999977867E-9,639.999985695E-3,,,,,75.999977867E-9,-159.99999642E-3,
,,,76.999981502E-9,560.000002384E-3,,,,,76.999981502E-9,-199.99998808E-3,
,,,77.999978032E-9,560.000002384E-3,,,,,77.999978032E-9,-79.999998212E-3,
,,,78.999974562E-9,639.999985695E-3,,,,,78.999974562E-9,-119.9999973E-3,
,,,79.999978198E-9,719.999969006E-3,,,,,79.999978198E-9,-199.99998808E-3,
,,,80.999974728E-9,560.000002384E-3,,,,,80.999974728E-9,-199.99998808E-3,
,,,81.999978363E-9,479.999989271E-3,,,,,81.999978363E-9,-79.999998212E-3,
,,,82.999974893E-9,680.000007153E-3,,,,,82.999974893E-9,-119.9999973E-3,
,,,83.999978528E-9,719.999969006E-3,,,,,83.999978528E-9,-159.99999642E-3,
,,,84.999975059E-9,479.999989271E-3,,,,,84.999975059E-9,-79.999998212E-3,
,,,85.999978694E-9,560.000002384E-3,,,,,85.999978694E-9,-79.999998212E-3,
,,,86.999975224E-9,799.999952316E-3,,,,,86.999975224E-9,-79.999998212E-3,
,,,87.999978859E-9,680.000007153E-3,,,,,87.999978859E-9,-119.9999973E-3,
,,,88.999975389E-9,439.999997616E-3,,,,,88.999975389E-9,-79.999998212E-3,
,,,89.999979025E-9,560.000002384E-3,,,,,89.999979025E-9,-79.999998212E-3,
,,,90.999975555E-9,799.999952316E-3,,,,,90.999975555E-9,-119.9999973E-3,
,,,91.999979190E-9,599.999964237E-3,,,,,91.999979190E-9,-119.9999973E-3,
,,,92.999975720E-9,439.999997616E-3,,,,,92.999975720E-9,-119.9999973E-3,
,,,93.999979356E-9,639.999985695E-3,,,,,93.999979356E-9,-119.9999973E-3,
,,,94.999975886E-9,759.999990463E-3,,,,,94.999975886E-9,-119.9999973E-3,
,,,95.999979521E-9,599.999964237E-3,,,,,95.999979521E-9,-119.9999973E-3,
,,,96.999976051E-9,599.999964237E-3,,,,,96.999976051E-9,-79.999998212E-3,
,,,97.999979687E-9,639.999985695E-3,,,,,97.999979687E-9,-119.9999973E-3,
,,,98.999976217E-9,599.999964237E-3,,,,,98.999976217E-9,-79.999998212E-3,
,,,99.999979852E-9,560.000002384E-3,,,,,99.999979852E-9,-159.99999642E-3,
,,,100.9999764E-9,560.000002384E-3,,,,,100.9999764E-9,-79.999998212E-3,
,,,101.9999800E-9,560.000002384E-3,,,,,101.9999800E-9,0.0,
,,,102.9999765E-9,560.000002384E-3,,,,,102.9999765E-9,-159.99999642E-3,
,,,103.9999802E-9,519.999980927E-3,,,,,103.9999802E-9,-119.9999973E-3,
,,,104.9999767E-9,599.999964237E-3,,,,,104.9999767E-9,0.0,
,,,105.9999803E-9,560.000002384E-3,,,,,105.9999803E-9,-79.999998212E-3,
,,,106.9999769E-9,560.000002384E-3,,,,,106.9999769E-9,-119.9999973E-3,
,,,107.9999805E-9,519.999980927E-3,,,,,107.9999805E-9,-39.99999911E-3,
,,,108.9999770E-9,519.999980927E-3,,,,,108.9999770E-9,-39.99999911E-3,
,,,109.9999736E-9,639.999985695E-3,,,,,109.9999736E-9,-119.9999973E-3,
,,,110.9999772E-9,639.999985695E-3,,,,,110.9999772E-9,-79.999998212E-3,
,,,111.9999737E-9,519.999980927E-3,,,,,111.9999737E-9,-79.999998212E-3,
,,,112.9999774E-9,560.000002384E-3,,,,,112.9999774E-9,-119.9999973E-3,
,,,113.9999739E-9,639.999985695E-3,,,,,113.9999739E-9,-79.999998212E-3,
,,,114.9999775E-9,599.999964237E-3,,,,,114.9999775E-9,-79.999998212E-3,
,,,115.9999741E-9,439.999997616E-3,,,,,115.9999741E-9,-119.9999973E-3,
,,,116.9999777E-9,560.000002384E-3,,,,,116.9999777E-9,-119.9999973E-3,
,,,117.9999742E-9,759.999990463E-3,,,,,117.9999742E-9,0.0,
,,,118.9999779E-9,599.999964237E-3,,,,,118.9999779E-9,-79.999998212E-3,
,,,119.9999815E-9,479.999989271E-3,,,,,119.9999815E-9,-159.99999642E-3,
,,,120.9999709E-9,680.000007153E-3,,,,,120.9999709E-9,-79.999998212E-3,
,,,121.9999746E-9,680.000007153E-3,,,,,121.9999746E-9,-39.99999911E-3,
,,,122.9999782E-9,519.999980927E-3,,,,,122.9999782E-9,-159.99999642E-3,
,,,123.9999818E-9,599.999964237E-3,,,,,123.9999818E-9,-159.99999642E-3,
,,,124.9999713E-9,680.000007153E-3,,,,,124.9999713E-9,-79.999998212E-3,
,,,125.9999749E-9,519.999980927E-3,,,,,125.9999749E-9,-119.9999973E-3,
,,,126.9999785E-9,599.999964237E-3,,,,,126.9999785E-9,-159.99999642E-3,
,,,127.9999822E-9,680.000007153E-3,,,,,127.9999822E-9,-79.999998212E-3,
,,,128.9999716E-9,560.000002384E-3,,,,,128.9999716E-9,-79.999998212E-3,
,,,129.9999752E-9,599.999964237E-3,,,,,129.9999752E-9,-119.9999973E-3,
,,,130.9999789E-9,680.000007153E-3,,,,,130.9999789E-9,-119.9999973E-3,
,,,131.9999825E-9,599.999964237E-3,,,,,131.9999825E-9,-79.999998212E-3,
,,,132.9999719E-9,599.999964237E-3,,,,,132.9999719E-9,-79.999998212E-3,
,,,133.9999756E-9,639.999985695E-3,,,,,133.9999756E-9,-119.9999973E-3,
,,,134.9999792E-9,639.999985695E-3,,,,,134.9999792E-9,-119.9999973E-3,
,,,135.9999828E-9,599.999964237E-3,,,,,135.9999828E-9,-79.999998212E-3,
,,,136.9999723E-9,680.000007153E-3,,,,,136.9999723E-9,-79.999998212E-3,
,,,137.9999759E-9,639.999985695E-3,,,,,137.9999759E-9,-159.99999642E-3,
,,,138.9999795E-9,639.999985695E-3,,,,,138.9999795E-9,-79.999998212E-3,
,,,139.9999832E-9,680.000007153E-3,,,,,139.9999832E-9,-79.999998212E-3,
,,,140.9999726E-9,719.999969006E-3,,,,,140.9999726E-9,-159.99999642E-3,
,,,141.9999762E-9,680.000007153E-3,,,,,141.9999762E-9,-159.99999642E-3,
,,,142.9999799E-9,599.999964237E-3,,,,,142.9999799E-9,-119.9999973E-3,
,,,143.9999693E-9,639.999985695E-3,,,,,143.9999693E-9,-159.99999642E-3,
,,,144.9999729E-9,719.999969006E-3,,,,,144.9999729E-9,-199.99998808E-3,
,,,145.9999766E-9,680.000007153E-3,,,,,145.9999766E-9,-159.99999642E-3,
,,,146.9999802E-9,599.999964237E-3,,,,,146.9999802E-9,-199.99998808E-3,
,,,147.9999696E-9,680.000007153E-3,,,,,147.9999696E-9,-199.99998808E-3,
,,,148.99997325E-9,759.999990463E-3,,,,,148.99997325E-9,-119.9999973E-3,
,,,149.99997688E-9,680.000007153E-3,,,,,149.99997688E-9,-159.99999642E-3,
,,,150.99998052E-9,599.999964237E-3,,,,,150.99998052E-9,-159.99999642E-3,
,,,151.99996994E-9,719.999969006E-3,,,,,151.99996994E-9,-119.9999973E-3,
,,,152.99997358E-9,680.000007153E-3,,,,,152.99997358E-9,-119.9999973E-3,
,,,153.99997721E-9,599.999964237E-3,,,,,153.99997721E-9,-159.99999642E-3,
,,,154.99998085E-9,639.999985695E-3,,,,,154.99998085E-9,-119.9999973E-3,
,,,155.99997027E-9,599.999964237E-3,,,,,155.99997027E-9,-119.9999973E-3,
,,,156.99997391E-9,639.999985695E-3,,,,,156.99997391E-9,-159.99999642E-3,
,,,157.99997755E-9,639.999985695E-3,,,,,157.99997755E-9,-199.99998808E-3,
,,,158.99998118E-9,639.999985695E-3,,,,,158.99998118E-9,-119.9999973E-3,
,,,159.99997061E-9,599.999964237E-3,,,,,159.99997061E-9,-159.99999642E-3,
,,,160.99997424E-9,639.999985695E-3,,,,,160.99997424E-9,-159.99999642E-3,
,,,161.99997788E-9,639.999985695E-3,,,,,161.99997788E-9,-79.999998212E-3,
,,,162.99998151E-9,599.999964237E-3,,,,,162.99998151E-9,-79.999998212E-3,
,,,163.99997094E-9,599.999964237E-3,,,,,163.99997094E-9,-199.99998808E-3,
,,,164.99997457E-9,599.999964237E-3,,,,,164.99997457E-9,-159.99999642E-3,
,,,165.99997821E-9,599.999964237E-3,,,,,165.99997821E-9,-119.9999973E-3,
,,,166.99998184E-9,599.999964237E-3,,,,,166.99998184E-9,-119.9999973E-3,
,,,167.99997127E-9,680.000007153E-3,,,,,167.99997127E-9,-119.9999973E-3,
,,,168.99997490E-9,599.999964237E-3,,,,,168.99997490E-9,-119.9999973E-3,
,,,169.99997854E-9,560.000002384E-3,,,,,169.99997854E-9,-119.9999973E-3,
,,,170.99998217E-9,599.999964237E-3,,,,,170.99998217E-9,-79.999998212E-3,
,,,171.99997160E-9,680.000007153E-3,,,,,171.99997160E-9,-159.99999642E-3,
,,,172.99997523E-9,560.000002384E-3,,,,,172.99997523E-9,-119.9999973E-3,
,,,173.99997887E-9,519.999980927E-3,,,,,173.99997887E-9,-119.9999973E-3,
,,,174.99996829E-9,599.999964237E-3,,,,,174.99996829E-9,-119.9999973E-3,
,,,175.99997193E-9,639.999985695E-3,,,,,175.99997193E-9,-119.9999973E-3,
,,,176.99997557E-9,560.000002384E-3,,,,,176.99997557E-9,-119.9999973E-3,
,,,177.99997920E-9,519.999980927E-3,,,,,177.99997920E-9,-159.99999642E-3,
,,,178.99996863E-9,639.999985695E-3,,,,,178.99996863E-9,-79.999998212E-3,
,,,179.99997226E-9,639.999985695E-3,,,,,179.99997226E-9,-119.9999973E-3,
,,,180.99997590E-9,560.000002384E-3,,,,,180.99997590E-9,-119.9999973E-3,
,,,181.99997953E-9,599.999964237E-3,,,,,181.99997953E-9,-119.9999973E-3,
,,,182.99996896E-9,639.999985695E-3,,,,,182.99996896E-9,-39.99999911E-3,
,,,183.99997259E-9,560.000002384E-3,,,,,183.99997259E-9,-119.9999973E-3,
,,,184.99997623E-9,639.999985695E-3,,,,,184.99997623E-9,-119.9999973E-3,
,,,185.99997986E-9,680.000007153E-3,,,,,185.99997986E-9,-119.9999973E-3,
,,,186.99996929E-9,639.999985695E-3,,,,,186.99996929E-9,-79.999998212E-3,
,,,187.99997292E-9,599.999964237E-3,,,,,187.99997292E-9,-119.9999973E-3,
,,,188.99997656E-9,639.999985695E-3,,,,,188.99997656E-9,-119.9999973E-3,
,,,189.99998019E-9,639.999985695E-3,,,,,189.99998019E-9,-39.99999911E-3,
,,,190.99996962E-9,639.999985695E-3,,,,,190.99996962E-9,-119.9999973E-3,
,,,191.99997325E-9,680.000007153E-3,,,,,191.99997325E-9,-39.99999911E-3,
,,,192.99997689E-9,680.000007153E-3,,,,,192.99997689E-9,-39.99999911E-3,
,,,193.99998052E-9,639.999985695E-3,,,,,193.99998052E-9,-39.99999911E-3,
,,,194.99996995E-9,719.999969006E-3,,,,,194.99996995E-9,-119.9999973E-3,
,,,195.99997358E-9,680.000007153E-3,,,,,195.99997358E-9,-39.99999911E-3,
,,,196.99997722E-9,639.999985695E-3,,,,,196.99997722E-9,-79.999998212E-3,
,,,197.99998086E-9,719.999969006E-3,,,,,197.99998086E-9,-79.999998212E-3,
,,,198.99997028E-9,759.999990463E-3,,,,,198.99997028E-9,-119.9999973E-3,
,,,199.99997392E-9,680.000007153E-3,,,,,199.99997392E-9,-39.99999911E-3,
,,,200.99997755E-9,639.999985695E-3,,,,,200.99997755E-9,-79.999998212E-3,
,,,201.99998119E-9,719.999969006E-3,,,,,201.99998119E-9,-79.999998212E-3,
,,,202.99997061E-9,680.000007153E-3,,,,,202.99997061E-9,-79.999998212E-3,
,,,203.99997425E-9,599.999964237E-3,,,,,203.99997425E-9,-39.99999911E-3,
,,,204.99997788E-9,680.000007153E-3,,,,,204.99997788E-9,-79.999998212E-3,
,,,205.99998152E-9,680.000007153E-3,,,,,205.99998152E-9,-119.9999973E-3,
,,,206.99997094E-9,719.999969006E-3,,,,,206.99997094E-9,-79.999998212E-3,
,,,207.99997458E-9,639.999985695E-3,,,,,207.99997458E-9,-79.999998212E-3,
,,,208.99997821E-9,639.999985695E-3,,,,,208.99997821E-9,-79.999998212E-3,
,,,209.99996764E-9,680.000007153E-3,,,,,209.99996764E-9,-39.99999911E-3,
,,,210.99997127E-9,680.000007153E-3,,,,,210.99997127E-9,-79.999998212E-3,
,,,211.99997491E-9,680.000007153E-3,,,,,211.99997491E-9,-79.999998212E-3,
,,,212.99997854E-9,680.000007153E-3,,,,,212.99997854E-9,-79.999998212E-3,
,,,213.99996797E-9,680.000007153E-3,,,,,213.99996797E-9,-79.999998212E-3,
,,,214.99997160E-9,680.000007153E-3,,,,,214.99997160E-9,-119.9999973E-3,
,,,215.99997524E-9,680.000007153E-3,,,,,215.99997524E-9,-159.99999642E-3,
,,,216.99997887E-9,719.999969006E-3,,,,,216.99997887E-9,-79.999998212E-3,
,,,217.99996830E-9,680.000007153E-3,,,,,217.99996830E-9,-79.999998212E-3,
,,,218.99997193E-9,719.999969006E-3,,,,,218.99997193E-9,-79.999998212E-3,
,,,219.99997557E-9,639.999985695E-3,,,,,219.99997557E-9,-79.999998212E-3,
,,,220.99997921E-9,680.000007153E-3,,,,,220.99997921E-9,-119.9999973E-3,
,,,221.99996863E-9,759.999990463E-3,,,,,221.99996863E-9,-159.99999642E-3,
,,,222.99997227E-9,680.000007153E-3,,,,,222.99997227E-9,-159.99999642E-3,
,,,223.99997590E-9,560.000002384E-3,,,,,223.99997590E-9,-79.999998212E-3,
,,,224.99997954E-9,639.999985695E-3,,,,,224.99997954E-9,-119.9999973E-3,
,,,225.99996896E-9,680.000007153E-3,,,,,225.99996896E-9,-119.9999973E-3,
,,,226.99997260E-9,680.000007153E-3,,,,,226.99997260E-9,-119.9999973E-3,
,,,227.99997623E-9,639.999985695E-3,,,,,227.99997623E-9,-119.9999973E-3,
,,,228.99997987E-9,680.000007153E-3,,,,,228.99997987E-9,-119.9999973E-3,
,,,229.99996929E-9,680.000007153E-3,,,,,229.99996929E-9,-119.9999973E-3,
,,,230.99997293E-9,680.000007153E-3,,,,,230.99997293E-9,-119.9999973E-3,
,,,231.99997656E-9,639.999985695E-3,,,,,231.99997656E-9,-79.999998212E-3,
,,,232.99998020E-9,680.000007153E-3,,,,,232.99998020E-9,-159.99999642E-3,
,,,233.99996962E-9,719.999969006E-3,,,,,233.99996962E-9,-119.9999973E-3,
,,,234.99997326E-9,639.999985695E-3,,,,,234.99997326E-9,-79.999998212E-3,
,,,235.99997689E-9,639.999985695E-3,,,,,235.99997689E-9,-119.9999973E-3,
,,,236.99998053E-9,680.000007153E-3,,,,,236.99998053E-9,-119.9999973E-3,
,,,237.99996995E-9,680.000007153E-3,,,,,237.99996995E-9,-119.9999973E-3,
,,,238.99997359E-9,639.999985695E-3,,,,,238.99997359E-9,-119.9999973E-3,
,,,239.99996301E-9,639.999985695E-3,,,,,239.99996301E-9,-119.9999973E-3,
,,,240.99998086E-9,680.000007153E-3,,,,,240.99998086E-9,-79.999998212E-3,
,,,241.99997029E-9,680.000007153E-3,,,,,241.99997029E-9,-79.999998212E-3,
,,,242.99995971E-9,680.000007153E-3,,,,,242.99995971E-9,-119.9999973E-3,
,,,243.99997756E-9,680.000007153E-3,,,,,243.99997756E-9,-119.9999973E-3,
,,,244.99996698E-9,680.000007153E-3,,,,,244.99996698E-9,-119.9999973E-3,
,,,245.99998483E-9,639.999985695E-3,,,,,245.99998483E-9,-119.9999973E-3,
,,,246.99997425E-9,680.000007153E-3,,,,,246.99997425E-9,-119.9999973E-3,
,,,247.99996368E-9,639.999985695E-3,,,,,247.99996368E-9,-159.99999642E-3,
,,,248.99998152E-9,680.000007153E-3,,,,,248.99998152E-9,-119.9999973E-3,
,,,249.99997095E-9,680.000007153E-3,,,,,249.99997095E-9,-119.9999973E-3,
,,,250.99996037E-9,680.000007153E-3,,,,,250.99996037E-9,-119.9999973E-3,
,,,251.99997822E-9,719.999969006E-3,,,,,251.99997822E-9,-119.9999973E-3,
,,,252.99996764E-9,719.999969006E-3,,,,,252.99996764E-9,-119.9999973E-3,
,,,253.99998549E-9,719.999969006E-3,,,,,253.99998549E-9,-159.99999642E-3,
,,,254.99997491E-9,719.999969006E-3,,,,,254.99997491E-9,-159.99999642E-3,
,,,255.99996434E-9,680.000007153E-3,,,,,255.99996434E-9,-119.9999973E-3,
,,,256.99998218E-9,759.999990463E-3,,,,,256.99998218E-9,-159.99999642E-3,
,,,257.99997161E-9,680.000007153E-3,,,,,257.99997161E-9,-119.9999973E-3,
,,,258.99996103E-9,680.000007153E-3,,,,,258.99996103E-9,-119.9999973E-3,
,,,259.99997888E-9,719.999969006E-3,,,,,259.99997888E-9,-119.9999973E-3,
,,,260.99996830E-9,759.999990463E-3,,,,,260.99996830E-9,-119.9999973E-3,
,,,261.99998615E-9,680.000007153E-3,,,,,261.99998615E-9,-79.999998212E-3,
,,,262.99997558E-9,680.000007153E-3,,,,,262.99997558E-9,-119.9999973E-3,
,,,263.99996500E-9,719.999969006E-3,,,,,263.99996500E-9,-119.9999973E-3,
,,,264.99998285E-9,680.000007153E-3,,,,,264.99998285E-9,-119.9999973E-3,
,,,265.99997227E-9,680.000007153E-3,,,,,265.99997227E-9,-119.9999973E-3,
,,,266.99996170E-9,719.999969006E-3,,,,,266.99996170E-9,-119.9999973E-3,
,,,267.99997954E-9,680.000007153E-3,,,,,267.99997954E-9,-79.999998212E-3,
,,,268.99996897E-9,680.000007153E-3,,,,,268.99996897E-9,-119.9999973E-3,
,,,269.99998681E-9,680.000007153E-3,,,,,269.99998681E-9,-119.9999973E-3,
,,,270.99997624E-9,680.000007153E-3,,,,,270.99997624E-9,-119.9999973E-3,
,,,271.99996566E-9,719.999969006E-3,,,,,271.99996566E-9,-119.9999973E-3,
,,,272.99998351E-9,680.000007153E-3,,,,,272.99998351E-9,-119.9999973E-3,
,,,273.99997293E-9,719.999969006E-3,,,,,273.99997293E-9,-119.9999973E-3,
,,,274.99996236E-9,680.000007153E-3,,,,,274.99996236E-9,-119.9999973E-3,
,,,275.99998020E-9,719.999969006E-3,,,,,275.99998020E-9,-159.99999642E-3,
,,,276.99996963E-9,719.999969006E-3,,,,,276.99996963E-9,-159.99999642E-3,
,,,277.99995905E-9,680.000007153E-3,,,,,277.99995905E-9,-159.99999642E-3,
,,,278.99997690E-9,719.999969006E-3,,,,,278.99997690E-9,-79.999998212E-3,
,,,279.99996632E-9,719.999969006E-3,,,,,279.99996632E-9,-119.9999973E-3,
,,,280.99998417E-9,680.000007153E-3,,,,,280.99998417E-9,-79.999998212E-3,
,,,281.99997359E-9,639.999985695E-3,,,,,281.99997359E-9,-79.999998212E-3,
,,,282.99996302E-9,680.000007153E-3,,,,,282.99996302E-9,-119.9999973E-3,
,,,283.99998087E-9,719.999969006E-3,,,,,283.99998087E-9,-79.999998212E-3,
,,,284.99997029E-9,639.999985695E-3,,,,,284.99997029E-9,-79.999998212E-3,
,,,285.99995971E-9,639.999985695E-3,,,,,285.99995971E-9,-79.999998212E-3,
,,,286.99997756E-9,719.999969006E-3,,,,,286.99997756E-9,-119.9999973E-3,
,,,287.99996699E-9,639.999985695E-3,,,,,287.99996699E-9,-79.999998212E-3,
,,,288.99998483E-9,680.000007153E-3,,,,,288.99998483E-9,-79.999998212E-3,
,,,289.99997426E-9,639.999985695E-3,,,,,289.99997426E-9,-119.9999973E-3,
,,,290.99996368E-9,680.000007153E-3,,,,,290.99996368E-9,-79.999998212E-3,
,,,291.99998153E-9,680.000007153E-3,,,,,291.99998153E-9,-79.999998212E-3,
,,,292.99997095E-9,639.999985695E-3,,,,,292.99997095E-9,-79.999998212E-3,
,,,293.99996038E-9,719.999969006E-3,,,,,293.99996038E-9,-119.9999973E-3,
,,,294.99997822E-9,680.000007153E-3,,,,,294.99997822E-9,-79.999998212E-3,
,,,295.99996765E-9,680.000007153E-3,,,,,295.99996765E-9,-119.9999973E-3,
,,,296.99998549E-9,680.000007153E-3,,,,,296.99998549E-9,-79.999998212E-3,
,,,297.99997492E-9,639.999985695E-3,,,,,297.99997492E-9,-79.999998212E-3,
,,,298.99996434E-9,719.999969006E-3,,,,,298.99996434E-9,-79.999998212E-3,
,,,299.99998219E-9,639.999985695E-3,,,,,299.99998219E-9,-119.9999973E-3,
,,,300.99997161E-9,719.999969006E-3,,,,,300.99997161E-9,-79.999998212E-3,
,,,301.99996104E-9,719.999969006E-3,,,,,301.99996104E-9,-79.999998212E-3,
,,,302.99997889E-9,680.000007153E-3,,,,,302.99997889E-9,-79.999998212E-3,
,,,303.99996831E-9,719.999969006E-3,,,,,303.99996831E-9,-119.9999973E-3,
,,,304.99995773E-9,680.000007153E-3,,,,,304.99995773E-9,-79.999998212E-3,
,,,305.99997558E-9,680.000007153E-3,,,,,305.99997558E-9,-79.999998212E-3,
,,,306.99996501E-9,719.999969006E-3,,,,,306.99996501E-9,-119.9999973E-3,
,,,307.99998285E-9,680.000007153E-3,,,,,307.99998285E-9,-119.9999973E-3,
,,,308.99997228E-9,680.000007153E-3,,,,,308.99997228E-9,-119.9999973E-3,
,,,309.99996170E-9,680.000007153E-3,,,,,309.99996170E-9,-79.999998212E-3,
,,,310.99997955E-9,719.999969006E-3,,,,,310.99997955E-9,-79.999998212E-3,
,,,311.99996897E-9,680.000007153E-3,,,,,311.99996897E-9,-119.9999973E-3,
,,,312.99995840E-9,719.999969006E-3,,,,,312.99995840E-9,-119.9999973E-3,
,,,313.99997624E-9,719.999969006E-3,,,,,313.99997624E-9,-119.9999973E-3,
,,,314.99996567E-9,719.999969006E-3,,,,,314.99996567E-9,-159.99999642E-3,
,,,315.99998351E-9,719.999969006E-3,,,,,315.99998351E-9,-159.99999642E-3,
,,,316.99997294E-9,759.999990463E-3,,,,,316.99997294E-9,-119.9999973E-3,
,,,317.99996236E-9,719.999969006E-3,,,,,317.99996236E-9,-119.9999973E-3,
,,,318.99998021E-9,719.999969006E-3,,,,,318.99998021E-9,-119.9999973E-3,
,,,319.99996963E-9,719.999969006E-3,,,,,319.99996963E-9,-159.99999642E-3,
,,,320.99995906E-9,719.999969006E-3,,,,,320.99995906E-9,-199.99998808E-3,
,,,321.99997690E-9,719.999969006E-3,,,,,321.99997690E-9,-119.9999973E-3,
,,,322.99996633E-9,680.000007153E-3,,,,,322.99996633E-9,-119.9999973E-3,
,,,323.99998418E-9,680.000007153E-3,,,,,323.99998418E-9,-119.9999973E-3,
,,,324.99997360E-9,759.999990463E-3,,,,,324.99997360E-9,-119.9999973E-3,
,,,325.99996302E-9,759.999990463E-3,,,,,325.99996302E-9,-119.9999973E-3,
,,,326.99998087E-9,759.999990463E-3,,,,,326.99998087E-9,-119.9999973E-3,
,,,327.99997030E-9,719.999969006E-3,,,,,327.99997030E-9,-159.99999642E-3,
,,,328.99995972E-9,719.999969006E-3,,,,,328.99995972E-9,-119.9999973E-3,
,,,329.99997757E-9,719.999969006E-3,,,,,329.99997757E-9,-119.9999973E-3,
,,,330.99996699E-9,719.999969006E-3,,,,,330.99996699E-9,-119.9999973E-3,
,,,331.99998484E-9,719.999969006E-3,,,,,331.99998484E-9,-159.99999642E-3,
,,,332.99997426E-9,719.999969006E-3,,,,,332.99997426E-9,-119.9999973E-3,
,,,333.99996369E-9,719.999969006E-3,,,,,333.99996369E-9,-119.9999973E-3,
,,,334.99998153E-9,719.999969006E-3,,,,,334.99998153E-9,-119.9999973E-3,
,,,335.99997096E-9,680.000007153E-3,,,,,335.99997096E-9,-159.99999642E-3,
,,,336.99996038E-9,719.999969006E-3,,,,,336.99996038E-9,-159.99999642E-3,
,,,337.99997823E-9,719.999969006E-3,,,,,337.99997823E-9,-119.9999973E-3,
,,,338.99996765E-9,680.000007153E-3,,,,,338.99996765E-9,-159.99999642E-3,
,,,339.99995708E-9,680.000007153E-3,,,,,339.99995708E-9,-159.99999642E-3,
,,,340.99997492E-9,680.000007153E-3,,,,,340.99997492E-9,-159.99999642E-3,
,,,341.99996435E-9,680.000007153E-3,,,,,341.99996435E-9,-159.99999642E-3,
,,,342.99998219E-9,719.999969006E-3,,,,,342.99998219E-9,-159.99999642E-3,
,,,343.99997162E-9,680.000007153E-3,,,,,343.99997162E-9,-159.99999642E-3,
,,,344.99996104E-9,680.000007153E-3,,,,,344.99996104E-9,-159.99999642E-3,
,,,345.99997889E-9,680.000007153E-3,,,,,345.99997889E-9,-119.9999973E-3,
,,,346.99996831E-9,680.000007153E-3,,,,,346.99996831E-9,-79.999998212E-3,
,,,347.99995774E-9,680.000007153E-3,,,,,347.99995774E-9,-119.9999973E-3,
,,,348.99997559E-9,680.000007153E-3,,,,,348.99997559E-9,-119.9999973E-3,
,,,349.99996501E-9,680.000007153E-3,,,,,349.99996501E-9,-159.99999642E-3,
,,,350.99998286E-9,719.999969006E-3,,,,,350.99998286E-9,-79.999998212E-3,
,,,351.99997228E-9,680.000007153E-3,,,,,351.99997228E-9,-119.9999973E-3,
,,,352.99996171E-9,639.999985695E-3,,,,,352.99996171E-9,-119.9999973E-3,
,,,353.99997955E-9,680.000007153E-3,,,,,353.99997955E-9,-119.9999973E-3,
,,,354.99996898E-9,680.000007153E-3,,,,,354.99996898E-9,-159.99999642E-3,
,,,355.99995840E-9,680.000007153E-3,,,,,355.99995840E-9,-119.9999973E-3,
,,,356.99997625E-9,680.000007153E-3,,,,,356.99997625E-9,-79.999998212E-3,
,,,357.99996567E-9,680.000007153E-3,,,,,357.99996567E-9,-119.9999973E-3,
,,,358.99998352E-9,680.000007153E-3,,,,,358.99998352E-9,-79.999998212E-3,
,,,359.99997294E-9,680.000007153E-3,,,,,359.99997294E-9,-119.9999973E-3,
,,,360.99996237E-9,719.999969006E-3,,,,,360.99996237E-9,-79.999998212E-3,
,,,361.99998021E-9,719.999969006E-3,,,,,361.99998021E-9,-119.9999973E-3,
,,,362.99996964E-9,719.999969006E-3,,,,,362.99996964E-9,-79.999998212E-3,
,,,363.99995906E-9,680.000007153E-3,,,,,363.99995906E-9,-79.999998212E-3,
,,,364.99997691E-9,719.999969006E-3,,,,,364.99997691E-9,-79.999998212E-3,
,,,365.99996633E-9,719.999969006E-3,,,,,365.99996633E-9,-79.999998212E-3,
,,,366.99995576E-9,680.000007153E-3,,,,,366.99995576E-9,-79.999998212E-3,
,,,367.99997361E-9,719.999969006E-3,,,,,367.99997361E-9,-79.999998212E-3,
,,,368.99996303E-9,680.000007153E-3,,,,,368.99996303E-9,-79.999998212E-3,
,,,369.99998088E-9,719.999969006E-3,,,,,369.99998088E-9,-119.9999973E-3,
,,,370.99997030E-9,680.000007153E-3,,,,,370.99997030E-9,-119.9999973E-3,
,,,371.99995973E-9,719.999969006E-3,,,,,371.99995973E-9,-79.999998212E-3,
,,,372.99997757E-9,719.999969006E-3,,,,,372.99997757E-9,-119.9999973E-3,
,,,373.99996700E-9,680.000007153E-3,,,,,373.99996700E-9,-79.999998212E-3,
,,,374.99995642E-9,719.999969006E-3,,,,,374.99995642E-9,-79.999998212E-3,
,,,375.99997427E-9,719.999969006E-3,,,,,375.99997427E-9,-159.99999642E-3,
,,,376.99996369E-9,719.999969006E-3,,,,,376.99996369E-9,-159.99999642E-3,
,,,377.99998154E-9,719.999969006E-3,,,,,377.99998154E-9,-79.999998212E-3,
,,,378.99997096E-9,759.999990463E-3,,,,,378.99997096E-9,-119.9999973E-3,
,,,379.99996039E-9,759.999990463E-3,,,,,379.99996039E-9,-79.999998212E-3,
,,,380.99997823E-9,719.999969006E-3,,,,,380.99997823E-9,-79.999998212E-3,
,,,381.99996766E-9,719.999969006E-3,,,,,381.99996766E-9,-39.99999911E-3,
,,,382.99995708E-9,759.999990463E-3,,,,,382.99995708E-9,-39.99999911E-3,
,,,383.99997493E-9,680.000007153E-3,,,,,383.99997493E-9,-79.999998212E-3,
,,,384.99996435E-9,680.000007153E-3,,,,,384.99996435E-9,-119.9999973E-3,
,,,385.99998220E-9,719.999969006E-3,,,,,385.99998220E-9,-159.99999642E-3,
,,,386.99997162E-9,680.000007153E-3,,,,,386.99997162E-9,-119.9999973E-3,
,,,387.99996105E-9,719.999969006E-3,,,,,387.99996105E-9,-119.9999973E-3,
,,,388.99997890E-9,719.999969006E-3,,,,,388.99997890E-9,-119.9999973E-3,
,,,389.99996832E-9,719.999969006E-3,,,,,389.99996832E-9,-159.99999642E-3,
,,,390.99995774E-9,719.999969006E-3,,,,,390.99995774E-9,-159.99999642E-3,
,,,391.99997559E-9,719.999969006E-3,,,,,391.99997559E-9,-119.9999973E-3,
,,,392.99996502E-9,719.999969006E-3,,,,,392.99996502E-9,-119.9999973E-3,
,,,393.99998286E-9,680.000007153E-3,,,,,393.99998286E-9,-119.9999973E-3,
,,,394.99997229E-9,719.999969006E-3,,,,,394.99997229E-9,-79.999998212E-3,
,,,395.99996171E-9,719.999969006E-3,,,,,395.99996171E-9,-79.999998212E-3,
,,,396.99997956E-9,680.000007153E-3,,,,,396.99997956E-9,-119.9999973E-3,
,,,397.99996898E-9,680.000007153E-3,,,,,397.99996898E-9,-79.999998212E-3,
,,,398.99995841E-9,680.000007153E-3,,,,,398.99995841E-9,-119.9999973E-3,
,,,399.99997625E-9,680.000007153E-3,,,,,399.99997625E-9,-79.999998212E-3,
,,,400.99996568E-9,680.000007153E-3,,,,,400.99996568E-9,-119.9999973E-3,
,,,401.99995510E-9,680.000007153E-3,,,,,401.99995510E-9,-119.9999973E-3,
,,,402.99997295E-9,680.000007153E-3,,,,,402.99997295E-9,-159.99999642E-3,
,,,403.999962373E-9,680.000007153E-3,,,,,403.999962373E-9,-119.9999973E-3,
,,,404.999980219E-9,639.999985695E-3,,,,,404.999980219E-9,-159.99999642E-3,
,,,405.999969644E-9,680.000007153E-3,,,,,405.999969644E-9,-159.99999642E-3,
,,,406.999959068E-9,719.999969006E-3,,,,,406.999959068E-9,-119.9999973E-3,
,,,407.999976915E-9,719.999969006E-3,,,,,407.999976915E-9,-159.99999642E-3,
,,,408.999966339E-9,680.000007153E-3,,,,,408.999966339E-9,-119.9999973E-3,
,,,409.999955764E-9,680.000007153E-3,,,,,409.999955764E-9,-119.9999973E-3,
,,,410.999973610E-9,639.999985695E-3,,,,,410.999973610E-9,-159.99999642E-3,
,,,411.999963035E-9,680.000007153E-3,,,,,411.999963035E-9,-159.99999642E-3,
,,,412.999980881E-9,680.000007153E-3,,,,,412.999980881E-9,-119.9999973E-3,
,,,413.999970306E-9,639.999985695E-3,,,,,413.999970306E-9,-119.9999973E-3,
,,,414.999959730E-9,680.000007153E-3,,,,,414.999959730E-9,-119.9999973E-3,
,,,415.999977577E-9,719.999969006E-3,,,,,415.999977577E-9,-79.999998212E-3,
,,,416.999967001E-9,639.999985695E-3,,,,,416.999967001E-9,-119.9999973E-3,
,,,417.999956426E-9,680.000007153E-3,,,,,417.999956426E-9,-119.9999973E-3,
,,,418.999974272E-9,719.999969006E-3,,,,,418.999974272E-9,-199.99998808E-3,
,,,419.999963697E-9,719.999969006E-3,,,,,419.999963697E-9,-199.99998808E-3,
,,,420.999981543E-9,719.999969006E-3,,,,,420.999981543E-9,-199.99998808E-3,
,,,421.999970968E-9,680.000007153E-3,,,,,421.999970968E-9,-199.99998808E-3,
,,,422.999960392E-9,680.000007153E-3,,,,,422.999960392E-9,-199.99998808E-3,
,,,423.999978238E-9,719.999969006E-3,,,,,423.999978238E-9,-159.99999642E-3,
,,,424.999967663E-9,719.999969006E-3,,,,,424.999967663E-9,-159.99999642E-3,
,,,425.999957088E-9,719.999969006E-3,,,,,425.999957088E-9,-199.99998808E-3,
,,,426.999974934E-9,719.999969006E-3,,,,,426.999974934E-9,-199.99998808E-3,
,,,427.999964359E-9,719.999969006E-3,,,,,427.999964359E-9,-119.9999973E-3,
,,,428.999982205E-9,759.999990463E-3,,,,,428.999982205E-9,-159.99999642E-3,
,,,429.999971630E-9,719.999969006E-3,,,,,429.999971630E-9,-119.9999973E-3,
,,,430.999961054E-9,759.999990463E-3,,,,,430.999961054E-9,-159.99999642E-3,
,,,431.999978900E-9,719.999969006E-3,,,,,431.999978900E-9,-119.9999973E-3,
,,,432.999968325E-9,719.999969006E-3,,,,,432.999968325E-9,-119.9999973E-3,
,,,433.999957750E-9,719.999969006E-3,,,,,433.999957750E-9,-119.9999973E-3,
,,,434.999975596E-9,719.999969006E-3,,,,,434.999975596E-9,-119.9999973E-3,
,,,435.999965021E-9,680.000007153E-3,,,,,435.999965021E-9,-119.9999973E-3,
,,,436.999954445E-9,759.999990463E-3,,,,,436.999954445E-9,-119.9999973E-3,
,,,437.999972291E-9,680.000007153E-3,,,,,437.999972291E-9,-119.9999973E-3,
,,,438.999961716E-9,719.999969006E-3,,,,,438.999961716E-9,-79.999998212E-3,
,,,439.999979562E-9,680.000007153E-3,,,,,439.999979562E-9,-79.999998212E-3,
,,,440.999968987E-9,719.999969006E-3,,,,,440.999968987E-9,-119.9999973E-3,
,,,441.999958412E-9,680.000007153E-3,,,,,441.999958412E-9,-79.999998212E-3,
,,,442.999976258E-9,680.000007153E-3,,,,,442.999976258E-9,-119.9999973E-3,
,,,443.999965682E-9,680.000007153E-3,,,,,443.999965682E-9,-119.9999973E-3,
,,,444.999955107E-9,680.000007153E-3,,,,,444.999955107E-9,-119.9999973E-3,
,,,445.999972953E-9,680.000007153E-3,,,,,445.999972953E-9,-119.9999973E-3,
,,,446.999962378E-9,680.000007153E-3,,,,,446.999962378E-9,-159.99999642E-3,
,,,447.999980224E-9,719.999969006E-3,,,,,447.999980224E-9,-119.9999973E-3,
,,,448.999969649E-9,680.000007153E-3,,,,,448.999969649E-9,-159.99999642E-3,
,,,449.999959073E-9,719.999969006E-3,,,,,449.999959073E-9,-119.9999973E-3,
,,,450.999976920E-9,680.000007153E-3,,,,,450.999976920E-9,-119.9999973E-3,
,,,451.999966344E-9,680.000007153E-3,,,,,451.999966344E-9,-119.9999973E-3,
,,,452.999955769E-9,680.000007153E-3,,,,,452.999955769E-9,-79.999998212E-3,
,,,453.999973615E-9,719.999969006E-3,,,,,453.999973615E-9,-119.9999973E-3,
,,,454.999963040E-9,719.999969006E-3,,,,,454.999963040E-9,-119.9999973E-3,
,,,455.999980886E-9,680.000007153E-3,,,,,455.999980886E-9,-119.9999973E-3,
,,,456.999970311E-9,719.999969006E-3,,,,,456.999970311E-9,-119.9999973E-3,
,,,457.999959735E-9,719.999969006E-3,,,,,457.999959735E-9,-119.9999973E-3,
,,,458.999977582E-9,680.000007153E-3,,,,,458.999977582E-9,-119.9999973E-3,
,,,459.999967006E-9,680.000007153E-3,,,,,459.999967006E-9,-79.999998212E-3,
,,,460.999956431E-9,680.000007153E-3,,,,,460.999956431E-9,-79.999998212E-3,
,,,461.999974277E-9,639.999985695E-3,,,,,461.999974277E-9,-119.9999973E-3,
,,,462.999963702E-9,680.000007153E-3,,,,,462.999963702E-9,-79.999998212E-3,
,,,463.999953126E-9,680.000007153E-3,,,,,463.999953126E-9,-119.9999973E-3,
,,,464.999970973E-9,639.999985695E-3,,,,,464.999970973E-9,-39.99999911E-3,
,,,465.999960397E-9,680.000007153E-3,,,,,465.999960397E-9,-39.99999911E-3,
,,,466.999978244E-9,639.999985695E-3,,,,,466.999978244E-9,-119.9999973E-3,
,,,467.999967668E-9,680.000007153E-3,,,,,467.999967668E-9,-79.999998212E-3,
,,,468.999957093E-9,680.000007153E-3,,,,,468.999957093E-9,-119.9999973E-3,
,,,469.999974939E-9,680.000007153E-3,,,,,469.999974939E-9,-119.9999973E-3,
,,,470.999964364E-9,719.999969006E-3,,,,,470.999964364E-9,-79.999998212E-3,
,,,471.999953788E-9,599.999964237E-3,,,,,471.999953788E-9,-119.9999973E-3,
,,,472.999971635E-9,639.999985695E-3,,,,,472.999971635E-9,-119.9999973E-3,
,,,473.999961059E-9,680.000007153E-3,,,,,473.999961059E-9,-119.9999973E-3,
,,,474.999978906E-9,680.000007153E-3,,,,,474.999978906E-9,-119.9999973E-3,
,,,475.999968330E-9,639.999985695E-3,,,,,475.999968330E-9,-119.9999973E-3,
,,,476.999957755E-9,680.000007153E-3,,,,,476.999957755E-9,-79.999998212E-3,
,,,477.999947179E-9,719.999969006E-3,,,,,477.999947179E-9,-119.9999973E-3,
,,,478.999993447E-9,639.999985695E-3,,,,,478.999993447E-9,-119.9999973E-3,
,,,479.999982872E-9,680.000007153E-3,,,,,479.999982872E-9,-119.9999973E-3,
,,,480.999972297E-9,680.000007153E-3,,,,,480.999972297E-9,-79.999998212E-3,
,,,481.999961721E-9,680.000007153E-3,,,,,481.999961721E-9,-79.999998212E-3,
,,,482.999951146E-9,680.000007153E-3,,,,,482.999951146E-9,-79.999998212E-3,
,,,483.999940570E-9,680.000007153E-3,,,,,483.999940570E-9,-79.999998212E-3,
,,,484.999986838E-9,680.000007153E-3,,,,,484.999986838E-9,-79.999998212E-3,
,,,485.999976263E-9,719.999969006E-3,,,,,485.999976263E-9,-79.999998212E-3,
,,,486.999965688E-9,719.999969006E-3,,,,,486.999965688E-9,-119.9999973E-3,
,,,487.999955112E-9,719.999969006E-3,,,,,487.999955112E-9,-119.9999973E-3,
,,,488.999944537E-9,680.000007153E-3,,,,,488.999944537E-9,-119.9999973E-3,
,,,489.999990805E-9,719.999969006E-3,,,,,489.999990805E-9,-119.9999973E-3,
,,,490.999980229E-9,680.000007153E-3,,,,,490.999980229E-9,-79.999998212E-3,
,,,491.999969654E-9,719.999969006E-3,,,,,491.999969654E-9,-119.9999973E-3,
,,,492.999959079E-9,759.999990463E-3,,,,,492.999959079E-9,-119.9999973E-3,
,,,493.999948503E-9,759.999990463E-3,,,,,493.999948503E-9,-119.9999973E-3,
,,,494.999937928E-9,719.999969006E-3,,,,,494.999937928E-9,-79.999998212E-3,
,,,495.999984196E-9,719.999969006E-3,,,,,495.999984196E-9,-79.999998212E-3,
,,,496.999973620E-9,759.999990463E-3,,,,,496.999973620E-9,-39.99999911E-3,
,,,497.999963045E-9,680.000007153E-3,,,,,497.999963045E-9,-79.999998212E-3,
,,,498.999952470E-9,719.999969006E-3,,,,,498.999952470E-9,-39.99999911E-3,
,,,499.999941894E-9,680.000007153E-3,,,,,499.999941894E-9,-39.99999911E-3,
,,,500.999988162E-9,719.999969006E-3,,,,,500.999988162E-9,-39.99999911E-3,
,,,501.999977587E-9,719.999969006E-3,,,,,501.999977587E-9,-79.999998212E-3,
,,,502.999967011E-9,719.999969006E-3,,,,,502.999967011E-9,-119.9999973E-3,
,,,503.999956436E-9,680.000007153E-3,,,,,503.999956436E-9,-79.999998212E-3,
,,,504.999945861E-9,680.000007153E-3,,,,,504.999945861E-9,-79.999998212E-3,
,,,505.999992129E-9,719.999969006E-3,,,,,505.999992129E-9,-79.999998212E-3,
,,,506.999981553E-9,680.000007153E-3,,,,,506.999981553E-9,-119.9999973E-3,
,,,507.999970978E-9,639.999985695E-3,,,,,507.999970978E-9,-79.999998212E-3,
,,,508.999960402E-9,680.000007153E-3,,,,,508.999960402E-9,-39.99999911E-3,
,,,509.999949827E-9,639.999985695E-3,,,,,509.999949827E-9,-79.999998212E-3,
,,,510.999939252E-9,639.999985695E-3,,,,,510.999939252E-9,-79.999998212E-3,
,,,511.999985520E-9,599.999964237E-3,,,,,511.999985520E-9,-79.999998212E-3,
,,,512.999974944E-9,639.999985695E-3,,,,,512.999974944E-9,-79.999998212E-3,
,,,513.999964369E-9,639.999985695E-3,,,,,513.999964369E-9,-39.99999911E-3,
,,,514.999953793E-9,680.000007153E-3,,,,,514.999953793E-9,-79.999998212E-3,
,,,515.999943218E-9,639.999985695E-3,,,,,515.999943218E-9,-79.999998212E-3,
,,,516.999989486E-9,560.000002384E-3,,,,,516.999989486E-9,0.0,
,,,517.999978911E-9,639.999985695E-3,,,,,517.999978911E-9,-119.9999973E-3,
,,,518.999968335E-9,560.000002384E-3,,,,,518.999968335E-9,-79.999998212E-3,
,,,519.999957760E-9,519.999980927E-3,,,,,519.999957760E-9,-79.999998212E-3,
,,,520.999947184E-9,599.999964237E-3,,,,,520.999947184E-9,-159.99999642E-3,
,,,521.999993452E-9,560.000002384E-3,,,,,521.999993452E-9,0.0,
,,,522.999982877E-9,479.999989271E-3,,,,,522.999982877E-9,-79.999998212E-3,
,,,523.999972302E-9,560.000002384E-3,,,,,523.999972302E-9,-119.9999973E-3,
,,,524.999961726E-9,560.000002384E-3,,,,,524.999961726E-9,39.99999911E-3,
,,,525.999951151E-9,560.000002384E-3,,,,,525.999951151E-9,-39.99999911E-3,
,,,526.999940575E-9,560.000002384E-3,,,,,526.999940575E-9,-39.99999911E-3,
,,,527.999986843E-9,599.999964237E-3,,,,,527.999986843E-9,79.999998212E-3,
,,,528.999976268E-9,519.999980927E-3,,,,,528.999976268E-9,-39.99999911E-3,
,,,529.999965693E-9,519.999980927E-3,,,,,529.999965693E-9,-39.99999911E-3,
,,,530.999955117E-9,519.999980927E-3,,,,,530.999955117E-9,79.999998212E-3,
,,,531.999944542E-9,479.999989271E-3,,,,,531.999944542E-9,-39.99999911E-3,
,,,532.999990810E-9,479.999989271E-3,,,,,532.999990810E-9,-79.999998212E-3,
,,,533.999980235E-9,439.999997616E-3,,,,,533.999980235E-9,0.0,
,,,534.999969659E-9,479.999989271E-3,,,,,534.999969659E-9,-79.999998212E-3,
,,,535.999959084E-9,479.999989271E-3,,,,,535.999959084E-9,-39.99999911E-3,
,,,536.999948508E-9,479.999989271E-3,,,,,536.999948508E-9,39.99999911E-3,
,,,537.999937933E-9,479.999989271E-3,,,,,537.999937933E-9,-39.99999911E-3,
,,,538.999984201E-9,479.999989271E-3,,,,,538.999984201E-9,0.0,
,,,539.999973626E-9,479.999989271E-3,,,,,539.999973626E-9,39.99999911E-3,
,,,540.999963050E-9,479.999989271E-3,,,,,540.999963050E-9,-39.99999911E-3,
,,,541.999952475E-9,479.999989271E-3,,,,,541.999952475E-9,0.0,
,,,542.999941899E-9,439.999997616E-3,,,,,542.999941899E-9,79.999998212E-3,
,,,543.999988167E-9,439.999997616E-3,,,,,543.999988167E-9,-39.99999911E-3,
,,,544.999977592E-9,439.999997616E-3,,,,,544.999977592E-9,-39.99999911E-3,
,,,545.999967017E-9,479.999989271E-3,,,,,545.999967017E-9,0.0,
,,,546.999956441E-9,399.99997616E-3,,,,,546.999956441E-9,-39.99999911E-3,
,,,547.999945866E-9,479.999989271E-3,,,,,547.999945866E-9,-39.99999911E-3,
,,,548.999992134E-9,479.999989271E-3,,,,,548.999992134E-9,0.0,
,,,549.999981558E-9,479.999989271E-3,,,,,549.999981558E-9,0.0,
,,,550.999970983E-9,479.999989271E-3,,,,,550.999970983E-9,0.0,
,,,551.999960408E-9,479.999989271E-3,,,,,551.999960408E-9,39.99999911E-3,
,,,552.999949832E-9,479.999989271E-3,,,,,552.999949832E-9,0.0,
,,,553.999939257E-9,479.999989271E-3,,,,,553.999939257E-9,39.99999911E-3,
,,,554.999985525E-9,479.999989271E-3,,,,,554.999985525E-9,0.0,
,,,555.999974949E-9,439.999997616E-3,,,,,555.999974949E-9,39.99999911E-3,
,,,556.999964374E-9,479.999989271E-3,,,,,556.999964374E-9,39.99999911E-3,
,,,557.999953799E-9,479.999989271E-3,,,,,557.999953799E-9,39.99999911E-3,
,,,558.999943223E-9,439.999997616E-3,,,,,558.999943223E-9,39.99999911E-3,
,,,559.999989491E-9,439.999997616E-3,,,,,559.999989491E-9,-39.99999911E-3,
,,,560.999978916E-9,479.999989271E-3,,,,,560.999978916E-9,0.0,
,,,561.999968340E-9,479.999989271E-3,,,,,561.999968340E-9,39.99999911E-3,
,,,562.999957765E-9,439.999997616E-3,,,,,562.999957765E-9,0.0,
,,,563.999947190E-9,479.999989271E-3,,,,,563.999947190E-9,39.99999911E-3,
,,,564.999936614E-9,479.999989271E-3,,,,,564.999936614E-9,39.99999911E-3,
,,,565.999982882E-9,399.99997616E-3,,,,,565.999982882E-9,0.0,
,,,566.999972307E-9,439.999997616E-3,,,,,566.999972307E-9,39.99999911E-3,
,,,567.999961731E-9,439.999997616E-3,,,,,567.999961731E-9,0.0,
,,,568.999951156E-9,359.99998450E-3,,,,,568.999951156E-9,-39.99999911E-3,
,,,569.999940581E-9,439.999997616E-3,,,,,569.999940581E-9,39.99999911E-3,
,,,570.999986849E-9,479.999989271E-3,,,,,570.999986849E-9,39.99999911E-3,
,,,571.999976273E-9,399.99997616E-3,,,,,571.999976273E-9,0.0,
,,,572.999965698E-9,399.99997616E-3,,,,,572.999965698E-9,0.0,
,,,573.999955122E-9,399.99997616E-3,,,,,573.999955122E-9,0.0,
,,,574.999944547E-9,439.999997616E-3,,,,,574.999944547E-9,0.0,
,,,575.999990815E-9,359.99998450E-3,,,,,575.999990815E-9,39.99999911E-3,
,,,576.999980240E-9,399.99997616E-3,,,,,576.999980240E-9,0.0,
,,,577.999969664E-9,399.99997616E-3,,,,,577.999969664E-9,-39.99999911E-3,
,,,578.999959089E-9,359.99998450E-3,,,,,578.999959089E-9,39.99999911E-3,
,,,579.999948513E-9,319.99999285E-3,,,,,579.999948513E-9,0.0,
,,,580.999937938E-9,359.99998450E-3,,,,,580.999937938E-9,0.0,
,,,581.999984206E-9,359.99998450E-3,,,,,581.999984206E-9,0.0,
,,,582.999973631E-9,399.99997616E-3,,,,,582.999973631E-9,-79.999998212E-3,
,,,583.999963055E-9,319.99999285E-3,,,,,583.999963055E-9,0.0,
,,,584.999952480E-9,319.99999285E-3,,,,,584.999952480E-9,-39.99999911E-3,
,,,585.999941904E-9,359.99998450E-3,,,,,585.999941904E-9,39.99999911E-3,
,,,586.999988172E-9,319.99999285E-3,,,,,586.999988172E-9,0.0,
,,,587.999977597E-9,399.99997616E-3,,,,,587.999977597E-9,0.0,
,,,588.999967022E-9,399.99997616E-3,,,,,588.999967022E-9,0.0,
,,,589.999956446E-9,319.99999285E-3,,,,,589.999956446E-9,0.0,
,,,590.999945871E-9,319.99999285E-3,,,,,590.999945871E-9,0.0,
,,,591.999935295E-9,359.99998450E-3,,,,,591.999935295E-9,39.99999911E-3,
,,,592.999981563E-9,280.00000119E-3,,,,,592.999981563E-9,39.99999911E-3,
,,,593.999970988E-9,280.00000119E-3,,,,,593.999970988E-9,0.0,
,,,594.999960413E-9,319.99999285E-3,,,,,594.999960413E-9,0.0,
,,,595.999949837E-9,319.99999285E-3,,,,,595.999949837E-9,0.0,
,,,596.999939262E-9,280.00000119E-3,,,,,596.999939262E-9,0.0,
,,,597.999985530E-9,319.99999285E-3,,,,,597.999985530E-9,0.0,
,,,598.999974954E-9,359.99998450E-3,,,,,598.999974954E-9,39.99999911E-3,
,,,599.999964379E-9,319.99999285E-3,,,,,599.999964379E-9,0.0,
,,,600.999953804E-9,359.99998450E-3,,,,,600.999953804E-9,39.99999911E-3,
,,,601.999943228E-9,319.99999285E-3,,,,,601.999943228E-9,0.0,
,,,602.999989496E-9,319.99999285E-3,,,,,602.999989496E-9,0.0,
,,,603.999978921E-9,319.99999285E-3,,,,,603.999978921E-9,0.0,
,,,604.999968346E-9,319.99999285E-3,,,,,604.999968346E-9,0.0,
,,,605.999957770E-9,280.00000119E-3,,,,,605.999957770E-9,0.0,
,,,606.999947195E-9,319.99999285E-3,,,,,606.999947195E-9,0.0,
,,,607.999936619E-9,280.00000119E-3,,,,,607.999936619E-9,0.0,
,,,608.999982887E-9,319.99999285E-3,,,,,608.999982887E-9,39.99999911E-3,
,,,609.999972312E-9,359.99998450E-3,,,,,609.999972312E-9,79.999998212E-3,
,,,610.999961737E-9,319.99999285E-3,,,,,610.999961737E-9,0.0,
,,,611.999951161E-9,319.99999285E-3,,,,,611.999951161E-9,0.0,
,,,612.999940586E-9,359.99998450E-3,,,,,612.999940586E-9,0.0,
,,,613.999986854E-9,319.99999285E-3,,,,,613.999986854E-9,0.0,
,,,614.999976278E-9,280.00000119E-3,,,,,614.999976278E-9,0.0,
,,,615.999965703E-9,319.99999285E-3,,,,,615.999965703E-9,-39.99999911E-3,
,,,616.999955128E-9,280.00000119E-3,,,,,616.999955128E-9,0.0,
,,,617.999944552E-9,239.99999464E-3,,,,,617.999944552E-9,0.0,
,,,618.999990820E-9,319.99999285E-3,,,,,618.999990820E-9,-39.99999911E-3,
,,,619.999980245E-9,280.00000119E-3,,,,,619.999980245E-9,0.0,
,,,620.999969669E-9,280.00000119E-3,,,,,620.999969669E-9,39.99999911E-3,
,,,621.999959094E-9,280.00000119E-3,,,,,621.999959094E-9,0.0,
,,,622.999948519E-9,280.00000119E-3,,,,,622.999948519E-9,39.99999911E-3,
,,,623.999937943E-9,239.99999464E-3,,,,,623.999937943E-9,39.99999911E-3,
,,,624.999984211E-9,319.99999285E-3,,,,,624.999984211E-9,-39.99999911E-3,
,,,625.999973636E-9,280.00000119E-3,,,,,625.999973636E-9,39.99999911E-3,
,,,626.999963060E-9,280.00000119E-3,,,,,626.999963060E-9,39.99999911E-3,
,,,627.999952485E-9,280.00000119E-3,,,,,627.999952485E-9,39.99999911E-3,
,,,628.999941910E-9,319.99999285E-3,,,,,628.999941910E-9,39.99999911E-3,
,,,629.999988178E-9,319.99999285E-3,,,,,629.999988178E-9,119.9999973E-3,
,,,630.999977602E-9,280.00000119E-3,,,,,630.999977602E-9,39.99999911E-3,
,,,631.999967027E-9,280.00000119E-3,,,,,631.999967027E-9,39.99999911E-3,
,,,632.999956451E-9,199.99998808E-3,,,,,632.999956451E-9,39.99999911E-3,
,,,633.999945876E-9,239.99999464E-3,,,,,633.999945876E-9,39.99999911E-3,
,,,634.999935301E-9,239.99999464E-3,,,,,634.999935301E-9,0.0,
,,,635.999981569E-9,239.99999464E-3,,,,,635.999981569E-9,79.999998212E-3,
,,,636.999970993E-9,239.99999464E-3,,,,,636.999970993E-9,39.99999911E-3,
,,,637.999960418E-9,199.99998808E-3,,,,,637.999960418E-9,39.99999911E-3,
,,,638.999949842E-9,199.99998808E-3,,,,,638.999949842E-9,79.999998212E-3,
,,,639.999939267E-9,239.99999464E-3,,,,,639.999939267E-9,39.99999911E-3,
,,,640.999985535E-9,239.99999464E-3,,,,,640.999985535E-9,39.99999911E-3,
,,,641.999974960E-9,199.99998808E-3,,,,,641.999974960E-9,79.999998212E-3,
,,,642.999964384E-9,239.99999464E-3,,,,,642.999964384E-9,39.99999911E-3,
,,,643.999953809E-9,239.99999464E-3,,,,,643.999953809E-9,39.99999911E-3,
,,,644.999943233E-9,199.99998808E-3,,,,,644.999943233E-9,39.99999911E-3,
,,,645.999989501E-9,239.99999464E-3,,,,,645.999989501E-9,39.99999911E-3,
,,,646.999978926E-9,239.99999464E-3,,,,,646.999978926E-9,79.999998212E-3,
,,,647.999968351E-9,199.99998808E-3,,,,,647.999968351E-9,39.99999911E-3,
,,,648.999957775E-9,199.99998808E-3,,,,,648.999957775E-9,39.99999911E-3,
,,,649.999947200E-9,199.99998808E-3,,,,,649.999947200E-9,39.99999911E-3,
,,,650.999936624E-9,159.99999642E-3,,,,,650.999936624E-9,39.99999911E-3,
,,,651.999982892E-9,119.9999973E-3,,,,,651.999982892E-9,39.99999911E-3,
,,,652.999972317E-9,199.99998808E-3,,,,,652.999972317E-9,79.999998212E-3,
,,,653.999961742E-9,159.99999642E-3,,,,,653.999961742E-9,39.99999911E-3,
,,,654.999951166E-9,199.99998808E-3,,,,,654.999951166E-9,79.999998212E-3,
,,,655.999940591E-9,159.99999642E-3,,,,,655.999940591E-9,79.999998212E-3,
,,,656.999986859E-9,199.99998808E-3,,,,,656.999986859E-9,39.99999911E-3,
,,,657.999976283E-9,239.99999464E-3,,,,,657.999976283E-9,39.99999911E-3,
,,,658.999965708E-9,199.99998808E-3,,,,,658.999965708E-9,39.99999911E-3,
,,,659.999955133E-9,239.99999464E-3,,,,,659.999955133E-9,0.0,
,,,660.999944557E-9,199.99998808E-3,,,,,660.999944557E-9,79.999998212E-3,
,,,661.999933982E-9,159.99999642E-3,,,,,661.999933982E-9,39.99999911E-3,
,,,662.999980250E-9,239.99999464E-3,,,,,662.999980250E-9,39.99999911E-3,
,,,663.999969674E-9,159.99999642E-3,,,,,663.999969674E-9,39.99999911E-3,
,,,664.999959099E-9,199.99998808E-3,,,,,664.999959099E-9,0.0,
,,,665.999948524E-9,199.99998808E-3,,,,,665.999948524E-9,39.99999911E-3,
,,,666.999937948E-9,199.99998808E-3,,,,,666.999937948E-9,39.99999911E-3,
,,,667.999984216E-9,159.99999642E-3,,,,,667.999984216E-9,0.0,
,,,668.999973641E-9,199.99998808E-3,,,,,668.999973641E-9,39.99999911E-3,
,,,669.999963065E-9,199.99998808E-3,,,,,669.999963065E-9,79.999998212E-3,
,,,670.999952490E-9,239.99999464E-3,,,,,670.999952490E-9,0.0,
,,,671.999941915E-9,199.99998808E-3,,,,,671.999941915E-9,39.99999911E-3,
,,,672.999988183E-9,199.99998808E-3,,,,,672.999988183E-9,0.0,
,,,673.999977607E-9,199.99998808E-3,,,,,673.999977607E-9,39.99999911E-3,
,,,674.999967032E-9,199.99998808E-3,,,,,674.999967032E-9,0.0,
,,,675.999956457E-9,199.99998808E-3,,,,,675.999956457E-9,39.99999911E-3,
,,,676.999945881E-9,199.99998808E-3,,,,,676.999945881E-9,0.0,
,,,677.999935306E-9,199.99998808E-3,,,,,677.999935306E-9,0.0,
,,,678.999981574E-9,199.99998808E-3,,,,,678.999981574E-9,0.0,
,,,679.999970998E-9,239.99999464E-3,,,,,679.999970998E-9,0.0,
,,,680.999960423E-9,239.99999464E-3,,,,,680.999960423E-9,39.99999911E-3,
,,,681.999949848E-9,199.99998808E-3,,,,,681.999949848E-9,39.99999911E-3,
,,,682.999939272E-9,239.99999464E-3,,,,,682.999939272E-9,39.99999911E-3,
,,,683.999985540E-9,159.99999642E-3,,,,,683.999985540E-9,39.99999911E-3,
,,,684.999974965E-9,199.99998808E-3,,,,,684.999974965E-9,39.99999911E-3,
,,,685.999964389E-9,159.99999642E-3,,,,,685.999964389E-9,-39.99999911E-3,
,,,686.999953814E-9,199.99998808E-3,,,,,686.999953814E-9,0.0,
,,,687.999943239E-9,239.99999464E-3,,,,,687.999943239E-9,79.999998212E-3,
,,,688.999932663E-9,199.99998808E-3,,,,,688.999932663E-9,39.99999911E-3,
,,,689.999978931E-9,199.99998808E-3,,,,,689.999978931E-9,39.99999911E-3,
,,,690.999968356E-9,239.99999464E-3,,,,,690.999968356E-9,79.999998212E-3,
,,,691.999957780E-9,159.99999642E-3,,,,,691.999957780E-9,39.99999911E-3,
,,,692.999947205E-9,159.99999642E-3,,,,,692.999947205E-9,39.99999911E-3,
,,,693.999936630E-9,199.99998808E-3,,,,,693.999936630E-9,0.0,
,,,694.999982898E-9,159.99999642E-3,,,,,694.999982898E-9,39.99999911E-3,
,,,695.999972322E-9,119.9999973E-3,,,,,695.999972322E-9,0.0,
,,,696.999961747E-9,119.9999973E-3,,,,,696.999961747E-9,0.0,
,,,697.999951171E-9,119.9999973E-3,,,,,697.999951171E-9,39.99999911E-3,
,,,698.999940596E-9,119.9999973E-3,,,,,698.999940596E-9,39.99999911E-3,
,,,699.999986864E-9,159.99999642E-3,,,,,699.999986864E-9,0.0,
,,,700.999976289E-9,159.99999642E-3,,,,,700.999976289E-9,39.99999911E-3,
,,,701.999965713E-9,119.9999973E-3,,,,,701.999965713E-9,0.0,
,,,702.999955138E-9,119.9999973E-3,,,,,702.999955138E-9,39.99999911E-3,
,,,703.999944562E-9,119.9999973E-3,,,,,703.999944562E-9,39.99999911E-3,
,,,704.999933987E-9,119.9999973E-3,,,,,704.999933987E-9,39.99999911E-3,
,,,705.999980255E-9,119.9999973E-3,,,,,705.999980255E-9,0.0,
,,,706.999969680E-9,119.9999973E-3,,,,,706.999969680E-9,0.0,
,,,707.999959104E-9,119.9999973E-3,,,,,707.999959104E-9,0.0,
,,,708.999948529E-9,79.999998212E-3,,,,,708.999948529E-9,39.99999911E-3,
,,,709.999937953E-9,119.9999973E-3,,,,,709.999937953E-9,0.0,
,,,710.999984221E-9,79.999998212E-3,,,,,710.999984221E-9,39.99999911E-3,
,,,711.999973646E-9,119.9999973E-3,,,,,711.999973646E-9,0.0,
,,,712.999963071E-9,119.9999973E-3,,,,,712.999963071E-9,0.0,
,,,713.999952495E-9,119.9999973E-3,,,,,713.999952495E-9,39.99999911E-3,
,,,714.999941920E-9,119.9999973E-3,,,,,714.999941920E-9,0.0,
,,,715.999988188E-9,79.999998212E-3,,,,,715.999988188E-9,-39.99999911E-3,
,,,716.999977612E-9,119.9999973E-3,,,,,716.999977612E-9,0.0,
,,,717.999967037E-9,119.9999973E-3,,,,,717.999967037E-9,39.99999911E-3,
,,,718.999956462E-9,79.999998212E-3,,,,,718.999956462E-9,0.0,
,,,719.999945886E-9,39.99999911E-3,,,,,719.999945886E-9,0.0,
,,,720.999935311E-9,79.999998212E-3,,,,,720.999935311E-9,0.0,
,,,721.999981579E-9,79.999998212E-3,,,,,721.999981579E-9,39.99999911E-3,
,,,722.999971003E-9,119.9999973E-3,,,,,722.999971003E-9,39.99999911E-3,
,,,723.999960428E-9,119.9999973E-3,,,,,723.999960428E-9,39.99999911E-3,
,,,724.999949853E-9,159.99999642E-3,,,,,724.999949853E-9,0.0,
,,,725.999939277E-9,119.9999973E-3,,,,,725.999939277E-9,39.99999911E-3,
,,,726.999985545E-9,119.9999973E-3,,,,,726.999985545E-9,0.0,
,,,727.999974970E-9,119.9999973E-3,,,,,727.999974970E-9,39.99999911E-3,
,,,728.999964394E-9,119.9999973E-3,,,,,728.999964394E-9,39.99999911E-3,
,,,729.999953819E-9,119.9999973E-3,,,,,729.999953819E-9,39.99999911E-3,
,,,730.999943244E-9,159.99999642E-3,,,,,730.999943244E-9,39.99999911E-3,
,,,731.999932668E-9,119.9999973E-3,,,,,731.999932668E-9,39.99999911E-3,
,,,732.999978936E-9,79.999998212E-3,,,,,732.999978936E-9,39.99999911E-3,
,,,733.999968361E-9,119.9999973E-3,,,,,733.999968361E-9,39.99999911E-3,
,,,734.999957785E-9,79.999998212E-3,,,,,734.999957785E-9,39.99999911E-3,
,,,735.999947210E-9,119.9999973E-3,,,,,735.999947210E-9,0.0,
,,,736.999936635E-9,79.999998212E-3,,,,,736.999936635E-9,39.99999911E-3,
,,,737.999982903E-9,119.9999973E-3,,,,,737.999982903E-9,39.99999911E-3,
,,,738.999972327E-9,119.9999973E-3,,,,,738.999972327E-9,0.0,
,,,739.999961752E-9,119.9999973E-3,,,,,739.999961752E-9,39.99999911E-3,
,,,740.999951176E-9,119.9999973E-3,,,,,740.999951176E-9,0.0,
,,,741.999940601E-9,79.999998212E-3,,,,,741.999940601E-9,39.99999911E-3,
,,,742.999986869E-9,79.999998212E-3,,,,,742.999986869E-9,0.0,
,,,743.999976294E-9,79.999998212E-3,,,,,743.999976294E-9,39.99999911E-3,
,,,744.999965718E-9,159.99999642E-3,,,,,744.999965718E-9,39.99999911E-3,
,,,745.999955143E-9,119.9999973E-3,,,,,745.999955143E-9,79.999998212E-3,
,,,746.999944568E-9,119.9999973E-3,,,,,746.999944568E-9,39.99999911E-3,
,,,747.999933992E-9,79.999998212E-3,,,,,747.999933992E-9,39.99999911E-3,
,,,748.999980260E-9,79.999998212E-3,,,,,748.999980260E-9,39.99999911E-3,
,,,749.999969685E-9,79.999998212E-3,,,,,749.999969685E-9,39.99999911E-3,
,,,750.999959109E-9,39.99999911E-3,,,,,750.999959109E-9,39.99999911E-3,
,,,751.999948534E-9,119.9999973E-3,,,,,751.999948534E-9,39.99999911E-3,
,,,752.999937959E-9,119.9999973E-3,,,,,752.999937959E-9,39.99999911E-3,
,,,753.999984227E-9,119.9999973E-3,,,,,753.999984227E-9,39.99999911E-3,
,,,754.999973651E-9,79.999998212E-3,,,,,754.999973651E-9,39.99999911E-3,
,,,755.999963076E-9,79.999998212E-3,,,,,755.999963076E-9,39.99999911E-3,
,,,756.999952500E-9,39.99999911E-3,,,,,756.999952500E-9,0.0,
,,,757.999941925E-9,39.99999911E-3,,,,,757.999941925E-9,39.99999911E-3,
,,,758.999931350E-9,39.99999911E-3,,,,,758.999931350E-9,0.0,
,,,759.999977618E-9,79.999998212E-3,,,,,759.999977618E-9,39.99999911E-3,
,,,760.999967042E-9,79.999998212E-3,,,,,760.999967042E-9,39.99999911E-3,
,,,761.999956467E-9,119.9999973E-3,,,,,761.999956467E-9,39.99999911E-3,
,,,762.999945891E-9,79.999998212E-3,,,,,762.999945891E-9,0.0,
,,,763.999935316E-9,79.999998212E-3,,,,,763.999935316E-9,39.99999911E-3,
,,,764.999981584E-9,39.99999911E-3,,,,,764.999981584E-9,0.0,
,,,765.999971009E-9,39.99999911E-3,,,,,765.999971009E-9,0.0,
,,,766.999960433E-9,39.99999911E-3,,,,,766.999960433E-9,0.0,
,,,767.999949858E-9,39.99999911E-3,,,,,767.999949858E-9,0.0,
,,,768.999939282E-9,79.999998212E-3,,,,,768.999939282E-9,0.0,
,,,769.999985550E-9,39.99999911E-3,,,,,769.999985550E-9,0.0,
,,,770.999974975E-9,39.99999911E-3,,,,,770.999974975E-9,0.0,
,,,771.999964400E-9,79.999998212E-3,,,,,771.999964400E-9,0.0,
,,,772.999953824E-9,39.99999911E-3,,,,,772.999953824E-9,0.0,
,,,773.999943249E-9,79.999998212E-3,,,,,773.999943249E-9,39.99999911E-3,
,,,774.999932673E-9,79.999998212E-3,,,,,774.999932673E-9,39.99999911E-3,
,,,775.999978941E-9,79.999998212E-3,,,,,775.999978941E-9,0.0,
,,,776.999968366E-9,79.999998212E-3,,,,,776.999968366E-9,0.0,
,,,777.999957791E-9,79.999998212E-3,,,,,777.999957791E-9,39.99999911E-3,
,,,778.999947215E-9,79.999998212E-3,,,,,778.999947215E-9,0.0,
,,,779.999936640E-9,39.99999911E-3,,,,,779.999936640E-9,39.99999911E-3,
,,,780.999982908E-9,79.999998212E-3,,,,,780.999982908E-9,39.99999911E-3,
,,,781.999972332E-9,39.99999911E-3,,,,,781.999972332E-9,0.0,
,,,782.999961757E-9,39.99999911E-3,,,,,782.999961757E-9,0.0,
,,,783.999951182E-9,79.999998212E-3,,,,,783.999951182E-9,0.0,
,,,784.999940606E-9,39.99999911E-3,,,,,784.999940606E-9,0.0,
,,,785.999930031E-9,79.999998212E-3,,,,,785.999930031E-9,39.99999911E-3,
,,,786.999976299E-9,79.999998212E-3,,,,,786.999976299E-9,0.0,
,,,787.999965723E-9,79.999998212E-3,,,,,787.999965723E-9,39.99999911E-3,
,,,788.999955148E-9,79.999998212E-3,,,,,788.999955148E-9,39.99999911E-3,
,,,789.999944573E-9,79.999998212E-3,,,,,789.999944573E-9,39.99999911E-3,
,,,790.999933997E-9,119.9999973E-3,,,,,790.999933997E-9,0.0,
,,,791.999980265E-9,79.999998212E-3,,,,,791.999980265E-9,39.99999911E-3,
,,,792.999969690E-9,79.999998212E-3,,,,,792.999969690E-9,0.0,
,,,793.999959114E-9,79.999998212E-3,,,,,793.999959114E-9,39.99999911E-3,
,,,794.999948539E-9,39.99999911E-3,,,,,794.999948539E-9,39.99999911E-3,
,,,795.999937964E-9,79.999998212E-3,,,,,795.999937964E-9,39.99999911E-3,
,,,796.999984232E-9,39.99999911E-3,,,,,796.999984232E-9,39.99999911E-3,
,,,797.999973656E-9,39.99999911E-3,,,,,797.999973656E-9,39.99999911E-3,
,,,798.999963081E-9,79.999998212E-3,,,,,798.999963081E-9,39.99999911E-3,
,,,799.999952505E-9,79.999998212E-3,,,,,799.999952505E-9,0.0,
,,,800.999941930E-9,79.999998212E-3,,,,,800.999941930E-9,39.99999911E-3,
,,,801.999931355E-9,39.99999911E-3,,,,,801.999931355E-9,39.99999911E-3,
,,,802.999977623E-9,79.999998212E-3,,,,,802.999977623E-9,39.99999911E-3,
,,,803.999967047E-9,79.999998212E-3,,,,,803.999967047E-9,39.99999911E-3,
,,,804.999956472E-9,39.99999911E-3,,,,,804.999956472E-9,0.0,
,,,805.999945896E-9,39.99999911E-3,,,,,805.999945896E-9,39.99999911E-3,
,,,806.999935321E-9,39.99999911E-3,,,,,806.999935321E-9,79.999998212E-3,
,,,807.999981589E-9,0.0,,,,,807.999981589E-9,39.99999911E-3,
,,,808.999971014E-9,79.999998212E-3,,,,,808.999971014E-9,39.99999911E-3,
,,,809.999960438E-9,79.999998212E-3,,,,,809.999960438E-9,0.0,
,,,810.999949863E-9,39.99999911E-3,,,,,810.999949863E-9,39.99999911E-3,
,,,811.999939287E-9,39.99999911E-3,,,,,811.999939287E-9,39.99999911E-3,
,,,812.999985556E-9,39.99999911E-3,,,,,812.999985556E-9,79.999998212E-3,
,,,813.999974980E-9,39.99999911E-3,,,,,813.999974980E-9,39.99999911E-3,
,,,814.999964405E-9,39.99999911E-3,,,,,814.999964405E-9,39.99999911E-3,
,,,815.999953829E-9,39.99999911E-3,,,,,815.999953829E-9,39.99999911E-3,
,,,816.999943254E-9,0.0,,,,,816.999943254E-9,79.999998212E-3,
,,,817.999932679E-9,39.99999911E-3,,,,,817.999932679E-9,39.99999911E-3,
,,,818.999978947E-9,-39.99999911E-3,,,,,818.999978947E-9,39.99999911E-3,
,,,819.999968371E-9,39.99999911E-3,,,,,819.999968371E-9,39.99999911E-3,
,,,820.999957796E-9,39.99999911E-3,,,,,820.999957796E-9,79.999998212E-3,
,,,821.999947220E-9,39.99999911E-3,,,,,821.999947220E-9,0.0,
,,,822.999936645E-9,39.99999911E-3,,,,,822.999936645E-9,39.99999911E-3,
,,,823.999982913E-9,39.99999911E-3,,,,,823.999982913E-9,39.99999911E-3,
,,,824.999972338E-9,0.0,,,,,824.999972338E-9,39.99999911E-3,
,,,825.999961762E-9,0.0,,,,,825.999961762E-9,79.999998212E-3,
,,,826.999951187E-9,39.99999911E-3,,,,,826.999951187E-9,39.99999911E-3,
,,,827.999940611E-9,39.99999911E-3,,,,,827.999940611E-9,39.99999911E-3,
,,,828.999930036E-9,0.0,,,,,828.999930036E-9,39.99999911E-3,
,,,829.999976304E-9,0.0,,,,,829.999976304E-9,39.99999911E-3,
,,,830.999965729E-9,0.0,,,,,830.999965729E-9,39.99999911E-3,
,,,831.999955153E-9,39.99999911E-3,,,,,831.999955153E-9,39.99999911E-3,
,,,832.999944578E-9,0.0,,,,,832.999944578E-9,0.0,
,,,833.999934002E-9,39.99999911E-3,,,,,833.999934002E-9,39.99999911E-3,
,,,834.999980270E-9,0.0,,,,,834.999980270E-9,0.0,
,,,835.999969695E-9,-39.99999911E-3,,,,,835.999969695E-9,39.99999911E-3,
,,,836.999959120E-9,-39.99999911E-3,,,,,836.999959120E-9,39.99999911E-3,
,,,837.999948544E-9,0.0,,,,,837.999948544E-9,39.99999911E-3,
,,,838.999937969E-9,39.99999911E-3,,,,,838.999937969E-9,39.99999911E-3,
,,,839.999984237E-9,0.0,,,,,839.999984237E-9,39.99999911E-3,
,,,840.999973661E-9,0.0,,,,,840.999973661E-9,0.0,
,,,841.999963086E-9,0.0,,,,,841.999963086E-9,0.0,
,,,842.999952511E-9,0.0,,,,,842.999952511E-9,0.0,
,,,843.999941935E-9,0.0,,,,,843.999941935E-9,0.0,
,,,844.999931360E-9,0.0,,,,,844.999931360E-9,39.99999911E-3,
,,,845.999977628E-9,39.99999911E-3,,,,,845.999977628E-9,39.99999911E-3,
,,,846.999967052E-9,39.99999911E-3,,,,,846.999967052E-9,39.99999911E-3,
,,,847.999956477E-9,39.99999911E-3,,,,,847.999956477E-9,0.0,
,,,848.999945902E-9,39.99999911E-3,,,,,848.999945902E-9,39.99999911E-3,
,,,849.999935326E-9,0.0,,,,,849.999935326E-9,39.99999911E-3,
,,,850.999981594E-9,0.0,,,,,850.999981594E-9,39.99999911E-3,
,,,851.999971019E-9,0.0,,,,,851.999971019E-9,39.99999911E-3,
,,,852.999960443E-9,39.99999911E-3,,,,,852.999960443E-9,39.99999911E-3,
,,,853.999949868E-9,39.99999911E-3,,,,,853.999949868E-9,0.0,
,,,854.999939293E-9,79.999998212E-3,,,,,854.999939293E-9,39.99999911E-3,
,,,855.999928717E-9,39.99999911E-3,,,,,855.999928717E-9,39.99999911E-3,
,,,856.999974985E-9,79.999998212E-3,,,,,856.999974985E-9,39.99999911E-3,
,,,857.999964410E-9,39.99999911E-3,,,,,857.999964410E-9,0.0,
,,,858.999953834E-9,39.99999911E-3,,,,,858.999953834E-9,39.99999911E-3,
,,,859.999943259E-9,39.99999911E-3,,,,,859.999943259E-9,0.0,
,,,860.999932684E-9,39.99999911E-3,,,,,860.999932684E-9,0.0,
,,,861.999978952E-9,39.99999911E-3,,,,,861.999978952E-9,39.99999911E-3,
,,,862.999968376E-9,39.99999911E-3,,,,,862.999968376E-9,0.0,
,,,863.999957801E-9,0.0,,,,,863.999957801E-9,0.0,
,,,864.999947225E-9,39.99999911E-3,,,,,864.999947225E-9,-39.99999911E-3,
,,,865.999936650E-9,0.0,,,,,865.999936650E-9,-39.99999911E-3,
,,,866.999982918E-9,39.99999911E-3,,,,,866.999982918E-9,39.99999911E-3,
,,,867.999972343E-9,0.0,,,,,867.999972343E-9,39.99999911E-3,
,,,868.999961767E-9,0.0,,,,,868.999961767E-9,0.0,
,,,869.999951192E-9,39.99999911E-3,,,,,869.999951192E-9,39.99999911E-3,
,,,870.999940616E-9,39.99999911E-3,,,,,870.999940616E-9,39.99999911E-3,
,,,871.999930041E-9,39.99999911E-3,,,,,871.999930041E-9,79.999998212E-3,
,,,872.999976309E-9,39.99999911E-3,,,,,872.999976309E-9,0.0,
,,,873.999965734E-9,39.99999911E-3,,,,,873.999965734E-9,0.0,
,,,874.999955158E-9,0.0,,,,,874.999955158E-9,39.99999911E-3,
,,,875.999944583E-9,39.99999911E-3,,,,,875.999944583E-9,39.99999911E-3,
,,,876.999934007E-9,39.99999911E-3,,,,,876.999934007E-9,39.99999911E-3,
,,,877.999980275E-9,39.99999911E-3,,,,,877.999980275E-9,39.99999911E-3,
,,,878.999969700E-9,0.0,,,,,878.999969700E-9,39.99999911E-3,
,,,879.999959125E-9,39.99999911E-3,,,,,879.999959125E-9,39.99999911E-3,
,,,880.999948549E-9,0.0,,,,,880.999948549E-9,79.999998212E-3,
,,,881.999937974E-9,0.0,,,,,881.999937974E-9,39.99999911E-3,
,,,882.999927398E-9,0.0,,,,,882.999927398E-9,0.0,
,,,883.999973667E-9,0.0,,,,,883.999973667E-9,0.0,
,,,884.999963091E-9,0.0,,,,,884.999963091E-9,39.99999911E-3,
,,,885.999952516E-9,39.99999911E-3,,,,,885.999952516E-9,0.0,
,,,886.999941940E-9,0.0,,,,,886.999941940E-9,39.99999911E-3,
,,,887.999931365E-9,0.0,,,,,887.999931365E-9,0.0,
,,,888.999977633E-9,-39.99999911E-3,,,,,888.999977633E-9,79.999998212E-3,
,,,889.999967058E-9,-39.99999911E-3,,,,,889.999967058E-9,0.0,
,,,890.999956482E-9,0.0,,,,,890.999956482E-9,0.0,
,,,891.999945907E-9,0.0,,,,,891.999945907E-9,39.99999911E-3,
,,,892.999935331E-9,0.0,,,,,892.999935331E-9,79.999998212E-3,
,,,893.999981599E-9,-39.99999911E-3,,,,,893.999981599E-9,0.0,
,,,894.999971024E-9,0.0,,,,,894.999971024E-9,79.999998212E-3,
,,,895.999960449E-9,0.0,,,,,895.999960449E-9,0.0,
,,,896.999949873E-9,0.0,,,,,896.999949873E-9,39.99999911E-3,
,,,897.999939298E-9,0.0,,,,,897.999939298E-9,39.99999911E-3,
,,,898.999928722E-9,0.0,,,,,898.999928722E-9,39.99999911E-3,
,,,899.999974990E-9,-39.99999911E-3,,,,,899.999974990E-9,39.99999911E-3,
,,,900.999964415E-9,-39.99999911E-3,,,,,900.999964415E-9,0.0,
,,,901.999953840E-9,0.0,,,,,901.999953840E-9,39.99999911E-3,
,,,902.999943264E-9,-39.99999911E-3,,,,,902.999943264E-9,79.999998212E-3,
,,,903.999932689E-9,0.0,,,,,903.999932689E-9,79.999998212E-3,
,,,904.999978957E-9,0.0,,,,,904.999978957E-9,39.99999911E-3,
,,,905.999968381E-9,-39.99999911E-3,,,,,905.999968381E-9,79.999998212E-3,
,,,906.999957806E-9,0.0,,,,,906.999957806E-9,39.99999911E-3,
,,,907.999947231E-9,0.0,,,,,907.999947231E-9,39.99999911E-3,
,,,908.999936655E-9,-39.99999911E-3,,,,,908.999936655E-9,79.999998212E-3,
,,,909.999926080E-9,39.99999911E-3,,,,,909.999926080E-9,0.0,
,,,910.999972348E-9,0.0,,,,,910.999972348E-9,39.99999911E-3,
,,,911.999961772E-9,0.0,,,,,911.999961772E-9,39.99999911E-3,
,,,912.999951197E-9,0.0,,,,,912.999951197E-9,0.0,
,,,913.999940622E-9,0.0,,,,,913.999940622E-9,39.99999911E-3,
,,,914.999930046E-9,0.0,,,,,914.999930046E-9,0.0,
,,,915.999976314E-9,0.0,,,,,915.999976314E-9,39.99999911E-3,
,,,916.999965739E-9,-39.99999911E-3,,,,,916.999965739E-9,39.99999911E-3,
,,,917.999955163E-9,0.0,,,,,917.999955163E-9,79.999998212E-3,
,,,918.999944588E-9,39.99999911E-3,,,,,918.999944588E-9,39.99999911E-3,
,,,919.999934013E-9,0.0,,,,,919.999934013E-9,79.999998212E-3,
,,,920.999980281E-9,0.0,,,,,920.999980281E-9,39.99999911E-3,
,,,921.999969705E-9,0.0,,,,,921.999969705E-9,39.99999911E-3,
,,,922.999959130E-9,0.0,,,,,922.999959130E-9,39.99999911E-3,
,,,923.999948554E-9,0.0,,,,,923.999948554E-9,79.999998212E-3,
,,,924.999937979E-9,0.0,,,,,924.999937979E-9,39.99999911E-3,
,,,925.999927404E-9,0.0,,,,,925.999927404E-9,79.999998212E-3,
,,,926.999973672E-9,0.0,,,,,926.999973672E-9,39.99999911E-3,
,,,927.999963096E-9,39.99999911E-3,,,,,927.999963096E-9,79.999998212E-3,
,,,928.999952521E-9,-39.99999911E-3,,,,,928.999952521E-9,39.99999911E-3,
,,,929.999941945E-9,39.99999911E-3,,,,,929.999941945E-9,79.999998212E-3,
,,,930.999931370E-9,39.99999911E-3,,,,,930.999931370E-9,39.99999911E-3,
,,,931.999977638E-9,0.0,,,,,931.999977638E-9,0.0,
,,,932.999967063E-9,-39.99999911E-3,,,,,932.999967063E-9,39.99999911E-3,
,,,933.999956487E-9,0.0,,,,,933.999956487E-9,0.0,
,,,934.999945912E-9,-39.99999911E-3,,,,,934.999945912E-9,0.0,
,,,935.999935336E-9,0.0,,,,,935.999935336E-9,39.99999911E-3,
,,,936.999981604E-9,39.99999911E-3,,,,,936.999981604E-9,39.99999911E-3,
,,,937.999971029E-9,0.0,,,,,937.999971029E-9,39.99999911E-3,
,,,938.999960454E-9,0.0,,,,,938.999960454E-9,39.99999911E-3,
,,,939.999949878E-9,-39.99999911E-3,,,,,939.999949878E-9,39.99999911E-3,
,,,940.999939303E-9,-39.99999911E-3,,,,,940.999939303E-9,39.99999911E-3,
,,,941.999928727E-9,-39.99999911E-3,,,,,941.999928727E-9,0.0,
,,,942.999974995E-9,-39.99999911E-3,,,,,942.999974995E-9,79.999998212E-3,
,,,943.999964420E-9,0.0,,,,,943.999964420E-9,39.99999911E-3,
,,,944.999953845E-9,0.0,,,,,944.999953845E-9,79.999998212E-3,
,,,945.999943269E-9,0.0,,,,,945.999943269E-9,39.99999911E-3,
,,,946.999932694E-9,-39.99999911E-3,,,,,946.999932694E-9,79.999998212E-3,
,,,947.999978962E-9,-39.99999911E-3,,,,,947.999978962E-9,39.99999911E-3,
,,,948.999968386E-9,-39.99999911E-3,,,,,948.999968386E-9,39.99999911E-3,
,,,949.999957811E-9,-79.999998212E-3,,,,,949.999957811E-9,39.99999911E-3,
,,,950.999947236E-9,-39.99999911E-3,,,,,950.999947236E-9,39.99999911E-3,
,,,951.999936660E-9,-39.99999911E-3,,,,,951.999936660E-9,0.0,
,,,952.999926085E-9,-39.99999911E-3,,,,,952.999926085E-9,39.99999911E-3,
,,,953.999915509E-9,0.0,,,,,953.999915509E-9,39.99999911E-3,
,,,954.999904934E-9,-39.99999911E-3,,,,,954.999904934E-9,39.99999911E-3,
,,,956.000008046E-9,-39.99999911E-3,,,,,956.000008046E-9,79.999998212E-3,
,,,956.999997470E-9,-39.99999911E-3,,,,,956.999997470E-9,39.99999911E-3,
,,,957.999986895E-9,-39.99999911E-3,,,,,957.999986895E-9,39.99999911E-3,
,,,958.999976319E-9,-39.99999911E-3,,,,,958.999976319E-9,79.999998212E-3,
,,,959.999965744E-9,-39.99999911E-3,,,,,959.999965744E-9,39.99999911E-3,
,,,960.999955169E-9,0.0,,,,,960.999955169E-9,39.99999911E-3,
,,,961.999944593E-9,-39.99999911E-3,,,,,961.999944593E-9,39.99999911E-3,
,,,962.999934018E-9,-39.99999911E-3,,,,,962.999934018E-9,79.999998212E-3,
,,,963.999923442E-9,0.0,,,,,963.999923442E-9,39.99999911E-3,
,,,964.999912867E-9,-39.99999911E-3,,,,,964.999912867E-9,79.999998212E-3,
,,,965.999902292E-9,-39.99999911E-3,,,,,965.999902292E-9,79.999998212E-3,
,,,967.000005403E-9,-39.99999911E-3,,,,,967.000005403E-9,79.999998212E-3,
,,,967.999994828E-9,-39.99999911E-3,,,,,967.999994828E-9,79.999998212E-3,
,,,968.999984252E-9,-39.99999911E-3,,,,,968.999984252E-9,39.99999911E-3,
,,,969.999973677E-9,0.0,,,,,969.999973677E-9,0.0,
,,,970.999963101E-9,-39.99999911E-3,,,,,970.999963101E-9,39.99999911E-3,
,,,971.999952526E-9,-39.99999911E-3,,,,,971.999952526E-9,39.99999911E-3,
,,,972.999941951E-9,0.0,,,,,972.999941951E-9,79.999998212E-3,
,,,973.999931375E-9,-39.99999911E-3,,,,,973.999931375E-9,39.99999911E-3,
,,,974.999920800E-9,0.0,,,,,974.999920800E-9,39.99999911E-3,
,,,975.999910224E-9,-39.99999911E-3,,,,,975.999910224E-9,39.99999911E-3,
,,,976.999899649E-9,0.0,,,,,976.999899649E-9,39.99999911E-3,
,,,978.000002760E-9,0.0,,,,,978.000002760E-9,39.99999911E-3,
,,,978.999992185E-9,0.0,,,,,978.999992185E-9,39.99999911E-3,
,,,979.999981610E-9,0.0,,,,,979.999981610E-9,39.99999911E-3,
,,,980.999971034E-9,0.0,,,,,980.999971034E-9,39.99999911E-3,
,,,981.999960459E-9,0.0,,,,,981.999960459E-9,39.99999911E-3,
,,,982.999949883E-9,0.0,,,,,982.999949883E-9,0.0,
,,,983.999939308E-9,0.0,,,,,983.999939308E-9,39.99999911E-3,
,,,984.999928733E-9,0.0,,,,,984.999928733E-9,0.0,
,,,985.999918157E-9,-39.99999911E-3,,,,,985.999918157E-9,79.999998212E-3,
,,,986.999907582E-9,-39.99999911E-3,,,,,986.999907582E-9,0.0,
,,,987.999897006E-9,-39.99999911E-3,,,,,987.999897006E-9,39.99999911E-3,
,,,989.000000118E-9,-79.999998212E-3,,,,,989.000000118E-9,39.99999911E-3,
,,,989.999989542E-9,0.0,,,,,989.999989542E-9,39.99999911E-3,
,,,990.999978967E-9,-39.99999911E-3,,,,,990.999978967E-9,119.9999973E-3,
,,,991.999968392E-9,-39.99999911E-3,,,,,991.999968392E-9,79.999998212E-3,
,,,992.999957816E-9,-39.99999911E-3,,,,,992.999957816E-9,79.999998212E-3,
,,,993.999947241E-9,-39.99999911E-3,,,,,993.999947241E-9,79.999998212E-3,
,,,994.999936665E-9,0.0,,,,,994.999936665E-9,79.999998212E-3,
,,,995.999926090E-9,-79.999998212E-3,,,,,995.999926090E-9,79.999998212E-3,
,,,996.999915515E-9,-79.999998212E-3,,,,,996.999915515E-9,39.99999911E-3,
,,,997.999904939E-9,-39.99999911E-3,,,,,997.999904939E-9,79.999998212E-3,
,,,999.000008051E-9,-39.99999911E-3,,,,,999.000008051E-9,79.999998212E-3,
,,,1.000000E-6,-79.999998212E-3,,,,,1.000000E-6,39.99999911E-3,
,,,1.0010000E-6,-39.99999911E-3,,,,,1.0010000E-6,79.999998212E-3,
,,,1.0020000E-6,-39.99999911E-3,,,,,1.0020000E-6,39.99999911E-3,
,,,1.0030000E-6,-39.99999911E-3,,,,,1.0030000E-6,0.0,
,,,1.0040000E-6,-79.999998212E-3,,,,,1.0040000E-6,0.0,
,,,1.0049999E-6,-39.99999911E-3,,,,,1.0049999E-6,39.99999911E-3,
,,,1.0059999E-6,-79.999998212E-3,,,,,1.0059999E-6,39.99999911E-3,
,,,1.0069999E-6,-79.999998212E-3,,,,,1.0069999E-6,39.99999911E-3,
,,,1.0079999E-6,-39.99999911E-3,,,,,1.0079999E-6,39.99999911E-3,
,,,1.0089999E-6,-39.99999911E-3,,,,,1.0089999E-6,79.999998212E-3,
,,,1.0100000E-6,-39.99999911E-3,,,,,1.0100000E-6,39.99999911E-3,
,,,1.0110000E-6,-39.99999911E-3,,,,,1.0110000E-6,39.99999911E-3,
,,,1.0120000E-6,-39.99999911E-3,,,,,1.0120000E-6,39.99999911E-3,
,,,1.0130000E-6,-79.999998212E-3,,,,,1.0130000E-6,39.99999911E-3,
,,,1.0140000E-6,-79.999998212E-3,,,,,1.0140000E-6,0.0,
,,,1.0150000E-6,-79.999998212E-3,,,,,1.0150000E-6,39.99999911E-3,
,,,1.0159999E-6,-119.9999973E-3,,,,,1.0159999E-6,39.99999911E-3,
,,,1.0169999E-6,-119.9999973E-3,,,,,1.0169999E-6,39.99999911E-3,
,,,1.0179999E-6,-79.999998212E-3,,,,,1.0179999E-6,39.99999911E-3,
,,,1.0189999E-6,-79.999998212E-3,,,,,1.0189999E-6,79.999998212E-3,
,,,1.0199999E-6,-39.99999911E-3,,,,,1.0199999E-6,39.99999911E-3,
,,,1.0210000E-6,-39.99999911E-3,,,,,1.0210000E-6,39.99999911E-3,
,,,1.0220000E-6,0.0,,,,,1.0220000E-6,39.99999911E-3,
,,,1.0230000E-6,-39.99999911E-3,,,,,1.0230000E-6,39.99999911E-3,
,,,1.0240000E-6,-79.999998212E-3,,,,,1.0240000E-6,39.99999911E-3,
,,,1.0250000E-6,-39.99999911E-3,,,,,1.0250000E-6,79.999998212E-3,
,,,1.0259999E-6,-39.99999911E-3,,,,,1.0259999E-6,39.99999911E-3,
,,,1.0269999E-6,-39.99999911E-3,,,,,1.0269999E-6,79.999998212E-3,
,,,1.0279999E-6,-79.999998212E-3,,,,,1.0279999E-6,79.999998212E-3,
,,,1.0289999E-6,-79.999998212E-3,,,,,1.0289999E-6,79.999998212E-3,
,,,1.0299999E-6,-79.999998212E-3,,,,,1.0299999E-6,39.99999911E-3,
,,,1.0309999E-6,0.0,,,,,1.0309999E-6,39.99999911E-3,
,,,1.0320000E-6,-119.9999973E-3,,,,,1.0320000E-6,39.99999911E-3,
,,,1.0330000E-6,-39.99999911E-3,,,,,1.0330000E-6,39.99999911E-3,
,,,1.0340000E-6,-79.999998212E-3,,,,,1.0340000E-6,0.0,
,,,1.0350000E-6,-39.99999911E-3,,,,,1.0350000E-6,0.0,
,,,1.0360000E-6,-39.99999911E-3,,,,,1.0360000E-6,39.99999911E-3,
,,,1.0369999E-6,0.0,,,,,1.0369999E-6,39.99999911E-3,
,,,1.0379999E-6,-79.999998212E-3,,,,,1.0379999E-6,39.99999911E-3,
,,,1.0389999E-6,-79.999998212E-3,,,,,1.0389999E-6,39.99999911E-3,
,,,1.0399999E-6,-39.99999911E-3,,,,,1.0399999E-6,0.0,
,,,1.0409999E-6,0.0,,,,,1.0409999E-6,79.999998212E-3,
,,,1.0419999E-6,-79.999998212E-3,,,,,1.0419999E-6,39.99999911E-3,
,,,1.0430000E-6,-39.99999911E-3,,,,,1.0430000E-6,79.999998212E-3,
,,,1.0440000E-6,0.0,,,,,1.0440000E-6,79.999998212E-3,
,,,1.0450000E-6,-39.99999911E-3,,,,,1.0450000E-6,39.99999911E-3,
,,,1.0460000E-6,-79.999998212E-3,,,,,1.0460000E-6,79.999998212E-3,
,,,1.0470000E-6,-39.99999911E-3,,,,,1.0470000E-6,79.999998212E-3,
,,,1.0479999E-6,-39.99999911E-3,,,,,1.0479999E-6,39.99999911E-3,
,,,1.0489999E-6,-39.99999911E-3,,,,,1.0489999E-6,39.99999911E-3,
,,,1.0499999E-6,-39.99999911E-3,,,,,1.0499999E-6,79.999998212E-3,
,,,1.0509999E-6,-39.99999911E-3,,,,,1.0509999E-6,79.999998212E-3,
,,,1.0519999E-6,-39.99999911E-3,,,,,1.0519999E-6,39.99999911E-3,
,,,1.0530000E-6,-39.99999911E-3,,,,,1.0530000E-6,39.99999911E-3,
,,,1.0540000E-6,-79.999998212E-3,,,,,1.0540000E-6,79.999998212E-3,
,,,1.0550000E-6,-39.99999911E-3,,,,,1.0550000E-6,79.999998212E-3,
,,,1.0560000E-6,-79.999998212E-3,,,,,1.0560000E-6,39.99999911E-3,
,,,1.0570000E-6,-39.99999911E-3,,,,,1.0570000E-6,79.999998212E-3,
,,,1.0580000E-6,-39.99999911E-3,,,,,1.0580000E-6,79.999998212E-3,
,,,1.0589999E-6,-39.99999911E-3,,,,,1.0589999E-6,79.999998212E-3,
,,,1.0599999E-6,-39.99999911E-3,,,,,1.0599999E-6,39.99999911E-3,
,,,1.0609999E-6,-39.99999911E-3,,,,,1.0609999E-6,39.99999911E-3,
,,,1.0619999E-6,-119.9999973E-3,,,,,1.0619999E-6,39.99999911E-3,
,,,1.0629999E-6,-119.9999973E-3,,,,,1.0629999E-6,39.99999911E-3,
,,,1.0640000E-6,-79.999998212E-3,,,,,1.0640000E-6,79.999998212E-3,
,,,1.0650000E-6,-119.9999973E-3,,,,,1.0650000E-6,79.999998212E-3,
,,,1.0660000E-6,-79.999998212E-3,,,,,1.0660000E-6,39.99999911E-3,
,,,1.0670000E-6,-79.999998212E-3,,,,,1.0670000E-6,39.99999911E-3,
,,,1.0680000E-6,-119.9999973E-3,,,,,1.0680000E-6,0.0,
,,,1.0689999E-6,-119.9999973E-3,,,,,1.0689999E-6,39.99999911E-3,
,,,1.0699999E-6,-79.999998212E-3,,,,,1.0699999E-6,79.999998212E-3,
,,,1.0709999E-6,-79.999998212E-3,,,,,1.0709999E-6,39.99999911E-3,
,,,1.0719999E-6,-39.99999911E-3,,,,,1.0719999E-6,79.999998212E-3,
,,,1.0729999E-6,-79.999998212E-3,,,,,1.0729999E-6,39.99999911E-3,
,,,1.0739999E-6,-79.999998212E-3,,,,,1.0739999E-6,79.999998212E-3,
,,,1.0750000E-6,-39.99999911E-3,,,,,1.0750000E-6,79.999998212E-3,
,,,1.0760000E-6,-39.99999911E-3,,,,,1.0760000E-6,79.999998212E-3,
,,,1.0770000E-6,-79.999998212E-3,,,,,1.0770000E-6,119.9999973E-3,
,,,1.0780000E-6,-39.99999911E-3,,,,,1.0780000E-6,79.999998212E-3,
,,,1.0790000E-6,-119.9999973E-3,,,,,1.0790000E-6,39.99999911E-3,
,,,1.0799999E-6,-39.99999911E-3,,,,,1.0799999E-6,39.99999911E-3,
,,,1.0809999E-6,-79.999998212E-3,,,,,1.0809999E-6,79.999998212E-3,
,,,1.0819999E-6,-79.999998212E-3,,,,,1.0819999E-6,39.99999911E-3,
,,,1.0829999E-6,-119.9999973E-3,,,,,1.0829999E-6,39.99999911E-3,
,,,1.0839999E-6,-79.999998212E-3,,,,,1.0839999E-6,39.99999911E-3,
,,,1.0849999E-6,-119.9999973E-3,,,,,1.0849999E-6,39.99999911E-3,
,,,1.0860000E-6,-119.9999973E-3,,,,,1.0860000E-6,39.99999911E-3,
,,,1.0870000E-6,-79.999998212E-3,,,,,1.0870000E-6,79.999998212E-3,
,,,1.0880000E-6,-79.999998212E-3,,,,,1.0880000E-6,79.999998212E-3,
,,,1.0890000E-6,-119.9999973E-3,,,,,1.0890000E-6,39.99999911E-3,
,,,1.0900000E-6,-79.999998212E-3,,,,,1.0900000E-6,39.99999911E-3,
,,,1.0909999E-6,-79.999998212E-3,,,,,1.0909999E-6,79.999998212E-3,
,,,1.0919999E-6,-79.999998212E-3,,,,,1.0919999E-6,79.999998212E-3,
,,,1.0929999E-6,-119.9999973E-3,,,,,1.0929999E-6,39.99999911E-3,
,,,1.0939999E-6,-39.99999911E-3,,,,,1.0939999E-6,79.999998212E-3,
,,,1.0949999E-6,-39.99999911E-3,,,,,1.0949999E-6,79.999998212E-3,
,,,1.0960000E-6,-79.999998212E-3,,,,,1.0960000E-6,79.999998212E-3,
,,,1.0970000E-6,-79.999998212E-3,,,,,1.0970000E-6,79.999998212E-3,
,,,1.0980000E-6,-39.99999911E-3,,,,,1.0980000E-6,0.0,
,,,1.0990000E-6,-39.99999911E-3,,,,,1.0990000E-6,39.99999911E-3,
,,,1.1000000E-6,-39.99999911E-3,,,,,1.1000000E-6,39.99999911E-3,
,,,1.1010000E-6,-79.999998212E-3,,,,,1.1010000E-6,79.999998212E-3,
,,,1.1019999E-6,-79.999998212E-3,,,,,1.1019999E-6,39.99999911E-3,
,,,1.1029999E-6,-79.999998212E-3,,,,,1.1029999E-6,39.99999911E-3,
,,,1.1039999E-6,-39.99999911E-3,,,,,1.1039999E-6,79.999998212E-3,
,,,1.1049999E-6,-79.999998212E-3,,,,,1.1049999E-6,39.99999911E-3,
,,,1.1059999E-6,-79.999998212E-3,,,,,1.1059999E-6,39.99999911E-3,
,,,1.1070000E-6,-79.999998212E-3,,,,,1.1070000E-6,79.999998212E-3,
,,,1.1080000E-6,-79.999998212E-3,,,,,1.1080000E-6,39.99999911E-3,
,,,1.1090000E-6,-39.99999911E-3,,,,,1.1090000E-6,79.999998212E-3,
,,,1.1100000E-6,-79.999998212E-3,,,,,1.1100000E-6,39.99999911E-3,
,,,1.1110000E-6,-79.999998212E-3,,,,,1.1110000E-6,79.999998212E-3,
,,,1.1119999E-6,-39.99999911E-3,,,,,1.1119999E-6,39.99999911E-3,
,,,1.1129999E-6,-79.999998212E-3,,,,,1.1129999E-6,39.99999911E-3,
,,,1.1139999E-6,-79.999998212E-3,,,,,1.1139999E-6,39.99999911E-3,
,,,1.1149999E-6,-79.999998212E-3,,,,,1.1149999E-6,0.0,
,,,1.1159999E-6,-79.999998212E-3,,,,,1.1159999E-6,0.0,
,,,1.1169999E-6,-79.999998212E-3,,,,,1.1169999E-6,0.0,
,,,1.1180000E-6,-39.99999911E-3,,,,,1.1180000E-6,79.999998212E-3,
,,,1.1190000E-6,-39.99999911E-3,,,,,1.1190000E-6,39.99999911E-3,
,,,1.1200000E-6,-39.99999911E-3,,,,,1.1200000E-6,39.99999911E-3,
,,,1.1210000E-6,-79.999998212E-3,,,,,1.1210000E-6,79.999998212E-3,
,,,1.1220000E-6,-39.99999911E-3,,,,,1.1220000E-6,79.999998212E-3,
,,,1.1229999E-6,-119.9999973E-3,,,,,1.1229999E-6,39.99999911E-3,
,,,1.1239999E-6,-119.9999973E-3,,,,,1.1239999E-6,0.0,
,,,1.1249999E-6,-39.99999911E-3,,,,,1.1249999E-6,79.999998212E-3,
,,,1.1259999E-6,-119.9999973E-3,,,,,1.1259999E-6,79.999998212E-3,
,,,1.1269999E-6,-79.999998212E-3,,,,,1.1269999E-6,79.999998212E-3,
,,,1.1279999E-6,-79.999998212E-3,,,,,1.1279999E-6,39.99999911E-3,
,,,1.1290000E-6,-79.999998212E-3,,,,,1.1290000E-6,39.99999911E-3,
,,,1.1300000E-6,-79.999998212E-3,,,,,1.1300000E-6,39.99999911E-3,
,,,1.1310000E-6,-79.999998212E-3,,,,,1.1310000E-6,39.99999911E-3,
,,,1.1320000E-6,-119.9999973E-3,,,,,1.1320000E-6,39.99999911E-3,
,,,1.1330000E-6,-119.9999973E-3,,,,,1.1330000E-6,39.99999911E-3,
,,,1.1339999E-6,-79.999998212E-3,,,,,1.1339999E-6,0.0,
,,,1.1349999E-6,-39.99999911E-3,,,,,1.1349999E-6,39.99999911E-3,
,,,1.1359999E-6,-79.999998212E-3,,,,,1.1359999E-6,79.999998212E-3,
,,,1.1369999E-6,-119.9999973E-3,,,,,1.1369999E-6,39.99999911E-3,
,,,1.1379999E-6,-79.999998212E-3,,,,,1.1379999E-6,39.99999911E-3,
,,,1.1389999E-6,-79.999998212E-3,,,,,1.1389999E-6,79.999998212E-3,
,,,1.1400000E-6,-119.9999973E-3,,,,,1.1400000E-6,39.99999911E-3,
,,,1.1410000E-6,-119.9999973E-3,,,,,1.1410000E-6,39.99999911E-3,
,,,1.1420000E-6,-39.99999911E-3,,,,,1.1420000E-6,39.99999911E-3,
,,,1.1430000E-6,0.0,,,,,1.1430000E-6,39.99999911E-3,
,,,1.1440000E-6,-79.999998212E-3,,,,,1.1440000E-6,39.99999911E-3,
,,,1.1449999E-6,-39.99999911E-3,,,,,1.1449999E-6,39.99999911E-3,
,,,1.1459999E-6,-79.999998212E-3,,,,,1.1459999E-6,39.99999911E-3,
,,,1.1469999E-6,-119.9999973E-3,,,,,1.1469999E-6,0.0,
,,,1.1479999E-6,-119.9999973E-3,,,,,1.1479999E-6,79.999998212E-3,
,,,1.1489999E-6,-79.999998212E-3,,,,,1.1489999E-6,79.999998212E-3,
,,,1.1500000E-6,-79.999998212E-3,,,,,1.1500000E-6,39.99999911E-3,
,,,1.1510000E-6,-79.999998212E-3,,,,,1.1510000E-6,79.999998212E-3,
,,,1.1520000E-6,-79.999998212E-3,,,,,1.1520000E-6,79.999998212E-3,
,,,1.1530000E-6,-79.999998212E-3,,,,,1.1530000E-6,79.999998212E-3,
,,,1.1540000E-6,-39.99999911E-3,,,,,1.1540000E-6,39.99999911E-3,
,,,1.1549999E-6,-79.999998212E-3,,,,,1.1549999E-6,39.99999911E-3,
,,,1.1559999E-6,-79.999998212E-3,,,,,1.1559999E-6,39.99999911E-3,
,,,1.1569999E-6,-79.999998212E-3,,,,,1.1569999E-6,79.999998212E-3,
,,,1.1579999E-6,-79.999998212E-3,,,,,1.1579999E-6,39.99999911E-3,
,,,1.1589999E-6,-39.99999911E-3,,,,,1.1589999E-6,39.99999911E-3,
,,,1.1599999E-6,-79.999998212E-3,,,,,1.1599999E-6,39.99999911E-3,
,,,1.1610000E-6,-79.999998212E-3,,,,,1.1610000E-6,39.99999911E-3,
,,,1.1620000E-6,-79.999998212E-3,,,,,1.1620000E-6,0.0,
,,,1.1630000E-6,-39.99999911E-3,,,,,1.1630000E-6,0.0,
,,,1.1640000E-6,-79.999998212E-3,,,,,1.1640000E-6,39.99999911E-3,
,,,1.1650000E-6,-119.9999973E-3,,,,,1.1650000E-6,0.0,
,,,1.1659999E-6,-79.999998212E-3,,,,,1.1659999E-6,79.999998212E-3,
,,,1.1669999E-6,-79.999998212E-3,,,,,1.1669999E-6,39.99999911E-3,
,,,1.1679999E-6,-119.9999973E-3,,,,,1.1679999E-6,39.99999911E-3,
,,,1.1689999E-6,-79.999998212E-3,,,,,1.1689999E-6,39.99999911E-3,
,,,1.1699999E-6,-119.9999973E-3,,,,,1.1699999E-6,39.99999911E-3,
,,,1.1709999E-6,-79.999998212E-3,,,,,1.1709999E-6,79.999998212E-3,
,,,1.1720000E-6,-79.999998212E-3,,,,,1.1720000E-6,79.999998212E-3,
,,,1.1730000E-6,-39.99999911E-3,,,,,1.1730000E-6,0.0,
,,,1.1740000E-6,-79.999998212E-3,,,,,1.1740000E-6,39.99999911E-3,
,,,1.1750000E-6,-79.999998212E-3,,,,,1.1750000E-6,79.999998212E-3,
,,,1.1760000E-6,-79.999998212E-3,,,,,1.1760000E-6,119.9999973E-3,
,,,1.1769999E-6,-79.999998212E-3,,,,,1.1769999E-6,79.999998212E-3,
,,,1.1779999E-6,-119.9999973E-3,,,,,1.1779999E-6,0.0,
,,,1.1789999E-6,-119.9999973E-3,,,,,1.1789999E-6,39.99999911E-3,
,,,1.1799999E-6,-79.999998212E-3,,,,,1.1799999E-6,39.99999911E-3,
,,,1.1809999E-6,-79.999998212E-3,,,,,1.1809999E-6,0.0,
,,,1.1819999E-6,-79.999998212E-3,,,,,1.1819999E-6,39.99999911E-3,
,,,1.1830000E-6,-79.999998212E-3,,,,,1.1830000E-6,39.99999911E-3,
,,,1.1840000E-6,-79.999998212E-3,,,,,1.1840000E-6,39.99999911E-3,
,,,1.1850000E-6,-119.9999973E-3,,,,,1.1850000E-6,39.99999911E-3,
,,,1.1860000E-6,-79.999998212E-3,,,,,1.1860000E-6,39.99999911E-3,
,,,1.1870000E-6,-119.9999973E-3,,,,,1.1870000E-6,79.999998212E-3,
,,,1.1879999E-6,-79.999998212E-3,,,,,1.1879999E-6,79.999998212E-3,
,,,1.1889999E-6,-79.999998212E-3,,,,,1.1889999E-6,39.99999911E-3,
,,,1.1899999E-6,-79.999998212E-3,,,,,1.1899999E-6,79.999998212E-3,
,,,1.1909999E-6,-79.999998212E-3,,,,,1.1909999E-6,79.999998212E-3,
,,,1.1919999E-6,-79.999998212E-3,,,,,1.1919999E-6,39.99999911E-3,
,,,1.1930000E-6,-79.999998212E-3,,,,,1.1930000E-6,79.999998212E-3,
,,,1.1940000E-6,-79.999998212E-3,,,,,1.1940000E-6,79.999998212E-3,
,,,1.1950000E-6,-79.999998212E-3,,,,,1.1950000E-6,39.99999911E-3,
,,,1.1960000E-6,-79.999998212E-3,,,,,1.1960000E-6,39.99999911E-3,
,,,1.1970000E-6,-119.9999973E-3,,,,,1.1970000E-6,39.99999911E-3,
,,,1.1979999E-6,-119.9999973E-3,,,,,1.1979999E-6,0.0,
,,,1.1989999E-6,-119.9999973E-3,,,,,1.1989999E-6,0.0,
,,,1.1999999E-6,-79.999998212E-3,,,,,1.1999999E-6,39.99999911E-3,
,,,1.2009999E-6,-39.99999911E-3,,,,,1.2009999E-6,0.0,
,,,1.2019999E-6,-119.9999973E-3,,,,,1.2019999E-6,39.99999911E-3,
,,,1.2029999E-6,-119.9999973E-3,,,,,1.2029999E-6,0.0,
,,,1.2040000E-6,-119.9999973E-3,,,,,1.2040000E-6,39.99999911E-3,
,,,1.2050000E-6,-79.999998212E-3,,,,,1.2050000E-6,79.999998212E-3,
,,,1.2060000E-6,-119.9999973E-3,,,,,1.2060000E-6,39.99999911E-3,
,,,1.2070000E-6,-119.9999973E-3,,,,,1.2070000E-6,39.99999911E-3,
,,,1.2080000E-6,-79.999998212E-3,,,,,1.2080000E-6,39.99999911E-3,
,,,1.2089999E-6,-79.999998212E-3,,,,,1.2089999E-6,39.99999911E-3,
,,,1.2099999E-6,-79.999998212E-3,,,,,1.2099999E-6,79.999998212E-3,
,,,1.2109999E-6,-119.9999973E-3,,,,,1.2109999E-6,39.99999911E-3,
,,,1.2119999E-6,-39.99999911E-3,,,,,1.2119999E-6,39.99999911E-3,
,,,1.2129999E-6,-79.999998212E-3,,,,,1.2129999E-6,39.99999911E-3,
,,,1.2139999E-6,-79.999998212E-3,,,,,1.2139999E-6,0.0,
,,,1.2150000E-6,-119.9999973E-3,,,,,1.2150000E-6,39.99999911E-3,
,,,1.2160000E-6,-119.9999973E-3,,,,,1.2160000E-6,0.0,
,,,1.2170000E-6,-119.9999973E-3,,,,,1.2170000E-6,79.999998212E-3,
,,,1.2180000E-6,-79.999998212E-3,,,,,1.2180000E-6,0.0,
,,,1.2190000E-6,-39.99999911E-3,,,,,1.2190000E-6,39.99999911E-3,
,,,1.2199999E-6,-79.999998212E-3,,,,,1.2199999E-6,39.99999911E-3,
,,,1.2209999E-6,-39.99999911E-3,,,,,1.2209999E-6,39.99999911E-3,
,,,1.2219999E-6,-79.999998212E-3,,,,,1.2219999E-6,79.999998212E-3,
,,,1.2229999E-6,-79.999998212E-3,,,,,1.2229999E-6,39.99999911E-3,
,,,1.2239999E-6,-79.999998212E-3,,,,,1.2239999E-6,39.99999911E-3,
,,,1.2249999E-6,-119.9999973E-3,,,,,1.2249999E-6,79.999998212E-3,
,,,1.2260000E-6,-119.9999973E-3,,,,,1.2260000E-6,79.999998212E-3,
,,,1.2270000E-6,-79.999998212E-3,,,,,1.2270000E-6,39.99999911E-3,
,,,1.2280000E-6,-119.9999973E-3,,,,,1.2280000E-6,39.99999911E-3,
,,,1.2290000E-6,-79.999998212E-3,,,,,1.2290000E-6,79.999998212E-3,
,,,1.2300000E-6,-79.999998212E-3,,,,,1.2300000E-6,79.999998212E-3,
,,,1.2309999E-6,-79.999998212E-3,,,,,1.2309999E-6,39.99999911E-3,
,,,1.2319999E-6,-79.999998212E-3,,,,,1.2319999E-6,79.999998212E-3,
,,,1.2329999E-6,-119.9999973E-3,,,,,1.2329999E-6,39.99999911E-3,
,,,1.2339999E-6,-79.999998212E-3,,,,,1.2339999E-6,39.99999911E-3,
,,,1.2349999E-6,-79.999998212E-3,,,,,1.2349999E-6,79.999998212E-3,
,,,1.2359999E-6,-79.999998212E-3,,,,,1.2359999E-6,79.999998212E-3,
,,,1.2370000E-6,-39.99999911E-3,,,,,1.2370000E-6,39.99999911E-3,
,,,1.2380000E-6,-79.999998212E-3,,,,,1.2380000E-6,39.99999911E-3,
,,,1.2390000E-6,-79.999998212E-3,,,,,1.2390000E-6,39.99999911E-3,
,,,1.2400000E-6,-119.9999973E-3,,,,,1.2400000E-6,39.99999911E-3,
,,,1.2409999E-6,-79.999998212E-3,,,,,1.2409999E-6,79.999998212E-3,
,,,1.2419999E-6,-79.999998212E-3,,,,,1.2419999E-6,79.999998212E-3,
,,,1.2429999E-6,-119.9999973E-3,,,,,1.2429999E-6,79.999998212E-3,
,,,1.2439999E-6,-119.9999973E-3,,,,,1.2439999E-6,39.99999911E-3,
,,,1.2449999E-6,-119.9999973E-3,,,,,1.2449999E-6,79.999998212E-3,
,,,1.2459999E-6,-119.9999973E-3,,,,,1.2459999E-6,79.999998212E-3,
,,,1.2470000E-6,-79.999998212E-3,,,,,1.2470000E-6,79.999998212E-3,
,,,1.2480000E-6,-79.999998212E-3,,,,,1.2480000E-6,79.999998212E-3,
,,,1.2490000E-6,-79.999998212E-3,,,,,1.2490000E-6,39.99999911E-3,
,,,1.2500000E-6,-79.999998212E-3,,,,,1.2500000E-6,39.99999911E-3,
,,,1.2510000E-6,-79.999998212E-3,,,,,1.2510000E-6,39.99999911E-3,
,,,1.2519999E-6,-119.9999973E-3,,,,,1.2519999E-6,79.999998212E-3,
,,,1.2529999E-6,-119.9999973E-3,,,,,1.2529999E-6,39.99999911E-3,
,,,1.2539999E-6,-79.999998212E-3,,,,,1.2539999E-6,39.99999911E-3,
,,,1.2549999E-6,-119.9999973E-3,,,,,1.2549999E-6,39.99999911E-3,
,,,1.2559999E-6,-119.9999973E-3,,,,,1.2559999E-6,39.99999911E-3,
,,,1.2569999E-6,-119.9999973E-3,,,,,1.2569999E-6,39.99999911E-3,
,,,1.2580000E-6,-79.999998212E-3,,,,,1.2580000E-6,79.999998212E-3,
,,,1.2590000E-6,-119.9999973E-3,,,,,1.2590000E-6,39.99999911E-3,
,,,1.2600000E-6,-79.999998212E-3,,,,,1.2600000E-6,39.99999911E-3,
,,,1.2610000E-6,-79.999998212E-3,,,,,1.2610000E-6,39.99999911E-3,
,,,1.2620000E-6,-119.9999973E-3,,,,,1.2620000E-6,39.99999911E-3,
,,,1.2629999E-6,-119.9999973E-3,,,,,1.2629999E-6,79.999998212E-3,
,,,1.2639999E-6,-79.999998212E-3,,,,,1.2639999E-6,79.999998212E-3,
,,,1.2649999E-6,-79.999998212E-3,,,,,1.2649999E-6,119.9999973E-3,
,,,1.2659999E-6,-119.9999973E-3,,,,,1.2659999E-6,39.99999911E-3,
,,,1.2669999E-6,-119.9999973E-3,,,,,1.2669999E-6,39.99999911E-3,
,,,1.2679999E-6,-119.9999973E-3,,,,,1.2679999E-6,39.99999911E-3,
,,,1.2690000E-6,-79.999998212E-3,,,,,1.2690000E-6,39.99999911E-3,
,,,1.2700000E-6,-119.9999973E-3,,,,,1.2700000E-6,39.99999911E-3,
,,,1.2710000E-6,-119.9999973E-3,,,,,1.2710000E-6,79.999998212E-3,
,,,1.2720000E-6,-119.9999973E-3,,,,,1.2720000E-6,39.99999911E-3,
,,,1.2730000E-6,-79.999998212E-3,,,,,1.2730000E-6,119.9999973E-3,
,,,1.2739999E-6,-79.999998212E-3,,,,,1.2739999E-6,79.999998212E-3,
,,,1.2749999E-6,-79.999998212E-3,,,,,1.2749999E-6,79.999998212E-3,
,,,1.2759999E-6,-79.999998212E-3,,,,,1.2759999E-6,119.9999973E-3,
,,,1.2769999E-6,-79.999998212E-3,,,,,1.2769999E-6,79.999998212E-3,
,,,1.2779999E-6,-119.9999973E-3,,,,,1.2779999E-6,39.99999911E-3,
,,,1.2789999E-6,-119.9999973E-3,,,,,1.2789999E-6,39.99999911E-3,
,,,1.2800000E-6,-119.9999973E-3,,,,,1.2800000E-6,39.99999911E-3,
,,,1.2810000E-6,-79.999998212E-3,,,,,1.2810000E-6,119.9999973E-3,
,,,1.2820000E-6,-119.9999973E-3,,,,,1.2820000E-6,39.99999911E-3,
,,,1.2830000E-6,-119.9999973E-3,,,,,1.2830000E-6,79.999998212E-3,
,,,1.2839999E-6,-79.999998212E-3,,,,,1.2839999E-6,39.99999911E-3,
,,,1.2849999E-6,-79.999998212E-3,,,,,1.2849999E-6,39.99999911E-3,
,,,1.2859999E-6,-119.9999973E-3,,,,,1.2859999E-6,39.99999911E-3,
,,,1.2869999E-6,-119.9999973E-3,,,,,1.2869999E-6,39.99999911E-3,
,,,1.2879999E-6,-119.9999973E-3,,,,,1.2879999E-6,79.999998212E-3,
,,,1.2889999E-6,-79.999998212E-3,,,,,1.2889999E-6,79.999998212E-3,
,,,1.2900000E-6,-119.9999973E-3,,,,,1.2900000E-6,39.99999911E-3,
,,,1.2910000E-6,-79.999998212E-3,,,,,1.2910000E-6,39.99999911E-3,
,,,1.2920000E-6,-79.999998212E-3,,,,,1.2920000E-6,39.99999911E-3,
,,,1.2930000E-6,-79.999998212E-3,,,,,1.2930000E-6,39.99999911E-3,
,,,1.2940000E-6,-119.9999973E-3,,,,,1.2940000E-6,79.999998212E-3,
,,,1.2949999E-6,-119.9999973E-3,,,,,1.2949999E-6,39.99999911E-3,
,,,1.2959999E-6,-79.999998212E-3,,,,,1.2959999E-6,0.0,
,,,1.2969999E-6,-119.9999973E-3,,,,,1.2969999E-6,39.99999911E-3,
,,,1.2979999E-6,-79.999998212E-3,,,,,1.2979999E-6,39.99999911E-3,
,,,1.2989999E-6,-119.9999973E-3,,,,,1.2989999E-6,39.99999911E-3,
,,,1.2999999E-6,-79.999998212E-3,,,,,1.2999999E-6,79.999998212E-3,
,,,1.3010000E-6,-79.999998212E-3,,,,,1.3010000E-6,79.999998212E-3,
,,,1.3020000E-6,-119.9999973E-3,,,,,1.3020000E-6,39.99999911E-3,
,,,1.3030000E-6,-119.9999973E-3,,,,,1.3030000E-6,79.999998212E-3,
,,,1.3040000E-6,-79.999998212E-3,,,,,1.3040000E-6,79.999998212E-3,
,,,1.3050000E-6,-119.9999973E-3,,,,,1.3050000E-6,79.999998212E-3,
,,,1.3059999E-6,-119.9999973E-3,,,,,1.3059999E-6,79.999998212E-3,
,,,1.3069999E-6,-79.999998212E-3,,,,,1.3069999E-6,79.999998212E-3,
,,,1.3079999E-6,-79.999998212E-3,,,,,1.3079999E-6,39.99999911E-3,
,,,1.3089999E-6,-79.999998212E-3,,,,,1.3089999E-6,0.0,
,,,1.3099999E-6,-79.999998212E-3,,,,,1.3099999E-6,39.99999911E-3,
,,,1.3109999E-6,-119.9999973E-3,,,,,1.3109999E-6,0.0,
,,,1.3120000E-6,-119.9999973E-3,,,,,1.3120000E-6,39.99999911E-3,
,,,1.3130000E-6,-119.9999973E-3,,,,,1.3130000E-6,0.0,
,,,1.3140000E-6,-119.9999973E-3,,,,,1.3140000E-6,39.99999911E-3,
,,,1.3150000E-6,-79.999998212E-3,,,,,1.3150000E-6,39.99999911E-3,
,,,1.3160000E-6,-79.999998212E-3,,,,,1.3160000E-6,39.99999911E-3,
,,,1.3169999E-6,-119.9999973E-3,,,,,1.3169999E-6,39.99999911E-3,
,,,1.3179999E-6,-39.99999911E-3,,,,,1.3179999E-6,39.99999911E-3,
,,,1.3189999E-6,-79.999998212E-3,,,,,1.3189999E-6,39.99999911E-3,
,,,1.3199999E-6,-39.99999911E-3,,,,,1.3199999E-6,79.999998212E-3,
,,,1.3209999E-6,-79.999998212E-3,,,,,1.3209999E-6,39.99999911E-3,
,,,1.3219999E-6,-119.9999973E-3,,,,,1.3219999E-6,39.99999911E-3,
,,,1.3230000E-6,-79.999998212E-3,,,,,1.3230000E-6,39.99999911E-3,
,,,1.3240000E-6,-79.999998212E-3,,,,,1.3240000E-6,39.99999911E-3,
,,,1.3250000E-6,-119.9999973E-3,,,,,1.3250000E-6,79.999998212E-3,
,,,1.3260000E-6,-119.9999973E-3,,,,,1.3260000E-6,39.99999911E-3,
,,,1.3269999E-6,-119.9999973E-3,,,,,1.3269999E-6,39.99999911E-3,
,,,1.3279999E-6,-79.999998212E-3,,,,,1.3279999E-6,39.99999911E-3,
,,,1.3289999E-6,-119.9999973E-3,,,,,1.3289999E-6,79.999998212E-3,
,,,1.3299999E-6,-39.99999911E-3,,,,,1.3299999E-6,39.99999911E-3,
,,,1.3309999E-6,-79.999998212E-3,,,,,1.3309999E-6,79.999998212E-3,
,,,1.3319999E-6,-119.9999973E-3,,,,,1.3319999E-6,79.999998212E-3,
,,,1.3329999E-6,-39.99999911E-3,,,,,1.3329999E-6,39.99999911E-3,
,,,1.3340000E-6,-79.999998212E-3,,,,,1.3340000E-6,79.999998212E-3,
,,,1.3350000E-6,-119.9999973E-3,,,,,1.3350000E-6,79.999998212E-3,
,,,1.3360000E-6,-119.9999973E-3,,,,,1.3360000E-6,119.9999973E-3,
,,,1.3370000E-6,-79.999998212E-3,,,,,1.3370000E-6,79.999998212E-3,
,,,1.3379999E-6,-79.999998212E-3,,,,,1.3379999E-6,79.999998212E-3,
,,,1.3389999E-6,-119.9999973E-3,,,,,1.3389999E-6,79.999998212E-3,
,,,1.3399999E-6,-79.999998212E-3,,,,,1.3399999E-6,119.9999973E-3,
,,,1.3409999E-6,-79.999998212E-3,,,,,1.3409999E-6,79.999998212E-3,
,,,1.3419999E-6,-39.99999911E-3,,,,,1.3419999E-6,79.999998212E-3,
,,,1.3429999E-6,-79.999998212E-3,,,,,1.3429999E-6,39.99999911E-3,
,,,1.3440000E-6,-79.999998212E-3,,,,,1.3440000E-6,79.999998212E-3,
,,,1.3450000E-6,-79.999998212E-3,,,,,1.3450000E-6,79.999998212E-3,
,,,1.3460000E-6,-79.999998212E-3,,,,,1.3460000E-6,39.99999911E-3,
,,,1.3470000E-6,-119.9999973E-3,,,,,1.3470000E-6,79.999998212E-3,
,,,1.3480000E-6,-119.9999973E-3,,,,,1.3480000E-6,79.999998212E-3,
,,,1.3489999E-6,-79.999998212E-3,,,,,1.3489999E-6,39.99999911E-3,
,,,1.3499999E-6,-79.999998212E-3,,,,,1.3499999E-6,79.999998212E-3,
,,,1.3509999E-6,-79.999998212E-3,,,,,1.3509999E-6,79.999998212E-3,
,,,1.3519999E-6,-79.999998212E-3,,,,,1.3519999E-6,39.99999911E-3,
,,,1.3529999E-6,-79.999998212E-3,,,,,1.3529999E-6,39.99999911E-3,
,,,1.3539999E-6,-39.99999911E-3,,,,,1.3539999E-6,39.99999911E-3,
,,,1.3550000E-6,-119.9999973E-3,,,,,1.3550000E-6,79.999998212E-3,
,,,1.3560000E-6,-79.999998212E-3,,,,,1.3560000E-6,79.999998212E-3,
,,,1.3570000E-6,-119.9999973E-3,,,,,1.3570000E-6,79.999998212E-3,
,,,1.3580000E-6,-79.999998212E-3,,,,,1.3580000E-6,119.9999973E-3,
,,,1.3590000E-6,-79.999998212E-3,,,,,1.3590000E-6,79.999998212E-3,
,,,1.3599999E-6,-119.9999973E-3,,,,,1.3599999E-6,39.99999911E-3,
,,,1.3609999E-6,-159.99999642E-3,,,,,1.3609999E-6,39.99999911E-3,
,,,1.3619999E-6,-79.999998212E-3,,,,,1.3619999E-6,79.999998212E-3,
,,,1.3629999E-6,-79.999998212E-3,,,,,1.3629999E-6,79.999998212E-3,
,,,1.3639999E-6,-119.9999973E-3,,,,,1.3639999E-6,79.999998212E-3,
,,,1.3649999E-6,-119.9999973E-3,,,,,1.3649999E-6,79.999998212E-3,
,,,1.3660000E-6,-119.9999973E-3,,,,,1.3660000E-6,39.99999911E-3,
,,,1.3670000E-6,-159.99999642E-3,,,,,1.3670000E-6,79.999998212E-3,
,,,1.3680000E-6,-119.9999973E-3,,,,,1.3680000E-6,39.99999911E-3,
,,,1.3690000E-6,-79.999998212E-3,,,,,1.3690000E-6,39.99999911E-3,
,,,1.3699999E-6,-79.999998212E-3,,,,,1.3699999E-6,79.999998212E-3,
,,,1.3709999E-6,-79.999998212E-3,,,,,1.3709999E-6,119.9999973E-3,
,,,1.3719999E-6,-119.9999973E-3,,,,,1.3719999E-6,79.999998212E-3,
,,,1.3729999E-6,-79.999998212E-3,,,,,1.3729999E-6,79.999998212E-3,
,,,1.3739999E-6,-119.9999973E-3,,,,,1.3739999E-6,79.999998212E-3,
,,,1.3749999E-6,-119.9999973E-3,,,,,1.3749999E-6,79.999998212E-3,
,,,1.3759999E-6,-79.999998212E-3,,,,,1.3759999E-6,39.99999911E-3,
,,,1.3770000E-6,-39.99999911E-3,,,,,1.3770000E-6,0.0,
,,,1.3780000E-6,-119.9999973E-3,,,,,1.3780000E-6,79.999998212E-3,
,,,1.3790000E-6,-79.999998212E-3,,,,,1.3790000E-6,0.0,
,,,1.3800000E-6,-79.999998212E-3,,,,,1.3800000E-6,39.99999911E-3,
,,,1.3809999E-6,-79.999998212E-3,,,,,1.3809999E-6,39.99999911E-3,
,,,1.3819999E-6,-79.999998212E-3,,,,,1.3819999E-6,39.99999911E-3,
,,,1.3829999E-6,-79.999998212E-3,,,,,1.3829999E-6,39.99999911E-3,
,,,1.3839999E-6,-39.99999911E-3,,,,,1.3839999E-6,39.99999911E-3,
,,,1.3849999E-6,-79.999998212E-3,,,,,1.3849999E-6,39.99999911E-3,
,,,1.3859999E-6,-79.999998212E-3,,,,,1.3859999E-6,119.9999973E-3,
,,,1.3870000E-6,-79.999998212E-3,,,,,1.3870000E-6,79.999998212E-3,
,,,1.3880000E-6,-39.99999911E-3,,,,,1.3880000E-6,79.999998212E-3,
,,,1.3890000E-6,-119.9999973E-3,,,,,1.3890000E-6,79.999998212E-3,
,,,1.3900000E-6,-79.999998212E-3,,,,,1.3900000E-6,79.999998212E-3,
,,,1.3910000E-6,-79.999998212E-3,,,,,1.3910000E-6,79.999998212E-3,
,,,1.3919999E-6,-79.999998212E-3,,,,,1.3919999E-6,79.999998212E-3,
,,,1.3929999E-6,-119.9999973E-3,,,,,1.3929999E-6,79.999998212E-3,
,,,1.3939999E-6,-119.9999973E-3,,,,,1.3939999E-6,79.999998212E-3,
,,,1.3949999E-6,-79.999998212E-3,,,,,1.3949999E-6,119.9999973E-3,
,,,1.3959999E-6,-39.99999911E-3,,,,,1.3959999E-6,79.999998212E-3,
,,,1.3969999E-6,-39.99999911E-3,,,,,1.3969999E-6,39.99999911E-3,
,,,1.3980000E-6,-79.999998212E-3,,,,,1.3980000E-6,79.999998212E-3,
,,,1.3990000E-6,-119.9999973E-3,,,,,1.3990000E-6,39.99999911E-3,
,,,1.4000000E-6,-79.999998212E-3,,,,,1.4000000E-6,39.99999911E-3,
,,,1.4010000E-6,-79.999998212E-3,,,,,1.4010000E-6,39.99999911E-3,
,,,1.4020000E-6,-119.9999973E-3,,,,,1.4020000E-6,39.99999911E-3,
,,,1.4029999E-6,-79.999998212E-3,,,,,1.4029999E-6,79.999998212E-3,
,,,1.4039999E-6,-119.9999973E-3,,,,,1.4039999E-6,39.99999911E-3,
,,,1.4049999E-6,-79.999998212E-3,,,,,1.4049999E-6,79.999998212E-3,
,,,1.4059999E-6,-39.99999911E-3,,,,,1.4059999E-6,39.99999911E-3,
,,,1.4069999E-6,-79.999998212E-3,,,,,1.4069999E-6,119.9999973E-3,
,,,1.4079999E-6,-119.9999973E-3,,,,,1.4079999E-6,79.999998212E-3,
,,,1.4090000E-6,-119.9999973E-3,,,,,1.4090000E-6,79.999998212E-3,
,,,1.4100000E-6,-119.9999973E-3,,,,,1.4100000E-6,39.99999911E-3,
,,,1.4110000E-6,-119.9999973E-3,,,,,1.4110000E-6,39.99999911E-3,
,,,1.4120000E-6,-119.9999973E-3,,,,,1.4120000E-6,79.999998212E-3,
,,,1.4129999E-6,-79.999998212E-3,,,,,1.4129999E-6,79.999998212E-3,
,,,1.4139999E-6,-119.9999973E-3,,,,,1.4139999E-6,39.99999911E-3,
,,,1.4149999E-6,-119.9999973E-3,,,,,1.4149999E-6,79.999998212E-3,
,,,1.4159999E-6,-119.9999973E-3,,,,,1.4159999E-6,119.9999973E-3,
,,,1.4169999E-6,-79.999998212E-3,,,,,1.4169999E-6,39.99999911E-3,
,,,1.4179999E-6,-79.999998212E-3,,,,,1.4179999E-6,39.99999911E-3,
,,,1.4189999E-6,-119.9999973E-3,,,,,1.4189999E-6,79.999998212E-3,
,,,1.4200000E-6,-119.9999973E-3,,,,,1.4200000E-6,79.999998212E-3,
,,,1.4210000E-6,-79.999998212E-3,,,,,1.4210000E-6,79.999998212E-3,
,,,1.4220000E-6,-119.9999973E-3,,,,,1.4220000E-6,119.9999973E-3,
,,,1.4230000E-6,-119.9999973E-3,,,,,1.4230000E-6,79.999998212E-3,
,,,1.4239999E-6,-159.99999642E-3,,,,,1.4239999E-6,79.999998212E-3,
,,,1.4249999E-6,-119.9999973E-3,,,,,1.4249999E-6,79.999998212E-3,
,,,1.4259999E-6,-119.9999973E-3,,,,,1.4259999E-6,79.999998212E-3,
,,,1.4269999E-6,-119.9999973E-3,,,,,1.4269999E-6,79.999998212E-3,
,,,1.4279999E-6,-79.999998212E-3,,,,,1.4279999E-6,119.9999973E-3,
,,,1.4289999E-6,-119.9999973E-3,,,,,1.4289999E-6,79.999998212E-3,
,,,1.4299999E-6,-79.999998212E-3,,,,,1.4299999E-6,79.999998212E-3,
,,,1.4310000E-6,-159.99999642E-3,,,,,1.4310000E-6,79.999998212E-3,
,,,1.4320000E-6,-79.999998212E-3,,,,,1.4320000E-6,39.99999911E-3,
,,,1.4330000E-6,-79.999998212E-3,,,,,1.4330000E-6,119.9999973E-3,
,,,1.4340000E-6,-159.99999642E-3,,,,,1.4340000E-6,79.999998212E-3,
,,,1.4349999E-6,-119.9999973E-3,,,,,1.4349999E-6,79.999998212E-3,
,,,1.4359999E-6,-79.999998212E-3,,,,,1.4359999E-6,79.999998212E-3,
,,,1.4369999E-6,-119.9999973E-3,,,,,1.4369999E-6,119.9999973E-3,
,,,1.4379999E-6,-119.9999973E-3,,,,,1.4379999E-6,79.999998212E-3,
,,,1.4389999E-6,-79.999998212E-3,,,,,1.4389999E-6,79.999998212E-3,
,,,1.4399999E-6,-79.999998212E-3,,,,,1.4399999E-6,79.999998212E-3,
,,,1.4410000E-6,-79.999998212E-3,,,,,1.4410000E-6,79.999998212E-3,
,,,1.4420000E-6,-119.9999973E-3,,,,,1.4420000E-6,39.99999911E-3,
,,,1.4430000E-6,-119.9999973E-3,,,,,1.4430000E-6,39.99999911E-3,
,,,1.4440000E-6,-79.999998212E-3,,,,,1.4440000E-6,79.999998212E-3,
,,,1.4450000E-6,-119.9999973E-3,,,,,1.4450000E-6,79.999998212E-3,
,,,1.4459999E-6,-79.999998212E-3,,,,,1.4459999E-6,79.999998212E-3,
,,,1.4469999E-6,-79.999998212E-3,,,,,1.4469999E-6,79.999998212E-3,
,,,1.4479999E-6,-79.999998212E-3,,,,,1.4479999E-6,0.0,
,,,1.4489999E-6,-39.99999911E-3,,,,,1.4489999E-6,79.999998212E-3,
,,,1.4499999E-6,-79.999998212E-3,,,,,1.4499999E-6,79.999998212E-3,
,,,1.4509999E-6,-119.9999973E-3,,,,,1.4509999E-6,39.99999911E-3,
,,,1.4520000E-6,-119.9999973E-3,,,,,1.4520000E-6,39.99999911E-3,
,,,1.4530000E-6,-39.99999911E-3,,,,,1.4530000E-6,79.999998212E-3,
,,,1.4540000E-6,-79.999998212E-3,,,,,1.4540000E-6,79.999998212E-3,
,,,1.4550000E-6,-119.9999973E-3,,,,,1.4550000E-6,39.99999911E-3,
,,,1.4559999E-6,-39.99999911E-3,,,,,1.4559999E-6,79.999998212E-3,
,,,1.4569999E-6,-39.99999911E-3,,,,,1.4569999E-6,79.999998212E-3,
,,,1.4579999E-6,-79.999998212E-3,,,,,1.4579999E-6,39.99999911E-3,
,,,1.4589999E-6,-79.999998212E-3,,,,,1.4589999E-6,39.99999911E-3,
,,,1.4599999E-6,-119.9999973E-3,,,,,1.4599999E-6,79.999998212E-3,
,,,1.4609999E-6,-159.99999642E-3,,,,,1.4609999E-6,79.999998212E-3,
,,,1.4619999E-6,-79.999998212E-3,,,,,1.4619999E-6,39.99999911E-3,
,,,1.4630000E-6,-79.999998212E-3,,,,,1.4630000E-6,39.99999911E-3,
,,,1.4640000E-6,-119.9999973E-3,,,,,1.4640000E-6,39.99999911E-3,
,,,1.4650000E-6,-119.9999973E-3,,,,,1.4650000E-6,39.99999911E-3,
,,,1.4660000E-6,-79.999998212E-3,,,,,1.4660000E-6,39.99999911E-3,
,,,1.4669999E-6,-119.9999973E-3,,,,,1.4669999E-6,119.9999973E-3,
,,,1.4679999E-6,-119.9999973E-3,,,,,1.4679999E-6,39.99999911E-3,
,,,1.4689999E-6,-159.99999642E-3,,,,,1.4689999E-6,39.99999911E-3,
,,,1.4699999E-6,-119.9999973E-3,,,,,1.4699999E-6,39.99999911E-3,
,,,1.4709999E-6,-119.9999973E-3,,,,,1.4709999E-6,39.99999911E-3,
,,,1.4719999E-6,-79.999998212E-3,,,,,1.4719999E-6,79.999998212E-3,
,,,1.4729999E-6,-119.9999973E-3,,,,,1.4729999E-6,39.99999911E-3,
,,,1.4740000E-6,-39.99999911E-3,,,,,1.4740000E-6,79.999998212E-3,
,,,1.4750000E-6,-79.999998212E-3,,,,,1.4750000E-6,39.99999911E-3,
,,,1.4760000E-6,-119.9999973E-3,,,,,1.4760000E-6,39.99999911E-3,
,,,1.4770000E-6,-79.999998212E-3,,,,,1.4770000E-6,79.999998212E-3,
,,,1.4779999E-6,-79.999998212E-3,,,,,1.4779999E-6,0.0,
,,,1.4789999E-6,-119.9999973E-3,,,,,1.4789999E-6,39.99999911E-3,
,,,1.4799999E-6,-79.999998212E-3,,,,,1.4799999E-6,39.99999911E-3,
,,,1.4809999E-6,-119.9999973E-3,,,,,1.4809999E-6,79.999998212E-3,
,,,1.4819999E-6,-119.9999973E-3,,,,,1.4819999E-6,0.0,
,,,1.4829999E-6,-79.999998212E-3,,,,,1.4829999E-6,39.99999911E-3,
,,,1.4840000E-6,-119.9999973E-3,,,,,1.4840000E-6,39.99999911E-3,
,,,1.4850000E-6,-79.999998212E-3,,,,,1.4850000E-6,119.9999973E-3,
,,,1.4860000E-6,-79.999998212E-3,,,,,1.4860000E-6,79.999998212E-3,
,,,1.4870000E-6,-119.9999973E-3,,,,,1.4870000E-6,39.99999911E-3,
,,,1.4880000E-6,-119.9999973E-3,,,,,1.4880000E-6,119.9999973E-3,
,,,1.4889999E-6,-119.9999973E-3,,,,,1.4889999E-6,79.999998212E-3,
,,,1.4899999E-6,-79.999998212E-3,,,,,1.4899999E-6,79.999998212E-3,
,,,1.4909999E-6,-79.999998212E-3,,,,,1.4909999E-6,119.9999973E-3,
,,,1.4919999E-6,-119.9999973E-3,,,,,1.4919999E-6,79.999998212E-3,
,,,1.4929999E-6,-119.9999973E-3,,,,,1.4929999E-6,39.99999911E-3,
,,,1.4939999E-6,-79.999998212E-3,,,,,1.4939999E-6,79.999998212E-3,
,,,1.4950000E-6,-79.999998212E-3,,,,,1.4950000E-6,79.999998212E-3,
,,,1.4960000E-6,-119.9999973E-3,,,,,1.4960000E-6,39.99999911E-3,
,,,1.4970000E-6,-119.9999973E-3,,,,,1.4970000E-6,39.99999911E-3,
,,,1.4980000E-6,-119.9999973E-3,,,,,1.4980000E-6,39.99999911E-3,
,,,1.4989999E-6,-79.999998212E-3,,,,,1.4989999E-6,39.99999911E-3,
,,,1.4999999E-6,-79.999998212E-3,,,,,1.4999999E-6,79.999998212E-3,
,,,1.5009999E-6,-79.999998212E-3,,,,,1.5009999E-6,79.999998212E-3,
,,,1.5019999E-6,-119.9999973E-3,,,,,1.5019999E-6,39.99999911E-3,
,,,1.5029999E-6,-79.999998212E-3,,,,,1.5029999E-6,79.999998212E-3,
,,,1.5039999E-6,-119.9999973E-3,,,,,1.5039999E-6,79.999998212E-3,
,,,1.5049999E-6,-79.999998212E-3,,,,,1.5049999E-6,79.999998212E-3,
,,,1.5060000E-6,-79.999998212E-3,,,,,1.5060000E-6,119.9999973E-3,
,,,1.5070000E-6,-79.999998212E-3,,,,,1.5070000E-6,79.999998212E-3,
,,,1.5080000E-6,-119.9999973E-3,,,,,1.5080000E-6,39.99999911E-3,
,,,1.5090000E-6,-119.9999973E-3,,,,,1.5090000E-6,0.0,
,,,1.5099999E-6,-119.9999973E-3,,,,,1.5099999E-6,39.99999911E-3,
,,,1.5109999E-6,-79.999998212E-3,,,,,1.5109999E-6,39.99999911E-3,
,,,1.5119999E-6,-119.9999973E-3,,,,,1.5119999E-6,39.99999911E-3,
,,,1.5129999E-6,-79.999998212E-3,,,,,1.5129999E-6,0.0,
,,,1.5139999E-6,-119.9999973E-3,,,,,1.5139999E-6,79.999998212E-3,
,,,1.5149999E-6,-79.999998212E-3,,,,,1.5149999E-6,39.99999911E-3,
,,,1.5159999E-6,-79.999998212E-3,,,,,1.5159999E-6,39.99999911E-3,
,,,1.5170000E-6,-39.99999911E-3,,,,,1.5170000E-6,79.999998212E-3,
,,,1.5180000E-6,-79.999998212E-3,,,,,1.5180000E-6,79.999998212E-3,
,,,1.5190000E-6,-119.9999973E-3,,,,,1.5190000E-6,39.99999911E-3,
,,,1.5200000E-6,-79.999998212E-3,,,,,1.5200000E-6,79.999998212E-3,
,,,1.5209999E-6,-39.99999911E-3,,,,,1.5209999E-6,79.999998212E-3,
,,,1.5219999E-6,-79.999998212E-3,,,,,1.5219999E-6,119.9999973E-3,
,,,1.5229999E-6,-79.999998212E-3,,,,,1.5229999E-6,39.99999911E-3,
,,,1.5239999E-6,-119.9999973E-3,,,,,1.5239999E-6,79.999998212E-3,
,,,1.5249999E-6,-79.999998212E-3,,,,,1.5249999E-6,39.99999911E-3,
,,,1.5259999E-6,-119.9999973E-3,,,,,1.5259999E-6,39.99999911E-3,
,,,1.5269999E-6,-119.9999973E-3,,,,,1.5269999E-6,39.99999911E-3,
,,,1.5280000E-6,-119.9999973E-3,,,,,1.5280000E-6,79.999998212E-3,
,,,1.5290000E-6,-119.9999973E-3,,,,,1.5290000E-6,79.999998212E-3,
,,,1.5300000E-6,-119.9999973E-3,,,,,1.5300000E-6,79.999998212E-3,
,,,1.5310000E-6,-119.9999973E-3,,,,,1.5310000E-6,79.999998212E-3,
,,,1.5319999E-6,-79.999998212E-3,,,,,1.5319999E-6,79.999998212E-3,
,,,1.5329999E-6,-119.9999973E-3,,,,,1.5329999E-6,79.999998212E-3,
,,,1.5339999E-6,-119.9999973E-3,,,,,1.5339999E-6,79.999998212E-3,
,,,1.5349999E-6,-79.999998212E-3,,,,,1.5349999E-6,79.999998212E-3,
,,,1.5359999E-6,-119.9999973E-3,,,,,1.5359999E-6,79.999998212E-3,
,,,1.5369999E-6,-79.999998212E-3,,,,,1.5369999E-6,39.99999911E-3,
,,,1.5380000E-6,-79.999998212E-3,,,,,1.5380000E-6,119.9999973E-3,
,,,1.5390000E-6,-79.999998212E-3,,,,,1.5390000E-6,39.99999911E-3,
,,,1.5400000E-6,-119.9999973E-3,,,,,1.5400000E-6,119.9999973E-3,
,,,1.5410000E-6,-79.999998212E-3,,,,,1.5410000E-6,39.99999911E-3,
,,,1.5419999E-6,-79.999998212E-3,,,,,1.5419999E-6,39.99999911E-3,
,,,1.5429999E-6,-79.999998212E-3,,,,,1.5429999E-6,39.99999911E-3,
,,,1.5439999E-6,-119.9999973E-3,,,,,1.5439999E-6,79.999998212E-3,
,,,1.5449999E-6,-79.999998212E-3,,,,,1.5449999E-6,79.999998212E-3,
,,,1.5459999E-6,-79.999998212E-3,,,,,1.5459999E-6,79.999998212E-3,
,,,1.5469999E-6,-79.999998212E-3,,,,,1.5469999E-6,79.999998212E-3,
,,,1.5479999E-6,-79.999998212E-3,,,,,1.5479999E-6,79.999998212E-3,
,,,1.5490000E-6,-79.999998212E-3,,,,,1.5490000E-6,39.99999911E-3,
,,,1.5500000E-6,-79.999998212E-3,,,,,1.5500000E-6,79.999998212E-3,
,,,1.5510000E-6,-79.999998212E-3,,,,,1.5510000E-6,39.99999911E-3,
,,,1.5520000E-6,-79.999998212E-3,,,,,1.5520000E-6,79.999998212E-3,
,,,1.5529999E-6,-119.9999973E-3,,,,,1.5529999E-6,0.0,
,,,1.5539999E-6,-79.999998212E-3,,,,,1.5539999E-6,39.99999911E-3,
,,,1.5549999E-6,-119.9999973E-3,,,,,1.5549999E-6,79.999998212E-3,
,,,1.5559999E-6,-79.999998212E-3,,,,,1.5559999E-6,39.99999911E-3,
,,,1.5569999E-6,-79.999998212E-3,,,,,1.5569999E-6,79.999998212E-3,
,,,1.5579999E-6,-119.9999973E-3,,,,,1.5579999E-6,39.99999911E-3,
,,,1.5589999E-6,-79.999998212E-3,,,,,1.5589999E-6,39.99999911E-3,
,,,1.5600000E-6,-39.99999911E-3,,,,,1.5600000E-6,39.99999911E-3,
,,,1.5610000E-6,-119.9999973E-3,,,,,1.5610000E-6,39.99999911E-3,
,,,1.5620000E-6,-119.9999973E-3,,,,,1.5620000E-6,79.999998212E-3,
,,,1.5630000E-6,-119.9999973E-3,,,,,1.5630000E-6,79.999998212E-3,
,,,1.5639999E-6,-119.9999973E-3,,,,,1.5639999E-6,39.99999911E-3,
,,,1.5649999E-6,-119.9999973E-3,,,,,1.5649999E-6,39.99999911E-3,
,,,1.5659999E-6,-119.9999973E-3,,,,,1.5659999E-6,0.0,
,,,1.5669999E-6,-79.999998212E-3,,,,,1.5669999E-6,39.99999911E-3,
,,,1.5679999E-6,-79.999998212E-3,,,,,1.5679999E-6,39.99999911E-3,
,,,1.5689999E-6,-119.9999973E-3,,,,,1.5689999E-6,79.999998212E-3,
,,,1.5699999E-6,-79.999998212E-3,,,,,1.5699999E-6,79.999998212E-3,
,,,1.5710000E-6,-79.999998212E-3,,,,,1.5710000E-6,79.999998212E-3,
,,,1.5720000E-6,-119.9999973E-3,,,,,1.5720000E-6,79.999998212E-3,
,,,1.5730000E-6,-39.99999911E-3,,,,,1.5730000E-6,39.99999911E-3,
,,,1.5740000E-6,-119.9999973E-3,,,,,1.5740000E-6,79.999998212E-3,
,,,1.5749999E-6,-119.9999973E-3,,,,,1.5749999E-6,39.99999911E-3,
,,,1.5759999E-6,-79.999998212E-3,,,,,1.5759999E-6,79.999998212E-3,
,,,1.5769999E-6,-79.999998212E-3,,,,,1.5769999E-6,39.99999911E-3,
,,,1.5779999E-6,-79.999998212E-3,,,,,1.5779999E-6,39.99999911E-3,
,,,1.5789999E-6,-79.999998212E-3,,,,,1.5789999E-6,39.99999911E-3,
,,,1.5799999E-6,-79.999998212E-3,,,,,1.5799999E-6,79.999998212E-3,
,,,1.5810000E-6,-119.9999973E-3,,,,,1.5810000E-6,39.99999911E-3,
,,,1.5820000E-6,-79.999998212E-3,,,,,1.5820000E-6,79.999998212E-3,
,,,1.5830000E-6,-119.9999973E-3,,,,,1.5830000E-6,39.99999911E-3,
,,,1.5840000E-6,-79.999998212E-3,,,,,1.5840000E-6,79.999998212E-3,
,,,1.5849999E-6,-79.999998212E-3,,,,,1.5849999E-6,39.99999911E-3,
,,,1.5859999E-6,-39.99999911E-3,,,,,1.5859999E-6,79.999998212E-3,
,,,1.5869999E-6,-119.9999973E-3,,,,,1.5869999E-6,79.999998212E-3,
,,,1.5879999E-6,-119.9999973E-3,,,,,1.5879999E-6,79.999998212E-3,
,,,1.5889999E-6,-119.9999973E-3,,,,,1.5889999E-6,79.999998212E-3,
,,,1.5899999E-6,-79.999998212E-3,,,,,1.5899999E-6,79.999998212E-3,
,,,1.5909999E-6,-79.999998212E-3,,,,,1.5909999E-6,39.99999911E-3,
,,,1.5920000E-6,-79.999998212E-3,,,,,1.5920000E-6,79.999998212E-3,
,,,1.5930000E-6,-119.9999973E-3,,,,,1.5930000E-6,39.99999911E-3,
,,,1.5940000E-6,-79.999998212E-3,,,,,1.5940000E-6,39.99999911E-3,
,,,1.5950000E-6,-79.999998212E-3,,,,,1.5950000E-6,39.99999911E-3,
,,,1.5959999E-6,-119.9999973E-3,,,,,1.5959999E-6,79.999998212E-3,
,,,1.5969999E-6,-79.999998212E-3,,,,,1.5969999E-6,79.999998212E-3,
,,,1.5979999E-6,-79.999998212E-3,,,,,1.5979999E-6,119.9999973E-3,
,,,1.5989999E-6,-119.9999973E-3,,,,,1.5989999E-6,79.999998212E-3,
,,,1.5999999E-6,-119.9999973E-3,,,,,1.5999999E-6,79.999998212E-3,
,,,1.6009999E-6,-119.9999973E-3,,,,,1.6009999E-6,39.99999911E-3,
,,,1.6019999E-6,-79.999998212E-3,,,,,1.6019999E-6,39.99999911E-3,
,,,1.6030000E-6,-119.9999973E-3,,,,,1.6030000E-6,119.9999973E-3,
,,,1.6040000E-6,-119.9999973E-3,,,,,1.6040000E-6,79.999998212E-3,
,,,1.6050000E-6,-119.9999973E-3,,,,,1.6050000E-6,79.999998212E-3,
,,,1.6060000E-6,-119.9999973E-3,,,,,1.6060000E-6,79.999998212E-3,
,,,1.6069999E-6,-119.9999973E-3,,,,,1.6069999E-6,79.999998212E-3,
,,,1.6079999E-6,-119.9999973E-3,,,,,1.6079999E-6,39.99999911E-3,
,,,1.6089999E-6,-119.9999973E-3,,,,,1.6089999E-6,79.999998212E-3,
,,,1.6099999E-6,-79.999998212E-3,,,,,1.6099999E-6,79.999998212E-3,
,,,1.6109999E-6,-79.999998212E-3,,,,,1.6109999E-6,39.99999911E-3,
,,,1.6119999E-6,-119.9999973E-3,,,,,1.6119999E-6,79.999998212E-3,
,,,1.6129999E-6,-119.9999973E-3,,,,,1.6129999E-6,79.999998212E-3,
,,,1.6140000E-6,-79.999998212E-3,,,,,1.6140000E-6,119.9999973E-3,
,,,1.6150000E-6,-79.999998212E-3,,,,,1.6150000E-6,39.99999911E-3,
,,,1.6160000E-6,-79.999998212E-3,,,,,1.6160000E-6,79.999998212E-3,
,,,1.6170000E-6,-79.999998212E-3,,,,,1.6170000E-6,79.999998212E-3,
