Record Length,2500,Points,116.0000025E-9,39.99999911E-3,,Record Length,2500,Points,116.0000025E-9,399.99997616E-3,,Record Length,2500,Points,116.0000025E-9,16.3999996,
Sample Interval,400.00000370E-12,s,116.4000025E-9,39.99999911E-3,,Sample Interval,400.00000370E-12,s,116.4000025E-9,399.99997616E-3,,Sample Interval,400.00000370E-12,s,116.4000025E-9,16.3999996,
Trigger Point,-290.00000236,Samples,116.8000026E-9,39.99999911E-3,,Trigger Point,-290.00000236,Samples,116.8000026E-9,439.999997616E-3,,Trigger Point,-290.00000236,Samples,116.8000026E-9,16.3999996,
,,,117.2000026E-9,39.99999911E-3,,,,,117.2000026E-9,479.999989271E-3,,,,,117.2000026E-9,16.3999996,
,,,117.6000026E-9,39.99999911E-3,,,,,117.6000026E-9,479.999989271E-3,,,,,117.6000026E-9,16.8000011,
,,,118.0000027E-9,39.99999911E-3,,,,,118.0000027E-9,479.999989271E-3,,,,,118.0000027E-9,16.8000011,
Source,CH1,,118.4000027E-9,0.0,,Source,CH2,,118.4000027E-9,439.999997616E-3,,Source,MATH,,118.4000027E-9,16.8000011,
Vertical Units,Volts,,118.8000027E-9,0.0,,Vertical Units,Volts,,118.8000027E-9,399.99997616E-3,,Vertical Units,Volts,,118.8000027E-9,16.8000011,
Vertical Scale,999.999977648E-3,,119.2000028E-9,0.0,,Vertical Scale,999.999977648E-3,,119.2000028E-9,399.99997616E-3,,Vertical Scale,10.0000001,,119.2000028E-9,16.8000011,
Vertical Offset,0,,119.6000028E-9,0.0,,Vertical Offset,0,,119.6000028E-9,399.99997616E-3,,Vertical Offset,0,,119.6000028E-9,16.3999996,
Horizontal Units,s,,119.9999957E-9,39.99999911E-3,,Horizontal Units,s,,119.9999957E-9,439.999997616E-3,,Horizontal Units,s,,119.9999957E-9,16.3999996,
Horizontal Scale,100.0000013E-9,,120.4000029E-9,39.99999911E-3,,Horizontal Scale,100.0000013E-9,,120.4000029E-9,439.999997616E-3,,Horizontal Scale,100.0000013E-9,,120.4000029E-9,16.3999996,
Pt Fmt,Y,,120.7999958E-9,39.99999911E-3,,Pt Fmt,Y,,120.7999958E-9,479.999989271E-3,,Pt Fmt,Y,,120.7999958E-9,16.3999996,
Yzero,-1.7200000,,121.2000029E-9,0.0,,Yzero,-1.5600000,,121.2000029E-9,439.999997616E-3,,Yzero,0.0,,121.2000029E-9,16.3999996,
Probe Atten,1.000000,,121.5999959E-9,0.0,,Probe Atten,1.000000,,121.5999959E-9,399.99997616E-3,,,,,121.5999959E-9,16.8000011,
,,,122.0000030E-9,0.0,,,,,122.0000030E-9,399.99997616E-3,,,,,122.0000030E-9,16.8000011,
Note,TBS 1104 - 2:32:25 PM   2/5/2026,,122.3999959E-9,-39.99999911E-3,,Note,TBS 1104 - 2:32:25 PM   2/5/2026,,122.3999959E-9,399.99997616E-3,,Note,TBS 1104 - 2:32:25 PM   2/5/2026,,122.3999959E-9,16.8000011,
,,,122.8000031E-9,-39.99999911E-3,,,,,122.8000031E-9,399.99997616E-3,,,,,122.8000031E-9,16.3999996,
,,,123.1999960E-9,0.0,,,,,123.1999960E-9,439.999997616E-3,,,,,123.1999960E-9,16.3999996,
,,,123.6000031E-9,39.99999911E-3,,,,,123.6000031E-9,439.999997616E-3,,,,,123.6000031E-9,16.8000011,
,,,123.9999960E-9,79.999998212E-3,,,,,123.9999960E-9,439.999997616E-3,,,,,123.9999960E-9,17.2000008,
,,,124.4000032E-9,79.999998212E-3,,,,,124.4000032E-9,399.99997616E-3,,,,,124.4000032E-9,17.2000008,
,,,124.7999961E-9,79.999998212E-3,,,,,124.7999961E-9,399.99997616E-3,,,,,124.7999961E-9,17.2000008,
,,,125.2000033E-9,39.99999911E-3,,,,,125.2000033E-9,359.99998450E-3,,,,,125.2000033E-9,17.2000008,
,,,125.5999962E-9,39.99999911E-3,,,,,125.5999962E-9,359.99998450E-3,,,,,125.5999962E-9,17.2000008,
,,,126.0000033E-9,39.99999911E-3,,,,,126.0000033E-9,359.99998450E-3,,,,,126.0000033E-9,16.8000011,
,,,126.3999962E-9,0.0,,,,,126.3999962E-9,359.99998450E-3,,,,,126.3999962E-9,17.2000008,
,,,126.8000034E-9,39.99999911E-3,,,,,126.8000034E-9,399.99997616E-3,,,,,126.8000034E-9,17.2000008,
,,,127.1999963E-9,39.99999911E-3,,,,,127.1999963E-9,439.999997616E-3,,,,,127.1999963E-9,17.2000008,
,,,127.6000035E-9,39.99999911E-3,,,,,127.6000035E-9,479.999989271E-3,,,,,127.6000035E-9,17.2000008,
,,,127.9999964E-9,79.999998212E-3,,,,,127.9999964E-9,479.999989271E-3,,,,,127.9999964E-9,17.2000008,
,,,128.4000035E-9,39.99999911E-3,,,,,128.4000035E-9,439.999997616E-3,,,,,128.4000035E-9,17.2000008,
,,,128.7999964E-9,39.99999911E-3,,,,,128.7999964E-9,399.99997616E-3,,,,,128.7999964E-9,17.2000008,
,,,129.2000036E-9,0.0,,,,,129.2000036E-9,359.99998450E-3,,,,,129.2000036E-9,16.8000011,
,,,129.5999965E-9,0.0,,,,,129.5999965E-9,359.99998450E-3,,,,,129.5999965E-9,16.8000011,
,,,130.0000037E-9,0.0,,,,,130.0000037E-9,359.99998450E-3,,,,,130.0000037E-9,16.8000011,
,,,130.3999966E-9,0.0,,,,,130.3999966E-9,359.99998450E-3,,,,,130.3999966E-9,17.2000008,
,,,130.8000037E-9,39.99999911E-3,,,,,130.8000037E-9,399.99997616E-3,,,,,130.8000037E-9,17.2000008,
,,,131.1999966E-9,79.999998212E-3,,,,,131.1999966E-9,439.999997616E-3,,,,,131.1999966E-9,17.2000008,
,,,131.6000038E-9,39.99999911E-3,,,,,131.6000038E-9,479.999989271E-3,,,,,131.6000038E-9,17.2000008,
,,,131.9999967E-9,39.99999911E-3,,,,,131.9999967E-9,479.999989271E-3,,,,,131.9999967E-9,17.2000008,
,,,132.4000038E-9,0.0,,,,,132.4000038E-9,439.999997616E-3,,,,,132.4000038E-9,17.2000008,
,,,132.7999968E-9,39.99999911E-3,,,,,132.7999968E-9,399.99997616E-3,,,,,132.7999968E-9,17.2000008,
,,,133.2000039E-9,39.99999911E-3,,,,,133.2000039E-9,399.99997616E-3,,,,,133.2000039E-9,17.2000008,
,,,133.5999968E-9,39.99999911E-3,,,,,133.5999968E-9,399.99997616E-3,,,,,133.5999968E-9,17.2000008,
,,,134.0000040E-9,79.999998212E-3,,,,,134.0000040E-9,439.999997616E-3,,,,,134.0000040E-9,17.2000008,
,,,134.3999969E-9,39.99999911E-3,,,,,134.3999969E-9,439.999997616E-3,,,,,134.3999969E-9,17.2000008,
,,,134.8000040E-9,39.99999911E-3,,,,,134.8000040E-9,479.999989271E-3,,,,,134.8000040E-9,16.8000011,
,,,135.1999970E-9,0.0,,,,,135.1999970E-9,439.999997616E-3,,,,,135.1999970E-9,16.8000011,
,,,135.6000041E-9,0.0,,,,,135.6000041E-9,439.999997616E-3,,,,,135.6000041E-9,16.8000011,
,,,135.9999970E-9,0.0,,,,,135.9999970E-9,439.999997616E-3,,,,,135.9999970E-9,16.8000011,
,,,136.4000042E-9,0.0,,,,,136.4000042E-9,439.999997616E-3,,,,,136.4000042E-9,16.8000011,
,,,136.7999971E-9,0.0,,,,,136.7999971E-9,439.999997616E-3,,,,,136.7999971E-9,17.2000008,
,,,137.2000042E-9,39.99999911E-3,,,,,137.2000042E-9,439.999997616E-3,,,,,137.2000042E-9,17.2000008,
,,,137.5999972E-9,39.99999911E-3,,,,,137.5999972E-9,439.999997616E-3,,,,,137.5999972E-9,17.2000008,
,,,138.0000043E-9,39.99999911E-3,,,,,138.0000043E-9,439.999997616E-3,,,,,138.0000043E-9,17.2000008,
,,,138.3999972E-9,0.0,,,,,138.3999972E-9,439.999997616E-3,,,,,138.3999972E-9,17.2000008,
,,,138.8000044E-9,0.0,,,,,138.8000044E-9,439.999997616E-3,,,,,138.8000044E-9,17.2000008,
,,,139.1999973E-9,-39.99999911E-3,,,,,139.1999973E-9,439.999997616E-3,,,,,139.1999973E-9,17.2000008,
,,,139.6000044E-9,-39.99999911E-3,,,,,139.6000044E-9,439.999997616E-3,,,,,139.6000044E-9,17.2000008,
,,,139.9999974E-9,-39.99999911E-3,,,,,139.9999974E-9,439.999997616E-3,,,,,139.9999974E-9,17.2000008,
,,,140.4000045E-9,-39.99999911E-3,,,,,140.4000045E-9,439.999997616E-3,,,,,140.4000045E-9,17.2000008,
,,,140.7999974E-9,0.0,,,,,140.7999974E-9,439.999997616E-3,,,,,140.7999974E-9,17.6000004,
,,,141.2000046E-9,39.99999911E-3,,,,,141.2000046E-9,439.999997616E-3,,,,,141.2000046E-9,17.6000004,
,,,141.5999975E-9,79.999998212E-3,,,,,141.5999975E-9,439.999997616E-3,,,,,141.5999975E-9,17.6000004,
,,,142.0000046E-9,79.999998212E-3,,,,,142.0000046E-9,479.999989271E-3,,,,,142.0000046E-9,17.6000004,
,,,142.3999976E-9,39.99999911E-3,,,,,142.3999976E-9,439.999997616E-3,,,,,142.3999976E-9,17.2000008,
,,,142.8000047E-9,0.0,,,,,142.8000047E-9,439.999997616E-3,,,,,142.8000047E-9,17.2000008,
,,,143.1999976E-9,0.0,,,,,143.1999976E-9,439.999997616E-3,,,,,143.1999976E-9,17.2000008,
,,,143.6000048E-9,0.0,,,,,143.6000048E-9,439.999997616E-3,,,,,143.6000048E-9,17.2000008,
,,,143.9999977E-9,39.99999911E-3,,,,,143.9999977E-9,439.999997616E-3,,,,,143.9999977E-9,17.2000008,
,,,144.4000048E-9,39.99999911E-3,,,,,144.4000048E-9,439.999997616E-3,,,,,144.4000048E-9,17.6000004,
,,,144.7999978E-9,79.999998212E-3,,,,,144.7999978E-9,439.999997616E-3,,,,,144.7999978E-9,17.6000004,
,,,145.2000049E-9,39.99999911E-3,,,,,145.2000049E-9,439.999997616E-3,,,,,145.2000049E-9,17.6000004,
,,,145.5999978E-9,39.99999911E-3,,,,,145.5999978E-9,439.999997616E-3,,,,,145.5999978E-9,17.2000008,
,,,146.0000050E-9,39.99999911E-3,,,,,146.0000050E-9,439.999997616E-3,,,,,146.0000050E-9,17.2000008,
,,,146.3999979E-9,39.99999911E-3,,,,,146.3999979E-9,399.99997616E-3,,,,,146.3999979E-9,17.2000008,
,,,146.8000050E-9,39.99999911E-3,,,,,146.8000050E-9,399.99997616E-3,,,,,146.8000050E-9,17.2000008,
,,,147.1999980E-9,39.99999911E-3,,,,,147.1999980E-9,399.99997616E-3,,,,,147.1999980E-9,17.2000008,
,,,147.6000051E-9,39.99999911E-3,,,,,147.6000051E-9,359.99998450E-3,,,,,147.6000051E-9,17.6000004,
,,,147.9999980E-9,39.99999911E-3,,,,,147.9999980E-9,399.99997616E-3,,,,,147.9999980E-9,17.6000004,
,,,148.4000052E-9,39.99999911E-3,,,,,148.4000052E-9,399.99997616E-3,,,,,148.4000052E-9,17.6000004,
,,,148.79999810E-9,39.99999911E-3,,,,,148.79999810E-9,399.99997616E-3,,,,,148.79999810E-9,17.2000008,
,,,149.20000524E-9,39.99999911E-3,,,,,149.20000524E-9,439.999997616E-3,,,,,149.20000524E-9,17.2000008,
,,,149.59999817E-9,39.99999911E-3,,,,,149.59999817E-9,439.999997616E-3,,,,,149.59999817E-9,17.2000008,
,,,150.00000531E-9,39.99999911E-3,,,,,150.00000531E-9,439.999997616E-3,,,,,150.00000531E-9,17.2000008,
,,,150.39999823E-9,0.0,,,,,150.39999823E-9,439.999997616E-3,,,,,150.39999823E-9,17.2000008,
,,,150.80000537E-9,0.0,,,,,150.80000537E-9,439.999997616E-3,,,,,150.80000537E-9,17.2000008,
,,,151.19999830E-9,0.0,,,,,151.19999830E-9,479.999989271E-3,,,,,151.19999830E-9,17.2000008,
,,,151.60000544E-9,-39.99999911E-3,,,,,151.60000544E-9,479.999989271E-3,,,,,151.60000544E-9,17.2000008,
,,,151.99999837E-9,0.0,,,,,151.99999837E-9,479.999989271E-3,,,,,151.99999837E-9,17.2000008,
,,,152.40000550E-9,0.0,,,,,152.40000550E-9,439.999997616E-3,,,,,152.40000550E-9,17.2000008,
,,,152.79999843E-9,0.0,,,,,152.79999843E-9,439.999997616E-3,,,,,152.79999843E-9,17.2000008,
,,,153.20000557E-9,39.99999911E-3,,,,,153.20000557E-9,439.999997616E-3,,,,,153.20000557E-9,17.2000008,
,,,153.59999850E-9,39.99999911E-3,,,,,153.59999850E-9,439.999997616E-3,,,,,153.59999850E-9,17.6000004,
,,,154.00000564E-9,79.999998212E-3,,,,,154.00000564E-9,479.999989271E-3,,,,,154.00000564E-9,17.6000004,
,,,154.39999856E-9,39.99999911E-3,,,,,154.39999856E-9,479.999989271E-3,,,,,154.39999856E-9,17.6000004,
,,,154.80000570E-9,39.99999911E-3,,,,,154.80000570E-9,519.999980927E-3,,,,,154.80000570E-9,17.6000004,
,,,155.19999863E-9,39.99999911E-3,,,,,155.19999863E-9,479.999989271E-3,,,,,155.19999863E-9,17.6000004,
,,,155.60000577E-9,39.99999911E-3,,,,,155.60000577E-9,439.999997616E-3,,,,,155.60000577E-9,17.2000008,
,,,155.99999870E-9,39.99999911E-3,,,,,155.99999870E-9,439.999997616E-3,,,,,155.99999870E-9,17.2000008,
,,,156.40000584E-9,39.99999911E-3,,,,,156.40000584E-9,439.999997616E-3,,,,,156.40000584E-9,17.6000004,
,,,156.79999876E-9,39.99999911E-3,,,,,156.79999876E-9,439.999997616E-3,,,,,156.79999876E-9,17.6000004,
,,,157.20000590E-9,39.99999911E-3,,,,,157.20000590E-9,479.999989271E-3,,,,,157.20000590E-9,17.6000004,
,,,157.59999883E-9,39.99999911E-3,,,,,157.59999883E-9,479.999989271E-3,,,,,157.59999883E-9,17.6000004,
,,,158.00000597E-9,39.99999911E-3,,,,,158.00000597E-9,519.999980927E-3,,,,,158.00000597E-9,17.6000004,
,,,158.39999890E-9,39.99999911E-3,,,,,158.39999890E-9,519.999980927E-3,,,,,158.39999890E-9,17.6000004,
,,,158.80000603E-9,39.99999911E-3,,,,,158.80000603E-9,519.999980927E-3,,,,,158.80000603E-9,17.6000004,
,,,159.19999896E-9,39.99999911E-3,,,,,159.19999896E-9,479.999989271E-3,,,,,159.19999896E-9,17.6000004,
,,,159.60000610E-9,39.99999911E-3,,,,,159.60000610E-9,479.999989271E-3,,,,,159.60000610E-9,17.6000004,
,,,159.99999903E-9,39.99999911E-3,,,,,159.99999903E-9,479.999989271E-3,,,,,159.99999903E-9,18.0000000,
,,,160.40000617E-9,39.99999911E-3,,,,,160.40000617E-9,479.999989271E-3,,,,,160.40000617E-9,17.6000004,
,,,160.79999909E-9,39.99999911E-3,,,,,160.79999909E-9,479.999989271E-3,,,,,160.79999909E-9,17.6000004,
,,,161.20000623E-9,0.0,,,,,161.20000623E-9,519.999980927E-3,,,,,161.20000623E-9,17.6000004,
,,,161.59999916E-9,0.0,,,,,161.59999916E-9,479.999989271E-3,,,,,161.59999916E-9,17.6000004,
,,,162.00000630E-9,0.0,,,,,162.00000630E-9,479.999989271E-3,,,,,162.00000630E-9,17.6000004,
,,,162.39999923E-9,0.0,,,,,162.39999923E-9,439.999997616E-3,,,,,162.39999923E-9,17.6000004,
,,,162.80000636E-9,0.0,,,,,162.80000636E-9,439.999997616E-3,,,,,162.80000636E-9,18.0000000,
,,,163.19999929E-9,39.99999911E-3,,,,,163.19999929E-9,439.999997616E-3,,,,,163.19999929E-9,18.0000000,
,,,163.60000643E-9,39.99999911E-3,,,,,163.60000643E-9,439.999997616E-3,,,,,163.60000643E-9,18.0000000,
,,,163.99999936E-9,39.99999911E-3,,,,,163.99999936E-9,479.999989271E-3,,,,,163.99999936E-9,18.0000000,
,,,164.40000650E-9,0.0,,,,,164.40000650E-9,479.999989271E-3,,,,,164.40000650E-9,18.0000000,
,,,164.79999942E-9,0.0,,,,,164.79999942E-9,519.999980927E-3,,,,,164.79999942E-9,18.0000000,
,,,165.20000656E-9,0.0,,,,,165.20000656E-9,479.999989271E-3,,,,,165.20000656E-9,18.0000000,
,,,165.59999949E-9,-39.99999911E-3,,,,,165.59999949E-9,479.999989271E-3,,,,,165.59999949E-9,18.0000000,
,,,166.00000663E-9,0.0,,,,,166.00000663E-9,439.999997616E-3,,,,,166.00000663E-9,18.0000000,
,,,166.39999956E-9,0.0,,,,,166.39999956E-9,399.99997616E-3,,,,,166.39999956E-9,18.0000000,
,,,166.80000670E-9,0.0,,,,,166.80000670E-9,399.99997616E-3,,,,,166.80000670E-9,18.0000000,
,,,167.19999962E-9,0.0,,,,,167.19999962E-9,399.99997616E-3,,,,,167.19999962E-9,18.0000000,
,,,167.60000676E-9,0.0,,,,,167.60000676E-9,399.99997616E-3,,,,,167.60000676E-9,18.0000000,
,,,167.99999969E-9,0.0,,,,,167.99999969E-9,439.999997616E-3,,,,,167.99999969E-9,18.0000000,
,,,168.40000683E-9,0.0,,,,,168.40000683E-9,439.999997616E-3,,,,,168.40000683E-9,18.0000000,
,,,168.79999976E-9,0.0,,,,,168.79999976E-9,479.999989271E-3,,,,,168.79999976E-9,18.0000000,
,,,169.20000689E-9,39.99999911E-3,,,,,169.20000689E-9,439.999997616E-3,,,,,169.20000689E-9,18.0000000,
,,,169.59999982E-9,39.99999911E-3,,,,,169.59999982E-9,439.999997616E-3,,,,,169.59999982E-9,18.0000000,
,,,170.00000696E-9,39.99999911E-3,,,,,170.00000696E-9,439.999997616E-3,,,,,170.00000696E-9,18.0000000,
,,,170.39999989E-9,39.99999911E-3,,,,,170.39999989E-9,439.999997616E-3,,,,,170.39999989E-9,17.6000004,
,,,170.80000703E-9,39.99999911E-3,,,,,170.80000703E-9,439.999997616E-3,,,,,170.80000703E-9,17.6000004,
,,,171.19999995E-9,0.0,,,,,171.19999995E-9,439.999997616E-3,,,,,171.19999995E-9,17.6000004,
,,,171.60000709E-9,0.0,,,,,171.60000709E-9,439.999997616E-3,,,,,171.60000709E-9,18.0000000,
,,,172.00000002E-9,0.0,,,,,172.00000002E-9,439.999997616E-3,,,,,172.00000002E-9,18.0000000,
,,,172.40000716E-9,-39.99999911E-3,,,,,172.40000716E-9,439.999997616E-3,,,,,172.40000716E-9,18.0000000,
,,,172.80000009E-9,0.0,,,,,172.80000009E-9,439.999997616E-3,,,,,172.80000009E-9,18.0000000,
,,,173.20000723E-9,0.0,,,,,173.20000723E-9,479.999989271E-3,,,,,173.20000723E-9,17.6000004,
,,,173.60000015E-9,0.0,,,,,173.60000015E-9,479.999989271E-3,,,,,173.60000015E-9,17.6000004,
,,,174.00000729E-9,39.99999911E-3,,,,,174.00000729E-9,479.999989271E-3,,,,,174.00000729E-9,17.6000004,
,,,174.40000022E-9,39.99999911E-3,,,,,174.40000022E-9,479.999989271E-3,,,,,174.40000022E-9,17.6000004,
,,,174.80000736E-9,39.99999911E-3,,,,,174.80000736E-9,479.999989271E-3,,,,,174.80000736E-9,17.6000004,
,,,175.20000029E-9,79.999998212E-3,,,,,175.20000029E-9,479.999989271E-3,,,,,175.20000029E-9,17.6000004,
,,,175.60000742E-9,79.999998212E-3,,,,,175.60000742E-9,479.999989271E-3,,,,,175.60000742E-9,17.6000004,
,,,176.00000035E-9,79.999998212E-3,,,,,176.00000035E-9,519.999980927E-3,,,,,176.00000035E-9,17.6000004,
,,,176.40000749E-9,39.99999911E-3,,,,,176.40000749E-9,479.999989271E-3,,,,,176.40000749E-9,17.6000004,
,,,176.80000042E-9,39.99999911E-3,,,,,176.80000042E-9,479.999989271E-3,,,,,176.80000042E-9,17.6000004,
,,,177.20000756E-9,39.99999911E-3,,,,,177.20000756E-9,479.999989271E-3,,,,,177.20000756E-9,17.6000004,
,,,177.60000048E-9,39.99999911E-3,,,,,177.60000048E-9,479.999989271E-3,,,,,177.60000048E-9,17.6000004,
,,,178.00000762E-9,79.999998212E-3,,,,,178.00000762E-9,519.999980927E-3,,,,,178.00000762E-9,17.6000004,
,,,178.40000055E-9,39.99999911E-3,,,,,178.40000055E-9,479.999989271E-3,,,,,178.40000055E-9,17.6000004,
,,,178.80000769E-9,39.99999911E-3,,,,,178.80000769E-9,479.999989271E-3,,,,,178.80000769E-9,17.6000004,
,,,179.20000062E-9,0.0,,,,,179.20000062E-9,479.999989271E-3,,,,,179.20000062E-9,17.6000004,
,,,179.60000775E-9,0.0,,,,,179.60000775E-9,479.999989271E-3,,,,,179.60000775E-9,18.0000000,
,,,180.00000068E-9,0.0,,,,,180.00000068E-9,479.999989271E-3,,,,,180.00000068E-9,18.0000000,
,,,180.40000782E-9,0.0,,,,,180.40000782E-9,439.999997616E-3,,,,,180.40000782E-9,18.0000000,
,,,180.80000075E-9,0.0,,,,,180.80000075E-9,439.999997616E-3,,,,,180.80000075E-9,18.0000000,
,,,181.20000789E-9,0.0,,,,,181.20000789E-9,439.999997616E-3,,,,,181.20000789E-9,18.0000000,
,,,181.60000081E-9,0.0,,,,,181.60000081E-9,439.999997616E-3,,,,,181.60000081E-9,17.6000004,
,,,182.00000795E-9,0.0,,,,,182.00000795E-9,479.999989271E-3,,,,,182.00000795E-9,17.6000004,
,,,182.40000088E-9,0.0,,,,,182.40000088E-9,479.999989271E-3,,,,,182.40000088E-9,17.6000004,
,,,182.80000802E-9,0.0,,,,,182.80000802E-9,519.999980927E-3,,,,,182.80000802E-9,17.6000004,
,,,183.20000095E-9,0.0,,,,,183.20000095E-9,479.999989271E-3,,,,,183.20000095E-9,17.6000004,
,,,183.60000809E-9,0.0,,,,,183.60000809E-9,479.999989271E-3,,,,,183.60000809E-9,18.0000000,
,,,184.00000101E-9,39.99999911E-3,,,,,184.00000101E-9,479.999989271E-3,,,,,184.00000101E-9,18.0000000,
,,,184.40000815E-9,39.99999911E-3,,,,,184.40000815E-9,479.999989271E-3,,,,,184.40000815E-9,18.0000000,
,,,184.80000108E-9,39.99999911E-3,,,,,184.80000108E-9,479.999989271E-3,,,,,184.80000108E-9,18.0000000,
,,,185.20000822E-9,39.99999911E-3,,,,,185.20000822E-9,479.999989271E-3,,,,,185.20000822E-9,18.0000000,
,,,185.60000115E-9,39.99999911E-3,,,,,185.60000115E-9,479.999989271E-3,,,,,185.60000115E-9,17.6000004,
,,,186.00000828E-9,79.999998212E-3,,,,,186.00000828E-9,479.999989271E-3,,,,,186.00000828E-9,18.0000000,
,,,186.40000121E-9,79.999998212E-3,,,,,186.40000121E-9,439.999997616E-3,,,,,186.40000121E-9,18.0000000,
,,,186.80000835E-9,79.999998212E-3,,,,,186.80000835E-9,439.999997616E-3,,,,,186.80000835E-9,18.0000000,
,,,187.20000128E-9,39.99999911E-3,,,,,187.20000128E-9,399.99997616E-3,,,,,187.20000128E-9,18.0000000,
,,,187.60000842E-9,0.0,,,,,187.60000842E-9,399.99997616E-3,,,,,187.60000842E-9,18.0000000,
,,,188.00000134E-9,0.0,,,,,188.00000134E-9,439.999997616E-3,,,,,188.00000134E-9,18.0000000,
,,,188.40000848E-9,0.0,,,,,188.40000848E-9,439.999997616E-3,,,,,188.40000848E-9,18.0000000,
,,,188.80000141E-9,0.0,,,,,188.80000141E-9,479.999989271E-3,,,,,188.80000141E-9,18.0000000,
,,,189.20000855E-9,39.99999911E-3,,,,,189.20000855E-9,519.999980927E-3,,,,,189.20000855E-9,18.0000000,
,,,189.60000148E-9,39.99999911E-3,,,,,189.60000148E-9,519.999980927E-3,,,,,189.60000148E-9,18.0000000,
,,,190.00000862E-9,79.999998212E-3,,,,,190.00000862E-9,519.999980927E-3,,,,,190.00000862E-9,18.0000000,
,,,190.40000154E-9,39.99999911E-3,,,,,190.40000154E-9,479.999989271E-3,,,,,190.40000154E-9,18.0000000,
,,,190.80000868E-9,39.99999911E-3,,,,,190.80000868E-9,439.999997616E-3,,,,,190.80000868E-9,18.0000000,
,,,191.20000161E-9,39.99999911E-3,,,,,191.20000161E-9,439.999997616E-3,,,,,191.20000161E-9,18.0000000,
,,,191.60000875E-9,39.99999911E-3,,,,,191.60000875E-9,439.999997616E-3,,,,,191.60000875E-9,18.0000000,
,,,192.00000168E-9,39.99999911E-3,,,,,192.00000168E-9,479.999989271E-3,,,,,192.00000168E-9,18.0000000,
,,,192.40000881E-9,39.99999911E-3,,,,,192.40000881E-9,479.999989271E-3,,,,,192.40000881E-9,18.0000000,
,,,192.80000174E-9,39.99999911E-3,,,,,192.80000174E-9,479.999989271E-3,,,,,192.80000174E-9,18.0000000,
,,,193.20000888E-9,39.99999911E-3,,,,,193.20000888E-9,439.999997616E-3,,,,,193.20000888E-9,18.0000000,
,,,193.60000181E-9,39.99999911E-3,,,,,193.60000181E-9,439.999997616E-3,,,,,193.60000181E-9,18.0000000,
,,,194.00000895E-9,79.999998212E-3,,,,,194.00000895E-9,439.999997616E-3,,,,,194.00000895E-9,18.0000000,
,,,194.40000187E-9,39.99999911E-3,,,,,194.40000187E-9,439.999997616E-3,,,,,194.40000187E-9,18.3999996,
,,,194.80000901E-9,39.99999911E-3,,,,,194.80000901E-9,439.999997616E-3,,,,,194.80000901E-9,18.3999996,
,,,195.20000194E-9,39.99999911E-3,,,,,195.20000194E-9,439.999997616E-3,,,,,195.20000194E-9,18.3999996,
,,,195.60000908E-9,39.99999911E-3,,,,,195.60000908E-9,439.999997616E-3,,,,,195.60000908E-9,18.0000000,
,,,196.00000201E-9,79.999998212E-3,,,,,196.00000201E-9,439.999997616E-3,,,,,196.00000201E-9,18.0000000,
,,,196.40000914E-9,79.999998212E-3,,,,,196.40000914E-9,399.99997616E-3,,,,,196.40000914E-9,18.0000000,
,,,196.80000207E-9,79.999998212E-3,,,,,196.80000207E-9,439.999997616E-3,,,,,196.80000207E-9,18.0000000,
,,,197.20000921E-9,39.99999911E-3,,,,,197.20000921E-9,439.999997616E-3,,,,,197.20000921E-9,18.0000000,
,,,197.60000214E-9,0.0,,,,,197.60000214E-9,439.999997616E-3,,,,,197.60000214E-9,18.0000000,
,,,198.00000928E-9,0.0,,,,,198.00000928E-9,479.999989271E-3,,,,,198.00000928E-9,18.0000000,
,,,198.40000220E-9,-39.99999911E-3,,,,,198.40000220E-9,479.999989271E-3,,,,,198.40000220E-9,17.6000004,
,,,198.80000934E-9,-39.99999911E-3,,,,,198.80000934E-9,479.999989271E-3,,,,,198.80000934E-9,17.6000004,
,,,199.20000227E-9,0.0,,,,,199.20000227E-9,439.999997616E-3,,,,,199.20000227E-9,17.6000004,
,,,199.60000941E-9,39.99999911E-3,,,,,199.60000941E-9,399.99997616E-3,,,,,199.60000941E-9,18.0000000,
,,,200.00000234E-9,79.999998212E-3,,,,,200.00000234E-9,399.99997616E-3,,,,,200.00000234E-9,18.0000000,
,,,200.40000948E-9,39.99999911E-3,,,,,200.40000948E-9,399.99997616E-3,,,,,200.40000948E-9,18.0000000,
,,,200.80000240E-9,39.99999911E-3,,,,,200.80000240E-9,439.999997616E-3,,,,,200.80000240E-9,18.0000000,
,,,201.20000954E-9,0.0,,,,,201.20000954E-9,479.999989271E-3,,,,,201.20000954E-9,18.0000000,
,,,201.60000247E-9,0.0,,,,,201.60000247E-9,519.999980927E-3,,,,,201.60000247E-9,18.3999996,
,,,202.00000961E-9,0.0,,,,,202.00000961E-9,519.999980927E-3,,,,,202.00000961E-9,18.3999996,
,,,202.40000254E-9,0.0,,,,,202.40000254E-9,479.999989271E-3,,,,,202.40000254E-9,18.3999996,
,,,202.80000967E-9,0.0,,,,,202.80000967E-9,439.999997616E-3,,,,,202.80000967E-9,18.3999996,
,,,203.20000260E-9,39.99999911E-3,,,,,203.20000260E-9,399.99997616E-3,,,,,203.20000260E-9,18.3999996,
,,,203.60000974E-9,39.99999911E-3,,,,,203.60000974E-9,399.99997616E-3,,,,,203.60000974E-9,18.3999996,
,,,204.00000267E-9,39.99999911E-3,,,,,204.00000267E-9,439.999997616E-3,,,,,204.00000267E-9,18.3999996,
,,,204.40000981E-9,39.99999911E-3,,,,,204.40000981E-9,439.999997616E-3,,,,,204.40000981E-9,18.3999996,
,,,204.80000273E-9,39.99999911E-3,,,,,204.80000273E-9,439.999997616E-3,,,,,204.80000273E-9,18.3999996,
,,,205.20000987E-9,39.99999911E-3,,,,,205.20000987E-9,479.999989271E-3,,,,,205.20000987E-9,18.3999996,
,,,205.60000280E-9,39.99999911E-3,,,,,205.60000280E-9,479.999989271E-3,,,,,205.60000280E-9,18.3999996,
,,,206.00000994E-9,79.999998212E-3,,,,,206.00000994E-9,479.999989271E-3,,,,,206.00000994E-9,18.3999996,
,,,206.40000287E-9,39.99999911E-3,,,,,206.40000287E-9,439.999997616E-3,,,,,206.40000287E-9,18.3999996,
,,,206.80001001E-9,39.99999911E-3,,,,,206.80001001E-9,439.999997616E-3,,,,,206.80001001E-9,18.3999996,
,,,207.20000293E-9,39.99999911E-3,,,,,207.20000293E-9,439.999997616E-3,,,,,207.20000293E-9,18.3999996,
,,,207.60001007E-9,39.99999911E-3,,,,,207.60001007E-9,439.999997616E-3,,,,,207.60001007E-9,18.3999996,
,,,208.00000300E-9,79.999998212E-3,,,,,208.00000300E-9,479.999989271E-3,,,,,208.00000300E-9,18.3999996,
,,,208.40001014E-9,79.999998212E-3,,,,,208.40001014E-9,479.999989271E-3,,,,,208.40001014E-9,18.3999996,
,,,208.80000307E-9,79.999998212E-3,,,,,208.80000307E-9,479.999989271E-3,,,,,208.80000307E-9,18.3999996,
,,,209.20001020E-9,79.999998212E-3,,,,,209.20001020E-9,479.999989271E-3,,,,,209.20001020E-9,18.3999996,
,,,209.60000313E-9,79.999998212E-3,,,,,209.60000313E-9,479.999989271E-3,,,,,209.60000313E-9,18.3999996,
,,,210.00001027E-9,119.9999973E-3,,,,,210.00001027E-9,479.999989271E-3,,,,,210.00001027E-9,18.3999996,
,,,210.40000320E-9,119.9999973E-3,,,,,210.40000320E-9,439.999997616E-3,,,,,210.40000320E-9,18.3999996,
,,,210.80001034E-9,119.9999973E-3,,,,,210.80001034E-9,439.999997616E-3,,,,,210.80001034E-9,18.3999996,
,,,211.20000326E-9,79.999998212E-3,,,,,211.20000326E-9,439.999997616E-3,,,,,211.20000326E-9,18.3999996,
,,,211.60001040E-9,79.999998212E-3,,,,,211.60001040E-9,439.999997616E-3,,,,,211.60001040E-9,18.3999996,
,,,212.00000333E-9,79.999998212E-3,,,,,212.00000333E-9,479.999989271E-3,,,,,212.00000333E-9,18.3999996,
,,,212.40001047E-9,79.999998212E-3,,,,,212.40001047E-9,439.999997616E-3,,,,,212.40001047E-9,18.8000011,
,,,212.80000340E-9,79.999998212E-3,,,,,212.80000340E-9,439.999997616E-3,,,,,212.80000340E-9,18.3999996,
,,,213.20001053E-9,39.99999911E-3,,,,,213.20001053E-9,439.999997616E-3,,,,,213.20001053E-9,18.3999996,
,,,213.60000346E-9,39.99999911E-3,,,,,213.60000346E-9,439.999997616E-3,,,,,213.60000346E-9,18.3999996,
,,,214.00001060E-9,39.99999911E-3,,,,,214.00001060E-9,439.999997616E-3,,,,,214.00001060E-9,18.3999996,
,,,214.40000353E-9,39.99999911E-3,,,,,214.40000353E-9,439.999997616E-3,,,,,214.40000353E-9,18.3999996,
,,,214.80001067E-9,39.99999911E-3,,,,,214.80001067E-9,439.999997616E-3,,,,,214.80001067E-9,18.3999996,
,,,215.20000359E-9,79.999998212E-3,,,,,215.20000359E-9,439.999997616E-3,,,,,215.20000359E-9,18.3999996,
,,,215.60001073E-9,79.999998212E-3,,,,,215.60001073E-9,439.999997616E-3,,,,,215.60001073E-9,18.3999996,
,,,216.00000366E-9,79.999998212E-3,,,,,216.00000366E-9,439.999997616E-3,,,,,216.00000366E-9,18.3999996,
,,,216.40001080E-9,39.99999911E-3,,,,,216.40001080E-9,439.999997616E-3,,,,,216.40001080E-9,18.3999996,
,,,216.80000373E-9,0.0,,,,,216.80000373E-9,439.999997616E-3,,,,,216.80000373E-9,18.8000011,
,,,217.20001087E-9,0.0,,,,,217.20001087E-9,399.99997616E-3,,,,,217.20001087E-9,18.8000011,
,,,217.60000379E-9,0.0,,,,,217.60000379E-9,399.99997616E-3,,,,,217.60000379E-9,18.3999996,
,,,218.00001093E-9,39.99999911E-3,,,,,218.00001093E-9,399.99997616E-3,,,,,218.00001093E-9,18.3999996,
,,,218.40000386E-9,39.99999911E-3,,,,,218.40000386E-9,399.99997616E-3,,,,,218.40000386E-9,18.3999996,
,,,218.79999679E-9,39.99999911E-3,,,,,218.79999679E-9,399.99997616E-3,,,,,218.79999679E-9,18.8000011,
,,,219.20000393E-9,0.0,,,,,219.20000393E-9,439.999997616E-3,,,,,219.20000393E-9,18.8000011,
,,,219.59999685E-9,0.0,,,,,219.59999685E-9,439.999997616E-3,,,,,219.59999685E-9,18.8000011,
,,,220.00000399E-9,0.0,,,,,220.00000399E-9,439.999997616E-3,,,,,220.00000399E-9,19.2000008,
,,,220.39999692E-9,0.0,,,,,220.39999692E-9,439.999997616E-3,,,,,220.39999692E-9,18.8000011,
,,,220.80000406E-9,0.0,,,,,220.80000406E-9,439.999997616E-3,,,,,220.80000406E-9,18.8000011,
,,,221.19999699E-9,39.99999911E-3,,,,,221.19999699E-9,439.999997616E-3,,,,,221.19999699E-9,18.8000011,
,,,221.60000412E-9,39.99999911E-3,,,,,221.60000412E-9,439.999997616E-3,,,,,221.60000412E-9,18.8000011,
,,,221.99999705E-9,39.99999911E-3,,,,,221.99999705E-9,439.999997616E-3,,,,,221.99999705E-9,18.8000011,
,,,222.40000419E-9,39.99999911E-3,,,,,222.40000419E-9,439.999997616E-3,,,,,222.40000419E-9,18.8000011,
,,,222.79999712E-9,39.99999911E-3,,,,,222.79999712E-9,439.999997616E-3,,,,,222.79999712E-9,18.8000011,
,,,223.20000426E-9,79.999998212E-3,,,,,223.20000426E-9,439.999997616E-3,,,,,223.20000426E-9,18.8000011,
,,,223.59999718E-9,79.999998212E-3,,,,,223.59999718E-9,439.999997616E-3,,,,,223.59999718E-9,18.3999996,
,,,224.00000432E-9,79.999998212E-3,,,,,224.00000432E-9,439.999997616E-3,,,,,224.00000432E-9,18.3999996,
,,,224.39999725E-9,79.999998212E-3,,,,,224.39999725E-9,439.999997616E-3,,,,,224.39999725E-9,18.8000011,
,,,224.80000439E-9,79.999998212E-3,,,,,224.80000439E-9,439.999997616E-3,,,,,224.80000439E-9,18.8000011,
,,,225.19999732E-9,39.99999911E-3,,,,,225.19999732E-9,439.999997616E-3,,,,,225.19999732E-9,18.8000011,
,,,225.60000446E-9,39.99999911E-3,,,,,225.60000446E-9,439.999997616E-3,,,,,225.60000446E-9,19.2000008,
,,,225.99999738E-9,39.99999911E-3,,,,,225.99999738E-9,439.999997616E-3,,,,,225.99999738E-9,19.2000008,
,,,226.40000452E-9,39.99999911E-3,,,,,226.40000452E-9,439.999997616E-3,,,,,226.40000452E-9,19.2000008,
,,,226.79999745E-9,39.99999911E-3,,,,,226.79999745E-9,439.999997616E-3,,,,,226.79999745E-9,18.8000011,
,,,227.20000459E-9,39.99999911E-3,,,,,227.20000459E-9,439.999997616E-3,,,,,227.20000459E-9,18.8000011,
,,,227.59999752E-9,39.99999911E-3,,,,,227.59999752E-9,439.999997616E-3,,,,,227.59999752E-9,18.3999996,
,,,228.00000465E-9,39.99999911E-3,,,,,228.00000465E-9,439.999997616E-3,,,,,228.00000465E-9,18.3999996,
,,,228.39999758E-9,0.0,,,,,228.39999758E-9,439.999997616E-3,,,,,228.39999758E-9,18.8000011,
,,,228.80000472E-9,0.0,,,,,228.80000472E-9,439.999997616E-3,,,,,228.80000472E-9,18.8000011,
,,,229.19999765E-9,0.0,,,,,229.19999765E-9,439.999997616E-3,,,,,229.19999765E-9,18.8000011,
,,,229.60000479E-9,0.0,,,,,229.60000479E-9,439.999997616E-3,,,,,229.60000479E-9,18.8000011,
,,,229.99999771E-9,39.99999911E-3,,,,,229.99999771E-9,479.999989271E-3,,,,,229.99999771E-9,18.8000011,
,,,230.40000485E-9,39.99999911E-3,,,,,230.40000485E-9,439.999997616E-3,,,,,230.40000485E-9,18.8000011,
,,,230.79999778E-9,39.99999911E-3,,,,,230.79999778E-9,439.999997616E-3,,,,,230.79999778E-9,18.8000011,
,,,231.20000492E-9,39.99999911E-3,,,,,231.20000492E-9,439.999997616E-3,,,,,231.20000492E-9,18.8000011,
,,,231.59999785E-9,39.99999911E-3,,,,,231.59999785E-9,439.999997616E-3,,,,,231.59999785E-9,19.2000008,
,,,232.00000498E-9,39.99999911E-3,,,,,232.00000498E-9,439.999997616E-3,,,,,232.00000498E-9,19.2000008,
,,,232.39999791E-9,39.99999911E-3,,,,,232.39999791E-9,399.99997616E-3,,,,,232.39999791E-9,19.2000008,
,,,232.80000505E-9,39.99999911E-3,,,,,232.80000505E-9,399.99997616E-3,,,,,232.80000505E-9,19.2000008,
,,,233.19999798E-9,39.99999911E-3,,,,,233.19999798E-9,399.99997616E-3,,,,,233.19999798E-9,19.2000008,
,,,233.60000512E-9,39.99999911E-3,,,,,233.60000512E-9,399.99997616E-3,,,,,233.60000512E-9,18.8000011,
,,,233.99999804E-9,79.999998212E-3,,,,,233.99999804E-9,439.999997616E-3,,,,,233.99999804E-9,18.8000011,
,,,234.40000518E-9,39.99999911E-3,,,,,234.40000518E-9,439.999997616E-3,,,,,234.40000518E-9,18.8000011,
,,,234.79999811E-9,39.99999911E-3,,,,,234.79999811E-9,479.999989271E-3,,,,,234.79999811E-9,19.2000008,
,,,235.20000525E-9,39.99999911E-3,,,,,235.20000525E-9,439.999997616E-3,,,,,235.20000525E-9,19.2000008,
,,,235.59999818E-9,39.99999911E-3,,,,,235.59999818E-9,439.999997616E-3,,,,,235.59999818E-9,19.2000008,
,,,236.00000532E-9,39.99999911E-3,,,,,236.00000532E-9,439.999997616E-3,,,,,236.00000532E-9,19.2000008,
,,,236.39999824E-9,39.99999911E-3,,,,,236.39999824E-9,399.99997616E-3,,,,,236.39999824E-9,19.2000008,
,,,236.80000538E-9,39.99999911E-3,,,,,236.80000538E-9,439.999997616E-3,,,,,236.80000538E-9,19.2000008,
,,,237.19999831E-9,0.0,,,,,237.19999831E-9,439.999997616E-3,,,,,237.19999831E-9,19.2000008,
,,,237.60000545E-9,0.0,,,,,237.60000545E-9,439.999997616E-3,,,,,237.60000545E-9,19.2000008,
,,,237.99999838E-9,0.0,,,,,237.99999838E-9,479.999989271E-3,,,,,237.99999838E-9,19.2000008,
,,,238.40000551E-9,0.0,,,,,238.40000551E-9,439.999997616E-3,,,,,238.40000551E-9,18.8000011,
,,,238.79999844E-9,0.0,,,,,238.79999844E-9,439.999997616E-3,,,,,238.79999844E-9,19.2000008,
,,,239.20000558E-9,39.99999911E-3,,,,,239.20000558E-9,439.999997616E-3,,,,,239.20000558E-9,19.2000008,
,,,239.60001272E-9,39.99999911E-3,,,,,239.60001272E-9,439.999997616E-3,,,,,239.60001272E-9,19.2000008,
,,,239.99999144E-9,39.99999911E-3,,,,,239.99999144E-9,479.999989271E-3,,,,,239.99999144E-9,19.2000008,
,,,240.39999857E-9,39.99999911E-3,,,,,240.39999857E-9,439.999997616E-3,,,,,240.39999857E-9,19.2000008,
,,,240.80000571E-9,39.99999911E-3,,,,,240.80000571E-9,439.999997616E-3,,,,,240.80000571E-9,18.8000011,
,,,241.20001285E-9,39.99999911E-3,,,,,241.20001285E-9,439.999997616E-3,,,,,241.20001285E-9,18.8000011,
,,,241.59999157E-9,39.99999911E-3,,,,,241.59999157E-9,439.999997616E-3,,,,,241.59999157E-9,18.8000011,
,,,241.99999871E-9,39.99999911E-3,,,,,241.99999871E-9,479.999989271E-3,,,,,241.99999871E-9,18.8000011,
,,,242.40000585E-9,39.99999911E-3,,,,,242.40000585E-9,479.999989271E-3,,,,,242.40000585E-9,18.8000011,
,,,242.80001298E-9,39.99999911E-3,,,,,242.80001298E-9,479.999989271E-3,,,,,242.80001298E-9,18.8000011,
,,,243.19999170E-9,39.99999911E-3,,,,,243.19999170E-9,439.999997616E-3,,,,,243.19999170E-9,18.8000011,
,,,243.59999884E-9,39.99999911E-3,,,,,243.59999884E-9,439.999997616E-3,,,,,243.59999884E-9,18.8000011,
,,,244.00000598E-9,39.99999911E-3,,,,,244.00000598E-9,439.999997616E-3,,,,,244.00000598E-9,18.8000011,
,,,244.40001312E-9,39.99999911E-3,,,,,244.40001312E-9,439.999997616E-3,,,,,244.40001312E-9,18.8000011,
,,,244.79999183E-9,39.99999911E-3,,,,,244.79999183E-9,439.999997616E-3,,,,,244.79999183E-9,19.2000008,
,,,245.19999897E-9,39.99999911E-3,,,,,245.19999897E-9,479.999989271E-3,,,,,245.19999897E-9,19.2000008,
,,,245.60000611E-9,39.99999911E-3,,,,,245.60000611E-9,479.999989271E-3,,,,,245.60000611E-9,19.2000008,
,,,246.00001325E-9,39.99999911E-3,,,,,246.00001325E-9,519.999980927E-3,,,,,246.00001325E-9,19.2000008,
,,,246.39999197E-9,0.0,,,,,246.39999197E-9,479.999989271E-3,,,,,246.39999197E-9,19.2000008,
,,,246.79999910E-9,0.0,,,,,246.79999910E-9,479.999989271E-3,,,,,246.79999910E-9,19.2000008,
,,,247.20000624E-9,0.0,,,,,247.20000624E-9,479.999989271E-3,,,,,247.20000624E-9,19.2000008,
,,,247.60001338E-9,0.0,,,,,247.60001338E-9,439.999997616E-3,,,,,247.60001338E-9,19.2000008,
,,,247.99999210E-9,39.99999911E-3,,,,,247.99999210E-9,479.999989271E-3,,,,,247.99999210E-9,19.2000008,
,,,248.39999924E-9,39.99999911E-3,,,,,248.39999924E-9,479.999989271E-3,,,,,248.39999924E-9,19.2000008,
,,,248.80000637E-9,39.99999911E-3,,,,,248.80000637E-9,479.999989271E-3,,,,,248.80000637E-9,19.2000008,
,,,249.20001351E-9,0.0,,,,,249.20001351E-9,519.999980927E-3,,,,,249.20001351E-9,18.8000011,
,,,249.59999223E-9,0.0,,,,,249.59999223E-9,479.999989271E-3,,,,,249.59999223E-9,18.8000011,
,,,249.99999937E-9,0.0,,,,,249.99999937E-9,479.999989271E-3,,,,,249.99999937E-9,19.2000008,
,,,250.40000651E-9,-39.99999911E-3,,,,,250.40000651E-9,439.999997616E-3,,,,,250.40000651E-9,19.2000008,
,,,250.80001365E-9,0.0,,,,,250.80001365E-9,439.999997616E-3,,,,,250.80001365E-9,19.2000008,
,,,251.19999236E-9,0.0,,,,,251.19999236E-9,439.999997616E-3,,,,,251.19999236E-9,19.2000008,
,,,251.59999950E-9,0.0,,,,,251.59999950E-9,439.999997616E-3,,,,,251.59999950E-9,19.2000008,
,,,252.00000664E-9,39.99999911E-3,,,,,252.00000664E-9,479.999989271E-3,,,,,252.00000664E-9,19.2000008,
,,,252.40001378E-9,39.99999911E-3,,,,,252.40001378E-9,439.999997616E-3,,,,,252.40001378E-9,19.2000008,
,,,252.79999250E-9,39.99999911E-3,,,,,252.79999250E-9,439.999997616E-3,,,,,252.79999250E-9,18.8000011,
,,,253.19999963E-9,0.0,,,,,253.19999963E-9,439.999997616E-3,,,,,253.19999963E-9,19.2000008,
,,,253.60000677E-9,0.0,,,,,253.60000677E-9,439.999997616E-3,,,,,253.60000677E-9,18.8000011,
,,,254.00001391E-9,0.0,,,,,254.00001391E-9,479.999989271E-3,,,,,254.00001391E-9,18.8000011,
,,,254.39999263E-9,0.0,,,,,254.39999263E-9,479.999989271E-3,,,,,254.39999263E-9,19.2000008,
,,,254.79999977E-9,0.0,,,,,254.79999977E-9,479.999989271E-3,,,,,254.79999977E-9,19.2000008,
,,,255.20000690E-9,39.99999911E-3,,,,,255.20000690E-9,479.999989271E-3,,,,,255.20000690E-9,19.2000008,
,,,255.60001404E-9,39.99999911E-3,,,,,255.60001404E-9,479.999989271E-3,,,,,255.60001404E-9,19.2000008,
,,,255.99999276E-9,39.99999911E-3,,,,,255.99999276E-9,519.999980927E-3,,,,,255.99999276E-9,19.2000008,
,,,256.39999990E-9,0.0,,,,,256.39999990E-9,519.999980927E-3,,,,,256.39999990E-9,19.2000008,
,,,256.80000704E-9,0.0,,,,,256.80000704E-9,519.999980927E-3,,,,,256.80000704E-9,18.8000011,
,,,257.20001418E-9,0.0,,,,,257.20001418E-9,479.999989271E-3,,,,,257.20001418E-9,18.8000011,
,,,257.59999289E-9,0.0,,,,,257.59999289E-9,479.999989271E-3,,,,,257.59999289E-9,18.8000011,
,,,258.00000003E-9,39.99999911E-3,,,,,258.00000003E-9,479.999989271E-3,,,,,258.00000003E-9,19.2000008,
,,,258.40000717E-9,39.99999911E-3,,,,,258.40000717E-9,479.999989271E-3,,,,,258.40000717E-9,19.2000008,
,,,258.80001431E-9,39.99999911E-3,,,,,258.80001431E-9,479.999989271E-3,,,,,258.80001431E-9,19.2000008,
,,,259.19999302E-9,0.0,,,,,259.19999302E-9,479.999989271E-3,,,,,259.19999302E-9,19.2000008,
,,,259.60000016E-9,0.0,,,,,259.60000016E-9,479.999989271E-3,,,,,259.60000016E-9,19.6000004,
,,,260.00000730E-9,0.0,,,,,260.00000730E-9,479.999989271E-3,,,,,260.00000730E-9,19.6000004,
,,,260.40001444E-9,-39.99999911E-3,,,,,260.40001444E-9,439.999997616E-3,,,,,260.40001444E-9,19.6000004,
,,,260.79999316E-9,0.0,,,,,260.79999316E-9,439.999997616E-3,,,,,260.79999316E-9,19.6000004,
,,,261.20000030E-9,0.0,,,,,261.20000030E-9,439.999997616E-3,,,,,261.20000030E-9,19.2000008,
,,,261.60000743E-9,0.0,,,,,261.60000743E-9,439.999997616E-3,,,,,261.60000743E-9,19.2000008,
,,,262.00001457E-9,39.99999911E-3,,,,,262.00001457E-9,479.999989271E-3,,,,,262.00001457E-9,19.2000008,
,,,262.39999329E-9,39.99999911E-3,,,,,262.39999329E-9,479.999989271E-3,,,,,262.39999329E-9,19.2000008,
,,,262.80000043E-9,39.99999911E-3,,,,,262.80000043E-9,519.999980927E-3,,,,,262.80000043E-9,19.2000008,
,,,263.20000757E-9,0.0,,,,,263.20000757E-9,479.999989271E-3,,,,,263.20000757E-9,19.2000008,
,,,263.60001470E-9,0.0,,,,,263.60001470E-9,479.999989271E-3,,,,,263.60001470E-9,19.6000004,
,,,263.99999342E-9,0.0,,,,,263.99999342E-9,479.999989271E-3,,,,,263.99999342E-9,19.6000004,
,,,264.40000056E-9,0.0,,,,,264.40000056E-9,479.999989271E-3,,,,,264.40000056E-9,19.6000004,
,,,264.80000770E-9,0.0,,,,,264.80000770E-9,479.999989271E-3,,,,,264.80000770E-9,19.6000004,
,,,265.20001484E-9,0.0,,,,,265.20001484E-9,519.999980927E-3,,,,,265.20001484E-9,19.2000008,
,,,265.59999355E-9,0.0,,,,,265.59999355E-9,479.999989271E-3,,,,,265.59999355E-9,19.2000008,
,,,266.00000069E-9,0.0,,,,,266.00000069E-9,479.999989271E-3,,,,,266.00000069E-9,19.2000008,
,,,266.40000783E-9,0.0,,,,,266.40000783E-9,439.999997616E-3,,,,,266.40000783E-9,19.2000008,
,,,266.80001497E-9,0.0,,,,,266.80001497E-9,439.999997616E-3,,,,,266.80001497E-9,19.2000008,
,,,267.19999369E-9,0.0,,,,,267.19999369E-9,439.999997616E-3,,,,,267.19999369E-9,19.2000008,
,,,267.60000083E-9,0.0,,,,,267.60000083E-9,399.99997616E-3,,,,,267.60000083E-9,19.6000004,
,,,268.00000796E-9,0.0,,,,,268.00000796E-9,439.999997616E-3,,,,,268.00000796E-9,19.6000004,
,,,268.40001510E-9,0.0,,,,,268.40001510E-9,439.999997616E-3,,,,,268.40001510E-9,19.6000004,
,,,268.79999382E-9,0.0,,,,,268.79999382E-9,439.999997616E-3,,,,,268.79999382E-9,19.6000004,
,,,269.20000096E-9,0.0,,,,,269.20000096E-9,479.999989271E-3,,,,,269.20000096E-9,19.6000004,
,,,269.60000810E-9,0.0,,,,,269.60000810E-9,479.999989271E-3,,,,,269.60000810E-9,19.6000004,
,,,270.00001523E-9,0.0,,,,,270.00001523E-9,479.999989271E-3,,,,,270.00001523E-9,19.6000004,
,,,270.39999395E-9,-39.99999911E-3,,,,,270.39999395E-9,479.999989271E-3,,,,,270.39999395E-9,19.6000004,
,,,270.80000109E-9,0.0,,,,,270.80000109E-9,479.999989271E-3,,,,,270.80000109E-9,19.6000004,
,,,271.20000823E-9,0.0,,,,,271.20000823E-9,519.999980927E-3,,,,,271.20000823E-9,19.6000004,
,,,271.60001537E-9,0.0,,,,,271.60001537E-9,519.999980927E-3,,,,,271.60001537E-9,19.6000004,
,,,271.99999408E-9,39.99999911E-3,,,,,271.99999408E-9,519.999980927E-3,,,,,271.99999408E-9,19.6000004,
,,,272.40000122E-9,39.99999911E-3,,,,,272.40000122E-9,519.999980927E-3,,,,,272.40000122E-9,19.6000004,
,,,272.80000836E-9,79.999998212E-3,,,,,272.80000836E-9,519.999980927E-3,,,,,272.80000836E-9,19.6000004,
,,,273.20001550E-9,39.99999911E-3,,,,,273.20001550E-9,479.999989271E-3,,,,,273.20001550E-9,19.6000004,
,,,273.59999422E-9,39.99999911E-3,,,,,273.59999422E-9,479.999989271E-3,,,,,273.59999422E-9,19.6000004,
,,,274.00000135E-9,39.99999911E-3,,,,,274.00000135E-9,479.999989271E-3,,,,,274.00000135E-9,19.6000004,
,,,274.40000849E-9,0.0,,,,,274.40000849E-9,479.999989271E-3,,,,,274.40000849E-9,19.6000004,
,,,274.80001563E-9,39.99999911E-3,,,,,274.80001563E-9,479.999989271E-3,,,,,274.80001563E-9,19.6000004,
,,,275.19999435E-9,39.99999911E-3,,,,,275.19999435E-9,519.999980927E-3,,,,,275.19999435E-9,19.6000004,
,,,275.60000149E-9,39.99999911E-3,,,,,275.60000149E-9,519.999980927E-3,,,,,275.60000149E-9,19.6000004,
,,,276.00000863E-9,79.999998212E-3,,,,,276.00000863E-9,519.999980927E-3,,,,,276.00000863E-9,19.6000004,
,,,276.40001576E-9,79.999998212E-3,,,,,276.40001576E-9,479.999989271E-3,,,,,276.40001576E-9,20.0000000,
,,,276.79999448E-9,79.999998212E-3,,,,,276.79999448E-9,479.999989271E-3,,,,,276.79999448E-9,19.6000004,
,,,277.20000162E-9,79.999998212E-3,,,,,277.20000162E-9,439.999997616E-3,,,,,277.20000162E-9,19.6000004,
,,,277.60000876E-9,79.999998212E-3,,,,,277.60000876E-9,439.999997616E-3,,,,,277.60000876E-9,19.6000004,
,,,278.00001590E-9,79.999998212E-3,,,,,278.00001590E-9,439.999997616E-3,,,,,278.00001590E-9,19.6000004,
,,,278.39999461E-9,39.99999911E-3,,,,,278.39999461E-9,439.999997616E-3,,,,,278.39999461E-9,20.0000000,
,,,278.80000175E-9,39.99999911E-3,,,,,278.80000175E-9,439.999997616E-3,,,,,278.80000175E-9,20.0000000,
,,,279.20000889E-9,0.0,,,,,279.20000889E-9,479.999989271E-3,,,,,279.20000889E-9,20.0000000,
,,,279.60001603E-9,0.0,,,,,279.60001603E-9,479.999989271E-3,,,,,279.60001603E-9,20.0000000,
,,,279.99999475E-9,0.0,,,,,279.99999475E-9,479.999989271E-3,,,,,279.99999475E-9,20.0000000,
,,,280.40000188E-9,0.0,,,,,280.40000188E-9,439.999997616E-3,,,,,280.40000188E-9,19.6000004,
,,,280.80000902E-9,0.0,,,,,280.80000902E-9,439.999997616E-3,,,,,280.80000902E-9,20.0000000,
,,,281.20001616E-9,39.99999911E-3,,,,,281.20001616E-9,439.999997616E-3,,,,,281.20001616E-9,20.0000000,
,,,281.59999488E-9,39.99999911E-3,,,,,281.59999488E-9,399.99997616E-3,,,,,281.59999488E-9,20.0000000,
,,,282.00000202E-9,79.999998212E-3,,,,,282.00000202E-9,439.999997616E-3,,,,,282.00000202E-9,20.0000000,
,,,282.40000916E-9,79.999998212E-3,,,,,282.40000916E-9,439.999997616E-3,,,,,282.40000916E-9,20.0000000,
,,,282.80001629E-9,79.999998212E-3,,,,,282.80001629E-9,439.999997616E-3,,,,,282.80001629E-9,20.0000000,
,,,283.19999501E-9,39.99999911E-3,,,,,283.19999501E-9,439.999997616E-3,,,,,283.19999501E-9,20.0000000,
,,,283.60000215E-9,0.0,,,,,283.60000215E-9,439.999997616E-3,,,,,283.60000215E-9,20.39999962,
,,,284.00000929E-9,0.0,,,,,284.00000929E-9,439.999997616E-3,,,,,284.00000929E-9,20.39999962,
,,,284.40001643E-9,-39.99999911E-3,,,,,284.40001643E-9,439.999997616E-3,,,,,284.40001643E-9,20.39999962,
,,,284.79999514E-9,-39.99999911E-3,,,,,284.79999514E-9,439.999997616E-3,,,,,284.79999514E-9,20.39999962,
,,,285.20000228E-9,0.0,,,,,285.20000228E-9,439.999997616E-3,,,,,285.20000228E-9,20.39999962,
,,,285.60000942E-9,39.99999911E-3,,,,,285.60000942E-9,439.999997616E-3,,,,,285.60000942E-9,20.39999962,
,,,286.00001656E-9,79.999998212E-3,,,,,286.00001656E-9,439.999997616E-3,,,,,286.00001656E-9,20.39999962,
,,,286.39999528E-9,39.99999911E-3,,,,,286.39999528E-9,439.999997616E-3,,,,,286.39999528E-9,20.39999962,
,,,286.80000241E-9,39.99999911E-3,,,,,286.80000241E-9,439.999997616E-3,,,,,286.80000241E-9,20.39999962,
,,,287.20000955E-9,39.99999911E-3,,,,,287.20000955E-9,479.999989271E-3,,,,,287.20000955E-9,20.39999962,
,,,287.60001669E-9,0.0,,,,,287.60001669E-9,479.999989271E-3,,,,,287.60001669E-9,20.39999962,
,,,287.99999541E-9,39.99999911E-3,,,,,287.99999541E-9,479.999989271E-3,,,,,287.99999541E-9,20.39999962,
,,,288.40000255E-9,39.99999911E-3,,,,,288.40000255E-9,439.999997616E-3,,,,,288.40000255E-9,20.39999962,
,,,288.80000968E-9,39.99999911E-3,,,,,288.80000968E-9,439.999997616E-3,,,,,288.80000968E-9,20.0000000,
,,,289.20001682E-9,79.999998212E-3,,,,,289.20001682E-9,439.999997616E-3,,,,,289.20001682E-9,20.0000000,
,,,289.59999554E-9,79.999998212E-3,,,,,289.59999554E-9,399.99997616E-3,,,,,289.59999554E-9,20.39999962,
,,,290.00000268E-9,79.999998212E-3,,,,,290.00000268E-9,439.999997616E-3,,,,,290.00000268E-9,20.39999962,
,,,290.40000982E-9,79.999998212E-3,,,,,290.40000982E-9,439.999997616E-3,,,,,290.40000982E-9,20.39999962,
,,,290.80001696E-9,79.999998212E-3,,,,,290.80001696E-9,439.999997616E-3,,,,,290.80001696E-9,20.39999962,
,,,291.19999567E-9,39.99999911E-3,,,,,291.19999567E-9,479.999989271E-3,,,,,291.19999567E-9,20.39999962,
,,,291.60000281E-9,39.99999911E-3,,,,,291.60000281E-9,479.999989271E-3,,,,,291.60000281E-9,20.0000000,
,,,292.00000995E-9,39.99999911E-3,,,,,292.00000995E-9,479.999989271E-3,,,,,292.00000995E-9,20.0000000,
,,,292.40001709E-9,39.99999911E-3,,,,,292.40001709E-9,439.999997616E-3,,,,,292.40001709E-9,20.0000000,
,,,292.79999580E-9,39.99999911E-3,,,,,292.79999580E-9,439.999997616E-3,,,,,292.79999580E-9,20.0000000,
,,,293.20000294E-9,39.99999911E-3,,,,,293.20000294E-9,439.999997616E-3,,,,,293.20000294E-9,20.0000000,
,,,293.60001008E-9,39.99999911E-3,,,,,293.60001008E-9,439.999997616E-3,,,,,293.60001008E-9,20.39999962,
,,,294.00001722E-9,39.99999911E-3,,,,,294.00001722E-9,439.999997616E-3,,,,,294.00001722E-9,20.39999962,
,,,294.39999594E-9,39.99999911E-3,,,,,294.39999594E-9,439.999997616E-3,,,,,294.39999594E-9,20.39999962,
,,,294.80000308E-9,39.99999911E-3,,,,,294.80000308E-9,439.999997616E-3,,,,,294.80000308E-9,20.39999962,
,,,295.20001021E-9,79.999998212E-3,,,,,295.20001021E-9,439.999997616E-3,,,,,295.20001021E-9,20.39999962,
,,,295.60001735E-9,79.999998212E-3,,,,,295.60001735E-9,439.999997616E-3,,,,,295.60001735E-9,20.39999962,
,,,295.99999607E-9,79.999998212E-3,,,,,295.99999607E-9,479.999989271E-3,,,,,295.99999607E-9,20.39999962,
,,,296.40000321E-9,39.99999911E-3,,,,,296.40000321E-9,479.999989271E-3,,,,,296.40000321E-9,20.39999962,
,,,296.80001035E-9,39.99999911E-3,,,,,296.80001035E-9,479.999989271E-3,,,,,296.80001035E-9,20.39999962,
,,,297.20001749E-9,39.99999911E-3,,,,,297.20001749E-9,439.999997616E-3,,,,,297.20001749E-9,20.39999962,
,,,297.59999620E-9,39.99999911E-3,,,,,297.59999620E-9,399.99997616E-3,,,,,297.59999620E-9,20.39999962,
,,,298.00000334E-9,79.999998212E-3,,,,,298.00000334E-9,399.99997616E-3,,,,,298.00000334E-9,20.39999962,
,,,298.40001048E-9,79.999998212E-3,,,,,298.40001048E-9,359.99998450E-3,,,,,298.40001048E-9,20.39999962,
,,,298.80001762E-9,79.999998212E-3,,,,,298.80001762E-9,359.99998450E-3,,,,,298.80001762E-9,20.39999962,
,,,299.19999633E-9,79.999998212E-3,,,,,299.19999633E-9,399.99997616E-3,,,,,299.19999633E-9,20.80000114,
,,,299.60000347E-9,79.999998212E-3,,,,,299.60000347E-9,399.99997616E-3,,,,,299.60000347E-9,21.20000076,
,,,300.00001061E-9,79.999998212E-3,,,,,300.00001061E-9,439.999997616E-3,,,,,300.00001061E-9,21.20000076,
,,,300.40001775E-9,79.999998212E-3,,,,,300.40001775E-9,439.999997616E-3,,,,,300.40001775E-9,20.80000114,
,,,300.79999647E-9,79.999998212E-3,,,,,300.79999647E-9,479.999989271E-3,,,,,300.79999647E-9,20.80000114,
,,,301.20000361E-9,39.99999911E-3,,,,,301.20000361E-9,439.999997616E-3,,,,,301.20000361E-9,20.80000114,
,,,301.60001074E-9,0.0,,,,,301.60001074E-9,439.999997616E-3,,,,,301.60001074E-9,20.80000114,
,,,302.00001788E-9,0.0,,,,,302.00001788E-9,439.999997616E-3,,,,,302.00001788E-9,20.80000114,
,,,302.39999660E-9,-39.99999911E-3,,,,,302.39999660E-9,399.99997616E-3,,,,,302.39999660E-9,20.80000114,
,,,302.80000374E-9,-39.99999911E-3,,,,,302.80000374E-9,439.999997616E-3,,,,,302.80000374E-9,20.80000114,
,,,303.20001088E-9,0.0,,,,,303.20001088E-9,439.999997616E-3,,,,,303.20001088E-9,20.80000114,
,,,303.60001801E-9,0.0,,,,,303.60001801E-9,439.999997616E-3,,,,,303.60001801E-9,20.80000114,
,,,303.99999673E-9,39.99999911E-3,,,,,303.99999673E-9,479.999989271E-3,,,,,303.99999673E-9,20.80000114,
,,,304.40000387E-9,39.99999911E-3,,,,,304.40000387E-9,439.999997616E-3,,,,,304.40000387E-9,20.80000114,
,,,304.80001101E-9,39.99999911E-3,,,,,304.80001101E-9,439.999997616E-3,,,,,304.80001101E-9,20.80000114,
,,,305.20001815E-9,39.99999911E-3,,,,,305.20001815E-9,399.99997616E-3,,,,,305.20001815E-9,20.80000114,
,,,305.59999686E-9,39.99999911E-3,,,,,305.59999686E-9,399.99997616E-3,,,,,305.59999686E-9,20.80000114,
,,,306.00000400E-9,39.99999911E-3,,,,,306.00000400E-9,399.99997616E-3,,,,,306.00000400E-9,20.39999962,
,,,306.40001114E-9,39.99999911E-3,,,,,306.40001114E-9,399.99997616E-3,,,,,306.40001114E-9,20.39999962,
,,,306.80001828E-9,39.99999911E-3,,,,,306.80001828E-9,399.99997616E-3,,,,,306.80001828E-9,20.39999962,
,,,307.19999700E-9,39.99999911E-3,,,,,307.19999700E-9,439.999997616E-3,,,,,307.19999700E-9,20.39999962,
,,,307.60000413E-9,39.99999911E-3,,,,,307.60000413E-9,439.999997616E-3,,,,,307.60000413E-9,20.80000114,
,,,308.00001127E-9,39.99999911E-3,,,,,308.00001127E-9,439.999997616E-3,,,,,308.00001127E-9,20.80000114,
,,,308.40001841E-9,0.0,,,,,308.40001841E-9,439.999997616E-3,,,,,308.40001841E-9,21.20000076,
,,,308.79999713E-9,39.99999911E-3,,,,,308.79999713E-9,439.999997616E-3,,,,,308.79999713E-9,20.80000114,
,,,309.20000427E-9,39.99999911E-3,,,,,309.20000427E-9,439.999997616E-3,,,,,309.20000427E-9,20.80000114,
,,,309.60001141E-9,39.99999911E-3,,,,,309.60001141E-9,439.999997616E-3,,,,,309.60001141E-9,20.80000114,
,,,310.00001854E-9,79.999998212E-3,,,,,310.00001854E-9,439.999997616E-3,,,,,310.00001854E-9,20.80000114,
,,,310.39999726E-9,39.99999911E-3,,,,,310.39999726E-9,439.999997616E-3,,,,,310.39999726E-9,20.80000114,
,,,310.80000440E-9,39.99999911E-3,,,,,310.80000440E-9,439.999997616E-3,,,,,310.80000440E-9,20.80000114,
,,,311.20001154E-9,39.99999911E-3,,,,,311.20001154E-9,439.999997616E-3,,,,,311.20001154E-9,20.80000114,
,,,311.60001868E-9,39.99999911E-3,,,,,311.60001868E-9,439.999997616E-3,,,,,311.60001868E-9,21.20000076,
,,,311.99999739E-9,79.999998212E-3,,,,,311.99999739E-9,439.999997616E-3,,,,,311.99999739E-9,21.20000076,
,,,312.40000453E-9,39.99999911E-3,,,,,312.40000453E-9,439.999997616E-3,,,,,312.40000453E-9,21.20000076,
,,,312.80001167E-9,39.99999911E-3,,,,,312.80001167E-9,439.999997616E-3,,,,,312.80001167E-9,21.20000076,
,,,313.20001881E-9,39.99999911E-3,,,,,313.20001881E-9,439.999997616E-3,,,,,313.20001881E-9,21.20000076,
,,,313.59999753E-9,39.99999911E-3,,,,,313.59999753E-9,439.999997616E-3,,,,,313.59999753E-9,20.80000114,
,,,314.00000466E-9,39.99999911E-3,,,,,314.00000466E-9,439.999997616E-3,,,,,314.00000466E-9,20.80000114,
,,,314.40001180E-9,0.0,,,,,314.40001180E-9,399.99997616E-3,,,,,314.40001180E-9,20.80000114,
,,,314.80001894E-9,0.0,,,,,314.80001894E-9,399.99997616E-3,,,,,314.80001894E-9,20.80000114,
,,,315.19999766E-9,0.0,,,,,315.19999766E-9,399.99997616E-3,,,,,315.19999766E-9,20.80000114,
,,,315.60000480E-9,0.0,,,,,315.60000480E-9,399.99997616E-3,,,,,315.60000480E-9,20.80000114,
,,,316.00001194E-9,0.0,,,,,316.00001194E-9,439.999997616E-3,,,,,316.00001194E-9,20.80000114,
,,,316.40001907E-9,0.0,,,,,316.40001907E-9,439.999997616E-3,,,,,316.40001907E-9,21.20000076,
,,,316.79999779E-9,0.0,,,,,316.79999779E-9,439.999997616E-3,,,,,316.79999779E-9,20.80000114,
,,,317.20000493E-9,-39.99999911E-3,,,,,317.20000493E-9,439.999997616E-3,,,,,317.20000493E-9,20.80000114,
,,,317.60001207E-9,-39.99999911E-3,,,,,317.60001207E-9,439.999997616E-3,,,,,317.60001207E-9,20.80000114,
,,,318.00001921E-9,-39.99999911E-3,,,,,318.00001921E-9,439.999997616E-3,,,,,318.00001921E-9,20.80000114,
,,,318.39999792E-9,-39.99999911E-3,,,,,318.39999792E-9,399.99997616E-3,,,,,318.39999792E-9,20.80000114,
,,,318.80000506E-9,-39.99999911E-3,,,,,318.80000506E-9,399.99997616E-3,,,,,318.80000506E-9,20.80000114,
,,,319.20001220E-9,0.0,,,,,319.20001220E-9,399.99997616E-3,,,,,319.20001220E-9,20.80000114,
,,,319.60001934E-9,0.0,,,,,319.60001934E-9,399.99997616E-3,,,,,319.60001934E-9,21.20000076,
,,,319.99999806E-9,0.0,,,,,319.99999806E-9,439.999997616E-3,,,,,319.99999806E-9,21.20000076,
,,,320.40000519E-9,0.0,,,,,320.40000519E-9,439.999997616E-3,,,,,320.40000519E-9,21.20000076,
,,,320.80001233E-9,0.0,,,,,320.80001233E-9,439.999997616E-3,,,,,320.80001233E-9,20.80000114,
,,,321.19999105E-9,39.99999911E-3,,,,,321.19999105E-9,439.999997616E-3,,,,,321.19999105E-9,20.80000114,
,,,321.59999819E-9,39.99999911E-3,,,,,321.59999819E-9,439.999997616E-3,,,,,321.59999819E-9,20.80000114,
,,,322.00000533E-9,79.999998212E-3,,,,,322.00000533E-9,439.999997616E-3,,,,,322.00000533E-9,20.80000114,
,,,322.40001246E-9,39.99999911E-3,,,,,322.40001246E-9,399.99997616E-3,,,,,322.40001246E-9,20.80000114,
,,,322.79999118E-9,39.99999911E-3,,,,,322.79999118E-9,399.99997616E-3,,,,,322.79999118E-9,21.20000076,
,,,323.19999832E-9,39.99999911E-3,,,,,323.19999832E-9,399.99997616E-3,,,,,323.19999832E-9,21.20000076,
,,,323.60000546E-9,39.99999911E-3,,,,,323.60000546E-9,359.99998450E-3,,,,,323.60000546E-9,21.20000076,
,,,324.00001260E-9,39.99999911E-3,,,,,324.00001260E-9,399.99997616E-3,,,,,324.00001260E-9,21.20000076,
,,,324.39999131E-9,39.99999911E-3,,,,,324.39999131E-9,399.99997616E-3,,,,,324.39999131E-9,21.20000076,
,,,324.79999845E-9,39.99999911E-3,,,,,324.79999845E-9,399.99997616E-3,,,,,324.79999845E-9,21.20000076,
,,,325.20000559E-9,0.0,,,,,325.20000559E-9,439.999997616E-3,,,,,325.20000559E-9,21.20000076,
,,,325.60001273E-9,0.0,,,,,325.60001273E-9,439.999997616E-3,,,,,325.60001273E-9,21.20000076,
,,,325.99999145E-9,0.0,,,,,325.99999145E-9,479.999989271E-3,,,,,325.99999145E-9,21.20000076,
,,,326.39999858E-9,0.0,,,,,326.39999858E-9,479.999989271E-3,,,,,326.39999858E-9,21.60000038,
,,,326.80000572E-9,0.0,,,,,326.80000572E-9,479.999989271E-3,,,,,326.80000572E-9,21.20000076,
,,,327.20001286E-9,39.99999911E-3,,,,,327.20001286E-9,479.999989271E-3,,,,,327.20001286E-9,21.20000076,
,,,327.59999158E-9,39.99999911E-3,,,,,327.59999158E-9,479.999989271E-3,,,,,327.59999158E-9,21.20000076,
,,,327.99999872E-9,39.99999911E-3,,,,,327.99999872E-9,479.999989271E-3,,,,,327.99999872E-9,21.20000076,
,,,328.40000586E-9,0.0,,,,,328.40000586E-9,439.999997616E-3,,,,,328.40000586E-9,21.20000076,
,,,328.80001299E-9,0.0,,,,,328.80001299E-9,439.999997616E-3,,,,,328.80001299E-9,21.20000076,
,,,329.19999171E-9,0.0,,,,,329.19999171E-9,439.999997616E-3,,,,,329.19999171E-9,21.20000076,
,,,329.59999885E-9,0.0,,,,,329.59999885E-9,439.999997616E-3,,,,,329.59999885E-9,21.20000076,
,,,330.00000599E-9,0.0,,,,,330.00000599E-9,479.999989271E-3,,,,,330.00000599E-9,21.20000076,
,,,330.40001313E-9,0.0,,,,,330.40001313E-9,439.999997616E-3,,,,,330.40001313E-9,21.20000076,
,,,330.79999184E-9,0.0,,,,,330.79999184E-9,439.999997616E-3,,,,,330.79999184E-9,21.20000076,
,,,331.19999898E-9,0.0,,,,,331.19999898E-9,439.999997616E-3,,,,,331.19999898E-9,21.20000076,
,,,331.60000612E-9,0.0,,,,,331.60000612E-9,439.999997616E-3,,,,,331.60000612E-9,21.20000076,
,,,332.00001326E-9,0.0,,,,,332.00001326E-9,479.999989271E-3,,,,,332.00001326E-9,21.20000076,
,,,332.39999198E-9,0.0,,,,,332.39999198E-9,439.999997616E-3,,,,,332.39999198E-9,21.60000038,
,,,332.79999911E-9,0.0,,,,,332.79999911E-9,439.999997616E-3,,,,,332.79999911E-9,21.60000038,
,,,333.20000625E-9,39.99999911E-3,,,,,333.20000625E-9,439.999997616E-3,,,,,333.20000625E-9,21.60000038,
,,,333.60001339E-9,39.99999911E-3,,,,,333.60001339E-9,399.99997616E-3,,,,,333.60001339E-9,21.60000038,
,,,333.99999211E-9,39.99999911E-3,,,,,333.99999211E-9,439.999997616E-3,,,,,333.99999211E-9,21.20000076,
,,,334.39999925E-9,39.99999911E-3,,,,,334.39999925E-9,439.999997616E-3,,,,,334.39999925E-9,21.20000076,
,,,334.80000639E-9,39.99999911E-3,,,,,334.80000639E-9,439.999997616E-3,,,,,334.80000639E-9,21.20000076,
,,,335.20001352E-9,39.99999911E-3,,,,,335.20001352E-9,439.999997616E-3,,,,,335.20001352E-9,21.20000076,
,,,335.59999224E-9,39.99999911E-3,,,,,335.59999224E-9,439.999997616E-3,,,,,335.59999224E-9,21.60000038,
,,,335.99999938E-9,39.99999911E-3,,,,,335.99999938E-9,439.999997616E-3,,,,,335.99999938E-9,21.20000076,
,,,336.40000652E-9,39.99999911E-3,,,,,336.40000652E-9,439.999997616E-3,,,,,336.40000652E-9,21.20000076,
,,,336.80001366E-9,39.99999911E-3,,,,,336.80001366E-9,439.999997616E-3,,,,,336.80001366E-9,21.20000076,
,,,337.19999237E-9,39.99999911E-3,,,,,337.19999237E-9,439.999997616E-3,,,,,337.19999237E-9,21.20000076,
,,,337.59999951E-9,39.99999911E-3,,,,,337.59999951E-9,439.999997616E-3,,,,,337.59999951E-9,21.20000076,
,,,338.00000665E-9,39.99999911E-3,,,,,338.00000665E-9,439.999997616E-3,,,,,338.00000665E-9,21.20000076,
,,,338.40001379E-9,39.99999911E-3,,,,,338.40001379E-9,439.999997616E-3,,,,,338.40001379E-9,21.20000076,
,,,338.79999251E-9,39.99999911E-3,,,,,338.79999251E-9,439.999997616E-3,,,,,338.79999251E-9,21.20000076,
,,,339.19999964E-9,39.99999911E-3,,,,,339.19999964E-9,479.999989271E-3,,,,,339.19999964E-9,21.20000076,
,,,339.60000678E-9,39.99999911E-3,,,,,339.60000678E-9,479.999989271E-3,,,,,339.60000678E-9,21.20000076,
,,,340.00001392E-9,39.99999911E-3,,,,,340.00001392E-9,479.999989271E-3,,,,,340.00001392E-9,21.20000076,
,,,340.39999264E-9,39.99999911E-3,,,,,340.39999264E-9,479.999989271E-3,,,,,340.39999264E-9,21.20000076,
,,,340.79999978E-9,39.99999911E-3,,,,,340.79999978E-9,479.999989271E-3,,,,,340.79999978E-9,21.20000076,
,,,341.20000691E-9,39.99999911E-3,,,,,341.20000691E-9,479.999989271E-3,,,,,341.20000691E-9,21.20000076,
,,,341.60001405E-9,39.99999911E-3,,,,,341.60001405E-9,479.999989271E-3,,,,,341.60001405E-9,21.20000076,
,,,341.99999277E-9,39.99999911E-3,,,,,341.99999277E-9,479.999989271E-3,,,,,341.99999277E-9,21.20000076,
,,,342.39999991E-9,39.99999911E-3,,,,,342.39999991E-9,479.999989271E-3,,,,,342.39999991E-9,21.60000038,
,,,342.80000705E-9,39.99999911E-3,,,,,342.80000705E-9,479.999989271E-3,,,,,342.80000705E-9,21.60000038,
,,,343.20001419E-9,39.99999911E-3,,,,,343.20001419E-9,479.999989271E-3,,,,,343.20001419E-9,21.60000038,
,,,343.59999290E-9,39.99999911E-3,,,,,343.59999290E-9,479.999989271E-3,,,,,343.59999290E-9,21.20000076,
,,,344.00000004E-9,39.99999911E-3,,,,,344.00000004E-9,479.999989271E-3,,,,,344.00000004E-9,21.20000076,
,,,344.40000718E-9,0.0,,,,,344.40000718E-9,439.999997616E-3,,,,,344.40000718E-9,21.20000076,
,,,344.80001432E-9,0.0,,,,,344.80001432E-9,439.999997616E-3,,,,,344.80001432E-9,21.20000076,
,,,345.19999303E-9,0.0,,,,,345.19999303E-9,439.999997616E-3,,,,,345.19999303E-9,21.20000076,
,,,345.60000017E-9,-39.99999911E-3,,,,,345.60000017E-9,399.99997616E-3,,,,,345.60000017E-9,21.20000076,
,,,346.00000731E-9,0.0,,,,,346.00000731E-9,439.999997616E-3,,,,,346.00000731E-9,21.20000076,
,,,346.40001445E-9,0.0,,,,,346.40001445E-9,439.999997616E-3,,,,,346.40001445E-9,21.60000038,
,,,346.79999317E-9,0.0,,,,,346.79999317E-9,439.999997616E-3,,,,,346.79999317E-9,21.20000076,
,,,347.20000031E-9,39.99999911E-3,,,,,347.20000031E-9,479.999989271E-3,,,,,347.20000031E-9,21.20000076,
,,,347.60000744E-9,39.99999911E-3,,,,,347.60000744E-9,479.999989271E-3,,,,,347.60000744E-9,21.20000076,
,,,348.00001458E-9,39.99999911E-3,,,,,348.00001458E-9,519.999980927E-3,,,,,348.00001458E-9,21.20000076,
,,,348.39999330E-9,0.0,,,,,348.39999330E-9,519.999980927E-3,,,,,348.39999330E-9,21.20000076,
,,,348.80000044E-9,0.0,,,,,348.80000044E-9,519.999980927E-3,,,,,348.80000044E-9,21.60000038,
,,,349.20000758E-9,0.0,,,,,349.20000758E-9,479.999989271E-3,,,,,349.20000758E-9,21.20000076,
,,,349.60001472E-9,0.0,,,,,349.60001472E-9,479.999989271E-3,,,,,349.60001472E-9,21.60000038,
,,,349.99999343E-9,0.0,,,,,349.99999343E-9,479.999989271E-3,,,,,349.99999343E-9,21.60000038,
,,,350.40000057E-9,0.0,,,,,350.40000057E-9,479.999989271E-3,,,,,350.40000057E-9,21.20000076,
,,,350.80000771E-9,0.0,,,,,350.80000771E-9,479.999989271E-3,,,,,350.80000771E-9,21.60000038,
,,,351.20001485E-9,0.0,,,,,351.20001485E-9,479.999989271E-3,,,,,351.20001485E-9,21.60000038,
,,,351.59999356E-9,0.0,,,,,351.59999356E-9,479.999989271E-3,,,,,351.59999356E-9,21.20000076,
,,,352.00000070E-9,0.0,,,,,352.00000070E-9,479.999989271E-3,,,,,352.00000070E-9,21.60000038,
,,,352.40000784E-9,0.0,,,,,352.40000784E-9,479.999989271E-3,,,,,352.40000784E-9,21.20000076,
,,,352.80001498E-9,0.0,,,,,352.80001498E-9,479.999989271E-3,,,,,352.80001498E-9,21.20000076,
,,,353.19999370E-9,0.0,,,,,353.19999370E-9,439.999997616E-3,,,,,353.19999370E-9,21.20000076,
,,,353.60000084E-9,-39.99999911E-3,,,,,353.60000084E-9,439.999997616E-3,,,,,353.60000084E-9,21.20000076,
,,,354.00000797E-9,0.0,,,,,354.00000797E-9,439.999997616E-3,,,,,354.00000797E-9,21.20000076,
,,,354.40001511E-9,0.0,,,,,354.40001511E-9,399.99997616E-3,,,,,354.40001511E-9,21.20000076,
,,,354.79999383E-9,39.99999911E-3,,,,,354.79999383E-9,439.999997616E-3,,,,,354.79999383E-9,21.20000076,
,,,355.20000097E-9,79.999998212E-3,,,,,355.20000097E-9,439.999997616E-3,,,,,355.20000097E-9,21.20000076,
,,,355.60000811E-9,79.999998212E-3,,,,,355.60000811E-9,439.999997616E-3,,,,,355.60000811E-9,21.20000076,
,,,356.00001524E-9,79.999998212E-3,,,,,356.00001524E-9,479.999989271E-3,,,,,356.00001524E-9,21.20000076,
,,,356.39999396E-9,39.99999911E-3,,,,,356.39999396E-9,479.999989271E-3,,,,,356.39999396E-9,21.20000076,
,,,356.80000110E-9,39.99999911E-3,,,,,356.80000110E-9,479.999989271E-3,,,,,356.80000110E-9,21.60000038,
,,,357.20000824E-9,39.99999911E-3,,,,,357.20000824E-9,519.999980927E-3,,,,,357.20000824E-9,21.60000038,
,,,357.60001538E-9,39.99999911E-3,,,,,357.60001538E-9,519.999980927E-3,,,,,357.60001538E-9,21.60000038,
,,,357.99999409E-9,39.99999911E-3,,,,,357.99999409E-9,519.999980927E-3,,,,,357.99999409E-9,21.60000038,
,,,358.40000123E-9,39.99999911E-3,,,,,358.40000123E-9,479.999989271E-3,,,,,358.40000123E-9,22.00000000,
,,,358.80000837E-9,39.99999911E-3,,,,,358.80000837E-9,479.999989271E-3,,,,,358.80000837E-9,22.00000000,
,,,359.20001551E-9,39.99999911E-3,,,,,359.20001551E-9,479.999989271E-3,,,,,359.20001551E-9,22.00000000,
,,,359.59999423E-9,39.99999911E-3,,,,,359.59999423E-9,479.999989271E-3,,,,,359.59999423E-9,21.60000038,
,,,360.00000136E-9,39.99999911E-3,,,,,360.00000136E-9,479.999989271E-3,,,,,360.00000136E-9,21.60000038,
,,,360.40000850E-9,39.99999911E-3,,,,,360.40000850E-9,479.999989271E-3,,,,,360.40000850E-9,21.20000076,
,,,360.80001564E-9,39.99999911E-3,,,,,360.80001564E-9,479.999989271E-3,,,,,360.80001564E-9,21.20000076,
,,,361.19999436E-9,39.99999911E-3,,,,,361.19999436E-9,479.999989271E-3,,,,,361.19999436E-9,21.20000076,
,,,361.60000150E-9,39.99999911E-3,,,,,361.60000150E-9,479.999989271E-3,,,,,361.60000150E-9,21.60000038,
,,,362.00000864E-9,39.99999911E-3,,,,,362.00000864E-9,479.999989271E-3,,,,,362.00000864E-9,21.60000038,
,,,362.40001577E-9,0.0,,,,,362.40001577E-9,439.999997616E-3,,,,,362.40001577E-9,21.60000038,
,,,362.79999449E-9,0.0,,,,,362.79999449E-9,439.999997616E-3,,,,,362.79999449E-9,21.60000038,
,,,363.20000163E-9,0.0,,,,,363.20000163E-9,439.999997616E-3,,,,,363.20000163E-9,21.60000038,
,,,363.60000877E-9,0.0,,,,,363.60000877E-9,439.999997616E-3,,,,,363.60000877E-9,21.60000038,
,,,364.00001591E-9,39.99999911E-3,,,,,364.00001591E-9,479.999989271E-3,,,,,364.00001591E-9,21.60000038,
,,,364.39999462E-9,39.99999911E-3,,,,,364.39999462E-9,439.999997616E-3,,,,,364.39999462E-9,21.60000038,
,,,364.80000176E-9,79.999998212E-3,,,,,364.80000176E-9,439.999997616E-3,,,,,364.80000176E-9,21.60000038,
,,,365.20000890E-9,39.99999911E-3,,,,,365.20000890E-9,439.999997616E-3,,,,,365.20000890E-9,21.60000038,
,,,365.60001604E-9,0.0,,,,,365.60001604E-9,439.999997616E-3,,,,,365.60001604E-9,21.60000038,
,,,365.99999476E-9,0.0,,,,,365.99999476E-9,439.999997616E-3,,,,,365.99999476E-9,22.00000000,
,,,366.40000189E-9,-39.99999911E-3,,,,,366.40000189E-9,439.999997616E-3,,,,,366.40000189E-9,21.60000038,
,,,366.80000903E-9,-39.99999911E-3,,,,,366.80000903E-9,439.999997616E-3,,,,,366.80000903E-9,21.60000038,
,,,367.20001617E-9,0.0,,,,,367.20001617E-9,439.999997616E-3,,,,,367.20001617E-9,21.60000038,
,,,367.59999489E-9,39.99999911E-3,,,,,367.59999489E-9,439.999997616E-3,,,,,367.59999489E-9,21.60000038,
,,,368.00000203E-9,79.999998212E-3,,,,,368.00000203E-9,439.999997616E-3,,,,,368.00000203E-9,21.60000038,
,,,368.40000917E-9,39.99999911E-3,,,,,368.40000917E-9,439.999997616E-3,,,,,368.40000917E-9,22.00000000,
,,,368.80001630E-9,39.99999911E-3,,,,,368.80001630E-9,439.999997616E-3,,,,,368.80001630E-9,22.00000000,
,,,369.19999502E-9,39.99999911E-3,,,,,369.19999502E-9,439.999997616E-3,,,,,369.19999502E-9,22.00000000,
,,,369.60000216E-9,39.99999911E-3,,,,,369.60000216E-9,439.999997616E-3,,,,,369.60000216E-9,21.60000038,
,,,370.00000930E-9,39.99999911E-3,,,,,370.00000930E-9,439.999997616E-3,,,,,370.00000930E-9,21.60000038,
,,,370.40001644E-9,39.99999911E-3,,,,,370.40001644E-9,439.999997616E-3,,,,,370.40001644E-9,21.20000076,
,,,370.79999515E-9,39.99999911E-3,,,,,370.79999515E-9,439.999997616E-3,,,,,370.79999515E-9,21.60000038,
,,,371.20000229E-9,39.99999911E-3,,,,,371.20000229E-9,439.999997616E-3,,,,,371.20000229E-9,21.60000038,
,,,371.60000943E-9,39.99999911E-3,,,,,371.60000943E-9,439.999997616E-3,,,,,371.60000943E-9,21.60000038,
,,,372.00001657E-9,79.999998212E-3,,,,,372.00001657E-9,479.999989271E-3,,,,,372.00001657E-9,21.60000038,
,,,372.39999529E-9,79.999998212E-3,,,,,372.39999529E-9,479.999989271E-3,,,,,372.39999529E-9,21.20000076,
,,,372.80000242E-9,79.999998212E-3,,,,,372.80000242E-9,519.999980927E-3,,,,,372.80000242E-9,21.20000076,
,,,373.20000956E-9,39.99999911E-3,,,,,373.20000956E-9,479.999989271E-3,,,,,373.20000956E-9,21.20000076,
,,,373.60001670E-9,39.99999911E-3,,,,,373.60001670E-9,439.999997616E-3,,,,,373.60001670E-9,21.20000076,
,,,373.99999542E-9,39.99999911E-3,,,,,373.99999542E-9,439.999997616E-3,,,,,373.99999542E-9,21.20000076,
,,,374.40000256E-9,0.0,,,,,374.40000256E-9,399.99997616E-3,,,,,374.40000256E-9,21.60000038,
,,,374.80000969E-9,39.99999911E-3,,,,,374.80000969E-9,399.99997616E-3,,,,,374.80000969E-9,21.60000038,
,,,375.20001683E-9,39.99999911E-3,,,,,375.20001683E-9,439.999997616E-3,,,,,375.20001683E-9,21.60000038,
,,,375.59999555E-9,39.99999911E-3,,,,,375.59999555E-9,439.999997616E-3,,,,,375.59999555E-9,22.00000000,
,,,376.00000269E-9,79.999998212E-3,,,,,376.00000269E-9,479.999989271E-3,,,,,376.00000269E-9,22.00000000,
,,,376.40000983E-9,39.99999911E-3,,,,,376.40000983E-9,439.999997616E-3,,,,,376.40000983E-9,22.00000000,
,,,376.80001697E-9,39.99999911E-3,,,,,376.80001697E-9,439.999997616E-3,,,,,376.80001697E-9,22.00000000,
,,,377.19999568E-9,39.99999911E-3,,,,,377.19999568E-9,439.999997616E-3,,,,,377.19999568E-9,22.00000000,
,,,377.60000282E-9,0.0,,,,,377.60000282E-9,439.999997616E-3,,,,,377.60000282E-9,22.00000000,
,,,378.00000996E-9,39.99999911E-3,,,,,378.00000996E-9,439.999997616E-3,,,,,378.00000996E-9,22.00000000,
,,,378.40001710E-9,39.99999911E-3,,,,,378.40001710E-9,399.99997616E-3,,,,,378.40001710E-9,22.00000000,
,,,378.79999581E-9,39.99999911E-3,,,,,378.79999581E-9,399.99997616E-3,,,,,378.79999581E-9,22.00000000,
,,,379.20000295E-9,39.99999911E-3,,,,,379.20000295E-9,399.99997616E-3,,,,,379.20000295E-9,22.00000000,
,,,379.60001009E-9,39.99999911E-3,,,,,379.60001009E-9,399.99997616E-3,,,,,379.60001009E-9,22.00000000,
,,,380.00001723E-9,39.99999911E-3,,,,,380.00001723E-9,439.999997616E-3,,,,,380.00001723E-9,22.00000000,
,,,380.39999595E-9,0.0,,,,,380.39999595E-9,439.999997616E-3,,,,,380.39999595E-9,22.00000000,
,,,380.80000309E-9,39.99999911E-3,,,,,380.80000309E-9,439.999997616E-3,,,,,380.80000309E-9,22.00000000,
,,,381.20001022E-9,39.99999911E-3,,,,,381.20001022E-9,439.999997616E-3,,,,,381.20001022E-9,22.00000000,
,,,381.60001736E-9,39.99999911E-3,,,,,381.60001736E-9,439.999997616E-3,,,,,381.60001736E-9,22.00000000,
,,,381.99999608E-9,79.999998212E-3,,,,,381.99999608E-9,439.999997616E-3,,,,,381.99999608E-9,22.00000000,
,,,382.40000322E-9,39.99999911E-3,,,,,382.40000322E-9,439.999997616E-3,,,,,382.40000322E-9,22.00000000,
,,,382.80001036E-9,39.99999911E-3,,,,,382.80001036E-9,439.999997616E-3,,,,,382.80001036E-9,22.00000000,
,,,383.20001750E-9,0.0,,,,,383.20001750E-9,399.99997616E-3,,,,,383.20001750E-9,22.00000000,
,,,383.59999621E-9,0.0,,,,,383.59999621E-9,399.99997616E-3,,,,,383.59999621E-9,22.00000000,
,,,384.00000335E-9,0.0,,,,,384.00000335E-9,399.99997616E-3,,,,,384.00000335E-9,22.00000000,
,,,384.40001049E-9,0.0,,,,,384.40001049E-9,359.99998450E-3,,,,,384.40001049E-9,22.00000000,
,,,384.80001763E-9,0.0,,,,,384.80001763E-9,399.99997616E-3,,,,,384.80001763E-9,22.00000000,
,,,385.19999634E-9,39.99999911E-3,,,,,385.19999634E-9,399.99997616E-3,,,,,385.19999634E-9,22.00000000,
,,,385.60000348E-9,39.99999911E-3,,,,,385.60000348E-9,399.99997616E-3,,,,,385.60000348E-9,22.00000000,
,,,386.00001062E-9,39.99999911E-3,,,,,386.00001062E-9,439.999997616E-3,,,,,386.00001062E-9,21.60000038,
,,,386.40001776E-9,39.99999911E-3,,,,,386.40001776E-9,439.999997616E-3,,,,,386.40001776E-9,21.60000038,
,,,386.79999648E-9,39.99999911E-3,,,,,386.79999648E-9,439.999997616E-3,,,,,386.79999648E-9,21.60000038,
,,,387.20000362E-9,39.99999911E-3,,,,,387.20000362E-9,439.999997616E-3,,,,,387.20000362E-9,21.60000038,
,,,387.60001075E-9,39.99999911E-3,,,,,387.60001075E-9,439.999997616E-3,,,,,387.60001075E-9,21.60000038,
,,,388.00001789E-9,39.99999911E-3,,,,,388.00001789E-9,439.999997616E-3,,,,,388.00001789E-9,21.60000038,
,,,388.39999661E-9,39.99999911E-3,,,,,388.39999661E-9,439.999997616E-3,,,,,388.39999661E-9,21.60000038,
,,,388.80000375E-9,39.99999911E-3,,,,,388.80000375E-9,439.999997616E-3,,,,,388.80000375E-9,22.00000000,
,,,389.20001089E-9,79.999998212E-3,,,,,389.20001089E-9,439.999997616E-3,,,,,389.20001089E-9,22.00000000,
,,,389.60001802E-9,79.999998212E-3,,,,,389.60001802E-9,439.999997616E-3,,,,,389.60001802E-9,22.39999962,
,,,389.99999674E-9,79.999998212E-3,,,,,389.99999674E-9,439.999997616E-3,,,,,389.99999674E-9,22.39999962,
,,,390.40000388E-9,79.999998212E-3,,,,,390.40000388E-9,439.999997616E-3,,,,,390.40000388E-9,22.00000000,
,,,390.80001102E-9,79.999998212E-3,,,,,390.80001102E-9,439.999997616E-3,,,,,390.80001102E-9,22.00000000,
,,,391.20001816E-9,79.999998212E-3,,,,,391.20001816E-9,439.999997616E-3,,,,,391.20001816E-9,22.00000000,
,,,391.59999687E-9,79.999998212E-3,,,,,391.59999687E-9,439.999997616E-3,,,,,391.59999687E-9,22.00000000,
,,,392.00000401E-9,119.9999973E-3,,,,,392.00000401E-9,439.999997616E-3,,,,,392.00000401E-9,22.39999962,
,,,392.40001115E-9,119.9999973E-3,,,,,392.40001115E-9,439.999997616E-3,,,,,392.40001115E-9,22.39999962,
,,,392.80001829E-9,119.9999973E-3,,,,,392.80001829E-9,439.999997616E-3,,,,,392.80001829E-9,22.39999962,
,,,393.19999701E-9,79.999998212E-3,,,,,393.19999701E-9,439.999997616E-3,,,,,393.19999701E-9,22.39999962,
,,,393.60000414E-9,79.999998212E-3,,,,,393.60000414E-9,439.999997616E-3,,,,,393.60000414E-9,22.00000000,
,,,394.00001128E-9,79.999998212E-3,,,,,394.00001128E-9,439.999997616E-3,,,,,394.00001128E-9,22.00000000,
,,,394.40001842E-9,39.99999911E-3,,,,,394.40001842E-9,439.999997616E-3,,,,,394.40001842E-9,22.00000000,
,,,394.79999714E-9,39.99999911E-3,,,,,394.79999714E-9,439.999997616E-3,,,,,394.79999714E-9,22.39999962,
,,,395.20000428E-9,0.0,,,,,395.20000428E-9,439.999997616E-3,,,,,395.20000428E-9,22.39999962,
,,,395.60001142E-9,0.0,,,,,395.60001142E-9,439.999997616E-3,,,,,395.60001142E-9,22.80000114,
,,,396.00001855E-9,0.0,,,,,396.00001855E-9,479.999989271E-3,,,,,396.00001855E-9,22.80000114,
,,,396.39999727E-9,0.0,,,,,396.39999727E-9,479.999989271E-3,,,,,396.39999727E-9,22.39999962,
,,,396.80000441E-9,0.0,,,,,396.80000441E-9,479.999989271E-3,,,,,396.80000441E-9,22.39999962,
,,,397.20001155E-9,39.99999911E-3,,,,,397.20001155E-9,439.999997616E-3,,,,,397.20001155E-9,22.39999962,
,,,397.60001869E-9,39.99999911E-3,,,,,397.60001869E-9,399.99997616E-3,,,,,397.60001869E-9,22.39999962,
,,,397.99999740E-9,79.999998212E-3,,,,,397.99999740E-9,399.99997616E-3,,,,,397.99999740E-9,22.39999962,
,,,398.40000454E-9,79.999998212E-3,,,,,398.40000454E-9,359.99998450E-3,,,,,398.40000454E-9,22.39999962,
,,,398.80001168E-9,79.999998212E-3,,,,,398.80001168E-9,359.99998450E-3,,,,,398.80001168E-9,22.00000000,
,,,399.20001882E-9,39.99999911E-3,,,,,399.20001882E-9,399.99997616E-3,,,,,399.20001882E-9,22.39999962,
,,,399.59999754E-9,39.99999911E-3,,,,,399.59999754E-9,399.99997616E-3,,,,,399.59999754E-9,22.39999962,
,,,400.00000467E-9,39.99999911E-3,,,,,400.00000467E-9,439.999997616E-3,,,,,400.00000467E-9,22.39999962,
,,,400.40001181E-9,39.99999911E-3,,,,,400.40001181E-9,439.999997616E-3,,,,,400.40001181E-9,22.39999962,
,,,400.80001895E-9,39.99999911E-3,,,,,400.80001895E-9,439.999997616E-3,,,,,400.80001895E-9,22.39999962,
,,,401.19999767E-9,39.99999911E-3,,,,,401.19999767E-9,439.999997616E-3,,,,,401.19999767E-9,22.80000114,
,,,401.60000481E-9,39.99999911E-3,,,,,401.60000481E-9,439.999997616E-3,,,,,401.60000481E-9,22.39999962,
,,,402.00001195E-9,39.99999911E-3,,,,,402.00001195E-9,439.999997616E-3,,,,,402.00001195E-9,22.39999962,
,,,402.40001908E-9,39.99999911E-3,,,,,402.40001908E-9,439.999997616E-3,,,,,402.40001908E-9,22.39999962,
,,,402.79999780E-9,39.99999911E-3,,,,,402.79999780E-9,439.999997616E-3,,,,,402.79999780E-9,22.00000000,
,,,403.20000494E-9,39.99999911E-3,,,,,403.20000494E-9,479.999989271E-3,,,,,403.20000494E-9,22.39999962,
,,,403.600012078E-9,39.99999911E-3,,,,,403.600012078E-9,479.999989271E-3,,,,,403.600012078E-9,22.39999962,
,,,404.000019216E-9,39.99999911E-3,,,,,404.000019216E-9,479.999989271E-3,,,,,404.000019216E-9,22.39999962,
,,,404.399997933E-9,0.0,,,,,404.399997933E-9,439.999997616E-3,,,,,404.399997933E-9,22.80000114,
,,,404.800005072E-9,39.99999911E-3,,,,,404.800005072E-9,399.99997616E-3,,,,,404.800005072E-9,22.80000114,
,,,405.200012210E-9,39.99999911E-3,,,,,405.200012210E-9,399.99997616E-3,,,,,405.200012210E-9,22.80000114,
,,,405.600019349E-9,39.99999911E-3,,,,,405.600019349E-9,399.99997616E-3,,,,,405.600019349E-9,22.39999962,
,,,405.999998065E-9,79.999998212E-3,,,,,405.999998065E-9,439.999997616E-3,,,,,405.999998065E-9,22.39999962,
,,,406.400005204E-9,39.99999911E-3,,,,,406.400005204E-9,439.999997616E-3,,,,,406.400005204E-9,22.39999962,
,,,406.800012343E-9,0.0,,,,,406.800012343E-9,479.999989271E-3,,,,,406.800012343E-9,22.39999962,
,,,407.200019481E-9,0.0,,,,,407.200019481E-9,439.999997616E-3,,,,,407.200019481E-9,22.39999962,
,,,407.599998198E-9,0.0,,,,,407.599998198E-9,439.999997616E-3,,,,,407.599998198E-9,22.39999962,
,,,408.000005336E-9,39.99999911E-3,,,,,408.000005336E-9,439.999997616E-3,,,,,408.000005336E-9,22.39999962,
,,,408.400012475E-9,39.99999911E-3,,,,,408.400012475E-9,439.999997616E-3,,,,,408.400012475E-9,22.00000000,
,,,408.800019613E-9,79.999998212E-3,,,,,408.800019613E-9,439.999997616E-3,,,,,408.800019613E-9,22.00000000,
,,,409.199998330E-9,39.99999911E-3,,,,,409.199998330E-9,439.999997616E-3,,,,,409.199998330E-9,22.00000000,
,,,409.600005469E-9,39.99999911E-3,,,,,409.600005469E-9,439.999997616E-3,,,,,409.600005469E-9,22.39999962,
,,,410.000012607E-9,39.99999911E-3,,,,,410.000012607E-9,439.999997616E-3,,,,,410.000012607E-9,22.39999962,
,,,410.400019746E-9,39.99999911E-3,,,,,410.400019746E-9,439.999997616E-3,,,,,410.400019746E-9,22.39999962,
,,,410.799998463E-9,39.99999911E-3,,,,,410.799998463E-9,439.999997616E-3,,,,,410.799998463E-9,22.39999962,
,,,411.200005601E-9,39.99999911E-3,,,,,411.200005601E-9,399.99997616E-3,,,,,411.200005601E-9,22.39999962,
,,,411.600012740E-9,39.99999911E-3,,,,,411.600012740E-9,399.99997616E-3,,,,,411.600012740E-9,22.39999962,
,,,412.000019878E-9,39.99999911E-3,,,,,412.000019878E-9,399.99997616E-3,,,,,412.000019878E-9,22.39999962,
,,,412.399998595E-9,39.99999911E-3,,,,,412.399998595E-9,399.99997616E-3,,,,,412.399998595E-9,22.80000114,
,,,412.800005734E-9,39.99999911E-3,,,,,412.800005734E-9,399.99997616E-3,,,,,412.800005734E-9,22.80000114,
,,,413.200012872E-9,0.0,,,,,413.200012872E-9,399.99997616E-3,,,,,413.200012872E-9,22.80000114,
,,,413.600020011E-9,0.0,,,,,413.600020011E-9,399.99997616E-3,,,,,413.600020011E-9,22.39999962,
,,,413.999998727E-9,0.0,,,,,413.999998727E-9,399.99997616E-3,,,,,413.999998727E-9,22.39999962,
,,,414.400005866E-9,0.0,,,,,414.400005866E-9,359.99998450E-3,,,,,414.400005866E-9,22.39999962,
,,,414.800013004E-9,0.0,,,,,414.800013004E-9,399.99997616E-3,,,,,414.800013004E-9,22.39999962,
,,,415.200020143E-9,0.0,,,,,415.200020143E-9,399.99997616E-3,,,,,415.200020143E-9,22.39999962,
,,,415.599998860E-9,0.0,,,,,415.599998860E-9,399.99997616E-3,,,,,415.599998860E-9,22.80000114,
,,,416.000005998E-9,0.0,,,,,416.000005998E-9,439.999997616E-3,,,,,416.000005998E-9,22.80000114,
,,,416.400013137E-9,0.0,,,,,416.400013137E-9,399.99997616E-3,,,,,416.400013137E-9,22.80000114,
,,,416.800020275E-9,0.0,,,,,416.800020275E-9,399.99997616E-3,,,,,416.800020275E-9,22.80000114,
,,,417.199998992E-9,39.99999911E-3,,,,,417.199998992E-9,399.99997616E-3,,,,,417.199998992E-9,22.80000114,
,,,417.600006131E-9,39.99999911E-3,,,,,417.600006131E-9,399.99997616E-3,,,,,417.600006131E-9,22.39999962,
,,,418.000013269E-9,39.99999911E-3,,,,,418.000013269E-9,439.999997616E-3,,,,,418.000013269E-9,22.39999962,
,,,418.400020408E-9,0.0,,,,,418.400020408E-9,439.999997616E-3,,,,,418.400020408E-9,22.39999962,
,,,418.799999125E-9,0.0,,,,,418.799999125E-9,439.999997616E-3,,,,,418.799999125E-9,22.39999962,
,,,419.200006263E-9,0.0,,,,,419.200006263E-9,399.99997616E-3,,,,,419.200006263E-9,22.39999962,
,,,419.600013402E-9,0.0,,,,,419.600013402E-9,399.99997616E-3,,,,,419.600013402E-9,22.39999962,
,,,420.000020540E-9,39.99999911E-3,,,,,420.000020540E-9,399.99997616E-3,,,,,420.000020540E-9,22.39999962,
,,,420.399999257E-9,39.99999911E-3,,,,,420.399999257E-9,359.99998450E-3,,,,,420.399999257E-9,22.39999962,
,,,420.800006395E-9,39.99999911E-3,,,,,420.800006395E-9,359.99998450E-3,,,,,420.800006395E-9,22.39999962,
,,,421.200013534E-9,0.0,,,,,421.200013534E-9,399.99997616E-3,,,,,421.200013534E-9,22.39999962,
,,,421.600020672E-9,0.0,,,,,421.600020672E-9,439.999997616E-3,,,,,421.600020672E-9,22.39999962,
,,,421.999999389E-9,0.0,,,,,421.999999389E-9,479.999989271E-3,,,,,421.999999389E-9,22.39999962,
,,,422.400006528E-9,-39.99999911E-3,,,,,422.400006528E-9,439.999997616E-3,,,,,422.400006528E-9,22.39999962,
,,,422.800013666E-9,0.0,,,,,422.800013666E-9,439.999997616E-3,,,,,422.800013666E-9,22.80000114,
,,,423.199992383E-9,0.0,,,,,423.199992383E-9,439.999997616E-3,,,,,423.199992383E-9,22.80000114,
,,,423.599999522E-9,0.0,,,,,423.599999522E-9,439.999997616E-3,,,,,423.599999522E-9,22.80000114,
,,,424.000006660E-9,39.99999911E-3,,,,,424.000006660E-9,439.999997616E-3,,,,,424.000006660E-9,22.80000114,
,,,424.400013799E-9,39.99999911E-3,,,,,424.400013799E-9,439.999997616E-3,,,,,424.400013799E-9,22.80000114,
,,,424.799992516E-9,39.99999911E-3,,,,,424.799992516E-9,439.999997616E-3,,,,,424.799992516E-9,22.80000114,
,,,425.199999654E-9,39.99999911E-3,,,,,425.199999654E-9,439.999997616E-3,,,,,425.199999654E-9,22.80000114,
,,,425.600006793E-9,39.99999911E-3,,,,,425.600006793E-9,439.999997616E-3,,,,,425.600006793E-9,22.39999962,
,,,426.000013931E-9,39.99999911E-3,,,,,426.000013931E-9,439.999997616E-3,,,,,426.000013931E-9,22.39999962,
,,,426.399992648E-9,0.0,,,,,426.399992648E-9,439.999997616E-3,,,,,426.399992648E-9,22.39999962,
,,,426.799999786E-9,0.0,,,,,426.799999786E-9,439.999997616E-3,,,,,426.799999786E-9,22.39999962,
,,,427.200006925E-9,0.0,,,,,427.200006925E-9,439.999997616E-3,,,,,427.200006925E-9,22.80000114,
,,,427.600014064E-9,0.0,,,,,427.600014064E-9,439.999997616E-3,,,,,427.600014064E-9,22.80000114,
,,,427.999992780E-9,39.99999911E-3,,,,,427.999992780E-9,439.999997616E-3,,,,,427.999992780E-9,22.80000114,
,,,428.399999919E-9,39.99999911E-3,,,,,428.399999919E-9,439.999997616E-3,,,,,428.399999919E-9,22.80000114,
,,,428.800007057E-9,39.99999911E-3,,,,,428.800007057E-9,439.999997616E-3,,,,,428.800007057E-9,23.20000076,
,,,429.200014196E-9,0.0,,,,,429.200014196E-9,439.999997616E-3,,,,,429.200014196E-9,23.20000076,
,,,429.599992913E-9,0.0,,,,,429.599992913E-9,439.999997616E-3,,,,,429.599992913E-9,23.20000076,
,,,430.000000051E-9,0.0,,,,,430.000000051E-9,439.999997616E-3,,,,,430.000000051E-9,23.20000076,
,,,430.400007190E-9,0.0,,,,,430.400007190E-9,439.999997616E-3,,,,,430.400007190E-9,22.80000114,
,,,430.800014328E-9,0.0,,,,,430.800014328E-9,439.999997616E-3,,,,,430.800014328E-9,23.20000076,
,,,431.199993045E-9,39.99999911E-3,,,,,431.199993045E-9,439.999997616E-3,,,,,431.199993045E-9,23.20000076,
,,,431.600000184E-9,39.99999911E-3,,,,,431.600000184E-9,439.999997616E-3,,,,,431.600000184E-9,23.20000076,
,,,432.000007322E-9,39.99999911E-3,,,,,432.000007322E-9,439.999997616E-3,,,,,432.000007322E-9,23.20000076,
,,,432.400014461E-9,39.99999911E-3,,,,,432.400014461E-9,439.999997616E-3,,,,,432.400014461E-9,22.80000114,
,,,432.799993177E-9,39.99999911E-3,,,,,432.799993177E-9,439.999997616E-3,,,,,432.799993177E-9,22.80000114,
,,,433.200000316E-9,39.99999911E-3,,,,,433.200000316E-9,439.999997616E-3,,,,,433.200000316E-9,22.80000114,
,,,433.600007455E-9,39.99999911E-3,,,,,433.600007455E-9,439.999997616E-3,,,,,433.600007455E-9,22.80000114,
,,,434.000014593E-9,79.999998212E-3,,,,,434.000014593E-9,439.999997616E-3,,,,,434.000014593E-9,22.80000114,
,,,434.399993310E-9,39.99999911E-3,,,,,434.399993310E-9,399.99997616E-3,,,,,434.399993310E-9,22.80000114,
,,,434.800000448E-9,39.99999911E-3,,,,,434.800000448E-9,439.999997616E-3,,,,,434.800000448E-9,22.80000114,
,,,435.200007587E-9,39.99999911E-3,,,,,435.200007587E-9,439.999997616E-3,,,,,435.200007587E-9,22.80000114,
,,,435.600014725E-9,39.99999911E-3,,,,,435.600014725E-9,439.999997616E-3,,,,,435.600014725E-9,22.39999962,
,,,435.999993442E-9,39.99999911E-3,,,,,435.999993442E-9,479.999989271E-3,,,,,435.999993442E-9,22.39999962,
,,,436.400000581E-9,39.99999911E-3,,,,,436.400000581E-9,479.999989271E-3,,,,,436.400000581E-9,22.39999962,
,,,436.800007719E-9,39.99999911E-3,,,,,436.800007719E-9,519.999980927E-3,,,,,436.800007719E-9,22.39999962,
,,,437.200014858E-9,39.99999911E-3,,,,,437.200014858E-9,519.999980927E-3,,,,,437.200014858E-9,22.80000114,
,,,437.599993575E-9,39.99999911E-3,,,,,437.599993575E-9,479.999989271E-3,,,,,437.599993575E-9,22.80000114,
,,,438.000000713E-9,79.999998212E-3,,,,,438.000000713E-9,479.999989271E-3,,,,,438.000000713E-9,22.80000114,
,,,438.400007852E-9,79.999998212E-3,,,,,438.400007852E-9,439.999997616E-3,,,,,438.400007852E-9,22.80000114,
,,,438.800014990E-9,79.999998212E-3,,,,,438.800014990E-9,439.999997616E-3,,,,,438.800014990E-9,22.80000114,
,,,439.199993707E-9,39.99999911E-3,,,,,439.199993707E-9,439.999997616E-3,,,,,439.199993707E-9,22.80000114,
,,,439.600000846E-9,39.99999911E-3,,,,,439.600000846E-9,399.99997616E-3,,,,,439.600000846E-9,22.80000114,
,,,440.000007984E-9,39.99999911E-3,,,,,440.000007984E-9,439.999997616E-3,,,,,440.000007984E-9,22.80000114,
,,,440.400015123E-9,39.99999911E-3,,,,,440.400015123E-9,439.999997616E-3,,,,,440.400015123E-9,22.80000114,
,,,440.799993839E-9,39.99999911E-3,,,,,440.799993839E-9,439.999997616E-3,,,,,440.799993839E-9,22.80000114,
,,,441.200000978E-9,39.99999911E-3,,,,,441.200000978E-9,439.999997616E-3,,,,,441.200000978E-9,22.80000114,
,,,441.600008116E-9,39.99999911E-3,,,,,441.600008116E-9,439.999997616E-3,,,,,441.600008116E-9,22.80000114,
,,,442.000015255E-9,39.99999911E-3,,,,,442.000015255E-9,439.999997616E-3,,,,,442.000015255E-9,22.80000114,
,,,442.399993972E-9,39.99999911E-3,,,,,442.399993972E-9,439.999997616E-3,,,,,442.399993972E-9,22.80000114,
,,,442.800001110E-9,39.99999911E-3,,,,,442.800001110E-9,439.999997616E-3,,,,,442.800001110E-9,22.80000114,
,,,443.200008249E-9,39.99999911E-3,,,,,443.200008249E-9,479.999989271E-3,,,,,443.200008249E-9,22.80000114,
,,,443.600015387E-9,39.99999911E-3,,,,,443.600015387E-9,479.999989271E-3,,,,,443.600015387E-9,22.39999962,
,,,443.999994104E-9,39.99999911E-3,,,,,443.999994104E-9,479.999989271E-3,,,,,443.999994104E-9,22.80000114,
,,,444.400001243E-9,39.99999911E-3,,,,,444.400001243E-9,479.999989271E-3,,,,,444.400001243E-9,22.80000114,
,,,444.800008381E-9,39.99999911E-3,,,,,444.800008381E-9,479.999989271E-3,,,,,444.800008381E-9,22.80000114,
,,,445.200015520E-9,39.99999911E-3,,,,,445.200015520E-9,439.999997616E-3,,,,,445.200015520E-9,22.80000114,
,,,445.599994237E-9,39.99999911E-3,,,,,445.599994237E-9,439.999997616E-3,,,,,445.599994237E-9,22.80000114,
,,,446.000001375E-9,39.99999911E-3,,,,,446.000001375E-9,439.999997616E-3,,,,,446.000001375E-9,23.20000076,
,,,446.400008514E-9,0.0,,,,,446.400008514E-9,439.999997616E-3,,,,,446.400008514E-9,22.80000114,
,,,446.800015652E-9,0.0,,,,,446.800015652E-9,439.999997616E-3,,,,,446.800015652E-9,22.80000114,
,,,447.199994369E-9,0.0,,,,,447.199994369E-9,439.999997616E-3,,,,,447.199994369E-9,22.80000114,
,,,447.600001507E-9,-39.99999911E-3,,,,,447.600001507E-9,439.999997616E-3,,,,,447.600001507E-9,22.80000114,
,,,448.000008646E-9,0.0,,,,,448.000008646E-9,439.999997616E-3,,,,,448.000008646E-9,22.80000114,
,,,448.400015785E-9,0.0,,,,,448.400015785E-9,439.999997616E-3,,,,,448.400015785E-9,22.80000114,
,,,448.799994501E-9,0.0,,,,,448.799994501E-9,439.999997616E-3,,,,,448.799994501E-9,22.80000114,
,,,449.200001640E-9,39.99999911E-3,,,,,449.200001640E-9,439.999997616E-3,,,,,449.200001640E-9,22.80000114,
,,,449.600008778E-9,39.99999911E-3,,,,,449.600008778E-9,439.999997616E-3,,,,,449.600008778E-9,23.20000076,
,,,450.000015917E-9,39.99999911E-3,,,,,450.000015917E-9,479.999989271E-3,,,,,450.000015917E-9,23.20000076,
,,,450.399994634E-9,39.99999911E-3,,,,,450.399994634E-9,479.999989271E-3,,,,,450.399994634E-9,23.60000038,
,,,450.800001772E-9,39.99999911E-3,,,,,450.800001772E-9,479.999989271E-3,,,,,450.800001772E-9,23.60000038,
,,,451.200008911E-9,79.999998212E-3,,,,,451.200008911E-9,479.999989271E-3,,,,,451.200008911E-9,23.20000076,
,,,451.600016049E-9,79.999998212E-3,,,,,451.600016049E-9,479.999989271E-3,,,,,451.600016049E-9,23.20000076,
,,,451.999994766E-9,79.999998212E-3,,,,,451.999994766E-9,479.999989271E-3,,,,,451.999994766E-9,23.20000076,
,,,452.400001905E-9,39.99999911E-3,,,,,452.400001905E-9,439.999997616E-3,,,,,452.400001905E-9,23.20000076,
,,,452.800009043E-9,39.99999911E-3,,,,,452.800009043E-9,439.999997616E-3,,,,,452.800009043E-9,23.20000076,
,,,453.200016182E-9,39.99999911E-3,,,,,453.200016182E-9,439.999997616E-3,,,,,453.200016182E-9,23.20000076,
,,,453.599994898E-9,39.99999911E-3,,,,,453.599994898E-9,439.999997616E-3,,,,,453.599994898E-9,23.20000076,
,,,454.000002037E-9,79.999998212E-3,,,,,454.000002037E-9,479.999989271E-3,,,,,454.000002037E-9,23.20000076,
,,,454.400009176E-9,39.99999911E-3,,,,,454.400009176E-9,479.999989271E-3,,,,,454.400009176E-9,23.20000076,
,,,454.800016314E-9,39.99999911E-3,,,,,454.800016314E-9,479.999989271E-3,,,,,454.800016314E-9,23.20000076,
,,,455.199995031E-9,39.99999911E-3,,,,,455.199995031E-9,439.999997616E-3,,,,,455.199995031E-9,23.20000076,
,,,455.600002169E-9,39.99999911E-3,,,,,455.600002169E-9,439.999997616E-3,,,,,455.600002169E-9,23.20000076,
,,,456.000009308E-9,39.99999911E-3,,,,,456.000009308E-9,439.999997616E-3,,,,,456.000009308E-9,23.20000076,
,,,456.400016446E-9,39.99999911E-3,,,,,456.400016446E-9,439.999997616E-3,,,,,456.400016446E-9,23.20000076,
,,,456.799995163E-9,39.99999911E-3,,,,,456.799995163E-9,439.999997616E-3,,,,,456.799995163E-9,23.20000076,
,,,457.200002302E-9,39.99999911E-3,,,,,457.200002302E-9,479.999989271E-3,,,,,457.200002302E-9,23.20000076,
,,,457.600009440E-9,39.99999911E-3,,,,,457.600009440E-9,479.999989271E-3,,,,,457.600009440E-9,23.20000076,
,,,458.000016579E-9,39.99999911E-3,,,,,458.000016579E-9,479.999989271E-3,,,,,458.000016579E-9,23.20000076,
,,,458.399995296E-9,39.99999911E-3,,,,,458.399995296E-9,439.999997616E-3,,,,,458.399995296E-9,23.60000038,
,,,458.800002434E-9,39.99999911E-3,,,,,458.800002434E-9,439.999997616E-3,,,,,458.800002434E-9,23.60000038,
,,,459.200009573E-9,39.99999911E-3,,,,,459.200009573E-9,399.99997616E-3,,,,,459.200009573E-9,23.60000038,
,,,459.600016711E-9,39.99999911E-3,,,,,459.600016711E-9,399.99997616E-3,,,,,459.600016711E-9,23.60000038,
,,,459.999995428E-9,39.99999911E-3,,,,,459.999995428E-9,399.99997616E-3,,,,,459.999995428E-9,23.60000038,
,,,460.400002567E-9,39.99999911E-3,,,,,460.400002567E-9,399.99997616E-3,,,,,460.400002567E-9,23.60000038,
,,,460.800009705E-9,39.99999911E-3,,,,,460.800009705E-9,439.999997616E-3,,,,,460.800009705E-9,23.60000038,
,,,461.200016844E-9,79.999998212E-3,,,,,461.200016844E-9,479.999989271E-3,,,,,461.200016844E-9,23.60000038,
,,,461.599995560E-9,79.999998212E-3,,,,,461.599995560E-9,439.999997616E-3,,,,,461.599995560E-9,23.20000076,
,,,462.000002699E-9,79.999998212E-3,,,,,462.000002699E-9,439.999997616E-3,,,,,462.000002699E-9,23.20000076,
,,,462.400009837E-9,39.99999911E-3,,,,,462.400009837E-9,399.99997616E-3,,,,,462.400009837E-9,23.20000076,
,,,462.800016976E-9,0.0,,,,,462.800016976E-9,399.99997616E-3,,,,,462.800016976E-9,23.20000076,
,,,463.199995693E-9,0.0,,,,,463.199995693E-9,399.99997616E-3,,,,,463.199995693E-9,23.20000076,
,,,463.600002831E-9,0.0,,,,,463.600002831E-9,399.99997616E-3,,,,,463.600002831E-9,23.20000076,
,,,464.000009970E-9,0.0,,,,,464.000009970E-9,439.999997616E-3,,,,,464.000009970E-9,23.20000076,
,,,464.400017108E-9,0.0,,,,,464.400017108E-9,439.999997616E-3,,,,,464.400017108E-9,23.20000076,
,,,464.799995825E-9,0.0,,,,,464.799995825E-9,439.999997616E-3,,,,,464.799995825E-9,23.20000076,
,,,465.200002964E-9,0.0,,,,,465.200002964E-9,399.99997616E-3,,,,,465.200002964E-9,23.20000076,
,,,465.600010102E-9,0.0,,,,,465.600010102E-9,399.99997616E-3,,,,,465.600010102E-9,23.20000076,
,,,466.000017241E-9,39.99999911E-3,,,,,466.000017241E-9,399.99997616E-3,,,,,466.000017241E-9,23.60000038,
,,,466.399995958E-9,39.99999911E-3,,,,,466.399995958E-9,399.99997616E-3,,,,,466.399995958E-9,23.60000038,
,,,466.800003096E-9,39.99999911E-3,,,,,466.800003096E-9,399.99997616E-3,,,,,466.800003096E-9,23.60000038,
,,,467.200010235E-9,39.99999911E-3,,,,,467.200010235E-9,399.99997616E-3,,,,,467.200010235E-9,23.60000038,
,,,467.600017373E-9,39.99999911E-3,,,,,467.600017373E-9,399.99997616E-3,,,,,467.600017373E-9,23.60000038,
,,,467.999996090E-9,39.99999911E-3,,,,,467.999996090E-9,399.99997616E-3,,,,,467.999996090E-9,23.60000038,
,,,468.400003228E-9,39.99999911E-3,,,,,468.400003228E-9,399.99997616E-3,,,,,468.400003228E-9,23.60000038,
,,,468.800010367E-9,39.99999911E-3,,,,,468.800010367E-9,399.99997616E-3,,,,,468.800010367E-9,24.00000000,
,,,469.200017506E-9,79.999998212E-3,,,,,469.200017506E-9,439.999997616E-3,,,,,469.200017506E-9,24.00000000,
,,,469.599996222E-9,79.999998212E-3,,,,,469.599996222E-9,439.999997616E-3,,,,,469.599996222E-9,23.60000038,
,,,470.000003361E-9,79.999998212E-3,,,,,470.000003361E-9,439.999997616E-3,,,,,470.000003361E-9,23.60000038,
,,,470.400010499E-9,79.999998212E-3,,,,,470.400010499E-9,439.999997616E-3,,,,,470.400010499E-9,23.60000038,
,,,470.800017638E-9,79.999998212E-3,,,,,470.800017638E-9,439.999997616E-3,,,,,470.800017638E-9,23.60000038,
,,,471.199996355E-9,79.999998212E-3,,,,,471.199996355E-9,479.999989271E-3,,,,,471.199996355E-9,23.60000038,
,,,471.600003493E-9,79.999998212E-3,,,,,471.600003493E-9,479.999989271E-3,,,,,471.600003493E-9,23.60000038,
,,,472.000010632E-9,79.999998212E-3,,,,,472.000010632E-9,479.999989271E-3,,,,,472.000010632E-9,24.00000000,
,,,472.400017770E-9,79.999998212E-3,,,,,472.400017770E-9,439.999997616E-3,,,,,472.400017770E-9,23.60000038,
,,,472.799996487E-9,79.999998212E-3,,,,,472.799996487E-9,399.99997616E-3,,,,,472.799996487E-9,23.60000038,
,,,473.200003626E-9,79.999998212E-3,,,,,473.200003626E-9,399.99997616E-3,,,,,473.200003626E-9,23.60000038,
,,,473.600010764E-9,79.999998212E-3,,,,,473.600010764E-9,399.99997616E-3,,,,,473.600010764E-9,23.60000038,
,,,474.000017903E-9,79.999998212E-3,,,,,474.000017903E-9,439.999997616E-3,,,,,474.000017903E-9,23.60000038,
,,,474.399996619E-9,79.999998212E-3,,,,,474.399996619E-9,399.99997616E-3,,,,,474.399996619E-9,23.60000038,
,,,474.800003758E-9,79.999998212E-3,,,,,474.800003758E-9,399.99997616E-3,,,,,474.800003758E-9,23.60000038,
,,,475.200010897E-9,39.99999911E-3,,,,,475.200010897E-9,399.99997616E-3,,,,,475.200010897E-9,23.60000038,
,,,475.600018035E-9,39.99999911E-3,,,,,475.600018035E-9,399.99997616E-3,,,,,475.600018035E-9,23.60000038,
,,,475.999996752E-9,39.99999911E-3,,,,,475.999996752E-9,439.999997616E-3,,,,,475.999996752E-9,23.60000038,
,,,476.400003890E-9,39.99999911E-3,,,,,476.400003890E-9,399.99997616E-3,,,,,476.400003890E-9,23.60000038,
,,,476.800011029E-9,39.99999911E-3,,,,,476.800011029E-9,399.99997616E-3,,,,,476.800011029E-9,23.60000038,
,,,477.199989746E-9,39.99999911E-3,,,,,477.199989746E-9,399.99997616E-3,,,,,477.199989746E-9,23.60000038,
,,,477.599996884E-9,39.99999911E-3,,,,,477.599996884E-9,399.99997616E-3,,,,,477.599996884E-9,23.60000038,
,,,478.000004023E-9,39.99999911E-3,,,,,478.000004023E-9,399.99997616E-3,,,,,478.000004023E-9,23.60000038,
,,,478.400011161E-9,0.0,,,,,478.400011161E-9,399.99997616E-3,,,,,478.400011161E-9,23.60000038,
,,,478.800018300E-9,0.0,,,,,478.800018300E-9,399.99997616E-3,,,,,478.800018300E-9,23.60000038,
,,,479.200025438E-9,0.0,,,,,479.200025438E-9,399.99997616E-3,,,,,479.200025438E-9,23.60000038,
,,,479.600032577E-9,0.0,,,,,479.600032577E-9,399.99997616E-3,,,,,479.600032577E-9,23.20000076,
,,,479.999982872E-9,39.99999911E-3,,,,,479.999982872E-9,399.99997616E-3,,,,,479.999982872E-9,23.20000076,
,,,480.399990010E-9,39.99999911E-3,,,,,480.399990010E-9,399.99997616E-3,,,,,480.399990010E-9,23.60000038,
,,,480.799997149E-9,79.999998212E-3,,,,,480.799997149E-9,399.99997616E-3,,,,,480.799997149E-9,23.60000038,
,,,481.200004288E-9,79.999998212E-3,,,,,481.200004288E-9,399.99997616E-3,,,,,481.200004288E-9,24.00000000,
,,,481.600011426E-9,39.99999911E-3,,,,,481.600011426E-9,399.99997616E-3,,,,,481.600011426E-9,24.00000000,
,,,482.000018565E-9,39.99999911E-3,,,,,482.000018565E-9,439.999997616E-3,,,,,482.000018565E-9,24.00000000,
,,,482.400025703E-9,0.0,,,,,482.400025703E-9,399.99997616E-3,,,,,482.400025703E-9,24.00000000,
,,,482.800032842E-9,0.0,,,,,482.800032842E-9,399.99997616E-3,,,,,482.800032842E-9,24.00000000,
,,,483.199983137E-9,0.0,,,,,483.199983137E-9,399.99997616E-3,,,,,483.199983137E-9,24.00000000,
,,,483.599990275E-9,0.0,,,,,483.599990275E-9,399.99997616E-3,,,,,483.599990275E-9,24.00000000,
,,,483.999997414E-9,39.99999911E-3,,,,,483.999997414E-9,399.99997616E-3,,,,,483.999997414E-9,23.60000038,
,,,484.400004552E-9,0.0,,,,,484.400004552E-9,399.99997616E-3,,,,,484.400004552E-9,24.00000000,
,,,484.800011691E-9,0.0,,,,,484.800011691E-9,399.99997616E-3,,,,,484.800011691E-9,24.00000000,
,,,485.200018829E-9,-39.99999911E-3,,,,,485.200018829E-9,399.99997616E-3,,,,,485.200018829E-9,24.00000000,
,,,485.600025968E-9,-39.99999911E-3,,,,,485.600025968E-9,399.99997616E-3,,,,,485.600025968E-9,24.00000000,
,,,486.000033106E-9,0.0,,,,,486.000033106E-9,439.999997616E-3,,,,,486.000033106E-9,24.00000000,
,,,486.399983401E-9,0.0,,,,,486.399983401E-9,439.999997616E-3,,,,,486.399983401E-9,24.00000000,
,,,486.799990540E-9,39.99999911E-3,,,,,486.799990540E-9,439.999997616E-3,,,,,486.799990540E-9,24.00000000,
,,,487.199997679E-9,79.999998212E-3,,,,,487.199997679E-9,399.99997616E-3,,,,,487.199997679E-9,24.00000000,
,,,487.600004817E-9,79.999998212E-3,,,,,487.600004817E-9,399.99997616E-3,,,,,487.600004817E-9,24.00000000,
,,,488.000011956E-9,79.999998212E-3,,,,,488.000011956E-9,399.99997616E-3,,,,,488.000011956E-9,24.00000000,
,,,488.400019094E-9,79.999998212E-3,,,,,488.400019094E-9,399.99997616E-3,,,,,488.400019094E-9,24.00000000,
,,,488.800026233E-9,79.999998212E-3,,,,,488.800026233E-9,399.99997616E-3,,,,,488.800026233E-9,24.00000000,
,,,489.200033371E-9,39.99999911E-3,,,,,489.200033371E-9,399.99997616E-3,,,,,489.200033371E-9,24.00000000,
,,,489.599983666E-9,39.99999911E-3,,,,,489.599983666E-9,399.99997616E-3,,,,,489.599983666E-9,24.00000000,
,,,489.999990805E-9,39.99999911E-3,,,,,489.999990805E-9,399.99997616E-3,,,,,489.999990805E-9,24.00000000,
,,,490.399997943E-9,0.0,,,,,490.399997943E-9,399.99997616E-3,,,,,490.399997943E-9,24.00000000,
,,,490.800005082E-9,39.99999911E-3,,,,,490.800005082E-9,399.99997616E-3,,,,,490.800005082E-9,24.00000000,
,,,491.200012220E-9,39.99999911E-3,,,,,491.200012220E-9,439.999997616E-3,,,,,491.200012220E-9,24.00000000,
,,,491.600019359E-9,39.99999911E-3,,,,,491.600019359E-9,439.999997616E-3,,,,,491.600019359E-9,24.00000000,
,,,492.000026497E-9,79.999998212E-3,,,,,492.000026497E-9,439.999997616E-3,,,,,492.000026497E-9,24.00000000,
,,,492.400033636E-9,79.999998212E-3,,,,,492.400033636E-9,399.99997616E-3,,,,,492.400033636E-9,24.00000000,
,,,492.799983931E-9,79.999998212E-3,,,,,492.799983931E-9,399.99997616E-3,,,,,492.799983931E-9,24.00000000,
,,,493.199991070E-9,39.99999911E-3,,,,,493.199991070E-9,399.99997616E-3,,,,,493.199991070E-9,24.00000000,
,,,493.599998208E-9,39.99999911E-3,,,,,493.599998208E-9,399.99997616E-3,,,,,493.599998208E-9,24.00000000,
,,,494.000005347E-9,39.99999911E-3,,,,,494.000005347E-9,399.99997616E-3,,,,,494.000005347E-9,24.00000000,
,,,494.400012485E-9,0.0,,,,,494.400012485E-9,399.99997616E-3,,,,,494.400012485E-9,24.39999962,
,,,494.800019624E-9,0.0,,,,,494.800019624E-9,399.99997616E-3,,,,,494.800019624E-9,24.00000000,
,,,495.200026762E-9,0.0,,,,,495.200026762E-9,399.99997616E-3,,,,,495.200026762E-9,24.00000000,
,,,495.600033901E-9,0.0,,,,,495.600033901E-9,399.99997616E-3,,,,,495.600033901E-9,24.00000000,
,,,495.999984196E-9,0.0,,,,,495.999984196E-9,399.99997616E-3,,,,,495.999984196E-9,24.00000000,
,,,496.399991334E-9,0.0,,,,,496.399991334E-9,399.99997616E-3,,,,,496.399991334E-9,24.00000000,
,,,496.799998473E-9,0.0,,,,,496.799998473E-9,399.99997616E-3,,,,,496.799998473E-9,24.00000000,
,,,497.200005611E-9,0.0,,,,,497.200005611E-9,399.99997616E-3,,,,,497.200005611E-9,24.00000000,
,,,497.600012750E-9,0.0,,,,,497.600012750E-9,399.99997616E-3,,,,,497.600012750E-9,24.00000000,
,,,498.000019888E-9,0.0,,,,,498.000019888E-9,399.99997616E-3,,,,,498.000019888E-9,24.00000000,
,,,498.400027027E-9,0.0,,,,,498.400027027E-9,399.99997616E-3,,,,,498.400027027E-9,24.00000000,
,,,498.800034165E-9,0.0,,,,,498.800034165E-9,399.99997616E-3,,,,,498.800034165E-9,24.00000000,
,,,499.199984461E-9,39.99999911E-3,,,,,499.199984461E-9,439.999997616E-3,,,,,499.199984461E-9,24.00000000,
,,,499.599991599E-9,39.99999911E-3,,,,,499.599991599E-9,439.999997616E-3,,,,,499.599991599E-9,24.39999962,
,,,499.999998738E-9,39.99999911E-3,,,,,499.999998738E-9,439.999997616E-3,,,,,499.999998738E-9,24.39999962,
,,,500.400005876E-9,39.99999911E-3,,,,,500.400005876E-9,399.99997616E-3,,,,,500.400005876E-9,24.39999962,
,,,500.800013015E-9,39.99999911E-3,,,,,500.800013015E-9,399.99997616E-3,,,,,500.800013015E-9,24.39999962,
,,,501.200020153E-9,79.999998212E-3,,,,,501.200020153E-9,399.99997616E-3,,,,,501.200020153E-9,24.39999962,
,,,501.600027292E-9,79.999998212E-3,,,,,501.600027292E-9,399.99997616E-3,,,,,501.600027292E-9,24.39999962,
,,,502.000034430E-9,79.999998212E-3,,,,,502.000034430E-9,399.99997616E-3,,,,,502.000034430E-9,24.39999962,
,,,502.399984725E-9,39.99999911E-3,,,,,502.399984725E-9,399.99997616E-3,,,,,502.399984725E-9,24.00000000,
,,,502.799991864E-9,39.99999911E-3,,,,,502.799991864E-9,399.99997616E-3,,,,,502.799991864E-9,24.00000000,
,,,503.199999002E-9,0.0,,,,,503.199999002E-9,399.99997616E-3,,,,,503.199999002E-9,24.00000000,
,,,503.600006141E-9,0.0,,,,,503.600006141E-9,399.99997616E-3,,,,,503.600006141E-9,24.00000000,
,,,504.000013279E-9,0.0,,,,,504.000013279E-9,399.99997616E-3,,,,,504.000013279E-9,24.00000000,
,,,504.400020418E-9,0.0,,,,,504.400020418E-9,399.99997616E-3,,,,,504.400020418E-9,24.00000000,
,,,504.800027556E-9,0.0,,,,,504.800027556E-9,399.99997616E-3,,,,,504.800027556E-9,24.00000000,
,,,505.200034695E-9,39.99999911E-3,,,,,505.200034695E-9,439.999997616E-3,,,,,505.200034695E-9,24.00000000,
,,,505.599984990E-9,39.99999911E-3,,,,,505.599984990E-9,439.999997616E-3,,,,,505.599984990E-9,24.00000000,
,,,505.999992129E-9,39.99999911E-3,,,,,505.999992129E-9,439.999997616E-3,,,,,505.999992129E-9,24.00000000,
,,,506.399999267E-9,39.99999911E-3,,,,,506.399999267E-9,439.999997616E-3,,,,,506.399999267E-9,24.00000000,
,,,506.800006406E-9,39.99999911E-3,,,,,506.800006406E-9,439.999997616E-3,,,,,506.800006406E-9,24.39999962,
,,,507.200013544E-9,79.999998212E-3,,,,,507.200013544E-9,439.999997616E-3,,,,,507.200013544E-9,24.39999962,
,,,507.600020683E-9,79.999998212E-3,,,,,507.600020683E-9,439.999997616E-3,,,,,507.600020683E-9,24.39999962,
,,,508.000027821E-9,79.999998212E-3,,,,,508.000027821E-9,439.999997616E-3,,,,,508.000027821E-9,24.39999962,
,,,508.400034960E-9,39.99999911E-3,,,,,508.400034960E-9,439.999997616E-3,,,,,508.400034960E-9,24.00000000,
,,,508.799985255E-9,39.99999911E-3,,,,,508.799985255E-9,439.999997616E-3,,,,,508.799985255E-9,24.00000000,
,,,509.199992393E-9,39.99999911E-3,,,,,509.199992393E-9,439.999997616E-3,,,,,509.199992393E-9,24.00000000,
,,,509.599999532E-9,39.99999911E-3,,,,,509.599999532E-9,439.999997616E-3,,,,,509.599999532E-9,24.39999962,
,,,510.000006670E-9,39.99999911E-3,,,,,510.000006670E-9,439.999997616E-3,,,,,510.000006670E-9,24.39999962,
,,,510.400013809E-9,0.0,,,,,510.400013809E-9,439.999997616E-3,,,,,510.400013809E-9,24.39999962,
,,,510.800020947E-9,0.0,,,,,510.800020947E-9,439.999997616E-3,,,,,510.800020947E-9,24.80000114,
,,,511.200028086E-9,0.0,,,,,511.200028086E-9,439.999997616E-3,,,,,511.200028086E-9,24.80000114,
,,,511.600035225E-9,0.0,,,,,511.600035225E-9,439.999997616E-3,,,,,511.600035225E-9,24.80000114,
,,,511.999985520E-9,0.0,,,,,511.999985520E-9,439.999997616E-3,,,,,511.999985520E-9,24.80000114,
,,,512.399992658E-9,0.0,,,,,512.399992658E-9,399.99997616E-3,,,,,512.399992658E-9,24.80000114,
,,,512.799999797E-9,0.0,,,,,512.799999797E-9,399.99997616E-3,,,,,512.799999797E-9,24.39999962,
,,,513.200006935E-9,0.0,,,,,513.200006935E-9,399.99997616E-3,,,,,513.200006935E-9,24.39999962,
,,,513.600014074E-9,0.0,,,,,513.600014074E-9,399.99997616E-3,,,,,513.600014074E-9,24.39999962,
,,,514.000021212E-9,0.0,,,,,514.000021212E-9,399.99997616E-3,,,,,514.000021212E-9,24.39999962,
,,,514.400028351E-9,0.0,,,,,514.400028351E-9,399.99997616E-3,,,,,514.400028351E-9,24.39999962,
,,,514.800035489E-9,0.0,,,,,514.800035489E-9,399.99997616E-3,,,,,514.800035489E-9,24.80000114,
,,,515.199985784E-9,39.99999911E-3,,,,,515.199985784E-9,399.99997616E-3,,,,,515.199985784E-9,24.39999962,
,,,515.599992923E-9,39.99999911E-3,,,,,515.599992923E-9,399.99997616E-3,,,,,515.599992923E-9,24.39999962,
,,,516.000000061E-9,39.99999911E-3,,,,,516.000000061E-9,399.99997616E-3,,,,,516.000000061E-9,24.39999962,
,,,516.400007200E-9,0.0,,,,,516.400007200E-9,399.99997616E-3,,,,,516.400007200E-9,24.39999962,
,,,516.800014339E-9,0.0,,,,,516.800014339E-9,399.99997616E-3,,,,,516.800014339E-9,24.80000114,
,,,517.200021477E-9,0.0,,,,,517.200021477E-9,439.999997616E-3,,,,,517.200021477E-9,24.80000114,
,,,517.600028616E-9,0.0,,,,,517.600028616E-9,439.999997616E-3,,,,,517.600028616E-9,24.39999962,
,,,518.000035754E-9,0.0,,,,,518.000035754E-9,439.999997616E-3,,,,,518.000035754E-9,24.80000114,
,,,518.399986049E-9,0.0,,,,,518.399986049E-9,399.99997616E-3,,,,,518.399986049E-9,24.39999962,
,,,518.799993188E-9,0.0,,,,,518.799993188E-9,399.99997616E-3,,,,,518.799993188E-9,24.39999962,
,,,519.200000326E-9,0.0,,,,,519.200000326E-9,359.99998450E-3,,,,,519.200000326E-9,24.39999962,
,,,519.600007465E-9,0.0,,,,,519.600007465E-9,359.99998450E-3,,,,,519.600007465E-9,24.39999962,
,,,520.000014603E-9,39.99999911E-3,,,,,520.000014603E-9,399.99997616E-3,,,,,520.000014603E-9,24.39999962,
,,,520.400021742E-9,0.0,,,,,520.400021742E-9,399.99997616E-3,,,,,520.400021742E-9,24.00000000,
,,,520.800028880E-9,0.0,,,,,520.800028880E-9,439.999997616E-3,,,,,520.800028880E-9,24.00000000,
,,,521.200036019E-9,0.0,,,,,521.200036019E-9,479.999989271E-3,,,,,521.200036019E-9,24.00000000,
,,,521.599986314E-9,0.0,,,,,521.599986314E-9,439.999997616E-3,,,,,521.599986314E-9,24.39999962,
,,,521.999993452E-9,39.99999911E-3,,,,,521.999993452E-9,439.999997616E-3,,,,,521.999993452E-9,24.39999962,
,,,522.400000591E-9,39.99999911E-3,,,,,522.400000591E-9,439.999997616E-3,,,,,522.400000591E-9,24.39999962,
,,,522.800007730E-9,39.99999911E-3,,,,,522.800007730E-9,439.999997616E-3,,,,,522.800007730E-9,24.39999962,
,,,523.200014868E-9,39.99999911E-3,,,,,523.200014868E-9,439.999997616E-3,,,,,523.200014868E-9,24.39999962,
,,,523.600022007E-9,39.99999911E-3,,,,,523.600022007E-9,439.999997616E-3,,,,,523.600022007E-9,24.39999962,
,,,524.000029145E-9,39.99999911E-3,,,,,524.000029145E-9,439.999997616E-3,,,,,524.000029145E-9,24.39999962,
,,,524.400036284E-9,39.99999911E-3,,,,,524.400036284E-9,439.999997616E-3,,,,,524.400036284E-9,24.39999962,
,,,524.799986579E-9,39.99999911E-3,,,,,524.799986579E-9,439.999997616E-3,,,,,524.799986579E-9,24.39999962,
,,,525.199993717E-9,39.99999911E-3,,,,,525.199993717E-9,439.999997616E-3,,,,,525.199993717E-9,24.39999962,
,,,525.600000856E-9,39.99999911E-3,,,,,525.600000856E-9,439.999997616E-3,,,,,525.600000856E-9,24.39999962,
,,,526.000007994E-9,79.999998212E-3,,,,,526.000007994E-9,439.999997616E-3,,,,,526.000007994E-9,24.39999962,
,,,526.400015133E-9,79.999998212E-3,,,,,526.400015133E-9,439.999997616E-3,,,,,526.400015133E-9,24.39999962,
,,,526.800022271E-9,79.999998212E-3,,,,,526.800022271E-9,439.999997616E-3,,,,,526.800022271E-9,24.80000114,
,,,527.200029410E-9,39.99999911E-3,,,,,527.200029410E-9,439.999997616E-3,,,,,527.200029410E-9,24.39999962,
,,,527.599979705E-9,0.0,,,,,527.599979705E-9,439.999997616E-3,,,,,527.599979705E-9,24.80000114,
,,,527.999986843E-9,0.0,,,,,527.999986843E-9,439.999997616E-3,,,,,527.999986843E-9,24.80000114,
,,,528.399993982E-9,0.0,,,,,528.399993982E-9,439.999997616E-3,,,,,528.399993982E-9,24.39999962,
,,,528.800001121E-9,0.0,,,,,528.800001121E-9,439.999997616E-3,,,,,528.800001121E-9,24.80000114,
,,,529.200008259E-9,39.99999911E-3,,,,,529.200008259E-9,439.999997616E-3,,,,,529.200008259E-9,24.80000114,
,,,529.600015398E-9,39.99999911E-3,,,,,529.600015398E-9,439.999997616E-3,,,,,529.600015398E-9,24.80000114,
,,,530.000022536E-9,39.99999911E-3,,,,,530.000022536E-9,439.999997616E-3,,,,,530.000022536E-9,24.80000114,
,,,530.400029675E-9,39.99999911E-3,,,,,530.400029675E-9,439.999997616E-3,,,,,530.400029675E-9,24.80000114,
,,,530.799979970E-9,39.99999911E-3,,,,,530.799979970E-9,439.999997616E-3,,,,,530.799979970E-9,24.80000114,
,,,531.199987108E-9,39.99999911E-3,,,,,531.199987108E-9,439.999997616E-3,,,,,531.199987108E-9,24.80000114,
,,,531.599994247E-9,39.99999911E-3,,,,,531.599994247E-9,439.999997616E-3,,,,,531.599994247E-9,24.80000114,
,,,532.000001385E-9,39.99999911E-3,,,,,532.000001385E-9,439.999997616E-3,,,,,532.000001385E-9,24.80000114,
,,,532.400008524E-9,39.99999911E-3,,,,,532.400008524E-9,439.999997616E-3,,,,,532.400008524E-9,24.80000114,
,,,532.800015662E-9,39.99999911E-3,,,,,532.800015662E-9,439.999997616E-3,,,,,532.800015662E-9,24.80000114,
,,,533.200022801E-9,39.99999911E-3,,,,,533.200022801E-9,439.999997616E-3,,,,,533.200022801E-9,24.80000114,
,,,533.600029939E-9,39.99999911E-3,,,,,533.600029939E-9,439.999997616E-3,,,,,533.600029939E-9,24.39999962,
,,,533.999980235E-9,39.99999911E-3,,,,,533.999980235E-9,439.999997616E-3,,,,,533.999980235E-9,24.39999962,
,,,534.399987373E-9,39.99999911E-3,,,,,534.399987373E-9,439.999997616E-3,,,,,534.399987373E-9,24.39999962,
,,,534.799994512E-9,39.99999911E-3,,,,,534.799994512E-9,439.999997616E-3,,,,,534.799994512E-9,24.39999962,
,,,535.200001650E-9,39.99999911E-3,,,,,535.200001650E-9,439.999997616E-3,,,,,535.200001650E-9,24.39999962,
,,,535.600008789E-9,39.99999911E-3,,,,,535.600008789E-9,439.999997616E-3,,,,,535.600008789E-9,24.39999962,
,,,536.000015927E-9,79.999998212E-3,,,,,536.000015927E-9,479.999989271E-3,,,,,536.000015927E-9,24.39999962,
,,,536.400023066E-9,39.99999911E-3,,,,,536.400023066E-9,439.999997616E-3,,,,,536.400023066E-9,24.39999962,
,,,536.800030204E-9,39.99999911E-3,,,,,536.800030204E-9,439.999997616E-3,,,,,536.800030204E-9,24.39999962,
,,,537.199980499E-9,39.99999911E-3,,,,,537.199980499E-9,439.999997616E-3,,,,,537.199980499E-9,24.39999962,
,,,537.599987638E-9,39.99999911E-3,,,,,537.599987638E-9,439.999997616E-3,,,,,537.599987638E-9,24.39999962,
,,,537.999994776E-9,79.999998212E-3,,,,,537.999994776E-9,479.999989271E-3,,,,,537.999994776E-9,24.39999962,
,,,538.400001915E-9,39.99999911E-3,,,,,538.400001915E-9,439.999997616E-3,,,,,538.400001915E-9,24.39999962,
,,,538.800009053E-9,39.99999911E-3,,,,,538.800009053E-9,439.999997616E-3,,,,,538.800009053E-9,24.00000000,
,,,539.200016192E-9,39.99999911E-3,,,,,539.200016192E-9,439.999997616E-3,,,,,539.200016192E-9,24.00000000,
,,,539.600023330E-9,0.0,,,,,539.600023330E-9,439.999997616E-3,,,,,539.600023330E-9,24.00000000,
,,,540.000030469E-9,39.99999911E-3,,,,,540.000030469E-9,439.999997616E-3,,,,,540.000030469E-9,24.00000000,
,,,540.399980764E-9,39.99999911E-3,,,,,540.399980764E-9,439.999997616E-3,,,,,540.399980764E-9,24.39999962,
,,,540.799987903E-9,39.99999911E-3,,,,,540.799987903E-9,439.999997616E-3,,,,,540.799987903E-9,24.00000000,
,,,541.199995041E-9,79.999998212E-3,,,,,541.199995041E-9,439.999997616E-3,,,,,541.199995041E-9,24.00000000,
,,,541.600002180E-9,79.999998212E-3,,,,,541.600002180E-9,439.999997616E-3,,,,,541.600002180E-9,24.39999962,
,,,542.000009318E-9,79.999998212E-3,,,,,542.000009318E-9,439.999997616E-3,,,,,542.000009318E-9,24.39999962,
,,,542.400016457E-9,79.999998212E-3,,,,,542.400016457E-9,399.99997616E-3,,,,,542.400016457E-9,24.39999962,
,,,542.800023595E-9,79.999998212E-3,,,,,542.800023595E-9,399.99997616E-3,,,,,542.800023595E-9,24.39999962,
,,,543.200030734E-9,79.999998212E-3,,,,,543.200030734E-9,399.99997616E-3,,,,,543.200030734E-9,24.39999962,
,,,543.599981029E-9,79.999998212E-3,,,,,543.599981029E-9,359.99998450E-3,,,,,543.599981029E-9,24.39999962,
,,,543.999988167E-9,79.999998212E-3,,,,,543.999988167E-9,399.99997616E-3,,,,,543.999988167E-9,24.39999962,
,,,544.399995306E-9,39.99999911E-3,,,,,544.399995306E-9,399.99997616E-3,,,,,544.399995306E-9,24.80000114,
,,,544.800002444E-9,39.99999911E-3,,,,,544.800002444E-9,399.99997616E-3,,,,,544.800002444E-9,24.80000114,
,,,545.200009583E-9,39.99999911E-3,,,,,545.200009583E-9,439.999997616E-3,,,,,545.200009583E-9,24.80000114,
,,,545.600016721E-9,39.99999911E-3,,,,,545.600016721E-9,439.999997616E-3,,,,,545.600016721E-9,24.39999962,
,,,546.000023860E-9,79.999998212E-3,,,,,546.000023860E-9,439.999997616E-3,,,,,546.000023860E-9,24.39999962,
,,,546.400030998E-9,39.99999911E-3,,,,,546.400030998E-9,439.999997616E-3,,,,,546.400030998E-9,24.39999962,
,,,546.799981294E-9,39.99999911E-3,,,,,546.799981294E-9,439.999997616E-3,,,,,546.799981294E-9,24.39999962,
,,,547.199988432E-9,0.0,,,,,547.199988432E-9,439.999997616E-3,,,,,547.199988432E-9,24.39999962,
,,,547.599995571E-9,0.0,,,,,547.599995571E-9,439.999997616E-3,,,,,547.599995571E-9,24.80000114,
,,,548.000002709E-9,0.0,,,,,548.000002709E-9,439.999997616E-3,,,,,548.000002709E-9,24.80000114,
,,,548.400009848E-9,0.0,,,,,548.400009848E-9,439.999997616E-3,,,,,548.400009848E-9,24.80000114,
,,,548.800016986E-9,0.0,,,,,548.800016986E-9,439.999997616E-3,,,,,548.800016986E-9,24.80000114,
,,,549.200024125E-9,39.99999911E-3,,,,,549.200024125E-9,439.999997616E-3,,,,,549.200024125E-9,24.39999962,
,,,549.600031263E-9,39.99999911E-3,,,,,549.600031263E-9,439.999997616E-3,,,,,549.600031263E-9,24.39999962,
,,,549.999981558E-9,39.99999911E-3,,,,,549.999981558E-9,439.999997616E-3,,,,,549.999981558E-9,24.39999962,
,,,550.399988697E-9,39.99999911E-3,,,,,550.399988697E-9,439.999997616E-3,,,,,550.399988697E-9,24.80000114,
,,,550.799995835E-9,39.99999911E-3,,,,,550.799995835E-9,439.999997616E-3,,,,,550.799995835E-9,24.39999962,
,,,551.200002974E-9,79.999998212E-3,,,,,551.200002974E-9,479.999989271E-3,,,,,551.200002974E-9,24.39999962,
,,,551.600010112E-9,79.999998212E-3,,,,,551.600010112E-9,479.999989271E-3,,,,,551.600010112E-9,24.39999962,
,,,552.000017251E-9,79.999998212E-3,,,,,552.000017251E-9,479.999989271E-3,,,,,552.000017251E-9,24.39999962,
,,,552.400024389E-9,39.99999911E-3,,,,,552.400024389E-9,439.999997616E-3,,,,,552.400024389E-9,24.39999962,
,,,552.800031528E-9,39.99999911E-3,,,,,552.800031528E-9,399.99997616E-3,,,,,552.800031528E-9,24.39999962,
,,,553.199981823E-9,39.99999911E-3,,,,,553.199981823E-9,359.99998450E-3,,,,,553.199981823E-9,24.39999962,
,,,553.599988962E-9,0.0,,,,,553.599988962E-9,359.99998450E-3,,,,,553.599988962E-9,24.80000114,
,,,553.999996100E-9,39.99999911E-3,,,,,553.999996100E-9,399.99997616E-3,,,,,553.999996100E-9,24.80000114,
,,,554.400003239E-9,39.99999911E-3,,,,,554.400003239E-9,399.99997616E-3,,,,,554.400003239E-9,24.80000114,
,,,554.800010377E-9,39.99999911E-3,,,,,554.800010377E-9,439.999997616E-3,,,,,554.800010377E-9,24.80000114,
,,,555.200017516E-9,79.999998212E-3,,,,,555.200017516E-9,479.999989271E-3,,,,,555.200017516E-9,24.80000114,
,,,555.600024654E-9,79.999998212E-3,,,,,555.600024654E-9,439.999997616E-3,,,,,555.600024654E-9,24.80000114,
,,,556.000031793E-9,79.999998212E-3,,,,,556.000031793E-9,439.999997616E-3,,,,,556.000031793E-9,24.80000114,
,,,556.399982088E-9,79.999998212E-3,,,,,556.399982088E-9,399.99997616E-3,,,,,556.399982088E-9,24.80000114,
,,,556.799989226E-9,79.999998212E-3,,,,,556.799989226E-9,399.99997616E-3,,,,,556.799989226E-9,24.80000114,
,,,557.199996365E-9,79.999998212E-3,,,,,557.199996365E-9,399.99997616E-3,,,,,557.199996365E-9,24.80000114,
,,,557.600003503E-9,79.999998212E-3,,,,,557.600003503E-9,399.99997616E-3,,,,,557.600003503E-9,24.80000114,
,,,558.000010642E-9,79.999998212E-3,,,,,558.000010642E-9,439.999997616E-3,,,,,558.000010642E-9,24.80000114,
,,,558.400017781E-9,79.999998212E-3,,,,,558.400017781E-9,399.99997616E-3,,,,,558.400017781E-9,24.80000114,
,,,558.800024919E-9,79.999998212E-3,,,,,558.800024919E-9,399.99997616E-3,,,,,558.800024919E-9,24.80000114,
,,,559.200032058E-9,119.9999973E-3,,,,,559.200032058E-9,399.99997616E-3,,,,,559.200032058E-9,24.80000114,
,,,559.599982353E-9,119.9999973E-3,,,,,559.599982353E-9,399.99997616E-3,,,,,559.599982353E-9,24.80000114,
,,,559.999989491E-9,119.9999973E-3,,,,,559.999989491E-9,439.999997616E-3,,,,,559.999989491E-9,24.80000114,
,,,560.399996630E-9,79.999998212E-3,,,,,560.399996630E-9,399.99997616E-3,,,,,560.399996630E-9,24.80000114,
,,,560.800003768E-9,39.99999911E-3,,,,,560.800003768E-9,399.99997616E-3,,,,,560.800003768E-9,24.80000114,
,,,561.200010907E-9,39.99999911E-3,,,,,561.200010907E-9,359.99998450E-3,,,,,561.200010907E-9,24.80000114,
,,,561.600018045E-9,39.99999911E-3,,,,,561.600018045E-9,359.99998450E-3,,,,,561.600018045E-9,25.20000076,
,,,562.000025184E-9,79.999998212E-3,,,,,562.000025184E-9,359.99998450E-3,,,,,562.000025184E-9,25.20000076,
,,,562.400032322E-9,39.99999911E-3,,,,,562.400032322E-9,359.99998450E-3,,,,,562.400032322E-9,25.20000076,
,,,562.799982617E-9,39.99999911E-3,,,,,562.799982617E-9,359.99998450E-3,,,,,562.799982617E-9,25.20000076,
,,,563.199989756E-9,39.99999911E-3,,,,,563.199989756E-9,359.99998450E-3,,,,,563.199989756E-9,25.20000076,
,,,563.599996894E-9,0.0,,,,,563.599996894E-9,359.99998450E-3,,,,,563.599996894E-9,25.20000076,
,,,564.000004033E-9,39.99999911E-3,,,,,564.000004033E-9,359.99998450E-3,,,,,564.000004033E-9,25.20000076,
,,,564.400011172E-9,39.99999911E-3,,,,,564.400011172E-9,359.99998450E-3,,,,,564.400011172E-9,25.20000076,
,,,564.800018310E-9,39.99999911E-3,,,,,564.800018310E-9,359.99998450E-3,,,,,564.800018310E-9,25.20000076,
,,,565.200025449E-9,39.99999911E-3,,,,,565.200025449E-9,399.99997616E-3,,,,,565.200025449E-9,25.20000076,
,,,565.600032587E-9,39.99999911E-3,,,,,565.600032587E-9,399.99997616E-3,,,,,565.600032587E-9,24.80000114,
,,,565.999982882E-9,39.99999911E-3,,,,,565.999982882E-9,439.999997616E-3,,,,,565.999982882E-9,24.80000114,
,,,566.399990021E-9,39.99999911E-3,,,,,566.399990021E-9,399.99997616E-3,,,,,566.399990021E-9,25.20000076,
,,,566.799997159E-9,39.99999911E-3,,,,,566.799997159E-9,399.99997616E-3,,,,,566.799997159E-9,25.20000076,
,,,567.200004298E-9,79.999998212E-3,,,,,567.200004298E-9,399.99997616E-3,,,,,567.200004298E-9,25.20000076,
,,,567.600011436E-9,79.999998212E-3,,,,,567.600011436E-9,399.99997616E-3,,,,,567.600011436E-9,25.20000076,
,,,568.000018575E-9,119.9999973E-3,,,,,568.000018575E-9,439.999997616E-3,,,,,568.000018575E-9,25.20000076,
,,,568.400025713E-9,79.999998212E-3,,,,,568.400025713E-9,439.999997616E-3,,,,,568.400025713E-9,25.20000076,
,,,568.800032852E-9,79.999998212E-3,,,,,568.800032852E-9,479.999989271E-3,,,,,568.800032852E-9,25.20000076,
,,,569.199983147E-9,79.999998212E-3,,,,,569.199983147E-9,439.999997616E-3,,,,,569.199983147E-9,25.20000076,
,,,569.599990285E-9,79.999998212E-3,,,,,569.599990285E-9,439.999997616E-3,,,,,569.599990285E-9,25.20000076,
,,,569.999997424E-9,119.9999973E-3,,,,,569.999997424E-9,439.999997616E-3,,,,,569.999997424E-9,25.60000038,
,,,570.400004563E-9,119.9999973E-3,,,,,570.400004563E-9,439.999997616E-3,,,,,570.400004563E-9,25.20000076,
,,,570.800011701E-9,119.9999973E-3,,,,,570.800011701E-9,439.999997616E-3,,,,,570.800011701E-9,25.20000076,
,,,571.200018840E-9,119.9999973E-3,,,,,571.200018840E-9,479.999989271E-3,,,,,571.200018840E-9,25.20000076,
,,,571.600025978E-9,119.9999973E-3,,,,,571.600025978E-9,479.999989271E-3,,,,,571.600025978E-9,25.20000076,
,,,572.000033117E-9,119.9999973E-3,,,,,572.000033117E-9,479.999989271E-3,,,,,572.000033117E-9,25.20000076,
,,,572.399983412E-9,79.999998212E-3,,,,,572.399983412E-9,439.999997616E-3,,,,,572.399983412E-9,25.20000076,
,,,572.799990550E-9,79.999998212E-3,,,,,572.799990550E-9,439.999997616E-3,,,,,572.799990550E-9,25.20000076,
,,,573.199997689E-9,39.99999911E-3,,,,,573.199997689E-9,439.999997616E-3,,,,,573.199997689E-9,25.20000076,
,,,573.600004827E-9,39.99999911E-3,,,,,573.600004827E-9,479.999989271E-3,,,,,573.600004827E-9,25.60000038,
,,,574.000011966E-9,39.99999911E-3,,,,,574.000011966E-9,519.999980927E-3,,,,,574.000011966E-9,25.20000076,
,,,574.400019104E-9,39.99999911E-3,,,,,574.400019104E-9,479.999989271E-3,,,,,574.400019104E-9,25.20000076,
,,,574.800026243E-9,39.99999911E-3,,,,,574.800026243E-9,479.999989271E-3,,,,,574.800026243E-9,25.20000076,
,,,575.200033381E-9,79.999998212E-3,,,,,575.200033381E-9,439.999997616E-3,,,,,575.200033381E-9,25.20000076,
,,,575.599983677E-9,79.999998212E-3,,,,,575.599983677E-9,439.999997616E-3,,,,,575.599983677E-9,25.20000076,
,,,575.999990815E-9,79.999998212E-3,,,,,575.999990815E-9,439.999997616E-3,,,,,575.999990815E-9,25.60000038,
,,,576.399997954E-9,39.99999911E-3,,,,,576.399997954E-9,439.999997616E-3,,,,,576.399997954E-9,26.00000000,
,,,576.800005092E-9,0.0,,,,,576.800005092E-9,479.999989271E-3,,,,,576.800005092E-9,26.00000000,
,,,577.200012231E-9,0.0,,,,,577.200012231E-9,439.999997616E-3,,,,,577.200012231E-9,26.00000000,
,,,577.600019369E-9,0.0,,,,,577.600019369E-9,399.99997616E-3,,,,,577.600019369E-9,26.00000000,
,,,578.000026508E-9,39.99999911E-3,,,,,578.000026508E-9,359.99998450E-3,,,,,578.000026508E-9,26.00000000,
,,,578.400033646E-9,39.99999911E-3,,,,,578.400033646E-9,359.99998450E-3,,,,,578.400033646E-9,26.00000000,
,,,578.799983941E-9,39.99999911E-3,,,,,578.799983941E-9,399.99997616E-3,,,,,578.799983941E-9,26.39999962,
,,,579.199991080E-9,39.99999911E-3,,,,,579.199991080E-9,439.999997616E-3,,,,,579.199991080E-9,26.39999962,
,,,579.599998218E-9,39.99999911E-3,,,,,579.599998218E-9,479.999989271E-3,,,,,579.599998218E-9,26.39999962,
,,,580.000005357E-9,79.999998212E-3,,,,,580.000005357E-9,519.999980927E-3,,,,,580.000005357E-9,26.39999962,
,,,580.400012495E-9,79.999998212E-3,,,,,580.400012495E-9,479.999989271E-3,,,,,580.400012495E-9,26.39999962,
,,,580.800019634E-9,79.999998212E-3,,,,,580.800019634E-9,439.999997616E-3,,,,,580.800019634E-9,26.39999962,
,,,581.200026772E-9,39.99999911E-3,,,,,581.200026772E-9,439.999997616E-3,,,,,581.200026772E-9,26.39999962,
,,,581.600033911E-9,39.99999911E-3,,,,,581.600033911E-9,439.999997616E-3,,,,,581.600033911E-9,26.39999962,
,,,581.999984206E-9,39.99999911E-3,,,,,581.999984206E-9,479.999989271E-3,,,,,581.999984206E-9,26.39999962,
,,,582.399991345E-9,39.99999911E-3,,,,,582.399991345E-9,479.999989271E-3,,,,,582.399991345E-9,26.39999962,
,,,582.799998483E-9,39.99999911E-3,,,,,582.799998483E-9,479.999989271E-3,,,,,582.799998483E-9,26.00000000,
,,,583.200005622E-9,39.99999911E-3,,,,,583.200005622E-9,439.999997616E-3,,,,,583.200005622E-9,26.00000000,
,,,583.600012760E-9,39.99999911E-3,,,,,583.600012760E-9,399.99997616E-3,,,,,583.600012760E-9,25.60000038,
,,,584.000019899E-9,39.99999911E-3,,,,,584.000019899E-9,399.99997616E-3,,,,,584.000019899E-9,25.60000038,
,,,584.400027037E-9,39.99999911E-3,,,,,584.400027037E-9,439.999997616E-3,,,,,584.400027037E-9,25.60000038,
,,,584.800034176E-9,39.99999911E-3,,,,,584.800034176E-9,479.999989271E-3,,,,,584.800034176E-9,25.60000038,
,,,585.199984471E-9,79.999998212E-3,,,,,585.199984471E-9,479.999989271E-3,,,,,585.199984471E-9,25.60000038,
,,,585.599991609E-9,79.999998212E-3,,,,,585.599991609E-9,479.999989271E-3,,,,,585.599991609E-9,25.60000038,
,,,585.999998748E-9,79.999998212E-3,,,,,585.999998748E-9,439.999997616E-3,,,,,585.999998748E-9,25.60000038,
,,,586.400005886E-9,39.99999911E-3,,,,,586.400005886E-9,399.99997616E-3,,,,,586.400005886E-9,25.60000038,
,,,586.800013025E-9,39.99999911E-3,,,,,586.800013025E-9,399.99997616E-3,,,,,586.800013025E-9,25.20000076,
,,,587.200020163E-9,39.99999911E-3,,,,,587.200020163E-9,399.99997616E-3,,,,,587.200020163E-9,25.20000076,
,,,587.600027302E-9,39.99999911E-3,,,,,587.600027302E-9,479.999989271E-3,,,,,587.600027302E-9,25.60000038,
,,,588.000034440E-9,39.99999911E-3,,,,,588.000034440E-9,519.999980927E-3,,,,,588.000034440E-9,25.60000038,
,,,588.399984736E-9,39.99999911E-3,,,,,588.399984736E-9,479.999989271E-3,,,,,588.399984736E-9,25.60000038,
,,,588.799991874E-9,39.99999911E-3,,,,,588.799991874E-9,399.99997616E-3,,,,,588.799991874E-9,25.60000038,
,,,589.199999013E-9,39.99999911E-3,,,,,589.199999013E-9,359.99998450E-3,,,,,589.199999013E-9,25.60000038,
,,,589.600006151E-9,39.99999911E-3,,,,,589.600006151E-9,359.99998450E-3,,,,,589.600006151E-9,25.60000038,
,,,590.000013290E-9,39.99999911E-3,,,,,590.000013290E-9,399.99997616E-3,,,,,590.000013290E-9,25.20000076,
,,,590.400020428E-9,39.99999911E-3,,,,,590.400020428E-9,439.999997616E-3,,,,,590.400020428E-9,25.20000076,
,,,590.800027567E-9,39.99999911E-3,,,,,590.800027567E-9,479.999989271E-3,,,,,590.800027567E-9,25.60000038,
,,,591.200034705E-9,79.999998212E-3,,,,,591.200034705E-9,479.999989271E-3,,,,,591.200034705E-9,25.60000038,
,,,591.599985000E-9,79.999998212E-3,,,,,591.599985000E-9,479.999989271E-3,,,,,591.599985000E-9,25.60000038,
,,,591.999992139E-9,79.999998212E-3,,,,,591.999992139E-9,439.999997616E-3,,,,,591.999992139E-9,25.60000038,
,,,592.399999277E-9,39.99999911E-3,,,,,592.399999277E-9,399.99997616E-3,,,,,592.399999277E-9,25.60000038,
,,,592.800006416E-9,39.99999911E-3,,,,,592.800006416E-9,399.99997616E-3,,,,,592.800006416E-9,25.60000038,
,,,593.200013554E-9,0.0,,,,,593.200013554E-9,439.999997616E-3,,,,,593.200013554E-9,25.60000038,
,,,593.600020693E-9,0.0,,,,,593.600020693E-9,479.999989271E-3,,,,,593.600020693E-9,25.60000038,
,,,594.000027831E-9,39.99999911E-3,,,,,594.000027831E-9,519.999980927E-3,,,,,594.000027831E-9,25.20000076,
,,,594.400034970E-9,39.99999911E-3,,,,,594.400034970E-9,479.999989271E-3,,,,,594.400034970E-9,25.20000076,
,,,594.799985265E-9,79.999998212E-3,,,,,594.799985265E-9,439.999997616E-3,,,,,594.799985265E-9,25.20000076,
,,,595.199992404E-9,119.9999973E-3,,,,,595.199992404E-9,439.999997616E-3,,,,,595.199992404E-9,25.20000076,
,,,595.599999542E-9,119.9999973E-3,,,,,595.599999542E-9,439.999997616E-3,,,,,595.599999542E-9,25.20000076,
,,,596.000006681E-9,119.9999973E-3,,,,,596.000006681E-9,479.999989271E-3,,,,,596.000006681E-9,25.60000038,
,,,596.400013819E-9,79.999998212E-3,,,,,596.400013819E-9,479.999989271E-3,,,,,596.400013819E-9,25.60000038,
,,,596.800020958E-9,79.999998212E-3,,,,,596.800020958E-9,519.999980927E-3,,,,,596.800020958E-9,25.20000076,
,,,597.200028096E-9,79.999998212E-3,,,,,597.200028096E-9,479.999989271E-3,,,,,597.200028096E-9,25.60000038,
,,,597.600035235E-9,79.999998212E-3,,,,,597.600035235E-9,439.999997616E-3,,,,,597.600035235E-9,25.60000038,
,,,597.999985530E-9,79.999998212E-3,,,,,597.999985530E-9,439.999997616E-3,,,,,597.999985530E-9,25.60000038,
,,,598.399992668E-9,79.999998212E-3,,,,,598.399992668E-9,439.999997616E-3,,,,,598.399992668E-9,25.60000038,
,,,598.799999807E-9,79.999998212E-3,,,,,598.799999807E-9,439.999997616E-3,,,,,598.799999807E-9,26.00000000,
,,,599.200006945E-9,79.999998212E-3,,,,,599.200006945E-9,479.999989271E-3,,,,,599.200006945E-9,25.60000038,
,,,599.600014084E-9,79.999998212E-3,,,,,599.600014084E-9,439.999997616E-3,,,,,599.600014084E-9,25.60000038,
,,,600.000021223E-9,79.999998212E-3,,,,,600.000021223E-9,439.999997616E-3,,,,,600.000021223E-9,26.00000000,
,,,600.400028361E-9,39.99999911E-3,,,,,600.400028361E-9,399.99997616E-3,,,,,600.400028361E-9,26.00000000,
,,,600.800035500E-9,39.99999911E-3,,,,,600.800035500E-9,399.99997616E-3,,,,,600.800035500E-9,26.00000000,
,,,601.199985795E-9,39.99999911E-3,,,,,601.199985795E-9,399.99997616E-3,,,,,601.199985795E-9,26.00000000,
,,,601.599992933E-9,39.99999911E-3,,,,,601.599992933E-9,399.99997616E-3,,,,,601.599992933E-9,26.00000000,
,,,602.000000072E-9,39.99999911E-3,,,,,602.000000072E-9,439.999997616E-3,,,,,602.000000072E-9,26.00000000,
,,,602.400007210E-9,39.99999911E-3,,,,,602.400007210E-9,399.99997616E-3,,,,,602.400007210E-9,26.00000000,
,,,602.800014349E-9,39.99999911E-3,,,,,602.800014349E-9,399.99997616E-3,,,,,602.800014349E-9,26.00000000,
,,,603.200021487E-9,39.99999911E-3,,,,,603.200021487E-9,359.99998450E-3,,,,,603.200021487E-9,26.00000000,
,,,603.600028626E-9,39.99999911E-3,,,,,603.600028626E-9,359.99998450E-3,,,,,603.600028626E-9,26.00000000,
,,,604.000035764E-9,79.999998212E-3,,,,,604.000035764E-9,399.99997616E-3,,,,,604.000035764E-9,26.00000000,
,,,604.399986059E-9,79.999998212E-3,,,,,604.399986059E-9,399.99997616E-3,,,,,604.399986059E-9,26.00000000,
,,,604.799993198E-9,79.999998212E-3,,,,,604.799993198E-9,439.999997616E-3,,,,,604.799993198E-9,26.00000000,
,,,605.200000336E-9,79.999998212E-3,,,,,605.200000336E-9,479.999989271E-3,,,,,605.200000336E-9,26.00000000,
,,,605.600007475E-9,79.999998212E-3,,,,,605.600007475E-9,439.999997616E-3,,,,,605.600007475E-9,26.00000000,
,,,606.000014614E-9,119.9999973E-3,,,,,606.000014614E-9,439.999997616E-3,,,,,606.000014614E-9,26.00000000,
,,,606.400021752E-9,79.999998212E-3,,,,,606.400021752E-9,399.99997616E-3,,,,,606.400021752E-9,26.00000000,
,,,606.800028891E-9,79.999998212E-3,,,,,606.800028891E-9,439.999997616E-3,,,,,606.800028891E-9,26.39999962,
,,,607.200036029E-9,39.99999911E-3,,,,,607.200036029E-9,439.999997616E-3,,,,,607.200036029E-9,26.39999962,
,,,607.599986324E-9,39.99999911E-3,,,,,607.599986324E-9,439.999997616E-3,,,,,607.599986324E-9,26.00000000,
,,,607.999993463E-9,39.99999911E-3,,,,,607.999993463E-9,479.999989271E-3,,,,,607.999993463E-9,26.00000000,
,,,608.400000601E-9,39.99999911E-3,,,,,608.400000601E-9,479.999989271E-3,,,,,608.400000601E-9,26.00000000,
,,,608.800007740E-9,39.99999911E-3,,,,,608.800007740E-9,479.999989271E-3,,,,,608.800007740E-9,26.00000000,
,,,609.200014878E-9,0.0,,,,,609.200014878E-9,479.999989271E-3,,,,,609.200014878E-9,25.60000038,
,,,609.600022017E-9,0.0,,,,,609.600022017E-9,479.999989271E-3,,,,,609.600022017E-9,25.60000038,
,,,610.000029155E-9,0.0,,,,,610.000029155E-9,519.999980927E-3,,,,,610.000029155E-9,26.00000000,
,,,610.400036294E-9,0.0,,,,,610.400036294E-9,479.999989271E-3,,,,,610.400036294E-9,26.00000000,
,,,610.799986589E-9,0.0,,,,,610.799986589E-9,479.999989271E-3,,,,,610.799986589E-9,26.00000000,
,,,611.199993727E-9,39.99999911E-3,,,,,611.199993727E-9,439.999997616E-3,,,,,611.199993727E-9,26.00000000,
,,,611.600000866E-9,39.99999911E-3,,,,,611.600000866E-9,439.999997616E-3,,,,,611.600000866E-9,26.00000000,
,,,612.000008005E-9,39.99999911E-3,,,,,612.000008005E-9,479.999989271E-3,,,,,612.000008005E-9,26.00000000,
,,,612.400015143E-9,39.99999911E-3,,,,,612.400015143E-9,479.999989271E-3,,,,,612.400015143E-9,26.00000000,
,,,612.800022282E-9,39.99999911E-3,,,,,612.800022282E-9,519.999980927E-3,,,,,612.800022282E-9,25.60000038,
,,,613.200029420E-9,39.99999911E-3,,,,,613.200029420E-9,560.000002384E-3,,,,,613.200029420E-9,25.60000038,
,,,613.600036559E-9,39.99999911E-3,,,,,613.600036559E-9,560.000002384E-3,,,,,613.600036559E-9,25.60000038,
,,,613.999986854E-9,39.99999911E-3,,,,,613.999986854E-9,560.000002384E-3,,,,,613.999986854E-9,25.60000038,
,,,614.399993992E-9,39.99999911E-3,,,,,614.399993992E-9,560.000002384E-3,,,,,614.399993992E-9,25.60000038,
,,,614.800001131E-9,39.99999911E-3,,,,,614.800001131E-9,560.000002384E-3,,,,,614.800001131E-9,25.20000076,
,,,615.200008269E-9,39.99999911E-3,,,,,615.200008269E-9,599.999964237E-3,,,,,615.200008269E-9,25.20000076,
,,,615.600015408E-9,39.99999911E-3,,,,,615.600015408E-9,599.999964237E-3,,,,,615.600015408E-9,25.60000038,
,,,616.000022546E-9,39.99999911E-3,,,,,616.000022546E-9,599.999964237E-3,,,,,616.000022546E-9,25.60000038,
,,,616.400029685E-9,39.99999911E-3,,,,,616.400029685E-9,599.999964237E-3,,,,,616.400029685E-9,25.60000038,
,,,616.800036823E-9,39.99999911E-3,,,,,616.800036823E-9,599.999964237E-3,,,,,616.800036823E-9,25.20000076,
,,,617.199987119E-9,39.99999911E-3,,,,,617.199987119E-9,599.999964237E-3,,,,,617.199987119E-9,25.20000076,
,,,617.599994257E-9,39.99999911E-3,,,,,617.599994257E-9,599.999964237E-3,,,,,617.599994257E-9,25.20000076,
,,,618.000001396E-9,79.999998212E-3,,,,,618.000001396E-9,599.999964237E-3,,,,,618.000001396E-9,25.20000076,
,,,618.400008534E-9,79.999998212E-3,,,,,618.400008534E-9,599.999964237E-3,,,,,618.400008534E-9,25.20000076,
,,,618.800015673E-9,79.999998212E-3,,,,,618.800015673E-9,599.999964237E-3,,,,,618.800015673E-9,25.20000076,
,,,619.200022811E-9,39.99999911E-3,,,,,619.200022811E-9,599.999964237E-3,,,,,619.200022811E-9,25.20000076,
,,,619.600029950E-9,39.99999911E-3,,,,,619.600029950E-9,599.999964237E-3,,,,,619.600029950E-9,25.20000076,
,,,620.000037088E-9,39.99999911E-3,,,,,620.000037088E-9,599.999964237E-3,,,,,620.000037088E-9,25.20000076,
,,,620.399987383E-9,39.99999911E-3,,,,,620.399987383E-9,599.999964237E-3,,,,,620.399987383E-9,25.60000038,
,,,620.799994522E-9,39.99999911E-3,,,,,620.799994522E-9,599.999964237E-3,,,,,620.799994522E-9,25.60000038,
,,,621.200001660E-9,79.999998212E-3,,,,,621.200001660E-9,599.999964237E-3,,,,,621.200001660E-9,25.60000038,
,,,621.600008799E-9,79.999998212E-3,,,,,621.600008799E-9,599.999964237E-3,,,,,621.600008799E-9,25.60000038,
,,,622.000015937E-9,119.9999973E-3,,,,,622.000015937E-9,599.999964237E-3,,,,,622.000015937E-9,25.60000038,
,,,622.400023076E-9,79.999998212E-3,,,,,622.400023076E-9,560.000002384E-3,,,,,622.400023076E-9,25.60000038,
,,,622.800030214E-9,79.999998212E-3,,,,,622.800030214E-9,560.000002384E-3,,,,,622.800030214E-9,25.60000038,
,,,623.200037353E-9,79.999998212E-3,,,,,623.200037353E-9,560.000002384E-3,,,,,623.200037353E-9,25.60000038,
,,,623.599987648E-9,79.999998212E-3,,,,,623.599987648E-9,560.000002384E-3,,,,,623.599987648E-9,25.60000038,
,,,623.999994787E-9,119.9999973E-3,,,,,623.999994787E-9,599.999964237E-3,,,,,623.999994787E-9,25.60000038,
,,,624.400001925E-9,119.9999973E-3,,,,,624.400001925E-9,599.999964237E-3,,,,,624.400001925E-9,25.60000038,
,,,624.800009064E-9,119.9999973E-3,,,,,624.800009064E-9,599.999964237E-3,,,,,624.800009064E-9,25.60000038,
,,,625.200016202E-9,119.9999973E-3,,,,,625.200016202E-9,599.999964237E-3,,,,,625.200016202E-9,25.60000038,
,,,625.600023341E-9,119.9999973E-3,,,,,625.600023341E-9,599.999964237E-3,,,,,625.600023341E-9,25.60000038,
,,,626.000030479E-9,119.9999973E-3,,,,,626.000030479E-9,599.999964237E-3,,,,,626.000030479E-9,25.60000038,
,,,626.400037618E-9,119.9999973E-3,,,,,626.400037618E-9,560.000002384E-3,,,,,626.400037618E-9,25.60000038,
,,,626.799987913E-9,119.9999973E-3,,,,,626.799987913E-9,560.000002384E-3,,,,,626.799987913E-9,26.00000000,
,,,627.199995051E-9,79.999998212E-3,,,,,627.199995051E-9,560.000002384E-3,,,,,627.199995051E-9,25.60000038,
,,,627.600002190E-9,79.999998212E-3,,,,,627.600002190E-9,560.000002384E-3,,,,,627.600002190E-9,25.60000038,
,,,628.000009328E-9,79.999998212E-3,,,,,628.000009328E-9,560.000002384E-3,,,,,628.000009328E-9,25.60000038,
,,,628.400016467E-9,79.999998212E-3,,,,,628.400016467E-9,519.999980927E-3,,,,,628.400016467E-9,25.60000038,
,,,628.800023605E-9,79.999998212E-3,,,,,628.800023605E-9,519.999980927E-3,,,,,628.800023605E-9,26.00000000,
,,,629.200030744E-9,39.99999911E-3,,,,,629.200030744E-9,479.999989271E-3,,,,,629.200030744E-9,26.00000000,
,,,629.599981039E-9,39.99999911E-3,,,,,629.599981039E-9,479.999989271E-3,,,,,629.599981039E-9,26.00000000,
,,,629.999988178E-9,39.99999911E-3,,,,,629.999988178E-9,479.999989271E-3,,,,,629.999988178E-9,26.00000000,
,,,630.399995316E-9,39.99999911E-3,,,,,630.399995316E-9,479.999989271E-3,,,,,630.399995316E-9,26.00000000,
,,,630.800002455E-9,39.99999911E-3,,,,,630.800002455E-9,479.999989271E-3,,,,,630.800002455E-9,26.00000000,
,,,631.200009593E-9,39.99999911E-3,,,,,631.200009593E-9,479.999989271E-3,,,,,631.200009593E-9,26.00000000,
,,,631.600016732E-9,39.99999911E-3,,,,,631.600016732E-9,479.999989271E-3,,,,,631.600016732E-9,26.00000000,
,,,632.000023870E-9,39.99999911E-3,,,,,632.000023870E-9,479.999989271E-3,,,,,632.000023870E-9,26.00000000,
,,,632.400031009E-9,39.99999911E-3,,,,,632.400031009E-9,439.999997616E-3,,,,,632.400031009E-9,26.00000000,
,,,632.799981304E-9,39.99999911E-3,,,,,632.799981304E-9,479.999989271E-3,,,,,632.799981304E-9,26.00000000,
,,,633.199988442E-9,39.99999911E-3,,,,,633.199988442E-9,479.999989271E-3,,,,,633.199988442E-9,26.00000000,
,,,633.599995581E-9,39.99999911E-3,,,,,633.599995581E-9,479.999989271E-3,,,,,633.599995581E-9,25.60000038,
,,,634.000002719E-9,39.99999911E-3,,,,,634.000002719E-9,519.999980927E-3,,,,,634.000002719E-9,25.60000038,
,,,634.400009858E-9,39.99999911E-3,,,,,634.400009858E-9,479.999989271E-3,,,,,634.400009858E-9,25.60000038,
,,,634.800016996E-9,39.99999911E-3,,,,,634.800016996E-9,479.999989271E-3,,,,,634.800016996E-9,25.60000038,
,,,635.200024135E-9,79.999998212E-3,,,,,635.200024135E-9,439.999997616E-3,,,,,635.200024135E-9,25.60000038,
,,,635.600031273E-9,79.999998212E-3,,,,,635.600031273E-9,439.999997616E-3,,,,,635.600031273E-9,25.60000038,
,,,635.999981569E-9,119.9999973E-3,,,,,635.999981569E-9,439.999997616E-3,,,,,635.999981569E-9,25.60000038,
,,,636.399988707E-9,79.999998212E-3,,,,,636.399988707E-9,439.999997616E-3,,,,,636.399988707E-9,25.60000038,
,,,636.799995846E-9,79.999998212E-3,,,,,636.799995846E-9,439.999997616E-3,,,,,636.799995846E-9,25.60000038,
,,,637.200002984E-9,79.999998212E-3,,,,,637.200002984E-9,479.999989271E-3,,,,,637.200002984E-9,25.60000038,
,,,637.600010123E-9,79.999998212E-3,,,,,637.600010123E-9,479.999989271E-3,,,,,637.600010123E-9,25.60000038,
,,,638.000017261E-9,79.999998212E-3,,,,,638.000017261E-9,519.999980927E-3,,,,,638.000017261E-9,25.60000038,
,,,638.400024400E-9,79.999998212E-3,,,,,638.400024400E-9,479.999989271E-3,,,,,638.400024400E-9,25.60000038,
,,,638.800031538E-9,79.999998212E-3,,,,,638.800031538E-9,439.999997616E-3,,,,,638.800031538E-9,25.60000038,
,,,639.199981833E-9,39.99999911E-3,,,,,639.199981833E-9,439.999997616E-3,,,,,639.199981833E-9,25.60000038,
,,,639.599988972E-9,39.99999911E-3,,,,,639.599988972E-9,439.999997616E-3,,,,,639.599988972E-9,25.60000038,
,,,639.999996110E-9,39.99999911E-3,,,,,639.999996110E-9,479.999989271E-3,,,,,639.999996110E-9,25.60000038,
,,,640.400003249E-9,0.0,,,,,640.400003249E-9,479.999989271E-3,,,,,640.400003249E-9,25.60000038,
,,,640.800010387E-9,39.99999911E-3,,,,,640.800010387E-9,479.999989271E-3,,,,,640.800010387E-9,25.60000038,
,,,641.200017526E-9,39.99999911E-3,,,,,641.200017526E-9,439.999997616E-3,,,,,641.200017526E-9,25.60000038,
,,,641.600024665E-9,39.99999911E-3,,,,,641.600024665E-9,439.999997616E-3,,,,,641.600024665E-9,26.00000000,
,,,642.000031803E-9,79.999998212E-3,,,,,642.000031803E-9,439.999997616E-3,,,,,642.000031803E-9,26.00000000,
,,,642.399982098E-9,79.999998212E-3,,,,,642.399982098E-9,439.999997616E-3,,,,,642.399982098E-9,26.00000000,
,,,642.799989237E-9,79.999998212E-3,,,,,642.799989237E-9,439.999997616E-3,,,,,642.799989237E-9,26.00000000,
,,,643.199996375E-9,79.999998212E-3,,,,,643.199996375E-9,479.999989271E-3,,,,,643.199996375E-9,26.00000000,
,,,643.600003514E-9,79.999998212E-3,,,,,643.600003514E-9,479.999989271E-3,,,,,643.600003514E-9,26.39999962,
,,,644.000010652E-9,79.999998212E-3,,,,,644.000010652E-9,479.999989271E-3,,,,,644.000010652E-9,26.00000000,
,,,644.400017791E-9,79.999998212E-3,,,,,644.400017791E-9,439.999997616E-3,,,,,644.400017791E-9,26.00000000,
,,,644.800024929E-9,79.999998212E-3,,,,,644.800024929E-9,439.999997616E-3,,,,,644.800024929E-9,26.00000000,
,,,645.200032068E-9,79.999998212E-3,,,,,645.200032068E-9,439.999997616E-3,,,,,645.200032068E-9,26.00000000,
,,,645.599982363E-9,79.999998212E-3,,,,,645.599982363E-9,439.999997616E-3,,,,,645.599982363E-9,25.60000038,
,,,645.999989501E-9,119.9999973E-3,,,,,645.999989501E-9,479.999989271E-3,,,,,645.999989501E-9,25.60000038,
,,,646.399996640E-9,119.9999973E-3,,,,,646.399996640E-9,439.999997616E-3,,,,,646.399996640E-9,25.60000038,
,,,646.800003778E-9,119.9999973E-3,,,,,646.800003778E-9,439.999997616E-3,,,,,646.800003778E-9,26.00000000,
,,,647.200010917E-9,79.999998212E-3,,,,,647.200010917E-9,399.99997616E-3,,,,,647.200010917E-9,26.00000000,
,,,647.600018056E-9,79.999998212E-3,,,,,647.600018056E-9,399.99997616E-3,,,,,647.600018056E-9,26.00000000,
,,,648.000025194E-9,79.999998212E-3,,,,,648.000025194E-9,399.99997616E-3,,,,,648.000025194E-9,25.60000038,
,,,648.400032333E-9,79.999998212E-3,,,,,648.400032333E-9,399.99997616E-3,,,,,648.400032333E-9,25.60000038,
,,,648.799982628E-9,79.999998212E-3,,,,,648.799982628E-9,439.999997616E-3,,,,,648.799982628E-9,25.60000038,
,,,649.199989766E-9,79.999998212E-3,,,,,649.199989766E-9,399.99997616E-3,,,,,649.199989766E-9,25.60000038,
,,,649.599996905E-9,79.999998212E-3,,,,,649.599996905E-9,359.99998450E-3,,,,,649.599996905E-9,25.60000038,
,,,650.000004043E-9,79.999998212E-3,,,,,650.000004043E-9,359.99998450E-3,,,,,650.000004043E-9,25.60000038,
,,,650.400011182E-9,79.999998212E-3,,,,,650.400011182E-9,319.99999285E-3,,,,,650.400011182E-9,25.60000038,
,,,650.800018320E-9,79.999998212E-3,,,,,650.800018320E-9,319.99999285E-3,,,,,650.800018320E-9,25.60000038,
,,,651.200025459E-9,119.9999973E-3,,,,,651.200025459E-9,359.99998450E-3,,,,,651.200025459E-9,25.60000038,
,,,651.600032597E-9,119.9999973E-3,,,,,651.600032597E-9,399.99997616E-3,,,,,651.600032597E-9,26.00000000,
,,,651.999982892E-9,119.9999973E-3,,,,,651.999982892E-9,439.999997616E-3,,,,,651.999982892E-9,26.00000000,
,,,652.399990031E-9,79.999998212E-3,,,,,652.399990031E-9,439.999997616E-3,,,,,652.399990031E-9,26.00000000,
,,,652.799997169E-9,79.999998212E-3,,,,,652.799997169E-9,439.999997616E-3,,,,,652.799997169E-9,26.00000000,
,,,653.200004308E-9,79.999998212E-3,,,,,653.200004308E-9,399.99997616E-3,,,,,653.200004308E-9,26.00000000,
,,,653.600011447E-9,79.999998212E-3,,,,,653.600011447E-9,399.99997616E-3,,,,,653.600011447E-9,26.00000000,
,,,654.000018585E-9,119.9999973E-3,,,,,654.000018585E-9,399.99997616E-3,,,,,654.000018585E-9,26.00000000,
,,,654.400025724E-9,79.999998212E-3,,,,,654.400025724E-9,399.99997616E-3,,,,,654.400025724E-9,26.00000000,
,,,654.800032862E-9,79.999998212E-3,,,,,654.800032862E-9,399.99997616E-3,,,,,654.800032862E-9,26.00000000,
,,,655.199983157E-9,79.999998212E-3,,,,,655.199983157E-9,399.99997616E-3,,,,,655.199983157E-9,26.00000000,
,,,655.599990296E-9,79.999998212E-3,,,,,655.599990296E-9,399.99997616E-3,,,,,655.599990296E-9,26.00000000,
,,,655.999997434E-9,79.999998212E-3,,,,,655.999997434E-9,399.99997616E-3,,,,,655.999997434E-9,26.00000000,
,,,656.400004573E-9,79.999998212E-3,,,,,656.400004573E-9,399.99997616E-3,,,,,656.400004573E-9,26.00000000,
,,,656.800011711E-9,79.999998212E-3,,,,,656.800011711E-9,399.99997616E-3,,,,,656.800011711E-9,26.00000000,
,,,657.200018850E-9,79.999998212E-3,,,,,657.200018850E-9,399.99997616E-3,,,,,657.200018850E-9,26.00000000,
,,,657.600025988E-9,79.999998212E-3,,,,,657.600025988E-9,399.99997616E-3,,,,,657.600025988E-9,26.00000000,
,,,658.000033127E-9,119.9999973E-3,,,,,658.000033127E-9,399.99997616E-3,,,,,658.000033127E-9,26.00000000,
,,,658.399983422E-9,79.999998212E-3,,,,,658.399983422E-9,399.99997616E-3,,,,,658.399983422E-9,26.39999962,
,,,658.799990561E-9,79.999998212E-3,,,,,658.799990561E-9,399.99997616E-3,,,,,658.799990561E-9,26.39999962,
,,,659.199997699E-9,79.999998212E-3,,,,,659.199997699E-9,399.99997616E-3,,,,,659.199997699E-9,26.39999962,
,,,659.600004838E-9,79.999998212E-3,,,,,659.600004838E-9,399.99997616E-3,,,,,659.600004838E-9,26.00000000,
,,,660.000011976E-9,79.999998212E-3,,,,,660.000011976E-9,399.99997616E-3,,,,,660.000011976E-9,26.00000000,
,,,660.400019115E-9,39.99999911E-3,,,,,660.400019115E-9,359.99998450E-3,,,,,660.400019115E-9,25.60000038,
,,,660.800026253E-9,39.99999911E-3,,,,,660.800026253E-9,319.99999285E-3,,,,,660.800026253E-9,25.60000038,
,,,661.200033392E-9,39.99999911E-3,,,,,661.200033392E-9,280.00000119E-3,,,,,661.200033392E-9,25.60000038,
,,,661.599983687E-9,39.99999911E-3,,,,,661.599983687E-9,280.00000119E-3,,,,,661.599983687E-9,25.60000038,
,,,661.999990825E-9,39.99999911E-3,,,,,661.999990825E-9,280.00000119E-3,,,,,661.999990825E-9,26.00000000,
,,,662.399997964E-9,39.99999911E-3,,,,,662.399997964E-9,280.00000119E-3,,,,,662.399997964E-9,26.00000000,
,,,662.800005102E-9,39.99999911E-3,,,,,662.800005102E-9,280.00000119E-3,,,,,662.800005102E-9,26.00000000,
,,,663.200012241E-9,39.99999911E-3,,,,,663.200012241E-9,280.00000119E-3,,,,,663.200012241E-9,26.00000000,
,,,663.600019379E-9,39.99999911E-3,,,,,663.600019379E-9,280.00000119E-3,,,,,663.600019379E-9,25.60000038,
,,,664.000026518E-9,39.99999911E-3,,,,,664.000026518E-9,280.00000119E-3,,,,,664.000026518E-9,25.60000038,
,,,664.400033656E-9,39.99999911E-3,,,,,664.400033656E-9,280.00000119E-3,,,,,664.400033656E-9,25.60000038,
,,,664.799983952E-9,39.99999911E-3,,,,,664.799983952E-9,280.00000119E-3,,,,,664.799983952E-9,25.60000038,
,,,665.199991090E-9,79.999998212E-3,,,,,665.199991090E-9,319.99999285E-3,,,,,665.199991090E-9,25.60000038,
,,,665.599998229E-9,79.999998212E-3,,,,,665.599998229E-9,359.99998450E-3,,,,,665.599998229E-9,25.60000038,
,,,666.000005367E-9,79.999998212E-3,,,,,666.000005367E-9,399.99997616E-3,,,,,666.000005367E-9,25.60000038,
,,,666.400012506E-9,39.99999911E-3,,,,,666.400012506E-9,399.99997616E-3,,,,,666.400012506E-9,25.60000038,
,,,666.800019644E-9,39.99999911E-3,,,,,666.800019644E-9,399.99997616E-3,,,,,666.800019644E-9,25.20000076,
,,,667.200026783E-9,39.99999911E-3,,,,,667.200026783E-9,399.99997616E-3,,,,,667.200026783E-9,25.20000076,
,,,667.600033921E-9,39.99999911E-3,,,,,667.600033921E-9,359.99998450E-3,,,,,667.600033921E-9,25.60000038,
,,,667.999984216E-9,39.99999911E-3,,,,,667.999984216E-9,399.99997616E-3,,,,,667.999984216E-9,25.60000038,
,,,668.399991355E-9,39.99999911E-3,,,,,668.399991355E-9,399.99997616E-3,,,,,668.399991355E-9,25.60000038,
,,,668.799998493E-9,39.99999911E-3,,,,,668.799998493E-9,439.999997616E-3,,,,,668.799998493E-9,25.20000076,
,,,669.200005632E-9,39.99999911E-3,,,,,669.200005632E-9,479.999989271E-3,,,,,669.200005632E-9,25.20000076,
,,,669.600012770E-9,39.99999911E-3,,,,,669.600012770E-9,479.999989271E-3,,,,,669.600012770E-9,25.20000076,
,,,670.000019909E-9,79.999998212E-3,,,,,670.000019909E-9,479.999989271E-3,,,,,670.000019909E-9,25.20000076,
,,,670.400027047E-9,39.99999911E-3,,,,,670.400027047E-9,439.999997616E-3,,,,,670.400027047E-9,25.20000076,
,,,670.800034186E-9,39.99999911E-3,,,,,670.800034186E-9,439.999997616E-3,,,,,670.800034186E-9,25.20000076,
,,,671.199984481E-9,39.99999911E-3,,,,,671.199984481E-9,439.999997616E-3,,,,,671.199984481E-9,25.20000076,
,,,671.599991620E-9,0.0,,,,,671.599991620E-9,439.999997616E-3,,,,,671.599991620E-9,25.20000076,
,,,671.999998758E-9,39.99999911E-3,,,,,671.999998758E-9,479.999989271E-3,,,,,671.999998758E-9,25.20000076,
,,,672.400005897E-9,39.99999911E-3,,,,,672.400005897E-9,439.999997616E-3,,,,,672.400005897E-9,25.20000076,
,,,672.800013035E-9,39.99999911E-3,,,,,672.800013035E-9,439.999997616E-3,,,,,672.800013035E-9,25.20000076,
,,,673.200020174E-9,79.999998212E-3,,,,,673.200020174E-9,399.99997616E-3,,,,,673.200020174E-9,25.20000076,
,,,673.600027312E-9,79.999998212E-3,,,,,673.600027312E-9,399.99997616E-3,,,,,673.600027312E-9,25.20000076,
,,,674.000034451E-9,79.999998212E-3,,,,,674.000034451E-9,399.99997616E-3,,,,,674.000034451E-9,25.20000076,
,,,674.399984746E-9,39.99999911E-3,,,,,674.399984746E-9,399.99997616E-3,,,,,674.399984746E-9,24.80000114,
,,,674.799991884E-9,39.99999911E-3,,,,,674.799991884E-9,399.99997616E-3,,,,,674.799991884E-9,24.80000114,
,,,675.199999023E-9,0.0,,,,,675.199999023E-9,359.99998450E-3,,,,,675.199999023E-9,24.80000114,
,,,675.600006161E-9,0.0,,,,,675.600006161E-9,319.99999285E-3,,,,,675.600006161E-9,25.20000076,
,,,676.000013300E-9,0.0,,,,,676.000013300E-9,319.99999285E-3,,,,,676.000013300E-9,25.20000076,
,,,676.400020438E-9,0.0,,,,,676.400020438E-9,280.00000119E-3,,,,,676.400020438E-9,25.20000076,
,,,676.800027577E-9,0.0,,,,,676.800027577E-9,280.00000119E-3,,,,,676.800027577E-9,25.20000076,
,,,677.200034715E-9,39.99999911E-3,,,,,677.200034715E-9,319.99999285E-3,,,,,677.200034715E-9,25.20000076,
,,,677.599985011E-9,39.99999911E-3,,,,,677.599985011E-9,319.99999285E-3,,,,,677.599985011E-9,25.20000076,
,,,677.999992149E-9,39.99999911E-3,,,,,677.999992149E-9,359.99998450E-3,,,,,677.999992149E-9,25.20000076,
,,,678.399999288E-9,39.99999911E-3,,,,,678.399999288E-9,319.99999285E-3,,,,,678.399999288E-9,25.20000076,
,,,678.800006426E-9,39.99999911E-3,,,,,678.800006426E-9,319.99999285E-3,,,,,678.800006426E-9,25.20000076,
,,,679.200013565E-9,39.99999911E-3,,,,,679.200013565E-9,319.99999285E-3,,,,,679.200013565E-9,25.20000076,
,,,679.600020703E-9,39.99999911E-3,,,,,679.600020703E-9,319.99999285E-3,,,,,679.600020703E-9,25.20000076,
,,,680.000027842E-9,39.99999911E-3,,,,,680.000027842E-9,359.99998450E-3,,,,,680.000027842E-9,25.20000076,
,,,680.400034980E-9,39.99999911E-3,,,,,680.400034980E-9,359.99998450E-3,,,,,680.400034980E-9,25.20000076,
,,,680.799985275E-9,39.99999911E-3,,,,,680.799985275E-9,359.99998450E-3,,,,,680.799985275E-9,25.20000076,
,,,681.199992414E-9,39.99999911E-3,,,,,681.199992414E-9,359.99998450E-3,,,,,681.199992414E-9,25.20000076,
,,,681.599999552E-9,39.99999911E-3,,,,,681.599999552E-9,359.99998450E-3,,,,,681.599999552E-9,25.20000076,
,,,682.000006691E-9,39.99999911E-3,,,,,682.000006691E-9,359.99998450E-3,,,,,682.000006691E-9,25.20000076,
,,,682.400013829E-9,39.99999911E-3,,,,,682.400013829E-9,359.99998450E-3,,,,,682.400013829E-9,25.20000076,
,,,682.800020968E-9,39.99999911E-3,,,,,682.800020968E-9,359.99998450E-3,,,,,682.800020968E-9,24.80000114,
,,,683.200028107E-9,39.99999911E-3,,,,,683.200028107E-9,359.99998450E-3,,,,,683.200028107E-9,24.80000114,
,,,683.600035245E-9,39.99999911E-3,,,,,683.600035245E-9,359.99998450E-3,,,,,683.600035245E-9,24.80000114,
,,,683.999985540E-9,79.999998212E-3,,,,,683.999985540E-9,359.99998450E-3,,,,,683.999985540E-9,24.80000114,
,,,684.399992679E-9,79.999998212E-3,,,,,684.399992679E-9,319.99999285E-3,,,,,684.399992679E-9,24.80000114,
,,,684.799999817E-9,79.999998212E-3,,,,,684.799999817E-9,319.99999285E-3,,,,,684.799999817E-9,24.39999962,
,,,685.200006956E-9,39.99999911E-3,,,,,685.200006956E-9,280.00000119E-3,,,,,685.200006956E-9,24.39999962,
,,,685.600014094E-9,0.0,,,,,685.600014094E-9,280.00000119E-3,,,,,685.600014094E-9,24.39999962,
,,,686.000021233E-9,0.0,,,,,686.000021233E-9,280.00000119E-3,,,,,686.000021233E-9,24.39999962,
,,,686.400028371E-9,0.0,,,,,686.400028371E-9,280.00000119E-3,,,,,686.400028371E-9,24.39999962,
,,,686.800035510E-9,0.0,,,,,686.800035510E-9,280.00000119E-3,,,,,686.800035510E-9,24.80000114,
,,,687.199985805E-9,39.99999911E-3,,,,,687.199985805E-9,239.99999464E-3,,,,,687.199985805E-9,24.80000114,
,,,687.599992943E-9,39.99999911E-3,,,,,687.599992943E-9,199.99998808E-3,,,,,687.599992943E-9,24.80000114,
,,,688.000000082E-9,39.99999911E-3,,,,,688.000000082E-9,199.99998808E-3,,,,,688.000000082E-9,24.80000114,
,,,688.400007220E-9,0.0,,,,,688.400007220E-9,199.99998808E-3,,,,,688.400007220E-9,24.80000114,
,,,688.800014359E-9,0.0,,,,,688.800014359E-9,199.99998808E-3,,,,,688.800014359E-9,24.80000114,
,,,689.200021498E-9,0.0,,,,,689.200021498E-9,199.99998808E-3,,,,,689.200021498E-9,24.80000114,
,,,689.600028636E-9,-39.99999911E-3,,,,,689.600028636E-9,199.99998808E-3,,,,,689.600028636E-9,24.39999962,
,,,690.000035775E-9,0.0,,,,,690.000035775E-9,199.99998808E-3,,,,,690.000035775E-9,24.39999962,
,,,690.399986070E-9,0.0,,,,,690.399986070E-9,199.99998808E-3,,,,,690.399986070E-9,24.39999962,
,,,690.799993208E-9,0.0,,,,,690.799993208E-9,199.99998808E-3,,,,,690.799993208E-9,24.80000114,
,,,691.200000347E-9,0.0,,,,,691.200000347E-9,239.99999464E-3,,,,,691.200000347E-9,24.80000114,
,,,691.600007485E-9,0.0,,,,,691.600007485E-9,239.99999464E-3,,,,,691.600007485E-9,24.39999962,
,,,692.000014624E-9,0.0,,,,,692.000014624E-9,239.99999464E-3,,,,,692.000014624E-9,24.39999962,
,,,692.400021762E-9,-39.99999911E-3,,,,,692.400021762E-9,199.99998808E-3,,,,,692.400021762E-9,24.39999962,
,,,692.800028901E-9,0.0,,,,,692.800028901E-9,159.99999642E-3,,,,,692.800028901E-9,24.39999962,
,,,693.200036039E-9,0.0,,,,,693.200036039E-9,159.99999642E-3,,,,,693.200036039E-9,24.39999962,
,,,693.599986334E-9,0.0,,,,,693.599986334E-9,159.99999642E-3,,,,,693.599986334E-9,24.39999962,
,,,693.999993473E-9,39.99999911E-3,,,,,693.999993473E-9,199.99998808E-3,,,,,693.999993473E-9,24.39999962,
,,,694.400000611E-9,0.0,,,,,694.400000611E-9,199.99998808E-3,,,,,694.400000611E-9,24.80000114,
,,,694.800007750E-9,0.0,,,,,694.800007750E-9,239.99999464E-3,,,,,694.800007750E-9,24.80000114,
,,,695.200014889E-9,0.0,,,,,695.200014889E-9,199.99998808E-3,,,,,695.200014889E-9,24.80000114,
,,,695.600022027E-9,-39.99999911E-3,,,,,695.600022027E-9,199.99998808E-3,,,,,695.600022027E-9,24.80000114,
,,,696.000029166E-9,0.0,,,,,696.000029166E-9,199.99998808E-3,,,,,696.000029166E-9,24.80000114,
,,,696.400036304E-9,0.0,,,,,696.400036304E-9,199.99998808E-3,,,,,696.400036304E-9,24.80000114,
,,,696.799986599E-9,0.0,,,,,696.799986599E-9,199.99998808E-3,,,,,696.799986599E-9,24.39999962,
,,,697.199993738E-9,39.99999911E-3,,,,,697.199993738E-9,239.99999464E-3,,,,,697.199993738E-9,24.39999962,
,,,697.600000876E-9,0.0,,,,,697.600000876E-9,199.99998808E-3,,,,,697.600000876E-9,24.39999962,
,,,698.000008015E-9,0.0,,,,,698.000008015E-9,199.99998808E-3,,,,,698.000008015E-9,24.39999962,
,,,698.400015153E-9,-39.99999911E-3,,,,,698.400015153E-9,159.99999642E-3,,,,,698.400015153E-9,24.39999962,
,,,698.800022292E-9,-39.99999911E-3,,,,,698.800022292E-9,159.99999642E-3,,,,,698.800022292E-9,24.00000000,
,,,699.200029430E-9,-39.99999911E-3,,,,,699.200029430E-9,159.99999642E-3,,,,,699.200029430E-9,24.00000000,
,,,699.600036569E-9,-39.99999911E-3,,,,,699.600036569E-9,159.99999642E-3,,,,,699.600036569E-9,24.00000000,
,,,699.999986864E-9,0.0,,,,,699.999986864E-9,199.99998808E-3,,,,,699.999986864E-9,24.00000000,
,,,700.399994003E-9,0.0,,,,,700.399994003E-9,159.99999642E-3,,,,,700.399994003E-9,24.00000000,
,,,700.800001141E-9,0.0,,,,,700.800001141E-9,159.99999642E-3,,,,,700.800001141E-9,24.00000000,
,,,701.200008280E-9,-39.99999911E-3,,,,,701.200008280E-9,159.99999642E-3,,,,,701.200008280E-9,24.00000000,
,,,701.600015418E-9,-39.99999911E-3,,,,,701.600015418E-9,159.99999642E-3,,,,,701.600015418E-9,24.00000000,
,,,702.000022557E-9,-39.99999911E-3,,,,,702.000022557E-9,199.99998808E-3,,,,,702.000022557E-9,24.00000000,
,,,702.400029695E-9,-79.999998212E-3,,,,,702.400029695E-9,199.99998808E-3,,,,,702.400029695E-9,24.00000000,
,,,702.800036834E-9,-39.99999911E-3,,,,,702.800036834E-9,199.99998808E-3,,,,,702.800036834E-9,24.39999962,
,,,703.199987129E-9,-39.99999911E-3,,,,,703.199987129E-9,159.99999642E-3,,,,,703.199987129E-9,24.39999962,
,,,703.599994267E-9,-39.99999911E-3,,,,,703.599994267E-9,119.9999973E-3,,,,,703.599994267E-9,24.39999962,
,,,704.000001406E-9,0.0,,,,,704.000001406E-9,119.9999973E-3,,,,,704.000001406E-9,24.39999962,
,,,704.400008544E-9,0.0,,,,,704.400008544E-9,79.999998212E-3,,,,,704.400008544E-9,24.39999962,
,,,704.800015683E-9,0.0,,,,,704.800015683E-9,79.999998212E-3,,,,,704.800015683E-9,24.39999962,
,,,705.200022821E-9,39.99999911E-3,,,,,705.200022821E-9,119.9999973E-3,,,,,705.200022821E-9,24.39999962,
,,,705.600029960E-9,39.99999911E-3,,,,,705.600029960E-9,159.99999642E-3,,,,,705.600029960E-9,24.39999962,
,,,706.000037098E-9,39.99999911E-3,,,,,706.000037098E-9,199.99998808E-3,,,,,706.000037098E-9,24.39999962,
,,,706.399987394E-9,39.99999911E-3,,,,,706.399987394E-9,199.99998808E-3,,,,,706.399987394E-9,24.39999962,
,,,706.799994532E-9,39.99999911E-3,,,,,706.799994532E-9,199.99998808E-3,,,,,706.799994532E-9,24.39999962,
,,,707.200001671E-9,39.99999911E-3,,,,,707.200001671E-9,199.99998808E-3,,,,,707.200001671E-9,24.39999962,
,,,707.600008809E-9,39.99999911E-3,,,,,707.600008809E-9,199.99998808E-3,,,,,707.600008809E-9,24.39999962,
,,,708.000015948E-9,79.999998212E-3,,,,,708.000015948E-9,199.99998808E-3,,,,,708.000015948E-9,24.39999962,
,,,708.400023086E-9,39.99999911E-3,,,,,708.400023086E-9,159.99999642E-3,,,,,708.400023086E-9,24.39999962,
,,,708.800030225E-9,39.99999911E-3,,,,,708.800030225E-9,159.99999642E-3,,,,,708.800030225E-9,24.00000000,
,,,709.200037363E-9,0.0,,,,,709.200037363E-9,159.99999642E-3,,,,,709.200037363E-9,24.00000000,
,,,709.599987658E-9,-39.99999911E-3,,,,,709.599987658E-9,159.99999642E-3,,,,,709.599987658E-9,24.00000000,
,,,709.999994797E-9,-39.99999911E-3,,,,,709.999994797E-9,199.99998808E-3,,,,,709.999994797E-9,24.00000000,
,,,710.400001935E-9,-39.99999911E-3,,,,,710.400001935E-9,159.99999642E-3,,,,,710.400001935E-9,24.00000000,
,,,710.800009074E-9,-39.99999911E-3,,,,,710.800009074E-9,159.99999642E-3,,,,,710.800009074E-9,24.39999962,
,,,711.200016212E-9,0.0,,,,,711.200016212E-9,119.9999973E-3,,,,,711.200016212E-9,24.00000000,
,,,711.600023351E-9,0.0,,,,,711.600023351E-9,119.9999973E-3,,,,,711.600023351E-9,24.00000000,
,,,712.000030489E-9,0.0,,,,,712.000030489E-9,119.9999973E-3,,,,,712.000030489E-9,24.00000000,
,,,712.400037628E-9,-39.99999911E-3,,,,,712.400037628E-9,119.9999973E-3,,,,,712.400037628E-9,24.00000000,
,,,712.799987923E-9,-79.999998212E-3,,,,,712.799987923E-9,119.9999973E-3,,,,,712.799987923E-9,23.60000038,
,,,713.199995062E-9,-79.999998212E-3,,,,,713.199995062E-9,119.9999973E-3,,,,,713.199995062E-9,23.60000038,
,,,713.600002200E-9,-79.999998212E-3,,,,,713.600002200E-9,119.9999973E-3,,,,,713.600002200E-9,23.60000038,
,,,714.000009339E-9,-39.99999911E-3,,,,,714.000009339E-9,119.9999973E-3,,,,,714.000009339E-9,23.60000038,
,,,714.400016477E-9,-39.99999911E-3,,,,,714.400016477E-9,79.999998212E-3,,,,,714.400016477E-9,23.20000076,
,,,714.800023616E-9,-39.99999911E-3,,,,,714.800023616E-9,119.9999973E-3,,,,,714.800023616E-9,23.20000076,
,,,715.200030754E-9,-39.99999911E-3,,,,,715.200030754E-9,119.9999973E-3,,,,,715.200030754E-9,23.20000076,
,,,715.600037893E-9,-79.999998212E-3,,,,,715.600037893E-9,119.9999973E-3,,,,,715.600037893E-9,23.60000038,
,,,715.999988188E-9,-39.99999911E-3,,,,,715.999988188E-9,159.99999642E-3,,,,,715.999988188E-9,23.60000038,
,,,716.399995326E-9,-39.99999911E-3,,,,,716.399995326E-9,159.99999642E-3,,,,,716.399995326E-9,23.60000038,
,,,716.800002465E-9,0.0,,,,,716.800002465E-9,159.99999642E-3,,,,,716.800002465E-9,24.00000000,
,,,717.200009603E-9,39.99999911E-3,,,,,717.200009603E-9,199.99998808E-3,,,,,717.200009603E-9,24.00000000,
,,,717.600016742E-9,39.99999911E-3,,,,,717.600016742E-9,199.99998808E-3,,,,,717.600016742E-9,23.60000038,
,,,718.000023880E-9,79.999998212E-3,,,,,718.000023880E-9,199.99998808E-3,,,,,718.000023880E-9,23.20000076,
,,,718.400031019E-9,39.99999911E-3,,,,,718.400031019E-9,199.99998808E-3,,,,,718.400031019E-9,23.20000076,
,,,718.800038157E-9,39.99999911E-3,,,,,718.800038157E-9,199.99998808E-3,,,,,718.800038157E-9,23.20000076,
,,,719.199988453E-9,39.99999911E-3,,,,,719.199988453E-9,199.99998808E-3,,,,,719.199988453E-9,23.20000076,
,,,719.599995591E-9,39.99999911E-3,,,,,719.599995591E-9,199.99998808E-3,,,,,719.599995591E-9,23.60000038,
,,,720.000002730E-9,39.99999911E-3,,,,,720.000002730E-9,199.99998808E-3,,,,,720.000002730E-9,23.60000038,
,,,720.400009868E-9,39.99999911E-3,,,,,720.400009868E-9,199.99998808E-3,,,,,720.400009868E-9,23.60000038,
,,,720.800017007E-9,39.99999911E-3,,,,,720.800017007E-9,199.99998808E-3,,,,,720.800017007E-9,23.60000038,
,,,721.200024145E-9,0.0,,,,,721.200024145E-9,199.99998808E-3,,,,,721.200024145E-9,23.60000038,
,,,721.600031284E-9,0.0,,,,,721.600031284E-9,199.99998808E-3,,,,,721.600031284E-9,23.20000076,
,,,722.000038422E-9,0.0,,,,,722.000038422E-9,199.99998808E-3,,,,,722.000038422E-9,23.20000076,
,,,722.399988717E-9,0.0,,,,,722.399988717E-9,159.99999642E-3,,,,,722.399988717E-9,23.20000076,
,,,722.799995856E-9,0.0,,,,,722.799995856E-9,159.99999642E-3,,,,,722.799995856E-9,23.20000076,
,,,723.200002994E-9,39.99999911E-3,,,,,723.200002994E-9,159.99999642E-3,,,,,723.200002994E-9,23.20000076,
,,,723.600010133E-9,39.99999911E-3,,,,,723.600010133E-9,159.99999642E-3,,,,,723.600010133E-9,23.20000076,
,,,724.000017271E-9,39.99999911E-3,,,,,724.000017271E-9,199.99998808E-3,,,,,724.000017271E-9,23.60000038,
,,,724.400024410E-9,0.0,,,,,724.400024410E-9,159.99999642E-3,,,,,724.400024410E-9,23.20000076,
,,,724.800031549E-9,0.0,,,,,724.800031549E-9,159.99999642E-3,,,,,724.800031549E-9,23.20000076,
,,,725.200038687E-9,0.0,,,,,725.200038687E-9,159.99999642E-3,,,,,725.200038687E-9,23.60000038,
,,,725.599988982E-9,0.0,,,,,725.599988982E-9,159.99999642E-3,,,,,725.599988982E-9,23.20000076,
,,,725.999996121E-9,0.0,,,,,725.999996121E-9,159.99999642E-3,,,,,725.999996121E-9,22.80000114,
,,,726.400003259E-9,-39.99999911E-3,,,,,726.400003259E-9,159.99999642E-3,,,,,726.400003259E-9,22.80000114,
,,,726.800010398E-9,-39.99999911E-3,,,,,726.800010398E-9,159.99999642E-3,,,,,726.800010398E-9,22.80000114,
,,,727.200017536E-9,-39.99999911E-3,,,,,727.200017536E-9,159.99999642E-3,,,,,727.200017536E-9,22.80000114,
,,,727.600024675E-9,-39.99999911E-3,,,,,727.600024675E-9,159.99999642E-3,,,,,727.600024675E-9,23.20000076,
,,,728.000031813E-9,0.0,,,,,728.000031813E-9,159.99999642E-3,,,,,728.000031813E-9,23.20000076,
,,,728.400038952E-9,0.0,,,,,728.400038952E-9,159.99999642E-3,,,,,728.400038952E-9,23.20000076,
,,,728.799989247E-9,0.0,,,,,728.799989247E-9,159.99999642E-3,,,,,728.799989247E-9,22.80000114,
,,,729.199996385E-9,39.99999911E-3,,,,,729.199996385E-9,159.99999642E-3,,,,,729.199996385E-9,22.80000114,
,,,729.600003524E-9,39.99999911E-3,,,,,729.600003524E-9,159.99999642E-3,,,,,729.600003524E-9,22.80000114,
,,,730.000010662E-9,39.99999911E-3,,,,,730.000010662E-9,159.99999642E-3,,,,,730.000010662E-9,22.80000114,
,,,730.400017801E-9,0.0,,,,,730.400017801E-9,159.99999642E-3,,,,,730.400017801E-9,23.20000076,
,,,730.800024940E-9,0.0,,,,,730.800024940E-9,159.99999642E-3,,,,,730.800024940E-9,22.80000114,
,,,731.200032078E-9,0.0,,,,,731.200032078E-9,119.9999973E-3,,,,,731.200032078E-9,22.80000114,
,,,731.599982373E-9,0.0,,,,,731.599982373E-9,119.9999973E-3,,,,,731.599982373E-9,22.80000114,
,,,731.999989512E-9,39.99999911E-3,,,,,731.999989512E-9,119.9999973E-3,,,,,731.999989512E-9,22.80000114,
,,,732.399996650E-9,0.0,,,,,732.399996650E-9,119.9999973E-3,,,,,732.399996650E-9,22.80000114,
,,,732.800003789E-9,0.0,,,,,732.800003789E-9,119.9999973E-3,,,,,732.800003789E-9,22.80000114,
,,,733.200010927E-9,0.0,,,,,733.200010927E-9,159.99999642E-3,,,,,733.200010927E-9,22.80000114,
,,,733.600018066E-9,0.0,,,,,733.600018066E-9,159.99999642E-3,,,,,733.600018066E-9,22.80000114,
,,,734.000025204E-9,0.0,,,,,734.000025204E-9,159.99999642E-3,,,,,734.000025204E-9,22.80000114,
,,,734.400032343E-9,0.0,,,,,734.400032343E-9,159.99999642E-3,,,,,734.400032343E-9,22.80000114,
,,,734.799982638E-9,0.0,,,,,734.799982638E-9,159.99999642E-3,,,,,734.799982638E-9,22.80000114,
,,,735.199989776E-9,0.0,,,,,735.199989776E-9,119.9999973E-3,,,,,735.199989776E-9,22.80000114,
,,,735.599996915E-9,0.0,,,,,735.599996915E-9,119.9999973E-3,,,,,735.599996915E-9,22.80000114,
,,,736.000004053E-9,0.0,,,,,736.000004053E-9,119.9999973E-3,,,,,736.000004053E-9,22.80000114,
,,,736.400011192E-9,0.0,,,,,736.400011192E-9,119.9999973E-3,,,,,736.400011192E-9,22.80000114,
,,,736.800018331E-9,0.0,,,,,736.800018331E-9,119.9999973E-3,,,,,736.800018331E-9,22.80000114,
,,,737.200025469E-9,0.0,,,,,737.200025469E-9,119.9999973E-3,,,,,737.200025469E-9,22.80000114,
,,,737.600032608E-9,0.0,,,,,737.600032608E-9,119.9999973E-3,,,,,737.600032608E-9,22.80000114,
,,,737.999982903E-9,0.0,,,,,737.999982903E-9,119.9999973E-3,,,,,737.999982903E-9,22.80000114,
,,,738.399990041E-9,0.0,,,,,738.399990041E-9,119.9999973E-3,,,,,738.399990041E-9,23.20000076,
,,,738.799997180E-9,0.0,,,,,738.799997180E-9,119.9999973E-3,,,,,738.799997180E-9,23.20000076,
,,,739.200004318E-9,0.0,,,,,739.200004318E-9,119.9999973E-3,,,,,739.200004318E-9,23.20000076,
,,,739.600011457E-9,0.0,,,,,739.600011457E-9,119.9999973E-3,,,,,739.600011457E-9,22.80000114,
,,,740.000018595E-9,0.0,,,,,740.000018595E-9,119.9999973E-3,,,,,740.000018595E-9,22.80000114,
,,,740.400025734E-9,0.0,,,,,740.400025734E-9,119.9999973E-3,,,,,740.400025734E-9,22.80000114,
,,,740.800032872E-9,0.0,,,,,740.800032872E-9,119.9999973E-3,,,,,740.800032872E-9,22.80000114,
,,,741.199983167E-9,0.0,,,,,741.199983167E-9,119.9999973E-3,,,,,741.199983167E-9,22.80000114,
,,,741.599990306E-9,0.0,,,,,741.599990306E-9,119.9999973E-3,,,,,741.599990306E-9,22.80000114,
,,,741.999997445E-9,0.0,,,,,741.999997445E-9,119.9999973E-3,,,,,741.999997445E-9,22.80000114,
,,,742.400004583E-9,-39.99999911E-3,,,,,742.400004583E-9,119.9999973E-3,,,,,742.400004583E-9,22.80000114,
,,,742.800011722E-9,-39.99999911E-3,,,,,742.800011722E-9,119.9999973E-3,,,,,742.800011722E-9,22.80000114,
,,,743.200018860E-9,0.0,,,,,743.200018860E-9,159.99999642E-3,,,,,743.200018860E-9,22.80000114,
,,,743.600025999E-9,39.99999911E-3,,,,,743.600025999E-9,159.99999642E-3,,,,,743.600025999E-9,22.80000114,
,,,744.000033137E-9,79.999998212E-3,,,,,744.000033137E-9,159.99999642E-3,,,,,744.000033137E-9,22.80000114,
,,,744.399983432E-9,79.999998212E-3,,,,,744.399983432E-9,119.9999973E-3,,,,,744.399983432E-9,22.80000114,
,,,744.799990571E-9,79.999998212E-3,,,,,744.799990571E-9,119.9999973E-3,,,,,744.799990571E-9,22.39999962,
,,,745.199997709E-9,39.99999911E-3,,,,,745.199997709E-9,119.9999973E-3,,,,,745.199997709E-9,22.39999962,
,,,745.600004848E-9,0.0,,,,,745.600004848E-9,119.9999973E-3,,,,,745.600004848E-9,22.39999962,
,,,746.000011986E-9,0.0,,,,,746.000011986E-9,119.9999973E-3,,,,,746.000011986E-9,22.80000114,
,,,746.400019125E-9,-39.99999911E-3,,,,,746.400019125E-9,119.9999973E-3,,,,,746.400019125E-9,22.80000114,
,,,746.800026263E-9,-39.99999911E-3,,,,,746.800026263E-9,119.9999973E-3,,,,,746.800026263E-9,22.80000114,
,,,747.200033402E-9,0.0,,,,,747.200033402E-9,79.999998212E-3,,,,,747.200033402E-9,22.80000114,
,,,747.599983697E-9,0.0,,,,,747.599983697E-9,79.999998212E-3,,,,,747.599983697E-9,22.80000114,
,,,747.999990836E-9,39.99999911E-3,,,,,747.999990836E-9,79.999998212E-3,,,,,747.999990836E-9,22.39999962,
,,,748.399997974E-9,0.0,,,,,748.399997974E-9,79.999998212E-3,,,,,748.399997974E-9,22.39999962,
,,,748.800005113E-9,0.0,,,,,748.800005113E-9,79.999998212E-3,,,,,748.800005113E-9,22.39999962,
,,,749.200012251E-9,0.0,,,,,749.200012251E-9,119.9999973E-3,,,,,749.200012251E-9,22.39999962,
,,,749.600019390E-9,0.0,,,,,749.600019390E-9,119.9999973E-3,,,,,749.600019390E-9,22.39999962,
,,,750.000026528E-9,39.99999911E-3,,,,,750.000026528E-9,119.9999973E-3,,,,,750.000026528E-9,22.39999962,
,,,750.400033667E-9,39.99999911E-3,,,,,750.400033667E-9,79.999998212E-3,,,,,750.400033667E-9,22.39999962,
,,,750.799983962E-9,79.999998212E-3,,,,,750.799983962E-9,79.999998212E-3,,,,,750.799983962E-9,22.39999962,
,,,751.199991100E-9,39.99999911E-3,,,,,751.199991100E-9,79.999998212E-3,,,,,751.199991100E-9,22.39999962,
,,,751.599998239E-9,0.0,,,,,751.599998239E-9,79.999998212E-3,,,,,751.599998239E-9,22.39999962,
,,,752.000005377E-9,0.0,,,,,752.000005377E-9,119.9999973E-3,,,,,752.000005377E-9,22.39999962,
,,,752.400012516E-9,-39.99999911E-3,,,,,752.400012516E-9,79.999998212E-3,,,,,752.400012516E-9,22.39999962,
,,,752.800019654E-9,-39.99999911E-3,,,,,752.800019654E-9,79.999998212E-3,,,,,752.800019654E-9,22.39999962,
,,,753.200026793E-9,0.0,,,,,753.200026793E-9,79.999998212E-3,,,,,753.200026793E-9,22.39999962,
,,,753.600033931E-9,0.0,,,,,753.600033931E-9,39.99999911E-3,,,,,753.600033931E-9,22.80000114,
,,,753.999984227E-9,39.99999911E-3,,,,,753.999984227E-9,79.999998212E-3,,,,,753.999984227E-9,22.80000114,
,,,754.399991365E-9,39.99999911E-3,,,,,754.399991365E-9,79.999998212E-3,,,,,754.399991365E-9,22.80000114,
,,,754.799998504E-9,39.99999911E-3,,,,,754.799998504E-9,79.999998212E-3,,,,,754.799998504E-9,22.39999962,
,,,755.200005642E-9,39.99999911E-3,,,,,755.200005642E-9,119.9999973E-3,,,,,755.200005642E-9,22.39999962,
,,,755.600012781E-9,39.99999911E-3,,,,,755.600012781E-9,119.9999973E-3,,,,,755.600012781E-9,22.39999962,
,,,756.000019919E-9,39.99999911E-3,,,,,756.000019919E-9,159.99999642E-3,,,,,756.000019919E-9,22.39999962,
,,,756.400027058E-9,0.0,,,,,756.400027058E-9,119.9999973E-3,,,,,756.400027058E-9,22.39999962,
,,,756.800034196E-9,0.0,,,,,756.800034196E-9,79.999998212E-3,,,,,756.800034196E-9,22.80000114,
,,,757.199984491E-9,0.0,,,,,757.199984491E-9,79.999998212E-3,,,,,757.199984491E-9,22.80000114,
,,,757.599991630E-9,0.0,,,,,757.599991630E-9,79.999998212E-3,,,,,757.599991630E-9,22.80000114,
,,,757.999998768E-9,39.99999911E-3,,,,,757.999998768E-9,119.9999973E-3,,,,,757.999998768E-9,22.80000114,
,,,758.400005907E-9,0.0,,,,,758.400005907E-9,79.999998212E-3,,,,,758.400005907E-9,22.80000114,
,,,758.800013045E-9,0.0,,,,,758.800013045E-9,39.99999911E-3,,,,,758.800013045E-9,22.39999962,
,,,759.200020184E-9,-39.99999911E-3,,,,,759.200020184E-9,0.0,,,,,759.200020184E-9,22.39999962,
,,,759.600027322E-9,-39.99999911E-3,,,,,759.600027322E-9,0.0,,,,,759.600027322E-9,22.39999962,
,,,760.000034461E-9,-39.99999911E-3,,,,,760.000034461E-9,0.0,,,,,760.000034461E-9,22.39999962,
,,,760.399984756E-9,-39.99999911E-3,,,,,760.399984756E-9,0.0,,,,,760.399984756E-9,22.39999962,
,,,760.799991895E-9,-39.99999911E-3,,,,,760.799991895E-9,0.0,,,,,760.799991895E-9,22.80000114,
,,,761.199999033E-9,-39.99999911E-3,,,,,761.199999033E-9,0.0,,,,,761.199999033E-9,22.80000114,
,,,761.600006172E-9,-39.99999911E-3,,,,,761.600006172E-9,0.0,,,,,761.600006172E-9,22.80000114,
,,,762.000013310E-9,-39.99999911E-3,,,,,762.000013310E-9,0.0,,,,,762.000013310E-9,22.80000114,
,,,762.400020449E-9,-39.99999911E-3,,,,,762.400020449E-9,0.0,,,,,762.400020449E-9,22.80000114,
,,,762.800027587E-9,-39.99999911E-3,,,,,762.800027587E-9,0.0,,,,,762.800027587E-9,22.80000114,
,,,763.200034726E-9,-39.99999911E-3,,,,,763.200034726E-9,39.99999911E-3,,,,,763.200034726E-9,22.80000114,
,,,763.599985021E-9,-39.99999911E-3,,,,,763.599985021E-9,39.99999911E-3,,,,,763.599985021E-9,22.39999962,
,,,763.999992159E-9,0.0,,,,,763.999992159E-9,39.99999911E-3,,,,,763.999992159E-9,22.39999962,
,,,764.399999298E-9,0.0,,,,,764.399999298E-9,0.0,,,,,764.399999298E-9,22.39999962,
,,,764.800006436E-9,0.0,,,,,764.800006436E-9,0.0,,,,,764.800006436E-9,22.39999962,
,,,765.200013575E-9,0.0,,,,,765.200013575E-9,0.0,,,,,765.200013575E-9,22.39999962,
,,,765.600020713E-9,0.0,,,,,765.600020713E-9,0.0,,,,,765.600020713E-9,22.39999962,
,,,766.000027852E-9,0.0,,,,,766.000027852E-9,39.99999911E-3,,,,,766.000027852E-9,22.39999962,
,,,766.400034991E-9,0.0,,,,,766.400034991E-9,39.99999911E-3,,,,,766.400034991E-9,22.39999962,
,,,766.799985286E-9,0.0,,,,,766.799985286E-9,39.99999911E-3,,,,,766.799985286E-9,22.80000114,
,,,767.199992424E-9,0.0,,,,,767.199992424E-9,39.99999911E-3,,,,,767.199992424E-9,22.80000114,
,,,767.599999563E-9,0.0,,,,,767.599999563E-9,39.99999911E-3,,,,,767.599999563E-9,22.39999962,
,,,768.000006701E-9,39.99999911E-3,,,,,768.000006701E-9,39.99999911E-3,,,,,768.000006701E-9,22.39999962,
,,,768.400013840E-9,0.0,,,,,768.400013840E-9,39.99999911E-3,,,,,768.400013840E-9,22.39999962,
,,,768.800020978E-9,0.0,,,,,768.800020978E-9,39.99999911E-3,,,,,768.800020978E-9,22.39999962,
,,,769.200028117E-9,0.0,,,,,769.200028117E-9,39.99999911E-3,,,,,769.200028117E-9,22.39999962,
,,,769.600035255E-9,0.0,,,,,769.600035255E-9,39.99999911E-3,,,,,769.600035255E-9,22.39999962,
,,,769.999985550E-9,39.99999911E-3,,,,,769.999985550E-9,79.999998212E-3,,,,,769.999985550E-9,22.39999962,
,,,770.399992689E-9,0.0,,,,,770.399992689E-9,39.99999911E-3,,,,,770.399992689E-9,22.39999962,
,,,770.799999827E-9,0.0,,,,,770.799999827E-9,39.99999911E-3,,,,,770.799999827E-9,22.39999962,
,,,771.200006966E-9,0.0,,,,,771.200006966E-9,39.99999911E-3,,,,,771.200006966E-9,22.39999962,
,,,771.600014104E-9,0.0,,,,,771.600014104E-9,39.99999911E-3,,,,,771.600014104E-9,22.80000114,
,,,772.000021243E-9,0.0,,,,,772.000021243E-9,39.99999911E-3,,,,,772.000021243E-9,22.80000114,
,,,772.400028382E-9,0.0,,,,,772.400028382E-9,0.0,,,,,772.400028382E-9,22.80000114,
,,,772.800035520E-9,0.0,,,,,772.800035520E-9,0.0,,,,,772.800035520E-9,22.39999962,
,,,773.199985815E-9,-39.99999911E-3,,,,,773.199985815E-9,0.0,,,,,773.199985815E-9,22.39999962,
,,,773.599992954E-9,-39.99999911E-3,,,,,773.599992954E-9,0.0,,,,,773.599992954E-9,22.00000000,
,,,774.000000092E-9,-39.99999911E-3,,,,,774.000000092E-9,39.99999911E-3,,,,,774.000000092E-9,22.39999962,
,,,774.400007231E-9,-39.99999911E-3,,,,,774.400007231E-9,39.99999911E-3,,,,,774.400007231E-9,22.39999962,
,,,774.800014369E-9,-39.99999911E-3,,,,,774.800014369E-9,39.99999911E-3,,,,,774.800014369E-9,22.39999962,
,,,775.200021508E-9,0.0,,,,,775.200021508E-9,39.99999911E-3,,,,,775.200021508E-9,22.39999962,
,,,775.600028646E-9,0.0,,,,,775.600028646E-9,39.99999911E-3,,,,,775.600028646E-9,22.39999962,
,,,776.000035785E-9,0.0,,,,,776.000035785E-9,39.99999911E-3,,,,,776.000035785E-9,22.39999962,
,,,776.399986080E-9,0.0,,,,,776.399986080E-9,39.99999911E-3,,,,,776.399986080E-9,22.39999962,
,,,776.799993218E-9,0.0,,,,,776.799993218E-9,39.99999911E-3,,,,,776.799993218E-9,22.80000114,
,,,777.200000357E-9,-39.99999911E-3,,,,,777.200000357E-9,39.99999911E-3,,,,,777.200000357E-9,22.39999962,
,,,777.600007495E-9,-39.99999911E-3,,,,,777.600007495E-9,39.99999911E-3,,,,,777.600007495E-9,22.39999962,
,,,778.000014634E-9,-39.99999911E-3,,,,,778.000014634E-9,39.99999911E-3,,,,,778.000014634E-9,22.39999962,
,,,778.400021773E-9,-39.99999911E-3,,,,,778.400021773E-9,0.0,,,,,778.400021773E-9,22.39999962,
,,,778.800028911E-9,-39.99999911E-3,,,,,778.800028911E-9,0.0,,,,,778.800028911E-9,22.39999962,
,,,779.200036050E-9,0.0,,,,,779.200036050E-9,0.0,,,,,779.200036050E-9,22.39999962,
,,,779.599986345E-9,0.0,,,,,779.599986345E-9,-39.99999911E-3,,,,,779.599986345E-9,22.39999962,
,,,779.999993483E-9,0.0,,,,,779.999993483E-9,0.0,,,,,779.999993483E-9,22.39999962,
,,,780.400000622E-9,0.0,,,,,780.400000622E-9,0.0,,,,,780.400000622E-9,22.39999962,
,,,780.800007760E-9,0.0,,,,,780.800007760E-9,0.0,,,,,780.800007760E-9,22.39999962,
,,,781.200014899E-9,0.0,,,,,781.200014899E-9,39.99999911E-3,,,,,781.200014899E-9,22.39999962,
,,,781.600022037E-9,0.0,,,,,781.600022037E-9,39.99999911E-3,,,,,781.600022037E-9,22.39999962,
,,,782.000029176E-9,0.0,,,,,782.000029176E-9,39.99999911E-3,,,,,782.000029176E-9,22.39999962,
,,,782.400036314E-9,0.0,,,,,782.400036314E-9,39.99999911E-3,,,,,782.400036314E-9,22.39999962,
,,,782.799986609E-9,0.0,,,,,782.799986609E-9,39.99999911E-3,,,,,782.799986609E-9,22.39999962,
,,,783.199993748E-9,0.0,,,,,783.199993748E-9,39.99999911E-3,,,,,783.199993748E-9,22.39999962,
,,,783.600000887E-9,0.0,,,,,783.600000887E-9,39.99999911E-3,,,,,783.600000887E-9,22.39999962,
,,,784.000008025E-9,0.0,,,,,784.000008025E-9,39.99999911E-3,,,,,784.000008025E-9,22.39999962,
,,,784.400015164E-9,0.0,,,,,784.400015164E-9,39.99999911E-3,,,,,784.400015164E-9,22.39999962,
,,,784.800022302E-9,0.0,,,,,784.800022302E-9,39.99999911E-3,,,,,784.800022302E-9,22.39999962,
,,,785.200029441E-9,0.0,,,,,785.200029441E-9,39.99999911E-3,,,,,785.200029441E-9,22.39999962,
,,,785.600036579E-9,0.0,,,,,785.600036579E-9,39.99999911E-3,,,,,785.600036579E-9,22.00000000,
,,,785.999986874E-9,39.99999911E-3,,,,,785.999986874E-9,79.999998212E-3,,,,,785.999986874E-9,22.00000000,
,,,786.399994013E-9,39.99999911E-3,,,,,786.399994013E-9,39.99999911E-3,,,,,786.399994013E-9,22.00000000,
,,,786.800001151E-9,39.99999911E-3,,,,,786.800001151E-9,39.99999911E-3,,,,,786.800001151E-9,22.00000000,
,,,787.200008290E-9,0.0,,,,,787.200008290E-9,0.0,,,,,787.200008290E-9,22.00000000,
,,,787.600015428E-9,0.0,,,,,787.600015428E-9,0.0,,,,,787.600015428E-9,22.39999962,
,,,788.000022567E-9,0.0,,,,,788.000022567E-9,0.0,,,,,788.000022567E-9,22.39999962,
,,,788.400029705E-9,-39.99999911E-3,,,,,788.400029705E-9,0.0,,,,,788.400029705E-9,22.39999962,
,,,788.800036844E-9,-39.99999911E-3,,,,,788.800036844E-9,0.0,,,,,788.800036844E-9,22.39999962,
,,,789.199987139E-9,-39.99999911E-3,,,,,789.199987139E-9,39.99999911E-3,,,,,789.199987139E-9,22.39999962,
,,,789.599994278E-9,-79.999998212E-3,,,,,789.599994278E-9,39.99999911E-3,,,,,789.599994278E-9,22.39999962,
,,,790.000001416E-9,-39.99999911E-3,,,,,790.000001416E-9,79.999998212E-3,,,,,790.000001416E-9,22.39999962,
,,,790.400008555E-9,-39.99999911E-3,,,,,790.400008555E-9,39.99999911E-3,,,,,790.400008555E-9,22.00000000,
,,,790.800015693E-9,-39.99999911E-3,,,,,790.800015693E-9,39.99999911E-3,,,,,790.800015693E-9,22.00000000,
,,,791.200022832E-9,0.0,,,,,791.200022832E-9,39.99999911E-3,,,,,791.200022832E-9,22.39999962,
,,,791.600029970E-9,0.0,,,,,791.600029970E-9,0.0,,,,,791.600029970E-9,22.39999962,
,,,792.000037109E-9,0.0,,,,,792.000037109E-9,39.99999911E-3,,,,,792.000037109E-9,22.39999962,
,,,792.399987404E-9,-39.99999911E-3,,,,,792.399987404E-9,39.99999911E-3,,,,,792.399987404E-9,22.39999962,
,,,792.799994542E-9,-39.99999911E-3,,,,,792.799994542E-9,39.99999911E-3,,,,,792.799994542E-9,22.39999962,
,,,793.200001681E-9,-39.99999911E-3,,,,,793.200001681E-9,79.999998212E-3,,,,,793.200001681E-9,22.39999962,
,,,793.600008819E-9,-39.99999911E-3,,,,,793.600008819E-9,39.99999911E-3,,,,,793.600008819E-9,22.39999962,
,,,794.000015958E-9,0.0,,,,,794.000015958E-9,39.99999911E-3,,,,,794.000015958E-9,22.39999962,
,,,794.400023096E-9,0.0,,,,,794.400023096E-9,0.0,,,,,794.400023096E-9,22.39999962,
,,,794.800030235E-9,0.0,,,,,794.800030235E-9,0.0,,,,,794.800030235E-9,22.00000000,
,,,795.200037373E-9,0.0,,,,,795.200037373E-9,0.0,,,,,795.200037373E-9,22.39999962,
,,,795.599987669E-9,0.0,,,,,795.599987669E-9,0.0,,,,,795.599987669E-9,22.39999962,
,,,795.999994807E-9,0.0,,,,,795.999994807E-9,39.99999911E-3,,,,,795.999994807E-9,22.39999962,
,,,796.400001946E-9,0.0,,,,,796.400001946E-9,0.0,,,,,796.400001946E-9,22.39999962,
,,,796.800009084E-9,0.0,,,,,796.800009084E-9,0.0,,,,,796.800009084E-9,22.39999962,
,,,797.200016223E-9,-39.99999911E-3,,,,,797.200016223E-9,-39.99999911E-3,,,,,797.200016223E-9,22.39999962,
,,,797.600023361E-9,-39.99999911E-3,,,,,797.600023361E-9,-39.99999911E-3,,,,,797.600023361E-9,22.00000000,
,,,798.000030500E-9,-39.99999911E-3,,,,,798.000030500E-9,0.0,,,,,798.000030500E-9,22.00000000,
,,,798.400037638E-9,-79.999998212E-3,,,,,798.400037638E-9,0.0,,,,,798.400037638E-9,22.00000000,
,,,798.799987933E-9,-39.99999911E-3,,,,,798.799987933E-9,39.99999911E-3,,,,,798.799987933E-9,22.00000000,
,,,799.199995072E-9,-39.99999911E-3,,,,,799.199995072E-9,79.999998212E-3,,,,,799.199995072E-9,22.00000000,
,,,799.600002210E-9,-39.99999911E-3,,,,,799.600002210E-9,39.99999911E-3,,,,,799.600002210E-9,22.39999962,
,,,800.000009349E-9,0.0,,,,,800.000009349E-9,39.99999911E-3,,,,,800.000009349E-9,22.39999962,
,,,800.400016487E-9,0.0,,,,,800.400016487E-9,0.0,,,,,800.400016487E-9,22.39999962,
,,,800.800023626E-9,0.0,,,,,800.800023626E-9,0.0,,,,,800.800023626E-9,22.39999962,
,,,801.200030764E-9,0.0,,,,,801.200030764E-9,39.99999911E-3,,,,,801.200030764E-9,22.39999962,
,,,801.600037903E-9,0.0,,,,,801.600037903E-9,79.999998212E-3,,,,,801.600037903E-9,22.39999962,
,,,801.999988198E-9,0.0,,,,,801.999988198E-9,119.9999973E-3,,,,,801.999988198E-9,22.39999962,
,,,802.399995337E-9,0.0,,,,,802.399995337E-9,119.9999973E-3,,,,,802.399995337E-9,22.39999962,
,,,802.800002475E-9,0.0,,,,,802.800002475E-9,119.9999973E-3,,,,,802.800002475E-9,22.39999962,
,,,803.200009614E-9,39.99999911E-3,,,,,803.200009614E-9,79.999998212E-3,,,,,803.200009614E-9,22.00000000,
,,,803.600016752E-9,39.99999911E-3,,,,,803.600016752E-9,79.999998212E-3,,,,,803.600016752E-9,22.00000000,
,,,804.000023891E-9,39.99999911E-3,,,,,804.000023891E-9,79.999998212E-3,,,,,804.000023891E-9,22.00000000,
,,,804.400031029E-9,39.99999911E-3,,,,,804.400031029E-9,79.999998212E-3,,,,,804.400031029E-9,22.00000000,
,,,804.800038168E-9,39.99999911E-3,,,,,804.800038168E-9,79.999998212E-3,,,,,804.800038168E-9,22.00000000,
,,,805.199988463E-9,39.99999911E-3,,,,,805.199988463E-9,79.999998212E-3,,,,,805.199988463E-9,22.00000000,
,,,805.599995601E-9,39.99999911E-3,,,,,805.599995601E-9,79.999998212E-3,,,,,805.599995601E-9,22.00000000,
,,,806.000002740E-9,39.99999911E-3,,,,,806.000002740E-9,79.999998212E-3,,,,,806.000002740E-9,22.00000000,
,,,806.400009878E-9,39.99999911E-3,,,,,806.400009878E-9,79.999998212E-3,,,,,806.400009878E-9,22.00000000,
,,,806.800017017E-9,39.99999911E-3,,,,,806.800017017E-9,79.999998212E-3,,,,,806.800017017E-9,22.00000000,
,,,807.200024155E-9,0.0,,,,,807.200024155E-9,39.99999911E-3,,,,,807.200024155E-9,22.00000000,
,,,807.600031294E-9,0.0,,,,,807.600031294E-9,39.99999911E-3,,,,,807.600031294E-9,22.39999962,
,,,808.000038433E-9,0.0,,,,,808.000038433E-9,39.99999911E-3,,,,,808.000038433E-9,22.39999962,
,,,808.399988728E-9,-39.99999911E-3,,,,,808.399988728E-9,39.99999911E-3,,,,,808.399988728E-9,22.39999962,
,,,808.799995866E-9,-39.99999911E-3,,,,,808.799995866E-9,39.99999911E-3,,,,,808.799995866E-9,22.39999962,
,,,809.200003005E-9,-39.99999911E-3,,,,,809.200003005E-9,39.99999911E-3,,,,,809.200003005E-9,22.39999962,
,,,809.600010143E-9,-39.99999911E-3,,,,,809.600010143E-9,39.99999911E-3,,,,,809.600010143E-9,22.39999962,
,,,810.000017282E-9,0.0,,,,,810.000017282E-9,39.99999911E-3,,,,,810.000017282E-9,22.39999962,
,,,810.400024420E-9,-39.99999911E-3,,,,,810.400024420E-9,39.99999911E-3,,,,,810.400024420E-9,22.39999962,
,,,810.800031559E-9,-39.99999911E-3,,,,,810.800031559E-9,39.99999911E-3,,,,,810.800031559E-9,22.39999962,
,,,811.200038697E-9,-39.99999911E-3,,,,,811.200038697E-9,39.99999911E-3,,,,,811.200038697E-9,22.39999962,
,,,811.599988992E-9,-39.99999911E-3,,,,,811.599988992E-9,39.99999911E-3,,,,,811.599988992E-9,22.39999962,
,,,811.999996131E-9,0.0,,,,,811.999996131E-9,39.99999911E-3,,,,,811.999996131E-9,22.39999962,
,,,812.400003269E-9,0.0,,,,,812.400003269E-9,39.99999911E-3,,,,,812.400003269E-9,22.00000000,
,,,812.800010408E-9,0.0,,,,,812.800010408E-9,39.99999911E-3,,,,,812.800010408E-9,22.00000000,
,,,813.200017546E-9,0.0,,,,,813.200017546E-9,39.99999911E-3,,,,,813.200017546E-9,22.00000000,
,,,813.600024685E-9,0.0,,,,,813.600024685E-9,39.99999911E-3,,,,,813.600024685E-9,22.00000000,
,,,814.000031824E-9,39.99999911E-3,,,,,814.000031824E-9,39.99999911E-3,,,,,814.000031824E-9,22.00000000,
,,,814.400038962E-9,0.0,,,,,814.400038962E-9,39.99999911E-3,,,,,814.400038962E-9,22.00000000,
,,,814.799989257E-9,0.0,,,,,814.799989257E-9,39.99999911E-3,,,,,814.799989257E-9,22.00000000,
,,,815.199996396E-9,0.0,,,,,815.199996396E-9,79.999998212E-3,,,,,815.199996396E-9,22.00000000,
,,,815.600003534E-9,-39.99999911E-3,,,,,815.600003534E-9,79.999998212E-3,,,,,815.600003534E-9,22.00000000,
,,,816.000010673E-9,0.0,,,,,816.000010673E-9,119.9999973E-3,,,,,816.000010673E-9,22.00000000,
,,,816.400017811E-9,0.0,,,,,816.400017811E-9,119.9999973E-3,,,,,816.400017811E-9,22.00000000,
,,,816.800024950E-9,0.0,,,,,816.800024950E-9,119.9999973E-3,,,,,816.800024950E-9,22.00000000,
,,,817.200032088E-9,39.99999911E-3,,,,,817.200032088E-9,119.9999973E-3,,,,,817.200032088E-9,21.60000038,
,,,817.600039227E-9,39.99999911E-3,,,,,817.600039227E-9,119.9999973E-3,,,,,817.600039227E-9,22.00000000,
,,,817.999989522E-9,39.99999911E-3,,,,,817.999989522E-9,119.9999973E-3,,,,,817.999989522E-9,22.00000000,
,,,818.399996660E-9,39.99999911E-3,,,,,818.399996660E-9,79.999998212E-3,,,,,818.399996660E-9,22.00000000,
,,,818.800003799E-9,39.99999911E-3,,,,,818.800003799E-9,79.999998212E-3,,,,,818.800003799E-9,22.00000000,
,,,819.200010937E-9,39.99999911E-3,,,,,819.200010937E-9,79.999998212E-3,,,,,819.200010937E-9,22.00000000,
,,,819.600018076E-9,39.99999911E-3,,,,,819.600018076E-9,79.999998212E-3,,,,,819.600018076E-9,22.39999962,
,,,820.000025215E-9,39.99999911E-3,,,,,820.000025215E-9,79.999998212E-3,,,,,820.000025215E-9,22.39999962,
,,,820.400032353E-9,0.0,,,,,820.400032353E-9,79.999998212E-3,,,,,820.400032353E-9,22.39999962,
,,,820.800039492E-9,0.0,,,,,820.800039492E-9,79.999998212E-3,,,,,820.800039492E-9,22.39999962,
,,,821.199989787E-9,0.0,,,,,821.199989787E-9,79.999998212E-3,,,,,821.199989787E-9,22.39999962,
,,,821.599996925E-9,0.0,,,,,821.599996925E-9,79.999998212E-3,,,,,821.599996925E-9,22.39999962,
,,,822.000004064E-9,0.0,,,,,822.000004064E-9,79.999998212E-3,,,,,822.000004064E-9,22.39999962,
,,,822.400011202E-9,0.0,,,,,822.400011202E-9,39.99999911E-3,,,,,822.400011202E-9,22.39999962,
,,,822.800018341E-9,0.0,,,,,822.800018341E-9,39.99999911E-3,,,,,822.800018341E-9,22.39999962,
,,,823.200025479E-9,-39.99999911E-3,,,,,823.200025479E-9,39.99999911E-3,,,,,823.200025479E-9,22.39999962,
,,,823.600032618E-9,-39.99999911E-3,,,,,823.600032618E-9,39.99999911E-3,,,,,823.600032618E-9,22.39999962,
,,,824.000039756E-9,-39.99999911E-3,,,,,824.000039756E-9,79.999998212E-3,,,,,824.000039756E-9,22.39999962,
,,,824.399990051E-9,-39.99999911E-3,,,,,824.399990051E-9,79.999998212E-3,,,,,824.399990051E-9,22.00000000,
,,,824.799997190E-9,-39.99999911E-3,,,,,824.799997190E-9,79.999998212E-3,,,,,824.799997190E-9,22.00000000,
,,,825.200004329E-9,-39.99999911E-3,,,,,825.200004329E-9,39.99999911E-3,,,,,825.200004329E-9,22.00000000,
,,,825.600011467E-9,-39.99999911E-3,,,,,825.600011467E-9,0.0,,,,,825.600011467E-9,22.39999962,
,,,826.000018606E-9,-39.99999911E-3,,,,,826.000018606E-9,0.0,,,,,826.000018606E-9,22.39999962,
,,,826.400025744E-9,-39.99999911E-3,,,,,826.400025744E-9,-39.99999911E-3,,,,,826.400025744E-9,22.39999962,
,,,826.800032883E-9,-39.99999911E-3,,,,,826.800032883E-9,0.0,,,,,826.800032883E-9,22.39999962,
,,,827.200040021E-9,0.0,,,,,827.200040021E-9,0.0,,,,,827.200040021E-9,22.39999962,
,,,827.599990316E-9,0.0,,,,,827.599990316E-9,0.0,,,,,827.599990316E-9,22.00000000,
,,,827.999997455E-9,0.0,,,,,827.999997455E-9,0.0,,,,,827.999997455E-9,22.00000000,
,,,828.400004593E-9,0.0,,,,,828.400004593E-9,0.0,,,,,828.400004593E-9,22.00000000,
,,,828.800011732E-9,0.0,,,,,828.800011732E-9,0.0,,,,,828.800011732E-9,22.39999962,
,,,829.200018870E-9,0.0,,,,,829.200018870E-9,0.0,,,,,829.200018870E-9,22.39999962,
,,,829.600026009E-9,0.0,,,,,829.600026009E-9,0.0,,,,,829.600026009E-9,22.39999962,
,,,830.000033147E-9,0.0,,,,,830.000033147E-9,39.99999911E-3,,,,,830.000033147E-9,22.39999962,
,,,830.400040286E-9,-39.99999911E-3,,,,,830.400040286E-9,0.0,,,,,830.400040286E-9,22.00000000,
,,,830.799990581E-9,0.0,,,,,830.799990581E-9,0.0,,,,,830.799990581E-9,22.00000000,
,,,831.199997720E-9,0.0,,,,,831.199997720E-9,0.0,,,,,831.199997720E-9,22.00000000,
,,,831.600004858E-9,0.0,,,,,831.600004858E-9,0.0,,,,,831.600004858E-9,22.00000000,
,,,832.000011997E-9,39.99999911E-3,,,,,832.000011997E-9,0.0,,,,,832.000011997E-9,22.00000000,
,,,832.400019135E-9,39.99999911E-3,,,,,832.400019135E-9,0.0,,,,,832.400019135E-9,22.00000000,
,,,832.800026274E-9,39.99999911E-3,,,,,832.800026274E-9,0.0,,,,,832.800026274E-9,22.00000000,
,,,833.200033412E-9,0.0,,,,,833.200033412E-9,0.0,,,,,833.200033412E-9,22.00000000,
,,,833.599983707E-9,0.0,,,,,833.599983707E-9,0.0,,,,,833.599983707E-9,22.00000000,
,,,833.999990846E-9,0.0,,,,,833.999990846E-9,0.0,,,,,833.999990846E-9,22.00000000,
,,,834.399997984E-9,0.0,,,,,834.399997984E-9,0.0,,,,,834.399997984E-9,22.00000000,
,,,834.800005123E-9,0.0,,,,,834.800005123E-9,0.0,,,,,834.800005123E-9,22.00000000,
,,,835.200012261E-9,0.0,,,,,835.200012261E-9,0.0,,,,,835.200012261E-9,22.00000000,
,,,835.600019400E-9,0.0,,,,,835.600019400E-9,0.0,,,,,835.600019400E-9,22.00000000,
,,,836.000026538E-9,0.0,,,,,836.000026538E-9,39.99999911E-3,,,,,836.000026538E-9,22.00000000,
,,,836.400033677E-9,0.0,,,,,836.400033677E-9,39.99999911E-3,,,,,836.400033677E-9,22.00000000,
,,,836.799983972E-9,0.0,,,,,836.799983972E-9,39.99999911E-3,,,,,836.799983972E-9,22.00000000,
,,,837.199991111E-9,0.0,,,,,837.199991111E-9,0.0,,,,,837.199991111E-9,22.00000000,
,,,837.599998249E-9,0.0,,,,,837.599998249E-9,0.0,,,,,837.599998249E-9,22.39999962,
,,,838.000005388E-9,39.99999911E-3,,,,,838.000005388E-9,0.0,,,,,838.000005388E-9,22.39999962,
,,,838.400012526E-9,39.99999911E-3,,,,,838.400012526E-9,-39.99999911E-3,,,,,838.400012526E-9,22.00000000,
,,,838.800019665E-9,39.99999911E-3,,,,,838.800019665E-9,-39.99999911E-3,,,,,838.800019665E-9,22.00000000,
,,,839.200026803E-9,0.0,,,,,839.200026803E-9,-39.99999911E-3,,,,,839.200026803E-9,22.00000000,
,,,839.600033942E-9,0.0,,,,,839.600033942E-9,-39.99999911E-3,,,,,839.600033942E-9,22.39999962,
,,,839.999984237E-9,0.0,,,,,839.999984237E-9,0.0,,,,,839.999984237E-9,22.00000000,
,,,840.399991375E-9,0.0,,,,,840.399991375E-9,0.0,,,,,840.399991375E-9,22.00000000,
,,,840.799998514E-9,0.0,,,,,840.799998514E-9,0.0,,,,,840.799998514E-9,22.00000000,
,,,841.200005652E-9,-39.99999911E-3,,,,,841.200005652E-9,0.0,,,,,841.200005652E-9,22.00000000,
,,,841.600012791E-9,-39.99999911E-3,,,,,841.600012791E-9,0.0,,,,,841.600012791E-9,22.00000000,
,,,842.000019929E-9,-39.99999911E-3,,,,,842.000019929E-9,0.0,,,,,842.000019929E-9,22.00000000,
,,,842.400027068E-9,-79.999998212E-3,,,,,842.400027068E-9,0.0,,,,,842.400027068E-9,22.00000000,
,,,842.800034206E-9,-39.99999911E-3,,,,,842.800034206E-9,0.0,,,,,842.800034206E-9,22.00000000,
,,,843.199984502E-9,-39.99999911E-3,,,,,843.199984502E-9,0.0,,,,,843.199984502E-9,22.00000000,
,,,843.599991640E-9,-39.99999911E-3,,,,,843.599991640E-9,0.0,,,,,843.599991640E-9,21.60000038,
,,,843.999998779E-9,0.0,,,,,843.999998779E-9,0.0,,,,,843.999998779E-9,21.60000038,
,,,844.400005917E-9,0.0,,,,,844.400005917E-9,-39.99999911E-3,,,,,844.400005917E-9,22.00000000,
,,,844.800013056E-9,0.0,,,,,844.800013056E-9,-39.99999911E-3,,,,,844.800013056E-9,22.00000000,
,,,845.200020194E-9,0.0,,,,,845.200020194E-9,-39.99999911E-3,,,,,845.200020194E-9,22.00000000,
,,,845.600027333E-9,0.0,,,,,845.600027333E-9,-39.99999911E-3,,,,,845.600027333E-9,22.00000000,
,,,846.000034471E-9,0.0,,,,,846.000034471E-9,-39.99999911E-3,,,,,846.000034471E-9,22.00000000,
,,,846.399984766E-9,0.0,,,,,846.399984766E-9,-39.99999911E-3,,,,,846.399984766E-9,22.00000000,
,,,846.799991905E-9,0.0,,,,,846.799991905E-9,-39.99999911E-3,,,,,846.799991905E-9,21.60000038,
,,,847.199999043E-9,0.0,,,,,847.199999043E-9,-39.99999911E-3,,,,,847.199999043E-9,22.00000000,
,,,847.600006182E-9,0.0,,,,,847.600006182E-9,-39.99999911E-3,,,,,847.600006182E-9,21.60000038,
,,,848.000013320E-9,0.0,,,,,848.000013320E-9,0.0,,,,,848.000013320E-9,21.60000038,
,,,848.400020459E-9,0.0,,,,,848.400020459E-9,0.0,,,,,848.400020459E-9,22.00000000,
,,,848.800027597E-9,0.0,,,,,848.800027597E-9,0.0,,,,,848.800027597E-9,22.00000000,
,,,849.200034736E-9,0.0,,,,,849.200034736E-9,0.0,,,,,849.200034736E-9,22.00000000,
,,,849.599985031E-9,0.0,,,,,849.599985031E-9,0.0,,,,,849.599985031E-9,22.00000000,
,,,849.999992170E-9,0.0,,,,,849.999992170E-9,0.0,,,,,849.999992170E-9,22.00000000,
,,,850.399999308E-9,0.0,,,,,850.399999308E-9,-39.99999911E-3,,,,,850.399999308E-9,21.60000038,
,,,850.800006447E-9,0.0,,,,,850.800006447E-9,-79.999998212E-3,,,,,850.800006447E-9,21.60000038,
,,,851.200013585E-9,0.0,,,,,851.200013585E-9,-119.9999973E-3,,,,,851.200013585E-9,21.20000076,
,,,851.600020724E-9,0.0,,,,,851.600020724E-9,-119.9999973E-3,,,,,851.600020724E-9,21.60000038,
,,,852.000027862E-9,0.0,,,,,852.000027862E-9,-79.999998212E-3,,,,,852.000027862E-9,21.60000038,
,,,852.400035001E-9,0.0,,,,,852.400035001E-9,-79.999998212E-3,,,,,852.400035001E-9,21.60000038,
,,,852.799985296E-9,0.0,,,,,852.799985296E-9,-39.99999911E-3,,,,,852.799985296E-9,22.00000000,
,,,853.199992434E-9,0.0,,,,,853.199992434E-9,0.0,,,,,853.199992434E-9,21.60000038,
,,,853.599999573E-9,0.0,,,,,853.599999573E-9,0.0,,,,,853.599999573E-9,22.00000000,
,,,854.000006711E-9,0.0,,,,,854.000006711E-9,0.0,,,,,854.000006711E-9,22.00000000,
,,,854.400013850E-9,0.0,,,,,854.400013850E-9,0.0,,,,,854.400013850E-9,21.60000038,
,,,854.800020988E-9,0.0,,,,,854.800020988E-9,0.0,,,,,854.800020988E-9,21.60000038,
,,,855.200028127E-9,0.0,,,,,855.200028127E-9,-39.99999911E-3,,,,,855.200028127E-9,21.60000038,
,,,855.600035266E-9,0.0,,,,,855.600035266E-9,-39.99999911E-3,,,,,855.600035266E-9,21.60000038,
,,,855.999985561E-9,0.0,,,,,855.999985561E-9,-39.99999911E-3,,,,,855.999985561E-9,21.20000076,
,,,856.399992699E-9,-39.99999911E-3,,,,,856.399992699E-9,-39.99999911E-3,,,,,856.399992699E-9,21.20000076,
,,,856.799999838E-9,-39.99999911E-3,,,,,856.799999838E-9,-39.99999911E-3,,,,,856.799999838E-9,21.20000076,
,,,857.200006976E-9,-39.99999911E-3,,,,,857.200006976E-9,0.0,,,,,857.200006976E-9,21.20000076,
,,,857.600014115E-9,-79.999998212E-3,,,,,857.600014115E-9,0.0,,,,,857.600014115E-9,21.60000038,
,,,858.000021253E-9,-39.99999911E-3,,,,,858.000021253E-9,0.0,,,,,858.000021253E-9,21.60000038,
,,,858.400028392E-9,-39.99999911E-3,,,,,858.400028392E-9,-39.99999911E-3,,,,,858.400028392E-9,22.00000000,
,,,858.800035530E-9,-39.99999911E-3,,,,,858.800035530E-9,-79.999998212E-3,,,,,858.800035530E-9,22.00000000,
,,,859.199985825E-9,-39.99999911E-3,,,,,859.199985825E-9,-79.999998212E-3,,,,,859.199985825E-9,22.00000000,
,,,859.599992964E-9,-39.99999911E-3,,,,,859.599992964E-9,-79.999998212E-3,,,,,859.599992964E-9,22.00000000,
,,,860.000000102E-9,-39.99999911E-3,,,,,860.000000102E-9,-39.99999911E-3,,,,,860.000000102E-9,22.00000000,
,,,860.400007241E-9,-79.999998212E-3,,,,,860.400007241E-9,-79.999998212E-3,,,,,860.400007241E-9,22.00000000,
,,,860.800014379E-9,-39.99999911E-3,,,,,860.800014379E-9,-79.999998212E-3,,,,,860.800014379E-9,22.00000000,
,,,861.200021518E-9,-39.99999911E-3,,,,,861.200021518E-9,-79.999998212E-3,,,,,861.200021518E-9,22.00000000,
,,,861.600028657E-9,-39.99999911E-3,,,,,861.600028657E-9,-79.999998212E-3,,,,,861.600028657E-9,22.00000000,
,,,862.000035795E-9,0.0,,,,,862.000035795E-9,-39.99999911E-3,,,,,862.000035795E-9,22.00000000,
,,,862.399986090E-9,-39.99999911E-3,,,,,862.399986090E-9,-39.99999911E-3,,,,,862.399986090E-9,21.60000038,
,,,862.799993229E-9,-39.99999911E-3,,,,,862.799993229E-9,0.0,,,,,862.799993229E-9,21.60000038,
,,,863.200000367E-9,-39.99999911E-3,,,,,863.200000367E-9,-39.99999911E-3,,,,,863.200000367E-9,21.60000038,
,,,863.600007506E-9,-39.99999911E-3,,,,,863.600007506E-9,-39.99999911E-3,,,,,863.600007506E-9,21.60000038,
,,,864.000014644E-9,0.0,,,,,864.000014644E-9,-39.99999911E-3,,,,,864.000014644E-9,21.60000038,
,,,864.400021783E-9,0.0,,,,,864.400021783E-9,-39.99999911E-3,,,,,864.400021783E-9,21.60000038,
,,,864.800028921E-9,0.0,,,,,864.800028921E-9,-39.99999911E-3,,,,,864.800028921E-9,21.60000038,
,,,865.200036060E-9,0.0,,,,,865.200036060E-9,-39.99999911E-3,,,,,865.200036060E-9,21.60000038,
,,,865.599986355E-9,0.0,,,,,865.599986355E-9,-39.99999911E-3,,,,,865.599986355E-9,21.60000038,
,,,865.999993493E-9,0.0,,,,,865.999993493E-9,-39.99999911E-3,,,,,865.999993493E-9,21.60000038,
,,,866.400000632E-9,0.0,,,,,866.400000632E-9,-39.99999911E-3,,,,,866.400000632E-9,21.60000038,
,,,866.800007771E-9,0.0,,,,,866.800007771E-9,-39.99999911E-3,,,,,866.800007771E-9,21.60000038,
,,,867.200014909E-9,0.0,,,,,867.200014909E-9,0.0,,,,,867.200014909E-9,21.60000038,
,,,867.600022048E-9,0.0,,,,,867.600022048E-9,0.0,,,,,867.600022048E-9,21.60000038,
,,,868.000029186E-9,0.0,,,,,868.000029186E-9,0.0,,,,,868.000029186E-9,21.60000038,
,,,868.400036325E-9,0.0,,,,,868.400036325E-9,0.0,,,,,868.400036325E-9,21.20000076,
,,,868.799986620E-9,0.0,,,,,868.799986620E-9,0.0,,,,,868.799986620E-9,21.20000076,
,,,869.199993758E-9,0.0,,,,,869.199993758E-9,0.0,,,,,869.199993758E-9,21.20000076,
,,,869.600000897E-9,0.0,,,,,869.600000897E-9,0.0,,,,,869.600000897E-9,21.60000038,
,,,870.000008035E-9,0.0,,,,,870.000008035E-9,0.0,,,,,870.000008035E-9,21.60000038,
,,,870.400015174E-9,0.0,,,,,870.400015174E-9,0.0,,,,,870.400015174E-9,21.60000038,
,,,870.800022312E-9,0.0,,,,,870.800022312E-9,0.0,,,,,870.800022312E-9,21.60000038,
,,,871.200029451E-9,-39.99999911E-3,,,,,871.200029451E-9,0.0,,,,,871.200029451E-9,21.60000038,
,,,871.600036589E-9,-39.99999911E-3,,,,,871.600036589E-9,0.0,,,,,871.600036589E-9,21.20000076,
,,,871.999986884E-9,-39.99999911E-3,,,,,871.999986884E-9,0.0,,,,,871.999986884E-9,21.20000076,
,,,872.399994023E-9,-39.99999911E-3,,,,,872.399994023E-9,0.0,,,,,872.399994023E-9,21.60000038,
,,,872.800001162E-9,-39.99999911E-3,,,,,872.800001162E-9,0.0,,,,,872.800001162E-9,21.20000076,
,,,873.200008300E-9,-39.99999911E-3,,,,,873.200008300E-9,0.0,,,,,873.200008300E-9,21.20000076,
,,,873.600015439E-9,-39.99999911E-3,,,,,873.600015439E-9,0.0,,,,,873.600015439E-9,21.20000076,
,,,874.000022577E-9,-39.99999911E-3,,,,,874.000022577E-9,0.0,,,,,874.000022577E-9,21.20000076,
,,,874.400029716E-9,-79.999998212E-3,,,,,874.400029716E-9,0.0,,,,,874.400029716E-9,21.60000038,
,,,874.800036854E-9,-79.999998212E-3,,,,,874.800036854E-9,0.0,,,,,874.800036854E-9,21.20000076,
,,,875.199987149E-9,-79.999998212E-3,,,,,875.199987149E-9,0.0,,,,,875.199987149E-9,21.20000076,
,,,875.599994288E-9,-79.999998212E-3,,,,,875.599994288E-9,0.0,,,,,875.599994288E-9,21.20000076,
,,,876.000001426E-9,-39.99999911E-3,,,,,876.000001426E-9,0.0,,,,,876.000001426E-9,21.20000076,
,,,876.400008565E-9,-39.99999911E-3,,,,,876.400008565E-9,0.0,,,,,876.400008565E-9,21.20000076,
,,,876.800015703E-9,-39.99999911E-3,,,,,876.800015703E-9,0.0,,,,,876.800015703E-9,20.80000114,
,,,877.200022842E-9,0.0,,,,,877.200022842E-9,-39.99999911E-3,,,,,877.200022842E-9,21.20000076,
,,,877.600029980E-9,0.0,,,,,877.600029980E-9,-39.99999911E-3,,,,,877.600029980E-9,20.80000114,
,,,878.000037119E-9,0.0,,,,,878.000037119E-9,-39.99999911E-3,,,,,878.000037119E-9,20.80000114,
,,,878.399987414E-9,0.0,,,,,878.399987414E-9,-79.999998212E-3,,,,,878.399987414E-9,21.20000076,
,,,878.799994553E-9,0.0,,,,,878.799994553E-9,-39.99999911E-3,,,,,878.799994553E-9,20.80000114,
,,,879.200001691E-9,0.0,,,,,879.200001691E-9,-39.99999911E-3,,,,,879.200001691E-9,20.80000114,
,,,879.600008830E-9,0.0,,,,,879.600008830E-9,-39.99999911E-3,,,,,879.600008830E-9,20.80000114,
,,,880.000015968E-9,0.0,,,,,880.000015968E-9,0.0,,,,,880.000015968E-9,20.80000114,
,,,880.400023107E-9,-39.99999911E-3,,,,,880.400023107E-9,0.0,,,,,880.400023107E-9,21.20000076,
,,,880.800030245E-9,-39.99999911E-3,,,,,880.800030245E-9,0.0,,,,,880.800030245E-9,21.20000076,
,,,881.200037384E-9,-39.99999911E-3,,,,,881.200037384E-9,0.0,,,,,881.200037384E-9,21.20000076,
,,,881.599987679E-9,-39.99999911E-3,,,,,881.599987679E-9,0.0,,,,,881.599987679E-9,20.80000114,
,,,881.999994817E-9,0.0,,,,,881.999994817E-9,39.99999911E-3,,,,,881.999994817E-9,20.80000114,
,,,882.400001956E-9,0.0,,,,,882.400001956E-9,39.99999911E-3,,,,,882.400001956E-9,20.39999962,
,,,882.800009094E-9,0.0,,,,,882.800009094E-9,39.99999911E-3,,,,,882.800009094E-9,20.39999962,
,,,883.200016233E-9,-39.99999911E-3,,,,,883.200016233E-9,0.0,,,,,883.200016233E-9,20.39999962,
,,,883.600023371E-9,-39.99999911E-3,,,,,883.600023371E-9,0.0,,,,,883.600023371E-9,20.80000114,
,,,884.000030510E-9,-39.99999911E-3,,,,,884.000030510E-9,0.0,,,,,884.000030510E-9,20.80000114,
,,,884.400037648E-9,-39.99999911E-3,,,,,884.400037648E-9,0.0,,,,,884.400037648E-9,20.80000114,
,,,884.799987944E-9,-39.99999911E-3,,,,,884.799987944E-9,0.0,,,,,884.799987944E-9,20.80000114,
,,,885.199995082E-9,0.0,,,,,885.199995082E-9,39.99999911E-3,,,,,885.199995082E-9,20.80000114,
,,,885.600002221E-9,0.0,,,,,885.600002221E-9,39.99999911E-3,,,,,885.600002221E-9,20.80000114,
,,,886.000009359E-9,0.0,,,,,886.000009359E-9,39.99999911E-3,,,,,886.000009359E-9,20.80000114,
,,,886.400016498E-9,0.0,,,,,886.400016498E-9,39.99999911E-3,,,,,886.400016498E-9,20.80000114,
,,,886.800023636E-9,0.0,,,,,886.800023636E-9,39.99999911E-3,,,,,886.800023636E-9,20.80000114,
,,,887.200030775E-9,0.0,,,,,887.200030775E-9,39.99999911E-3,,,,,887.200030775E-9,20.80000114,
,,,887.600037913E-9,0.0,,,,,887.600037913E-9,39.99999911E-3,,,,,887.600037913E-9,21.20000076,
,,,887.999988208E-9,0.0,,,,,887.999988208E-9,39.99999911E-3,,,,,887.999988208E-9,21.20000076,
,,,888.399995347E-9,0.0,,,,,888.399995347E-9,39.99999911E-3,,,,,888.399995347E-9,20.80000114,
,,,888.800002485E-9,0.0,,,,,888.800002485E-9,39.99999911E-3,,,,,888.800002485E-9,20.80000114,
,,,889.200009624E-9,-39.99999911E-3,,,,,889.200009624E-9,39.99999911E-3,,,,,889.200009624E-9,20.39999962,
,,,889.600016762E-9,-39.99999911E-3,,,,,889.600016762E-9,39.99999911E-3,,,,,889.600016762E-9,20.80000114,
,,,890.000023901E-9,-39.99999911E-3,,,,,890.000023901E-9,39.99999911E-3,,,,,890.000023901E-9,20.80000114,
,,,890.400031039E-9,-39.99999911E-3,,,,,890.400031039E-9,0.0,,,,,890.400031039E-9,20.80000114,
,,,890.800038178E-9,-39.99999911E-3,,,,,890.800038178E-9,0.0,,,,,890.800038178E-9,20.80000114,
,,,891.199988473E-9,-39.99999911E-3,,,,,891.199988473E-9,0.0,,,,,891.199988473E-9,20.80000114,
,,,891.599995612E-9,-39.99999911E-3,,,,,891.599995612E-9,0.0,,,,,891.599995612E-9,20.80000114,
,,,892.000002750E-9,-39.99999911E-3,,,,,892.000002750E-9,39.99999911E-3,,,,,892.000002750E-9,20.80000114,
,,,892.400009889E-9,-39.99999911E-3,,,,,892.400009889E-9,0.0,,,,,892.400009889E-9,20.80000114,
,,,892.800017027E-9,-39.99999911E-3,,,,,892.800017027E-9,0.0,,,,,892.800017027E-9,20.80000114,
,,,893.200024166E-9,0.0,,,,,893.200024166E-9,-39.99999911E-3,,,,,893.200024166E-9,20.80000114,
,,,893.600031304E-9,0.0,,,,,893.600031304E-9,-39.99999911E-3,,,,,893.600031304E-9,20.39999962,
,,,894.000038443E-9,0.0,,,,,894.000038443E-9,-39.99999911E-3,,,,,894.000038443E-9,20.39999962,
,,,894.399988738E-9,-39.99999911E-3,,,,,894.399988738E-9,-39.99999911E-3,,,,,894.399988738E-9,20.39999962,
,,,894.799995876E-9,-79.999998212E-3,,,,,894.799995876E-9,0.0,,,,,894.799995876E-9,20.39999962,
,,,895.200003015E-9,-119.9999973E-3,,,,,895.200003015E-9,39.99999911E-3,,,,,895.200003015E-9,20.39999962,
,,,895.600010153E-9,-119.9999973E-3,,,,,895.600010153E-9,39.99999911E-3,,,,,895.600010153E-9,20.39999962,
,,,896.000017292E-9,-79.999998212E-3,,,,,896.000017292E-9,39.99999911E-3,,,,,896.000017292E-9,20.39999962,
,,,896.400024430E-9,-79.999998212E-3,,,,,896.400024430E-9,0.0,,,,,896.400024430E-9,20.39999962,
,,,896.800031569E-9,-79.999998212E-3,,,,,896.800031569E-9,0.0,,,,,896.800031569E-9,20.39999962,
,,,897.200038708E-9,-39.99999911E-3,,,,,897.200038708E-9,0.0,,,,,897.200038708E-9,20.39999962,
,,,897.599989003E-9,-39.99999911E-3,,,,,897.599989003E-9,-39.99999911E-3,,,,,897.599989003E-9,20.39999962,
,,,897.999996141E-9,0.0,,,,,897.999996141E-9,0.0,,,,,897.999996141E-9,20.39999962,
,,,898.400003280E-9,0.0,,,,,898.400003280E-9,0.0,,,,,898.400003280E-9,20.39999962,
,,,898.800010418E-9,0.0,,,,,898.800010418E-9,0.0,,,,,898.800010418E-9,20.39999962,
,,,899.200017557E-9,0.0,,,,,899.200017557E-9,39.99999911E-3,,,,,899.200017557E-9,20.39999962,
,,,899.600024695E-9,0.0,,,,,899.600024695E-9,39.99999911E-3,,,,,899.600024695E-9,20.39999962,
,,,900.000031834E-9,0.0,,,,,900.000031834E-9,39.99999911E-3,,,,,900.000031834E-9,20.39999962,
,,,900.400038972E-9,0.0,,,,,900.400038972E-9,39.99999911E-3,,,,,900.400038972E-9,20.39999962,
,,,900.799989267E-9,0.0,,,,,900.799989267E-9,39.99999911E-3,,,,,900.799989267E-9,20.0000000,
,,,901.199996406E-9,0.0,,,,,901.199996406E-9,39.99999911E-3,,,,,901.199996406E-9,20.39999962,
,,,901.600003544E-9,0.0,,,,,901.600003544E-9,39.99999911E-3,,,,,901.600003544E-9,20.39999962,
,,,902.000010683E-9,0.0,,,,,902.000010683E-9,39.99999911E-3,,,,,902.000010683E-9,20.39999962,
,,,902.400017821E-9,0.0,,,,,902.400017821E-9,0.0,,,,,902.400017821E-9,20.39999962,
,,,902.800024960E-9,0.0,,,,,902.800024960E-9,0.0,,,,,902.800024960E-9,20.39999962,
,,,903.200032099E-9,-39.99999911E-3,,,,,903.200032099E-9,0.0,,,,,903.200032099E-9,20.39999962,
,,,903.600039237E-9,-39.99999911E-3,,,,,903.600039237E-9,-39.99999911E-3,,,,,903.600039237E-9,20.0000000,
,,,903.999989532E-9,-39.99999911E-3,,,,,903.999989532E-9,0.0,,,,,903.999989532E-9,20.0000000,
,,,904.399996671E-9,-39.99999911E-3,,,,,904.399996671E-9,0.0,,,,,904.399996671E-9,20.0000000,
,,,904.800003809E-9,-39.99999911E-3,,,,,904.800003809E-9,0.0,,,,,904.800003809E-9,20.0000000,
,,,905.200010948E-9,0.0,,,,,905.200010948E-9,39.99999911E-3,,,,,905.200010948E-9,20.0000000,
,,,905.600018086E-9,0.0,,,,,905.600018086E-9,39.99999911E-3,,,,,905.600018086E-9,20.0000000,
,,,906.000025225E-9,0.0,,,,,906.000025225E-9,39.99999911E-3,,,,,906.000025225E-9,20.0000000,
,,,906.400032363E-9,0.0,,,,,906.400032363E-9,0.0,,,,,906.400032363E-9,20.0000000,
,,,906.800039502E-9,0.0,,,,,906.800039502E-9,0.0,,,,,906.800039502E-9,20.39999962,
,,,907.199989797E-9,0.0,,,,,907.199989797E-9,-39.99999911E-3,,,,,907.199989797E-9,20.39999962,
,,,907.599996935E-9,0.0,,,,,907.599996935E-9,-39.99999911E-3,,,,,907.599996935E-9,20.39999962,
,,,908.000004074E-9,0.0,,,,,908.000004074E-9,-39.99999911E-3,,,,,908.000004074E-9,20.39999962,
,,,908.400011213E-9,-39.99999911E-3,,,,,908.400011213E-9,-39.99999911E-3,,,,,908.400011213E-9,20.39999962,
,,,908.800018351E-9,-79.999998212E-3,,,,,908.800018351E-9,-39.99999911E-3,,,,,908.800018351E-9,20.0000000,
,,,909.200025490E-9,-79.999998212E-3,,,,,909.200025490E-9,-39.99999911E-3,,,,,909.200025490E-9,20.0000000,
,,,909.600032628E-9,-79.999998212E-3,,,,,909.600032628E-9,-39.99999911E-3,,,,,909.600032628E-9,20.39999962,
,,,910.000039767E-9,-39.99999911E-3,,,,,910.000039767E-9,-39.99999911E-3,,,,,910.000039767E-9,20.39999962,
,,,910.399990062E-9,-39.99999911E-3,,,,,910.399990062E-9,-39.99999911E-3,,,,,910.399990062E-9,20.39999962,
,,,910.799997200E-9,-39.99999911E-3,,,,,910.799997200E-9,-39.99999911E-3,,,,,910.799997200E-9,20.39999962,
,,,911.200004339E-9,-39.99999911E-3,,,,,911.200004339E-9,-39.99999911E-3,,,,,911.200004339E-9,20.39999962,
,,,911.600011477E-9,-39.99999911E-3,,,,,911.600011477E-9,-39.99999911E-3,,,,,911.600011477E-9,20.39999962,
,,,912.000018616E-9,-39.99999911E-3,,,,,912.000018616E-9,-39.99999911E-3,,,,,912.000018616E-9,20.39999962,
,,,912.400025754E-9,-39.99999911E-3,,,,,912.400025754E-9,-39.99999911E-3,,,,,912.400025754E-9,20.0000000,
,,,912.800032893E-9,-39.99999911E-3,,,,,912.800032893E-9,-39.99999911E-3,,,,,912.800032893E-9,20.0000000,
,,,913.200040031E-9,-39.99999911E-3,,,,,913.200040031E-9,0.0,,,,,913.200040031E-9,20.0000000,
,,,913.599990326E-9,-39.99999911E-3,,,,,913.599990326E-9,0.0,,,,,913.599990326E-9,20.0000000,
,,,913.999997465E-9,0.0,,,,,913.999997465E-9,39.99999911E-3,,,,,913.999997465E-9,20.0000000,
,,,914.400004604E-9,0.0,,,,,914.400004604E-9,0.0,,,,,914.400004604E-9,20.0000000,
,,,914.800011742E-9,0.0,,,,,914.800011742E-9,0.0,,,,,914.800011742E-9,20.0000000,
,,,915.200018881E-9,0.0,,,,,915.200018881E-9,0.0,,,,,915.200018881E-9,19.6000004,
,,,915.600026019E-9,0.0,,,,,915.600026019E-9,-39.99999911E-3,,,,,915.600026019E-9,20.0000000,
,,,916.000033158E-9,39.99999911E-3,,,,,916.000033158E-9,0.0,,,,,916.000033158E-9,20.0000000,
,,,916.400040296E-9,39.99999911E-3,,,,,916.400040296E-9,0.0,,,,,916.400040296E-9,20.0000000,
,,,916.799990591E-9,79.999998212E-3,,,,,916.799990591E-9,0.0,,,,,916.799990591E-9,20.0000000,
,,,917.199997730E-9,79.999998212E-3,,,,,917.199997730E-9,39.99999911E-3,,,,,917.199997730E-9,20.0000000,
,,,917.600004868E-9,39.99999911E-3,,,,,917.600004868E-9,0.0,,,,,917.600004868E-9,20.39999962,
,,,918.000012007E-9,39.99999911E-3,,,,,918.000012007E-9,0.0,,,,,918.000012007E-9,20.39999962,
,,,918.400019145E-9,0.0,,,,,918.400019145E-9,-39.99999911E-3,,,,,918.400019145E-9,20.39999962,
,,,918.800026284E-9,0.0,,,,,918.800026284E-9,-39.99999911E-3,,,,,918.800026284E-9,20.39999962,
,,,919.200033422E-9,0.0,,,,,919.200033422E-9,-39.99999911E-3,,,,,919.200033422E-9,20.39999962,
,,,919.600040561E-9,0.0,,,,,919.600040561E-9,-39.99999911E-3,,,,,919.600040561E-9,20.0000000,
,,,919.999990856E-9,0.0,,,,,919.999990856E-9,0.0,,,,,919.999990856E-9,20.0000000,
,,,920.399997995E-9,0.0,,,,,920.399997995E-9,0.0,,,,,920.399997995E-9,20.0000000,
,,,920.800005133E-9,0.0,,,,,920.800005133E-9,39.99999911E-3,,,,,920.800005133E-9,20.39999962,
,,,921.200012272E-9,0.0,,,,,921.200012272E-9,0.0,,,,,921.200012272E-9,20.39999962,
,,,921.600019410E-9,0.0,,,,,921.600019410E-9,0.0,,,,,921.600019410E-9,20.39999962,
,,,922.000026549E-9,0.0,,,,,922.000026549E-9,0.0,,,,,922.000026549E-9,20.39999962,
,,,922.400033687E-9,-39.99999911E-3,,,,,922.400033687E-9,0.0,,,,,922.400033687E-9,20.0000000,
,,,922.800040826E-9,-39.99999911E-3,,,,,922.800040826E-9,39.99999911E-3,,,,,922.800040826E-9,20.0000000,
,,,923.199991121E-9,-39.99999911E-3,,,,,923.199991121E-9,0.0,,,,,923.199991121E-9,20.0000000,
,,,923.599998259E-9,-39.99999911E-3,,,,,923.599998259E-9,0.0,,,,,923.599998259E-9,20.0000000,
,,,924.000005398E-9,0.0,,,,,924.000005398E-9,-39.99999911E-3,,,,,924.000005398E-9,20.0000000,
,,,924.400012536E-9,-39.99999911E-3,,,,,924.400012536E-9,-79.999998212E-3,,,,,924.400012536E-9,20.0000000,
,,,924.800019675E-9,-39.99999911E-3,,,,,924.800019675E-9,-79.999998212E-3,,,,,924.800019675E-9,20.0000000,
,,,925.200026813E-9,-39.99999911E-3,,,,,925.200026813E-9,-79.999998212E-3,,,,,925.200026813E-9,20.0000000,
,,,925.600033952E-9,-79.999998212E-3,,,,,925.600033952E-9,-79.999998212E-3,,,,,925.600033952E-9,20.0000000,
,,,926.000041090E-9,-39.99999911E-3,,,,,926.000041090E-9,-39.99999911E-3,,,,,926.000041090E-9,20.0000000,
,,,926.399991386E-9,-39.99999911E-3,,,,,926.399991386E-9,-39.99999911E-3,,,,,926.399991386E-9,20.39999962,
,,,926.799998524E-9,-39.99999911E-3,,,,,926.799998524E-9,-39.99999911E-3,,,,,926.799998524E-9,20.0000000,
,,,927.200005663E-9,0.0,,,,,927.200005663E-9,-39.99999911E-3,,,,,927.200005663E-9,20.0000000,
,,,927.600012801E-9,0.0,,,,,927.600012801E-9,-39.99999911E-3,,,,,927.600012801E-9,20.0000000,
,,,928.000019940E-9,0.0,,,,,928.000019940E-9,-39.99999911E-3,,,,,928.000019940E-9,19.6000004,
,,,928.400027078E-9,0.0,,,,,928.400027078E-9,-39.99999911E-3,,,,,928.400027078E-9,20.0000000,
,,,928.800034217E-9,0.0,,,,,928.800034217E-9,-39.99999911E-3,,,,,928.800034217E-9,20.0000000,
,,,929.200041355E-9,0.0,,,,,929.200041355E-9,-39.99999911E-3,,,,,929.200041355E-9,20.0000000,
,,,929.599991650E-9,0.0,,,,,929.599991650E-9,-39.99999911E-3,,,,,929.599991650E-9,20.0000000,
,,,929.999998789E-9,0.0,,,,,929.999998789E-9,-39.99999911E-3,,,,,929.999998789E-9,20.0000000,
,,,930.400005927E-9,0.0,,,,,930.400005927E-9,-79.999998212E-3,,,,,930.400005927E-9,20.0000000,
,,,930.800013066E-9,0.0,,,,,930.800013066E-9,-39.99999911E-3,,,,,930.800013066E-9,20.0000000,
,,,931.200020204E-9,0.0,,,,,931.200020204E-9,-39.99999911E-3,,,,,931.200020204E-9,20.0000000,
,,,931.600027343E-9,0.0,,,,,931.600027343E-9,-39.99999911E-3,,,,,931.600027343E-9,20.0000000,
,,,932.000034481E-9,39.99999911E-3,,,,,932.000034481E-9,0.0,,,,,932.000034481E-9,20.0000000,
,,,932.400041620E-9,0.0,,,,,932.400041620E-9,-39.99999911E-3,,,,,932.400041620E-9,20.0000000,
,,,932.799991915E-9,0.0,,,,,932.799991915E-9,-39.99999911E-3,,,,,932.799991915E-9,20.0000000,
,,,933.199999054E-9,-39.99999911E-3,,,,,933.199999054E-9,-39.99999911E-3,,,,,933.199999054E-9,20.0000000,
,,,933.600006192E-9,-39.99999911E-3,,,,,933.600006192E-9,-79.999998212E-3,,,,,933.600006192E-9,20.0000000,
,,,934.000013331E-9,-39.99999911E-3,,,,,934.000013331E-9,-39.99999911E-3,,,,,934.000013331E-9,20.0000000,
,,,934.400020469E-9,-39.99999911E-3,,,,,934.400020469E-9,-39.99999911E-3,,,,,934.400020469E-9,20.0000000,
,,,934.800027608E-9,-39.99999911E-3,,,,,934.800027608E-9,-39.99999911E-3,,,,,934.800027608E-9,20.0000000,
,,,935.200034746E-9,0.0,,,,,935.200034746E-9,-39.99999911E-3,,,,,935.200034746E-9,20.0000000,
,,,935.599985041E-9,0.0,,,,,935.599985041E-9,-39.99999911E-3,,,,,935.599985041E-9,20.0000000,
,,,935.999992180E-9,0.0,,,,,935.999992180E-9,-39.99999911E-3,,,,,935.999992180E-9,20.0000000,
,,,936.399999318E-9,0.0,,,,,936.399999318E-9,-39.99999911E-3,,,,,936.399999318E-9,20.0000000,
,,,936.800006457E-9,0.0,,,,,936.800006457E-9,-39.99999911E-3,,,,,936.800006457E-9,20.0000000,
,,,937.200013595E-9,0.0,,,,,937.200013595E-9,-39.99999911E-3,,,,,937.200013595E-9,20.0000000,
,,,937.600020734E-9,0.0,,,,,937.600020734E-9,-39.99999911E-3,,,,,937.600020734E-9,20.0000000,
,,,938.000027872E-9,0.0,,,,,938.000027872E-9,-39.99999911E-3,,,,,938.000027872E-9,20.0000000,
,,,938.400035011E-9,0.0,,,,,938.400035011E-9,-39.99999911E-3,,,,,938.400035011E-9,20.0000000,
,,,938.799985306E-9,0.0,,,,,938.799985306E-9,-39.99999911E-3,,,,,938.799985306E-9,20.0000000,
,,,939.199992445E-9,0.0,,,,,939.199992445E-9,-39.99999911E-3,,,,,939.199992445E-9,20.0000000,
,,,939.599999583E-9,0.0,,,,,939.599999583E-9,-39.99999911E-3,,,,,939.599999583E-9,20.0000000,
,,,940.000006722E-9,0.0,,,,,940.000006722E-9,-39.99999911E-3,,,,,940.000006722E-9,20.0000000,
,,,940.400013860E-9,0.0,,,,,940.400013860E-9,-79.999998212E-3,,,,,940.400013860E-9,20.0000000,
,,,940.800020999E-9,0.0,,,,,940.800020999E-9,-79.999998212E-3,,,,,940.800020999E-9,20.0000000,
,,,941.200028137E-9,0.0,,,,,941.200028137E-9,-79.999998212E-3,,,,,941.200028137E-9,20.0000000,
,,,941.600035276E-9,0.0,,,,,941.600035276E-9,-119.9999973E-3,,,,,941.600035276E-9,20.0000000,
,,,941.999985571E-9,0.0,,,,,941.999985571E-9,-79.999998212E-3,,,,,941.999985571E-9,20.0000000,
,,,942.399992709E-9,0.0,,,,,942.399992709E-9,-79.999998212E-3,,,,,942.399992709E-9,20.0000000,
,,,942.799999848E-9,0.0,,,,,942.799999848E-9,-79.999998212E-3,,,,,942.799999848E-9,20.0000000,
,,,943.200006986E-9,-39.99999911E-3,,,,,943.200006986E-9,-79.999998212E-3,,,,,943.200006986E-9,20.0000000,
,,,943.600014125E-9,-39.99999911E-3,,,,,943.600014125E-9,-79.999998212E-3,,,,,943.600014125E-9,20.0000000,
,,,944.000021263E-9,-39.99999911E-3,,,,,944.000021263E-9,-79.999998212E-3,,,,,944.000021263E-9,20.0000000,
,,,944.400028402E-9,-39.99999911E-3,,,,,944.400028402E-9,-79.999998212E-3,,,,,944.400028402E-9,20.0000000,
,,,944.800035541E-9,-39.99999911E-3,,,,,944.800035541E-9,-79.999998212E-3,,,,,944.800035541E-9,20.39999962,
,,,945.199985836E-9,-39.99999911E-3,,,,,945.199985836E-9,-79.999998212E-3,,,,,945.199985836E-9,20.39999962,
,,,945.599992974E-9,-39.99999911E-3,,,,,945.599992974E-9,-79.999998212E-3,,,,,945.599992974E-9,20.39999962,
,,,946.000000113E-9,-39.99999911E-3,,,,,946.000000113E-9,-79.999998212E-3,,,,,946.000000113E-9,20.39999962,
,,,946.400007251E-9,-39.99999911E-3,,,,,946.400007251E-9,-119.9999973E-3,,,,,946.400007251E-9,20.39999962,
,,,946.800014390E-9,-39.99999911E-3,,,,,946.800014390E-9,-79.999998212E-3,,,,,946.800014390E-9,20.39999962,
,,,947.200021528E-9,0.0,,,,,947.200021528E-9,-79.999998212E-3,,,,,947.200021528E-9,20.0000000,
,,,947.600028667E-9,0.0,,,,,947.600028667E-9,-79.999998212E-3,,,,,947.600028667E-9,20.0000000,
,,,948.000035805E-9,0.0,,,,,948.000035805E-9,-39.99999911E-3,,,,,948.000035805E-9,20.0000000,
,,,948.399986100E-9,0.0,,,,,948.399986100E-9,-79.999998212E-3,,,,,948.399986100E-9,20.0000000,
,,,948.799993239E-9,0.0,,,,,948.799993239E-9,-79.999998212E-3,,,,,948.799993239E-9,20.0000000,
,,,949.200000377E-9,0.0,,,,,949.200000377E-9,-79.999998212E-3,,,,,949.200000377E-9,20.0000000,
,,,949.600007516E-9,0.0,,,,,949.600007516E-9,-79.999998212E-3,,,,,949.600007516E-9,20.0000000,
,,,950.000014655E-9,0.0,,,,,950.000014655E-9,-39.99999911E-3,,,,,950.000014655E-9,20.0000000,
,,,950.400021793E-9,0.0,,,,,950.400021793E-9,-39.99999911E-3,,,,,950.400021793E-9,20.0000000,
,,,950.800028932E-9,0.0,,,,,950.800028932E-9,-39.99999911E-3,,,,,950.800028932E-9,19.6000004,
,,,951.200036070E-9,0.0,,,,,951.200036070E-9,-39.99999911E-3,,,,,951.200036070E-9,19.6000004,
,,,951.599986365E-9,0.0,,,,,951.599986365E-9,-39.99999911E-3,,,,,951.599986365E-9,19.6000004,
,,,951.999993504E-9,0.0,,,,,951.999993504E-9,-39.99999911E-3,,,,,951.999993504E-9,19.6000004,
,,,952.400000642E-9,0.0,,,,,952.400000642E-9,-39.99999911E-3,,,,,952.400000642E-9,19.6000004,
,,,952.800007781E-9,0.0,,,,,952.800007781E-9,-39.99999911E-3,,,,,952.800007781E-9,19.6000004,
,,,953.200014919E-9,0.0,,,,,953.200014919E-9,0.0,,,,,953.200014919E-9,19.6000004,
,,,953.600022058E-9,0.0,,,,,953.600022058E-9,0.0,,,,,953.600022058E-9,20.0000000,
,,,954.000029196E-9,0.0,,,,,954.000029196E-9,0.0,,,,,954.000029196E-9,20.0000000,
,,,954.399979491E-9,-39.99999911E-3,,,,,954.399979491E-9,-39.99999911E-3,,,,,954.399979491E-9,20.0000000,
,,,954.800043473E-9,-39.99999911E-3,,,,,954.800043473E-9,-39.99999911E-3,,,,,954.800043473E-9,20.0000000,
,,,955.199993768E-9,-39.99999911E-3,,,,,955.199993768E-9,-39.99999911E-3,,,,,955.199993768E-9,20.0000000,
,,,955.600057750E-9,-39.99999911E-3,,,,,955.600057750E-9,-39.99999911E-3,,,,,955.600057750E-9,20.0000000,
,,,956.000008046E-9,0.0,,,,,956.000008046E-9,0.0,,,,,956.000008046E-9,20.0000000,
,,,956.399958341E-9,0.0,,,,,956.399958341E-9,0.0,,,,,956.399958341E-9,20.0000000,
,,,956.800022323E-9,0.0,,,,,956.800022323E-9,0.0,,,,,956.800022323E-9,20.0000000,
,,,957.199972618E-9,-39.99999911E-3,,,,,957.199972618E-9,-39.99999911E-3,,,,,957.199972618E-9,20.0000000,
,,,957.600036600E-9,-39.99999911E-3,,,,,957.600036600E-9,-39.99999911E-3,,,,,957.600036600E-9,20.0000000,
,,,957.999986895E-9,-39.99999911E-3,,,,,957.999986895E-9,-39.99999911E-3,,,,,957.999986895E-9,20.0000000,
,,,958.400050877E-9,-39.99999911E-3,,,,,958.400050877E-9,-39.99999911E-3,,,,,958.400050877E-9,20.0000000,
,,,958.800001172E-9,-39.99999911E-3,,,,,958.800001172E-9,-39.99999911E-3,,,,,958.800001172E-9,20.0000000,
,,,959.200065154E-9,-39.99999911E-3,,,,,959.200065154E-9,-79.999998212E-3,,,,,959.200065154E-9,20.0000000,
,,,959.600015449E-9,-39.99999911E-3,,,,,959.600015449E-9,-79.999998212E-3,,,,,959.600015449E-9,20.0000000,
,,,959.999965744E-9,-39.99999911E-3,,,,,959.999965744E-9,-79.999998212E-3,,,,,959.999965744E-9,20.0000000,
,,,960.400029726E-9,-39.99999911E-3,,,,,960.400029726E-9,-119.9999973E-3,,,,,960.400029726E-9,19.6000004,
,,,960.799980021E-9,-39.99999911E-3,,,,,960.799980021E-9,-79.999998212E-3,,,,,960.799980021E-9,20.0000000,
,,,961.200044003E-9,-39.99999911E-3,,,,,961.200044003E-9,-79.999998212E-3,,,,,961.200044003E-9,20.0000000,
,,,961.599994298E-9,-39.99999911E-3,,,,,961.599994298E-9,-79.999998212E-3,,,,,961.599994298E-9,20.0000000,
,,,962.000058280E-9,0.0,,,,,962.000058280E-9,-39.99999911E-3,,,,,962.000058280E-9,20.0000000,
,,,962.400008575E-9,0.0,,,,,962.400008575E-9,-39.99999911E-3,,,,,962.400008575E-9,20.0000000,
,,,962.799958870E-9,0.0,,,,,962.799958870E-9,-39.99999911E-3,,,,,962.799958870E-9,20.0000000,
,,,963.200022852E-9,-39.99999911E-3,,,,,963.200022852E-9,-39.99999911E-3,,,,,963.200022852E-9,20.0000000,
,,,963.599973147E-9,-39.99999911E-3,,,,,963.599973147E-9,-39.99999911E-3,,,,,963.599973147E-9,20.0000000,
,,,964.000037129E-9,-39.99999911E-3,,,,,964.000037129E-9,0.0,,,,,964.000037129E-9,20.0000000,
,,,964.399987424E-9,-39.99999911E-3,,,,,964.399987424E-9,0.0,,,,,964.399987424E-9,20.0000000,
,,,964.800051406E-9,-39.99999911E-3,,,,,964.800051406E-9,0.0,,,,,964.800051406E-9,20.0000000,
,,,965.200001701E-9,-39.99999911E-3,,,,,965.200001701E-9,-39.99999911E-3,,,,,965.200001701E-9,20.0000000,
,,,965.600065683E-9,-39.99999911E-3,,,,,965.600065683E-9,-39.99999911E-3,,,,,965.600065683E-9,19.6000004,
,,,966.000015978E-9,-39.99999911E-3,,,,,966.000015978E-9,-39.99999911E-3,,,,,966.000015978E-9,19.6000004,
,,,966.399966273E-9,-39.99999911E-3,,,,,966.399966273E-9,-39.99999911E-3,,,,,966.399966273E-9,19.6000004,
,,,966.800030255E-9,-39.99999911E-3,,,,,966.800030255E-9,-39.99999911E-3,,,,,966.800030255E-9,19.6000004,
,,,967.199980551E-9,-39.99999911E-3,,,,,967.199980551E-9,0.0,,,,,967.199980551E-9,19.6000004,
,,,967.600044532E-9,-39.99999911E-3,,,,,967.600044532E-9,0.0,,,,,967.600044532E-9,20.0000000,
,,,967.999994828E-9,-39.99999911E-3,,,,,967.999994828E-9,0.0,,,,,967.999994828E-9,20.0000000,
,,,968.400058809E-9,-39.99999911E-3,,,,,968.400058809E-9,0.0,,,,,968.400058809E-9,20.0000000,
,,,968.800009105E-9,-39.99999911E-3,,,,,968.800009105E-9,0.0,,,,,968.800009105E-9,19.6000004,
,,,969.199959400E-9,-39.99999911E-3,,,,,969.199959400E-9,0.0,,,,,969.199959400E-9,19.6000004,
,,,969.600023382E-9,-39.99999911E-3,,,,,969.600023382E-9,0.0,,,,,969.600023382E-9,19.6000004,
,,,969.999973677E-9,-39.99999911E-3,,,,,969.999973677E-9,0.0,,,,,969.999973677E-9,19.6000004,
,,,970.400037659E-9,-39.99999911E-3,,,,,970.400037659E-9,0.0,,,,,970.400037659E-9,19.6000004,
,,,970.799987954E-9,-39.99999911E-3,,,,,970.799987954E-9,0.0,,,,,970.799987954E-9,20.0000000,
,,,971.200051936E-9,-39.99999911E-3,,,,,971.200051936E-9,0.0,,,,,971.200051936E-9,20.0000000,
,,,971.600002231E-9,-39.99999911E-3,,,,,971.600002231E-9,0.0,,,,,971.600002231E-9,19.6000004,
,,,972.000066213E-9,-39.99999911E-3,,,,,972.000066213E-9,0.0,,,,,972.000066213E-9,19.6000004,
,,,972.400016508E-9,-39.99999911E-3,,,,,972.400016508E-9,-39.99999911E-3,,,,,972.400016508E-9,19.6000004,
,,,972.799966803E-9,-39.99999911E-3,,,,,972.799966803E-9,-39.99999911E-3,,,,,972.799966803E-9,19.6000004,
,,,973.200030785E-9,-39.99999911E-3,,,,,973.200030785E-9,-79.999998212E-3,,,,,973.200030785E-9,19.6000004,
,,,973.599981080E-9,-39.99999911E-3,,,,,973.599981080E-9,-79.999998212E-3,,,,,973.599981080E-9,19.6000004,
,,,974.000045062E-9,-39.99999911E-3,,,,,974.000045062E-9,-39.99999911E-3,,,,,974.000045062E-9,19.6000004,
,,,974.399995357E-9,-39.99999911E-3,,,,,974.399995357E-9,-39.99999911E-3,,,,,974.399995357E-9,19.6000004,
,,,974.800059339E-9,-39.99999911E-3,,,,,974.800059339E-9,0.0,,,,,974.800059339E-9,19.6000004,
,,,975.200009634E-9,-39.99999911E-3,,,,,975.200009634E-9,39.99999911E-3,,,,,975.200009634E-9,19.6000004,
,,,975.599959929E-9,-39.99999911E-3,,,,,975.599959929E-9,0.0,,,,,975.599959929E-9,20.0000000,
,,,976.000023911E-9,0.0,,,,,976.000023911E-9,0.0,,,,,976.000023911E-9,20.0000000,
,,,976.399974206E-9,-39.99999911E-3,,,,,976.399974206E-9,0.0,,,,,976.399974206E-9,20.0000000,
,,,976.800038188E-9,-39.99999911E-3,,,,,976.800038188E-9,0.0,,,,,976.800038188E-9,20.0000000,
,,,977.199988483E-9,-39.99999911E-3,,,,,977.199988483E-9,-39.99999911E-3,,,,,977.199988483E-9,20.0000000,
,,,977.600052465E-9,-39.99999911E-3,,,,,977.600052465E-9,-39.99999911E-3,,,,,977.600052465E-9,20.0000000,
,,,978.000002760E-9,-39.99999911E-3,,,,,978.000002760E-9,-39.99999911E-3,,,,,978.000002760E-9,20.0000000,
,,,978.400066742E-9,-39.99999911E-3,,,,,978.400066742E-9,-39.99999911E-3,,,,,978.400066742E-9,20.0000000,
,,,978.800017037E-9,-39.99999911E-3,,,,,978.800017037E-9,-39.99999911E-3,,,,,978.800017037E-9,20.0000000,
,,,979.199967333E-9,-39.99999911E-3,,,,,979.199967333E-9,0.0,,,,,979.199967333E-9,20.0000000,
,,,979.600031314E-9,-39.99999911E-3,,,,,979.600031314E-9,0.0,,,,,979.600031314E-9,20.0000000,
,,,979.999981610E-9,-39.99999911E-3,,,,,979.999981610E-9,0.0,,,,,979.999981610E-9,20.0000000,
,,,980.400045592E-9,-39.99999911E-3,,,,,980.400045592E-9,0.0,,,,,980.400045592E-9,20.0000000,
,,,980.799995887E-9,-39.99999911E-3,,,,,980.799995887E-9,0.0,,,,,980.799995887E-9,19.6000004,
,,,981.200059869E-9,0.0,,,,,981.200059869E-9,0.0,,,,,981.200059869E-9,20.0000000,
,,,981.600010164E-9,0.0,,,,,981.600010164E-9,0.0,,,,,981.600010164E-9,19.6000004,
,,,981.999960459E-9,0.0,,,,,981.999960459E-9,0.0,,,,,981.999960459E-9,19.6000004,
,,,982.400024441E-9,0.0,,,,,982.400024441E-9,-39.99999911E-3,,,,,982.400024441E-9,20.0000000,
,,,982.799974736E-9,0.0,,,,,982.799974736E-9,-39.99999911E-3,,,,,982.799974736E-9,20.0000000,
,,,983.200038718E-9,0.0,,,,,983.200038718E-9,-39.99999911E-3,,,,,983.200038718E-9,20.0000000,
,,,983.599989013E-9,0.0,,,,,983.599989013E-9,-39.99999911E-3,,,,,983.599989013E-9,20.0000000,
,,,984.000052995E-9,0.0,,,,,984.000052995E-9,0.0,,,,,984.000052995E-9,20.39999962,
,,,984.400003290E-9,-39.99999911E-3,,,,,984.400003290E-9,0.0,,,,,984.400003290E-9,20.0000000,
,,,984.800067272E-9,-39.99999911E-3,,,,,984.800067272E-9,0.0,,,,,984.800067272E-9,20.0000000,
,,,985.200017567E-9,-39.99999911E-3,,,,,985.200017567E-9,0.0,,,,,985.200017567E-9,19.6000004,
,,,985.599967862E-9,-39.99999911E-3,,,,,985.599967862E-9,0.0,,,,,985.599967862E-9,19.6000004,
,,,986.000031844E-9,0.0,,,,,986.000031844E-9,0.0,,,,,986.000031844E-9,19.6000004,
,,,986.399982139E-9,0.0,,,,,986.399982139E-9,0.0,,,,,986.399982139E-9,19.6000004,
,,,986.800046121E-9,0.0,,,,,986.800046121E-9,0.0,,,,,986.800046121E-9,19.6000004,
,,,987.199996416E-9,39.99999911E-3,,,,,987.199996416E-9,0.0,,,,,987.199996416E-9,19.6000004,
,,,987.600060398E-9,39.99999911E-3,,,,,987.600060398E-9,0.0,,,,,987.600060398E-9,19.6000004,
,,,988.000010693E-9,39.99999911E-3,,,,,988.000010693E-9,0.0,,,,,988.000010693E-9,19.6000004,
,,,988.399960988E-9,39.99999911E-3,,,,,988.399960988E-9,0.0,,,,,988.399960988E-9,19.6000004,
,,,988.800024970E-9,39.99999911E-3,,,,,988.800024970E-9,0.0,,,,,988.800024970E-9,19.6000004,
,,,989.199975265E-9,0.0,,,,,989.199975265E-9,0.0,,,,,989.199975265E-9,19.6000004,
,,,989.600039247E-9,-39.99999911E-3,,,,,989.600039247E-9,0.0,,,,,989.600039247E-9,20.0000000,
,,,989.999989542E-9,-39.99999911E-3,,,,,989.999989542E-9,39.99999911E-3,,,,,989.999989542E-9,20.0000000,
,,,990.400053524E-9,-79.999998212E-3,,,,,990.400053524E-9,39.99999911E-3,,,,,990.400053524E-9,20.0000000,
,,,990.800003819E-9,-79.999998212E-3,,,,,990.800003819E-9,39.99999911E-3,,,,,990.800003819E-9,20.0000000,
,,,991.200067801E-9,-39.99999911E-3,,,,,991.200067801E-9,0.0,,,,,991.200067801E-9,20.0000000,
,,,991.600018097E-9,-39.99999911E-3,,,,,991.600018097E-9,0.0,,,,,991.600018097E-9,20.0000000,
,,,991.999968392E-9,0.0,,,,,991.999968392E-9,0.0,,,,,991.999968392E-9,19.6000004,
,,,992.400032374E-9,0.0,,,,,992.400032374E-9,0.0,,,,,992.400032374E-9,19.6000004,
,,,992.799982669E-9,0.0,,,,,992.799982669E-9,0.0,,,,,992.799982669E-9,19.6000004,
,,,993.200046651E-9,-39.99999911E-3,,,,,993.200046651E-9,0.0,,,,,993.200046651E-9,19.6000004,
,,,993.599996946E-9,-39.99999911E-3,,,,,993.599996946E-9,0.0,,,,,993.599996946E-9,20.0000000,
,,,994.000060928E-9,-39.99999911E-3,,,,,994.000060928E-9,0.0,,,,,994.000060928E-9,20.0000000,
,,,994.400011223E-9,-79.999998212E-3,,,,,994.400011223E-9,0.0,,,,,994.400011223E-9,19.6000004,
,,,994.799961518E-9,-39.99999911E-3,,,,,994.799961518E-9,0.0,,,,,994.799961518E-9,19.6000004,
,,,995.200025500E-9,-39.99999911E-3,,,,,995.200025500E-9,0.0,,,,,995.200025500E-9,19.6000004,
,,,995.599975795E-9,-39.99999911E-3,,,,,995.599975795E-9,0.0,,,,,995.599975795E-9,19.6000004,
,,,996.000039777E-9,0.0,,,,,996.000039777E-9,0.0,,,,,996.000039777E-9,19.6000004,
,,,996.399990072E-9,0.0,,,,,996.399990072E-9,-39.99999911E-3,,,,,996.399990072E-9,19.6000004,
,,,996.800054054E-9,0.0,,,,,996.800054054E-9,-39.99999911E-3,,,,,996.800054054E-9,19.6000004,
,,,997.200004349E-9,0.0,,,,,997.200004349E-9,-39.99999911E-3,,,,,997.200004349E-9,19.2000008,
,,,997.600068331E-9,0.0,,,,,997.600068331E-9,-39.99999911E-3,,,,,997.600068331E-9,19.6000004,
,,,998.000018626E-9,0.0,,,,,998.000018626E-9,0.0,,,,,998.000018626E-9,19.2000008,
,,,998.399968921E-9,0.0,,,,,998.399968921E-9,-39.99999911E-3,,,,,998.399968921E-9,19.6000004,
,,,998.800032903E-9,0.0,,,,,998.800032903E-9,-39.99999911E-3,,,,,998.800032903E-9,19.6000004,
,,,999.199983198E-9,0.0,,,,,999.199983198E-9,-39.99999911E-3,,,,,999.199983198E-9,19.6000004,
,,,999.600047180E-9,0.0,,,,,999.600047180E-9,-39.99999911E-3,,,,,999.600047180E-9,19.6000004,
,,,1.000000E-6,0.0,,,,,1.000000E-6,0.0,,,,,1.000000E-6,19.6000004,
,,,1.0004001E-6,0.0,,,,,1.0004001E-6,-39.99999911E-3,,,,,1.0004001E-6,19.6000004,
,,,1.0008000E-6,0.0,,,,,1.0008000E-6,-39.99999911E-3,,,,,1.0008000E-6,19.6000004,
,,,1.0012000E-6,0.0,,,,,1.0012000E-6,-39.99999911E-3,,,,,1.0012000E-6,19.6000004,
,,,1.0016000E-6,0.0,,,,,1.0016000E-6,-39.99999911E-3,,,,,1.0016000E-6,19.6000004,
,,,1.0020000E-6,39.99999911E-3,,,,,1.0020000E-6,0.0,,,,,1.0020000E-6,19.6000004,
,,,1.0024000E-6,39.99999911E-3,,,,,1.0024000E-6,0.0,,,,,1.0024000E-6,19.6000004,
,,,1.0028000E-6,39.99999911E-3,,,,,1.0028000E-6,0.0,,,,,1.0028000E-6,20.0000000,
,,,1.0032001E-6,0.0,,,,,1.0032001E-6,-39.99999911E-3,,,,,1.0032001E-6,19.6000004,
,,,1.0036000E-6,-39.99999911E-3,,,,,1.0036000E-6,-39.99999911E-3,,,,,1.0036000E-6,19.6000004,
,,,1.0040001E-6,-39.99999911E-3,,,,,1.0040001E-6,-39.99999911E-3,,,,,1.0040001E-6,19.6000004,
,,,1.0044000E-6,-39.99999911E-3,,,,,1.0044000E-6,-39.99999911E-3,,,,,1.0044000E-6,19.6000004,
,,,1.0048000E-6,-39.99999911E-3,,,,,1.0048000E-6,-39.99999911E-3,,,,,1.0048000E-6,19.6000004,
,,,1.0052000E-6,0.0,,,,,1.0052000E-6,-79.999998212E-3,,,,,1.0052000E-6,19.6000004,
,,,1.0056000E-6,0.0,,,,,1.0056000E-6,-79.999998212E-3,,,,,1.0056000E-6,19.6000004,
,,,1.0060000E-6,0.0,,,,,1.0060000E-6,-79.999998212E-3,,,,,1.0060000E-6,19.6000004,
,,,1.0064000E-6,-39.99999911E-3,,,,,1.0064000E-6,-79.999998212E-3,,,,,1.0064000E-6,19.6000004,
,,,1.0068001E-6,-39.99999911E-3,,,,,1.0068001E-6,-79.999998212E-3,,,,,1.0068001E-6,19.6000004,
,,,1.0072000E-6,-39.99999911E-3,,,,,1.0072000E-6,-39.99999911E-3,,,,,1.0072000E-6,19.6000004,
,,,1.0076000E-6,-39.99999911E-3,,,,,1.0076000E-6,-39.99999911E-3,,,,,1.0076000E-6,19.6000004,
,,,1.0080000E-6,0.0,,,,,1.0080000E-6,0.0,,,,,1.0080000E-6,19.6000004,
,,,1.0084000E-6,0.0,,,,,1.0084000E-6,-39.99999911E-3,,,,,1.0084000E-6,19.6000004,
,,,1.0088000E-6,0.0,,,,,1.0088000E-6,-79.999998212E-3,,,,,1.0088000E-6,19.6000004,
,,,1.0092000E-6,0.0,,,,,1.0092000E-6,-79.999998212E-3,,,,,1.0092000E-6,19.6000004,
,,,1.0096001E-6,0.0,,,,,1.0096001E-6,-79.999998212E-3,,,,,1.0096001E-6,20.0000000,
,,,1.0100000E-6,0.0,,,,,1.0100000E-6,-79.999998212E-3,,,,,1.0100000E-6,19.6000004,
,,,1.0104001E-6,-39.99999911E-3,,,,,1.0104001E-6,-79.999998212E-3,,,,,1.0104001E-6,19.6000004,
,,,1.0108000E-6,-39.99999911E-3,,,,,1.0108000E-6,-79.999998212E-3,,,,,1.0108000E-6,19.2000008,
,,,1.0112000E-6,-39.99999911E-3,,,,,1.0112000E-6,-79.999998212E-3,,,,,1.0112000E-6,19.2000008,
,,,1.0116000E-6,-39.99999911E-3,,,,,1.0116000E-6,-79.999998212E-3,,,,,1.0116000E-6,19.2000008,
,,,1.0120000E-6,0.0,,,,,1.0120000E-6,-39.99999911E-3,,,,,1.0120000E-6,19.2000008,
,,,1.0124000E-6,-39.99999911E-3,,,,,1.0124000E-6,-39.99999911E-3,,,,,1.0124000E-6,19.6000004,
,,,1.0128000E-6,-39.99999911E-3,,,,,1.0128000E-6,-39.99999911E-3,,,,,1.0128000E-6,19.2000008,
,,,1.0132001E-6,-39.99999911E-3,,,,,1.0132001E-6,-79.999998212E-3,,,,,1.0132001E-6,19.2000008,
,,,1.0136000E-6,-39.99999911E-3,,,,,1.0136000E-6,-79.999998212E-3,,,,,1.0136000E-6,19.2000008,
,,,1.0140000E-6,0.0,,,,,1.0140000E-6,-79.999998212E-3,,,,,1.0140000E-6,19.2000008,
,,,1.0144000E-6,0.0,,,,,1.0144000E-6,-79.999998212E-3,,,,,1.0144000E-6,19.2000008,
,,,1.0148000E-6,0.0,,,,,1.0148000E-6,-79.999998212E-3,,,,,1.0148000E-6,19.2000008,
,,,1.0152000E-6,0.0,,,,,1.0152000E-6,-39.99999911E-3,,,,,1.0152000E-6,19.2000008,
,,,1.0156000E-6,0.0,,,,,1.0156000E-6,-39.99999911E-3,,,,,1.0156000E-6,19.2000008,
,,,1.0160001E-6,0.0,,,,,1.0160001E-6,0.0,,,,,1.0160001E-6,19.2000008,
,,,1.0164000E-6,0.0,,,,,1.0164000E-6,0.0,,,,,1.0164000E-6,19.2000008,
,,,1.0168001E-6,0.0,,,,,1.0168001E-6,0.0,,,,,1.0168001E-6,19.6000004,
,,,1.0172000E-6,39.99999911E-3,,,,,1.0172000E-6,-39.99999911E-3,,,,,1.0172000E-6,19.2000008,
,,,1.0176000E-6,39.99999911E-3,,,,,1.0176000E-6,-39.99999911E-3,,,,,1.0176000E-6,19.2000008,
,,,1.0180000E-6,39.99999911E-3,,,,,1.0180000E-6,-39.99999911E-3,,,,,1.0180000E-6,19.2000008,
,,,1.0184000E-6,0.0,,,,,1.0184000E-6,-79.999998212E-3,,,,,1.0184000E-6,19.2000008,
,,,1.0188000E-6,0.0,,,,,1.0188000E-6,-79.999998212E-3,,,,,1.0188000E-6,19.2000008,
,,,1.0192000E-6,0.0,,,,,1.0192000E-6,-79.999998212E-3,,,,,1.0192000E-6,19.2000008,
,,,1.0196001E-6,0.0,,,,,1.0196001E-6,-79.999998212E-3,,,,,1.0196001E-6,19.2000008,
,,,1.0200000E-6,0.0,,,,,1.0200000E-6,-39.99999911E-3,,,,,1.0200000E-6,19.6000004,
,,,1.0204000E-6,0.0,,,,,1.0204000E-6,-79.999998212E-3,,,,,1.0204000E-6,19.6000004,
,,,1.0208000E-6,0.0,,,,,1.0208000E-6,-79.999998212E-3,,,,,1.0208000E-6,19.6000004,
,,,1.0212000E-6,0.0,,,,,1.0212000E-6,-79.999998212E-3,,,,,1.0212000E-6,19.6000004,
,,,1.0216000E-6,0.0,,,,,1.0216000E-6,-79.999998212E-3,,,,,1.0216000E-6,19.2000008,
,,,1.0220000E-6,0.0,,,,,1.0220000E-6,-39.99999911E-3,,,,,1.0220000E-6,19.2000008,
,,,1.0224001E-6,0.0,,,,,1.0224001E-6,-79.999998212E-3,,,,,1.0224001E-6,19.2000008,
,,,1.0228000E-6,0.0,,,,,1.0228000E-6,-79.999998212E-3,,,,,1.0228000E-6,19.6000004,
,,,1.0232001E-6,0.0,,,,,1.0232001E-6,-79.999998212E-3,,,,,1.0232001E-6,19.6000004,
,,,1.0236000E-6,0.0,,,,,1.0236000E-6,-79.999998212E-3,,,,,1.0236000E-6,19.6000004,
,,,1.0240000E-6,0.0,,,,,1.0240000E-6,-79.999998212E-3,,,,,1.0240000E-6,19.6000004,
,,,1.0244000E-6,0.0,,,,,1.0244000E-6,-79.999998212E-3,,,,,1.0244000E-6,19.2000008,
,,,1.0248000E-6,0.0,,,,,1.0248000E-6,-79.999998212E-3,,,,,1.0248000E-6,19.2000008,
,,,1.0252000E-6,0.0,,,,,1.0252000E-6,-79.999998212E-3,,,,,1.0252000E-6,19.2000008,
,,,1.0256000E-6,0.0,,,,,1.0256000E-6,-79.999998212E-3,,,,,1.0256000E-6,19.2000008,
,,,1.0260001E-6,0.0,,,,,1.0260001E-6,-79.999998212E-3,,,,,1.0260001E-6,19.2000008,
,,,1.0264000E-6,0.0,,,,,1.0264000E-6,-79.999998212E-3,,,,,1.0264000E-6,19.2000008,
,,,1.0268000E-6,0.0,,,,,1.0268000E-6,-79.999998212E-3,,,,,1.0268000E-6,19.2000008,
,,,1.0272000E-6,-39.99999911E-3,,,,,1.0272000E-6,-39.99999911E-3,,,,,1.0272000E-6,19.2000008,
,,,1.0276000E-6,-39.99999911E-3,,,,,1.0276000E-6,-39.99999911E-3,,,,,1.0276000E-6,19.2000008,
,,,1.0280000E-6,-39.99999911E-3,,,,,1.0280000E-6,-39.99999911E-3,,,,,1.0280000E-6,19.2000008,
,,,1.0284000E-6,-39.99999911E-3,,,,,1.0284000E-6,-79.999998212E-3,,,,,1.0284000E-6,19.2000008,
,,,1.0288001E-6,-39.99999911E-3,,,,,1.0288001E-6,-79.999998212E-3,,,,,1.0288001E-6,19.2000008,
,,,1.0292000E-6,-39.99999911E-3,,,,,1.0292000E-6,-79.999998212E-3,,,,,1.0292000E-6,19.2000008,
,,,1.0296001E-6,-39.99999911E-3,,,,,1.0296001E-6,-119.9999973E-3,,,,,1.0296001E-6,19.2000008,
,,,1.0300000E-6,-39.99999911E-3,,,,,1.0300000E-6,-79.999998212E-3,,,,,1.0300000E-6,19.6000004,
,,,1.0304000E-6,-39.99999911E-3,,,,,1.0304000E-6,-79.999998212E-3,,,,,1.0304000E-6,19.2000008,
,,,1.0308000E-6,-39.99999911E-3,,,,,1.0308000E-6,-79.999998212E-3,,,,,1.0308000E-6,19.2000008,
,,,1.0312000E-6,-39.99999911E-3,,,,,1.0312000E-6,-39.99999911E-3,,,,,1.0312000E-6,19.2000008,
,,,1.0316000E-6,-39.99999911E-3,,,,,1.0316000E-6,-39.99999911E-3,,,,,1.0316000E-6,19.2000008,
,,,1.0320000E-6,-39.99999911E-3,,,,,1.0320000E-6,-39.99999911E-3,,,,,1.0320000E-6,19.2000008,
,,,1.0324001E-6,-39.99999911E-3,,,,,1.0324001E-6,-39.99999911E-3,,,,,1.0324001E-6,19.2000008,
,,,1.0328000E-6,-39.99999911E-3,,,,,1.0328000E-6,-39.99999911E-3,,,,,1.0328000E-6,19.2000008,
,,,1.0332000E-6,0.0,,,,,1.0332000E-6,-39.99999911E-3,,,,,1.0332000E-6,19.2000008,
,,,1.0336000E-6,0.0,,,,,1.0336000E-6,-39.99999911E-3,,,,,1.0336000E-6,19.2000008,
,,,1.0340000E-6,0.0,,,,,1.0340000E-6,-39.99999911E-3,,,,,1.0340000E-6,19.2000008,
,,,1.0344000E-6,0.0,,,,,1.0344000E-6,-39.99999911E-3,,,,,1.0344000E-6,19.2000008,
,,,1.0348000E-6,0.0,,,,,1.0348000E-6,-39.99999911E-3,,,,,1.0348000E-6,19.6000004,
,,,1.0352001E-6,0.0,,,,,1.0352001E-6,-39.99999911E-3,,,,,1.0352001E-6,19.2000008,
,,,1.0356000E-6,0.0,,,,,1.0356000E-6,-39.99999911E-3,,,,,1.0356000E-6,19.2000008,
,,,1.0360001E-6,0.0,,,,,1.0360001E-6,-39.99999911E-3,,,,,1.0360001E-6,19.2000008,
,,,1.0364000E-6,0.0,,,,,1.0364000E-6,-39.99999911E-3,,,,,1.0364000E-6,18.8000011,
,,,1.0368000E-6,0.0,,,,,1.0368000E-6,-39.99999911E-3,,,,,1.0368000E-6,18.8000011,
,,,1.0372000E-6,-39.99999911E-3,,,,,1.0372000E-6,0.0,,,,,1.0372000E-6,18.8000011,
,,,1.0376000E-6,-39.99999911E-3,,,,,1.0376000E-6,-39.99999911E-3,,,,,1.0376000E-6,18.8000011,
,,,1.0380001E-6,-39.99999911E-3,,,,,1.0380001E-6,-39.99999911E-3,,,,,1.0380001E-6,18.8000011,
,,,1.0384000E-6,-79.999998212E-3,,,,,1.0384000E-6,-79.999998212E-3,,,,,1.0384000E-6,18.8000011,
,,,1.0388001E-6,-39.99999911E-3,,,,,1.0388001E-6,-79.999998212E-3,,,,,1.0388001E-6,18.8000011,
,,,1.0392000E-6,-39.99999911E-3,,,,,1.0392000E-6,-79.999998212E-3,,,,,1.0392000E-6,18.8000011,
,,,1.0396000E-6,-39.99999911E-3,,,,,1.0396000E-6,-79.999998212E-3,,,,,1.0396000E-6,19.2000008,
,,,1.0400000E-6,0.0,,,,,1.0400000E-6,-39.99999911E-3,,,,,1.0400000E-6,19.2000008,
,,,1.0404000E-6,0.0,,,,,1.0404000E-6,-39.99999911E-3,,,,,1.0404000E-6,18.8000011,
,,,1.0408000E-6,0.0,,,,,1.0408000E-6,-39.99999911E-3,,,,,1.0408000E-6,18.8000011,
,,,1.0412000E-6,0.0,,,,,1.0412000E-6,-39.99999911E-3,,,,,1.0412000E-6,18.8000011,
,,,1.0416001E-6,0.0,,,,,1.0416001E-6,-39.99999911E-3,,,,,1.0416001E-6,18.8000011,
,,,1.0420000E-6,0.0,,,,,1.0420000E-6,0.0,,,,,1.0420000E-6,18.8000011,
,,,1.0424000E-6,-39.99999911E-3,,,,,1.0424000E-6,0.0,,,,,1.0424000E-6,18.8000011,
,,,1.0428000E-6,-39.99999911E-3,,,,,1.0428000E-6,0.0,,,,,1.0428000E-6,18.8000011,
,,,1.0432000E-6,-39.99999911E-3,,,,,1.0432000E-6,-39.99999911E-3,,,,,1.0432000E-6,18.8000011,
,,,1.0436000E-6,-79.999998212E-3,,,,,1.0436000E-6,-39.99999911E-3,,,,,1.0436000E-6,18.8000011,
,,,1.0440000E-6,-39.99999911E-3,,,,,1.0440000E-6,-39.99999911E-3,,,,,1.0440000E-6,19.2000008,
,,,1.0444001E-6,-39.99999911E-3,,,,,1.0444001E-6,-39.99999911E-3,,,,,1.0444001E-6,19.2000008,
,,,1.0448000E-6,-39.99999911E-3,,,,,1.0448000E-6,-39.99999911E-3,,,,,1.0448000E-6,19.2000008,
,,,1.0452001E-6,-39.99999911E-3,,,,,1.0452001E-6,-39.99999911E-3,,,,,1.0452001E-6,19.2000008,
,,,1.0456000E-6,-39.99999911E-3,,,,,1.0456000E-6,-39.99999911E-3,,,,,1.0456000E-6,19.2000008,
,,,1.0460000E-6,-39.99999911E-3,,,,,1.0460000E-6,-39.99999911E-3,,,,,1.0460000E-6,18.8000011,
,,,1.0464000E-6,-39.99999911E-3,,,,,1.0464000E-6,-39.99999911E-3,,,,,1.0464000E-6,18.8000011,
,,,1.0468000E-6,-39.99999911E-3,,,,,1.0468000E-6,-39.99999911E-3,,,,,1.0468000E-6,18.8000011,
,,,1.0472000E-6,0.0,,,,,1.0472000E-6,-39.99999911E-3,,,,,1.0472000E-6,18.8000011,
,,,1.0476000E-6,0.0,,,,,1.0476000E-6,-39.99999911E-3,,,,,1.0476000E-6,18.8000011,
,,,1.0480001E-6,39.99999911E-3,,,,,1.0480001E-6,-39.99999911E-3,,,,,1.0480001E-6,18.8000011,
,,,1.0484000E-6,0.0,,,,,1.0484000E-6,-39.99999911E-3,,,,,1.0484000E-6,18.8000011,
,,,1.0488000E-6,0.0,,,,,1.0488000E-6,-39.99999911E-3,,,,,1.0488000E-6,18.8000011,
,,,1.0492000E-6,0.0,,,,,1.0492000E-6,0.0,,,,,1.0492000E-6,18.8000011,
,,,1.0496000E-6,-39.99999911E-3,,,,,1.0496000E-6,0.0,,,,,1.0496000E-6,18.8000011,
,,,1.0500000E-6,0.0,,,,,1.0500000E-6,0.0,,,,,1.0500000E-6,18.8000011,
,,,1.0504000E-6,0.0,,,,,1.0504000E-6,0.0,,,,,1.0504000E-6,18.8000011,
,,,1.0508001E-6,0.0,,,,,1.0508001E-6,0.0,,,,,1.0508001E-6,18.8000011,
,,,1.0512000E-6,39.99999911E-3,,,,,1.0512000E-6,-39.99999911E-3,,,,,1.0512000E-6,18.8000011,
,,,1.0516001E-6,39.99999911E-3,,,,,1.0516001E-6,-39.99999911E-3,,,,,1.0516001E-6,18.3999996,
,,,1.0520000E-6,39.99999911E-3,,,,,1.0520000E-6,-39.99999911E-3,,,,,1.0520000E-6,18.3999996,
,,,1.0524000E-6,0.0,,,,,1.0524000E-6,-39.99999911E-3,,,,,1.0524000E-6,18.3999996,
,,,1.0528000E-6,-39.99999911E-3,,,,,1.0528000E-6,-39.99999911E-3,,,,,1.0528000E-6,18.0000000,
,,,1.0532000E-6,-39.99999911E-3,,,,,1.0532000E-6,-39.99999911E-3,,,,,1.0532000E-6,18.3999996,
,,,1.0536000E-6,-39.99999911E-3,,,,,1.0536000E-6,-39.99999911E-3,,,,,1.0536000E-6,18.3999996,
,,,1.0540000E-6,-39.99999911E-3,,,,,1.0540000E-6,-39.99999911E-3,,,,,1.0540000E-6,18.3999996,
,,,1.0544001E-6,-39.99999911E-3,,,,,1.0544001E-6,-39.99999911E-3,,,,,1.0544001E-6,18.8000011,
,,,1.0548000E-6,-39.99999911E-3,,,,,1.0548000E-6,-39.99999911E-3,,,,,1.0548000E-6,18.8000011,
,,,1.0552000E-6,-39.99999911E-3,,,,,1.0552000E-6,-39.99999911E-3,,,,,1.0552000E-6,19.2000008,
,,,1.0556000E-6,-39.99999911E-3,,,,,1.0556000E-6,-39.99999911E-3,,,,,1.0556000E-6,19.2000008,
,,,1.0560000E-6,-39.99999911E-3,,,,,1.0560000E-6,-39.99999911E-3,,,,,1.0560000E-6,19.2000008,
,,,1.0564000E-6,-39.99999911E-3,,,,,1.0564000E-6,-39.99999911E-3,,,,,1.0564000E-6,18.8000011,
,,,1.0568000E-6,-39.99999911E-3,,,,,1.0568000E-6,-39.99999911E-3,,,,,1.0568000E-6,18.8000011,
,,,1.0572001E-6,-39.99999911E-3,,,,,1.0572001E-6,-39.99999911E-3,,,,,1.0572001E-6,18.8000011,
,,,1.0576000E-6,-39.99999911E-3,,,,,1.0576000E-6,-39.99999911E-3,,,,,1.0576000E-6,18.3999996,
,,,1.0580001E-6,-39.99999911E-3,,,,,1.0580001E-6,-39.99999911E-3,,,,,1.0580001E-6,18.3999996,
,,,1.0584000E-6,-79.999998212E-3,,,,,1.0584000E-6,-79.999998212E-3,,,,,1.0584000E-6,18.3999996,
,,,1.0588000E-6,-39.99999911E-3,,,,,1.0588000E-6,-79.999998212E-3,,,,,1.0588000E-6,18.8000011,
,,,1.0592000E-6,-39.99999911E-3,,,,,1.0592000E-6,-79.999998212E-3,,,,,1.0592000E-6,18.8000011,
,,,1.0596000E-6,-39.99999911E-3,,,,,1.0596000E-6,-79.999998212E-3,,,,,1.0596000E-6,18.8000011,
,,,1.0600000E-6,0.0,,,,,1.0600000E-6,-39.99999911E-3,,,,,1.0600000E-6,18.8000011,
,,,1.0604000E-6,-39.99999911E-3,,,,,1.0604000E-6,-39.99999911E-3,,,,,1.0604000E-6,18.3999996,
,,,1.0608001E-6,-39.99999911E-3,,,,,1.0608001E-6,-39.99999911E-3,,,,,1.0608001E-6,18.3999996,
,,,1.0612000E-6,-39.99999911E-3,,,,,1.0612000E-6,-39.99999911E-3,,,,,1.0612000E-6,18.3999996,
,,,1.0616000E-6,-39.99999911E-3,,,,,1.0616000E-6,-39.99999911E-3,,,,,1.0616000E-6,18.3999996,
,,,1.0620000E-6,0.0,,,,,1.0620000E-6,-39.99999911E-3,,,,,1.0620000E-6,18.3999996,
,,,1.0624000E-6,0.0,,,,,1.0624000E-6,-39.99999911E-3,,,,,1.0624000E-6,18.3999996,
,,,1.0628000E-6,0.0,,,,,1.0628000E-6,-39.99999911E-3,,,,,1.0628000E-6,18.3999996,
,,,1.0632000E-6,0.0,,,,,1.0632000E-6,-39.99999911E-3,,,,,1.0632000E-6,18.3999996,
,,,1.0636001E-6,0.0,,,,,1.0636001E-6,-39.99999911E-3,,,,,1.0636001E-6,18.3999996,
,,,1.0640000E-6,39.99999911E-3,,,,,1.0640000E-6,-39.99999911E-3,,,,,1.0640000E-6,18.3999996,
,,,1.0644001E-6,0.0,,,,,1.0644001E-6,-39.99999911E-3,,,,,1.0644001E-6,18.8000011,
,,,1.0648000E-6,0.0,,,,,1.0648000E-6,-39.99999911E-3,,,,,1.0648000E-6,18.3999996,
,,,1.0652000E-6,0.0,,,,,1.0652000E-6,-39.99999911E-3,,,,,1.0652000E-6,18.3999996,
,,,1.0656000E-6,0.0,,,,,1.0656000E-6,-39.99999911E-3,,,,,1.0656000E-6,18.3999996,
,,,1.0660000E-6,0.0,,,,,1.0660000E-6,-39.99999911E-3,,,,,1.0660000E-6,18.3999996,
,,,1.0664000E-6,0.0,,,,,1.0664000E-6,-39.99999911E-3,,,,,1.0664000E-6,18.3999996,
,,,1.0668000E-6,0.0,,,,,1.0668000E-6,-39.99999911E-3,,,,,1.0668000E-6,18.3999996,
,,,1.0672001E-6,0.0,,,,,1.0672001E-6,-39.99999911E-3,,,,,1.0672001E-6,18.3999996,
,,,1.0676000E-6,0.0,,,,,1.0676000E-6,-39.99999911E-3,,,,,1.0676000E-6,18.3999996,
,,,1.0680000E-6,0.0,,,,,1.0680000E-6,0.0,,,,,1.0680000E-6,18.3999996,
,,,1.0684000E-6,0.0,,,,,1.0684000E-6,-39.99999911E-3,,,,,1.0684000E-6,18.3999996,
,,,1.0688000E-6,0.0,,,,,1.0688000E-6,-39.99999911E-3,,,,,1.0688000E-6,18.0000000,
,,,1.0692000E-6,39.99999911E-3,,,,,1.0692000E-6,-39.99999911E-3,,,,,1.0692000E-6,18.3999996,
,,,1.0696000E-6,39.99999911E-3,,,,,1.0696000E-6,-79.999998212E-3,,,,,1.0696000E-6,18.3999996,
,,,1.0700001E-6,39.99999911E-3,,,,,1.0700001E-6,-39.99999911E-3,,,,,1.0700001E-6,18.3999996,
,,,1.0704000E-6,0.0,,,,,1.0704000E-6,-39.99999911E-3,,,,,1.0704000E-6,18.3999996,
,,,1.0708001E-6,-39.99999911E-3,,,,,1.0708001E-6,-39.99999911E-3,,,,,1.0708001E-6,18.3999996,
,,,1.0712000E-6,-39.99999911E-3,,,,,1.0712000E-6,0.0,,,,,1.0712000E-6,18.3999996,
,,,1.0716000E-6,-39.99999911E-3,,,,,1.0716000E-6,0.0,,,,,1.0716000E-6,18.3999996,
,,,1.0720000E-6,-39.99999911E-3,,,,,1.0720000E-6,0.0,,,,,1.0720000E-6,18.3999996,
,,,1.0724000E-6,-39.99999911E-3,,,,,1.0724000E-6,-39.99999911E-3,,,,,1.0724000E-6,18.3999996,
,,,1.0728000E-6,-39.99999911E-3,,,,,1.0728000E-6,-39.99999911E-3,,,,,1.0728000E-6,18.3999996,
,,,1.0732000E-6,-39.99999911E-3,,,,,1.0732000E-6,-39.99999911E-3,,,,,1.0732000E-6,18.3999996,
,,,1.0736001E-6,-39.99999911E-3,,,,,1.0736001E-6,-79.999998212E-3,,,,,1.0736001E-6,18.0000000,
,,,1.0740000E-6,-39.99999911E-3,,,,,1.0740000E-6,-39.99999911E-3,,,,,1.0740000E-6,18.0000000,
,,,1.0744000E-6,-39.99999911E-3,,,,,1.0744000E-6,-39.99999911E-3,,,,,1.0744000E-6,18.0000000,
,,,1.0748000E-6,-39.99999911E-3,,,,,1.0748000E-6,-39.99999911E-3,,,,,1.0748000E-6,18.0000000,
,,,1.0752000E-6,-39.99999911E-3,,,,,1.0752000E-6,-39.99999911E-3,,,,,1.0752000E-6,18.0000000,
,,,1.0756000E-6,-39.99999911E-3,,,,,1.0756000E-6,-39.99999911E-3,,,,,1.0756000E-6,18.0000000,
,,,1.0760000E-6,0.0,,,,,1.0760000E-6,-39.99999911E-3,,,,,1.0760000E-6,18.0000000,
,,,1.0764001E-6,0.0,,,,,1.0764001E-6,-39.99999911E-3,,,,,1.0764001E-6,18.0000000,
,,,1.0768000E-6,0.0,,,,,1.0768000E-6,-39.99999911E-3,,,,,1.0768000E-6,18.3999996,
,,,1.0772001E-6,0.0,,,,,1.0772001E-6,-79.999998212E-3,,,,,1.0772001E-6,18.3999996,
,,,1.0776000E-6,0.0,,,,,1.0776000E-6,-79.999998212E-3,,,,,1.0776000E-6,18.3999996,
,,,1.0780000E-6,0.0,,,,,1.0780000E-6,-79.999998212E-3,,,,,1.0780000E-6,18.3999996,
,,,1.0784000E-6,0.0,,,,,1.0784000E-6,-79.999998212E-3,,,,,1.0784000E-6,18.0000000,
,,,1.0788000E-6,0.0,,,,,1.0788000E-6,-79.999998212E-3,,,,,1.0788000E-6,18.0000000,
,,,1.0792000E-6,0.0,,,,,1.0792000E-6,-39.99999911E-3,,,,,1.0792000E-6,18.0000000,
,,,1.0796000E-6,0.0,,,,,1.0796000E-6,-39.99999911E-3,,,,,1.0796000E-6,18.0000000,
,,,1.0800001E-6,0.0,,,,,1.0800001E-6,-39.99999911E-3,,,,,1.0800001E-6,18.0000000,
,,,1.0804000E-6,0.0,,,,,1.0804000E-6,-39.99999911E-3,,,,,1.0804000E-6,18.0000000,
,,,1.0808000E-6,0.0,,,,,1.0808000E-6,-39.99999911E-3,,,,,1.0808000E-6,18.0000000,
,,,1.0812000E-6,0.0,,,,,1.0812000E-6,-39.99999911E-3,,,,,1.0812000E-6,18.0000000,
,,,1.0816000E-6,0.0,,,,,1.0816000E-6,-39.99999911E-3,,,,,1.0816000E-6,18.3999996,
,,,1.0820000E-6,0.0,,,,,1.0820000E-6,0.0,,,,,1.0820000E-6,18.3999996,
,,,1.0824000E-6,0.0,,,,,1.0824000E-6,0.0,,,,,1.0824000E-6,18.3999996,
,,,1.0828001E-6,0.0,,,,,1.0828001E-6,0.0,,,,,1.0828001E-6,18.3999996,
,,,1.0832000E-6,39.99999911E-3,,,,,1.0832000E-6,-39.99999911E-3,,,,,1.0832000E-6,18.3999996,
,,,1.0836001E-6,39.99999911E-3,,,,,1.0836001E-6,-39.99999911E-3,,,,,1.0836001E-6,18.0000000,
,,,1.0840000E-6,39.99999911E-3,,,,,1.0840000E-6,-39.99999911E-3,,,,,1.0840000E-6,18.0000000,
,,,1.0844000E-6,0.0,,,,,1.0844000E-6,-39.99999911E-3,,,,,1.0844000E-6,18.0000000,
,,,1.0848000E-6,0.0,,,,,1.0848000E-6,-39.99999911E-3,,,,,1.0848000E-6,18.0000000,
,,,1.0852000E-6,-39.99999911E-3,,,,,1.0852000E-6,0.0,,,,,1.0852000E-6,18.0000000,
,,,1.0856000E-6,-39.99999911E-3,,,,,1.0856000E-6,0.0,,,,,1.0856000E-6,18.3999996,
,,,1.0860000E-6,-39.99999911E-3,,,,,1.0860000E-6,0.0,,,,,1.0860000E-6,18.3999996,
,,,1.0864001E-6,-79.999998212E-3,,,,,1.0864001E-6,-39.99999911E-3,,,,,1.0864001E-6,18.0000000,
,,,1.0868000E-6,-39.99999911E-3,,,,,1.0868000E-6,-39.99999911E-3,,,,,1.0868000E-6,18.0000000,
,,,1.0872000E-6,-39.99999911E-3,,,,,1.0872000E-6,-39.99999911E-3,,,,,1.0872000E-6,18.0000000,
,,,1.0876000E-6,-39.99999911E-3,,,,,1.0876000E-6,-39.99999911E-3,,,,,1.0876000E-6,18.0000000,
,,,1.0880000E-6,0.0,,,,,1.0880000E-6,-39.99999911E-3,,,,,1.0880000E-6,18.0000000,
,,,1.0884000E-6,-39.99999911E-3,,,,,1.0884000E-6,-39.99999911E-3,,,,,1.0884000E-6,18.3999996,
,,,1.0888000E-6,-39.99999911E-3,,,,,1.0888000E-6,-39.99999911E-3,,,,,1.0888000E-6,18.0000000,
,,,1.0892001E-6,-39.99999911E-3,,,,,1.0892001E-6,-39.99999911E-3,,,,,1.0892001E-6,18.0000000,
,,,1.0896000E-6,-79.999998212E-3,,,,,1.0896000E-6,-39.99999911E-3,,,,,1.0896000E-6,18.0000000,
,,,1.0900001E-6,-39.99999911E-3,,,,,1.0900001E-6,-39.99999911E-3,,,,,1.0900001E-6,18.0000000,
,,,1.0904000E-6,-39.99999911E-3,,,,,1.0904000E-6,-39.99999911E-3,,,,,1.0904000E-6,18.0000000,
,,,1.0908000E-6,-39.99999911E-3,,,,,1.0908000E-6,-39.99999911E-3,,,,,1.0908000E-6,18.0000000,
,,,1.0912000E-6,-39.99999911E-3,,,,,1.0912000E-6,-39.99999911E-3,,,,,1.0912000E-6,18.0000000,
,,,1.0916000E-6,-39.99999911E-3,,,,,1.0916000E-6,-39.99999911E-3,,,,,1.0916000E-6,18.0000000,
,,,1.0920000E-6,-39.99999911E-3,,,,,1.0920000E-6,-39.99999911E-3,,,,,1.0920000E-6,18.0000000,
,,,1.0924000E-6,-79.999998212E-3,,,,,1.0924000E-6,-39.99999911E-3,,,,,1.0924000E-6,18.0000000,
,,,1.0928001E-6,-39.99999911E-3,,,,,1.0928001E-6,-39.99999911E-3,,,,,1.0928001E-6,18.0000000,
,,,1.0932000E-6,-39.99999911E-3,,,,,1.0932000E-6,-39.99999911E-3,,,,,1.0932000E-6,18.0000000,
,,,1.0936000E-6,-39.99999911E-3,,,,,1.0936000E-6,-39.99999911E-3,,,,,1.0936000E-6,18.0000000,
,,,1.0940000E-6,0.0,,,,,1.0940000E-6,-39.99999911E-3,,,,,1.0940000E-6,18.0000000,
,,,1.0944000E-6,0.0,,,,,1.0944000E-6,-39.99999911E-3,,,,,1.0944000E-6,18.0000000,
,,,1.0948000E-6,0.0,,,,,1.0948000E-6,-39.99999911E-3,,,,,1.0948000E-6,18.0000000,
,,,1.0952000E-6,-39.99999911E-3,,,,,1.0952000E-6,-39.99999911E-3,,,,,1.0952000E-6,18.0000000,
,,,1.0956001E-6,-39.99999911E-3,,,,,1.0956001E-6,-39.99999911E-3,,,,,1.0956001E-6,18.0000000,
,,,1.0960000E-6,-39.99999911E-3,,,,,1.0960000E-6,-39.99999911E-3,,,,,1.0960000E-6,18.0000000,
,,,1.0964001E-6,-79.999998212E-3,,,,,1.0964001E-6,-39.99999911E-3,,,,,1.0964001E-6,18.0000000,
,,,1.0968000E-6,-39.99999911E-3,,,,,1.0968000E-6,-39.99999911E-3,,,,,1.0968000E-6,18.0000000,
,,,1.0972000E-6,-39.99999911E-3,,,,,1.0972000E-6,0.0,,,,,1.0972000E-6,18.0000000,
,,,1.0976000E-6,-39.99999911E-3,,,,,1.0976000E-6,0.0,,,,,1.0976000E-6,18.0000000,
,,,1.0980000E-6,0.0,,,,,1.0980000E-6,0.0,,,,,1.0980000E-6,18.0000000,
,,,1.0984000E-6,0.0,,,,,1.0984000E-6,-39.99999911E-3,,,,,1.0984000E-6,18.0000000,
,,,1.0988000E-6,0.0,,,,,1.0988000E-6,-39.99999911E-3,,,,,1.0988000E-6,18.0000000,
,,,1.0992001E-6,0.0,,,,,1.0992001E-6,-79.999998212E-3,,,,,1.0992001E-6,18.0000000,
,,,1.0996000E-6,0.0,,,,,1.0996000E-6,-79.999998212E-3,,,,,1.0996000E-6,18.0000000,
,,,1.1000000E-6,0.0,,,,,1.1000000E-6,-79.999998212E-3,,,,,1.1000000E-6,18.0000000,
,,,1.1004000E-6,0.0,,,,,1.1004000E-6,-79.999998212E-3,,,,,1.1004000E-6,18.0000000,
,,,1.1008000E-6,0.0,,,,,1.1008000E-6,-79.999998212E-3,,,,,1.1008000E-6,17.6000004,
,,,1.1012000E-6,-39.99999911E-3,,,,,1.1012000E-6,-39.99999911E-3,,,,,1.1012000E-6,17.6000004,
,,,1.1016000E-6,-39.99999911E-3,,,,,1.1016000E-6,-39.99999911E-3,,,,,1.1016000E-6,18.0000000,
,,,1.1020001E-6,-39.99999911E-3,,,,,1.1020001E-6,-39.99999911E-3,,,,,1.1020001E-6,18.0000000,
,,,1.1024000E-6,-79.999998212E-3,,,,,1.1024000E-6,-39.99999911E-3,,,,,1.1024000E-6,18.0000000,
,,,1.1028001E-6,-39.99999911E-3,,,,,1.1028001E-6,-39.99999911E-3,,,,,1.1028001E-6,18.3999996,
,,,1.1032000E-6,-39.99999911E-3,,,,,1.1032000E-6,0.0,,,,,1.1032000E-6,18.3999996,
,,,1.1036000E-6,-39.99999911E-3,,,,,1.1036000E-6,0.0,,,,,1.1036000E-6,18.3999996,
,,,1.1040000E-6,0.0,,,,,1.1040000E-6,0.0,,,,,1.1040000E-6,18.3999996,
,,,1.1044000E-6,-39.99999911E-3,,,,,1.1044000E-6,-39.99999911E-3,,,,,1.1044000E-6,18.0000000,
,,,1.1048000E-6,-39.99999911E-3,,,,,1.1048000E-6,-79.999998212E-3,,,,,1.1048000E-6,18.0000000,
,,,1.1052000E-6,-39.99999911E-3,,,,,1.1052000E-6,-79.999998212E-3,,,,,1.1052000E-6,18.0000000,
,,,1.1056001E-6,-39.99999911E-3,,,,,1.1056001E-6,-79.999998212E-3,,,,,1.1056001E-6,18.0000000,
,,,1.1060000E-6,0.0,,,,,1.1060000E-6,-39.99999911E-3,,,,,1.1060000E-6,18.3999996,
,,,1.1064000E-6,-39.99999911E-3,,,,,1.1064000E-6,-39.99999911E-3,,,,,1.1064000E-6,18.0000000,
,,,1.1068000E-6,-39.99999911E-3,,,,,1.1068000E-6,0.0,,,,,1.1068000E-6,18.0000000,
,,,1.1072000E-6,-39.99999911E-3,,,,,1.1072000E-6,-39.99999911E-3,,,,,1.1072000E-6,18.0000000,
,,,1.1076000E-6,-79.999998212E-3,,,,,1.1076000E-6,-79.999998212E-3,,,,,1.1076000E-6,18.0000000,
,,,1.1080000E-6,-39.99999911E-3,,,,,1.1080000E-6,-79.999998212E-3,,,,,1.1080000E-6,18.0000000,
,,,1.1084001E-6,-39.99999911E-3,,,,,1.1084001E-6,-79.999998212E-3,,,,,1.1084001E-6,18.0000000,
,,,1.1088000E-6,-39.99999911E-3,,,,,1.1088000E-6,-79.999998212E-3,,,,,1.1088000E-6,18.3999996,
,,,1.1092001E-6,-39.99999911E-3,,,,,1.1092001E-6,-39.99999911E-3,,,,,1.1092001E-6,18.0000000,
,,,1.1096000E-6,-39.99999911E-3,,,,,1.1096000E-6,-39.99999911E-3,,,,,1.1096000E-6,18.0000000,
,,,1.1100000E-6,-39.99999911E-3,,,,,1.1100000E-6,-39.99999911E-3,,,,,1.1100000E-6,18.0000000,
,,,1.1104000E-6,-79.999998212E-3,,,,,1.1104000E-6,-39.99999911E-3,,,,,1.1104000E-6,17.6000004,
,,,1.1108000E-6,-39.99999911E-3,,,,,1.1108000E-6,-39.99999911E-3,,,,,1.1108000E-6,18.0000000,
,,,1.1112000E-6,-39.99999911E-3,,,,,1.1112000E-6,-39.99999911E-3,,,,,1.1112000E-6,18.0000000,
,,,1.1116000E-6,-39.99999911E-3,,,,,1.1116000E-6,-39.99999911E-3,,,,,1.1116000E-6,18.0000000,
,,,1.1120001E-6,0.0,,,,,1.1120001E-6,-39.99999911E-3,,,,,1.1120001E-6,18.0000000,
,,,1.1124000E-6,-39.99999911E-3,,,,,1.1124000E-6,-39.99999911E-3,,,,,1.1124000E-6,17.6000004,
,,,1.1128000E-6,-39.99999911E-3,,,,,1.1128000E-6,-39.99999911E-3,,,,,1.1128000E-6,17.6000004,
,,,1.1132000E-6,-79.999998212E-3,,,,,1.1132000E-6,0.0,,,,,1.1132000E-6,17.6000004,
,,,1.1136000E-6,-79.999998212E-3,,,,,1.1136000E-6,0.0,,,,,1.1136000E-6,17.6000004,
,,,1.1140000E-6,-39.99999911E-3,,,,,1.1140000E-6,0.0,,,,,1.1140000E-6,17.6000004,
,,,1.1144000E-6,-39.99999911E-3,,,,,1.1144000E-6,-39.99999911E-3,,,,,1.1144000E-6,17.6000004,
,,,1.1148001E-6,0.0,,,,,1.1148001E-6,-39.99999911E-3,,,,,1.1148001E-6,17.6000004,
,,,1.1152000E-6,39.99999911E-3,,,,,1.1152000E-6,-39.99999911E-3,,,,,1.1152000E-6,18.0000000,
,,,1.1156001E-6,39.99999911E-3,,,,,1.1156001E-6,-39.99999911E-3,,,,,1.1156001E-6,18.0000000,
